# Blender 5.1.2
# www.blender.org
mtllib gear_blue.mtl
o gear_pair_blue
v -0.025095 0.029065 0.000000
v -0.026283 0.027996 0.000000
v -0.025095 0.029065 0.010000
v -0.024696 0.028908 0.010000
v -0.024696 0.028908 0.000000
v -0.024302 0.028734 0.010000
v -0.024302 0.028734 0.000000
v -0.019888 0.032849 0.000000
v -0.018146 0.033411 0.000000
v -0.019862 0.032420 0.000000
v -0.019818 0.031992 0.000000
v -0.019888 0.032849 0.010000
v -0.019862 0.032420 0.010000
v -0.019771 0.031565 0.000000
v -0.019818 0.031992 0.010000
v -0.019715 0.031139 0.000000
v -0.019771 0.031565 0.010000
v -0.019636 0.030717 0.000000
v -0.019715 0.031139 0.010000
v -0.019552 0.030296 0.000000
v -0.019636 0.030717 0.010000
v -0.019452 0.029878 0.000000
v -0.019552 0.030296 0.010000
v -0.019333 0.029465 0.000000
v -0.019452 0.029878 0.010000
v -0.019201 0.029057 0.000000
v -0.019333 0.029465 0.010000
v -0.018504 0.033648 0.010000
v -0.019201 0.029057 0.010000
v -0.031331 0.021539 0.000000
v -0.030590 0.023213 0.000000
v -0.030166 0.023142 0.000000
v -0.031529 0.021919 0.000000
v -0.029746 0.023054 0.000000
v -0.031117 0.021166 0.000000
v -0.030901 0.020795 0.000000
v -0.029326 0.022962 0.000000
v -0.028908 0.022862 0.000000
v -0.028496 0.022739 0.000000
v -0.030676 0.020428 0.000000
v -0.030184 0.019724 0.000000
v -0.028086 0.022612 0.000000
v -0.030432 0.020075 0.000000
v -0.029923 0.019383 0.000000
v -0.027283 0.022307 0.000000
v -0.029646 0.019054 0.000000
v -0.031529 0.021919 0.010000
v -0.030590 0.023213 0.010000
v -0.030166 0.023142 0.010000
v -0.029746 0.023054 0.010000
v -0.029326 0.022962 0.010000
v -0.028908 0.022862 0.010000
v -0.031331 0.021539 0.010000
v -0.031117 0.021166 0.010000
v -0.030901 0.020795 0.010000
v -0.030676 0.020428 0.010000
v -0.030432 0.020075 0.010000
v -0.030184 0.019724 0.010000
v -0.029923 0.019383 0.010000
v -0.029646 0.019054 0.010000
v -0.026168 0.027582 0.000000
v -0.026037 0.027173 0.000000
v -0.023911 0.028558 0.000000
v -0.025759 0.026360 0.000000
v -0.023523 0.028373 0.000000
v -0.023146 0.028167 0.000000
v -0.025902 0.026765 0.000000
v -0.025593 0.025963 0.000000
v -0.025424 0.025569 0.000000
v -0.022771 0.027957 0.000000
v -0.025239 0.025181 0.000000
v -0.022049 0.027492 0.000000
v -0.025037 0.024802 0.000000
v -0.026283 0.027996 0.010000
v -0.023911 0.028558 0.010000
v -0.026168 0.027582 0.010000
v -0.026037 0.027173 0.010000
v -0.025902 0.026765 0.010000
v -0.025759 0.026360 0.010000
v -0.025593 0.025963 0.010000
v -0.025424 0.025569 0.010000
v -0.025239 0.025181 0.010000
v -0.024823 0.024429 0.000000
v -0.025037 0.024802 0.010000
v -0.024588 0.024069 0.000000
v -0.024823 0.024429 0.010000
v -0.024327 0.023728 0.000000
v -0.024588 0.024069 0.010000
v -0.022405 0.027733 0.000000
v -0.021701 0.027240 0.000000
v -0.021367 0.026970 0.000000
v -0.021055 0.026674 0.000000
v -0.020771 0.026353 0.000000
v -0.020373 0.026334 0.000000
v -0.024060 0.023014 0.000000
v -0.024038 0.023411 0.000000
v -0.023523 0.028373 0.010000
v -0.023146 0.028167 0.010000
v -0.022771 0.027957 0.010000
v -0.022405 0.027733 0.010000
v -0.022049 0.027492 0.010000
v -0.021701 0.027240 0.010000
v -0.021367 0.026970 0.010000
v -0.021055 0.026674 0.010000
v -0.020771 0.026353 0.010000
v -0.020373 0.026334 0.010000
v -0.018750 0.027514 0.010000
v -0.018750 0.027514 0.000000
v -0.027681 0.022469 0.000000
v -0.026890 0.022133 0.000000
v -0.029360 0.018735 0.000000
v -0.026508 0.021938 0.000000
v -0.026141 0.021714 0.000000
v -0.028729 0.018152 0.000000
v -0.025796 0.021459 0.000000
v -0.029055 0.018431 0.000000
v -0.028380 0.017902 0.000000
v -0.025403 0.021523 0.000000
v -0.028320 0.017509 0.000000
v -0.028496 0.022739 0.010000
v -0.028086 0.022612 0.010000
v -0.027681 0.022469 0.010000
v -0.027283 0.022307 0.010000
v -0.026890 0.022133 0.010000
v -0.026508 0.021938 0.010000
v -0.024327 0.023728 0.010000
v -0.024038 0.023411 0.010000
v -0.026141 0.021714 0.010000
v -0.025796 0.021459 0.010000
v -0.024060 0.023014 0.010000
v -0.025403 0.021523 0.010000
v -0.018146 0.033411 0.010000
v -0.029360 0.018735 0.010000
v -0.028729 0.018152 0.010000
v -0.029055 0.018431 0.010000
v -0.028380 0.017902 0.010000
v -0.028320 0.017509 0.010000
v -0.018504 0.033648 0.000000
v -0.012624 0.036266 0.000000
v -0.011104 0.036760 0.000000
v -0.012687 0.035841 0.000000
v -0.010803 0.036453 0.000000
v -0.010514 0.036135 0.000000
v -0.012776 0.034986 0.000000
v -0.012734 0.035414 0.000000
v -0.010228 0.035814 0.000000
v -0.009949 0.035488 0.000000
v -0.012810 0.034558 0.000000
v -0.012821 0.034128 0.000000
v -0.009688 0.035146 0.000000
v -0.012826 0.033699 0.000000
v -0.009188 0.034448 0.000000
v -0.012815 0.033270 0.000000
v -0.009431 0.034802 0.000000
v -0.008960 0.034084 0.000000
v -0.012624 0.036266 0.010000
v -0.011104 0.036760 0.010000
v -0.010803 0.036453 0.010000
v -0.010514 0.036135 0.010000
v -0.010228 0.035814 0.010000
v -0.012687 0.035841 0.010000
v -0.012734 0.035414 0.010000
v -0.012776 0.034986 0.010000
v -0.012810 0.034558 0.010000
v -0.012821 0.034128 0.010000
v -0.012826 0.033699 0.010000
v -0.009949 0.035488 0.010000
v -0.009688 0.035146 0.010000
v -0.017797 0.033159 0.000000
v -0.017451 0.032905 0.000000
v -0.017110 0.032644 0.000000
v -0.016784 0.032364 0.000000
v -0.016461 0.032080 0.000000
v -0.016149 0.031785 0.000000
v -0.015851 0.031476 0.000000
v -0.015563 0.031157 0.000000
v -0.015293 0.030823 0.000000
v -0.019047 0.028656 0.000000
v -0.018862 0.028268 0.000000
v -0.014838 0.030096 0.000000
v -0.018645 0.027898 0.000000
v -0.015049 0.030469 0.000000
v -0.014453 0.029995 0.000000
v -0.017797 0.033159 0.010000
v -0.017451 0.032905 0.010000
v -0.017110 0.032644 0.010000
v -0.016784 0.032364 0.010000
v -0.016461 0.032080 0.010000
v -0.016149 0.031785 0.010000
v -0.015851 0.031476 0.010000
v -0.015563 0.031157 0.010000
v -0.015293 0.030823 0.010000
v -0.015049 0.030469 0.010000
v -0.014838 0.030096 0.010000
v -0.014453 0.029995 0.010000
v -0.012785 0.032841 0.000000
v -0.012740 0.032414 0.000000
v -0.008745 0.033712 0.000000
v -0.012673 0.031989 0.000000
v -0.008551 0.033329 0.000000
v -0.008386 0.032932 0.000000
v -0.012573 0.031572 0.000000
v -0.012437 0.031164 0.000000
v -0.008256 0.032523 0.000000
v -0.012620 0.030811 0.000000
v -0.012815 0.033270 0.010000
v -0.012785 0.032841 0.010000
v -0.012740 0.032414 0.010000
v -0.012673 0.031989 0.010000
v -0.012573 0.031572 0.010000
v -0.012620 0.030811 0.010000
v -0.012437 0.031164 0.010000
v -0.009431 0.034802 0.010000
v -0.019047 0.028656 0.010000
v -0.004808 0.038098 0.000000
v -0.004958 0.037695 0.000000
v -0.004808 0.038098 0.010000
v -0.005092 0.037287 0.000000
v -0.004958 0.037695 0.010000
v -0.005223 0.036878 0.000000
v -0.005092 0.037287 0.010000
v -0.005345 0.036466 0.000000
v -0.005223 0.036878 0.010000
v -0.005445 0.036048 0.000000
v -0.005539 0.035629 0.000000
v -0.005445 0.036048 0.010000
v -0.005345 0.036466 0.010000
v -0.009188 0.034448 0.010000
v -0.008960 0.034084 0.010000
v -0.008745 0.033712 0.010000
v -0.005618 0.035207 0.000000
v -0.005539 0.035629 0.010000
v -0.005677 0.034781 0.000000
v -0.005618 0.035207 0.010000
v -0.005723 0.034354 0.000000
v -0.005677 0.034781 0.010000
v -0.005745 0.033925 0.000000
v -0.005723 0.034354 0.010000
v -0.005734 0.033496 0.000000
v -0.005745 0.033925 0.010000
v -0.002988 0.037903 0.000000
v -0.003218 0.038265 0.000000
v -0.002558 0.037158 0.000000
v -0.002771 0.037531 0.000000
v -0.002169 0.036392 0.000000
v -0.002353 0.036781 0.000000
v -0.001989 0.036002 0.000000
v -0.001825 0.035606 0.000000
v -0.001678 0.035202 0.000000
v -0.001545 0.034793 0.000000
v -0.001434 0.034378 0.000000
v -0.001356 0.033956 0.000000
v -0.001314 0.033529 0.000000
v -0.003218 0.038265 0.010000
v -0.002988 0.037903 0.010000
v -0.002771 0.037531 0.010000
v -0.002558 0.037158 0.010000
v -0.002353 0.036781 0.010000
v -0.002169 0.036392 0.010000
v -0.001989 0.036002 0.010000
v -0.001825 0.035606 0.010000
v -0.001678 0.035202 0.010000
v -0.001545 0.034793 0.010000
v -0.001434 0.034378 0.010000
v -0.001356 0.033956 0.010000
v -0.001314 0.033529 0.010000
v -0.007901 0.032344 0.000000
v -0.008551 0.033329 0.010000
v -0.008386 0.032932 0.010000
v -0.008256 0.032523 0.010000
v -0.007901 0.032344 0.010000
v -0.005938 0.032761 0.010000
v -0.005938 0.032761 0.000000
v -0.005686 0.033069 0.000000
v -0.005734 0.033496 0.010000
v -0.005686 0.033069 0.010000
v -0.001003 0.033280 0.000000
v -0.001003 0.033280 0.010000
v 0.001003 0.033280 0.010000
v -0.018862 0.028268 0.010000
v -0.018645 0.027898 0.010000
v 0.028320 0.017509 0.000000
v 0.028320 0.017509 0.010000
v -0.034747 0.016345 0.000000
v -0.034318 0.016364 0.000000
v -0.035124 0.014554 0.000000
v -0.033889 0.016366 0.000000
v -0.034838 0.014233 0.000000
v -0.033459 0.016363 0.000000
v -0.034549 0.013916 0.000000
v -0.035398 0.014885 0.000000
v -0.033030 0.016353 0.000000
v -0.034253 0.013604 0.000000
v -0.033941 0.013309 0.000000
v -0.034747 0.016345 0.010000
v -0.034318 0.016364 0.010000
v -0.033889 0.016366 0.010000
v -0.033459 0.016363 0.010000
v -0.035398 0.014885 0.010000
v -0.035124 0.014554 0.010000
v -0.032601 0.016318 0.000000
v -0.032174 0.016278 0.000000
v -0.031748 0.016223 0.000000
v -0.033299 0.012738 0.000000
v -0.031325 0.016147 0.000000
v -0.030904 0.016059 0.000000
v -0.032613 0.012221 0.000000
v -0.030490 0.015947 0.000000
v -0.030085 0.015804 0.000000
v -0.031875 0.011782 0.000000
v -0.029694 0.015627 0.000000
v -0.033030 0.016353 0.010000
v -0.032601 0.016318 0.010000
v -0.032174 0.016278 0.010000
v -0.031748 0.016223 0.010000
v -0.031325 0.016147 0.010000
v -0.030904 0.016059 0.010000
v -0.030490 0.015947 0.010000
v -0.030085 0.015804 0.010000
v -0.029694 0.015627 0.010000
v -0.029323 0.015771 0.010000
v -0.029323 0.015771 0.000000
v -0.034838 0.014233 0.010000
v -0.034549 0.013916 0.010000
v -0.034253 0.013604 0.010000
v -0.033625 0.013017 0.000000
v -0.033941 0.013309 0.010000
v -0.032960 0.012474 0.000000
v -0.032252 0.011988 0.000000
v -0.031341 0.011238 0.000000
v -0.031482 0.011611 0.000000
v -0.033625 0.013017 0.010000
v -0.033299 0.012738 0.010000
v -0.032960 0.012474 0.010000
v -0.032613 0.012221 0.010000
v -0.032252 0.011988 0.010000
v -0.031875 0.011782 0.010000
v -0.031482 0.011611 0.010000
v -0.031961 0.009330 0.000000
v -0.031341 0.011238 0.010000
v -0.031961 0.009330 0.010000
v -0.037387 0.008764 0.000000
v -0.036971 0.008871 0.000000
v -0.037719 0.007200 0.000000
v -0.037383 0.006933 0.000000
v -0.036551 0.008962 0.000000
v -0.037036 0.006679 0.000000
v -0.036130 0.009049 0.000000
v -0.035708 0.009128 0.000000
v -0.036687 0.006429 0.000000
v -0.036333 0.006185 0.000000
v -0.035282 0.009183 0.000000
v -0.035966 0.005961 0.000000
v -0.034855 0.009233 0.000000
v -0.034427 0.009267 0.000000
v -0.035597 0.005742 0.000000
v -0.033997 0.009282 0.000000
v -0.034833 0.005349 0.000000
v -0.033568 0.009283 0.000000
v -0.035220 0.005536 0.000000
v -0.034441 0.005173 0.000000
v -0.034040 0.005020 0.000000
v -0.036130 0.009049 0.010000
v -0.036971 0.008871 0.010000
v -0.036551 0.008962 0.010000
v -0.037387 0.008764 0.010000
v -0.035708 0.009128 0.010000
v -0.035282 0.009183 0.010000
v -0.034855 0.009233 0.010000
v -0.034427 0.009267 0.010000
v -0.033997 0.009282 0.010000
v -0.033568 0.009283 0.010000
v -0.037719 0.007200 0.010000
v -0.037383 0.006933 0.010000
v -0.037036 0.006679 0.010000
v -0.036687 0.006429 0.010000
v -0.036333 0.006185 0.010000
v -0.035966 0.005961 0.010000
v -0.035597 0.005742 0.010000
v -0.035220 0.005536 0.010000
v -0.034833 0.005349 0.010000
v -0.034441 0.005173 0.010000
v -0.033628 0.004897 0.000000
v -0.034040 0.005020 0.010000
v -0.033139 0.009259 0.000000
v -0.032713 0.009204 0.000000
v -0.032294 0.009111 0.000000
v -0.033208 0.004811 0.000000
v -0.032993 0.004477 0.000000
v -0.033139 0.009259 0.010000
v -0.032713 0.009204 0.010000
v -0.032294 0.009111 0.010000
v -0.033628 0.004897 0.010000
v -0.038007 0.000991 0.000000
v -0.038392 -0.000799 0.000000
v -0.038392 0.000799 0.000000
v -0.037615 0.001167 0.000000
v -0.038007 -0.000991 0.000000
v -0.037222 0.001340 0.000000
v -0.037615 -0.001167 0.000000
v -0.036825 0.001504 0.000000
v -0.037222 -0.001340 0.000000
v -0.036420 0.001647 0.000000
v -0.036825 -0.001504 0.000000
v -0.036013 0.001785 0.000000
v -0.036420 -0.001647 0.000000
v -0.035601 0.001907 0.000000
v -0.036013 -0.001785 0.000000
v -0.035184 0.002011 0.000000
v -0.035601 -0.001907 0.000000
v -0.034764 0.002100 0.000000
v -0.035184 -0.002011 0.000000
v -0.034340 0.002167 0.000000
v -0.034764 -0.002100 0.000000
v -0.033912 0.002201 0.000000
v -0.034340 -0.002167 0.000000
v -0.033482 0.002198 0.000000
v -0.033912 -0.002201 0.000000
v -0.037222 0.001340 0.010000
v -0.036825 0.001504 0.010000
v -0.036420 0.001647 0.010000
v -0.036013 0.001785 0.010000
v -0.038007 0.000991 0.010000
v -0.037615 0.001167 0.010000
v -0.038392 0.000799 0.010000
v -0.035601 0.001907 0.010000
v -0.035184 0.002011 0.010000
v -0.034764 0.002100 0.010000
v -0.034340 0.002167 0.010000
v -0.033912 0.002201 0.010000
v -0.033482 0.002198 0.010000
v -0.033203 0.002481 0.000000
v -0.033482 -0.002198 0.000000
v -0.033208 0.004811 0.010000
v -0.032993 0.004477 0.010000
v -0.033203 0.002481 0.010000
v -0.005053 0.014123 0.010000
v -0.007712 0.012866 0.010000
v -0.038392 -0.000799 0.010000
v -0.038007 -0.000991 0.010000
v -0.037615 -0.001167 0.010000
v -0.037222 -0.001340 0.010000
v -0.036825 -0.001504 0.010000
v -0.036420 -0.001647 0.010000
v -0.036013 -0.001785 0.010000
v -0.035601 -0.001907 0.010000
v -0.035184 -0.002011 0.010000
v -0.034764 -0.002100 0.010000
v -0.034340 -0.002167 0.010000
v -0.033912 -0.002201 0.010000
v -0.033482 -0.002198 0.010000
v -0.012048 0.008935 0.010000
v -0.012866 0.007712 0.010000
v -0.012472 0.008334 0.010000
v -0.013229 0.007071 0.010000
v -0.013560 0.006413 0.010000
v -0.013858 0.005740 0.010000
v -0.033203 -0.002481 0.010000
v -0.014550 0.003645 0.010000
v -0.014354 0.004354 0.010000
v -0.014123 0.005053 0.010000
v -0.014712 0.002926 0.010000
v -0.014838 0.002201 0.010000
v -0.014928 0.001470 0.010000
v -0.033203 -0.002481 0.000000
v -0.005035 0.004970 0.000000
v -0.005273 0.004717 0.000000
v -0.005498 0.004452 0.000000
v -0.005710 0.004177 0.000000
v -0.005908 0.003892 0.000000
v -0.006092 0.003597 0.000000
v -0.006261 0.003294 0.000000
v -0.006415 0.002983 0.000000
v -0.006784 0.002009 0.000000
v -0.006874 0.001674 0.000000
v -0.006948 0.001335 0.000000
v -0.006554 0.002665 0.000000
v -0.006677 0.002340 0.000000
v -0.003969 0.005857 0.000000
v -0.004252 0.005655 0.000000
v -0.003067 0.006376 0.000000
v -0.003376 0.006218 0.000000
v -0.003677 0.006044 0.000000
v -0.004524 0.005440 0.000000
v -0.004785 0.005211 0.000000
v -0.002750 0.006519 0.000000
v -0.002427 0.006646 0.000000
v -0.004354 0.014354 0.010000
v -0.003645 0.014550 0.010000
v -0.002926 0.014712 0.010000
v -0.002201 0.014838 0.010000
v -0.001470 0.014928 0.010000
v -0.000736 0.014982 0.010000
v 0.000000 0.015000 0.010000
v -0.006413 0.013560 0.010000
v -0.005740 0.013858 0.010000
v -0.007071 0.013229 0.010000
v -0.009516 0.011595 0.010000
v -0.008935 0.012048 0.010000
v -0.011595 0.009516 0.010000
v -0.011114 0.010073 0.010000
v -0.010607 0.010607 0.010000
v -0.010073 0.011114 0.010000
v -0.008334 0.012472 0.010000
v 0.000736 0.014982 0.010000
v -0.004785 0.005211 0.030000
v -0.005035 0.004970 0.030000
v -0.003677 0.006044 0.030000
v -0.002427 0.006646 0.030000
v -0.003067 0.006376 0.030000
v -0.003376 0.006218 0.030000
v -0.002750 0.006519 0.030000
v -0.004252 0.005655 0.030000
v -0.003969 0.005857 0.030000
v -0.004524 0.005440 0.030000
v -0.002098 0.006757 0.030000
v -0.002098 0.006757 0.000000
v -0.001764 0.006852 0.030000
v -0.001764 0.006852 0.000000
v -0.001426 0.006930 0.030000
v -0.001426 0.006930 0.000000
v -0.001084 0.006991 0.030000
v -0.001084 0.006991 0.000000
v -0.000740 0.007036 0.030000
v -0.000740 0.007036 0.000000
v -0.000393 0.007064 0.000000
v -0.000393 0.007064 0.030000
v -0.000046 0.007075 0.030000
v -0.000046 0.007075 0.000000
v -0.005498 0.004452 0.030000
v -0.005273 0.004717 0.030000
v -0.005710 0.004177 0.030000
v -0.005908 0.003892 0.030000
v -0.006092 0.003597 0.030000
v -0.006261 0.003294 0.030000
v -0.006415 0.002983 0.030000
v -0.006554 0.002665 0.030000
v -0.006677 0.002340 0.030000
v -0.006784 0.002009 0.030000
v -0.006874 0.001674 0.030000
v -0.006948 0.001335 0.030000
v -0.007005 0.000992 0.000000
v -0.007005 0.000992 0.030000
v -0.007045 0.000647 0.000000
v -0.007045 0.000647 0.030000
v -0.007069 0.000301 0.000000
v -0.007075 -0.000046 0.000000
v -0.007069 0.000301 0.030000
v -0.010607 0.010607 0.030000
v -0.010073 0.011114 0.030000
v -0.011114 0.010073 0.030000
v -0.011595 0.009516 0.030000
v -0.004354 0.014354 0.030000
v -0.003645 0.014550 0.030000
v -0.002926 0.014712 0.030000
v -0.002201 0.014838 0.030000
v -0.001470 0.014928 0.030000
v -0.000736 0.014982 0.030000
v -0.008935 0.012048 0.030000
v -0.008334 0.012472 0.030000
v -0.007712 0.012866 0.030000
v -0.007071 0.013229 0.030000
v -0.006413 0.013560 0.030000
v -0.005740 0.013858 0.030000
v -0.005053 0.014123 0.030000
v -0.009516 0.011595 0.030000
v -0.012472 0.008334 0.030000
v -0.012866 0.007712 0.030000
v -0.013229 0.007071 0.030000
v -0.012048 0.008935 0.030000
v -0.013560 0.006413 0.030000
v -0.013858 0.005740 0.030000
v -0.014123 0.005053 0.030000
v -0.014550 0.003645 0.030000
v -0.014712 0.002926 0.030000
v -0.014838 0.002201 0.030000
v -0.014928 0.001470 0.030000
v -0.014982 0.000736 0.010000
v -0.014982 0.000736 0.030000
v -0.015000 0.000000 0.010000
v -0.015000 0.000000 0.030000
v -0.014354 0.004354 0.030000
v -0.007075 -0.000046 0.030000
v 0.000000 0.015000 0.030000
v 0.002926 0.014712 0.030000
v 0.003645 0.014550 0.030000
v 0.000736 0.014982 0.030000
v 0.002201 0.014838 0.030000
v 0.001470 0.014928 0.030000
v 0.007071 0.013229 0.030000
v 0.007712 0.012866 0.030000
v 0.008334 0.012472 0.030000
v 0.005740 0.013858 0.030000
v 0.005053 0.014123 0.030000
v 0.004354 0.014354 0.030000
v 0.006413 0.013560 0.030000
v 0.008935 0.012048 0.030000
v 0.009516 0.011595 0.030000
v 0.010073 0.011114 0.030000
v 0.010607 0.010607 0.030000
v 0.011114 0.010073 0.030000
v 0.011595 0.009516 0.030000
v 0.012048 0.008935 0.030000
v 0.012472 0.008334 0.030000
v 0.012866 0.007712 0.030000
v 0.002771 0.037531 0.000000
v 0.005092 0.037287 0.000000
v 0.002558 0.037158 0.000000
v 0.002988 0.037903 0.000000
v 0.003218 0.038265 0.000000
v 0.004808 0.038098 0.000000
v 0.004958 0.037695 0.000000
v 0.005223 0.036878 0.000000
v 0.002353 0.036781 0.000000
v 0.005345 0.036466 0.000000
v 0.002169 0.036392 0.000000
v 0.005539 0.035629 0.000000
v 0.001989 0.036002 0.000000
v 0.005445 0.036048 0.000000
v 0.001825 0.035606 0.000000
v 0.001678 0.035202 0.000000
v 0.005677 0.034781 0.000000
v 0.001545 0.034793 0.000000
v 0.005618 0.035207 0.000000
v 0.005723 0.034354 0.000000
v 0.001434 0.034378 0.000000
v 0.005734 0.033496 0.000000
v 0.001356 0.033956 0.000000
v 0.001314 0.033529 0.000000
v 0.005745 0.033925 0.000000
v 0.002353 0.036781 0.010000
v 0.002169 0.036392 0.010000
v 0.002988 0.037903 0.010000
v 0.003218 0.038265 0.010000
v 0.002771 0.037531 0.010000
v 0.004808 0.038098 0.010000
v 0.002558 0.037158 0.010000
v 0.001825 0.035606 0.010000
v 0.001989 0.036002 0.010000
v 0.001678 0.035202 0.010000
v 0.001545 0.034793 0.010000
v 0.001434 0.034378 0.010000
v 0.001356 0.033956 0.010000
v 0.004958 0.037695 0.010000
v 0.005092 0.037287 0.010000
v 0.005223 0.036878 0.010000
v 0.005345 0.036466 0.010000
v 0.005445 0.036048 0.010000
v 0.005539 0.035629 0.010000
v 0.005618 0.035207 0.010000
v 0.005677 0.034781 0.010000
v 0.005723 0.034354 0.010000
v 0.005745 0.033925 0.010000
v 0.005734 0.033496 0.010000
v 0.009431 0.034802 0.000000
v 0.009188 0.034448 0.000000
v 0.009431 0.034802 0.010000
v 0.008960 0.034084 0.000000
v 0.009188 0.034448 0.010000
v 0.008745 0.033712 0.000000
v 0.008960 0.034084 0.010000
v 0.008551 0.033329 0.000000
v 0.008745 0.033712 0.010000
v 0.005686 0.033069 0.000000
v 0.001003 0.033280 0.000000
v 0.005938 0.032761 0.000000
v 0.020373 0.026334 0.000000
v 0.024060 0.023014 0.000000
v 0.001314 0.033529 0.010000
v 0.014453 0.029995 0.000000
v 0.018750 0.027514 0.000000
v 0.007901 0.032344 0.000000
v 0.012620 0.030811 0.000000
v 0.008256 0.032523 0.000000
v 0.005686 0.033069 0.010000
v 0.005938 0.032761 0.010000
v 0.007901 0.032344 0.010000
v 0.008386 0.032932 0.000000
v 0.008386 0.032932 0.010000
v 0.008256 0.032523 0.010000
v 0.008551 0.033329 0.010000
v 0.009688 0.035146 0.010000
v 0.010514 0.036135 0.000000
v 0.010803 0.036453 0.000000
v 0.012687 0.035841 0.000000
v 0.011104 0.036760 0.000000
v 0.012624 0.036266 0.000000
v 0.012776 0.034986 0.000000
v 0.010228 0.035814 0.000000
v 0.009949 0.035488 0.000000
v 0.012734 0.035414 0.000000
v 0.012821 0.034128 0.000000
v 0.009688 0.035146 0.000000
v 0.012810 0.034558 0.000000
v 0.012826 0.033699 0.000000
v 0.012815 0.033270 0.000000
v 0.010803 0.036453 0.010000
v 0.010514 0.036135 0.010000
v 0.011104 0.036760 0.010000
v 0.012624 0.036266 0.010000
v 0.012687 0.035841 0.010000
v 0.010228 0.035814 0.010000
v 0.009949 0.035488 0.010000
v 0.012734 0.035414 0.010000
v 0.012776 0.034986 0.010000
v 0.012810 0.034558 0.010000
v 0.012821 0.034128 0.010000
v 0.012826 0.033699 0.010000
v 0.018504 0.033648 0.000000
v 0.018146 0.033411 0.000000
v 0.018504 0.033648 0.010000
v 0.012740 0.032414 0.000000
v 0.012673 0.031989 0.000000
v 0.012785 0.032841 0.000000
v 0.012437 0.031164 0.000000
v 0.012573 0.031572 0.000000
v 0.012815 0.033270 0.010000
v 0.012785 0.032841 0.010000
v 0.012740 0.032414 0.010000
v 0.012673 0.031989 0.010000
v 0.012573 0.031572 0.010000
v 0.012437 0.031164 0.010000
v 0.012620 0.030811 0.010000
v 0.014453 0.029995 0.010000
v 0.019888 0.032849 0.000000
v 0.017797 0.033159 0.000000
v 0.019818 0.031992 0.000000
v 0.017451 0.032905 0.000000
v 0.016784 0.032364 0.000000
v 0.017110 0.032644 0.000000
v 0.019715 0.031139 0.000000
v 0.019636 0.030717 0.000000
v 0.016461 0.032080 0.000000
v 0.016149 0.031785 0.000000
v 0.019552 0.030296 0.000000
v 0.019771 0.031565 0.000000
v 0.015563 0.031157 0.000000
v 0.019201 0.029057 0.000000
v 0.015293 0.030823 0.000000
v 0.014838 0.030096 0.000000
v 0.018645 0.027898 0.000000
v 0.018862 0.028268 0.000000
v 0.015049 0.030469 0.000000
v 0.019333 0.029465 0.000000
v 0.015851 0.031476 0.000000
v 0.019452 0.029878 0.000000
v 0.019047 0.028656 0.000000
v 0.016784 0.032364 0.010000
v 0.016461 0.032080 0.010000
v 0.016149 0.031785 0.010000
v 0.015851 0.031476 0.010000
v 0.017797 0.033159 0.010000
v 0.017451 0.032905 0.010000
v 0.017110 0.032644 0.010000
v 0.018146 0.033411 0.010000
v 0.015563 0.031157 0.010000
v 0.015293 0.030823 0.010000
v 0.015049 0.030469 0.010000
v 0.014838 0.030096 0.010000
v 0.019047 0.028656 0.010000
v 0.019888 0.032849 0.010000
v 0.019201 0.029057 0.010000
v 0.025403 0.021523 0.000000
v 0.018862 0.028268 0.010000
v 0.018645 0.027898 0.010000
v 0.018750 0.027514 0.010000
v 0.020373 0.026334 0.010000
v 0.024060 0.023014 0.010000
v 0.019818 0.031992 0.010000
v 0.019715 0.031139 0.010000
v 0.019636 0.030717 0.010000
v 0.019552 0.030296 0.010000
v 0.019771 0.031565 0.010000
v 0.019333 0.029465 0.010000
v 0.019452 0.029878 0.010000
v 0.025403 0.021523 0.010000
v 0.019862 0.032420 0.000000
v 0.019862 0.032420 0.010000
v 0.024302 0.028734 0.000000
v 0.024696 0.028908 0.010000
v 0.024696 0.028908 0.000000
v 0.025095 0.029065 0.000000
v 0.025095 0.029065 0.010000
v 0.024302 0.028734 0.010000
v 0.026283 0.027996 0.010000
v 0.022771 0.027957 0.000000
v 0.023146 0.028167 0.000000
v 0.025424 0.025569 0.000000
v 0.025239 0.025181 0.000000
v 0.022405 0.027733 0.000000
v 0.022049 0.027492 0.000000
v 0.021701 0.027240 0.000000
v 0.024823 0.024429 0.000000
v 0.021367 0.026970 0.000000
v 0.024327 0.023728 0.000000
v 0.021055 0.026674 0.000000
v 0.020771 0.026353 0.000000
v 0.025037 0.024802 0.000000
v 0.024588 0.024069 0.000000
v 0.024038 0.023411 0.000000
v 0.021701 0.027240 0.010000
v 0.020771 0.026353 0.010000
v 0.021055 0.026674 0.010000
v 0.021367 0.026970 0.010000
v 0.022771 0.027957 0.010000
v 0.022405 0.027733 0.010000
v 0.023911 0.028558 0.000000
v 0.023523 0.028373 0.000000
v 0.023911 0.028558 0.010000
v 0.023523 0.028373 0.010000
v 0.023146 0.028167 0.010000
v 0.022049 0.027492 0.010000
v 0.026168 0.027582 0.000000
v 0.026037 0.027173 0.000000
v 0.025759 0.026360 0.000000
v 0.026283 0.027996 0.000000
v 0.025902 0.026765 0.000000
v 0.025593 0.025963 0.000000
v 0.026168 0.027582 0.010000
v 0.026037 0.027173 0.010000
v 0.025902 0.026765 0.010000
v 0.025759 0.026360 0.010000
v 0.025593 0.025963 0.010000
v 0.025424 0.025569 0.010000
v 0.025239 0.025181 0.010000
v 0.025037 0.024802 0.010000
v 0.024823 0.024429 0.010000
v 0.024588 0.024069 0.010000
v 0.026890 0.022133 0.000000
v 0.029360 0.018735 0.000000
v 0.026508 0.021938 0.000000
v 0.026141 0.021714 0.000000
v 0.028729 0.018152 0.000000
v 0.025796 0.021459 0.000000
v 0.027283 0.022307 0.000000
v 0.027681 0.022469 0.000000
v 0.029923 0.019383 0.000000
v 0.028086 0.022612 0.000000
v 0.029646 0.019054 0.000000
v 0.029055 0.018431 0.000000
v 0.028380 0.017902 0.000000
v 0.024327 0.023728 0.010000
v 0.024038 0.023411 0.010000
v 0.026508 0.021938 0.010000
v 0.026141 0.021714 0.010000
v 0.028496 0.022739 0.000000
v 0.028908 0.022862 0.010000
v 0.028908 0.022862 0.000000
v 0.027283 0.022307 0.010000
v 0.027681 0.022469 0.010000
v 0.026890 0.022133 0.010000
v 0.028086 0.022612 0.010000
v 0.028496 0.022739 0.010000
v 0.025796 0.021459 0.010000
v 0.029326 0.022962 0.000000
v 0.030901 0.020795 0.000000
v 0.029746 0.023054 0.000000
v 0.030676 0.020428 0.000000
v 0.030184 0.019724 0.000000
v 0.030166 0.023142 0.000000
v 0.031331 0.021539 0.000000
v 0.030590 0.023213 0.000000
v 0.031529 0.021919 0.000000
v 0.031117 0.021166 0.000000
v 0.030432 0.020075 0.000000
v 0.029326 0.022962 0.010000
v 0.029746 0.023054 0.010000
v 0.030166 0.023142 0.010000
v 0.030590 0.023213 0.010000
v 0.031529 0.021919 0.010000
v 0.031331 0.021539 0.010000
v 0.031117 0.021166 0.010000
v 0.030901 0.020795 0.010000
v 0.030676 0.020428 0.010000
v 0.029646 0.019054 0.010000
v 0.030432 0.020075 0.010000
v 0.030184 0.019724 0.010000
v 0.029923 0.019383 0.010000
v 0.029360 0.018735 0.010000
v 0.028729 0.018152 0.010000
v 0.029055 0.018431 0.010000
v 0.028380 0.017902 0.010000
v 0.029323 0.015771 0.000000
v 0.000301 0.007069 0.000000
v 0.000647 0.007045 0.000000
v 0.000992 0.007005 0.000000
v 0.001335 0.006948 0.000000
v 0.001674 0.006874 0.000000
v 0.002009 0.006784 0.000000
v 0.002340 0.006677 0.000000
v 0.002665 0.006554 0.000000
v 0.002983 0.006415 0.000000
v 0.003294 0.006261 0.000000
v 0.003597 0.006092 0.000000
v 0.003892 0.005908 0.000000
v 0.004177 0.005710 0.000000
v 0.031341 0.011238 0.000000
v 0.004452 0.005498 0.000000
v 0.004717 0.005273 0.000000
v 0.004970 0.005035 0.000000
v 0.005211 0.004785 0.000000
v 0.005440 0.004524 0.000000
v 0.031961 0.009330 0.000000
v 0.005655 0.004252 0.000000
v 0.005857 0.003969 0.000000
v 0.006044 0.003677 0.000000
v 0.006218 0.003376 0.000000
v 0.006376 0.003067 0.000000
v 0.006519 0.002750 0.000000
v 0.006646 0.002427 0.000000
v 0.006757 0.002098 0.000000
v 0.006852 0.001764 0.000000
v 0.032993 0.004477 0.000000
v 0.006930 0.001426 0.000000
v 0.006991 0.001084 0.000000
v 0.007036 0.000740 0.000000
v 0.033203 0.002481 0.000000
v 0.007064 0.000393 0.000000
v 0.007075 0.000046 0.000000
v 0.007069 -0.000301 0.000000
v 0.007045 -0.000647 0.000000
v 0.007005 -0.000992 0.000000
v 0.006948 -0.001335 0.000000
v 0.001470 0.014928 0.010000
v 0.002201 0.014838 0.010000
v 0.002926 0.014712 0.010000
v 0.003645 0.014550 0.010000
v 0.004354 0.014354 0.010000
v 0.005053 0.014123 0.010000
v 0.005740 0.013858 0.010000
v 0.006413 0.013560 0.010000
v 0.007071 0.013229 0.010000
v 0.007712 0.012866 0.010000
v 0.008334 0.012472 0.010000
v 0.008935 0.012048 0.010000
v 0.009516 0.011595 0.010000
v 0.010073 0.011114 0.010000
v 0.010607 0.010607 0.010000
v 0.011114 0.010073 0.010000
v 0.011595 0.009516 0.010000
v 0.029323 0.015771 0.010000
v 0.012048 0.008935 0.010000
v 0.012472 0.008334 0.010000
v 0.012866 0.007712 0.010000
v 0.013229 0.007071 0.010000
v 0.000301 0.007069 0.030000
v 0.000647 0.007045 0.030000
v 0.000992 0.007005 0.030000
v 0.001335 0.006948 0.030000
v 0.001674 0.006874 0.030000
v 0.002009 0.006784 0.030000
v 0.002340 0.006677 0.030000
v 0.002665 0.006554 0.030000
v 0.002983 0.006415 0.030000
v 0.003294 0.006261 0.030000
v 0.003597 0.006092 0.030000
v 0.003892 0.005908 0.030000
v 0.004177 0.005710 0.030000
v 0.004452 0.005498 0.030000
v 0.004717 0.005273 0.030000
v 0.004970 0.005035 0.030000
v 0.005211 0.004785 0.030000
v 0.005440 0.004524 0.030000
v 0.005655 0.004252 0.030000
v 0.005857 0.003969 0.030000
v 0.006044 0.003677 0.030000
v 0.006218 0.003376 0.030000
v 0.006376 0.003067 0.030000
v 0.006519 0.002750 0.030000
v 0.006646 0.002427 0.030000
v 0.006757 0.002098 0.030000
v 0.006852 0.001764 0.030000
v 0.006930 0.001426 0.030000
v 0.006991 0.001084 0.030000
v 0.007036 0.000740 0.030000
v 0.007064 0.000393 0.030000
v 0.007075 0.000046 0.030000
v 0.029694 0.015627 0.000000
v 0.030085 0.015804 0.000000
v 0.031875 0.011782 0.000000
v 0.030490 0.015947 0.000000
v 0.031325 0.016147 0.000000
v 0.031748 0.016223 0.000000
v 0.033299 0.012738 0.000000
v 0.030904 0.016059 0.000000
v 0.032613 0.012221 0.000000
v 0.032174 0.016278 0.000000
v 0.032601 0.016318 0.000000
v 0.033941 0.013309 0.000000
v 0.033030 0.016353 0.000000
v 0.029694 0.015627 0.010000
v 0.030085 0.015804 0.010000
v 0.030490 0.015947 0.010000
v 0.030904 0.016059 0.010000
v 0.031325 0.016147 0.010000
v 0.031748 0.016223 0.010000
v 0.032174 0.016278 0.010000
v 0.032601 0.016318 0.010000
v 0.033030 0.016353 0.010000
v 0.033459 0.016363 0.010000
v 0.033459 0.016363 0.000000
v 0.033889 0.016366 0.000000
v 0.034549 0.013916 0.000000
v 0.034318 0.016364 0.000000
v 0.034838 0.014233 0.000000
v 0.034747 0.016345 0.000000
v 0.035124 0.014554 0.000000
v 0.034253 0.013604 0.000000
v 0.035398 0.014885 0.000000
v 0.033889 0.016366 0.010000
v 0.034318 0.016364 0.010000
v 0.034747 0.016345 0.010000
v 0.035398 0.014885 0.010000
v 0.035124 0.014554 0.010000
v 0.031482 0.011611 0.000000
v 0.032252 0.011988 0.000000
v 0.032960 0.012474 0.000000
v 0.033625 0.013017 0.000000
v 0.032252 0.011988 0.010000
v 0.032960 0.012474 0.010000
v 0.033299 0.012738 0.010000
v 0.032613 0.012221 0.010000
v 0.031482 0.011611 0.010000
v 0.031341 0.011238 0.010000
v 0.031875 0.011782 0.010000
v 0.031961 0.009330 0.010000
v 0.034549 0.013916 0.010000
v 0.033941 0.013309 0.010000
v 0.034253 0.013604 0.010000
v 0.034838 0.014233 0.010000
v 0.033625 0.013017 0.010000
v 0.032713 0.009204 0.000000
v 0.033139 0.009259 0.000000
v 0.034040 0.005020 0.000000
v 0.033568 0.009283 0.000000
v 0.032294 0.009111 0.000000
v 0.033208 0.004811 0.000000
v 0.033628 0.004897 0.000000
v 0.032294 0.009111 0.010000
v 0.032713 0.009204 0.010000
v 0.033568 0.009283 0.010000
v 0.033139 0.009259 0.010000
v 0.033208 0.004811 0.010000
v 0.033997 0.009282 0.000000
v 0.034833 0.005349 0.000000
v 0.034427 0.009267 0.000000
v 0.034855 0.009233 0.000000
v 0.035597 0.005742 0.000000
v 0.035282 0.009183 0.000000
v 0.035966 0.005961 0.000000
v 0.035708 0.009128 0.000000
v 0.036130 0.009049 0.000000
v 0.036687 0.006429 0.000000
v 0.036551 0.008962 0.000000
v 0.037036 0.006679 0.000000
v 0.036971 0.008871 0.000000
v 0.036333 0.006185 0.000000
v 0.037383 0.006933 0.000000
v 0.037387 0.008764 0.000000
v 0.037719 0.007200 0.000000
v 0.034441 0.005173 0.000000
v 0.035220 0.005536 0.000000
v 0.033997 0.009282 0.010000
v 0.034427 0.009267 0.010000
v 0.034855 0.009233 0.010000
v 0.035282 0.009183 0.010000
v 0.035708 0.009128 0.010000
v 0.036130 0.009049 0.010000
v 0.036551 0.008962 0.010000
v 0.036971 0.008871 0.010000
v 0.037387 0.008764 0.010000
v 0.037719 0.007200 0.010000
v 0.033628 0.004897 0.010000
v 0.034040 0.005020 0.010000
v 0.034441 0.005173 0.010000
v 0.034833 0.005349 0.010000
v 0.035220 0.005536 0.010000
v 0.035597 0.005742 0.010000
v 0.037036 0.006679 0.010000
v 0.035966 0.005961 0.010000
v 0.036333 0.006185 0.010000
v 0.036687 0.006429 0.010000
v 0.037383 0.006933 0.010000
v 0.033482 0.002198 0.000000
v 0.033203 -0.002481 0.000000
v 0.032993 0.004477 0.010000
v 0.033203 0.002481 0.010000
v 0.033482 0.002198 0.010000
v 0.033912 0.002201 0.000000
v 0.033482 -0.002198 0.000000
v 0.034340 0.002167 0.000000
v 0.033912 -0.002201 0.000000
v 0.034764 0.002100 0.000000
v 0.034340 -0.002167 0.000000
v 0.035184 0.002011 0.000000
v 0.034764 -0.002100 0.000000
v 0.035601 0.001907 0.000000
v 0.035184 -0.002011 0.000000
v 0.036013 0.001785 0.000000
v 0.035601 -0.001907 0.000000
v 0.036420 0.001647 0.000000
v 0.036013 -0.001785 0.000000
v 0.036825 0.001504 0.000000
v 0.036420 -0.001647 0.000000
v 0.037222 0.001340 0.000000
v 0.036825 -0.001504 0.000000
v 0.037615 0.001167 0.000000
v 0.037222 -0.001340 0.000000
v 0.038007 0.000991 0.000000
v 0.037615 -0.001167 0.000000
v 0.038392 0.000799 0.000000
v 0.038007 -0.000991 0.000000
v 0.033912 0.002201 0.010000
v 0.034340 0.002167 0.010000
v 0.034764 0.002100 0.010000
v 0.035184 0.002011 0.010000
v 0.035601 0.001907 0.010000
v 0.036013 0.001785 0.010000
v 0.036420 0.001647 0.010000
v 0.036825 0.001504 0.010000
v 0.037222 0.001340 0.010000
v 0.037615 0.001167 0.010000
v 0.038007 0.000991 0.010000
v 0.038392 0.000799 0.010000
v 0.038392 -0.000799 0.010000
v 0.013560 0.006413 0.010000
v 0.013858 0.005740 0.010000
v 0.014123 0.005053 0.010000
v 0.014354 0.004354 0.010000
v 0.014550 0.003645 0.010000
v 0.014712 0.002926 0.010000
v 0.014838 0.002201 0.010000
v 0.014928 0.001470 0.010000
v 0.014982 0.000736 0.010000
v 0.015000 0.000000 0.010000
v 0.014982 -0.000736 0.010000
v 0.014928 -0.001470 0.010000
v 0.033203 -0.002481 0.010000
v 0.033482 -0.002198 0.010000
v 0.033912 -0.002201 0.010000
v 0.034340 -0.002167 0.010000
v 0.034764 -0.002100 0.010000
v 0.035184 -0.002011 0.010000
v 0.035601 -0.001907 0.010000
v 0.036013 -0.001785 0.010000
v 0.036420 -0.001647 0.010000
v 0.036825 -0.001504 0.010000
v 0.037222 -0.001340 0.010000
v 0.037615 -0.001167 0.010000
v 0.038007 -0.000991 0.010000
v 0.013229 0.007071 0.030000
v 0.013560 0.006413 0.030000
v 0.013858 0.005740 0.030000
v 0.014123 0.005053 0.030000
v 0.014354 0.004354 0.030000
v 0.014550 0.003645 0.030000
v 0.014712 0.002926 0.030000
v 0.014838 0.002201 0.030000
v 0.014928 0.001470 0.030000
v 0.014982 0.000736 0.030000
v 0.015000 0.000000 0.030000
v -0.032993 -0.004477 0.000000
v -0.033208 -0.004811 0.000000
v -0.032993 -0.004477 0.010000
v -0.036333 -0.006185 0.000000
v -0.035966 -0.005961 0.000000
v -0.035708 -0.009128 0.000000
v -0.035597 -0.005742 0.000000
v -0.034855 -0.009233 0.000000
v -0.034833 -0.005349 0.000000
v -0.034427 -0.009267 0.000000
v -0.035220 -0.005536 0.000000
v -0.034441 -0.005173 0.000000
v -0.034040 -0.005020 0.000000
v -0.033568 -0.009283 0.000000
v -0.037383 -0.006933 0.000000
v -0.036971 -0.008871 0.000000
v -0.037719 -0.007200 0.000000
v -0.037387 -0.008764 0.000000
v -0.036687 -0.006429 0.000000
v -0.036130 -0.009049 0.000000
v -0.037036 -0.006679 0.000000
v -0.036551 -0.008962 0.000000
v -0.035282 -0.009183 0.000000
v -0.033997 -0.009282 0.000000
v -0.037383 -0.006933 0.010000
v -0.036687 -0.006429 0.010000
v -0.036333 -0.006185 0.010000
v -0.035966 -0.005961 0.010000
v -0.037036 -0.006679 0.010000
v -0.035597 -0.005742 0.010000
v -0.035220 -0.005536 0.010000
v -0.034833 -0.005349 0.010000
v -0.034441 -0.005173 0.010000
v -0.034040 -0.005020 0.010000
v -0.033628 -0.004897 0.010000
v -0.033628 -0.004897 0.000000
v -0.037719 -0.007200 0.010000
v -0.037387 -0.008764 0.010000
v -0.036971 -0.008871 0.010000
v -0.036551 -0.008962 0.010000
v -0.036130 -0.009049 0.010000
v -0.035708 -0.009128 0.010000
v -0.035282 -0.009183 0.010000
v -0.034855 -0.009233 0.010000
v -0.034427 -0.009267 0.010000
v -0.033997 -0.009282 0.010000
v -0.032713 -0.009204 0.000000
v -0.031961 -0.009330 0.000000
v -0.032294 -0.009111 0.000000
v -0.033139 -0.009259 0.000000
v -0.033208 -0.004811 0.010000
v -0.033139 -0.009259 0.010000
v -0.033568 -0.009283 0.010000
v -0.032713 -0.009204 0.010000
v -0.032294 -0.009111 0.010000
v -0.031961 -0.009330 0.010000
v -0.007036 -0.000740 0.000000
v -0.006852 -0.001764 0.000000
v -0.005440 -0.004524 0.000000
v -0.031341 -0.011238 0.000000
v -0.033625 -0.013017 0.000000
v -0.033941 -0.013309 0.000000
v -0.033625 -0.013017 0.010000
v -0.034838 -0.014233 0.000000
v -0.035124 -0.014554 0.000000
v -0.034838 -0.014233 0.010000
v -0.034253 -0.013604 0.000000
v -0.034549 -0.013916 0.000000
v -0.034253 -0.013604 0.010000
v -0.033941 -0.013309 0.010000
v -0.034549 -0.013916 0.010000
v -0.033299 -0.012738 0.000000
v -0.032174 -0.016278 0.000000
v -0.032960 -0.012474 0.000000
v -0.031325 -0.016147 0.000000
v -0.032613 -0.012221 0.000000
v -0.031875 -0.011782 0.000000
v -0.030490 -0.015947 0.000000
v -0.032252 -0.011988 0.000000
v -0.029694 -0.015627 0.000000
v -0.031482 -0.011611 0.000000
v -0.029323 -0.015771 0.000000
v -0.031875 -0.011782 0.010000
v -0.031341 -0.011238 0.010000
v -0.031482 -0.011611 0.010000
v -0.032613 -0.012221 0.010000
v -0.033299 -0.012738 0.010000
v -0.032960 -0.012474 0.010000
v -0.032252 -0.011988 0.010000
v -0.035398 -0.014885 0.000000
v -0.034747 -0.016345 0.000000
v -0.033889 -0.016366 0.000000
v -0.033030 -0.016353 0.000000
v -0.034318 -0.016364 0.000000
v -0.033459 -0.016363 0.000000
v -0.035124 -0.014554 0.010000
v -0.035398 -0.014885 0.010000
v -0.034747 -0.016345 0.010000
v -0.034318 -0.016364 0.010000
v -0.033889 -0.016366 0.010000
v -0.032601 -0.016318 0.000000
v -0.031748 -0.016223 0.000000
v -0.030904 -0.016059 0.000000
v -0.030085 -0.015804 0.000000
v -0.033459 -0.016363 0.010000
v -0.033030 -0.016353 0.010000
v -0.032601 -0.016318 0.010000
v -0.032174 -0.016278 0.010000
v -0.031748 -0.016223 0.010000
v -0.031325 -0.016147 0.010000
v -0.030904 -0.016059 0.010000
v -0.030490 -0.015947 0.010000
v -0.030085 -0.015804 0.010000
v -0.029694 -0.015627 0.010000
v -0.028320 -0.017509 0.000000
v -0.029323 -0.015771 0.010000
v -0.029055 -0.018431 0.000000
v -0.029360 -0.018735 0.000000
v -0.029055 -0.018431 0.010000
v -0.028729 -0.018152 0.010000
v -0.028729 -0.018152 0.000000
v -0.029646 -0.019054 0.000000
v -0.029360 -0.018735 0.010000
v -0.029646 -0.019054 0.010000
v -0.004177 -0.005710 0.000000
v -0.025796 -0.021459 0.000000
v -0.028380 -0.017902 0.000000
v -0.028320 -0.017509 0.010000
v -0.028380 -0.017902 0.010000
v -0.014928 -0.001470 0.010000
v -0.014982 -0.000736 0.010000
v -0.014838 -0.002201 0.010000
v -0.014712 -0.002926 0.010000
v -0.014550 -0.003645 0.010000
v -0.013858 -0.005740 0.010000
v -0.014354 -0.004354 0.010000
v -0.014123 -0.005053 0.010000
v -0.013560 -0.006413 0.010000
v -0.013229 -0.007071 0.010000
v -0.025796 -0.021459 0.010000
v -0.011114 -0.010073 0.010000
v -0.025403 -0.021523 0.010000
v -0.010073 -0.011114 0.010000
v -0.007064 -0.000393 0.000000
v -0.006991 -0.001084 0.000000
v -0.006930 -0.001426 0.000000
v -0.006757 -0.002098 0.000000
v -0.006646 -0.002427 0.000000
v -0.006519 -0.002750 0.000000
v -0.006376 -0.003067 0.000000
v -0.006218 -0.003376 0.000000
v -0.006044 -0.003677 0.000000
v -0.005857 -0.003969 0.000000
v -0.005655 -0.004252 0.000000
v -0.005211 -0.004785 0.000000
v -0.004970 -0.005035 0.000000
v -0.004717 -0.005273 0.000000
v -0.004452 -0.005498 0.000000
v -0.003892 -0.005908 0.000000
v -0.003597 -0.006092 0.000000
v -0.003294 -0.006261 0.000000
v -0.002983 -0.006415 0.000000
v 0.000740 -0.007036 0.000000
v -0.002665 -0.006554 0.000000
v -0.002340 -0.006677 0.000000
v -0.002009 -0.006784 0.000000
v -0.001674 -0.006874 0.000000
v -0.001335 -0.006948 0.000000
v -0.000992 -0.007005 0.000000
v -0.000647 -0.007045 0.000000
v -0.000301 -0.007069 0.000000
v 0.000046 -0.007075 0.000000
v 0.000393 -0.007064 0.000000
v 0.001084 -0.006991 0.000000
v 0.001426 -0.006930 0.000000
v 0.001764 -0.006852 0.000000
v 0.002098 -0.006757 0.000000
v 0.002427 -0.006646 0.000000
v -0.025403 -0.021523 0.000000
v -0.024060 -0.023014 0.000000
v -0.020373 -0.026334 0.000000
v -0.018750 -0.027514 0.000000
v -0.007064 -0.000393 0.030000
v -0.007036 -0.000740 0.030000
v -0.006991 -0.001084 0.030000
v -0.006930 -0.001426 0.030000
v -0.006852 -0.001764 0.030000
v -0.006757 -0.002098 0.030000
v -0.006646 -0.002427 0.030000
v -0.006519 -0.002750 0.030000
v -0.006376 -0.003067 0.030000
v -0.006218 -0.003376 0.030000
v -0.006044 -0.003677 0.030000
v -0.005857 -0.003969 0.030000
v -0.005655 -0.004252 0.030000
v -0.005440 -0.004524 0.030000
v -0.005211 -0.004785 0.030000
v -0.004970 -0.005035 0.030000
v -0.004717 -0.005273 0.030000
v -0.004452 -0.005498 0.030000
v -0.004177 -0.005710 0.030000
v -0.003892 -0.005908 0.030000
v -0.003597 -0.006092 0.030000
v -0.003294 -0.006261 0.030000
v -0.002983 -0.006415 0.030000
v -0.002665 -0.006554 0.030000
v -0.002340 -0.006677 0.030000
v -0.002009 -0.006784 0.030000
v -0.001674 -0.006874 0.030000
v -0.001335 -0.006948 0.030000
v -0.000992 -0.007005 0.030000
v -0.000647 -0.007045 0.030000
v -0.000301 -0.007069 0.030000
v -0.012866 -0.007712 0.010000
v -0.012472 -0.008334 0.010000
v -0.012048 -0.008935 0.010000
v -0.011595 -0.009516 0.010000
v -0.010607 -0.010607 0.010000
v -0.009516 -0.011595 0.010000
v -0.008935 -0.012048 0.010000
v -0.008334 -0.012472 0.010000
v -0.007712 -0.012866 0.010000
v -0.007071 -0.013229 0.010000
v -0.006413 -0.013560 0.010000
v -0.024060 -0.023014 0.010000
v -0.005740 -0.013858 0.010000
v -0.005053 -0.014123 0.010000
v -0.020373 -0.026334 0.010000
v -0.004354 -0.014354 0.010000
v -0.003645 -0.014550 0.010000
v -0.002926 -0.014712 0.010000
v -0.002201 -0.014838 0.010000
v -0.001470 -0.014928 0.010000
v -0.000736 -0.014982 0.010000
v 0.000000 -0.015000 0.010000
v -0.018750 -0.027514 0.010000
v 0.002201 -0.014838 0.010000
v 0.001470 -0.014928 0.010000
v 0.002926 -0.014712 0.010000
v 0.003645 -0.014550 0.010000
v -0.014453 -0.029995 0.010000
v 0.007071 -0.013229 0.010000
v 0.006413 -0.013560 0.010000
v -0.027283 -0.022307 0.000000
v -0.029923 -0.019383 0.000000
v -0.030676 -0.020428 0.000000
v -0.028908 -0.022862 0.000000
v -0.030901 -0.020795 0.000000
v -0.030184 -0.019724 0.000000
v -0.028086 -0.022612 0.000000
v -0.028496 -0.022739 0.000000
v -0.030432 -0.020075 0.000000
v -0.031117 -0.021166 0.000000
v -0.029746 -0.023054 0.000000
v -0.031331 -0.021539 0.000000
v -0.030590 -0.023213 0.000000
v -0.031529 -0.021919 0.000000
v -0.030166 -0.023142 0.000000
v -0.029326 -0.022962 0.000000
v -0.029923 -0.019383 0.010000
v -0.030184 -0.019724 0.010000
v -0.030432 -0.020075 0.010000
v -0.030676 -0.020428 0.010000
v -0.030901 -0.020795 0.010000
v -0.031117 -0.021166 0.010000
v -0.031331 -0.021539 0.010000
v -0.031529 -0.021919 0.010000
v -0.030590 -0.023213 0.010000
v -0.030166 -0.023142 0.010000
v -0.029746 -0.023054 0.010000
v -0.029326 -0.022962 0.010000
v -0.028908 -0.022862 0.010000
v -0.026508 -0.021938 0.000000
v -0.027681 -0.022469 0.000000
v -0.026890 -0.022133 0.000000
v -0.026141 -0.021714 0.000000
v -0.028496 -0.022739 0.010000
v -0.028086 -0.022612 0.010000
v -0.026890 -0.022133 0.010000
v -0.027681 -0.022469 0.010000
v -0.027283 -0.022307 0.010000
v -0.026141 -0.021714 0.010000
v -0.026508 -0.021938 0.010000
v -0.024038 -0.023411 0.000000
v -0.024327 -0.023728 0.000000
v -0.024038 -0.023411 0.010000
v -0.024588 -0.024069 0.000000
v -0.024327 -0.023728 0.010000
v -0.025037 -0.024802 0.000000
v -0.022049 -0.027492 0.000000
v -0.025239 -0.025181 0.000000
v -0.022771 -0.027957 0.000000
v -0.025424 -0.025569 0.000000
v -0.025902 -0.026765 0.000000
v -0.023911 -0.028558 0.000000
v -0.026037 -0.027173 0.000000
v -0.023146 -0.028167 0.000000
v -0.025593 -0.025963 0.000000
v -0.025759 -0.026360 0.000000
v -0.024302 -0.028734 0.000000
v -0.026168 -0.027582 0.000000
v -0.025095 -0.029065 0.000000
v -0.026283 -0.027996 0.000000
v -0.024696 -0.028908 0.000000
v -0.023523 -0.028373 0.000000
v -0.024823 -0.024429 0.000000
v -0.024588 -0.024069 0.010000
v -0.024823 -0.024429 0.010000
v -0.025037 -0.024802 0.010000
v -0.025239 -0.025181 0.010000
v -0.025424 -0.025569 0.010000
v -0.025593 -0.025963 0.010000
v -0.025759 -0.026360 0.010000
v -0.025902 -0.026765 0.010000
v -0.026037 -0.027173 0.010000
v -0.026168 -0.027582 0.010000
v -0.026283 -0.027996 0.010000
v -0.024302 -0.028734 0.010000
v -0.020771 -0.026353 0.000000
v -0.021367 -0.026970 0.000000
v -0.021055 -0.026674 0.000000
v -0.021701 -0.027240 0.000000
v -0.022405 -0.027733 0.000000
v -0.022049 -0.027492 0.010000
v -0.023146 -0.028167 0.010000
v -0.023523 -0.028373 0.010000
v -0.023911 -0.028558 0.010000
v -0.022405 -0.027733 0.010000
v -0.022771 -0.027957 0.010000
v -0.021367 -0.026970 0.010000
v -0.021055 -0.026674 0.010000
v -0.020771 -0.026353 0.010000
v -0.021701 -0.027240 0.010000
v -0.025095 -0.029065 0.010000
v -0.024696 -0.028908 0.010000
v -0.019818 -0.031992 0.000000
v -0.018146 -0.033411 0.000000
v -0.019862 -0.032420 0.000000
v -0.019888 -0.032849 0.000000
v -0.019201 -0.029057 0.000000
v -0.019333 -0.029465 0.000000
v -0.019201 -0.029057 0.010000
v -0.019452 -0.029878 0.000000
v -0.019333 -0.029465 0.010000
v -0.019552 -0.030296 0.000000
v -0.019452 -0.029878 0.010000
v -0.019636 -0.030717 0.000000
v -0.019552 -0.030296 0.010000
v -0.019715 -0.031139 0.000000
v -0.019636 -0.030717 0.010000
v -0.019771 -0.031565 0.000000
v -0.019715 -0.031139 0.010000
v -0.019818 -0.031992 0.010000
v -0.019771 -0.031565 0.010000
v -0.019862 -0.032420 0.010000
v -0.018504 -0.033648 0.000000
v -0.019888 -0.032849 0.010000
v -0.018146 -0.033411 0.010000
v -0.014453 -0.029995 0.000000
v -0.018645 -0.027898 0.000000
v -0.018862 -0.028268 0.000000
v -0.018645 -0.027898 0.010000
v -0.019047 -0.028656 0.000000
v -0.018862 -0.028268 0.010000
v -0.019047 -0.028656 0.010000
v -0.014838 -0.030096 0.000000
v -0.015293 -0.030823 0.000000
v -0.015851 -0.031476 0.000000
v -0.016149 -0.031785 0.000000
v -0.016461 -0.032080 0.000000
v -0.015563 -0.031157 0.000000
v -0.015049 -0.030469 0.000000
v -0.016784 -0.032364 0.000000
v -0.017451 -0.032905 0.000000
v -0.017110 -0.032644 0.000000
v -0.017797 -0.033159 0.000000
v -0.014838 -0.030096 0.010000
v -0.015049 -0.030469 0.010000
v -0.015293 -0.030823 0.010000
v -0.015563 -0.031157 0.010000
v -0.017110 -0.032644 0.010000
v -0.017451 -0.032905 0.010000
v -0.017797 -0.033159 0.010000
v -0.015851 -0.031476 0.010000
v -0.016149 -0.031785 0.010000
v -0.016461 -0.032080 0.010000
v -0.016784 -0.032364 0.010000
v -0.012620 -0.030811 0.000000
v -0.008256 -0.032523 0.000000
v -0.012437 -0.031164 0.000000
v -0.008386 -0.032932 0.000000
v -0.012573 -0.031572 0.000000
v -0.012673 -0.031989 0.000000
v -0.008745 -0.033712 0.000000
v -0.012740 -0.032414 0.000000
v -0.008960 -0.034084 0.000000
v -0.012785 -0.032841 0.000000
v -0.012815 -0.033270 0.000000
v -0.008551 -0.033329 0.000000
v -0.012620 -0.030811 0.010000
v -0.012437 -0.031164 0.010000
v -0.012573 -0.031572 0.010000
v -0.012673 -0.031989 0.010000
v -0.012740 -0.032414 0.010000
v -0.012785 -0.032841 0.010000
v -0.012826 -0.033699 0.000000
v -0.012815 -0.033270 0.010000
v -0.018504 -0.033648 0.010000
v -0.012776 -0.034986 0.000000
v -0.010514 -0.036135 0.000000
v -0.012734 -0.035414 0.000000
v -0.009188 -0.034448 0.000000
v -0.009688 -0.035146 0.000000
v -0.012821 -0.034128 0.000000
v -0.009431 -0.034802 0.000000
v -0.009949 -0.035488 0.000000
v -0.012810 -0.034558 0.000000
v -0.012687 -0.035841 0.000000
v -0.010228 -0.035814 0.000000
v -0.011104 -0.036760 0.000000
v -0.012624 -0.036266 0.000000
v -0.010803 -0.036453 0.000000
v -0.012826 -0.033699 0.010000
v -0.012821 -0.034128 0.010000
v -0.012810 -0.034558 0.010000
v -0.012776 -0.034986 0.010000
v -0.012734 -0.035414 0.010000
v -0.009688 -0.035146 0.010000
v -0.009949 -0.035488 0.010000
v -0.010228 -0.035814 0.010000
v -0.012687 -0.035841 0.010000
v -0.012624 -0.036266 0.010000
v -0.011104 -0.036760 0.010000
v -0.010514 -0.036135 0.010000
v -0.010803 -0.036453 0.010000
v -0.007901 -0.032344 0.000000
v -0.008551 -0.033329 0.010000
v -0.008256 -0.032523 0.010000
v -0.008386 -0.032932 0.010000
v -0.005938 -0.032761 0.000000
v -0.007901 -0.032344 0.010000
v -0.005686 -0.033069 0.000000
v -0.005938 -0.032761 0.010000
v -0.005734 -0.033496 0.000000
v -0.005686 -0.033069 0.010000
v -0.001003 -0.033280 0.000000
v -0.001314 -0.033529 0.000000
v -0.001314 -0.033529 0.010000
v 0.001003 -0.033280 0.000000
v -0.001003 -0.033280 0.010000
v -0.008745 -0.033712 0.010000
v -0.008960 -0.034084 0.010000
v -0.009188 -0.034448 0.010000
v -0.009431 -0.034802 0.010000
v -0.005745 -0.033925 0.000000
v -0.005734 -0.033496 0.010000
v -0.005723 -0.034354 0.000000
v -0.005745 -0.033925 0.010000
v -0.005677 -0.034781 0.000000
v -0.005723 -0.034354 0.010000
v -0.005618 -0.035207 0.000000
v -0.005677 -0.034781 0.010000
v -0.005539 -0.035629 0.000000
v -0.005618 -0.035207 0.010000
v -0.005445 -0.036048 0.000000
v -0.005539 -0.035629 0.010000
v -0.005345 -0.036466 0.000000
v -0.005445 -0.036048 0.010000
v -0.005223 -0.036878 0.000000
v -0.005345 -0.036466 0.010000
v -0.005092 -0.037287 0.000000
v -0.005223 -0.036878 0.010000
v -0.004958 -0.037695 0.000000
v -0.005092 -0.037287 0.010000
v -0.004808 -0.038098 0.000000
v -0.004958 -0.037695 0.010000
v -0.001434 -0.034378 0.000000
v -0.001545 -0.034793 0.000000
v -0.001356 -0.033956 0.000000
v -0.001825 -0.035606 0.000000
v -0.001678 -0.035202 0.000000
v -0.001989 -0.036002 0.000000
v -0.002169 -0.036392 0.000000
v -0.002558 -0.037158 0.000000
v -0.002353 -0.036781 0.000000
v -0.002988 -0.037903 0.000000
v -0.002771 -0.037531 0.000000
v -0.003218 -0.038265 0.000000
v -0.001356 -0.033956 0.010000
v -0.001434 -0.034378 0.010000
v -0.001545 -0.034793 0.010000
v -0.001678 -0.035202 0.010000
v -0.001989 -0.036002 0.010000
v -0.001825 -0.035606 0.010000
v -0.002558 -0.037158 0.010000
v -0.004808 -0.038098 0.010000
v -0.002771 -0.037531 0.010000
v -0.003218 -0.038265 0.010000
v -0.002988 -0.037903 0.010000
v -0.002169 -0.036392 0.010000
v -0.002353 -0.036781 0.010000
v 0.000736 -0.014982 0.010000
v 0.004354 -0.014354 0.010000
v 0.005740 -0.013858 0.010000
v 0.005053 -0.014123 0.010000
v -0.014982 -0.000736 0.030000
v -0.014928 -0.001470 0.030000
v -0.014838 -0.002201 0.030000
v -0.014712 -0.002926 0.030000
v -0.014550 -0.003645 0.030000
v -0.014354 -0.004354 0.030000
v -0.014123 -0.005053 0.030000
v -0.013858 -0.005740 0.030000
v -0.013560 -0.006413 0.030000
v -0.013229 -0.007071 0.030000
v -0.012866 -0.007712 0.030000
v -0.012472 -0.008334 0.030000
v -0.012048 -0.008935 0.030000
v -0.011595 -0.009516 0.030000
v 0.000046 -0.007075 0.030000
v -0.011114 -0.010073 0.030000
v -0.010607 -0.010607 0.030000
v -0.010073 -0.011114 0.030000
v -0.009516 -0.011595 0.030000
v -0.008935 -0.012048 0.030000
v -0.008334 -0.012472 0.030000
v -0.007712 -0.012866 0.030000
v -0.007071 -0.013229 0.030000
v -0.006413 -0.013560 0.030000
v -0.005740 -0.013858 0.030000
v -0.005053 -0.014123 0.030000
v -0.004354 -0.014354 0.030000
v -0.003645 -0.014550 0.030000
v -0.002926 -0.014712 0.030000
v -0.002201 -0.014838 0.030000
v -0.001470 -0.014928 0.030000
v -0.000736 -0.014982 0.030000
v 0.000000 -0.015000 0.030000
v 0.012866 -0.007712 0.030000
v 0.012472 -0.008334 0.030000
v 0.012048 -0.008935 0.030000
v 0.011595 -0.009516 0.030000
v 0.011114 -0.010073 0.030000
v 0.010607 -0.010607 0.030000
v 0.010073 -0.011114 0.030000
v 0.009516 -0.011595 0.030000
v 0.008935 -0.012048 0.030000
v 0.008334 -0.012472 0.030000
v 0.007712 -0.012866 0.030000
v 0.007071 -0.013229 0.030000
v 0.006413 -0.013560 0.030000
v 0.005740 -0.013858 0.030000
v 0.005053 -0.014123 0.030000
v 0.004354 -0.014354 0.030000
v 0.003645 -0.014550 0.030000
v 0.002926 -0.014712 0.030000
v 0.002201 -0.014838 0.030000
v 0.001470 -0.014928 0.030000
v 0.002750 -0.006519 0.000000
v 0.003067 -0.006376 0.000000
v 0.004785 -0.005211 0.000000
v 0.005035 -0.004970 0.000000
v 0.004252 -0.005655 0.000000
v 0.004524 -0.005440 0.000000
v 0.003376 -0.006218 0.000000
v 0.003677 -0.006044 0.000000
v 0.003969 -0.005857 0.000000
v 0.006677 -0.002340 0.000000
v 0.006784 -0.002009 0.000000
v 0.006554 -0.002665 0.000000
v 0.006415 -0.002983 0.000000
v 0.006874 -0.001674 0.000000
v 0.006261 -0.003294 0.000000
v 0.006092 -0.003597 0.000000
v 0.005908 -0.003892 0.000000
v 0.005710 -0.004177 0.000000
v 0.005498 -0.004452 0.000000
v 0.005273 -0.004717 0.000000
v 0.007069 -0.000301 0.030000
v 0.007045 -0.000647 0.030000
v 0.007005 -0.000992 0.030000
v 0.006948 -0.001335 0.030000
v 0.006874 -0.001674 0.030000
v 0.006784 -0.002009 0.030000
v 0.006677 -0.002340 0.030000
v 0.006554 -0.002665 0.030000
v 0.006415 -0.002983 0.030000
v 0.006261 -0.003294 0.030000
v 0.006092 -0.003597 0.030000
v 0.005908 -0.003892 0.030000
v 0.005710 -0.004177 0.030000
v 0.005273 -0.004717 0.030000
v 0.005498 -0.004452 0.030000
v 0.000393 -0.007064 0.030000
v 0.000740 -0.007036 0.030000
v 0.001084 -0.006991 0.030000
v 0.001426 -0.006930 0.030000
v 0.001764 -0.006852 0.030000
v 0.002098 -0.006757 0.030000
v 0.004524 -0.005440 0.030000
v 0.003969 -0.005857 0.030000
v 0.004252 -0.005655 0.030000
v 0.002750 -0.006519 0.030000
v 0.003376 -0.006218 0.030000
v 0.003067 -0.006376 0.030000
v 0.002427 -0.006646 0.030000
v 0.003677 -0.006044 0.030000
v 0.005035 -0.004970 0.030000
v 0.004785 -0.005211 0.030000
v 0.012048 -0.008935 0.010000
v 0.011595 -0.009516 0.010000
v 0.011114 -0.010073 0.010000
v 0.010607 -0.010607 0.010000
v 0.010073 -0.011114 0.010000
v 0.009516 -0.011595 0.010000
v 0.008935 -0.012048 0.010000
v 0.008334 -0.012472 0.010000
v 0.007712 -0.012866 0.010000
v 0.032993 -0.004477 0.010000
v 0.032993 -0.004477 0.000000
v 0.033208 -0.004811 0.010000
v 0.033208 -0.004811 0.000000
v 0.038392 -0.000799 0.000000
v 0.029323 -0.015771 0.000000
v 0.031961 -0.009330 0.000000
v 0.033628 -0.004897 0.000000
v 0.032713 -0.009204 0.000000
v 0.034040 -0.005020 0.000000
v 0.032294 -0.009111 0.000000
v 0.033139 -0.009259 0.000000
v 0.033568 -0.009283 0.000000
v 0.033628 -0.004897 0.010000
v 0.031961 -0.009330 0.010000
v 0.032294 -0.009111 0.010000
v 0.032713 -0.009204 0.010000
v 0.033139 -0.009259 0.010000
v 0.034441 -0.005173 0.000000
v 0.034833 -0.005349 0.000000
v 0.035220 -0.005536 0.000000
v 0.034427 -0.009267 0.000000
v 0.035597 -0.005742 0.000000
v 0.035966 -0.005961 0.000000
v 0.034855 -0.009233 0.000000
v 0.036333 -0.006185 0.000000
v 0.035708 -0.009128 0.000000
v 0.033997 -0.009282 0.000000
v 0.035282 -0.009183 0.000000
v 0.036687 -0.006429 0.000000
v 0.037036 -0.006679 0.000000
v 0.036130 -0.009049 0.000000
v 0.037383 -0.006933 0.000000
v 0.036971 -0.008871 0.000000
v 0.036551 -0.008962 0.000000
v 0.037719 -0.007200 0.000000
v 0.037387 -0.008764 0.000000
v 0.034040 -0.005020 0.010000
v 0.034441 -0.005173 0.010000
v 0.034833 -0.005349 0.010000
v 0.035220 -0.005536 0.010000
v 0.035597 -0.005742 0.010000
v 0.035966 -0.005961 0.010000
v 0.036333 -0.006185 0.010000
v 0.036687 -0.006429 0.010000
v 0.037036 -0.006679 0.010000
v 0.037383 -0.006933 0.010000
v 0.037719 -0.007200 0.010000
v 0.033568 -0.009283 0.010000
v 0.033997 -0.009282 0.010000
v 0.034427 -0.009267 0.010000
v 0.034855 -0.009233 0.010000
v 0.035282 -0.009183 0.010000
v 0.035708 -0.009128 0.010000
v 0.037387 -0.008764 0.010000
v 0.036551 -0.008962 0.010000
v 0.036971 -0.008871 0.010000
v 0.036130 -0.009049 0.010000
v 0.025403 -0.021523 0.000000
v 0.024060 -0.023014 0.000000
v 0.018750 -0.027514 0.000000
v 0.014453 -0.029995 0.000000
v 0.020373 -0.026334 0.000000
v 0.028320 -0.017509 0.000000
v 0.028380 -0.017902 0.000000
v 0.025796 -0.021459 0.000000
v 0.028320 -0.017509 0.010000
v 0.028380 -0.017902 0.010000
v 0.028729 -0.018152 0.010000
v 0.028729 -0.018152 0.000000
v 0.031341 -0.011238 0.000000
v 0.031482 -0.011611 0.000000
v 0.029694 -0.015627 0.000000
v 0.031875 -0.011782 0.000000
v 0.032252 -0.011988 0.000000
v 0.030490 -0.015947 0.000000
v 0.032613 -0.012221 0.000000
v 0.032960 -0.012474 0.000000
v 0.031325 -0.016147 0.000000
v 0.033299 -0.012738 0.000000
v 0.033625 -0.013017 0.000000
v 0.032174 -0.016278 0.000000
v 0.033941 -0.013309 0.000000
v 0.031341 -0.011238 0.010000
v 0.031482 -0.011611 0.010000
v 0.031875 -0.011782 0.010000
v 0.032252 -0.011988 0.010000
v 0.032613 -0.012221 0.010000
v 0.032960 -0.012474 0.010000
v 0.033299 -0.012738 0.010000
v 0.033625 -0.013017 0.010000
v 0.033941 -0.013309 0.010000
v 0.034253 -0.013604 0.010000
v 0.034253 -0.013604 0.000000
v 0.034549 -0.013916 0.010000
v 0.034549 -0.013916 0.000000
v 0.034838 -0.014233 0.010000
v 0.034838 -0.014233 0.000000
v 0.030085 -0.015804 0.000000
v 0.030904 -0.016059 0.000000
v 0.031748 -0.016223 0.000000
v 0.032601 -0.016318 0.000000
v 0.033030 -0.016353 0.000000
v 0.029323 -0.015771 0.010000
v 0.029694 -0.015627 0.010000
v 0.030085 -0.015804 0.010000
v 0.030490 -0.015947 0.010000
v 0.030904 -0.016059 0.010000
v 0.031325 -0.016147 0.010000
v 0.031748 -0.016223 0.010000
v 0.032174 -0.016278 0.010000
v 0.032601 -0.016318 0.010000
v 0.033459 -0.016363 0.000000
v 0.033030 -0.016353 0.010000
v 0.029055 -0.018431 0.010000
v 0.029055 -0.018431 0.000000
v 0.029360 -0.018735 0.010000
v 0.029360 -0.018735 0.000000
v 0.029646 -0.019054 0.010000
v 0.029646 -0.019054 0.000000
v 0.033889 -0.016366 0.000000
v 0.035124 -0.014554 0.000000
v 0.034318 -0.016364 0.000000
v 0.035398 -0.014885 0.000000
v 0.034747 -0.016345 0.000000
v 0.035124 -0.014554 0.010000
v 0.035398 -0.014885 0.010000
v 0.033459 -0.016363 0.010000
v 0.033889 -0.016366 0.010000
v 0.034318 -0.016364 0.010000
v 0.034747 -0.016345 0.010000
v 0.014838 -0.002201 0.010000
v 0.014712 -0.002926 0.010000
v 0.014550 -0.003645 0.010000
v 0.014354 -0.004354 0.010000
v 0.014123 -0.005053 0.010000
v 0.013858 -0.005740 0.010000
v 0.013560 -0.006413 0.010000
v 0.013229 -0.007071 0.010000
v 0.012866 -0.007712 0.010000
v 0.012472 -0.008334 0.010000
v 0.024060 -0.023014 0.010000
v 0.025403 -0.021523 0.010000
v 0.014453 -0.029995 0.010000
v 0.018750 -0.027514 0.010000
v 0.020373 -0.026334 0.010000
v 0.025796 -0.021459 0.010000
v 0.005938 -0.032761 0.000000
v 0.007901 -0.032344 0.000000
v 0.012620 -0.030811 0.000000
v 0.018645 -0.027898 0.000000
v 0.018645 -0.027898 0.010000
v 0.018862 -0.028268 0.010000
v 0.018862 -0.028268 0.000000
v 0.019047 -0.028656 0.010000
v 0.019047 -0.028656 0.000000
v 0.005686 -0.033069 0.000000
v 0.001314 -0.033529 0.000000
v 0.005734 -0.033496 0.000000
v 0.001003 -0.033280 0.010000
v 0.008256 -0.032523 0.000000
v 0.005686 -0.033069 0.010000
v 0.005734 -0.033496 0.010000
v 0.005938 -0.032761 0.010000
v 0.007901 -0.032344 0.010000
v 0.008386 -0.032932 0.000000
v 0.008256 -0.032523 0.010000
v 0.008551 -0.033329 0.000000
v 0.008386 -0.032932 0.010000
v 0.008745 -0.033712 0.000000
v 0.008551 -0.033329 0.010000
v 0.001356 -0.033956 0.000000
v 0.001434 -0.034378 0.000000
v 0.005723 -0.034354 0.000000
v 0.001545 -0.034793 0.000000
v 0.005745 -0.033925 0.000000
v 0.005677 -0.034781 0.000000
v 0.001678 -0.035202 0.000000
v 0.001825 -0.035606 0.000000
v 0.005539 -0.035629 0.000000
v 0.001989 -0.036002 0.000000
v 0.005618 -0.035207 0.000000
v 0.002169 -0.036392 0.000000
v 0.005345 -0.036466 0.000000
v 0.002353 -0.036781 0.000000
v 0.002558 -0.037158 0.000000
v 0.005445 -0.036048 0.000000
v 0.005223 -0.036878 0.000000
v 0.005092 -0.037287 0.000000
v 0.002771 -0.037531 0.000000
v 0.002988 -0.037903 0.000000
v 0.004958 -0.037695 0.000000
v 0.004808 -0.038098 0.000000
v 0.003218 -0.038265 0.000000
v 0.001314 -0.033529 0.010000
v 0.001356 -0.033956 0.010000
v 0.001434 -0.034378 0.010000
v 0.001545 -0.034793 0.010000
v 0.001678 -0.035202 0.010000
v 0.001825 -0.035606 0.010000
v 0.001989 -0.036002 0.010000
v 0.002169 -0.036392 0.010000
v 0.002353 -0.036781 0.010000
v 0.002558 -0.037158 0.010000
v 0.002771 -0.037531 0.010000
v 0.002988 -0.037903 0.010000
v 0.003218 -0.038265 0.010000
v 0.005745 -0.033925 0.010000
v 0.005723 -0.034354 0.010000
v 0.005677 -0.034781 0.010000
v 0.005618 -0.035207 0.010000
v 0.005539 -0.035629 0.010000
v 0.008960 -0.034084 0.000000
v 0.008745 -0.033712 0.010000
v 0.009188 -0.034448 0.000000
v 0.008960 -0.034084 0.010000
v 0.009431 -0.034802 0.000000
v 0.009188 -0.034448 0.010000
v 0.009688 -0.035146 0.000000
v 0.009431 -0.034802 0.010000
v 0.005345 -0.036466 0.010000
v 0.005445 -0.036048 0.010000
v 0.005223 -0.036878 0.010000
v 0.005092 -0.037287 0.010000
v 0.004958 -0.037695 0.010000
v 0.004808 -0.038098 0.010000
v 0.012437 -0.031164 0.000000
v 0.012573 -0.031572 0.000000
v 0.012673 -0.031989 0.000000
v 0.012740 -0.032414 0.000000
v 0.012785 -0.032841 0.000000
v 0.012815 -0.033270 0.000000
v 0.012437 -0.031164 0.010000
v 0.012620 -0.030811 0.010000
v 0.012573 -0.031572 0.010000
v 0.012673 -0.031989 0.010000
v 0.012740 -0.032414 0.010000
v 0.012785 -0.032841 0.010000
v 0.012815 -0.033270 0.010000
v 0.014838 -0.030096 0.000000
v 0.015049 -0.030469 0.000000
v 0.015293 -0.030823 0.000000
v 0.019201 -0.029057 0.000000
v 0.015563 -0.031157 0.000000
v 0.015851 -0.031476 0.000000
v 0.019333 -0.029465 0.000000
v 0.016149 -0.031785 0.000000
v 0.019452 -0.029878 0.000000
v 0.019552 -0.030296 0.000000
v 0.016461 -0.032080 0.000000
v 0.019636 -0.030717 0.000000
v 0.016784 -0.032364 0.000000
v 0.019715 -0.031139 0.000000
v 0.017110 -0.032644 0.000000
v 0.017451 -0.032905 0.000000
v 0.019771 -0.031565 0.000000
v 0.019818 -0.031992 0.000000
v 0.017797 -0.033159 0.000000
v 0.018146 -0.033411 0.000000
v 0.019888 -0.032849 0.000000
v 0.018504 -0.033648 0.000000
v 0.014838 -0.030096 0.010000
v 0.015049 -0.030469 0.010000
v 0.015293 -0.030823 0.010000
v 0.019201 -0.029057 0.010000
v 0.015563 -0.031157 0.010000
v 0.015851 -0.031476 0.010000
v 0.016149 -0.031785 0.010000
v 0.016461 -0.032080 0.010000
v 0.016784 -0.032364 0.010000
v 0.017110 -0.032644 0.010000
v 0.017451 -0.032905 0.010000
v 0.017797 -0.033159 0.010000
v 0.018504 -0.033648 0.010000
v 0.012826 -0.033699 0.000000
v 0.012821 -0.034128 0.000000
v 0.009949 -0.035488 0.000000
v 0.012810 -0.034558 0.000000
v 0.012776 -0.034986 0.000000
v 0.010228 -0.035814 0.000000
v 0.010514 -0.036135 0.000000
v 0.012734 -0.035414 0.000000
v 0.012687 -0.035841 0.000000
v 0.010803 -0.036453 0.000000
v 0.011104 -0.036760 0.000000
v 0.012624 -0.036266 0.000000
v 0.009688 -0.035146 0.010000
v 0.009949 -0.035488 0.010000
v 0.012826 -0.033699 0.010000
v 0.012821 -0.034128 0.010000
v 0.012810 -0.034558 0.010000
v 0.012776 -0.034986 0.010000
v 0.012734 -0.035414 0.010000
v 0.012687 -0.035841 0.010000
v 0.010228 -0.035814 0.010000
v 0.010514 -0.036135 0.010000
v 0.010803 -0.036453 0.010000
v 0.011104 -0.036760 0.010000
v 0.012624 -0.036266 0.010000
v 0.018146 -0.033411 0.010000
v 0.019333 -0.029465 0.010000
v 0.019452 -0.029878 0.010000
v 0.019552 -0.030296 0.010000
v 0.019636 -0.030717 0.010000
v 0.019715 -0.031139 0.010000
v 0.019771 -0.031565 0.010000
v 0.019818 -0.031992 0.010000
v 0.019888 -0.032849 0.010000
v 0.026508 -0.021938 0.000000
v 0.027283 -0.022307 0.000000
v 0.026141 -0.021714 0.000000
v 0.026890 -0.022133 0.000000
v 0.029923 -0.019383 0.000000
v 0.027681 -0.022469 0.000000
v 0.028086 -0.022612 0.000000
v 0.026141 -0.021714 0.010000
v 0.024038 -0.023411 0.010000
v 0.024038 -0.023411 0.000000
v 0.024327 -0.023728 0.010000
v 0.024327 -0.023728 0.000000
v 0.026508 -0.021938 0.010000
v 0.026890 -0.022133 0.010000
v 0.027283 -0.022307 0.010000
v 0.027681 -0.022469 0.010000
v 0.028496 -0.022739 0.000000
v 0.028086 -0.022612 0.010000
v 0.028908 -0.022862 0.000000
v 0.028496 -0.022739 0.010000
v 0.020771 -0.026353 0.000000
v 0.024588 -0.024069 0.000000
v 0.021367 -0.026970 0.000000
v 0.021055 -0.026674 0.000000
v 0.024823 -0.024429 0.000000
v 0.021701 -0.027240 0.000000
v 0.022049 -0.027492 0.000000
v 0.025037 -0.024802 0.000000
v 0.025239 -0.025181 0.000000
v 0.022405 -0.027733 0.000000
v 0.022771 -0.027957 0.000000
v 0.025424 -0.025569 0.000000
v 0.023146 -0.028167 0.000000
v 0.020771 -0.026353 0.010000
v 0.021055 -0.026674 0.010000
v 0.021367 -0.026970 0.010000
v 0.021701 -0.027240 0.010000
v 0.022049 -0.027492 0.010000
v 0.022405 -0.027733 0.010000
v 0.022771 -0.027957 0.010000
v 0.023523 -0.028373 0.000000
v 0.023146 -0.028167 0.010000
v 0.023911 -0.028558 0.000000
v 0.023523 -0.028373 0.010000
v 0.025593 -0.025963 0.000000
v 0.025759 -0.026360 0.000000
v 0.025902 -0.026765 0.000000
v 0.026037 -0.027173 0.000000
v 0.024302 -0.028734 0.000000
v 0.026168 -0.027582 0.000000
v 0.024696 -0.028908 0.000000
v 0.025095 -0.029065 0.000000
v 0.026283 -0.027996 0.000000
v 0.024588 -0.024069 0.010000
v 0.024823 -0.024429 0.010000
v 0.025037 -0.024802 0.010000
v 0.025239 -0.025181 0.010000
v 0.025424 -0.025569 0.010000
v 0.025593 -0.025963 0.010000
v 0.025759 -0.026360 0.010000
v 0.025902 -0.026765 0.010000
v 0.026037 -0.027173 0.010000
v 0.026168 -0.027582 0.010000
v 0.023911 -0.028558 0.010000
v 0.026283 -0.027996 0.010000
v 0.028908 -0.022862 0.010000
v 0.024302 -0.028734 0.010000
v 0.025095 -0.029065 0.010000
v 0.030184 -0.019724 0.000000
v 0.030432 -0.020075 0.000000
v 0.030676 -0.020428 0.000000
v 0.030901 -0.020795 0.000000
v 0.029326 -0.022962 0.000000
v 0.029746 -0.023054 0.000000
v 0.031117 -0.021166 0.000000
v 0.031331 -0.021539 0.000000
v 0.030166 -0.023142 0.000000
v 0.030590 -0.023213 0.000000
v 0.031529 -0.021919 0.000000
v 0.029923 -0.019383 0.010000
v 0.030184 -0.019724 0.010000
v 0.030432 -0.020075 0.010000
v 0.030676 -0.020428 0.010000
v 0.030901 -0.020795 0.010000
v 0.031117 -0.021166 0.010000
v 0.031331 -0.021539 0.010000
v 0.029326 -0.022962 0.010000
v 0.029746 -0.023054 0.010000
v 0.030166 -0.023142 0.010000
v 0.030590 -0.023213 0.010000
v 0.031529 -0.021919 0.010000
v 0.019862 -0.032420 0.000000
v 0.019862 -0.032420 0.010000
v 0.024696 -0.028908 0.010000
v 0.014354 -0.004354 0.030000
v 0.014982 -0.000736 0.030000
v 0.014928 -0.001470 0.030000
v 0.014838 -0.002201 0.030000
v 0.014712 -0.002926 0.030000
v 0.014550 -0.003645 0.030000
v 0.014123 -0.005053 0.030000
v 0.013858 -0.005740 0.030000
v 0.013560 -0.006413 0.030000
v 0.013229 -0.007071 0.030000
v 0.000736 -0.014982 0.030000
vn -0.6691 0.7431 -0.0000
vn 0.3669 0.9303 -0.0000
vn 0.4033 0.9151 -0.0000
vn -0.0000 -0.0000 -1.0000
vn -0.9981 -0.0615 -0.0000
vn -0.9949 -0.1008 -0.0000
vn -0.9940 -0.1098 -0.0000
vn -0.9916 -0.1296 -0.0000
vn -0.9828 -0.1847 -0.0000
vn -0.9807 -0.1956 -0.0000
vn -0.9726 -0.2324 -0.0000
vn -0.9609 -0.2769 -0.0000
vn -0.9515 -0.3075 -0.0000
vn -0.5000 0.8660 -0.0000
vn -0.8868 -0.4621 -0.0000
vn -0.8090 0.5878 -0.0000
vn 0.1655 0.9862 -0.0000
vn 0.2042 0.9789 -0.0000
vn 0.2131 0.9770 -0.0000
vn 0.2325 0.9726 -0.0000
vn -0.8679 -0.4968 -0.0000
vn -0.8634 -0.5046 -0.0000
vn -0.8532 -0.5217 -0.0000
vn -0.8227 -0.5685 -0.0000
vn -0.8164 -0.5775 -0.0000
vn -0.7940 -0.6079 -0.0000
vn -0.7652 -0.6438 -0.0000
vn -0.9635 -0.2677 -0.0000
vn 0.4116 0.9114 -0.0000
vn -0.9522 -0.3055 -0.0000
vn -0.9494 -0.3140 -0.0000
vn -0.9430 -0.3329 -0.0000
vn -0.9229 -0.3850 -0.0000
vn -0.9186 -0.3952 -0.0000
vn -0.9031 -0.4295 -0.0000
vn -0.8824 -0.4706 -0.0000
vn -0.8668 -0.4986 -0.0000
vn -0.8378 -0.5460 -0.0000
vn -0.7941 -0.6077 -0.0000
vn 0.4296 0.9030 -0.0000
vn 0.4794 0.8776 -0.0000
vn 0.4890 0.8723 -0.0000
vn 0.5216 0.8532 -0.0000
vn 0.5603 0.8283 -0.0000
vn 0.5865 0.8099 -0.0000
vn 0.6306 0.7761 -0.0000
vn 0.6874 0.7262 -0.0000
vn 0.7482 0.6635 -0.0000
vn 0.0472 0.9989 -0.0000
vn -0.5878 0.8090 -0.0000
vn 0.2865 0.9581 -0.0000
vn 0.2970 0.9549 -0.0000
vn 0.3328 0.9430 -0.0000
vn 0.3758 0.9267 -0.0000
vn 0.4053 0.9142 -0.0000
vn 0.4554 0.8903 -0.0000
vn -0.7381 -0.6747 -0.0000
vn -0.9983 0.0575 -0.0000
vn 0.5214 0.8533 -0.0000
vn 0.5939 0.8046 -0.0000
vn -0.7431 0.6691 -0.0000
vn -0.1616 0.9869 -0.0000
vn -0.8668 -0.4987 -0.0000
vn 0.0471 0.9989 -0.0000
vn -0.7941 -0.6078 -0.0000
vn -0.0000 -0.0000 1.0000
vn 0.5523 0.8336 -0.0000
vn -0.9891 0.1474 -0.0000
vn -0.3090 0.9511 -0.0000
vn 0.7136 0.7006 -0.0000
vn 0.7406 0.6719 -0.0000
vn 0.7467 0.6652 -0.0000
vn -0.9941 0.1082 -0.0000
vn -0.9951 0.0993 -0.0000
vn -0.9968 0.0794 -0.0000
vn -0.9997 0.0236 -0.0000
vn -0.9999 0.0126 -0.0000
vn -0.9997 -0.0251 -0.0000
vn 0.7598 0.6502 -0.0000
vn 0.7949 0.6067 -0.0000
vn 0.5847 0.8112 -0.0000
vn 0.5921 0.8059 -0.0000
vn 0.6080 0.7940 -0.0000
vn 0.6514 0.7588 -0.0000
vn 0.6597 0.7515 -0.0000
vn 0.6876 0.7261 -0.0000
vn 0.7202 0.6937 -0.0000
vn 0.7421 0.6703 -0.0000
vn -0.9330 -0.3598 -0.0000
vn 0.7781 0.6281 -0.0000
vn 0.8234 0.5674 -0.0000
vn 0.8698 0.4934 -0.0000
vn 0.2538 0.9673 -0.0000
vn -0.9975 -0.0710 -0.0000
vn -0.9947 -0.1030 -0.0000
vn -0.9874 -0.1580 -0.0000
vn -0.9727 -0.2322 -0.0000
vn -0.9487 -0.3162 -0.0000
vn -0.4067 0.9135 -0.0000
vn -0.8886 0.4586 -0.0000
vn 0.8015 0.5979 -0.0000
vn 0.6080 0.7939 -0.0000
vn 0.6514 0.7587 -0.0000
vn 0.8234 0.5675 -0.0000
vn -0.9368 0.3498 -0.0000
vn -0.9499 0.3126 -0.0000
vn -0.9527 0.3040 -0.0000
vn -0.9585 0.2850 -0.0000
vn -0.9754 0.2202 -0.0000
vn -0.9730 0.2310 -0.0000
vn 0.8235 0.5673 -0.0000
vn 0.8487 0.5288 -0.0000
vn 0.8652 0.5014 -0.0000
vn -0.9831 0.1833 -0.0000
vn -0.9904 0.1379 -0.0000
vn -0.9944 0.1061 -0.0000
vn -0.9987 0.0507 -0.0000
vn -0.9997 -0.0249 -0.0000
vn -0.1045 0.9945 -0.0000
vn 0.8436 0.5369 -0.0000
vn 0.8641 0.5032 -0.0000
vn 0.8687 0.4954 -0.0000
vn 0.8783 0.4780 -0.0000
vn 0.9037 0.4282 -0.0000
vn 0.9083 0.4182 -0.0000
vn 0.9235 0.3837 -0.0000
vn 0.9401 0.3408 -0.0000
vn 0.9506 0.3105 -0.0000
vn 0.9663 0.2573 -0.0000
vn 0.9830 0.1835 -0.0000
vn 0.9953 0.0970 -0.0000
vn 0.8917 0.4526 -0.0000
vn 0.9234 0.3839 -0.0000
vn 0.9534 0.3018 -0.0000
vn 0.4494 0.8933 -0.0000
vn -0.2079 0.9781 -0.0000
vn -0.9937 -0.1120 -0.0000
vn -0.7739 0.6333 -0.0000
vn 0.6253 0.7804 -0.0000
vn 0.8642 0.5032 -0.0000
vn -0.0000 1.0000 -0.0000
vn -0.9031 -0.4294 -0.0000
vn -0.8622 -0.5065 -0.0000
vn -0.9646 0.2638 -0.0000
vn -0.9135 0.4067 -0.0000
vn -0.0432 0.9991 -0.0000
vn -0.0037 1.0000 -0.0000
vn 0.0053 1.0000 -0.0000
vn -0.7713 -0.6364 -0.0000
vn -0.7456 -0.6663 -0.0000
vn -0.7442 -0.6680 -0.0000
vn -0.7060 -0.7082 -0.0000
vn -0.6504 -0.7596 -0.0000
vn 0.0252 0.9997 -0.0000
vn 0.0810 0.9967 -0.0000
vn 0.0920 0.9958 -0.0000
vn 0.1294 0.9916 -0.0000
vn 0.1749 0.9846 -0.0000
vn 0.2064 0.9785 -0.0000
vn 0.2604 0.9655 -0.0000
vn 0.3326 0.9431 -0.0000
vn 0.4136 0.9104 -0.0000
vn -0.3632 0.9317 -0.0000
vn -0.7396 -0.6731 -0.0000
vn -0.7261 -0.6876 -0.0000
vn -0.6865 -0.7271 -0.0000
vn -0.6784 -0.7347 -0.0000
vn -0.6503 -0.7597 -0.0000
vn -0.6147 -0.7888 -0.0000
vn -0.5891 -0.8081 -0.0000
vn -0.5433 -0.8395 -0.0000
vn -0.4783 -0.8782 -0.0000
vn -0.3998 -0.9166 -0.0000
vn -0.9354 -0.3535 -0.0000
vn -0.9511 0.3090 -0.0000
vn -0.8660 0.5000 -0.0000
vn -0.7260 -0.6876 -0.0000
vn -0.5817 -0.8134 -0.0000
vn -0.9885 -0.1513 -0.0000
vn -0.2027 0.9792 -0.0000
vn -0.2500 0.9683 -0.0000
vn -0.2116 0.9774 -0.0000
vn -0.9781 0.2079 -0.0000
vn -0.1832 0.9831 -0.0000
vn -0.1280 0.9918 -0.0000
vn -0.1171 0.9931 -0.0000
vn -0.0795 0.9968 -0.0000
vn -0.0336 0.9994 -0.0000
vn -0.0016 1.0000 -0.0000
vn -0.6222 -0.7829 -0.0000
vn -0.5908 -0.8068 -0.0000
vn -0.5835 -0.8121 -0.0000
vn -0.5672 -0.8236 -0.0000
vn -0.5203 -0.8540 -0.0000
vn -0.5109 -0.8597 -0.0000
vn -0.4781 -0.8783 -0.0000
vn -0.4372 -0.8994 -0.0000
vn -0.4082 -0.9129 -0.0000
vn -0.3569 -0.9341 -0.0000
vn -0.2852 -0.9585 -0.0000
vn 0.0539 0.9985 -0.0000
vn 0.1293 0.9916 -0.0000
vn 0.2153 0.9765 -0.0000
vn -0.5490 0.8358 -0.0000
vn -0.2005 -0.9797 -0.0000
vn -0.4019 0.9157 -0.0000
vn -0.3836 0.9235 -0.0000
vn -0.3314 0.9435 -0.0000
vn -0.3210 0.9471 -0.0000
vn -0.4458 0.8951 -0.0000
vn -0.4102 0.9120 -0.0000
vn -1.0000 -0.0000 -0.0000
vn -0.2851 0.9585 -0.0000
vn -0.2407 0.9706 -0.0000
vn -0.2094 0.9778 -0.0000
vn -0.1549 0.9879 -0.0000
vn -0.0797 0.9968 -0.0000
vn 0.0076 1.0000 -0.0000
vn -0.8415 -0.5403 -0.0000
vn -0.9945 0.1045 -0.0000
vn -0.7108 0.7034 -0.0000
vn -0.0000 -0.0002 1.0000
vn 0.6943 -0.7197 -0.0000
vn 0.7287 -0.6848 -0.0000
vn 0.5405 -0.8413 -0.0000
vn 0.3660 -0.9306 -0.0000
vn 0.4555 -0.8903 -0.0000
vn 0.4986 -0.8668 -0.0000
vn 0.4112 -0.9115 -0.0000
vn 0.6204 -0.7843 -0.0000
vn 0.5811 -0.8138 -0.0000
vn 0.6581 -0.7529 -0.0000
vn 0.3199 -0.9475 -0.0000
vn 0.2730 -0.9620 -0.0000
vn 0.2255 -0.9742 -0.0000
vn 0.1774 -0.9841 -0.0000
vn 0.1289 -0.9917 -0.0000
vn 0.0801 -0.9968 -0.0000
vn 0.0311 -0.9995 -0.0000
vn 0.7924 -0.6101 -0.0000
vn 0.7615 -0.6482 -0.0000
vn 0.8213 -0.5704 -0.0000
vn 0.8483 -0.5295 -0.0000
vn 0.8733 -0.4872 -0.0000
vn 0.8961 -0.4438 -0.0000
vn 0.9168 -0.3992 -0.0000
vn 0.9353 -0.3538 -0.0000
vn 0.9516 -0.3075 -0.0000
vn 0.9655 -0.2604 -0.0000
vn 0.9771 -0.2127 -0.0000
vn 0.9864 -0.1645 -0.0000
vn 0.9933 -0.1159 -0.0000
vn 0.9978 -0.0670 -0.0000
vn 0.9998 -0.0180 -0.0000
vn -0.6895 0.7242 -0.0000
vn -0.6532 0.7572 -0.0000
vn -0.7242 0.6895 -0.0000
vn -0.7572 0.6532 -0.0000
vn -0.2667 0.9638 -0.0000
vn -0.2191 0.9757 -0.0000
vn -0.1710 0.9853 -0.0000
vn -0.1224 0.9925 -0.0000
vn -0.0736 0.9973 -0.0000
vn -0.0245 0.9997 -0.0000
vn -0.5758 0.8176 -0.0000
vn -0.5350 0.8449 -0.0000
vn -0.4929 0.8701 -0.0000
vn -0.4496 0.8932 -0.0000
vn -0.4052 0.9142 -0.0000
vn -0.3599 0.9330 -0.0000
vn -0.3137 0.9495 -0.0000
vn -0.6152 0.7883 -0.0000
vn -0.8176 0.5758 -0.0000
vn -0.8449 0.5350 -0.0000
vn -0.8701 0.4929 -0.0000
vn -0.7883 0.6152 -0.0000
vn -0.8932 0.4496 -0.0000
vn -0.9142 0.4052 -0.0000
vn -0.9330 0.3599 -0.0000
vn -0.9638 0.2667 -0.0000
vn -0.9757 0.2191 -0.0000
vn -0.9853 0.1710 -0.0000
vn -0.9925 0.1224 -0.0000
vn -0.9973 0.0736 -0.0000
vn -0.9997 0.0245 -0.0000
vn -0.9495 0.3137 -0.0000
vn 0.4554 -0.8903 -0.0000
vn -0.0000 0.0001 1.0000
vn -0.0000 -0.0003 1.0000
vn -0.9037 0.4282 -0.0000
vn -0.9083 0.4182 -0.0000
vn -0.8642 0.5032 -0.0000
vn -0.8436 0.5369 -0.0000
vn -0.8687 0.4954 -0.0000
vn 0.1045 0.9945 -0.0000
vn -0.8783 0.4780 -0.0000
vn -0.9401 0.3408 -0.0000
vn -0.9235 0.3837 -0.0000
vn -0.9506 0.3105 -0.0000
vn -0.9663 0.2573 -0.0000
vn -0.9830 0.1835 -0.0000
vn -0.9953 0.0970 -0.0000
vn 0.9368 0.3498 -0.0000
vn 0.9499 0.3126 -0.0000
vn 0.9527 0.3040 -0.0000
vn 0.9585 0.2850 -0.0000
vn 0.9730 0.2310 -0.0000
vn 0.9754 0.2202 -0.0000
vn 0.9831 0.1833 -0.0000
vn 0.9904 0.1379 -0.0000
vn 0.9944 0.1061 -0.0000
vn 0.9987 0.0507 -0.0000
vn 0.9997 -0.0249 -0.0000
vn -0.8235 0.5673 -0.0000
vn -0.8487 0.5288 -0.0000
vn -0.8652 0.5014 -0.0000
vn -0.8917 0.4526 -0.0000
vn -0.6253 0.7804 -0.0000
vn 0.9937 -0.1120 -0.0000
vn 0.7739 0.6333 -0.0000
vn 0.2079 0.9781 -0.0000
vn -0.9534 0.3018 -0.0000
vn -0.4494 0.8933 -0.0000
vn -0.9234 0.3839 -0.0000
vn -0.8641 0.5032 -0.0000
vn -0.8015 0.5979 -0.0000
vn -0.7406 0.6719 -0.0000
vn -0.7467 0.6652 -0.0000
vn -0.7136 0.7006 -0.0000
vn 0.3090 0.9511 -0.0000
vn 0.9891 0.1474 -0.0000
vn -0.7598 0.6502 -0.0000
vn -0.7949 0.6067 -0.0000
vn 0.9941 0.1082 -0.0000
vn 0.9951 0.0993 -0.0000
vn 0.9968 0.0794 -0.0000
vn 0.9997 0.0236 -0.0000
vn 0.9999 0.0126 -0.0000
vn -0.5523 0.8336 -0.0000
vn 0.9997 -0.0251 -0.0000
vn 0.9975 -0.0710 -0.0000
vn 0.9947 -0.1030 -0.0000
vn 0.9874 -0.1580 -0.0000
vn 0.9727 -0.2322 -0.0000
vn 0.9487 -0.3162 -0.0000
vn 0.8886 0.4586 -0.0000
vn 0.4067 0.9135 -0.0000
vn -0.6597 0.7515 -0.0000
vn -0.6876 0.7261 -0.0000
vn -0.7202 0.6937 -0.0000
vn -0.7421 0.6703 -0.0000
vn -0.5921 0.8059 -0.0000
vn -0.6080 0.7939 -0.0000
vn -0.6514 0.7587 -0.0000
vn -0.5847 0.8112 -0.0000
vn -0.7781 0.6281 -0.0000
vn -0.8234 0.5675 -0.0000
vn -0.8698 0.4934 -0.0000
vn -0.2538 0.9673 -0.0000
vn 0.9330 -0.3598 -0.0000
vn -0.6080 0.7940 -0.0000
vn -0.6514 0.7588 -0.0000
vn 0.5000 0.8660 -0.0000
vn -0.8234 0.5674 -0.0000
vn 0.9031 -0.4294 -0.0000
vn 0.8622 -0.5065 -0.0000
vn 0.9646 0.2638 -0.0000
vn 0.9981 -0.0615 -0.0000
vn 0.9940 -0.1098 -0.0000
vn 0.9949 -0.1008 -0.0000
vn 0.9916 -0.1296 -0.0000
vn 0.9828 -0.1847 -0.0000
vn 0.9807 -0.1956 -0.0000
vn 0.9726 -0.2324 -0.0000
vn 0.9609 -0.2769 -0.0000
vn 0.9515 -0.3075 -0.0000
vn -0.4033 0.9151 -0.0000
vn -0.3669 0.9303 -0.0000
vn 0.6691 0.7431 -0.0000
vn 0.5878 0.8090 -0.0000
vn -0.6306 0.7761 -0.0000
vn -0.0471 0.9989 -0.0000
vn -0.7482 0.6635 -0.0000
vn -0.6874 0.7262 -0.0000
vn -0.5216 0.8532 -0.0000
vn -0.5603 0.8283 -0.0000
vn -0.4296 0.9030 -0.0000
vn -0.4794 0.8776 -0.0000
vn -0.4890 0.8723 -0.0000
vn -0.5865 0.8099 -0.0000
vn -0.4116 0.9114 -0.0000
vn 0.9635 -0.2677 -0.0000
vn 0.9522 -0.3055 -0.0000
vn 0.9494 -0.3140 -0.0000
vn 0.9430 -0.3329 -0.0000
vn 0.9229 -0.3850 -0.0000
vn 0.9186 -0.3952 -0.0000
vn 0.9031 -0.4295 -0.0000
vn 0.8824 -0.4706 -0.0000
vn 0.8668 -0.4987 -0.0000
vn 0.8378 -0.5460 -0.0000
vn 0.7941 -0.6078 -0.0000
vn 0.7381 -0.6747 -0.0000
vn 0.9983 0.0575 -0.0000
vn 0.7431 0.6691 -0.0000
vn -0.5214 0.8533 -0.0000
vn -0.5939 0.8046 -0.0000
vn -0.2865 0.9581 -0.0000
vn -0.4053 0.9142 -0.0000
vn -0.3758 0.9267 -0.0000
vn -0.4554 0.8903 -0.0000
vn -0.3328 0.9430 -0.0000
vn -0.2970 0.9549 -0.0000
vn 0.1616 0.9869 -0.0000
vn -0.0472 0.9989 -0.0000
vn 0.8668 -0.4986 -0.0000
vn 0.7941 -0.6077 -0.0000
vn -0.2325 0.9726 -0.0000
vn -0.2131 0.9770 -0.0000
vn -0.2042 0.9789 -0.0000
vn -0.1655 0.9862 -0.0000
vn 0.8090 0.5878 -0.0000
vn 0.8868 -0.4621 -0.0000
vn 0.8679 -0.4968 -0.0000
vn 0.8634 -0.5046 -0.0000
vn 0.8532 -0.5217 -0.0000
vn 0.7652 -0.6438 -0.0000
vn 0.8227 -0.5685 -0.0000
vn 0.8164 -0.5775 -0.0000
vn 0.7940 -0.6079 -0.0000
vn -0.0180 -0.9998 -0.0000
vn -0.0670 -0.9978 -0.0000
vn -0.1159 -0.9933 -0.0000
vn -0.1645 -0.9864 -0.0000
vn -0.2127 -0.9771 -0.0000
vn -0.2604 -0.9655 -0.0000
vn -0.3075 -0.9516 -0.0000
vn -0.3538 -0.9353 -0.0000
vn -0.3992 -0.9168 -0.0000
vn -0.4438 -0.8961 -0.0000
vn -0.4872 -0.8733 -0.0000
vn -0.5295 -0.8483 -0.0000
vn -0.5704 -0.8213 -0.0000
vn -0.6101 -0.7924 -0.0000
vn -0.6482 -0.7615 -0.0000
vn -0.6848 -0.7287 -0.0000
vn -0.7197 -0.6943 -0.0000
vn -0.7529 -0.6581 -0.0000
vn -0.7843 -0.6204 -0.0000
vn -0.8138 -0.5811 -0.0000
vn -0.8413 -0.5405 -0.0000
vn -0.8903 -0.4554 -0.0000
vn -0.9115 -0.4112 -0.0000
vn -0.9306 -0.3660 -0.0000
vn -0.9475 -0.3199 -0.0000
vn -0.9620 -0.2730 -0.0000
vn -0.9742 -0.2255 -0.0000
vn -0.9841 -0.1774 -0.0000
vn -0.9917 -0.1289 -0.0000
vn -0.9968 -0.0801 -0.0000
vn -0.9995 -0.0311 -0.0000
vn 0.5817 -0.8134 -0.0000
vn 0.9885 -0.1513 -0.0000
vn 0.8660 0.5000 -0.0000
vn 0.7442 -0.6680 -0.0000
vn 0.6504 -0.7596 -0.0000
vn 0.7060 -0.7082 -0.0000
vn 0.3632 0.9317 -0.0000
vn -0.4136 0.9104 -0.0000
vn -0.3326 0.9431 -0.0000
vn -0.2604 0.9655 -0.0000
vn -0.2064 0.9785 -0.0000
vn -0.1749 0.9846 -0.0000
vn -0.1294 0.9916 -0.0000
vn -0.0920 0.9958 -0.0000
vn -0.0810 0.9967 -0.0000
vn -0.0252 0.9997 -0.0000
vn -0.0053 1.0000 -0.0000
vn 0.0037 1.0000 -0.0000
vn 0.0432 0.9991 -0.0000
vn 0.9135 0.4067 -0.0000
vn 0.7713 -0.6364 -0.0000
vn 0.5433 -0.8395 -0.0000
vn 0.6147 -0.7888 -0.0000
vn 0.6503 -0.7597 -0.0000
vn 0.5891 -0.8081 -0.0000
vn 0.3998 -0.9166 -0.0000
vn 0.9354 -0.3535 -0.0000
vn 0.4783 -0.8782 -0.0000
vn 0.9511 0.3090 -0.0000
vn 0.7396 -0.6731 -0.0000
vn 0.6865 -0.7271 -0.0000
vn 0.7260 -0.6876 -0.0000
vn 0.7456 -0.6663 -0.0000
vn 0.6784 -0.7347 -0.0000
vn 0.7261 -0.6876 -0.0000
vn 0.5490 0.8358 -0.0000
vn -0.2153 0.9765 -0.0000
vn -0.0539 0.9985 -0.0000
vn -0.1293 0.9916 -0.0000
vn 0.2005 -0.9797 -0.0000
vn 0.0016 1.0000 -0.0000
vn 0.0336 0.9994 -0.0000
vn 0.0795 0.9968 -0.0000
vn 0.1171 0.9931 -0.0000
vn 0.1280 0.9918 -0.0000
vn 0.1832 0.9831 -0.0000
vn 0.2027 0.9792 -0.0000
vn 0.2116 0.9774 -0.0000
vn 0.2500 0.9683 -0.0000
vn 0.9781 0.2079 -0.0000
vn 0.2852 -0.9585 -0.0000
vn 0.3569 -0.9341 -0.0000
vn 0.4082 -0.9129 -0.0000
vn 0.4372 -0.8994 -0.0000
vn 0.4781 -0.8783 -0.0000
vn 0.5109 -0.8597 -0.0000
vn 0.5908 -0.8068 -0.0000
vn 0.5203 -0.8540 -0.0000
vn 0.5672 -0.8236 -0.0000
vn 0.5835 -0.8121 -0.0000
vn 0.6222 -0.7829 -0.0000
vn 0.8415 -0.5403 -0.0000
vn 0.9945 0.1045 -0.0000
vn 0.7108 0.7034 -0.0000
vn -0.0076 1.0000 -0.0000
vn 0.0797 0.9968 -0.0000
vn 0.1549 0.9879 -0.0000
vn 0.2094 0.9778 -0.0000
vn 0.2407 0.9706 -0.0000
vn 0.2851 0.9585 -0.0000
vn 0.3210 0.9471 -0.0000
vn 0.3314 0.9435 -0.0000
vn 0.3836 0.9235 -0.0000
vn 0.4019 0.9157 -0.0000
vn 0.4102 0.9120 -0.0000
vn 0.4458 0.8951 -0.0000
vn 1.0000 -0.0000 -0.0000
vn 0.0245 0.9997 -0.0000
vn 0.0736 0.9973 -0.0000
vn 0.1224 0.9925 -0.0000
vn 0.1710 0.9853 -0.0000
vn 0.2191 0.9757 -0.0000
vn 0.2667 0.9638 -0.0000
vn 0.3137 0.9495 -0.0000
vn 0.3599 0.9330 -0.0000
vn 0.4052 0.9142 -0.0000
vn 0.4496 0.8932 -0.0000
vn 0.4929 0.8701 -0.0000
vn 0.5350 0.8449 -0.0000
vn 0.5758 0.8176 -0.0000
vn 0.6152 0.7883 -0.0000
vn 0.6532 0.7572 -0.0000
vn 0.6895 0.7242 -0.0000
vn 0.7242 0.6895 -0.0000
vn 0.7572 0.6532 -0.0000
vn -0.3993 -0.9168 -0.0000
vn 0.7883 0.6152 -0.0000
vn 0.8176 0.5758 -0.0000
vn 0.8449 0.5350 -0.0000
vn 0.8701 0.4929 -0.0000
vn 0.8932 0.4496 -0.0000
vn 0.9142 0.4052 -0.0000
vn 0.9330 0.3599 -0.0000
vn 0.9495 0.3137 -0.0000
vn 0.9638 0.2667 -0.0000
vn 0.9757 0.2191 -0.0000
vn 0.9853 0.1710 -0.0000
vn 0.9925 0.1224 -0.0000
vn 0.9973 0.0736 -0.0000
vn 0.9997 0.0245 -0.0000
vn -0.0000 -0.0001 1.0000
vn -0.4458 -0.8951 -0.0000
vn -0.4102 -0.9120 -0.0000
vn -0.4019 -0.9157 -0.0000
vn -0.3836 -0.9235 -0.0000
vn -0.3314 -0.9435 -0.0000
vn -0.3210 -0.9471 -0.0000
vn -0.2851 -0.9585 -0.0000
vn -0.2407 -0.9706 -0.0000
vn -0.2094 -0.9778 -0.0000
vn -0.1549 -0.9879 -0.0000
vn -0.0797 -0.9968 -0.0000
vn 0.0076 -1.0000 -0.0000
vn -0.7108 -0.7034 -0.0000
vn -0.9945 -0.1045 -0.0000
vn -0.8415 0.5403 -0.0000
vn -0.6222 0.7829 -0.0000
vn -0.5835 0.8121 -0.0000
vn -0.5672 0.8236 -0.0000
vn -0.5203 0.8540 -0.0000
vn -0.5908 0.8068 -0.0000
vn -0.5109 0.8597 -0.0000
vn -0.4781 0.8783 -0.0000
vn -0.4372 0.8994 -0.0000
vn -0.4082 0.9129 -0.0000
vn -0.3569 0.9341 -0.0000
vn -0.2852 0.9585 -0.0000
vn -0.9781 -0.2079 -0.0000
vn -0.2500 -0.9683 -0.0000
vn -0.2116 -0.9774 -0.0000
vn -0.2027 -0.9792 -0.0000
vn -0.1832 -0.9831 -0.0000
vn -0.1280 -0.9918 -0.0000
vn -0.1171 -0.9931 -0.0000
vn -0.0795 -0.9968 -0.0000
vn -0.0336 -0.9994 -0.0000
vn -0.0016 -1.0000 -0.0000
vn -0.2005 0.9797 -0.0000
vn 0.1293 -0.9916 -0.0000
vn 0.0539 -0.9985 -0.0000
vn 0.2153 -0.9765 -0.0000
vn -0.5490 -0.8358 -0.0000
vn -0.6784 0.7347 -0.0000
vn -0.7456 0.6663 -0.0000
vn -0.7260 0.6876 -0.0000
vn -0.6865 0.7271 -0.0000
vn -0.7396 0.6731 -0.0000
vn -0.9511 -0.3090 -0.0000
vn -0.4783 0.8782 -0.0000
vn -0.9354 0.3535 -0.0000
vn -0.3998 0.9166 -0.0000
vn -0.5891 0.8081 -0.0000
vn -0.6503 0.7597 -0.0000
vn -0.6147 0.7888 -0.0000
vn -0.5433 0.8395 -0.0000
vn -0.7713 0.6364 -0.0000
vn -0.9135 -0.4067 -0.0000
vn -0.0432 -0.9991 -0.0000
vn -0.0037 -1.0000 -0.0000
vn 0.0053 -1.0000 -0.0000
vn 0.0252 -0.9997 -0.0000
vn 0.0810 -0.9967 -0.0000
vn 0.0920 -0.9958 -0.0000
vn 0.1294 -0.9916 -0.0000
vn 0.1749 -0.9846 -0.0000
vn 0.2064 -0.9785 -0.0000
vn 0.2604 -0.9655 -0.0000
vn 0.3326 -0.9431 -0.0000
vn 0.4136 -0.9104 -0.0000
vn -0.3632 -0.9317 -0.0000
vn -0.8660 -0.5000 -0.0000
vn -0.7060 0.7082 -0.0000
vn -0.6504 0.7596 -0.0000
vn -0.7442 0.6680 -0.0000
vn -0.7261 0.6876 -0.0000
vn -0.9885 0.1513 -0.0000
vn -0.5817 0.8134 -0.0000
vn 0.9995 0.0311 -0.0000
vn 0.9968 0.0801 -0.0000
vn 0.9917 0.1289 -0.0000
vn 0.9841 0.1774 -0.0000
vn 0.9742 0.2255 -0.0000
vn 0.9620 0.2730 -0.0000
vn 0.9475 0.3199 -0.0000
vn 0.9306 0.3660 -0.0000
vn 0.9115 0.4112 -0.0000
vn 0.8903 0.4554 -0.0000
vn 0.8668 0.4986 -0.0000
vn 0.8413 0.5405 -0.0000
vn 0.8138 0.5811 -0.0000
vn 0.7843 0.6204 -0.0000
vn 0.7529 0.6581 -0.0000
vn 0.7197 0.6943 -0.0000
vn 0.6848 0.7287 -0.0000
vn 0.6482 0.7615 -0.0000
vn 0.6101 0.7924 -0.0000
vn 0.5704 0.8213 -0.0000
vn 0.5295 0.8483 -0.0000
vn 0.4872 0.8733 -0.0000
vn 0.4438 0.8961 -0.0000
vn 0.3992 0.9168 -0.0000
vn 0.3538 0.9353 -0.0000
vn 0.3075 0.9516 -0.0000
vn 0.2127 0.9771 -0.0000
vn 0.1645 0.9864 -0.0000
vn 0.1159 0.9933 -0.0000
vn 0.0670 0.9978 -0.0000
vn 0.0180 0.9998 -0.0000
vn -0.7940 0.6079 -0.0000
vn -0.8164 0.5775 -0.0000
vn -0.8227 0.5685 -0.0000
vn -0.7652 0.6438 -0.0000
vn -0.8532 0.5217 -0.0000
vn -0.8634 0.5046 -0.0000
vn -0.8679 0.4968 -0.0000
vn -0.8868 0.4621 -0.0000
vn -0.8090 -0.5878 -0.0000
vn 0.1655 -0.9862 -0.0000
vn 0.2042 -0.9789 -0.0000
vn 0.2131 -0.9770 -0.0000
vn 0.2325 -0.9726 -0.0000
vn -0.1616 -0.9869 -0.0000
vn 0.2970 -0.9549 -0.0000
vn 0.3328 -0.9430 -0.0000
vn 0.3758 -0.9267 -0.0000
vn 0.4053 -0.9142 -0.0000
vn 0.2865 -0.9581 -0.0000
vn 0.5939 -0.8046 -0.0000
vn 0.5214 -0.8533 -0.0000
vn -0.7431 -0.6691 -0.0000
vn -0.9983 -0.0575 -0.0000
vn -0.7381 0.6747 -0.0000
vn -0.7941 0.6078 -0.0000
vn -0.8378 0.5460 -0.0000
vn -0.8668 0.4987 -0.0000
vn -0.8824 0.4706 -0.0000
vn -0.9031 0.4295 -0.0000
vn -0.9186 0.3952 -0.0000
vn -0.9229 0.3850 -0.0000
vn -0.9430 0.3329 -0.0000
vn -0.9494 0.3140 -0.0000
vn -0.9522 0.3055 -0.0000
vn -0.9635 0.2677 -0.0000
vn -0.6691 -0.7431 -0.0000
vn 0.4116 -0.9114 -0.0000
vn 0.5865 -0.8099 -0.0000
vn 0.4890 -0.8723 -0.0000
vn 0.4794 -0.8776 -0.0000
vn 0.4296 -0.9030 -0.0000
vn 0.5603 -0.8283 -0.0000
vn 0.5216 -0.8532 -0.0000
vn 0.6874 -0.7262 -0.0000
vn 0.7482 -0.6635 -0.0000
vn 0.0471 -0.9989 -0.0000
vn 0.6306 -0.7761 -0.0000
vn -0.5878 -0.8090 -0.0000
vn -0.7941 0.6077 -0.0000
vn -0.8668 0.4986 -0.0000
vn 0.0472 -0.9989 -0.0000
vn 0.3669 -0.9303 -0.0000
vn 0.4033 -0.9151 -0.0000
vn -0.9515 0.3075 -0.0000
vn -0.9609 0.2769 -0.0000
vn -0.9726 0.2324 -0.0000
vn -0.9807 0.1956 -0.0000
vn -0.9828 0.1847 -0.0000
vn -0.9916 0.1296 -0.0000
vn -0.9949 0.1008 -0.0000
vn -0.9940 0.1098 -0.0000
vn -0.9981 0.0615 -0.0000
vn -0.5000 -0.8660 -0.0000
vn -0.9646 -0.2638 -0.0000
vn -0.8622 0.5065 -0.0000
vn -0.9031 0.4294 -0.0000
vn -0.9330 0.3598 -0.0000
vn 0.2538 -0.9673 -0.0000
vn 0.8698 -0.4934 -0.0000
vn 0.8234 -0.5675 -0.0000
vn 0.7781 -0.6281 -0.0000
vn 0.5847 -0.8112 -0.0000
vn 0.6514 -0.7587 -0.0000
vn 0.6080 -0.7939 -0.0000
vn 0.5921 -0.8059 -0.0000
vn 0.7421 -0.6703 -0.0000
vn 0.7202 -0.6937 -0.0000
vn 0.6876 -0.7261 -0.0000
vn 0.6597 -0.7515 -0.0000
vn -0.4067 -0.9135 -0.0000
vn -0.8886 -0.4586 -0.0000
vn -0.9487 0.3162 -0.0000
vn -0.9727 0.2322 -0.0000
vn -0.9874 0.1580 -0.0000
vn -0.9947 0.1030 -0.0000
vn -0.9975 0.0710 -0.0000
vn -0.9997 0.0251 -0.0000
vn 0.5523 -0.8336 -0.0000
vn -0.9999 -0.0126 -0.0000
vn -0.9997 -0.0236 -0.0000
vn -0.9968 -0.0794 -0.0000
vn -0.9951 -0.0993 -0.0000
vn -0.9941 -0.1082 -0.0000
vn 0.8015 -0.5979 -0.0000
vn 0.7949 -0.6067 -0.0000
vn 0.7598 -0.6502 -0.0000
vn -0.9891 -0.1474 -0.0000
vn -0.3090 -0.9511 -0.0000
vn 0.7136 -0.7006 -0.0000
vn 0.7467 -0.6652 -0.0000
vn 0.7406 -0.6719 -0.0000
vn 0.8234 -0.5674 -0.0000
vn 0.6514 -0.7588 -0.0000
vn 0.6080 -0.7940 -0.0000
vn 0.9234 -0.3839 -0.0000
vn 0.4494 -0.8933 -0.0000
vn 0.9534 -0.3018 -0.0000
vn -0.2079 -0.9781 -0.0000
vn -0.7739 -0.6333 -0.0000
vn -0.9937 0.1120 -0.0000
vn 0.6253 -0.7804 -0.0000
vn -0.0000 -1.0000 -0.0000
vn 0.8917 -0.4526 -0.0000
vn 0.8652 -0.5014 -0.0000
vn 0.8487 -0.5288 -0.0000
vn 0.8235 -0.5673 -0.0000
vn -0.9997 0.0249 -0.0000
vn -0.9987 -0.0507 -0.0000
vn -0.9944 -0.1061 -0.0000
vn -0.9904 -0.1379 -0.0000
vn -0.9831 -0.1833 -0.0000
vn -0.9754 -0.2202 -0.0000
vn -0.9730 -0.2310 -0.0000
vn -0.9585 -0.2850 -0.0000
vn -0.9527 -0.3040 -0.0000
vn -0.9499 -0.3126 -0.0000
vn -0.9368 -0.3498 -0.0000
vn 0.9953 -0.0970 -0.0000
vn 0.9830 -0.1835 -0.0000
vn 0.9663 -0.2573 -0.0000
vn 0.9506 -0.3105 -0.0000
vn 0.9235 -0.3837 -0.0000
vn 0.9401 -0.3408 -0.0000
vn 0.8783 -0.4780 -0.0000
vn -0.1045 -0.9945 -0.0000
vn 0.8687 -0.4954 -0.0000
vn 0.8436 -0.5369 -0.0000
vn 0.8642 -0.5032 -0.0000
vn 0.9083 -0.4182 -0.0000
vn 0.9037 -0.4282 -0.0000
vn 0.8641 -0.5032 -0.0000
vn -0.9997 -0.0245 -0.0000
vn -0.9973 -0.0736 -0.0000
vn -0.9925 -0.1224 -0.0000
vn -0.9853 -0.1710 -0.0000
vn -0.9757 -0.2191 -0.0000
vn -0.9638 -0.2667 -0.0000
vn -0.9495 -0.3137 -0.0000
vn -0.9330 -0.3599 -0.0000
vn -0.9142 -0.4052 -0.0000
vn -0.8932 -0.4496 -0.0000
vn -0.8701 -0.4929 -0.0000
vn -0.8449 -0.5350 -0.0000
vn -0.8176 -0.5758 -0.0000
vn -0.7883 -0.6152 -0.0000
vn 0.3993 0.9168 -0.0000
vn -0.7572 -0.6532 -0.0000
vn -0.7242 -0.6895 -0.0000
vn -0.6895 -0.7242 -0.0000
vn -0.6532 -0.7572 -0.0000
vn -0.6152 -0.7883 -0.0000
vn -0.5758 -0.8176 -0.0000
vn -0.5350 -0.8449 -0.0000
vn -0.4929 -0.8701 -0.0000
vn -0.4496 -0.8932 -0.0000
vn -0.4052 -0.9142 -0.0000
vn -0.3599 -0.9330 -0.0000
vn -0.3137 -0.9495 -0.0000
vn -0.2667 -0.9638 -0.0000
vn -0.2191 -0.9757 -0.0000
vn -0.1710 -0.9853 -0.0000
vn -0.1224 -0.9925 -0.0000
vn -0.0736 -0.9973 -0.0000
vn -0.0245 -0.9997 -0.0000
vn -0.9998 0.0180 -0.0000
vn -0.9978 0.0670 -0.0000
vn -0.9933 0.1159 -0.0000
vn -0.9864 0.1645 -0.0000
vn -0.9771 0.2127 -0.0000
vn -0.9655 0.2604 -0.0000
vn -0.9516 0.3075 -0.0000
vn -0.9353 0.3538 -0.0000
vn -0.9168 0.3992 -0.0000
vn -0.8961 0.4438 -0.0000
vn -0.8733 0.4872 -0.0000
vn -0.8483 0.5295 -0.0000
vn -0.8213 0.5704 -0.0000
vn -0.7615 0.6482 -0.0000
vn -0.7924 0.6101 -0.0000
vn -0.0311 0.9995 -0.0000
vn -0.0801 0.9968 -0.0000
vn -0.1289 0.9917 -0.0000
vn -0.1774 0.9841 -0.0000
vn -0.2255 0.9742 -0.0000
vn -0.2730 0.9620 -0.0000
vn -0.3199 0.9475 -0.0000
vn -0.6581 0.7529 -0.0000
vn -0.5811 0.8138 -0.0000
vn -0.6204 0.7843 -0.0000
vn -0.4112 0.9115 -0.0000
vn -0.4986 0.8668 -0.0000
vn -0.4555 0.8903 -0.0000
vn -0.3660 0.9306 -0.0000
vn -0.5405 0.8413 -0.0000
vn -0.7287 0.6848 -0.0000
vn -0.6943 0.7197 -0.0000
vn 0.7108 -0.7034 -0.0000
vn 0.9945 -0.1045 -0.0000
vn 0.8415 0.5403 -0.0000
vn -0.0076 -1.0000 -0.0000
vn 0.0797 -0.9968 -0.0000
vn 0.1549 -0.9879 -0.0000
vn 0.2094 -0.9778 -0.0000
vn 0.2407 -0.9706 -0.0000
vn 0.2851 -0.9585 -0.0000
vn 0.4102 -0.9120 -0.0000
vn 0.4458 -0.8951 -0.0000
vn 0.3210 -0.9471 -0.0000
vn 0.3314 -0.9435 -0.0000
vn 0.3836 -0.9235 -0.0000
vn 0.4019 -0.9157 -0.0000
vn 0.2005 0.9797 -0.0000
vn 0.5490 -0.8358 -0.0000
vn -0.2153 -0.9765 -0.0000
vn -0.1293 -0.9916 -0.0000
vn -0.0539 -0.9985 -0.0000
vn 0.2852 0.9585 -0.0000
vn 0.3569 0.9341 -0.0000
vn 0.4082 0.9129 -0.0000
vn 0.4372 0.8994 -0.0000
vn 0.4781 0.8783 -0.0000
vn 0.5109 0.8597 -0.0000
vn 0.5203 0.8540 -0.0000
vn 0.5672 0.8236 -0.0000
vn 0.5835 0.8121 -0.0000
vn 0.5908 0.8068 -0.0000
vn 0.6222 0.7829 -0.0000
vn 0.0016 -1.0000 -0.0000
vn 0.0336 -0.9994 -0.0000
vn 0.0795 -0.9968 -0.0000
vn 0.1171 -0.9931 -0.0000
vn 0.1280 -0.9918 -0.0000
vn 0.1832 -0.9831 -0.0000
vn 0.9781 -0.2079 -0.0000
vn 0.2116 -0.9774 -0.0000
vn 0.2500 -0.9683 -0.0000
vn 0.2027 -0.9792 -0.0000
vn 0.8660 -0.5000 -0.0000
vn 0.9885 0.1513 -0.0000
vn 0.5817 0.8134 -0.0000
vn 0.9511 -0.3090 -0.0000
vn 0.9354 0.3535 -0.0000
vn 0.3998 0.9166 -0.0000
vn 0.4783 0.8782 -0.0000
vn 0.5433 0.8395 -0.0000
vn 0.5891 0.8081 -0.0000
vn 0.6147 0.7888 -0.0000
vn 0.6503 0.7597 -0.0000
vn 0.6784 0.7347 -0.0000
vn 0.6865 0.7271 -0.0000
vn 0.7261 0.6876 -0.0000
vn 0.7396 0.6731 -0.0000
vn 0.3632 -0.9317 -0.0000
vn -0.4136 -0.9104 -0.0000
vn -0.3326 -0.9431 -0.0000
vn -0.2064 -0.9785 -0.0000
vn -0.1749 -0.9846 -0.0000
vn -0.1294 -0.9916 -0.0000
vn -0.0920 -0.9958 -0.0000
vn -0.0810 -0.9967 -0.0000
vn -0.0252 -0.9997 -0.0000
vn 0.6504 0.7596 -0.0000
vn 0.7060 0.7082 -0.0000
vn 0.7442 0.6680 -0.0000
vn 0.7456 0.6663 -0.0000
vn 0.7713 0.6364 -0.0000
vn -0.0053 -1.0000 -0.0000
vn 0.0037 -1.0000 -0.0000
vn 0.0432 -0.9991 -0.0000
vn 0.9135 -0.4067 -0.0000
vn 0.7260 0.6876 -0.0000
vn 0.9646 -0.2638 -0.0000
vn 0.8622 0.5065 -0.0000
vn 0.9031 0.4294 -0.0000
vn -0.6253 -0.7804 -0.0000
vn 0.7739 -0.6333 -0.0000
vn 0.9937 0.1120 -0.0000
vn 0.2079 -0.9781 -0.0000
vn -0.4494 -0.8933 -0.0000
vn -0.9534 -0.3018 -0.0000
vn -0.9234 -0.3839 -0.0000
vn -0.8917 -0.4526 -0.0000
vn -0.9953 -0.0970 -0.0000
vn -0.9830 -0.1835 -0.0000
vn -0.9663 -0.2573 -0.0000
vn -0.9506 -0.3105 -0.0000
vn -0.9401 -0.3408 -0.0000
vn -0.9235 -0.3837 -0.0000
vn -0.9083 -0.4182 -0.0000
vn -0.9037 -0.4282 -0.0000
vn -0.8783 -0.4780 -0.0000
vn -0.8687 -0.4954 -0.0000
vn -0.8641 -0.5032 -0.0000
vn -0.8436 -0.5369 -0.0000
vn 0.1045 -0.9945 -0.0000
vn 0.9997 0.0249 -0.0000
vn 0.9987 -0.0507 -0.0000
vn 0.9944 -0.1061 -0.0000
vn 0.9904 -0.1379 -0.0000
vn 0.9831 -0.1833 -0.0000
vn -0.8652 -0.5014 -0.0000
vn -0.8487 -0.5288 -0.0000
vn -0.8235 -0.5673 -0.0000
vn -0.8015 -0.5979 -0.0000
vn 0.9730 -0.2310 -0.0000
vn 0.9754 -0.2202 -0.0000
vn 0.9585 -0.2850 -0.0000
vn 0.9527 -0.3040 -0.0000
vn 0.9499 -0.3126 -0.0000
vn 0.9368 -0.3498 -0.0000
vn -0.8642 -0.5032 -0.0000
vn 0.8886 -0.4586 -0.0000
vn 0.4067 -0.9135 -0.0000
vn 0.9487 0.3162 -0.0000
vn 0.9727 0.2322 -0.0000
vn 0.9874 0.1580 -0.0000
vn 0.9947 0.1030 -0.0000
vn 0.9975 0.0710 -0.0000
vn -0.2538 -0.9673 -0.0000
vn -0.8698 -0.4934 -0.0000
vn -0.8234 -0.5674 -0.0000
vn -0.7781 -0.6281 -0.0000
vn 0.9330 0.3598 -0.0000
vn -0.7421 -0.6703 -0.0000
vn -0.7202 -0.6937 -0.0000
vn -0.6876 -0.7261 -0.0000
vn -0.6597 -0.7515 -0.0000
vn -0.6514 -0.7588 -0.0000
vn -0.6080 -0.7940 -0.0000
vn -0.5921 -0.8059 -0.0000
vn -0.5847 -0.8112 -0.0000
vn 0.5000 -0.8660 -0.0000
vn -0.7949 -0.6067 -0.0000
vn -0.7598 -0.6502 -0.0000
vn 0.9997 0.0251 -0.0000
vn 0.9999 -0.0126 -0.0000
vn 0.9997 -0.0236 -0.0000
vn 0.9968 -0.0794 -0.0000
vn 0.9951 -0.0993 -0.0000
vn 0.9941 -0.1082 -0.0000
vn -0.7467 -0.6652 -0.0000
vn -0.7406 -0.6719 -0.0000
vn -0.7136 -0.7006 -0.0000
vn 0.3090 -0.9511 -0.0000
vn 0.9891 -0.1474 -0.0000
vn -0.5523 -0.8336 -0.0000
vn -0.8234 -0.5675 -0.0000
vn -0.6514 -0.7587 -0.0000
vn -0.6080 -0.7939 -0.0000
vn 0.1616 -0.9869 -0.0000
vn 0.7431 -0.6691 -0.0000
vn -0.5939 -0.8046 -0.0000
vn -0.5214 -0.8533 -0.0000
vn 0.9983 -0.0575 -0.0000
vn 0.7381 0.6747 -0.0000
vn -0.4554 -0.8903 -0.0000
vn -0.4053 -0.9142 -0.0000
vn -0.3758 -0.9267 -0.0000
vn -0.3328 -0.9430 -0.0000
vn -0.2970 -0.9549 -0.0000
vn -0.2865 -0.9581 -0.0000
vn 0.5878 -0.8090 -0.0000
vn -0.0472 -0.9989 -0.0000
vn -0.7482 -0.6635 -0.0000
vn -0.6874 -0.7262 -0.0000
vn -0.6306 -0.7761 -0.0000
vn -0.5865 -0.8099 -0.0000
vn -0.5603 -0.8283 -0.0000
vn -0.5216 -0.8532 -0.0000
vn -0.4890 -0.8723 -0.0000
vn -0.4794 -0.8776 -0.0000
vn -0.4296 -0.9030 -0.0000
vn 0.7941 0.6077 -0.0000
vn 0.8378 0.5460 -0.0000
vn 0.8824 0.4706 -0.0000
vn 0.9031 0.4295 -0.0000
vn 0.9186 0.3952 -0.0000
vn 0.9229 0.3850 -0.0000
vn 0.9430 0.3329 -0.0000
vn 0.9494 0.3140 -0.0000
vn 0.9522 0.3055 -0.0000
vn -0.4116 -0.9114 -0.0000
vn 0.9635 0.2677 -0.0000
vn 0.7941 0.6078 -0.0000
vn -0.0471 -0.9989 -0.0000
vn 0.8668 0.4987 -0.0000
vn 0.6691 -0.7431 -0.0000
vn 0.7652 0.6438 -0.0000
vn 0.7940 0.6079 -0.0000
vn 0.8164 0.5775 -0.0000
vn 0.8227 0.5685 -0.0000
vn 0.8532 0.5217 -0.0000
vn 0.8634 0.5046 -0.0000
vn 0.8679 0.4968 -0.0000
vn -0.2325 -0.9726 -0.0000
vn -0.2131 -0.9770 -0.0000
vn -0.2042 -0.9789 -0.0000
vn -0.1655 -0.9862 -0.0000
vn 0.8090 -0.5878 -0.0000
vn 0.8868 0.4621 -0.0000
vn 0.9515 0.3075 -0.0000
vn 0.9609 0.2769 -0.0000
vn 0.9726 0.2324 -0.0000
vn 0.9807 0.1956 -0.0000
vn 0.9828 0.1847 -0.0000
vn 0.9916 0.1296 -0.0000
vn 0.9940 0.1098 -0.0000
vn 0.9949 0.1008 -0.0000
vn 0.9981 0.0615 -0.0000
vn -0.4033 -0.9151 -0.0000
vn -0.3669 -0.9303 -0.0000
vn 0.9495 -0.3137 -0.0000
vn 0.9997 -0.0245 -0.0000
vn 0.9973 -0.0736 -0.0000
vn 0.9925 -0.1224 -0.0000
vn 0.9853 -0.1710 -0.0000
vn 0.9757 -0.2191 -0.0000
vn 0.9638 -0.2667 -0.0000
vn 0.9330 -0.3599 -0.0000
vn 0.9142 -0.4052 -0.0000
vn 0.8932 -0.4496 -0.0000
vn 0.7883 -0.6152 -0.0000
vn 0.8701 -0.4929 -0.0000
vn 0.8449 -0.5350 -0.0000
vn 0.8176 -0.5758 -0.0000
vn 0.6152 -0.7883 -0.0000
vn 0.3137 -0.9495 -0.0000
vn 0.3599 -0.9330 -0.0000
vn 0.4052 -0.9142 -0.0000
vn 0.4496 -0.8932 -0.0000
vn 0.4929 -0.8701 -0.0000
vn 0.5350 -0.8449 -0.0000
vn 0.5758 -0.8176 -0.0000
vn 0.0245 -0.9997 -0.0000
vn 0.0736 -0.9973 -0.0000
vn 0.1224 -0.9925 -0.0000
vn 0.1710 -0.9853 -0.0000
vn 0.2191 -0.9757 -0.0000
vn 0.2667 -0.9638 -0.0000
vn 0.7572 -0.6532 -0.0000
vn 0.7242 -0.6895 -0.0000
vn 0.6532 -0.7572 -0.0000
vn 0.6895 -0.7242 -0.0000
vn -0.0000 0.0003 1.0000
s 0
usemtl gear_blue
f 1//1 2//1 3//1
f 1//2 4//2 5//2
f 5//3 6//3 7//3
f 8//4 9//4 10//4
f 10//4 9//4 11//4
f 8//5 10//5 12//5
f 10//6 11//6 13//6
f 11//7 14//7 15//7
f 14//8 16//8 17//8
f 16//9 18//9 19//9
f 18//10 20//10 21//10
f 20//11 22//11 23//11
f 22//12 24//12 25//12
f 24//13 26//13 27//13
f 1//2 3//2 4//2
f 5//3 4//3 6//3
f 8//14 12//14 28//14
f 10//5 13//5 12//5
f 11//6 15//6 13//6
f 14//7 17//7 15//7
f 16//8 19//8 17//8
f 18//9 21//9 19//9
f 20//10 23//10 21//10
f 22//11 25//11 23//11
f 24//12 27//12 25//12
f 26//13 29//13 27//13
f 30//4 31//4 32//4
f 33//4 31//4 30//4
f 30//4 32//4 34//4
f 30//4 34//4 35//4
f 34//4 36//4 35//4
f 34//4 37//4 36//4
f 37//4 38//4 36//4
f 38//4 39//4 40//4
f 41//4 39//4 42//4
f 38//4 40//4 36//4
f 40//4 39//4 43//4
f 43//4 39//4 41//4
f 41//4 42//4 44//4
f 44//4 45//4 46//4
f 33//15 30//15 47//15
f 33//16 48//16 31//16
f 31//17 49//17 32//17
f 32//18 50//18 34//18
f 34//19 51//19 37//19
f 37//20 52//20 38//20
f 30//21 35//21 53//21
f 35//22 36//22 54//22
f 36//23 40//23 55//23
f 40//24 43//24 56//24
f 43//25 41//25 57//25
f 41//26 44//26 58//26
f 44//27 46//27 59//27
f 33//16 47//16 48//16
f 30//15 53//15 47//15
f 31//17 48//17 49//17
f 32//18 49//18 50//18
f 34//19 50//19 51//19
f 37//20 51//20 52//20
f 35//21 54//21 53//21
f 36//22 55//22 54//22
f 40//23 56//23 55//23
f 43//24 57//24 56//24
f 41//25 58//25 57//25
f 44//26 59//26 58//26
f 59//27 46//27 60//27
f 1//4 61//4 2//4
f 1//4 5//4 61//4
f 7//4 62//4 61//4
f 5//4 7//4 61//4
f 7//4 63//4 62//4
f 64//4 63//4 65//4
f 64//4 65//4 66//4
f 62//4 63//4 67//4
f 67//4 63//4 64//4
f 64//4 66//4 68//4
f 68//4 66//4 69//4
f 69//4 70//4 71//4
f 71//4 72//4 73//4
f 2//28 61//28 74//28
f 7//29 75//29 63//29
f 61//30 62//30 76//30
f 62//31 67//31 77//31
f 67//32 64//32 78//32
f 64//33 68//33 79//33
f 68//34 69//34 80//34
f 69//35 71//35 81//35
f 71//36 73//36 82//36
f 73//37 83//37 84//37
f 83//38 85//38 86//38
f 85//39 87//39 88//39
f 69//4 66//4 70//4
f 71//4 70//4 89//4
f 71//4 89//4 72//4
f 83//4 72//4 90//4
f 73//4 72//4 83//4
f 83//4 91//4 85//4
f 83//4 90//4 91//4
f 91//4 92//4 87//4
f 92//4 93//4 87//4
f 93//4 94//4 95//4
f 85//4 91//4 87//4
f 93//4 96//4 87//4
f 93//4 95//4 96//4
f 63//40 97//40 65//40
f 65//41 98//41 66//41
f 66//42 99//42 70//42
f 70//43 100//43 89//43
f 89//44 101//44 72//44
f 72//45 102//45 90//45
f 90//46 103//46 91//46
f 91//47 104//47 92//47
f 92//48 105//48 93//48
f 93//49 106//49 94//49
f 94//50 107//50 108//50
f 44//4 42//4 109//4
f 44//4 109//4 45//4
f 45//4 110//4 111//4
f 110//4 112//4 111//4
f 112//4 113//4 114//4
f 113//4 115//4 114//4
f 45//4 111//4 46//4
f 112//4 116//4 111//4
f 112//4 114//4 116//4
f 115//4 117//4 114//4
f 115//4 118//4 119//4
f 38//51 120//51 39//51
f 39//52 121//52 42//52
f 42//53 122//53 109//53
f 109//54 123//54 45//54
f 45//55 124//55 110//55
f 110//56 125//56 112//56
f 87//57 96//57 126//57
f 96//58 95//58 127//58
f 112//59 128//59 113//59
f 113//60 129//60 115//60
f 95//61 118//61 130//61
f 115//62 131//62 118//62
f 2//1 74//1 3//1
f 61//28 76//28 74//28
f 7//29 6//29 75//29
f 62//30 77//30 76//30
f 67//31 78//31 77//31
f 64//32 79//32 78//32
f 68//33 80//33 79//33
f 69//34 81//34 80//34
f 71//35 82//35 81//35
f 73//36 84//36 82//36
f 83//63 86//63 84//63
f 85//38 88//38 86//38
f 63//40 75//40 97//40
f 65//41 97//41 98//41
f 66//42 98//42 99//42
f 70//43 99//43 100//43
f 89//44 100//44 101//44
f 72//45 101//45 102//45
f 90//46 102//46 103//46
f 91//47 103//47 104//47
f 92//48 104//48 105//48
f 93//64 105//64 106//64
f 94//50 106//50 107//50
f 38//51 52//51 120//51
f 39//52 120//52 121//52
f 42//53 121//53 122//53
f 109//54 122//54 123//54
f 45//55 123//55 124//55
f 110//56 124//56 125//56
f 87//65 126//65 88//65
f 96//57 127//57 126//57
f 95//58 130//58 127//58
f 112//59 125//59 128//59
f 113//60 128//60 129//60
f 118//61 131//61 130//61
f 115//62 129//62 131//62
f 12//66 13//66 132//66
f 13//66 15//66 132//66
f 53//66 49//66 48//66
f 47//66 53//66 48//66
f 53//66 50//66 49//66
f 53//66 54//66 50//66
f 50//66 54//66 55//66
f 50//66 55//66 51//66
f 51//66 55//66 52//66
f 52//66 56//66 120//66
f 58//66 121//66 120//66
f 52//66 55//66 56//66
f 56//66 57//66 120//66
f 57//66 58//66 120//66
f 58//66 59//66 121//66
f 59//66 60//66 123//66
f 3//66 74//66 76//66
f 3//66 76//66 4//66
f 6//66 76//66 77//66
f 4//66 76//66 6//66
f 6//66 77//66 75//66
f 79//66 97//66 75//66
f 79//66 98//66 97//66
f 77//66 78//66 75//66
f 78//66 79//66 75//66
f 79//66 80//66 98//66
f 80//66 81//66 98//66
f 81//66 82//66 99//66
f 82//66 84//66 101//66
f 81//66 99//66 98//66
f 82//66 100//66 99//66
f 82//66 101//66 100//66
f 86//66 102//66 101//66
f 84//66 86//66 101//66
f 86//66 88//66 103//66
f 86//66 103//66 102//66
f 103//66 126//66 104//66
f 104//66 126//66 105//66
f 105//66 130//66 106//66
f 88//66 126//66 103//66
f 105//66 126//66 127//66
f 105//66 127//66 130//66
f 59//66 122//66 121//66
f 59//66 123//66 122//66
f 123//66 133//66 124//66
f 124//66 133//66 125//66
f 125//66 134//66 128//66
f 128//66 134//66 129//66
f 123//66 60//66 133//66
f 125//66 133//66 135//66
f 125//66 135//66 134//66
f 129//66 134//66 136//66
f 129//66 137//66 131//66
f 138//67 132//67 9//67
f 139//4 140//4 141//4
f 140//4 142//4 141//4
f 142//4 143//4 141//4
f 143//4 144//4 145//4
f 143//4 145//4 141//4
f 143//4 146//4 144//4
f 144//4 146//4 147//4
f 144//4 147//4 148//4
f 148//4 147//4 149//4
f 149//4 147//4 150//4
f 149//4 150//4 151//4
f 151//4 152//4 153//4
f 151//4 150//4 154//4
f 151//4 154//4 152//4
f 153//4 152//4 155//4
f 139//68 141//68 156//68
f 139//69 157//69 140//69
f 140//70 158//70 142//70
f 142//71 159//71 143//71
f 143//72 160//72 146//72
f 141//73 145//73 161//73
f 145//74 144//74 162//74
f 144//75 148//75 163//75
f 148//76 149//76 164//76
f 149//77 151//77 165//77
f 151//78 153//78 166//78
f 146//79 167//79 147//79
f 147//80 168//80 150//80
f 8//4 138//4 9//4
f 11//4 9//4 169//4
f 11//4 169//4 170//4
f 11//4 170//4 14//4
f 14//4 170//4 16//4
f 16//4 170//4 171//4
f 16//4 172//4 18//4
f 16//4 171//4 172//4
f 18//4 172//4 173//4
f 20//4 173//4 174//4
f 18//4 173//4 20//4
f 20//4 174//4 22//4
f 22//4 174//4 24//4
f 24//4 175//4 26//4
f 24//4 174//4 175//4
f 26//4 175//4 176//4
f 26//4 177//4 178//4
f 177//4 179//4 178//4
f 180//4 181//4 179//4
f 26//4 176//4 177//4
f 177//4 182//4 179//4
f 182//4 180//4 179//4
f 180//4 183//4 181//4
f 8//14 28//14 138//14
f 9//81 184//81 169//81
f 169//82 185//82 170//82
f 170//83 186//83 171//83
f 171//84 187//84 172//84
f 172//85 188//85 173//85
f 173//86 189//86 174//86
f 174//87 190//87 175//87
f 175//88 191//88 176//88
f 26//89 178//89 29//89
f 176//90 192//90 177//90
f 177//91 193//91 182//91
f 182//92 194//92 180//92
f 180//93 195//93 183//93
f 153//4 155//4 196//4
f 196//4 155//4 197//4
f 197//4 198//4 199//4
f 197//4 155//4 198//4
f 199//4 198//4 200//4
f 199//4 200//4 201//4
f 199//4 201//4 202//4
f 202//4 201//4 203//4
f 203//4 204//4 205//4
f 203//4 201//4 204//4
f 153//94 196//94 206//94
f 196//95 197//95 207//95
f 197//96 199//96 208//96
f 199//97 202//97 209//97
f 202//98 203//98 210//98
f 183//99 211//99 205//99
f 203//100 205//100 212//100
f 138//67 28//67 132//67
f 141//68 161//68 156//68
f 139//69 156//69 157//69
f 140//70 157//70 158//70
f 142//71 158//71 159//71
f 143//72 159//72 160//72
f 145//73 162//73 161//73
f 144//74 163//74 162//74
f 148//75 164//75 163//75
f 149//76 165//76 164//76
f 151//77 166//77 165//77
f 146//79 160//79 167//79
f 147//80 167//80 168//80
f 150//101 168//101 213//101
f 9//81 132//81 184//81
f 169//82 184//82 185//82
f 170//102 185//102 186//102
f 171//103 186//103 187//103
f 172//85 187//85 188//85
f 173//86 188//86 189//86
f 174//87 189//87 190//87
f 175//88 190//88 191//88
f 29//89 178//89 214//89
f 176//90 191//90 192//90
f 177//104 192//104 193//104
f 182//92 193//92 194//92
f 180//93 194//93 195//93
f 153//78 206//78 166//78
f 196//94 207//94 206//94
f 197//95 208//95 207//95
f 199//96 209//96 208//96
f 202//97 210//97 209//97
f 203//98 212//98 210//98
f 183//99 195//99 211//99
f 205//100 211//100 212//100
f 215//105 216//105 217//105
f 216//106 218//106 219//106
f 218//107 220//107 221//107
f 220//108 222//108 223//108
f 224//109 225//109 226//109
f 224//110 227//110 222//110
f 150//101 213//101 154//101
f 154//111 228//111 152//111
f 152//112 229//112 155//112
f 155//113 230//113 198//113
f 225//114 231//114 232//114
f 231//115 233//115 234//115
f 233//116 235//116 236//116
f 235//117 237//117 238//117
f 237//118 239//118 240//118
f 215//4 241//4 216//4
f 215//4 242//4 241//4
f 216//4 241//4 218//4
f 218//4 243//4 220//4
f 218//4 241//4 244//4
f 218//4 244//4 243//4
f 220//4 243//4 222//4
f 224//4 222//4 245//4
f 224//4 245//4 225//4
f 222//4 243//4 246//4
f 222//4 246//4 245//4
f 225//4 245//4 247//4
f 225//4 248//4 231//4
f 231//4 248//4 233//4
f 225//4 247//4 248//4
f 233//4 248//4 249//4
f 233//4 249//4 250//4
f 233//4 250//4 235//4
f 235//4 251//4 237//4
f 237//4 251//4 239//4
f 235//4 250//4 251//4
f 239//4 251//4 252//4
f 239//4 252//4 253//4
f 215//119 254//119 242//119
f 242//120 255//120 241//120
f 241//121 256//121 244//121
f 244//122 257//122 243//122
f 243//123 258//123 246//123
f 246//124 259//124 245//124
f 245//125 260//125 247//125
f 247//126 261//126 248//126
f 248//127 262//127 249//127
f 249//128 263//128 250//128
f 250//129 264//129 251//129
f 251//130 265//130 252//130
f 252//131 266//131 253//131
f 205//4 204//4 267//4
f 198//132 268//132 200//132
f 200//133 269//133 201//133
f 201//134 270//134 204//134
f 204//135 271//135 267//135
f 267//136 272//136 273//136
f 239//137 274//137 275//137
f 274//138 273//138 276//138
f 239//4 253//4 274//4
f 274//4 277//4 273//4
f 253//4 277//4 274//4
f 253//139 278//139 277//139
f 216//105 219//105 217//105
f 218//106 221//106 219//106
f 220//107 223//107 221//107
f 222//108 227//108 223//108
f 224//110 226//110 227//110
f 154//111 213//111 228//111
f 152//112 228//112 229//112
f 155//113 229//113 230//113
f 198//132 230//132 268//132
f 225//109 232//109 226//109
f 231//114 234//114 232//114
f 233//115 236//115 234//115
f 235//116 238//116 236//116
f 237//117 240//117 238//117
f 239//118 275//118 240//118
f 215//119 217//119 254//119
f 242//120 254//120 255//120
f 241//140 255//140 256//140
f 244//122 256//122 257//122
f 243//123 257//123 258//123
f 246//124 258//124 259//124
f 245//125 259//125 260//125
f 247//126 260//126 261//126
f 248//127 261//127 262//127
f 249//128 262//128 263//128
f 250//129 263//129 264//129
f 251//130 264//130 265//130
f 252//131 265//131 266//131
f 200//133 268//133 269//133
f 201//134 269//134 270//134
f 204//135 270//135 271//135
f 267//136 271//136 272//136
f 274//137 276//137 275//137
f 273//138 272//138 276//138
f 253//139 266//139 278//139
f 277//141 278//141 279//141
f 183//4 108//4 181//4
f 178//142 179//142 214//142
f 179//143 181//143 280//143
f 181//144 108//144 281//144
f 179//142 280//142 214//142
f 181//143 281//143 280//143
f 108//144 107//144 281//144
f 183//4 282//4 108//4
f 94//4 282//4 95//4
f 95//4 282//4 118//4
f 94//4 108//4 282//4
f 156//66 161//66 157//66
f 157//66 161//66 158//66
f 158//66 161//66 159//66
f 159//66 162//66 163//66
f 159//66 161//66 162//66
f 159//66 163//66 160//66
f 163//66 167//66 160//66
f 163//66 164//66 167//66
f 164//66 165//66 167//66
f 165//66 168//66 167//66
f 165//66 166//66 168//66
f 166//66 206//66 228//66
f 166//66 213//66 168//66
f 166//66 228//66 213//66
f 206//66 229//66 228//66
f 12//66 132//66 28//66
f 15//66 184//66 132//66
f 15//66 185//66 184//66
f 15//66 17//66 185//66
f 17//66 19//66 185//66
f 19//66 186//66 185//66
f 19//66 21//66 187//66
f 19//66 187//66 186//66
f 21//66 188//66 187//66
f 23//66 189//66 188//66
f 21//66 23//66 188//66
f 23//66 25//66 189//66
f 25//66 27//66 189//66
f 27//66 29//66 190//66
f 27//66 190//66 189//66
f 29//66 191//66 190//66
f 29//66 214//66 192//66
f 192//66 214//66 280//66
f 194//66 280//66 281//66
f 29//66 192//66 191//66
f 192//66 280//66 193//66
f 193//66 280//66 194//66
f 194//66 281//66 195//66
f 206//66 207//66 229//66
f 207//66 208//66 229//66
f 208//66 209//66 230//66
f 208//66 230//66 229//66
f 209//66 268//66 230//66
f 209//66 269//66 268//66
f 209//66 210//66 269//66
f 210//66 212//66 269//66
f 212//66 211//66 270//66
f 212//66 270//66 269//66
f 217//66 219//66 255//66
f 217//66 255//66 254//66
f 219//66 221//66 255//66
f 221//66 223//66 257//66
f 221//66 256//66 255//66
f 221//66 257//66 256//66
f 223//66 227//66 257//66
f 226//66 259//66 227//66
f 226//66 232//66 259//66
f 227//66 258//66 257//66
f 227//66 259//66 258//66
f 232//66 260//66 259//66
f 232//66 234//66 261//66
f 234//66 236//66 261//66
f 232//66 261//66 260//66
f 236//66 262//66 261//66
f 236//66 263//66 262//66
f 236//66 238//66 263//66
f 238//66 240//66 264//66
f 240//66 275//66 264//66
f 238//66 264//66 263//66
f 275//66 265//66 264//66
f 275//66 266//66 265//66
f 211//66 271//66 270//66
f 275//66 276//66 266//66
f 276//66 272//66 278//66
f 266//66 276//66 278//66
f 195//66 281//66 107//66
f 195//66 107//66 283//66
f 106//66 130//66 283//66
f 130//66 131//66 283//66
f 106//66 283//66 107//66
f 284//4 285//4 286//4
f 285//4 287//4 288//4
f 287//4 289//4 290//4
f 284//4 286//4 291//4
f 285//4 288//4 286//4
f 289//4 292//4 290//4
f 287//4 290//4 288//4
f 292//4 293//4 290//4
f 292//4 294//4 293//4
f 284//145 291//145 295//145
f 284//146 296//146 285//146
f 285//147 297//147 287//147
f 287//148 298//148 289//148
f 291//149 286//149 299//149
f 286//150 288//150 300//150
f 292//4 301//4 294//4
f 301//4 302//4 294//4
f 302//4 303//4 304//4
f 303//4 305//4 304//4
f 305//4 306//4 307//4
f 306//4 308//4 307//4
f 308//4 309//4 310//4
f 309//4 311//4 310//4
f 46//151 111//151 60//151
f 111//152 116//152 133//152
f 116//153 114//153 135//153
f 289//154 312//154 292//154
f 292//155 313//155 301//155
f 301//156 314//156 302//156
f 302//157 315//157 303//157
f 303//158 316//158 305//158
f 305//159 317//159 306//159
f 306//160 318//160 308//160
f 308//161 319//161 309//161
f 309//162 320//162 311//162
f 311//163 321//163 322//163
f 288//164 290//164 323//164
f 290//165 293//165 324//165
f 293//166 294//166 325//166
f 294//167 326//167 327//167
f 302//4 326//4 294//4
f 302//4 304//4 326//4
f 305//4 328//4 304//4
f 305//4 307//4 328//4
f 308//4 329//4 307//4
f 308//4 310//4 329//4
f 311//4 322//4 330//4
f 311//4 331//4 310//4
f 311//4 330//4 331//4
f 326//168 304//168 332//168
f 304//169 328//169 333//169
f 328//170 307//170 334//170
f 307//171 329//171 335//171
f 329//172 310//172 336//172
f 310//173 331//173 337//173
f 331//174 330//174 338//174
f 330//175 339//175 340//175
f 284//146 295//146 296//146
f 285//147 296//147 297//147
f 287//148 297//148 298//148
f 291//145 299//145 295//145
f 286//149 300//149 299//149
f 111//151 133//151 60//151
f 116//152 135//152 133//152
f 114//153 134//153 135//153
f 289//154 298//154 312//154
f 292//155 312//155 313//155
f 301//156 313//156 314//156
f 302//157 314//157 315//157
f 303//158 315//158 316//158
f 305//159 316//159 317//159
f 306//160 317//160 318//160
f 308//161 318//161 319//161
f 322//176 321//176 137//176
f 309//162 319//162 320//162
f 311//163 320//163 321//163
f 288//150 323//150 300//150
f 290//164 324//164 323//164
f 293//177 325//177 324//177
f 294//166 327//166 325//166
f 326//167 332//167 327//167
f 304//168 333//168 332//168
f 328//169 334//169 333//169
f 307//170 335//170 334//170
f 329//171 336//171 335//171
f 310//172 337//172 336//172
f 331//173 338//173 337//173
f 330//174 340//174 338//174
f 339//175 341//175 340//175
f 115//4 119//4 117//4
f 114//178 117//178 134//178
f 117//179 119//179 136//179
f 322//176 137//176 119//176
f 117//178 136//178 134//178
f 119//179 137//179 136//179
f 342//4 343//4 344//4
f 343//4 345//4 344//4
f 343//4 346//4 347//4
f 348//4 347//4 346//4
f 348//4 349//4 350//4
f 343//4 347//4 345//4
f 348//4 350//4 347//4
f 349//4 351//4 350//4
f 349//4 352//4 353//4
f 352//4 354//4 353//4
f 354//4 355//4 356//4
f 355//4 357//4 358//4
f 357//4 359//4 358//4
f 349//4 353//4 351//4
f 354//4 356//4 353//4
f 355//4 360//4 356//4
f 355//4 358//4 360//4
f 358//4 359//4 361//4
f 361//4 359//4 362//4
f 348//180 346//180 363//180
f 342//181 364//181 343//181
f 343//182 365//182 346//182
f 342//183 344//183 366//183
f 348//184 367//184 349//184
f 349//185 368//185 352//185
f 352//186 369//186 354//186
f 354//187 370//187 355//187
f 355//188 371//188 357//188
f 357//189 372//189 359//189
f 344//190 345//190 373//190
f 345//191 347//191 374//191
f 347//192 350//192 375//192
f 350//193 351//193 376//193
f 351//194 353//194 377//194
f 353//195 356//195 378//195
f 356//196 360//196 379//196
f 360//197 358//197 380//197
f 358//198 361//198 381//198
f 361//199 362//199 382//199
f 362//200 383//200 384//200
f 362//4 359//4 385//4
f 362//4 385//4 386//4
f 386//4 387//4 388//4
f 339//4 388//4 387//4
f 362//4 386//4 383//4
f 383//4 386//4 388//4
f 339//4 389//4 388//4
f 359//201 390//201 385//201
f 385//202 391//202 386//202
f 386//203 392//203 387//203
f 339//204 387//204 341//204
f 383//205 388//205 393//205
f 394//4 395//4 396//4
f 394//4 397//4 398//4
f 399//4 400//4 397//4
f 399//4 401//4 402//4
f 401//4 403//4 404//4
f 403//4 405//4 406//4
f 405//4 407//4 408//4
f 407//4 409//4 410//4
f 409//4 411//4 412//4
f 411//4 413//4 414//4
f 413//4 415//4 416//4
f 415//4 417//4 418//4
f 399//206 397//206 419//206
f 399//207 420//207 401//207
f 401//208 421//208 403//208
f 403//209 422//209 405//209
f 394//210 396//210 423//210
f 394//211 424//211 397//211
f 396//212 395//212 425//212
f 405//213 426//213 407//213
f 407//214 427//214 409//214
f 409//215 428//215 411//215
f 411//216 429//216 413//216
f 413//217 430//217 415//217
f 415//218 431//218 417//218
f 432//4 433//4 417//4
f 388//219 389//219 434//219
f 389//220 432//220 435//220
f 432//221 417//221 436//221
f 342//181 366//181 364//181
f 346//180 365//180 363//180
f 343//182 364//182 365//182
f 344//183 373//183 366//183
f 348//184 363//184 367//184
f 349//185 367//185 368//185
f 352//186 368//186 369//186
f 355//188 370//188 371//188
f 354//187 369//187 370//187
f 357//189 371//189 372//189
f 345//190 374//190 373//190
f 347//191 375//191 374//191
f 350//192 376//192 375//192
f 351//193 377//193 376//193
f 353//194 378//194 377//194
f 356//195 379//195 378//195
f 360//196 380//196 379//196
f 358//197 381//197 380//197
f 361//198 382//198 381//198
f 362//199 384//199 382//199
f 383//200 393//200 384//200
f 359//201 372//201 390//201
f 385//202 390//202 391//202
f 386//203 391//203 392//203
f 387//204 392//204 341//204
f 388//205 434//205 393//205
f 397//206 424//206 419//206
f 401//208 420//208 421//208
f 399//207 419//207 420//207
f 403//209 421//209 422//209
f 394//211 423//211 424//211
f 396//210 425//210 423//210
f 405//213 422//213 426//213
f 407//214 426//214 427//214
f 409//215 427//215 428//215
f 411//216 428//216 429//216
f 413//217 429//217 430//217
f 415//218 430//218 431//218
f 389//219 435//219 434//219
f 432//220 436//220 435//220
f 417//221 431//221 436//221
f 295//66 300//66 296//66
f 296//66 323//66 297//66
f 297//66 324//66 298//66
f 295//66 299//66 300//66
f 296//66 300//66 323//66
f 298//66 324//66 312//66
f 297//66 323//66 324//66
f 312//66 324//66 325//66
f 312//66 325//66 327//66
f 312//66 327//66 313//66
f 313//66 327//66 314//66
f 314//66 333//66 315//66
f 315//66 333//66 316//66
f 316//66 335//66 317//66
f 317//66 335//66 318//66
f 318//66 337//66 319//66
f 319//66 337//66 320//66
f 314//66 327//66 332//66
f 314//66 332//66 333//66
f 316//66 333//66 334//66
f 316//66 334//66 335//66
f 318//66 335//66 336//66
f 318//66 336//66 337//66
f 320//66 340//66 321//66
f 320//66 337//66 338//66
f 320//66 338//66 340//66
f 129//66 136//66 137//66
f 321//66 340//66 437//66
f 340//66 341//66 438//66
f 366//66 373//66 364//66
f 364//66 373//66 374//66
f 364//66 375//66 365//66
f 363//66 365//66 375//66
f 363//66 376//66 367//66
f 364//66 374//66 375//66
f 363//66 375//66 376//66
f 367//66 376//66 377//66
f 367//66 378//66 368//66
f 368//66 378//66 369//66
f 369//66 379//66 370//66
f 370//66 381//66 371//66
f 371//66 381//66 372//66
f 367//66 377//66 378//66
f 369//66 378//66 379//66
f 370//66 379//66 380//66
f 370//66 380//66 381//66
f 381//66 382//66 372//66
f 382//66 384//66 372//66
f 384//66 390//66 372//66
f 384//66 391//66 390//66
f 391//66 434//66 392//66
f 341//66 392//66 434//66
f 384//66 393//66 391//66
f 393//66 434//66 391//66
f 341//66 434//66 435//66
f 423//66 425//66 439//66
f 423//66 440//66 424//66
f 419//66 424//66 441//66
f 419//66 442//66 420//66
f 420//66 443//66 421//66
f 421//66 444//66 422//66
f 422//66 445//66 426//66
f 426//66 446//66 427//66
f 427//66 447//66 428//66
f 428//66 448//66 429//66
f 429//66 449//66 430//66
f 430//66 450//66 431//66
f 436//66 431//66 451//66
f 341//66 435//66 452//66
f 435//66 436//66 453//66
f 435//66 453//66 454//66
f 436//66 455//66 453//66
f 436//66 456//66 455//66
f 436//66 457//66 456//66
f 436//66 458//66 459//66
f 436//66 460//66 461//66
f 436//66 461//66 457//66
f 436//66 459//66 460//66
f 459//66 458//66 462//66
f 462//66 458//66 463//66
f 463//66 458//66 464//66
f 322//4 119//4 282//4
f 322//4 282//4 330//4
f 330//4 282//4 339//4
f 339//4 282//4 389//4
f 118//4 282//4 119//4
f 389//4 282//4 432//4
f 432//4 282//4 465//4
f 465//4 466//4 467//4
f 465//4 467//4 468//4
f 465//4 468//4 469//4
f 465//4 469//4 470//4
f 465//4 470//4 471//4
f 465//4 471//4 472//4
f 465//4 472//4 473//4
f 465//4 474//4 475//4
f 465//4 475//4 476//4
f 465//4 473//4 477//4
f 465//4 477//4 478//4
f 465//4 478//4 474//4
f 465//4 479//4 480//4
f 465//4 481//4 482//4
f 465//4 483//4 479//4
f 465//4 482//4 483//4
f 465//4 484//4 485//4
f 465//4 480//4 484//4
f 465//4 485//4 466//4
f 465//4 486//4 481//4
f 465//4 487//4 486//4
f 282//4 487//4 465//4
f 321//66 283//66 137//66
f 321//66 437//66 488//66
f 321//66 488//66 489//66
f 321//66 489//66 490//66
f 321//66 490//66 491//66
f 321//66 491//66 492//66
f 321//66 492//66 493//66
f 321//66 493//66 494//66
f 340//66 495//66 496//66
f 340//66 497//66 495//66
f 340//66 438//66 497//66
f 341//66 498//66 499//66
f 341//66 500//66 501//66
f 341//66 502//66 503//66
f 341//66 503//66 498//66
f 341//66 501//66 502//66
f 341//66 504//66 438//66
f 341//66 499//66 504//66
f 340//66 496//66 437//66
f 131//66 137//66 283//66
f 321//222 494//222 505//222
f 321//66 505//66 283//66
f 341//66 452//66 500//66
f 435//66 454//66 452//66
f 466//223 485//223 506//223
f 467//224 466//224 507//224
f 508//225 479//225 483//225
f 486//226 487//226 509//226
f 510//227 482//227 481//227
f 511//228 483//228 482//228
f 481//229 486//229 512//229
f 513//230 484//230 480//230
f 480//231 479//231 514//231
f 515//232 485//232 484//232
f 516//233 487//233 517//233
f 518//234 517//234 519//234
f 520//235 519//235 521//235
f 522//236 521//236 523//236
f 524//237 523//237 525//237
f 525//238 526//238 527//238
f 528//239 526//239 529//239
f 530//240 469//240 468//240
f 531//241 468//241 467//241
f 532//242 470//242 469//242
f 533//243 471//243 470//243
f 534//244 472//244 471//244
f 473//245 472//245 535//245
f 536//246 477//246 473//246
f 537//247 478//247 477//247
f 474//248 478//248 538//248
f 539//249 475//249 474//249
f 540//250 476//250 475//250
f 541//251 542//251 476//251
f 543//252 544//252 542//252
f 545//253 546//253 544//253
f 547//254 546//254 548//254
f 503//255 502//255 549//255
f 503//256 550//256 498//256
f 501//257 551//257 502//257
f 501//258 500//258 552//258
f 488//259 553//259 489//259
f 489//260 554//260 490//260
f 490//261 555//261 491//261
f 491//262 556//262 492//262
f 492//263 557//263 493//263
f 493//264 558//264 494//264
f 499//265 559//265 504//265
f 438//266 504//266 560//266
f 438//267 561//267 497//267
f 497//268 562//268 495//268
f 495//269 563//269 496//269
f 496//270 564//270 437//270
f 488//271 437//271 565//271
f 499//272 498//272 566//272
f 452//273 454//273 567//273
f 454//274 453//274 568//274
f 453//275 455//275 569//275
f 452//276 570//276 500//276
f 455//277 456//277 571//277
f 456//278 457//278 572//278
f 457//279 461//279 573//279
f 459//280 574//280 460//280
f 459//281 462//281 575//281
f 462//282 463//282 576//282
f 463//283 464//283 577//283
f 464//284 578//284 579//284
f 578//285 580//285 581//285
f 461//286 460//286 582//286
f 531//224 467//224 507//224
f 506//223 507//223 466//223
f 511//228 508//228 483//228
f 510//287 511//287 482//287
f 512//229 510//229 481//229
f 486//226 509//226 512//226
f 513//230 515//230 484//230
f 514//231 513//231 480//231
f 479//225 508//225 514//225
f 515//232 506//232 485//232
f 516//233 509//233 487//233
f 518//234 516//234 517//234
f 520//235 518//235 519//235
f 522//236 520//236 521//236
f 524//237 522//237 523//237
f 527//238 524//238 525//238
f 528//239 527//239 526//239
f 533//243 534//243 471//243
f 468//241 531//241 530//241
f 532//240 469//240 530//240
f 533//242 470//242 532//242
f 535//244 472//244 534//244
f 473//245 535//245 536//245
f 537//247 538//247 478//247
f 537//246 477//246 536//246
f 539//248 474//248 538//248
f 540//249 475//249 539//249
f 541//250 476//250 540//250
f 543//251 542//251 541//251
f 543//252 545//252 544//252
f 548//253 546//253 545//253
f 548//254 583//254 547//254
f 498//256 550//256 566//256
f 503//255 549//255 550//255
f 501//258 552//258 551//258
f 502//257 551//257 549//257
f 489//259 553//259 554//259
f 490//260 554//260 555//260
f 491//261 555//261 556//261
f 492//262 556//262 557//262
f 493//263 557//263 558//263
f 558//264 584//264 494//264
f 504//265 559//265 560//265
f 438//266 560//266 561//266
f 497//267 561//267 562//267
f 495//268 562//268 563//268
f 496//269 563//269 564//269
f 437//270 564//270 565//270
f 499//272 566//272 559//272
f 488//271 565//271 553//271
f 554//66 585//66 555//66
f 553//66 586//66 554//66
f 557//288 587//288 558//288
f 555//66 588//66 556//66
f 556//288 589//288 557//288
f 561//66 590//66 562//66
f 561//66 560//66 591//66
f 559//66 592//66 560//66
f 563//66 593//66 564//66
f 564//66 594//66 565//66
f 553//66 565//66 595//66
f 562//66 596//66 563//66
f 559//66 566//66 597//66
f 550//66 598//66 566//66
f 550//66 549//66 599//66
f 551//66 600//66 549//66
f 551//66 552//66 601//66
f 452//273 567//273 570//273
f 454//274 568//274 567//274
f 453//275 569//275 568//275
f 500//276 570//276 552//276
f 455//277 571//277 569//277
f 456//278 572//278 571//278
f 457//279 573//279 572//279
f 461//286 582//286 573//286
f 460//280 574//280 582//280
f 459//281 575//281 574//281
f 462//282 576//282 575//282
f 463//283 577//283 576//283
f 464//284 579//284 577//284
f 578//285 581//285 579//285
f 569//66 571//66 516//66
f 571//66 572//66 508//66
f 572//66 573//66 515//66
f 575//66 576//66 537//66
f 573//66 582//66 531//66
f 574//66 533//66 582//66
f 574//66 575//66 535//66
f 576//66 577//66 540//66
f 577//66 579//66 543//66
f 579//66 581//66 548//66
f 577//66 543//66 541//66
f 579//66 545//66 543//66
f 579//66 548//66 545//66
f 581//66 583//66 548//66
f 572//66 513//66 514//66
f 572//66 515//66 513//66
f 573//66 506//66 515//66
f 573//66 531//66 507//66
f 573//66 507//66 506//66
f 571//66 509//66 516//66
f 571//66 511//66 510//66
f 571//66 508//66 511//66
f 571//66 510//66 512//66
f 571//66 512//66 509//66
f 569//66 516//66 518//66
f 569//66 518//66 520//66
f 569//66 520//66 522//66
f 569//66 522//66 524//66
f 572//66 514//66 508//66
f 570//66 602//66 552//66
f 570//66 567//66 603//66
f 567//66 568//66 604//66
f 568//66 569//66 605//66
f 569//66 528//66 605//66
f 569//288 524//288 527//288
f 569//289 527//289 528//289
f 582//66 532//66 530//66
f 582//66 533//66 532//66
f 574//66 534//66 533//66
f 582//66 530//66 531//66
f 575//66 536//66 535//66
f 574//66 535//66 534//66
f 575//66 537//66 536//66
f 576//66 538//66 537//66
f 576//66 539//66 538//66
f 576//66 540//66 539//66
f 577//66 541//66 540//66
f 606//4 607//4 608//4
f 609//4 610//4 611//4
f 609//4 611//4 612//4
f 609//4 607//4 606//4
f 609//4 612//4 607//4
f 608//4 607//4 613//4
f 614//4 608//4 615//4
f 614//4 615//4 616//4
f 616//4 617//4 618//4
f 608//4 613//4 615//4
f 616//4 615//4 619//4
f 616//4 619//4 617//4
f 618//4 617//4 620//4
f 621//4 622//4 623//4
f 620//4 622//4 621//4
f 620//4 617//4 624//4
f 620//4 624//4 622//4
f 623//4 625//4 626//4
f 626//4 627//4 628//4
f 628//4 627//4 629//4
f 623//4 622//4 625//4
f 626//4 625//4 630//4
f 626//4 630//4 627//4
f 614//290 616//290 631//290
f 616//291 618//291 632//291
f 609//292 606//292 633//292
f 609//293 634//293 610//293
f 606//294 608//294 635//294
f 610//295 636//295 611//295
f 614//296 637//296 608//296
f 620//297 621//297 638//297
f 618//298 620//298 639//298
f 621//299 623//299 640//299
f 623//300 626//300 641//300
f 626//301 628//301 642//301
f 628//302 629//302 643//302
f 611//303 644//303 612//303
f 612//304 645//304 607//304
f 607//305 646//305 613//305
f 613//306 647//306 615//306
f 615//307 648//307 619//307
f 619//308 649//308 617//308
f 617//309 650//309 624//309
f 624//310 651//310 622//310
f 622//311 652//311 625//311
f 625//312 653//312 630//312
f 630//313 654//313 627//313
f 655//314 656//314 657//314
f 658//315 659//315 656//315
f 658//316 660//316 661//316
f 660//317 662//317 663//317
f 629//4 664//4 665//4
f 629//4 627//4 664//4
f 665//4 664//4 666//4
f 273//4 277//4 667//4
f 267//4 273//4 668//4
f 277//141 279//141 665//141
f 629//318 665//318 669//318
f 665//4 666//4 670//4
f 277//4 665//4 671//4
f 666//4 672//4 673//4
f 672//4 674//4 673//4
f 627//319 675//319 664//319
f 664//320 676//320 666//320
f 666//321 677//321 672//321
f 678//322 674//322 679//322
f 672//323 680//323 674//323
f 678//324 681//324 662//324
f 616//290 632//290 631//290
f 618//291 639//291 632//291
f 609//293 633//293 634//293
f 606//325 635//325 633//325
f 608//294 637//294 635//294
f 610//295 634//295 636//295
f 614//296 631//296 637//296
f 621//297 640//297 638//297
f 620//298 638//298 639//298
f 623//299 641//299 640//299
f 626//300 642//300 641//300
f 628//301 643//301 642//301
f 629//302 669//302 643//302
f 611//303 636//303 644//303
f 612//304 644//304 645//304
f 607//305 645//305 646//305
f 613//306 646//306 647//306
f 615//307 647//307 648//307
f 619//308 648//308 649//308
f 617//309 649//309 650//309
f 624//310 650//310 651//310
f 622//311 651//311 652//311
f 625//312 652//312 653//312
f 630//313 653//313 654//313
f 655//326 657//326 682//326
f 656//314 659//314 657//314
f 658//315 661//315 659//315
f 660//316 663//316 661//316
f 665//318 279//318 669//318
f 627//319 654//319 675//319
f 664//320 675//320 676//320
f 666//321 676//321 677//321
f 674//322 680//322 679//322
f 672//323 677//323 680//323
f 662//317 681//317 663//317
f 678//324 679//324 681//324
f 683//4 684//4 685//4
f 686//4 685//4 684//4
f 686//4 687//4 685//4
f 683//4 688//4 689//4
f 690//4 689//4 688//4
f 683//4 685//4 691//4
f 690//4 692//4 693//4
f 690//4 688//4 694//4
f 690//4 694//4 692//4
f 655//4 693//4 695//4
f 655//4 695//4 656//4
f 658//4 656//4 696//4
f 693//4 692//4 695//4
f 656//4 695//4 696//4
f 683//4 691//4 688//4
f 683//327 697//327 684//327
f 683//328 689//328 698//328
f 686//329 684//329 699//329
f 686//330 700//330 687//330
f 687//331 701//331 685//331
f 690//332 702//332 689//332
f 690//333 693//333 703//333
f 655//326 682//326 693//326
f 685//334 704//334 691//334
f 691//335 705//335 688//335
f 688//336 706//336 694//336
f 694//337 707//337 692//337
f 692//338 708//338 695//338
f 709//339 710//339 711//339
f 658//4 712//4 660//4
f 660//4 713//4 662//4
f 678//4 662//4 713//4
f 658//4 696//4 714//4
f 658//4 714//4 712//4
f 660//4 712//4 713//4
f 678//4 715//4 674//4
f 678//4 713//4 716//4
f 678//4 716//4 715//4
f 674//4 715//4 673//4
f 666//4 673//4 670//4
f 665//4 670//4 671//4
f 277//4 671//4 667//4
f 695//340 717//340 696//340
f 696//341 718//341 714//341
f 714//342 719//342 712//342
f 712//343 720//343 713//343
f 713//344 721//344 716//344
f 716//345 722//345 715//345
f 715//346 723//346 673//346
f 673//347 724//347 670//347
f 709//4 725//4 710//4
f 726//4 710//4 727//4
f 728//4 726//4 727//4
f 729//4 730//4 731//4
f 729//4 732//4 733//4
f 734//4 733//4 735//4
f 728//4 731//4 730//4
f 728//4 727//4 736//4
f 728//4 736//4 731//4
f 729//4 731//4 732//4
f 737//4 738//4 739//4
f 670//4 740//4 741//4
f 739//4 742//4 743//4
f 740//4 743//4 742//4
f 734//4 744//4 745//4
f 737//4 745//4 738//4
f 733//4 732//4 735//4
f 734//4 735//4 746//4
f 734//4 746//4 744//4
f 745//4 744//4 738//4
f 739//4 738//4 747//4
f 739//4 747//4 742//4
f 740//4 742//4 741//4
f 729//348 733//348 748//348
f 734//349 749//349 733//349
f 734//350 745//350 750//350
f 737//351 751//351 745//351
f 728//352 752//352 726//352
f 728//353 730//353 753//353
f 729//354 754//354 730//354
f 726//355 755//355 710//355
f 737//356 739//356 756//356
f 739//357 743//357 757//357
f 740//358 758//358 743//358
f 670//359 759//359 740//359
f 747//360 738//360 760//360
f 683//327 698//327 697//327
f 689//328 702//328 698//328
f 684//329 697//329 699//329
f 686//330 699//330 700//330
f 687//331 700//331 701//331
f 690//332 703//332 702//332
f 693//333 682//333 703//333
f 685//334 701//334 704//334
f 691//335 704//335 705//335
f 688//336 705//336 706//336
f 694//337 706//337 707//337
f 692//338 707//338 708//338
f 695//340 708//340 717//340
f 710//339 755//339 711//339
f 696//341 717//341 718//341
f 714//342 718//342 719//342
f 712//343 719//343 720//343
f 713//344 720//344 721//344
f 716//345 721//345 722//345
f 715//346 722//346 723//346
f 673//347 723//347 724//347
f 733//348 749//348 748//348
f 734//349 750//349 749//349
f 745//350 751//350 750//350
f 737//351 756//351 751//351
f 726//355 752//355 755//355
f 728//352 753//352 752//352
f 730//361 754//361 753//361
f 729//362 748//362 754//362
f 709//363 711//363 761//363
f 739//356 757//356 756//356
f 743//364 758//364 757//364
f 740//358 759//358 758//358
f 670//359 724//359 759//359
f 760//360 738//360 762//360
f 205//4 267//4 763//4
f 183//4 205//4 282//4
f 273//4 667//4 668//4
f 267//4 668//4 763//4
f 670//4 741//4 671//4
f 747//365 764//365 742//365
f 742//366 765//366 741//366
f 741//367 766//367 671//367
f 205//4 763//4 282//4
f 747//365 760//365 764//365
f 742//366 764//366 765//366
f 741//367 765//367 766//367
f 635//66 637//66 645//66
f 633//66 636//66 634//66
f 633//66 644//66 636//66
f 633//66 635//66 645//66
f 633//66 645//66 644//66
f 637//66 646//66 645//66
f 631//66 647//66 637//66
f 631//66 632//66 647//66
f 632//66 639//66 649//66
f 637//66 647//66 646//66
f 632//66 648//66 647//66
f 632//66 649//66 648//66
f 639//66 638//66 649//66
f 640//66 641//66 651//66
f 638//66 640//66 651//66
f 638//66 650//66 649//66
f 638//66 651//66 650//66
f 641//66 642//66 652//66
f 642//66 643//66 654//66
f 643//66 669//66 654//66
f 641//66 652//66 651//66
f 642//66 653//66 652//66
f 642//66 654//66 653//66
f 669//66 279//66 675//66
f 669//66 675//66 654//66
f 279//66 676//66 675//66
f 272//66 767//66 278//66
f 271//66 768//66 272//66
f 279//66 724//66 676//66
f 278//66 766//66 279//66
f 676//66 723//66 677//66
f 677//66 723//66 680//66
f 698//66 701//66 697//66
f 699//66 697//66 701//66
f 699//66 701//66 700//66
f 698//66 702//66 705//66
f 703//66 705//66 702//66
f 698//66 704//66 701//66
f 703//66 682//66 707//66
f 703//66 706//66 705//66
f 703//66 707//66 706//66
f 657//66 708//66 682//66
f 657//66 659//66 708//66
f 661//66 717//66 659//66
f 682//66 708//66 707//66
f 659//66 717//66 708//66
f 698//66 705//66 704//66
f 661//66 663//66 719//66
f 663//66 681//66 720//66
f 679//66 720//66 681//66
f 661//66 718//66 717//66
f 661//66 719//66 718//66
f 663//66 720//66 719//66
f 679//66 680//66 722//66
f 679//66 721//66 720//66
f 679//66 722//66 721//66
f 680//66 723//66 722//66
f 676//66 724//66 723//66
f 279//66 766//66 724//66
f 278//66 767//66 766//66
f 711//66 755//66 761//66
f 752//66 769//66 755//66
f 753//66 769//66 752//66
f 748//66 770//66 754//66
f 748//66 749//66 771//66
f 750//66 772//66 749//66
f 753//66 754//66 770//66
f 753//66 773//66 769//66
f 753//66 770//66 773//66
f 748//66 771//66 770//66
f 756//66 757//66 762//66
f 724//66 765//66 759//66
f 757//66 758//66 764//66
f 759//66 764//66 758//66
f 750//66 751//66 774//66
f 756//66 762//66 751//66
f 749//66 772//66 771//66
f 750//66 775//66 772//66
f 750//66 774//66 775//66
f 751//66 762//66 774//66
f 757//66 760//66 762//66
f 757//66 764//66 760//66
f 759//66 765//66 764//66
f 211//66 776//66 271//66
f 195//66 283//66 211//66
f 272//66 768//66 767//66
f 271//66 776//66 768//66
f 724//66 766//66 765//66
f 211//66 283//66 776//66
f 710//4 725//4 777//4
f 710//4 777//4 727//4
f 709//363 761//363 725//363
f 725//368 778//368 777//368
f 727//369 773//369 736//369
f 777//370 769//370 727//370
f 736//371 770//371 731//371
f 731//372 771//372 732//372
f 732//373 772//373 735//373
f 735//374 775//374 746//374
f 746//375 774//375 744//375
f 744//376 762//376 738//376
f 779//377 780//377 781//377
f 782//378 781//378 783//378
f 725//368 761//368 778//368
f 777//370 778//370 769//370
f 727//369 769//369 773//369
f 736//371 773//371 770//371
f 731//372 770//372 771//372
f 732//373 771//373 772//373
f 735//374 772//374 775//374
f 746//375 775//375 774//375
f 744//376 774//376 762//376
f 779//377 784//377 780//377
f 781//378 780//378 783//378
f 782//379 783//379 785//379
f 786//4 787//4 788//4
f 786//4 789//4 790//4
f 790//4 789//4 791//4
f 792//4 791//4 793//4
f 794//4 792//4 793//4
f 794//4 795//4 796//4
f 797//4 796//4 795//4
f 667//4 797//4 668//4
f 791//4 798//4 793//4
f 794//4 793//4 799//4
f 794//4 799//4 795//4
f 797//4 795//4 800//4
f 797//4 800//4 668//4
f 671//380 767//380 667//380
f 794//381 801//381 792//381
f 667//382 802//382 797//382
f 797//383 803//383 796//383
f 794//384 796//384 804//384
f 786//385 790//385 805//385
f 790//386 791//386 806//386
f 807//387 808//387 809//387
f 787//388 810//388 808//388
f 786//389 811//389 787//389
f 792//390 812//390 791//390
f 779//4 781//4 813//4
f 779//4 814//4 807//4
f 787//4 808//4 815//4
f 807//4 815//4 808//4
f 782//4 813//4 781//4
f 782//4 816//4 813//4
f 779//4 813//4 814//4
f 807//4 817//4 815//4
f 787//4 815//4 818//4
f 787//4 818//4 788//4
f 807//4 814//4 817//4
f 786//4 788//4 789//4
f 791//4 789//4 798//4
f 779//391 807//391 784//391
f 782//379 785//379 816//379
f 816//392 819//392 813//392
f 813//393 820//393 814//393
f 814//394 821//394 817//394
f 815//395 817//395 822//395
f 815//396 823//396 818//396
f 818//397 824//397 788//397
f 788//398 825//398 789//398
f 789//399 826//399 798//399
f 798//400 827//400 793//400
f 799//401 793//401 828//401
f 829//4 830//4 831//4
f 832//4 833//4 834//4
f 832//4 831//4 833//4
f 829//4 835//4 830//4
f 835//4 836//4 837//4
f 836//4 838//4 837//4
f 763//4 834//4 282//4
f 835//4 839//4 830//4
f 831//4 840//4 833//4
f 834//4 833//4 841//4
f 831//4 830//4 840//4
f 799//402 842//402 795//402
f 795//403 843//403 800//403
f 800//404 768//404 668//404
f 668//405 776//405 763//405
f 832//406 844//406 831//406
f 832//407 834//407 845//407
f 846//408 847//408 848//408
f 829//409 849//409 835//409
f 835//410 850//410 836//410
f 829//411 831//411 851//411
f 836//412 852//412 838//412
f 846//413 838//413 853//413
f 763//414 854//414 834//414
f 671//380 766//380 767//380
f 794//381 804//381 801//381
f 667//415 767//415 802//415
f 797//383 802//383 803//383
f 796//384 803//384 804//384
f 791//386 812//386 806//386
f 790//385 806//385 805//385
f 787//388 811//388 810//388
f 808//387 810//387 809//387
f 786//389 805//389 811//389
f 792//390 801//390 812//390
f 807//391 809//391 784//391
f 816//392 785//392 819//392
f 813//393 819//393 820//393
f 814//394 820//394 821//394
f 817//395 821//395 822//395
f 815//396 822//396 823//396
f 818//397 823//397 824//397
f 788//398 824//398 825//398
f 789//399 825//399 826//399
f 798//416 826//416 827//416
f 799//417 828//417 842//417
f 793//401 827//401 828//401
f 795//403 842//403 843//403
f 800//404 843//404 768//404
f 668//405 768//405 776//405
f 834//407 854//407 845//407
f 832//406 845//406 844//406
f 846//408 853//408 847//408
f 829//409 851//409 849//409
f 835//410 849//410 850//410
f 831//411 844//411 851//411
f 836//412 850//412 852//412
f 838//413 852//413 853//413
f 763//414 776//414 854//414
f 848//4 855//4 856//4
f 855//4 857//4 856//4
f 846//4 848//4 858//4
f 846//4 859//4 838//4
f 857//4 860//4 861//4
f 860//4 862//4 861//4
f 862//4 863//4 861//4
f 857//4 864//4 856//4
f 857//4 861//4 864//4
f 846//4 858//4 865//4
f 846//4 865//4 859//4
f 838//4 859//4 837//4
f 848//4 856//4 858//4
f 835//4 837//4 839//4
f 848//418 866//418 855//418
f 855//419 867//419 857//419
f 857//420 868//420 860//420
f 860//421 869//421 862//421
f 862//422 870//422 863//422
f 863//423 871//423 861//423
f 861//424 872//424 864//424
f 864//425 873//425 856//425
f 856//426 874//426 858//426
f 837//427 875//427 839//427
f 858//428 876//428 865//428
f 865//429 877//429 859//429
f 837//430 859//430 878//430
f 848//418 847//418 866//418
f 857//420 867//420 868//420
f 855//419 866//419 867//419
f 860//421 868//421 869//421
f 862//422 869//422 870//422
f 863//423 870//423 871//423
f 864//425 872//425 873//425
f 856//426 873//426 874//426
f 837//427 878//427 875//427
f 865//429 876//429 877//429
f 858//428 874//428 876//428
f 859//430 877//430 878//430
f 861//424 871//424 872//424
f 755//66 778//66 761//66
f 755//66 769//66 778//66
f 805//66 824//66 811//66
f 805//66 806//66 825//66
f 806//66 812//66 825//66
f 801//66 827//66 812//66
f 804//66 827//66 801//66
f 804//66 803//66 842//66
f 802//66 842//66 803//66
f 767//66 768//66 802//66
f 812//66 827//66 826//66
f 804//66 828//66 827//66
f 804//66 842//66 828//66
f 802//66 843//66 842//66
f 802//66 768//66 843//66
f 784//66 819//66 780//66
f 784//66 809//66 820//66
f 811//66 822//66 810//66
f 809//66 810//66 822//66
f 783//66 780//66 819//66
f 783//66 819//66 785//66
f 784//66 820//66 819//66
f 809//66 822//66 821//66
f 811//66 823//66 822//66
f 811//66 824//66 823//66
f 809//66 821//66 820//66
f 805//66 825//66 824//66
f 812//66 826//66 825//66
f 851//66 844//66 879//66
f 845//66 854//66 880//66
f 845//66 880//66 844//66
f 851//66 879//66 849//66
f 849//66 878//66 850//66
f 850//66 878//66 852//66
f 776//66 283//66 854//66
f 849//66 879//66 875//66
f 844//66 880//66 881//66
f 854//66 882//66 880//66
f 844//66 881//66 879//66
f 847//66 873//66 866//66
f 866//66 873//66 867//66
f 853//66 874//66 847//66
f 853//66 852//66 877//66
f 867//66 871//66 868//66
f 868//66 871//66 869//66
f 869//66 871//66 870//66
f 867//66 873//66 872//66
f 867//66 872//66 871//66
f 853//66 876//66 874//66
f 853//66 877//66 876//66
f 852//66 878//66 877//66
f 847//66 874//66 873//66
f 849//66 875//66 878//66
f 282//4 517//4 487//4
f 282//4 519//4 517//4
f 282//4 521//4 519//4
f 282//4 523//4 521//4
f 282//4 525//4 523//4
f 883//4 526//4 525//4
f 883//4 529//4 526//4
f 883//4 884//4 529//4
f 883//4 885//4 884//4
f 883//4 886//4 885//4
f 883//4 887//4 886//4
f 883//4 888//4 887//4
f 883//4 889//4 888//4
f 883//4 890//4 889//4
f 883//4 891//4 890//4
f 883//4 892//4 891//4
f 282//4 883//4 525//4
f 883//4 893//4 892//4
f 883//4 894//4 893//4
f 883//4 895//4 894//4
f 883//4 896//4 895//4
f 897//4 898//4 896//4
f 897//4 899//4 898//4
f 897//4 900//4 899//4
f 897//4 901//4 900//4
f 897//4 902//4 901//4
f 903//4 904//4 902//4
f 903//4 905//4 904//4
f 903//4 906//4 905//4
f 903//4 907//4 906//4
f 903//4 908//4 907//4
f 903//4 909//4 908//4
f 903//4 910//4 909//4
f 903//4 911//4 910//4
f 903//4 912//4 911//4
f 913//4 914//4 912//4
f 913//4 915//4 914//4
f 913//4 916//4 915//4
f 917//4 918//4 916//4
f 917//4 919//4 918//4
f 917//4 920//4 919//4
f 917//4 921//4 920//4
f 917//4 922//4 921//4
f 917//4 923//4 922//4
f 505//66 924//66 283//66
f 924//66 925//66 283//66
f 925//66 926//66 283//66
f 926//66 927//66 283//66
f 927//66 928//66 283//66
f 928//66 929//66 283//66
f 929//66 930//66 283//66
f 930//66 931//66 283//66
f 931//66 932//66 283//66
f 932//66 933//66 283//66
f 933//66 934//66 283//66
f 934//66 935//66 283//66
f 935//66 936//66 283//66
f 936//66 937//66 283//66
f 937//66 938//66 283//66
f 938//66 939//66 283//66
f 939//66 940//66 941//66
f 940//66 942//66 941//66
f 942//66 943//66 941//66
f 943//66 944//66 941//66
f 944//66 945//66 941//66
f 946//431 529//431 884//431
f 947//432 884//432 885//432
f 948//433 885//433 886//433
f 949//434 886//434 887//434
f 950//435 887//435 888//435
f 951//436 888//436 889//436
f 889//437 890//437 952//437
f 890//438 891//438 953//438
f 891//439 892//439 954//439
f 955//440 892//440 893//440
f 893//441 894//441 956//441
f 894//442 895//442 957//442
f 895//443 896//443 958//443
f 959//444 896//444 898//444
f 898//445 899//445 960//445
f 899//446 900//446 961//446
f 962//447 900//447 901//447
f 902//448 963//448 901//448
f 964//449 902//449 904//449
f 905//450 965//450 904//450
f 906//451 966//451 905//451
f 967//37 906//37 907//37
f 908//452 968//452 907//452
f 969//453 908//453 909//453
f 910//454 970//454 909//454
f 971//455 910//455 911//455
f 912//456 972//456 911//456
f 973//457 912//457 914//457
f 915//458 974//458 914//458
f 916//459 975//459 915//459
f 976//460 916//460 918//460
f 918//461 919//461 977//461
f 834//4 841//4 282//4
f 833//462 882//462 841//462
f 841//463 283//463 282//463
f 883//4 897//4 896//4
f 833//462 880//462 882//462
f 841//463 882//463 283//463
f 282//464 283//464 941//464
f 978//4 979//4 980//4
f 981//4 980//4 979//4
f 982//4 983//4 984//4
f 981//4 985//4 986//4
f 985//4 982//4 986//4
f 987//4 988//4 989//4
f 983//4 987//4 984//4
f 988//4 990//4 989//4
f 830//465 839//465 879//465
f 833//466 840//466 880//466
f 830//467 881//467 840//467
f 282//464 941//464 883//464
f 883//468 991//468 978//468
f 978//469 992//469 979//469
f 981//470 979//470 993//470
f 981//471 994//471 985//471
f 985//472 995//472 982//472
f 982//473 996//473 983//473
f 983//474 997//474 987//474
f 987//475 998//475 988//475
f 988//476 999//476 990//476
f 990//477 1000//477 1001//477
f 1001//4 1002//4 1003//4
f 1002//4 1004//4 1005//4
f 1004//4 1006//4 1007//4
f 990//4 1001//4 1003//4
f 1004//4 1007//4 1005//4
f 990//4 1008//4 989//4
f 990//4 1003//4 1008//4
f 1002//4 1005//4 1003//4
f 1006//4 1009//4 1007//4
f 1001//478 1010//478 1002//478
f 1002//479 1011//479 1004//479
f 1004//480 1012//480 1006//480
f 1006//481 1013//481 1009//481
f 1007//482 1009//482 1014//482
f 883//4 978//4 897//4
f 978//4 980//4 1015//4
f 978//4 1015//4 897//4
f 981//4 986//4 1016//4
f 981//4 1016//4 980//4
f 982//4 1017//4 986//4
f 982//4 984//4 1017//4
f 987//4 989//4 1018//4
f 987//4 1018//4 984//4
f 1016//483 986//483 1019//483
f 984//484 1020//484 1017//484
f 984//485 1018//485 1021//485
f 1017//486 1022//486 986//486
f 1015//487 980//487 1023//487
f 1015//488 1024//488 897//488
f 1016//489 1025//489 980//489
f 897//490 1026//490 903//490
f 1003//491 1005//491 1027//491
f 989//492 1008//492 1028//492
f 1003//493 1029//493 1008//493
f 1007//494 1030//494 1005//494
f 989//495 1031//495 1018//495
f 830//467 879//467 881//467
f 839//465 875//465 879//465
f 840//466 881//466 880//466
f 883//468 941//468 991//468
f 978//469 991//469 992//469
f 979//470 992//470 993//470
f 981//471 993//471 994//471
f 985//472 994//472 995//472
f 982//473 995//473 996//473
f 983//474 996//474 997//474
f 987//475 997//475 998//475
f 988//476 998//476 999//476
f 990//477 999//477 1000//477
f 1001//478 1000//478 1010//478
f 1002//479 1010//479 1011//479
f 1004//480 1011//480 1012//480
f 1006//481 1012//481 1013//481
f 1009//482 1013//482 1014//482
f 1007//494 1014//494 1030//494
f 1018//485 1031//485 1021//485
f 984//484 1021//484 1020//484
f 1017//486 1020//486 1022//486
f 986//483 1022//483 1019//483
f 980//487 1025//487 1023//487
f 1015//488 1023//488 1024//488
f 1016//489 1019//489 1025//489
f 897//490 1024//490 1026//490
f 1005//491 1030//491 1027//491
f 1003//496 1027//496 1029//496
f 1008//492 1029//492 1028//492
f 989//495 1028//495 1031//495
f 897//4 903//4 902//4
f 903//4 913//4 912//4
f 913//4 917//4 916//4
f 1032//4 1033//4 1034//4
f 1035//4 1034//4 1033//4
f 903//4 1036//4 1037//4
f 1036//4 1032//4 1037//4
f 903//4 1037//4 913//4
f 1032//4 1038//4 1037//4
f 1032//4 1034//4 1038//4
f 903//497 1039//497 1036//497
f 1036//498 1040//498 1032//498
f 1035//499 1033//499 1041//499
f 1032//500 1042//500 1033//500
f 1037//501 1038//501 1043//501
f 1035//4 1044//4 1045//4
f 1044//4 1046//4 1045//4
f 1046//4 1047//4 1048//4
f 1047//4 1049//4 1050//4
f 1049//4 1051//4 1050//4
f 1051//4 1052//4 1053//4
f 1052//4 1054//4 1055//4
f 1054//4 1056//4 1055//4
f 1051//4 1053//4 1057//4
f 1056//4 1058//4 1055//4
f 1052//4 1055//4 1053//4
f 1056//4 1059//4 1060//4
f 1056//4 1060//4 1058//4
f 1035//4 1045//4 1061//4
f 1035//4 1061//4 1034//4
f 1046//4 1048//4 1062//4
f 1046//4 1062//4 1045//4
f 1047//4 1050//4 1048//4
f 1051//4 1057//4 1050//4
f 1035//502 1063//502 1044//502
f 1044//503 1064//503 1046//503
f 1046//504 1065//504 1047//504
f 1047//505 1066//505 1049//505
f 1049//506 1067//506 1051//506
f 1051//507 1068//507 1052//507
f 1052//508 1069//508 1054//508
f 1054//509 1070//509 1056//509
f 1056//510 1071//510 1059//510
f 1059//511 1072//511 1060//511
f 1038//512 1034//512 1073//512
f 1034//513 1061//513 1074//513
f 1061//514 1045//514 1075//514
f 1062//515 1076//515 1045//515
f 1062//516 1048//516 1077//516
f 1048//517 1050//517 1078//517
f 1055//518 1058//518 1079//518
f 1050//519 1057//519 1080//519
f 1057//520 1053//520 1081//520
f 1055//521 1082//521 1053//521
f 1060//522 1083//522 1058//522
f 917//4 1084//4 1085//4
f 1037//523 1086//523 913//523
f 913//524 1087//524 917//524
f 917//525 1088//525 1084//525
f 1084//4 1089//4 1090//4
f 1089//4 1091//4 1092//4
f 1091//4 1093//4 1094//4
f 1093//4 1095//4 1096//4
f 1095//4 1097//4 1098//4
f 1097//4 1099//4 1100//4
f 1099//4 1101//4 1102//4
f 1101//4 1103//4 1104//4
f 1103//4 1105//4 1106//4
f 1105//4 1107//4 1108//4
f 1107//4 1109//4 1110//4
f 1109//4 1111//4 1112//4
f 1084//526 1113//526 1089//526
f 1089//527 1114//527 1091//527
f 1091//528 1115//528 1093//528
f 1093//529 1116//529 1095//529
f 1095//530 1117//530 1097//530
f 1097//531 1118//531 1099//531
f 1099//532 1119//532 1101//532
f 1101//533 1120//533 1103//533
f 1103//534 1121//534 1105//534
f 1105//535 1122//535 1107//535
f 1107//536 1123//536 1109//536
f 1109//537 1124//537 1111//537
f 903//497 1026//497 1039//497
f 1036//498 1039//498 1040//498
f 1032//500 1040//500 1042//500
f 1033//499 1042//499 1041//499
f 1038//501 1073//501 1043//501
f 1035//502 1041//502 1063//502
f 1044//503 1063//503 1064//503
f 1046//504 1064//504 1065//504
f 1047//505 1065//505 1066//505
f 1049//506 1066//506 1067//506
f 1051//507 1067//507 1068//507
f 1052//508 1068//508 1069//508
f 1054//509 1069//509 1070//509
f 1056//510 1070//510 1071//510
f 1059//511 1071//511 1072//511
f 1034//512 1074//512 1073//512
f 1061//513 1075//513 1074//513
f 1045//514 1076//514 1075//514
f 1062//515 1077//515 1076//515
f 1050//517 1080//517 1078//517
f 1048//516 1078//516 1077//516
f 1055//521 1079//521 1082//521
f 1053//520 1082//520 1081//520
f 1057//519 1081//519 1080//519
f 1060//522 1072//522 1083//522
f 1058//518 1083//518 1079//518
f 1037//523 1043//523 1086//523
f 913//524 1086//524 1087//524
f 917//525 1087//525 1088//525
f 1084//526 1088//526 1113//526
f 1089//527 1113//527 1114//527
f 1091//528 1114//528 1115//528
f 1093//529 1115//529 1116//529
f 1095//530 1116//530 1117//530
f 1097//531 1117//531 1118//531
f 1099//532 1118//532 1119//532
f 1101//533 1119//533 1120//533
f 1103//534 1120//534 1121//534
f 1105//535 1121//535 1122//535
f 1107//536 1122//536 1123//536
f 1109//537 1123//537 1124//537
f 1111//538 1124//538 1125//538
f 939//66 941//66 283//66
f 854//66 283//66 882//66
f 945//66 1024//66 941//66
f 991//66 1025//66 992//66
f 993//66 992//66 1025//66
f 995//66 1021//66 996//66
f 993//66 1022//66 994//66
f 994//66 1022//66 995//66
f 997//66 1028//66 998//66
f 996//66 1021//66 997//66
f 998//66 1028//66 999//66
f 1000//66 1027//66 1010//66
f 1010//66 1030//66 1011//66
f 1011//66 1014//66 1012//66
f 999//66 1027//66 1000//66
f 1011//66 1030//66 1014//66
f 999//66 1028//66 1029//66
f 999//66 1029//66 1027//66
f 1010//66 1027//66 1030//66
f 1012//66 1014//66 1013//66
f 941//66 1024//66 991//66
f 991//66 1023//66 1025//66
f 991//66 1024//66 1023//66
f 993//66 1019//66 1022//66
f 993//66 1025//66 1019//66
f 995//66 1022//66 1020//66
f 995//66 1020//66 1021//66
f 997//66 1031//66 1028//66
f 997//66 1021//66 1031//66
f 945//66 1126//66 1024//66
f 1126//66 1127//66 1024//66
f 1127//66 1128//66 1026//66
f 1128//66 1129//66 1026//66
f 1129//66 1130//66 1026//66
f 1127//66 1026//66 1024//66
f 1130//66 1086//66 1026//66
f 1130//66 1131//66 1086//66
f 1131//66 1132//66 1086//66
f 1132//66 1133//66 1086//66
f 1133//66 1134//66 1087//66
f 1134//66 1135//66 1087//66
f 1087//66 1135//66 1136//66
f 1087//66 1136//66 1137//66
f 1133//66 1087//66 1086//66
f 1040//66 1074//66 1042//66
f 1041//66 1042//66 1074//66
f 1026//66 1043//66 1039//66
f 1039//66 1043//66 1040//66
f 1026//66 1086//66 1043//66
f 1040//66 1043//66 1073//66
f 1040//66 1073//66 1074//66
f 1041//66 1076//66 1063//66
f 1063//66 1076//66 1064//66
f 1064//66 1078//66 1065//66
f 1065//66 1080//66 1066//66
f 1066//66 1080//66 1067//66
f 1067//66 1082//66 1068//66
f 1068//66 1079//66 1069//66
f 1069//66 1079//66 1070//66
f 1067//66 1081//66 1082//66
f 1070//66 1079//66 1083//66
f 1068//66 1082//66 1079//66
f 1070//66 1072//66 1071//66
f 1070//66 1083//66 1072//66
f 1041//66 1075//66 1076//66
f 1041//66 1074//66 1075//66
f 1064//66 1077//66 1078//66
f 1064//66 1076//66 1077//66
f 1065//66 1078//66 1080//66
f 1067//66 1080//66 1081//66
f 1087//66 1138//66 1088//66
f 1088//66 1139//66 1113//66
f 1113//66 1140//66 1114//66
f 1114//66 1141//66 1115//66
f 1115//66 1142//66 1116//66
f 1116//66 1143//66 1117//66
f 1117//66 1144//66 1118//66
f 1118//66 1145//66 1119//66
f 1119//66 1146//66 1120//66
f 1120//66 1147//66 1121//66
f 1121//66 1148//66 1122//66
f 1122//66 1149//66 1123//66
f 1123//66 1150//66 1124//66
f 494//539 584//539 505//539
f 505//540 587//540 924//540
f 924//541 589//541 925//541
f 925//542 588//542 926//542
f 926//543 585//543 927//543
f 927//544 586//544 928//544
f 928//545 595//545 929//545
f 929//546 594//546 930//546
f 930//547 593//547 931//547
f 931//548 596//548 932//548
f 932//549 590//549 933//549
f 933//550 591//550 934//550
f 934//551 592//551 935//551
f 935//552 597//552 936//552
f 936//553 598//553 937//553
f 937//554 599//554 938//554
f 938//555 600//555 939//555
f 939//556 601//556 940//556
f 529//431 946//431 528//431
f 947//432 946//432 884//432
f 948//433 947//433 885//433
f 949//434 948//434 886//434
f 950//435 949//435 887//435
f 951//436 950//436 888//436
f 889//437 952//437 951//437
f 890//438 953//438 952//438
f 891//557 954//557 953//557
f 955//440 954//440 892//440
f 956//441 955//441 893//441
f 894//442 957//442 956//442
f 895//443 958//443 957//443
f 959//444 958//444 896//444
f 898//445 960//445 959//445
f 899//446 961//446 960//446
f 961//447 900//447 962//447
f 901//448 963//448 962//448
f 902//449 964//449 963//449
f 964//450 904//450 965//450
f 905//451 966//451 965//451
f 967//37 966//37 906//37
f 907//452 968//452 967//452
f 908//453 969//453 968//453
f 970//454 969//454 909//454
f 910//455 971//455 970//455
f 972//456 971//456 911//456
f 912//457 973//457 972//457
f 973//458 914//458 974//458
f 915//459 975//459 974//459
f 976//460 975//460 916//460
f 976//461 918//461 977//461
f 940//558 602//558 942//558
f 942//559 603//559 943//559
f 943//560 604//560 944//560
f 944//561 605//561 945//561
f 945//562 1151//562 1126//562
f 1126//563 1152//563 1127//563
f 1127//564 1153//564 1128//564
f 1128//565 1154//565 1129//565
f 1129//566 1155//566 1130//566
f 1130//567 1156//567 1131//567
f 1131//568 1157//568 1132//568
f 1132//569 1158//569 1133//569
f 1133//570 1159//570 1134//570
f 1134//571 1160//571 1135//571
f 505//539 584//539 587//539
f 924//540 587//540 589//540
f 925//541 589//541 588//541
f 926//542 588//542 585//542
f 927//543 585//543 586//543
f 928//544 586//544 595//544
f 929//545 595//545 594//545
f 930//546 594//546 593//546
f 931//547 593//547 596//547
f 932//548 596//548 590//548
f 933//549 590//549 591//549
f 934//550 591//550 592//550
f 935//551 592//551 597//551
f 936//552 597//552 598//552
f 558//66 587//66 584//66
f 557//572 589//572 587//572
f 556//66 588//66 589//66
f 555//66 585//66 588//66
f 554//66 586//66 585//66
f 553//66 595//66 586//66
f 565//66 594//66 595//66
f 564//66 593//66 594//66
f 563//66 596//66 593//66
f 562//66 590//66 596//66
f 561//66 591//66 590//66
f 560//66 592//66 591//66
f 559//66 597//66 592//66
f 566//66 598//66 597//66
f 550//66 599//66 598//66
f 549//66 600//66 599//66
f 551//66 601//66 600//66
f 552//66 602//66 601//66
f 937//553 598//553 599//553
f 938//554 599//554 600//554
f 939//555 600//555 601//555
f 940//556 601//556 602//556
f 570//66 603//66 602//66
f 567//66 604//66 603//66
f 568//66 605//66 604//66
f 605//288 528//288 946//288
f 1151//66 946//66 947//66
f 605//66 946//66 1151//66
f 1151//288 947//288 948//288
f 1151//572 948//572 949//572
f 1151//66 949//66 950//66
f 1151//66 950//66 951//66
f 1151//66 951//66 952//66
f 1151//66 952//66 953//66
f 1151//66 953//66 954//66
f 1151//66 954//66 955//66
f 1152//66 955//66 956//66
f 1152//66 956//66 957//66
f 1152//66 957//66 958//66
f 1153//66 958//66 959//66
f 1153//66 959//66 960//66
f 1153//66 960//66 961//66
f 1154//66 961//66 962//66
f 1154//66 962//66 963//66
f 1154//66 963//66 964//66
f 1155//66 964//66 965//66
f 1155//66 965//66 966//66
f 1155//66 966//66 967//66
f 1156//66 967//66 968//66
f 1156//66 968//66 969//66
f 1157//66 969//66 970//66
f 1157//66 970//66 971//66
f 1158//66 971//66 972//66
f 1158//66 972//66 973//66
f 942//558 602//558 603//558
f 943//559 603//559 604//559
f 944//560 604//560 605//560
f 945//561 605//561 1151//561
f 1126//562 1151//562 1152//562
f 1127//563 1152//563 1153//563
f 1128//564 1153//564 1154//564
f 1129//565 1154//565 1155//565
f 1130//566 1155//566 1156//566
f 1131//567 1156//567 1157//567
f 1132//568 1157//568 1158//568
f 1133//569 1158//569 1159//569
f 1134//570 1159//570 1160//570
f 1160//571 1161//571 1135//571
f 1151//66 955//66 1152//66
f 1152//66 958//66 1153//66
f 1153//66 961//66 1154//66
f 1154//66 964//66 1155//66
f 1155//66 967//66 1156//66
f 1156//66 969//66 1157//66
f 1157//66 971//66 1158//66
f 1159//66 973//66 974//66
f 1159//66 974//66 975//66
f 1159//66 975//66 976//66
f 1160//66 976//66 977//66
f 1158//66 973//66 1159//66
f 1159//66 976//66 1160//66
f 1160//66 977//66 1161//66
f 394//4 398//4 395//4
f 397//4 400//4 398//4
f 399//4 402//4 400//4
f 401//4 404//4 402//4
f 403//4 406//4 404//4
f 405//4 408//4 406//4
f 407//4 410//4 408//4
f 409//4 412//4 410//4
f 411//4 414//4 412//4
f 413//4 416//4 414//4
f 415//4 418//4 416//4
f 417//4 433//4 418//4
f 395//573 398//573 439//573
f 398//574 400//574 440//574
f 400//575 402//575 441//575
f 402//576 404//576 442//576
f 404//577 406//577 443//577
f 406//578 408//578 444//578
f 408//579 410//579 445//579
f 410//580 412//580 446//580
f 412//581 414//581 447//581
f 414//582 416//582 448//582
f 416//583 418//583 449//583
f 418//584 433//584 450//584
f 432//4 465//4 433//4
f 433//585 465//585 451//585
f 465//586 1162//586 458//586
f 1162//587 1163//587 1164//587
f 1165//4 1166//4 1167//4
f 1166//4 1168//4 1169//4
f 1170//4 1171//4 1172//4
f 1168//4 1172//4 1171//4
f 1173//4 1174//4 1175//4
f 1170//4 1173//4 1175//4
f 1176//4 1177//4 1178//4
f 1178//4 1177//4 1179//4
f 1180//4 1181//4 1182//4
f 1176//4 1182//4 1177//4
f 1180//4 1165//4 1167//4
f 1182//4 1183//4 1177//4
f 1182//4 1181//4 1183//4
f 1180//4 1167//4 1181//4
f 1166//4 1184//4 1167//4
f 1166//4 1169//4 1184//4
f 1168//4 1171//4 1169//4
f 1170//4 1185//4 1171//4
f 1170//4 1175//4 1185//4
f 1176//588 1178//588 1186//588
f 1180//589 1182//589 1187//589
f 1180//590 1188//590 1165//590
f 1165//591 1189//591 1166//591
f 1176//592 1190//592 1182//592
f 1166//593 1191//593 1168//593
f 1168//594 1192//594 1172//594
f 1170//595 1172//595 1193//595
f 1170//596 1194//596 1173//596
f 1173//597 1195//597 1174//597
f 1174//598 1196//598 1197//598
f 1178//599 1179//599 1198//599
f 1179//600 1177//600 1199//600
f 1177//601 1183//601 1200//601
f 1183//602 1181//602 1201//602
f 1181//603 1167//603 1202//603
f 1167//604 1184//604 1203//604
f 1184//605 1169//605 1204//605
f 1169//606 1171//606 1205//606
f 1171//607 1185//607 1206//607
f 1185//608 1175//608 1207//608
f 1174//4 1197//4 1208//4
f 1197//4 1163//4 1208//4
f 1162//4 1209//4 1163//4
f 1163//4 1210//4 1208//4
f 1163//4 1209//4 1210//4
f 1174//4 1211//4 1175//4
f 1174//4 1208//4 1211//4
f 1197//609 1212//609 1163//609
f 1211//610 1208//610 1213//610
f 1211//611 1214//611 1175//611
f 1208//612 1210//612 1215//612
f 1210//613 1209//613 1216//613
f 425//212 395//212 439//212
f 398//573 440//573 439//573
f 400//574 441//574 440//574
f 402//575 442//575 441//575
f 404//576 443//576 442//576
f 406//577 444//577 443//577
f 408//578 445//578 444//578
f 410//579 446//579 445//579
f 412//580 447//580 446//580
f 414//581 448//581 447//581
f 416//582 449//582 448//582
f 418//583 450//583 449//583
f 433//584 451//584 450//584
f 465//585 458//585 451//585
f 1162//586 1164//586 458//586
f 1163//587 1212//587 1164//587
f 1176//592 1186//592 1190//592
f 1178//588 1198//588 1186//588
f 1165//591 1188//591 1189//591
f 1180//590 1187//590 1188//590
f 1182//589 1190//589 1187//589
f 1168//594 1191//594 1192//594
f 1166//593 1189//593 1191//593
f 1172//595 1192//595 1193//595
f 1170//596 1193//596 1194//596
f 1173//597 1194//597 1195//597
f 1174//598 1195//598 1196//598
f 1179//599 1199//599 1198//599
f 1177//600 1200//600 1199//600
f 1183//601 1201//601 1200//601
f 1181//602 1202//602 1201//602
f 1167//603 1203//603 1202//603
f 1184//604 1204//604 1203//604
f 1169//605 1205//605 1204//605
f 1171//606 1206//606 1205//606
f 1185//607 1207//607 1206//607
f 1175//608 1214//608 1207//608
f 1197//609 1196//609 1212//609
f 1211//611 1213//611 1214//611
f 1208//610 1215//610 1213//610
f 1210//612 1216//612 1215//612
f 1209//613 1217//613 1216//613
f 465//4 1218//4 1162//4
f 1162//4 1219//4 1209//4
f 1209//4 1220//4 1221//4
f 1222//614 1223//614 1224//614
f 1225//615 1226//615 1227//615
f 1228//616 1229//616 1230//616
f 1228//617 1231//617 1223//617
f 1225//618 1232//618 1229//618
f 1222//4 1233//4 1234//4
f 1222//4 1234//4 1223//4
f 1235//4 1236//4 1233//4
f 1237//4 1236//4 1235//4
f 1238//4 1239//4 1240//4
f 1237//4 1240//4 1239//4
f 1221//4 1241//4 1242//4
f 1238//4 1242//4 1241//4
f 1221//4 1243//4 1241//4
f 1209//619 1221//619 1217//619
f 1238//620 1240//620 1244//620
f 1221//621 1242//621 1245//621
f 1238//622 1246//622 1242//622
f 1237//623 1235//623 1247//623
f 1222//624 1248//624 1233//624
f 1235//625 1233//625 1249//625
f 1237//626 1250//626 1240//626
f 1251//4 1226//4 1252//4
f 1225//4 1229//4 1253//4
f 1228//4 1254//4 1229//4
f 1228//4 1223//4 1254//4
f 1225//4 1255//4 1226//4
f 1229//4 1254//4 1256//4
f 1226//4 1255//4 1252//4
f 1225//4 1253//4 1255//4
f 1229//4 1256//4 1253//4
f 1251//627 1257//627 1226//627
f 1251//628 1252//628 1258//628
f 1252//629 1255//629 1259//629
f 1255//630 1253//630 1260//630
f 1253//631 1256//631 1261//631
f 1223//4 1262//4 1254//4
f 1233//4 1263//4 1234//4
f 1223//4 1234//4 1262//4
f 1237//4 1264//4 1236//4
f 1237//4 1239//4 1264//4
f 1233//4 1236//4 1263//4
f 1238//4 1265//4 1239//4
f 1238//4 1241//4 1265//4
f 1256//632 1254//632 1266//632
f 1254//633 1262//633 1267//633
f 1262//634 1234//634 1268//634
f 1234//635 1263//635 1269//635
f 1263//636 1236//636 1270//636
f 1236//637 1264//637 1271//637
f 1264//638 1239//638 1272//638
f 1265//639 1273//639 1239//639
f 1265//640 1241//640 1274//640
f 1241//641 1243//641 1275//641
f 1243//642 1276//642 1277//642
f 1278//643 1279//643 1280//643
f 1278//644 1281//644 1282//644
f 1283//645 1284//645 1279//645
f 1223//614 1231//614 1224//614
f 1228//617 1230//617 1231//617
f 1229//646 1232//646 1230//646
f 1225//618 1227//618 1232//618
f 1221//619 1245//619 1217//619
f 1240//620 1250//620 1244//620
f 1242//621 1246//621 1245//621
f 1238//622 1244//622 1246//622
f 1237//626 1247//626 1250//626
f 1235//623 1249//623 1247//623
f 1233//625 1248//625 1249//625
f 1222//624 1224//624 1248//624
f 1226//615 1257//615 1227//615
f 1251//627 1258//627 1257//627
f 1252//628 1259//628 1258//628
f 1255//629 1260//629 1259//629
f 1253//630 1261//630 1260//630
f 1256//631 1266//631 1261//631
f 1254//632 1267//632 1266//632
f 1262//633 1268//633 1267//633
f 1234//634 1269//634 1268//634
f 1263//635 1270//635 1269//635
f 1236//636 1271//636 1270//636
f 1264//637 1272//637 1271//637
f 1239//638 1273//638 1272//638
f 1265//639 1274//639 1273//639
f 1241//640 1275//640 1274//640
f 1243//641 1277//641 1275//641
f 1278//644 1280//644 1281//644
f 1283//645 1285//645 1284//645
f 1279//643 1284//643 1280//643
f 1221//4 1286//4 1243//4
f 1276//4 1287//4 1288//4
f 1276//647 1288//647 1289//647
f 1288//648 1282//648 1290//648
f 1276//642 1289//642 1277//642
f 1288//647 1290//647 1289//647
f 1282//648 1281//648 1290//648
f 423//66 439//66 440//66
f 424//66 440//66 441//66
f 419//66 441//66 442//66
f 420//66 442//66 443//66
f 421//66 443//66 444//66
f 422//66 444//66 445//66
f 426//66 445//66 446//66
f 427//66 446//66 447//66
f 428//66 447//66 448//66
f 429//66 448//66 449//66
f 430//66 449//66 450//66
f 431//66 450//66 451//66
f 436//66 451//66 458//66
f 1188//66 1203//66 1189//66
f 1189//66 1205//66 1191//66
f 1193//66 1192//66 1206//66
f 1191//66 1206//66 1192//66
f 1194//66 1214//66 1195//66
f 1193//66 1214//66 1194//66
f 1186//66 1198//66 1200//66
f 1198//66 1199//66 1200//66
f 1187//66 1190//66 1202//66
f 1186//66 1200//66 1190//66
f 1187//66 1203//66 1188//66
f 1190//66 1200//66 1201//66
f 1190//66 1201//66 1202//66
f 1187//66 1202//66 1203//66
f 1189//66 1203//66 1204//66
f 1189//66 1204//66 1205//66
f 1191//66 1205//66 1206//66
f 1193//66 1206//66 1207//66
f 1193//66 1207//66 1214//66
f 1195//66 1215//66 1196//66
f 1196//66 1215//66 1212//66
f 1164//66 1212//66 1217//66
f 1212//66 1215//66 1216//66
f 1212//66 1216//66 1217//66
f 1195//66 1214//66 1213//66
f 1195//66 1213//66 1215//66
f 458//66 1164//66 1291//66
f 464//66 458//66 578//66
f 578//66 458//66 580//66
f 458//66 1292//66 580//66
f 458//66 1291//66 1292//66
f 1164//66 1293//66 1291//66
f 1164//66 1294//66 1293//66
f 1164//66 1295//66 1294//66
f 1164//66 1217//66 1295//66
f 1217//66 1245//66 1296//66
f 1217//66 1297//66 1295//66
f 1217//66 1298//66 1297//66
f 1217//66 1296//66 1298//66
f 1245//66 1299//66 1296//66
f 1245//66 1300//66 1299//66
f 1224//66 1269//66 1248//66
f 1224//66 1231//66 1269//66
f 1249//66 1248//66 1271//66
f 1247//66 1249//66 1271//66
f 1244//66 1250//66 1273//66
f 1247//66 1273//66 1250//66
f 1245//66 1246//66 1275//66
f 1244//66 1275//66 1246//66
f 1245//66 1275//66 1277//66
f 1258//66 1259//66 1257//66
f 1227//66 1261//66 1232//66
f 1230//66 1232//66 1267//66
f 1230//66 1267//66 1231//66
f 1227//66 1257//66 1260//66
f 1232//66 1266//66 1267//66
f 1257//66 1259//66 1260//66
f 1227//66 1260//66 1261//66
f 1232//66 1261//66 1266//66
f 1231//66 1267//66 1268//66
f 1248//66 1269//66 1270//66
f 1231//66 1268//66 1269//66
f 1247//66 1271//66 1272//66
f 1247//66 1272//66 1273//66
f 1248//66 1270//66 1271//66
f 1244//66 1273//66 1274//66
f 1244//66 1274//66 1275//66
f 1245//66 1277//66 1300//66
f 1289//66 1290//66 1301//66
f 1277//66 1289//66 1302//66
f 1289//66 1303//66 1304//66
f 465//4 476//4 542//4
f 465//4 542//4 544//4
f 465//4 544//4 546//4
f 465//4 546//4 547//4
f 465//4 547//4 1305//4
f 465//4 1305//4 1218//4
f 1162//4 1218//4 1306//4
f 1162//4 1306//4 1307//4
f 1162//4 1307//4 1219//4
f 1209//4 1219//4 1308//4
f 1209//4 1308//4 1309//4
f 1209//4 1309//4 1310//4
f 1209//4 1310//4 1311//4
f 1209//4 1311//4 1312//4
f 1209//4 1312//4 1313//4
f 1209//4 1313//4 1314//4
f 1209//4 1314//4 1315//4
f 1209//4 1315//4 1220//4
f 1221//4 1220//4 1316//4
f 1221//4 1316//4 1317//4
f 1221//4 1317//4 1318//4
f 1221//4 1318//4 1319//4
f 1221//4 1319//4 1286//4
f 1243//4 1286//4 1320//4
f 1243//4 1320//4 1321//4
f 1243//4 1321//4 1322//4
f 1243//4 1322//4 1323//4
f 1243//4 1324//4 1276//4
f 1243//4 1323//4 1325//4
f 1243//4 1325//4 1326//4
f 1243//4 1326//4 1327//4
f 1243//4 1327//4 1328//4
f 1243//4 1328//4 1329//4
f 1243//4 1329//4 1330//4
f 1243//4 1330//4 1331//4
f 1243//4 1331//4 1332//4
f 1243//4 1332//4 1333//4
f 1243//4 1333//4 1334//4
f 1243//4 1334//4 1324//4
f 1276//4 1324//4 1335//4
f 1276//4 1335//4 1336//4
f 1276//4 1336//4 1337//4
f 1276//4 1337//4 1338//4
f 1276//4 1338//4 1339//4
f 917//4 1340//4 1276//4
f 917//4 1341//4 1340//4
f 917//4 1342//4 1341//4
f 917//4 1343//4 1342//4
f 547//649 583//649 1305//649
f 1305//650 1344//650 1218//650
f 1218//651 1345//651 1306//651
f 1306//652 1346//652 1307//652
f 1347//653 1219//653 1307//653
f 1219//654 1348//654 1308//654
f 1349//655 1309//655 1308//655
f 1309//656 1350//656 1310//656
f 1310//657 1351//657 1311//657
f 1311//658 1352//658 1312//658
f 1353//659 1313//659 1312//659
f 1313//660 1354//660 1314//660
f 1314//661 1355//661 1315//661
f 1356//662 1220//662 1315//662
f 1220//663 1357//663 1316//663
f 1358//664 1317//664 1316//664
f 1317//665 1359//665 1318//665
f 1319//666 1318//666 1360//666
f 1286//667 1319//667 1361//667
f 1320//668 1286//668 1362//668
f 1321//669 1320//669 1363//669
f 1322//670 1321//670 1364//670
f 1323//671 1322//671 1365//671
f 1325//672 1323//672 1366//672
f 1326//673 1325//673 1367//673
f 1327//674 1326//674 1368//674
f 1328//160 1327//160 1369//160
f 1329//675 1328//675 1370//675
f 1330//676 1329//676 1371//676
f 1331//677 1330//677 1372//677
f 1332//678 1331//678 1373//678
f 1374//679 1333//679 1332//679
f 1277//66 1375//66 1300//66
f 1277//66 1376//66 1375//66
f 1277//66 1377//66 1376//66
f 1277//66 1378//66 1377//66
f 1277//66 1302//66 1378//66
f 1289//66 1379//66 1302//66
f 1289//66 1304//66 1379//66
f 1304//66 1303//66 1380//66
f 1380//66 1303//66 1381//66
f 1381//66 1303//66 1382//66
f 1382//66 1303//66 1383//66
f 1383//66 1303//66 1384//66
f 1384//66 1303//66 1385//66
f 1385//66 1386//66 1387//66
f 1387//66 1386//66 1388//66
f 1388//66 1389//66 1390//66
f 1390//66 1389//66 1391//66
f 1391//66 1389//66 1392//66
f 1392//66 1389//66 1393//66
f 1393//66 1389//66 1394//66
f 1394//66 1389//66 1395//66
f 1395//66 1389//66 1396//66
f 1397//66 1398//66 1399//66
f 1397//66 1400//66 1398//66
f 1397//66 1401//66 1400//66
f 1402//66 1403//66 1404//66
f 1283//4 1405//4 1406//4
f 1407//4 1408//4 1409//4
f 1410//4 1406//4 1411//4
f 1410//4 1412//4 1413//4
f 1413//4 1412//4 1407//4
f 1414//4 1415//4 1416//4
f 1409//4 1415//4 1414//4
f 1416//4 1417//4 1418//4
f 1416//4 1419//4 1417//4
f 1416//4 1415//4 1419//4
f 1410//4 1411//4 1412//4
f 1407//4 1412//4 1408//4
f 1409//4 1420//4 1415//4
f 1409//4 1408//4 1420//4
f 1410//680 1421//680 1406//680
f 1410//681 1413//681 1422//681
f 1413//682 1407//682 1423//682
f 1283//683 1406//683 1285//683
f 1407//684 1409//684 1424//684
f 1409//685 1414//685 1425//685
f 1414//686 1416//686 1426//686
f 1416//687 1418//687 1427//687
f 1418//688 1417//688 1428//688
f 1417//689 1419//689 1429//689
f 1419//690 1415//690 1430//690
f 1415//691 1420//691 1431//691
f 1420//692 1408//692 1432//692
f 1416//686 1427//686 1426//686
f 1410//680 1422//680 1421//680
f 1407//682 1424//682 1423//682
f 1413//681 1423//681 1422//681
f 1285//683 1406//683 1421//683
f 1409//684 1425//684 1424//684
f 1414//685 1426//685 1425//685
f 1418//687 1428//687 1427//687
f 1417//688 1429//688 1428//688
f 1419//689 1430//689 1429//689
f 1420//691 1432//691 1431//691
f 1415//690 1431//690 1430//690
f 1408//692 1433//692 1432//692
f 1278//4 1434//4 1279//4
f 1288//4 1287//4 1282//4
f 1278//4 1282//4 1434//4
f 1283//4 1279//4 1405//4
f 1276//4 1340//4 1287//4
f 1406//4 1435//4 1411//4
f 1406//4 1405//4 1435//4
f 1279//4 1436//4 1405//4
f 1282//4 1437//4 1434//4
f 1282//4 1287//4 1437//4
f 1279//4 1434//4 1436//4
f 1287//693 1340//693 1301//693
f 1411//694 1438//694 1412//694
f 1411//695 1435//695 1439//695
f 1434//287 1440//287 1436//287
f 1435//696 1405//696 1441//696
f 1405//697 1436//697 1442//697
f 1408//698 1412//698 1433//698
f 1287//699 1443//699 1437//699
f 1434//700 1437//700 1444//700
f 1340//701 1341//701 1303//701
f 1341//702 1445//702 1386//702
f 1445//703 1446//703 1447//703
f 1446//704 1448//704 1449//704
f 1450//4 1451//4 1452//4
f 1452//4 1453//4 1454//4
f 1455//4 1456//4 1457//4
f 1454//4 1458//4 1459//4
f 1459//4 1458//4 1460//4
f 1455//4 1460//4 1456//4
f 1457//4 1461//4 1462//4
f 1462//4 1463//4 1464//4
f 1462//4 1465//4 1463//4
f 1460//4 1466//4 1456//4
f 1460//4 1458//4 1466//4
f 1457//4 1456//4 1461//4
f 1462//4 1461//4 1465//4
f 1467//705 1468//705 1448//705
f 1467//706 1450//706 1469//706
f 1450//707 1452//707 1470//707
f 1452//708 1454//708 1471//708
f 1454//709 1459//709 1472//709
f 1459//710 1460//710 1473//710
f 1455//711 1474//711 1460//711
f 1455//712 1457//712 1475//712
f 1457//713 1462//713 1476//713
f 1462//714 1464//714 1477//714
f 1464//715 1463//715 1478//715
f 1456//716 1479//716 1461//716
f 1341//4 1480//4 1445//4
f 1445//4 1480//4 1446//4
f 1446//4 1481//4 1448//4
f 1467//4 1448//4 1481//4
f 1467//4 1451//4 1450//4
f 1341//4 1342//4 1480//4
f 1446//4 1480//4 1482//4
f 1446//4 1482//4 1481//4
f 1467//4 1481//4 1483//4
f 1467//4 1483//4 1451//4
f 1452//4 1451//4 1484//4
f 1452//4 1484//4 1453//4
f 1454//4 1453//4 1458//4
f 1451//717 1483//717 1485//717
f 1458//718 1453//718 1486//718
f 1466//719 1458//719 1487//719
f 1466//720 1488//720 1456//720
f 1451//721 1489//721 1484//721
f 1484//722 1490//722 1453//722
f 1482//723 1491//723 1481//723
f 1482//724 1480//724 1492//724
f 1480//725 1342//725 1493//725
f 1483//726 1481//726 1494//726
f 1342//727 1343//727 1389//727
f 1340//693 1303//693 1301//693
f 1411//694 1439//694 1438//694
f 1435//695 1441//695 1439//695
f 1434//287 1444//287 1440//287
f 1405//696 1442//696 1441//696
f 1436//697 1440//697 1442//697
f 1412//698 1438//698 1433//698
f 1437//700 1443//700 1444//700
f 1287//699 1301//699 1443//699
f 1341//701 1386//701 1303//701
f 1445//702 1447//702 1386//702
f 1446//703 1449//703 1447//703
f 1467//705 1469//705 1468//705
f 1448//728 1468//728 1449//728
f 1450//729 1470//729 1469//729
f 1452//707 1471//707 1470//707
f 1454//708 1472//708 1471//708
f 1459//709 1473//709 1472//709
f 1460//710 1474//710 1473//710
f 1455//711 1475//711 1474//711
f 1457//712 1476//712 1475//712
f 1462//713 1477//713 1476//713
f 1464//714 1478//714 1477//714
f 1456//716 1488//716 1479//716
f 1483//717 1494//717 1485//717
f 1453//718 1490//718 1486//718
f 1466//720 1487//720 1488//720
f 1458//719 1486//719 1487//719
f 1484//722 1489//722 1490//722
f 1451//721 1485//721 1489//721
f 1482//723 1492//723 1491//723
f 1480//724 1493//724 1492//724
f 1342//730 1389//730 1493//730
f 1481//726 1491//726 1494//726
f 1389//727 1343//727 1397//727
f 1465//731 1495//731 1463//731
f 1465//732 1461//732 1496//732
f 1497//4 1498//4 1499//4
f 1499//4 1498//4 1500//4
f 1501//733 1502//733 1503//733
f 1502//734 1504//734 1505//734
f 1504//735 1506//735 1507//735
f 1506//736 1508//736 1509//736
f 1508//737 1510//737 1511//737
f 1510//738 1512//738 1513//738
f 1497//739 1499//739 1514//739
f 1512//740 1497//740 1515//740
f 1499//741 1500//741 1516//741
f 1500//742 1517//742 1518//742
f 1463//715 1495//715 1478//715
f 1465//731 1496//731 1495//731
f 1461//732 1479//732 1496//732
f 1502//733 1505//733 1503//733
f 1504//734 1507//734 1505//734
f 1506//735 1509//735 1507//735
f 1508//736 1511//736 1509//736
f 1510//737 1513//737 1511//737
f 1512//738 1515//738 1513//738
f 1497//740 1514//740 1515//740
f 1499//739 1516//739 1514//739
f 1500//741 1518//741 1516//741
f 1285//66 1421//66 1442//66
f 1424//66 1425//66 1433//66
f 1422//66 1439//66 1421//66
f 1422//66 1423//66 1438//66
f 1423//66 1424//66 1438//66
f 1426//66 1427//66 1431//66
f 1425//66 1426//66 1431//66
f 1427//66 1428//66 1429//66
f 1427//66 1429//66 1430//66
f 1427//66 1430//66 1431//66
f 1422//66 1438//66 1439//66
f 1424//66 1433//66 1438//66
f 1425//66 1431//66 1432//66
f 1425//66 1432//66 1433//66
f 1280//66 1284//66 1444//66
f 1290//66 1281//66 1301//66
f 1280//66 1444//66 1281//66
f 1285//66 1442//66 1284//66
f 1289//66 1301//66 1303//66
f 1421//66 1439//66 1441//66
f 1421//66 1441//66 1442//66
f 1284//66 1442//66 1440//66
f 1281//66 1444//66 1443//66
f 1281//66 1443//66 1301//66
f 1284//66 1440//66 1444//66
f 1470//66 1471//66 1485//66
f 1471//66 1472//66 1490//66
f 1475//66 1476//66 1488//66
f 1472//66 1473//66 1486//66
f 1473//66 1474//66 1486//66
f 1475//66 1488//66 1474//66
f 1476//66 1477//66 1479//66
f 1477//66 1478//66 1495//66
f 1477//66 1495//66 1496//66
f 1474//66 1488//66 1487//66
f 1474//66 1487//66 1486//66
f 1476//66 1479//66 1488//66
f 1477//66 1496//66 1479//66
f 1386//66 1447//66 1493//66
f 1447//66 1449//66 1493//66
f 1449//66 1468//66 1491//66
f 1469//66 1491//66 1468//66
f 1469//66 1470//66 1485//66
f 1386//66 1493//66 1389//66
f 1449//66 1492//66 1493//66
f 1449//66 1491//66 1492//66
f 1469//66 1494//66 1491//66
f 1469//66 1485//66 1494//66
f 1471//66 1489//66 1485//66
f 1471//66 1490//66 1489//66
f 1472//66 1486//66 1490//66
f 1514//66 1516//66 1519//66
f 1516//66 1518//66 1519//66
f 1343//4 1520//4 1521//4
f 1343//743 1521//743 1397//743
f 1521//744 1522//744 1523//744
f 1522//745 1524//745 1525//745
f 1521//743 1523//743 1397//743
f 1522//744 1525//744 1523//744
f 1524//745 1526//745 1525//745
f 1521//4 1527//4 1522//4
f 1522//4 1528//4 1524//4
f 1501//4 1524//4 1528//4
f 1501//4 1529//4 1502//4
f 1502//4 1530//4 1504//4
f 1504//4 1530//4 1506//4
f 1506//4 1531//4 1508//4
f 1501//4 1532//4 1529//4
f 1502//4 1529//4 1530//4
f 1522//4 1527//4 1533//4
f 1522//4 1533//4 1528//4
f 1521//4 1520//4 1527//4
f 1501//4 1528//4 1532//4
f 1508//4 1534//4 1510//4
f 1510//4 1535//4 1512//4
f 1512//4 1535//4 1497//4
f 1510//4 1536//4 1535//4
f 1506//4 1530//4 1531//4
f 1508//4 1531//4 1534//4
f 1510//4 1534//4 1536//4
f 1497//4 1535//4 1537//4
f 1497//4 1537//4 1498//4
f 1500//4 1498//4 1517//4
f 1501//746 1526//746 1524//746
f 1527//747 1520//747 1538//747
f 1533//748 1527//748 1539//748
f 1533//749 1540//749 1528//749
f 1528//750 1541//750 1532//750
f 1498//751 1537//751 1519//751
f 1536//752 1534//752 1542//752
f 1536//753 1543//753 1535//753
f 1537//754 1535//754 1544//754
f 1529//755 1532//755 1545//755
f 1529//756 1546//756 1530//756
f 1531//757 1530//757 1547//757
f 1531//758 1548//758 1534//758
f 1549//4 1550//4 1551//4
f 1551//4 1552//4 1553//4
f 1553//4 1552//4 1554//4
f 1551//4 1550//4 1552//4
f 1554//4 1555//4 1556//4
f 1556//4 1557//4 1558//4
f 1558//4 1557//4 1559//4
f 1554//4 1552//4 1560//4
f 1554//4 1560//4 1555//4
f 1556//4 1555//4 1557//4
f 1520//759 1549//759 1402//759
f 1549//760 1551//760 1561//760
f 1551//761 1553//761 1562//761
f 1553//762 1554//762 1563//762
f 1554//763 1556//763 1564//763
f 1556//764 1558//764 1565//764
f 1558//765 1559//765 1566//765
f 1559//766 1567//766 1568//766
f 1498//767 1569//767 1517//767
f 1570//4 1571//4 1572//4
f 1559//4 1573//4 1567//4
f 1567//4 1574//4 1575//4
f 1559//4 1557//4 1573//4
f 1567//4 1573//4 1576//4
f 1567//4 1576//4 1574//4
f 1575//4 1577//4 1578//4
f 1578//4 1577//4 1570//4
f 1575//4 1574//4 1577//4
f 1572//4 1571//4 1579//4
f 1570//4 1577//4 1580//4
f 1570//4 1580//4 1571//4
f 1579//4 1581//4 1582//4
f 1579//4 1583//4 1581//4
f 1579//4 1571//4 1583//4
f 1567//768 1575//768 1584//768
f 1575//769 1578//769 1585//769
f 1578//770 1570//770 1586//770
f 1570//771 1572//771 1587//771
f 1572//772 1579//772 1588//772
f 1574//773 1576//773 1589//773
f 1574//774 1590//774 1577//774
f 1580//775 1577//775 1591//775
f 1579//776 1582//776 1592//776
f 1582//777 1581//777 1593//777
f 1583//778 1594//778 1581//778
f 1580//779 1595//779 1571//779
f 1583//780 1571//780 1596//780
f 1501//746 1503//746 1526//746
f 1520//747 1402//747 1538//747
f 1527//748 1538//748 1539//748
f 1533//781 1539//781 1540//781
f 1528//750 1540//750 1541//750
f 1518//742 1517//742 1569//742
f 1534//782 1548//782 1542//782
f 1536//783 1542//783 1543//783
f 1535//754 1543//754 1544//754
f 1537//751 1544//751 1519//751
f 1532//755 1541//755 1545//755
f 1529//756 1545//756 1546//756
f 1530//757 1546//757 1547//757
f 1531//758 1547//758 1548//758
f 1549//759 1561//759 1402//759
f 1551//760 1562//760 1561//760
f 1553//761 1563//761 1562//761
f 1554//762 1564//762 1563//762
f 1556//763 1565//763 1564//763
f 1558//764 1566//764 1565//764
f 1559//765 1568//765 1566//765
f 1498//767 1519//767 1569//767
f 1567//766 1584//766 1568//766
f 1575//768 1585//768 1584//768
f 1578//769 1586//769 1585//769
f 1570//770 1587//770 1586//770
f 1572//771 1588//771 1587//771
f 1579//772 1592//772 1588//772
f 1574//774 1589//774 1590//774
f 1577//775 1590//775 1591//775
f 1582//776 1593//776 1592//776
f 1581//777 1594//777 1593//777
f 1583//778 1596//778 1594//778
f 1580//779 1591//779 1595//779
f 1571//780 1595//780 1596//780
f 1549//4 1597//4 1550//4
f 1560//784 1552//784 1598//784
f 1550//785 1597//785 1599//785
f 1550//786 1600//786 1552//786
f 1597//787 1601//787 1602//787
f 1601//788 1603//788 1604//788
f 1603//789 1605//789 1606//789
f 1601//4 1607//4 1603//4
f 1603//4 1608//4 1605//4
f 1603//4 1607//4 1608//4
f 1607//790 1609//790 1608//790
f 1607//791 1610//791 1611//791
f 1560//792 1612//792 1555//792
f 1555//793 1613//793 1557//793
f 1573//794 1557//794 1614//794
f 1573//795 1615//795 1576//795
f 1605//796 1616//796 1617//796
f 1616//797 1618//797 1619//797
f 1618//798 1620//798 1621//798
f 1620//799 1622//799 1623//799
f 1622//800 1624//800 1625//800
f 1624//801 1626//801 1627//801
f 1626//802 1628//802 1629//802
f 1628//803 1630//803 1631//803
f 1630//804 1632//804 1633//804
f 1632//805 1634//805 1635//805
f 1634//806 1636//806 1637//806
f 1605//4 1638//4 1616//4
f 1616//4 1638//4 1618//4
f 1618//4 1639//4 1620//4
f 1605//4 1608//4 1640//4
f 1605//4 1640//4 1638//4
f 1618//4 1638//4 1639//4
f 1620//4 1641//4 1622//4
f 1622//4 1641//4 1624//4
f 1620//4 1642//4 1641//4
f 1620//4 1639//4 1642//4
f 1624//4 1641//4 1643//4
f 1624//4 1644//4 1626//4
f 1626//4 1644//4 1628//4
f 1628//4 1645//4 1630//4
f 1624//4 1643//4 1644//4
f 1628//4 1644//4 1646//4
f 1628//4 1646//4 1645//4
f 1630//4 1645//4 1632//4
f 1632//4 1647//4 1634//4
f 1632//4 1648//4 1647//4
f 1634//4 1647//4 1636//4
f 1636//4 1647//4 1649//4
f 1632//4 1645//4 1648//4
f 1608//807 1650//807 1640//807
f 1640//808 1651//808 1638//808
f 1638//809 1652//809 1639//809
f 1639//810 1653//810 1642//810
f 1641//811 1654//811 1643//811
f 1642//812 1655//812 1641//812
f 1645//813 1646//813 1656//813
f 1636//814 1649//814 1657//814
f 1645//815 1658//815 1648//815
f 1649//816 1647//816 1659//816
f 1648//817 1660//817 1647//817
f 1643//818 1661//818 1644//818
f 1644//819 1662//819 1646//819
f 1552//784 1600//784 1598//784
f 1560//792 1598//792 1612//792
f 1597//785 1602//785 1599//785
f 1550//786 1599//786 1600//786
f 1601//787 1604//787 1602//787
f 1603//788 1606//788 1604//788
f 1605//789 1617//789 1606//789
f 1607//790 1611//790 1609//790
f 1555//793 1612//793 1613//793
f 1557//794 1613//794 1614//794
f 1573//795 1614//795 1615//795
f 1576//773 1615//773 1589//773
f 1616//796 1619//796 1617//796
f 1618//797 1621//797 1619//797
f 1620//798 1623//798 1621//798
f 1622//799 1625//799 1623//799
f 1624//800 1627//800 1625//800
f 1626//801 1629//801 1627//801
f 1628//802 1631//802 1629//802
f 1630//803 1633//803 1631//803
f 1632//804 1635//804 1633//804
f 1634//805 1637//805 1635//805
f 1636//806 1657//806 1637//806
f 1608//807 1609//807 1650//807
f 1640//808 1650//808 1651//808
f 1638//809 1651//809 1652//809
f 1639//810 1652//810 1653//810
f 1641//811 1655//811 1654//811
f 1642//812 1653//812 1655//812
f 1646//813 1662//813 1656//813
f 1649//814 1659//814 1657//814
f 1645//815 1656//815 1658//815
f 1648//820 1658//820 1660//820
f 1647//816 1660//816 1659//816
f 1643//818 1654//818 1661//818
f 1644//819 1661//819 1662//819
f 1385//66 1303//66 1386//66
f 1388//66 1386//66 1389//66
f 1389//66 1397//66 1396//66
f 1397//66 1523//66 1402//66
f 1397//66 1402//66 1401//66
f 1397//66 1663//66 1396//66
f 1397//66 1399//66 1663//66
f 1402//66 1664//66 1401//66
f 1402//66 1665//66 1666//66
f 1402//66 1666//66 1664//66
f 1402//66 1404//66 1665//66
f 1523//66 1525//66 1538//66
f 1525//66 1526//66 1540//66
f 1503//66 1540//66 1526//66
f 1503//66 1505//66 1545//66
f 1505//66 1507//66 1546//66
f 1507//66 1509//66 1546//66
f 1509//66 1511//66 1547//66
f 1503//66 1545//66 1541//66
f 1505//66 1546//66 1545//66
f 1525//66 1539//66 1538//66
f 1525//66 1540//66 1539//66
f 1523//66 1538//66 1402//66
f 1503//66 1541//66 1540//66
f 1511//66 1513//66 1548//66
f 1513//66 1515//66 1543//66
f 1515//66 1514//66 1543//66
f 1513//66 1543//66 1542//66
f 1509//66 1547//66 1546//66
f 1511//66 1548//66 1547//66
f 1513//66 1542//66 1548//66
f 1514//66 1544//66 1543//66
f 1514//66 1519//66 1544//66
f 1518//66 1569//66 1519//66
f 1561//66 1562//66 1599//66
f 1562//66 1563//66 1600//66
f 1563//66 1564//66 1600//66
f 1562//66 1600//66 1599//66
f 1564//66 1565//66 1612//66
f 1565//66 1566//66 1613//66
f 1566//66 1568//66 1613//66
f 1564//66 1598//66 1600//66
f 1564//66 1612//66 1598//66
f 1565//66 1613//66 1612//66
f 1587//66 1588//66 1595//66
f 1568//66 1584//66 1614//66
f 1584//66 1585//66 1589//66
f 1568//66 1614//66 1613//66
f 1584//66 1615//66 1614//66
f 1584//66 1589//66 1615//66
f 1585//66 1586//66 1590//66
f 1586//66 1587//66 1590//66
f 1585//66 1590//66 1589//66
f 1588//66 1592//66 1595//66
f 1587//66 1591//66 1590//66
f 1587//66 1595//66 1591//66
f 1592//66 1593//66 1594//66
f 1592//66 1594//66 1596//66
f 1592//66 1596//66 1595//66
f 1561//66 1599//66 1602//66
f 1604//66 1606//66 1611//66
f 1606//66 1617//66 1609//66
f 1606//66 1609//66 1611//66
f 1617//66 1619//66 1651//66
f 1619//66 1621//66 1651//66
f 1621//66 1623//66 1652//66
f 1617//66 1650//66 1609//66
f 1617//66 1651//66 1650//66
f 1621//66 1652//66 1651//66
f 1623//66 1625//66 1655//66
f 1625//66 1627//66 1655//66
f 1623//66 1655//66 1653//66
f 1623//66 1653//66 1652//66
f 1627//66 1654//66 1655//66
f 1627//66 1629//66 1661//66
f 1629//66 1631//66 1661//66
f 1631//66 1633//66 1656//66
f 1627//66 1661//66 1654//66
f 1631//66 1662//66 1661//66
f 1631//66 1656//66 1662//66
f 1633//66 1635//66 1656//66
f 1635//66 1637//66 1660//66
f 1635//66 1660//66 1658//66
f 1637//66 1657//66 1660//66
f 1657//66 1659//66 1660//66
f 1635//66 1658//66 1656//66
f 580//821 1292//821 1667//821
f 1292//822 1291//822 1668//822
f 1291//823 1293//823 1669//823
f 1293//824 1294//824 1670//824
f 1294//825 1295//825 1671//825
f 1295//826 1297//826 1672//826
f 1297//827 1298//827 1673//827
f 1298//828 1296//828 1674//828
f 1296//829 1299//829 1675//829
f 1299//830 1300//830 1676//830
f 1300//831 1375//831 1677//831
f 1375//832 1376//832 1678//832
f 1376//833 1377//833 1679//833
f 1377//834 1378//834 1680//834
f 1305//649 583//649 1344//649
f 1344//650 1345//650 1218//650
f 1306//651 1345//651 1346//651
f 1307//652 1346//652 1347//652
f 1219//653 1347//653 1348//653
f 1348//654 1349//654 1308//654
f 1309//655 1349//655 1350//655
f 1350//656 1351//656 1310//656
f 1311//657 1351//657 1352//657
f 1312//658 1352//658 1353//658
f 1353//659 1354//659 1313//659
f 1314//660 1354//660 1355//660
f 1315//661 1355//661 1356//661
f 1220//662 1356//662 1357//662
f 1316//663 1357//663 1358//663
f 1317//664 1358//664 1359//664
f 1318//665 1359//665 1360//665
f 1319//666 1360//666 1361//666
f 1286//667 1361//667 1362//667
f 1320//668 1362//668 1363//668
f 1321//669 1363//669 1364//669
f 1364//670 1365//670 1322//670
f 1365//671 1366//671 1323//671
f 1325//835 1366//835 1367//835
f 1326//673 1367//673 1368//673
f 1327//674 1368//674 1369//674
f 1328//160 1369//160 1370//160
f 1329//675 1370//675 1371//675
f 1330//676 1371//676 1372//676
f 1331//677 1372//677 1373//677
f 1332//678 1373//678 1374//678
f 1333//679 1374//679 1681//679
f 1378//836 1302//836 1682//836
f 1302//837 1379//837 1683//837
f 1379//838 1304//838 1684//838
f 1304//839 1380//839 1685//839
f 1380//840 1381//840 1686//840
f 1381//841 1382//841 1687//841
f 1382//842 1383//842 1688//842
f 1383//843 1384//843 1689//843
f 1384//844 1385//844 1690//844
f 1385//845 1387//845 1691//845
f 1387//846 1388//846 1692//846
f 1388//847 1390//847 1693//847
f 1390//848 1391//848 1694//848
f 1391//849 1392//849 1695//849
f 1392//850 1393//850 1696//850
f 1393//851 1394//851 1697//851
f 1394//852 1395//852 1698//852
f 1395//853 1396//853 1699//853
f 580//821 1667//821 581//821
f 1292//822 1668//822 1667//822
f 1291//823 1669//823 1668//823
f 1293//824 1670//824 1669//824
f 1294//825 1671//825 1670//825
f 1295//826 1672//826 1671//826
f 1297//827 1673//827 1672//827
f 1298//828 1674//828 1673//828
f 1296//829 1675//829 1674//829
f 1299//830 1676//830 1675//830
f 1300//831 1677//831 1676//831
f 1375//832 1678//832 1677//832
f 1376//833 1679//833 1678//833
f 1377//834 1680//834 1679//834
f 581//66 1667//66 583//66
f 1667//66 1668//66 1344//66
f 1668//66 1669//66 1347//66
f 1667//66 1344//66 583//66
f 1668//66 1345//66 1344//66
f 1668//66 1346//66 1345//66
f 1668//66 1347//66 1346//66
f 1669//66 1670//66 1349//66
f 1670//66 1671//66 1351//66
f 1671//66 1672//66 1353//66
f 1672//66 1673//66 1356//66
f 1673//66 1674//66 1359//66
f 1674//66 1675//66 1362//66
f 1675//66 1676//66 1365//66
f 1669//66 1348//66 1347//66
f 1669//66 1349//66 1348//66
f 1670//66 1350//66 1349//66
f 1670//66 1351//66 1350//66
f 1671//66 1352//66 1351//66
f 1671//66 1353//66 1352//66
f 1672//66 1354//66 1353//66
f 1672//66 1355//66 1354//66
f 1672//66 1356//66 1355//66
f 1673//66 1357//66 1356//66
f 1673//66 1358//66 1357//66
f 1673//66 1359//66 1358//66
f 1674//66 1360//66 1359//66
f 1674//66 1361//66 1360//66
f 1674//66 1362//66 1361//66
f 1675//66 1363//66 1362//66
f 1675//66 1364//66 1363//66
f 1675//66 1365//66 1364//66
f 1676//66 1366//66 1365//66
f 1676//66 1367//66 1366//66
f 1676//66 1368//66 1367//66
f 1676//66 1369//66 1368//66
f 1676//66 1370//66 1369//66
f 1676//66 1371//66 1370//66
f 1676//288 1372//288 1371//288
f 1676//572 1373//572 1372//572
f 1676//66 1677//66 1374//66
f 1676//66 1374//66 1373//66
f 1677//572 1681//572 1374//572
f 1677//66 1678//66 1700//66
f 1678//66 1679//66 1701//66
f 1679//66 1680//66 1702//66
f 1378//836 1682//836 1680//836
f 1302//837 1683//837 1682//837
f 1379//838 1684//838 1683//838
f 1304//839 1685//839 1684//839
f 1380//840 1686//840 1685//840
f 1381//841 1687//841 1686//841
f 1382//842 1688//842 1687//842
f 1383//843 1689//843 1688//843
f 1384//844 1690//844 1689//844
f 1385//845 1691//845 1690//845
f 1387//846 1692//846 1691//846
f 1388//847 1693//847 1692//847
f 1390//848 1694//848 1693//848
f 1391//849 1695//849 1694//849
f 1392//850 1696//850 1695//850
f 1393//851 1697//851 1696//851
f 1394//852 1698//852 1697//852
f 1395//853 1699//853 1698//853
f 1680//66 1682//66 1703//66
f 1682//66 1683//66 1704//66
f 1683//66 1684//66 1705//66
f 1684//66 1685//66 1706//66
f 1685//66 1686//66 1707//66
f 1686//66 1687//66 1708//66
f 1687//66 1688//66 1709//66
f 1688//66 1689//66 1710//66
f 1689//66 1690//66 1711//66
f 1690//66 1691//66 1712//66
f 1691//66 1692//66 1713//66
f 1692//66 1693//66 1714//66
f 1693//66 1694//66 1715//66
f 1694//66 1695//66 1716//66
f 1695//66 1696//66 1717//66
f 1696//66 1697//66 1718//66
f 1697//288 1698//288 1719//288
f 917//4 1276//4 1339//4
f 917//4 1339//4 1720//4
f 917//4 1720//4 1721//4
f 917//4 1722//4 1723//4
f 917//4 1724//4 1725//4
f 917//4 1725//4 1722//4
f 917//4 1726//4 1727//4
f 917//4 1727//4 1728//4
f 917//4 1721//4 1726//4
f 917//4 1728//4 1724//4
f 917//4 1729//4 1730//4
f 917//4 1731//4 1729//4
f 917//4 1732//4 1731//4
f 917//4 1733//4 923//4
f 917//4 1730//4 1733//4
f 917//4 1734//4 1732//4
f 917//4 1735//4 1734//4
f 917//4 1736//4 1735//4
f 917//4 1737//4 1736//4
f 917//4 1738//4 1737//4
f 917//4 1739//4 1738//4
f 917//4 1723//4 1739//4
f 917//4 1520//4 1343//4
f 919//854 920//854 1740//854
f 921//855 1741//855 920//855
f 1742//856 921//856 922//856
f 923//857 1743//857 922//857
f 1744//858 923//858 1733//858
f 1730//859 1745//859 1733//859
f 1730//860 1729//860 1746//860
f 1731//861 1747//861 1729//861
f 1748//862 1731//862 1732//862
f 1732//863 1734//863 1749//863
f 1735//864 1750//864 1734//864
f 1751//865 1735//865 1736//865
f 1737//866 1752//866 1736//866
f 1739//867 1753//867 1738//867
f 1754//868 1737//868 1738//868
f 1681//869 1334//869 1333//869
f 1324//870 1334//870 1755//870
f 1335//871 1324//871 1756//871
f 1336//872 1335//872 1757//872
f 1337//873 1336//873 1758//873
f 1338//874 1337//874 1759//874
f 1339//875 1338//875 1760//875
f 1722//876 1725//876 1761//876
f 1724//877 1728//877 1762//877
f 1725//878 1724//878 1763//878
f 1721//879 1720//879 1764//879
f 1727//880 1726//880 1765//880
f 1726//881 1721//881 1766//881
f 1720//882 1339//882 1767//882
f 1768//883 1728//883 1727//883
f 1723//884 1769//884 1739//884
f 1723//885 1722//885 1770//885
f 1087//66 1771//66 1772//66
f 1087//66 1772//66 1773//66
f 1087//66 1774//66 1775//66
f 1087//66 1776//66 1777//66
f 1087//66 1775//66 1776//66
f 1087//66 1773//66 1774//66
f 1087//66 1778//66 1779//66
f 1087//66 1777//66 1778//66
f 1087//66 1779//66 1402//66
f 1402//66 1779//66 1403//66
f 1084//4 1090//4 1085//4
f 1090//886 1138//886 1085//886
f 1085//887 1780//887 1781//887
f 1781//888 1782//888 1783//888
f 1089//4 1092//4 1090//4
f 1091//4 1094//4 1092//4
f 1093//4 1096//4 1094//4
f 1095//4 1098//4 1096//4
f 1097//4 1100//4 1098//4
f 1099//4 1102//4 1100//4
f 1101//4 1104//4 1102//4
f 1103//4 1106//4 1104//4
f 1105//4 1108//4 1106//4
f 1107//4 1110//4 1108//4
f 1109//4 1112//4 1110//4
f 1111//4 1784//4 1112//4
f 1090//889 1092//889 1139//889
f 1092//890 1094//890 1140//890
f 1094//891 1096//891 1141//891
f 1096//892 1098//892 1142//892
f 1098//893 1100//893 1143//893
f 1100//894 1102//894 1144//894
f 1111//538 1125//538 1784//538
f 1110//895 1112//895 1149//895
f 1784//896 1150//896 1112//896
f 1102//897 1104//897 1145//897
f 1104//898 1106//898 1146//898
f 1106//899 1108//899 1147//899
f 1110//900 1148//900 1108//900
f 917//4 1085//4 1785//4
f 1781//4 1783//4 1786//4
f 1783//4 1787//4 1788//4
f 1788//4 1787//4 1789//4
f 1085//4 1781//4 1785//4
f 1783//4 1790//4 1786//4
f 1783//4 1788//4 1790//4
f 1788//4 1789//4 1791//4
f 1791//4 1789//4 1792//4
f 1783//901 1793//901 1787//901
f 1790//902 1794//902 1786//902
f 1790//903 1788//903 1795//903
f 1788//904 1791//904 1796//904
f 1791//905 1792//905 1797//905
f 1792//4 1789//4 1798//4
f 1792//4 1798//4 1799//4
f 1799//4 1800//4 1801//4
f 1800//4 1802//4 1801//4
f 1802//4 1803//4 1804//4
f 1803//4 1805//4 1806//4
f 1792//4 1799//4 1807//4
f 1799//4 1801//4 1807//4
f 1802//4 1804//4 1801//4
f 1803//4 1808//4 1804//4
f 1803//4 1806//4 1808//4
f 1805//4 1809//4 1806//4
f 1809//4 1810//4 1811//4
f 1810//4 1812//4 1813//4
f 1809//4 1811//4 1806//4
f 1810//4 1814//4 1811//4
f 1810//4 1813//4 1814//4
f 1812//4 1815//4 1813//4
f 1815//4 1816//4 1813//4
f 1787//906 1817//906 1789//906
f 1789//907 1818//907 1798//907
f 1798//908 1819//908 1799//908
f 1799//909 1820//909 1800//909
f 1800//910 1821//910 1802//910
f 1802//911 1822//911 1803//911
f 1803//912 1823//912 1805//912
f 1805//913 1824//913 1809//913
f 1809//914 1825//914 1810//914
f 1810//915 1826//915 1812//915
f 1812//916 1827//916 1815//916
f 1792//917 1807//917 1828//917
f 1807//918 1801//918 1829//918
f 1801//919 1804//919 1830//919
f 1804//920 1808//920 1831//920
f 1808//921 1806//921 1832//921
f 1806//922 1811//922 1833//922
f 1815//923 1834//923 1816//923
f 1814//924 1813//924 1835//924
f 1813//925 1816//925 1836//925
f 1814//926 1837//926 1811//926
f 1090//886 1139//886 1138//886
f 1085//887 1138//887 1780//887
f 1781//888 1780//888 1782//888
f 1092//889 1140//889 1139//889
f 1094//890 1141//890 1140//890
f 1096//891 1142//891 1141//891
f 1098//892 1143//892 1142//892
f 1100//893 1144//893 1143//893
f 1102//894 1145//894 1144//894
f 1784//896 1125//896 1150//896
f 1112//895 1150//895 1149//895
f 1104//897 1146//897 1145//897
f 1108//899 1148//899 1147//899
f 1106//898 1147//898 1146//898
f 1110//900 1149//900 1148//900
f 1783//901 1782//901 1793//901
f 1790//902 1795//902 1794//902
f 1788//903 1796//903 1795//903
f 1791//904 1797//904 1796//904
f 1792//905 1828//905 1797//905
f 1787//906 1793//906 1817//906
f 1789//907 1817//907 1818//907
f 1798//908 1818//908 1819//908
f 1799//909 1819//909 1820//909
f 1800//910 1820//910 1821//910
f 1802//911 1821//911 1822//911
f 1803//912 1822//912 1823//912
f 1805//913 1823//913 1824//913
f 1809//914 1824//914 1825//914
f 1810//915 1825//915 1826//915
f 1812//916 1826//916 1827//916
f 1807//917 1829//917 1828//917
f 1804//919 1831//919 1830//919
f 1801//918 1830//918 1829//918
f 1808//920 1832//920 1831//920
f 1806//921 1833//921 1832//921
f 1811//922 1837//922 1833//922
f 1815//923 1827//923 1834//923
f 1813//924 1836//924 1835//924
f 1814//926 1835//926 1837//926
f 1816//925 1834//925 1836//925
f 917//4 1838//4 1839//4
f 917//4 1840//4 1841//4
f 917//4 1839//4 1842//4
f 917//4 1842//4 1840//4
f 1843//4 1844//4 1845//4
f 1843//927 1785//927 1846//927
f 1843//928 1847//928 1844//928
f 1844//929 1848//929 1849//929
f 1843//928 1846//928 1847//928
f 1844//929 1847//929 1848//929
f 917//4 1785//4 1843//4
f 1781//4 1786//4 1785//4
f 917//4 1843//4 1838//4
f 1786//4 1850//4 1785//4
f 1850//4 1851//4 1852//4
f 1851//4 1853//4 1852//4
f 1850//4 1852//4 1785//4
f 1853//4 1854//4 1855//4
f 1854//4 1856//4 1855//4
f 1856//4 1857//4 1858//4
f 1857//4 1859//4 1858//4
f 1859//4 1860//4 1861//4
f 1860//4 1862//4 1861//4
f 1786//930 1863//930 1850//930
f 1850//931 1864//931 1851//931
f 1851//932 1865//932 1853//932
f 1853//933 1866//933 1854//933
f 1854//934 1867//934 1856//934
f 1856//935 1868//935 1857//935
f 1857//936 1869//936 1859//936
f 1859//937 1870//937 1860//937
f 1860//938 1871//938 1862//938
f 1862//939 1872//939 1873//939
f 1873//940 1874//940 1875//940
f 1875//941 1876//941 1877//941
f 1853//4 1878//4 1852//4
f 1853//4 1855//4 1878//4
f 1856//4 1879//4 1855//4
f 1856//4 1858//4 1879//4
f 1859//4 1880//4 1858//4
f 1859//4 1861//4 1880//4
f 1862//4 1881//4 1861//4
f 1862//4 1882//4 1881//4
f 1785//942 1852//942 1883//942
f 1852//943 1878//943 1884//943
f 1878//944 1855//944 1885//944
f 1855//436 1879//436 1886//436
f 1879//945 1858//945 1887//945
f 1858//946 1880//946 1888//946
f 1880//947 1861//947 1889//947
f 1861//948 1881//948 1890//948
f 1881//949 1882//949 1891//949
f 1882//950 1892//950 1893//950
f 1849//951 1894//951 1895//951
f 1895//952 1896//952 1897//952
f 1897//953 1898//953 1899//953
f 1862//4 1873//4 1882//4
f 1873//4 1875//4 1882//4
f 1875//4 1877//4 1900//4
f 1875//4 1892//4 1882//4
f 1877//4 1901//4 1902//4
f 1901//4 1903//4 1904//4
f 1875//4 1900//4 1892//4
f 1877//4 1902//4 1900//4
f 1901//4 1904//4 1902//4
f 1877//954 1905//954 1901//954
f 1901//955 1906//955 1903//955
f 1892//956 1900//956 1907//956
f 1900//957 1902//957 1908//957
f 1902//958 1904//958 1909//958
f 1903//959 1910//959 1904//959
f 1786//930 1794//930 1863//930
f 1850//931 1863//931 1864//931
f 1851//932 1864//932 1865//932
f 1853//933 1865//933 1866//933
f 1854//934 1866//934 1867//934
f 1856//935 1867//935 1868//935
f 1857//936 1868//936 1869//936
f 1859//937 1869//937 1870//937
f 1860//938 1870//938 1871//938
f 1862//939 1871//939 1872//939
f 1873//960 1872//960 1874//960
f 1875//941 1874//941 1876//941
f 1877//954 1876//954 1905//954
f 1852//942 1884//942 1883//942
f 1878//943 1885//943 1884//943
f 1785//927 1883//927 1846//927
f 1855//944 1886//944 1885//944
f 1879//436 1887//436 1886//436
f 1858//945 1888//945 1887//945
f 1880//946 1889//946 1888//946
f 1861//947 1890//947 1889//947
f 1881//948 1891//948 1890//948
f 1882//949 1893//949 1891//949
f 1892//950 1907//950 1893//950
f 1849//951 1848//951 1894//951
f 1895//952 1894//952 1896//952
f 1897//953 1896//953 1898//953
f 1901//955 1905//955 1906//955
f 1903//959 1906//959 1910//959
f 1900//956 1908//956 1907//956
f 1902//957 1909//957 1908//957
f 1904//958 1910//958 1909//958
f 1087//66 1137//66 1911//66
f 1087//66 1911//66 1912//66
f 1087//66 1912//66 1913//66
f 1087//66 1913//66 1914//66
f 1087//66 1914//66 1915//66
f 1087//66 1915//66 1916//66
f 1087//66 1916//66 1917//66
f 1087//66 1918//66 1919//66
f 1087//66 1917//66 1918//66
f 1087//66 1919//66 1920//66
f 1087//66 1920//66 1771//66
f 1088//66 1138//66 1139//66
f 1113//66 1139//66 1140//66
f 1114//66 1140//66 1141//66
f 1115//66 1141//66 1142//66
f 1116//66 1142//66 1143//66
f 1117//66 1143//66 1144//66
f 1118//66 1144//66 1145//66
f 1119//66 1145//66 1146//66
f 1120//66 1146//66 1147//66
f 1121//66 1147//66 1148//66
f 1122//66 1148//66 1149//66
f 1123//66 1149//66 1150//66
f 1124//66 1150//66 1125//66
f 1087//66 1883//66 1138//66
f 1780//66 1794//66 1782//66
f 1782//66 1796//66 1793//66
f 1796//66 1817//66 1793//66
f 1138//66 1883//66 1780//66
f 1782//66 1794//66 1795//66
f 1782//66 1795//66 1796//66
f 1796//66 1797//66 1817//66
f 1797//66 1828//66 1817//66
f 1828//66 1818//66 1817//66
f 1828//66 1819//66 1818//66
f 1819//66 1830//66 1820//66
f 1820//66 1830//66 1821//66
f 1821//66 1831//66 1822//66
f 1822//66 1833//66 1823//66
f 1828//66 1829//66 1819//66
f 1819//66 1829//66 1830//66
f 1821//66 1830//66 1831//66
f 1822//66 1831//66 1832//66
f 1822//66 1832//66 1833//66
f 1823//66 1833//66 1824//66
f 1824//66 1837//66 1825//66
f 1825//66 1836//66 1826//66
f 1824//66 1833//66 1837//66
f 1825//66 1837//66 1835//66
f 1825//66 1835//66 1836//66
f 1826//66 1836//66 1827//66
f 1827//66 1836//66 1834//66
f 1087//66 1921//66 1922//66
f 1087//66 1923//66 1924//66
f 1087//66 1925//66 1921//66
f 1087//66 1924//66 1925//66
f 1846//66 1926//66 1847//66
f 1087//66 1846//66 1883//66
f 1780//66 1883//66 1794//66
f 1087//66 1922//66 1846//66
f 1794//66 1883//66 1863//66
f 1863//66 1884//66 1864//66
f 1864//66 1884//66 1865//66
f 1863//66 1883//66 1884//66
f 1865//66 1886//66 1866//66
f 1866//66 1886//66 1867//66
f 1867//66 1888//66 1868//66
f 1868//66 1888//66 1869//66
f 1869//66 1890//66 1870//66
f 1870//66 1890//66 1871//66
f 1865//66 1884//66 1885//66
f 1865//66 1885//66 1886//66
f 1867//66 1886//66 1887//66
f 1867//66 1887//66 1888//66
f 1869//66 1888//66 1889//66
f 1869//66 1889//66 1890//66
f 1871//66 1890//66 1891//66
f 1871//66 1891//66 1893//66
f 1871//66 1893//66 1872//66
f 1872//66 1893//66 1874//66
f 1874//66 1908//66 1876//66
f 1874//66 1893//66 1907//66
f 1876//66 1909//66 1905//66
f 1905//66 1910//66 1906//66
f 1874//66 1907//66 1908//66
f 1876//66 1908//66 1909//66
f 1905//66 1909//66 1910//66
f 917//4 1549//4 1520//4
f 917//4 1597//4 1549//4
f 917//4 1601//4 1597//4
f 917//4 1607//4 1601//4
f 917//4 1610//4 1607//4
f 917//4 1927//4 1610//4
f 917//4 1928//4 1927//4
f 917//4 1929//4 1928//4
f 1840//4 1930//4 1841//4
f 1840//961 1931//961 1930//961
f 1930//962 1932//962 1933//962
f 1933//963 1934//963 1935//963
f 1840//961 1924//961 1931//961
f 1930//962 1931//962 1932//962
f 1933//963 1932//963 1934//963
f 1610//4 1936//4 1937//4
f 1610//4 1927//4 1936//4
f 1936//4 1938//4 1937//4
f 1610//964 1937//964 1939//964
f 1928//4 1929//4 1940//4
f 1927//965 1941//965 1936//965
f 1936//966 1942//966 1938//966
f 1927//967 1928//967 1943//967
f 1928//968 1940//968 1944//968
f 1940//969 1945//969 1946//969
f 1945//970 1947//970 1948//970
f 1947//971 1949//971 1950//971
f 1937//4 1938//4 1951//4
f 1951//4 1938//4 1952//4
f 1952//4 1953//4 1954//4
f 1952//4 1938//4 1955//4
f 1952//4 1955//4 1953//4
f 1954//4 1953//4 1956//4
f 1954//4 1956//4 1957//4
f 1957//4 1956//4 1958//4
f 1958//4 1959//4 1960//4
f 1958//4 1956//4 1961//4
f 1958//4 1961//4 1959//4
f 1960//4 1959//4 1962//4
f 1962//4 1963//4 1964//4
f 1964//4 1963//4 1965//4
f 1962//4 1959//4 1966//4
f 1962//4 1966//4 1963//4
f 1965//4 1963//4 1967//4
f 1965//4 1968//4 1969//4
f 1969//4 1968//4 1970//4
f 1965//4 1967//4 1968//4
f 1970//4 1968//4 1971//4
f 1970//4 1972//4 1973//4
f 1970//4 1971//4 1972//4
f 1937//972 1951//972 1974//972
f 1951//973 1952//973 1975//973
f 1952//974 1954//974 1976//974
f 1954//975 1957//975 1977//975
f 1957//976 1958//976 1978//976
f 1958//977 1960//977 1979//977
f 1960//978 1962//978 1980//978
f 1962//979 1964//979 1981//979
f 1964//980 1965//980 1982//980
f 1965//981 1969//981 1983//981
f 1969//982 1970//982 1984//982
f 1970//983 1973//983 1985//983
f 1973//984 1972//984 1986//984
f 1938//985 1987//985 1955//985
f 1955//986 1988//986 1953//986
f 1953//987 1989//987 1956//987
f 1956//988 1990//988 1961//988
f 1961//989 1991//989 1959//989
f 1949//990 1992//990 1993//990
f 1992//991 1994//991 1995//991
f 1994//992 1996//992 1997//992
f 1996//993 1998//993 1999//993
f 1963//994 1966//994 2000//994
f 1959//995 2001//995 1966//995
f 1963//996 2002//996 1967//996
f 1967//997 2003//997 1968//997
f 1968//998 2004//998 1971//998
f 1971//999 2005//999 1972//999
f 1611//791 1610//791 1939//791
f 1937//964 1974//964 1939//964
f 1927//965 1943//965 1941//965
f 1936//966 1941//966 1942//966
f 1928//967 1944//967 1943//967
f 1940//968 1946//968 1944//968
f 1945//969 1948//969 1946//969
f 1947//970 1950//970 1948//970
f 1951//972 1975//972 1974//972
f 1952//973 1976//973 1975//973
f 1954//974 1977//974 1976//974
f 1957//975 1978//975 1977//975
f 1958//976 1979//976 1978//976
f 1960//977 1980//977 1979//977
f 1962//978 1981//978 1980//978
f 1964//979 1982//979 1981//979
f 1965//980 1983//980 1982//980
f 1969//981 1984//981 1983//981
f 1970//1000 1985//1000 1984//1000
f 1973//983 1986//983 1985//983
f 1972//984 2005//984 1986//984
f 1938//985 1942//985 1987//985
f 1955//986 1987//986 1988//986
f 1953//987 1988//987 1989//987
f 1956//988 1989//988 1990//988
f 1961//989 1990//989 1991//989
f 1959//995 1991//995 2001//995
f 1949//971 1993//971 1950//971
f 1992//990 1995//990 1993//990
f 1994//991 1997//991 1995//991
f 1996//992 1999//992 1997//992
f 1966//994 2001//994 2000//994
f 1963//996 2000//996 2002//996
f 1967//997 2002//997 2003//997
f 1968//998 2003//998 2004//998
f 1971//999 2004//999 2005//999
f 1940//4 2006//4 1945//4
f 1940//4 1929//4 2006//4
f 1945//4 2006//4 2007//4
f 1945//4 2007//4 2008//4
f 1945//4 2008//4 1947//4
f 1947//4 2008//4 1949//4
f 1949//4 2009//4 1992//4
f 1949//4 2008//4 2009//4
f 1992//4 2009//4 2010//4
f 1992//4 2010//4 2011//4
f 1929//1001 2012//1001 2006//1001
f 1929//1002 1841//1002 2013//1002
f 2006//1003 2014//1003 2007//1003
f 2007//1004 2015//1004 2008//1004
f 2008//1005 2016//1005 2009//1005
f 2009//1006 2017//1006 2010//1006
f 2010//1007 2018//1007 2011//1007
f 1930//4 2019//4 1841//4
f 1933//4 2020//4 2019//4
f 1933//4 2021//4 2020//4
f 2021//4 2022//4 2023//4
f 1930//4 1933//4 2019//4
f 1933//4 1935//4 2021//4
f 1935//4 2022//4 2021//4
f 2023//4 2022//4 2024//4
f 2024//4 2025//4 2026//4
f 2024//4 2022//4 2025//4
f 2026//4 2025//4 2027//4
f 2026//4 2027//4 2028//4
f 2029//4 2028//4 2030//4
f 2026//4 2028//4 2029//4
f 2029//4 2030//4 2031//4
f 2031//4 2032//4 2033//4
f 2031//4 2030//4 2032//4
f 2033//4 2032//4 2034//4
f 2034//4 2032//4 2035//4
f 2034//4 2035//4 2036//4
f 2034//4 2036//4 2037//4
f 2037//4 2036//4 2038//4
f 2038//4 2039//4 2040//4
f 1841//1008 2019//1008 1923//1008
f 2019//1009 2020//1009 2041//1009
f 2020//1010 2021//1010 2042//1010
f 2021//1011 2023//1011 2043//1011
f 1935//1012 2044//1012 2022//1012
f 2023//1013 2024//1013 2045//1013
f 2024//1014 2026//1014 2046//1014
f 2026//1015 2029//1015 2047//1015
f 2029//1016 2031//1016 2048//1016
f 2031//1017 2033//1017 2049//1017
f 2033//1018 2034//1018 2050//1018
f 2034//1019 2037//1019 2051//1019
f 2037//1020 2038//1020 2052//1020
f 2040//1021 2039//1021 2053//1021
f 1992//4 2011//4 1994//4
f 1994//4 2054//4 1996//4
f 1996//4 2054//4 1998//4
f 1994//4 2011//4 2054//4
f 1998//4 2054//4 2055//4
f 1998//4 2055//4 2056//4
f 2056//4 2055//4 2057//4
f 2056//4 2057//4 2058//4
f 2056//4 2058//4 2059//4
f 2059//4 2058//4 2060//4
f 2061//4 2062//4 2060//4
f 2058//4 2061//4 2060//4
f 2062//4 2063//4 2060//4
f 2062//4 2064//4 2063//4
f 2062//4 2065//4 2064//4
f 1998//1022 2056//1022 2066//1022
f 2056//1023 2059//1023 2067//1023
f 2011//1024 2068//1024 2054//1024
f 2054//1025 2069//1025 2055//1025
f 2055//1026 2070//1026 2057//1026
f 2057//1027 2071//1027 2058//1027
f 2058//1028 2072//1028 2061//1028
f 2061//1029 2073//1029 2062//1029
f 2059//1030 2060//1030 2074//1030
f 2060//1031 2063//1031 2075//1031
f 2063//1032 2064//1032 2076//1032
f 2064//1033 2065//1033 2077//1033
f 2062//1034 2078//1034 2065//1034
f 2038//1035 2040//1035 2079//1035
f 1929//1001 2013//1001 2012//1001
f 1841//1002 1923//1002 2013//1002
f 2006//1003 2012//1003 2014//1003
f 2007//1004 2014//1004 2015//1004
f 2008//1005 2015//1005 2016//1005
f 2009//1006 2016//1006 2017//1006
f 2010//1007 2017//1007 2018//1007
f 2011//1024 2018//1024 2068//1024
f 2019//1008 2041//1008 1923//1008
f 2020//1009 2042//1009 2041//1009
f 2021//1036 2043//1036 2042//1036
f 2023//1011 2045//1011 2043//1011
f 1935//1012 1934//1012 2044//1012
f 2024//1013 2046//1013 2045//1013
f 2026//1014 2047//1014 2046//1014
f 2029//1015 2048//1015 2047//1015
f 2031//1016 2049//1016 2048//1016
f 2033//1037 2050//1037 2049//1037
f 2034//1038 2051//1038 2050//1038
f 2037//1019 2052//1019 2051//1019
f 2038//1020 2079//1020 2052//1020
f 1998//993 2066//993 1999//993
f 2056//1022 2067//1022 2066//1022
f 2059//1023 2074//1023 2067//1023
f 2054//1025 2068//1025 2069//1025
f 2055//1026 2069//1026 2070//1026
f 2057//1027 2070//1027 2071//1027
f 2058//1028 2071//1028 2072//1028
f 2061//1029 2072//1029 2073//1029
f 2060//1030 2075//1030 2074//1030
f 2063//1031 2076//1031 2075//1031
f 2064//1032 2077//1032 2076//1032
f 2065//1033 2078//1033 2077//1033
f 2062//1034 2073//1034 2078//1034
f 2040//1035 2053//1035 2079//1035
f 1087//66 1402//66 1561//66
f 1087//66 1561//66 1602//66
f 1087//66 1602//66 1604//66
f 1087//66 1604//66 1611//66
f 1087//66 1611//66 1939//66
f 1087//66 1939//66 1943//66
f 1087//66 1943//66 1944//66
f 1087//66 1944//66 2013//66
f 1924//66 1923//66 1931//66
f 1939//66 1974//66 1941//66
f 1939//66 1941//66 1943//66
f 1941//66 1974//66 1942//66
f 1944//66 1946//66 2013//66
f 1974//66 1975//66 1942//66
f 1975//66 1976//66 1942//66
f 1976//66 1977//66 1988//66
f 1976//66 1987//66 1942//66
f 1976//66 1988//66 1987//66
f 1977//66 1989//66 1988//66
f 1977//66 1978//66 1989//66
f 1978//66 1979//66 1989//66
f 1979//66 1980//66 1991//66
f 1979//66 1990//66 1989//66
f 1979//66 1991//66 1990//66
f 1980//66 1981//66 1991//66
f 1981//66 1982//66 2000//66
f 1982//66 1983//66 2000//66
f 1981//66 2001//66 1991//66
f 1981//66 2000//66 2001//66
f 1983//66 2002//66 2000//66
f 1983//66 1984//66 2003//66
f 1984//66 1985//66 2003//66
f 1983//66 2003//66 2002//66
f 1985//66 2004//66 2003//66
f 1985//66 1986//66 2005//66
f 1985//66 2005//66 2004//66
f 1946//66 1948//66 2012//66
f 1946//66 2012//66 2013//66
f 1948//66 2014//66 2012//66
f 1948//66 2015//66 2014//66
f 1948//66 1950//66 2015//66
f 1950//66 1993//66 2015//66
f 1993//66 1995//66 2016//66
f 1993//66 2016//66 2015//66
f 1995//66 2017//66 2016//66
f 1995//66 2018//66 2017//66
f 1931//66 1923//66 2041//66
f 1932//66 2041//66 2042//66
f 1932//66 2042//66 2043//66
f 2043//66 2045//66 2044//66
f 1931//66 2041//66 1932//66
f 1932//66 2043//66 1934//66
f 1934//66 2043//66 2044//66
f 2045//66 2046//66 2044//66
f 2046//66 2047//66 2080//66
f 2046//66 2080//66 2044//66
f 2047//66 2081//66 2080//66
f 2047//66 2082//66 2081//66
f 2048//66 2083//66 2082//66
f 2047//66 2048//66 2082//66
f 2048//66 2049//66 2083//66
f 2049//66 2050//66 2084//66
f 2049//66 2084//66 2083//66
f 2050//66 2051//66 2084//66
f 2051//66 2085//66 2084//66
f 2051//66 2086//66 2085//66
f 2051//66 2052//66 2086//66
f 2052//66 2079//66 2086//66
f 2079//66 2053//66 2087//66
f 1995//66 1997//66 2018//66
f 1997//66 1999//66 2068//66
f 1999//66 2066//66 2068//66
f 1997//66 2068//66 2018//66
f 2066//66 2069//66 2068//66
f 2066//66 2067//66 2069//66
f 2067//66 2070//66 2069//66
f 2067//66 2071//66 2070//66
f 2067//66 2074//66 2071//66
f 2074//66 2075//66 2071//66
f 2072//66 2075//66 2073//66
f 2071//66 2075//66 2072//66
f 2073//66 2075//66 2076//66
f 2073//66 2076//66 2077//66
f 2073//66 2077//66 2078//66
f 917//4 1841//4 1929//4
f 1843//4 1845//4 1838//4
f 1844//4 1849//4 1845//4
f 1849//4 1895//4 2088//4
f 1895//4 1897//4 2088//4
f 1897//4 1899//4 2089//4
f 1849//4 2090//4 1845//4
f 1849//4 2088//4 2090//4
f 1897//4 2091//4 2088//4
f 1897//4 2089//4 2091//4
f 2089//4 2092//4 2093//4
f 2093//4 2092//4 2094//4
f 1838//1039 1845//1039 1922//1039
f 1838//1040 1921//1040 1839//1040
f 1845//1041 2090//1041 1926//1041
f 2090//1042 2088//1042 2095//1042
f 1839//1043 2096//1043 2097//1043
f 2097//1044 2098//1044 2099//1044
f 2088//1045 2091//1045 2100//1045
f 2091//1046 2089//1046 2101//1046
f 2089//1047 2093//1047 2102//1047
f 2093//1048 2094//1048 2103//1048
f 2094//1049 2104//1049 2105//1049
f 2104//1050 2106//1050 2107//1050
f 1839//4 2097//4 2108//4
f 2097//4 2099//4 2108//4
f 2099//4 2109//4 2110//4
f 1839//4 2108//4 1842//4
f 2099//4 2111//4 2108//4
f 2099//4 2110//4 2111//4
f 2110//4 2112//4 2113//4
f 2110//4 2109//4 2112//4
f 2114//4 2112//4 2115//4
f 2113//4 2112//4 2114//4
f 2114//4 2116//4 2117//4
f 2117//4 2116//4 2118//4
f 2118//4 2119//4 2120//4
f 1840//1051 1842//1051 1924//1051
f 1842//1052 2108//1052 1925//1052
f 2108//1053 2111//1053 2121//1053
f 2111//1054 2110//1054 2122//1054
f 2110//1055 2113//1055 2123//1055
f 2113//1056 2114//1056 2124//1056
f 2114//1057 2117//1057 2125//1057
f 2117//1058 2118//1058 2126//1058
f 2118//1059 2120//1059 2127//1059
f 2120//1060 2128//1060 2129//1060
f 2128//1061 2130//1061 2131//1061
f 2114//4 2115//4 2116//4
f 2118//4 2116//4 2119//4
f 2120//4 2119//4 2132//4
f 2120//4 2132//4 2133//4
f 2130//4 2133//4 2134//4
f 2130//4 2134//4 2135//4
f 2120//4 2133//4 2128//4
f 2128//4 2133//4 2130//4
f 2130//4 2135//4 2136//4
f 2137//4 2138//4 2136//4
f 2135//4 2137//4 2136//4
f 2137//4 2139//4 2138//4
f 2137//4 2140//4 2139//4
f 2099//1062 2141//1062 2109//1062
f 2109//1063 2142//1063 2112//1063
f 2112//659 2143//659 2115//659
f 2115//1064 2144//1064 2116//1064
f 2116//1065 2145//1065 2119//1065
f 2119//1066 2146//1066 2132//1066
f 2132//1067 2147//1067 2133//1067
f 2133//1068 2148//1068 2134//1068
f 2134//1069 2149//1069 2135//1069
f 2135//1070 2150//1070 2137//1070
f 2130//1071 2136//1071 2151//1071
f 2137//1072 2152//1072 2140//1072
f 1845//1039 1926//1039 1922//1039
f 1838//1040 1922//1040 1921//1040
f 2090//1041 2095//1041 1926//1041
f 2088//1042 2100//1042 2095//1042
f 1839//1043 1921//1043 2096//1043
f 2097//1044 2096//1044 2098//1044
f 2099//1073 2098//1073 2141//1073
f 2091//1045 2101//1045 2100//1045
f 2089//1046 2102//1046 2101//1046
f 2093//1047 2103//1047 2102//1047
f 2094//1048 2105//1048 2103//1048
f 2104//1049 2107//1049 2105//1049
f 2106//1050 2153//1050 2107//1050
f 1924//1051 1842//1051 1925//1051
f 2108//1074 2121//1074 1925//1074
f 2111//1053 2122//1053 2121//1053
f 2110//1054 2123//1054 2122//1054
f 2113//1055 2124//1055 2123//1055
f 2114//1056 2125//1056 2124//1056
f 2117//1057 2126//1057 2125//1057
f 2118//1058 2127//1058 2126//1058
f 2120//1059 2129//1059 2127//1059
f 2128//1060 2131//1060 2129//1060
f 2130//1061 2151//1061 2131//1061
f 2109//1063 2141//1063 2142//1063
f 2112//1075 2142//1075 2143//1075
f 2115//1064 2143//1064 2144//1064
f 2116//1065 2144//1065 2145//1065
f 2119//1066 2145//1066 2146//1066
f 2132//1067 2146//1067 2147//1067
f 2133//1068 2147//1068 2148//1068
f 2134//1069 2148//1069 2149//1069
f 2135//1070 2149//1070 2150//1070
f 2136//1071 2154//1071 2151//1071
f 2137//1072 2150//1072 2152//1072
f 2140//1076 2152//1076 2155//1076
f 1899//4 2092//4 2089//4
f 2094//4 2092//4 2156//4
f 2104//4 2156//4 2157//4
f 2104//4 2157//4 2158//4
f 2158//4 2159//4 2106//4
f 2094//4 2156//4 2104//4
f 2104//4 2158//4 2106//4
f 2159//4 2160//4 2106//4
f 2159//4 2161//4 2160//4
f 2159//4 2162//4 2161//4
f 2162//4 2163//4 2161//4
f 2161//4 2163//4 2164//4
f 2165//4 2163//4 2166//4
f 2164//4 2163//4 2165//4
f 1899//1077 2167//1077 2092//1077
f 2092//1078 2168//1078 2156//1078
f 2156//1079 2169//1079 2157//1079
f 2157//1080 2170//1080 2158//1080
f 2158//1081 2171//1081 2159//1081
f 2159//1082 2172//1082 2162//1082
f 2162//1083 2173//1083 2163//1083
f 2106//1084 2160//1084 2153//1084
f 2160//1085 2161//1085 2174//1085
f 2161//1086 2164//1086 2175//1086
f 2164//1087 2165//1087 2176//1087
f 2165//1088 2166//1088 2177//1088
f 2163//1089 2178//1089 2166//1089
f 1899//1077 1898//1077 2167//1077
f 2092//1078 2167//1078 2168//1078
f 2156//1079 2168//1079 2169//1079
f 2157//1080 2169//1080 2170//1080
f 2158//1081 2170//1081 2171//1081
f 2159//1082 2171//1082 2172//1082
f 2162//1083 2172//1083 2173//1083
f 2160//1084 2174//1084 2153//1084
f 2161//1085 2175//1085 2174//1085
f 2164//1086 2176//1086 2175//1086
f 2165//1087 2177//1087 2176//1087
f 2163//1089 2173//1089 2178//1089
f 2166//1088 2178//1088 2177//1088
f 2038//4 2036//4 2179//4
f 2038//4 2179//4 2039//4
f 2022//1090 2080//1090 2025//1090
f 2025//1091 2081//1091 2027//1091
f 2027//1092 2082//1092 2028//1092
f 2028//1093 2083//1093 2030//1093
f 2030//1094 2084//1094 2032//1094
f 2032//1095 2085//1095 2035//1095
f 2035//1096 2086//1096 2036//1096
f 2036//1097 2180//1097 2179//1097
f 2179//1098 2087//1098 2039//1098
f 2136//1099 2138//1099 2154//1099
f 2138//1100 2139//1100 2181//1100
f 2140//1076 2155//1076 2139//1076
f 2022//1090 2044//1090 2080//1090
f 2025//1091 2080//1091 2081//1091
f 2027//1092 2081//1092 2082//1092
f 2028//1093 2082//1093 2083//1093
f 2030//1094 2083//1094 2084//1094
f 2032//1095 2084//1095 2085//1095
f 2035//1096 2085//1096 2086//1096
f 2036//1097 2086//1097 2180//1097
f 2179//1098 2180//1098 2087//1098
f 2053//1021 2039//1021 2087//1021
f 2138//1099 2181//1099 2154//1099
f 2139//1100 2155//1100 2181//1100
f 1087//66 2013//66 1923//66
f 1846//66 1922//66 1926//66
f 1847//66 1926//66 1848//66
f 1848//66 2100//66 1894//66
f 1894//66 2100//66 1896//66
f 1896//66 2102//66 1898//66
f 1848//66 1926//66 2095//66
f 1848//66 2095//66 2100//66
f 1896//66 2100//66 2101//66
f 1896//66 2101//66 2102//66
f 2102//66 2103//66 2167//66
f 2103//66 2105//66 2167//66
f 1921//66 2121//66 2096//66
f 2096//66 2121//66 2098//66
f 2098//66 2123//66 2141//66
f 1921//66 1925//66 2121//66
f 2098//66 2121//66 2122//66
f 2098//66 2122//66 2123//66
f 2123//66 2124//66 2142//66
f 2123//66 2142//66 2141//66
f 2125//66 2143//66 2142//66
f 2124//66 2125//66 2142//66
f 2125//66 2126//66 2144//66
f 2126//66 2127//66 2144//66
f 2127//66 2129//66 2145//66
f 2125//66 2144//66 2143//66
f 2127//66 2145//66 2144//66
f 2129//66 2146//66 2145//66
f 2129//66 2147//66 2146//66
f 2151//66 2148//66 2147//66
f 2151//66 2149//66 2148//66
f 2129//66 2131//66 2147//66
f 2131//66 2151//66 2147//66
f 2151//66 2154//66 2149//66
f 2150//66 2154//66 2181//66
f 2149//66 2154//66 2150//66
f 2150//66 2181//66 2155//66
f 2150//66 2155//66 2152//66
f 1898//66 2102//66 2167//66
f 2105//66 2168//66 2167//66
f 2107//66 2169//66 2168//66
f 2107//66 2170//66 2169//66
f 2170//66 2153//66 2171//66
f 2105//66 2107//66 2168//66
f 2107//66 2153//66 2170//66
f 2171//66 2153//66 2174//66
f 2171//66 2174//66 2175//66
f 2171//66 2175//66 2172//66
f 2172//66 2175//66 2173//66
f 2175//66 2176//66 2173//66
f 2177//66 2178//66 2173//66
f 2176//66 2177//66 2173//66
f 2079//66 2180//66 2086//66
f 2079//66 2087//66 2180//66
f 1740//854 977//854 919//854
f 920//855 1741//855 1740//855
f 1742//856 1741//856 921//856
f 922//857 1743//857 1742//857
f 923//858 1744//858 1743//858
f 1733//859 1745//859 1744//859
f 1730//860 1746//860 1745//860
f 1731//862 1748//862 1747//862
f 1747//861 1746//861 1729//861
f 1732//863 1749//863 1748//863
f 1734//864 1750//864 1749//864
f 1736//866 1752//866 1751//866
f 1737//868 1754//868 1752//868
f 1738//867 1753//867 1754//867
f 1751//865 1750//865 1735//865
f 1334//869 1681//869 1755//869
f 1324//870 1755//870 1756//870
f 1335//871 1756//871 1757//871
f 1336//872 1757//872 1758//872
f 1337//873 1758//873 1759//873
f 1338//874 1759//874 1760//874
f 1760//875 1767//875 1339//875
f 1761//876 1770//876 1722//876
f 1728//883 1768//883 1762//883
f 1762//877 1763//877 1724//877
f 1725//878 1763//878 1761//878
f 1720//882 1767//882 1764//882
f 1764//879 1766//879 1721//879
f 1726//411 1766//411 1765//411
f 1727//880 1765//880 1768//880
f 1770//885 1769//885 1723//885
f 1739//884 1769//884 1753//884
f 1914//1101 2182//1101 1915//1101
f 1135//1102 1161//1102 1136//1102
f 1136//1103 2183//1103 1137//1103
f 1137//1104 2184//1104 1911//1104
f 1911//1105 2185//1105 1912//1105
f 1912//1106 2186//1106 1913//1106
f 1914//1107 1913//1107 2187//1107
f 1915//1108 2188//1108 1916//1108
f 1916//1109 2189//1109 1917//1109
f 1917//1110 2190//1110 1918//1110
f 1772//1111 1771//1111 1702//1111
f 1918//1112 2191//1112 1919//1112
f 1919//1113 1700//1113 1920//1113
f 1920//1114 1701//1114 1771//1114
f 1776//1115 1707//1115 1777//1115
f 1666//1116 1714//1116 1664//1116
f 1666//1117 1665//1117 1713//1117
f 1665//1118 1404//1118 1712//1118
f 1404//1119 1403//1119 1711//1119
f 1403//1120 1779//1120 1710//1120
f 1778//1121 1709//1121 1779//1121
f 1778//1122 1777//1122 1708//1122
f 1396//1123 1663//1123 2192//1123
f 1663//1124 1399//1124 1719//1124
f 1399//1125 1398//1125 1718//1125
f 1398//1126 1400//1126 1717//1126
f 1400//1127 1401//1127 1716//1127
f 1401//1128 1664//1128 1715//1128
f 1772//1129 1703//1129 1773//1129
f 1774//1130 1773//1130 1704//1130
f 1776//1131 1775//1131 1706//1131
f 1774//1132 1705//1132 1775//1132
f 2184//66 1743//66 1744//66
f 2185//66 1744//66 1745//66
f 2185//66 1745//66 1746//66
f 2185//66 1746//66 1747//66
f 2186//66 1747//66 1748//66
f 2187//66 1749//66 1750//66
f 2186//66 1748//66 1749//66
f 2182//66 1754//66 1753//66
f 2187//66 1750//66 1751//66
f 2182//66 1751//66 1752//66
f 2182//66 1752//66 1754//66
f 2191//1133 1755//1133 1681//1133
f 2191//572 1756//572 1755//572
f 1677//66 2191//66 1681//66
f 1677//66 1700//66 2191//66
f 1678//66 1701//66 1700//66
f 1679//66 1702//66 1701//66
f 1680//66 1703//66 1702//66
f 2189//66 1762//66 1768//66
f 2191//66 1757//66 1756//66
f 2191//66 1758//66 1757//66
f 2191//66 1759//66 1758//66
f 2191//66 1760//66 1759//66
f 2190//66 1764//66 1767//66
f 2190//66 1766//66 1764//66
f 2190//66 1768//66 1765//66
f 2190//66 1765//66 1766//66
f 2190//66 1767//66 1760//66
f 2188//66 1769//66 1770//66
f 2188//66 1753//66 1769//66
f 2188//66 1770//66 1761//66
f 2189//66 1761//66 1763//66
f 2189//66 1763//66 1762//66
f 1136//1102 1161//1102 2183//1102
f 1137//1103 2183//1103 2184//1103
f 1911//1104 2184//1104 2185//1104
f 1912//1105 2185//1105 2186//1105
f 1913//1106 2186//1106 2187//1106
f 1914//1107 2187//1107 2182//1107
f 1915//1101 2182//1101 2188//1101
f 1916//1108 2188//1108 2189//1108
f 1917//1109 2189//1109 2190//1109
f 1918//1110 2190//1110 2191//1110
f 1772//1111 1702//1111 1703//1111
f 1919//1112 2191//1112 1700//1112
f 1920//1113 1700//1113 1701//1113
f 1771//1114 1701//1114 1702//1114
f 1161//66 977//66 1740//66
f 2183//66 1740//66 1741//66
f 2183//66 1741//66 1742//66
f 2184//66 1742//66 1743//66
f 1161//66 1740//66 2183//66
f 2183//66 1742//66 2184//66
f 2184//66 1744//66 2185//66
f 2186//66 1749//66 2187//66
f 2182//66 2187//66 1751//66
f 2182//66 1753//66 2188//66
f 2185//66 1747//66 2186//66
f 2188//66 1761//66 2189//66
f 2189//66 1768//66 2190//66
f 2190//66 1760//66 2191//66
f 1664//1116 1714//1116 1715//1116
f 1777//1115 1707//1115 1708//1115
f 1666//1117 1713//1117 1714//1117
f 1665//1118 1712//1118 1713//1118
f 1404//1119 1711//1119 1712//1119
f 1403//1120 1710//1120 1711//1120
f 1779//1121 1709//1121 1710//1121
f 1778//1122 1708//1122 1709//1122
f 1396//1123 2192//1123 1699//1123
f 1663//1124 1719//1124 2192//1124
f 1399//1125 1718//1125 1719//1125
f 1398//1126 1717//1126 1718//1126
f 1400//1127 1716//1127 1717//1127
f 1401//1128 1715//1128 1716//1128
f 1682//66 1704//66 1703//66
f 1683//66 1705//66 1704//66
f 1684//66 1706//66 1705//66
f 1685//66 1707//66 1706//66
f 1686//66 1708//66 1707//66
f 1690//66 1712//66 1711//66
f 1693//66 1715//66 1714//66
f 1692//66 1714//66 1713//66
f 1691//66 1713//66 1712//66
f 1687//66 1709//66 1708//66
f 1688//66 1710//66 1709//66
f 1689//66 1711//66 1710//66
f 1697//66 1719//66 1718//66
f 1696//66 1718//66 1717//66
f 1698//66 1699//66 2192//66
f 1698//572 2192//572 1719//572
f 1694//66 1716//66 1715//66
f 1695//66 1717//66 1716//66
f 1774//1130 1704//1130 1705//1130
f 1773//1129 1703//1129 1704//1129
f 1775//1132 1705//1132 1706//1132
f 1776//1131 1706//1131 1707//1131
