#usda 1.0
(
    defaultPrim = "patterned_towel"
    metersPerUnit = 1
    upAxis = "Z"
)

def Xform "patterned_towel"
{
    def Mesh "mesh"
    {
        uniform token subdivisionScheme = "none"
        bool doubleSided = 1
        color3f[] primvars:displayColor = [
            (0.720000, 0.670000, 0.560000), (0.720000, 0.670000, 0.560000), (0.720000, 0.670000, 0.560000), (0.720000, 0.670000, 0.560000),
            (0.720000, 0.670000, 0.560000), (0.720000, 0.670000, 0.560000), (0.720000, 0.670000, 0.560000), (0.720000, 0.670000, 0.560000),
            (0.720000, 0.670000, 0.560000), (0.720000, 0.670000, 0.560000), (0.720000, 0.670000, 0.560000), (0.720000, 0.670000, 0.560000),
            (0.720000, 0.670000, 0.560000), (0.720000, 0.670000, 0.560000), (0.720000, 0.670000, 0.560000), (0.720000, 0.670000, 0.560000),
            (0.720000, 0.670000, 0.560000), (0.720000, 0.670000, 0.560000), (0.720000, 0.670000, 0.560000), (0.720000, 0.670000, 0.560000),
            (0.720000, 0.670000, 0.560000), (0.720000, 0.670000, 0.560000), (0.720000, 0.670000, 0.560000), (0.720000, 0.670000, 0.560000),
            (0.720000, 0.670000, 0.560000), (0.720000, 0.670000, 0.560000), (0.720000, 0.670000, 0.560000), (0.720000, 0.670000, 0.560000),
            (0.720000, 0.670000, 0.560000), (0.720000, 0.670000, 0.560000), (0.720000, 0.670000, 0.560000), (0.720000, 0.670000, 0.560000),
            (0.720000, 0.670000, 0.560000), (0.720000, 0.670000, 0.560000), (0.720000, 0.670000, 0.560000), (0.720000, 0.670000, 0.560000),
            (0.720000, 0.670000, 0.560000), (0.720000, 0.670000, 0.560000), (0.720000, 0.670000, 0.560000), (0.720000, 0.670000, 0.560000),
            (0.720000, 0.670000, 0.560000), (0.720000, 0.670000, 0.560000), (0.720000, 0.670000, 0.560000), (0.720000, 0.670000, 0.560000),
            (0.720000, 0.670000, 0.560000), (0.720000, 0.670000, 0.560000), (0.720000, 0.670000, 0.560000), (0.720000, 0.670000, 0.560000),
            (0.720000, 0.670000, 0.560000), (0.720000, 0.670000, 0.560000), (0.720000, 0.670000, 0.560000), (0.720000, 0.670000, 0.560000),
            (0.720000, 0.670000, 0.560000), (0.720000, 0.670000, 0.560000), (0.720000, 0.670000, 0.560000), (0.720000, 0.670000, 0.560000),
            (0.720000, 0.670000, 0.560000), (0.720000, 0.670000, 0.560000), (0.720000, 0.670000, 0.560000), (0.720000, 0.670000, 0.560000),
            (0.720000, 0.670000, 0.560000), (0.720000, 0.670000, 0.560000), (0.720000, 0.670000, 0.560000), (0.720000, 0.670000, 0.560000),
            (0.720000, 0.670000, 0.560000), (0.720000, 0.670000, 0.560000), (0.720000, 0.670000, 0.560000), (0.720000, 0.670000, 0.560000),
            (0.720000, 0.670000, 0.560000), (0.720000, 0.670000, 0.560000), (0.720000, 0.670000, 0.560000), (0.720000, 0.670000, 0.560000),
            (0.720000, 0.670000, 0.560000), (0.720000, 0.670000, 0.560000), (0.720000, 0.670000, 0.560000), (0.720000, 0.670000, 0.560000),
            (0.720000, 0.670000, 0.560000), (0.720000, 0.670000, 0.560000), (0.720000, 0.670000, 0.560000), (0.720000, 0.670000, 0.560000),
            (0.720000, 0.670000, 0.560000), (0.720000, 0.670000, 0.560000), (0.720000, 0.670000, 0.560000), (0.720000, 0.670000, 0.560000),
            (0.720000, 0.670000, 0.560000), (0.720000, 0.670000, 0.560000), (0.720000, 0.670000, 0.560000), (0.720000, 0.670000, 0.560000),
            (0.720000, 0.670000, 0.560000), (0.720000, 0.670000, 0.560000), (0.720000, 0.670000, 0.560000), (0.720000, 0.670000, 0.560000),
            (0.720000, 0.670000, 0.560000), (0.720000, 0.670000, 0.560000), (0.720000, 0.670000, 0.560000), (0.720000, 0.670000, 0.560000),
            (0.720000, 0.670000, 0.560000), (0.720000, 0.670000, 0.560000), (0.720000, 0.670000, 0.560000), (0.720000, 0.670000, 0.560000),
            (0.720000, 0.670000, 0.560000), (0.720000, 0.670000, 0.560000), (0.720000, 0.670000, 0.560000), (0.720000, 0.670000, 0.560000),
            (0.720000, 0.670000, 0.560000), (0.720000, 0.670000, 0.560000), (0.720000, 0.670000, 0.560000), (0.720000, 0.670000, 0.560000),
            (0.720000, 0.670000, 0.560000), (0.720000, 0.670000, 0.560000), (0.720000, 0.670000, 0.560000), (0.720000, 0.670000, 0.560000),
            (0.720000, 0.670000, 0.560000), (0.720000, 0.670000, 0.560000), (0.720000, 0.670000, 0.560000), (0.720000, 0.670000, 0.560000),
            (0.720000, 0.670000, 0.560000), (0.720000, 0.670000, 0.560000), (0.720000, 0.670000, 0.560000), (0.720000, 0.670000, 0.560000),
            (0.720000, 0.670000, 0.560000), (0.720000, 0.670000, 0.560000), (0.720000, 0.670000, 0.560000), (0.720000, 0.670000, 0.560000),
            (0.720000, 0.670000, 0.560000), (0.720000, 0.670000, 0.560000), (0.720000, 0.670000, 0.560000), (0.720000, 0.670000, 0.560000),
            (0.720000, 0.670000, 0.560000), (0.720000, 0.670000, 0.560000), (0.720000, 0.670000, 0.560000), (0.720000, 0.670000, 0.560000),
            (0.720000, 0.670000, 0.560000), (0.720000, 0.670000, 0.560000), (0.720000, 0.670000, 0.560000), (0.720000, 0.670000, 0.560000),
            (0.720000, 0.670000, 0.560000), (0.720000, 0.670000, 0.560000), (0.720000, 0.670000, 0.560000), (0.720000, 0.670000, 0.560000),
            (0.720000, 0.670000, 0.560000), (0.720000, 0.670000, 0.560000), (0.720000, 0.670000, 0.560000), (0.720000, 0.670000, 0.560000),
            (0.720000, 0.670000, 0.560000), (0.720000, 0.670000, 0.560000), (0.720000, 0.670000, 0.560000), (0.720000, 0.670000, 0.560000),
            (0.720000, 0.670000, 0.560000), (0.720000, 0.670000, 0.560000), (0.720000, 0.670000, 0.560000), (0.720000, 0.670000, 0.560000),
            (0.720000, 0.670000, 0.560000), (0.720000, 0.670000, 0.560000), (0.720000, 0.670000, 0.560000), (0.720000, 0.670000, 0.560000),
            (0.720000, 0.670000, 0.560000), (0.720000, 0.670000, 0.560000), (0.720000, 0.670000, 0.560000), (0.720000, 0.670000, 0.560000),
            (0.720000, 0.670000, 0.560000), (0.720000, 0.670000, 0.560000), (0.720000, 0.670000, 0.560000), (0.720000, 0.670000, 0.560000),
            (0.720000, 0.670000, 0.560000), (0.720000, 0.670000, 0.560000), (0.720000, 0.670000, 0.560000), (0.720000, 0.670000, 0.560000),
            (0.720000, 0.670000, 0.560000), (0.720000, 0.670000, 0.560000), (0.720000, 0.670000, 0.560000), (0.720000, 0.670000, 0.560000),
            (0.720000, 0.670000, 0.560000), (0.720000, 0.670000, 0.560000), (0.720000, 0.670000, 0.560000), (0.720000, 0.670000, 0.560000),
            (0.720000, 0.670000, 0.560000), (0.720000, 0.670000, 0.560000), (0.720000, 0.670000, 0.560000), (0.720000, 0.670000, 0.560000),
            (0.720000, 0.670000, 0.560000), (0.720000, 0.670000, 0.560000), (0.720000, 0.670000, 0.560000), (0.720000, 0.670000, 0.560000),
            (0.720000, 0.670000, 0.560000), (0.720000, 0.670000, 0.560000), (0.720000, 0.670000, 0.560000), (0.720000, 0.670000, 0.560000),
            (0.720000, 0.670000, 0.560000), (0.720000, 0.670000, 0.560000), (0.720000, 0.670000, 0.560000), (0.720000, 0.670000, 0.560000),
            (0.720000, 0.670000, 0.560000), (0.720000, 0.670000, 0.560000), (0.720000, 0.670000, 0.560000), (0.720000, 0.670000, 0.560000),
            (0.720000, 0.670000, 0.560000), (0.720000, 0.670000, 0.560000), (0.720000, 0.670000, 0.560000), (0.720000, 0.670000, 0.560000),
            (0.720000, 0.670000, 0.560000), (0.720000, 0.670000, 0.560000), (0.720000, 0.670000, 0.560000), (0.720000, 0.670000, 0.560000),
            (0.720000, 0.670000, 0.560000), (0.720000, 0.670000, 0.560000), (0.720000, 0.670000, 0.560000), (0.720000, 0.670000, 0.560000),
            (0.720000, 0.670000, 0.560000), (0.720000, 0.670000, 0.560000), (0.720000, 0.670000, 0.560000), (0.720000, 0.670000, 0.560000),
            (0.720000, 0.670000, 0.560000), (0.720000, 0.670000, 0.560000), (0.720000, 0.670000, 0.560000), (0.720000, 0.670000, 0.560000),
            (0.720000, 0.670000, 0.560000), (0.720000, 0.670000, 0.560000), (0.720000, 0.670000, 0.560000), (0.720000, 0.670000, 0.560000),
            (0.720000, 0.670000, 0.560000), (0.720000, 0.670000, 0.560000), (0.720000, 0.670000, 0.560000), (0.720000, 0.670000, 0.560000),
            (0.720000, 0.670000, 0.560000), (0.720000, 0.670000, 0.560000), (0.720000, 0.670000, 0.560000), (0.720000, 0.670000, 0.560000),
            (0.720000, 0.670000, 0.560000), (0.720000, 0.670000, 0.560000), (0.720000, 0.670000, 0.560000), (0.720000, 0.670000, 0.560000),
            (0.720000, 0.670000, 0.560000), (0.720000, 0.670000, 0.560000), (0.720000, 0.670000, 0.560000), (0.720000, 0.670000, 0.560000),
            (0.720000, 0.670000, 0.560000), (0.720000, 0.670000, 0.560000), (0.720000, 0.670000, 0.560000), (0.720000, 0.670000, 0.560000),
            (0.720000, 0.670000, 0.560000), (0.720000, 0.670000, 0.560000), (0.720000, 0.670000, 0.560000), (0.720000, 0.670000, 0.560000),
            (0.720000, 0.670000, 0.560000), (0.720000, 0.670000, 0.560000), (0.720000, 0.670000, 0.560000), (0.720000, 0.670000, 0.560000),
            (0.720000, 0.670000, 0.560000), (0.720000, 0.670000, 0.560000), (0.720000, 0.670000, 0.560000), (0.720000, 0.670000, 0.560000),
            (0.720000, 0.670000, 0.560000), (0.720000, 0.670000, 0.560000), (0.720000, 0.670000, 0.560000), (0.720000, 0.670000, 0.560000),
            (0.720000, 0.670000, 0.560000), (0.720000, 0.670000, 0.560000), (0.720000, 0.670000, 0.560000), (0.720000, 0.670000, 0.560000),
            (0.720000, 0.670000, 0.560000), (0.720000, 0.670000, 0.560000), (0.720000, 0.670000, 0.560000), (0.720000, 0.670000, 0.560000),
            (0.720000, 0.670000, 0.560000), (0.720000, 0.670000, 0.560000), (0.720000, 0.670000, 0.560000), (0.720000, 0.670000, 0.560000),
            (0.720000, 0.670000, 0.560000), (0.720000, 0.670000, 0.560000), (0.720000, 0.670000, 0.560000), (0.720000, 0.670000, 0.560000),
            (0.720000, 0.670000, 0.560000), (0.720000, 0.670000, 0.560000), (0.720000, 0.670000, 0.560000), (0.720000, 0.670000, 0.560000),
            (0.720000, 0.670000, 0.560000), (0.720000, 0.670000, 0.560000), (0.720000, 0.670000, 0.560000), (0.720000, 0.670000, 0.560000),
            (0.720000, 0.670000, 0.560000), (0.720000, 0.670000, 0.560000), (0.720000, 0.670000, 0.560000), (0.720000, 0.670000, 0.560000),
            (0.720000, 0.670000, 0.560000), (0.720000, 0.670000, 0.560000), (0.720000, 0.670000, 0.560000), (0.720000, 0.670000, 0.560000),
            (0.720000, 0.670000, 0.560000), (0.720000, 0.670000, 0.560000), (0.720000, 0.670000, 0.560000), (0.720000, 0.670000, 0.560000),
            (0.720000, 0.670000, 0.560000), (0.720000, 0.670000, 0.560000), (0.720000, 0.670000, 0.560000), (0.720000, 0.670000, 0.560000),
            (0.720000, 0.670000, 0.560000), (0.720000, 0.670000, 0.560000), (0.720000, 0.670000, 0.560000), (0.720000, 0.670000, 0.560000),
            (0.720000, 0.670000, 0.560000), (0.720000, 0.670000, 0.560000), (0.720000, 0.670000, 0.560000), (0.720000, 0.670000, 0.560000),
            (0.720000, 0.670000, 0.560000), (0.720000, 0.670000, 0.560000), (0.720000, 0.670000, 0.560000), (0.720000, 0.670000, 0.560000),
            (0.720000, 0.670000, 0.560000), (0.720000, 0.670000, 0.560000), (0.720000, 0.670000, 0.560000), (0.720000, 0.670000, 0.560000),
            (0.720000, 0.670000, 0.560000), (0.720000, 0.670000, 0.560000), (0.720000, 0.670000, 0.560000), (0.720000, 0.670000, 0.560000),
            (0.720000, 0.670000, 0.560000), (0.720000, 0.670000, 0.560000), (0.720000, 0.670000, 0.560000), (0.720000, 0.670000, 0.560000),
            (0.720000, 0.670000, 0.560000), (0.720000, 0.670000, 0.560000), (0.720000, 0.670000, 0.560000), (0.720000, 0.670000, 0.560000),
            (0.720000, 0.670000, 0.560000), (0.720000, 0.670000, 0.560000), (0.720000, 0.670000, 0.560000), (0.720000, 0.670000, 0.560000),
            (0.720000, 0.670000, 0.560000), (0.720000, 0.670000, 0.560000), (0.720000, 0.670000, 0.560000), (0.720000, 0.670000, 0.560000),
            (0.720000, 0.670000, 0.560000), (0.720000, 0.670000, 0.560000), (0.720000, 0.670000, 0.560000), (0.720000, 0.670000, 0.560000),
            (0.720000, 0.670000, 0.560000), (0.720000, 0.670000, 0.560000), (0.720000, 0.670000, 0.560000), (0.720000, 0.670000, 0.560000),
            (0.720000, 0.670000, 0.560000), (0.720000, 0.670000, 0.560000), (0.720000, 0.670000, 0.560000), (0.720000, 0.670000, 0.560000),
            (0.720000, 0.670000, 0.560000), (0.720000, 0.670000, 0.560000), (0.720000, 0.670000, 0.560000), (0.720000, 0.670000, 0.560000),
            (0.720000, 0.670000, 0.560000), (0.720000, 0.670000, 0.560000), (0.720000, 0.670000, 0.560000), (0.720000, 0.670000, 0.560000),
            (0.720000, 0.670000, 0.560000), (0.720000, 0.670000, 0.560000), (0.720000, 0.670000, 0.560000), (0.720000, 0.670000, 0.560000),
            (0.720000, 0.670000, 0.560000), (0.720000, 0.670000, 0.560000), (0.720000, 0.670000, 0.560000), (0.720000, 0.670000, 0.560000),
            (0.720000, 0.670000, 0.560000), (0.720000, 0.670000, 0.560000), (0.720000, 0.670000, 0.560000), (0.720000, 0.670000, 0.560000),
            (0.720000, 0.670000, 0.560000), (0.720000, 0.670000, 0.560000), (0.720000, 0.670000, 0.560000), (0.720000, 0.670000, 0.560000),
            (0.720000, 0.670000, 0.560000), (0.720000, 0.670000, 0.560000), (0.720000, 0.670000, 0.560000), (0.720000, 0.670000, 0.560000),
            (0.720000, 0.670000, 0.560000), (0.720000, 0.670000, 0.560000), (0.720000, 0.670000, 0.560000), (0.720000, 0.670000, 0.560000),
            (0.720000, 0.670000, 0.560000), (0.720000, 0.670000, 0.560000), (0.720000, 0.670000, 0.560000), (0.720000, 0.670000, 0.560000),
            (0.720000, 0.670000, 0.560000), (0.720000, 0.670000, 0.560000), (0.720000, 0.670000, 0.560000), (0.720000, 0.670000, 0.560000),
            (0.720000, 0.670000, 0.560000), (0.860000, 0.830000, 0.740000), (0.860000, 0.830000, 0.740000), (0.860000, 0.830000, 0.740000),
            (0.860000, 0.830000, 0.740000), (0.860000, 0.830000, 0.740000), (0.860000, 0.830000, 0.740000), (0.860000, 0.830000, 0.740000),
            (0.860000, 0.830000, 0.740000), (0.860000, 0.830000, 0.740000), (0.860000, 0.830000, 0.740000), (0.860000, 0.830000, 0.740000),
            (0.860000, 0.830000, 0.740000), (0.860000, 0.830000, 0.740000), (0.860000, 0.830000, 0.740000), (0.860000, 0.830000, 0.740000),
            (0.860000, 0.830000, 0.740000), (0.860000, 0.830000, 0.740000), (0.860000, 0.830000, 0.740000), (0.860000, 0.830000, 0.740000),
            (0.860000, 0.830000, 0.740000), (0.860000, 0.830000, 0.740000), (0.860000, 0.830000, 0.740000), (0.860000, 0.830000, 0.740000),
            (0.860000, 0.830000, 0.740000), (0.860000, 0.830000, 0.740000), (0.860000, 0.830000, 0.740000), (0.860000, 0.830000, 0.740000),
            (0.860000, 0.830000, 0.740000), (0.860000, 0.830000, 0.740000), (0.860000, 0.830000, 0.740000), (0.860000, 0.830000, 0.740000),
            (0.860000, 0.830000, 0.740000), (0.860000, 0.830000, 0.740000), (0.860000, 0.830000, 0.740000), (0.860000, 0.830000, 0.740000),
            (0.860000, 0.830000, 0.740000), (0.860000, 0.830000, 0.740000), (0.860000, 0.830000, 0.740000), (0.860000, 0.830000, 0.740000),
            (0.860000, 0.830000, 0.740000), (0.860000, 0.830000, 0.740000), (0.860000, 0.830000, 0.740000), (0.860000, 0.830000, 0.740000),
            (0.860000, 0.830000, 0.740000), (0.860000, 0.830000, 0.740000), (0.860000, 0.830000, 0.740000), (0.860000, 0.830000, 0.740000),
            (0.860000, 0.830000, 0.740000), (0.860000, 0.830000, 0.740000), (0.860000, 0.830000, 0.740000), (0.860000, 0.830000, 0.740000),
            (0.860000, 0.830000, 0.740000), (0.860000, 0.830000, 0.740000), (0.860000, 0.830000, 0.740000), (0.860000, 0.830000, 0.740000),
            (0.860000, 0.830000, 0.740000), (0.860000, 0.830000, 0.740000), (0.860000, 0.830000, 0.740000), (0.860000, 0.830000, 0.740000),
            (0.860000, 0.830000, 0.740000), (0.860000, 0.830000, 0.740000), (0.860000, 0.830000, 0.740000), (0.860000, 0.830000, 0.740000),
            (0.860000, 0.830000, 0.740000), (0.860000, 0.830000, 0.740000), (0.860000, 0.830000, 0.740000), (0.720000, 0.670000, 0.560000),
            (0.720000, 0.670000, 0.560000), (0.720000, 0.670000, 0.560000), (0.720000, 0.670000, 0.560000), (0.720000, 0.670000, 0.560000),
            (0.720000, 0.670000, 0.560000), (0.720000, 0.670000, 0.560000), (0.720000, 0.670000, 0.560000), (0.720000, 0.670000, 0.560000),
            (0.720000, 0.670000, 0.560000), (0.860000, 0.830000, 0.740000), (0.860000, 0.830000, 0.740000), (0.860000, 0.830000, 0.740000),
            (0.860000, 0.830000, 0.740000), (0.860000, 0.830000, 0.740000), (0.860000, 0.830000, 0.740000), (0.860000, 0.830000, 0.740000),
            (0.860000, 0.830000, 0.740000), (0.860000, 0.830000, 0.740000), (0.860000, 0.830000, 0.740000), (0.860000, 0.830000, 0.740000),
            (0.860000, 0.830000, 0.740000), (0.860000, 0.830000, 0.740000), (0.860000, 0.830000, 0.740000), (0.860000, 0.830000, 0.740000),
            (0.860000, 0.830000, 0.740000), (0.860000, 0.830000, 0.740000), (0.860000, 0.830000, 0.740000), (0.860000, 0.830000, 0.740000),
            (0.860000, 0.830000, 0.740000), (0.860000, 0.830000, 0.740000), (0.860000, 0.830000, 0.740000), (0.860000, 0.830000, 0.740000),
            (0.860000, 0.830000, 0.740000), (0.860000, 0.830000, 0.740000), (0.860000, 0.830000, 0.740000), (0.860000, 0.830000, 0.740000),
            (0.860000, 0.830000, 0.740000), (0.860000, 0.830000, 0.740000), (0.860000, 0.830000, 0.740000), (0.860000, 0.830000, 0.740000),
            (0.860000, 0.830000, 0.740000), (0.860000, 0.830000, 0.740000), (0.860000, 0.830000, 0.740000), (0.860000, 0.830000, 0.740000),
            (0.860000, 0.830000, 0.740000), (0.860000, 0.830000, 0.740000), (0.860000, 0.830000, 0.740000), (0.860000, 0.830000, 0.740000),
            (0.860000, 0.830000, 0.740000), (0.860000, 0.830000, 0.740000), (0.860000, 0.830000, 0.740000), (0.860000, 0.830000, 0.740000),
            (0.860000, 0.830000, 0.740000), (0.860000, 0.830000, 0.740000), (0.860000, 0.830000, 0.740000), (0.860000, 0.830000, 0.740000),
            (0.860000, 0.830000, 0.740000), (0.860000, 0.830000, 0.740000), (0.860000, 0.830000, 0.740000), (0.860000, 0.830000, 0.740000),
            (0.860000, 0.830000, 0.740000), (0.860000, 0.830000, 0.740000), (0.860000, 0.830000, 0.740000), (0.860000, 0.830000, 0.740000),
            (0.860000, 0.830000, 0.740000), (0.860000, 0.830000, 0.740000), (0.860000, 0.830000, 0.740000), (0.860000, 0.830000, 0.740000),
            (0.860000, 0.830000, 0.740000), (0.860000, 0.830000, 0.740000), (0.860000, 0.830000, 0.740000), (0.860000, 0.830000, 0.740000),
            (0.860000, 0.830000, 0.740000), (0.860000, 0.830000, 0.740000), (0.860000, 0.830000, 0.740000), (0.720000, 0.670000, 0.560000),
            (0.720000, 0.670000, 0.560000), (0.720000, 0.670000, 0.560000), (0.720000, 0.670000, 0.560000), (0.720000, 0.670000, 0.560000),
            (0.720000, 0.670000, 0.560000), (0.720000, 0.670000, 0.560000), (0.720000, 0.670000, 0.560000), (0.720000, 0.670000, 0.560000),
            (0.720000, 0.670000, 0.560000), (0.860000, 0.830000, 0.740000), (0.860000, 0.830000, 0.740000), (0.860000, 0.830000, 0.740000),
            (0.860000, 0.830000, 0.740000), (0.860000, 0.830000, 0.740000), (0.860000, 0.830000, 0.740000), (0.860000, 0.830000, 0.740000),
            (0.860000, 0.830000, 0.740000), (0.860000, 0.830000, 0.740000), (0.860000, 0.830000, 0.740000), (0.860000, 0.830000, 0.740000),
            (0.860000, 0.830000, 0.740000), (0.860000, 0.830000, 0.740000), (0.860000, 0.830000, 0.740000), (0.860000, 0.830000, 0.740000),
            (0.860000, 0.830000, 0.740000), (0.860000, 0.830000, 0.740000), (0.860000, 0.830000, 0.740000), (0.860000, 0.830000, 0.740000),
            (0.860000, 0.830000, 0.740000), (0.860000, 0.830000, 0.740000), (0.860000, 0.830000, 0.740000), (0.860000, 0.830000, 0.740000),
            (0.860000, 0.830000, 0.740000), (0.860000, 0.830000, 0.740000), (0.860000, 0.830000, 0.740000), (0.860000, 0.830000, 0.740000),
            (0.860000, 0.830000, 0.740000), (0.860000, 0.830000, 0.740000), (0.860000, 0.830000, 0.740000), (0.860000, 0.830000, 0.740000),
            (0.860000, 0.830000, 0.740000), (0.860000, 0.830000, 0.740000), (0.860000, 0.830000, 0.740000), (0.860000, 0.830000, 0.740000),
            (0.860000, 0.830000, 0.740000), (0.860000, 0.830000, 0.740000), (0.860000, 0.830000, 0.740000), (0.860000, 0.830000, 0.740000),
            (0.860000, 0.830000, 0.740000), (0.860000, 0.830000, 0.740000), (0.860000, 0.830000, 0.740000), (0.860000, 0.830000, 0.740000),
            (0.860000, 0.830000, 0.740000), (0.860000, 0.830000, 0.740000), (0.860000, 0.830000, 0.740000), (0.860000, 0.830000, 0.740000),
            (0.860000, 0.830000, 0.740000), (0.860000, 0.830000, 0.740000), (0.860000, 0.830000, 0.740000), (0.860000, 0.830000, 0.740000),
            (0.860000, 0.830000, 0.740000), (0.860000, 0.830000, 0.740000), (0.860000, 0.830000, 0.740000), (0.860000, 0.830000, 0.740000),
            (0.860000, 0.830000, 0.740000), (0.860000, 0.830000, 0.740000), (0.860000, 0.830000, 0.740000), (0.860000, 0.830000, 0.740000),
            (0.860000, 0.830000, 0.740000), (0.860000, 0.830000, 0.740000), (0.860000, 0.830000, 0.740000), (0.860000, 0.830000, 0.740000),
            (0.860000, 0.830000, 0.740000), (0.860000, 0.830000, 0.740000), (0.860000, 0.830000, 0.740000), (0.720000, 0.670000, 0.560000),
            (0.720000, 0.670000, 0.560000), (0.720000, 0.670000, 0.560000), (0.720000, 0.670000, 0.560000), (0.720000, 0.670000, 0.560000),
            (0.720000, 0.670000, 0.560000), (0.720000, 0.670000, 0.560000), (0.720000, 0.670000, 0.560000), (0.720000, 0.670000, 0.560000),
            (0.720000, 0.670000, 0.560000), (0.860000, 0.830000, 0.740000), (0.860000, 0.830000, 0.740000), (0.860000, 0.830000, 0.740000),
            (0.860000, 0.830000, 0.740000), (0.860000, 0.830000, 0.740000), (0.860000, 0.830000, 0.740000), (0.860000, 0.830000, 0.740000),
            (0.860000, 0.830000, 0.740000), (0.860000, 0.830000, 0.740000), (0.860000, 0.830000, 0.740000), (0.860000, 0.830000, 0.740000),
            (0.860000, 0.830000, 0.740000), (0.860000, 0.830000, 0.740000), (0.860000, 0.830000, 0.740000), (0.860000, 0.830000, 0.740000),
            (0.860000, 0.830000, 0.740000), (0.860000, 0.830000, 0.740000), (0.860000, 0.830000, 0.740000), (0.860000, 0.830000, 0.740000),
            (0.860000, 0.830000, 0.740000), (0.860000, 0.830000, 0.740000), (0.860000, 0.830000, 0.740000), (0.860000, 0.830000, 0.740000),
            (0.860000, 0.830000, 0.740000), (0.860000, 0.830000, 0.740000), (0.860000, 0.830000, 0.740000), (0.860000, 0.830000, 0.740000),
            (0.860000, 0.830000, 0.740000), (0.860000, 0.830000, 0.740000), (0.860000, 0.830000, 0.740000), (0.860000, 0.830000, 0.740000),
            (0.860000, 0.830000, 0.740000), (0.860000, 0.830000, 0.740000), (0.860000, 0.830000, 0.740000), (0.860000, 0.830000, 0.740000),
            (0.860000, 0.830000, 0.740000), (0.860000, 0.830000, 0.740000), (0.860000, 0.830000, 0.740000), (0.860000, 0.830000, 0.740000),
            (0.860000, 0.830000, 0.740000), (0.860000, 0.830000, 0.740000), (0.860000, 0.830000, 0.740000), (0.860000, 0.830000, 0.740000),
            (0.860000, 0.830000, 0.740000), (0.860000, 0.830000, 0.740000), (0.860000, 0.830000, 0.740000), (0.860000, 0.830000, 0.740000),
            (0.860000, 0.830000, 0.740000), (0.860000, 0.830000, 0.740000), (0.860000, 0.830000, 0.740000), (0.860000, 0.830000, 0.740000),
            (0.860000, 0.830000, 0.740000), (0.860000, 0.830000, 0.740000), (0.860000, 0.830000, 0.740000), (0.860000, 0.830000, 0.740000),
            (0.860000, 0.830000, 0.740000), (0.860000, 0.830000, 0.740000), (0.860000, 0.830000, 0.740000), (0.860000, 0.830000, 0.740000),
            (0.860000, 0.830000, 0.740000), (0.860000, 0.830000, 0.740000), (0.860000, 0.830000, 0.740000), (0.860000, 0.830000, 0.740000),
            (0.860000, 0.830000, 0.740000), (0.860000, 0.830000, 0.740000), (0.860000, 0.830000, 0.740000), (0.720000, 0.670000, 0.560000),
            (0.720000, 0.670000, 0.560000), (0.720000, 0.670000, 0.560000), (0.720000, 0.670000, 0.560000), (0.720000, 0.670000, 0.560000),
            (0.720000, 0.670000, 0.560000), (0.720000, 0.670000, 0.560000), (0.720000, 0.670000, 0.560000), (0.720000, 0.670000, 0.560000),
            (0.720000, 0.670000, 0.560000), (0.860000, 0.830000, 0.740000), (0.860000, 0.830000, 0.740000), (0.860000, 0.830000, 0.740000),
            (0.860000, 0.830000, 0.740000), (0.860000, 0.830000, 0.740000), (0.860000, 0.830000, 0.740000), (0.860000, 0.830000, 0.740000),
            (0.860000, 0.830000, 0.740000), (0.860000, 0.830000, 0.740000), (0.860000, 0.830000, 0.740000), (0.860000, 0.830000, 0.740000),
            (0.860000, 0.830000, 0.740000), (0.860000, 0.830000, 0.740000), (0.860000, 0.830000, 0.740000), (0.860000, 0.830000, 0.740000),
            (0.860000, 0.830000, 0.740000), (0.860000, 0.830000, 0.740000), (0.860000, 0.830000, 0.740000), (0.860000, 0.830000, 0.740000),
            (0.860000, 0.830000, 0.740000), (0.860000, 0.830000, 0.740000), (0.860000, 0.830000, 0.740000), (0.860000, 0.830000, 0.740000),
            (0.860000, 0.830000, 0.740000), (0.860000, 0.830000, 0.740000), (0.860000, 0.830000, 0.740000), (0.860000, 0.830000, 0.740000),
            (0.860000, 0.830000, 0.740000), (0.860000, 0.830000, 0.740000), (0.860000, 0.830000, 0.740000), (0.860000, 0.830000, 0.740000),
            (0.860000, 0.830000, 0.740000), (0.860000, 0.830000, 0.740000), (0.860000, 0.830000, 0.740000), (0.860000, 0.830000, 0.740000),
            (0.860000, 0.830000, 0.740000), (0.860000, 0.830000, 0.740000), (0.860000, 0.830000, 0.740000), (0.860000, 0.830000, 0.740000),
            (0.860000, 0.830000, 0.740000), (0.860000, 0.830000, 0.740000), (0.860000, 0.830000, 0.740000), (0.860000, 0.830000, 0.740000),
            (0.860000, 0.830000, 0.740000), (0.860000, 0.830000, 0.740000), (0.860000, 0.830000, 0.740000), (0.860000, 0.830000, 0.740000),
            (0.860000, 0.830000, 0.740000), (0.860000, 0.830000, 0.740000), (0.860000, 0.830000, 0.740000), (0.860000, 0.830000, 0.740000),
            (0.860000, 0.830000, 0.740000), (0.860000, 0.830000, 0.740000), (0.860000, 0.830000, 0.740000), (0.860000, 0.830000, 0.740000),
            (0.860000, 0.830000, 0.740000), (0.860000, 0.830000, 0.740000), (0.860000, 0.830000, 0.740000), (0.860000, 0.830000, 0.740000),
            (0.860000, 0.830000, 0.740000), (0.860000, 0.830000, 0.740000), (0.860000, 0.830000, 0.740000), (0.860000, 0.830000, 0.740000),
            (0.860000, 0.830000, 0.740000), (0.860000, 0.830000, 0.740000), (0.860000, 0.830000, 0.740000), (0.720000, 0.670000, 0.560000),
            (0.720000, 0.670000, 0.560000), (0.720000, 0.670000, 0.560000), (0.720000, 0.670000, 0.560000), (0.720000, 0.670000, 0.560000),
            (0.720000, 0.670000, 0.560000), (0.720000, 0.670000, 0.560000), (0.720000, 0.670000, 0.560000), (0.720000, 0.670000, 0.560000),
            (0.720000, 0.670000, 0.560000), (0.860000, 0.830000, 0.740000), (0.860000, 0.830000, 0.740000), (0.860000, 0.830000, 0.740000),
            (0.860000, 0.830000, 0.740000), (0.860000, 0.830000, 0.740000), (0.860000, 0.830000, 0.740000), (0.860000, 0.830000, 0.740000),
            (0.860000, 0.830000, 0.740000), (0.860000, 0.830000, 0.740000), (0.860000, 0.830000, 0.740000), (0.860000, 0.830000, 0.740000),
            (0.860000, 0.830000, 0.740000), (0.860000, 0.830000, 0.740000), (0.860000, 0.830000, 0.740000), (0.860000, 0.830000, 0.740000),
            (0.860000, 0.830000, 0.740000), (0.860000, 0.830000, 0.740000), (0.860000, 0.830000, 0.740000), (0.860000, 0.830000, 0.740000),
            (0.860000, 0.830000, 0.740000), (0.860000, 0.830000, 0.740000), (0.860000, 0.830000, 0.740000), (0.860000, 0.830000, 0.740000),
            (0.860000, 0.830000, 0.740000), (0.860000, 0.830000, 0.740000), (0.860000, 0.830000, 0.740000), (0.860000, 0.830000, 0.740000),
            (0.860000, 0.830000, 0.740000), (0.860000, 0.830000, 0.740000), (0.860000, 0.830000, 0.740000), (0.860000, 0.830000, 0.740000),
            (0.860000, 0.830000, 0.740000), (0.860000, 0.830000, 0.740000), (0.860000, 0.830000, 0.740000), (0.860000, 0.830000, 0.740000),
            (0.860000, 0.830000, 0.740000), (0.860000, 0.830000, 0.740000), (0.860000, 0.830000, 0.740000), (0.860000, 0.830000, 0.740000),
            (0.860000, 0.830000, 0.740000), (0.860000, 0.830000, 0.740000), (0.860000, 0.830000, 0.740000), (0.860000, 0.830000, 0.740000),
            (0.860000, 0.830000, 0.740000), (0.860000, 0.830000, 0.740000), (0.860000, 0.830000, 0.740000), (0.860000, 0.830000, 0.740000),
            (0.860000, 0.830000, 0.740000), (0.860000, 0.830000, 0.740000), (0.860000, 0.830000, 0.740000), (0.860000, 0.830000, 0.740000),
            (0.860000, 0.830000, 0.740000), (0.860000, 0.830000, 0.740000), (0.860000, 0.830000, 0.740000), (0.860000, 0.830000, 0.740000),
            (0.860000, 0.830000, 0.740000), (0.860000, 0.830000, 0.740000), (0.860000, 0.830000, 0.740000), (0.860000, 0.830000, 0.740000),
            (0.860000, 0.830000, 0.740000), (0.860000, 0.830000, 0.740000), (0.860000, 0.830000, 0.740000), (0.860000, 0.830000, 0.740000),
            (0.860000, 0.830000, 0.740000), (0.860000, 0.830000, 0.740000), (0.860000, 0.830000, 0.740000), (0.720000, 0.670000, 0.560000),
            (0.720000, 0.670000, 0.560000), (0.720000, 0.670000, 0.560000), (0.720000, 0.670000, 0.560000), (0.720000, 0.670000, 0.560000),
            (0.720000, 0.670000, 0.560000), (0.720000, 0.670000, 0.560000), (0.720000, 0.670000, 0.560000), (0.720000, 0.670000, 0.560000),
            (0.720000, 0.670000, 0.560000), (0.860000, 0.830000, 0.740000), (0.860000, 0.830000, 0.740000), (0.860000, 0.830000, 0.740000),
            (0.860000, 0.830000, 0.740000), (0.860000, 0.830000, 0.740000), (0.860000, 0.830000, 0.740000), (0.860000, 0.830000, 0.740000),
            (0.860000, 0.830000, 0.740000), (0.860000, 0.830000, 0.740000), (0.860000, 0.830000, 0.740000), (0.860000, 0.830000, 0.740000),
            (0.860000, 0.830000, 0.740000), (0.860000, 0.830000, 0.740000), (0.860000, 0.830000, 0.740000), (0.860000, 0.830000, 0.740000),
            (0.860000, 0.830000, 0.740000), (0.860000, 0.830000, 0.740000), (0.860000, 0.830000, 0.740000), (0.860000, 0.830000, 0.740000),
            (0.860000, 0.830000, 0.740000), (0.860000, 0.830000, 0.740000), (0.860000, 0.830000, 0.740000), (0.860000, 0.830000, 0.740000),
            (0.860000, 0.830000, 0.740000), (0.860000, 0.830000, 0.740000), (0.860000, 0.830000, 0.740000), (0.860000, 0.830000, 0.740000),
            (0.860000, 0.830000, 0.740000), (0.860000, 0.830000, 0.740000), (0.860000, 0.830000, 0.740000), (0.860000, 0.830000, 0.740000),
            (0.860000, 0.830000, 0.740000), (0.860000, 0.830000, 0.740000), (0.860000, 0.830000, 0.740000), (0.860000, 0.830000, 0.740000),
            (0.860000, 0.830000, 0.740000), (0.860000, 0.830000, 0.740000), (0.860000, 0.830000, 0.740000), (0.860000, 0.830000, 0.740000),
            (0.860000, 0.830000, 0.740000), (0.860000, 0.830000, 0.740000), (0.860000, 0.830000, 0.740000), (0.860000, 0.830000, 0.740000),
            (0.860000, 0.830000, 0.740000), (0.860000, 0.830000, 0.740000), (0.860000, 0.830000, 0.740000), (0.860000, 0.830000, 0.740000),
            (0.860000, 0.830000, 0.740000), (0.860000, 0.830000, 0.740000), (0.860000, 0.830000, 0.740000), (0.860000, 0.830000, 0.740000),
            (0.860000, 0.830000, 0.740000), (0.860000, 0.830000, 0.740000), (0.860000, 0.830000, 0.740000), (0.860000, 0.830000, 0.740000),
            (0.860000, 0.830000, 0.740000), (0.860000, 0.830000, 0.740000), (0.860000, 0.830000, 0.740000), (0.860000, 0.830000, 0.740000),
            (0.860000, 0.830000, 0.740000), (0.860000, 0.830000, 0.740000), (0.860000, 0.830000, 0.740000), (0.860000, 0.830000, 0.740000),
            (0.860000, 0.830000, 0.740000), (0.860000, 0.830000, 0.740000), (0.860000, 0.830000, 0.740000), (0.720000, 0.670000, 0.560000),
            (0.720000, 0.670000, 0.560000), (0.720000, 0.670000, 0.560000), (0.720000, 0.670000, 0.560000), (0.720000, 0.670000, 0.560000),
            (0.720000, 0.670000, 0.560000), (0.720000, 0.670000, 0.560000), (0.720000, 0.670000, 0.560000), (0.720000, 0.670000, 0.560000),
            (0.720000, 0.670000, 0.560000), (0.860000, 0.830000, 0.740000), (0.860000, 0.830000, 0.740000), (0.860000, 0.830000, 0.740000),
            (0.860000, 0.830000, 0.740000), (0.860000, 0.830000, 0.740000), (0.860000, 0.830000, 0.740000), (0.860000, 0.830000, 0.740000),
            (0.860000, 0.830000, 0.740000), (0.860000, 0.830000, 0.740000), (0.860000, 0.830000, 0.740000), (0.860000, 0.830000, 0.740000),
            (0.860000, 0.830000, 0.740000), (0.860000, 0.830000, 0.740000), (0.860000, 0.830000, 0.740000), (0.860000, 0.830000, 0.740000),
            (0.860000, 0.830000, 0.740000), (0.860000, 0.830000, 0.740000), (0.860000, 0.830000, 0.740000), (0.860000, 0.830000, 0.740000),
            (0.860000, 0.830000, 0.740000), (0.860000, 0.830000, 0.740000), (0.860000, 0.830000, 0.740000), (0.860000, 0.830000, 0.740000),
            (0.860000, 0.830000, 0.740000), (0.860000, 0.830000, 0.740000), (0.860000, 0.830000, 0.740000), (0.860000, 0.830000, 0.740000),
            (0.860000, 0.830000, 0.740000), (0.860000, 0.830000, 0.740000), (0.860000, 0.830000, 0.740000), (0.860000, 0.830000, 0.740000),
            (0.860000, 0.830000, 0.740000), (0.860000, 0.830000, 0.740000), (0.860000, 0.830000, 0.740000), (0.860000, 0.830000, 0.740000),
            (0.860000, 0.830000, 0.740000), (0.860000, 0.830000, 0.740000), (0.860000, 0.830000, 0.740000), (0.860000, 0.830000, 0.740000),
            (0.860000, 0.830000, 0.740000), (0.860000, 0.830000, 0.740000), (0.860000, 0.830000, 0.740000), (0.860000, 0.830000, 0.740000),
            (0.860000, 0.830000, 0.740000), (0.860000, 0.830000, 0.740000), (0.860000, 0.830000, 0.740000), (0.860000, 0.830000, 0.740000),
            (0.860000, 0.830000, 0.740000), (0.860000, 0.830000, 0.740000), (0.860000, 0.830000, 0.740000), (0.860000, 0.830000, 0.740000),
            (0.860000, 0.830000, 0.740000), (0.860000, 0.830000, 0.740000), (0.860000, 0.830000, 0.740000), (0.860000, 0.830000, 0.740000),
            (0.860000, 0.830000, 0.740000), (0.860000, 0.830000, 0.740000), (0.860000, 0.830000, 0.740000), (0.860000, 0.830000, 0.740000),
            (0.860000, 0.830000, 0.740000), (0.860000, 0.830000, 0.740000), (0.860000, 0.830000, 0.740000), (0.860000, 0.830000, 0.740000),
            (0.860000, 0.830000, 0.740000), (0.860000, 0.830000, 0.740000), (0.860000, 0.830000, 0.740000), (0.720000, 0.670000, 0.560000),
            (0.720000, 0.670000, 0.560000), (0.720000, 0.670000, 0.560000), (0.720000, 0.670000, 0.560000), (0.720000, 0.670000, 0.560000),
            (0.720000, 0.670000, 0.560000), (0.720000, 0.670000, 0.560000), (0.720000, 0.670000, 0.560000), (0.720000, 0.670000, 0.560000),
            (0.720000, 0.670000, 0.560000), (0.860000, 0.830000, 0.740000), (0.860000, 0.830000, 0.740000), (0.860000, 0.830000, 0.740000),
            (0.860000, 0.830000, 0.740000), (0.860000, 0.830000, 0.740000), (0.860000, 0.830000, 0.740000), (0.860000, 0.830000, 0.740000),
            (0.860000, 0.830000, 0.740000), (0.860000, 0.830000, 0.740000), (0.860000, 0.830000, 0.740000), (0.860000, 0.830000, 0.740000),
            (0.860000, 0.830000, 0.740000), (0.860000, 0.830000, 0.740000), (0.860000, 0.830000, 0.740000), (0.860000, 0.830000, 0.740000),
            (0.860000, 0.830000, 0.740000), (0.860000, 0.830000, 0.740000), (0.860000, 0.830000, 0.740000), (0.860000, 0.830000, 0.740000),
            (0.860000, 0.830000, 0.740000), (0.860000, 0.830000, 0.740000), (0.860000, 0.830000, 0.740000), (0.860000, 0.830000, 0.740000),
            (0.860000, 0.830000, 0.740000), (0.860000, 0.830000, 0.740000), (0.860000, 0.830000, 0.740000), (0.860000, 0.830000, 0.740000),
            (0.860000, 0.830000, 0.740000), (0.860000, 0.830000, 0.740000), (0.860000, 0.830000, 0.740000), (0.860000, 0.830000, 0.740000),
            (0.860000, 0.830000, 0.740000), (0.860000, 0.830000, 0.740000), (0.860000, 0.830000, 0.740000), (0.860000, 0.830000, 0.740000),
            (0.860000, 0.830000, 0.740000), (0.860000, 0.830000, 0.740000), (0.860000, 0.830000, 0.740000), (0.860000, 0.830000, 0.740000),
            (0.860000, 0.830000, 0.740000), (0.860000, 0.830000, 0.740000), (0.860000, 0.830000, 0.740000), (0.860000, 0.830000, 0.740000),
            (0.860000, 0.830000, 0.740000), (0.860000, 0.830000, 0.740000), (0.860000, 0.830000, 0.740000), (0.860000, 0.830000, 0.740000),
            (0.860000, 0.830000, 0.740000), (0.860000, 0.830000, 0.740000), (0.860000, 0.830000, 0.740000), (0.860000, 0.830000, 0.740000),
            (0.860000, 0.830000, 0.740000), (0.860000, 0.830000, 0.740000), (0.860000, 0.830000, 0.740000), (0.860000, 0.830000, 0.740000),
            (0.860000, 0.830000, 0.740000), (0.860000, 0.830000, 0.740000), (0.860000, 0.830000, 0.740000), (0.860000, 0.830000, 0.740000),
            (0.860000, 0.830000, 0.740000), (0.860000, 0.830000, 0.740000), (0.860000, 0.830000, 0.740000), (0.860000, 0.830000, 0.740000),
            (0.860000, 0.830000, 0.740000), (0.860000, 0.830000, 0.740000), (0.860000, 0.830000, 0.740000), (0.720000, 0.670000, 0.560000),
            (0.720000, 0.670000, 0.560000), (0.720000, 0.670000, 0.560000), (0.720000, 0.670000, 0.560000), (0.720000, 0.670000, 0.560000),
            (0.720000, 0.670000, 0.560000), (0.720000, 0.670000, 0.560000), (0.720000, 0.670000, 0.560000), (0.720000, 0.670000, 0.560000),
            (0.720000, 0.670000, 0.560000), (0.860000, 0.830000, 0.740000), (0.860000, 0.830000, 0.740000), (0.860000, 0.830000, 0.740000),
            (0.860000, 0.830000, 0.740000), (0.860000, 0.830000, 0.740000), (0.860000, 0.830000, 0.740000), (0.860000, 0.830000, 0.740000),
            (0.860000, 0.830000, 0.740000), (0.860000, 0.830000, 0.740000), (0.860000, 0.830000, 0.740000), (0.860000, 0.830000, 0.740000),
            (0.860000, 0.830000, 0.740000), (0.860000, 0.830000, 0.740000), (0.860000, 0.830000, 0.740000), (0.860000, 0.830000, 0.740000),
            (0.860000, 0.830000, 0.740000), (0.860000, 0.830000, 0.740000), (0.860000, 0.830000, 0.740000), (0.860000, 0.830000, 0.740000),
            (0.860000, 0.830000, 0.740000), (0.860000, 0.830000, 0.740000), (0.860000, 0.830000, 0.740000), (0.860000, 0.830000, 0.740000),
            (0.860000, 0.830000, 0.740000), (0.860000, 0.830000, 0.740000), (0.860000, 0.830000, 0.740000), (0.860000, 0.830000, 0.740000),
            (0.860000, 0.830000, 0.740000), (0.860000, 0.830000, 0.740000), (0.860000, 0.830000, 0.740000), (0.860000, 0.830000, 0.740000),
            (0.860000, 0.830000, 0.740000), (0.860000, 0.830000, 0.740000), (0.860000, 0.830000, 0.740000), (0.860000, 0.830000, 0.740000),
            (0.860000, 0.830000, 0.740000), (0.860000, 0.830000, 0.740000), (0.860000, 0.830000, 0.740000), (0.860000, 0.830000, 0.740000),
            (0.860000, 0.830000, 0.740000), (0.860000, 0.830000, 0.740000), (0.860000, 0.830000, 0.740000), (0.860000, 0.830000, 0.740000),
            (0.860000, 0.830000, 0.740000), (0.860000, 0.830000, 0.740000), (0.860000, 0.830000, 0.740000), (0.860000, 0.830000, 0.740000),
            (0.860000, 0.830000, 0.740000), (0.860000, 0.830000, 0.740000), (0.860000, 0.830000, 0.740000), (0.860000, 0.830000, 0.740000),
            (0.860000, 0.830000, 0.740000), (0.860000, 0.830000, 0.740000), (0.860000, 0.830000, 0.740000), (0.860000, 0.830000, 0.740000),
            (0.860000, 0.830000, 0.740000), (0.860000, 0.830000, 0.740000), (0.860000, 0.830000, 0.740000), (0.860000, 0.830000, 0.740000),
            (0.860000, 0.830000, 0.740000), (0.860000, 0.830000, 0.740000), (0.860000, 0.830000, 0.740000), (0.860000, 0.830000, 0.740000),
            (0.860000, 0.830000, 0.740000), (0.860000, 0.830000, 0.740000), (0.860000, 0.830000, 0.740000), (0.720000, 0.670000, 0.560000),
            (0.720000, 0.670000, 0.560000), (0.720000, 0.670000, 0.560000), (0.720000, 0.670000, 0.560000), (0.720000, 0.670000, 0.560000),
            (0.720000, 0.670000, 0.560000), (0.720000, 0.670000, 0.560000), (0.720000, 0.670000, 0.560000), (0.720000, 0.670000, 0.560000),
            (0.720000, 0.670000, 0.560000), (0.860000, 0.830000, 0.740000), (0.860000, 0.830000, 0.740000), (0.860000, 0.830000, 0.740000),
            (0.860000, 0.830000, 0.740000), (0.860000, 0.830000, 0.740000), (0.860000, 0.830000, 0.740000), (0.860000, 0.830000, 0.740000),
            (0.860000, 0.830000, 0.740000), (0.860000, 0.830000, 0.740000), (0.860000, 0.830000, 0.740000), (0.860000, 0.830000, 0.740000),
            (0.860000, 0.830000, 0.740000), (0.860000, 0.830000, 0.740000), (0.860000, 0.830000, 0.740000), (0.860000, 0.830000, 0.740000),
            (0.860000, 0.830000, 0.740000), (0.860000, 0.830000, 0.740000), (0.860000, 0.830000, 0.740000), (0.860000, 0.830000, 0.740000),
            (0.860000, 0.830000, 0.740000), (0.860000, 0.830000, 0.740000), (0.860000, 0.830000, 0.740000), (0.860000, 0.830000, 0.740000),
            (0.860000, 0.830000, 0.740000), (0.860000, 0.830000, 0.740000), (0.860000, 0.830000, 0.740000), (0.860000, 0.830000, 0.740000),
            (0.860000, 0.830000, 0.740000), (0.860000, 0.830000, 0.740000), (0.860000, 0.830000, 0.740000), (0.860000, 0.830000, 0.740000),
            (0.860000, 0.830000, 0.740000), (0.860000, 0.830000, 0.740000), (0.860000, 0.830000, 0.740000), (0.860000, 0.830000, 0.740000),
            (0.860000, 0.830000, 0.740000), (0.860000, 0.830000, 0.740000), (0.860000, 0.830000, 0.740000), (0.860000, 0.830000, 0.740000),
            (0.860000, 0.830000, 0.740000), (0.860000, 0.830000, 0.740000), (0.860000, 0.830000, 0.740000), (0.860000, 0.830000, 0.740000),
            (0.860000, 0.830000, 0.740000), (0.860000, 0.830000, 0.740000), (0.860000, 0.830000, 0.740000), (0.860000, 0.830000, 0.740000),
            (0.860000, 0.830000, 0.740000), (0.860000, 0.830000, 0.740000), (0.860000, 0.830000, 0.740000), (0.860000, 0.830000, 0.740000),
            (0.860000, 0.830000, 0.740000), (0.860000, 0.830000, 0.740000), (0.860000, 0.830000, 0.740000), (0.860000, 0.830000, 0.740000),
            (0.860000, 0.830000, 0.740000), (0.860000, 0.830000, 0.740000), (0.860000, 0.830000, 0.740000), (0.860000, 0.830000, 0.740000),
            (0.860000, 0.830000, 0.740000), (0.860000, 0.830000, 0.740000), (0.860000, 0.830000, 0.740000), (0.860000, 0.830000, 0.740000),
            (0.860000, 0.830000, 0.740000), (0.860000, 0.830000, 0.740000), (0.860000, 0.830000, 0.740000), (0.720000, 0.670000, 0.560000),
            (0.720000, 0.670000, 0.560000), (0.720000, 0.670000, 0.560000), (0.720000, 0.670000, 0.560000), (0.720000, 0.670000, 0.560000),
            (0.720000, 0.670000, 0.560000), (0.720000, 0.670000, 0.560000), (0.720000, 0.670000, 0.560000), (0.720000, 0.670000, 0.560000),
            (0.720000, 0.670000, 0.560000), (0.860000, 0.830000, 0.740000), (0.860000, 0.830000, 0.740000), (0.860000, 0.830000, 0.740000),
            (0.860000, 0.830000, 0.740000), (0.860000, 0.830000, 0.740000), (0.860000, 0.830000, 0.740000), (0.860000, 0.830000, 0.740000),
            (0.860000, 0.830000, 0.740000), (0.860000, 0.830000, 0.740000), (0.860000, 0.830000, 0.740000), (0.860000, 0.830000, 0.740000),
            (0.860000, 0.830000, 0.740000), (0.860000, 0.830000, 0.740000), (0.860000, 0.830000, 0.740000), (0.860000, 0.830000, 0.740000),
            (0.860000, 0.830000, 0.740000), (0.860000, 0.830000, 0.740000), (0.860000, 0.830000, 0.740000), (0.860000, 0.830000, 0.740000),
            (0.860000, 0.830000, 0.740000), (0.860000, 0.830000, 0.740000), (0.860000, 0.830000, 0.740000), (0.860000, 0.830000, 0.740000),
            (0.860000, 0.830000, 0.740000), (0.860000, 0.830000, 0.740000), (0.860000, 0.830000, 0.740000), (0.860000, 0.830000, 0.740000),
            (0.860000, 0.830000, 0.740000), (0.860000, 0.830000, 0.740000), (0.860000, 0.830000, 0.740000), (0.860000, 0.830000, 0.740000),
            (0.860000, 0.830000, 0.740000), (0.860000, 0.830000, 0.740000), (0.860000, 0.830000, 0.740000), (0.860000, 0.830000, 0.740000),
            (0.860000, 0.830000, 0.740000), (0.860000, 0.830000, 0.740000), (0.860000, 0.830000, 0.740000), (0.860000, 0.830000, 0.740000),
            (0.860000, 0.830000, 0.740000), (0.860000, 0.830000, 0.740000), (0.860000, 0.830000, 0.740000), (0.860000, 0.830000, 0.740000),
            (0.860000, 0.830000, 0.740000), (0.860000, 0.830000, 0.740000), (0.860000, 0.830000, 0.740000), (0.860000, 0.830000, 0.740000),
            (0.860000, 0.830000, 0.740000), (0.860000, 0.830000, 0.740000), (0.860000, 0.830000, 0.740000), (0.860000, 0.830000, 0.740000),
            (0.860000, 0.830000, 0.740000), (0.860000, 0.830000, 0.740000), (0.860000, 0.830000, 0.740000), (0.860000, 0.830000, 0.740000),
            (0.860000, 0.830000, 0.740000), (0.860000, 0.830000, 0.740000), (0.860000, 0.830000, 0.740000), (0.860000, 0.830000, 0.740000),
            (0.860000, 0.830000, 0.740000), (0.860000, 0.830000, 0.740000), (0.860000, 0.830000, 0.740000), (0.860000, 0.830000, 0.740000),
            (0.860000, 0.830000, 0.740000), (0.860000, 0.830000, 0.740000), (0.860000, 0.830000, 0.740000), (0.720000, 0.670000, 0.560000),
            (0.720000, 0.670000, 0.560000), (0.720000, 0.670000, 0.560000), (0.720000, 0.670000, 0.560000), (0.720000, 0.670000, 0.560000),
            (0.720000, 0.670000, 0.560000), (0.720000, 0.670000, 0.560000), (0.720000, 0.670000, 0.560000), (0.720000, 0.670000, 0.560000),
            (0.720000, 0.670000, 0.560000), (0.860000, 0.830000, 0.740000), (0.860000, 0.830000, 0.740000), (0.860000, 0.830000, 0.740000),
            (0.860000, 0.830000, 0.740000), (0.860000, 0.830000, 0.740000), (0.860000, 0.830000, 0.740000), (0.860000, 0.830000, 0.740000),
            (0.860000, 0.830000, 0.740000), (0.860000, 0.830000, 0.740000), (0.860000, 0.830000, 0.740000), (0.860000, 0.830000, 0.740000),
            (0.860000, 0.830000, 0.740000), (0.860000, 0.830000, 0.740000), (0.860000, 0.830000, 0.740000), (0.860000, 0.830000, 0.740000),
            (0.860000, 0.830000, 0.740000), (0.860000, 0.830000, 0.740000), (0.860000, 0.830000, 0.740000), (0.860000, 0.830000, 0.740000),
            (0.860000, 0.830000, 0.740000), (0.860000, 0.830000, 0.740000), (0.860000, 0.830000, 0.740000), (0.860000, 0.830000, 0.740000),
            (0.860000, 0.830000, 0.740000), (0.860000, 0.830000, 0.740000), (0.860000, 0.830000, 0.740000), (0.860000, 0.830000, 0.740000),
            (0.860000, 0.830000, 0.740000), (0.860000, 0.830000, 0.740000), (0.860000, 0.830000, 0.740000), (0.860000, 0.830000, 0.740000),
            (0.860000, 0.830000, 0.740000), (0.860000, 0.830000, 0.740000), (0.860000, 0.830000, 0.740000), (0.860000, 0.830000, 0.740000),
            (0.860000, 0.830000, 0.740000), (0.860000, 0.830000, 0.740000), (0.860000, 0.830000, 0.740000), (0.860000, 0.830000, 0.740000),
            (0.860000, 0.830000, 0.740000), (0.860000, 0.830000, 0.740000), (0.860000, 0.830000, 0.740000), (0.860000, 0.830000, 0.740000),
            (0.860000, 0.830000, 0.740000), (0.860000, 0.830000, 0.740000), (0.860000, 0.830000, 0.740000), (0.860000, 0.830000, 0.740000),
            (0.860000, 0.830000, 0.740000), (0.860000, 0.830000, 0.740000), (0.860000, 0.830000, 0.740000), (0.860000, 0.830000, 0.740000),
            (0.860000, 0.830000, 0.740000), (0.860000, 0.830000, 0.740000), (0.860000, 0.830000, 0.740000), (0.860000, 0.830000, 0.740000),
            (0.860000, 0.830000, 0.740000), (0.860000, 0.830000, 0.740000), (0.860000, 0.830000, 0.740000), (0.860000, 0.830000, 0.740000),
            (0.860000, 0.830000, 0.740000), (0.860000, 0.830000, 0.740000), (0.860000, 0.830000, 0.740000), (0.860000, 0.830000, 0.740000),
            (0.860000, 0.830000, 0.740000), (0.860000, 0.830000, 0.740000), (0.860000, 0.830000, 0.740000), (0.720000, 0.670000, 0.560000),
            (0.720000, 0.670000, 0.560000), (0.720000, 0.670000, 0.560000), (0.720000, 0.670000, 0.560000), (0.720000, 0.670000, 0.560000),
            (0.720000, 0.670000, 0.560000), (0.720000, 0.670000, 0.560000), (0.720000, 0.670000, 0.560000), (0.720000, 0.670000, 0.560000),
            (0.720000, 0.670000, 0.560000), (0.860000, 0.830000, 0.740000), (0.860000, 0.830000, 0.740000), (0.860000, 0.830000, 0.740000),
            (0.860000, 0.830000, 0.740000), (0.860000, 0.830000, 0.740000), (0.860000, 0.830000, 0.740000), (0.860000, 0.830000, 0.740000),
            (0.860000, 0.830000, 0.740000), (0.860000, 0.830000, 0.740000), (0.860000, 0.830000, 0.740000), (0.860000, 0.830000, 0.740000),
            (0.860000, 0.830000, 0.740000), (0.860000, 0.830000, 0.740000), (0.860000, 0.830000, 0.740000), (0.860000, 0.830000, 0.740000),
            (0.860000, 0.830000, 0.740000), (0.860000, 0.830000, 0.740000), (0.860000, 0.830000, 0.740000), (0.860000, 0.830000, 0.740000),
            (0.860000, 0.830000, 0.740000), (0.860000, 0.830000, 0.740000), (0.860000, 0.830000, 0.740000), (0.860000, 0.830000, 0.740000),
            (0.860000, 0.830000, 0.740000), (0.860000, 0.830000, 0.740000), (0.860000, 0.830000, 0.740000), (0.860000, 0.830000, 0.740000),
            (0.860000, 0.830000, 0.740000), (0.860000, 0.830000, 0.740000), (0.860000, 0.830000, 0.740000), (0.860000, 0.830000, 0.740000),
            (0.860000, 0.830000, 0.740000), (0.860000, 0.830000, 0.740000), (0.860000, 0.830000, 0.740000), (0.860000, 0.830000, 0.740000),
            (0.860000, 0.830000, 0.740000), (0.860000, 0.830000, 0.740000), (0.860000, 0.830000, 0.740000), (0.860000, 0.830000, 0.740000),
            (0.860000, 0.830000, 0.740000), (0.860000, 0.830000, 0.740000), (0.860000, 0.830000, 0.740000), (0.860000, 0.830000, 0.740000),
            (0.860000, 0.830000, 0.740000), (0.860000, 0.830000, 0.740000), (0.860000, 0.830000, 0.740000), (0.860000, 0.830000, 0.740000),
            (0.860000, 0.830000, 0.740000), (0.860000, 0.830000, 0.740000), (0.860000, 0.830000, 0.740000), (0.860000, 0.830000, 0.740000),
            (0.860000, 0.830000, 0.740000), (0.860000, 0.830000, 0.740000), (0.860000, 0.830000, 0.740000), (0.860000, 0.830000, 0.740000),
            (0.860000, 0.830000, 0.740000), (0.860000, 0.830000, 0.740000), (0.860000, 0.830000, 0.740000), (0.860000, 0.830000, 0.740000),
            (0.860000, 0.830000, 0.740000), (0.860000, 0.830000, 0.740000), (0.860000, 0.830000, 0.740000), (0.860000, 0.830000, 0.740000),
            (0.860000, 0.830000, 0.740000), (0.860000, 0.830000, 0.740000), (0.860000, 0.830000, 0.740000), (0.720000, 0.670000, 0.560000),
            (0.720000, 0.670000, 0.560000), (0.720000, 0.670000, 0.560000), (0.720000, 0.670000, 0.560000), (0.720000, 0.670000, 0.560000),
            (0.720000, 0.670000, 0.560000), (0.720000, 0.670000, 0.560000), (0.720000, 0.670000, 0.560000), (0.720000, 0.670000, 0.560000),
            (0.720000, 0.670000, 0.560000), (0.860000, 0.830000, 0.740000), (0.860000, 0.830000, 0.740000), (0.860000, 0.830000, 0.740000),
            (0.860000, 0.830000, 0.740000), (0.860000, 0.830000, 0.740000), (0.860000, 0.830000, 0.740000), (0.860000, 0.830000, 0.740000),
            (0.860000, 0.830000, 0.740000), (0.860000, 0.830000, 0.740000), (0.860000, 0.830000, 0.740000), (0.860000, 0.830000, 0.740000),
            (0.860000, 0.830000, 0.740000), (0.860000, 0.830000, 0.740000), (0.860000, 0.830000, 0.740000), (0.860000, 0.830000, 0.740000),
            (0.860000, 0.830000, 0.740000), (0.860000, 0.830000, 0.740000), (0.860000, 0.830000, 0.740000), (0.860000, 0.830000, 0.740000),
            (0.860000, 0.830000, 0.740000), (0.860000, 0.830000, 0.740000), (0.860000, 0.830000, 0.740000), (0.860000, 0.830000, 0.740000),
            (0.860000, 0.830000, 0.740000), (0.860000, 0.830000, 0.740000), (0.860000, 0.830000, 0.740000), (0.860000, 0.830000, 0.740000),
            (0.860000, 0.830000, 0.740000), (0.860000, 0.830000, 0.740000), (0.860000, 0.830000, 0.740000), (0.860000, 0.830000, 0.740000),
            (0.860000, 0.830000, 0.740000), (0.860000, 0.830000, 0.740000), (0.860000, 0.830000, 0.740000), (0.860000, 0.830000, 0.740000),
            (0.860000, 0.830000, 0.740000), (0.860000, 0.830000, 0.740000), (0.860000, 0.830000, 0.740000), (0.860000, 0.830000, 0.740000),
            (0.860000, 0.830000, 0.740000), (0.860000, 0.830000, 0.740000), (0.860000, 0.830000, 0.740000), (0.860000, 0.830000, 0.740000),
            (0.860000, 0.830000, 0.740000), (0.860000, 0.830000, 0.740000), (0.860000, 0.830000, 0.740000), (0.860000, 0.830000, 0.740000),
            (0.860000, 0.830000, 0.740000), (0.860000, 0.830000, 0.740000), (0.860000, 0.830000, 0.740000), (0.860000, 0.830000, 0.740000),
            (0.860000, 0.830000, 0.740000), (0.860000, 0.830000, 0.740000), (0.860000, 0.830000, 0.740000), (0.860000, 0.830000, 0.740000),
            (0.860000, 0.830000, 0.740000), (0.860000, 0.830000, 0.740000), (0.860000, 0.830000, 0.740000), (0.860000, 0.830000, 0.740000),
            (0.860000, 0.830000, 0.740000), (0.860000, 0.830000, 0.740000), (0.860000, 0.830000, 0.740000), (0.860000, 0.830000, 0.740000),
            (0.860000, 0.830000, 0.740000), (0.860000, 0.830000, 0.740000), (0.860000, 0.830000, 0.740000), (0.720000, 0.670000, 0.560000),
            (0.720000, 0.670000, 0.560000), (0.720000, 0.670000, 0.560000), (0.720000, 0.670000, 0.560000), (0.720000, 0.670000, 0.560000),
            (0.720000, 0.670000, 0.560000), (0.720000, 0.670000, 0.560000), (0.720000, 0.670000, 0.560000), (0.720000, 0.670000, 0.560000),
            (0.720000, 0.670000, 0.560000), (0.860000, 0.830000, 0.740000), (0.860000, 0.830000, 0.740000), (0.860000, 0.830000, 0.740000),
            (0.860000, 0.830000, 0.740000), (0.860000, 0.830000, 0.740000), (0.860000, 0.830000, 0.740000), (0.860000, 0.830000, 0.740000),
            (0.860000, 0.830000, 0.740000), (0.860000, 0.830000, 0.740000), (0.860000, 0.830000, 0.740000), (0.860000, 0.830000, 0.740000),
            (0.860000, 0.830000, 0.740000), (0.860000, 0.830000, 0.740000), (0.860000, 0.830000, 0.740000), (0.860000, 0.830000, 0.740000),
            (0.860000, 0.830000, 0.740000), (0.860000, 0.830000, 0.740000), (0.860000, 0.830000, 0.740000), (0.860000, 0.830000, 0.740000),
            (0.860000, 0.830000, 0.740000), (0.860000, 0.830000, 0.740000), (0.860000, 0.830000, 0.740000), (0.860000, 0.830000, 0.740000),
            (0.860000, 0.830000, 0.740000), (0.860000, 0.830000, 0.740000), (0.860000, 0.830000, 0.740000), (0.860000, 0.830000, 0.740000),
            (0.860000, 0.830000, 0.740000), (0.860000, 0.830000, 0.740000), (0.860000, 0.830000, 0.740000), (0.860000, 0.830000, 0.740000),
            (0.860000, 0.830000, 0.740000), (0.860000, 0.830000, 0.740000), (0.860000, 0.830000, 0.740000), (0.860000, 0.830000, 0.740000),
            (0.860000, 0.830000, 0.740000), (0.860000, 0.830000, 0.740000), (0.860000, 0.830000, 0.740000), (0.860000, 0.830000, 0.740000),
            (0.860000, 0.830000, 0.740000), (0.860000, 0.830000, 0.740000), (0.860000, 0.830000, 0.740000), (0.860000, 0.830000, 0.740000),
            (0.860000, 0.830000, 0.740000), (0.860000, 0.830000, 0.740000), (0.860000, 0.830000, 0.740000), (0.860000, 0.830000, 0.740000),
            (0.860000, 0.830000, 0.740000), (0.860000, 0.830000, 0.740000), (0.860000, 0.830000, 0.740000), (0.860000, 0.830000, 0.740000),
            (0.860000, 0.830000, 0.740000), (0.860000, 0.830000, 0.740000), (0.860000, 0.830000, 0.740000), (0.860000, 0.830000, 0.740000),
            (0.860000, 0.830000, 0.740000), (0.860000, 0.830000, 0.740000), (0.860000, 0.830000, 0.740000), (0.860000, 0.830000, 0.740000),
            (0.860000, 0.830000, 0.740000), (0.860000, 0.830000, 0.740000), (0.860000, 0.830000, 0.740000), (0.860000, 0.830000, 0.740000),
            (0.860000, 0.830000, 0.740000), (0.860000, 0.830000, 0.740000), (0.860000, 0.830000, 0.740000), (0.720000, 0.670000, 0.560000),
            (0.720000, 0.670000, 0.560000), (0.720000, 0.670000, 0.560000), (0.720000, 0.670000, 0.560000), (0.720000, 0.670000, 0.560000),
            (0.720000, 0.670000, 0.560000), (0.720000, 0.670000, 0.560000), (0.720000, 0.670000, 0.560000), (0.720000, 0.670000, 0.560000),
            (0.720000, 0.670000, 0.560000), (0.860000, 0.830000, 0.740000), (0.860000, 0.830000, 0.740000), (0.860000, 0.830000, 0.740000),
            (0.860000, 0.830000, 0.740000), (0.860000, 0.830000, 0.740000), (0.860000, 0.830000, 0.740000), (0.860000, 0.830000, 0.740000),
            (0.860000, 0.830000, 0.740000), (0.860000, 0.830000, 0.740000), (0.860000, 0.830000, 0.740000), (0.860000, 0.830000, 0.740000),
            (0.860000, 0.830000, 0.740000), (0.860000, 0.830000, 0.740000), (0.860000, 0.830000, 0.740000), (0.860000, 0.830000, 0.740000),
            (0.860000, 0.830000, 0.740000), (0.860000, 0.830000, 0.740000), (0.860000, 0.830000, 0.740000), (0.860000, 0.830000, 0.740000),
            (0.860000, 0.830000, 0.740000), (0.860000, 0.830000, 0.740000), (0.860000, 0.830000, 0.740000), (0.860000, 0.830000, 0.740000),
            (0.860000, 0.830000, 0.740000), (0.860000, 0.830000, 0.740000), (0.860000, 0.830000, 0.740000), (0.860000, 0.830000, 0.740000),
            (0.860000, 0.830000, 0.740000), (0.860000, 0.830000, 0.740000), (0.860000, 0.830000, 0.740000), (0.860000, 0.830000, 0.740000),
            (0.860000, 0.830000, 0.740000), (0.860000, 0.830000, 0.740000), (0.860000, 0.830000, 0.740000), (0.860000, 0.830000, 0.740000),
            (0.860000, 0.830000, 0.740000), (0.860000, 0.830000, 0.740000), (0.860000, 0.830000, 0.740000), (0.860000, 0.830000, 0.740000),
            (0.860000, 0.830000, 0.740000), (0.860000, 0.830000, 0.740000), (0.860000, 0.830000, 0.740000), (0.860000, 0.830000, 0.740000),
            (0.860000, 0.830000, 0.740000), (0.860000, 0.830000, 0.740000), (0.860000, 0.830000, 0.740000), (0.860000, 0.830000, 0.740000),
            (0.860000, 0.830000, 0.740000), (0.860000, 0.830000, 0.740000), (0.860000, 0.830000, 0.740000), (0.860000, 0.830000, 0.740000),
            (0.860000, 0.830000, 0.740000), (0.860000, 0.830000, 0.740000), (0.860000, 0.830000, 0.740000), (0.860000, 0.830000, 0.740000),
            (0.860000, 0.830000, 0.740000), (0.860000, 0.830000, 0.740000), (0.860000, 0.830000, 0.740000), (0.860000, 0.830000, 0.740000),
            (0.860000, 0.830000, 0.740000), (0.860000, 0.830000, 0.740000), (0.860000, 0.830000, 0.740000), (0.860000, 0.830000, 0.740000),
            (0.860000, 0.830000, 0.740000), (0.860000, 0.830000, 0.740000), (0.860000, 0.830000, 0.740000), (0.720000, 0.670000, 0.560000),
            (0.720000, 0.670000, 0.560000), (0.720000, 0.670000, 0.560000), (0.720000, 0.670000, 0.560000), (0.720000, 0.670000, 0.560000),
            (0.720000, 0.670000, 0.560000), (0.720000, 0.670000, 0.560000), (0.720000, 0.670000, 0.560000), (0.720000, 0.670000, 0.560000),
            (0.720000, 0.670000, 0.560000), (0.860000, 0.830000, 0.740000), (0.860000, 0.830000, 0.740000), (0.860000, 0.830000, 0.740000),
            (0.860000, 0.830000, 0.740000), (0.860000, 0.830000, 0.740000), (0.860000, 0.830000, 0.740000), (0.860000, 0.830000, 0.740000),
            (0.860000, 0.830000, 0.740000), (0.860000, 0.830000, 0.740000), (0.860000, 0.830000, 0.740000), (0.860000, 0.830000, 0.740000),
            (0.860000, 0.830000, 0.740000), (0.860000, 0.830000, 0.740000), (0.860000, 0.830000, 0.740000), (0.860000, 0.830000, 0.740000),
            (0.860000, 0.830000, 0.740000), (0.860000, 0.830000, 0.740000), (0.860000, 0.830000, 0.740000), (0.860000, 0.830000, 0.740000),
            (0.860000, 0.830000, 0.740000), (0.860000, 0.830000, 0.740000), (0.860000, 0.830000, 0.740000), (0.860000, 0.830000, 0.740000),
            (0.860000, 0.830000, 0.740000), (0.860000, 0.830000, 0.740000), (0.860000, 0.830000, 0.740000), (0.860000, 0.830000, 0.740000),
            (0.860000, 0.830000, 0.740000), (0.860000, 0.830000, 0.740000), (0.860000, 0.830000, 0.740000), (0.860000, 0.830000, 0.740000),
            (0.860000, 0.830000, 0.740000), (0.860000, 0.830000, 0.740000), (0.860000, 0.830000, 0.740000), (0.860000, 0.830000, 0.740000),
            (0.860000, 0.830000, 0.740000), (0.860000, 0.830000, 0.740000), (0.860000, 0.830000, 0.740000), (0.860000, 0.830000, 0.740000),
            (0.860000, 0.830000, 0.740000), (0.860000, 0.830000, 0.740000), (0.860000, 0.830000, 0.740000), (0.860000, 0.830000, 0.740000),
            (0.860000, 0.830000, 0.740000), (0.860000, 0.830000, 0.740000), (0.860000, 0.830000, 0.740000), (0.860000, 0.830000, 0.740000),
            (0.860000, 0.830000, 0.740000), (0.860000, 0.830000, 0.740000), (0.860000, 0.830000, 0.740000), (0.860000, 0.830000, 0.740000),
            (0.860000, 0.830000, 0.740000), (0.860000, 0.830000, 0.740000), (0.860000, 0.830000, 0.740000), (0.860000, 0.830000, 0.740000),
            (0.860000, 0.830000, 0.740000), (0.860000, 0.830000, 0.740000), (0.860000, 0.830000, 0.740000), (0.860000, 0.830000, 0.740000),
            (0.860000, 0.830000, 0.740000), (0.860000, 0.830000, 0.740000), (0.860000, 0.830000, 0.740000), (0.860000, 0.830000, 0.740000),
            (0.860000, 0.830000, 0.740000), (0.860000, 0.830000, 0.740000), (0.860000, 0.830000, 0.740000), (0.720000, 0.670000, 0.560000),
            (0.720000, 0.670000, 0.560000), (0.720000, 0.670000, 0.560000), (0.720000, 0.670000, 0.560000), (0.720000, 0.670000, 0.560000),
            (0.720000, 0.670000, 0.560000), (0.720000, 0.670000, 0.560000), (0.720000, 0.670000, 0.560000), (0.720000, 0.670000, 0.560000),
            (0.720000, 0.670000, 0.560000), (0.860000, 0.830000, 0.740000), (0.860000, 0.830000, 0.740000), (0.860000, 0.830000, 0.740000),
            (0.860000, 0.830000, 0.740000), (0.860000, 0.830000, 0.740000), (0.860000, 0.830000, 0.740000), (0.860000, 0.830000, 0.740000),
            (0.860000, 0.830000, 0.740000), (0.860000, 0.830000, 0.740000), (0.860000, 0.830000, 0.740000), (0.860000, 0.830000, 0.740000),
            (0.860000, 0.830000, 0.740000), (0.860000, 0.830000, 0.740000), (0.860000, 0.830000, 0.740000), (0.860000, 0.830000, 0.740000),
            (0.860000, 0.830000, 0.740000), (0.860000, 0.830000, 0.740000), (0.860000, 0.830000, 0.740000), (0.860000, 0.830000, 0.740000),
            (0.860000, 0.830000, 0.740000), (0.860000, 0.830000, 0.740000), (0.860000, 0.830000, 0.740000), (0.860000, 0.830000, 0.740000),
            (0.860000, 0.830000, 0.740000), (0.860000, 0.830000, 0.740000), (0.860000, 0.830000, 0.740000), (0.860000, 0.830000, 0.740000),
            (0.860000, 0.830000, 0.740000), (0.860000, 0.830000, 0.740000), (0.860000, 0.830000, 0.740000), (0.860000, 0.830000, 0.740000),
            (0.860000, 0.830000, 0.740000), (0.860000, 0.830000, 0.740000), (0.860000, 0.830000, 0.740000), (0.860000, 0.830000, 0.740000),
            (0.860000, 0.830000, 0.740000), (0.860000, 0.830000, 0.740000), (0.860000, 0.830000, 0.740000), (0.860000, 0.830000, 0.740000),
            (0.860000, 0.830000, 0.740000), (0.860000, 0.830000, 0.740000), (0.860000, 0.830000, 0.740000), (0.860000, 0.830000, 0.740000),
            (0.860000, 0.830000, 0.740000), (0.860000, 0.830000, 0.740000), (0.860000, 0.830000, 0.740000), (0.860000, 0.830000, 0.740000),
            (0.860000, 0.830000, 0.740000), (0.860000, 0.830000, 0.740000), (0.860000, 0.830000, 0.740000), (0.860000, 0.830000, 0.740000),
            (0.860000, 0.830000, 0.740000), (0.860000, 0.830000, 0.740000), (0.860000, 0.830000, 0.740000), (0.860000, 0.830000, 0.740000),
            (0.860000, 0.830000, 0.740000), (0.860000, 0.830000, 0.740000), (0.860000, 0.830000, 0.740000), (0.860000, 0.830000, 0.740000),
            (0.860000, 0.830000, 0.740000), (0.860000, 0.830000, 0.740000), (0.860000, 0.830000, 0.740000), (0.860000, 0.830000, 0.740000),
            (0.860000, 0.830000, 0.740000), (0.860000, 0.830000, 0.740000), (0.860000, 0.830000, 0.740000), (0.720000, 0.670000, 0.560000),
            (0.720000, 0.670000, 0.560000), (0.720000, 0.670000, 0.560000), (0.720000, 0.670000, 0.560000), (0.720000, 0.670000, 0.560000),
            (0.720000, 0.670000, 0.560000), (0.720000, 0.670000, 0.560000), (0.720000, 0.670000, 0.560000), (0.720000, 0.670000, 0.560000),
            (0.720000, 0.670000, 0.560000), (0.860000, 0.830000, 0.740000), (0.860000, 0.830000, 0.740000), (0.860000, 0.830000, 0.740000),
            (0.860000, 0.830000, 0.740000), (0.860000, 0.830000, 0.740000), (0.860000, 0.830000, 0.740000), (0.860000, 0.830000, 0.740000),
            (0.860000, 0.830000, 0.740000), (0.860000, 0.830000, 0.740000), (0.860000, 0.830000, 0.740000), (0.860000, 0.830000, 0.740000),
            (0.860000, 0.830000, 0.740000), (0.860000, 0.830000, 0.740000), (0.860000, 0.830000, 0.740000), (0.860000, 0.830000, 0.740000),
            (0.860000, 0.830000, 0.740000), (0.860000, 0.830000, 0.740000), (0.860000, 0.830000, 0.740000), (0.860000, 0.830000, 0.740000),
            (0.860000, 0.830000, 0.740000), (0.860000, 0.830000, 0.740000), (0.860000, 0.830000, 0.740000), (0.860000, 0.830000, 0.740000),
            (0.860000, 0.830000, 0.740000), (0.860000, 0.830000, 0.740000), (0.860000, 0.830000, 0.740000), (0.860000, 0.830000, 0.740000),
            (0.860000, 0.830000, 0.740000), (0.860000, 0.830000, 0.740000), (0.860000, 0.830000, 0.740000), (0.860000, 0.830000, 0.740000),
            (0.860000, 0.830000, 0.740000), (0.860000, 0.830000, 0.740000), (0.860000, 0.830000, 0.740000), (0.860000, 0.830000, 0.740000),
            (0.860000, 0.830000, 0.740000), (0.860000, 0.830000, 0.740000), (0.860000, 0.830000, 0.740000), (0.860000, 0.830000, 0.740000),
            (0.860000, 0.830000, 0.740000), (0.860000, 0.830000, 0.740000), (0.860000, 0.830000, 0.740000), (0.860000, 0.830000, 0.740000),
            (0.860000, 0.830000, 0.740000), (0.860000, 0.830000, 0.740000), (0.860000, 0.830000, 0.740000), (0.860000, 0.830000, 0.740000),
            (0.860000, 0.830000, 0.740000), (0.860000, 0.830000, 0.740000), (0.860000, 0.830000, 0.740000), (0.860000, 0.830000, 0.740000),
            (0.860000, 0.830000, 0.740000), (0.860000, 0.830000, 0.740000), (0.860000, 0.830000, 0.740000), (0.860000, 0.830000, 0.740000),
            (0.860000, 0.830000, 0.740000), (0.860000, 0.830000, 0.740000), (0.860000, 0.830000, 0.740000), (0.860000, 0.830000, 0.740000),
            (0.860000, 0.830000, 0.740000), (0.860000, 0.830000, 0.740000), (0.860000, 0.830000, 0.740000), (0.860000, 0.830000, 0.740000),
            (0.860000, 0.830000, 0.740000), (0.860000, 0.830000, 0.740000), (0.860000, 0.830000, 0.740000), (0.720000, 0.670000, 0.560000),
            (0.720000, 0.670000, 0.560000), (0.720000, 0.670000, 0.560000), (0.720000, 0.670000, 0.560000), (0.720000, 0.670000, 0.560000),
            (0.720000, 0.670000, 0.560000), (0.720000, 0.670000, 0.560000), (0.720000, 0.670000, 0.560000), (0.720000, 0.670000, 0.560000),
            (0.720000, 0.670000, 0.560000), (0.860000, 0.830000, 0.740000), (0.860000, 0.830000, 0.740000), (0.860000, 0.830000, 0.740000),
            (0.860000, 0.830000, 0.740000), (0.860000, 0.830000, 0.740000), (0.860000, 0.830000, 0.740000), (0.860000, 0.830000, 0.740000),
            (0.860000, 0.830000, 0.740000), (0.860000, 0.830000, 0.740000), (0.860000, 0.830000, 0.740000), (0.860000, 0.830000, 0.740000),
            (0.860000, 0.830000, 0.740000), (0.860000, 0.830000, 0.740000), (0.860000, 0.830000, 0.740000), (0.860000, 0.830000, 0.740000),
            (0.860000, 0.830000, 0.740000), (0.860000, 0.830000, 0.740000), (0.860000, 0.830000, 0.740000), (0.860000, 0.830000, 0.740000),
            (0.860000, 0.830000, 0.740000), (0.860000, 0.830000, 0.740000), (0.860000, 0.830000, 0.740000), (0.860000, 0.830000, 0.740000),
            (0.860000, 0.830000, 0.740000), (0.860000, 0.830000, 0.740000), (0.860000, 0.830000, 0.740000), (0.860000, 0.830000, 0.740000),
            (0.860000, 0.830000, 0.740000), (0.860000, 0.830000, 0.740000), (0.860000, 0.830000, 0.740000), (0.860000, 0.830000, 0.740000),
            (0.860000, 0.830000, 0.740000), (0.860000, 0.830000, 0.740000), (0.860000, 0.830000, 0.740000), (0.860000, 0.830000, 0.740000),
            (0.860000, 0.830000, 0.740000), (0.860000, 0.830000, 0.740000), (0.860000, 0.830000, 0.740000), (0.860000, 0.830000, 0.740000),
            (0.860000, 0.830000, 0.740000), (0.860000, 0.830000, 0.740000), (0.860000, 0.830000, 0.740000), (0.860000, 0.830000, 0.740000),
            (0.860000, 0.830000, 0.740000), (0.860000, 0.830000, 0.740000), (0.860000, 0.830000, 0.740000), (0.860000, 0.830000, 0.740000),
            (0.860000, 0.830000, 0.740000), (0.860000, 0.830000, 0.740000), (0.860000, 0.830000, 0.740000), (0.860000, 0.830000, 0.740000),
            (0.860000, 0.830000, 0.740000), (0.860000, 0.830000, 0.740000), (0.860000, 0.830000, 0.740000), (0.860000, 0.830000, 0.740000),
            (0.860000, 0.830000, 0.740000), (0.860000, 0.830000, 0.740000), (0.860000, 0.830000, 0.740000), (0.860000, 0.830000, 0.740000),
            (0.860000, 0.830000, 0.740000), (0.860000, 0.830000, 0.740000), (0.860000, 0.830000, 0.740000), (0.860000, 0.830000, 0.740000),
            (0.860000, 0.830000, 0.740000), (0.860000, 0.830000, 0.740000), (0.860000, 0.830000, 0.740000), (0.720000, 0.670000, 0.560000),
            (0.720000, 0.670000, 0.560000), (0.720000, 0.670000, 0.560000), (0.720000, 0.670000, 0.560000), (0.720000, 0.670000, 0.560000),
            (0.720000, 0.670000, 0.560000), (0.720000, 0.670000, 0.560000), (0.720000, 0.670000, 0.560000), (0.720000, 0.670000, 0.560000),
            (0.720000, 0.670000, 0.560000), (0.860000, 0.830000, 0.740000), (0.860000, 0.830000, 0.740000), (0.860000, 0.830000, 0.740000),
            (0.860000, 0.830000, 0.740000), (0.860000, 0.830000, 0.740000), (0.860000, 0.830000, 0.740000), (0.860000, 0.830000, 0.740000),
            (0.860000, 0.830000, 0.740000), (0.860000, 0.830000, 0.740000), (0.860000, 0.830000, 0.740000), (0.860000, 0.830000, 0.740000),
            (0.860000, 0.830000, 0.740000), (0.860000, 0.830000, 0.740000), (0.860000, 0.830000, 0.740000), (0.860000, 0.830000, 0.740000),
            (0.860000, 0.830000, 0.740000), (0.860000, 0.830000, 0.740000), (0.860000, 0.830000, 0.740000), (0.860000, 0.830000, 0.740000),
            (0.860000, 0.830000, 0.740000), (0.860000, 0.830000, 0.740000), (0.860000, 0.830000, 0.740000), (0.860000, 0.830000, 0.740000),
            (0.860000, 0.830000, 0.740000), (0.860000, 0.830000, 0.740000), (0.860000, 0.830000, 0.740000), (0.860000, 0.830000, 0.740000),
            (0.860000, 0.830000, 0.740000), (0.860000, 0.830000, 0.740000), (0.860000, 0.830000, 0.740000), (0.860000, 0.830000, 0.740000),
            (0.860000, 0.830000, 0.740000), (0.860000, 0.830000, 0.740000), (0.860000, 0.830000, 0.740000), (0.860000, 0.830000, 0.740000),
            (0.860000, 0.830000, 0.740000), (0.860000, 0.830000, 0.740000), (0.860000, 0.830000, 0.740000), (0.860000, 0.830000, 0.740000),
            (0.860000, 0.830000, 0.740000), (0.860000, 0.830000, 0.740000), (0.860000, 0.830000, 0.740000), (0.860000, 0.830000, 0.740000),
            (0.860000, 0.830000, 0.740000), (0.860000, 0.830000, 0.740000), (0.860000, 0.830000, 0.740000), (0.860000, 0.830000, 0.740000),
            (0.860000, 0.830000, 0.740000), (0.860000, 0.830000, 0.740000), (0.860000, 0.830000, 0.740000), (0.860000, 0.830000, 0.740000),
            (0.860000, 0.830000, 0.740000), (0.860000, 0.830000, 0.740000), (0.860000, 0.830000, 0.740000), (0.860000, 0.830000, 0.740000),
            (0.860000, 0.830000, 0.740000), (0.860000, 0.830000, 0.740000), (0.860000, 0.830000, 0.740000), (0.860000, 0.830000, 0.740000),
            (0.860000, 0.830000, 0.740000), (0.860000, 0.830000, 0.740000), (0.860000, 0.830000, 0.740000), (0.860000, 0.830000, 0.740000),
            (0.860000, 0.830000, 0.740000), (0.860000, 0.830000, 0.740000), (0.860000, 0.830000, 0.740000), (0.720000, 0.670000, 0.560000),
            (0.720000, 0.670000, 0.560000), (0.720000, 0.670000, 0.560000), (0.720000, 0.670000, 0.560000), (0.720000, 0.670000, 0.560000),
            (0.720000, 0.670000, 0.560000), (0.720000, 0.670000, 0.560000), (0.720000, 0.670000, 0.560000), (0.720000, 0.670000, 0.560000),
            (0.720000, 0.670000, 0.560000), (0.860000, 0.830000, 0.740000), (0.860000, 0.830000, 0.740000), (0.860000, 0.830000, 0.740000),
            (0.860000, 0.830000, 0.740000), (0.860000, 0.830000, 0.740000), (0.860000, 0.830000, 0.740000), (0.860000, 0.830000, 0.740000),
            (0.860000, 0.830000, 0.740000), (0.860000, 0.830000, 0.740000), (0.860000, 0.830000, 0.740000), (0.860000, 0.830000, 0.740000),
            (0.860000, 0.830000, 0.740000), (0.860000, 0.830000, 0.740000), (0.860000, 0.830000, 0.740000), (0.860000, 0.830000, 0.740000),
            (0.860000, 0.830000, 0.740000), (0.860000, 0.830000, 0.740000), (0.860000, 0.830000, 0.740000), (0.860000, 0.830000, 0.740000),
            (0.860000, 0.830000, 0.740000), (0.860000, 0.830000, 0.740000), (0.860000, 0.830000, 0.740000), (0.860000, 0.830000, 0.740000),
            (0.860000, 0.830000, 0.740000), (0.860000, 0.830000, 0.740000), (0.860000, 0.830000, 0.740000), (0.860000, 0.830000, 0.740000),
            (0.860000, 0.830000, 0.740000), (0.860000, 0.830000, 0.740000), (0.860000, 0.830000, 0.740000), (0.860000, 0.830000, 0.740000),
            (0.860000, 0.830000, 0.740000), (0.860000, 0.830000, 0.740000), (0.860000, 0.830000, 0.740000), (0.860000, 0.830000, 0.740000),
            (0.860000, 0.830000, 0.740000), (0.860000, 0.830000, 0.740000), (0.860000, 0.830000, 0.740000), (0.860000, 0.830000, 0.740000),
            (0.860000, 0.830000, 0.740000), (0.860000, 0.830000, 0.740000), (0.860000, 0.830000, 0.740000), (0.860000, 0.830000, 0.740000),
            (0.860000, 0.830000, 0.740000), (0.860000, 0.830000, 0.740000), (0.860000, 0.830000, 0.740000), (0.860000, 0.830000, 0.740000),
            (0.860000, 0.830000, 0.740000), (0.860000, 0.830000, 0.740000), (0.860000, 0.830000, 0.740000), (0.860000, 0.830000, 0.740000),
            (0.860000, 0.830000, 0.740000), (0.860000, 0.830000, 0.740000), (0.860000, 0.830000, 0.740000), (0.860000, 0.830000, 0.740000),
            (0.860000, 0.830000, 0.740000), (0.860000, 0.830000, 0.740000), (0.860000, 0.830000, 0.740000), (0.860000, 0.830000, 0.740000),
            (0.860000, 0.830000, 0.740000), (0.860000, 0.830000, 0.740000), (0.860000, 0.830000, 0.740000), (0.860000, 0.830000, 0.740000),
            (0.860000, 0.830000, 0.740000), (0.860000, 0.830000, 0.740000), (0.860000, 0.830000, 0.740000), (0.720000, 0.670000, 0.560000),
            (0.720000, 0.670000, 0.560000), (0.720000, 0.670000, 0.560000), (0.720000, 0.670000, 0.560000), (0.720000, 0.670000, 0.560000),
            (0.720000, 0.670000, 0.560000), (0.720000, 0.670000, 0.560000), (0.720000, 0.670000, 0.560000), (0.720000, 0.670000, 0.560000),
            (0.720000, 0.670000, 0.560000), (0.860000, 0.830000, 0.740000), (0.860000, 0.830000, 0.740000), (0.860000, 0.830000, 0.740000),
            (0.860000, 0.830000, 0.740000), (0.860000, 0.830000, 0.740000), (0.860000, 0.830000, 0.740000), (0.860000, 0.830000, 0.740000),
            (0.860000, 0.830000, 0.740000), (0.860000, 0.830000, 0.740000), (0.860000, 0.830000, 0.740000), (0.860000, 0.830000, 0.740000),
            (0.860000, 0.830000, 0.740000), (0.860000, 0.830000, 0.740000), (0.860000, 0.830000, 0.740000), (0.860000, 0.830000, 0.740000),
            (0.860000, 0.830000, 0.740000), (0.860000, 0.830000, 0.740000), (0.860000, 0.830000, 0.740000), (0.860000, 0.830000, 0.740000),
            (0.860000, 0.830000, 0.740000), (0.860000, 0.830000, 0.740000), (0.860000, 0.830000, 0.740000), (0.860000, 0.830000, 0.740000),
            (0.860000, 0.830000, 0.740000), (0.860000, 0.830000, 0.740000), (0.860000, 0.830000, 0.740000), (0.860000, 0.830000, 0.740000),
            (0.860000, 0.830000, 0.740000), (0.860000, 0.830000, 0.740000), (0.860000, 0.830000, 0.740000), (0.860000, 0.830000, 0.740000),
            (0.860000, 0.830000, 0.740000), (0.860000, 0.830000, 0.740000), (0.860000, 0.830000, 0.740000), (0.860000, 0.830000, 0.740000),
            (0.860000, 0.830000, 0.740000), (0.860000, 0.830000, 0.740000), (0.860000, 0.830000, 0.740000), (0.860000, 0.830000, 0.740000),
            (0.860000, 0.830000, 0.740000), (0.860000, 0.830000, 0.740000), (0.860000, 0.830000, 0.740000), (0.860000, 0.830000, 0.740000),
            (0.860000, 0.830000, 0.740000), (0.860000, 0.830000, 0.740000), (0.860000, 0.830000, 0.740000), (0.860000, 0.830000, 0.740000),
            (0.860000, 0.830000, 0.740000), (0.860000, 0.830000, 0.740000), (0.860000, 0.830000, 0.740000), (0.860000, 0.830000, 0.740000),
            (0.860000, 0.830000, 0.740000), (0.860000, 0.830000, 0.740000), (0.860000, 0.830000, 0.740000), (0.860000, 0.830000, 0.740000),
            (0.860000, 0.830000, 0.740000), (0.860000, 0.830000, 0.740000), (0.860000, 0.830000, 0.740000), (0.860000, 0.830000, 0.740000),
            (0.860000, 0.830000, 0.740000), (0.860000, 0.830000, 0.740000), (0.860000, 0.830000, 0.740000), (0.860000, 0.830000, 0.740000),
            (0.860000, 0.830000, 0.740000), (0.860000, 0.830000, 0.740000), (0.860000, 0.830000, 0.740000), (0.720000, 0.670000, 0.560000),
            (0.720000, 0.670000, 0.560000), (0.720000, 0.670000, 0.560000), (0.720000, 0.670000, 0.560000), (0.720000, 0.670000, 0.560000),
            (0.720000, 0.670000, 0.560000), (0.720000, 0.670000, 0.560000), (0.720000, 0.670000, 0.560000), (0.720000, 0.670000, 0.560000),
            (0.720000, 0.670000, 0.560000), (0.860000, 0.830000, 0.740000), (0.860000, 0.830000, 0.740000), (0.860000, 0.830000, 0.740000),
            (0.860000, 0.830000, 0.740000), (0.860000, 0.830000, 0.740000), (0.860000, 0.830000, 0.740000), (0.860000, 0.830000, 0.740000),
            (0.860000, 0.830000, 0.740000), (0.860000, 0.830000, 0.740000), (0.860000, 0.830000, 0.740000), (0.860000, 0.830000, 0.740000),
            (0.860000, 0.830000, 0.740000), (0.860000, 0.830000, 0.740000), (0.860000, 0.830000, 0.740000), (0.860000, 0.830000, 0.740000),
            (0.860000, 0.830000, 0.740000), (0.860000, 0.830000, 0.740000), (0.860000, 0.830000, 0.740000), (0.860000, 0.830000, 0.740000),
            (0.860000, 0.830000, 0.740000), (0.860000, 0.830000, 0.740000), (0.860000, 0.830000, 0.740000), (0.860000, 0.830000, 0.740000),
            (0.860000, 0.830000, 0.740000), (0.860000, 0.830000, 0.740000), (0.860000, 0.830000, 0.740000), (0.860000, 0.830000, 0.740000),
            (0.860000, 0.830000, 0.740000), (0.860000, 0.830000, 0.740000), (0.860000, 0.830000, 0.740000), (0.860000, 0.830000, 0.740000),
            (0.860000, 0.830000, 0.740000), (0.860000, 0.830000, 0.740000), (0.860000, 0.830000, 0.740000), (0.860000, 0.830000, 0.740000),
            (0.860000, 0.830000, 0.740000), (0.860000, 0.830000, 0.740000), (0.860000, 0.830000, 0.740000), (0.860000, 0.830000, 0.740000),
            (0.860000, 0.830000, 0.740000), (0.860000, 0.830000, 0.740000), (0.860000, 0.830000, 0.740000), (0.860000, 0.830000, 0.740000),
            (0.860000, 0.830000, 0.740000), (0.860000, 0.830000, 0.740000), (0.860000, 0.830000, 0.740000), (0.860000, 0.830000, 0.740000),
            (0.860000, 0.830000, 0.740000), (0.860000, 0.830000, 0.740000), (0.860000, 0.830000, 0.740000), (0.860000, 0.830000, 0.740000),
            (0.860000, 0.830000, 0.740000), (0.860000, 0.830000, 0.740000), (0.860000, 0.830000, 0.740000), (0.860000, 0.830000, 0.740000),
            (0.860000, 0.830000, 0.740000), (0.860000, 0.830000, 0.740000), (0.860000, 0.830000, 0.740000), (0.860000, 0.830000, 0.740000),
            (0.860000, 0.830000, 0.740000), (0.860000, 0.830000, 0.740000), (0.860000, 0.830000, 0.740000), (0.860000, 0.830000, 0.740000),
            (0.860000, 0.830000, 0.740000), (0.860000, 0.830000, 0.740000), (0.860000, 0.830000, 0.740000), (0.720000, 0.670000, 0.560000),
            (0.720000, 0.670000, 0.560000), (0.720000, 0.670000, 0.560000), (0.720000, 0.670000, 0.560000), (0.720000, 0.670000, 0.560000),
            (0.720000, 0.670000, 0.560000), (0.720000, 0.670000, 0.560000), (0.720000, 0.670000, 0.560000), (0.720000, 0.670000, 0.560000),
            (0.720000, 0.670000, 0.560000), (0.860000, 0.830000, 0.740000), (0.860000, 0.830000, 0.740000), (0.860000, 0.830000, 0.740000),
            (0.860000, 0.830000, 0.740000), (0.860000, 0.830000, 0.740000), (0.860000, 0.830000, 0.740000), (0.860000, 0.830000, 0.740000),
            (0.860000, 0.830000, 0.740000), (0.860000, 0.830000, 0.740000), (0.860000, 0.830000, 0.740000), (0.860000, 0.830000, 0.740000),
            (0.860000, 0.830000, 0.740000), (0.860000, 0.830000, 0.740000), (0.860000, 0.830000, 0.740000), (0.860000, 0.830000, 0.740000),
            (0.860000, 0.830000, 0.740000), (0.860000, 0.830000, 0.740000), (0.860000, 0.830000, 0.740000), (0.860000, 0.830000, 0.740000),
            (0.860000, 0.830000, 0.740000), (0.860000, 0.830000, 0.740000), (0.860000, 0.830000, 0.740000), (0.860000, 0.830000, 0.740000),
            (0.860000, 0.830000, 0.740000), (0.860000, 0.830000, 0.740000), (0.860000, 0.830000, 0.740000), (0.860000, 0.830000, 0.740000),
            (0.860000, 0.830000, 0.740000), (0.860000, 0.830000, 0.740000), (0.860000, 0.830000, 0.740000), (0.860000, 0.830000, 0.740000),
            (0.860000, 0.830000, 0.740000), (0.860000, 0.830000, 0.740000), (0.860000, 0.830000, 0.740000), (0.860000, 0.830000, 0.740000),
            (0.860000, 0.830000, 0.740000), (0.860000, 0.830000, 0.740000), (0.860000, 0.830000, 0.740000), (0.860000, 0.830000, 0.740000),
            (0.860000, 0.830000, 0.740000), (0.860000, 0.830000, 0.740000), (0.860000, 0.830000, 0.740000), (0.860000, 0.830000, 0.740000),
            (0.860000, 0.830000, 0.740000), (0.860000, 0.830000, 0.740000), (0.860000, 0.830000, 0.740000), (0.860000, 0.830000, 0.740000),
            (0.860000, 0.830000, 0.740000), (0.860000, 0.830000, 0.740000), (0.860000, 0.830000, 0.740000), (0.860000, 0.830000, 0.740000),
            (0.860000, 0.830000, 0.740000), (0.860000, 0.830000, 0.740000), (0.860000, 0.830000, 0.740000), (0.860000, 0.830000, 0.740000),
            (0.860000, 0.830000, 0.740000), (0.860000, 0.830000, 0.740000), (0.860000, 0.830000, 0.740000), (0.860000, 0.830000, 0.740000),
            (0.860000, 0.830000, 0.740000), (0.860000, 0.830000, 0.740000), (0.860000, 0.830000, 0.740000), (0.860000, 0.830000, 0.740000),
            (0.860000, 0.830000, 0.740000), (0.860000, 0.830000, 0.740000), (0.860000, 0.830000, 0.740000), (0.720000, 0.670000, 0.560000),
            (0.720000, 0.670000, 0.560000), (0.720000, 0.670000, 0.560000), (0.720000, 0.670000, 0.560000), (0.720000, 0.670000, 0.560000),
            (0.720000, 0.670000, 0.560000), (0.720000, 0.670000, 0.560000), (0.720000, 0.670000, 0.560000), (0.720000, 0.670000, 0.560000),
            (0.720000, 0.670000, 0.560000), (0.860000, 0.830000, 0.740000), (0.860000, 0.830000, 0.740000), (0.860000, 0.830000, 0.740000),
            (0.860000, 0.830000, 0.740000), (0.860000, 0.830000, 0.740000), (0.860000, 0.830000, 0.740000), (0.860000, 0.830000, 0.740000),
            (0.860000, 0.830000, 0.740000), (0.860000, 0.830000, 0.740000), (0.860000, 0.830000, 0.740000), (0.860000, 0.830000, 0.740000),
            (0.860000, 0.830000, 0.740000), (0.860000, 0.830000, 0.740000), (0.860000, 0.830000, 0.740000), (0.860000, 0.830000, 0.740000),
            (0.860000, 0.830000, 0.740000), (0.860000, 0.830000, 0.740000), (0.860000, 0.830000, 0.740000), (0.860000, 0.830000, 0.740000),
            (0.860000, 0.830000, 0.740000), (0.860000, 0.830000, 0.740000), (0.860000, 0.830000, 0.740000), (0.860000, 0.830000, 0.740000),
            (0.860000, 0.830000, 0.740000), (0.860000, 0.830000, 0.740000), (0.860000, 0.830000, 0.740000), (0.860000, 0.830000, 0.740000),
            (0.860000, 0.830000, 0.740000), (0.860000, 0.830000, 0.740000), (0.860000, 0.830000, 0.740000), (0.860000, 0.830000, 0.740000),
            (0.860000, 0.830000, 0.740000), (0.860000, 0.830000, 0.740000), (0.860000, 0.830000, 0.740000), (0.860000, 0.830000, 0.740000),
            (0.860000, 0.830000, 0.740000), (0.860000, 0.830000, 0.740000), (0.860000, 0.830000, 0.740000), (0.860000, 0.830000, 0.740000),
            (0.860000, 0.830000, 0.740000), (0.860000, 0.830000, 0.740000), (0.860000, 0.830000, 0.740000), (0.860000, 0.830000, 0.740000),
            (0.860000, 0.830000, 0.740000), (0.860000, 0.830000, 0.740000), (0.860000, 0.830000, 0.740000), (0.860000, 0.830000, 0.740000),
            (0.860000, 0.830000, 0.740000), (0.860000, 0.830000, 0.740000), (0.860000, 0.830000, 0.740000), (0.860000, 0.830000, 0.740000),
            (0.860000, 0.830000, 0.740000), (0.860000, 0.830000, 0.740000), (0.860000, 0.830000, 0.740000), (0.860000, 0.830000, 0.740000),
            (0.860000, 0.830000, 0.740000), (0.860000, 0.830000, 0.740000), (0.860000, 0.830000, 0.740000), (0.860000, 0.830000, 0.740000),
            (0.860000, 0.830000, 0.740000), (0.860000, 0.830000, 0.740000), (0.860000, 0.830000, 0.740000), (0.860000, 0.830000, 0.740000),
            (0.860000, 0.830000, 0.740000), (0.860000, 0.830000, 0.740000), (0.860000, 0.830000, 0.740000), (0.720000, 0.670000, 0.560000),
            (0.720000, 0.670000, 0.560000), (0.720000, 0.670000, 0.560000), (0.720000, 0.670000, 0.560000), (0.720000, 0.670000, 0.560000),
            (0.720000, 0.670000, 0.560000), (0.720000, 0.670000, 0.560000), (0.720000, 0.670000, 0.560000), (0.720000, 0.670000, 0.560000),
            (0.720000, 0.670000, 0.560000), (0.860000, 0.830000, 0.740000), (0.860000, 0.830000, 0.740000), (0.860000, 0.830000, 0.740000),
            (0.860000, 0.830000, 0.740000), (0.860000, 0.830000, 0.740000), (0.860000, 0.830000, 0.740000), (0.860000, 0.830000, 0.740000),
            (0.860000, 0.830000, 0.740000), (0.860000, 0.830000, 0.740000), (0.860000, 0.830000, 0.740000), (0.860000, 0.830000, 0.740000),
            (0.860000, 0.830000, 0.740000), (0.860000, 0.830000, 0.740000), (0.860000, 0.830000, 0.740000), (0.860000, 0.830000, 0.740000),
            (0.860000, 0.830000, 0.740000), (0.860000, 0.830000, 0.740000), (0.860000, 0.830000, 0.740000), (0.860000, 0.830000, 0.740000),
            (0.860000, 0.830000, 0.740000), (0.860000, 0.830000, 0.740000), (0.860000, 0.830000, 0.740000), (0.860000, 0.830000, 0.740000),
            (0.860000, 0.830000, 0.740000), (0.860000, 0.830000, 0.740000), (0.860000, 0.830000, 0.740000), (0.860000, 0.830000, 0.740000),
            (0.860000, 0.830000, 0.740000), (0.860000, 0.830000, 0.740000), (0.860000, 0.830000, 0.740000), (0.860000, 0.830000, 0.740000),
            (0.860000, 0.830000, 0.740000), (0.860000, 0.830000, 0.740000), (0.860000, 0.830000, 0.740000), (0.860000, 0.830000, 0.740000),
            (0.860000, 0.830000, 0.740000), (0.860000, 0.830000, 0.740000), (0.860000, 0.830000, 0.740000), (0.860000, 0.830000, 0.740000),
            (0.860000, 0.830000, 0.740000), (0.860000, 0.830000, 0.740000), (0.860000, 0.830000, 0.740000), (0.860000, 0.830000, 0.740000),
            (0.860000, 0.830000, 0.740000), (0.860000, 0.830000, 0.740000), (0.860000, 0.830000, 0.740000), (0.860000, 0.830000, 0.740000),
            (0.860000, 0.830000, 0.740000), (0.860000, 0.830000, 0.740000), (0.860000, 0.830000, 0.740000), (0.860000, 0.830000, 0.740000),
            (0.860000, 0.830000, 0.740000), (0.860000, 0.830000, 0.740000), (0.860000, 0.830000, 0.740000), (0.860000, 0.830000, 0.740000),
            (0.860000, 0.830000, 0.740000), (0.860000, 0.830000, 0.740000), (0.860000, 0.830000, 0.740000), (0.860000, 0.830000, 0.740000),
            (0.860000, 0.830000, 0.740000), (0.860000, 0.830000, 0.740000), (0.860000, 0.830000, 0.740000), (0.860000, 0.830000, 0.740000),
            (0.860000, 0.830000, 0.740000), (0.860000, 0.830000, 0.740000), (0.860000, 0.830000, 0.740000), (0.720000, 0.670000, 0.560000),
            (0.720000, 0.670000, 0.560000), (0.720000, 0.670000, 0.560000), (0.720000, 0.670000, 0.560000), (0.720000, 0.670000, 0.560000),
            (0.720000, 0.670000, 0.560000), (0.720000, 0.670000, 0.560000), (0.720000, 0.670000, 0.560000), (0.720000, 0.670000, 0.560000),
            (0.720000, 0.670000, 0.560000), (0.860000, 0.830000, 0.740000), (0.860000, 0.830000, 0.740000), (0.860000, 0.830000, 0.740000),
            (0.860000, 0.830000, 0.740000), (0.860000, 0.830000, 0.740000), (0.860000, 0.830000, 0.740000), (0.860000, 0.830000, 0.740000),
            (0.860000, 0.830000, 0.740000), (0.860000, 0.830000, 0.740000), (0.860000, 0.830000, 0.740000), (0.860000, 0.830000, 0.740000),
            (0.860000, 0.830000, 0.740000), (0.860000, 0.830000, 0.740000), (0.860000, 0.830000, 0.740000), (0.860000, 0.830000, 0.740000),
            (0.860000, 0.830000, 0.740000), (0.860000, 0.830000, 0.740000), (0.860000, 0.830000, 0.740000), (0.860000, 0.830000, 0.740000),
            (0.860000, 0.830000, 0.740000), (0.860000, 0.830000, 0.740000), (0.860000, 0.830000, 0.740000), (0.860000, 0.830000, 0.740000),
            (0.860000, 0.830000, 0.740000), (0.860000, 0.830000, 0.740000), (0.860000, 0.830000, 0.740000), (0.860000, 0.830000, 0.740000),
            (0.860000, 0.830000, 0.740000), (0.860000, 0.830000, 0.740000), (0.860000, 0.830000, 0.740000), (0.860000, 0.830000, 0.740000),
            (0.860000, 0.830000, 0.740000), (0.860000, 0.830000, 0.740000), (0.860000, 0.830000, 0.740000), (0.860000, 0.830000, 0.740000),
            (0.860000, 0.830000, 0.740000), (0.860000, 0.830000, 0.740000), (0.860000, 0.830000, 0.740000), (0.860000, 0.830000, 0.740000),
            (0.860000, 0.830000, 0.740000), (0.860000, 0.830000, 0.740000), (0.860000, 0.830000, 0.740000), (0.860000, 0.830000, 0.740000),
            (0.860000, 0.830000, 0.740000), (0.860000, 0.830000, 0.740000), (0.860000, 0.830000, 0.740000), (0.860000, 0.830000, 0.740000),
            (0.860000, 0.830000, 0.740000), (0.860000, 0.830000, 0.740000), (0.860000, 0.830000, 0.740000), (0.860000, 0.830000, 0.740000),
            (0.860000, 0.830000, 0.740000), (0.860000, 0.830000, 0.740000), (0.860000, 0.830000, 0.740000), (0.860000, 0.830000, 0.740000),
            (0.860000, 0.830000, 0.740000), (0.860000, 0.830000, 0.740000), (0.860000, 0.830000, 0.740000), (0.860000, 0.830000, 0.740000),
            (0.860000, 0.830000, 0.740000), (0.860000, 0.830000, 0.740000), (0.860000, 0.830000, 0.740000), (0.860000, 0.830000, 0.740000),
            (0.860000, 0.830000, 0.740000), (0.860000, 0.830000, 0.740000), (0.860000, 0.830000, 0.740000), (0.720000, 0.670000, 0.560000),
            (0.720000, 0.670000, 0.560000), (0.720000, 0.670000, 0.560000), (0.720000, 0.670000, 0.560000), (0.720000, 0.670000, 0.560000),
            (0.720000, 0.670000, 0.560000), (0.720000, 0.670000, 0.560000), (0.720000, 0.670000, 0.560000), (0.720000, 0.670000, 0.560000),
            (0.720000, 0.670000, 0.560000), (0.860000, 0.830000, 0.740000), (0.860000, 0.830000, 0.740000), (0.860000, 0.830000, 0.740000),
            (0.860000, 0.830000, 0.740000), (0.860000, 0.830000, 0.740000), (0.860000, 0.830000, 0.740000), (0.860000, 0.830000, 0.740000),
            (0.860000, 0.830000, 0.740000), (0.860000, 0.830000, 0.740000), (0.860000, 0.830000, 0.740000), (0.860000, 0.830000, 0.740000),
            (0.860000, 0.830000, 0.740000), (0.860000, 0.830000, 0.740000), (0.860000, 0.830000, 0.740000), (0.860000, 0.830000, 0.740000),
            (0.860000, 0.830000, 0.740000), (0.860000, 0.830000, 0.740000), (0.860000, 0.830000, 0.740000), (0.860000, 0.830000, 0.740000),
            (0.860000, 0.830000, 0.740000), (0.860000, 0.830000, 0.740000), (0.860000, 0.830000, 0.740000), (0.860000, 0.830000, 0.740000),
            (0.860000, 0.830000, 0.740000), (0.860000, 0.830000, 0.740000), (0.860000, 0.830000, 0.740000), (0.860000, 0.830000, 0.740000),
            (0.860000, 0.830000, 0.740000), (0.860000, 0.830000, 0.740000), (0.860000, 0.830000, 0.740000), (0.860000, 0.830000, 0.740000),
            (0.860000, 0.830000, 0.740000), (0.860000, 0.830000, 0.740000), (0.860000, 0.830000, 0.740000), (0.860000, 0.830000, 0.740000),
            (0.860000, 0.830000, 0.740000), (0.860000, 0.830000, 0.740000), (0.860000, 0.830000, 0.740000), (0.860000, 0.830000, 0.740000),
            (0.860000, 0.830000, 0.740000), (0.860000, 0.830000, 0.740000), (0.860000, 0.830000, 0.740000), (0.860000, 0.830000, 0.740000),
            (0.860000, 0.830000, 0.740000), (0.860000, 0.830000, 0.740000), (0.860000, 0.830000, 0.740000), (0.860000, 0.830000, 0.740000),
            (0.860000, 0.830000, 0.740000), (0.860000, 0.830000, 0.740000), (0.860000, 0.830000, 0.740000), (0.860000, 0.830000, 0.740000),
            (0.860000, 0.830000, 0.740000), (0.860000, 0.830000, 0.740000), (0.860000, 0.830000, 0.740000), (0.860000, 0.830000, 0.740000),
            (0.860000, 0.830000, 0.740000), (0.860000, 0.830000, 0.740000), (0.860000, 0.830000, 0.740000), (0.860000, 0.830000, 0.740000),
            (0.860000, 0.830000, 0.740000), (0.860000, 0.830000, 0.740000), (0.860000, 0.830000, 0.740000), (0.860000, 0.830000, 0.740000),
            (0.860000, 0.830000, 0.740000), (0.860000, 0.830000, 0.740000), (0.860000, 0.830000, 0.740000), (0.720000, 0.670000, 0.560000),
            (0.720000, 0.670000, 0.560000), (0.720000, 0.670000, 0.560000), (0.720000, 0.670000, 0.560000), (0.720000, 0.670000, 0.560000),
            (0.720000, 0.670000, 0.560000), (0.720000, 0.670000, 0.560000), (0.720000, 0.670000, 0.560000), (0.720000, 0.670000, 0.560000),
            (0.720000, 0.670000, 0.560000), (0.860000, 0.830000, 0.740000), (0.860000, 0.830000, 0.740000), (0.860000, 0.830000, 0.740000),
            (0.860000, 0.830000, 0.740000), (0.860000, 0.830000, 0.740000), (0.860000, 0.830000, 0.740000), (0.860000, 0.830000, 0.740000),
            (0.860000, 0.830000, 0.740000), (0.860000, 0.830000, 0.740000), (0.860000, 0.830000, 0.740000), (0.860000, 0.830000, 0.740000),
            (0.860000, 0.830000, 0.740000), (0.860000, 0.830000, 0.740000), (0.860000, 0.830000, 0.740000), (0.860000, 0.830000, 0.740000),
            (0.860000, 0.830000, 0.740000), (0.860000, 0.830000, 0.740000), (0.860000, 0.830000, 0.740000), (0.860000, 0.830000, 0.740000),
            (0.860000, 0.830000, 0.740000), (0.860000, 0.830000, 0.740000), (0.860000, 0.830000, 0.740000), (0.860000, 0.830000, 0.740000),
            (0.860000, 0.830000, 0.740000), (0.860000, 0.830000, 0.740000), (0.860000, 0.830000, 0.740000), (0.860000, 0.830000, 0.740000),
            (0.860000, 0.830000, 0.740000), (0.860000, 0.830000, 0.740000), (0.860000, 0.830000, 0.740000), (0.860000, 0.830000, 0.740000),
            (0.860000, 0.830000, 0.740000), (0.860000, 0.830000, 0.740000), (0.860000, 0.830000, 0.740000), (0.860000, 0.830000, 0.740000),
            (0.860000, 0.830000, 0.740000), (0.860000, 0.830000, 0.740000), (0.860000, 0.830000, 0.740000), (0.860000, 0.830000, 0.740000),
            (0.860000, 0.830000, 0.740000), (0.860000, 0.830000, 0.740000), (0.860000, 0.830000, 0.740000), (0.860000, 0.830000, 0.740000),
            (0.860000, 0.830000, 0.740000), (0.860000, 0.830000, 0.740000), (0.860000, 0.830000, 0.740000), (0.860000, 0.830000, 0.740000),
            (0.860000, 0.830000, 0.740000), (0.860000, 0.830000, 0.740000), (0.860000, 0.830000, 0.740000), (0.860000, 0.830000, 0.740000),
            (0.860000, 0.830000, 0.740000), (0.860000, 0.830000, 0.740000), (0.860000, 0.830000, 0.740000), (0.860000, 0.830000, 0.740000),
            (0.860000, 0.830000, 0.740000), (0.860000, 0.830000, 0.740000), (0.860000, 0.830000, 0.740000), (0.860000, 0.830000, 0.740000),
            (0.860000, 0.830000, 0.740000), (0.860000, 0.830000, 0.740000), (0.860000, 0.830000, 0.740000), (0.860000, 0.830000, 0.740000),
            (0.860000, 0.830000, 0.740000), (0.860000, 0.830000, 0.740000), (0.860000, 0.830000, 0.740000), (0.720000, 0.670000, 0.560000),
            (0.720000, 0.670000, 0.560000), (0.720000, 0.670000, 0.560000), (0.720000, 0.670000, 0.560000), (0.720000, 0.670000, 0.560000),
            (0.720000, 0.670000, 0.560000), (0.720000, 0.670000, 0.560000), (0.720000, 0.670000, 0.560000), (0.720000, 0.670000, 0.560000),
            (0.720000, 0.670000, 0.560000), (0.860000, 0.830000, 0.740000), (0.860000, 0.830000, 0.740000), (0.860000, 0.830000, 0.740000),
            (0.860000, 0.830000, 0.740000), (0.860000, 0.830000, 0.740000), (0.860000, 0.830000, 0.740000), (0.860000, 0.830000, 0.740000),
            (0.860000, 0.830000, 0.740000), (0.860000, 0.830000, 0.740000), (0.860000, 0.830000, 0.740000), (0.860000, 0.830000, 0.740000),
            (0.860000, 0.830000, 0.740000), (0.860000, 0.830000, 0.740000), (0.860000, 0.830000, 0.740000), (0.860000, 0.830000, 0.740000),
            (0.860000, 0.830000, 0.740000), (0.860000, 0.830000, 0.740000), (0.860000, 0.830000, 0.740000), (0.860000, 0.830000, 0.740000),
            (0.860000, 0.830000, 0.740000), (0.860000, 0.830000, 0.740000), (0.860000, 0.830000, 0.740000), (0.860000, 0.830000, 0.740000),
            (0.860000, 0.830000, 0.740000), (0.860000, 0.830000, 0.740000), (0.860000, 0.830000, 0.740000), (0.860000, 0.830000, 0.740000),
            (0.860000, 0.830000, 0.740000), (0.860000, 0.830000, 0.740000), (0.860000, 0.830000, 0.740000), (0.860000, 0.830000, 0.740000),
            (0.860000, 0.830000, 0.740000), (0.860000, 0.830000, 0.740000), (0.860000, 0.830000, 0.740000), (0.860000, 0.830000, 0.740000),
            (0.860000, 0.830000, 0.740000), (0.860000, 0.830000, 0.740000), (0.860000, 0.830000, 0.740000), (0.860000, 0.830000, 0.740000),
            (0.860000, 0.830000, 0.740000), (0.860000, 0.830000, 0.740000), (0.860000, 0.830000, 0.740000), (0.860000, 0.830000, 0.740000),
            (0.860000, 0.830000, 0.740000), (0.860000, 0.830000, 0.740000), (0.860000, 0.830000, 0.740000), (0.860000, 0.830000, 0.740000),
            (0.860000, 0.830000, 0.740000), (0.860000, 0.830000, 0.740000), (0.860000, 0.830000, 0.740000), (0.860000, 0.830000, 0.740000),
            (0.860000, 0.830000, 0.740000), (0.860000, 0.830000, 0.740000), (0.860000, 0.830000, 0.740000), (0.860000, 0.830000, 0.740000),
            (0.860000, 0.830000, 0.740000), (0.860000, 0.830000, 0.740000), (0.860000, 0.830000, 0.740000), (0.860000, 0.830000, 0.740000),
            (0.860000, 0.830000, 0.740000), (0.860000, 0.830000, 0.740000), (0.860000, 0.830000, 0.740000), (0.860000, 0.830000, 0.740000),
            (0.860000, 0.830000, 0.740000), (0.860000, 0.830000, 0.740000), (0.860000, 0.830000, 0.740000), (0.720000, 0.670000, 0.560000),
            (0.720000, 0.670000, 0.560000), (0.720000, 0.670000, 0.560000), (0.720000, 0.670000, 0.560000), (0.720000, 0.670000, 0.560000),
            (0.720000, 0.670000, 0.560000), (0.720000, 0.670000, 0.560000), (0.720000, 0.670000, 0.560000), (0.720000, 0.670000, 0.560000),
            (0.720000, 0.670000, 0.560000), (0.860000, 0.830000, 0.740000), (0.860000, 0.830000, 0.740000), (0.860000, 0.830000, 0.740000),
            (0.860000, 0.830000, 0.740000), (0.860000, 0.830000, 0.740000), (0.860000, 0.830000, 0.740000), (0.860000, 0.830000, 0.740000),
            (0.860000, 0.830000, 0.740000), (0.860000, 0.830000, 0.740000), (0.860000, 0.830000, 0.740000), (0.860000, 0.830000, 0.740000),
            (0.860000, 0.830000, 0.740000), (0.860000, 0.830000, 0.740000), (0.860000, 0.830000, 0.740000), (0.860000, 0.830000, 0.740000),
            (0.860000, 0.830000, 0.740000), (0.860000, 0.830000, 0.740000), (0.860000, 0.830000, 0.740000), (0.860000, 0.830000, 0.740000),
            (0.860000, 0.830000, 0.740000), (0.860000, 0.830000, 0.740000), (0.860000, 0.830000, 0.740000), (0.860000, 0.830000, 0.740000),
            (0.860000, 0.830000, 0.740000), (0.860000, 0.830000, 0.740000), (0.860000, 0.830000, 0.740000), (0.860000, 0.830000, 0.740000),
            (0.860000, 0.830000, 0.740000), (0.860000, 0.830000, 0.740000), (0.860000, 0.830000, 0.740000), (0.860000, 0.830000, 0.740000),
            (0.860000, 0.830000, 0.740000), (0.860000, 0.830000, 0.740000), (0.860000, 0.830000, 0.740000), (0.860000, 0.830000, 0.740000),
            (0.860000, 0.830000, 0.740000), (0.860000, 0.830000, 0.740000), (0.860000, 0.830000, 0.740000), (0.860000, 0.830000, 0.740000),
            (0.860000, 0.830000, 0.740000), (0.860000, 0.830000, 0.740000), (0.860000, 0.830000, 0.740000), (0.860000, 0.830000, 0.740000),
            (0.860000, 0.830000, 0.740000), (0.860000, 0.830000, 0.740000), (0.860000, 0.830000, 0.740000), (0.860000, 0.830000, 0.740000),
            (0.860000, 0.830000, 0.740000), (0.860000, 0.830000, 0.740000), (0.860000, 0.830000, 0.740000), (0.860000, 0.830000, 0.740000),
            (0.860000, 0.830000, 0.740000), (0.860000, 0.830000, 0.740000), (0.860000, 0.830000, 0.740000), (0.860000, 0.830000, 0.740000),
            (0.860000, 0.830000, 0.740000), (0.860000, 0.830000, 0.740000), (0.860000, 0.830000, 0.740000), (0.860000, 0.830000, 0.740000),
            (0.860000, 0.830000, 0.740000), (0.860000, 0.830000, 0.740000), (0.860000, 0.830000, 0.740000), (0.860000, 0.830000, 0.740000),
            (0.860000, 0.830000, 0.740000), (0.860000, 0.830000, 0.740000), (0.860000, 0.830000, 0.740000), (0.720000, 0.670000, 0.560000),
            (0.720000, 0.670000, 0.560000), (0.720000, 0.670000, 0.560000), (0.720000, 0.670000, 0.560000), (0.720000, 0.670000, 0.560000),
            (0.720000, 0.670000, 0.560000), (0.720000, 0.670000, 0.560000), (0.720000, 0.670000, 0.560000), (0.720000, 0.670000, 0.560000),
            (0.720000, 0.670000, 0.560000), (0.860000, 0.830000, 0.740000), (0.860000, 0.830000, 0.740000), (0.860000, 0.830000, 0.740000),
            (0.860000, 0.830000, 0.740000), (0.860000, 0.830000, 0.740000), (0.860000, 0.830000, 0.740000), (0.860000, 0.830000, 0.740000),
            (0.860000, 0.830000, 0.740000), (0.860000, 0.830000, 0.740000), (0.860000, 0.830000, 0.740000), (0.860000, 0.830000, 0.740000),
            (0.860000, 0.830000, 0.740000), (0.860000, 0.830000, 0.740000), (0.860000, 0.830000, 0.740000), (0.860000, 0.830000, 0.740000),
            (0.860000, 0.830000, 0.740000), (0.860000, 0.830000, 0.740000), (0.860000, 0.830000, 0.740000), (0.860000, 0.830000, 0.740000),
            (0.860000, 0.830000, 0.740000), (0.860000, 0.830000, 0.740000), (0.860000, 0.830000, 0.740000), (0.860000, 0.830000, 0.740000),
            (0.860000, 0.830000, 0.740000), (0.860000, 0.830000, 0.740000), (0.860000, 0.830000, 0.740000), (0.860000, 0.830000, 0.740000),
            (0.860000, 0.830000, 0.740000), (0.860000, 0.830000, 0.740000), (0.860000, 0.830000, 0.740000), (0.860000, 0.830000, 0.740000),
            (0.860000, 0.830000, 0.740000), (0.860000, 0.830000, 0.740000), (0.860000, 0.830000, 0.740000), (0.860000, 0.830000, 0.740000),
            (0.860000, 0.830000, 0.740000), (0.860000, 0.830000, 0.740000), (0.860000, 0.830000, 0.740000), (0.860000, 0.830000, 0.740000),
            (0.860000, 0.830000, 0.740000), (0.860000, 0.830000, 0.740000), (0.860000, 0.830000, 0.740000), (0.860000, 0.830000, 0.740000),
            (0.860000, 0.830000, 0.740000), (0.860000, 0.830000, 0.740000), (0.860000, 0.830000, 0.740000), (0.860000, 0.830000, 0.740000),
            (0.860000, 0.830000, 0.740000), (0.860000, 0.830000, 0.740000), (0.860000, 0.830000, 0.740000), (0.860000, 0.830000, 0.740000),
            (0.860000, 0.830000, 0.740000), (0.860000, 0.830000, 0.740000), (0.860000, 0.830000, 0.740000), (0.860000, 0.830000, 0.740000),
            (0.860000, 0.830000, 0.740000), (0.860000, 0.830000, 0.740000), (0.860000, 0.830000, 0.740000), (0.860000, 0.830000, 0.740000),
            (0.860000, 0.830000, 0.740000), (0.860000, 0.830000, 0.740000), (0.860000, 0.830000, 0.740000), (0.860000, 0.830000, 0.740000),
            (0.860000, 0.830000, 0.740000), (0.860000, 0.830000, 0.740000), (0.860000, 0.830000, 0.740000), (0.720000, 0.670000, 0.560000),
            (0.720000, 0.670000, 0.560000), (0.720000, 0.670000, 0.560000), (0.720000, 0.670000, 0.560000), (0.720000, 0.670000, 0.560000),
            (0.720000, 0.670000, 0.560000), (0.720000, 0.670000, 0.560000), (0.720000, 0.670000, 0.560000), (0.720000, 0.670000, 0.560000),
            (0.720000, 0.670000, 0.560000), (0.860000, 0.830000, 0.740000), (0.860000, 0.830000, 0.740000), (0.860000, 0.830000, 0.740000),
            (0.860000, 0.830000, 0.740000), (0.860000, 0.830000, 0.740000), (0.860000, 0.830000, 0.740000), (0.860000, 0.830000, 0.740000),
            (0.860000, 0.830000, 0.740000), (0.860000, 0.830000, 0.740000), (0.860000, 0.830000, 0.740000), (0.860000, 0.830000, 0.740000),
            (0.860000, 0.830000, 0.740000), (0.860000, 0.830000, 0.740000), (0.860000, 0.830000, 0.740000), (0.860000, 0.830000, 0.740000),
            (0.860000, 0.830000, 0.740000), (0.860000, 0.830000, 0.740000), (0.860000, 0.830000, 0.740000), (0.860000, 0.830000, 0.740000),
            (0.860000, 0.830000, 0.740000), (0.860000, 0.830000, 0.740000), (0.860000, 0.830000, 0.740000), (0.860000, 0.830000, 0.740000),
            (0.860000, 0.830000, 0.740000), (0.860000, 0.830000, 0.740000), (0.860000, 0.830000, 0.740000), (0.860000, 0.830000, 0.740000),
            (0.860000, 0.830000, 0.740000), (0.860000, 0.830000, 0.740000), (0.860000, 0.830000, 0.740000), (0.860000, 0.830000, 0.740000),
            (0.860000, 0.830000, 0.740000), (0.860000, 0.830000, 0.740000), (0.860000, 0.830000, 0.740000), (0.860000, 0.830000, 0.740000),
            (0.860000, 0.830000, 0.740000), (0.860000, 0.830000, 0.740000), (0.860000, 0.830000, 0.740000), (0.860000, 0.830000, 0.740000),
            (0.860000, 0.830000, 0.740000), (0.860000, 0.830000, 0.740000), (0.860000, 0.830000, 0.740000), (0.860000, 0.830000, 0.740000),
            (0.860000, 0.830000, 0.740000), (0.860000, 0.830000, 0.740000), (0.860000, 0.830000, 0.740000), (0.860000, 0.830000, 0.740000),
            (0.860000, 0.830000, 0.740000), (0.860000, 0.830000, 0.740000), (0.860000, 0.830000, 0.740000), (0.860000, 0.830000, 0.740000),
            (0.860000, 0.830000, 0.740000), (0.860000, 0.830000, 0.740000), (0.860000, 0.830000, 0.740000), (0.860000, 0.830000, 0.740000),
            (0.860000, 0.830000, 0.740000), (0.860000, 0.830000, 0.740000), (0.860000, 0.830000, 0.740000), (0.860000, 0.830000, 0.740000),
            (0.860000, 0.830000, 0.740000), (0.860000, 0.830000, 0.740000), (0.860000, 0.830000, 0.740000), (0.860000, 0.830000, 0.740000),
            (0.860000, 0.830000, 0.740000), (0.860000, 0.830000, 0.740000), (0.860000, 0.830000, 0.740000), (0.720000, 0.670000, 0.560000),
            (0.720000, 0.670000, 0.560000), (0.720000, 0.670000, 0.560000), (0.720000, 0.670000, 0.560000), (0.720000, 0.670000, 0.560000),
            (0.720000, 0.670000, 0.560000), (0.720000, 0.670000, 0.560000), (0.720000, 0.670000, 0.560000), (0.720000, 0.670000, 0.560000),
            (0.720000, 0.670000, 0.560000), (0.860000, 0.830000, 0.740000), (0.860000, 0.830000, 0.740000), (0.860000, 0.830000, 0.740000),
            (0.860000, 0.830000, 0.740000), (0.860000, 0.830000, 0.740000), (0.860000, 0.830000, 0.740000), (0.860000, 0.830000, 0.740000),
            (0.860000, 0.830000, 0.740000), (0.860000, 0.830000, 0.740000), (0.860000, 0.830000, 0.740000), (0.860000, 0.830000, 0.740000),
            (0.860000, 0.830000, 0.740000), (0.860000, 0.830000, 0.740000), (0.860000, 0.830000, 0.740000), (0.860000, 0.830000, 0.740000),
            (0.860000, 0.830000, 0.740000), (0.860000, 0.830000, 0.740000), (0.860000, 0.830000, 0.740000), (0.860000, 0.830000, 0.740000),
            (0.860000, 0.830000, 0.740000), (0.860000, 0.830000, 0.740000), (0.860000, 0.830000, 0.740000), (0.860000, 0.830000, 0.740000),
            (0.860000, 0.830000, 0.740000), (0.860000, 0.830000, 0.740000), (0.860000, 0.830000, 0.740000), (0.860000, 0.830000, 0.740000),
            (0.860000, 0.830000, 0.740000), (0.860000, 0.830000, 0.740000), (0.860000, 0.830000, 0.740000), (0.860000, 0.830000, 0.740000),
            (0.860000, 0.830000, 0.740000), (0.860000, 0.830000, 0.740000), (0.860000, 0.830000, 0.740000), (0.860000, 0.830000, 0.740000),
            (0.860000, 0.830000, 0.740000), (0.860000, 0.830000, 0.740000), (0.860000, 0.830000, 0.740000), (0.860000, 0.830000, 0.740000),
            (0.860000, 0.830000, 0.740000), (0.860000, 0.830000, 0.740000), (0.860000, 0.830000, 0.740000), (0.860000, 0.830000, 0.740000),
            (0.860000, 0.830000, 0.740000), (0.860000, 0.830000, 0.740000), (0.860000, 0.830000, 0.740000), (0.860000, 0.830000, 0.740000),
            (0.860000, 0.830000, 0.740000), (0.860000, 0.830000, 0.740000), (0.860000, 0.830000, 0.740000), (0.860000, 0.830000, 0.740000),
            (0.860000, 0.830000, 0.740000), (0.860000, 0.830000, 0.740000), (0.860000, 0.830000, 0.740000), (0.860000, 0.830000, 0.740000),
            (0.860000, 0.830000, 0.740000), (0.860000, 0.830000, 0.740000), (0.860000, 0.830000, 0.740000), (0.860000, 0.830000, 0.740000),
            (0.860000, 0.830000, 0.740000), (0.860000, 0.830000, 0.740000), (0.860000, 0.830000, 0.740000), (0.860000, 0.830000, 0.740000),
            (0.860000, 0.830000, 0.740000), (0.860000, 0.830000, 0.740000), (0.860000, 0.830000, 0.740000), (0.720000, 0.670000, 0.560000),
            (0.720000, 0.670000, 0.560000), (0.720000, 0.670000, 0.560000), (0.720000, 0.670000, 0.560000), (0.720000, 0.670000, 0.560000),
            (0.720000, 0.670000, 0.560000), (0.720000, 0.670000, 0.560000), (0.720000, 0.670000, 0.560000), (0.720000, 0.670000, 0.560000),
            (0.720000, 0.670000, 0.560000), (0.860000, 0.830000, 0.740000), (0.860000, 0.830000, 0.740000), (0.860000, 0.830000, 0.740000),
            (0.860000, 0.830000, 0.740000), (0.860000, 0.830000, 0.740000), (0.860000, 0.830000, 0.740000), (0.860000, 0.830000, 0.740000),
            (0.860000, 0.830000, 0.740000), (0.860000, 0.830000, 0.740000), (0.860000, 0.830000, 0.740000), (0.860000, 0.830000, 0.740000),
            (0.860000, 0.830000, 0.740000), (0.860000, 0.830000, 0.740000), (0.860000, 0.830000, 0.740000), (0.860000, 0.830000, 0.740000),
            (0.860000, 0.830000, 0.740000), (0.860000, 0.830000, 0.740000), (0.860000, 0.830000, 0.740000), (0.860000, 0.830000, 0.740000),
            (0.860000, 0.830000, 0.740000), (0.860000, 0.830000, 0.740000), (0.860000, 0.830000, 0.740000), (0.860000, 0.830000, 0.740000),
            (0.860000, 0.830000, 0.740000), (0.860000, 0.830000, 0.740000), (0.860000, 0.830000, 0.740000), (0.860000, 0.830000, 0.740000),
            (0.860000, 0.830000, 0.740000), (0.860000, 0.830000, 0.740000), (0.860000, 0.830000, 0.740000), (0.860000, 0.830000, 0.740000),
            (0.860000, 0.830000, 0.740000), (0.860000, 0.830000, 0.740000), (0.860000, 0.830000, 0.740000), (0.860000, 0.830000, 0.740000),
            (0.860000, 0.830000, 0.740000), (0.860000, 0.830000, 0.740000), (0.860000, 0.830000, 0.740000), (0.860000, 0.830000, 0.740000),
            (0.860000, 0.830000, 0.740000), (0.860000, 0.830000, 0.740000), (0.860000, 0.830000, 0.740000), (0.860000, 0.830000, 0.740000),
            (0.860000, 0.830000, 0.740000), (0.860000, 0.830000, 0.740000), (0.860000, 0.830000, 0.740000), (0.860000, 0.830000, 0.740000),
            (0.860000, 0.830000, 0.740000), (0.860000, 0.830000, 0.740000), (0.860000, 0.830000, 0.740000), (0.860000, 0.830000, 0.740000),
            (0.860000, 0.830000, 0.740000), (0.860000, 0.830000, 0.740000), (0.860000, 0.830000, 0.740000), (0.860000, 0.830000, 0.740000),
            (0.860000, 0.830000, 0.740000), (0.860000, 0.830000, 0.740000), (0.860000, 0.830000, 0.740000), (0.860000, 0.830000, 0.740000),
            (0.860000, 0.830000, 0.740000), (0.860000, 0.830000, 0.740000), (0.860000, 0.830000, 0.740000), (0.860000, 0.830000, 0.740000),
            (0.860000, 0.830000, 0.740000), (0.860000, 0.830000, 0.740000), (0.860000, 0.830000, 0.740000), (0.720000, 0.670000, 0.560000),
            (0.720000, 0.670000, 0.560000), (0.720000, 0.670000, 0.560000), (0.720000, 0.670000, 0.560000), (0.720000, 0.670000, 0.560000),
            (0.720000, 0.670000, 0.560000), (0.720000, 0.670000, 0.560000), (0.720000, 0.670000, 0.560000), (0.720000, 0.670000, 0.560000),
            (0.720000, 0.670000, 0.560000), (0.860000, 0.830000, 0.740000), (0.860000, 0.830000, 0.740000), (0.860000, 0.830000, 0.740000),
            (0.860000, 0.830000, 0.740000), (0.860000, 0.830000, 0.740000), (0.860000, 0.830000, 0.740000), (0.860000, 0.830000, 0.740000),
            (0.860000, 0.830000, 0.740000), (0.860000, 0.830000, 0.740000), (0.860000, 0.830000, 0.740000), (0.860000, 0.830000, 0.740000),
            (0.860000, 0.830000, 0.740000), (0.860000, 0.830000, 0.740000), (0.860000, 0.830000, 0.740000), (0.860000, 0.830000, 0.740000),
            (0.860000, 0.830000, 0.740000), (0.860000, 0.830000, 0.740000), (0.860000, 0.830000, 0.740000), (0.860000, 0.830000, 0.740000),
            (0.860000, 0.830000, 0.740000), (0.860000, 0.830000, 0.740000), (0.860000, 0.830000, 0.740000), (0.860000, 0.830000, 0.740000),
            (0.860000, 0.830000, 0.740000), (0.860000, 0.830000, 0.740000), (0.860000, 0.830000, 0.740000), (0.860000, 0.830000, 0.740000),
            (0.860000, 0.830000, 0.740000), (0.860000, 0.830000, 0.740000), (0.860000, 0.830000, 0.740000), (0.860000, 0.830000, 0.740000),
            (0.860000, 0.830000, 0.740000), (0.860000, 0.830000, 0.740000), (0.860000, 0.830000, 0.740000), (0.860000, 0.830000, 0.740000),
            (0.860000, 0.830000, 0.740000), (0.860000, 0.830000, 0.740000), (0.860000, 0.830000, 0.740000), (0.860000, 0.830000, 0.740000),
            (0.860000, 0.830000, 0.740000), (0.860000, 0.830000, 0.740000), (0.860000, 0.830000, 0.740000), (0.860000, 0.830000, 0.740000),
            (0.860000, 0.830000, 0.740000), (0.860000, 0.830000, 0.740000), (0.860000, 0.830000, 0.740000), (0.860000, 0.830000, 0.740000),
            (0.860000, 0.830000, 0.740000), (0.860000, 0.830000, 0.740000), (0.860000, 0.830000, 0.740000), (0.860000, 0.830000, 0.740000),
            (0.860000, 0.830000, 0.740000), (0.860000, 0.830000, 0.740000), (0.860000, 0.830000, 0.740000), (0.860000, 0.830000, 0.740000),
            (0.860000, 0.830000, 0.740000), (0.860000, 0.830000, 0.740000), (0.860000, 0.830000, 0.740000), (0.860000, 0.830000, 0.740000),
            (0.860000, 0.830000, 0.740000), (0.860000, 0.830000, 0.740000), (0.860000, 0.830000, 0.740000), (0.860000, 0.830000, 0.740000),
            (0.860000, 0.830000, 0.740000), (0.860000, 0.830000, 0.740000), (0.860000, 0.830000, 0.740000), (0.720000, 0.670000, 0.560000),
            (0.720000, 0.670000, 0.560000), (0.720000, 0.670000, 0.560000), (0.720000, 0.670000, 0.560000), (0.720000, 0.670000, 0.560000),
            (0.720000, 0.670000, 0.560000), (0.720000, 0.670000, 0.560000), (0.720000, 0.670000, 0.560000), (0.720000, 0.670000, 0.560000),
            (0.720000, 0.670000, 0.560000), (0.860000, 0.830000, 0.740000), (0.860000, 0.830000, 0.740000), (0.860000, 0.830000, 0.740000),
            (0.860000, 0.830000, 0.740000), (0.860000, 0.830000, 0.740000), (0.860000, 0.830000, 0.740000), (0.860000, 0.830000, 0.740000),
            (0.860000, 0.830000, 0.740000), (0.860000, 0.830000, 0.740000), (0.860000, 0.830000, 0.740000), (0.860000, 0.830000, 0.740000),
            (0.860000, 0.830000, 0.740000), (0.860000, 0.830000, 0.740000), (0.860000, 0.830000, 0.740000), (0.860000, 0.830000, 0.740000),
            (0.860000, 0.830000, 0.740000), (0.860000, 0.830000, 0.740000), (0.860000, 0.830000, 0.740000), (0.860000, 0.830000, 0.740000),
            (0.860000, 0.830000, 0.740000), (0.860000, 0.830000, 0.740000), (0.860000, 0.830000, 0.740000), (0.860000, 0.830000, 0.740000),
            (0.860000, 0.830000, 0.740000), (0.860000, 0.830000, 0.740000), (0.860000, 0.830000, 0.740000), (0.860000, 0.830000, 0.740000),
            (0.860000, 0.830000, 0.740000), (0.860000, 0.830000, 0.740000), (0.860000, 0.830000, 0.740000), (0.860000, 0.830000, 0.740000),
            (0.860000, 0.830000, 0.740000), (0.860000, 0.830000, 0.740000), (0.860000, 0.830000, 0.740000), (0.860000, 0.830000, 0.740000),
            (0.860000, 0.830000, 0.740000), (0.860000, 0.830000, 0.740000), (0.860000, 0.830000, 0.740000), (0.860000, 0.830000, 0.740000),
            (0.860000, 0.830000, 0.740000), (0.860000, 0.830000, 0.740000), (0.860000, 0.830000, 0.740000), (0.860000, 0.830000, 0.740000),
            (0.860000, 0.830000, 0.740000), (0.860000, 0.830000, 0.740000), (0.860000, 0.830000, 0.740000), (0.860000, 0.830000, 0.740000),
            (0.860000, 0.830000, 0.740000), (0.860000, 0.830000, 0.740000), (0.860000, 0.830000, 0.740000), (0.860000, 0.830000, 0.740000),
            (0.860000, 0.830000, 0.740000), (0.860000, 0.830000, 0.740000), (0.860000, 0.830000, 0.740000), (0.860000, 0.830000, 0.740000),
            (0.860000, 0.830000, 0.740000), (0.860000, 0.830000, 0.740000), (0.860000, 0.830000, 0.740000), (0.860000, 0.830000, 0.740000),
            (0.860000, 0.830000, 0.740000), (0.860000, 0.830000, 0.740000), (0.860000, 0.830000, 0.740000), (0.860000, 0.830000, 0.740000),
            (0.860000, 0.830000, 0.740000), (0.860000, 0.830000, 0.740000), (0.860000, 0.830000, 0.740000), (0.720000, 0.670000, 0.560000),
            (0.720000, 0.670000, 0.560000), (0.720000, 0.670000, 0.560000), (0.720000, 0.670000, 0.560000), (0.720000, 0.670000, 0.560000),
            (0.720000, 0.670000, 0.560000), (0.720000, 0.670000, 0.560000), (0.720000, 0.670000, 0.560000), (0.720000, 0.670000, 0.560000),
            (0.720000, 0.670000, 0.560000), (0.860000, 0.830000, 0.740000), (0.860000, 0.830000, 0.740000), (0.860000, 0.830000, 0.740000),
            (0.860000, 0.830000, 0.740000), (0.860000, 0.830000, 0.740000), (0.860000, 0.830000, 0.740000), (0.860000, 0.830000, 0.740000),
            (0.860000, 0.830000, 0.740000), (0.860000, 0.830000, 0.740000), (0.860000, 0.830000, 0.740000), (0.860000, 0.830000, 0.740000),
            (0.860000, 0.830000, 0.740000), (0.860000, 0.830000, 0.740000), (0.860000, 0.830000, 0.740000), (0.860000, 0.830000, 0.740000),
            (0.860000, 0.830000, 0.740000), (0.860000, 0.830000, 0.740000), (0.860000, 0.830000, 0.740000), (0.860000, 0.830000, 0.740000),
            (0.860000, 0.830000, 0.740000), (0.860000, 0.830000, 0.740000), (0.860000, 0.830000, 0.740000), (0.860000, 0.830000, 0.740000),
            (0.860000, 0.830000, 0.740000), (0.860000, 0.830000, 0.740000), (0.860000, 0.830000, 0.740000), (0.860000, 0.830000, 0.740000),
            (0.860000, 0.830000, 0.740000), (0.860000, 0.830000, 0.740000), (0.860000, 0.830000, 0.740000), (0.860000, 0.830000, 0.740000),
            (0.860000, 0.830000, 0.740000), (0.860000, 0.830000, 0.740000), (0.860000, 0.830000, 0.740000), (0.860000, 0.830000, 0.740000),
            (0.860000, 0.830000, 0.740000), (0.860000, 0.830000, 0.740000), (0.860000, 0.830000, 0.740000), (0.860000, 0.830000, 0.740000),
            (0.860000, 0.830000, 0.740000), (0.860000, 0.830000, 0.740000), (0.860000, 0.830000, 0.740000), (0.860000, 0.830000, 0.740000),
            (0.860000, 0.830000, 0.740000), (0.860000, 0.830000, 0.740000), (0.860000, 0.830000, 0.740000), (0.860000, 0.830000, 0.740000),
            (0.860000, 0.830000, 0.740000), (0.860000, 0.830000, 0.740000), (0.860000, 0.830000, 0.740000), (0.860000, 0.830000, 0.740000),
            (0.860000, 0.830000, 0.740000), (0.860000, 0.830000, 0.740000), (0.860000, 0.830000, 0.740000), (0.860000, 0.830000, 0.740000),
            (0.860000, 0.830000, 0.740000), (0.860000, 0.830000, 0.740000), (0.860000, 0.830000, 0.740000), (0.860000, 0.830000, 0.740000),
            (0.860000, 0.830000, 0.740000), (0.860000, 0.830000, 0.740000), (0.860000, 0.830000, 0.740000), (0.860000, 0.830000, 0.740000),
            (0.860000, 0.830000, 0.740000), (0.860000, 0.830000, 0.740000), (0.860000, 0.830000, 0.740000), (0.720000, 0.670000, 0.560000),
            (0.720000, 0.670000, 0.560000), (0.720000, 0.670000, 0.560000), (0.720000, 0.670000, 0.560000), (0.720000, 0.670000, 0.560000),
            (0.720000, 0.670000, 0.560000), (0.720000, 0.670000, 0.560000), (0.720000, 0.670000, 0.560000), (0.720000, 0.670000, 0.560000),
            (0.720000, 0.670000, 0.560000), (0.860000, 0.830000, 0.740000), (0.860000, 0.830000, 0.740000), (0.860000, 0.830000, 0.740000),
            (0.860000, 0.830000, 0.740000), (0.860000, 0.830000, 0.740000), (0.860000, 0.830000, 0.740000), (0.860000, 0.830000, 0.740000),
            (0.860000, 0.830000, 0.740000), (0.860000, 0.830000, 0.740000), (0.860000, 0.830000, 0.740000), (0.860000, 0.830000, 0.740000),
            (0.860000, 0.830000, 0.740000), (0.860000, 0.830000, 0.740000), (0.860000, 0.830000, 0.740000), (0.860000, 0.830000, 0.740000),
            (0.860000, 0.830000, 0.740000), (0.860000, 0.830000, 0.740000), (0.860000, 0.830000, 0.740000), (0.860000, 0.830000, 0.740000),
            (0.860000, 0.830000, 0.740000), (0.860000, 0.830000, 0.740000), (0.860000, 0.830000, 0.740000), (0.860000, 0.830000, 0.740000),
            (0.860000, 0.830000, 0.740000), (0.860000, 0.830000, 0.740000), (0.860000, 0.830000, 0.740000), (0.860000, 0.830000, 0.740000),
            (0.860000, 0.830000, 0.740000), (0.860000, 0.830000, 0.740000), (0.860000, 0.830000, 0.740000), (0.860000, 0.830000, 0.740000),
            (0.860000, 0.830000, 0.740000), (0.860000, 0.830000, 0.740000), (0.860000, 0.830000, 0.740000), (0.860000, 0.830000, 0.740000),
            (0.860000, 0.830000, 0.740000), (0.860000, 0.830000, 0.740000), (0.860000, 0.830000, 0.740000), (0.860000, 0.830000, 0.740000),
            (0.860000, 0.830000, 0.740000), (0.860000, 0.830000, 0.740000), (0.860000, 0.830000, 0.740000), (0.860000, 0.830000, 0.740000),
            (0.860000, 0.830000, 0.740000), (0.860000, 0.830000, 0.740000), (0.860000, 0.830000, 0.740000), (0.860000, 0.830000, 0.740000),
            (0.860000, 0.830000, 0.740000), (0.860000, 0.830000, 0.740000), (0.860000, 0.830000, 0.740000), (0.860000, 0.830000, 0.740000),
            (0.860000, 0.830000, 0.740000), (0.860000, 0.830000, 0.740000), (0.860000, 0.830000, 0.740000), (0.860000, 0.830000, 0.740000),
            (0.860000, 0.830000, 0.740000), (0.860000, 0.830000, 0.740000), (0.860000, 0.830000, 0.740000), (0.860000, 0.830000, 0.740000),
            (0.860000, 0.830000, 0.740000), (0.860000, 0.830000, 0.740000), (0.860000, 0.830000, 0.740000), (0.860000, 0.830000, 0.740000),
            (0.860000, 0.830000, 0.740000), (0.860000, 0.830000, 0.740000), (0.860000, 0.830000, 0.740000), (0.720000, 0.670000, 0.560000),
            (0.720000, 0.670000, 0.560000), (0.720000, 0.670000, 0.560000), (0.720000, 0.670000, 0.560000), (0.720000, 0.670000, 0.560000),
            (0.720000, 0.670000, 0.560000), (0.720000, 0.670000, 0.560000), (0.720000, 0.670000, 0.560000), (0.720000, 0.670000, 0.560000),
            (0.720000, 0.670000, 0.560000), (0.860000, 0.830000, 0.740000), (0.860000, 0.830000, 0.740000), (0.860000, 0.830000, 0.740000),
            (0.860000, 0.830000, 0.740000), (0.860000, 0.830000, 0.740000), (0.860000, 0.830000, 0.740000), (0.860000, 0.830000, 0.740000),
            (0.860000, 0.830000, 0.740000), (0.860000, 0.830000, 0.740000), (0.860000, 0.830000, 0.740000), (0.860000, 0.830000, 0.740000),
            (0.860000, 0.830000, 0.740000), (0.860000, 0.830000, 0.740000), (0.860000, 0.830000, 0.740000), (0.860000, 0.830000, 0.740000),
            (0.860000, 0.830000, 0.740000), (0.860000, 0.830000, 0.740000), (0.860000, 0.830000, 0.740000), (0.860000, 0.830000, 0.740000),
            (0.860000, 0.830000, 0.740000), (0.860000, 0.830000, 0.740000), (0.860000, 0.830000, 0.740000), (0.860000, 0.830000, 0.740000),
            (0.860000, 0.830000, 0.740000), (0.860000, 0.830000, 0.740000), (0.860000, 0.830000, 0.740000), (0.860000, 0.830000, 0.740000),
            (0.860000, 0.830000, 0.740000), (0.860000, 0.830000, 0.740000), (0.860000, 0.830000, 0.740000), (0.860000, 0.830000, 0.740000),
            (0.860000, 0.830000, 0.740000), (0.860000, 0.830000, 0.740000), (0.860000, 0.830000, 0.740000), (0.860000, 0.830000, 0.740000),
            (0.860000, 0.830000, 0.740000), (0.860000, 0.830000, 0.740000), (0.860000, 0.830000, 0.740000), (0.860000, 0.830000, 0.740000),
            (0.860000, 0.830000, 0.740000), (0.860000, 0.830000, 0.740000), (0.860000, 0.830000, 0.740000), (0.860000, 0.830000, 0.740000),
            (0.860000, 0.830000, 0.740000), (0.860000, 0.830000, 0.740000), (0.860000, 0.830000, 0.740000), (0.860000, 0.830000, 0.740000),
            (0.860000, 0.830000, 0.740000), (0.860000, 0.830000, 0.740000), (0.860000, 0.830000, 0.740000), (0.860000, 0.830000, 0.740000),
            (0.860000, 0.830000, 0.740000), (0.860000, 0.830000, 0.740000), (0.860000, 0.830000, 0.740000), (0.860000, 0.830000, 0.740000),
            (0.860000, 0.830000, 0.740000), (0.860000, 0.830000, 0.740000), (0.860000, 0.830000, 0.740000), (0.860000, 0.830000, 0.740000),
            (0.860000, 0.830000, 0.740000), (0.860000, 0.830000, 0.740000), (0.860000, 0.830000, 0.740000), (0.860000, 0.830000, 0.740000),
            (0.860000, 0.830000, 0.740000), (0.860000, 0.830000, 0.740000), (0.860000, 0.830000, 0.740000), (0.720000, 0.670000, 0.560000),
            (0.720000, 0.670000, 0.560000), (0.720000, 0.670000, 0.560000), (0.720000, 0.670000, 0.560000), (0.720000, 0.670000, 0.560000),
            (0.720000, 0.670000, 0.560000), (0.720000, 0.670000, 0.560000), (0.720000, 0.670000, 0.560000), (0.720000, 0.670000, 0.560000),
            (0.720000, 0.670000, 0.560000), (0.860000, 0.830000, 0.740000), (0.860000, 0.830000, 0.740000), (0.860000, 0.830000, 0.740000),
            (0.860000, 0.830000, 0.740000), (0.860000, 0.830000, 0.740000), (0.860000, 0.830000, 0.740000), (0.860000, 0.830000, 0.740000),
            (0.860000, 0.830000, 0.740000), (0.860000, 0.830000, 0.740000), (0.860000, 0.830000, 0.740000), (0.860000, 0.830000, 0.740000),
            (0.860000, 0.830000, 0.740000), (0.860000, 0.830000, 0.740000), (0.860000, 0.830000, 0.740000), (0.860000, 0.830000, 0.740000),
            (0.860000, 0.830000, 0.740000), (0.860000, 0.830000, 0.740000), (0.860000, 0.830000, 0.740000), (0.860000, 0.830000, 0.740000),
            (0.860000, 0.830000, 0.740000), (0.860000, 0.830000, 0.740000), (0.860000, 0.830000, 0.740000), (0.860000, 0.830000, 0.740000),
            (0.860000, 0.830000, 0.740000), (0.860000, 0.830000, 0.740000), (0.860000, 0.830000, 0.740000), (0.860000, 0.830000, 0.740000),
            (0.860000, 0.830000, 0.740000), (0.860000, 0.830000, 0.740000), (0.860000, 0.830000, 0.740000), (0.860000, 0.830000, 0.740000),
            (0.860000, 0.830000, 0.740000), (0.860000, 0.830000, 0.740000), (0.860000, 0.830000, 0.740000), (0.860000, 0.830000, 0.740000),
            (0.860000, 0.830000, 0.740000), (0.860000, 0.830000, 0.740000), (0.860000, 0.830000, 0.740000), (0.860000, 0.830000, 0.740000),
            (0.860000, 0.830000, 0.740000), (0.860000, 0.830000, 0.740000), (0.860000, 0.830000, 0.740000), (0.860000, 0.830000, 0.740000),
            (0.860000, 0.830000, 0.740000), (0.860000, 0.830000, 0.740000), (0.860000, 0.830000, 0.740000), (0.860000, 0.830000, 0.740000),
            (0.860000, 0.830000, 0.740000), (0.860000, 0.830000, 0.740000), (0.860000, 0.830000, 0.740000), (0.860000, 0.830000, 0.740000),
            (0.860000, 0.830000, 0.740000), (0.860000, 0.830000, 0.740000), (0.860000, 0.830000, 0.740000), (0.860000, 0.830000, 0.740000),
            (0.860000, 0.830000, 0.740000), (0.860000, 0.830000, 0.740000), (0.860000, 0.830000, 0.740000), (0.860000, 0.830000, 0.740000),
            (0.860000, 0.830000, 0.740000), (0.860000, 0.830000, 0.740000), (0.860000, 0.830000, 0.740000), (0.860000, 0.830000, 0.740000),
            (0.860000, 0.830000, 0.740000), (0.860000, 0.830000, 0.740000), (0.860000, 0.830000, 0.740000), (0.720000, 0.670000, 0.560000),
            (0.720000, 0.670000, 0.560000), (0.720000, 0.670000, 0.560000), (0.720000, 0.670000, 0.560000), (0.720000, 0.670000, 0.560000),
            (0.720000, 0.670000, 0.560000), (0.720000, 0.670000, 0.560000), (0.720000, 0.670000, 0.560000), (0.720000, 0.670000, 0.560000),
            (0.720000, 0.670000, 0.560000), (0.860000, 0.830000, 0.740000), (0.860000, 0.830000, 0.740000), (0.860000, 0.830000, 0.740000),
            (0.860000, 0.830000, 0.740000), (0.860000, 0.830000, 0.740000), (0.860000, 0.830000, 0.740000), (0.860000, 0.830000, 0.740000),
            (0.860000, 0.830000, 0.740000), (0.860000, 0.830000, 0.740000), (0.860000, 0.830000, 0.740000), (0.860000, 0.830000, 0.740000),
            (0.860000, 0.830000, 0.740000), (0.860000, 0.830000, 0.740000), (0.860000, 0.830000, 0.740000), (0.860000, 0.830000, 0.740000),
            (0.860000, 0.830000, 0.740000), (0.860000, 0.830000, 0.740000), (0.860000, 0.830000, 0.740000), (0.860000, 0.830000, 0.740000),
            (0.860000, 0.830000, 0.740000), (0.860000, 0.830000, 0.740000), (0.860000, 0.830000, 0.740000), (0.860000, 0.830000, 0.740000),
            (0.860000, 0.830000, 0.740000), (0.860000, 0.830000, 0.740000), (0.860000, 0.830000, 0.740000), (0.860000, 0.830000, 0.740000),
            (0.860000, 0.830000, 0.740000), (0.860000, 0.830000, 0.740000), (0.860000, 0.830000, 0.740000), (0.860000, 0.830000, 0.740000),
            (0.860000, 0.830000, 0.740000), (0.860000, 0.830000, 0.740000), (0.860000, 0.830000, 0.740000), (0.860000, 0.830000, 0.740000),
            (0.860000, 0.830000, 0.740000), (0.860000, 0.830000, 0.740000), (0.860000, 0.830000, 0.740000), (0.860000, 0.830000, 0.740000),
            (0.860000, 0.830000, 0.740000), (0.860000, 0.830000, 0.740000), (0.860000, 0.830000, 0.740000), (0.860000, 0.830000, 0.740000),
            (0.860000, 0.830000, 0.740000), (0.860000, 0.830000, 0.740000), (0.860000, 0.830000, 0.740000), (0.860000, 0.830000, 0.740000),
            (0.860000, 0.830000, 0.740000), (0.860000, 0.830000, 0.740000), (0.860000, 0.830000, 0.740000), (0.860000, 0.830000, 0.740000),
            (0.860000, 0.830000, 0.740000), (0.860000, 0.830000, 0.740000), (0.860000, 0.830000, 0.740000), (0.860000, 0.830000, 0.740000),
            (0.860000, 0.830000, 0.740000), (0.860000, 0.830000, 0.740000), (0.860000, 0.830000, 0.740000), (0.860000, 0.830000, 0.740000),
            (0.860000, 0.830000, 0.740000), (0.860000, 0.830000, 0.740000), (0.860000, 0.830000, 0.740000), (0.860000, 0.830000, 0.740000),
            (0.860000, 0.830000, 0.740000), (0.860000, 0.830000, 0.740000), (0.860000, 0.830000, 0.740000), (0.720000, 0.670000, 0.560000),
            (0.720000, 0.670000, 0.560000), (0.720000, 0.670000, 0.560000), (0.720000, 0.670000, 0.560000), (0.720000, 0.670000, 0.560000),
            (0.720000, 0.670000, 0.560000), (0.720000, 0.670000, 0.560000), (0.720000, 0.670000, 0.560000), (0.720000, 0.670000, 0.560000),
            (0.720000, 0.670000, 0.560000), (0.860000, 0.830000, 0.740000), (0.860000, 0.830000, 0.740000), (0.860000, 0.830000, 0.740000),
            (0.860000, 0.830000, 0.740000), (0.860000, 0.830000, 0.740000), (0.860000, 0.830000, 0.740000), (0.860000, 0.830000, 0.740000),
            (0.860000, 0.830000, 0.740000), (0.860000, 0.830000, 0.740000), (0.860000, 0.830000, 0.740000), (0.860000, 0.830000, 0.740000),
            (0.860000, 0.830000, 0.740000), (0.860000, 0.830000, 0.740000), (0.860000, 0.830000, 0.740000), (0.860000, 0.830000, 0.740000),
            (0.860000, 0.830000, 0.740000), (0.860000, 0.830000, 0.740000), (0.860000, 0.830000, 0.740000), (0.860000, 0.830000, 0.740000),
            (0.860000, 0.830000, 0.740000), (0.860000, 0.830000, 0.740000), (0.860000, 0.830000, 0.740000), (0.860000, 0.830000, 0.740000),
            (0.860000, 0.830000, 0.740000), (0.860000, 0.830000, 0.740000), (0.860000, 0.830000, 0.740000), (0.860000, 0.830000, 0.740000),
            (0.860000, 0.830000, 0.740000), (0.860000, 0.830000, 0.740000), (0.860000, 0.830000, 0.740000), (0.860000, 0.830000, 0.740000),
            (0.860000, 0.830000, 0.740000), (0.860000, 0.830000, 0.740000), (0.860000, 0.830000, 0.740000), (0.860000, 0.830000, 0.740000),
            (0.860000, 0.830000, 0.740000), (0.860000, 0.830000, 0.740000), (0.860000, 0.830000, 0.740000), (0.860000, 0.830000, 0.740000),
            (0.860000, 0.830000, 0.740000), (0.860000, 0.830000, 0.740000), (0.860000, 0.830000, 0.740000), (0.860000, 0.830000, 0.740000),
            (0.860000, 0.830000, 0.740000), (0.860000, 0.830000, 0.740000), (0.860000, 0.830000, 0.740000), (0.860000, 0.830000, 0.740000),
            (0.860000, 0.830000, 0.740000), (0.860000, 0.830000, 0.740000), (0.860000, 0.830000, 0.740000), (0.860000, 0.830000, 0.740000),
            (0.860000, 0.830000, 0.740000), (0.860000, 0.830000, 0.740000), (0.860000, 0.830000, 0.740000), (0.860000, 0.830000, 0.740000),
            (0.860000, 0.830000, 0.740000), (0.860000, 0.830000, 0.740000), (0.860000, 0.830000, 0.740000), (0.860000, 0.830000, 0.740000),
            (0.860000, 0.830000, 0.740000), (0.860000, 0.830000, 0.740000), (0.860000, 0.830000, 0.740000), (0.860000, 0.830000, 0.740000),
            (0.860000, 0.830000, 0.740000), (0.860000, 0.830000, 0.740000), (0.860000, 0.830000, 0.740000), (0.720000, 0.670000, 0.560000),
            (0.720000, 0.670000, 0.560000), (0.720000, 0.670000, 0.560000), (0.720000, 0.670000, 0.560000), (0.720000, 0.670000, 0.560000),
            (0.720000, 0.670000, 0.560000), (0.720000, 0.670000, 0.560000), (0.720000, 0.670000, 0.560000), (0.720000, 0.670000, 0.560000),
            (0.720000, 0.670000, 0.560000), (0.860000, 0.830000, 0.740000), (0.860000, 0.830000, 0.740000), (0.860000, 0.830000, 0.740000),
            (0.860000, 0.830000, 0.740000), (0.860000, 0.830000, 0.740000), (0.860000, 0.830000, 0.740000), (0.860000, 0.830000, 0.740000),
            (0.860000, 0.830000, 0.740000), (0.860000, 0.830000, 0.740000), (0.860000, 0.830000, 0.740000), (0.860000, 0.830000, 0.740000),
            (0.860000, 0.830000, 0.740000), (0.860000, 0.830000, 0.740000), (0.860000, 0.830000, 0.740000), (0.860000, 0.830000, 0.740000),
            (0.860000, 0.830000, 0.740000), (0.860000, 0.830000, 0.740000), (0.860000, 0.830000, 0.740000), (0.860000, 0.830000, 0.740000),
            (0.860000, 0.830000, 0.740000), (0.860000, 0.830000, 0.740000), (0.860000, 0.830000, 0.740000), (0.860000, 0.830000, 0.740000),
            (0.860000, 0.830000, 0.740000), (0.860000, 0.830000, 0.740000), (0.860000, 0.830000, 0.740000), (0.860000, 0.830000, 0.740000),
            (0.860000, 0.830000, 0.740000), (0.860000, 0.830000, 0.740000), (0.860000, 0.830000, 0.740000), (0.860000, 0.830000, 0.740000),
            (0.860000, 0.830000, 0.740000), (0.860000, 0.830000, 0.740000), (0.860000, 0.830000, 0.740000), (0.860000, 0.830000, 0.740000),
            (0.860000, 0.830000, 0.740000), (0.860000, 0.830000, 0.740000), (0.860000, 0.830000, 0.740000), (0.860000, 0.830000, 0.740000),
            (0.860000, 0.830000, 0.740000), (0.860000, 0.830000, 0.740000), (0.860000, 0.830000, 0.740000), (0.860000, 0.830000, 0.740000),
            (0.860000, 0.830000, 0.740000), (0.860000, 0.830000, 0.740000), (0.860000, 0.830000, 0.740000), (0.860000, 0.830000, 0.740000),
            (0.860000, 0.830000, 0.740000), (0.860000, 0.830000, 0.740000), (0.860000, 0.830000, 0.740000), (0.860000, 0.830000, 0.740000),
            (0.860000, 0.830000, 0.740000), (0.860000, 0.830000, 0.740000), (0.860000, 0.830000, 0.740000), (0.860000, 0.830000, 0.740000),
            (0.860000, 0.830000, 0.740000), (0.860000, 0.830000, 0.740000), (0.860000, 0.830000, 0.740000), (0.860000, 0.830000, 0.740000),
            (0.860000, 0.830000, 0.740000), (0.860000, 0.830000, 0.740000), (0.860000, 0.830000, 0.740000), (0.860000, 0.830000, 0.740000),
            (0.860000, 0.830000, 0.740000), (0.860000, 0.830000, 0.740000), (0.860000, 0.830000, 0.740000), (0.720000, 0.670000, 0.560000),
            (0.720000, 0.670000, 0.560000), (0.720000, 0.670000, 0.560000), (0.720000, 0.670000, 0.560000), (0.720000, 0.670000, 0.560000),
            (0.720000, 0.670000, 0.560000), (0.720000, 0.670000, 0.560000), (0.720000, 0.670000, 0.560000), (0.720000, 0.670000, 0.560000),
            (0.720000, 0.670000, 0.560000), (0.860000, 0.830000, 0.740000), (0.860000, 0.830000, 0.740000), (0.860000, 0.830000, 0.740000),
            (0.860000, 0.830000, 0.740000), (0.860000, 0.830000, 0.740000), (0.860000, 0.830000, 0.740000), (0.860000, 0.830000, 0.740000),
            (0.860000, 0.830000, 0.740000), (0.860000, 0.830000, 0.740000), (0.860000, 0.830000, 0.740000), (0.860000, 0.830000, 0.740000),
            (0.860000, 0.830000, 0.740000), (0.860000, 0.830000, 0.740000), (0.860000, 0.830000, 0.740000), (0.860000, 0.830000, 0.740000),
            (0.860000, 0.830000, 0.740000), (0.860000, 0.830000, 0.740000), (0.860000, 0.830000, 0.740000), (0.860000, 0.830000, 0.740000),
            (0.860000, 0.830000, 0.740000), (0.860000, 0.830000, 0.740000), (0.860000, 0.830000, 0.740000), (0.860000, 0.830000, 0.740000),
            (0.860000, 0.830000, 0.740000), (0.860000, 0.830000, 0.740000), (0.860000, 0.830000, 0.740000), (0.860000, 0.830000, 0.740000),
            (0.860000, 0.830000, 0.740000), (0.860000, 0.830000, 0.740000), (0.860000, 0.830000, 0.740000), (0.860000, 0.830000, 0.740000),
            (0.860000, 0.830000, 0.740000), (0.860000, 0.830000, 0.740000), (0.860000, 0.830000, 0.740000), (0.860000, 0.830000, 0.740000),
            (0.860000, 0.830000, 0.740000), (0.860000, 0.830000, 0.740000), (0.860000, 0.830000, 0.740000), (0.860000, 0.830000, 0.740000),
            (0.860000, 0.830000, 0.740000), (0.860000, 0.830000, 0.740000), (0.860000, 0.830000, 0.740000), (0.860000, 0.830000, 0.740000),
            (0.860000, 0.830000, 0.740000), (0.860000, 0.830000, 0.740000), (0.860000, 0.830000, 0.740000), (0.860000, 0.830000, 0.740000),
            (0.860000, 0.830000, 0.740000), (0.860000, 0.830000, 0.740000), (0.860000, 0.830000, 0.740000), (0.860000, 0.830000, 0.740000),
            (0.860000, 0.830000, 0.740000), (0.860000, 0.830000, 0.740000), (0.860000, 0.830000, 0.740000), (0.860000, 0.830000, 0.740000),
            (0.860000, 0.830000, 0.740000), (0.860000, 0.830000, 0.740000), (0.860000, 0.830000, 0.740000), (0.860000, 0.830000, 0.740000),
            (0.860000, 0.830000, 0.740000), (0.860000, 0.830000, 0.740000), (0.860000, 0.830000, 0.740000), (0.860000, 0.830000, 0.740000),
            (0.860000, 0.830000, 0.740000), (0.860000, 0.830000, 0.740000), (0.860000, 0.830000, 0.740000), (0.720000, 0.670000, 0.560000),
            (0.720000, 0.670000, 0.560000), (0.720000, 0.670000, 0.560000), (0.720000, 0.670000, 0.560000), (0.720000, 0.670000, 0.560000),
            (0.720000, 0.670000, 0.560000), (0.720000, 0.670000, 0.560000), (0.720000, 0.670000, 0.560000), (0.720000, 0.670000, 0.560000),
            (0.720000, 0.670000, 0.560000), (0.860000, 0.830000, 0.740000), (0.860000, 0.830000, 0.740000), (0.860000, 0.830000, 0.740000),
            (0.860000, 0.830000, 0.740000), (0.860000, 0.830000, 0.740000), (0.860000, 0.830000, 0.740000), (0.860000, 0.830000, 0.740000),
            (0.860000, 0.830000, 0.740000), (0.860000, 0.830000, 0.740000), (0.860000, 0.830000, 0.740000), (0.860000, 0.830000, 0.740000),
            (0.860000, 0.830000, 0.740000), (0.860000, 0.830000, 0.740000), (0.860000, 0.830000, 0.740000), (0.860000, 0.830000, 0.740000),
            (0.860000, 0.830000, 0.740000), (0.860000, 0.830000, 0.740000), (0.860000, 0.830000, 0.740000), (0.860000, 0.830000, 0.740000),
            (0.860000, 0.830000, 0.740000), (0.860000, 0.830000, 0.740000), (0.860000, 0.830000, 0.740000), (0.860000, 0.830000, 0.740000),
            (0.860000, 0.830000, 0.740000), (0.860000, 0.830000, 0.740000), (0.860000, 0.830000, 0.740000), (0.860000, 0.830000, 0.740000),
            (0.860000, 0.830000, 0.740000), (0.860000, 0.830000, 0.740000), (0.860000, 0.830000, 0.740000), (0.860000, 0.830000, 0.740000),
            (0.860000, 0.830000, 0.740000), (0.860000, 0.830000, 0.740000), (0.860000, 0.830000, 0.740000), (0.860000, 0.830000, 0.740000),
            (0.860000, 0.830000, 0.740000), (0.860000, 0.830000, 0.740000), (0.860000, 0.830000, 0.740000), (0.860000, 0.830000, 0.740000),
            (0.860000, 0.830000, 0.740000), (0.860000, 0.830000, 0.740000), (0.860000, 0.830000, 0.740000), (0.860000, 0.830000, 0.740000),
            (0.860000, 0.830000, 0.740000), (0.860000, 0.830000, 0.740000), (0.860000, 0.830000, 0.740000), (0.860000, 0.830000, 0.740000),
            (0.860000, 0.830000, 0.740000), (0.860000, 0.830000, 0.740000), (0.860000, 0.830000, 0.740000), (0.860000, 0.830000, 0.740000),
            (0.860000, 0.830000, 0.740000), (0.860000, 0.830000, 0.740000), (0.860000, 0.830000, 0.740000), (0.860000, 0.830000, 0.740000),
            (0.860000, 0.830000, 0.740000), (0.860000, 0.830000, 0.740000), (0.860000, 0.830000, 0.740000), (0.860000, 0.830000, 0.740000),
            (0.860000, 0.830000, 0.740000), (0.860000, 0.830000, 0.740000), (0.860000, 0.830000, 0.740000), (0.860000, 0.830000, 0.740000),
            (0.860000, 0.830000, 0.740000), (0.860000, 0.830000, 0.740000), (0.860000, 0.830000, 0.740000), (0.720000, 0.670000, 0.560000),
            (0.720000, 0.670000, 0.560000), (0.720000, 0.670000, 0.560000), (0.720000, 0.670000, 0.560000), (0.720000, 0.670000, 0.560000),
            (0.720000, 0.670000, 0.560000), (0.720000, 0.670000, 0.560000), (0.720000, 0.670000, 0.560000), (0.720000, 0.670000, 0.560000),
            (0.720000, 0.670000, 0.560000), (0.860000, 0.830000, 0.740000), (0.860000, 0.830000, 0.740000), (0.860000, 0.830000, 0.740000),
            (0.860000, 0.830000, 0.740000), (0.860000, 0.830000, 0.740000), (0.860000, 0.830000, 0.740000), (0.860000, 0.830000, 0.740000),
            (0.860000, 0.830000, 0.740000), (0.860000, 0.830000, 0.740000), (0.860000, 0.830000, 0.740000), (0.860000, 0.830000, 0.740000),
            (0.860000, 0.830000, 0.740000), (0.860000, 0.830000, 0.740000), (0.860000, 0.830000, 0.740000), (0.860000, 0.830000, 0.740000),
            (0.860000, 0.830000, 0.740000), (0.860000, 0.830000, 0.740000), (0.860000, 0.830000, 0.740000), (0.860000, 0.830000, 0.740000),
            (0.860000, 0.830000, 0.740000), (0.860000, 0.830000, 0.740000), (0.860000, 0.830000, 0.740000), (0.860000, 0.830000, 0.740000),
            (0.860000, 0.830000, 0.740000), (0.860000, 0.830000, 0.740000), (0.860000, 0.830000, 0.740000), (0.860000, 0.830000, 0.740000),
            (0.860000, 0.830000, 0.740000), (0.860000, 0.830000, 0.740000), (0.860000, 0.830000, 0.740000), (0.860000, 0.830000, 0.740000),
            (0.860000, 0.830000, 0.740000), (0.860000, 0.830000, 0.740000), (0.860000, 0.830000, 0.740000), (0.860000, 0.830000, 0.740000),
            (0.860000, 0.830000, 0.740000), (0.860000, 0.830000, 0.740000), (0.860000, 0.830000, 0.740000), (0.860000, 0.830000, 0.740000),
            (0.860000, 0.830000, 0.740000), (0.860000, 0.830000, 0.740000), (0.860000, 0.830000, 0.740000), (0.860000, 0.830000, 0.740000),
            (0.860000, 0.830000, 0.740000), (0.860000, 0.830000, 0.740000), (0.860000, 0.830000, 0.740000), (0.860000, 0.830000, 0.740000),
            (0.860000, 0.830000, 0.740000), (0.860000, 0.830000, 0.740000), (0.860000, 0.830000, 0.740000), (0.860000, 0.830000, 0.740000),
            (0.860000, 0.830000, 0.740000), (0.860000, 0.830000, 0.740000), (0.860000, 0.830000, 0.740000), (0.860000, 0.830000, 0.740000),
            (0.860000, 0.830000, 0.740000), (0.860000, 0.830000, 0.740000), (0.860000, 0.830000, 0.740000), (0.860000, 0.830000, 0.740000),
            (0.860000, 0.830000, 0.740000), (0.860000, 0.830000, 0.740000), (0.860000, 0.830000, 0.740000), (0.860000, 0.830000, 0.740000),
            (0.860000, 0.830000, 0.740000), (0.860000, 0.830000, 0.740000), (0.860000, 0.830000, 0.740000), (0.720000, 0.670000, 0.560000),
            (0.720000, 0.670000, 0.560000), (0.720000, 0.670000, 0.560000), (0.720000, 0.670000, 0.560000), (0.720000, 0.670000, 0.560000),
            (0.720000, 0.670000, 0.560000), (0.720000, 0.670000, 0.560000), (0.720000, 0.670000, 0.560000), (0.720000, 0.670000, 0.560000),
            (0.720000, 0.670000, 0.560000), (0.860000, 0.830000, 0.740000), (0.860000, 0.830000, 0.740000), (0.860000, 0.830000, 0.740000),
            (0.860000, 0.830000, 0.740000), (0.860000, 0.830000, 0.740000), (0.860000, 0.830000, 0.740000), (0.860000, 0.830000, 0.740000),
            (0.860000, 0.830000, 0.740000), (0.860000, 0.830000, 0.740000), (0.860000, 0.830000, 0.740000), (0.860000, 0.830000, 0.740000),
            (0.860000, 0.830000, 0.740000), (0.860000, 0.830000, 0.740000), (0.860000, 0.830000, 0.740000), (0.860000, 0.830000, 0.740000),
            (0.860000, 0.830000, 0.740000), (0.860000, 0.830000, 0.740000), (0.860000, 0.830000, 0.740000), (0.860000, 0.830000, 0.740000),
            (0.860000, 0.830000, 0.740000), (0.860000, 0.830000, 0.740000), (0.860000, 0.830000, 0.740000), (0.860000, 0.830000, 0.740000),
            (0.860000, 0.830000, 0.740000), (0.860000, 0.830000, 0.740000), (0.860000, 0.830000, 0.740000), (0.860000, 0.830000, 0.740000),
            (0.860000, 0.830000, 0.740000), (0.860000, 0.830000, 0.740000), (0.860000, 0.830000, 0.740000), (0.860000, 0.830000, 0.740000),
            (0.860000, 0.830000, 0.740000), (0.860000, 0.830000, 0.740000), (0.860000, 0.830000, 0.740000), (0.860000, 0.830000, 0.740000),
            (0.860000, 0.830000, 0.740000), (0.860000, 0.830000, 0.740000), (0.860000, 0.830000, 0.740000), (0.860000, 0.830000, 0.740000),
            (0.860000, 0.830000, 0.740000), (0.860000, 0.830000, 0.740000), (0.860000, 0.830000, 0.740000), (0.860000, 0.830000, 0.740000),
            (0.860000, 0.830000, 0.740000), (0.860000, 0.830000, 0.740000), (0.860000, 0.830000, 0.740000), (0.860000, 0.830000, 0.740000),
            (0.860000, 0.830000, 0.740000), (0.860000, 0.830000, 0.740000), (0.860000, 0.830000, 0.740000), (0.860000, 0.830000, 0.740000),
            (0.860000, 0.830000, 0.740000), (0.860000, 0.830000, 0.740000), (0.860000, 0.830000, 0.740000), (0.860000, 0.830000, 0.740000),
            (0.860000, 0.830000, 0.740000), (0.860000, 0.830000, 0.740000), (0.860000, 0.830000, 0.740000), (0.860000, 0.830000, 0.740000),
            (0.860000, 0.830000, 0.740000), (0.860000, 0.830000, 0.740000), (0.860000, 0.830000, 0.740000), (0.860000, 0.830000, 0.740000),
            (0.860000, 0.830000, 0.740000), (0.860000, 0.830000, 0.740000), (0.860000, 0.830000, 0.740000), (0.720000, 0.670000, 0.560000),
            (0.720000, 0.670000, 0.560000), (0.720000, 0.670000, 0.560000), (0.720000, 0.670000, 0.560000), (0.720000, 0.670000, 0.560000),
            (0.720000, 0.670000, 0.560000), (0.720000, 0.670000, 0.560000), (0.720000, 0.670000, 0.560000), (0.720000, 0.670000, 0.560000),
            (0.720000, 0.670000, 0.560000), (0.860000, 0.830000, 0.740000), (0.860000, 0.830000, 0.740000), (0.860000, 0.830000, 0.740000),
            (0.860000, 0.830000, 0.740000), (0.860000, 0.830000, 0.740000), (0.860000, 0.830000, 0.740000), (0.860000, 0.830000, 0.740000),
            (0.860000, 0.830000, 0.740000), (0.860000, 0.830000, 0.740000), (0.860000, 0.830000, 0.740000), (0.860000, 0.830000, 0.740000),
            (0.860000, 0.830000, 0.740000), (0.860000, 0.830000, 0.740000), (0.860000, 0.830000, 0.740000), (0.860000, 0.830000, 0.740000),
            (0.860000, 0.830000, 0.740000), (0.860000, 0.830000, 0.740000), (0.860000, 0.830000, 0.740000), (0.860000, 0.830000, 0.740000),
            (0.860000, 0.830000, 0.740000), (0.860000, 0.830000, 0.740000), (0.860000, 0.830000, 0.740000), (0.860000, 0.830000, 0.740000),
            (0.860000, 0.830000, 0.740000), (0.860000, 0.830000, 0.740000), (0.860000, 0.830000, 0.740000), (0.860000, 0.830000, 0.740000),
            (0.860000, 0.830000, 0.740000), (0.860000, 0.830000, 0.740000), (0.860000, 0.830000, 0.740000), (0.860000, 0.830000, 0.740000),
            (0.860000, 0.830000, 0.740000), (0.860000, 0.830000, 0.740000), (0.860000, 0.830000, 0.740000), (0.860000, 0.830000, 0.740000),
            (0.860000, 0.830000, 0.740000), (0.860000, 0.830000, 0.740000), (0.860000, 0.830000, 0.740000), (0.860000, 0.830000, 0.740000),
            (0.860000, 0.830000, 0.740000), (0.860000, 0.830000, 0.740000), (0.860000, 0.830000, 0.740000), (0.860000, 0.830000, 0.740000),
            (0.860000, 0.830000, 0.740000), (0.860000, 0.830000, 0.740000), (0.860000, 0.830000, 0.740000), (0.860000, 0.830000, 0.740000),
            (0.860000, 0.830000, 0.740000), (0.860000, 0.830000, 0.740000), (0.860000, 0.830000, 0.740000), (0.860000, 0.830000, 0.740000),
            (0.860000, 0.830000, 0.740000), (0.860000, 0.830000, 0.740000), (0.860000, 0.830000, 0.740000), (0.860000, 0.830000, 0.740000),
            (0.860000, 0.830000, 0.740000), (0.860000, 0.830000, 0.740000), (0.860000, 0.830000, 0.740000), (0.860000, 0.830000, 0.740000),
            (0.860000, 0.830000, 0.740000), (0.860000, 0.830000, 0.740000), (0.860000, 0.830000, 0.740000), (0.860000, 0.830000, 0.740000),
            (0.860000, 0.830000, 0.740000), (0.860000, 0.830000, 0.740000), (0.860000, 0.830000, 0.740000), (0.720000, 0.670000, 0.560000),
            (0.720000, 0.670000, 0.560000), (0.720000, 0.670000, 0.560000), (0.720000, 0.670000, 0.560000), (0.720000, 0.670000, 0.560000),
            (0.720000, 0.670000, 0.560000), (0.720000, 0.670000, 0.560000), (0.720000, 0.670000, 0.560000), (0.720000, 0.670000, 0.560000),
            (0.720000, 0.670000, 0.560000), (0.860000, 0.830000, 0.740000), (0.860000, 0.830000, 0.740000), (0.860000, 0.830000, 0.740000),
            (0.860000, 0.830000, 0.740000), (0.860000, 0.830000, 0.740000), (0.860000, 0.830000, 0.740000), (0.860000, 0.830000, 0.740000),
            (0.860000, 0.830000, 0.740000), (0.860000, 0.830000, 0.740000), (0.860000, 0.830000, 0.740000), (0.860000, 0.830000, 0.740000),
            (0.860000, 0.830000, 0.740000), (0.860000, 0.830000, 0.740000), (0.860000, 0.830000, 0.740000), (0.860000, 0.830000, 0.740000),
            (0.860000, 0.830000, 0.740000), (0.860000, 0.830000, 0.740000), (0.860000, 0.830000, 0.740000), (0.860000, 0.830000, 0.740000),
            (0.860000, 0.830000, 0.740000), (0.860000, 0.830000, 0.740000), (0.860000, 0.830000, 0.740000), (0.860000, 0.830000, 0.740000),
            (0.860000, 0.830000, 0.740000), (0.860000, 0.830000, 0.740000), (0.860000, 0.830000, 0.740000), (0.860000, 0.830000, 0.740000),
            (0.860000, 0.830000, 0.740000), (0.860000, 0.830000, 0.740000), (0.860000, 0.830000, 0.740000), (0.860000, 0.830000, 0.740000),
            (0.860000, 0.830000, 0.740000), (0.860000, 0.830000, 0.740000), (0.860000, 0.830000, 0.740000), (0.860000, 0.830000, 0.740000),
            (0.860000, 0.830000, 0.740000), (0.860000, 0.830000, 0.740000), (0.860000, 0.830000, 0.740000), (0.860000, 0.830000, 0.740000),
            (0.860000, 0.830000, 0.740000), (0.860000, 0.830000, 0.740000), (0.860000, 0.830000, 0.740000), (0.860000, 0.830000, 0.740000),
            (0.860000, 0.830000, 0.740000), (0.860000, 0.830000, 0.740000), (0.860000, 0.830000, 0.740000), (0.860000, 0.830000, 0.740000),
            (0.860000, 0.830000, 0.740000), (0.860000, 0.830000, 0.740000), (0.860000, 0.830000, 0.740000), (0.860000, 0.830000, 0.740000),
            (0.860000, 0.830000, 0.740000), (0.860000, 0.830000, 0.740000), (0.860000, 0.830000, 0.740000), (0.860000, 0.830000, 0.740000),
            (0.860000, 0.830000, 0.740000), (0.860000, 0.830000, 0.740000), (0.860000, 0.830000, 0.740000), (0.860000, 0.830000, 0.740000),
            (0.860000, 0.830000, 0.740000), (0.860000, 0.830000, 0.740000), (0.860000, 0.830000, 0.740000), (0.860000, 0.830000, 0.740000),
            (0.860000, 0.830000, 0.740000), (0.860000, 0.830000, 0.740000), (0.860000, 0.830000, 0.740000), (0.720000, 0.670000, 0.560000),
            (0.720000, 0.670000, 0.560000), (0.720000, 0.670000, 0.560000), (0.720000, 0.670000, 0.560000), (0.720000, 0.670000, 0.560000),
            (0.720000, 0.670000, 0.560000), (0.720000, 0.670000, 0.560000), (0.720000, 0.670000, 0.560000), (0.720000, 0.670000, 0.560000),
            (0.720000, 0.670000, 0.560000), (0.860000, 0.830000, 0.740000), (0.860000, 0.830000, 0.740000), (0.860000, 0.830000, 0.740000),
            (0.860000, 0.830000, 0.740000), (0.860000, 0.830000, 0.740000), (0.860000, 0.830000, 0.740000), (0.860000, 0.830000, 0.740000),
            (0.860000, 0.830000, 0.740000), (0.860000, 0.830000, 0.740000), (0.860000, 0.830000, 0.740000), (0.860000, 0.830000, 0.740000),
            (0.860000, 0.830000, 0.740000), (0.860000, 0.830000, 0.740000), (0.860000, 0.830000, 0.740000), (0.860000, 0.830000, 0.740000),
            (0.860000, 0.830000, 0.740000), (0.860000, 0.830000, 0.740000), (0.860000, 0.830000, 0.740000), (0.860000, 0.830000, 0.740000),
            (0.860000, 0.830000, 0.740000), (0.860000, 0.830000, 0.740000), (0.860000, 0.830000, 0.740000), (0.860000, 0.830000, 0.740000),
            (0.860000, 0.830000, 0.740000), (0.860000, 0.830000, 0.740000), (0.860000, 0.830000, 0.740000), (0.860000, 0.830000, 0.740000),
            (0.860000, 0.830000, 0.740000), (0.860000, 0.830000, 0.740000), (0.860000, 0.830000, 0.740000), (0.860000, 0.830000, 0.740000),
            (0.860000, 0.830000, 0.740000), (0.860000, 0.830000, 0.740000), (0.860000, 0.830000, 0.740000), (0.860000, 0.830000, 0.740000),
            (0.860000, 0.830000, 0.740000), (0.860000, 0.830000, 0.740000), (0.860000, 0.830000, 0.740000), (0.860000, 0.830000, 0.740000),
            (0.860000, 0.830000, 0.740000), (0.860000, 0.830000, 0.740000), (0.860000, 0.830000, 0.740000), (0.860000, 0.830000, 0.740000),
            (0.860000, 0.830000, 0.740000), (0.860000, 0.830000, 0.740000), (0.860000, 0.830000, 0.740000), (0.860000, 0.830000, 0.740000),
            (0.860000, 0.830000, 0.740000), (0.860000, 0.830000, 0.740000), (0.860000, 0.830000, 0.740000), (0.860000, 0.830000, 0.740000),
            (0.860000, 0.830000, 0.740000), (0.860000, 0.830000, 0.740000), (0.860000, 0.830000, 0.740000), (0.860000, 0.830000, 0.740000),
            (0.860000, 0.830000, 0.740000), (0.860000, 0.830000, 0.740000), (0.860000, 0.830000, 0.740000), (0.860000, 0.830000, 0.740000),
            (0.860000, 0.830000, 0.740000), (0.860000, 0.830000, 0.740000), (0.860000, 0.830000, 0.740000), (0.860000, 0.830000, 0.740000),
            (0.860000, 0.830000, 0.740000), (0.860000, 0.830000, 0.740000), (0.860000, 0.830000, 0.740000), (0.720000, 0.670000, 0.560000),
            (0.720000, 0.670000, 0.560000), (0.720000, 0.670000, 0.560000), (0.720000, 0.670000, 0.560000), (0.720000, 0.670000, 0.560000),
            (0.720000, 0.670000, 0.560000), (0.720000, 0.670000, 0.560000), (0.720000, 0.670000, 0.560000), (0.720000, 0.670000, 0.560000),
            (0.720000, 0.670000, 0.560000), (0.860000, 0.830000, 0.740000), (0.860000, 0.830000, 0.740000), (0.860000, 0.830000, 0.740000),
            (0.860000, 0.830000, 0.740000), (0.860000, 0.830000, 0.740000), (0.860000, 0.830000, 0.740000), (0.860000, 0.830000, 0.740000),
            (0.860000, 0.830000, 0.740000), (0.860000, 0.830000, 0.740000), (0.860000, 0.830000, 0.740000), (0.860000, 0.830000, 0.740000),
            (0.860000, 0.830000, 0.740000), (0.860000, 0.830000, 0.740000), (0.860000, 0.830000, 0.740000), (0.860000, 0.830000, 0.740000),
            (0.860000, 0.830000, 0.740000), (0.860000, 0.830000, 0.740000), (0.860000, 0.830000, 0.740000), (0.860000, 0.830000, 0.740000),
            (0.860000, 0.830000, 0.740000), (0.860000, 0.830000, 0.740000), (0.860000, 0.830000, 0.740000), (0.860000, 0.830000, 0.740000),
            (0.860000, 0.830000, 0.740000), (0.860000, 0.830000, 0.740000), (0.860000, 0.830000, 0.740000), (0.860000, 0.830000, 0.740000),
            (0.860000, 0.830000, 0.740000), (0.860000, 0.830000, 0.740000), (0.860000, 0.830000, 0.740000), (0.860000, 0.830000, 0.740000),
            (0.860000, 0.830000, 0.740000), (0.860000, 0.830000, 0.740000), (0.860000, 0.830000, 0.740000), (0.860000, 0.830000, 0.740000),
            (0.860000, 0.830000, 0.740000), (0.860000, 0.830000, 0.740000), (0.860000, 0.830000, 0.740000), (0.860000, 0.830000, 0.740000),
            (0.860000, 0.830000, 0.740000), (0.860000, 0.830000, 0.740000), (0.860000, 0.830000, 0.740000), (0.860000, 0.830000, 0.740000),
            (0.860000, 0.830000, 0.740000), (0.860000, 0.830000, 0.740000), (0.860000, 0.830000, 0.740000), (0.860000, 0.830000, 0.740000),
            (0.860000, 0.830000, 0.740000), (0.860000, 0.830000, 0.740000), (0.860000, 0.830000, 0.740000), (0.860000, 0.830000, 0.740000),
            (0.860000, 0.830000, 0.740000), (0.860000, 0.830000, 0.740000), (0.860000, 0.830000, 0.740000), (0.860000, 0.830000, 0.740000),
            (0.860000, 0.830000, 0.740000), (0.860000, 0.830000, 0.740000), (0.860000, 0.830000, 0.740000), (0.860000, 0.830000, 0.740000),
            (0.860000, 0.830000, 0.740000), (0.860000, 0.830000, 0.740000), (0.860000, 0.830000, 0.740000), (0.860000, 0.830000, 0.740000),
            (0.860000, 0.830000, 0.740000), (0.860000, 0.830000, 0.740000), (0.860000, 0.830000, 0.740000), (0.720000, 0.670000, 0.560000),
            (0.720000, 0.670000, 0.560000), (0.720000, 0.670000, 0.560000), (0.720000, 0.670000, 0.560000), (0.720000, 0.670000, 0.560000),
            (0.720000, 0.670000, 0.560000), (0.720000, 0.670000, 0.560000), (0.720000, 0.670000, 0.560000), (0.720000, 0.670000, 0.560000),
            (0.720000, 0.670000, 0.560000), (0.860000, 0.830000, 0.740000), (0.860000, 0.830000, 0.740000), (0.860000, 0.830000, 0.740000),
            (0.860000, 0.830000, 0.740000), (0.860000, 0.830000, 0.740000), (0.860000, 0.830000, 0.740000), (0.860000, 0.830000, 0.740000),
            (0.860000, 0.830000, 0.740000), (0.860000, 0.830000, 0.740000), (0.860000, 0.830000, 0.740000), (0.860000, 0.830000, 0.740000),
            (0.860000, 0.830000, 0.740000), (0.860000, 0.830000, 0.740000), (0.860000, 0.830000, 0.740000), (0.860000, 0.830000, 0.740000),
            (0.860000, 0.830000, 0.740000), (0.860000, 0.830000, 0.740000), (0.860000, 0.830000, 0.740000), (0.860000, 0.830000, 0.740000),
            (0.860000, 0.830000, 0.740000), (0.860000, 0.830000, 0.740000), (0.860000, 0.830000, 0.740000), (0.860000, 0.830000, 0.740000),
            (0.860000, 0.830000, 0.740000), (0.860000, 0.830000, 0.740000), (0.860000, 0.830000, 0.740000), (0.860000, 0.830000, 0.740000),
            (0.860000, 0.830000, 0.740000), (0.860000, 0.830000, 0.740000), (0.860000, 0.830000, 0.740000), (0.860000, 0.830000, 0.740000),
            (0.860000, 0.830000, 0.740000), (0.860000, 0.830000, 0.740000), (0.860000, 0.830000, 0.740000), (0.860000, 0.830000, 0.740000),
            (0.860000, 0.830000, 0.740000), (0.860000, 0.830000, 0.740000), (0.860000, 0.830000, 0.740000), (0.860000, 0.830000, 0.740000),
            (0.860000, 0.830000, 0.740000), (0.860000, 0.830000, 0.740000), (0.860000, 0.830000, 0.740000), (0.860000, 0.830000, 0.740000),
            (0.860000, 0.830000, 0.740000), (0.860000, 0.830000, 0.740000), (0.860000, 0.830000, 0.740000), (0.860000, 0.830000, 0.740000),
            (0.860000, 0.830000, 0.740000), (0.860000, 0.830000, 0.740000), (0.860000, 0.830000, 0.740000), (0.860000, 0.830000, 0.740000),
            (0.860000, 0.830000, 0.740000), (0.860000, 0.830000, 0.740000), (0.860000, 0.830000, 0.740000), (0.860000, 0.830000, 0.740000),
            (0.860000, 0.830000, 0.740000), (0.860000, 0.830000, 0.740000), (0.860000, 0.830000, 0.740000), (0.860000, 0.830000, 0.740000),
            (0.860000, 0.830000, 0.740000), (0.860000, 0.830000, 0.740000), (0.860000, 0.830000, 0.740000), (0.860000, 0.830000, 0.740000),
            (0.860000, 0.830000, 0.740000), (0.860000, 0.830000, 0.740000), (0.860000, 0.830000, 0.740000), (0.720000, 0.670000, 0.560000),
            (0.720000, 0.670000, 0.560000), (0.720000, 0.670000, 0.560000), (0.720000, 0.670000, 0.560000), (0.720000, 0.670000, 0.560000),
            (0.720000, 0.670000, 0.560000), (0.720000, 0.670000, 0.560000), (0.720000, 0.670000, 0.560000), (0.720000, 0.670000, 0.560000),
            (0.720000, 0.670000, 0.560000), (0.860000, 0.830000, 0.740000), (0.860000, 0.830000, 0.740000), (0.860000, 0.830000, 0.740000),
            (0.860000, 0.830000, 0.740000), (0.860000, 0.830000, 0.740000), (0.860000, 0.830000, 0.740000), (0.860000, 0.830000, 0.740000),
            (0.860000, 0.830000, 0.740000), (0.860000, 0.830000, 0.740000), (0.860000, 0.830000, 0.740000), (0.860000, 0.830000, 0.740000),
            (0.860000, 0.830000, 0.740000), (0.860000, 0.830000, 0.740000), (0.860000, 0.830000, 0.740000), (0.860000, 0.830000, 0.740000),
            (0.860000, 0.830000, 0.740000), (0.860000, 0.830000, 0.740000), (0.860000, 0.830000, 0.740000), (0.860000, 0.830000, 0.740000),
            (0.860000, 0.830000, 0.740000), (0.860000, 0.830000, 0.740000), (0.860000, 0.830000, 0.740000), (0.860000, 0.830000, 0.740000),
            (0.860000, 0.830000, 0.740000), (0.860000, 0.830000, 0.740000), (0.860000, 0.830000, 0.740000), (0.860000, 0.830000, 0.740000),
            (0.860000, 0.830000, 0.740000), (0.860000, 0.830000, 0.740000), (0.860000, 0.830000, 0.740000), (0.860000, 0.830000, 0.740000),
            (0.860000, 0.830000, 0.740000), (0.860000, 0.830000, 0.740000), (0.860000, 0.830000, 0.740000), (0.860000, 0.830000, 0.740000),
            (0.860000, 0.830000, 0.740000), (0.860000, 0.830000, 0.740000), (0.860000, 0.830000, 0.740000), (0.860000, 0.830000, 0.740000),
            (0.860000, 0.830000, 0.740000), (0.860000, 0.830000, 0.740000), (0.860000, 0.830000, 0.740000), (0.860000, 0.830000, 0.740000),
            (0.860000, 0.830000, 0.740000), (0.860000, 0.830000, 0.740000), (0.860000, 0.830000, 0.740000), (0.860000, 0.830000, 0.740000),
            (0.860000, 0.830000, 0.740000), (0.860000, 0.830000, 0.740000), (0.860000, 0.830000, 0.740000), (0.860000, 0.830000, 0.740000),
            (0.860000, 0.830000, 0.740000), (0.860000, 0.830000, 0.740000), (0.860000, 0.830000, 0.740000), (0.860000, 0.830000, 0.740000),
            (0.860000, 0.830000, 0.740000), (0.860000, 0.830000, 0.740000), (0.860000, 0.830000, 0.740000), (0.860000, 0.830000, 0.740000),
            (0.860000, 0.830000, 0.740000), (0.860000, 0.830000, 0.740000), (0.860000, 0.830000, 0.740000), (0.860000, 0.830000, 0.740000),
            (0.860000, 0.830000, 0.740000), (0.860000, 0.830000, 0.740000), (0.860000, 0.830000, 0.740000), (0.720000, 0.670000, 0.560000),
            (0.720000, 0.670000, 0.560000), (0.720000, 0.670000, 0.560000), (0.720000, 0.670000, 0.560000), (0.720000, 0.670000, 0.560000),
            (0.720000, 0.670000, 0.560000), (0.720000, 0.670000, 0.560000), (0.720000, 0.670000, 0.560000), (0.720000, 0.670000, 0.560000),
            (0.720000, 0.670000, 0.560000), (0.860000, 0.830000, 0.740000), (0.860000, 0.830000, 0.740000), (0.860000, 0.830000, 0.740000),
            (0.860000, 0.830000, 0.740000), (0.860000, 0.830000, 0.740000), (0.860000, 0.830000, 0.740000), (0.860000, 0.830000, 0.740000),
            (0.860000, 0.830000, 0.740000), (0.860000, 0.830000, 0.740000), (0.860000, 0.830000, 0.740000), (0.860000, 0.830000, 0.740000),
            (0.860000, 0.830000, 0.740000), (0.860000, 0.830000, 0.740000), (0.860000, 0.830000, 0.740000), (0.860000, 0.830000, 0.740000),
            (0.860000, 0.830000, 0.740000), (0.860000, 0.830000, 0.740000), (0.860000, 0.830000, 0.740000), (0.860000, 0.830000, 0.740000),
            (0.860000, 0.830000, 0.740000), (0.860000, 0.830000, 0.740000), (0.860000, 0.830000, 0.740000), (0.860000, 0.830000, 0.740000),
            (0.860000, 0.830000, 0.740000), (0.860000, 0.830000, 0.740000), (0.860000, 0.830000, 0.740000), (0.860000, 0.830000, 0.740000),
            (0.860000, 0.830000, 0.740000), (0.860000, 0.830000, 0.740000), (0.860000, 0.830000, 0.740000), (0.860000, 0.830000, 0.740000),
            (0.860000, 0.830000, 0.740000), (0.860000, 0.830000, 0.740000), (0.860000, 0.830000, 0.740000), (0.860000, 0.830000, 0.740000),
            (0.860000, 0.830000, 0.740000), (0.860000, 0.830000, 0.740000), (0.860000, 0.830000, 0.740000), (0.860000, 0.830000, 0.740000),
            (0.860000, 0.830000, 0.740000), (0.860000, 0.830000, 0.740000), (0.860000, 0.830000, 0.740000), (0.860000, 0.830000, 0.740000),
            (0.860000, 0.830000, 0.740000), (0.860000, 0.830000, 0.740000), (0.860000, 0.830000, 0.740000), (0.860000, 0.830000, 0.740000),
            (0.860000, 0.830000, 0.740000), (0.860000, 0.830000, 0.740000), (0.860000, 0.830000, 0.740000), (0.860000, 0.830000, 0.740000),
            (0.860000, 0.830000, 0.740000), (0.860000, 0.830000, 0.740000), (0.860000, 0.830000, 0.740000), (0.860000, 0.830000, 0.740000),
            (0.860000, 0.830000, 0.740000), (0.860000, 0.830000, 0.740000), (0.860000, 0.830000, 0.740000), (0.860000, 0.830000, 0.740000),
            (0.860000, 0.830000, 0.740000), (0.860000, 0.830000, 0.740000), (0.860000, 0.830000, 0.740000), (0.860000, 0.830000, 0.740000),
            (0.860000, 0.830000, 0.740000), (0.860000, 0.830000, 0.740000), (0.860000, 0.830000, 0.740000), (0.720000, 0.670000, 0.560000),
            (0.720000, 0.670000, 0.560000), (0.720000, 0.670000, 0.560000), (0.720000, 0.670000, 0.560000), (0.720000, 0.670000, 0.560000),
            (0.720000, 0.670000, 0.560000), (0.720000, 0.670000, 0.560000), (0.720000, 0.670000, 0.560000), (0.720000, 0.670000, 0.560000),
            (0.720000, 0.670000, 0.560000), (0.860000, 0.830000, 0.740000), (0.860000, 0.830000, 0.740000), (0.860000, 0.830000, 0.740000),
            (0.860000, 0.830000, 0.740000), (0.860000, 0.830000, 0.740000), (0.860000, 0.830000, 0.740000), (0.860000, 0.830000, 0.740000),
            (0.860000, 0.830000, 0.740000), (0.860000, 0.830000, 0.740000), (0.860000, 0.830000, 0.740000), (0.860000, 0.830000, 0.740000),
            (0.860000, 0.830000, 0.740000), (0.860000, 0.830000, 0.740000), (0.860000, 0.830000, 0.740000), (0.860000, 0.830000, 0.740000),
            (0.860000, 0.830000, 0.740000), (0.860000, 0.830000, 0.740000), (0.860000, 0.830000, 0.740000), (0.860000, 0.830000, 0.740000),
            (0.860000, 0.830000, 0.740000), (0.860000, 0.830000, 0.740000), (0.860000, 0.830000, 0.740000), (0.860000, 0.830000, 0.740000),
            (0.860000, 0.830000, 0.740000), (0.860000, 0.830000, 0.740000), (0.860000, 0.830000, 0.740000), (0.860000, 0.830000, 0.740000),
            (0.860000, 0.830000, 0.740000), (0.860000, 0.830000, 0.740000), (0.860000, 0.830000, 0.740000), (0.860000, 0.830000, 0.740000),
            (0.860000, 0.830000, 0.740000), (0.860000, 0.830000, 0.740000), (0.860000, 0.830000, 0.740000), (0.860000, 0.830000, 0.740000),
            (0.860000, 0.830000, 0.740000), (0.860000, 0.830000, 0.740000), (0.860000, 0.830000, 0.740000), (0.860000, 0.830000, 0.740000),
            (0.860000, 0.830000, 0.740000), (0.860000, 0.830000, 0.740000), (0.860000, 0.830000, 0.740000), (0.860000, 0.830000, 0.740000),
            (0.860000, 0.830000, 0.740000), (0.860000, 0.830000, 0.740000), (0.860000, 0.830000, 0.740000), (0.860000, 0.830000, 0.740000),
            (0.860000, 0.830000, 0.740000), (0.860000, 0.830000, 0.740000), (0.860000, 0.830000, 0.740000), (0.860000, 0.830000, 0.740000),
            (0.860000, 0.830000, 0.740000), (0.860000, 0.830000, 0.740000), (0.860000, 0.830000, 0.740000), (0.860000, 0.830000, 0.740000),
            (0.860000, 0.830000, 0.740000), (0.860000, 0.830000, 0.740000), (0.860000, 0.830000, 0.740000), (0.860000, 0.830000, 0.740000),
            (0.860000, 0.830000, 0.740000), (0.860000, 0.830000, 0.740000), (0.860000, 0.830000, 0.740000), (0.860000, 0.830000, 0.740000),
            (0.860000, 0.830000, 0.740000), (0.860000, 0.830000, 0.740000), (0.860000, 0.830000, 0.740000), (0.720000, 0.670000, 0.560000),
            (0.720000, 0.670000, 0.560000), (0.720000, 0.670000, 0.560000), (0.720000, 0.670000, 0.560000), (0.720000, 0.670000, 0.560000),
            (0.720000, 0.670000, 0.560000), (0.720000, 0.670000, 0.560000), (0.720000, 0.670000, 0.560000), (0.720000, 0.670000, 0.560000),
            (0.720000, 0.670000, 0.560000), (0.860000, 0.830000, 0.740000), (0.860000, 0.830000, 0.740000), (0.860000, 0.830000, 0.740000),
            (0.860000, 0.830000, 0.740000), (0.860000, 0.830000, 0.740000), (0.860000, 0.830000, 0.740000), (0.860000, 0.830000, 0.740000),
            (0.860000, 0.830000, 0.740000), (0.860000, 0.830000, 0.740000), (0.860000, 0.830000, 0.740000), (0.860000, 0.830000, 0.740000),
            (0.860000, 0.830000, 0.740000), (0.860000, 0.830000, 0.740000), (0.860000, 0.830000, 0.740000), (0.860000, 0.830000, 0.740000),
            (0.860000, 0.830000, 0.740000), (0.860000, 0.830000, 0.740000), (0.860000, 0.830000, 0.740000), (0.860000, 0.830000, 0.740000),
            (0.860000, 0.830000, 0.740000), (0.860000, 0.830000, 0.740000), (0.860000, 0.830000, 0.740000), (0.860000, 0.830000, 0.740000),
            (0.860000, 0.830000, 0.740000), (0.860000, 0.830000, 0.740000), (0.860000, 0.830000, 0.740000), (0.860000, 0.830000, 0.740000),
            (0.860000, 0.830000, 0.740000), (0.860000, 0.830000, 0.740000), (0.860000, 0.830000, 0.740000), (0.860000, 0.830000, 0.740000),
            (0.860000, 0.830000, 0.740000), (0.860000, 0.830000, 0.740000), (0.860000, 0.830000, 0.740000), (0.860000, 0.830000, 0.740000),
            (0.860000, 0.830000, 0.740000), (0.860000, 0.830000, 0.740000), (0.860000, 0.830000, 0.740000), (0.860000, 0.830000, 0.740000),
            (0.860000, 0.830000, 0.740000), (0.860000, 0.830000, 0.740000), (0.860000, 0.830000, 0.740000), (0.860000, 0.830000, 0.740000),
            (0.860000, 0.830000, 0.740000), (0.860000, 0.830000, 0.740000), (0.860000, 0.830000, 0.740000), (0.860000, 0.830000, 0.740000),
            (0.860000, 0.830000, 0.740000), (0.860000, 0.830000, 0.740000), (0.860000, 0.830000, 0.740000), (0.860000, 0.830000, 0.740000),
            (0.860000, 0.830000, 0.740000), (0.860000, 0.830000, 0.740000), (0.860000, 0.830000, 0.740000), (0.860000, 0.830000, 0.740000),
            (0.860000, 0.830000, 0.740000), (0.860000, 0.830000, 0.740000), (0.860000, 0.830000, 0.740000), (0.860000, 0.830000, 0.740000),
            (0.860000, 0.830000, 0.740000), (0.860000, 0.830000, 0.740000), (0.860000, 0.830000, 0.740000), (0.860000, 0.830000, 0.740000),
            (0.860000, 0.830000, 0.740000), (0.860000, 0.830000, 0.740000), (0.860000, 0.830000, 0.740000), (0.720000, 0.670000, 0.560000),
            (0.720000, 0.670000, 0.560000), (0.720000, 0.670000, 0.560000), (0.720000, 0.670000, 0.560000), (0.720000, 0.670000, 0.560000),
            (0.720000, 0.670000, 0.560000), (0.720000, 0.670000, 0.560000), (0.720000, 0.670000, 0.560000), (0.720000, 0.670000, 0.560000),
            (0.720000, 0.670000, 0.560000), (0.860000, 0.830000, 0.740000), (0.860000, 0.830000, 0.740000), (0.860000, 0.830000, 0.740000),
            (0.860000, 0.830000, 0.740000), (0.860000, 0.830000, 0.740000), (0.860000, 0.830000, 0.740000), (0.860000, 0.830000, 0.740000),
            (0.860000, 0.830000, 0.740000), (0.860000, 0.830000, 0.740000), (0.860000, 0.830000, 0.740000), (0.860000, 0.830000, 0.740000),
            (0.860000, 0.830000, 0.740000), (0.860000, 0.830000, 0.740000), (0.860000, 0.830000, 0.740000), (0.860000, 0.830000, 0.740000),
            (0.860000, 0.830000, 0.740000), (0.860000, 0.830000, 0.740000), (0.860000, 0.830000, 0.740000), (0.860000, 0.830000, 0.740000),
            (0.860000, 0.830000, 0.740000), (0.860000, 0.830000, 0.740000), (0.860000, 0.830000, 0.740000), (0.860000, 0.830000, 0.740000),
            (0.860000, 0.830000, 0.740000), (0.860000, 0.830000, 0.740000), (0.860000, 0.830000, 0.740000), (0.860000, 0.830000, 0.740000),
            (0.860000, 0.830000, 0.740000), (0.860000, 0.830000, 0.740000), (0.860000, 0.830000, 0.740000), (0.860000, 0.830000, 0.740000),
            (0.860000, 0.830000, 0.740000), (0.860000, 0.830000, 0.740000), (0.860000, 0.830000, 0.740000), (0.860000, 0.830000, 0.740000),
            (0.860000, 0.830000, 0.740000), (0.860000, 0.830000, 0.740000), (0.860000, 0.830000, 0.740000), (0.860000, 0.830000, 0.740000),
            (0.860000, 0.830000, 0.740000), (0.860000, 0.830000, 0.740000), (0.860000, 0.830000, 0.740000), (0.860000, 0.830000, 0.740000),
            (0.860000, 0.830000, 0.740000), (0.860000, 0.830000, 0.740000), (0.860000, 0.830000, 0.740000), (0.860000, 0.830000, 0.740000),
            (0.860000, 0.830000, 0.740000), (0.860000, 0.830000, 0.740000), (0.860000, 0.830000, 0.740000), (0.860000, 0.830000, 0.740000),
            (0.860000, 0.830000, 0.740000), (0.860000, 0.830000, 0.740000), (0.860000, 0.830000, 0.740000), (0.860000, 0.830000, 0.740000),
            (0.860000, 0.830000, 0.740000), (0.860000, 0.830000, 0.740000), (0.860000, 0.830000, 0.740000), (0.860000, 0.830000, 0.740000),
            (0.860000, 0.830000, 0.740000), (0.860000, 0.830000, 0.740000), (0.860000, 0.830000, 0.740000), (0.860000, 0.830000, 0.740000),
            (0.860000, 0.830000, 0.740000), (0.860000, 0.830000, 0.740000), (0.860000, 0.830000, 0.740000), (0.720000, 0.670000, 0.560000),
            (0.720000, 0.670000, 0.560000), (0.720000, 0.670000, 0.560000), (0.720000, 0.670000, 0.560000), (0.720000, 0.670000, 0.560000),
            (0.720000, 0.670000, 0.560000), (0.720000, 0.670000, 0.560000), (0.720000, 0.670000, 0.560000), (0.720000, 0.670000, 0.560000),
            (0.720000, 0.670000, 0.560000), (0.860000, 0.830000, 0.740000), (0.860000, 0.830000, 0.740000), (0.860000, 0.830000, 0.740000),
            (0.860000, 0.830000, 0.740000), (0.860000, 0.830000, 0.740000), (0.860000, 0.830000, 0.740000), (0.860000, 0.830000, 0.740000),
            (0.860000, 0.830000, 0.740000), (0.860000, 0.830000, 0.740000), (0.860000, 0.830000, 0.740000), (0.860000, 0.830000, 0.740000),
            (0.860000, 0.830000, 0.740000), (0.860000, 0.830000, 0.740000), (0.860000, 0.830000, 0.740000), (0.860000, 0.830000, 0.740000),
            (0.860000, 0.830000, 0.740000), (0.860000, 0.830000, 0.740000), (0.860000, 0.830000, 0.740000), (0.860000, 0.830000, 0.740000),
            (0.860000, 0.830000, 0.740000), (0.860000, 0.830000, 0.740000), (0.860000, 0.830000, 0.740000), (0.860000, 0.830000, 0.740000),
            (0.860000, 0.830000, 0.740000), (0.860000, 0.830000, 0.740000), (0.860000, 0.830000, 0.740000), (0.860000, 0.830000, 0.740000),
            (0.860000, 0.830000, 0.740000), (0.860000, 0.830000, 0.740000), (0.860000, 0.830000, 0.740000), (0.860000, 0.830000, 0.740000),
            (0.860000, 0.830000, 0.740000), (0.860000, 0.830000, 0.740000), (0.860000, 0.830000, 0.740000), (0.860000, 0.830000, 0.740000),
            (0.860000, 0.830000, 0.740000), (0.860000, 0.830000, 0.740000), (0.860000, 0.830000, 0.740000), (0.860000, 0.830000, 0.740000),
            (0.860000, 0.830000, 0.740000), (0.860000, 0.830000, 0.740000), (0.860000, 0.830000, 0.740000), (0.860000, 0.830000, 0.740000),
            (0.860000, 0.830000, 0.740000), (0.860000, 0.830000, 0.740000), (0.860000, 0.830000, 0.740000), (0.860000, 0.830000, 0.740000),
            (0.860000, 0.830000, 0.740000), (0.860000, 0.830000, 0.740000), (0.860000, 0.830000, 0.740000), (0.860000, 0.830000, 0.740000),
            (0.860000, 0.830000, 0.740000), (0.860000, 0.830000, 0.740000), (0.860000, 0.830000, 0.740000), (0.860000, 0.830000, 0.740000),
            (0.860000, 0.830000, 0.740000), (0.860000, 0.830000, 0.740000), (0.860000, 0.830000, 0.740000), (0.860000, 0.830000, 0.740000),
            (0.860000, 0.830000, 0.740000), (0.860000, 0.830000, 0.740000), (0.860000, 0.830000, 0.740000), (0.860000, 0.830000, 0.740000),
            (0.860000, 0.830000, 0.740000), (0.860000, 0.830000, 0.740000), (0.860000, 0.830000, 0.740000), (0.720000, 0.670000, 0.560000),
            (0.720000, 0.670000, 0.560000), (0.720000, 0.670000, 0.560000), (0.720000, 0.670000, 0.560000), (0.720000, 0.670000, 0.560000),
            (0.720000, 0.670000, 0.560000), (0.720000, 0.670000, 0.560000), (0.720000, 0.670000, 0.560000), (0.720000, 0.670000, 0.560000),
            (0.720000, 0.670000, 0.560000), (0.860000, 0.830000, 0.740000), (0.860000, 0.830000, 0.740000), (0.860000, 0.830000, 0.740000),
            (0.860000, 0.830000, 0.740000), (0.860000, 0.830000, 0.740000), (0.860000, 0.830000, 0.740000), (0.860000, 0.830000, 0.740000),
            (0.860000, 0.830000, 0.740000), (0.860000, 0.830000, 0.740000), (0.860000, 0.830000, 0.740000), (0.860000, 0.830000, 0.740000),
            (0.860000, 0.830000, 0.740000), (0.860000, 0.830000, 0.740000), (0.860000, 0.830000, 0.740000), (0.860000, 0.830000, 0.740000),
            (0.860000, 0.830000, 0.740000), (0.860000, 0.830000, 0.740000), (0.860000, 0.830000, 0.740000), (0.860000, 0.830000, 0.740000),
            (0.860000, 0.830000, 0.740000), (0.860000, 0.830000, 0.740000), (0.860000, 0.830000, 0.740000), (0.860000, 0.830000, 0.740000),
            (0.860000, 0.830000, 0.740000), (0.860000, 0.830000, 0.740000), (0.860000, 0.830000, 0.740000), (0.860000, 0.830000, 0.740000),
            (0.860000, 0.830000, 0.740000), (0.860000, 0.830000, 0.740000), (0.860000, 0.830000, 0.740000), (0.860000, 0.830000, 0.740000),
            (0.860000, 0.830000, 0.740000), (0.860000, 0.830000, 0.740000), (0.860000, 0.830000, 0.740000), (0.860000, 0.830000, 0.740000),
            (0.860000, 0.830000, 0.740000), (0.860000, 0.830000, 0.740000), (0.860000, 0.830000, 0.740000), (0.860000, 0.830000, 0.740000),
            (0.860000, 0.830000, 0.740000), (0.860000, 0.830000, 0.740000), (0.860000, 0.830000, 0.740000), (0.860000, 0.830000, 0.740000),
            (0.860000, 0.830000, 0.740000), (0.860000, 0.830000, 0.740000), (0.860000, 0.830000, 0.740000), (0.860000, 0.830000, 0.740000),
            (0.860000, 0.830000, 0.740000), (0.860000, 0.830000, 0.740000), (0.860000, 0.830000, 0.740000), (0.860000, 0.830000, 0.740000),
            (0.860000, 0.830000, 0.740000), (0.860000, 0.830000, 0.740000), (0.860000, 0.830000, 0.740000), (0.860000, 0.830000, 0.740000),
            (0.860000, 0.830000, 0.740000), (0.860000, 0.830000, 0.740000), (0.860000, 0.830000, 0.740000), (0.860000, 0.830000, 0.740000),
            (0.860000, 0.830000, 0.740000), (0.860000, 0.830000, 0.740000), (0.860000, 0.830000, 0.740000), (0.860000, 0.830000, 0.740000),
            (0.860000, 0.830000, 0.740000), (0.860000, 0.830000, 0.740000), (0.860000, 0.830000, 0.740000), (0.720000, 0.670000, 0.560000),
            (0.720000, 0.670000, 0.560000), (0.720000, 0.670000, 0.560000), (0.720000, 0.670000, 0.560000), (0.720000, 0.670000, 0.560000),
            (0.720000, 0.670000, 0.560000), (0.720000, 0.670000, 0.560000), (0.720000, 0.670000, 0.560000), (0.720000, 0.670000, 0.560000),
            (0.720000, 0.670000, 0.560000), (0.860000, 0.830000, 0.740000), (0.860000, 0.830000, 0.740000), (0.860000, 0.830000, 0.740000),
            (0.860000, 0.830000, 0.740000), (0.860000, 0.830000, 0.740000), (0.860000, 0.830000, 0.740000), (0.860000, 0.830000, 0.740000),
            (0.860000, 0.830000, 0.740000), (0.860000, 0.830000, 0.740000), (0.860000, 0.830000, 0.740000), (0.860000, 0.830000, 0.740000),
            (0.860000, 0.830000, 0.740000), (0.860000, 0.830000, 0.740000), (0.860000, 0.830000, 0.740000), (0.860000, 0.830000, 0.740000),
            (0.860000, 0.830000, 0.740000), (0.860000, 0.830000, 0.740000), (0.860000, 0.830000, 0.740000), (0.860000, 0.830000, 0.740000),
            (0.860000, 0.830000, 0.740000), (0.860000, 0.830000, 0.740000), (0.860000, 0.830000, 0.740000), (0.860000, 0.830000, 0.740000),
            (0.860000, 0.830000, 0.740000), (0.860000, 0.830000, 0.740000), (0.860000, 0.830000, 0.740000), (0.860000, 0.830000, 0.740000),
            (0.860000, 0.830000, 0.740000), (0.860000, 0.830000, 0.740000), (0.860000, 0.830000, 0.740000), (0.860000, 0.830000, 0.740000),
            (0.860000, 0.830000, 0.740000), (0.860000, 0.830000, 0.740000), (0.860000, 0.830000, 0.740000), (0.860000, 0.830000, 0.740000),
            (0.860000, 0.830000, 0.740000), (0.860000, 0.830000, 0.740000), (0.860000, 0.830000, 0.740000), (0.860000, 0.830000, 0.740000),
            (0.860000, 0.830000, 0.740000), (0.860000, 0.830000, 0.740000), (0.860000, 0.830000, 0.740000), (0.860000, 0.830000, 0.740000),
            (0.860000, 0.830000, 0.740000), (0.860000, 0.830000, 0.740000), (0.860000, 0.830000, 0.740000), (0.860000, 0.830000, 0.740000),
            (0.860000, 0.830000, 0.740000), (0.860000, 0.830000, 0.740000), (0.860000, 0.830000, 0.740000), (0.860000, 0.830000, 0.740000),
            (0.860000, 0.830000, 0.740000), (0.860000, 0.830000, 0.740000), (0.860000, 0.830000, 0.740000), (0.860000, 0.830000, 0.740000),
            (0.860000, 0.830000, 0.740000), (0.860000, 0.830000, 0.740000), (0.860000, 0.830000, 0.740000), (0.860000, 0.830000, 0.740000),
            (0.860000, 0.830000, 0.740000), (0.860000, 0.830000, 0.740000), (0.860000, 0.830000, 0.740000), (0.860000, 0.830000, 0.740000),
            (0.860000, 0.830000, 0.740000), (0.860000, 0.830000, 0.740000), (0.860000, 0.830000, 0.740000), (0.720000, 0.670000, 0.560000),
            (0.720000, 0.670000, 0.560000), (0.720000, 0.670000, 0.560000), (0.720000, 0.670000, 0.560000), (0.720000, 0.670000, 0.560000),
            (0.720000, 0.670000, 0.560000), (0.720000, 0.670000, 0.560000), (0.720000, 0.670000, 0.560000), (0.720000, 0.670000, 0.560000),
            (0.720000, 0.670000, 0.560000), (0.860000, 0.830000, 0.740000), (0.860000, 0.830000, 0.740000), (0.860000, 0.830000, 0.740000),
            (0.860000, 0.830000, 0.740000), (0.860000, 0.830000, 0.740000), (0.860000, 0.830000, 0.740000), (0.860000, 0.830000, 0.740000),
            (0.860000, 0.830000, 0.740000), (0.860000, 0.830000, 0.740000), (0.860000, 0.830000, 0.740000), (0.860000, 0.830000, 0.740000),
            (0.860000, 0.830000, 0.740000), (0.860000, 0.830000, 0.740000), (0.860000, 0.830000, 0.740000), (0.860000, 0.830000, 0.740000),
            (0.860000, 0.830000, 0.740000), (0.860000, 0.830000, 0.740000), (0.860000, 0.830000, 0.740000), (0.860000, 0.830000, 0.740000),
            (0.860000, 0.830000, 0.740000), (0.860000, 0.830000, 0.740000), (0.860000, 0.830000, 0.740000), (0.860000, 0.830000, 0.740000),
            (0.860000, 0.830000, 0.740000), (0.860000, 0.830000, 0.740000), (0.860000, 0.830000, 0.740000), (0.860000, 0.830000, 0.740000),
            (0.860000, 0.830000, 0.740000), (0.860000, 0.830000, 0.740000), (0.860000, 0.830000, 0.740000), (0.860000, 0.830000, 0.740000),
            (0.860000, 0.830000, 0.740000), (0.860000, 0.830000, 0.740000), (0.860000, 0.830000, 0.740000), (0.860000, 0.830000, 0.740000),
            (0.860000, 0.830000, 0.740000), (0.860000, 0.830000, 0.740000), (0.860000, 0.830000, 0.740000), (0.860000, 0.830000, 0.740000),
            (0.860000, 0.830000, 0.740000), (0.860000, 0.830000, 0.740000), (0.860000, 0.830000, 0.740000), (0.860000, 0.830000, 0.740000),
            (0.860000, 0.830000, 0.740000), (0.860000, 0.830000, 0.740000), (0.860000, 0.830000, 0.740000), (0.860000, 0.830000, 0.740000),
            (0.860000, 0.830000, 0.740000), (0.860000, 0.830000, 0.740000), (0.860000, 0.830000, 0.740000), (0.860000, 0.830000, 0.740000),
            (0.860000, 0.830000, 0.740000), (0.860000, 0.830000, 0.740000), (0.860000, 0.830000, 0.740000), (0.860000, 0.830000, 0.740000),
            (0.860000, 0.830000, 0.740000), (0.860000, 0.830000, 0.740000), (0.860000, 0.830000, 0.740000), (0.860000, 0.830000, 0.740000),
            (0.860000, 0.830000, 0.740000), (0.860000, 0.830000, 0.740000), (0.860000, 0.830000, 0.740000), (0.860000, 0.830000, 0.740000),
            (0.860000, 0.830000, 0.740000), (0.860000, 0.830000, 0.740000), (0.860000, 0.830000, 0.740000), (0.720000, 0.670000, 0.560000),
            (0.720000, 0.670000, 0.560000), (0.720000, 0.670000, 0.560000), (0.720000, 0.670000, 0.560000), (0.720000, 0.670000, 0.560000),
            (0.720000, 0.670000, 0.560000), (0.720000, 0.670000, 0.560000), (0.720000, 0.670000, 0.560000), (0.720000, 0.670000, 0.560000),
            (0.720000, 0.670000, 0.560000), (0.860000, 0.830000, 0.740000), (0.860000, 0.830000, 0.740000), (0.860000, 0.830000, 0.740000),
            (0.860000, 0.830000, 0.740000), (0.860000, 0.830000, 0.740000), (0.860000, 0.830000, 0.740000), (0.860000, 0.830000, 0.740000),
            (0.860000, 0.830000, 0.740000), (0.860000, 0.830000, 0.740000), (0.860000, 0.830000, 0.740000), (0.860000, 0.830000, 0.740000),
            (0.860000, 0.830000, 0.740000), (0.860000, 0.830000, 0.740000), (0.860000, 0.830000, 0.740000), (0.860000, 0.830000, 0.740000),
            (0.860000, 0.830000, 0.740000), (0.860000, 0.830000, 0.740000), (0.860000, 0.830000, 0.740000), (0.860000, 0.830000, 0.740000),
            (0.860000, 0.830000, 0.740000), (0.860000, 0.830000, 0.740000), (0.860000, 0.830000, 0.740000), (0.860000, 0.830000, 0.740000),
            (0.860000, 0.830000, 0.740000), (0.860000, 0.830000, 0.740000), (0.860000, 0.830000, 0.740000), (0.860000, 0.830000, 0.740000),
            (0.860000, 0.830000, 0.740000), (0.860000, 0.830000, 0.740000), (0.860000, 0.830000, 0.740000), (0.860000, 0.830000, 0.740000),
            (0.860000, 0.830000, 0.740000), (0.860000, 0.830000, 0.740000), (0.860000, 0.830000, 0.740000), (0.860000, 0.830000, 0.740000),
            (0.860000, 0.830000, 0.740000), (0.860000, 0.830000, 0.740000), (0.860000, 0.830000, 0.740000), (0.860000, 0.830000, 0.740000),
            (0.860000, 0.830000, 0.740000), (0.860000, 0.830000, 0.740000), (0.860000, 0.830000, 0.740000), (0.860000, 0.830000, 0.740000),
            (0.860000, 0.830000, 0.740000), (0.860000, 0.830000, 0.740000), (0.860000, 0.830000, 0.740000), (0.860000, 0.830000, 0.740000),
            (0.860000, 0.830000, 0.740000), (0.860000, 0.830000, 0.740000), (0.860000, 0.830000, 0.740000), (0.860000, 0.830000, 0.740000),
            (0.860000, 0.830000, 0.740000), (0.860000, 0.830000, 0.740000), (0.860000, 0.830000, 0.740000), (0.860000, 0.830000, 0.740000),
            (0.860000, 0.830000, 0.740000), (0.860000, 0.830000, 0.740000), (0.860000, 0.830000, 0.740000), (0.860000, 0.830000, 0.740000),
            (0.860000, 0.830000, 0.740000), (0.860000, 0.830000, 0.740000), (0.860000, 0.830000, 0.740000), (0.860000, 0.830000, 0.740000),
            (0.860000, 0.830000, 0.740000), (0.860000, 0.830000, 0.740000), (0.860000, 0.830000, 0.740000), (0.720000, 0.670000, 0.560000),
            (0.720000, 0.670000, 0.560000), (0.720000, 0.670000, 0.560000), (0.720000, 0.670000, 0.560000), (0.720000, 0.670000, 0.560000),
            (0.720000, 0.670000, 0.560000), (0.720000, 0.670000, 0.560000), (0.720000, 0.670000, 0.560000), (0.720000, 0.670000, 0.560000),
            (0.720000, 0.670000, 0.560000), (0.860000, 0.830000, 0.740000), (0.860000, 0.830000, 0.740000), (0.860000, 0.830000, 0.740000),
            (0.860000, 0.830000, 0.740000), (0.860000, 0.830000, 0.740000), (0.860000, 0.830000, 0.740000), (0.860000, 0.830000, 0.740000),
            (0.860000, 0.830000, 0.740000), (0.860000, 0.830000, 0.740000), (0.860000, 0.830000, 0.740000), (0.860000, 0.830000, 0.740000),
            (0.860000, 0.830000, 0.740000), (0.860000, 0.830000, 0.740000), (0.860000, 0.830000, 0.740000), (0.860000, 0.830000, 0.740000),
            (0.860000, 0.830000, 0.740000), (0.860000, 0.830000, 0.740000), (0.860000, 0.830000, 0.740000), (0.860000, 0.830000, 0.740000),
            (0.860000, 0.830000, 0.740000), (0.860000, 0.830000, 0.740000), (0.860000, 0.830000, 0.740000), (0.860000, 0.830000, 0.740000),
            (0.860000, 0.830000, 0.740000), (0.860000, 0.830000, 0.740000), (0.860000, 0.830000, 0.740000), (0.860000, 0.830000, 0.740000),
            (0.860000, 0.830000, 0.740000), (0.860000, 0.830000, 0.740000), (0.860000, 0.830000, 0.740000), (0.860000, 0.830000, 0.740000),
            (0.860000, 0.830000, 0.740000), (0.860000, 0.830000, 0.740000), (0.860000, 0.830000, 0.740000), (0.860000, 0.830000, 0.740000),
            (0.860000, 0.830000, 0.740000), (0.860000, 0.830000, 0.740000), (0.860000, 0.830000, 0.740000), (0.860000, 0.830000, 0.740000),
            (0.860000, 0.830000, 0.740000), (0.860000, 0.830000, 0.740000), (0.860000, 0.830000, 0.740000), (0.860000, 0.830000, 0.740000),
            (0.860000, 0.830000, 0.740000), (0.860000, 0.830000, 0.740000), (0.860000, 0.830000, 0.740000), (0.860000, 0.830000, 0.740000),
            (0.860000, 0.830000, 0.740000), (0.860000, 0.830000, 0.740000), (0.860000, 0.830000, 0.740000), (0.860000, 0.830000, 0.740000),
            (0.860000, 0.830000, 0.740000), (0.860000, 0.830000, 0.740000), (0.860000, 0.830000, 0.740000), (0.860000, 0.830000, 0.740000),
            (0.860000, 0.830000, 0.740000), (0.860000, 0.830000, 0.740000), (0.860000, 0.830000, 0.740000), (0.860000, 0.830000, 0.740000),
            (0.860000, 0.830000, 0.740000), (0.860000, 0.830000, 0.740000), (0.860000, 0.830000, 0.740000), (0.860000, 0.830000, 0.740000),
            (0.860000, 0.830000, 0.740000), (0.860000, 0.830000, 0.740000), (0.860000, 0.830000, 0.740000), (0.720000, 0.670000, 0.560000),
            (0.720000, 0.670000, 0.560000), (0.720000, 0.670000, 0.560000), (0.720000, 0.670000, 0.560000), (0.720000, 0.670000, 0.560000),
            (0.720000, 0.670000, 0.560000), (0.720000, 0.670000, 0.560000), (0.720000, 0.670000, 0.560000), (0.720000, 0.670000, 0.560000),
            (0.720000, 0.670000, 0.560000), (0.720000, 0.670000, 0.560000), (0.720000, 0.670000, 0.560000), (0.720000, 0.670000, 0.560000),
            (0.720000, 0.670000, 0.560000), (0.720000, 0.670000, 0.560000), (0.720000, 0.670000, 0.560000), (0.720000, 0.670000, 0.560000),
            (0.720000, 0.670000, 0.560000), (0.720000, 0.670000, 0.560000), (0.720000, 0.670000, 0.560000), (0.720000, 0.670000, 0.560000),
            (0.720000, 0.670000, 0.560000), (0.720000, 0.670000, 0.560000), (0.720000, 0.670000, 0.560000), (0.720000, 0.670000, 0.560000),
            (0.720000, 0.670000, 0.560000), (0.720000, 0.670000, 0.560000), (0.720000, 0.670000, 0.560000), (0.720000, 0.670000, 0.560000),
            (0.720000, 0.670000, 0.560000), (0.720000, 0.670000, 0.560000), (0.720000, 0.670000, 0.560000), (0.720000, 0.670000, 0.560000),
            (0.720000, 0.670000, 0.560000), (0.720000, 0.670000, 0.560000), (0.720000, 0.670000, 0.560000), (0.720000, 0.670000, 0.560000),
            (0.720000, 0.670000, 0.560000), (0.720000, 0.670000, 0.560000), (0.720000, 0.670000, 0.560000), (0.720000, 0.670000, 0.560000),
            (0.720000, 0.670000, 0.560000), (0.720000, 0.670000, 0.560000), (0.720000, 0.670000, 0.560000), (0.720000, 0.670000, 0.560000),
            (0.720000, 0.670000, 0.560000), (0.720000, 0.670000, 0.560000), (0.720000, 0.670000, 0.560000), (0.720000, 0.670000, 0.560000),
            (0.720000, 0.670000, 0.560000), (0.720000, 0.670000, 0.560000), (0.720000, 0.670000, 0.560000), (0.720000, 0.670000, 0.560000),
            (0.720000, 0.670000, 0.560000), (0.720000, 0.670000, 0.560000), (0.720000, 0.670000, 0.560000), (0.720000, 0.670000, 0.560000),
            (0.720000, 0.670000, 0.560000), (0.720000, 0.670000, 0.560000), (0.720000, 0.670000, 0.560000), (0.720000, 0.670000, 0.560000),
            (0.720000, 0.670000, 0.560000), (0.720000, 0.670000, 0.560000), (0.720000, 0.670000, 0.560000), (0.720000, 0.670000, 0.560000),
            (0.720000, 0.670000, 0.560000), (0.720000, 0.670000, 0.560000), (0.720000, 0.670000, 0.560000), (0.720000, 0.670000, 0.560000),
            (0.720000, 0.670000, 0.560000), (0.720000, 0.670000, 0.560000), (0.720000, 0.670000, 0.560000), (0.720000, 0.670000, 0.560000),
            (0.720000, 0.670000, 0.560000), (0.720000, 0.670000, 0.560000), (0.720000, 0.670000, 0.560000), (0.720000, 0.670000, 0.560000),
            (0.720000, 0.670000, 0.560000), (0.720000, 0.670000, 0.560000), (0.720000, 0.670000, 0.560000), (0.720000, 0.670000, 0.560000),
            (0.720000, 0.670000, 0.560000), (0.720000, 0.670000, 0.560000), (0.720000, 0.670000, 0.560000), (0.720000, 0.670000, 0.560000),
            (0.720000, 0.670000, 0.560000), (0.720000, 0.670000, 0.560000), (0.720000, 0.670000, 0.560000), (0.720000, 0.670000, 0.560000),
            (0.720000, 0.670000, 0.560000), (0.720000, 0.670000, 0.560000), (0.720000, 0.670000, 0.560000), (0.720000, 0.670000, 0.560000),
            (0.720000, 0.670000, 0.560000), (0.720000, 0.670000, 0.560000), (0.720000, 0.670000, 0.560000), (0.720000, 0.670000, 0.560000),
            (0.720000, 0.670000, 0.560000), (0.720000, 0.670000, 0.560000), (0.720000, 0.670000, 0.560000), (0.720000, 0.670000, 0.560000),
            (0.720000, 0.670000, 0.560000), (0.720000, 0.670000, 0.560000), (0.720000, 0.670000, 0.560000), (0.720000, 0.670000, 0.560000),
            (0.720000, 0.670000, 0.560000), (0.720000, 0.670000, 0.560000), (0.720000, 0.670000, 0.560000), (0.720000, 0.670000, 0.560000),
            (0.720000, 0.670000, 0.560000), (0.720000, 0.670000, 0.560000), (0.720000, 0.670000, 0.560000), (0.720000, 0.670000, 0.560000),
            (0.720000, 0.670000, 0.560000), (0.720000, 0.670000, 0.560000), (0.720000, 0.670000, 0.560000), (0.720000, 0.670000, 0.560000),
            (0.720000, 0.670000, 0.560000), (0.720000, 0.670000, 0.560000), (0.720000, 0.670000, 0.560000), (0.720000, 0.670000, 0.560000),
            (0.720000, 0.670000, 0.560000), (0.720000, 0.670000, 0.560000), (0.720000, 0.670000, 0.560000), (0.720000, 0.670000, 0.560000),
            (0.720000, 0.670000, 0.560000), (0.720000, 0.670000, 0.560000), (0.720000, 0.670000, 0.560000), (0.720000, 0.670000, 0.560000),
            (0.720000, 0.670000, 0.560000), (0.720000, 0.670000, 0.560000), (0.720000, 0.670000, 0.560000), (0.720000, 0.670000, 0.560000),
            (0.720000, 0.670000, 0.560000), (0.720000, 0.670000, 0.560000), (0.720000, 0.670000, 0.560000), (0.720000, 0.670000, 0.560000),
            (0.720000, 0.670000, 0.560000), (0.720000, 0.670000, 0.560000), (0.720000, 0.670000, 0.560000), (0.720000, 0.670000, 0.560000),
            (0.720000, 0.670000, 0.560000), (0.720000, 0.670000, 0.560000), (0.720000, 0.670000, 0.560000), (0.720000, 0.670000, 0.560000),
            (0.720000, 0.670000, 0.560000), (0.720000, 0.670000, 0.560000), (0.720000, 0.670000, 0.560000), (0.720000, 0.670000, 0.560000),
            (0.720000, 0.670000, 0.560000), (0.720000, 0.670000, 0.560000), (0.720000, 0.670000, 0.560000), (0.720000, 0.670000, 0.560000),
            (0.720000, 0.670000, 0.560000), (0.720000, 0.670000, 0.560000), (0.720000, 0.670000, 0.560000), (0.720000, 0.670000, 0.560000),
            (0.720000, 0.670000, 0.560000), (0.720000, 0.670000, 0.560000), (0.720000, 0.670000, 0.560000), (0.720000, 0.670000, 0.560000),
            (0.720000, 0.670000, 0.560000), (0.720000, 0.670000, 0.560000), (0.720000, 0.670000, 0.560000), (0.720000, 0.670000, 0.560000),
            (0.720000, 0.670000, 0.560000), (0.720000, 0.670000, 0.560000), (0.720000, 0.670000, 0.560000), (0.720000, 0.670000, 0.560000),
            (0.720000, 0.670000, 0.560000), (0.720000, 0.670000, 0.560000), (0.720000, 0.670000, 0.560000), (0.720000, 0.670000, 0.560000),
            (0.720000, 0.670000, 0.560000), (0.720000, 0.670000, 0.560000), (0.720000, 0.670000, 0.560000), (0.720000, 0.670000, 0.560000),
            (0.720000, 0.670000, 0.560000), (0.720000, 0.670000, 0.560000), (0.720000, 0.670000, 0.560000), (0.720000, 0.670000, 0.560000),
            (0.720000, 0.670000, 0.560000), (0.720000, 0.670000, 0.560000), (0.720000, 0.670000, 0.560000), (0.720000, 0.670000, 0.560000),
            (0.720000, 0.670000, 0.560000), (0.720000, 0.670000, 0.560000), (0.720000, 0.670000, 0.560000), (0.720000, 0.670000, 0.560000),
            (0.720000, 0.670000, 0.560000), (0.720000, 0.670000, 0.560000), (0.720000, 0.670000, 0.560000), (0.720000, 0.670000, 0.560000),
            (0.720000, 0.670000, 0.560000), (0.720000, 0.670000, 0.560000), (0.720000, 0.670000, 0.560000), (0.720000, 0.670000, 0.560000),
            (0.720000, 0.670000, 0.560000), (0.720000, 0.670000, 0.560000), (0.720000, 0.670000, 0.560000), (0.720000, 0.670000, 0.560000),
            (0.720000, 0.670000, 0.560000), (0.720000, 0.670000, 0.560000), (0.720000, 0.670000, 0.560000), (0.720000, 0.670000, 0.560000),
            (0.720000, 0.670000, 0.560000), (0.720000, 0.670000, 0.560000), (0.720000, 0.670000, 0.560000), (0.720000, 0.670000, 0.560000),
            (0.720000, 0.670000, 0.560000), (0.720000, 0.670000, 0.560000), (0.720000, 0.670000, 0.560000), (0.720000, 0.670000, 0.560000),
            (0.720000, 0.670000, 0.560000), (0.720000, 0.670000, 0.560000), (0.720000, 0.670000, 0.560000), (0.720000, 0.670000, 0.560000),
            (0.720000, 0.670000, 0.560000), (0.720000, 0.670000, 0.560000), (0.720000, 0.670000, 0.560000), (0.720000, 0.670000, 0.560000),
            (0.720000, 0.670000, 0.560000), (0.720000, 0.670000, 0.560000), (0.720000, 0.670000, 0.560000), (0.720000, 0.670000, 0.560000),
            (0.720000, 0.670000, 0.560000), (0.720000, 0.670000, 0.560000), (0.720000, 0.670000, 0.560000), (0.720000, 0.670000, 0.560000),
            (0.720000, 0.670000, 0.560000), (0.720000, 0.670000, 0.560000), (0.720000, 0.670000, 0.560000), (0.720000, 0.670000, 0.560000),
            (0.720000, 0.670000, 0.560000), (0.720000, 0.670000, 0.560000), (0.720000, 0.670000, 0.560000), (0.720000, 0.670000, 0.560000),
            (0.720000, 0.670000, 0.560000), (0.720000, 0.670000, 0.560000), (0.720000, 0.670000, 0.560000), (0.720000, 0.670000, 0.560000),
            (0.720000, 0.670000, 0.560000), (0.720000, 0.670000, 0.560000), (0.720000, 0.670000, 0.560000), (0.720000, 0.670000, 0.560000),
            (0.720000, 0.670000, 0.560000), (0.720000, 0.670000, 0.560000), (0.720000, 0.670000, 0.560000), (0.720000, 0.670000, 0.560000),
            (0.720000, 0.670000, 0.560000), (0.720000, 0.670000, 0.560000), (0.720000, 0.670000, 0.560000), (0.720000, 0.670000, 0.560000),
            (0.720000, 0.670000, 0.560000), (0.720000, 0.670000, 0.560000), (0.720000, 0.670000, 0.560000), (0.720000, 0.670000, 0.560000),
            (0.720000, 0.670000, 0.560000), (0.720000, 0.670000, 0.560000), (0.720000, 0.670000, 0.560000), (0.720000, 0.670000, 0.560000),
            (0.720000, 0.670000, 0.560000), (0.720000, 0.670000, 0.560000), (0.720000, 0.670000, 0.560000), (0.720000, 0.670000, 0.560000),
            (0.720000, 0.670000, 0.560000), (0.720000, 0.670000, 0.560000), (0.720000, 0.670000, 0.560000), (0.720000, 0.670000, 0.560000),
            (0.720000, 0.670000, 0.560000), (0.720000, 0.670000, 0.560000), (0.720000, 0.670000, 0.560000), (0.720000, 0.670000, 0.560000),
            (0.720000, 0.670000, 0.560000), (0.720000, 0.670000, 0.560000), (0.720000, 0.670000, 0.560000), (0.720000, 0.670000, 0.560000),
            (0.720000, 0.670000, 0.560000), (0.720000, 0.670000, 0.560000), (0.720000, 0.670000, 0.560000), (0.720000, 0.670000, 0.560000),
            (0.720000, 0.670000, 0.560000), (0.720000, 0.670000, 0.560000), (0.720000, 0.670000, 0.560000), (0.720000, 0.670000, 0.560000),
            (0.720000, 0.670000, 0.560000), (0.720000, 0.670000, 0.560000), (0.720000, 0.670000, 0.560000), (0.720000, 0.670000, 0.560000),
            (0.720000, 0.670000, 0.560000), (0.720000, 0.670000, 0.560000), (0.720000, 0.670000, 0.560000), (0.720000, 0.670000, 0.560000),
            (0.720000, 0.670000, 0.560000), (0.720000, 0.670000, 0.560000), (0.720000, 0.670000, 0.560000), (0.720000, 0.670000, 0.560000),
            (0.720000, 0.670000, 0.560000), (0.720000, 0.670000, 0.560000), (0.720000, 0.670000, 0.560000), (0.720000, 0.670000, 0.560000),
            (0.720000, 0.670000, 0.560000), (0.720000, 0.670000, 0.560000), (0.720000, 0.670000, 0.560000), (0.720000, 0.670000, 0.560000),
            (0.720000, 0.670000, 0.560000), (0.720000, 0.670000, 0.560000), (0.720000, 0.670000, 0.560000), (0.720000, 0.670000, 0.560000),
            (0.720000, 0.670000, 0.560000), (0.720000, 0.670000, 0.560000), (0.720000, 0.670000, 0.560000), (0.720000, 0.670000, 0.560000),
            (0.720000, 0.670000, 0.560000), (0.720000, 0.670000, 0.560000), (0.720000, 0.670000, 0.560000), (0.720000, 0.670000, 0.560000),
            (0.720000, 0.670000, 0.560000), (0.720000, 0.670000, 0.560000), (0.720000, 0.670000, 0.560000), (0.720000, 0.670000, 0.560000),
            (0.720000, 0.670000, 0.560000), (0.720000, 0.670000, 0.560000), (0.720000, 0.670000, 0.560000), (0.720000, 0.670000, 0.560000),
            (0.720000, 0.670000, 0.560000), (0.720000, 0.670000, 0.560000), (0.720000, 0.670000, 0.560000), (0.720000, 0.670000, 0.560000),
            (0.720000, 0.670000, 0.560000), (0.720000, 0.670000, 0.560000), (0.720000, 0.670000, 0.560000), (0.720000, 0.670000, 0.560000),
            (0.720000, 0.670000, 0.560000), (0.720000, 0.670000, 0.560000), (0.720000, 0.670000, 0.560000), (0.720000, 0.670000, 0.560000),
            (0.720000, 0.670000, 0.560000), (0.720000, 0.670000, 0.560000), (0.720000, 0.670000, 0.560000), (0.720000, 0.670000, 0.560000),
            (0.720000, 0.670000, 0.560000), (0.720000, 0.670000, 0.560000), (0.720000, 0.670000, 0.560000), (0.720000, 0.670000, 0.560000),
            (0.720000, 0.670000, 0.560000), (0.720000, 0.670000, 0.560000), (0.720000, 0.670000, 0.560000), (0.720000, 0.670000, 0.560000),
            (0.720000, 0.670000, 0.560000), (0.720000, 0.670000, 0.560000), (0.720000, 0.670000, 0.560000), (0.720000, 0.670000, 0.560000),
            (0.720000, 0.670000, 0.560000), (0.720000, 0.670000, 0.560000), (0.720000, 0.670000, 0.560000), (0.720000, 0.670000, 0.560000),
            (0.720000, 0.670000, 0.560000), (0.720000, 0.670000, 0.560000), (0.720000, 0.670000, 0.560000), (0.720000, 0.670000, 0.560000),
            (0.720000, 0.670000, 0.560000), (0.720000, 0.670000, 0.560000), (0.720000, 0.670000, 0.560000), (0.720000, 0.670000, 0.560000),
            (0.720000, 0.670000, 0.560000), (0.720000, 0.670000, 0.560000), (0.720000, 0.670000, 0.560000), (0.720000, 0.670000, 0.560000),
            (0.720000, 0.670000, 0.560000), (0.720000, 0.670000, 0.560000), (0.720000, 0.670000, 0.560000), (0.720000, 0.670000, 0.560000),
            (0.720000, 0.670000, 0.560000), (0.720000, 0.670000, 0.560000), (0.720000, 0.670000, 0.560000), (0.720000, 0.670000, 0.560000),
            (0.720000, 0.670000, 0.560000), (0.720000, 0.670000, 0.560000), (0.720000, 0.670000, 0.560000), (0.720000, 0.670000, 0.560000),
            (0.720000, 0.670000, 0.560000), (0.720000, 0.670000, 0.560000), (0.720000, 0.670000, 0.560000), (0.720000, 0.670000, 0.560000)
        ] (
            interpolation = "vertex"
        )
        point3f[] points = [
            (-0.175000, -0.175000, 0.000000), (-0.170333, -0.175000, 0.000000), (-0.165667, -0.175000, 0.000000),
            (-0.161000, -0.175000, 0.000000), (-0.156333, -0.175000, 0.000000), (-0.151667, -0.175000, 0.000000),
            (-0.147000, -0.175000, 0.000000), (-0.142333, -0.175000, 0.000000), (-0.137667, -0.175000, 0.000000),
            (-0.133000, -0.175000, 0.000000), (-0.128333, -0.175000, 0.000000), (-0.123667, -0.175000, 0.000000),
            (-0.119000, -0.175000, 0.000000), (-0.114333, -0.175000, 0.000000), (-0.109667, -0.175000, 0.000000),
            (-0.105000, -0.175000, 0.000000), (-0.100333, -0.175000, 0.000000), (-0.095667, -0.175000, 0.000000),
            (-0.091000, -0.175000, 0.000000), (-0.086333, -0.175000, 0.000000), (-0.081667, -0.175000, 0.000000),
            (-0.077000, -0.175000, 0.000000), (-0.072333, -0.175000, 0.000000), (-0.067667, -0.175000, 0.000000),
            (-0.063000, -0.175000, 0.000000), (-0.058333, -0.175000, 0.000000), (-0.053667, -0.175000, 0.000000),
            (-0.049000, -0.175000, 0.000000), (-0.044333, -0.175000, 0.000000), (-0.039667, -0.175000, 0.000000),
            (-0.035000, -0.175000, 0.000000), (-0.030333, -0.175000, 0.000000), (-0.025667, -0.175000, 0.000000),
            (-0.021000, -0.175000, 0.000000), (-0.016333, -0.175000, 0.000000), (-0.011667, -0.175000, 0.000000),
            (-0.007000, -0.175000, 0.000000), (-0.002333, -0.175000, 0.000000), (0.002333, -0.175000, 0.000000),
            (0.007000, -0.175000, 0.000000), (0.011667, -0.175000, 0.000000), (0.016333, -0.175000, 0.000000),
            (0.021000, -0.175000, 0.000000), (0.025667, -0.175000, 0.000000), (0.030333, -0.175000, 0.000000),
            (0.035000, -0.175000, 0.000000), (0.039667, -0.175000, 0.000000), (0.044333, -0.175000, 0.000000),
            (0.049000, -0.175000, 0.000000), (0.053667, -0.175000, 0.000000), (0.058333, -0.175000, 0.000000),
            (0.063000, -0.175000, 0.000000), (0.067667, -0.175000, 0.000000), (0.072333, -0.175000, 0.000000),
            (0.077000, -0.175000, 0.000000), (0.081667, -0.175000, 0.000000), (0.086333, -0.175000, 0.000000),
            (0.091000, -0.175000, 0.000000), (0.095667, -0.175000, 0.000000), (0.100333, -0.175000, 0.000000),
            (0.105000, -0.175000, 0.000000), (0.109667, -0.175000, 0.000000), (0.114333, -0.175000, 0.000000),
            (0.119000, -0.175000, 0.000000), (0.123667, -0.175000, 0.000000), (0.128333, -0.175000, 0.000000),
            (0.133000, -0.175000, 0.000000), (0.137667, -0.175000, 0.000000), (0.142333, -0.175000, 0.000000),
            (0.147000, -0.175000, 0.000000), (0.151667, -0.175000, 0.000000), (0.156333, -0.175000, 0.000000),
            (0.161000, -0.175000, 0.000000), (0.165667, -0.175000, 0.000000), (0.170333, -0.175000, 0.000000),
            (0.175000, -0.175000, 0.000000), (-0.175000, -0.170333, 0.000000), (-0.170333, -0.170333, 0.000000),
            (-0.165667, -0.170333, 0.000000), (-0.161000, -0.170333, 0.000000), (-0.156333, -0.170333, 0.000000),
            (-0.151667, -0.170333, 0.000000), (-0.147000, -0.170333, 0.000000), (-0.142333, -0.170333, 0.000000),
            (-0.137667, -0.170333, 0.000000), (-0.133000, -0.170333, 0.000000), (-0.128333, -0.170333, 0.000000),
            (-0.123667, -0.170333, 0.000000), (-0.119000, -0.170333, 0.000000), (-0.114333, -0.170333, 0.000000),
            (-0.109667, -0.170333, 0.000000), (-0.105000, -0.170333, 0.000000), (-0.100333, -0.170333, 0.000000),
            (-0.095667, -0.170333, 0.000000), (-0.091000, -0.170333, 0.000000), (-0.086333, -0.170333, 0.000000),
            (-0.081667, -0.170333, 0.000000), (-0.077000, -0.170333, 0.000000), (-0.072333, -0.170333, 0.000000),
            (-0.067667, -0.170333, 0.000000), (-0.063000, -0.170333, 0.000000), (-0.058333, -0.170333, 0.000000),
            (-0.053667, -0.170333, 0.000000), (-0.049000, -0.170333, 0.000000), (-0.044333, -0.170333, 0.000000),
            (-0.039667, -0.170333, 0.000000), (-0.035000, -0.170333, 0.000000), (-0.030333, -0.170333, 0.000000),
            (-0.025667, -0.170333, 0.000000), (-0.021000, -0.170333, 0.000000), (-0.016333, -0.170333, 0.000000),
            (-0.011667, -0.170333, 0.000000), (-0.007000, -0.170333, 0.000000), (-0.002333, -0.170333, 0.000000),
            (0.002333, -0.170333, 0.000000), (0.007000, -0.170333, 0.000000), (0.011667, -0.170333, 0.000000),
            (0.016333, -0.170333, 0.000000), (0.021000, -0.170333, 0.000000), (0.025667, -0.170333, 0.000000),
            (0.030333, -0.170333, 0.000000), (0.035000, -0.170333, 0.000000), (0.039667, -0.170333, 0.000000),
            (0.044333, -0.170333, 0.000000), (0.049000, -0.170333, 0.000000), (0.053667, -0.170333, 0.000000),
            (0.058333, -0.170333, 0.000000), (0.063000, -0.170333, 0.000000), (0.067667, -0.170333, 0.000000),
            (0.072333, -0.170333, 0.000000), (0.077000, -0.170333, 0.000000), (0.081667, -0.170333, 0.000000),
            (0.086333, -0.170333, 0.000000), (0.091000, -0.170333, 0.000000), (0.095667, -0.170333, 0.000000),
            (0.100333, -0.170333, 0.000000), (0.105000, -0.170333, 0.000000), (0.109667, -0.170333, 0.000000),
            (0.114333, -0.170333, 0.000000), (0.119000, -0.170333, 0.000000), (0.123667, -0.170333, 0.000000),
            (0.128333, -0.170333, 0.000000), (0.133000, -0.170333, 0.000000), (0.137667, -0.170333, 0.000000),
            (0.142333, -0.170333, 0.000000), (0.147000, -0.170333, 0.000000), (0.151667, -0.170333, 0.000000),
            (0.156333, -0.170333, 0.000000), (0.161000, -0.170333, 0.000000), (0.165667, -0.170333, 0.000000),
            (0.170333, -0.170333, 0.000000), (0.175000, -0.170333, 0.000000), (-0.175000, -0.165667, 0.000000),
            (-0.170333, -0.165667, 0.000000), (-0.165667, -0.165667, 0.000000), (-0.161000, -0.165667, 0.000000),
            (-0.156333, -0.165667, 0.000000), (-0.151667, -0.165667, 0.000000), (-0.147000, -0.165667, 0.000000),
            (-0.142333, -0.165667, 0.000000), (-0.137667, -0.165667, 0.000000), (-0.133000, -0.165667, 0.000000),
            (-0.128333, -0.165667, 0.000000), (-0.123667, -0.165667, 0.000000), (-0.119000, -0.165667, 0.000000),
            (-0.114333, -0.165667, 0.000000), (-0.109667, -0.165667, 0.000000), (-0.105000, -0.165667, 0.000000),
            (-0.100333, -0.165667, 0.000000), (-0.095667, -0.165667, 0.000000), (-0.091000, -0.165667, 0.000000),
            (-0.086333, -0.165667, 0.000000), (-0.081667, -0.165667, 0.000000), (-0.077000, -0.165667, 0.000000),
            (-0.072333, -0.165667, 0.000000), (-0.067667, -0.165667, 0.000000), (-0.063000, -0.165667, 0.000000),
            (-0.058333, -0.165667, 0.000000), (-0.053667, -0.165667, 0.000000), (-0.049000, -0.165667, 0.000000),
            (-0.044333, -0.165667, 0.000000), (-0.039667, -0.165667, 0.000000), (-0.035000, -0.165667, 0.000000),
            (-0.030333, -0.165667, 0.000000), (-0.025667, -0.165667, 0.000000), (-0.021000, -0.165667, 0.000000),
            (-0.016333, -0.165667, 0.000000), (-0.011667, -0.165667, 0.000000), (-0.007000, -0.165667, 0.000000),
            (-0.002333, -0.165667, 0.000000), (0.002333, -0.165667, 0.000000), (0.007000, -0.165667, 0.000000),
            (0.011667, -0.165667, 0.000000), (0.016333, -0.165667, 0.000000), (0.021000, -0.165667, 0.000000),
            (0.025667, -0.165667, 0.000000), (0.030333, -0.165667, 0.000000), (0.035000, -0.165667, 0.000000),
            (0.039667, -0.165667, 0.000000), (0.044333, -0.165667, 0.000000), (0.049000, -0.165667, 0.000000),
            (0.053667, -0.165667, 0.000000), (0.058333, -0.165667, 0.000000), (0.063000, -0.165667, 0.000000),
            (0.067667, -0.165667, 0.000000), (0.072333, -0.165667, 0.000000), (0.077000, -0.165667, 0.000000),
            (0.081667, -0.165667, 0.000000), (0.086333, -0.165667, 0.000000), (0.091000, -0.165667, 0.000000),
            (0.095667, -0.165667, 0.000000), (0.100333, -0.165667, 0.000000), (0.105000, -0.165667, 0.000000),
            (0.109667, -0.165667, 0.000000), (0.114333, -0.165667, 0.000000), (0.119000, -0.165667, 0.000000),
            (0.123667, -0.165667, 0.000000), (0.128333, -0.165667, 0.000000), (0.133000, -0.165667, 0.000000),
            (0.137667, -0.165667, 0.000000), (0.142333, -0.165667, 0.000000), (0.147000, -0.165667, 0.000000),
            (0.151667, -0.165667, 0.000000), (0.156333, -0.165667, 0.000000), (0.161000, -0.165667, 0.000000),
            (0.165667, -0.165667, 0.000000), (0.170333, -0.165667, 0.000000), (0.175000, -0.165667, 0.000000),
            (-0.175000, -0.161000, 0.000000), (-0.170333, -0.161000, 0.000000), (-0.165667, -0.161000, 0.000000),
            (-0.161000, -0.161000, 0.000000), (-0.156333, -0.161000, 0.000000), (-0.151667, -0.161000, 0.000000),
            (-0.147000, -0.161000, 0.000000), (-0.142333, -0.161000, 0.000000), (-0.137667, -0.161000, 0.000000),
            (-0.133000, -0.161000, 0.000000), (-0.128333, -0.161000, 0.000000), (-0.123667, -0.161000, 0.000000),
            (-0.119000, -0.161000, 0.000000), (-0.114333, -0.161000, 0.000000), (-0.109667, -0.161000, 0.000000),
            (-0.105000, -0.161000, 0.000000), (-0.100333, -0.161000, 0.000000), (-0.095667, -0.161000, 0.000000),
            (-0.091000, -0.161000, 0.000000), (-0.086333, -0.161000, 0.000000), (-0.081667, -0.161000, 0.000000),
            (-0.077000, -0.161000, 0.000000), (-0.072333, -0.161000, 0.000000), (-0.067667, -0.161000, 0.000000),
            (-0.063000, -0.161000, 0.000000), (-0.058333, -0.161000, 0.000000), (-0.053667, -0.161000, 0.000000),
            (-0.049000, -0.161000, 0.000000), (-0.044333, -0.161000, 0.000000), (-0.039667, -0.161000, 0.000000),
            (-0.035000, -0.161000, 0.000000), (-0.030333, -0.161000, 0.000000), (-0.025667, -0.161000, 0.000000),
            (-0.021000, -0.161000, 0.000000), (-0.016333, -0.161000, 0.000000), (-0.011667, -0.161000, 0.000000),
            (-0.007000, -0.161000, 0.000000), (-0.002333, -0.161000, 0.000000), (0.002333, -0.161000, 0.000000),
            (0.007000, -0.161000, 0.000000), (0.011667, -0.161000, 0.000000), (0.016333, -0.161000, 0.000000),
            (0.021000, -0.161000, 0.000000), (0.025667, -0.161000, 0.000000), (0.030333, -0.161000, 0.000000),
            (0.035000, -0.161000, 0.000000), (0.039667, -0.161000, 0.000000), (0.044333, -0.161000, 0.000000),
            (0.049000, -0.161000, 0.000000), (0.053667, -0.161000, 0.000000), (0.058333, -0.161000, 0.000000),
            (0.063000, -0.161000, 0.000000), (0.067667, -0.161000, 0.000000), (0.072333, -0.161000, 0.000000),
            (0.077000, -0.161000, 0.000000), (0.081667, -0.161000, 0.000000), (0.086333, -0.161000, 0.000000),
            (0.091000, -0.161000, 0.000000), (0.095667, -0.161000, 0.000000), (0.100333, -0.161000, 0.000000),
            (0.105000, -0.161000, 0.000000), (0.109667, -0.161000, 0.000000), (0.114333, -0.161000, 0.000000),
            (0.119000, -0.161000, 0.000000), (0.123667, -0.161000, 0.000000), (0.128333, -0.161000, 0.000000),
            (0.133000, -0.161000, 0.000000), (0.137667, -0.161000, 0.000000), (0.142333, -0.161000, 0.000000),
            (0.147000, -0.161000, 0.000000), (0.151667, -0.161000, 0.000000), (0.156333, -0.161000, 0.000000),
            (0.161000, -0.161000, 0.000000), (0.165667, -0.161000, 0.000000), (0.170333, -0.161000, 0.000000),
            (0.175000, -0.161000, 0.000000), (-0.175000, -0.156333, 0.000000), (-0.170333, -0.156333, 0.000000),
            (-0.165667, -0.156333, 0.000000), (-0.161000, -0.156333, 0.000000), (-0.156333, -0.156333, 0.000000),
            (-0.151667, -0.156333, 0.000000), (-0.147000, -0.156333, 0.000000), (-0.142333, -0.156333, 0.000000),
            (-0.137667, -0.156333, 0.000000), (-0.133000, -0.156333, 0.000000), (-0.128333, -0.156333, 0.000000),
            (-0.123667, -0.156333, 0.000000), (-0.119000, -0.156333, 0.000000), (-0.114333, -0.156333, 0.000000),
            (-0.109667, -0.156333, 0.000000), (-0.105000, -0.156333, 0.000000), (-0.100333, -0.156333, 0.000000),
            (-0.095667, -0.156333, 0.000000), (-0.091000, -0.156333, 0.000000), (-0.086333, -0.156333, 0.000000),
            (-0.081667, -0.156333, 0.000000), (-0.077000, -0.156333, 0.000000), (-0.072333, -0.156333, 0.000000),
            (-0.067667, -0.156333, 0.000000), (-0.063000, -0.156333, 0.000000), (-0.058333, -0.156333, 0.000000),
            (-0.053667, -0.156333, 0.000000), (-0.049000, -0.156333, 0.000000), (-0.044333, -0.156333, 0.000000),
            (-0.039667, -0.156333, 0.000000), (-0.035000, -0.156333, 0.000000), (-0.030333, -0.156333, 0.000000),
            (-0.025667, -0.156333, 0.000000), (-0.021000, -0.156333, 0.000000), (-0.016333, -0.156333, 0.000000),
            (-0.011667, -0.156333, 0.000000), (-0.007000, -0.156333, 0.000000), (-0.002333, -0.156333, 0.000000),
            (0.002333, -0.156333, 0.000000), (0.007000, -0.156333, 0.000000), (0.011667, -0.156333, 0.000000),
            (0.016333, -0.156333, 0.000000), (0.021000, -0.156333, 0.000000), (0.025667, -0.156333, 0.000000),
            (0.030333, -0.156333, 0.000000), (0.035000, -0.156333, 0.000000), (0.039667, -0.156333, 0.000000),
            (0.044333, -0.156333, 0.000000), (0.049000, -0.156333, 0.000000), (0.053667, -0.156333, 0.000000),
            (0.058333, -0.156333, 0.000000), (0.063000, -0.156333, 0.000000), (0.067667, -0.156333, 0.000000),
            (0.072333, -0.156333, 0.000000), (0.077000, -0.156333, 0.000000), (0.081667, -0.156333, 0.000000),
            (0.086333, -0.156333, 0.000000), (0.091000, -0.156333, 0.000000), (0.095667, -0.156333, 0.000000),
            (0.100333, -0.156333, 0.000000), (0.105000, -0.156333, 0.000000), (0.109667, -0.156333, 0.000000),
            (0.114333, -0.156333, 0.000000), (0.119000, -0.156333, 0.000000), (0.123667, -0.156333, 0.000000),
            (0.128333, -0.156333, 0.000000), (0.133000, -0.156333, 0.000000), (0.137667, -0.156333, 0.000000),
            (0.142333, -0.156333, 0.000000), (0.147000, -0.156333, 0.000000), (0.151667, -0.156333, 0.000000),
            (0.156333, -0.156333, 0.000000), (0.161000, -0.156333, 0.000000), (0.165667, -0.156333, 0.000000),
            (0.170333, -0.156333, 0.000000), (0.175000, -0.156333, 0.000000), (-0.175000, -0.151667, 0.000000),
            (-0.170333, -0.151667, 0.000000), (-0.165667, -0.151667, 0.000000), (-0.161000, -0.151667, 0.000000),
            (-0.156333, -0.151667, 0.000000), (-0.151667, -0.151667, 0.000000), (-0.147000, -0.151667, 0.000000),
            (-0.142333, -0.151667, 0.000000), (-0.137667, -0.151667, 0.000000), (-0.133000, -0.151667, 0.000000),
            (-0.128333, -0.151667, 0.000000), (-0.123667, -0.151667, 0.000000), (-0.119000, -0.151667, 0.000000),
            (-0.114333, -0.151667, 0.000000), (-0.109667, -0.151667, 0.000000), (-0.105000, -0.151667, 0.000000),
            (-0.100333, -0.151667, 0.000000), (-0.095667, -0.151667, 0.000000), (-0.091000, -0.151667, 0.000000),
            (-0.086333, -0.151667, 0.000000), (-0.081667, -0.151667, 0.000000), (-0.077000, -0.151667, 0.000000),
            (-0.072333, -0.151667, 0.000000), (-0.067667, -0.151667, 0.000000), (-0.063000, -0.151667, 0.000000),
            (-0.058333, -0.151667, 0.000000), (-0.053667, -0.151667, 0.000000), (-0.049000, -0.151667, 0.000000),
            (-0.044333, -0.151667, 0.000000), (-0.039667, -0.151667, 0.000000), (-0.035000, -0.151667, 0.000000),
            (-0.030333, -0.151667, 0.000000), (-0.025667, -0.151667, 0.000000), (-0.021000, -0.151667, 0.000000),
            (-0.016333, -0.151667, 0.000000), (-0.011667, -0.151667, 0.000000), (-0.007000, -0.151667, 0.000000),
            (-0.002333, -0.151667, 0.000000), (0.002333, -0.151667, 0.000000), (0.007000, -0.151667, 0.000000),
            (0.011667, -0.151667, 0.000000), (0.016333, -0.151667, 0.000000), (0.021000, -0.151667, 0.000000),
            (0.025667, -0.151667, 0.000000), (0.030333, -0.151667, 0.000000), (0.035000, -0.151667, 0.000000),
            (0.039667, -0.151667, 0.000000), (0.044333, -0.151667, 0.000000), (0.049000, -0.151667, 0.000000),
            (0.053667, -0.151667, 0.000000), (0.058333, -0.151667, 0.000000), (0.063000, -0.151667, 0.000000),
            (0.067667, -0.151667, 0.000000), (0.072333, -0.151667, 0.000000), (0.077000, -0.151667, 0.000000),
            (0.081667, -0.151667, 0.000000), (0.086333, -0.151667, 0.000000), (0.091000, -0.151667, 0.000000),
            (0.095667, -0.151667, 0.000000), (0.100333, -0.151667, 0.000000), (0.105000, -0.151667, 0.000000),
            (0.109667, -0.151667, 0.000000), (0.114333, -0.151667, 0.000000), (0.119000, -0.151667, 0.000000),
            (0.123667, -0.151667, 0.000000), (0.128333, -0.151667, 0.000000), (0.133000, -0.151667, 0.000000),
            (0.137667, -0.151667, 0.000000), (0.142333, -0.151667, 0.000000), (0.147000, -0.151667, 0.000000),
            (0.151667, -0.151667, 0.000000), (0.156333, -0.151667, 0.000000), (0.161000, -0.151667, 0.000000),
            (0.165667, -0.151667, 0.000000), (0.170333, -0.151667, 0.000000), (0.175000, -0.151667, 0.000000),
            (-0.175000, -0.147000, 0.000000), (-0.170333, -0.147000, 0.000000), (-0.165667, -0.147000, 0.000000),
            (-0.161000, -0.147000, 0.000000), (-0.156333, -0.147000, 0.000000), (-0.151667, -0.147000, 0.000000),
            (-0.147000, -0.147000, 0.000000), (-0.142333, -0.147000, 0.000000), (-0.137667, -0.147000, 0.000000),
            (-0.133000, -0.147000, 0.000000), (-0.128333, -0.147000, 0.000000), (-0.123667, -0.147000, 0.000000),
            (-0.119000, -0.147000, 0.000000), (-0.114333, -0.147000, 0.000000), (-0.109667, -0.147000, 0.000000),
            (-0.105000, -0.147000, 0.000000), (-0.100333, -0.147000, 0.000000), (-0.095667, -0.147000, 0.000000),
            (-0.091000, -0.147000, 0.000000), (-0.086333, -0.147000, 0.000000), (-0.081667, -0.147000, 0.000000),
            (-0.077000, -0.147000, 0.000000), (-0.072333, -0.147000, 0.000000), (-0.067667, -0.147000, 0.000000),
            (-0.063000, -0.147000, 0.000000), (-0.058333, -0.147000, 0.000000), (-0.053667, -0.147000, 0.000000),
            (-0.049000, -0.147000, 0.000000), (-0.044333, -0.147000, 0.000000), (-0.039667, -0.147000, 0.000000),
            (-0.035000, -0.147000, 0.000000), (-0.030333, -0.147000, 0.000000), (-0.025667, -0.147000, 0.000000),
            (-0.021000, -0.147000, 0.000000), (-0.016333, -0.147000, 0.000000), (-0.011667, -0.147000, 0.000000),
            (-0.007000, -0.147000, 0.000000), (-0.002333, -0.147000, 0.000000), (0.002333, -0.147000, 0.000000),
            (0.007000, -0.147000, 0.000000), (0.011667, -0.147000, 0.000000), (0.016333, -0.147000, 0.000000),
            (0.021000, -0.147000, 0.000000), (0.025667, -0.147000, 0.000000), (0.030333, -0.147000, 0.000000),
            (0.035000, -0.147000, 0.000000), (0.039667, -0.147000, 0.000000), (0.044333, -0.147000, 0.000000),
            (0.049000, -0.147000, 0.000000), (0.053667, -0.147000, 0.000000), (0.058333, -0.147000, 0.000000),
            (0.063000, -0.147000, 0.000000), (0.067667, -0.147000, 0.000000), (0.072333, -0.147000, 0.000000),
            (0.077000, -0.147000, 0.000000), (0.081667, -0.147000, 0.000000), (0.086333, -0.147000, 0.000000),
            (0.091000, -0.147000, 0.000000), (0.095667, -0.147000, 0.000000), (0.100333, -0.147000, 0.000000),
            (0.105000, -0.147000, 0.000000), (0.109667, -0.147000, 0.000000), (0.114333, -0.147000, 0.000000),
            (0.119000, -0.147000, 0.000000), (0.123667, -0.147000, 0.000000), (0.128333, -0.147000, 0.000000),
            (0.133000, -0.147000, 0.000000), (0.137667, -0.147000, 0.000000), (0.142333, -0.147000, 0.000000),
            (0.147000, -0.147000, 0.000000), (0.151667, -0.147000, 0.000000), (0.156333, -0.147000, 0.000000),
            (0.161000, -0.147000, 0.000000), (0.165667, -0.147000, 0.000000), (0.170333, -0.147000, 0.000000),
            (0.175000, -0.147000, 0.000000), (-0.175000, -0.142333, 0.000000), (-0.170333, -0.142333, 0.000000),
            (-0.165667, -0.142333, 0.000000), (-0.161000, -0.142333, 0.000000), (-0.156333, -0.142333, 0.000000),
            (-0.151667, -0.142333, 0.000000), (-0.147000, -0.142333, 0.000000), (-0.142333, -0.142333, 0.000000),
            (-0.137667, -0.142333, 0.000000), (-0.133000, -0.142333, 0.000000), (-0.128333, -0.142333, 0.000000),
            (-0.123667, -0.142333, 0.000000), (-0.119000, -0.142333, 0.000000), (-0.114333, -0.142333, 0.000000),
            (-0.109667, -0.142333, 0.000000), (-0.105000, -0.142333, 0.000000), (-0.100333, -0.142333, 0.000000),
            (-0.095667, -0.142333, 0.000000), (-0.091000, -0.142333, 0.000000), (-0.086333, -0.142333, 0.000000),
            (-0.081667, -0.142333, 0.000000), (-0.077000, -0.142333, 0.000000), (-0.072333, -0.142333, 0.000000),
            (-0.067667, -0.142333, 0.000000), (-0.063000, -0.142333, 0.000000), (-0.058333, -0.142333, 0.000000),
            (-0.053667, -0.142333, 0.000000), (-0.049000, -0.142333, 0.000000), (-0.044333, -0.142333, 0.000000),
            (-0.039667, -0.142333, 0.000000), (-0.035000, -0.142333, 0.000000), (-0.030333, -0.142333, 0.000000),
            (-0.025667, -0.142333, 0.000000), (-0.021000, -0.142333, 0.000000), (-0.016333, -0.142333, 0.000000),
            (-0.011667, -0.142333, 0.000000), (-0.007000, -0.142333, 0.000000), (-0.002333, -0.142333, 0.000000),
            (0.002333, -0.142333, 0.000000), (0.007000, -0.142333, 0.000000), (0.011667, -0.142333, 0.000000),
            (0.016333, -0.142333, 0.000000), (0.021000, -0.142333, 0.000000), (0.025667, -0.142333, 0.000000),
            (0.030333, -0.142333, 0.000000), (0.035000, -0.142333, 0.000000), (0.039667, -0.142333, 0.000000),
            (0.044333, -0.142333, 0.000000), (0.049000, -0.142333, 0.000000), (0.053667, -0.142333, 0.000000),
            (0.058333, -0.142333, 0.000000), (0.063000, -0.142333, 0.000000), (0.067667, -0.142333, 0.000000),
            (0.072333, -0.142333, 0.000000), (0.077000, -0.142333, 0.000000), (0.081667, -0.142333, 0.000000),
            (0.086333, -0.142333, 0.000000), (0.091000, -0.142333, 0.000000), (0.095667, -0.142333, 0.000000),
            (0.100333, -0.142333, 0.000000), (0.105000, -0.142333, 0.000000), (0.109667, -0.142333, 0.000000),
            (0.114333, -0.142333, 0.000000), (0.119000, -0.142333, 0.000000), (0.123667, -0.142333, 0.000000),
            (0.128333, -0.142333, 0.000000), (0.133000, -0.142333, 0.000000), (0.137667, -0.142333, 0.000000),
            (0.142333, -0.142333, 0.000000), (0.147000, -0.142333, 0.000000), (0.151667, -0.142333, 0.000000),
            (0.156333, -0.142333, 0.000000), (0.161000, -0.142333, 0.000000), (0.165667, -0.142333, 0.000000),
            (0.170333, -0.142333, 0.000000), (0.175000, -0.142333, 0.000000), (-0.175000, -0.137667, 0.000000),
            (-0.170333, -0.137667, 0.000000), (-0.165667, -0.137667, 0.000000), (-0.161000, -0.137667, 0.000000),
            (-0.156333, -0.137667, 0.000000), (-0.151667, -0.137667, 0.000000), (-0.147000, -0.137667, 0.000000),
            (-0.142333, -0.137667, 0.000000), (-0.137667, -0.137667, 0.000000), (-0.133000, -0.137667, 0.000000),
            (-0.128333, -0.137667, 0.000000), (-0.123667, -0.137667, 0.000000), (-0.119000, -0.137667, 0.000000),
            (-0.114333, -0.137667, 0.000000), (-0.109667, -0.137667, 0.000000), (-0.105000, -0.137667, 0.000000),
            (-0.100333, -0.137667, 0.000000), (-0.095667, -0.137667, 0.000000), (-0.091000, -0.137667, 0.000000),
            (-0.086333, -0.137667, 0.000000), (-0.081667, -0.137667, 0.000000), (-0.077000, -0.137667, 0.000000),
            (-0.072333, -0.137667, 0.000000), (-0.067667, -0.137667, 0.000000), (-0.063000, -0.137667, 0.000000),
            (-0.058333, -0.137667, 0.000000), (-0.053667, -0.137667, 0.000000), (-0.049000, -0.137667, 0.000000),
            (-0.044333, -0.137667, 0.000000), (-0.039667, -0.137667, 0.000000), (-0.035000, -0.137667, 0.000000),
            (-0.030333, -0.137667, 0.000000), (-0.025667, -0.137667, 0.000000), (-0.021000, -0.137667, 0.000000),
            (-0.016333, -0.137667, 0.000000), (-0.011667, -0.137667, 0.000000), (-0.007000, -0.137667, 0.000000),
            (-0.002333, -0.137667, 0.000000), (0.002333, -0.137667, 0.000000), (0.007000, -0.137667, 0.000000),
            (0.011667, -0.137667, 0.000000), (0.016333, -0.137667, 0.000000), (0.021000, -0.137667, 0.000000),
            (0.025667, -0.137667, 0.000000), (0.030333, -0.137667, 0.000000), (0.035000, -0.137667, 0.000000),
            (0.039667, -0.137667, 0.000000), (0.044333, -0.137667, 0.000000), (0.049000, -0.137667, 0.000000),
            (0.053667, -0.137667, 0.000000), (0.058333, -0.137667, 0.000000), (0.063000, -0.137667, 0.000000),
            (0.067667, -0.137667, 0.000000), (0.072333, -0.137667, 0.000000), (0.077000, -0.137667, 0.000000),
            (0.081667, -0.137667, 0.000000), (0.086333, -0.137667, 0.000000), (0.091000, -0.137667, 0.000000),
            (0.095667, -0.137667, 0.000000), (0.100333, -0.137667, 0.000000), (0.105000, -0.137667, 0.000000),
            (0.109667, -0.137667, 0.000000), (0.114333, -0.137667, 0.000000), (0.119000, -0.137667, 0.000000),
            (0.123667, -0.137667, 0.000000), (0.128333, -0.137667, 0.000000), (0.133000, -0.137667, 0.000000),
            (0.137667, -0.137667, 0.000000), (0.142333, -0.137667, 0.000000), (0.147000, -0.137667, 0.000000),
            (0.151667, -0.137667, 0.000000), (0.156333, -0.137667, 0.000000), (0.161000, -0.137667, 0.000000),
            (0.165667, -0.137667, 0.000000), (0.170333, -0.137667, 0.000000), (0.175000, -0.137667, 0.000000),
            (-0.175000, -0.133000, 0.000000), (-0.170333, -0.133000, 0.000000), (-0.165667, -0.133000, 0.000000),
            (-0.161000, -0.133000, 0.000000), (-0.156333, -0.133000, 0.000000), (-0.151667, -0.133000, 0.000000),
            (-0.147000, -0.133000, 0.000000), (-0.142333, -0.133000, 0.000000), (-0.137667, -0.133000, 0.000000),
            (-0.133000, -0.133000, 0.000000), (-0.128333, -0.133000, 0.000000), (-0.123667, -0.133000, 0.000000),
            (-0.119000, -0.133000, 0.000000), (-0.114333, -0.133000, 0.000000), (-0.109667, -0.133000, 0.000000),
            (-0.105000, -0.133000, 0.000000), (-0.100333, -0.133000, 0.000000), (-0.095667, -0.133000, 0.000000),
            (-0.091000, -0.133000, 0.000000), (-0.086333, -0.133000, 0.000000), (-0.081667, -0.133000, 0.000000),
            (-0.077000, -0.133000, 0.000000), (-0.072333, -0.133000, 0.000000), (-0.067667, -0.133000, 0.000000),
            (-0.063000, -0.133000, 0.000000), (-0.058333, -0.133000, 0.000000), (-0.053667, -0.133000, 0.000000),
            (-0.049000, -0.133000, 0.000000), (-0.044333, -0.133000, 0.000000), (-0.039667, -0.133000, 0.000000),
            (-0.035000, -0.133000, 0.000000), (-0.030333, -0.133000, 0.000000), (-0.025667, -0.133000, 0.000000),
            (-0.021000, -0.133000, 0.000000), (-0.016333, -0.133000, 0.000000), (-0.011667, -0.133000, 0.000000),
            (-0.007000, -0.133000, 0.000000), (-0.002333, -0.133000, 0.000000), (0.002333, -0.133000, 0.000000),
            (0.007000, -0.133000, 0.000000), (0.011667, -0.133000, 0.000000), (0.016333, -0.133000, 0.000000),
            (0.021000, -0.133000, 0.000000), (0.025667, -0.133000, 0.000000), (0.030333, -0.133000, 0.000000),
            (0.035000, -0.133000, 0.000000), (0.039667, -0.133000, 0.000000), (0.044333, -0.133000, 0.000000),
            (0.049000, -0.133000, 0.000000), (0.053667, -0.133000, 0.000000), (0.058333, -0.133000, 0.000000),
            (0.063000, -0.133000, 0.000000), (0.067667, -0.133000, 0.000000), (0.072333, -0.133000, 0.000000),
            (0.077000, -0.133000, 0.000000), (0.081667, -0.133000, 0.000000), (0.086333, -0.133000, 0.000000),
            (0.091000, -0.133000, 0.000000), (0.095667, -0.133000, 0.000000), (0.100333, -0.133000, 0.000000),
            (0.105000, -0.133000, 0.000000), (0.109667, -0.133000, 0.000000), (0.114333, -0.133000, 0.000000),
            (0.119000, -0.133000, 0.000000), (0.123667, -0.133000, 0.000000), (0.128333, -0.133000, 0.000000),
            (0.133000, -0.133000, 0.000000), (0.137667, -0.133000, 0.000000), (0.142333, -0.133000, 0.000000),
            (0.147000, -0.133000, 0.000000), (0.151667, -0.133000, 0.000000), (0.156333, -0.133000, 0.000000),
            (0.161000, -0.133000, 0.000000), (0.165667, -0.133000, 0.000000), (0.170333, -0.133000, 0.000000),
            (0.175000, -0.133000, 0.000000), (-0.175000, -0.128333, 0.000000), (-0.170333, -0.128333, 0.000000),
            (-0.165667, -0.128333, 0.000000), (-0.161000, -0.128333, 0.000000), (-0.156333, -0.128333, 0.000000),
            (-0.151667, -0.128333, 0.000000), (-0.147000, -0.128333, 0.000000), (-0.142333, -0.128333, 0.000000),
            (-0.137667, -0.128333, 0.000000), (-0.133000, -0.128333, 0.000000), (-0.128333, -0.128333, 0.000000),
            (-0.123667, -0.128333, 0.000000), (-0.119000, -0.128333, 0.000000), (-0.114333, -0.128333, 0.000000),
            (-0.109667, -0.128333, 0.000000), (-0.105000, -0.128333, 0.000000), (-0.100333, -0.128333, 0.000000),
            (-0.095667, -0.128333, 0.000000), (-0.091000, -0.128333, 0.000000), (-0.086333, -0.128333, 0.000000),
            (-0.081667, -0.128333, 0.000000), (-0.077000, -0.128333, 0.000000), (-0.072333, -0.128333, 0.000000),
            (-0.067667, -0.128333, 0.000000), (-0.063000, -0.128333, 0.000000), (-0.058333, -0.128333, 0.000000),
            (-0.053667, -0.128333, 0.000000), (-0.049000, -0.128333, 0.000000), (-0.044333, -0.128333, 0.000000),
            (-0.039667, -0.128333, 0.000000), (-0.035000, -0.128333, 0.000000), (-0.030333, -0.128333, 0.000000),
            (-0.025667, -0.128333, 0.000000), (-0.021000, -0.128333, 0.000000), (-0.016333, -0.128333, 0.000000),
            (-0.011667, -0.128333, 0.000000), (-0.007000, -0.128333, 0.000000), (-0.002333, -0.128333, 0.000000),
            (0.002333, -0.128333, 0.000000), (0.007000, -0.128333, 0.000000), (0.011667, -0.128333, 0.000000),
            (0.016333, -0.128333, 0.000000), (0.021000, -0.128333, 0.000000), (0.025667, -0.128333, 0.000000),
            (0.030333, -0.128333, 0.000000), (0.035000, -0.128333, 0.000000), (0.039667, -0.128333, 0.000000),
            (0.044333, -0.128333, 0.000000), (0.049000, -0.128333, 0.000000), (0.053667, -0.128333, 0.000000),
            (0.058333, -0.128333, 0.000000), (0.063000, -0.128333, 0.000000), (0.067667, -0.128333, 0.000000),
            (0.072333, -0.128333, 0.000000), (0.077000, -0.128333, 0.000000), (0.081667, -0.128333, 0.000000),
            (0.086333, -0.128333, 0.000000), (0.091000, -0.128333, 0.000000), (0.095667, -0.128333, 0.000000),
            (0.100333, -0.128333, 0.000000), (0.105000, -0.128333, 0.000000), (0.109667, -0.128333, 0.000000),
            (0.114333, -0.128333, 0.000000), (0.119000, -0.128333, 0.000000), (0.123667, -0.128333, 0.000000),
            (0.128333, -0.128333, 0.000000), (0.133000, -0.128333, 0.000000), (0.137667, -0.128333, 0.000000),
            (0.142333, -0.128333, 0.000000), (0.147000, -0.128333, 0.000000), (0.151667, -0.128333, 0.000000),
            (0.156333, -0.128333, 0.000000), (0.161000, -0.128333, 0.000000), (0.165667, -0.128333, 0.000000),
            (0.170333, -0.128333, 0.000000), (0.175000, -0.128333, 0.000000), (-0.175000, -0.123667, 0.000000),
            (-0.170333, -0.123667, 0.000000), (-0.165667, -0.123667, 0.000000), (-0.161000, -0.123667, 0.000000),
            (-0.156333, -0.123667, 0.000000), (-0.151667, -0.123667, 0.000000), (-0.147000, -0.123667, 0.000000),
            (-0.142333, -0.123667, 0.000000), (-0.137667, -0.123667, 0.000000), (-0.133000, -0.123667, 0.000000),
            (-0.128333, -0.123667, 0.000000), (-0.123667, -0.123667, 0.000000), (-0.119000, -0.123667, 0.000000),
            (-0.114333, -0.123667, 0.000000), (-0.109667, -0.123667, 0.000000), (-0.105000, -0.123667, 0.000000),
            (-0.100333, -0.123667, 0.000000), (-0.095667, -0.123667, 0.000000), (-0.091000, -0.123667, 0.000000),
            (-0.086333, -0.123667, 0.000000), (-0.081667, -0.123667, 0.000000), (-0.077000, -0.123667, 0.000000),
            (-0.072333, -0.123667, 0.000000), (-0.067667, -0.123667, 0.000000), (-0.063000, -0.123667, 0.000000),
            (-0.058333, -0.123667, 0.000000), (-0.053667, -0.123667, 0.000000), (-0.049000, -0.123667, 0.000000),
            (-0.044333, -0.123667, 0.000000), (-0.039667, -0.123667, 0.000000), (-0.035000, -0.123667, 0.000000),
            (-0.030333, -0.123667, 0.000000), (-0.025667, -0.123667, 0.000000), (-0.021000, -0.123667, 0.000000),
            (-0.016333, -0.123667, 0.000000), (-0.011667, -0.123667, 0.000000), (-0.007000, -0.123667, 0.000000),
            (-0.002333, -0.123667, 0.000000), (0.002333, -0.123667, 0.000000), (0.007000, -0.123667, 0.000000),
            (0.011667, -0.123667, 0.000000), (0.016333, -0.123667, 0.000000), (0.021000, -0.123667, 0.000000),
            (0.025667, -0.123667, 0.000000), (0.030333, -0.123667, 0.000000), (0.035000, -0.123667, 0.000000),
            (0.039667, -0.123667, 0.000000), (0.044333, -0.123667, 0.000000), (0.049000, -0.123667, 0.000000),
            (0.053667, -0.123667, 0.000000), (0.058333, -0.123667, 0.000000), (0.063000, -0.123667, 0.000000),
            (0.067667, -0.123667, 0.000000), (0.072333, -0.123667, 0.000000), (0.077000, -0.123667, 0.000000),
            (0.081667, -0.123667, 0.000000), (0.086333, -0.123667, 0.000000), (0.091000, -0.123667, 0.000000),
            (0.095667, -0.123667, 0.000000), (0.100333, -0.123667, 0.000000), (0.105000, -0.123667, 0.000000),
            (0.109667, -0.123667, 0.000000), (0.114333, -0.123667, 0.000000), (0.119000, -0.123667, 0.000000),
            (0.123667, -0.123667, 0.000000), (0.128333, -0.123667, 0.000000), (0.133000, -0.123667, 0.000000),
            (0.137667, -0.123667, 0.000000), (0.142333, -0.123667, 0.000000), (0.147000, -0.123667, 0.000000),
            (0.151667, -0.123667, 0.000000), (0.156333, -0.123667, 0.000000), (0.161000, -0.123667, 0.000000),
            (0.165667, -0.123667, 0.000000), (0.170333, -0.123667, 0.000000), (0.175000, -0.123667, 0.000000),
            (-0.175000, -0.119000, 0.000000), (-0.170333, -0.119000, 0.000000), (-0.165667, -0.119000, 0.000000),
            (-0.161000, -0.119000, 0.000000), (-0.156333, -0.119000, 0.000000), (-0.151667, -0.119000, 0.000000),
            (-0.147000, -0.119000, 0.000000), (-0.142333, -0.119000, 0.000000), (-0.137667, -0.119000, 0.000000),
            (-0.133000, -0.119000, 0.000000), (-0.128333, -0.119000, 0.000000), (-0.123667, -0.119000, 0.000000),
            (-0.119000, -0.119000, 0.000000), (-0.114333, -0.119000, 0.000000), (-0.109667, -0.119000, 0.000000),
            (-0.105000, -0.119000, 0.000000), (-0.100333, -0.119000, 0.000000), (-0.095667, -0.119000, 0.000000),
            (-0.091000, -0.119000, 0.000000), (-0.086333, -0.119000, 0.000000), (-0.081667, -0.119000, 0.000000),
            (-0.077000, -0.119000, 0.000000), (-0.072333, -0.119000, 0.000000), (-0.067667, -0.119000, 0.000000),
            (-0.063000, -0.119000, 0.000000), (-0.058333, -0.119000, 0.000000), (-0.053667, -0.119000, 0.000000),
            (-0.049000, -0.119000, 0.000000), (-0.044333, -0.119000, 0.000000), (-0.039667, -0.119000, 0.000000),
            (-0.035000, -0.119000, 0.000000), (-0.030333, -0.119000, 0.000000), (-0.025667, -0.119000, 0.000000),
            (-0.021000, -0.119000, 0.000000), (-0.016333, -0.119000, 0.000000), (-0.011667, -0.119000, 0.000000),
            (-0.007000, -0.119000, 0.000000), (-0.002333, -0.119000, 0.000000), (0.002333, -0.119000, 0.000000),
            (0.007000, -0.119000, 0.000000), (0.011667, -0.119000, 0.000000), (0.016333, -0.119000, 0.000000),
            (0.021000, -0.119000, 0.000000), (0.025667, -0.119000, 0.000000), (0.030333, -0.119000, 0.000000),
            (0.035000, -0.119000, 0.000000), (0.039667, -0.119000, 0.000000), (0.044333, -0.119000, 0.000000),
            (0.049000, -0.119000, 0.000000), (0.053667, -0.119000, 0.000000), (0.058333, -0.119000, 0.000000),
            (0.063000, -0.119000, 0.000000), (0.067667, -0.119000, 0.000000), (0.072333, -0.119000, 0.000000),
            (0.077000, -0.119000, 0.000000), (0.081667, -0.119000, 0.000000), (0.086333, -0.119000, 0.000000),
            (0.091000, -0.119000, 0.000000), (0.095667, -0.119000, 0.000000), (0.100333, -0.119000, 0.000000),
            (0.105000, -0.119000, 0.000000), (0.109667, -0.119000, 0.000000), (0.114333, -0.119000, 0.000000),
            (0.119000, -0.119000, 0.000000), (0.123667, -0.119000, 0.000000), (0.128333, -0.119000, 0.000000),
            (0.133000, -0.119000, 0.000000), (0.137667, -0.119000, 0.000000), (0.142333, -0.119000, 0.000000),
            (0.147000, -0.119000, 0.000000), (0.151667, -0.119000, 0.000000), (0.156333, -0.119000, 0.000000),
            (0.161000, -0.119000, 0.000000), (0.165667, -0.119000, 0.000000), (0.170333, -0.119000, 0.000000),
            (0.175000, -0.119000, 0.000000), (-0.175000, -0.114333, 0.000000), (-0.170333, -0.114333, 0.000000),
            (-0.165667, -0.114333, 0.000000), (-0.161000, -0.114333, 0.000000), (-0.156333, -0.114333, 0.000000),
            (-0.151667, -0.114333, 0.000000), (-0.147000, -0.114333, 0.000000), (-0.142333, -0.114333, 0.000000),
            (-0.137667, -0.114333, 0.000000), (-0.133000, -0.114333, 0.000000), (-0.128333, -0.114333, 0.000000),
            (-0.123667, -0.114333, 0.000000), (-0.119000, -0.114333, 0.000000), (-0.114333, -0.114333, 0.000000),
            (-0.109667, -0.114333, 0.000000), (-0.105000, -0.114333, 0.000000), (-0.100333, -0.114333, 0.000000),
            (-0.095667, -0.114333, 0.000000), (-0.091000, -0.114333, 0.000000), (-0.086333, -0.114333, 0.000000),
            (-0.081667, -0.114333, 0.000000), (-0.077000, -0.114333, 0.000000), (-0.072333, -0.114333, 0.000000),
            (-0.067667, -0.114333, 0.000000), (-0.063000, -0.114333, 0.000000), (-0.058333, -0.114333, 0.000000),
            (-0.053667, -0.114333, 0.000000), (-0.049000, -0.114333, 0.000000), (-0.044333, -0.114333, 0.000000),
            (-0.039667, -0.114333, 0.000000), (-0.035000, -0.114333, 0.000000), (-0.030333, -0.114333, 0.000000),
            (-0.025667, -0.114333, 0.000000), (-0.021000, -0.114333, 0.000000), (-0.016333, -0.114333, 0.000000),
            (-0.011667, -0.114333, 0.000000), (-0.007000, -0.114333, 0.000000), (-0.002333, -0.114333, 0.000000),
            (0.002333, -0.114333, 0.000000), (0.007000, -0.114333, 0.000000), (0.011667, -0.114333, 0.000000),
            (0.016333, -0.114333, 0.000000), (0.021000, -0.114333, 0.000000), (0.025667, -0.114333, 0.000000),
            (0.030333, -0.114333, 0.000000), (0.035000, -0.114333, 0.000000), (0.039667, -0.114333, 0.000000),
            (0.044333, -0.114333, 0.000000), (0.049000, -0.114333, 0.000000), (0.053667, -0.114333, 0.000000),
            (0.058333, -0.114333, 0.000000), (0.063000, -0.114333, 0.000000), (0.067667, -0.114333, 0.000000),
            (0.072333, -0.114333, 0.000000), (0.077000, -0.114333, 0.000000), (0.081667, -0.114333, 0.000000),
            (0.086333, -0.114333, 0.000000), (0.091000, -0.114333, 0.000000), (0.095667, -0.114333, 0.000000),
            (0.100333, -0.114333, 0.000000), (0.105000, -0.114333, 0.000000), (0.109667, -0.114333, 0.000000),
            (0.114333, -0.114333, 0.000000), (0.119000, -0.114333, 0.000000), (0.123667, -0.114333, 0.000000),
            (0.128333, -0.114333, 0.000000), (0.133000, -0.114333, 0.000000), (0.137667, -0.114333, 0.000000),
            (0.142333, -0.114333, 0.000000), (0.147000, -0.114333, 0.000000), (0.151667, -0.114333, 0.000000),
            (0.156333, -0.114333, 0.000000), (0.161000, -0.114333, 0.000000), (0.165667, -0.114333, 0.000000),
            (0.170333, -0.114333, 0.000000), (0.175000, -0.114333, 0.000000), (-0.175000, -0.109667, 0.000000),
            (-0.170333, -0.109667, 0.000000), (-0.165667, -0.109667, 0.000000), (-0.161000, -0.109667, 0.000000),
            (-0.156333, -0.109667, 0.000000), (-0.151667, -0.109667, 0.000000), (-0.147000, -0.109667, 0.000000),
            (-0.142333, -0.109667, 0.000000), (-0.137667, -0.109667, 0.000000), (-0.133000, -0.109667, 0.000000),
            (-0.128333, -0.109667, 0.000000), (-0.123667, -0.109667, 0.000000), (-0.119000, -0.109667, 0.000000),
            (-0.114333, -0.109667, 0.000000), (-0.109667, -0.109667, 0.000000), (-0.105000, -0.109667, 0.000000),
            (-0.100333, -0.109667, 0.000000), (-0.095667, -0.109667, 0.000000), (-0.091000, -0.109667, 0.000000),
            (-0.086333, -0.109667, 0.000000), (-0.081667, -0.109667, 0.000000), (-0.077000, -0.109667, 0.000000),
            (-0.072333, -0.109667, 0.000000), (-0.067667, -0.109667, 0.000000), (-0.063000, -0.109667, 0.000000),
            (-0.058333, -0.109667, 0.000000), (-0.053667, -0.109667, 0.000000), (-0.049000, -0.109667, 0.000000),
            (-0.044333, -0.109667, 0.000000), (-0.039667, -0.109667, 0.000000), (-0.035000, -0.109667, 0.000000),
            (-0.030333, -0.109667, 0.000000), (-0.025667, -0.109667, 0.000000), (-0.021000, -0.109667, 0.000000),
            (-0.016333, -0.109667, 0.000000), (-0.011667, -0.109667, 0.000000), (-0.007000, -0.109667, 0.000000),
            (-0.002333, -0.109667, 0.000000), (0.002333, -0.109667, 0.000000), (0.007000, -0.109667, 0.000000),
            (0.011667, -0.109667, 0.000000), (0.016333, -0.109667, 0.000000), (0.021000, -0.109667, 0.000000),
            (0.025667, -0.109667, 0.000000), (0.030333, -0.109667, 0.000000), (0.035000, -0.109667, 0.000000),
            (0.039667, -0.109667, 0.000000), (0.044333, -0.109667, 0.000000), (0.049000, -0.109667, 0.000000),
            (0.053667, -0.109667, 0.000000), (0.058333, -0.109667, 0.000000), (0.063000, -0.109667, 0.000000),
            (0.067667, -0.109667, 0.000000), (0.072333, -0.109667, 0.000000), (0.077000, -0.109667, 0.000000),
            (0.081667, -0.109667, 0.000000), (0.086333, -0.109667, 0.000000), (0.091000, -0.109667, 0.000000),
            (0.095667, -0.109667, 0.000000), (0.100333, -0.109667, 0.000000), (0.105000, -0.109667, 0.000000),
            (0.109667, -0.109667, 0.000000), (0.114333, -0.109667, 0.000000), (0.119000, -0.109667, 0.000000),
            (0.123667, -0.109667, 0.000000), (0.128333, -0.109667, 0.000000), (0.133000, -0.109667, 0.000000),
            (0.137667, -0.109667, 0.000000), (0.142333, -0.109667, 0.000000), (0.147000, -0.109667, 0.000000),
            (0.151667, -0.109667, 0.000000), (0.156333, -0.109667, 0.000000), (0.161000, -0.109667, 0.000000),
            (0.165667, -0.109667, 0.000000), (0.170333, -0.109667, 0.000000), (0.175000, -0.109667, 0.000000),
            (-0.175000, -0.105000, 0.000000), (-0.170333, -0.105000, 0.000000), (-0.165667, -0.105000, 0.000000),
            (-0.161000, -0.105000, 0.000000), (-0.156333, -0.105000, 0.000000), (-0.151667, -0.105000, 0.000000),
            (-0.147000, -0.105000, 0.000000), (-0.142333, -0.105000, 0.000000), (-0.137667, -0.105000, 0.000000),
            (-0.133000, -0.105000, 0.000000), (-0.128333, -0.105000, 0.000000), (-0.123667, -0.105000, 0.000000),
            (-0.119000, -0.105000, 0.000000), (-0.114333, -0.105000, 0.000000), (-0.109667, -0.105000, 0.000000),
            (-0.105000, -0.105000, 0.000000), (-0.100333, -0.105000, 0.000000), (-0.095667, -0.105000, 0.000000),
            (-0.091000, -0.105000, 0.000000), (-0.086333, -0.105000, 0.000000), (-0.081667, -0.105000, 0.000000),
            (-0.077000, -0.105000, 0.000000), (-0.072333, -0.105000, 0.000000), (-0.067667, -0.105000, 0.000000),
            (-0.063000, -0.105000, 0.000000), (-0.058333, -0.105000, 0.000000), (-0.053667, -0.105000, 0.000000),
            (-0.049000, -0.105000, 0.000000), (-0.044333, -0.105000, 0.000000), (-0.039667, -0.105000, 0.000000),
            (-0.035000, -0.105000, 0.000000), (-0.030333, -0.105000, 0.000000), (-0.025667, -0.105000, 0.000000),
            (-0.021000, -0.105000, 0.000000), (-0.016333, -0.105000, 0.000000), (-0.011667, -0.105000, 0.000000),
            (-0.007000, -0.105000, 0.000000), (-0.002333, -0.105000, 0.000000), (0.002333, -0.105000, 0.000000),
            (0.007000, -0.105000, 0.000000), (0.011667, -0.105000, 0.000000), (0.016333, -0.105000, 0.000000),
            (0.021000, -0.105000, 0.000000), (0.025667, -0.105000, 0.000000), (0.030333, -0.105000, 0.000000),
            (0.035000, -0.105000, 0.000000), (0.039667, -0.105000, 0.000000), (0.044333, -0.105000, 0.000000),
            (0.049000, -0.105000, 0.000000), (0.053667, -0.105000, 0.000000), (0.058333, -0.105000, 0.000000),
            (0.063000, -0.105000, 0.000000), (0.067667, -0.105000, 0.000000), (0.072333, -0.105000, 0.000000),
            (0.077000, -0.105000, 0.000000), (0.081667, -0.105000, 0.000000), (0.086333, -0.105000, 0.000000),
            (0.091000, -0.105000, 0.000000), (0.095667, -0.105000, 0.000000), (0.100333, -0.105000, 0.000000),
            (0.105000, -0.105000, 0.000000), (0.109667, -0.105000, 0.000000), (0.114333, -0.105000, 0.000000),
            (0.119000, -0.105000, 0.000000), (0.123667, -0.105000, 0.000000), (0.128333, -0.105000, 0.000000),
            (0.133000, -0.105000, 0.000000), (0.137667, -0.105000, 0.000000), (0.142333, -0.105000, 0.000000),
            (0.147000, -0.105000, 0.000000), (0.151667, -0.105000, 0.000000), (0.156333, -0.105000, 0.000000),
            (0.161000, -0.105000, 0.000000), (0.165667, -0.105000, 0.000000), (0.170333, -0.105000, 0.000000),
            (0.175000, -0.105000, 0.000000), (-0.175000, -0.100333, 0.000000), (-0.170333, -0.100333, 0.000000),
            (-0.165667, -0.100333, 0.000000), (-0.161000, -0.100333, 0.000000), (-0.156333, -0.100333, 0.000000),
            (-0.151667, -0.100333, 0.000000), (-0.147000, -0.100333, 0.000000), (-0.142333, -0.100333, 0.000000),
            (-0.137667, -0.100333, 0.000000), (-0.133000, -0.100333, 0.000000), (-0.128333, -0.100333, 0.000000),
            (-0.123667, -0.100333, 0.000000), (-0.119000, -0.100333, 0.000000), (-0.114333, -0.100333, 0.000000),
            (-0.109667, -0.100333, 0.000000), (-0.105000, -0.100333, 0.000000), (-0.100333, -0.100333, 0.000000),
            (-0.095667, -0.100333, 0.000000), (-0.091000, -0.100333, 0.000000), (-0.086333, -0.100333, 0.000000),
            (-0.081667, -0.100333, 0.000000), (-0.077000, -0.100333, 0.000000), (-0.072333, -0.100333, 0.000000),
            (-0.067667, -0.100333, 0.000000), (-0.063000, -0.100333, 0.000000), (-0.058333, -0.100333, 0.000000),
            (-0.053667, -0.100333, 0.000000), (-0.049000, -0.100333, 0.000000), (-0.044333, -0.100333, 0.000000),
            (-0.039667, -0.100333, 0.000000), (-0.035000, -0.100333, 0.000000), (-0.030333, -0.100333, 0.000000),
            (-0.025667, -0.100333, 0.000000), (-0.021000, -0.100333, 0.000000), (-0.016333, -0.100333, 0.000000),
            (-0.011667, -0.100333, 0.000000), (-0.007000, -0.100333, 0.000000), (-0.002333, -0.100333, 0.000000),
            (0.002333, -0.100333, 0.000000), (0.007000, -0.100333, 0.000000), (0.011667, -0.100333, 0.000000),
            (0.016333, -0.100333, 0.000000), (0.021000, -0.100333, 0.000000), (0.025667, -0.100333, 0.000000),
            (0.030333, -0.100333, 0.000000), (0.035000, -0.100333, 0.000000), (0.039667, -0.100333, 0.000000),
            (0.044333, -0.100333, 0.000000), (0.049000, -0.100333, 0.000000), (0.053667, -0.100333, 0.000000),
            (0.058333, -0.100333, 0.000000), (0.063000, -0.100333, 0.000000), (0.067667, -0.100333, 0.000000),
            (0.072333, -0.100333, 0.000000), (0.077000, -0.100333, 0.000000), (0.081667, -0.100333, 0.000000),
            (0.086333, -0.100333, 0.000000), (0.091000, -0.100333, 0.000000), (0.095667, -0.100333, 0.000000),
            (0.100333, -0.100333, 0.000000), (0.105000, -0.100333, 0.000000), (0.109667, -0.100333, 0.000000),
            (0.114333, -0.100333, 0.000000), (0.119000, -0.100333, 0.000000), (0.123667, -0.100333, 0.000000),
            (0.128333, -0.100333, 0.000000), (0.133000, -0.100333, 0.000000), (0.137667, -0.100333, 0.000000),
            (0.142333, -0.100333, 0.000000), (0.147000, -0.100333, 0.000000), (0.151667, -0.100333, 0.000000),
            (0.156333, -0.100333, 0.000000), (0.161000, -0.100333, 0.000000), (0.165667, -0.100333, 0.000000),
            (0.170333, -0.100333, 0.000000), (0.175000, -0.100333, 0.000000), (-0.175000, -0.095667, 0.000000),
            (-0.170333, -0.095667, 0.000000), (-0.165667, -0.095667, 0.000000), (-0.161000, -0.095667, 0.000000),
            (-0.156333, -0.095667, 0.000000), (-0.151667, -0.095667, 0.000000), (-0.147000, -0.095667, 0.000000),
            (-0.142333, -0.095667, 0.000000), (-0.137667, -0.095667, 0.000000), (-0.133000, -0.095667, 0.000000),
            (-0.128333, -0.095667, 0.000000), (-0.123667, -0.095667, 0.000000), (-0.119000, -0.095667, 0.000000),
            (-0.114333, -0.095667, 0.000000), (-0.109667, -0.095667, 0.000000), (-0.105000, -0.095667, 0.000000),
            (-0.100333, -0.095667, 0.000000), (-0.095667, -0.095667, 0.000000), (-0.091000, -0.095667, 0.000000),
            (-0.086333, -0.095667, 0.000000), (-0.081667, -0.095667, 0.000000), (-0.077000, -0.095667, 0.000000),
            (-0.072333, -0.095667, 0.000000), (-0.067667, -0.095667, 0.000000), (-0.063000, -0.095667, 0.000000),
            (-0.058333, -0.095667, 0.000000), (-0.053667, -0.095667, 0.000000), (-0.049000, -0.095667, 0.000000),
            (-0.044333, -0.095667, 0.000000), (-0.039667, -0.095667, 0.000000), (-0.035000, -0.095667, 0.000000),
            (-0.030333, -0.095667, 0.000000), (-0.025667, -0.095667, 0.000000), (-0.021000, -0.095667, 0.000000),
            (-0.016333, -0.095667, 0.000000), (-0.011667, -0.095667, 0.000000), (-0.007000, -0.095667, 0.000000),
            (-0.002333, -0.095667, 0.000000), (0.002333, -0.095667, 0.000000), (0.007000, -0.095667, 0.000000),
            (0.011667, -0.095667, 0.000000), (0.016333, -0.095667, 0.000000), (0.021000, -0.095667, 0.000000),
            (0.025667, -0.095667, 0.000000), (0.030333, -0.095667, 0.000000), (0.035000, -0.095667, 0.000000),
            (0.039667, -0.095667, 0.000000), (0.044333, -0.095667, 0.000000), (0.049000, -0.095667, 0.000000),
            (0.053667, -0.095667, 0.000000), (0.058333, -0.095667, 0.000000), (0.063000, -0.095667, 0.000000),
            (0.067667, -0.095667, 0.000000), (0.072333, -0.095667, 0.000000), (0.077000, -0.095667, 0.000000),
            (0.081667, -0.095667, 0.000000), (0.086333, -0.095667, 0.000000), (0.091000, -0.095667, 0.000000),
            (0.095667, -0.095667, 0.000000), (0.100333, -0.095667, 0.000000), (0.105000, -0.095667, 0.000000),
            (0.109667, -0.095667, 0.000000), (0.114333, -0.095667, 0.000000), (0.119000, -0.095667, 0.000000),
            (0.123667, -0.095667, 0.000000), (0.128333, -0.095667, 0.000000), (0.133000, -0.095667, 0.000000),
            (0.137667, -0.095667, 0.000000), (0.142333, -0.095667, 0.000000), (0.147000, -0.095667, 0.000000),
            (0.151667, -0.095667, 0.000000), (0.156333, -0.095667, 0.000000), (0.161000, -0.095667, 0.000000),
            (0.165667, -0.095667, 0.000000), (0.170333, -0.095667, 0.000000), (0.175000, -0.095667, 0.000000),
            (-0.175000, -0.091000, 0.000000), (-0.170333, -0.091000, 0.000000), (-0.165667, -0.091000, 0.000000),
            (-0.161000, -0.091000, 0.000000), (-0.156333, -0.091000, 0.000000), (-0.151667, -0.091000, 0.000000),
            (-0.147000, -0.091000, 0.000000), (-0.142333, -0.091000, 0.000000), (-0.137667, -0.091000, 0.000000),
            (-0.133000, -0.091000, 0.000000), (-0.128333, -0.091000, 0.000000), (-0.123667, -0.091000, 0.000000),
            (-0.119000, -0.091000, 0.000000), (-0.114333, -0.091000, 0.000000), (-0.109667, -0.091000, 0.000000),
            (-0.105000, -0.091000, 0.000000), (-0.100333, -0.091000, 0.000000), (-0.095667, -0.091000, 0.000000),
            (-0.091000, -0.091000, 0.000000), (-0.086333, -0.091000, 0.000000), (-0.081667, -0.091000, 0.000000),
            (-0.077000, -0.091000, 0.000000), (-0.072333, -0.091000, 0.000000), (-0.067667, -0.091000, 0.000000),
            (-0.063000, -0.091000, 0.000000), (-0.058333, -0.091000, 0.000000), (-0.053667, -0.091000, 0.000000),
            (-0.049000, -0.091000, 0.000000), (-0.044333, -0.091000, 0.000000), (-0.039667, -0.091000, 0.000000),
            (-0.035000, -0.091000, 0.000000), (-0.030333, -0.091000, 0.000000), (-0.025667, -0.091000, 0.000000),
            (-0.021000, -0.091000, 0.000000), (-0.016333, -0.091000, 0.000000), (-0.011667, -0.091000, 0.000000),
            (-0.007000, -0.091000, 0.000000), (-0.002333, -0.091000, 0.000000), (0.002333, -0.091000, 0.000000),
            (0.007000, -0.091000, 0.000000), (0.011667, -0.091000, 0.000000), (0.016333, -0.091000, 0.000000),
            (0.021000, -0.091000, 0.000000), (0.025667, -0.091000, 0.000000), (0.030333, -0.091000, 0.000000),
            (0.035000, -0.091000, 0.000000), (0.039667, -0.091000, 0.000000), (0.044333, -0.091000, 0.000000),
            (0.049000, -0.091000, 0.000000), (0.053667, -0.091000, 0.000000), (0.058333, -0.091000, 0.000000),
            (0.063000, -0.091000, 0.000000), (0.067667, -0.091000, 0.000000), (0.072333, -0.091000, 0.000000),
            (0.077000, -0.091000, 0.000000), (0.081667, -0.091000, 0.000000), (0.086333, -0.091000, 0.000000),
            (0.091000, -0.091000, 0.000000), (0.095667, -0.091000, 0.000000), (0.100333, -0.091000, 0.000000),
            (0.105000, -0.091000, 0.000000), (0.109667, -0.091000, 0.000000), (0.114333, -0.091000, 0.000000),
            (0.119000, -0.091000, 0.000000), (0.123667, -0.091000, 0.000000), (0.128333, -0.091000, 0.000000),
            (0.133000, -0.091000, 0.000000), (0.137667, -0.091000, 0.000000), (0.142333, -0.091000, 0.000000),
            (0.147000, -0.091000, 0.000000), (0.151667, -0.091000, 0.000000), (0.156333, -0.091000, 0.000000),
            (0.161000, -0.091000, 0.000000), (0.165667, -0.091000, 0.000000), (0.170333, -0.091000, 0.000000),
            (0.175000, -0.091000, 0.000000), (-0.175000, -0.086333, 0.000000), (-0.170333, -0.086333, 0.000000),
            (-0.165667, -0.086333, 0.000000), (-0.161000, -0.086333, 0.000000), (-0.156333, -0.086333, 0.000000),
            (-0.151667, -0.086333, 0.000000), (-0.147000, -0.086333, 0.000000), (-0.142333, -0.086333, 0.000000),
            (-0.137667, -0.086333, 0.000000), (-0.133000, -0.086333, 0.000000), (-0.128333, -0.086333, 0.000000),
            (-0.123667, -0.086333, 0.000000), (-0.119000, -0.086333, 0.000000), (-0.114333, -0.086333, 0.000000),
            (-0.109667, -0.086333, 0.000000), (-0.105000, -0.086333, 0.000000), (-0.100333, -0.086333, 0.000000),
            (-0.095667, -0.086333, 0.000000), (-0.091000, -0.086333, 0.000000), (-0.086333, -0.086333, 0.000000),
            (-0.081667, -0.086333, 0.000000), (-0.077000, -0.086333, 0.000000), (-0.072333, -0.086333, 0.000000),
            (-0.067667, -0.086333, 0.000000), (-0.063000, -0.086333, 0.000000), (-0.058333, -0.086333, 0.000000),
            (-0.053667, -0.086333, 0.000000), (-0.049000, -0.086333, 0.000000), (-0.044333, -0.086333, 0.000000),
            (-0.039667, -0.086333, 0.000000), (-0.035000, -0.086333, 0.000000), (-0.030333, -0.086333, 0.000000),
            (-0.025667, -0.086333, 0.000000), (-0.021000, -0.086333, 0.000000), (-0.016333, -0.086333, 0.000000),
            (-0.011667, -0.086333, 0.000000), (-0.007000, -0.086333, 0.000000), (-0.002333, -0.086333, 0.000000),
            (0.002333, -0.086333, 0.000000), (0.007000, -0.086333, 0.000000), (0.011667, -0.086333, 0.000000),
            (0.016333, -0.086333, 0.000000), (0.021000, -0.086333, 0.000000), (0.025667, -0.086333, 0.000000),
            (0.030333, -0.086333, 0.000000), (0.035000, -0.086333, 0.000000), (0.039667, -0.086333, 0.000000),
            (0.044333, -0.086333, 0.000000), (0.049000, -0.086333, 0.000000), (0.053667, -0.086333, 0.000000),
            (0.058333, -0.086333, 0.000000), (0.063000, -0.086333, 0.000000), (0.067667, -0.086333, 0.000000),
            (0.072333, -0.086333, 0.000000), (0.077000, -0.086333, 0.000000), (0.081667, -0.086333, 0.000000),
            (0.086333, -0.086333, 0.000000), (0.091000, -0.086333, 0.000000), (0.095667, -0.086333, 0.000000),
            (0.100333, -0.086333, 0.000000), (0.105000, -0.086333, 0.000000), (0.109667, -0.086333, 0.000000),
            (0.114333, -0.086333, 0.000000), (0.119000, -0.086333, 0.000000), (0.123667, -0.086333, 0.000000),
            (0.128333, -0.086333, 0.000000), (0.133000, -0.086333, 0.000000), (0.137667, -0.086333, 0.000000),
            (0.142333, -0.086333, 0.000000), (0.147000, -0.086333, 0.000000), (0.151667, -0.086333, 0.000000),
            (0.156333, -0.086333, 0.000000), (0.161000, -0.086333, 0.000000), (0.165667, -0.086333, 0.000000),
            (0.170333, -0.086333, 0.000000), (0.175000, -0.086333, 0.000000), (-0.175000, -0.081667, 0.000000),
            (-0.170333, -0.081667, 0.000000), (-0.165667, -0.081667, 0.000000), (-0.161000, -0.081667, 0.000000),
            (-0.156333, -0.081667, 0.000000), (-0.151667, -0.081667, 0.000000), (-0.147000, -0.081667, 0.000000),
            (-0.142333, -0.081667, 0.000000), (-0.137667, -0.081667, 0.000000), (-0.133000, -0.081667, 0.000000),
            (-0.128333, -0.081667, 0.000000), (-0.123667, -0.081667, 0.000000), (-0.119000, -0.081667, 0.000000),
            (-0.114333, -0.081667, 0.000000), (-0.109667, -0.081667, 0.000000), (-0.105000, -0.081667, 0.000000),
            (-0.100333, -0.081667, 0.000000), (-0.095667, -0.081667, 0.000000), (-0.091000, -0.081667, 0.000000),
            (-0.086333, -0.081667, 0.000000), (-0.081667, -0.081667, 0.000000), (-0.077000, -0.081667, 0.000000),
            (-0.072333, -0.081667, 0.000000), (-0.067667, -0.081667, 0.000000), (-0.063000, -0.081667, 0.000000),
            (-0.058333, -0.081667, 0.000000), (-0.053667, -0.081667, 0.000000), (-0.049000, -0.081667, 0.000000),
            (-0.044333, -0.081667, 0.000000), (-0.039667, -0.081667, 0.000000), (-0.035000, -0.081667, 0.000000),
            (-0.030333, -0.081667, 0.000000), (-0.025667, -0.081667, 0.000000), (-0.021000, -0.081667, 0.000000),
            (-0.016333, -0.081667, 0.000000), (-0.011667, -0.081667, 0.000000), (-0.007000, -0.081667, 0.000000),
            (-0.002333, -0.081667, 0.000000), (0.002333, -0.081667, 0.000000), (0.007000, -0.081667, 0.000000),
            (0.011667, -0.081667, 0.000000), (0.016333, -0.081667, 0.000000), (0.021000, -0.081667, 0.000000),
            (0.025667, -0.081667, 0.000000), (0.030333, -0.081667, 0.000000), (0.035000, -0.081667, 0.000000),
            (0.039667, -0.081667, 0.000000), (0.044333, -0.081667, 0.000000), (0.049000, -0.081667, 0.000000),
            (0.053667, -0.081667, 0.000000), (0.058333, -0.081667, 0.000000), (0.063000, -0.081667, 0.000000),
            (0.067667, -0.081667, 0.000000), (0.072333, -0.081667, 0.000000), (0.077000, -0.081667, 0.000000),
            (0.081667, -0.081667, 0.000000), (0.086333, -0.081667, 0.000000), (0.091000, -0.081667, 0.000000),
            (0.095667, -0.081667, 0.000000), (0.100333, -0.081667, 0.000000), (0.105000, -0.081667, 0.000000),
            (0.109667, -0.081667, 0.000000), (0.114333, -0.081667, 0.000000), (0.119000, -0.081667, 0.000000),
            (0.123667, -0.081667, 0.000000), (0.128333, -0.081667, 0.000000), (0.133000, -0.081667, 0.000000),
            (0.137667, -0.081667, 0.000000), (0.142333, -0.081667, 0.000000), (0.147000, -0.081667, 0.000000),
            (0.151667, -0.081667, 0.000000), (0.156333, -0.081667, 0.000000), (0.161000, -0.081667, 0.000000),
            (0.165667, -0.081667, 0.000000), (0.170333, -0.081667, 0.000000), (0.175000, -0.081667, 0.000000),
            (-0.175000, -0.077000, 0.000000), (-0.170333, -0.077000, 0.000000), (-0.165667, -0.077000, 0.000000),
            (-0.161000, -0.077000, 0.000000), (-0.156333, -0.077000, 0.000000), (-0.151667, -0.077000, 0.000000),
            (-0.147000, -0.077000, 0.000000), (-0.142333, -0.077000, 0.000000), (-0.137667, -0.077000, 0.000000),
            (-0.133000, -0.077000, 0.000000), (-0.128333, -0.077000, 0.000000), (-0.123667, -0.077000, 0.000000),
            (-0.119000, -0.077000, 0.000000), (-0.114333, -0.077000, 0.000000), (-0.109667, -0.077000, 0.000000),
            (-0.105000, -0.077000, 0.000000), (-0.100333, -0.077000, 0.000000), (-0.095667, -0.077000, 0.000000),
            (-0.091000, -0.077000, 0.000000), (-0.086333, -0.077000, 0.000000), (-0.081667, -0.077000, 0.000000),
            (-0.077000, -0.077000, 0.000000), (-0.072333, -0.077000, 0.000000), (-0.067667, -0.077000, 0.000000),
            (-0.063000, -0.077000, 0.000000), (-0.058333, -0.077000, 0.000000), (-0.053667, -0.077000, 0.000000),
            (-0.049000, -0.077000, 0.000000), (-0.044333, -0.077000, 0.000000), (-0.039667, -0.077000, 0.000000),
            (-0.035000, -0.077000, 0.000000), (-0.030333, -0.077000, 0.000000), (-0.025667, -0.077000, 0.000000),
            (-0.021000, -0.077000, 0.000000), (-0.016333, -0.077000, 0.000000), (-0.011667, -0.077000, 0.000000),
            (-0.007000, -0.077000, 0.000000), (-0.002333, -0.077000, 0.000000), (0.002333, -0.077000, 0.000000),
            (0.007000, -0.077000, 0.000000), (0.011667, -0.077000, 0.000000), (0.016333, -0.077000, 0.000000),
            (0.021000, -0.077000, 0.000000), (0.025667, -0.077000, 0.000000), (0.030333, -0.077000, 0.000000),
            (0.035000, -0.077000, 0.000000), (0.039667, -0.077000, 0.000000), (0.044333, -0.077000, 0.000000),
            (0.049000, -0.077000, 0.000000), (0.053667, -0.077000, 0.000000), (0.058333, -0.077000, 0.000000),
            (0.063000, -0.077000, 0.000000), (0.067667, -0.077000, 0.000000), (0.072333, -0.077000, 0.000000),
            (0.077000, -0.077000, 0.000000), (0.081667, -0.077000, 0.000000), (0.086333, -0.077000, 0.000000),
            (0.091000, -0.077000, 0.000000), (0.095667, -0.077000, 0.000000), (0.100333, -0.077000, 0.000000),
            (0.105000, -0.077000, 0.000000), (0.109667, -0.077000, 0.000000), (0.114333, -0.077000, 0.000000),
            (0.119000, -0.077000, 0.000000), (0.123667, -0.077000, 0.000000), (0.128333, -0.077000, 0.000000),
            (0.133000, -0.077000, 0.000000), (0.137667, -0.077000, 0.000000), (0.142333, -0.077000, 0.000000),
            (0.147000, -0.077000, 0.000000), (0.151667, -0.077000, 0.000000), (0.156333, -0.077000, 0.000000),
            (0.161000, -0.077000, 0.000000), (0.165667, -0.077000, 0.000000), (0.170333, -0.077000, 0.000000),
            (0.175000, -0.077000, 0.000000), (-0.175000, -0.072333, 0.000000), (-0.170333, -0.072333, 0.000000),
            (-0.165667, -0.072333, 0.000000), (-0.161000, -0.072333, 0.000000), (-0.156333, -0.072333, 0.000000),
            (-0.151667, -0.072333, 0.000000), (-0.147000, -0.072333, 0.000000), (-0.142333, -0.072333, 0.000000),
            (-0.137667, -0.072333, 0.000000), (-0.133000, -0.072333, 0.000000), (-0.128333, -0.072333, 0.000000),
            (-0.123667, -0.072333, 0.000000), (-0.119000, -0.072333, 0.000000), (-0.114333, -0.072333, 0.000000),
            (-0.109667, -0.072333, 0.000000), (-0.105000, -0.072333, 0.000000), (-0.100333, -0.072333, 0.000000),
            (-0.095667, -0.072333, 0.000000), (-0.091000, -0.072333, 0.000000), (-0.086333, -0.072333, 0.000000),
            (-0.081667, -0.072333, 0.000000), (-0.077000, -0.072333, 0.000000), (-0.072333, -0.072333, 0.000000),
            (-0.067667, -0.072333, 0.000000), (-0.063000, -0.072333, 0.000000), (-0.058333, -0.072333, 0.000000),
            (-0.053667, -0.072333, 0.000000), (-0.049000, -0.072333, 0.000000), (-0.044333, -0.072333, 0.000000),
            (-0.039667, -0.072333, 0.000000), (-0.035000, -0.072333, 0.000000), (-0.030333, -0.072333, 0.000000),
            (-0.025667, -0.072333, 0.000000), (-0.021000, -0.072333, 0.000000), (-0.016333, -0.072333, 0.000000),
            (-0.011667, -0.072333, 0.000000), (-0.007000, -0.072333, 0.000000), (-0.002333, -0.072333, 0.000000),
            (0.002333, -0.072333, 0.000000), (0.007000, -0.072333, 0.000000), (0.011667, -0.072333, 0.000000),
            (0.016333, -0.072333, 0.000000), (0.021000, -0.072333, 0.000000), (0.025667, -0.072333, 0.000000),
            (0.030333, -0.072333, 0.000000), (0.035000, -0.072333, 0.000000), (0.039667, -0.072333, 0.000000),
            (0.044333, -0.072333, 0.000000), (0.049000, -0.072333, 0.000000), (0.053667, -0.072333, 0.000000),
            (0.058333, -0.072333, 0.000000), (0.063000, -0.072333, 0.000000), (0.067667, -0.072333, 0.000000),
            (0.072333, -0.072333, 0.000000), (0.077000, -0.072333, 0.000000), (0.081667, -0.072333, 0.000000),
            (0.086333, -0.072333, 0.000000), (0.091000, -0.072333, 0.000000), (0.095667, -0.072333, 0.000000),
            (0.100333, -0.072333, 0.000000), (0.105000, -0.072333, 0.000000), (0.109667, -0.072333, 0.000000),
            (0.114333, -0.072333, 0.000000), (0.119000, -0.072333, 0.000000), (0.123667, -0.072333, 0.000000),
            (0.128333, -0.072333, 0.000000), (0.133000, -0.072333, 0.000000), (0.137667, -0.072333, 0.000000),
            (0.142333, -0.072333, 0.000000), (0.147000, -0.072333, 0.000000), (0.151667, -0.072333, 0.000000),
            (0.156333, -0.072333, 0.000000), (0.161000, -0.072333, 0.000000), (0.165667, -0.072333, 0.000000),
            (0.170333, -0.072333, 0.000000), (0.175000, -0.072333, 0.000000), (-0.175000, -0.067667, 0.000000),
            (-0.170333, -0.067667, 0.000000), (-0.165667, -0.067667, 0.000000), (-0.161000, -0.067667, 0.000000),
            (-0.156333, -0.067667, 0.000000), (-0.151667, -0.067667, 0.000000), (-0.147000, -0.067667, 0.000000),
            (-0.142333, -0.067667, 0.000000), (-0.137667, -0.067667, 0.000000), (-0.133000, -0.067667, 0.000000),
            (-0.128333, -0.067667, 0.000000), (-0.123667, -0.067667, 0.000000), (-0.119000, -0.067667, 0.000000),
            (-0.114333, -0.067667, 0.000000), (-0.109667, -0.067667, 0.000000), (-0.105000, -0.067667, 0.000000),
            (-0.100333, -0.067667, 0.000000), (-0.095667, -0.067667, 0.000000), (-0.091000, -0.067667, 0.000000),
            (-0.086333, -0.067667, 0.000000), (-0.081667, -0.067667, 0.000000), (-0.077000, -0.067667, 0.000000),
            (-0.072333, -0.067667, 0.000000), (-0.067667, -0.067667, 0.000000), (-0.063000, -0.067667, 0.000000),
            (-0.058333, -0.067667, 0.000000), (-0.053667, -0.067667, 0.000000), (-0.049000, -0.067667, 0.000000),
            (-0.044333, -0.067667, 0.000000), (-0.039667, -0.067667, 0.000000), (-0.035000, -0.067667, 0.000000),
            (-0.030333, -0.067667, 0.000000), (-0.025667, -0.067667, 0.000000), (-0.021000, -0.067667, 0.000000),
            (-0.016333, -0.067667, 0.000000), (-0.011667, -0.067667, 0.000000), (-0.007000, -0.067667, 0.000000),
            (-0.002333, -0.067667, 0.000000), (0.002333, -0.067667, 0.000000), (0.007000, -0.067667, 0.000000),
            (0.011667, -0.067667, 0.000000), (0.016333, -0.067667, 0.000000), (0.021000, -0.067667, 0.000000),
            (0.025667, -0.067667, 0.000000), (0.030333, -0.067667, 0.000000), (0.035000, -0.067667, 0.000000),
            (0.039667, -0.067667, 0.000000), (0.044333, -0.067667, 0.000000), (0.049000, -0.067667, 0.000000),
            (0.053667, -0.067667, 0.000000), (0.058333, -0.067667, 0.000000), (0.063000, -0.067667, 0.000000),
            (0.067667, -0.067667, 0.000000), (0.072333, -0.067667, 0.000000), (0.077000, -0.067667, 0.000000),
            (0.081667, -0.067667, 0.000000), (0.086333, -0.067667, 0.000000), (0.091000, -0.067667, 0.000000),
            (0.095667, -0.067667, 0.000000), (0.100333, -0.067667, 0.000000), (0.105000, -0.067667, 0.000000),
            (0.109667, -0.067667, 0.000000), (0.114333, -0.067667, 0.000000), (0.119000, -0.067667, 0.000000),
            (0.123667, -0.067667, 0.000000), (0.128333, -0.067667, 0.000000), (0.133000, -0.067667, 0.000000),
            (0.137667, -0.067667, 0.000000), (0.142333, -0.067667, 0.000000), (0.147000, -0.067667, 0.000000),
            (0.151667, -0.067667, 0.000000), (0.156333, -0.067667, 0.000000), (0.161000, -0.067667, 0.000000),
            (0.165667, -0.067667, 0.000000), (0.170333, -0.067667, 0.000000), (0.175000, -0.067667, 0.000000),
            (-0.175000, -0.063000, 0.000000), (-0.170333, -0.063000, 0.000000), (-0.165667, -0.063000, 0.000000),
            (-0.161000, -0.063000, 0.000000), (-0.156333, -0.063000, 0.000000), (-0.151667, -0.063000, 0.000000),
            (-0.147000, -0.063000, 0.000000), (-0.142333, -0.063000, 0.000000), (-0.137667, -0.063000, 0.000000),
            (-0.133000, -0.063000, 0.000000), (-0.128333, -0.063000, 0.000000), (-0.123667, -0.063000, 0.000000),
            (-0.119000, -0.063000, 0.000000), (-0.114333, -0.063000, 0.000000), (-0.109667, -0.063000, 0.000000),
            (-0.105000, -0.063000, 0.000000), (-0.100333, -0.063000, 0.000000), (-0.095667, -0.063000, 0.000000),
            (-0.091000, -0.063000, 0.000000), (-0.086333, -0.063000, 0.000000), (-0.081667, -0.063000, 0.000000),
            (-0.077000, -0.063000, 0.000000), (-0.072333, -0.063000, 0.000000), (-0.067667, -0.063000, 0.000000),
            (-0.063000, -0.063000, 0.000000), (-0.058333, -0.063000, 0.000000), (-0.053667, -0.063000, 0.000000),
            (-0.049000, -0.063000, 0.000000), (-0.044333, -0.063000, 0.000000), (-0.039667, -0.063000, 0.000000),
            (-0.035000, -0.063000, 0.000000), (-0.030333, -0.063000, 0.000000), (-0.025667, -0.063000, 0.000000),
            (-0.021000, -0.063000, 0.000000), (-0.016333, -0.063000, 0.000000), (-0.011667, -0.063000, 0.000000),
            (-0.007000, -0.063000, 0.000000), (-0.002333, -0.063000, 0.000000), (0.002333, -0.063000, 0.000000),
            (0.007000, -0.063000, 0.000000), (0.011667, -0.063000, 0.000000), (0.016333, -0.063000, 0.000000),
            (0.021000, -0.063000, 0.000000), (0.025667, -0.063000, 0.000000), (0.030333, -0.063000, 0.000000),
            (0.035000, -0.063000, 0.000000), (0.039667, -0.063000, 0.000000), (0.044333, -0.063000, 0.000000),
            (0.049000, -0.063000, 0.000000), (0.053667, -0.063000, 0.000000), (0.058333, -0.063000, 0.000000),
            (0.063000, -0.063000, 0.000000), (0.067667, -0.063000, 0.000000), (0.072333, -0.063000, 0.000000),
            (0.077000, -0.063000, 0.000000), (0.081667, -0.063000, 0.000000), (0.086333, -0.063000, 0.000000),
            (0.091000, -0.063000, 0.000000), (0.095667, -0.063000, 0.000000), (0.100333, -0.063000, 0.000000),
            (0.105000, -0.063000, 0.000000), (0.109667, -0.063000, 0.000000), (0.114333, -0.063000, 0.000000),
            (0.119000, -0.063000, 0.000000), (0.123667, -0.063000, 0.000000), (0.128333, -0.063000, 0.000000),
            (0.133000, -0.063000, 0.000000), (0.137667, -0.063000, 0.000000), (0.142333, -0.063000, 0.000000),
            (0.147000, -0.063000, 0.000000), (0.151667, -0.063000, 0.000000), (0.156333, -0.063000, 0.000000),
            (0.161000, -0.063000, 0.000000), (0.165667, -0.063000, 0.000000), (0.170333, -0.063000, 0.000000),
            (0.175000, -0.063000, 0.000000), (-0.175000, -0.058333, 0.000000), (-0.170333, -0.058333, 0.000000),
            (-0.165667, -0.058333, 0.000000), (-0.161000, -0.058333, 0.000000), (-0.156333, -0.058333, 0.000000),
            (-0.151667, -0.058333, 0.000000), (-0.147000, -0.058333, 0.000000), (-0.142333, -0.058333, 0.000000),
            (-0.137667, -0.058333, 0.000000), (-0.133000, -0.058333, 0.000000), (-0.128333, -0.058333, 0.000000),
            (-0.123667, -0.058333, 0.000000), (-0.119000, -0.058333, 0.000000), (-0.114333, -0.058333, 0.000000),
            (-0.109667, -0.058333, 0.000000), (-0.105000, -0.058333, 0.000000), (-0.100333, -0.058333, 0.000000),
            (-0.095667, -0.058333, 0.000000), (-0.091000, -0.058333, 0.000000), (-0.086333, -0.058333, 0.000000),
            (-0.081667, -0.058333, 0.000000), (-0.077000, -0.058333, 0.000000), (-0.072333, -0.058333, 0.000000),
            (-0.067667, -0.058333, 0.000000), (-0.063000, -0.058333, 0.000000), (-0.058333, -0.058333, 0.000000),
            (-0.053667, -0.058333, 0.000000), (-0.049000, -0.058333, 0.000000), (-0.044333, -0.058333, 0.000000),
            (-0.039667, -0.058333, 0.000000), (-0.035000, -0.058333, 0.000000), (-0.030333, -0.058333, 0.000000),
            (-0.025667, -0.058333, 0.000000), (-0.021000, -0.058333, 0.000000), (-0.016333, -0.058333, 0.000000),
            (-0.011667, -0.058333, 0.000000), (-0.007000, -0.058333, 0.000000), (-0.002333, -0.058333, 0.000000),
            (0.002333, -0.058333, 0.000000), (0.007000, -0.058333, 0.000000), (0.011667, -0.058333, 0.000000),
            (0.016333, -0.058333, 0.000000), (0.021000, -0.058333, 0.000000), (0.025667, -0.058333, 0.000000),
            (0.030333, -0.058333, 0.000000), (0.035000, -0.058333, 0.000000), (0.039667, -0.058333, 0.000000),
            (0.044333, -0.058333, 0.000000), (0.049000, -0.058333, 0.000000), (0.053667, -0.058333, 0.000000),
            (0.058333, -0.058333, 0.000000), (0.063000, -0.058333, 0.000000), (0.067667, -0.058333, 0.000000),
            (0.072333, -0.058333, 0.000000), (0.077000, -0.058333, 0.000000), (0.081667, -0.058333, 0.000000),
            (0.086333, -0.058333, 0.000000), (0.091000, -0.058333, 0.000000), (0.095667, -0.058333, 0.000000),
            (0.100333, -0.058333, 0.000000), (0.105000, -0.058333, 0.000000), (0.109667, -0.058333, 0.000000),
            (0.114333, -0.058333, 0.000000), (0.119000, -0.058333, 0.000000), (0.123667, -0.058333, 0.000000),
            (0.128333, -0.058333, 0.000000), (0.133000, -0.058333, 0.000000), (0.137667, -0.058333, 0.000000),
            (0.142333, -0.058333, 0.000000), (0.147000, -0.058333, 0.000000), (0.151667, -0.058333, 0.000000),
            (0.156333, -0.058333, 0.000000), (0.161000, -0.058333, 0.000000), (0.165667, -0.058333, 0.000000),
            (0.170333, -0.058333, 0.000000), (0.175000, -0.058333, 0.000000), (-0.175000, -0.053667, 0.000000),
            (-0.170333, -0.053667, 0.000000), (-0.165667, -0.053667, 0.000000), (-0.161000, -0.053667, 0.000000),
            (-0.156333, -0.053667, 0.000000), (-0.151667, -0.053667, 0.000000), (-0.147000, -0.053667, 0.000000),
            (-0.142333, -0.053667, 0.000000), (-0.137667, -0.053667, 0.000000), (-0.133000, -0.053667, 0.000000),
            (-0.128333, -0.053667, 0.000000), (-0.123667, -0.053667, 0.000000), (-0.119000, -0.053667, 0.000000),
            (-0.114333, -0.053667, 0.000000), (-0.109667, -0.053667, 0.000000), (-0.105000, -0.053667, 0.000000),
            (-0.100333, -0.053667, 0.000000), (-0.095667, -0.053667, 0.000000), (-0.091000, -0.053667, 0.000000),
            (-0.086333, -0.053667, 0.000000), (-0.081667, -0.053667, 0.000000), (-0.077000, -0.053667, 0.000000),
            (-0.072333, -0.053667, 0.000000), (-0.067667, -0.053667, 0.000000), (-0.063000, -0.053667, 0.000000),
            (-0.058333, -0.053667, 0.000000), (-0.053667, -0.053667, 0.000000), (-0.049000, -0.053667, 0.000000),
            (-0.044333, -0.053667, 0.000000), (-0.039667, -0.053667, 0.000000), (-0.035000, -0.053667, 0.000000),
            (-0.030333, -0.053667, 0.000000), (-0.025667, -0.053667, 0.000000), (-0.021000, -0.053667, 0.000000),
            (-0.016333, -0.053667, 0.000000), (-0.011667, -0.053667, 0.000000), (-0.007000, -0.053667, 0.000000),
            (-0.002333, -0.053667, 0.000000), (0.002333, -0.053667, 0.000000), (0.007000, -0.053667, 0.000000),
            (0.011667, -0.053667, 0.000000), (0.016333, -0.053667, 0.000000), (0.021000, -0.053667, 0.000000),
            (0.025667, -0.053667, 0.000000), (0.030333, -0.053667, 0.000000), (0.035000, -0.053667, 0.000000),
            (0.039667, -0.053667, 0.000000), (0.044333, -0.053667, 0.000000), (0.049000, -0.053667, 0.000000),
            (0.053667, -0.053667, 0.000000), (0.058333, -0.053667, 0.000000), (0.063000, -0.053667, 0.000000),
            (0.067667, -0.053667, 0.000000), (0.072333, -0.053667, 0.000000), (0.077000, -0.053667, 0.000000),
            (0.081667, -0.053667, 0.000000), (0.086333, -0.053667, 0.000000), (0.091000, -0.053667, 0.000000),
            (0.095667, -0.053667, 0.000000), (0.100333, -0.053667, 0.000000), (0.105000, -0.053667, 0.000000),
            (0.109667, -0.053667, 0.000000), (0.114333, -0.053667, 0.000000), (0.119000, -0.053667, 0.000000),
            (0.123667, -0.053667, 0.000000), (0.128333, -0.053667, 0.000000), (0.133000, -0.053667, 0.000000),
            (0.137667, -0.053667, 0.000000), (0.142333, -0.053667, 0.000000), (0.147000, -0.053667, 0.000000),
            (0.151667, -0.053667, 0.000000), (0.156333, -0.053667, 0.000000), (0.161000, -0.053667, 0.000000),
            (0.165667, -0.053667, 0.000000), (0.170333, -0.053667, 0.000000), (0.175000, -0.053667, 0.000000),
            (-0.175000, -0.049000, 0.000000), (-0.170333, -0.049000, 0.000000), (-0.165667, -0.049000, 0.000000),
            (-0.161000, -0.049000, 0.000000), (-0.156333, -0.049000, 0.000000), (-0.151667, -0.049000, 0.000000),
            (-0.147000, -0.049000, 0.000000), (-0.142333, -0.049000, 0.000000), (-0.137667, -0.049000, 0.000000),
            (-0.133000, -0.049000, 0.000000), (-0.128333, -0.049000, 0.000000), (-0.123667, -0.049000, 0.000000),
            (-0.119000, -0.049000, 0.000000), (-0.114333, -0.049000, 0.000000), (-0.109667, -0.049000, 0.000000),
            (-0.105000, -0.049000, 0.000000), (-0.100333, -0.049000, 0.000000), (-0.095667, -0.049000, 0.000000),
            (-0.091000, -0.049000, 0.000000), (-0.086333, -0.049000, 0.000000), (-0.081667, -0.049000, 0.000000),
            (-0.077000, -0.049000, 0.000000), (-0.072333, -0.049000, 0.000000), (-0.067667, -0.049000, 0.000000),
            (-0.063000, -0.049000, 0.000000), (-0.058333, -0.049000, 0.000000), (-0.053667, -0.049000, 0.000000),
            (-0.049000, -0.049000, 0.000000), (-0.044333, -0.049000, 0.000000), (-0.039667, -0.049000, 0.000000),
            (-0.035000, -0.049000, 0.000000), (-0.030333, -0.049000, 0.000000), (-0.025667, -0.049000, 0.000000),
            (-0.021000, -0.049000, 0.000000), (-0.016333, -0.049000, 0.000000), (-0.011667, -0.049000, 0.000000),
            (-0.007000, -0.049000, 0.000000), (-0.002333, -0.049000, 0.000000), (0.002333, -0.049000, 0.000000),
            (0.007000, -0.049000, 0.000000), (0.011667, -0.049000, 0.000000), (0.016333, -0.049000, 0.000000),
            (0.021000, -0.049000, 0.000000), (0.025667, -0.049000, 0.000000), (0.030333, -0.049000, 0.000000),
            (0.035000, -0.049000, 0.000000), (0.039667, -0.049000, 0.000000), (0.044333, -0.049000, 0.000000),
            (0.049000, -0.049000, 0.000000), (0.053667, -0.049000, 0.000000), (0.058333, -0.049000, 0.000000),
            (0.063000, -0.049000, 0.000000), (0.067667, -0.049000, 0.000000), (0.072333, -0.049000, 0.000000),
            (0.077000, -0.049000, 0.000000), (0.081667, -0.049000, 0.000000), (0.086333, -0.049000, 0.000000),
            (0.091000, -0.049000, 0.000000), (0.095667, -0.049000, 0.000000), (0.100333, -0.049000, 0.000000),
            (0.105000, -0.049000, 0.000000), (0.109667, -0.049000, 0.000000), (0.114333, -0.049000, 0.000000),
            (0.119000, -0.049000, 0.000000), (0.123667, -0.049000, 0.000000), (0.128333, -0.049000, 0.000000),
            (0.133000, -0.049000, 0.000000), (0.137667, -0.049000, 0.000000), (0.142333, -0.049000, 0.000000),
            (0.147000, -0.049000, 0.000000), (0.151667, -0.049000, 0.000000), (0.156333, -0.049000, 0.000000),
            (0.161000, -0.049000, 0.000000), (0.165667, -0.049000, 0.000000), (0.170333, -0.049000, 0.000000),
            (0.175000, -0.049000, 0.000000), (-0.175000, -0.044333, 0.000000), (-0.170333, -0.044333, 0.000000),
            (-0.165667, -0.044333, 0.000000), (-0.161000, -0.044333, 0.000000), (-0.156333, -0.044333, 0.000000),
            (-0.151667, -0.044333, 0.000000), (-0.147000, -0.044333, 0.000000), (-0.142333, -0.044333, 0.000000),
            (-0.137667, -0.044333, 0.000000), (-0.133000, -0.044333, 0.000000), (-0.128333, -0.044333, 0.000000),
            (-0.123667, -0.044333, 0.000000), (-0.119000, -0.044333, 0.000000), (-0.114333, -0.044333, 0.000000),
            (-0.109667, -0.044333, 0.000000), (-0.105000, -0.044333, 0.000000), (-0.100333, -0.044333, 0.000000),
            (-0.095667, -0.044333, 0.000000), (-0.091000, -0.044333, 0.000000), (-0.086333, -0.044333, 0.000000),
            (-0.081667, -0.044333, 0.000000), (-0.077000, -0.044333, 0.000000), (-0.072333, -0.044333, 0.000000),
            (-0.067667, -0.044333, 0.000000), (-0.063000, -0.044333, 0.000000), (-0.058333, -0.044333, 0.000000),
            (-0.053667, -0.044333, 0.000000), (-0.049000, -0.044333, 0.000000), (-0.044333, -0.044333, 0.000000),
            (-0.039667, -0.044333, 0.000000), (-0.035000, -0.044333, 0.000000), (-0.030333, -0.044333, 0.000000),
            (-0.025667, -0.044333, 0.000000), (-0.021000, -0.044333, 0.000000), (-0.016333, -0.044333, 0.000000),
            (-0.011667, -0.044333, 0.000000), (-0.007000, -0.044333, 0.000000), (-0.002333, -0.044333, 0.000000),
            (0.002333, -0.044333, 0.000000), (0.007000, -0.044333, 0.000000), (0.011667, -0.044333, 0.000000),
            (0.016333, -0.044333, 0.000000), (0.021000, -0.044333, 0.000000), (0.025667, -0.044333, 0.000000),
            (0.030333, -0.044333, 0.000000), (0.035000, -0.044333, 0.000000), (0.039667, -0.044333, 0.000000),
            (0.044333, -0.044333, 0.000000), (0.049000, -0.044333, 0.000000), (0.053667, -0.044333, 0.000000),
            (0.058333, -0.044333, 0.000000), (0.063000, -0.044333, 0.000000), (0.067667, -0.044333, 0.000000),
            (0.072333, -0.044333, 0.000000), (0.077000, -0.044333, 0.000000), (0.081667, -0.044333, 0.000000),
            (0.086333, -0.044333, 0.000000), (0.091000, -0.044333, 0.000000), (0.095667, -0.044333, 0.000000),
            (0.100333, -0.044333, 0.000000), (0.105000, -0.044333, 0.000000), (0.109667, -0.044333, 0.000000),
            (0.114333, -0.044333, 0.000000), (0.119000, -0.044333, 0.000000), (0.123667, -0.044333, 0.000000),
            (0.128333, -0.044333, 0.000000), (0.133000, -0.044333, 0.000000), (0.137667, -0.044333, 0.000000),
            (0.142333, -0.044333, 0.000000), (0.147000, -0.044333, 0.000000), (0.151667, -0.044333, 0.000000),
            (0.156333, -0.044333, 0.000000), (0.161000, -0.044333, 0.000000), (0.165667, -0.044333, 0.000000),
            (0.170333, -0.044333, 0.000000), (0.175000, -0.044333, 0.000000), (-0.175000, -0.039667, 0.000000),
            (-0.170333, -0.039667, 0.000000), (-0.165667, -0.039667, 0.000000), (-0.161000, -0.039667, 0.000000),
            (-0.156333, -0.039667, 0.000000), (-0.151667, -0.039667, 0.000000), (-0.147000, -0.039667, 0.000000),
            (-0.142333, -0.039667, 0.000000), (-0.137667, -0.039667, 0.000000), (-0.133000, -0.039667, 0.000000),
            (-0.128333, -0.039667, 0.000000), (-0.123667, -0.039667, 0.000000), (-0.119000, -0.039667, 0.000000),
            (-0.114333, -0.039667, 0.000000), (-0.109667, -0.039667, 0.000000), (-0.105000, -0.039667, 0.000000),
            (-0.100333, -0.039667, 0.000000), (-0.095667, -0.039667, 0.000000), (-0.091000, -0.039667, 0.000000),
            (-0.086333, -0.039667, 0.000000), (-0.081667, -0.039667, 0.000000), (-0.077000, -0.039667, 0.000000),
            (-0.072333, -0.039667, 0.000000), (-0.067667, -0.039667, 0.000000), (-0.063000, -0.039667, 0.000000),
            (-0.058333, -0.039667, 0.000000), (-0.053667, -0.039667, 0.000000), (-0.049000, -0.039667, 0.000000),
            (-0.044333, -0.039667, 0.000000), (-0.039667, -0.039667, 0.000000), (-0.035000, -0.039667, 0.000000),
            (-0.030333, -0.039667, 0.000000), (-0.025667, -0.039667, 0.000000), (-0.021000, -0.039667, 0.000000),
            (-0.016333, -0.039667, 0.000000), (-0.011667, -0.039667, 0.000000), (-0.007000, -0.039667, 0.000000),
            (-0.002333, -0.039667, 0.000000), (0.002333, -0.039667, 0.000000), (0.007000, -0.039667, 0.000000),
            (0.011667, -0.039667, 0.000000), (0.016333, -0.039667, 0.000000), (0.021000, -0.039667, 0.000000),
            (0.025667, -0.039667, 0.000000), (0.030333, -0.039667, 0.000000), (0.035000, -0.039667, 0.000000),
            (0.039667, -0.039667, 0.000000), (0.044333, -0.039667, 0.000000), (0.049000, -0.039667, 0.000000),
            (0.053667, -0.039667, 0.000000), (0.058333, -0.039667, 0.000000), (0.063000, -0.039667, 0.000000),
            (0.067667, -0.039667, 0.000000), (0.072333, -0.039667, 0.000000), (0.077000, -0.039667, 0.000000),
            (0.081667, -0.039667, 0.000000), (0.086333, -0.039667, 0.000000), (0.091000, -0.039667, 0.000000),
            (0.095667, -0.039667, 0.000000), (0.100333, -0.039667, 0.000000), (0.105000, -0.039667, 0.000000),
            (0.109667, -0.039667, 0.000000), (0.114333, -0.039667, 0.000000), (0.119000, -0.039667, 0.000000),
            (0.123667, -0.039667, 0.000000), (0.128333, -0.039667, 0.000000), (0.133000, -0.039667, 0.000000),
            (0.137667, -0.039667, 0.000000), (0.142333, -0.039667, 0.000000), (0.147000, -0.039667, 0.000000),
            (0.151667, -0.039667, 0.000000), (0.156333, -0.039667, 0.000000), (0.161000, -0.039667, 0.000000),
            (0.165667, -0.039667, 0.000000), (0.170333, -0.039667, 0.000000), (0.175000, -0.039667, 0.000000),
            (-0.175000, -0.035000, 0.000000), (-0.170333, -0.035000, 0.000000), (-0.165667, -0.035000, 0.000000),
            (-0.161000, -0.035000, 0.000000), (-0.156333, -0.035000, 0.000000), (-0.151667, -0.035000, 0.000000),
            (-0.147000, -0.035000, 0.000000), (-0.142333, -0.035000, 0.000000), (-0.137667, -0.035000, 0.000000),
            (-0.133000, -0.035000, 0.000000), (-0.128333, -0.035000, 0.000000), (-0.123667, -0.035000, 0.000000),
            (-0.119000, -0.035000, 0.000000), (-0.114333, -0.035000, 0.000000), (-0.109667, -0.035000, 0.000000),
            (-0.105000, -0.035000, 0.000000), (-0.100333, -0.035000, 0.000000), (-0.095667, -0.035000, 0.000000),
            (-0.091000, -0.035000, 0.000000), (-0.086333, -0.035000, 0.000000), (-0.081667, -0.035000, 0.000000),
            (-0.077000, -0.035000, 0.000000), (-0.072333, -0.035000, 0.000000), (-0.067667, -0.035000, 0.000000),
            (-0.063000, -0.035000, 0.000000), (-0.058333, -0.035000, 0.000000), (-0.053667, -0.035000, 0.000000),
            (-0.049000, -0.035000, 0.000000), (-0.044333, -0.035000, 0.000000), (-0.039667, -0.035000, 0.000000),
            (-0.035000, -0.035000, 0.000000), (-0.030333, -0.035000, 0.000000), (-0.025667, -0.035000, 0.000000),
            (-0.021000, -0.035000, 0.000000), (-0.016333, -0.035000, 0.000000), (-0.011667, -0.035000, 0.000000),
            (-0.007000, -0.035000, 0.000000), (-0.002333, -0.035000, 0.000000), (0.002333, -0.035000, 0.000000),
            (0.007000, -0.035000, 0.000000), (0.011667, -0.035000, 0.000000), (0.016333, -0.035000, 0.000000),
            (0.021000, -0.035000, 0.000000), (0.025667, -0.035000, 0.000000), (0.030333, -0.035000, 0.000000),
            (0.035000, -0.035000, 0.000000), (0.039667, -0.035000, 0.000000), (0.044333, -0.035000, 0.000000),
            (0.049000, -0.035000, 0.000000), (0.053667, -0.035000, 0.000000), (0.058333, -0.035000, 0.000000),
            (0.063000, -0.035000, 0.000000), (0.067667, -0.035000, 0.000000), (0.072333, -0.035000, 0.000000),
            (0.077000, -0.035000, 0.000000), (0.081667, -0.035000, 0.000000), (0.086333, -0.035000, 0.000000),
            (0.091000, -0.035000, 0.000000), (0.095667, -0.035000, 0.000000), (0.100333, -0.035000, 0.000000),
            (0.105000, -0.035000, 0.000000), (0.109667, -0.035000, 0.000000), (0.114333, -0.035000, 0.000000),
            (0.119000, -0.035000, 0.000000), (0.123667, -0.035000, 0.000000), (0.128333, -0.035000, 0.000000),
            (0.133000, -0.035000, 0.000000), (0.137667, -0.035000, 0.000000), (0.142333, -0.035000, 0.000000),
            (0.147000, -0.035000, 0.000000), (0.151667, -0.035000, 0.000000), (0.156333, -0.035000, 0.000000),
            (0.161000, -0.035000, 0.000000), (0.165667, -0.035000, 0.000000), (0.170333, -0.035000, 0.000000),
            (0.175000, -0.035000, 0.000000), (-0.175000, -0.030333, 0.000000), (-0.170333, -0.030333, 0.000000),
            (-0.165667, -0.030333, 0.000000), (-0.161000, -0.030333, 0.000000), (-0.156333, -0.030333, 0.000000),
            (-0.151667, -0.030333, 0.000000), (-0.147000, -0.030333, 0.000000), (-0.142333, -0.030333, 0.000000),
            (-0.137667, -0.030333, 0.000000), (-0.133000, -0.030333, 0.000000), (-0.128333, -0.030333, 0.000000),
            (-0.123667, -0.030333, 0.000000), (-0.119000, -0.030333, 0.000000), (-0.114333, -0.030333, 0.000000),
            (-0.109667, -0.030333, 0.000000), (-0.105000, -0.030333, 0.000000), (-0.100333, -0.030333, 0.000000),
            (-0.095667, -0.030333, 0.000000), (-0.091000, -0.030333, 0.000000), (-0.086333, -0.030333, 0.000000),
            (-0.081667, -0.030333, 0.000000), (-0.077000, -0.030333, 0.000000), (-0.072333, -0.030333, 0.000000),
            (-0.067667, -0.030333, 0.000000), (-0.063000, -0.030333, 0.000000), (-0.058333, -0.030333, 0.000000),
            (-0.053667, -0.030333, 0.000000), (-0.049000, -0.030333, 0.000000), (-0.044333, -0.030333, 0.000000),
            (-0.039667, -0.030333, 0.000000), (-0.035000, -0.030333, 0.000000), (-0.030333, -0.030333, 0.000000),
            (-0.025667, -0.030333, 0.000000), (-0.021000, -0.030333, 0.000000), (-0.016333, -0.030333, 0.000000),
            (-0.011667, -0.030333, 0.000000), (-0.007000, -0.030333, 0.000000), (-0.002333, -0.030333, 0.000000),
            (0.002333, -0.030333, 0.000000), (0.007000, -0.030333, 0.000000), (0.011667, -0.030333, 0.000000),
            (0.016333, -0.030333, 0.000000), (0.021000, -0.030333, 0.000000), (0.025667, -0.030333, 0.000000),
            (0.030333, -0.030333, 0.000000), (0.035000, -0.030333, 0.000000), (0.039667, -0.030333, 0.000000),
            (0.044333, -0.030333, 0.000000), (0.049000, -0.030333, 0.000000), (0.053667, -0.030333, 0.000000),
            (0.058333, -0.030333, 0.000000), (0.063000, -0.030333, 0.000000), (0.067667, -0.030333, 0.000000),
            (0.072333, -0.030333, 0.000000), (0.077000, -0.030333, 0.000000), (0.081667, -0.030333, 0.000000),
            (0.086333, -0.030333, 0.000000), (0.091000, -0.030333, 0.000000), (0.095667, -0.030333, 0.000000),
            (0.100333, -0.030333, 0.000000), (0.105000, -0.030333, 0.000000), (0.109667, -0.030333, 0.000000),
            (0.114333, -0.030333, 0.000000), (0.119000, -0.030333, 0.000000), (0.123667, -0.030333, 0.000000),
            (0.128333, -0.030333, 0.000000), (0.133000, -0.030333, 0.000000), (0.137667, -0.030333, 0.000000),
            (0.142333, -0.030333, 0.000000), (0.147000, -0.030333, 0.000000), (0.151667, -0.030333, 0.000000),
            (0.156333, -0.030333, 0.000000), (0.161000, -0.030333, 0.000000), (0.165667, -0.030333, 0.000000),
            (0.170333, -0.030333, 0.000000), (0.175000, -0.030333, 0.000000), (-0.175000, -0.025667, 0.000000),
            (-0.170333, -0.025667, 0.000000), (-0.165667, -0.025667, 0.000000), (-0.161000, -0.025667, 0.000000),
            (-0.156333, -0.025667, 0.000000), (-0.151667, -0.025667, 0.000000), (-0.147000, -0.025667, 0.000000),
            (-0.142333, -0.025667, 0.000000), (-0.137667, -0.025667, 0.000000), (-0.133000, -0.025667, 0.000000),
            (-0.128333, -0.025667, 0.000000), (-0.123667, -0.025667, 0.000000), (-0.119000, -0.025667, 0.000000),
            (-0.114333, -0.025667, 0.000000), (-0.109667, -0.025667, 0.000000), (-0.105000, -0.025667, 0.000000),
            (-0.100333, -0.025667, 0.000000), (-0.095667, -0.025667, 0.000000), (-0.091000, -0.025667, 0.000000),
            (-0.086333, -0.025667, 0.000000), (-0.081667, -0.025667, 0.000000), (-0.077000, -0.025667, 0.000000),
            (-0.072333, -0.025667, 0.000000), (-0.067667, -0.025667, 0.000000), (-0.063000, -0.025667, 0.000000),
            (-0.058333, -0.025667, 0.000000), (-0.053667, -0.025667, 0.000000), (-0.049000, -0.025667, 0.000000),
            (-0.044333, -0.025667, 0.000000), (-0.039667, -0.025667, 0.000000), (-0.035000, -0.025667, 0.000000),
            (-0.030333, -0.025667, 0.000000), (-0.025667, -0.025667, 0.000000), (-0.021000, -0.025667, 0.000000),
            (-0.016333, -0.025667, 0.000000), (-0.011667, -0.025667, 0.000000), (-0.007000, -0.025667, 0.000000),
            (-0.002333, -0.025667, 0.000000), (0.002333, -0.025667, 0.000000), (0.007000, -0.025667, 0.000000),
            (0.011667, -0.025667, 0.000000), (0.016333, -0.025667, 0.000000), (0.021000, -0.025667, 0.000000),
            (0.025667, -0.025667, 0.000000), (0.030333, -0.025667, 0.000000), (0.035000, -0.025667, 0.000000),
            (0.039667, -0.025667, 0.000000), (0.044333, -0.025667, 0.000000), (0.049000, -0.025667, 0.000000),
            (0.053667, -0.025667, 0.000000), (0.058333, -0.025667, 0.000000), (0.063000, -0.025667, 0.000000),
            (0.067667, -0.025667, 0.000000), (0.072333, -0.025667, 0.000000), (0.077000, -0.025667, 0.000000),
            (0.081667, -0.025667, 0.000000), (0.086333, -0.025667, 0.000000), (0.091000, -0.025667, 0.000000),
            (0.095667, -0.025667, 0.000000), (0.100333, -0.025667, 0.000000), (0.105000, -0.025667, 0.000000),
            (0.109667, -0.025667, 0.000000), (0.114333, -0.025667, 0.000000), (0.119000, -0.025667, 0.000000),
            (0.123667, -0.025667, 0.000000), (0.128333, -0.025667, 0.000000), (0.133000, -0.025667, 0.000000),
            (0.137667, -0.025667, 0.000000), (0.142333, -0.025667, 0.000000), (0.147000, -0.025667, 0.000000),
            (0.151667, -0.025667, 0.000000), (0.156333, -0.025667, 0.000000), (0.161000, -0.025667, 0.000000),
            (0.165667, -0.025667, 0.000000), (0.170333, -0.025667, 0.000000), (0.175000, -0.025667, 0.000000),
            (-0.175000, -0.021000, 0.000000), (-0.170333, -0.021000, 0.000000), (-0.165667, -0.021000, 0.000000),
            (-0.161000, -0.021000, 0.000000), (-0.156333, -0.021000, 0.000000), (-0.151667, -0.021000, 0.000000),
            (-0.147000, -0.021000, 0.000000), (-0.142333, -0.021000, 0.000000), (-0.137667, -0.021000, 0.000000),
            (-0.133000, -0.021000, 0.000000), (-0.128333, -0.021000, 0.000000), (-0.123667, -0.021000, 0.000000),
            (-0.119000, -0.021000, 0.000000), (-0.114333, -0.021000, 0.000000), (-0.109667, -0.021000, 0.000000),
            (-0.105000, -0.021000, 0.000000), (-0.100333, -0.021000, 0.000000), (-0.095667, -0.021000, 0.000000),
            (-0.091000, -0.021000, 0.000000), (-0.086333, -0.021000, 0.000000), (-0.081667, -0.021000, 0.000000),
            (-0.077000, -0.021000, 0.000000), (-0.072333, -0.021000, 0.000000), (-0.067667, -0.021000, 0.000000),
            (-0.063000, -0.021000, 0.000000), (-0.058333, -0.021000, 0.000000), (-0.053667, -0.021000, 0.000000),
            (-0.049000, -0.021000, 0.000000), (-0.044333, -0.021000, 0.000000), (-0.039667, -0.021000, 0.000000),
            (-0.035000, -0.021000, 0.000000), (-0.030333, -0.021000, 0.000000), (-0.025667, -0.021000, 0.000000),
            (-0.021000, -0.021000, 0.000000), (-0.016333, -0.021000, 0.000000), (-0.011667, -0.021000, 0.000000),
            (-0.007000, -0.021000, 0.000000), (-0.002333, -0.021000, 0.000000), (0.002333, -0.021000, 0.000000),
            (0.007000, -0.021000, 0.000000), (0.011667, -0.021000, 0.000000), (0.016333, -0.021000, 0.000000),
            (0.021000, -0.021000, 0.000000), (0.025667, -0.021000, 0.000000), (0.030333, -0.021000, 0.000000),
            (0.035000, -0.021000, 0.000000), (0.039667, -0.021000, 0.000000), (0.044333, -0.021000, 0.000000),
            (0.049000, -0.021000, 0.000000), (0.053667, -0.021000, 0.000000), (0.058333, -0.021000, 0.000000),
            (0.063000, -0.021000, 0.000000), (0.067667, -0.021000, 0.000000), (0.072333, -0.021000, 0.000000),
            (0.077000, -0.021000, 0.000000), (0.081667, -0.021000, 0.000000), (0.086333, -0.021000, 0.000000),
            (0.091000, -0.021000, 0.000000), (0.095667, -0.021000, 0.000000), (0.100333, -0.021000, 0.000000),
            (0.105000, -0.021000, 0.000000), (0.109667, -0.021000, 0.000000), (0.114333, -0.021000, 0.000000),
            (0.119000, -0.021000, 0.000000), (0.123667, -0.021000, 0.000000), (0.128333, -0.021000, 0.000000),
            (0.133000, -0.021000, 0.000000), (0.137667, -0.021000, 0.000000), (0.142333, -0.021000, 0.000000),
            (0.147000, -0.021000, 0.000000), (0.151667, -0.021000, 0.000000), (0.156333, -0.021000, 0.000000),
            (0.161000, -0.021000, 0.000000), (0.165667, -0.021000, 0.000000), (0.170333, -0.021000, 0.000000),
            (0.175000, -0.021000, 0.000000), (-0.175000, -0.016333, 0.000000), (-0.170333, -0.016333, 0.000000),
            (-0.165667, -0.016333, 0.000000), (-0.161000, -0.016333, 0.000000), (-0.156333, -0.016333, 0.000000),
            (-0.151667, -0.016333, 0.000000), (-0.147000, -0.016333, 0.000000), (-0.142333, -0.016333, 0.000000),
            (-0.137667, -0.016333, 0.000000), (-0.133000, -0.016333, 0.000000), (-0.128333, -0.016333, 0.000000),
            (-0.123667, -0.016333, 0.000000), (-0.119000, -0.016333, 0.000000), (-0.114333, -0.016333, 0.000000),
            (-0.109667, -0.016333, 0.000000), (-0.105000, -0.016333, 0.000000), (-0.100333, -0.016333, 0.000000),
            (-0.095667, -0.016333, 0.000000), (-0.091000, -0.016333, 0.000000), (-0.086333, -0.016333, 0.000000),
            (-0.081667, -0.016333, 0.000000), (-0.077000, -0.016333, 0.000000), (-0.072333, -0.016333, 0.000000),
            (-0.067667, -0.016333, 0.000000), (-0.063000, -0.016333, 0.000000), (-0.058333, -0.016333, 0.000000),
            (-0.053667, -0.016333, 0.000000), (-0.049000, -0.016333, 0.000000), (-0.044333, -0.016333, 0.000000),
            (-0.039667, -0.016333, 0.000000), (-0.035000, -0.016333, 0.000000), (-0.030333, -0.016333, 0.000000),
            (-0.025667, -0.016333, 0.000000), (-0.021000, -0.016333, 0.000000), (-0.016333, -0.016333, 0.000000),
            (-0.011667, -0.016333, 0.000000), (-0.007000, -0.016333, 0.000000), (-0.002333, -0.016333, 0.000000),
            (0.002333, -0.016333, 0.000000), (0.007000, -0.016333, 0.000000), (0.011667, -0.016333, 0.000000),
            (0.016333, -0.016333, 0.000000), (0.021000, -0.016333, 0.000000), (0.025667, -0.016333, 0.000000),
            (0.030333, -0.016333, 0.000000), (0.035000, -0.016333, 0.000000), (0.039667, -0.016333, 0.000000),
            (0.044333, -0.016333, 0.000000), (0.049000, -0.016333, 0.000000), (0.053667, -0.016333, 0.000000),
            (0.058333, -0.016333, 0.000000), (0.063000, -0.016333, 0.000000), (0.067667, -0.016333, 0.000000),
            (0.072333, -0.016333, 0.000000), (0.077000, -0.016333, 0.000000), (0.081667, -0.016333, 0.000000),
            (0.086333, -0.016333, 0.000000), (0.091000, -0.016333, 0.000000), (0.095667, -0.016333, 0.000000),
            (0.100333, -0.016333, 0.000000), (0.105000, -0.016333, 0.000000), (0.109667, -0.016333, 0.000000),
            (0.114333, -0.016333, 0.000000), (0.119000, -0.016333, 0.000000), (0.123667, -0.016333, 0.000000),
            (0.128333, -0.016333, 0.000000), (0.133000, -0.016333, 0.000000), (0.137667, -0.016333, 0.000000),
            (0.142333, -0.016333, 0.000000), (0.147000, -0.016333, 0.000000), (0.151667, -0.016333, 0.000000),
            (0.156333, -0.016333, 0.000000), (0.161000, -0.016333, 0.000000), (0.165667, -0.016333, 0.000000),
            (0.170333, -0.016333, 0.000000), (0.175000, -0.016333, 0.000000), (-0.175000, -0.011667, 0.000000),
            (-0.170333, -0.011667, 0.000000), (-0.165667, -0.011667, 0.000000), (-0.161000, -0.011667, 0.000000),
            (-0.156333, -0.011667, 0.000000), (-0.151667, -0.011667, 0.000000), (-0.147000, -0.011667, 0.000000),
            (-0.142333, -0.011667, 0.000000), (-0.137667, -0.011667, 0.000000), (-0.133000, -0.011667, 0.000000),
            (-0.128333, -0.011667, 0.000000), (-0.123667, -0.011667, 0.000000), (-0.119000, -0.011667, 0.000000),
            (-0.114333, -0.011667, 0.000000), (-0.109667, -0.011667, 0.000000), (-0.105000, -0.011667, 0.000000),
            (-0.100333, -0.011667, 0.000000), (-0.095667, -0.011667, 0.000000), (-0.091000, -0.011667, 0.000000),
            (-0.086333, -0.011667, 0.000000), (-0.081667, -0.011667, 0.000000), (-0.077000, -0.011667, 0.000000),
            (-0.072333, -0.011667, 0.000000), (-0.067667, -0.011667, 0.000000), (-0.063000, -0.011667, 0.000000),
            (-0.058333, -0.011667, 0.000000), (-0.053667, -0.011667, 0.000000), (-0.049000, -0.011667, 0.000000),
            (-0.044333, -0.011667, 0.000000), (-0.039667, -0.011667, 0.000000), (-0.035000, -0.011667, 0.000000),
            (-0.030333, -0.011667, 0.000000), (-0.025667, -0.011667, 0.000000), (-0.021000, -0.011667, 0.000000),
            (-0.016333, -0.011667, 0.000000), (-0.011667, -0.011667, 0.000000), (-0.007000, -0.011667, 0.000000),
            (-0.002333, -0.011667, 0.000000), (0.002333, -0.011667, 0.000000), (0.007000, -0.011667, 0.000000),
            (0.011667, -0.011667, 0.000000), (0.016333, -0.011667, 0.000000), (0.021000, -0.011667, 0.000000),
            (0.025667, -0.011667, 0.000000), (0.030333, -0.011667, 0.000000), (0.035000, -0.011667, 0.000000),
            (0.039667, -0.011667, 0.000000), (0.044333, -0.011667, 0.000000), (0.049000, -0.011667, 0.000000),
            (0.053667, -0.011667, 0.000000), (0.058333, -0.011667, 0.000000), (0.063000, -0.011667, 0.000000),
            (0.067667, -0.011667, 0.000000), (0.072333, -0.011667, 0.000000), (0.077000, -0.011667, 0.000000),
            (0.081667, -0.011667, 0.000000), (0.086333, -0.011667, 0.000000), (0.091000, -0.011667, 0.000000),
            (0.095667, -0.011667, 0.000000), (0.100333, -0.011667, 0.000000), (0.105000, -0.011667, 0.000000),
            (0.109667, -0.011667, 0.000000), (0.114333, -0.011667, 0.000000), (0.119000, -0.011667, 0.000000),
            (0.123667, -0.011667, 0.000000), (0.128333, -0.011667, 0.000000), (0.133000, -0.011667, 0.000000),
            (0.137667, -0.011667, 0.000000), (0.142333, -0.011667, 0.000000), (0.147000, -0.011667, 0.000000),
            (0.151667, -0.011667, 0.000000), (0.156333, -0.011667, 0.000000), (0.161000, -0.011667, 0.000000),
            (0.165667, -0.011667, 0.000000), (0.170333, -0.011667, 0.000000), (0.175000, -0.011667, 0.000000),
            (-0.175000, -0.007000, 0.000000), (-0.170333, -0.007000, 0.000000), (-0.165667, -0.007000, 0.000000),
            (-0.161000, -0.007000, 0.000000), (-0.156333, -0.007000, 0.000000), (-0.151667, -0.007000, 0.000000),
            (-0.147000, -0.007000, 0.000000), (-0.142333, -0.007000, 0.000000), (-0.137667, -0.007000, 0.000000),
            (-0.133000, -0.007000, 0.000000), (-0.128333, -0.007000, 0.000000), (-0.123667, -0.007000, 0.000000),
            (-0.119000, -0.007000, 0.000000), (-0.114333, -0.007000, 0.000000), (-0.109667, -0.007000, 0.000000),
            (-0.105000, -0.007000, 0.000000), (-0.100333, -0.007000, 0.000000), (-0.095667, -0.007000, 0.000000),
            (-0.091000, -0.007000, 0.000000), (-0.086333, -0.007000, 0.000000), (-0.081667, -0.007000, 0.000000),
            (-0.077000, -0.007000, 0.000000), (-0.072333, -0.007000, 0.000000), (-0.067667, -0.007000, 0.000000),
            (-0.063000, -0.007000, 0.000000), (-0.058333, -0.007000, 0.000000), (-0.053667, -0.007000, 0.000000),
            (-0.049000, -0.007000, 0.000000), (-0.044333, -0.007000, 0.000000), (-0.039667, -0.007000, 0.000000),
            (-0.035000, -0.007000, 0.000000), (-0.030333, -0.007000, 0.000000), (-0.025667, -0.007000, 0.000000),
            (-0.021000, -0.007000, 0.000000), (-0.016333, -0.007000, 0.000000), (-0.011667, -0.007000, 0.000000),
            (-0.007000, -0.007000, 0.000000), (-0.002333, -0.007000, 0.000000), (0.002333, -0.007000, 0.000000),
            (0.007000, -0.007000, 0.000000), (0.011667, -0.007000, 0.000000), (0.016333, -0.007000, 0.000000),
            (0.021000, -0.007000, 0.000000), (0.025667, -0.007000, 0.000000), (0.030333, -0.007000, 0.000000),
            (0.035000, -0.007000, 0.000000), (0.039667, -0.007000, 0.000000), (0.044333, -0.007000, 0.000000),
            (0.049000, -0.007000, 0.000000), (0.053667, -0.007000, 0.000000), (0.058333, -0.007000, 0.000000),
            (0.063000, -0.007000, 0.000000), (0.067667, -0.007000, 0.000000), (0.072333, -0.007000, 0.000000),
            (0.077000, -0.007000, 0.000000), (0.081667, -0.007000, 0.000000), (0.086333, -0.007000, 0.000000),
            (0.091000, -0.007000, 0.000000), (0.095667, -0.007000, 0.000000), (0.100333, -0.007000, 0.000000),
            (0.105000, -0.007000, 0.000000), (0.109667, -0.007000, 0.000000), (0.114333, -0.007000, 0.000000),
            (0.119000, -0.007000, 0.000000), (0.123667, -0.007000, 0.000000), (0.128333, -0.007000, 0.000000),
            (0.133000, -0.007000, 0.000000), (0.137667, -0.007000, 0.000000), (0.142333, -0.007000, 0.000000),
            (0.147000, -0.007000, 0.000000), (0.151667, -0.007000, 0.000000), (0.156333, -0.007000, 0.000000),
            (0.161000, -0.007000, 0.000000), (0.165667, -0.007000, 0.000000), (0.170333, -0.007000, 0.000000),
            (0.175000, -0.007000, 0.000000), (-0.175000, -0.002333, 0.000000), (-0.170333, -0.002333, 0.000000),
            (-0.165667, -0.002333, 0.000000), (-0.161000, -0.002333, 0.000000), (-0.156333, -0.002333, 0.000000),
            (-0.151667, -0.002333, 0.000000), (-0.147000, -0.002333, 0.000000), (-0.142333, -0.002333, 0.000000),
            (-0.137667, -0.002333, 0.000000), (-0.133000, -0.002333, 0.000000), (-0.128333, -0.002333, 0.000000),
            (-0.123667, -0.002333, 0.000000), (-0.119000, -0.002333, 0.000000), (-0.114333, -0.002333, 0.000000),
            (-0.109667, -0.002333, 0.000000), (-0.105000, -0.002333, 0.000000), (-0.100333, -0.002333, 0.000000),
            (-0.095667, -0.002333, 0.000000), (-0.091000, -0.002333, 0.000000), (-0.086333, -0.002333, 0.000000),
            (-0.081667, -0.002333, 0.000000), (-0.077000, -0.002333, 0.000000), (-0.072333, -0.002333, 0.000000),
            (-0.067667, -0.002333, 0.000000), (-0.063000, -0.002333, 0.000000), (-0.058333, -0.002333, 0.000000),
            (-0.053667, -0.002333, 0.000000), (-0.049000, -0.002333, 0.000000), (-0.044333, -0.002333, 0.000000),
            (-0.039667, -0.002333, 0.000000), (-0.035000, -0.002333, 0.000000), (-0.030333, -0.002333, 0.000000),
            (-0.025667, -0.002333, 0.000000), (-0.021000, -0.002333, 0.000000), (-0.016333, -0.002333, 0.000000),
            (-0.011667, -0.002333, 0.000000), (-0.007000, -0.002333, 0.000000), (-0.002333, -0.002333, 0.000000),
            (0.002333, -0.002333, 0.000000), (0.007000, -0.002333, 0.000000), (0.011667, -0.002333, 0.000000),
            (0.016333, -0.002333, 0.000000), (0.021000, -0.002333, 0.000000), (0.025667, -0.002333, 0.000000),
            (0.030333, -0.002333, 0.000000), (0.035000, -0.002333, 0.000000), (0.039667, -0.002333, 0.000000),
            (0.044333, -0.002333, 0.000000), (0.049000, -0.002333, 0.000000), (0.053667, -0.002333, 0.000000),
            (0.058333, -0.002333, 0.000000), (0.063000, -0.002333, 0.000000), (0.067667, -0.002333, 0.000000),
            (0.072333, -0.002333, 0.000000), (0.077000, -0.002333, 0.000000), (0.081667, -0.002333, 0.000000),
            (0.086333, -0.002333, 0.000000), (0.091000, -0.002333, 0.000000), (0.095667, -0.002333, 0.000000),
            (0.100333, -0.002333, 0.000000), (0.105000, -0.002333, 0.000000), (0.109667, -0.002333, 0.000000),
            (0.114333, -0.002333, 0.000000), (0.119000, -0.002333, 0.000000), (0.123667, -0.002333, 0.000000),
            (0.128333, -0.002333, 0.000000), (0.133000, -0.002333, 0.000000), (0.137667, -0.002333, 0.000000),
            (0.142333, -0.002333, 0.000000), (0.147000, -0.002333, 0.000000), (0.151667, -0.002333, 0.000000),
            (0.156333, -0.002333, 0.000000), (0.161000, -0.002333, 0.000000), (0.165667, -0.002333, 0.000000),
            (0.170333, -0.002333, 0.000000), (0.175000, -0.002333, 0.000000), (-0.175000, 0.002333, 0.000000),
            (-0.170333, 0.002333, 0.000000), (-0.165667, 0.002333, 0.000000), (-0.161000, 0.002333, 0.000000),
            (-0.156333, 0.002333, 0.000000), (-0.151667, 0.002333, 0.000000), (-0.147000, 0.002333, 0.000000),
            (-0.142333, 0.002333, 0.000000), (-0.137667, 0.002333, 0.000000), (-0.133000, 0.002333, 0.000000),
            (-0.128333, 0.002333, 0.000000), (-0.123667, 0.002333, 0.000000), (-0.119000, 0.002333, 0.000000),
            (-0.114333, 0.002333, 0.000000), (-0.109667, 0.002333, 0.000000), (-0.105000, 0.002333, 0.000000),
            (-0.100333, 0.002333, 0.000000), (-0.095667, 0.002333, 0.000000), (-0.091000, 0.002333, 0.000000),
            (-0.086333, 0.002333, 0.000000), (-0.081667, 0.002333, 0.000000), (-0.077000, 0.002333, 0.000000),
            (-0.072333, 0.002333, 0.000000), (-0.067667, 0.002333, 0.000000), (-0.063000, 0.002333, 0.000000),
            (-0.058333, 0.002333, 0.000000), (-0.053667, 0.002333, 0.000000), (-0.049000, 0.002333, 0.000000),
            (-0.044333, 0.002333, 0.000000), (-0.039667, 0.002333, 0.000000), (-0.035000, 0.002333, 0.000000),
            (-0.030333, 0.002333, 0.000000), (-0.025667, 0.002333, 0.000000), (-0.021000, 0.002333, 0.000000),
            (-0.016333, 0.002333, 0.000000), (-0.011667, 0.002333, 0.000000), (-0.007000, 0.002333, 0.000000),
            (-0.002333, 0.002333, 0.000000), (0.002333, 0.002333, 0.000000), (0.007000, 0.002333, 0.000000),
            (0.011667, 0.002333, 0.000000), (0.016333, 0.002333, 0.000000), (0.021000, 0.002333, 0.000000),
            (0.025667, 0.002333, 0.000000), (0.030333, 0.002333, 0.000000), (0.035000, 0.002333, 0.000000),
            (0.039667, 0.002333, 0.000000), (0.044333, 0.002333, 0.000000), (0.049000, 0.002333, 0.000000),
            (0.053667, 0.002333, 0.000000), (0.058333, 0.002333, 0.000000), (0.063000, 0.002333, 0.000000),
            (0.067667, 0.002333, 0.000000), (0.072333, 0.002333, 0.000000), (0.077000, 0.002333, 0.000000),
            (0.081667, 0.002333, 0.000000), (0.086333, 0.002333, 0.000000), (0.091000, 0.002333, 0.000000),
            (0.095667, 0.002333, 0.000000), (0.100333, 0.002333, 0.000000), (0.105000, 0.002333, 0.000000),
            (0.109667, 0.002333, 0.000000), (0.114333, 0.002333, 0.000000), (0.119000, 0.002333, 0.000000),
            (0.123667, 0.002333, 0.000000), (0.128333, 0.002333, 0.000000), (0.133000, 0.002333, 0.000000),
            (0.137667, 0.002333, 0.000000), (0.142333, 0.002333, 0.000000), (0.147000, 0.002333, 0.000000),
            (0.151667, 0.002333, 0.000000), (0.156333, 0.002333, 0.000000), (0.161000, 0.002333, 0.000000),
            (0.165667, 0.002333, 0.000000), (0.170333, 0.002333, 0.000000), (0.175000, 0.002333, 0.000000),
            (-0.175000, 0.007000, 0.000000), (-0.170333, 0.007000, 0.000000), (-0.165667, 0.007000, 0.000000),
            (-0.161000, 0.007000, 0.000000), (-0.156333, 0.007000, 0.000000), (-0.151667, 0.007000, 0.000000),
            (-0.147000, 0.007000, 0.000000), (-0.142333, 0.007000, 0.000000), (-0.137667, 0.007000, 0.000000),
            (-0.133000, 0.007000, 0.000000), (-0.128333, 0.007000, 0.000000), (-0.123667, 0.007000, 0.000000),
            (-0.119000, 0.007000, 0.000000), (-0.114333, 0.007000, 0.000000), (-0.109667, 0.007000, 0.000000),
            (-0.105000, 0.007000, 0.000000), (-0.100333, 0.007000, 0.000000), (-0.095667, 0.007000, 0.000000),
            (-0.091000, 0.007000, 0.000000), (-0.086333, 0.007000, 0.000000), (-0.081667, 0.007000, 0.000000),
            (-0.077000, 0.007000, 0.000000), (-0.072333, 0.007000, 0.000000), (-0.067667, 0.007000, 0.000000),
            (-0.063000, 0.007000, 0.000000), (-0.058333, 0.007000, 0.000000), (-0.053667, 0.007000, 0.000000),
            (-0.049000, 0.007000, 0.000000), (-0.044333, 0.007000, 0.000000), (-0.039667, 0.007000, 0.000000),
            (-0.035000, 0.007000, 0.000000), (-0.030333, 0.007000, 0.000000), (-0.025667, 0.007000, 0.000000),
            (-0.021000, 0.007000, 0.000000), (-0.016333, 0.007000, 0.000000), (-0.011667, 0.007000, 0.000000),
            (-0.007000, 0.007000, 0.000000), (-0.002333, 0.007000, 0.000000), (0.002333, 0.007000, 0.000000),
            (0.007000, 0.007000, 0.000000), (0.011667, 0.007000, 0.000000), (0.016333, 0.007000, 0.000000),
            (0.021000, 0.007000, 0.000000), (0.025667, 0.007000, 0.000000), (0.030333, 0.007000, 0.000000),
            (0.035000, 0.007000, 0.000000), (0.039667, 0.007000, 0.000000), (0.044333, 0.007000, 0.000000),
            (0.049000, 0.007000, 0.000000), (0.053667, 0.007000, 0.000000), (0.058333, 0.007000, 0.000000),
            (0.063000, 0.007000, 0.000000), (0.067667, 0.007000, 0.000000), (0.072333, 0.007000, 0.000000),
            (0.077000, 0.007000, 0.000000), (0.081667, 0.007000, 0.000000), (0.086333, 0.007000, 0.000000),
            (0.091000, 0.007000, 0.000000), (0.095667, 0.007000, 0.000000), (0.100333, 0.007000, 0.000000),
            (0.105000, 0.007000, 0.000000), (0.109667, 0.007000, 0.000000), (0.114333, 0.007000, 0.000000),
            (0.119000, 0.007000, 0.000000), (0.123667, 0.007000, 0.000000), (0.128333, 0.007000, 0.000000),
            (0.133000, 0.007000, 0.000000), (0.137667, 0.007000, 0.000000), (0.142333, 0.007000, 0.000000),
            (0.147000, 0.007000, 0.000000), (0.151667, 0.007000, 0.000000), (0.156333, 0.007000, 0.000000),
            (0.161000, 0.007000, 0.000000), (0.165667, 0.007000, 0.000000), (0.170333, 0.007000, 0.000000),
            (0.175000, 0.007000, 0.000000), (-0.175000, 0.011667, 0.000000), (-0.170333, 0.011667, 0.000000),
            (-0.165667, 0.011667, 0.000000), (-0.161000, 0.011667, 0.000000), (-0.156333, 0.011667, 0.000000),
            (-0.151667, 0.011667, 0.000000), (-0.147000, 0.011667, 0.000000), (-0.142333, 0.011667, 0.000000),
            (-0.137667, 0.011667, 0.000000), (-0.133000, 0.011667, 0.000000), (-0.128333, 0.011667, 0.000000),
            (-0.123667, 0.011667, 0.000000), (-0.119000, 0.011667, 0.000000), (-0.114333, 0.011667, 0.000000),
            (-0.109667, 0.011667, 0.000000), (-0.105000, 0.011667, 0.000000), (-0.100333, 0.011667, 0.000000),
            (-0.095667, 0.011667, 0.000000), (-0.091000, 0.011667, 0.000000), (-0.086333, 0.011667, 0.000000),
            (-0.081667, 0.011667, 0.000000), (-0.077000, 0.011667, 0.000000), (-0.072333, 0.011667, 0.000000),
            (-0.067667, 0.011667, 0.000000), (-0.063000, 0.011667, 0.000000), (-0.058333, 0.011667, 0.000000),
            (-0.053667, 0.011667, 0.000000), (-0.049000, 0.011667, 0.000000), (-0.044333, 0.011667, 0.000000),
            (-0.039667, 0.011667, 0.000000), (-0.035000, 0.011667, 0.000000), (-0.030333, 0.011667, 0.000000),
            (-0.025667, 0.011667, 0.000000), (-0.021000, 0.011667, 0.000000), (-0.016333, 0.011667, 0.000000),
            (-0.011667, 0.011667, 0.000000), (-0.007000, 0.011667, 0.000000), (-0.002333, 0.011667, 0.000000),
            (0.002333, 0.011667, 0.000000), (0.007000, 0.011667, 0.000000), (0.011667, 0.011667, 0.000000),
            (0.016333, 0.011667, 0.000000), (0.021000, 0.011667, 0.000000), (0.025667, 0.011667, 0.000000),
            (0.030333, 0.011667, 0.000000), (0.035000, 0.011667, 0.000000), (0.039667, 0.011667, 0.000000),
            (0.044333, 0.011667, 0.000000), (0.049000, 0.011667, 0.000000), (0.053667, 0.011667, 0.000000),
            (0.058333, 0.011667, 0.000000), (0.063000, 0.011667, 0.000000), (0.067667, 0.011667, 0.000000),
            (0.072333, 0.011667, 0.000000), (0.077000, 0.011667, 0.000000), (0.081667, 0.011667, 0.000000),
            (0.086333, 0.011667, 0.000000), (0.091000, 0.011667, 0.000000), (0.095667, 0.011667, 0.000000),
            (0.100333, 0.011667, 0.000000), (0.105000, 0.011667, 0.000000), (0.109667, 0.011667, 0.000000),
            (0.114333, 0.011667, 0.000000), (0.119000, 0.011667, 0.000000), (0.123667, 0.011667, 0.000000),
            (0.128333, 0.011667, 0.000000), (0.133000, 0.011667, 0.000000), (0.137667, 0.011667, 0.000000),
            (0.142333, 0.011667, 0.000000), (0.147000, 0.011667, 0.000000), (0.151667, 0.011667, 0.000000),
            (0.156333, 0.011667, 0.000000), (0.161000, 0.011667, 0.000000), (0.165667, 0.011667, 0.000000),
            (0.170333, 0.011667, 0.000000), (0.175000, 0.011667, 0.000000), (-0.175000, 0.016333, 0.000000),
            (-0.170333, 0.016333, 0.000000), (-0.165667, 0.016333, 0.000000), (-0.161000, 0.016333, 0.000000),
            (-0.156333, 0.016333, 0.000000), (-0.151667, 0.016333, 0.000000), (-0.147000, 0.016333, 0.000000),
            (-0.142333, 0.016333, 0.000000), (-0.137667, 0.016333, 0.000000), (-0.133000, 0.016333, 0.000000),
            (-0.128333, 0.016333, 0.000000), (-0.123667, 0.016333, 0.000000), (-0.119000, 0.016333, 0.000000),
            (-0.114333, 0.016333, 0.000000), (-0.109667, 0.016333, 0.000000), (-0.105000, 0.016333, 0.000000),
            (-0.100333, 0.016333, 0.000000), (-0.095667, 0.016333, 0.000000), (-0.091000, 0.016333, 0.000000),
            (-0.086333, 0.016333, 0.000000), (-0.081667, 0.016333, 0.000000), (-0.077000, 0.016333, 0.000000),
            (-0.072333, 0.016333, 0.000000), (-0.067667, 0.016333, 0.000000), (-0.063000, 0.016333, 0.000000),
            (-0.058333, 0.016333, 0.000000), (-0.053667, 0.016333, 0.000000), (-0.049000, 0.016333, 0.000000),
            (-0.044333, 0.016333, 0.000000), (-0.039667, 0.016333, 0.000000), (-0.035000, 0.016333, 0.000000),
            (-0.030333, 0.016333, 0.000000), (-0.025667, 0.016333, 0.000000), (-0.021000, 0.016333, 0.000000),
            (-0.016333, 0.016333, 0.000000), (-0.011667, 0.016333, 0.000000), (-0.007000, 0.016333, 0.000000),
            (-0.002333, 0.016333, 0.000000), (0.002333, 0.016333, 0.000000), (0.007000, 0.016333, 0.000000),
            (0.011667, 0.016333, 0.000000), (0.016333, 0.016333, 0.000000), (0.021000, 0.016333, 0.000000),
            (0.025667, 0.016333, 0.000000), (0.030333, 0.016333, 0.000000), (0.035000, 0.016333, 0.000000),
            (0.039667, 0.016333, 0.000000), (0.044333, 0.016333, 0.000000), (0.049000, 0.016333, 0.000000),
            (0.053667, 0.016333, 0.000000), (0.058333, 0.016333, 0.000000), (0.063000, 0.016333, 0.000000),
            (0.067667, 0.016333, 0.000000), (0.072333, 0.016333, 0.000000), (0.077000, 0.016333, 0.000000),
            (0.081667, 0.016333, 0.000000), (0.086333, 0.016333, 0.000000), (0.091000, 0.016333, 0.000000),
            (0.095667, 0.016333, 0.000000), (0.100333, 0.016333, 0.000000), (0.105000, 0.016333, 0.000000),
            (0.109667, 0.016333, 0.000000), (0.114333, 0.016333, 0.000000), (0.119000, 0.016333, 0.000000),
            (0.123667, 0.016333, 0.000000), (0.128333, 0.016333, 0.000000), (0.133000, 0.016333, 0.000000),
            (0.137667, 0.016333, 0.000000), (0.142333, 0.016333, 0.000000), (0.147000, 0.016333, 0.000000),
            (0.151667, 0.016333, 0.000000), (0.156333, 0.016333, 0.000000), (0.161000, 0.016333, 0.000000),
            (0.165667, 0.016333, 0.000000), (0.170333, 0.016333, 0.000000), (0.175000, 0.016333, 0.000000),
            (-0.175000, 0.021000, 0.000000), (-0.170333, 0.021000, 0.000000), (-0.165667, 0.021000, 0.000000),
            (-0.161000, 0.021000, 0.000000), (-0.156333, 0.021000, 0.000000), (-0.151667, 0.021000, 0.000000),
            (-0.147000, 0.021000, 0.000000), (-0.142333, 0.021000, 0.000000), (-0.137667, 0.021000, 0.000000),
            (-0.133000, 0.021000, 0.000000), (-0.128333, 0.021000, 0.000000), (-0.123667, 0.021000, 0.000000),
            (-0.119000, 0.021000, 0.000000), (-0.114333, 0.021000, 0.000000), (-0.109667, 0.021000, 0.000000),
            (-0.105000, 0.021000, 0.000000), (-0.100333, 0.021000, 0.000000), (-0.095667, 0.021000, 0.000000),
            (-0.091000, 0.021000, 0.000000), (-0.086333, 0.021000, 0.000000), (-0.081667, 0.021000, 0.000000),
            (-0.077000, 0.021000, 0.000000), (-0.072333, 0.021000, 0.000000), (-0.067667, 0.021000, 0.000000),
            (-0.063000, 0.021000, 0.000000), (-0.058333, 0.021000, 0.000000), (-0.053667, 0.021000, 0.000000),
            (-0.049000, 0.021000, 0.000000), (-0.044333, 0.021000, 0.000000), (-0.039667, 0.021000, 0.000000),
            (-0.035000, 0.021000, 0.000000), (-0.030333, 0.021000, 0.000000), (-0.025667, 0.021000, 0.000000),
            (-0.021000, 0.021000, 0.000000), (-0.016333, 0.021000, 0.000000), (-0.011667, 0.021000, 0.000000),
            (-0.007000, 0.021000, 0.000000), (-0.002333, 0.021000, 0.000000), (0.002333, 0.021000, 0.000000),
            (0.007000, 0.021000, 0.000000), (0.011667, 0.021000, 0.000000), (0.016333, 0.021000, 0.000000),
            (0.021000, 0.021000, 0.000000), (0.025667, 0.021000, 0.000000), (0.030333, 0.021000, 0.000000),
            (0.035000, 0.021000, 0.000000), (0.039667, 0.021000, 0.000000), (0.044333, 0.021000, 0.000000),
            (0.049000, 0.021000, 0.000000), (0.053667, 0.021000, 0.000000), (0.058333, 0.021000, 0.000000),
            (0.063000, 0.021000, 0.000000), (0.067667, 0.021000, 0.000000), (0.072333, 0.021000, 0.000000),
            (0.077000, 0.021000, 0.000000), (0.081667, 0.021000, 0.000000), (0.086333, 0.021000, 0.000000),
            (0.091000, 0.021000, 0.000000), (0.095667, 0.021000, 0.000000), (0.100333, 0.021000, 0.000000),
            (0.105000, 0.021000, 0.000000), (0.109667, 0.021000, 0.000000), (0.114333, 0.021000, 0.000000),
            (0.119000, 0.021000, 0.000000), (0.123667, 0.021000, 0.000000), (0.128333, 0.021000, 0.000000),
            (0.133000, 0.021000, 0.000000), (0.137667, 0.021000, 0.000000), (0.142333, 0.021000, 0.000000),
            (0.147000, 0.021000, 0.000000), (0.151667, 0.021000, 0.000000), (0.156333, 0.021000, 0.000000),
            (0.161000, 0.021000, 0.000000), (0.165667, 0.021000, 0.000000), (0.170333, 0.021000, 0.000000),
            (0.175000, 0.021000, 0.000000), (-0.175000, 0.025667, 0.000000), (-0.170333, 0.025667, 0.000000),
            (-0.165667, 0.025667, 0.000000), (-0.161000, 0.025667, 0.000000), (-0.156333, 0.025667, 0.000000),
            (-0.151667, 0.025667, 0.000000), (-0.147000, 0.025667, 0.000000), (-0.142333, 0.025667, 0.000000),
            (-0.137667, 0.025667, 0.000000), (-0.133000, 0.025667, 0.000000), (-0.128333, 0.025667, 0.000000),
            (-0.123667, 0.025667, 0.000000), (-0.119000, 0.025667, 0.000000), (-0.114333, 0.025667, 0.000000),
            (-0.109667, 0.025667, 0.000000), (-0.105000, 0.025667, 0.000000), (-0.100333, 0.025667, 0.000000),
            (-0.095667, 0.025667, 0.000000), (-0.091000, 0.025667, 0.000000), (-0.086333, 0.025667, 0.000000),
            (-0.081667, 0.025667, 0.000000), (-0.077000, 0.025667, 0.000000), (-0.072333, 0.025667, 0.000000),
            (-0.067667, 0.025667, 0.000000), (-0.063000, 0.025667, 0.000000), (-0.058333, 0.025667, 0.000000),
            (-0.053667, 0.025667, 0.000000), (-0.049000, 0.025667, 0.000000), (-0.044333, 0.025667, 0.000000),
            (-0.039667, 0.025667, 0.000000), (-0.035000, 0.025667, 0.000000), (-0.030333, 0.025667, 0.000000),
            (-0.025667, 0.025667, 0.000000), (-0.021000, 0.025667, 0.000000), (-0.016333, 0.025667, 0.000000),
            (-0.011667, 0.025667, 0.000000), (-0.007000, 0.025667, 0.000000), (-0.002333, 0.025667, 0.000000),
            (0.002333, 0.025667, 0.000000), (0.007000, 0.025667, 0.000000), (0.011667, 0.025667, 0.000000),
            (0.016333, 0.025667, 0.000000), (0.021000, 0.025667, 0.000000), (0.025667, 0.025667, 0.000000),
            (0.030333, 0.025667, 0.000000), (0.035000, 0.025667, 0.000000), (0.039667, 0.025667, 0.000000),
            (0.044333, 0.025667, 0.000000), (0.049000, 0.025667, 0.000000), (0.053667, 0.025667, 0.000000),
            (0.058333, 0.025667, 0.000000), (0.063000, 0.025667, 0.000000), (0.067667, 0.025667, 0.000000),
            (0.072333, 0.025667, 0.000000), (0.077000, 0.025667, 0.000000), (0.081667, 0.025667, 0.000000),
            (0.086333, 0.025667, 0.000000), (0.091000, 0.025667, 0.000000), (0.095667, 0.025667, 0.000000),
            (0.100333, 0.025667, 0.000000), (0.105000, 0.025667, 0.000000), (0.109667, 0.025667, 0.000000),
            (0.114333, 0.025667, 0.000000), (0.119000, 0.025667, 0.000000), (0.123667, 0.025667, 0.000000),
            (0.128333, 0.025667, 0.000000), (0.133000, 0.025667, 0.000000), (0.137667, 0.025667, 0.000000),
            (0.142333, 0.025667, 0.000000), (0.147000, 0.025667, 0.000000), (0.151667, 0.025667, 0.000000),
            (0.156333, 0.025667, 0.000000), (0.161000, 0.025667, 0.000000), (0.165667, 0.025667, 0.000000),
            (0.170333, 0.025667, 0.000000), (0.175000, 0.025667, 0.000000), (-0.175000, 0.030333, 0.000000),
            (-0.170333, 0.030333, 0.000000), (-0.165667, 0.030333, 0.000000), (-0.161000, 0.030333, 0.000000),
            (-0.156333, 0.030333, 0.000000), (-0.151667, 0.030333, 0.000000), (-0.147000, 0.030333, 0.000000),
            (-0.142333, 0.030333, 0.000000), (-0.137667, 0.030333, 0.000000), (-0.133000, 0.030333, 0.000000),
            (-0.128333, 0.030333, 0.000000), (-0.123667, 0.030333, 0.000000), (-0.119000, 0.030333, 0.000000),
            (-0.114333, 0.030333, 0.000000), (-0.109667, 0.030333, 0.000000), (-0.105000, 0.030333, 0.000000),
            (-0.100333, 0.030333, 0.000000), (-0.095667, 0.030333, 0.000000), (-0.091000, 0.030333, 0.000000),
            (-0.086333, 0.030333, 0.000000), (-0.081667, 0.030333, 0.000000), (-0.077000, 0.030333, 0.000000),
            (-0.072333, 0.030333, 0.000000), (-0.067667, 0.030333, 0.000000), (-0.063000, 0.030333, 0.000000),
            (-0.058333, 0.030333, 0.000000), (-0.053667, 0.030333, 0.000000), (-0.049000, 0.030333, 0.000000),
            (-0.044333, 0.030333, 0.000000), (-0.039667, 0.030333, 0.000000), (-0.035000, 0.030333, 0.000000),
            (-0.030333, 0.030333, 0.000000), (-0.025667, 0.030333, 0.000000), (-0.021000, 0.030333, 0.000000),
            (-0.016333, 0.030333, 0.000000), (-0.011667, 0.030333, 0.000000), (-0.007000, 0.030333, 0.000000),
            (-0.002333, 0.030333, 0.000000), (0.002333, 0.030333, 0.000000), (0.007000, 0.030333, 0.000000),
            (0.011667, 0.030333, 0.000000), (0.016333, 0.030333, 0.000000), (0.021000, 0.030333, 0.000000),
            (0.025667, 0.030333, 0.000000), (0.030333, 0.030333, 0.000000), (0.035000, 0.030333, 0.000000),
            (0.039667, 0.030333, 0.000000), (0.044333, 0.030333, 0.000000), (0.049000, 0.030333, 0.000000),
            (0.053667, 0.030333, 0.000000), (0.058333, 0.030333, 0.000000), (0.063000, 0.030333, 0.000000),
            (0.067667, 0.030333, 0.000000), (0.072333, 0.030333, 0.000000), (0.077000, 0.030333, 0.000000),
            (0.081667, 0.030333, 0.000000), (0.086333, 0.030333, 0.000000), (0.091000, 0.030333, 0.000000),
            (0.095667, 0.030333, 0.000000), (0.100333, 0.030333, 0.000000), (0.105000, 0.030333, 0.000000),
            (0.109667, 0.030333, 0.000000), (0.114333, 0.030333, 0.000000), (0.119000, 0.030333, 0.000000),
            (0.123667, 0.030333, 0.000000), (0.128333, 0.030333, 0.000000), (0.133000, 0.030333, 0.000000),
            (0.137667, 0.030333, 0.000000), (0.142333, 0.030333, 0.000000), (0.147000, 0.030333, 0.000000),
            (0.151667, 0.030333, 0.000000), (0.156333, 0.030333, 0.000000), (0.161000, 0.030333, 0.000000),
            (0.165667, 0.030333, 0.000000), (0.170333, 0.030333, 0.000000), (0.175000, 0.030333, 0.000000),
            (-0.175000, 0.035000, 0.000000), (-0.170333, 0.035000, 0.000000), (-0.165667, 0.035000, 0.000000),
            (-0.161000, 0.035000, 0.000000), (-0.156333, 0.035000, 0.000000), (-0.151667, 0.035000, 0.000000),
            (-0.147000, 0.035000, 0.000000), (-0.142333, 0.035000, 0.000000), (-0.137667, 0.035000, 0.000000),
            (-0.133000, 0.035000, 0.000000), (-0.128333, 0.035000, 0.000000), (-0.123667, 0.035000, 0.000000),
            (-0.119000, 0.035000, 0.000000), (-0.114333, 0.035000, 0.000000), (-0.109667, 0.035000, 0.000000),
            (-0.105000, 0.035000, 0.000000), (-0.100333, 0.035000, 0.000000), (-0.095667, 0.035000, 0.000000),
            (-0.091000, 0.035000, 0.000000), (-0.086333, 0.035000, 0.000000), (-0.081667, 0.035000, 0.000000),
            (-0.077000, 0.035000, 0.000000), (-0.072333, 0.035000, 0.000000), (-0.067667, 0.035000, 0.000000),
            (-0.063000, 0.035000, 0.000000), (-0.058333, 0.035000, 0.000000), (-0.053667, 0.035000, 0.000000),
            (-0.049000, 0.035000, 0.000000), (-0.044333, 0.035000, 0.000000), (-0.039667, 0.035000, 0.000000),
            (-0.035000, 0.035000, 0.000000), (-0.030333, 0.035000, 0.000000), (-0.025667, 0.035000, 0.000000),
            (-0.021000, 0.035000, 0.000000), (-0.016333, 0.035000, 0.000000), (-0.011667, 0.035000, 0.000000),
            (-0.007000, 0.035000, 0.000000), (-0.002333, 0.035000, 0.000000), (0.002333, 0.035000, 0.000000),
            (0.007000, 0.035000, 0.000000), (0.011667, 0.035000, 0.000000), (0.016333, 0.035000, 0.000000),
            (0.021000, 0.035000, 0.000000), (0.025667, 0.035000, 0.000000), (0.030333, 0.035000, 0.000000),
            (0.035000, 0.035000, 0.000000), (0.039667, 0.035000, 0.000000), (0.044333, 0.035000, 0.000000),
            (0.049000, 0.035000, 0.000000), (0.053667, 0.035000, 0.000000), (0.058333, 0.035000, 0.000000),
            (0.063000, 0.035000, 0.000000), (0.067667, 0.035000, 0.000000), (0.072333, 0.035000, 0.000000),
            (0.077000, 0.035000, 0.000000), (0.081667, 0.035000, 0.000000), (0.086333, 0.035000, 0.000000),
            (0.091000, 0.035000, 0.000000), (0.095667, 0.035000, 0.000000), (0.100333, 0.035000, 0.000000),
            (0.105000, 0.035000, 0.000000), (0.109667, 0.035000, 0.000000), (0.114333, 0.035000, 0.000000),
            (0.119000, 0.035000, 0.000000), (0.123667, 0.035000, 0.000000), (0.128333, 0.035000, 0.000000),
            (0.133000, 0.035000, 0.000000), (0.137667, 0.035000, 0.000000), (0.142333, 0.035000, 0.000000),
            (0.147000, 0.035000, 0.000000), (0.151667, 0.035000, 0.000000), (0.156333, 0.035000, 0.000000),
            (0.161000, 0.035000, 0.000000), (0.165667, 0.035000, 0.000000), (0.170333, 0.035000, 0.000000),
            (0.175000, 0.035000, 0.000000), (-0.175000, 0.039667, 0.000000), (-0.170333, 0.039667, 0.000000),
            (-0.165667, 0.039667, 0.000000), (-0.161000, 0.039667, 0.000000), (-0.156333, 0.039667, 0.000000),
            (-0.151667, 0.039667, 0.000000), (-0.147000, 0.039667, 0.000000), (-0.142333, 0.039667, 0.000000),
            (-0.137667, 0.039667, 0.000000), (-0.133000, 0.039667, 0.000000), (-0.128333, 0.039667, 0.000000),
            (-0.123667, 0.039667, 0.000000), (-0.119000, 0.039667, 0.000000), (-0.114333, 0.039667, 0.000000),
            (-0.109667, 0.039667, 0.000000), (-0.105000, 0.039667, 0.000000), (-0.100333, 0.039667, 0.000000),
            (-0.095667, 0.039667, 0.000000), (-0.091000, 0.039667, 0.000000), (-0.086333, 0.039667, 0.000000),
            (-0.081667, 0.039667, 0.000000), (-0.077000, 0.039667, 0.000000), (-0.072333, 0.039667, 0.000000),
            (-0.067667, 0.039667, 0.000000), (-0.063000, 0.039667, 0.000000), (-0.058333, 0.039667, 0.000000),
            (-0.053667, 0.039667, 0.000000), (-0.049000, 0.039667, 0.000000), (-0.044333, 0.039667, 0.000000),
            (-0.039667, 0.039667, 0.000000), (-0.035000, 0.039667, 0.000000), (-0.030333, 0.039667, 0.000000),
            (-0.025667, 0.039667, 0.000000), (-0.021000, 0.039667, 0.000000), (-0.016333, 0.039667, 0.000000),
            (-0.011667, 0.039667, 0.000000), (-0.007000, 0.039667, 0.000000), (-0.002333, 0.039667, 0.000000),
            (0.002333, 0.039667, 0.000000), (0.007000, 0.039667, 0.000000), (0.011667, 0.039667, 0.000000),
            (0.016333, 0.039667, 0.000000), (0.021000, 0.039667, 0.000000), (0.025667, 0.039667, 0.000000),
            (0.030333, 0.039667, 0.000000), (0.035000, 0.039667, 0.000000), (0.039667, 0.039667, 0.000000),
            (0.044333, 0.039667, 0.000000), (0.049000, 0.039667, 0.000000), (0.053667, 0.039667, 0.000000),
            (0.058333, 0.039667, 0.000000), (0.063000, 0.039667, 0.000000), (0.067667, 0.039667, 0.000000),
            (0.072333, 0.039667, 0.000000), (0.077000, 0.039667, 0.000000), (0.081667, 0.039667, 0.000000),
            (0.086333, 0.039667, 0.000000), (0.091000, 0.039667, 0.000000), (0.095667, 0.039667, 0.000000),
            (0.100333, 0.039667, 0.000000), (0.105000, 0.039667, 0.000000), (0.109667, 0.039667, 0.000000),
            (0.114333, 0.039667, 0.000000), (0.119000, 0.039667, 0.000000), (0.123667, 0.039667, 0.000000),
            (0.128333, 0.039667, 0.000000), (0.133000, 0.039667, 0.000000), (0.137667, 0.039667, 0.000000),
            (0.142333, 0.039667, 0.000000), (0.147000, 0.039667, 0.000000), (0.151667, 0.039667, 0.000000),
            (0.156333, 0.039667, 0.000000), (0.161000, 0.039667, 0.000000), (0.165667, 0.039667, 0.000000),
            (0.170333, 0.039667, 0.000000), (0.175000, 0.039667, 0.000000), (-0.175000, 0.044333, 0.000000),
            (-0.170333, 0.044333, 0.000000), (-0.165667, 0.044333, 0.000000), (-0.161000, 0.044333, 0.000000),
            (-0.156333, 0.044333, 0.000000), (-0.151667, 0.044333, 0.000000), (-0.147000, 0.044333, 0.000000),
            (-0.142333, 0.044333, 0.000000), (-0.137667, 0.044333, 0.000000), (-0.133000, 0.044333, 0.000000),
            (-0.128333, 0.044333, 0.000000), (-0.123667, 0.044333, 0.000000), (-0.119000, 0.044333, 0.000000),
            (-0.114333, 0.044333, 0.000000), (-0.109667, 0.044333, 0.000000), (-0.105000, 0.044333, 0.000000),
            (-0.100333, 0.044333, 0.000000), (-0.095667, 0.044333, 0.000000), (-0.091000, 0.044333, 0.000000),
            (-0.086333, 0.044333, 0.000000), (-0.081667, 0.044333, 0.000000), (-0.077000, 0.044333, 0.000000),
            (-0.072333, 0.044333, 0.000000), (-0.067667, 0.044333, 0.000000), (-0.063000, 0.044333, 0.000000),
            (-0.058333, 0.044333, 0.000000), (-0.053667, 0.044333, 0.000000), (-0.049000, 0.044333, 0.000000),
            (-0.044333, 0.044333, 0.000000), (-0.039667, 0.044333, 0.000000), (-0.035000, 0.044333, 0.000000),
            (-0.030333, 0.044333, 0.000000), (-0.025667, 0.044333, 0.000000), (-0.021000, 0.044333, 0.000000),
            (-0.016333, 0.044333, 0.000000), (-0.011667, 0.044333, 0.000000), (-0.007000, 0.044333, 0.000000),
            (-0.002333, 0.044333, 0.000000), (0.002333, 0.044333, 0.000000), (0.007000, 0.044333, 0.000000),
            (0.011667, 0.044333, 0.000000), (0.016333, 0.044333, 0.000000), (0.021000, 0.044333, 0.000000),
            (0.025667, 0.044333, 0.000000), (0.030333, 0.044333, 0.000000), (0.035000, 0.044333, 0.000000),
            (0.039667, 0.044333, 0.000000), (0.044333, 0.044333, 0.000000), (0.049000, 0.044333, 0.000000),
            (0.053667, 0.044333, 0.000000), (0.058333, 0.044333, 0.000000), (0.063000, 0.044333, 0.000000),
            (0.067667, 0.044333, 0.000000), (0.072333, 0.044333, 0.000000), (0.077000, 0.044333, 0.000000),
            (0.081667, 0.044333, 0.000000), (0.086333, 0.044333, 0.000000), (0.091000, 0.044333, 0.000000),
            (0.095667, 0.044333, 0.000000), (0.100333, 0.044333, 0.000000), (0.105000, 0.044333, 0.000000),
            (0.109667, 0.044333, 0.000000), (0.114333, 0.044333, 0.000000), (0.119000, 0.044333, 0.000000),
            (0.123667, 0.044333, 0.000000), (0.128333, 0.044333, 0.000000), (0.133000, 0.044333, 0.000000),
            (0.137667, 0.044333, 0.000000), (0.142333, 0.044333, 0.000000), (0.147000, 0.044333, 0.000000),
            (0.151667, 0.044333, 0.000000), (0.156333, 0.044333, 0.000000), (0.161000, 0.044333, 0.000000),
            (0.165667, 0.044333, 0.000000), (0.170333, 0.044333, 0.000000), (0.175000, 0.044333, 0.000000),
            (-0.175000, 0.049000, 0.000000), (-0.170333, 0.049000, 0.000000), (-0.165667, 0.049000, 0.000000),
            (-0.161000, 0.049000, 0.000000), (-0.156333, 0.049000, 0.000000), (-0.151667, 0.049000, 0.000000),
            (-0.147000, 0.049000, 0.000000), (-0.142333, 0.049000, 0.000000), (-0.137667, 0.049000, 0.000000),
            (-0.133000, 0.049000, 0.000000), (-0.128333, 0.049000, 0.000000), (-0.123667, 0.049000, 0.000000),
            (-0.119000, 0.049000, 0.000000), (-0.114333, 0.049000, 0.000000), (-0.109667, 0.049000, 0.000000),
            (-0.105000, 0.049000, 0.000000), (-0.100333, 0.049000, 0.000000), (-0.095667, 0.049000, 0.000000),
            (-0.091000, 0.049000, 0.000000), (-0.086333, 0.049000, 0.000000), (-0.081667, 0.049000, 0.000000),
            (-0.077000, 0.049000, 0.000000), (-0.072333, 0.049000, 0.000000), (-0.067667, 0.049000, 0.000000),
            (-0.063000, 0.049000, 0.000000), (-0.058333, 0.049000, 0.000000), (-0.053667, 0.049000, 0.000000),
            (-0.049000, 0.049000, 0.000000), (-0.044333, 0.049000, 0.000000), (-0.039667, 0.049000, 0.000000),
            (-0.035000, 0.049000, 0.000000), (-0.030333, 0.049000, 0.000000), (-0.025667, 0.049000, 0.000000),
            (-0.021000, 0.049000, 0.000000), (-0.016333, 0.049000, 0.000000), (-0.011667, 0.049000, 0.000000),
            (-0.007000, 0.049000, 0.000000), (-0.002333, 0.049000, 0.000000), (0.002333, 0.049000, 0.000000),
            (0.007000, 0.049000, 0.000000), (0.011667, 0.049000, 0.000000), (0.016333, 0.049000, 0.000000),
            (0.021000, 0.049000, 0.000000), (0.025667, 0.049000, 0.000000), (0.030333, 0.049000, 0.000000),
            (0.035000, 0.049000, 0.000000), (0.039667, 0.049000, 0.000000), (0.044333, 0.049000, 0.000000),
            (0.049000, 0.049000, 0.000000), (0.053667, 0.049000, 0.000000), (0.058333, 0.049000, 0.000000),
            (0.063000, 0.049000, 0.000000), (0.067667, 0.049000, 0.000000), (0.072333, 0.049000, 0.000000),
            (0.077000, 0.049000, 0.000000), (0.081667, 0.049000, 0.000000), (0.086333, 0.049000, 0.000000),
            (0.091000, 0.049000, 0.000000), (0.095667, 0.049000, 0.000000), (0.100333, 0.049000, 0.000000),
            (0.105000, 0.049000, 0.000000), (0.109667, 0.049000, 0.000000), (0.114333, 0.049000, 0.000000),
            (0.119000, 0.049000, 0.000000), (0.123667, 0.049000, 0.000000), (0.128333, 0.049000, 0.000000),
            (0.133000, 0.049000, 0.000000), (0.137667, 0.049000, 0.000000), (0.142333, 0.049000, 0.000000),
            (0.147000, 0.049000, 0.000000), (0.151667, 0.049000, 0.000000), (0.156333, 0.049000, 0.000000),
            (0.161000, 0.049000, 0.000000), (0.165667, 0.049000, 0.000000), (0.170333, 0.049000, 0.000000),
            (0.175000, 0.049000, 0.000000), (-0.175000, 0.053667, 0.000000), (-0.170333, 0.053667, 0.000000),
            (-0.165667, 0.053667, 0.000000), (-0.161000, 0.053667, 0.000000), (-0.156333, 0.053667, 0.000000),
            (-0.151667, 0.053667, 0.000000), (-0.147000, 0.053667, 0.000000), (-0.142333, 0.053667, 0.000000),
            (-0.137667, 0.053667, 0.000000), (-0.133000, 0.053667, 0.000000), (-0.128333, 0.053667, 0.000000),
            (-0.123667, 0.053667, 0.000000), (-0.119000, 0.053667, 0.000000), (-0.114333, 0.053667, 0.000000),
            (-0.109667, 0.053667, 0.000000), (-0.105000, 0.053667, 0.000000), (-0.100333, 0.053667, 0.000000),
            (-0.095667, 0.053667, 0.000000), (-0.091000, 0.053667, 0.000000), (-0.086333, 0.053667, 0.000000),
            (-0.081667, 0.053667, 0.000000), (-0.077000, 0.053667, 0.000000), (-0.072333, 0.053667, 0.000000),
            (-0.067667, 0.053667, 0.000000), (-0.063000, 0.053667, 0.000000), (-0.058333, 0.053667, 0.000000),
            (-0.053667, 0.053667, 0.000000), (-0.049000, 0.053667, 0.000000), (-0.044333, 0.053667, 0.000000),
            (-0.039667, 0.053667, 0.000000), (-0.035000, 0.053667, 0.000000), (-0.030333, 0.053667, 0.000000),
            (-0.025667, 0.053667, 0.000000), (-0.021000, 0.053667, 0.000000), (-0.016333, 0.053667, 0.000000),
            (-0.011667, 0.053667, 0.000000), (-0.007000, 0.053667, 0.000000), (-0.002333, 0.053667, 0.000000),
            (0.002333, 0.053667, 0.000000), (0.007000, 0.053667, 0.000000), (0.011667, 0.053667, 0.000000),
            (0.016333, 0.053667, 0.000000), (0.021000, 0.053667, 0.000000), (0.025667, 0.053667, 0.000000),
            (0.030333, 0.053667, 0.000000), (0.035000, 0.053667, 0.000000), (0.039667, 0.053667, 0.000000),
            (0.044333, 0.053667, 0.000000), (0.049000, 0.053667, 0.000000), (0.053667, 0.053667, 0.000000),
            (0.058333, 0.053667, 0.000000), (0.063000, 0.053667, 0.000000), (0.067667, 0.053667, 0.000000),
            (0.072333, 0.053667, 0.000000), (0.077000, 0.053667, 0.000000), (0.081667, 0.053667, 0.000000),
            (0.086333, 0.053667, 0.000000), (0.091000, 0.053667, 0.000000), (0.095667, 0.053667, 0.000000),
            (0.100333, 0.053667, 0.000000), (0.105000, 0.053667, 0.000000), (0.109667, 0.053667, 0.000000),
            (0.114333, 0.053667, 0.000000), (0.119000, 0.053667, 0.000000), (0.123667, 0.053667, 0.000000),
            (0.128333, 0.053667, 0.000000), (0.133000, 0.053667, 0.000000), (0.137667, 0.053667, 0.000000),
            (0.142333, 0.053667, 0.000000), (0.147000, 0.053667, 0.000000), (0.151667, 0.053667, 0.000000),
            (0.156333, 0.053667, 0.000000), (0.161000, 0.053667, 0.000000), (0.165667, 0.053667, 0.000000),
            (0.170333, 0.053667, 0.000000), (0.175000, 0.053667, 0.000000), (-0.175000, 0.058333, 0.000000),
            (-0.170333, 0.058333, 0.000000), (-0.165667, 0.058333, 0.000000), (-0.161000, 0.058333, 0.000000),
            (-0.156333, 0.058333, 0.000000), (-0.151667, 0.058333, 0.000000), (-0.147000, 0.058333, 0.000000),
            (-0.142333, 0.058333, 0.000000), (-0.137667, 0.058333, 0.000000), (-0.133000, 0.058333, 0.000000),
            (-0.128333, 0.058333, 0.000000), (-0.123667, 0.058333, 0.000000), (-0.119000, 0.058333, 0.000000),
            (-0.114333, 0.058333, 0.000000), (-0.109667, 0.058333, 0.000000), (-0.105000, 0.058333, 0.000000),
            (-0.100333, 0.058333, 0.000000), (-0.095667, 0.058333, 0.000000), (-0.091000, 0.058333, 0.000000),
            (-0.086333, 0.058333, 0.000000), (-0.081667, 0.058333, 0.000000), (-0.077000, 0.058333, 0.000000),
            (-0.072333, 0.058333, 0.000000), (-0.067667, 0.058333, 0.000000), (-0.063000, 0.058333, 0.000000),
            (-0.058333, 0.058333, 0.000000), (-0.053667, 0.058333, 0.000000), (-0.049000, 0.058333, 0.000000),
            (-0.044333, 0.058333, 0.000000), (-0.039667, 0.058333, 0.000000), (-0.035000, 0.058333, 0.000000),
            (-0.030333, 0.058333, 0.000000), (-0.025667, 0.058333, 0.000000), (-0.021000, 0.058333, 0.000000),
            (-0.016333, 0.058333, 0.000000), (-0.011667, 0.058333, 0.000000), (-0.007000, 0.058333, 0.000000),
            (-0.002333, 0.058333, 0.000000), (0.002333, 0.058333, 0.000000), (0.007000, 0.058333, 0.000000),
            (0.011667, 0.058333, 0.000000), (0.016333, 0.058333, 0.000000), (0.021000, 0.058333, 0.000000),
            (0.025667, 0.058333, 0.000000), (0.030333, 0.058333, 0.000000), (0.035000, 0.058333, 0.000000),
            (0.039667, 0.058333, 0.000000), (0.044333, 0.058333, 0.000000), (0.049000, 0.058333, 0.000000),
            (0.053667, 0.058333, 0.000000), (0.058333, 0.058333, 0.000000), (0.063000, 0.058333, 0.000000),
            (0.067667, 0.058333, 0.000000), (0.072333, 0.058333, 0.000000), (0.077000, 0.058333, 0.000000),
            (0.081667, 0.058333, 0.000000), (0.086333, 0.058333, 0.000000), (0.091000, 0.058333, 0.000000),
            (0.095667, 0.058333, 0.000000), (0.100333, 0.058333, 0.000000), (0.105000, 0.058333, 0.000000),
            (0.109667, 0.058333, 0.000000), (0.114333, 0.058333, 0.000000), (0.119000, 0.058333, 0.000000),
            (0.123667, 0.058333, 0.000000), (0.128333, 0.058333, 0.000000), (0.133000, 0.058333, 0.000000),
            (0.137667, 0.058333, 0.000000), (0.142333, 0.058333, 0.000000), (0.147000, 0.058333, 0.000000),
            (0.151667, 0.058333, 0.000000), (0.156333, 0.058333, 0.000000), (0.161000, 0.058333, 0.000000),
            (0.165667, 0.058333, 0.000000), (0.170333, 0.058333, 0.000000), (0.175000, 0.058333, 0.000000),
            (-0.175000, 0.063000, 0.000000), (-0.170333, 0.063000, 0.000000), (-0.165667, 0.063000, 0.000000),
            (-0.161000, 0.063000, 0.000000), (-0.156333, 0.063000, 0.000000), (-0.151667, 0.063000, 0.000000),
            (-0.147000, 0.063000, 0.000000), (-0.142333, 0.063000, 0.000000), (-0.137667, 0.063000, 0.000000),
            (-0.133000, 0.063000, 0.000000), (-0.128333, 0.063000, 0.000000), (-0.123667, 0.063000, 0.000000),
            (-0.119000, 0.063000, 0.000000), (-0.114333, 0.063000, 0.000000), (-0.109667, 0.063000, 0.000000),
            (-0.105000, 0.063000, 0.000000), (-0.100333, 0.063000, 0.000000), (-0.095667, 0.063000, 0.000000),
            (-0.091000, 0.063000, 0.000000), (-0.086333, 0.063000, 0.000000), (-0.081667, 0.063000, 0.000000),
            (-0.077000, 0.063000, 0.000000), (-0.072333, 0.063000, 0.000000), (-0.067667, 0.063000, 0.000000),
            (-0.063000, 0.063000, 0.000000), (-0.058333, 0.063000, 0.000000), (-0.053667, 0.063000, 0.000000),
            (-0.049000, 0.063000, 0.000000), (-0.044333, 0.063000, 0.000000), (-0.039667, 0.063000, 0.000000),
            (-0.035000, 0.063000, 0.000000), (-0.030333, 0.063000, 0.000000), (-0.025667, 0.063000, 0.000000),
            (-0.021000, 0.063000, 0.000000), (-0.016333, 0.063000, 0.000000), (-0.011667, 0.063000, 0.000000),
            (-0.007000, 0.063000, 0.000000), (-0.002333, 0.063000, 0.000000), (0.002333, 0.063000, 0.000000),
            (0.007000, 0.063000, 0.000000), (0.011667, 0.063000, 0.000000), (0.016333, 0.063000, 0.000000),
            (0.021000, 0.063000, 0.000000), (0.025667, 0.063000, 0.000000), (0.030333, 0.063000, 0.000000),
            (0.035000, 0.063000, 0.000000), (0.039667, 0.063000, 0.000000), (0.044333, 0.063000, 0.000000),
            (0.049000, 0.063000, 0.000000), (0.053667, 0.063000, 0.000000), (0.058333, 0.063000, 0.000000),
            (0.063000, 0.063000, 0.000000), (0.067667, 0.063000, 0.000000), (0.072333, 0.063000, 0.000000),
            (0.077000, 0.063000, 0.000000), (0.081667, 0.063000, 0.000000), (0.086333, 0.063000, 0.000000),
            (0.091000, 0.063000, 0.000000), (0.095667, 0.063000, 0.000000), (0.100333, 0.063000, 0.000000),
            (0.105000, 0.063000, 0.000000), (0.109667, 0.063000, 0.000000), (0.114333, 0.063000, 0.000000),
            (0.119000, 0.063000, 0.000000), (0.123667, 0.063000, 0.000000), (0.128333, 0.063000, 0.000000),
            (0.133000, 0.063000, 0.000000), (0.137667, 0.063000, 0.000000), (0.142333, 0.063000, 0.000000),
            (0.147000, 0.063000, 0.000000), (0.151667, 0.063000, 0.000000), (0.156333, 0.063000, 0.000000),
            (0.161000, 0.063000, 0.000000), (0.165667, 0.063000, 0.000000), (0.170333, 0.063000, 0.000000),
            (0.175000, 0.063000, 0.000000), (-0.175000, 0.067667, 0.000000), (-0.170333, 0.067667, 0.000000),
            (-0.165667, 0.067667, 0.000000), (-0.161000, 0.067667, 0.000000), (-0.156333, 0.067667, 0.000000),
            (-0.151667, 0.067667, 0.000000), (-0.147000, 0.067667, 0.000000), (-0.142333, 0.067667, 0.000000),
            (-0.137667, 0.067667, 0.000000), (-0.133000, 0.067667, 0.000000), (-0.128333, 0.067667, 0.000000),
            (-0.123667, 0.067667, 0.000000), (-0.119000, 0.067667, 0.000000), (-0.114333, 0.067667, 0.000000),
            (-0.109667, 0.067667, 0.000000), (-0.105000, 0.067667, 0.000000), (-0.100333, 0.067667, 0.000000),
            (-0.095667, 0.067667, 0.000000), (-0.091000, 0.067667, 0.000000), (-0.086333, 0.067667, 0.000000),
            (-0.081667, 0.067667, 0.000000), (-0.077000, 0.067667, 0.000000), (-0.072333, 0.067667, 0.000000),
            (-0.067667, 0.067667, 0.000000), (-0.063000, 0.067667, 0.000000), (-0.058333, 0.067667, 0.000000),
            (-0.053667, 0.067667, 0.000000), (-0.049000, 0.067667, 0.000000), (-0.044333, 0.067667, 0.000000),
            (-0.039667, 0.067667, 0.000000), (-0.035000, 0.067667, 0.000000), (-0.030333, 0.067667, 0.000000),
            (-0.025667, 0.067667, 0.000000), (-0.021000, 0.067667, 0.000000), (-0.016333, 0.067667, 0.000000),
            (-0.011667, 0.067667, 0.000000), (-0.007000, 0.067667, 0.000000), (-0.002333, 0.067667, 0.000000),
            (0.002333, 0.067667, 0.000000), (0.007000, 0.067667, 0.000000), (0.011667, 0.067667, 0.000000),
            (0.016333, 0.067667, 0.000000), (0.021000, 0.067667, 0.000000), (0.025667, 0.067667, 0.000000),
            (0.030333, 0.067667, 0.000000), (0.035000, 0.067667, 0.000000), (0.039667, 0.067667, 0.000000),
            (0.044333, 0.067667, 0.000000), (0.049000, 0.067667, 0.000000), (0.053667, 0.067667, 0.000000),
            (0.058333, 0.067667, 0.000000), (0.063000, 0.067667, 0.000000), (0.067667, 0.067667, 0.000000),
            (0.072333, 0.067667, 0.000000), (0.077000, 0.067667, 0.000000), (0.081667, 0.067667, 0.000000),
            (0.086333, 0.067667, 0.000000), (0.091000, 0.067667, 0.000000), (0.095667, 0.067667, 0.000000),
            (0.100333, 0.067667, 0.000000), (0.105000, 0.067667, 0.000000), (0.109667, 0.067667, 0.000000),
            (0.114333, 0.067667, 0.000000), (0.119000, 0.067667, 0.000000), (0.123667, 0.067667, 0.000000),
            (0.128333, 0.067667, 0.000000), (0.133000, 0.067667, 0.000000), (0.137667, 0.067667, 0.000000),
            (0.142333, 0.067667, 0.000000), (0.147000, 0.067667, 0.000000), (0.151667, 0.067667, 0.000000),
            (0.156333, 0.067667, 0.000000), (0.161000, 0.067667, 0.000000), (0.165667, 0.067667, 0.000000),
            (0.170333, 0.067667, 0.000000), (0.175000, 0.067667, 0.000000), (-0.175000, 0.072333, 0.000000),
            (-0.170333, 0.072333, 0.000000), (-0.165667, 0.072333, 0.000000), (-0.161000, 0.072333, 0.000000),
            (-0.156333, 0.072333, 0.000000), (-0.151667, 0.072333, 0.000000), (-0.147000, 0.072333, 0.000000),
            (-0.142333, 0.072333, 0.000000), (-0.137667, 0.072333, 0.000000), (-0.133000, 0.072333, 0.000000),
            (-0.128333, 0.072333, 0.000000), (-0.123667, 0.072333, 0.000000), (-0.119000, 0.072333, 0.000000),
            (-0.114333, 0.072333, 0.000000), (-0.109667, 0.072333, 0.000000), (-0.105000, 0.072333, 0.000000),
            (-0.100333, 0.072333, 0.000000), (-0.095667, 0.072333, 0.000000), (-0.091000, 0.072333, 0.000000),
            (-0.086333, 0.072333, 0.000000), (-0.081667, 0.072333, 0.000000), (-0.077000, 0.072333, 0.000000),
            (-0.072333, 0.072333, 0.000000), (-0.067667, 0.072333, 0.000000), (-0.063000, 0.072333, 0.000000),
            (-0.058333, 0.072333, 0.000000), (-0.053667, 0.072333, 0.000000), (-0.049000, 0.072333, 0.000000),
            (-0.044333, 0.072333, 0.000000), (-0.039667, 0.072333, 0.000000), (-0.035000, 0.072333, 0.000000),
            (-0.030333, 0.072333, 0.000000), (-0.025667, 0.072333, 0.000000), (-0.021000, 0.072333, 0.000000),
            (-0.016333, 0.072333, 0.000000), (-0.011667, 0.072333, 0.000000), (-0.007000, 0.072333, 0.000000),
            (-0.002333, 0.072333, 0.000000), (0.002333, 0.072333, 0.000000), (0.007000, 0.072333, 0.000000),
            (0.011667, 0.072333, 0.000000), (0.016333, 0.072333, 0.000000), (0.021000, 0.072333, 0.000000),
            (0.025667, 0.072333, 0.000000), (0.030333, 0.072333, 0.000000), (0.035000, 0.072333, 0.000000),
            (0.039667, 0.072333, 0.000000), (0.044333, 0.072333, 0.000000), (0.049000, 0.072333, 0.000000),
            (0.053667, 0.072333, 0.000000), (0.058333, 0.072333, 0.000000), (0.063000, 0.072333, 0.000000),
            (0.067667, 0.072333, 0.000000), (0.072333, 0.072333, 0.000000), (0.077000, 0.072333, 0.000000),
            (0.081667, 0.072333, 0.000000), (0.086333, 0.072333, 0.000000), (0.091000, 0.072333, 0.000000),
            (0.095667, 0.072333, 0.000000), (0.100333, 0.072333, 0.000000), (0.105000, 0.072333, 0.000000),
            (0.109667, 0.072333, 0.000000), (0.114333, 0.072333, 0.000000), (0.119000, 0.072333, 0.000000),
            (0.123667, 0.072333, 0.000000), (0.128333, 0.072333, 0.000000), (0.133000, 0.072333, 0.000000),
            (0.137667, 0.072333, 0.000000), (0.142333, 0.072333, 0.000000), (0.147000, 0.072333, 0.000000),
            (0.151667, 0.072333, 0.000000), (0.156333, 0.072333, 0.000000), (0.161000, 0.072333, 0.000000),
            (0.165667, 0.072333, 0.000000), (0.170333, 0.072333, 0.000000), (0.175000, 0.072333, 0.000000),
            (-0.175000, 0.077000, 0.000000), (-0.170333, 0.077000, 0.000000), (-0.165667, 0.077000, 0.000000),
            (-0.161000, 0.077000, 0.000000), (-0.156333, 0.077000, 0.000000), (-0.151667, 0.077000, 0.000000),
            (-0.147000, 0.077000, 0.000000), (-0.142333, 0.077000, 0.000000), (-0.137667, 0.077000, 0.000000),
            (-0.133000, 0.077000, 0.000000), (-0.128333, 0.077000, 0.000000), (-0.123667, 0.077000, 0.000000),
            (-0.119000, 0.077000, 0.000000), (-0.114333, 0.077000, 0.000000), (-0.109667, 0.077000, 0.000000),
            (-0.105000, 0.077000, 0.000000), (-0.100333, 0.077000, 0.000000), (-0.095667, 0.077000, 0.000000),
            (-0.091000, 0.077000, 0.000000), (-0.086333, 0.077000, 0.000000), (-0.081667, 0.077000, 0.000000),
            (-0.077000, 0.077000, 0.000000), (-0.072333, 0.077000, 0.000000), (-0.067667, 0.077000, 0.000000),
            (-0.063000, 0.077000, 0.000000), (-0.058333, 0.077000, 0.000000), (-0.053667, 0.077000, 0.000000),
            (-0.049000, 0.077000, 0.000000), (-0.044333, 0.077000, 0.000000), (-0.039667, 0.077000, 0.000000),
            (-0.035000, 0.077000, 0.000000), (-0.030333, 0.077000, 0.000000), (-0.025667, 0.077000, 0.000000),
            (-0.021000, 0.077000, 0.000000), (-0.016333, 0.077000, 0.000000), (-0.011667, 0.077000, 0.000000),
            (-0.007000, 0.077000, 0.000000), (-0.002333, 0.077000, 0.000000), (0.002333, 0.077000, 0.000000),
            (0.007000, 0.077000, 0.000000), (0.011667, 0.077000, 0.000000), (0.016333, 0.077000, 0.000000),
            (0.021000, 0.077000, 0.000000), (0.025667, 0.077000, 0.000000), (0.030333, 0.077000, 0.000000),
            (0.035000, 0.077000, 0.000000), (0.039667, 0.077000, 0.000000), (0.044333, 0.077000, 0.000000),
            (0.049000, 0.077000, 0.000000), (0.053667, 0.077000, 0.000000), (0.058333, 0.077000, 0.000000),
            (0.063000, 0.077000, 0.000000), (0.067667, 0.077000, 0.000000), (0.072333, 0.077000, 0.000000),
            (0.077000, 0.077000, 0.000000), (0.081667, 0.077000, 0.000000), (0.086333, 0.077000, 0.000000),
            (0.091000, 0.077000, 0.000000), (0.095667, 0.077000, 0.000000), (0.100333, 0.077000, 0.000000),
            (0.105000, 0.077000, 0.000000), (0.109667, 0.077000, 0.000000), (0.114333, 0.077000, 0.000000),
            (0.119000, 0.077000, 0.000000), (0.123667, 0.077000, 0.000000), (0.128333, 0.077000, 0.000000),
            (0.133000, 0.077000, 0.000000), (0.137667, 0.077000, 0.000000), (0.142333, 0.077000, 0.000000),
            (0.147000, 0.077000, 0.000000), (0.151667, 0.077000, 0.000000), (0.156333, 0.077000, 0.000000),
            (0.161000, 0.077000, 0.000000), (0.165667, 0.077000, 0.000000), (0.170333, 0.077000, 0.000000),
            (0.175000, 0.077000, 0.000000), (-0.175000, 0.081667, 0.000000), (-0.170333, 0.081667, 0.000000),
            (-0.165667, 0.081667, 0.000000), (-0.161000, 0.081667, 0.000000), (-0.156333, 0.081667, 0.000000),
            (-0.151667, 0.081667, 0.000000), (-0.147000, 0.081667, 0.000000), (-0.142333, 0.081667, 0.000000),
            (-0.137667, 0.081667, 0.000000), (-0.133000, 0.081667, 0.000000), (-0.128333, 0.081667, 0.000000),
            (-0.123667, 0.081667, 0.000000), (-0.119000, 0.081667, 0.000000), (-0.114333, 0.081667, 0.000000),
            (-0.109667, 0.081667, 0.000000), (-0.105000, 0.081667, 0.000000), (-0.100333, 0.081667, 0.000000),
            (-0.095667, 0.081667, 0.000000), (-0.091000, 0.081667, 0.000000), (-0.086333, 0.081667, 0.000000),
            (-0.081667, 0.081667, 0.000000), (-0.077000, 0.081667, 0.000000), (-0.072333, 0.081667, 0.000000),
            (-0.067667, 0.081667, 0.000000), (-0.063000, 0.081667, 0.000000), (-0.058333, 0.081667, 0.000000),
            (-0.053667, 0.081667, 0.000000), (-0.049000, 0.081667, 0.000000), (-0.044333, 0.081667, 0.000000),
            (-0.039667, 0.081667, 0.000000), (-0.035000, 0.081667, 0.000000), (-0.030333, 0.081667, 0.000000),
            (-0.025667, 0.081667, 0.000000), (-0.021000, 0.081667, 0.000000), (-0.016333, 0.081667, 0.000000),
            (-0.011667, 0.081667, 0.000000), (-0.007000, 0.081667, 0.000000), (-0.002333, 0.081667, 0.000000),
            (0.002333, 0.081667, 0.000000), (0.007000, 0.081667, 0.000000), (0.011667, 0.081667, 0.000000),
            (0.016333, 0.081667, 0.000000), (0.021000, 0.081667, 0.000000), (0.025667, 0.081667, 0.000000),
            (0.030333, 0.081667, 0.000000), (0.035000, 0.081667, 0.000000), (0.039667, 0.081667, 0.000000),
            (0.044333, 0.081667, 0.000000), (0.049000, 0.081667, 0.000000), (0.053667, 0.081667, 0.000000),
            (0.058333, 0.081667, 0.000000), (0.063000, 0.081667, 0.000000), (0.067667, 0.081667, 0.000000),
            (0.072333, 0.081667, 0.000000), (0.077000, 0.081667, 0.000000), (0.081667, 0.081667, 0.000000),
            (0.086333, 0.081667, 0.000000), (0.091000, 0.081667, 0.000000), (0.095667, 0.081667, 0.000000),
            (0.100333, 0.081667, 0.000000), (0.105000, 0.081667, 0.000000), (0.109667, 0.081667, 0.000000),
            (0.114333, 0.081667, 0.000000), (0.119000, 0.081667, 0.000000), (0.123667, 0.081667, 0.000000),
            (0.128333, 0.081667, 0.000000), (0.133000, 0.081667, 0.000000), (0.137667, 0.081667, 0.000000),
            (0.142333, 0.081667, 0.000000), (0.147000, 0.081667, 0.000000), (0.151667, 0.081667, 0.000000),
            (0.156333, 0.081667, 0.000000), (0.161000, 0.081667, 0.000000), (0.165667, 0.081667, 0.000000),
            (0.170333, 0.081667, 0.000000), (0.175000, 0.081667, 0.000000), (-0.175000, 0.086333, 0.000000),
            (-0.170333, 0.086333, 0.000000), (-0.165667, 0.086333, 0.000000), (-0.161000, 0.086333, 0.000000),
            (-0.156333, 0.086333, 0.000000), (-0.151667, 0.086333, 0.000000), (-0.147000, 0.086333, 0.000000),
            (-0.142333, 0.086333, 0.000000), (-0.137667, 0.086333, 0.000000), (-0.133000, 0.086333, 0.000000),
            (-0.128333, 0.086333, 0.000000), (-0.123667, 0.086333, 0.000000), (-0.119000, 0.086333, 0.000000),
            (-0.114333, 0.086333, 0.000000), (-0.109667, 0.086333, 0.000000), (-0.105000, 0.086333, 0.000000),
            (-0.100333, 0.086333, 0.000000), (-0.095667, 0.086333, 0.000000), (-0.091000, 0.086333, 0.000000),
            (-0.086333, 0.086333, 0.000000), (-0.081667, 0.086333, 0.000000), (-0.077000, 0.086333, 0.000000),
            (-0.072333, 0.086333, 0.000000), (-0.067667, 0.086333, 0.000000), (-0.063000, 0.086333, 0.000000),
            (-0.058333, 0.086333, 0.000000), (-0.053667, 0.086333, 0.000000), (-0.049000, 0.086333, 0.000000),
            (-0.044333, 0.086333, 0.000000), (-0.039667, 0.086333, 0.000000), (-0.035000, 0.086333, 0.000000),
            (-0.030333, 0.086333, 0.000000), (-0.025667, 0.086333, 0.000000), (-0.021000, 0.086333, 0.000000),
            (-0.016333, 0.086333, 0.000000), (-0.011667, 0.086333, 0.000000), (-0.007000, 0.086333, 0.000000),
            (-0.002333, 0.086333, 0.000000), (0.002333, 0.086333, 0.000000), (0.007000, 0.086333, 0.000000),
            (0.011667, 0.086333, 0.000000), (0.016333, 0.086333, 0.000000), (0.021000, 0.086333, 0.000000),
            (0.025667, 0.086333, 0.000000), (0.030333, 0.086333, 0.000000), (0.035000, 0.086333, 0.000000),
            (0.039667, 0.086333, 0.000000), (0.044333, 0.086333, 0.000000), (0.049000, 0.086333, 0.000000),
            (0.053667, 0.086333, 0.000000), (0.058333, 0.086333, 0.000000), (0.063000, 0.086333, 0.000000),
            (0.067667, 0.086333, 0.000000), (0.072333, 0.086333, 0.000000), (0.077000, 0.086333, 0.000000),
            (0.081667, 0.086333, 0.000000), (0.086333, 0.086333, 0.000000), (0.091000, 0.086333, 0.000000),
            (0.095667, 0.086333, 0.000000), (0.100333, 0.086333, 0.000000), (0.105000, 0.086333, 0.000000),
            (0.109667, 0.086333, 0.000000), (0.114333, 0.086333, 0.000000), (0.119000, 0.086333, 0.000000),
            (0.123667, 0.086333, 0.000000), (0.128333, 0.086333, 0.000000), (0.133000, 0.086333, 0.000000),
            (0.137667, 0.086333, 0.000000), (0.142333, 0.086333, 0.000000), (0.147000, 0.086333, 0.000000),
            (0.151667, 0.086333, 0.000000), (0.156333, 0.086333, 0.000000), (0.161000, 0.086333, 0.000000),
            (0.165667, 0.086333, 0.000000), (0.170333, 0.086333, 0.000000), (0.175000, 0.086333, 0.000000),
            (-0.175000, 0.091000, 0.000000), (-0.170333, 0.091000, 0.000000), (-0.165667, 0.091000, 0.000000),
            (-0.161000, 0.091000, 0.000000), (-0.156333, 0.091000, 0.000000), (-0.151667, 0.091000, 0.000000),
            (-0.147000, 0.091000, 0.000000), (-0.142333, 0.091000, 0.000000), (-0.137667, 0.091000, 0.000000),
            (-0.133000, 0.091000, 0.000000), (-0.128333, 0.091000, 0.000000), (-0.123667, 0.091000, 0.000000),
            (-0.119000, 0.091000, 0.000000), (-0.114333, 0.091000, 0.000000), (-0.109667, 0.091000, 0.000000),
            (-0.105000, 0.091000, 0.000000), (-0.100333, 0.091000, 0.000000), (-0.095667, 0.091000, 0.000000),
            (-0.091000, 0.091000, 0.000000), (-0.086333, 0.091000, 0.000000), (-0.081667, 0.091000, 0.000000),
            (-0.077000, 0.091000, 0.000000), (-0.072333, 0.091000, 0.000000), (-0.067667, 0.091000, 0.000000),
            (-0.063000, 0.091000, 0.000000), (-0.058333, 0.091000, 0.000000), (-0.053667, 0.091000, 0.000000),
            (-0.049000, 0.091000, 0.000000), (-0.044333, 0.091000, 0.000000), (-0.039667, 0.091000, 0.000000),
            (-0.035000, 0.091000, 0.000000), (-0.030333, 0.091000, 0.000000), (-0.025667, 0.091000, 0.000000),
            (-0.021000, 0.091000, 0.000000), (-0.016333, 0.091000, 0.000000), (-0.011667, 0.091000, 0.000000),
            (-0.007000, 0.091000, 0.000000), (-0.002333, 0.091000, 0.000000), (0.002333, 0.091000, 0.000000),
            (0.007000, 0.091000, 0.000000), (0.011667, 0.091000, 0.000000), (0.016333, 0.091000, 0.000000),
            (0.021000, 0.091000, 0.000000), (0.025667, 0.091000, 0.000000), (0.030333, 0.091000, 0.000000),
            (0.035000, 0.091000, 0.000000), (0.039667, 0.091000, 0.000000), (0.044333, 0.091000, 0.000000),
            (0.049000, 0.091000, 0.000000), (0.053667, 0.091000, 0.000000), (0.058333, 0.091000, 0.000000),
            (0.063000, 0.091000, 0.000000), (0.067667, 0.091000, 0.000000), (0.072333, 0.091000, 0.000000),
            (0.077000, 0.091000, 0.000000), (0.081667, 0.091000, 0.000000), (0.086333, 0.091000, 0.000000),
            (0.091000, 0.091000, 0.000000), (0.095667, 0.091000, 0.000000), (0.100333, 0.091000, 0.000000),
            (0.105000, 0.091000, 0.000000), (0.109667, 0.091000, 0.000000), (0.114333, 0.091000, 0.000000),
            (0.119000, 0.091000, 0.000000), (0.123667, 0.091000, 0.000000), (0.128333, 0.091000, 0.000000),
            (0.133000, 0.091000, 0.000000), (0.137667, 0.091000, 0.000000), (0.142333, 0.091000, 0.000000),
            (0.147000, 0.091000, 0.000000), (0.151667, 0.091000, 0.000000), (0.156333, 0.091000, 0.000000),
            (0.161000, 0.091000, 0.000000), (0.165667, 0.091000, 0.000000), (0.170333, 0.091000, 0.000000),
            (0.175000, 0.091000, 0.000000), (-0.175000, 0.095667, 0.000000), (-0.170333, 0.095667, 0.000000),
            (-0.165667, 0.095667, 0.000000), (-0.161000, 0.095667, 0.000000), (-0.156333, 0.095667, 0.000000),
            (-0.151667, 0.095667, 0.000000), (-0.147000, 0.095667, 0.000000), (-0.142333, 0.095667, 0.000000),
            (-0.137667, 0.095667, 0.000000), (-0.133000, 0.095667, 0.000000), (-0.128333, 0.095667, 0.000000),
            (-0.123667, 0.095667, 0.000000), (-0.119000, 0.095667, 0.000000), (-0.114333, 0.095667, 0.000000),
            (-0.109667, 0.095667, 0.000000), (-0.105000, 0.095667, 0.000000), (-0.100333, 0.095667, 0.000000),
            (-0.095667, 0.095667, 0.000000), (-0.091000, 0.095667, 0.000000), (-0.086333, 0.095667, 0.000000),
            (-0.081667, 0.095667, 0.000000), (-0.077000, 0.095667, 0.000000), (-0.072333, 0.095667, 0.000000),
            (-0.067667, 0.095667, 0.000000), (-0.063000, 0.095667, 0.000000), (-0.058333, 0.095667, 0.000000),
            (-0.053667, 0.095667, 0.000000), (-0.049000, 0.095667, 0.000000), (-0.044333, 0.095667, 0.000000),
            (-0.039667, 0.095667, 0.000000), (-0.035000, 0.095667, 0.000000), (-0.030333, 0.095667, 0.000000),
            (-0.025667, 0.095667, 0.000000), (-0.021000, 0.095667, 0.000000), (-0.016333, 0.095667, 0.000000),
            (-0.011667, 0.095667, 0.000000), (-0.007000, 0.095667, 0.000000), (-0.002333, 0.095667, 0.000000),
            (0.002333, 0.095667, 0.000000), (0.007000, 0.095667, 0.000000), (0.011667, 0.095667, 0.000000),
            (0.016333, 0.095667, 0.000000), (0.021000, 0.095667, 0.000000), (0.025667, 0.095667, 0.000000),
            (0.030333, 0.095667, 0.000000), (0.035000, 0.095667, 0.000000), (0.039667, 0.095667, 0.000000),
            (0.044333, 0.095667, 0.000000), (0.049000, 0.095667, 0.000000), (0.053667, 0.095667, 0.000000),
            (0.058333, 0.095667, 0.000000), (0.063000, 0.095667, 0.000000), (0.067667, 0.095667, 0.000000),
            (0.072333, 0.095667, 0.000000), (0.077000, 0.095667, 0.000000), (0.081667, 0.095667, 0.000000),
            (0.086333, 0.095667, 0.000000), (0.091000, 0.095667, 0.000000), (0.095667, 0.095667, 0.000000),
            (0.100333, 0.095667, 0.000000), (0.105000, 0.095667, 0.000000), (0.109667, 0.095667, 0.000000),
            (0.114333, 0.095667, 0.000000), (0.119000, 0.095667, 0.000000), (0.123667, 0.095667, 0.000000),
            (0.128333, 0.095667, 0.000000), (0.133000, 0.095667, 0.000000), (0.137667, 0.095667, 0.000000),
            (0.142333, 0.095667, 0.000000), (0.147000, 0.095667, 0.000000), (0.151667, 0.095667, 0.000000),
            (0.156333, 0.095667, 0.000000), (0.161000, 0.095667, 0.000000), (0.165667, 0.095667, 0.000000),
            (0.170333, 0.095667, 0.000000), (0.175000, 0.095667, 0.000000), (-0.175000, 0.100333, 0.000000),
            (-0.170333, 0.100333, 0.000000), (-0.165667, 0.100333, 0.000000), (-0.161000, 0.100333, 0.000000),
            (-0.156333, 0.100333, 0.000000), (-0.151667, 0.100333, 0.000000), (-0.147000, 0.100333, 0.000000),
            (-0.142333, 0.100333, 0.000000), (-0.137667, 0.100333, 0.000000), (-0.133000, 0.100333, 0.000000),
            (-0.128333, 0.100333, 0.000000), (-0.123667, 0.100333, 0.000000), (-0.119000, 0.100333, 0.000000),
            (-0.114333, 0.100333, 0.000000), (-0.109667, 0.100333, 0.000000), (-0.105000, 0.100333, 0.000000),
            (-0.100333, 0.100333, 0.000000), (-0.095667, 0.100333, 0.000000), (-0.091000, 0.100333, 0.000000),
            (-0.086333, 0.100333, 0.000000), (-0.081667, 0.100333, 0.000000), (-0.077000, 0.100333, 0.000000),
            (-0.072333, 0.100333, 0.000000), (-0.067667, 0.100333, 0.000000), (-0.063000, 0.100333, 0.000000),
            (-0.058333, 0.100333, 0.000000), (-0.053667, 0.100333, 0.000000), (-0.049000, 0.100333, 0.000000),
            (-0.044333, 0.100333, 0.000000), (-0.039667, 0.100333, 0.000000), (-0.035000, 0.100333, 0.000000),
            (-0.030333, 0.100333, 0.000000), (-0.025667, 0.100333, 0.000000), (-0.021000, 0.100333, 0.000000),
            (-0.016333, 0.100333, 0.000000), (-0.011667, 0.100333, 0.000000), (-0.007000, 0.100333, 0.000000),
            (-0.002333, 0.100333, 0.000000), (0.002333, 0.100333, 0.000000), (0.007000, 0.100333, 0.000000),
            (0.011667, 0.100333, 0.000000), (0.016333, 0.100333, 0.000000), (0.021000, 0.100333, 0.000000),
            (0.025667, 0.100333, 0.000000), (0.030333, 0.100333, 0.000000), (0.035000, 0.100333, 0.000000),
            (0.039667, 0.100333, 0.000000), (0.044333, 0.100333, 0.000000), (0.049000, 0.100333, 0.000000),
            (0.053667, 0.100333, 0.000000), (0.058333, 0.100333, 0.000000), (0.063000, 0.100333, 0.000000),
            (0.067667, 0.100333, 0.000000), (0.072333, 0.100333, 0.000000), (0.077000, 0.100333, 0.000000),
            (0.081667, 0.100333, 0.000000), (0.086333, 0.100333, 0.000000), (0.091000, 0.100333, 0.000000),
            (0.095667, 0.100333, 0.000000), (0.100333, 0.100333, 0.000000), (0.105000, 0.100333, 0.000000),
            (0.109667, 0.100333, 0.000000), (0.114333, 0.100333, 0.000000), (0.119000, 0.100333, 0.000000),
            (0.123667, 0.100333, 0.000000), (0.128333, 0.100333, 0.000000), (0.133000, 0.100333, 0.000000),
            (0.137667, 0.100333, 0.000000), (0.142333, 0.100333, 0.000000), (0.147000, 0.100333, 0.000000),
            (0.151667, 0.100333, 0.000000), (0.156333, 0.100333, 0.000000), (0.161000, 0.100333, 0.000000),
            (0.165667, 0.100333, 0.000000), (0.170333, 0.100333, 0.000000), (0.175000, 0.100333, 0.000000),
            (-0.175000, 0.105000, 0.000000), (-0.170333, 0.105000, 0.000000), (-0.165667, 0.105000, 0.000000),
            (-0.161000, 0.105000, 0.000000), (-0.156333, 0.105000, 0.000000), (-0.151667, 0.105000, 0.000000),
            (-0.147000, 0.105000, 0.000000), (-0.142333, 0.105000, 0.000000), (-0.137667, 0.105000, 0.000000),
            (-0.133000, 0.105000, 0.000000), (-0.128333, 0.105000, 0.000000), (-0.123667, 0.105000, 0.000000),
            (-0.119000, 0.105000, 0.000000), (-0.114333, 0.105000, 0.000000), (-0.109667, 0.105000, 0.000000),
            (-0.105000, 0.105000, 0.000000), (-0.100333, 0.105000, 0.000000), (-0.095667, 0.105000, 0.000000),
            (-0.091000, 0.105000, 0.000000), (-0.086333, 0.105000, 0.000000), (-0.081667, 0.105000, 0.000000),
            (-0.077000, 0.105000, 0.000000), (-0.072333, 0.105000, 0.000000), (-0.067667, 0.105000, 0.000000),
            (-0.063000, 0.105000, 0.000000), (-0.058333, 0.105000, 0.000000), (-0.053667, 0.105000, 0.000000),
            (-0.049000, 0.105000, 0.000000), (-0.044333, 0.105000, 0.000000), (-0.039667, 0.105000, 0.000000),
            (-0.035000, 0.105000, 0.000000), (-0.030333, 0.105000, 0.000000), (-0.025667, 0.105000, 0.000000),
            (-0.021000, 0.105000, 0.000000), (-0.016333, 0.105000, 0.000000), (-0.011667, 0.105000, 0.000000),
            (-0.007000, 0.105000, 0.000000), (-0.002333, 0.105000, 0.000000), (0.002333, 0.105000, 0.000000),
            (0.007000, 0.105000, 0.000000), (0.011667, 0.105000, 0.000000), (0.016333, 0.105000, 0.000000),
            (0.021000, 0.105000, 0.000000), (0.025667, 0.105000, 0.000000), (0.030333, 0.105000, 0.000000),
            (0.035000, 0.105000, 0.000000), (0.039667, 0.105000, 0.000000), (0.044333, 0.105000, 0.000000),
            (0.049000, 0.105000, 0.000000), (0.053667, 0.105000, 0.000000), (0.058333, 0.105000, 0.000000),
            (0.063000, 0.105000, 0.000000), (0.067667, 0.105000, 0.000000), (0.072333, 0.105000, 0.000000),
            (0.077000, 0.105000, 0.000000), (0.081667, 0.105000, 0.000000), (0.086333, 0.105000, 0.000000),
            (0.091000, 0.105000, 0.000000), (0.095667, 0.105000, 0.000000), (0.100333, 0.105000, 0.000000),
            (0.105000, 0.105000, 0.000000), (0.109667, 0.105000, 0.000000), (0.114333, 0.105000, 0.000000),
            (0.119000, 0.105000, 0.000000), (0.123667, 0.105000, 0.000000), (0.128333, 0.105000, 0.000000),
            (0.133000, 0.105000, 0.000000), (0.137667, 0.105000, 0.000000), (0.142333, 0.105000, 0.000000),
            (0.147000, 0.105000, 0.000000), (0.151667, 0.105000, 0.000000), (0.156333, 0.105000, 0.000000),
            (0.161000, 0.105000, 0.000000), (0.165667, 0.105000, 0.000000), (0.170333, 0.105000, 0.000000),
            (0.175000, 0.105000, 0.000000), (-0.175000, 0.109667, 0.000000), (-0.170333, 0.109667, 0.000000),
            (-0.165667, 0.109667, 0.000000), (-0.161000, 0.109667, 0.000000), (-0.156333, 0.109667, 0.000000),
            (-0.151667, 0.109667, 0.000000), (-0.147000, 0.109667, 0.000000), (-0.142333, 0.109667, 0.000000),
            (-0.137667, 0.109667, 0.000000), (-0.133000, 0.109667, 0.000000), (-0.128333, 0.109667, 0.000000),
            (-0.123667, 0.109667, 0.000000), (-0.119000, 0.109667, 0.000000), (-0.114333, 0.109667, 0.000000),
            (-0.109667, 0.109667, 0.000000), (-0.105000, 0.109667, 0.000000), (-0.100333, 0.109667, 0.000000),
            (-0.095667, 0.109667, 0.000000), (-0.091000, 0.109667, 0.000000), (-0.086333, 0.109667, 0.000000),
            (-0.081667, 0.109667, 0.000000), (-0.077000, 0.109667, 0.000000), (-0.072333, 0.109667, 0.000000),
            (-0.067667, 0.109667, 0.000000), (-0.063000, 0.109667, 0.000000), (-0.058333, 0.109667, 0.000000),
            (-0.053667, 0.109667, 0.000000), (-0.049000, 0.109667, 0.000000), (-0.044333, 0.109667, 0.000000),
            (-0.039667, 0.109667, 0.000000), (-0.035000, 0.109667, 0.000000), (-0.030333, 0.109667, 0.000000),
            (-0.025667, 0.109667, 0.000000), (-0.021000, 0.109667, 0.000000), (-0.016333, 0.109667, 0.000000),
            (-0.011667, 0.109667, 0.000000), (-0.007000, 0.109667, 0.000000), (-0.002333, 0.109667, 0.000000),
            (0.002333, 0.109667, 0.000000), (0.007000, 0.109667, 0.000000), (0.011667, 0.109667, 0.000000),
            (0.016333, 0.109667, 0.000000), (0.021000, 0.109667, 0.000000), (0.025667, 0.109667, 0.000000),
            (0.030333, 0.109667, 0.000000), (0.035000, 0.109667, 0.000000), (0.039667, 0.109667, 0.000000),
            (0.044333, 0.109667, 0.000000), (0.049000, 0.109667, 0.000000), (0.053667, 0.109667, 0.000000),
            (0.058333, 0.109667, 0.000000), (0.063000, 0.109667, 0.000000), (0.067667, 0.109667, 0.000000),
            (0.072333, 0.109667, 0.000000), (0.077000, 0.109667, 0.000000), (0.081667, 0.109667, 0.000000),
            (0.086333, 0.109667, 0.000000), (0.091000, 0.109667, 0.000000), (0.095667, 0.109667, 0.000000),
            (0.100333, 0.109667, 0.000000), (0.105000, 0.109667, 0.000000), (0.109667, 0.109667, 0.000000),
            (0.114333, 0.109667, 0.000000), (0.119000, 0.109667, 0.000000), (0.123667, 0.109667, 0.000000),
            (0.128333, 0.109667, 0.000000), (0.133000, 0.109667, 0.000000), (0.137667, 0.109667, 0.000000),
            (0.142333, 0.109667, 0.000000), (0.147000, 0.109667, 0.000000), (0.151667, 0.109667, 0.000000),
            (0.156333, 0.109667, 0.000000), (0.161000, 0.109667, 0.000000), (0.165667, 0.109667, 0.000000),
            (0.170333, 0.109667, 0.000000), (0.175000, 0.109667, 0.000000), (-0.175000, 0.114333, 0.000000),
            (-0.170333, 0.114333, 0.000000), (-0.165667, 0.114333, 0.000000), (-0.161000, 0.114333, 0.000000),
            (-0.156333, 0.114333, 0.000000), (-0.151667, 0.114333, 0.000000), (-0.147000, 0.114333, 0.000000),
            (-0.142333, 0.114333, 0.000000), (-0.137667, 0.114333, 0.000000), (-0.133000, 0.114333, 0.000000),
            (-0.128333, 0.114333, 0.000000), (-0.123667, 0.114333, 0.000000), (-0.119000, 0.114333, 0.000000),
            (-0.114333, 0.114333, 0.000000), (-0.109667, 0.114333, 0.000000), (-0.105000, 0.114333, 0.000000),
            (-0.100333, 0.114333, 0.000000), (-0.095667, 0.114333, 0.000000), (-0.091000, 0.114333, 0.000000),
            (-0.086333, 0.114333, 0.000000), (-0.081667, 0.114333, 0.000000), (-0.077000, 0.114333, 0.000000),
            (-0.072333, 0.114333, 0.000000), (-0.067667, 0.114333, 0.000000), (-0.063000, 0.114333, 0.000000),
            (-0.058333, 0.114333, 0.000000), (-0.053667, 0.114333, 0.000000), (-0.049000, 0.114333, 0.000000),
            (-0.044333, 0.114333, 0.000000), (-0.039667, 0.114333, 0.000000), (-0.035000, 0.114333, 0.000000),
            (-0.030333, 0.114333, 0.000000), (-0.025667, 0.114333, 0.000000), (-0.021000, 0.114333, 0.000000),
            (-0.016333, 0.114333, 0.000000), (-0.011667, 0.114333, 0.000000), (-0.007000, 0.114333, 0.000000),
            (-0.002333, 0.114333, 0.000000), (0.002333, 0.114333, 0.000000), (0.007000, 0.114333, 0.000000),
            (0.011667, 0.114333, 0.000000), (0.016333, 0.114333, 0.000000), (0.021000, 0.114333, 0.000000),
            (0.025667, 0.114333, 0.000000), (0.030333, 0.114333, 0.000000), (0.035000, 0.114333, 0.000000),
            (0.039667, 0.114333, 0.000000), (0.044333, 0.114333, 0.000000), (0.049000, 0.114333, 0.000000),
            (0.053667, 0.114333, 0.000000), (0.058333, 0.114333, 0.000000), (0.063000, 0.114333, 0.000000),
            (0.067667, 0.114333, 0.000000), (0.072333, 0.114333, 0.000000), (0.077000, 0.114333, 0.000000),
            (0.081667, 0.114333, 0.000000), (0.086333, 0.114333, 0.000000), (0.091000, 0.114333, 0.000000),
            (0.095667, 0.114333, 0.000000), (0.100333, 0.114333, 0.000000), (0.105000, 0.114333, 0.000000),
            (0.109667, 0.114333, 0.000000), (0.114333, 0.114333, 0.000000), (0.119000, 0.114333, 0.000000),
            (0.123667, 0.114333, 0.000000), (0.128333, 0.114333, 0.000000), (0.133000, 0.114333, 0.000000),
            (0.137667, 0.114333, 0.000000), (0.142333, 0.114333, 0.000000), (0.147000, 0.114333, 0.000000),
            (0.151667, 0.114333, 0.000000), (0.156333, 0.114333, 0.000000), (0.161000, 0.114333, 0.000000),
            (0.165667, 0.114333, 0.000000), (0.170333, 0.114333, 0.000000), (0.175000, 0.114333, 0.000000),
            (-0.175000, 0.119000, 0.000000), (-0.170333, 0.119000, 0.000000), (-0.165667, 0.119000, 0.000000),
            (-0.161000, 0.119000, 0.000000), (-0.156333, 0.119000, 0.000000), (-0.151667, 0.119000, 0.000000),
            (-0.147000, 0.119000, 0.000000), (-0.142333, 0.119000, 0.000000), (-0.137667, 0.119000, 0.000000),
            (-0.133000, 0.119000, 0.000000), (-0.128333, 0.119000, 0.000000), (-0.123667, 0.119000, 0.000000),
            (-0.119000, 0.119000, 0.000000), (-0.114333, 0.119000, 0.000000), (-0.109667, 0.119000, 0.000000),
            (-0.105000, 0.119000, 0.000000), (-0.100333, 0.119000, 0.000000), (-0.095667, 0.119000, 0.000000),
            (-0.091000, 0.119000, 0.000000), (-0.086333, 0.119000, 0.000000), (-0.081667, 0.119000, 0.000000),
            (-0.077000, 0.119000, 0.000000), (-0.072333, 0.119000, 0.000000), (-0.067667, 0.119000, 0.000000),
            (-0.063000, 0.119000, 0.000000), (-0.058333, 0.119000, 0.000000), (-0.053667, 0.119000, 0.000000),
            (-0.049000, 0.119000, 0.000000), (-0.044333, 0.119000, 0.000000), (-0.039667, 0.119000, 0.000000),
            (-0.035000, 0.119000, 0.000000), (-0.030333, 0.119000, 0.000000), (-0.025667, 0.119000, 0.000000),
            (-0.021000, 0.119000, 0.000000), (-0.016333, 0.119000, 0.000000), (-0.011667, 0.119000, 0.000000),
            (-0.007000, 0.119000, 0.000000), (-0.002333, 0.119000, 0.000000), (0.002333, 0.119000, 0.000000),
            (0.007000, 0.119000, 0.000000), (0.011667, 0.119000, 0.000000), (0.016333, 0.119000, 0.000000),
            (0.021000, 0.119000, 0.000000), (0.025667, 0.119000, 0.000000), (0.030333, 0.119000, 0.000000),
            (0.035000, 0.119000, 0.000000), (0.039667, 0.119000, 0.000000), (0.044333, 0.119000, 0.000000),
            (0.049000, 0.119000, 0.000000), (0.053667, 0.119000, 0.000000), (0.058333, 0.119000, 0.000000),
            (0.063000, 0.119000, 0.000000), (0.067667, 0.119000, 0.000000), (0.072333, 0.119000, 0.000000),
            (0.077000, 0.119000, 0.000000), (0.081667, 0.119000, 0.000000), (0.086333, 0.119000, 0.000000),
            (0.091000, 0.119000, 0.000000), (0.095667, 0.119000, 0.000000), (0.100333, 0.119000, 0.000000),
            (0.105000, 0.119000, 0.000000), (0.109667, 0.119000, 0.000000), (0.114333, 0.119000, 0.000000),
            (0.119000, 0.119000, 0.000000), (0.123667, 0.119000, 0.000000), (0.128333, 0.119000, 0.000000),
            (0.133000, 0.119000, 0.000000), (0.137667, 0.119000, 0.000000), (0.142333, 0.119000, 0.000000),
            (0.147000, 0.119000, 0.000000), (0.151667, 0.119000, 0.000000), (0.156333, 0.119000, 0.000000),
            (0.161000, 0.119000, 0.000000), (0.165667, 0.119000, 0.000000), (0.170333, 0.119000, 0.000000),
            (0.175000, 0.119000, 0.000000), (-0.175000, 0.123667, 0.000000), (-0.170333, 0.123667, 0.000000),
            (-0.165667, 0.123667, 0.000000), (-0.161000, 0.123667, 0.000000), (-0.156333, 0.123667, 0.000000),
            (-0.151667, 0.123667, 0.000000), (-0.147000, 0.123667, 0.000000), (-0.142333, 0.123667, 0.000000),
            (-0.137667, 0.123667, 0.000000), (-0.133000, 0.123667, 0.000000), (-0.128333, 0.123667, 0.000000),
            (-0.123667, 0.123667, 0.000000), (-0.119000, 0.123667, 0.000000), (-0.114333, 0.123667, 0.000000),
            (-0.109667, 0.123667, 0.000000), (-0.105000, 0.123667, 0.000000), (-0.100333, 0.123667, 0.000000),
            (-0.095667, 0.123667, 0.000000), (-0.091000, 0.123667, 0.000000), (-0.086333, 0.123667, 0.000000),
            (-0.081667, 0.123667, 0.000000), (-0.077000, 0.123667, 0.000000), (-0.072333, 0.123667, 0.000000),
            (-0.067667, 0.123667, 0.000000), (-0.063000, 0.123667, 0.000000), (-0.058333, 0.123667, 0.000000),
            (-0.053667, 0.123667, 0.000000), (-0.049000, 0.123667, 0.000000), (-0.044333, 0.123667, 0.000000),
            (-0.039667, 0.123667, 0.000000), (-0.035000, 0.123667, 0.000000), (-0.030333, 0.123667, 0.000000),
            (-0.025667, 0.123667, 0.000000), (-0.021000, 0.123667, 0.000000), (-0.016333, 0.123667, 0.000000),
            (-0.011667, 0.123667, 0.000000), (-0.007000, 0.123667, 0.000000), (-0.002333, 0.123667, 0.000000),
            (0.002333, 0.123667, 0.000000), (0.007000, 0.123667, 0.000000), (0.011667, 0.123667, 0.000000),
            (0.016333, 0.123667, 0.000000), (0.021000, 0.123667, 0.000000), (0.025667, 0.123667, 0.000000),
            (0.030333, 0.123667, 0.000000), (0.035000, 0.123667, 0.000000), (0.039667, 0.123667, 0.000000),
            (0.044333, 0.123667, 0.000000), (0.049000, 0.123667, 0.000000), (0.053667, 0.123667, 0.000000),
            (0.058333, 0.123667, 0.000000), (0.063000, 0.123667, 0.000000), (0.067667, 0.123667, 0.000000),
            (0.072333, 0.123667, 0.000000), (0.077000, 0.123667, 0.000000), (0.081667, 0.123667, 0.000000),
            (0.086333, 0.123667, 0.000000), (0.091000, 0.123667, 0.000000), (0.095667, 0.123667, 0.000000),
            (0.100333, 0.123667, 0.000000), (0.105000, 0.123667, 0.000000), (0.109667, 0.123667, 0.000000),
            (0.114333, 0.123667, 0.000000), (0.119000, 0.123667, 0.000000), (0.123667, 0.123667, 0.000000),
            (0.128333, 0.123667, 0.000000), (0.133000, 0.123667, 0.000000), (0.137667, 0.123667, 0.000000),
            (0.142333, 0.123667, 0.000000), (0.147000, 0.123667, 0.000000), (0.151667, 0.123667, 0.000000),
            (0.156333, 0.123667, 0.000000), (0.161000, 0.123667, 0.000000), (0.165667, 0.123667, 0.000000),
            (0.170333, 0.123667, 0.000000), (0.175000, 0.123667, 0.000000), (-0.175000, 0.128333, 0.000000),
            (-0.170333, 0.128333, 0.000000), (-0.165667, 0.128333, 0.000000), (-0.161000, 0.128333, 0.000000),
            (-0.156333, 0.128333, 0.000000), (-0.151667, 0.128333, 0.000000), (-0.147000, 0.128333, 0.000000),
            (-0.142333, 0.128333, 0.000000), (-0.137667, 0.128333, 0.000000), (-0.133000, 0.128333, 0.000000),
            (-0.128333, 0.128333, 0.000000), (-0.123667, 0.128333, 0.000000), (-0.119000, 0.128333, 0.000000),
            (-0.114333, 0.128333, 0.000000), (-0.109667, 0.128333, 0.000000), (-0.105000, 0.128333, 0.000000),
            (-0.100333, 0.128333, 0.000000), (-0.095667, 0.128333, 0.000000), (-0.091000, 0.128333, 0.000000),
            (-0.086333, 0.128333, 0.000000), (-0.081667, 0.128333, 0.000000), (-0.077000, 0.128333, 0.000000),
            (-0.072333, 0.128333, 0.000000), (-0.067667, 0.128333, 0.000000), (-0.063000, 0.128333, 0.000000),
            (-0.058333, 0.128333, 0.000000), (-0.053667, 0.128333, 0.000000), (-0.049000, 0.128333, 0.000000),
            (-0.044333, 0.128333, 0.000000), (-0.039667, 0.128333, 0.000000), (-0.035000, 0.128333, 0.000000),
            (-0.030333, 0.128333, 0.000000), (-0.025667, 0.128333, 0.000000), (-0.021000, 0.128333, 0.000000),
            (-0.016333, 0.128333, 0.000000), (-0.011667, 0.128333, 0.000000), (-0.007000, 0.128333, 0.000000),
            (-0.002333, 0.128333, 0.000000), (0.002333, 0.128333, 0.000000), (0.007000, 0.128333, 0.000000),
            (0.011667, 0.128333, 0.000000), (0.016333, 0.128333, 0.000000), (0.021000, 0.128333, 0.000000),
            (0.025667, 0.128333, 0.000000), (0.030333, 0.128333, 0.000000), (0.035000, 0.128333, 0.000000),
            (0.039667, 0.128333, 0.000000), (0.044333, 0.128333, 0.000000), (0.049000, 0.128333, 0.000000),
            (0.053667, 0.128333, 0.000000), (0.058333, 0.128333, 0.000000), (0.063000, 0.128333, 0.000000),
            (0.067667, 0.128333, 0.000000), (0.072333, 0.128333, 0.000000), (0.077000, 0.128333, 0.000000),
            (0.081667, 0.128333, 0.000000), (0.086333, 0.128333, 0.000000), (0.091000, 0.128333, 0.000000),
            (0.095667, 0.128333, 0.000000), (0.100333, 0.128333, 0.000000), (0.105000, 0.128333, 0.000000),
            (0.109667, 0.128333, 0.000000), (0.114333, 0.128333, 0.000000), (0.119000, 0.128333, 0.000000),
            (0.123667, 0.128333, 0.000000), (0.128333, 0.128333, 0.000000), (0.133000, 0.128333, 0.000000),
            (0.137667, 0.128333, 0.000000), (0.142333, 0.128333, 0.000000), (0.147000, 0.128333, 0.000000),
            (0.151667, 0.128333, 0.000000), (0.156333, 0.128333, 0.000000), (0.161000, 0.128333, 0.000000),
            (0.165667, 0.128333, 0.000000), (0.170333, 0.128333, 0.000000), (0.175000, 0.128333, 0.000000),
            (-0.175000, 0.133000, 0.000000), (-0.170333, 0.133000, 0.000000), (-0.165667, 0.133000, 0.000000),
            (-0.161000, 0.133000, 0.000000), (-0.156333, 0.133000, 0.000000), (-0.151667, 0.133000, 0.000000),
            (-0.147000, 0.133000, 0.000000), (-0.142333, 0.133000, 0.000000), (-0.137667, 0.133000, 0.000000),
            (-0.133000, 0.133000, 0.000000), (-0.128333, 0.133000, 0.000000), (-0.123667, 0.133000, 0.000000),
            (-0.119000, 0.133000, 0.000000), (-0.114333, 0.133000, 0.000000), (-0.109667, 0.133000, 0.000000),
            (-0.105000, 0.133000, 0.000000), (-0.100333, 0.133000, 0.000000), (-0.095667, 0.133000, 0.000000),
            (-0.091000, 0.133000, 0.000000), (-0.086333, 0.133000, 0.000000), (-0.081667, 0.133000, 0.000000),
            (-0.077000, 0.133000, 0.000000), (-0.072333, 0.133000, 0.000000), (-0.067667, 0.133000, 0.000000),
            (-0.063000, 0.133000, 0.000000), (-0.058333, 0.133000, 0.000000), (-0.053667, 0.133000, 0.000000),
            (-0.049000, 0.133000, 0.000000), (-0.044333, 0.133000, 0.000000), (-0.039667, 0.133000, 0.000000),
            (-0.035000, 0.133000, 0.000000), (-0.030333, 0.133000, 0.000000), (-0.025667, 0.133000, 0.000000),
            (-0.021000, 0.133000, 0.000000), (-0.016333, 0.133000, 0.000000), (-0.011667, 0.133000, 0.000000),
            (-0.007000, 0.133000, 0.000000), (-0.002333, 0.133000, 0.000000), (0.002333, 0.133000, 0.000000),
            (0.007000, 0.133000, 0.000000), (0.011667, 0.133000, 0.000000), (0.016333, 0.133000, 0.000000),
            (0.021000, 0.133000, 0.000000), (0.025667, 0.133000, 0.000000), (0.030333, 0.133000, 0.000000),
            (0.035000, 0.133000, 0.000000), (0.039667, 0.133000, 0.000000), (0.044333, 0.133000, 0.000000),
            (0.049000, 0.133000, 0.000000), (0.053667, 0.133000, 0.000000), (0.058333, 0.133000, 0.000000),
            (0.063000, 0.133000, 0.000000), (0.067667, 0.133000, 0.000000), (0.072333, 0.133000, 0.000000),
            (0.077000, 0.133000, 0.000000), (0.081667, 0.133000, 0.000000), (0.086333, 0.133000, 0.000000),
            (0.091000, 0.133000, 0.000000), (0.095667, 0.133000, 0.000000), (0.100333, 0.133000, 0.000000),
            (0.105000, 0.133000, 0.000000), (0.109667, 0.133000, 0.000000), (0.114333, 0.133000, 0.000000),
            (0.119000, 0.133000, 0.000000), (0.123667, 0.133000, 0.000000), (0.128333, 0.133000, 0.000000),
            (0.133000, 0.133000, 0.000000), (0.137667, 0.133000, 0.000000), (0.142333, 0.133000, 0.000000),
            (0.147000, 0.133000, 0.000000), (0.151667, 0.133000, 0.000000), (0.156333, 0.133000, 0.000000),
            (0.161000, 0.133000, 0.000000), (0.165667, 0.133000, 0.000000), (0.170333, 0.133000, 0.000000),
            (0.175000, 0.133000, 0.000000), (-0.175000, 0.137667, 0.000000), (-0.170333, 0.137667, 0.000000),
            (-0.165667, 0.137667, 0.000000), (-0.161000, 0.137667, 0.000000), (-0.156333, 0.137667, 0.000000),
            (-0.151667, 0.137667, 0.000000), (-0.147000, 0.137667, 0.000000), (-0.142333, 0.137667, 0.000000),
            (-0.137667, 0.137667, 0.000000), (-0.133000, 0.137667, 0.000000), (-0.128333, 0.137667, 0.000000),
            (-0.123667, 0.137667, 0.000000), (-0.119000, 0.137667, 0.000000), (-0.114333, 0.137667, 0.000000),
            (-0.109667, 0.137667, 0.000000), (-0.105000, 0.137667, 0.000000), (-0.100333, 0.137667, 0.000000),
            (-0.095667, 0.137667, 0.000000), (-0.091000, 0.137667, 0.000000), (-0.086333, 0.137667, 0.000000),
            (-0.081667, 0.137667, 0.000000), (-0.077000, 0.137667, 0.000000), (-0.072333, 0.137667, 0.000000),
            (-0.067667, 0.137667, 0.000000), (-0.063000, 0.137667, 0.000000), (-0.058333, 0.137667, 0.000000),
            (-0.053667, 0.137667, 0.000000), (-0.049000, 0.137667, 0.000000), (-0.044333, 0.137667, 0.000000),
            (-0.039667, 0.137667, 0.000000), (-0.035000, 0.137667, 0.000000), (-0.030333, 0.137667, 0.000000),
            (-0.025667, 0.137667, 0.000000), (-0.021000, 0.137667, 0.000000), (-0.016333, 0.137667, 0.000000),
            (-0.011667, 0.137667, 0.000000), (-0.007000, 0.137667, 0.000000), (-0.002333, 0.137667, 0.000000),
            (0.002333, 0.137667, 0.000000), (0.007000, 0.137667, 0.000000), (0.011667, 0.137667, 0.000000),
            (0.016333, 0.137667, 0.000000), (0.021000, 0.137667, 0.000000), (0.025667, 0.137667, 0.000000),
            (0.030333, 0.137667, 0.000000), (0.035000, 0.137667, 0.000000), (0.039667, 0.137667, 0.000000),
            (0.044333, 0.137667, 0.000000), (0.049000, 0.137667, 0.000000), (0.053667, 0.137667, 0.000000),
            (0.058333, 0.137667, 0.000000), (0.063000, 0.137667, 0.000000), (0.067667, 0.137667, 0.000000),
            (0.072333, 0.137667, 0.000000), (0.077000, 0.137667, 0.000000), (0.081667, 0.137667, 0.000000),
            (0.086333, 0.137667, 0.000000), (0.091000, 0.137667, 0.000000), (0.095667, 0.137667, 0.000000),
            (0.100333, 0.137667, 0.000000), (0.105000, 0.137667, 0.000000), (0.109667, 0.137667, 0.000000),
            (0.114333, 0.137667, 0.000000), (0.119000, 0.137667, 0.000000), (0.123667, 0.137667, 0.000000),
            (0.128333, 0.137667, 0.000000), (0.133000, 0.137667, 0.000000), (0.137667, 0.137667, 0.000000),
            (0.142333, 0.137667, 0.000000), (0.147000, 0.137667, 0.000000), (0.151667, 0.137667, 0.000000),
            (0.156333, 0.137667, 0.000000), (0.161000, 0.137667, 0.000000), (0.165667, 0.137667, 0.000000),
            (0.170333, 0.137667, 0.000000), (0.175000, 0.137667, 0.000000), (-0.175000, 0.142333, 0.000000),
            (-0.170333, 0.142333, 0.000000), (-0.165667, 0.142333, 0.000000), (-0.161000, 0.142333, 0.000000),
            (-0.156333, 0.142333, 0.000000), (-0.151667, 0.142333, 0.000000), (-0.147000, 0.142333, 0.000000),
            (-0.142333, 0.142333, 0.000000), (-0.137667, 0.142333, 0.000000), (-0.133000, 0.142333, 0.000000),
            (-0.128333, 0.142333, 0.000000), (-0.123667, 0.142333, 0.000000), (-0.119000, 0.142333, 0.000000),
            (-0.114333, 0.142333, 0.000000), (-0.109667, 0.142333, 0.000000), (-0.105000, 0.142333, 0.000000),
            (-0.100333, 0.142333, 0.000000), (-0.095667, 0.142333, 0.000000), (-0.091000, 0.142333, 0.000000),
            (-0.086333, 0.142333, 0.000000), (-0.081667, 0.142333, 0.000000), (-0.077000, 0.142333, 0.000000),
            (-0.072333, 0.142333, 0.000000), (-0.067667, 0.142333, 0.000000), (-0.063000, 0.142333, 0.000000),
            (-0.058333, 0.142333, 0.000000), (-0.053667, 0.142333, 0.000000), (-0.049000, 0.142333, 0.000000),
            (-0.044333, 0.142333, 0.000000), (-0.039667, 0.142333, 0.000000), (-0.035000, 0.142333, 0.000000),
            (-0.030333, 0.142333, 0.000000), (-0.025667, 0.142333, 0.000000), (-0.021000, 0.142333, 0.000000),
            (-0.016333, 0.142333, 0.000000), (-0.011667, 0.142333, 0.000000), (-0.007000, 0.142333, 0.000000),
            (-0.002333, 0.142333, 0.000000), (0.002333, 0.142333, 0.000000), (0.007000, 0.142333, 0.000000),
            (0.011667, 0.142333, 0.000000), (0.016333, 0.142333, 0.000000), (0.021000, 0.142333, 0.000000),
            (0.025667, 0.142333, 0.000000), (0.030333, 0.142333, 0.000000), (0.035000, 0.142333, 0.000000),
            (0.039667, 0.142333, 0.000000), (0.044333, 0.142333, 0.000000), (0.049000, 0.142333, 0.000000),
            (0.053667, 0.142333, 0.000000), (0.058333, 0.142333, 0.000000), (0.063000, 0.142333, 0.000000),
            (0.067667, 0.142333, 0.000000), (0.072333, 0.142333, 0.000000), (0.077000, 0.142333, 0.000000),
            (0.081667, 0.142333, 0.000000), (0.086333, 0.142333, 0.000000), (0.091000, 0.142333, 0.000000),
            (0.095667, 0.142333, 0.000000), (0.100333, 0.142333, 0.000000), (0.105000, 0.142333, 0.000000),
            (0.109667, 0.142333, 0.000000), (0.114333, 0.142333, 0.000000), (0.119000, 0.142333, 0.000000),
            (0.123667, 0.142333, 0.000000), (0.128333, 0.142333, 0.000000), (0.133000, 0.142333, 0.000000),
            (0.137667, 0.142333, 0.000000), (0.142333, 0.142333, 0.000000), (0.147000, 0.142333, 0.000000),
            (0.151667, 0.142333, 0.000000), (0.156333, 0.142333, 0.000000), (0.161000, 0.142333, 0.000000),
            (0.165667, 0.142333, 0.000000), (0.170333, 0.142333, 0.000000), (0.175000, 0.142333, 0.000000),
            (-0.175000, 0.147000, 0.000000), (-0.170333, 0.147000, 0.000000), (-0.165667, 0.147000, 0.000000),
            (-0.161000, 0.147000, 0.000000), (-0.156333, 0.147000, 0.000000), (-0.151667, 0.147000, 0.000000),
            (-0.147000, 0.147000, 0.000000), (-0.142333, 0.147000, 0.000000), (-0.137667, 0.147000, 0.000000),
            (-0.133000, 0.147000, 0.000000), (-0.128333, 0.147000, 0.000000), (-0.123667, 0.147000, 0.000000),
            (-0.119000, 0.147000, 0.000000), (-0.114333, 0.147000, 0.000000), (-0.109667, 0.147000, 0.000000),
            (-0.105000, 0.147000, 0.000000), (-0.100333, 0.147000, 0.000000), (-0.095667, 0.147000, 0.000000),
            (-0.091000, 0.147000, 0.000000), (-0.086333, 0.147000, 0.000000), (-0.081667, 0.147000, 0.000000),
            (-0.077000, 0.147000, 0.000000), (-0.072333, 0.147000, 0.000000), (-0.067667, 0.147000, 0.000000),
            (-0.063000, 0.147000, 0.000000), (-0.058333, 0.147000, 0.000000), (-0.053667, 0.147000, 0.000000),
            (-0.049000, 0.147000, 0.000000), (-0.044333, 0.147000, 0.000000), (-0.039667, 0.147000, 0.000000),
            (-0.035000, 0.147000, 0.000000), (-0.030333, 0.147000, 0.000000), (-0.025667, 0.147000, 0.000000),
            (-0.021000, 0.147000, 0.000000), (-0.016333, 0.147000, 0.000000), (-0.011667, 0.147000, 0.000000),
            (-0.007000, 0.147000, 0.000000), (-0.002333, 0.147000, 0.000000), (0.002333, 0.147000, 0.000000),
            (0.007000, 0.147000, 0.000000), (0.011667, 0.147000, 0.000000), (0.016333, 0.147000, 0.000000),
            (0.021000, 0.147000, 0.000000), (0.025667, 0.147000, 0.000000), (0.030333, 0.147000, 0.000000),
            (0.035000, 0.147000, 0.000000), (0.039667, 0.147000, 0.000000), (0.044333, 0.147000, 0.000000),
            (0.049000, 0.147000, 0.000000), (0.053667, 0.147000, 0.000000), (0.058333, 0.147000, 0.000000),
            (0.063000, 0.147000, 0.000000), (0.067667, 0.147000, 0.000000), (0.072333, 0.147000, 0.000000),
            (0.077000, 0.147000, 0.000000), (0.081667, 0.147000, 0.000000), (0.086333, 0.147000, 0.000000),
            (0.091000, 0.147000, 0.000000), (0.095667, 0.147000, 0.000000), (0.100333, 0.147000, 0.000000),
            (0.105000, 0.147000, 0.000000), (0.109667, 0.147000, 0.000000), (0.114333, 0.147000, 0.000000),
            (0.119000, 0.147000, 0.000000), (0.123667, 0.147000, 0.000000), (0.128333, 0.147000, 0.000000),
            (0.133000, 0.147000, 0.000000), (0.137667, 0.147000, 0.000000), (0.142333, 0.147000, 0.000000),
            (0.147000, 0.147000, 0.000000), (0.151667, 0.147000, 0.000000), (0.156333, 0.147000, 0.000000),
            (0.161000, 0.147000, 0.000000), (0.165667, 0.147000, 0.000000), (0.170333, 0.147000, 0.000000),
            (0.175000, 0.147000, 0.000000), (-0.175000, 0.151667, 0.000000), (-0.170333, 0.151667, 0.000000),
            (-0.165667, 0.151667, 0.000000), (-0.161000, 0.151667, 0.000000), (-0.156333, 0.151667, 0.000000),
            (-0.151667, 0.151667, 0.000000), (-0.147000, 0.151667, 0.000000), (-0.142333, 0.151667, 0.000000),
            (-0.137667, 0.151667, 0.000000), (-0.133000, 0.151667, 0.000000), (-0.128333, 0.151667, 0.000000),
            (-0.123667, 0.151667, 0.000000), (-0.119000, 0.151667, 0.000000), (-0.114333, 0.151667, 0.000000),
            (-0.109667, 0.151667, 0.000000), (-0.105000, 0.151667, 0.000000), (-0.100333, 0.151667, 0.000000),
            (-0.095667, 0.151667, 0.000000), (-0.091000, 0.151667, 0.000000), (-0.086333, 0.151667, 0.000000),
            (-0.081667, 0.151667, 0.000000), (-0.077000, 0.151667, 0.000000), (-0.072333, 0.151667, 0.000000),
            (-0.067667, 0.151667, 0.000000), (-0.063000, 0.151667, 0.000000), (-0.058333, 0.151667, 0.000000),
            (-0.053667, 0.151667, 0.000000), (-0.049000, 0.151667, 0.000000), (-0.044333, 0.151667, 0.000000),
            (-0.039667, 0.151667, 0.000000), (-0.035000, 0.151667, 0.000000), (-0.030333, 0.151667, 0.000000),
            (-0.025667, 0.151667, 0.000000), (-0.021000, 0.151667, 0.000000), (-0.016333, 0.151667, 0.000000),
            (-0.011667, 0.151667, 0.000000), (-0.007000, 0.151667, 0.000000), (-0.002333, 0.151667, 0.000000),
            (0.002333, 0.151667, 0.000000), (0.007000, 0.151667, 0.000000), (0.011667, 0.151667, 0.000000),
            (0.016333, 0.151667, 0.000000), (0.021000, 0.151667, 0.000000), (0.025667, 0.151667, 0.000000),
            (0.030333, 0.151667, 0.000000), (0.035000, 0.151667, 0.000000), (0.039667, 0.151667, 0.000000),
            (0.044333, 0.151667, 0.000000), (0.049000, 0.151667, 0.000000), (0.053667, 0.151667, 0.000000),
            (0.058333, 0.151667, 0.000000), (0.063000, 0.151667, 0.000000), (0.067667, 0.151667, 0.000000),
            (0.072333, 0.151667, 0.000000), (0.077000, 0.151667, 0.000000), (0.081667, 0.151667, 0.000000),
            (0.086333, 0.151667, 0.000000), (0.091000, 0.151667, 0.000000), (0.095667, 0.151667, 0.000000),
            (0.100333, 0.151667, 0.000000), (0.105000, 0.151667, 0.000000), (0.109667, 0.151667, 0.000000),
            (0.114333, 0.151667, 0.000000), (0.119000, 0.151667, 0.000000), (0.123667, 0.151667, 0.000000),
            (0.128333, 0.151667, 0.000000), (0.133000, 0.151667, 0.000000), (0.137667, 0.151667, 0.000000),
            (0.142333, 0.151667, 0.000000), (0.147000, 0.151667, 0.000000), (0.151667, 0.151667, 0.000000),
            (0.156333, 0.151667, 0.000000), (0.161000, 0.151667, 0.000000), (0.165667, 0.151667, 0.000000),
            (0.170333, 0.151667, 0.000000), (0.175000, 0.151667, 0.000000), (-0.175000, 0.156333, 0.000000),
            (-0.170333, 0.156333, 0.000000), (-0.165667, 0.156333, 0.000000), (-0.161000, 0.156333, 0.000000),
            (-0.156333, 0.156333, 0.000000), (-0.151667, 0.156333, 0.000000), (-0.147000, 0.156333, 0.000000),
            (-0.142333, 0.156333, 0.000000), (-0.137667, 0.156333, 0.000000), (-0.133000, 0.156333, 0.000000),
            (-0.128333, 0.156333, 0.000000), (-0.123667, 0.156333, 0.000000), (-0.119000, 0.156333, 0.000000),
            (-0.114333, 0.156333, 0.000000), (-0.109667, 0.156333, 0.000000), (-0.105000, 0.156333, 0.000000),
            (-0.100333, 0.156333, 0.000000), (-0.095667, 0.156333, 0.000000), (-0.091000, 0.156333, 0.000000),
            (-0.086333, 0.156333, 0.000000), (-0.081667, 0.156333, 0.000000), (-0.077000, 0.156333, 0.000000),
            (-0.072333, 0.156333, 0.000000), (-0.067667, 0.156333, 0.000000), (-0.063000, 0.156333, 0.000000),
            (-0.058333, 0.156333, 0.000000), (-0.053667, 0.156333, 0.000000), (-0.049000, 0.156333, 0.000000),
            (-0.044333, 0.156333, 0.000000), (-0.039667, 0.156333, 0.000000), (-0.035000, 0.156333, 0.000000),
            (-0.030333, 0.156333, 0.000000), (-0.025667, 0.156333, 0.000000), (-0.021000, 0.156333, 0.000000),
            (-0.016333, 0.156333, 0.000000), (-0.011667, 0.156333, 0.000000), (-0.007000, 0.156333, 0.000000),
            (-0.002333, 0.156333, 0.000000), (0.002333, 0.156333, 0.000000), (0.007000, 0.156333, 0.000000),
            (0.011667, 0.156333, 0.000000), (0.016333, 0.156333, 0.000000), (0.021000, 0.156333, 0.000000),
            (0.025667, 0.156333, 0.000000), (0.030333, 0.156333, 0.000000), (0.035000, 0.156333, 0.000000),
            (0.039667, 0.156333, 0.000000), (0.044333, 0.156333, 0.000000), (0.049000, 0.156333, 0.000000),
            (0.053667, 0.156333, 0.000000), (0.058333, 0.156333, 0.000000), (0.063000, 0.156333, 0.000000),
            (0.067667, 0.156333, 0.000000), (0.072333, 0.156333, 0.000000), (0.077000, 0.156333, 0.000000),
            (0.081667, 0.156333, 0.000000), (0.086333, 0.156333, 0.000000), (0.091000, 0.156333, 0.000000),
            (0.095667, 0.156333, 0.000000), (0.100333, 0.156333, 0.000000), (0.105000, 0.156333, 0.000000),
            (0.109667, 0.156333, 0.000000), (0.114333, 0.156333, 0.000000), (0.119000, 0.156333, 0.000000),
            (0.123667, 0.156333, 0.000000), (0.128333, 0.156333, 0.000000), (0.133000, 0.156333, 0.000000),
            (0.137667, 0.156333, 0.000000), (0.142333, 0.156333, 0.000000), (0.147000, 0.156333, 0.000000),
            (0.151667, 0.156333, 0.000000), (0.156333, 0.156333, 0.000000), (0.161000, 0.156333, 0.000000),
            (0.165667, 0.156333, 0.000000), (0.170333, 0.156333, 0.000000), (0.175000, 0.156333, 0.000000),
            (-0.175000, 0.161000, 0.000000), (-0.170333, 0.161000, 0.000000), (-0.165667, 0.161000, 0.000000),
            (-0.161000, 0.161000, 0.000000), (-0.156333, 0.161000, 0.000000), (-0.151667, 0.161000, 0.000000),
            (-0.147000, 0.161000, 0.000000), (-0.142333, 0.161000, 0.000000), (-0.137667, 0.161000, 0.000000),
            (-0.133000, 0.161000, 0.000000), (-0.128333, 0.161000, 0.000000), (-0.123667, 0.161000, 0.000000),
            (-0.119000, 0.161000, 0.000000), (-0.114333, 0.161000, 0.000000), (-0.109667, 0.161000, 0.000000),
            (-0.105000, 0.161000, 0.000000), (-0.100333, 0.161000, 0.000000), (-0.095667, 0.161000, 0.000000),
            (-0.091000, 0.161000, 0.000000), (-0.086333, 0.161000, 0.000000), (-0.081667, 0.161000, 0.000000),
            (-0.077000, 0.161000, 0.000000), (-0.072333, 0.161000, 0.000000), (-0.067667, 0.161000, 0.000000),
            (-0.063000, 0.161000, 0.000000), (-0.058333, 0.161000, 0.000000), (-0.053667, 0.161000, 0.000000),
            (-0.049000, 0.161000, 0.000000), (-0.044333, 0.161000, 0.000000), (-0.039667, 0.161000, 0.000000),
            (-0.035000, 0.161000, 0.000000), (-0.030333, 0.161000, 0.000000), (-0.025667, 0.161000, 0.000000),
            (-0.021000, 0.161000, 0.000000), (-0.016333, 0.161000, 0.000000), (-0.011667, 0.161000, 0.000000),
            (-0.007000, 0.161000, 0.000000), (-0.002333, 0.161000, 0.000000), (0.002333, 0.161000, 0.000000),
            (0.007000, 0.161000, 0.000000), (0.011667, 0.161000, 0.000000), (0.016333, 0.161000, 0.000000),
            (0.021000, 0.161000, 0.000000), (0.025667, 0.161000, 0.000000), (0.030333, 0.161000, 0.000000),
            (0.035000, 0.161000, 0.000000), (0.039667, 0.161000, 0.000000), (0.044333, 0.161000, 0.000000),
            (0.049000, 0.161000, 0.000000), (0.053667, 0.161000, 0.000000), (0.058333, 0.161000, 0.000000),
            (0.063000, 0.161000, 0.000000), (0.067667, 0.161000, 0.000000), (0.072333, 0.161000, 0.000000),
            (0.077000, 0.161000, 0.000000), (0.081667, 0.161000, 0.000000), (0.086333, 0.161000, 0.000000),
            (0.091000, 0.161000, 0.000000), (0.095667, 0.161000, 0.000000), (0.100333, 0.161000, 0.000000),
            (0.105000, 0.161000, 0.000000), (0.109667, 0.161000, 0.000000), (0.114333, 0.161000, 0.000000),
            (0.119000, 0.161000, 0.000000), (0.123667, 0.161000, 0.000000), (0.128333, 0.161000, 0.000000),
            (0.133000, 0.161000, 0.000000), (0.137667, 0.161000, 0.000000), (0.142333, 0.161000, 0.000000),
            (0.147000, 0.161000, 0.000000), (0.151667, 0.161000, 0.000000), (0.156333, 0.161000, 0.000000),
            (0.161000, 0.161000, 0.000000), (0.165667, 0.161000, 0.000000), (0.170333, 0.161000, 0.000000),
            (0.175000, 0.161000, 0.000000), (-0.175000, 0.165667, 0.000000), (-0.170333, 0.165667, 0.000000),
            (-0.165667, 0.165667, 0.000000), (-0.161000, 0.165667, 0.000000), (-0.156333, 0.165667, 0.000000),
            (-0.151667, 0.165667, 0.000000), (-0.147000, 0.165667, 0.000000), (-0.142333, 0.165667, 0.000000),
            (-0.137667, 0.165667, 0.000000), (-0.133000, 0.165667, 0.000000), (-0.128333, 0.165667, 0.000000),
            (-0.123667, 0.165667, 0.000000), (-0.119000, 0.165667, 0.000000), (-0.114333, 0.165667, 0.000000),
            (-0.109667, 0.165667, 0.000000), (-0.105000, 0.165667, 0.000000), (-0.100333, 0.165667, 0.000000),
            (-0.095667, 0.165667, 0.000000), (-0.091000, 0.165667, 0.000000), (-0.086333, 0.165667, 0.000000),
            (-0.081667, 0.165667, 0.000000), (-0.077000, 0.165667, 0.000000), (-0.072333, 0.165667, 0.000000),
            (-0.067667, 0.165667, 0.000000), (-0.063000, 0.165667, 0.000000), (-0.058333, 0.165667, 0.000000),
            (-0.053667, 0.165667, 0.000000), (-0.049000, 0.165667, 0.000000), (-0.044333, 0.165667, 0.000000),
            (-0.039667, 0.165667, 0.000000), (-0.035000, 0.165667, 0.000000), (-0.030333, 0.165667, 0.000000),
            (-0.025667, 0.165667, 0.000000), (-0.021000, 0.165667, 0.000000), (-0.016333, 0.165667, 0.000000),
            (-0.011667, 0.165667, 0.000000), (-0.007000, 0.165667, 0.000000), (-0.002333, 0.165667, 0.000000),
            (0.002333, 0.165667, 0.000000), (0.007000, 0.165667, 0.000000), (0.011667, 0.165667, 0.000000),
            (0.016333, 0.165667, 0.000000), (0.021000, 0.165667, 0.000000), (0.025667, 0.165667, 0.000000),
            (0.030333, 0.165667, 0.000000), (0.035000, 0.165667, 0.000000), (0.039667, 0.165667, 0.000000),
            (0.044333, 0.165667, 0.000000), (0.049000, 0.165667, 0.000000), (0.053667, 0.165667, 0.000000),
            (0.058333, 0.165667, 0.000000), (0.063000, 0.165667, 0.000000), (0.067667, 0.165667, 0.000000),
            (0.072333, 0.165667, 0.000000), (0.077000, 0.165667, 0.000000), (0.081667, 0.165667, 0.000000),
            (0.086333, 0.165667, 0.000000), (0.091000, 0.165667, 0.000000), (0.095667, 0.165667, 0.000000),
            (0.100333, 0.165667, 0.000000), (0.105000, 0.165667, 0.000000), (0.109667, 0.165667, 0.000000),
            (0.114333, 0.165667, 0.000000), (0.119000, 0.165667, 0.000000), (0.123667, 0.165667, 0.000000),
            (0.128333, 0.165667, 0.000000), (0.133000, 0.165667, 0.000000), (0.137667, 0.165667, 0.000000),
            (0.142333, 0.165667, 0.000000), (0.147000, 0.165667, 0.000000), (0.151667, 0.165667, 0.000000),
            (0.156333, 0.165667, 0.000000), (0.161000, 0.165667, 0.000000), (0.165667, 0.165667, 0.000000),
            (0.170333, 0.165667, 0.000000), (0.175000, 0.165667, 0.000000), (-0.175000, 0.170333, 0.000000),
            (-0.170333, 0.170333, 0.000000), (-0.165667, 0.170333, 0.000000), (-0.161000, 0.170333, 0.000000),
            (-0.156333, 0.170333, 0.000000), (-0.151667, 0.170333, 0.000000), (-0.147000, 0.170333, 0.000000),
            (-0.142333, 0.170333, 0.000000), (-0.137667, 0.170333, 0.000000), (-0.133000, 0.170333, 0.000000),
            (-0.128333, 0.170333, 0.000000), (-0.123667, 0.170333, 0.000000), (-0.119000, 0.170333, 0.000000),
            (-0.114333, 0.170333, 0.000000), (-0.109667, 0.170333, 0.000000), (-0.105000, 0.170333, 0.000000),
            (-0.100333, 0.170333, 0.000000), (-0.095667, 0.170333, 0.000000), (-0.091000, 0.170333, 0.000000),
            (-0.086333, 0.170333, 0.000000), (-0.081667, 0.170333, 0.000000), (-0.077000, 0.170333, 0.000000),
            (-0.072333, 0.170333, 0.000000), (-0.067667, 0.170333, 0.000000), (-0.063000, 0.170333, 0.000000),
            (-0.058333, 0.170333, 0.000000), (-0.053667, 0.170333, 0.000000), (-0.049000, 0.170333, 0.000000),
            (-0.044333, 0.170333, 0.000000), (-0.039667, 0.170333, 0.000000), (-0.035000, 0.170333, 0.000000),
            (-0.030333, 0.170333, 0.000000), (-0.025667, 0.170333, 0.000000), (-0.021000, 0.170333, 0.000000),
            (-0.016333, 0.170333, 0.000000), (-0.011667, 0.170333, 0.000000), (-0.007000, 0.170333, 0.000000),
            (-0.002333, 0.170333, 0.000000), (0.002333, 0.170333, 0.000000), (0.007000, 0.170333, 0.000000),
            (0.011667, 0.170333, 0.000000), (0.016333, 0.170333, 0.000000), (0.021000, 0.170333, 0.000000),
            (0.025667, 0.170333, 0.000000), (0.030333, 0.170333, 0.000000), (0.035000, 0.170333, 0.000000),
            (0.039667, 0.170333, 0.000000), (0.044333, 0.170333, 0.000000), (0.049000, 0.170333, 0.000000),
            (0.053667, 0.170333, 0.000000), (0.058333, 0.170333, 0.000000), (0.063000, 0.170333, 0.000000),
            (0.067667, 0.170333, 0.000000), (0.072333, 0.170333, 0.000000), (0.077000, 0.170333, 0.000000),
            (0.081667, 0.170333, 0.000000), (0.086333, 0.170333, 0.000000), (0.091000, 0.170333, 0.000000),
            (0.095667, 0.170333, 0.000000), (0.100333, 0.170333, 0.000000), (0.105000, 0.170333, 0.000000),
            (0.109667, 0.170333, 0.000000), (0.114333, 0.170333, 0.000000), (0.119000, 0.170333, 0.000000),
            (0.123667, 0.170333, 0.000000), (0.128333, 0.170333, 0.000000), (0.133000, 0.170333, 0.000000),
            (0.137667, 0.170333, 0.000000), (0.142333, 0.170333, 0.000000), (0.147000, 0.170333, 0.000000),
            (0.151667, 0.170333, 0.000000), (0.156333, 0.170333, 0.000000), (0.161000, 0.170333, 0.000000),
            (0.165667, 0.170333, 0.000000), (0.170333, 0.170333, 0.000000), (0.175000, 0.170333, 0.000000),
            (-0.175000, 0.175000, 0.000000), (-0.170333, 0.175000, 0.000000), (-0.165667, 0.175000, 0.000000),
            (-0.161000, 0.175000, 0.000000), (-0.156333, 0.175000, 0.000000), (-0.151667, 0.175000, 0.000000),
            (-0.147000, 0.175000, 0.000000), (-0.142333, 0.175000, 0.000000), (-0.137667, 0.175000, 0.000000),
            (-0.133000, 0.175000, 0.000000), (-0.128333, 0.175000, 0.000000), (-0.123667, 0.175000, 0.000000),
            (-0.119000, 0.175000, 0.000000), (-0.114333, 0.175000, 0.000000), (-0.109667, 0.175000, 0.000000),
            (-0.105000, 0.175000, 0.000000), (-0.100333, 0.175000, 0.000000), (-0.095667, 0.175000, 0.000000),
            (-0.091000, 0.175000, 0.000000), (-0.086333, 0.175000, 0.000000), (-0.081667, 0.175000, 0.000000),
            (-0.077000, 0.175000, 0.000000), (-0.072333, 0.175000, 0.000000), (-0.067667, 0.175000, 0.000000),
            (-0.063000, 0.175000, 0.000000), (-0.058333, 0.175000, 0.000000), (-0.053667, 0.175000, 0.000000),
            (-0.049000, 0.175000, 0.000000), (-0.044333, 0.175000, 0.000000), (-0.039667, 0.175000, 0.000000),
            (-0.035000, 0.175000, 0.000000), (-0.030333, 0.175000, 0.000000), (-0.025667, 0.175000, 0.000000),
            (-0.021000, 0.175000, 0.000000), (-0.016333, 0.175000, 0.000000), (-0.011667, 0.175000, 0.000000),
            (-0.007000, 0.175000, 0.000000), (-0.002333, 0.175000, 0.000000), (0.002333, 0.175000, 0.000000),
            (0.007000, 0.175000, 0.000000), (0.011667, 0.175000, 0.000000), (0.016333, 0.175000, 0.000000),
            (0.021000, 0.175000, 0.000000), (0.025667, 0.175000, 0.000000), (0.030333, 0.175000, 0.000000),
            (0.035000, 0.175000, 0.000000), (0.039667, 0.175000, 0.000000), (0.044333, 0.175000, 0.000000),
            (0.049000, 0.175000, 0.000000), (0.053667, 0.175000, 0.000000), (0.058333, 0.175000, 0.000000),
            (0.063000, 0.175000, 0.000000), (0.067667, 0.175000, 0.000000), (0.072333, 0.175000, 0.000000),
            (0.077000, 0.175000, 0.000000), (0.081667, 0.175000, 0.000000), (0.086333, 0.175000, 0.000000),
            (0.091000, 0.175000, 0.000000), (0.095667, 0.175000, 0.000000), (0.100333, 0.175000, 0.000000),
            (0.105000, 0.175000, 0.000000), (0.109667, 0.175000, 0.000000), (0.114333, 0.175000, 0.000000),
            (0.119000, 0.175000, 0.000000), (0.123667, 0.175000, 0.000000), (0.128333, 0.175000, 0.000000),
            (0.133000, 0.175000, 0.000000), (0.137667, 0.175000, 0.000000), (0.142333, 0.175000, 0.000000),
            (0.147000, 0.175000, 0.000000), (0.151667, 0.175000, 0.000000), (0.156333, 0.175000, 0.000000),
            (0.161000, 0.175000, 0.000000), (0.165667, 0.175000, 0.000000), (0.170333, 0.175000, 0.000000),
            (0.175000, 0.175000, 0.000000)
        ]
        int[] faceVertexCounts = [
            3, 3, 3, 3, 3, 3, 3, 3, 3, 3, 3, 3, 3, 3, 3, 3, 3, 3, 3, 3, 3, 3, 3, 3,
            3, 3, 3, 3, 3, 3, 3, 3, 3, 3, 3, 3, 3, 3, 3, 3, 3, 3, 3, 3, 3, 3, 3, 3,
            3, 3, 3, 3, 3, 3, 3, 3, 3, 3, 3, 3, 3, 3, 3, 3, 3, 3, 3, 3, 3, 3, 3, 3,
            3, 3, 3, 3, 3, 3, 3, 3, 3, 3, 3, 3, 3, 3, 3, 3, 3, 3, 3, 3, 3, 3, 3, 3,
            3, 3, 3, 3, 3, 3, 3, 3, 3, 3, 3, 3, 3, 3, 3, 3, 3, 3, 3, 3, 3, 3, 3, 3,
            3, 3, 3, 3, 3, 3, 3, 3, 3, 3, 3, 3, 3, 3, 3, 3, 3, 3, 3, 3, 3, 3, 3, 3,
            3, 3, 3, 3, 3, 3, 3, 3, 3, 3, 3, 3, 3, 3, 3, 3, 3, 3, 3, 3, 3, 3, 3, 3,
            3, 3, 3, 3, 3, 3, 3, 3, 3, 3, 3, 3, 3, 3, 3, 3, 3, 3, 3, 3, 3, 3, 3, 3,
            3, 3, 3, 3, 3, 3, 3, 3, 3, 3, 3, 3, 3, 3, 3, 3, 3, 3, 3, 3, 3, 3, 3, 3,
            3, 3, 3, 3, 3, 3, 3, 3, 3, 3, 3, 3, 3, 3, 3, 3, 3, 3, 3, 3, 3, 3, 3, 3,
            3, 3, 3, 3, 3, 3, 3, 3, 3, 3, 3, 3, 3, 3, 3, 3, 3, 3, 3, 3, 3, 3, 3, 3,
            3, 3, 3, 3, 3, 3, 3, 3, 3, 3, 3, 3, 3, 3, 3, 3, 3, 3, 3, 3, 3, 3, 3, 3,
            3, 3, 3, 3, 3, 3, 3, 3, 3, 3, 3, 3, 3, 3, 3, 3, 3, 3, 3, 3, 3, 3, 3, 3,
            3, 3, 3, 3, 3, 3, 3, 3, 3, 3, 3, 3, 3, 3, 3, 3, 3, 3, 3, 3, 3, 3, 3, 3,
            3, 3, 3, 3, 3, 3, 3, 3, 3, 3, 3, 3, 3, 3, 3, 3, 3, 3, 3, 3, 3, 3, 3, 3,
            3, 3, 3, 3, 3, 3, 3, 3, 3, 3, 3, 3, 3, 3, 3, 3, 3, 3, 3, 3, 3, 3, 3, 3,
            3, 3, 3, 3, 3, 3, 3, 3, 3, 3, 3, 3, 3, 3, 3, 3, 3, 3, 3, 3, 3, 3, 3, 3,
            3, 3, 3, 3, 3, 3, 3, 3, 3, 3, 3, 3, 3, 3, 3, 3, 3, 3, 3, 3, 3, 3, 3, 3,
            3, 3, 3, 3, 3, 3, 3, 3, 3, 3, 3, 3, 3, 3, 3, 3, 3, 3, 3, 3, 3, 3, 3, 3,
            3, 3, 3, 3, 3, 3, 3, 3, 3, 3, 3, 3, 3, 3, 3, 3, 3, 3, 3, 3, 3, 3, 3, 3,
            3, 3, 3, 3, 3, 3, 3, 3, 3, 3, 3, 3, 3, 3, 3, 3, 3, 3, 3, 3, 3, 3, 3, 3,
            3, 3, 3, 3, 3, 3, 3, 3, 3, 3, 3, 3, 3, 3, 3, 3, 3, 3, 3, 3, 3, 3, 3, 3,
            3, 3, 3, 3, 3, 3, 3, 3, 3, 3, 3, 3, 3, 3, 3, 3, 3, 3, 3, 3, 3, 3, 3, 3,
            3, 3, 3, 3, 3, 3, 3, 3, 3, 3, 3, 3, 3, 3, 3, 3, 3, 3, 3, 3, 3, 3, 3, 3,
            3, 3, 3, 3, 3, 3, 3, 3, 3, 3, 3, 3, 3, 3, 3, 3, 3, 3, 3, 3, 3, 3, 3, 3,
            3, 3, 3, 3, 3, 3, 3, 3, 3, 3, 3, 3, 3, 3, 3, 3, 3, 3, 3, 3, 3, 3, 3, 3,
            3, 3, 3, 3, 3, 3, 3, 3, 3, 3, 3, 3, 3, 3, 3, 3, 3, 3, 3, 3, 3, 3, 3, 3,
            3, 3, 3, 3, 3, 3, 3, 3, 3, 3, 3, 3, 3, 3, 3, 3, 3, 3, 3, 3, 3, 3, 3, 3,
            3, 3, 3, 3, 3, 3, 3, 3, 3, 3, 3, 3, 3, 3, 3, 3, 3, 3, 3, 3, 3, 3, 3, 3,
            3, 3, 3, 3, 3, 3, 3, 3, 3, 3, 3, 3, 3, 3, 3, 3, 3, 3, 3, 3, 3, 3, 3, 3,
            3, 3, 3, 3, 3, 3, 3, 3, 3, 3, 3, 3, 3, 3, 3, 3, 3, 3, 3, 3, 3, 3, 3, 3,
            3, 3, 3, 3, 3, 3, 3, 3, 3, 3, 3, 3, 3, 3, 3, 3, 3, 3, 3, 3, 3, 3, 3, 3,
            3, 3, 3, 3, 3, 3, 3, 3, 3, 3, 3, 3, 3, 3, 3, 3, 3, 3, 3, 3, 3, 3, 3, 3,
            3, 3, 3, 3, 3, 3, 3, 3, 3, 3, 3, 3, 3, 3, 3, 3, 3, 3, 3, 3, 3, 3, 3, 3,
            3, 3, 3, 3, 3, 3, 3, 3, 3, 3, 3, 3, 3, 3, 3, 3, 3, 3, 3, 3, 3, 3, 3, 3,
            3, 3, 3, 3, 3, 3, 3, 3, 3, 3, 3, 3, 3, 3, 3, 3, 3, 3, 3, 3, 3, 3, 3, 3,
            3, 3, 3, 3, 3, 3, 3, 3, 3, 3, 3, 3, 3, 3, 3, 3, 3, 3, 3, 3, 3, 3, 3, 3,
            3, 3, 3, 3, 3, 3, 3, 3, 3, 3, 3, 3, 3, 3, 3, 3, 3, 3, 3, 3, 3, 3, 3, 3,
            3, 3, 3, 3, 3, 3, 3, 3, 3, 3, 3, 3, 3, 3, 3, 3, 3, 3, 3, 3, 3, 3, 3, 3,
            3, 3, 3, 3, 3, 3, 3, 3, 3, 3, 3, 3, 3, 3, 3, 3, 3, 3, 3, 3, 3, 3, 3, 3,
            3, 3, 3, 3, 3, 3, 3, 3, 3, 3, 3, 3, 3, 3, 3, 3, 3, 3, 3, 3, 3, 3, 3, 3,
            3, 3, 3, 3, 3, 3, 3, 3, 3, 3, 3, 3, 3, 3, 3, 3, 3, 3, 3, 3, 3, 3, 3, 3,
            3, 3, 3, 3, 3, 3, 3, 3, 3, 3, 3, 3, 3, 3, 3, 3, 3, 3, 3, 3, 3, 3, 3, 3,
            3, 3, 3, 3, 3, 3, 3, 3, 3, 3, 3, 3, 3, 3, 3, 3, 3, 3, 3, 3, 3, 3, 3, 3,
            3, 3, 3, 3, 3, 3, 3, 3, 3, 3, 3, 3, 3, 3, 3, 3, 3, 3, 3, 3, 3, 3, 3, 3,
            3, 3, 3, 3, 3, 3, 3, 3, 3, 3, 3, 3, 3, 3, 3, 3, 3, 3, 3, 3, 3, 3, 3, 3,
            3, 3, 3, 3, 3, 3, 3, 3, 3, 3, 3, 3, 3, 3, 3, 3, 3, 3, 3, 3, 3, 3, 3, 3,
            3, 3, 3, 3, 3, 3, 3, 3, 3, 3, 3, 3, 3, 3, 3, 3, 3, 3, 3, 3, 3, 3, 3, 3,
            3, 3, 3, 3, 3, 3, 3, 3, 3, 3, 3, 3, 3, 3, 3, 3, 3, 3, 3, 3, 3, 3, 3, 3,
            3, 3, 3, 3, 3, 3, 3, 3, 3, 3, 3, 3, 3, 3, 3, 3, 3, 3, 3, 3, 3, 3, 3, 3,
            3, 3, 3, 3, 3, 3, 3, 3, 3, 3, 3, 3, 3, 3, 3, 3, 3, 3, 3, 3, 3, 3, 3, 3,
            3, 3, 3, 3, 3, 3, 3, 3, 3, 3, 3, 3, 3, 3, 3, 3, 3, 3, 3, 3, 3, 3, 3, 3,
            3, 3, 3, 3, 3, 3, 3, 3, 3, 3, 3, 3, 3, 3, 3, 3, 3, 3, 3, 3, 3, 3, 3, 3,
            3, 3, 3, 3, 3, 3, 3, 3, 3, 3, 3, 3, 3, 3, 3, 3, 3, 3, 3, 3, 3, 3, 3, 3,
            3, 3, 3, 3, 3, 3, 3, 3, 3, 3, 3, 3, 3, 3, 3, 3, 3, 3, 3, 3, 3, 3, 3, 3,
            3, 3, 3, 3, 3, 3, 3, 3, 3, 3, 3, 3, 3, 3, 3, 3, 3, 3, 3, 3, 3, 3, 3, 3,
            3, 3, 3, 3, 3, 3, 3, 3, 3, 3, 3, 3, 3, 3, 3, 3, 3, 3, 3, 3, 3, 3, 3, 3,
            3, 3, 3, 3, 3, 3, 3, 3, 3, 3, 3, 3, 3, 3, 3, 3, 3, 3, 3, 3, 3, 3, 3, 3,
            3, 3, 3, 3, 3, 3, 3, 3, 3, 3, 3, 3, 3, 3, 3, 3, 3, 3, 3, 3, 3, 3, 3, 3,
            3, 3, 3, 3, 3, 3, 3, 3, 3, 3, 3, 3, 3, 3, 3, 3, 3, 3, 3, 3, 3, 3, 3, 3,
            3, 3, 3, 3, 3, 3, 3, 3, 3, 3, 3, 3, 3, 3, 3, 3, 3, 3, 3, 3, 3, 3, 3, 3,
            3, 3, 3, 3, 3, 3, 3, 3, 3, 3, 3, 3, 3, 3, 3, 3, 3, 3, 3, 3, 3, 3, 3, 3,
            3, 3, 3, 3, 3, 3, 3, 3, 3, 3, 3, 3, 3, 3, 3, 3, 3, 3, 3, 3, 3, 3, 3, 3,
            3, 3, 3, 3, 3, 3, 3, 3, 3, 3, 3, 3, 3, 3, 3, 3, 3, 3, 3, 3, 3, 3, 3, 3,
            3, 3, 3, 3, 3, 3, 3, 3, 3, 3, 3, 3, 3, 3, 3, 3, 3, 3, 3, 3, 3, 3, 3, 3,
            3, 3, 3, 3, 3, 3, 3, 3, 3, 3, 3, 3, 3, 3, 3, 3, 3, 3, 3, 3, 3, 3, 3, 3,
            3, 3, 3, 3, 3, 3, 3, 3, 3, 3, 3, 3, 3, 3, 3, 3, 3, 3, 3, 3, 3, 3, 3, 3,
            3, 3, 3, 3, 3, 3, 3, 3, 3, 3, 3, 3, 3, 3, 3, 3, 3, 3, 3, 3, 3, 3, 3, 3,
            3, 3, 3, 3, 3, 3, 3, 3, 3, 3, 3, 3, 3, 3, 3, 3, 3, 3, 3, 3, 3, 3, 3, 3,
            3, 3, 3, 3, 3, 3, 3, 3, 3, 3, 3, 3, 3, 3, 3, 3, 3, 3, 3, 3, 3, 3, 3, 3,
            3, 3, 3, 3, 3, 3, 3, 3, 3, 3, 3, 3, 3, 3, 3, 3, 3, 3, 3, 3, 3, 3, 3, 3,
            3, 3, 3, 3, 3, 3, 3, 3, 3, 3, 3, 3, 3, 3, 3, 3, 3, 3, 3, 3, 3, 3, 3, 3,
            3, 3, 3, 3, 3, 3, 3, 3, 3, 3, 3, 3, 3, 3, 3, 3, 3, 3, 3, 3, 3, 3, 3, 3,
            3, 3, 3, 3, 3, 3, 3, 3, 3, 3, 3, 3, 3, 3, 3, 3, 3, 3, 3, 3, 3, 3, 3, 3,
            3, 3, 3, 3, 3, 3, 3, 3, 3, 3, 3, 3, 3, 3, 3, 3, 3, 3, 3, 3, 3, 3, 3, 3,
            3, 3, 3, 3, 3, 3, 3, 3, 3, 3, 3, 3, 3, 3, 3, 3, 3, 3, 3, 3, 3, 3, 3, 3,
            3, 3, 3, 3, 3, 3, 3, 3, 3, 3, 3, 3, 3, 3, 3, 3, 3, 3, 3, 3, 3, 3, 3, 3,
            3, 3, 3, 3, 3, 3, 3, 3, 3, 3, 3, 3, 3, 3, 3, 3, 3, 3, 3, 3, 3, 3, 3, 3,
            3, 3, 3, 3, 3, 3, 3, 3, 3, 3, 3, 3, 3, 3, 3, 3, 3, 3, 3, 3, 3, 3, 3, 3,
            3, 3, 3, 3, 3, 3, 3, 3, 3, 3, 3, 3, 3, 3, 3, 3, 3, 3, 3, 3, 3, 3, 3, 3,
            3, 3, 3, 3, 3, 3, 3, 3, 3, 3, 3, 3, 3, 3, 3, 3, 3, 3, 3, 3, 3, 3, 3, 3,
            3, 3, 3, 3, 3, 3, 3, 3, 3, 3, 3, 3, 3, 3, 3, 3, 3, 3, 3, 3, 3, 3, 3, 3,
            3, 3, 3, 3, 3, 3, 3, 3, 3, 3, 3, 3, 3, 3, 3, 3, 3, 3, 3, 3, 3, 3, 3, 3,
            3, 3, 3, 3, 3, 3, 3, 3, 3, 3, 3, 3, 3, 3, 3, 3, 3, 3, 3, 3, 3, 3, 3, 3,
            3, 3, 3, 3, 3, 3, 3, 3, 3, 3, 3, 3, 3, 3, 3, 3, 3, 3, 3, 3, 3, 3, 3, 3,
            3, 3, 3, 3, 3, 3, 3, 3, 3, 3, 3, 3, 3, 3, 3, 3, 3, 3, 3, 3, 3, 3, 3, 3,
            3, 3, 3, 3, 3, 3, 3, 3, 3, 3, 3, 3, 3, 3, 3, 3, 3, 3, 3, 3, 3, 3, 3, 3,
            3, 3, 3, 3, 3, 3, 3, 3, 3, 3, 3, 3, 3, 3, 3, 3, 3, 3, 3, 3, 3, 3, 3, 3,
            3, 3, 3, 3, 3, 3, 3, 3, 3, 3, 3, 3, 3, 3, 3, 3, 3, 3, 3, 3, 3, 3, 3, 3,
            3, 3, 3, 3, 3, 3, 3, 3, 3, 3, 3, 3, 3, 3, 3, 3, 3, 3, 3, 3, 3, 3, 3, 3,
            3, 3, 3, 3, 3, 3, 3, 3, 3, 3, 3, 3, 3, 3, 3, 3, 3, 3, 3, 3, 3, 3, 3, 3,
            3, 3, 3, 3, 3, 3, 3, 3, 3, 3, 3, 3, 3, 3, 3, 3, 3, 3, 3, 3, 3, 3, 3, 3,
            3, 3, 3, 3, 3, 3, 3, 3, 3, 3, 3, 3, 3, 3, 3, 3, 3, 3, 3, 3, 3, 3, 3, 3,
            3, 3, 3, 3, 3, 3, 3, 3, 3, 3, 3, 3, 3, 3, 3, 3, 3, 3, 3, 3, 3, 3, 3, 3,
            3, 3, 3, 3, 3, 3, 3, 3, 3, 3, 3, 3, 3, 3, 3, 3, 3, 3, 3, 3, 3, 3, 3, 3,
            3, 3, 3, 3, 3, 3, 3, 3, 3, 3, 3, 3, 3, 3, 3, 3, 3, 3, 3, 3, 3, 3, 3, 3,
            3, 3, 3, 3, 3, 3, 3, 3, 3, 3, 3, 3, 3, 3, 3, 3, 3, 3, 3, 3, 3, 3, 3, 3,
            3, 3, 3, 3, 3, 3, 3, 3, 3, 3, 3, 3, 3, 3, 3, 3, 3, 3, 3, 3, 3, 3, 3, 3,
            3, 3, 3, 3, 3, 3, 3, 3, 3, 3, 3, 3, 3, 3, 3, 3, 3, 3, 3, 3, 3, 3, 3, 3,
            3, 3, 3, 3, 3, 3, 3, 3, 3, 3, 3, 3, 3, 3, 3, 3, 3, 3, 3, 3, 3, 3, 3, 3,
            3, 3, 3, 3, 3, 3, 3, 3, 3, 3, 3, 3, 3, 3, 3, 3, 3, 3, 3, 3, 3, 3, 3, 3,
            3, 3, 3, 3, 3, 3, 3, 3, 3, 3, 3, 3, 3, 3, 3, 3, 3, 3, 3, 3, 3, 3, 3, 3,
            3, 3, 3, 3, 3, 3, 3, 3, 3, 3, 3, 3, 3, 3, 3, 3, 3, 3, 3, 3, 3, 3, 3, 3,
            3, 3, 3, 3, 3, 3, 3, 3, 3, 3, 3, 3, 3, 3, 3, 3, 3, 3, 3, 3, 3, 3, 3, 3,
            3, 3, 3, 3, 3, 3, 3, 3, 3, 3, 3, 3, 3, 3, 3, 3, 3, 3, 3, 3, 3, 3, 3, 3,
            3, 3, 3, 3, 3, 3, 3, 3, 3, 3, 3, 3, 3, 3, 3, 3, 3, 3, 3, 3, 3, 3, 3, 3,
            3, 3, 3, 3, 3, 3, 3, 3, 3, 3, 3, 3, 3, 3, 3, 3, 3, 3, 3, 3, 3, 3, 3, 3,
            3, 3, 3, 3, 3, 3, 3, 3, 3, 3, 3, 3, 3, 3, 3, 3, 3, 3, 3, 3, 3, 3, 3, 3,
            3, 3, 3, 3, 3, 3, 3, 3, 3, 3, 3, 3, 3, 3, 3, 3, 3, 3, 3, 3, 3, 3, 3, 3,
            3, 3, 3, 3, 3, 3, 3, 3, 3, 3, 3, 3, 3, 3, 3, 3, 3, 3, 3, 3, 3, 3, 3, 3,
            3, 3, 3, 3, 3, 3, 3, 3, 3, 3, 3, 3, 3, 3, 3, 3, 3, 3, 3, 3, 3, 3, 3, 3,
            3, 3, 3, 3, 3, 3, 3, 3, 3, 3, 3, 3, 3, 3, 3, 3, 3, 3, 3, 3, 3, 3, 3, 3,
            3, 3, 3, 3, 3, 3, 3, 3, 3, 3, 3, 3, 3, 3, 3, 3, 3, 3, 3, 3, 3, 3, 3, 3,
            3, 3, 3, 3, 3, 3, 3, 3, 3, 3, 3, 3, 3, 3, 3, 3, 3, 3, 3, 3, 3, 3, 3, 3,
            3, 3, 3, 3, 3, 3, 3, 3, 3, 3, 3, 3, 3, 3, 3, 3, 3, 3, 3, 3, 3, 3, 3, 3,
            3, 3, 3, 3, 3, 3, 3, 3, 3, 3, 3, 3, 3, 3, 3, 3, 3, 3, 3, 3, 3, 3, 3, 3,
            3, 3, 3, 3, 3, 3, 3, 3, 3, 3, 3, 3, 3, 3, 3, 3, 3, 3, 3, 3, 3, 3, 3, 3,
            3, 3, 3, 3, 3, 3, 3, 3, 3, 3, 3, 3, 3, 3, 3, 3, 3, 3, 3, 3, 3, 3, 3, 3,
            3, 3, 3, 3, 3, 3, 3, 3, 3, 3, 3, 3, 3, 3, 3, 3, 3, 3, 3, 3, 3, 3, 3, 3,
            3, 3, 3, 3, 3, 3, 3, 3, 3, 3, 3, 3, 3, 3, 3, 3, 3, 3, 3, 3, 3, 3, 3, 3,
            3, 3, 3, 3, 3, 3, 3, 3, 3, 3, 3, 3, 3, 3, 3, 3, 3, 3, 3, 3, 3, 3, 3, 3,
            3, 3, 3, 3, 3, 3, 3, 3, 3, 3, 3, 3, 3, 3, 3, 3, 3, 3, 3, 3, 3, 3, 3, 3,
            3, 3, 3, 3, 3, 3, 3, 3, 3, 3, 3, 3, 3, 3, 3, 3, 3, 3, 3, 3, 3, 3, 3, 3,
            3, 3, 3, 3, 3, 3, 3, 3, 3, 3, 3, 3, 3, 3, 3, 3, 3, 3, 3, 3, 3, 3, 3, 3,
            3, 3, 3, 3, 3, 3, 3, 3, 3, 3, 3, 3, 3, 3, 3, 3, 3, 3, 3, 3, 3, 3, 3, 3,
            3, 3, 3, 3, 3, 3, 3, 3, 3, 3, 3, 3, 3, 3, 3, 3, 3, 3, 3, 3, 3, 3, 3, 3,
            3, 3, 3, 3, 3, 3, 3, 3, 3, 3, 3, 3, 3, 3, 3, 3, 3, 3, 3, 3, 3, 3, 3, 3,
            3, 3, 3, 3, 3, 3, 3, 3, 3, 3, 3, 3, 3, 3, 3, 3, 3, 3, 3, 3, 3, 3, 3, 3,
            3, 3, 3, 3, 3, 3, 3, 3, 3, 3, 3, 3, 3, 3, 3, 3, 3, 3, 3, 3, 3, 3, 3, 3,
            3, 3, 3, 3, 3, 3, 3, 3, 3, 3, 3, 3, 3, 3, 3, 3, 3, 3, 3, 3, 3, 3, 3, 3,
            3, 3, 3, 3, 3, 3, 3, 3, 3, 3, 3, 3, 3, 3, 3, 3, 3, 3, 3, 3, 3, 3, 3, 3,
            3, 3, 3, 3, 3, 3, 3, 3, 3, 3, 3, 3, 3, 3, 3, 3, 3, 3, 3, 3, 3, 3, 3, 3,
            3, 3, 3, 3, 3, 3, 3, 3, 3, 3, 3, 3, 3, 3, 3, 3, 3, 3, 3, 3, 3, 3, 3, 3,
            3, 3, 3, 3, 3, 3, 3, 3, 3, 3, 3, 3, 3, 3, 3, 3, 3, 3, 3, 3, 3, 3, 3, 3,
            3, 3, 3, 3, 3, 3, 3, 3, 3, 3, 3, 3, 3, 3, 3, 3, 3, 3, 3, 3, 3, 3, 3, 3,
            3, 3, 3, 3, 3, 3, 3, 3, 3, 3, 3, 3, 3, 3, 3, 3, 3, 3, 3, 3, 3, 3, 3, 3,
            3, 3, 3, 3, 3, 3, 3, 3, 3, 3, 3, 3, 3, 3, 3, 3, 3, 3, 3, 3, 3, 3, 3, 3,
            3, 3, 3, 3, 3, 3, 3, 3, 3, 3, 3, 3, 3, 3, 3, 3, 3, 3, 3, 3, 3, 3, 3, 3,
            3, 3, 3, 3, 3, 3, 3, 3, 3, 3, 3, 3, 3, 3, 3, 3, 3, 3, 3, 3, 3, 3, 3, 3,
            3, 3, 3, 3, 3, 3, 3, 3, 3, 3, 3, 3, 3, 3, 3, 3, 3, 3, 3, 3, 3, 3, 3, 3,
            3, 3, 3, 3, 3, 3, 3, 3, 3, 3, 3, 3, 3, 3, 3, 3, 3, 3, 3, 3, 3, 3, 3, 3,
            3, 3, 3, 3, 3, 3, 3, 3, 3, 3, 3, 3, 3, 3, 3, 3, 3, 3, 3, 3, 3, 3, 3, 3,
            3, 3, 3, 3, 3, 3, 3, 3, 3, 3, 3, 3, 3, 3, 3, 3, 3, 3, 3, 3, 3, 3, 3, 3,
            3, 3, 3, 3, 3, 3, 3, 3, 3, 3, 3, 3, 3, 3, 3, 3, 3, 3, 3, 3, 3, 3, 3, 3,
            3, 3, 3, 3, 3, 3, 3, 3, 3, 3, 3, 3, 3, 3, 3, 3, 3, 3, 3, 3, 3, 3, 3, 3,
            3, 3, 3, 3, 3, 3, 3, 3, 3, 3, 3, 3, 3, 3, 3, 3, 3, 3, 3, 3, 3, 3, 3, 3,
            3, 3, 3, 3, 3, 3, 3, 3, 3, 3, 3, 3, 3, 3, 3, 3, 3, 3, 3, 3, 3, 3, 3, 3,
            3, 3, 3, 3, 3, 3, 3, 3, 3, 3, 3, 3, 3, 3, 3, 3, 3, 3, 3, 3, 3, 3, 3, 3,
            3, 3, 3, 3, 3, 3, 3, 3, 3, 3, 3, 3, 3, 3, 3, 3, 3, 3, 3, 3, 3, 3, 3, 3,
            3, 3, 3, 3, 3, 3, 3, 3, 3, 3, 3, 3, 3, 3, 3, 3, 3, 3, 3, 3, 3, 3, 3, 3,
            3, 3, 3, 3, 3, 3, 3, 3, 3, 3, 3, 3, 3, 3, 3, 3, 3, 3, 3, 3, 3, 3, 3, 3,
            3, 3, 3, 3, 3, 3, 3, 3, 3, 3, 3, 3, 3, 3, 3, 3, 3, 3, 3, 3, 3, 3, 3, 3,
            3, 3, 3, 3, 3, 3, 3, 3, 3, 3, 3, 3, 3, 3, 3, 3, 3, 3, 3, 3, 3, 3, 3, 3,
            3, 3, 3, 3, 3, 3, 3, 3, 3, 3, 3, 3, 3, 3, 3, 3, 3, 3, 3, 3, 3, 3, 3, 3,
            3, 3, 3, 3, 3, 3, 3, 3, 3, 3, 3, 3, 3, 3, 3, 3, 3, 3, 3, 3, 3, 3, 3, 3,
            3, 3, 3, 3, 3, 3, 3, 3, 3, 3, 3, 3, 3, 3, 3, 3, 3, 3, 3, 3, 3, 3, 3, 3,
            3, 3, 3, 3, 3, 3, 3, 3, 3, 3, 3, 3, 3, 3, 3, 3, 3, 3, 3, 3, 3, 3, 3, 3,
            3, 3, 3, 3, 3, 3, 3, 3, 3, 3, 3, 3, 3, 3, 3, 3, 3, 3, 3, 3, 3, 3, 3, 3,
            3, 3, 3, 3, 3, 3, 3, 3, 3, 3, 3, 3, 3, 3, 3, 3, 3, 3, 3, 3, 3, 3, 3, 3,
            3, 3, 3, 3, 3, 3, 3, 3, 3, 3, 3, 3, 3, 3, 3, 3, 3, 3, 3, 3, 3, 3, 3, 3,
            3, 3, 3, 3, 3, 3, 3, 3, 3, 3, 3, 3, 3, 3, 3, 3, 3, 3, 3, 3, 3, 3, 3, 3,
            3, 3, 3, 3, 3, 3, 3, 3, 3, 3, 3, 3, 3, 3, 3, 3, 3, 3, 3, 3, 3, 3, 3, 3,
            3, 3, 3, 3, 3, 3, 3, 3, 3, 3, 3, 3, 3, 3, 3, 3, 3, 3, 3, 3, 3, 3, 3, 3,
            3, 3, 3, 3, 3, 3, 3, 3, 3, 3, 3, 3, 3, 3, 3, 3, 3, 3, 3, 3, 3, 3, 3, 3,
            3, 3, 3, 3, 3, 3, 3, 3, 3, 3, 3, 3, 3, 3, 3, 3, 3, 3, 3, 3, 3, 3, 3, 3,
            3, 3, 3, 3, 3, 3, 3, 3, 3, 3, 3, 3, 3, 3, 3, 3, 3, 3, 3, 3, 3, 3, 3, 3,
            3, 3, 3, 3, 3, 3, 3, 3, 3, 3, 3, 3, 3, 3, 3, 3, 3, 3, 3, 3, 3, 3, 3, 3,
            3, 3, 3, 3, 3, 3, 3, 3, 3, 3, 3, 3, 3, 3, 3, 3, 3, 3, 3, 3, 3, 3, 3, 3,
            3, 3, 3, 3, 3, 3, 3, 3, 3, 3, 3, 3, 3, 3, 3, 3, 3, 3, 3, 3, 3, 3, 3, 3,
            3, 3, 3, 3, 3, 3, 3, 3, 3, 3, 3, 3, 3, 3, 3, 3, 3, 3, 3, 3, 3, 3, 3, 3,
            3, 3, 3, 3, 3, 3, 3, 3, 3, 3, 3, 3, 3, 3, 3, 3, 3, 3, 3, 3, 3, 3, 3, 3,
            3, 3, 3, 3, 3, 3, 3, 3, 3, 3, 3, 3, 3, 3, 3, 3, 3, 3, 3, 3, 3, 3, 3, 3,
            3, 3, 3, 3, 3, 3, 3, 3, 3, 3, 3, 3, 3, 3, 3, 3, 3, 3, 3, 3, 3, 3, 3, 3,
            3, 3, 3, 3, 3, 3, 3, 3, 3, 3, 3, 3, 3, 3, 3, 3, 3, 3, 3, 3, 3, 3, 3, 3,
            3, 3, 3, 3, 3, 3, 3, 3, 3, 3, 3, 3, 3, 3, 3, 3, 3, 3, 3, 3, 3, 3, 3, 3,
            3, 3, 3, 3, 3, 3, 3, 3, 3, 3, 3, 3, 3, 3, 3, 3, 3, 3, 3, 3, 3, 3, 3, 3,
            3, 3, 3, 3, 3, 3, 3, 3, 3, 3, 3, 3, 3, 3, 3, 3, 3, 3, 3, 3, 3, 3, 3, 3,
            3, 3, 3, 3, 3, 3, 3, 3, 3, 3, 3, 3, 3, 3, 3, 3, 3, 3, 3, 3, 3, 3, 3, 3,
            3, 3, 3, 3, 3, 3, 3, 3, 3, 3, 3, 3, 3, 3, 3, 3, 3, 3, 3, 3, 3, 3, 3, 3,
            3, 3, 3, 3, 3, 3, 3, 3, 3, 3, 3, 3, 3, 3, 3, 3, 3, 3, 3, 3, 3, 3, 3, 3,
            3, 3, 3, 3, 3, 3, 3, 3, 3, 3, 3, 3, 3, 3, 3, 3, 3, 3, 3, 3, 3, 3, 3, 3,
            3, 3, 3, 3, 3, 3, 3, 3, 3, 3, 3, 3, 3, 3, 3, 3, 3, 3, 3, 3, 3, 3, 3, 3,
            3, 3, 3, 3, 3, 3, 3, 3, 3, 3, 3, 3, 3, 3, 3, 3, 3, 3, 3, 3, 3, 3, 3, 3,
            3, 3, 3, 3, 3, 3, 3, 3, 3, 3, 3, 3, 3, 3, 3, 3, 3, 3, 3, 3, 3, 3, 3, 3,
            3, 3, 3, 3, 3, 3, 3, 3, 3, 3, 3, 3, 3, 3, 3, 3, 3, 3, 3, 3, 3, 3, 3, 3,
            3, 3, 3, 3, 3, 3, 3, 3, 3, 3, 3, 3, 3, 3, 3, 3, 3, 3, 3, 3, 3, 3, 3, 3,
            3, 3, 3, 3, 3, 3, 3, 3, 3, 3, 3, 3, 3, 3, 3, 3, 3, 3, 3, 3, 3, 3, 3, 3,
            3, 3, 3, 3, 3, 3, 3, 3, 3, 3, 3, 3, 3, 3, 3, 3, 3, 3, 3, 3, 3, 3, 3, 3,
            3, 3, 3, 3, 3, 3, 3, 3, 3, 3, 3, 3, 3, 3, 3, 3, 3, 3, 3, 3, 3, 3, 3, 3,
            3, 3, 3, 3, 3, 3, 3, 3, 3, 3, 3, 3, 3, 3, 3, 3, 3, 3, 3, 3, 3, 3, 3, 3,
            3, 3, 3, 3, 3, 3, 3, 3, 3, 3, 3, 3, 3, 3, 3, 3, 3, 3, 3, 3, 3, 3, 3, 3,
            3, 3, 3, 3, 3, 3, 3, 3, 3, 3, 3, 3, 3, 3, 3, 3, 3, 3, 3, 3, 3, 3, 3, 3,
            3, 3, 3, 3, 3, 3, 3, 3, 3, 3, 3, 3, 3, 3, 3, 3, 3, 3, 3, 3, 3, 3, 3, 3,
            3, 3, 3, 3, 3, 3, 3, 3, 3, 3, 3, 3, 3, 3, 3, 3, 3, 3, 3, 3, 3, 3, 3, 3,
            3, 3, 3, 3, 3, 3, 3, 3, 3, 3, 3, 3, 3, 3, 3, 3, 3, 3, 3, 3, 3, 3, 3, 3,
            3, 3, 3, 3, 3, 3, 3, 3, 3, 3, 3, 3, 3, 3, 3, 3, 3, 3, 3, 3, 3, 3, 3, 3,
            3, 3, 3, 3, 3, 3, 3, 3, 3, 3, 3, 3, 3, 3, 3, 3, 3, 3, 3, 3, 3, 3, 3, 3,
            3, 3, 3, 3, 3, 3, 3, 3, 3, 3, 3, 3, 3, 3, 3, 3, 3, 3, 3, 3, 3, 3, 3, 3,
            3, 3, 3, 3, 3, 3, 3, 3, 3, 3, 3, 3, 3, 3, 3, 3, 3, 3, 3, 3, 3, 3, 3, 3,
            3, 3, 3, 3, 3, 3, 3, 3, 3, 3, 3, 3, 3, 3, 3, 3, 3, 3, 3, 3, 3, 3, 3, 3,
            3, 3, 3, 3, 3, 3, 3, 3, 3, 3, 3, 3, 3, 3, 3, 3, 3, 3, 3, 3, 3, 3, 3, 3,
            3, 3, 3, 3, 3, 3, 3, 3, 3, 3, 3, 3, 3, 3, 3, 3, 3, 3, 3, 3, 3, 3, 3, 3,
            3, 3, 3, 3, 3, 3, 3, 3, 3, 3, 3, 3, 3, 3, 3, 3, 3, 3, 3, 3, 3, 3, 3, 3,
            3, 3, 3, 3, 3, 3, 3, 3, 3, 3, 3, 3, 3, 3, 3, 3, 3, 3, 3, 3, 3, 3, 3, 3,
            3, 3, 3, 3, 3, 3, 3, 3, 3, 3, 3, 3, 3, 3, 3, 3, 3, 3, 3, 3, 3, 3, 3, 3,
            3, 3, 3, 3, 3, 3, 3, 3, 3, 3, 3, 3, 3, 3, 3, 3, 3, 3, 3, 3, 3, 3, 3, 3,
            3, 3, 3, 3, 3, 3, 3, 3, 3, 3, 3, 3, 3, 3, 3, 3, 3, 3, 3, 3, 3, 3, 3, 3,
            3, 3, 3, 3, 3, 3, 3, 3, 3, 3, 3, 3, 3, 3, 3, 3, 3, 3, 3, 3, 3, 3, 3, 3,
            3, 3, 3, 3, 3, 3, 3, 3, 3, 3, 3, 3, 3, 3, 3, 3, 3, 3, 3, 3, 3, 3, 3, 3,
            3, 3, 3, 3, 3, 3, 3, 3, 3, 3, 3, 3, 3, 3, 3, 3, 3, 3, 3, 3, 3, 3, 3, 3,
            3, 3, 3, 3, 3, 3, 3, 3, 3, 3, 3, 3, 3, 3, 3, 3, 3, 3, 3, 3, 3, 3, 3, 3,
            3, 3, 3, 3, 3, 3, 3, 3, 3, 3, 3, 3, 3, 3, 3, 3, 3, 3, 3, 3, 3, 3, 3, 3,
            3, 3, 3, 3, 3, 3, 3, 3, 3, 3, 3, 3, 3, 3, 3, 3, 3, 3, 3, 3, 3, 3, 3, 3,
            3, 3, 3, 3, 3, 3, 3, 3, 3, 3, 3, 3, 3, 3, 3, 3, 3, 3, 3, 3, 3, 3, 3, 3,
            3, 3, 3, 3, 3, 3, 3, 3, 3, 3, 3, 3, 3, 3, 3, 3, 3, 3, 3, 3, 3, 3, 3, 3,
            3, 3, 3, 3, 3, 3, 3, 3, 3, 3, 3, 3, 3, 3, 3, 3, 3, 3, 3, 3, 3, 3, 3, 3,
            3, 3, 3, 3, 3, 3, 3, 3, 3, 3, 3, 3, 3, 3, 3, 3, 3, 3, 3, 3, 3, 3, 3, 3,
            3, 3, 3, 3, 3, 3, 3, 3, 3, 3, 3, 3, 3, 3, 3, 3, 3, 3, 3, 3, 3, 3, 3, 3,
            3, 3, 3, 3, 3, 3, 3, 3, 3, 3, 3, 3, 3, 3, 3, 3, 3, 3, 3, 3, 3, 3, 3, 3,
            3, 3, 3, 3, 3, 3, 3, 3, 3, 3, 3, 3, 3, 3, 3, 3, 3, 3, 3, 3, 3, 3, 3, 3,
            3, 3, 3, 3, 3, 3, 3, 3, 3, 3, 3, 3, 3, 3, 3, 3, 3, 3, 3, 3, 3, 3, 3, 3,
            3, 3, 3, 3, 3, 3, 3, 3, 3, 3, 3, 3, 3, 3, 3, 3, 3, 3, 3, 3, 3, 3, 3, 3,
            3, 3, 3, 3, 3, 3, 3, 3, 3, 3, 3, 3, 3, 3, 3, 3, 3, 3, 3, 3, 3, 3, 3, 3,
            3, 3, 3, 3, 3, 3, 3, 3, 3, 3, 3, 3, 3, 3, 3, 3, 3, 3, 3, 3, 3, 3, 3, 3,
            3, 3, 3, 3, 3, 3, 3, 3, 3, 3, 3, 3, 3, 3, 3, 3, 3, 3, 3, 3, 3, 3, 3, 3,
            3, 3, 3, 3, 3, 3, 3, 3, 3, 3, 3, 3, 3, 3, 3, 3, 3, 3, 3, 3, 3, 3, 3, 3,
            3, 3, 3, 3, 3, 3, 3, 3, 3, 3, 3, 3, 3, 3, 3, 3, 3, 3, 3, 3, 3, 3, 3, 3,
            3, 3, 3, 3, 3, 3, 3, 3, 3, 3, 3, 3, 3, 3, 3, 3, 3, 3, 3, 3, 3, 3, 3, 3,
            3, 3, 3, 3, 3, 3, 3, 3, 3, 3, 3, 3, 3, 3, 3, 3, 3, 3, 3, 3, 3, 3, 3, 3,
            3, 3, 3, 3, 3, 3, 3, 3, 3, 3, 3, 3, 3, 3, 3, 3, 3, 3, 3, 3, 3, 3, 3, 3,
            3, 3, 3, 3, 3, 3, 3, 3, 3, 3, 3, 3, 3, 3, 3, 3, 3, 3, 3, 3, 3, 3, 3, 3,
            3, 3, 3, 3, 3, 3, 3, 3, 3, 3, 3, 3, 3, 3, 3, 3, 3, 3, 3, 3, 3, 3, 3, 3,
            3, 3, 3, 3, 3, 3, 3, 3, 3, 3, 3, 3, 3, 3, 3, 3, 3, 3, 3, 3, 3, 3, 3, 3,
            3, 3, 3, 3, 3, 3, 3, 3, 3, 3, 3, 3, 3, 3, 3, 3, 3, 3, 3, 3, 3, 3, 3, 3,
            3, 3, 3, 3, 3, 3, 3, 3, 3, 3, 3, 3, 3, 3, 3, 3, 3, 3, 3, 3, 3, 3, 3, 3,
            3, 3, 3, 3, 3, 3, 3, 3, 3, 3, 3, 3, 3, 3, 3, 3, 3, 3, 3, 3, 3, 3, 3, 3,
            3, 3, 3, 3, 3, 3, 3, 3, 3, 3, 3, 3, 3, 3, 3, 3, 3, 3, 3, 3, 3, 3, 3, 3,
            3, 3, 3, 3, 3, 3, 3, 3, 3, 3, 3, 3, 3, 3, 3, 3, 3, 3, 3, 3, 3, 3, 3, 3,
            3, 3, 3, 3, 3, 3, 3, 3, 3, 3, 3, 3, 3, 3, 3, 3, 3, 3, 3, 3, 3, 3, 3, 3,
            3, 3, 3, 3, 3, 3, 3, 3, 3, 3, 3, 3, 3, 3, 3, 3, 3, 3, 3, 3, 3, 3, 3, 3,
            3, 3, 3, 3, 3, 3, 3, 3, 3, 3, 3, 3, 3, 3, 3, 3, 3, 3, 3, 3, 3, 3, 3, 3,
            3, 3, 3, 3, 3, 3, 3, 3, 3, 3, 3, 3, 3, 3, 3, 3, 3, 3, 3, 3, 3, 3, 3, 3,
            3, 3, 3, 3, 3, 3, 3, 3, 3, 3, 3, 3, 3, 3, 3, 3, 3, 3, 3, 3, 3, 3, 3, 3,
            3, 3, 3, 3, 3, 3, 3, 3, 3, 3, 3, 3, 3, 3, 3, 3, 3, 3, 3, 3, 3, 3, 3, 3,
            3, 3, 3, 3, 3, 3, 3, 3, 3, 3, 3, 3, 3, 3, 3, 3, 3, 3, 3, 3, 3, 3, 3, 3,
            3, 3, 3, 3, 3, 3, 3, 3, 3, 3, 3, 3, 3, 3, 3, 3, 3, 3, 3, 3, 3, 3, 3, 3,
            3, 3, 3, 3, 3, 3, 3, 3, 3, 3, 3, 3, 3, 3, 3, 3, 3, 3, 3, 3, 3, 3, 3, 3,
            3, 3, 3, 3, 3, 3, 3, 3, 3, 3, 3, 3, 3, 3, 3, 3, 3, 3, 3, 3, 3, 3, 3, 3,
            3, 3, 3, 3, 3, 3, 3, 3, 3, 3, 3, 3, 3, 3, 3, 3, 3, 3, 3, 3, 3, 3, 3, 3,
            3, 3, 3, 3, 3, 3, 3, 3, 3, 3, 3, 3, 3, 3, 3, 3, 3, 3, 3, 3, 3, 3, 3, 3,
            3, 3, 3, 3, 3, 3, 3, 3, 3, 3, 3, 3, 3, 3, 3, 3, 3, 3, 3, 3, 3, 3, 3, 3,
            3, 3, 3, 3, 3, 3, 3, 3, 3, 3, 3, 3, 3, 3, 3, 3, 3, 3, 3, 3, 3, 3, 3, 3,
            3, 3, 3, 3, 3, 3, 3, 3, 3, 3, 3, 3, 3, 3, 3, 3, 3, 3, 3, 3, 3, 3, 3, 3,
            3, 3, 3, 3, 3, 3, 3, 3, 3, 3, 3, 3, 3, 3, 3, 3, 3, 3, 3, 3, 3, 3, 3, 3,
            3, 3, 3, 3, 3, 3, 3, 3, 3, 3, 3, 3, 3, 3, 3, 3, 3, 3, 3, 3, 3, 3, 3, 3,
            3, 3, 3, 3, 3, 3, 3, 3, 3, 3, 3, 3, 3, 3, 3, 3, 3, 3, 3, 3, 3, 3, 3, 3,
            3, 3, 3, 3, 3, 3, 3, 3, 3, 3, 3, 3, 3, 3, 3, 3, 3, 3, 3, 3, 3, 3, 3, 3,
            3, 3, 3, 3, 3, 3, 3, 3, 3, 3, 3, 3, 3, 3, 3, 3, 3, 3, 3, 3, 3, 3, 3, 3,
            3, 3, 3, 3, 3, 3, 3, 3, 3, 3, 3, 3, 3, 3, 3, 3, 3, 3, 3, 3, 3, 3, 3, 3,
            3, 3, 3, 3, 3, 3, 3, 3, 3, 3, 3, 3, 3, 3, 3, 3, 3, 3, 3, 3, 3, 3, 3, 3,
            3, 3, 3, 3, 3, 3, 3, 3, 3, 3, 3, 3, 3, 3, 3, 3, 3, 3, 3, 3, 3, 3, 3, 3,
            3, 3, 3, 3, 3, 3, 3, 3, 3, 3, 3, 3, 3, 3, 3, 3, 3, 3, 3, 3, 3, 3, 3, 3,
            3, 3, 3, 3, 3, 3, 3, 3, 3, 3, 3, 3, 3, 3, 3, 3, 3, 3, 3, 3, 3, 3, 3, 3,
            3, 3, 3, 3, 3, 3, 3, 3, 3, 3, 3, 3, 3, 3, 3, 3, 3, 3, 3, 3, 3, 3, 3, 3,
            3, 3, 3, 3, 3, 3, 3, 3, 3, 3, 3, 3, 3, 3, 3, 3, 3, 3, 3, 3, 3, 3, 3, 3,
            3, 3, 3, 3, 3, 3, 3, 3, 3, 3, 3, 3, 3, 3, 3, 3, 3, 3, 3, 3, 3, 3, 3, 3,
            3, 3, 3, 3, 3, 3, 3, 3, 3, 3, 3, 3, 3, 3, 3, 3, 3, 3, 3, 3, 3, 3, 3, 3,
            3, 3, 3, 3, 3, 3, 3, 3, 3, 3, 3, 3, 3, 3, 3, 3, 3, 3, 3, 3, 3, 3, 3, 3,
            3, 3, 3, 3, 3, 3, 3, 3, 3, 3, 3, 3, 3, 3, 3, 3, 3, 3, 3, 3, 3, 3, 3, 3,
            3, 3, 3, 3, 3, 3, 3, 3, 3, 3, 3, 3, 3, 3, 3, 3, 3, 3, 3, 3, 3, 3, 3, 3,
            3, 3, 3, 3, 3, 3, 3, 3, 3, 3, 3, 3, 3, 3, 3, 3, 3, 3, 3, 3, 3, 3, 3, 3,
            3, 3, 3, 3, 3, 3, 3, 3, 3, 3, 3, 3, 3, 3, 3, 3, 3, 3, 3, 3, 3, 3, 3, 3,
            3, 3, 3, 3, 3, 3, 3, 3, 3, 3, 3, 3, 3, 3, 3, 3, 3, 3, 3, 3, 3, 3, 3, 3,
            3, 3, 3, 3, 3, 3, 3, 3, 3, 3, 3, 3, 3, 3, 3, 3, 3, 3, 3, 3, 3, 3, 3, 3,
            3, 3, 3, 3, 3, 3, 3, 3, 3, 3, 3, 3, 3, 3, 3, 3, 3, 3, 3, 3, 3, 3, 3, 3,
            3, 3, 3, 3, 3, 3, 3, 3, 3, 3, 3, 3, 3, 3, 3, 3, 3, 3, 3, 3, 3, 3, 3, 3,
            3, 3, 3, 3, 3, 3, 3, 3, 3, 3, 3, 3, 3, 3, 3, 3, 3, 3, 3, 3, 3, 3, 3, 3,
            3, 3, 3, 3, 3, 3, 3, 3, 3, 3, 3, 3, 3, 3, 3, 3, 3, 3, 3, 3, 3, 3, 3, 3,
            3, 3, 3, 3, 3, 3, 3, 3, 3, 3, 3, 3, 3, 3, 3, 3, 3, 3, 3, 3, 3, 3, 3, 3,
            3, 3, 3, 3, 3, 3, 3, 3, 3, 3, 3, 3, 3, 3, 3, 3, 3, 3, 3, 3, 3, 3, 3, 3,
            3, 3, 3, 3, 3, 3, 3, 3, 3, 3, 3, 3, 3, 3, 3, 3, 3, 3, 3, 3, 3, 3, 3, 3,
            3, 3, 3, 3, 3, 3, 3, 3, 3, 3, 3, 3, 3, 3, 3, 3, 3, 3, 3, 3, 3, 3, 3, 3,
            3, 3, 3, 3, 3, 3, 3, 3, 3, 3, 3, 3, 3, 3, 3, 3, 3, 3, 3, 3, 3, 3, 3, 3,
            3, 3, 3, 3, 3, 3, 3, 3, 3, 3, 3, 3, 3, 3, 3, 3, 3, 3, 3, 3, 3, 3, 3, 3,
            3, 3, 3, 3, 3, 3, 3, 3, 3, 3, 3, 3, 3, 3, 3, 3, 3, 3, 3, 3, 3, 3, 3, 3,
            3, 3, 3, 3, 3, 3, 3, 3, 3, 3, 3, 3, 3, 3, 3, 3, 3, 3, 3, 3, 3, 3, 3, 3,
            3, 3, 3, 3, 3, 3, 3, 3, 3, 3, 3, 3, 3, 3, 3, 3, 3, 3, 3, 3, 3, 3, 3, 3,
            3, 3, 3, 3, 3, 3, 3, 3, 3, 3, 3, 3, 3, 3, 3, 3, 3, 3, 3, 3, 3, 3, 3, 3,
            3, 3, 3, 3, 3, 3, 3, 3, 3, 3, 3, 3, 3, 3, 3, 3, 3, 3, 3, 3, 3, 3, 3, 3,
            3, 3, 3, 3, 3, 3, 3, 3, 3, 3, 3, 3, 3, 3, 3, 3, 3, 3, 3, 3, 3, 3, 3, 3,
            3, 3, 3, 3, 3, 3, 3, 3, 3, 3, 3, 3, 3, 3, 3, 3, 3, 3, 3, 3, 3, 3, 3, 3,
            3, 3, 3, 3, 3, 3, 3, 3, 3, 3, 3, 3, 3, 3, 3, 3, 3, 3, 3, 3, 3, 3, 3, 3,
            3, 3, 3, 3, 3, 3, 3, 3, 3, 3, 3, 3, 3, 3, 3, 3, 3, 3, 3, 3, 3, 3, 3, 3,
            3, 3, 3, 3, 3, 3, 3, 3, 3, 3, 3, 3, 3, 3, 3, 3, 3, 3, 3, 3, 3, 3, 3, 3,
            3, 3, 3, 3, 3, 3, 3, 3, 3, 3, 3, 3, 3, 3, 3, 3, 3, 3, 3, 3, 3, 3, 3, 3,
            3, 3, 3, 3, 3, 3, 3, 3, 3, 3, 3, 3, 3, 3, 3, 3, 3, 3, 3, 3, 3, 3, 3, 3,
            3, 3, 3, 3, 3, 3, 3, 3, 3, 3, 3, 3, 3, 3, 3, 3, 3, 3, 3, 3, 3, 3, 3, 3,
            3, 3, 3, 3, 3, 3, 3, 3, 3, 3, 3, 3, 3, 3, 3, 3, 3, 3, 3, 3, 3, 3, 3, 3,
            3, 3, 3, 3, 3, 3, 3, 3, 3, 3, 3, 3, 3, 3, 3, 3, 3, 3, 3, 3, 3, 3, 3, 3,
            3, 3, 3, 3, 3, 3, 3, 3, 3, 3, 3, 3, 3, 3, 3, 3, 3, 3, 3, 3, 3, 3, 3, 3,
            3, 3, 3, 3, 3, 3, 3, 3, 3, 3, 3, 3, 3, 3, 3, 3, 3, 3, 3, 3, 3, 3, 3, 3,
            3, 3, 3, 3, 3, 3, 3, 3, 3, 3, 3, 3, 3, 3, 3, 3, 3, 3, 3, 3, 3, 3, 3, 3,
            3, 3, 3, 3, 3, 3, 3, 3, 3, 3, 3, 3, 3, 3, 3, 3, 3, 3, 3, 3, 3, 3, 3, 3,
            3, 3, 3, 3, 3, 3, 3, 3, 3, 3, 3, 3, 3, 3, 3, 3, 3, 3, 3, 3, 3, 3, 3, 3,
            3, 3, 3, 3, 3, 3, 3, 3, 3, 3, 3, 3, 3, 3, 3, 3, 3, 3, 3, 3, 3, 3, 3, 3,
            3, 3, 3, 3, 3, 3, 3, 3, 3, 3, 3, 3, 3, 3, 3, 3, 3, 3, 3, 3, 3, 3, 3, 3,
            3, 3, 3, 3, 3, 3, 3, 3, 3, 3, 3, 3, 3, 3, 3, 3, 3, 3, 3, 3, 3, 3, 3, 3,
            3, 3, 3, 3, 3, 3, 3, 3, 3, 3, 3, 3, 3, 3, 3, 3, 3, 3, 3, 3, 3, 3, 3, 3,
            3, 3, 3, 3, 3, 3, 3, 3, 3, 3, 3, 3, 3, 3, 3, 3, 3, 3, 3, 3, 3, 3, 3, 3,
            3, 3, 3, 3, 3, 3, 3, 3, 3, 3, 3, 3, 3, 3, 3, 3, 3, 3, 3, 3, 3, 3, 3, 3,
            3, 3, 3, 3, 3, 3, 3, 3, 3, 3, 3, 3, 3, 3, 3, 3, 3, 3, 3, 3, 3, 3, 3, 3,
            3, 3, 3, 3, 3, 3, 3, 3, 3, 3, 3, 3, 3, 3, 3, 3, 3, 3, 3, 3, 3, 3, 3, 3,
            3, 3, 3, 3, 3, 3, 3, 3, 3, 3, 3, 3, 3, 3, 3, 3, 3, 3, 3, 3, 3, 3, 3, 3,
            3, 3, 3, 3, 3, 3, 3, 3, 3, 3, 3, 3, 3, 3, 3, 3, 3, 3, 3, 3, 3, 3, 3, 3,
            3, 3, 3, 3, 3, 3, 3, 3, 3, 3, 3, 3, 3, 3, 3, 3, 3, 3, 3, 3, 3, 3, 3, 3,
            3, 3, 3, 3, 3, 3, 3, 3, 3, 3, 3, 3, 3, 3, 3, 3, 3, 3, 3, 3, 3, 3, 3, 3,
            3, 3, 3, 3, 3, 3, 3, 3, 3, 3, 3, 3, 3, 3, 3, 3, 3, 3, 3, 3, 3, 3, 3, 3,
            3, 3, 3, 3, 3, 3, 3, 3, 3, 3, 3, 3, 3, 3, 3, 3, 3, 3, 3, 3, 3, 3, 3, 3,
            3, 3, 3, 3, 3, 3, 3, 3, 3, 3, 3, 3, 3, 3, 3, 3, 3, 3, 3, 3, 3, 3, 3, 3,
            3, 3, 3, 3, 3, 3, 3, 3, 3, 3, 3, 3, 3, 3, 3, 3, 3, 3, 3, 3, 3, 3, 3, 3,
            3, 3, 3, 3, 3, 3, 3, 3, 3, 3, 3, 3, 3, 3, 3, 3, 3, 3, 3, 3, 3, 3, 3, 3,
            3, 3, 3, 3, 3, 3, 3, 3, 3, 3, 3, 3, 3, 3, 3, 3, 3, 3, 3, 3, 3, 3, 3, 3,
            3, 3, 3, 3, 3, 3, 3, 3, 3, 3, 3, 3, 3, 3, 3, 3, 3, 3, 3, 3, 3, 3, 3, 3,
            3, 3, 3, 3, 3, 3, 3, 3, 3, 3, 3, 3, 3, 3, 3, 3, 3, 3, 3, 3, 3, 3, 3, 3,
            3, 3, 3, 3, 3, 3, 3, 3, 3, 3, 3, 3, 3, 3, 3, 3, 3, 3, 3, 3, 3, 3, 3, 3,
            3, 3, 3, 3, 3, 3, 3, 3, 3, 3, 3, 3, 3, 3, 3, 3, 3, 3, 3, 3, 3, 3, 3, 3,
            3, 3, 3, 3, 3, 3, 3, 3, 3, 3, 3, 3, 3, 3, 3, 3, 3, 3, 3, 3, 3, 3, 3, 3,
            3, 3, 3, 3, 3, 3, 3, 3, 3, 3, 3, 3, 3, 3, 3, 3, 3, 3, 3, 3, 3, 3, 3, 3,
            3, 3, 3, 3, 3, 3, 3, 3, 3, 3, 3, 3, 3, 3, 3, 3, 3, 3, 3, 3, 3, 3, 3, 3,
            3, 3, 3, 3, 3, 3, 3, 3, 3, 3, 3, 3, 3, 3, 3, 3, 3, 3, 3, 3, 3, 3, 3, 3,
            3, 3, 3, 3, 3, 3, 3, 3, 3, 3, 3, 3, 3, 3, 3, 3, 3, 3, 3, 3, 3, 3, 3, 3,
            3, 3, 3, 3, 3, 3, 3, 3, 3, 3, 3, 3, 3, 3, 3, 3, 3, 3, 3, 3, 3, 3, 3, 3,
            3, 3, 3, 3, 3, 3, 3, 3, 3, 3, 3, 3, 3, 3, 3, 3, 3, 3, 3, 3, 3, 3, 3, 3,
            3, 3, 3, 3, 3, 3, 3, 3, 3, 3, 3, 3, 3, 3, 3, 3, 3, 3, 3, 3, 3, 3, 3, 3,
            3, 3, 3, 3, 3, 3, 3, 3, 3, 3, 3, 3, 3, 3, 3, 3, 3, 3, 3, 3, 3, 3, 3, 3,
            3, 3, 3, 3, 3, 3, 3, 3, 3, 3, 3, 3, 3, 3, 3, 3, 3, 3, 3, 3, 3, 3, 3, 3,
            3, 3, 3, 3, 3, 3, 3, 3, 3, 3, 3, 3, 3, 3, 3, 3, 3, 3, 3, 3, 3, 3, 3, 3,
            3, 3, 3, 3, 3, 3, 3, 3, 3, 3, 3, 3, 3, 3, 3, 3, 3, 3, 3, 3, 3, 3, 3, 3,
            3, 3, 3, 3, 3, 3, 3, 3, 3, 3, 3, 3, 3, 3, 3, 3, 3, 3, 3, 3, 3, 3, 3, 3,
            3, 3, 3, 3, 3, 3, 3, 3, 3, 3, 3, 3, 3, 3, 3, 3, 3, 3, 3, 3, 3, 3, 3, 3,
            3, 3, 3, 3, 3, 3, 3, 3, 3, 3, 3, 3, 3, 3, 3, 3, 3, 3, 3, 3, 3, 3, 3, 3,
            3, 3, 3, 3, 3, 3, 3, 3, 3, 3, 3, 3, 3, 3, 3, 3, 3, 3, 3, 3, 3, 3, 3, 3,
            3, 3, 3, 3, 3, 3, 3, 3, 3, 3, 3, 3, 3, 3, 3, 3, 3, 3, 3, 3, 3, 3, 3, 3,
            3, 3, 3, 3, 3, 3, 3, 3, 3, 3, 3, 3, 3, 3, 3, 3, 3, 3, 3, 3, 3, 3, 3, 3,
            3, 3, 3, 3, 3, 3, 3, 3, 3, 3, 3, 3, 3, 3, 3, 3, 3, 3, 3, 3, 3, 3, 3, 3,
            3, 3, 3, 3, 3, 3, 3, 3, 3, 3, 3, 3, 3, 3, 3, 3, 3, 3, 3, 3, 3, 3, 3, 3,
            3, 3, 3, 3, 3, 3, 3, 3, 3, 3, 3, 3, 3, 3, 3, 3, 3, 3, 3, 3, 3, 3, 3, 3,
            3, 3, 3, 3, 3, 3, 3, 3, 3, 3, 3, 3, 3, 3, 3, 3, 3, 3, 3, 3, 3, 3, 3, 3,
            3, 3, 3, 3, 3, 3, 3, 3, 3, 3, 3, 3, 3, 3, 3, 3, 3, 3, 3, 3, 3, 3, 3, 3,
            3, 3, 3, 3, 3, 3, 3, 3, 3, 3, 3, 3, 3, 3, 3, 3, 3, 3, 3, 3, 3, 3, 3, 3,
            3, 3, 3, 3, 3, 3, 3, 3, 3, 3, 3, 3, 3, 3, 3, 3, 3, 3, 3, 3, 3, 3, 3, 3,
            3, 3, 3, 3, 3, 3, 3, 3, 3, 3, 3, 3, 3, 3, 3, 3, 3, 3, 3, 3, 3, 3, 3, 3,
            3, 3, 3, 3, 3, 3, 3, 3, 3, 3, 3, 3, 3, 3, 3, 3, 3, 3, 3, 3, 3, 3, 3, 3,
            3, 3, 3, 3, 3, 3, 3, 3, 3, 3, 3, 3, 3, 3, 3, 3, 3, 3, 3, 3, 3, 3, 3, 3,
            3, 3, 3, 3, 3, 3, 3, 3, 3, 3, 3, 3, 3, 3, 3, 3, 3, 3, 3, 3, 3, 3, 3, 3,
            3, 3, 3, 3, 3, 3, 3, 3, 3, 3, 3, 3, 3, 3, 3, 3, 3, 3, 3, 3, 3, 3, 3, 3,
            3, 3, 3, 3, 3, 3, 3, 3, 3, 3, 3, 3, 3, 3, 3, 3, 3, 3, 3, 3, 3, 3, 3, 3,
            3, 3, 3, 3, 3, 3, 3, 3, 3, 3, 3, 3, 3, 3, 3, 3, 3, 3, 3, 3, 3, 3, 3, 3,
            3, 3, 3, 3, 3, 3, 3, 3, 3, 3, 3, 3, 3, 3, 3, 3, 3, 3, 3, 3, 3, 3, 3, 3,
            3, 3, 3, 3, 3, 3, 3, 3, 3, 3, 3, 3, 3, 3, 3, 3, 3, 3, 3, 3, 3, 3, 3, 3,
            3, 3, 3, 3, 3, 3, 3, 3, 3, 3, 3, 3, 3, 3, 3, 3, 3, 3, 3, 3, 3, 3, 3, 3,
            3, 3, 3, 3, 3, 3, 3, 3, 3, 3, 3, 3, 3, 3, 3, 3, 3, 3, 3, 3, 3, 3, 3, 3,
            3, 3, 3, 3, 3, 3, 3, 3, 3, 3, 3, 3, 3, 3, 3, 3, 3, 3, 3, 3, 3, 3, 3, 3,
            3, 3, 3, 3, 3, 3, 3, 3, 3, 3, 3, 3, 3, 3, 3, 3, 3, 3, 3, 3, 3, 3, 3, 3,
            3, 3, 3, 3, 3, 3, 3, 3, 3, 3, 3, 3, 3, 3, 3, 3, 3, 3, 3, 3, 3, 3, 3, 3,
            3, 3, 3, 3, 3, 3, 3, 3, 3, 3, 3, 3, 3, 3, 3, 3, 3, 3, 3, 3, 3, 3, 3, 3,
            3, 3, 3, 3, 3, 3, 3, 3, 3, 3, 3, 3, 3, 3, 3, 3, 3, 3, 3, 3, 3, 3, 3, 3,
            3, 3, 3, 3, 3, 3, 3, 3, 3, 3, 3, 3, 3, 3, 3, 3, 3, 3, 3, 3, 3, 3, 3, 3,
            3, 3, 3, 3, 3, 3, 3, 3, 3, 3, 3, 3, 3, 3, 3, 3, 3, 3, 3, 3, 3, 3, 3, 3,
            3, 3, 3, 3, 3, 3, 3, 3, 3, 3, 3, 3, 3, 3, 3, 3, 3, 3, 3, 3, 3, 3, 3, 3,
            3, 3, 3, 3, 3, 3, 3, 3, 3, 3, 3, 3, 3, 3, 3, 3, 3, 3, 3, 3, 3, 3, 3, 3,
            3, 3, 3, 3, 3, 3, 3, 3, 3, 3, 3, 3, 3, 3, 3, 3, 3, 3, 3, 3, 3, 3, 3, 3,
            3, 3, 3, 3, 3, 3, 3, 3, 3, 3, 3, 3, 3, 3, 3, 3, 3, 3, 3, 3, 3, 3, 3, 3,
            3, 3, 3, 3, 3, 3, 3, 3, 3, 3, 3, 3, 3, 3, 3, 3, 3, 3, 3, 3, 3, 3, 3, 3,
            3, 3, 3, 3, 3, 3, 3, 3, 3, 3, 3, 3, 3, 3, 3, 3, 3, 3, 3, 3, 3, 3, 3, 3,
            3, 3, 3, 3, 3, 3, 3, 3, 3, 3, 3, 3, 3, 3, 3, 3, 3, 3, 3, 3, 3, 3, 3, 3,
            3, 3, 3, 3, 3, 3, 3, 3, 3, 3, 3, 3, 3, 3, 3, 3, 3, 3, 3, 3, 3, 3, 3, 3,
            3, 3, 3, 3, 3, 3, 3, 3, 3, 3, 3, 3, 3, 3, 3, 3, 3, 3, 3, 3, 3, 3, 3, 3,
            3, 3, 3, 3, 3, 3, 3, 3, 3, 3, 3, 3, 3, 3, 3, 3, 3, 3, 3, 3, 3, 3, 3, 3,
            3, 3, 3, 3, 3, 3, 3, 3, 3, 3, 3, 3, 3, 3, 3, 3, 3, 3, 3, 3, 3, 3, 3, 3,
            3, 3, 3, 3, 3, 3, 3, 3, 3, 3, 3, 3, 3, 3, 3, 3, 3, 3, 3, 3, 3, 3, 3, 3,
            3, 3, 3, 3, 3, 3, 3, 3, 3, 3, 3, 3, 3, 3, 3, 3, 3, 3, 3, 3, 3, 3, 3, 3,
            3, 3, 3, 3, 3, 3, 3, 3, 3, 3, 3, 3, 3, 3, 3, 3, 3, 3, 3, 3, 3, 3, 3, 3,
            3, 3, 3, 3, 3, 3, 3, 3, 3, 3, 3, 3, 3, 3, 3, 3, 3, 3, 3, 3, 3, 3, 3, 3,
            3, 3, 3, 3, 3, 3, 3, 3, 3, 3, 3, 3, 3, 3, 3, 3, 3, 3, 3, 3, 3, 3, 3, 3,
            3, 3, 3, 3, 3, 3, 3, 3, 3, 3, 3, 3, 3, 3, 3, 3, 3, 3, 3, 3, 3, 3, 3, 3,
            3, 3, 3, 3, 3, 3, 3, 3, 3, 3, 3, 3, 3, 3, 3, 3, 3, 3, 3, 3, 3, 3, 3, 3,
            3, 3, 3, 3, 3, 3, 3, 3, 3, 3, 3, 3, 3, 3, 3, 3, 3, 3, 3, 3, 3, 3, 3, 3,
            3, 3, 3, 3, 3, 3, 3, 3, 3, 3, 3, 3, 3, 3, 3, 3, 3, 3, 3, 3, 3, 3, 3, 3,
            3, 3, 3, 3, 3, 3, 3, 3, 3, 3, 3, 3, 3, 3, 3, 3, 3, 3, 3, 3, 3, 3, 3, 3,
            3, 3, 3, 3, 3, 3, 3, 3, 3, 3, 3, 3, 3, 3, 3, 3, 3, 3, 3, 3, 3, 3, 3, 3,
            3, 3, 3, 3, 3, 3, 3, 3, 3, 3, 3, 3, 3, 3, 3, 3, 3, 3, 3, 3, 3, 3, 3, 3,
            3, 3, 3, 3, 3, 3, 3, 3, 3, 3, 3, 3, 3, 3, 3, 3, 3, 3, 3, 3, 3, 3, 3, 3,
            3, 3, 3, 3, 3, 3, 3, 3, 3, 3, 3, 3, 3, 3, 3, 3, 3, 3, 3, 3, 3, 3, 3, 3,
            3, 3, 3, 3, 3, 3, 3, 3, 3, 3, 3, 3, 3, 3, 3, 3, 3, 3, 3, 3, 3, 3, 3, 3,
            3, 3, 3, 3, 3, 3, 3, 3, 3, 3, 3, 3, 3, 3, 3, 3, 3, 3, 3, 3, 3, 3, 3, 3,
            3, 3, 3, 3, 3, 3, 3, 3, 3, 3, 3, 3, 3, 3, 3, 3, 3, 3, 3, 3, 3, 3, 3, 3,
            3, 3, 3, 3, 3, 3, 3, 3, 3, 3, 3, 3, 3, 3, 3, 3, 3, 3, 3, 3, 3, 3, 3, 3,
            3, 3, 3, 3, 3, 3, 3, 3, 3, 3, 3, 3, 3, 3, 3, 3, 3, 3, 3, 3, 3, 3, 3, 3,
            3, 3, 3, 3, 3, 3, 3, 3, 3, 3, 3, 3, 3, 3, 3, 3, 3, 3, 3, 3, 3, 3, 3, 3,
            3, 3, 3, 3, 3, 3, 3, 3, 3, 3, 3, 3, 3, 3, 3, 3, 3, 3, 3, 3, 3, 3, 3, 3,
            3, 3, 3, 3, 3, 3, 3, 3, 3, 3, 3, 3, 3, 3, 3, 3, 3, 3, 3, 3, 3, 3, 3, 3,
            3, 3, 3, 3, 3, 3, 3, 3, 3, 3, 3, 3, 3, 3, 3, 3, 3, 3, 3, 3, 3, 3, 3, 3,
            3, 3, 3, 3, 3, 3, 3, 3, 3, 3, 3, 3, 3, 3, 3, 3, 3, 3, 3, 3, 3, 3, 3, 3,
            3, 3, 3, 3, 3, 3, 3, 3, 3, 3, 3, 3, 3, 3, 3, 3, 3, 3, 3, 3, 3, 3, 3, 3,
            3, 3, 3, 3, 3, 3, 3, 3, 3, 3, 3, 3, 3, 3, 3, 3, 3, 3, 3, 3, 3, 3, 3, 3,
            3, 3, 3, 3, 3, 3, 3, 3, 3, 3, 3, 3, 3, 3, 3, 3, 3, 3, 3, 3, 3, 3, 3, 3,
            3, 3, 3, 3, 3, 3, 3, 3, 3, 3, 3, 3, 3, 3, 3, 3, 3, 3, 3, 3, 3, 3, 3, 3,
            3, 3, 3, 3, 3, 3, 3, 3, 3, 3, 3, 3, 3, 3, 3, 3, 3, 3, 3, 3, 3, 3, 3, 3,
            3, 3, 3, 3, 3, 3, 3, 3, 3, 3, 3, 3, 3, 3, 3, 3, 3, 3, 3, 3, 3, 3, 3, 3,
            3, 3, 3, 3, 3, 3, 3, 3, 3, 3, 3, 3, 3, 3, 3, 3, 3, 3, 3, 3, 3, 3, 3, 3,
            3, 3, 3, 3, 3, 3, 3, 3, 3, 3, 3, 3, 3, 3, 3, 3, 3, 3, 3, 3, 3, 3, 3, 3,
            3, 3, 3, 3, 3, 3, 3, 3, 3, 3, 3, 3, 3, 3, 3, 3, 3, 3, 3, 3, 3, 3, 3, 3,
            3, 3, 3, 3, 3, 3, 3, 3, 3, 3, 3, 3, 3, 3, 3, 3, 3, 3, 3, 3, 3, 3, 3, 3,
            3, 3, 3, 3, 3, 3, 3, 3, 3, 3, 3, 3, 3, 3, 3, 3, 3, 3, 3, 3, 3, 3, 3, 3,
            3, 3, 3, 3, 3, 3, 3, 3, 3, 3, 3, 3, 3, 3, 3, 3, 3, 3, 3, 3, 3, 3, 3, 3,
            3, 3, 3, 3, 3, 3, 3, 3, 3, 3, 3, 3, 3, 3, 3, 3, 3, 3, 3, 3, 3, 3, 3, 3,
            3, 3, 3, 3, 3, 3, 3, 3, 3, 3, 3, 3, 3, 3, 3, 3, 3, 3, 3, 3, 3, 3, 3, 3,
            3, 3, 3, 3, 3, 3, 3, 3, 3, 3, 3, 3, 3, 3, 3, 3, 3, 3, 3, 3, 3, 3, 3, 3,
            3, 3, 3, 3, 3, 3, 3, 3, 3, 3, 3, 3, 3, 3, 3, 3, 3, 3, 3, 3, 3, 3, 3, 3,
            3, 3, 3, 3, 3, 3, 3, 3, 3, 3, 3, 3, 3, 3, 3, 3, 3, 3, 3, 3, 3, 3, 3, 3,
            3, 3, 3, 3, 3, 3, 3, 3, 3, 3, 3, 3, 3, 3, 3, 3, 3, 3, 3, 3, 3, 3, 3, 3,
            3, 3, 3, 3, 3, 3, 3, 3, 3, 3, 3, 3, 3, 3, 3, 3, 3, 3, 3, 3, 3, 3, 3, 3,
            3, 3, 3, 3, 3, 3, 3, 3, 3, 3, 3, 3, 3, 3, 3, 3, 3, 3, 3, 3, 3, 3, 3, 3,
            3, 3, 3, 3, 3, 3, 3, 3, 3, 3, 3, 3, 3, 3, 3, 3, 3, 3, 3, 3, 3, 3, 3, 3,
            3, 3, 3, 3, 3, 3, 3, 3, 3, 3, 3, 3, 3, 3, 3, 3, 3, 3, 3, 3, 3, 3, 3, 3,
            3, 3, 3, 3, 3, 3, 3, 3, 3, 3, 3, 3, 3, 3, 3, 3, 3, 3, 3, 3, 3, 3, 3, 3,
            3, 3, 3, 3, 3, 3, 3, 3, 3, 3, 3, 3, 3, 3, 3, 3, 3, 3, 3, 3, 3, 3, 3, 3,
            3, 3, 3, 3, 3, 3, 3, 3, 3, 3, 3, 3, 3, 3, 3, 3, 3, 3, 3, 3, 3, 3, 3, 3,
            3, 3, 3, 3, 3, 3, 3, 3, 3, 3, 3, 3, 3, 3, 3, 3, 3, 3, 3, 3, 3, 3, 3, 3,
            3, 3, 3, 3, 3, 3, 3, 3, 3, 3, 3, 3, 3, 3, 3, 3, 3, 3, 3, 3, 3, 3, 3, 3,
            3, 3, 3, 3, 3, 3, 3, 3, 3, 3, 3, 3, 3, 3, 3, 3, 3, 3, 3, 3, 3, 3, 3, 3,
            3, 3, 3, 3, 3, 3, 3, 3, 3, 3, 3, 3, 3, 3, 3, 3, 3, 3, 3, 3, 3, 3, 3, 3,
            3, 3, 3, 3, 3, 3, 3, 3, 3, 3, 3, 3, 3, 3, 3, 3, 3, 3, 3, 3, 3, 3, 3, 3,
            3, 3, 3, 3, 3, 3, 3, 3, 3, 3, 3, 3, 3, 3, 3, 3, 3, 3, 3, 3, 3, 3, 3, 3,
            3, 3, 3, 3, 3, 3, 3, 3, 3, 3, 3, 3, 3, 3, 3, 3, 3, 3, 3, 3, 3, 3, 3, 3,
            3, 3, 3, 3, 3, 3, 3, 3, 3, 3, 3, 3, 3, 3, 3, 3, 3, 3, 3, 3, 3, 3, 3, 3,
            3, 3, 3, 3, 3, 3, 3, 3, 3, 3, 3, 3, 3, 3, 3, 3, 3, 3, 3, 3, 3, 3, 3, 3,
            3, 3, 3, 3, 3, 3, 3, 3, 3, 3, 3, 3, 3, 3, 3, 3, 3, 3, 3, 3, 3, 3, 3, 3,
            3, 3, 3, 3, 3, 3, 3, 3, 3, 3, 3, 3, 3, 3, 3, 3, 3, 3, 3, 3, 3, 3, 3, 3,
            3, 3, 3, 3, 3, 3, 3, 3, 3, 3, 3, 3, 3, 3, 3, 3, 3, 3, 3, 3, 3, 3, 3, 3,
            3, 3, 3, 3, 3, 3, 3, 3, 3, 3, 3, 3, 3, 3, 3, 3, 3, 3, 3, 3, 3, 3, 3, 3,
            3, 3, 3, 3, 3, 3, 3, 3, 3, 3, 3, 3, 3, 3, 3, 3, 3, 3, 3, 3, 3, 3, 3, 3,
            3, 3, 3, 3, 3, 3, 3, 3, 3, 3, 3, 3, 3, 3, 3, 3, 3, 3, 3, 3, 3, 3, 3, 3,
            3, 3, 3, 3, 3, 3, 3, 3, 3, 3, 3, 3, 3, 3, 3, 3, 3, 3, 3, 3, 3, 3, 3, 3,
            3, 3, 3, 3, 3, 3, 3, 3, 3, 3, 3, 3, 3, 3, 3, 3, 3, 3, 3, 3, 3, 3, 3, 3,
            3, 3, 3, 3, 3, 3, 3, 3, 3, 3, 3, 3, 3, 3, 3, 3, 3, 3, 3, 3, 3, 3, 3, 3,
            3, 3, 3, 3, 3, 3, 3, 3, 3, 3, 3, 3, 3, 3, 3, 3, 3, 3, 3, 3, 3, 3, 3, 3,
            3, 3, 3, 3, 3, 3, 3, 3, 3, 3, 3, 3, 3, 3, 3, 3, 3, 3, 3, 3, 3, 3, 3, 3,
            3, 3, 3, 3, 3, 3, 3, 3, 3, 3, 3, 3, 3, 3, 3, 3, 3, 3, 3, 3, 3, 3, 3, 3,
            3, 3, 3, 3, 3, 3, 3, 3, 3, 3, 3, 3, 3, 3, 3, 3, 3, 3, 3, 3, 3, 3, 3, 3,
            3, 3, 3, 3, 3, 3, 3, 3, 3, 3, 3, 3, 3, 3, 3, 3, 3, 3, 3, 3, 3, 3, 3, 3,
            3, 3, 3, 3, 3, 3, 3, 3, 3, 3, 3, 3, 3, 3, 3, 3, 3, 3, 3, 3, 3, 3, 3, 3,
            3, 3, 3, 3, 3, 3, 3, 3, 3, 3, 3, 3, 3, 3, 3, 3, 3, 3, 3, 3, 3, 3, 3, 3,
            3, 3, 3, 3, 3, 3, 3, 3, 3, 3, 3, 3, 3, 3, 3, 3, 3, 3, 3, 3, 3, 3, 3, 3,
            3, 3, 3, 3, 3, 3, 3, 3, 3, 3, 3, 3, 3, 3, 3, 3, 3, 3, 3, 3, 3, 3, 3, 3,
            3, 3, 3, 3, 3, 3, 3, 3, 3, 3, 3, 3, 3, 3, 3, 3, 3, 3, 3, 3, 3, 3, 3, 3,
            3, 3, 3, 3, 3, 3, 3, 3, 3, 3, 3, 3, 3, 3, 3, 3, 3, 3, 3, 3, 3, 3, 3, 3,
            3, 3, 3, 3, 3, 3, 3, 3, 3, 3, 3, 3, 3, 3, 3, 3, 3, 3, 3, 3, 3, 3, 3, 3,
            3, 3, 3, 3, 3, 3, 3, 3, 3, 3, 3, 3, 3, 3, 3, 3, 3, 3, 3, 3, 3, 3, 3, 3,
            3, 3, 3, 3, 3, 3, 3, 3, 3, 3, 3, 3, 3, 3, 3, 3, 3, 3, 3, 3, 3, 3, 3, 3,
            3, 3, 3, 3, 3, 3, 3, 3, 3, 3, 3, 3, 3, 3, 3, 3, 3, 3, 3, 3, 3, 3, 3, 3,
            3, 3, 3, 3, 3, 3, 3, 3, 3, 3, 3, 3, 3, 3, 3, 3, 3, 3, 3, 3, 3, 3, 3, 3,
            3, 3, 3, 3, 3, 3, 3, 3, 3, 3, 3, 3, 3, 3, 3, 3, 3, 3, 3, 3, 3, 3, 3, 3,
            3, 3, 3, 3, 3, 3, 3, 3, 3, 3, 3, 3, 3, 3, 3, 3, 3, 3, 3, 3, 3, 3, 3, 3,
            3, 3, 3, 3, 3, 3, 3, 3, 3, 3, 3, 3, 3, 3, 3, 3, 3, 3, 3, 3, 3, 3, 3, 3,
            3, 3, 3, 3, 3, 3, 3, 3, 3, 3, 3, 3, 3, 3, 3, 3, 3, 3, 3, 3, 3, 3, 3, 3,
            3, 3, 3, 3, 3, 3, 3, 3, 3, 3, 3, 3, 3, 3, 3, 3, 3, 3, 3, 3, 3, 3, 3, 3,
            3, 3, 3, 3, 3, 3, 3, 3, 3, 3, 3, 3, 3, 3, 3, 3, 3, 3
        ]
        int[] faceVertexIndices = [
            0, 1, 77, 0, 77, 76, 1, 2, 78, 1, 78, 77, 2, 3, 79, 2, 79, 78,
            3, 4, 80, 3, 80, 79, 4, 5, 81, 4, 81, 80, 5, 6, 82, 5, 82, 81,
            6, 7, 83, 6, 83, 82, 7, 8, 84, 7, 84, 83, 8, 9, 85, 8, 85, 84,
            9, 10, 86, 9, 86, 85, 10, 11, 87, 10, 87, 86, 11, 12, 88, 11, 88, 87,
            12, 13, 89, 12, 89, 88, 13, 14, 90, 13, 90, 89, 14, 15, 91, 14, 91, 90,
            15, 16, 92, 15, 92, 91, 16, 17, 93, 16, 93, 92, 17, 18, 94, 17, 94, 93,
            18, 19, 95, 18, 95, 94, 19, 20, 96, 19, 96, 95, 20, 21, 97, 20, 97, 96,
            21, 22, 98, 21, 98, 97, 22, 23, 99, 22, 99, 98, 23, 24, 100, 23, 100, 99,
            24, 25, 101, 24, 101, 100, 25, 26, 102, 25, 102, 101, 26, 27, 103, 26, 103, 102,
            27, 28, 104, 27, 104, 103, 28, 29, 105, 28, 105, 104, 29, 30, 106, 29, 106, 105,
            30, 31, 107, 30, 107, 106, 31, 32, 108, 31, 108, 107, 32, 33, 109, 32, 109, 108,
            33, 34, 110, 33, 110, 109, 34, 35, 111, 34, 111, 110, 35, 36, 112, 35, 112, 111,
            36, 37, 113, 36, 113, 112, 37, 38, 114, 37, 114, 113, 38, 39, 115, 38, 115, 114,
            39, 40, 116, 39, 116, 115, 40, 41, 117, 40, 117, 116, 41, 42, 118, 41, 118, 117,
            42, 43, 119, 42, 119, 118, 43, 44, 120, 43, 120, 119, 44, 45, 121, 44, 121, 120,
            45, 46, 122, 45, 122, 121, 46, 47, 123, 46, 123, 122, 47, 48, 124, 47, 124, 123,
            48, 49, 125, 48, 125, 124, 49, 50, 126, 49, 126, 125, 50, 51, 127, 50, 127, 126,
            51, 52, 128, 51, 128, 127, 52, 53, 129, 52, 129, 128, 53, 54, 130, 53, 130, 129,
            54, 55, 131, 54, 131, 130, 55, 56, 132, 55, 132, 131, 56, 57, 133, 56, 133, 132,
            57, 58, 134, 57, 134, 133, 58, 59, 135, 58, 135, 134, 59, 60, 136, 59, 136, 135,
            60, 61, 137, 60, 137, 136, 61, 62, 138, 61, 138, 137, 62, 63, 139, 62, 139, 138,
            63, 64, 140, 63, 140, 139, 64, 65, 141, 64, 141, 140, 65, 66, 142, 65, 142, 141,
            66, 67, 143, 66, 143, 142, 67, 68, 144, 67, 144, 143, 68, 69, 145, 68, 145, 144,
            69, 70, 146, 69, 146, 145, 70, 71, 147, 70, 147, 146, 71, 72, 148, 71, 148, 147,
            72, 73, 149, 72, 149, 148, 73, 74, 150, 73, 150, 149, 74, 75, 151, 74, 151, 150,
            76, 77, 153, 76, 153, 152, 77, 78, 154, 77, 154, 153, 78, 79, 155, 78, 155, 154,
            79, 80, 156, 79, 156, 155, 80, 81, 157, 80, 157, 156, 81, 82, 158, 81, 158, 157,
            82, 83, 159, 82, 159, 158, 83, 84, 160, 83, 160, 159, 84, 85, 161, 84, 161, 160,
            85, 86, 162, 85, 162, 161, 86, 87, 163, 86, 163, 162, 87, 88, 164, 87, 164, 163,
            88, 89, 165, 88, 165, 164, 89, 90, 166, 89, 166, 165, 90, 91, 167, 90, 167, 166,
            91, 92, 168, 91, 168, 167, 92, 93, 169, 92, 169, 168, 93, 94, 170, 93, 170, 169,
            94, 95, 171, 94, 171, 170, 95, 96, 172, 95, 172, 171, 96, 97, 173, 96, 173, 172,
            97, 98, 174, 97, 174, 173, 98, 99, 175, 98, 175, 174, 99, 100, 176, 99, 176, 175,
            100, 101, 177, 100, 177, 176, 101, 102, 178, 101, 178, 177, 102, 103, 179, 102, 179, 178,
            103, 104, 180, 103, 180, 179, 104, 105, 181, 104, 181, 180, 105, 106, 182, 105, 182, 181,
            106, 107, 183, 106, 183, 182, 107, 108, 184, 107, 184, 183, 108, 109, 185, 108, 185, 184,
            109, 110, 186, 109, 186, 185, 110, 111, 187, 110, 187, 186, 111, 112, 188, 111, 188, 187,
            112, 113, 189, 112, 189, 188, 113, 114, 190, 113, 190, 189, 114, 115, 191, 114, 191, 190,
            115, 116, 192, 115, 192, 191, 116, 117, 193, 116, 193, 192, 117, 118, 194, 117, 194, 193,
            118, 119, 195, 118, 195, 194, 119, 120, 196, 119, 196, 195, 120, 121, 197, 120, 197, 196,
            121, 122, 198, 121, 198, 197, 122, 123, 199, 122, 199, 198, 123, 124, 200, 123, 200, 199,
            124, 125, 201, 124, 201, 200, 125, 126, 202, 125, 202, 201, 126, 127, 203, 126, 203, 202,
            127, 128, 204, 127, 204, 203, 128, 129, 205, 128, 205, 204, 129, 130, 206, 129, 206, 205,
            130, 131, 207, 130, 207, 206, 131, 132, 208, 131, 208, 207, 132, 133, 209, 132, 209, 208,
            133, 134, 210, 133, 210, 209, 134, 135, 211, 134, 211, 210, 135, 136, 212, 135, 212, 211,
            136, 137, 213, 136, 213, 212, 137, 138, 214, 137, 214, 213, 138, 139, 215, 138, 215, 214,
            139, 140, 216, 139, 216, 215, 140, 141, 217, 140, 217, 216, 141, 142, 218, 141, 218, 217,
            142, 143, 219, 142, 219, 218, 143, 144, 220, 143, 220, 219, 144, 145, 221, 144, 221, 220,
            145, 146, 222, 145, 222, 221, 146, 147, 223, 146, 223, 222, 147, 148, 224, 147, 224, 223,
            148, 149, 225, 148, 225, 224, 149, 150, 226, 149, 226, 225, 150, 151, 227, 150, 227, 226,
            152, 153, 229, 152, 229, 228, 153, 154, 230, 153, 230, 229, 154, 155, 231, 154, 231, 230,
            155, 156, 232, 155, 232, 231, 156, 157, 233, 156, 233, 232, 157, 158, 234, 157, 234, 233,
            158, 159, 235, 158, 235, 234, 159, 160, 236, 159, 236, 235, 160, 161, 237, 160, 237, 236,
            161, 162, 238, 161, 238, 237, 162, 163, 239, 162, 239, 238, 163, 164, 240, 163, 240, 239,
            164, 165, 241, 164, 241, 240, 165, 166, 242, 165, 242, 241, 166, 167, 243, 166, 243, 242,
            167, 168, 244, 167, 244, 243, 168, 169, 245, 168, 245, 244, 169, 170, 246, 169, 246, 245,
            170, 171, 247, 170, 247, 246, 171, 172, 248, 171, 248, 247, 172, 173, 249, 172, 249, 248,
            173, 174, 250, 173, 250, 249, 174, 175, 251, 174, 251, 250, 175, 176, 252, 175, 252, 251,
            176, 177, 253, 176, 253, 252, 177, 178, 254, 177, 254, 253, 178, 179, 255, 178, 255, 254,
            179, 180, 256, 179, 256, 255, 180, 181, 257, 180, 257, 256, 181, 182, 258, 181, 258, 257,
            182, 183, 259, 182, 259, 258, 183, 184, 260, 183, 260, 259, 184, 185, 261, 184, 261, 260,
            185, 186, 262, 185, 262, 261, 186, 187, 263, 186, 263, 262, 187, 188, 264, 187, 264, 263,
            188, 189, 265, 188, 265, 264, 189, 190, 266, 189, 266, 265, 190, 191, 267, 190, 267, 266,
            191, 192, 268, 191, 268, 267, 192, 193, 269, 192, 269, 268, 193, 194, 270, 193, 270, 269,
            194, 195, 271, 194, 271, 270, 195, 196, 272, 195, 272, 271, 196, 197, 273, 196, 273, 272,
            197, 198, 274, 197, 274, 273, 198, 199, 275, 198, 275, 274, 199, 200, 276, 199, 276, 275,
            200, 201, 277, 200, 277, 276, 201, 202, 278, 201, 278, 277, 202, 203, 279, 202, 279, 278,
            203, 204, 280, 203, 280, 279, 204, 205, 281, 204, 281, 280, 205, 206, 282, 205, 282, 281,
            206, 207, 283, 206, 283, 282, 207, 208, 284, 207, 284, 283, 208, 209, 285, 208, 285, 284,
            209, 210, 286, 209, 286, 285, 210, 211, 287, 210, 287, 286, 211, 212, 288, 211, 288, 287,
            212, 213, 289, 212, 289, 288, 213, 214, 290, 213, 290, 289, 214, 215, 291, 214, 291, 290,
            215, 216, 292, 215, 292, 291, 216, 217, 293, 216, 293, 292, 217, 218, 294, 217, 294, 293,
            218, 219, 295, 218, 295, 294, 219, 220, 296, 219, 296, 295, 220, 221, 297, 220, 297, 296,
            221, 222, 298, 221, 298, 297, 222, 223, 299, 222, 299, 298, 223, 224, 300, 223, 300, 299,
            224, 225, 301, 224, 301, 300, 225, 226, 302, 225, 302, 301, 226, 227, 303, 226, 303, 302,
            228, 229, 305, 228, 305, 304, 229, 230, 306, 229, 306, 305, 230, 231, 307, 230, 307, 306,
            231, 232, 308, 231, 308, 307, 232, 233, 309, 232, 309, 308, 233, 234, 310, 233, 310, 309,
            234, 235, 311, 234, 311, 310, 235, 236, 312, 235, 312, 311, 236, 237, 313, 236, 313, 312,
            237, 238, 314, 237, 314, 313, 238, 239, 315, 238, 315, 314, 239, 240, 316, 239, 316, 315,
            240, 241, 317, 240, 317, 316, 241, 242, 318, 241, 318, 317, 242, 243, 319, 242, 319, 318,
            243, 244, 320, 243, 320, 319, 244, 245, 321, 244, 321, 320, 245, 246, 322, 245, 322, 321,
            246, 247, 323, 246, 323, 322, 247, 248, 324, 247, 324, 323, 248, 249, 325, 248, 325, 324,
            249, 250, 326, 249, 326, 325, 250, 251, 327, 250, 327, 326, 251, 252, 328, 251, 328, 327,
            252, 253, 329, 252, 329, 328, 253, 254, 330, 253, 330, 329, 254, 255, 331, 254, 331, 330,
            255, 256, 332, 255, 332, 331, 256, 257, 333, 256, 333, 332, 257, 258, 334, 257, 334, 333,
            258, 259, 335, 258, 335, 334, 259, 260, 336, 259, 336, 335, 260, 261, 337, 260, 337, 336,
            261, 262, 338, 261, 338, 337, 262, 263, 339, 262, 339, 338, 263, 264, 340, 263, 340, 339,
            264, 265, 341, 264, 341, 340, 265, 266, 342, 265, 342, 341, 266, 267, 343, 266, 343, 342,
            267, 268, 344, 267, 344, 343, 268, 269, 345, 268, 345, 344, 269, 270, 346, 269, 346, 345,
            270, 271, 347, 270, 347, 346, 271, 272, 348, 271, 348, 347, 272, 273, 349, 272, 349, 348,
            273, 274, 350, 273, 350, 349, 274, 275, 351, 274, 351, 350, 275, 276, 352, 275, 352, 351,
            276, 277, 353, 276, 353, 352, 277, 278, 354, 277, 354, 353, 278, 279, 355, 278, 355, 354,
            279, 280, 356, 279, 356, 355, 280, 281, 357, 280, 357, 356, 281, 282, 358, 281, 358, 357,
            282, 283, 359, 282, 359, 358, 283, 284, 360, 283, 360, 359, 284, 285, 361, 284, 361, 360,
            285, 286, 362, 285, 362, 361, 286, 287, 363, 286, 363, 362, 287, 288, 364, 287, 364, 363,
            288, 289, 365, 288, 365, 364, 289, 290, 366, 289, 366, 365, 290, 291, 367, 290, 367, 366,
            291, 292, 368, 291, 368, 367, 292, 293, 369, 292, 369, 368, 293, 294, 370, 293, 370, 369,
            294, 295, 371, 294, 371, 370, 295, 296, 372, 295, 372, 371, 296, 297, 373, 296, 373, 372,
            297, 298, 374, 297, 374, 373, 298, 299, 375, 298, 375, 374, 299, 300, 376, 299, 376, 375,
            300, 301, 377, 300, 377, 376, 301, 302, 378, 301, 378, 377, 302, 303, 379, 302, 379, 378,
            304, 305, 381, 304, 381, 380, 305, 306, 382, 305, 382, 381, 306, 307, 383, 306, 383, 382,
            307, 308, 384, 307, 384, 383, 308, 309, 385, 308, 385, 384, 309, 310, 386, 309, 386, 385,
            310, 311, 387, 310, 387, 386, 311, 312, 388, 311, 388, 387, 312, 313, 389, 312, 389, 388,
            313, 314, 390, 313, 390, 389, 314, 315, 391, 314, 391, 390, 315, 316, 392, 315, 392, 391,
            316, 317, 393, 316, 393, 392, 317, 318, 394, 317, 394, 393, 318, 319, 395, 318, 395, 394,
            319, 320, 396, 319, 396, 395, 320, 321, 397, 320, 397, 396, 321, 322, 398, 321, 398, 397,
            322, 323, 399, 322, 399, 398, 323, 324, 400, 323, 400, 399, 324, 325, 401, 324, 401, 400,
            325, 326, 402, 325, 402, 401, 326, 327, 403, 326, 403, 402, 327, 328, 404, 327, 404, 403,
            328, 329, 405, 328, 405, 404, 329, 330, 406, 329, 406, 405, 330, 331, 407, 330, 407, 406,
            331, 332, 408, 331, 408, 407, 332, 333, 409, 332, 409, 408, 333, 334, 410, 333, 410, 409,
            334, 335, 411, 334, 411, 410, 335, 336, 412, 335, 412, 411, 336, 337, 413, 336, 413, 412,
            337, 338, 414, 337, 414, 413, 338, 339, 415, 338, 415, 414, 339, 340, 416, 339, 416, 415,
            340, 341, 417, 340, 417, 416, 341, 342, 418, 341, 418, 417, 342, 343, 419, 342, 419, 418,
            343, 344, 420, 343, 420, 419, 344, 345, 421, 344, 421, 420, 345, 346, 422, 345, 422, 421,
            346, 347, 423, 346, 423, 422, 347, 348, 424, 347, 424, 423, 348, 349, 425, 348, 425, 424,
            349, 350, 426, 349, 426, 425, 350, 351, 427, 350, 427, 426, 351, 352, 428, 351, 428, 427,
            352, 353, 429, 352, 429, 428, 353, 354, 430, 353, 430, 429, 354, 355, 431, 354, 431, 430,
            355, 356, 432, 355, 432, 431, 356, 357, 433, 356, 433, 432, 357, 358, 434, 357, 434, 433,
            358, 359, 435, 358, 435, 434, 359, 360, 436, 359, 436, 435, 360, 361, 437, 360, 437, 436,
            361, 362, 438, 361, 438, 437, 362, 363, 439, 362, 439, 438, 363, 364, 440, 363, 440, 439,
            364, 365, 441, 364, 441, 440, 365, 366, 442, 365, 442, 441, 366, 367, 443, 366, 443, 442,
            367, 368, 444, 367, 444, 443, 368, 369, 445, 368, 445, 444, 369, 370, 446, 369, 446, 445,
            370, 371, 447, 370, 447, 446, 371, 372, 448, 371, 448, 447, 372, 373, 449, 372, 449, 448,
            373, 374, 450, 373, 450, 449, 374, 375, 451, 374, 451, 450, 375, 376, 452, 375, 452, 451,
            376, 377, 453, 376, 453, 452, 377, 378, 454, 377, 454, 453, 378, 379, 455, 378, 455, 454,
            380, 381, 457, 380, 457, 456, 381, 382, 458, 381, 458, 457, 382, 383, 459, 382, 459, 458,
            383, 384, 460, 383, 460, 459, 384, 385, 461, 384, 461, 460, 385, 386, 462, 385, 462, 461,
            386, 387, 463, 386, 463, 462, 387, 388, 464, 387, 464, 463, 388, 389, 465, 388, 465, 464,
            389, 390, 466, 389, 466, 465, 390, 391, 467, 390, 467, 466, 391, 392, 468, 391, 468, 467,
            392, 393, 469, 392, 469, 468, 393, 394, 470, 393, 470, 469, 394, 395, 471, 394, 471, 470,
            395, 396, 472, 395, 472, 471, 396, 397, 473, 396, 473, 472, 397, 398, 474, 397, 474, 473,
            398, 399, 475, 398, 475, 474, 399, 400, 476, 399, 476, 475, 400, 401, 477, 400, 477, 476,
            401, 402, 478, 401, 478, 477, 402, 403, 479, 402, 479, 478, 403, 404, 480, 403, 480, 479,
            404, 405, 481, 404, 481, 480, 405, 406, 482, 405, 482, 481, 406, 407, 483, 406, 483, 482,
            407, 408, 484, 407, 484, 483, 408, 409, 485, 408, 485, 484, 409, 410, 486, 409, 486, 485,
            410, 411, 487, 410, 487, 486, 411, 412, 488, 411, 488, 487, 412, 413, 489, 412, 489, 488,
            413, 414, 490, 413, 490, 489, 414, 415, 491, 414, 491, 490, 415, 416, 492, 415, 492, 491,
            416, 417, 493, 416, 493, 492, 417, 418, 494, 417, 494, 493, 418, 419, 495, 418, 495, 494,
            419, 420, 496, 419, 496, 495, 420, 421, 497, 420, 497, 496, 421, 422, 498, 421, 498, 497,
            422, 423, 499, 422, 499, 498, 423, 424, 500, 423, 500, 499, 424, 425, 501, 424, 501, 500,
            425, 426, 502, 425, 502, 501, 426, 427, 503, 426, 503, 502, 427, 428, 504, 427, 504, 503,
            428, 429, 505, 428, 505, 504, 429, 430, 506, 429, 506, 505, 430, 431, 507, 430, 507, 506,
            431, 432, 508, 431, 508, 507, 432, 433, 509, 432, 509, 508, 433, 434, 510, 433, 510, 509,
            434, 435, 511, 434, 511, 510, 435, 436, 512, 435, 512, 511, 436, 437, 513, 436, 513, 512,
            437, 438, 514, 437, 514, 513, 438, 439, 515, 438, 515, 514, 439, 440, 516, 439, 516, 515,
            440, 441, 517, 440, 517, 516, 441, 442, 518, 441, 518, 517, 442, 443, 519, 442, 519, 518,
            443, 444, 520, 443, 520, 519, 444, 445, 521, 444, 521, 520, 445, 446, 522, 445, 522, 521,
            446, 447, 523, 446, 523, 522, 447, 448, 524, 447, 524, 523, 448, 449, 525, 448, 525, 524,
            449, 450, 526, 449, 526, 525, 450, 451, 527, 450, 527, 526, 451, 452, 528, 451, 528, 527,
            452, 453, 529, 452, 529, 528, 453, 454, 530, 453, 530, 529, 454, 455, 531, 454, 531, 530,
            456, 457, 533, 456, 533, 532, 457, 458, 534, 457, 534, 533, 458, 459, 535, 458, 535, 534,
            459, 460, 536, 459, 536, 535, 460, 461, 537, 460, 537, 536, 461, 462, 538, 461, 538, 537,
            462, 463, 539, 462, 539, 538, 463, 464, 540, 463, 540, 539, 464, 465, 541, 464, 541, 540,
            465, 466, 542, 465, 542, 541, 466, 467, 543, 466, 543, 542, 467, 468, 544, 467, 544, 543,
            468, 469, 545, 468, 545, 544, 469, 470, 546, 469, 546, 545, 470, 471, 547, 470, 547, 546,
            471, 472, 548, 471, 548, 547, 472, 473, 549, 472, 549, 548, 473, 474, 550, 473, 550, 549,
            474, 475, 551, 474, 551, 550, 475, 476, 552, 475, 552, 551, 476, 477, 553, 476, 553, 552,
            477, 478, 554, 477, 554, 553, 478, 479, 555, 478, 555, 554, 479, 480, 556, 479, 556, 555,
            480, 481, 557, 480, 557, 556, 481, 482, 558, 481, 558, 557, 482, 483, 559, 482, 559, 558,
            483, 484, 560, 483, 560, 559, 484, 485, 561, 484, 561, 560, 485, 486, 562, 485, 562, 561,
            486, 487, 563, 486, 563, 562, 487, 488, 564, 487, 564, 563, 488, 489, 565, 488, 565, 564,
            489, 490, 566, 489, 566, 565, 490, 491, 567, 490, 567, 566, 491, 492, 568, 491, 568, 567,
            492, 493, 569, 492, 569, 568, 493, 494, 570, 493, 570, 569, 494, 495, 571, 494, 571, 570,
            495, 496, 572, 495, 572, 571, 496, 497, 573, 496, 573, 572, 497, 498, 574, 497, 574, 573,
            498, 499, 575, 498, 575, 574, 499, 500, 576, 499, 576, 575, 500, 501, 577, 500, 577, 576,
            501, 502, 578, 501, 578, 577, 502, 503, 579, 502, 579, 578, 503, 504, 580, 503, 580, 579,
            504, 505, 581, 504, 581, 580, 505, 506, 582, 505, 582, 581, 506, 507, 583, 506, 583, 582,
            507, 508, 584, 507, 584, 583, 508, 509, 585, 508, 585, 584, 509, 510, 586, 509, 586, 585,
            510, 511, 587, 510, 587, 586, 511, 512, 588, 511, 588, 587, 512, 513, 589, 512, 589, 588,
            513, 514, 590, 513, 590, 589, 514, 515, 591, 514, 591, 590, 515, 516, 592, 515, 592, 591,
            516, 517, 593, 516, 593, 592, 517, 518, 594, 517, 594, 593, 518, 519, 595, 518, 595, 594,
            519, 520, 596, 519, 596, 595, 520, 521, 597, 520, 597, 596, 521, 522, 598, 521, 598, 597,
            522, 523, 599, 522, 599, 598, 523, 524, 600, 523, 600, 599, 524, 525, 601, 524, 601, 600,
            525, 526, 602, 525, 602, 601, 526, 527, 603, 526, 603, 602, 527, 528, 604, 527, 604, 603,
            528, 529, 605, 528, 605, 604, 529, 530, 606, 529, 606, 605, 530, 531, 607, 530, 607, 606,
            532, 533, 609, 532, 609, 608, 533, 534, 610, 533, 610, 609, 534, 535, 611, 534, 611, 610,
            535, 536, 612, 535, 612, 611, 536, 537, 613, 536, 613, 612, 537, 538, 614, 537, 614, 613,
            538, 539, 615, 538, 615, 614, 539, 540, 616, 539, 616, 615, 540, 541, 617, 540, 617, 616,
            541, 542, 618, 541, 618, 617, 542, 543, 619, 542, 619, 618, 543, 544, 620, 543, 620, 619,
            544, 545, 621, 544, 621, 620, 545, 546, 622, 545, 622, 621, 546, 547, 623, 546, 623, 622,
            547, 548, 624, 547, 624, 623, 548, 549, 625, 548, 625, 624, 549, 550, 626, 549, 626, 625,
            550, 551, 627, 550, 627, 626, 551, 552, 628, 551, 628, 627, 552, 553, 629, 552, 629, 628,
            553, 554, 630, 553, 630, 629, 554, 555, 631, 554, 631, 630, 555, 556, 632, 555, 632, 631,
            556, 557, 633, 556, 633, 632, 557, 558, 634, 557, 634, 633, 558, 559, 635, 558, 635, 634,
            559, 560, 636, 559, 636, 635, 560, 561, 637, 560, 637, 636, 561, 562, 638, 561, 638, 637,
            562, 563, 639, 562, 639, 638, 563, 564, 640, 563, 640, 639, 564, 565, 641, 564, 641, 640,
            565, 566, 642, 565, 642, 641, 566, 567, 643, 566, 643, 642, 567, 568, 644, 567, 644, 643,
            568, 569, 645, 568, 645, 644, 569, 570, 646, 569, 646, 645, 570, 571, 647, 570, 647, 646,
            571, 572, 648, 571, 648, 647, 572, 573, 649, 572, 649, 648, 573, 574, 650, 573, 650, 649,
            574, 575, 651, 574, 651, 650, 575, 576, 652, 575, 652, 651, 576, 577, 653, 576, 653, 652,
            577, 578, 654, 577, 654, 653, 578, 579, 655, 578, 655, 654, 579, 580, 656, 579, 656, 655,
            580, 581, 657, 580, 657, 656, 581, 582, 658, 581, 658, 657, 582, 583, 659, 582, 659, 658,
            583, 584, 660, 583, 660, 659, 584, 585, 661, 584, 661, 660, 585, 586, 662, 585, 662, 661,
            586, 587, 663, 586, 663, 662, 587, 588, 664, 587, 664, 663, 588, 589, 665, 588, 665, 664,
            589, 590, 666, 589, 666, 665, 590, 591, 667, 590, 667, 666, 591, 592, 668, 591, 668, 667,
            592, 593, 669, 592, 669, 668, 593, 594, 670, 593, 670, 669, 594, 595, 671, 594, 671, 670,
            595, 596, 672, 595, 672, 671, 596, 597, 673, 596, 673, 672, 597, 598, 674, 597, 674, 673,
            598, 599, 675, 598, 675, 674, 599, 600, 676, 599, 676, 675, 600, 601, 677, 600, 677, 676,
            601, 602, 678, 601, 678, 677, 602, 603, 679, 602, 679, 678, 603, 604, 680, 603, 680, 679,
            604, 605, 681, 604, 681, 680, 605, 606, 682, 605, 682, 681, 606, 607, 683, 606, 683, 682,
            608, 609, 685, 608, 685, 684, 609, 610, 686, 609, 686, 685, 610, 611, 687, 610, 687, 686,
            611, 612, 688, 611, 688, 687, 612, 613, 689, 612, 689, 688, 613, 614, 690, 613, 690, 689,
            614, 615, 691, 614, 691, 690, 615, 616, 692, 615, 692, 691, 616, 617, 693, 616, 693, 692,
            617, 618, 694, 617, 694, 693, 618, 619, 695, 618, 695, 694, 619, 620, 696, 619, 696, 695,
            620, 621, 697, 620, 697, 696, 621, 622, 698, 621, 698, 697, 622, 623, 699, 622, 699, 698,
            623, 624, 700, 623, 700, 699, 624, 625, 701, 624, 701, 700, 625, 626, 702, 625, 702, 701,
            626, 627, 703, 626, 703, 702, 627, 628, 704, 627, 704, 703, 628, 629, 705, 628, 705, 704,
            629, 630, 706, 629, 706, 705, 630, 631, 707, 630, 707, 706, 631, 632, 708, 631, 708, 707,
            632, 633, 709, 632, 709, 708, 633, 634, 710, 633, 710, 709, 634, 635, 711, 634, 711, 710,
            635, 636, 712, 635, 712, 711, 636, 637, 713, 636, 713, 712, 637, 638, 714, 637, 714, 713,
            638, 639, 715, 638, 715, 714, 639, 640, 716, 639, 716, 715, 640, 641, 717, 640, 717, 716,
            641, 642, 718, 641, 718, 717, 642, 643, 719, 642, 719, 718, 643, 644, 720, 643, 720, 719,
            644, 645, 721, 644, 721, 720, 645, 646, 722, 645, 722, 721, 646, 647, 723, 646, 723, 722,
            647, 648, 724, 647, 724, 723, 648, 649, 725, 648, 725, 724, 649, 650, 726, 649, 726, 725,
            650, 651, 727, 650, 727, 726, 651, 652, 728, 651, 728, 727, 652, 653, 729, 652, 729, 728,
            653, 654, 730, 653, 730, 729, 654, 655, 731, 654, 731, 730, 655, 656, 732, 655, 732, 731,
            656, 657, 733, 656, 733, 732, 657, 658, 734, 657, 734, 733, 658, 659, 735, 658, 735, 734,
            659, 660, 736, 659, 736, 735, 660, 661, 737, 660, 737, 736, 661, 662, 738, 661, 738, 737,
            662, 663, 739, 662, 739, 738, 663, 664, 740, 663, 740, 739, 664, 665, 741, 664, 741, 740,
            665, 666, 742, 665, 742, 741, 666, 667, 743, 666, 743, 742, 667, 668, 744, 667, 744, 743,
            668, 669, 745, 668, 745, 744, 669, 670, 746, 669, 746, 745, 670, 671, 747, 670, 747, 746,
            671, 672, 748, 671, 748, 747, 672, 673, 749, 672, 749, 748, 673, 674, 750, 673, 750, 749,
            674, 675, 751, 674, 751, 750, 675, 676, 752, 675, 752, 751, 676, 677, 753, 676, 753, 752,
            677, 678, 754, 677, 754, 753, 678, 679, 755, 678, 755, 754, 679, 680, 756, 679, 756, 755,
            680, 681, 757, 680, 757, 756, 681, 682, 758, 681, 758, 757, 682, 683, 759, 682, 759, 758,
            684, 685, 761, 684, 761, 760, 685, 686, 762, 685, 762, 761, 686, 687, 763, 686, 763, 762,
            687, 688, 764, 687, 764, 763, 688, 689, 765, 688, 765, 764, 689, 690, 766, 689, 766, 765,
            690, 691, 767, 690, 767, 766, 691, 692, 768, 691, 768, 767, 692, 693, 769, 692, 769, 768,
            693, 694, 770, 693, 770, 769, 694, 695, 771, 694, 771, 770, 695, 696, 772, 695, 772, 771,
            696, 697, 773, 696, 773, 772, 697, 698, 774, 697, 774, 773, 698, 699, 775, 698, 775, 774,
            699, 700, 776, 699, 776, 775, 700, 701, 777, 700, 777, 776, 701, 702, 778, 701, 778, 777,
            702, 703, 779, 702, 779, 778, 703, 704, 780, 703, 780, 779, 704, 705, 781, 704, 781, 780,
            705, 706, 782, 705, 782, 781, 706, 707, 783, 706, 783, 782, 707, 708, 784, 707, 784, 783,
            708, 709, 785, 708, 785, 784, 709, 710, 786, 709, 786, 785, 710, 711, 787, 710, 787, 786,
            711, 712, 788, 711, 788, 787, 712, 713, 789, 712, 789, 788, 713, 714, 790, 713, 790, 789,
            714, 715, 791, 714, 791, 790, 715, 716, 792, 715, 792, 791, 716, 717, 793, 716, 793, 792,
            717, 718, 794, 717, 794, 793, 718, 719, 795, 718, 795, 794, 719, 720, 796, 719, 796, 795,
            720, 721, 797, 720, 797, 796, 721, 722, 798, 721, 798, 797, 722, 723, 799, 722, 799, 798,
            723, 724, 800, 723, 800, 799, 724, 725, 801, 724, 801, 800, 725, 726, 802, 725, 802, 801,
            726, 727, 803, 726, 803, 802, 727, 728, 804, 727, 804, 803, 728, 729, 805, 728, 805, 804,
            729, 730, 806, 729, 806, 805, 730, 731, 807, 730, 807, 806, 731, 732, 808, 731, 808, 807,
            732, 733, 809, 732, 809, 808, 733, 734, 810, 733, 810, 809, 734, 735, 811, 734, 811, 810,
            735, 736, 812, 735, 812, 811, 736, 737, 813, 736, 813, 812, 737, 738, 814, 737, 814, 813,
            738, 739, 815, 738, 815, 814, 739, 740, 816, 739, 816, 815, 740, 741, 817, 740, 817, 816,
            741, 742, 818, 741, 818, 817, 742, 743, 819, 742, 819, 818, 743, 744, 820, 743, 820, 819,
            744, 745, 821, 744, 821, 820, 745, 746, 822, 745, 822, 821, 746, 747, 823, 746, 823, 822,
            747, 748, 824, 747, 824, 823, 748, 749, 825, 748, 825, 824, 749, 750, 826, 749, 826, 825,
            750, 751, 827, 750, 827, 826, 751, 752, 828, 751, 828, 827, 752, 753, 829, 752, 829, 828,
            753, 754, 830, 753, 830, 829, 754, 755, 831, 754, 831, 830, 755, 756, 832, 755, 832, 831,
            756, 757, 833, 756, 833, 832, 757, 758, 834, 757, 834, 833, 758, 759, 835, 758, 835, 834,
            760, 761, 837, 760, 837, 836, 761, 762, 838, 761, 838, 837, 762, 763, 839, 762, 839, 838,
            763, 764, 840, 763, 840, 839, 764, 765, 841, 764, 841, 840, 765, 766, 842, 765, 842, 841,
            766, 767, 843, 766, 843, 842, 767, 768, 844, 767, 844, 843, 768, 769, 845, 768, 845, 844,
            769, 770, 846, 769, 846, 845, 770, 771, 847, 770, 847, 846, 771, 772, 848, 771, 848, 847,
            772, 773, 849, 772, 849, 848, 773, 774, 850, 773, 850, 849, 774, 775, 851, 774, 851, 850,
            775, 776, 852, 775, 852, 851, 776, 777, 853, 776, 853, 852, 777, 778, 854, 777, 854, 853,
            778, 779, 855, 778, 855, 854, 779, 780, 856, 779, 856, 855, 780, 781, 857, 780, 857, 856,
            781, 782, 858, 781, 858, 857, 782, 783, 859, 782, 859, 858, 783, 784, 860, 783, 860, 859,
            784, 785, 861, 784, 861, 860, 785, 786, 862, 785, 862, 861, 786, 787, 863, 786, 863, 862,
            787, 788, 864, 787, 864, 863, 788, 789, 865, 788, 865, 864, 789, 790, 866, 789, 866, 865,
            790, 791, 867, 790, 867, 866, 791, 792, 868, 791, 868, 867, 792, 793, 869, 792, 869, 868,
            793, 794, 870, 793, 870, 869, 794, 795, 871, 794, 871, 870, 795, 796, 872, 795, 872, 871,
            796, 797, 873, 796, 873, 872, 797, 798, 874, 797, 874, 873, 798, 799, 875, 798, 875, 874,
            799, 800, 876, 799, 876, 875, 800, 801, 877, 800, 877, 876, 801, 802, 878, 801, 878, 877,
            802, 803, 879, 802, 879, 878, 803, 804, 880, 803, 880, 879, 804, 805, 881, 804, 881, 880,
            805, 806, 882, 805, 882, 881, 806, 807, 883, 806, 883, 882, 807, 808, 884, 807, 884, 883,
            808, 809, 885, 808, 885, 884, 809, 810, 886, 809, 886, 885, 810, 811, 887, 810, 887, 886,
            811, 812, 888, 811, 888, 887, 812, 813, 889, 812, 889, 888, 813, 814, 890, 813, 890, 889,
            814, 815, 891, 814, 891, 890, 815, 816, 892, 815, 892, 891, 816, 817, 893, 816, 893, 892,
            817, 818, 894, 817, 894, 893, 818, 819, 895, 818, 895, 894, 819, 820, 896, 819, 896, 895,
            820, 821, 897, 820, 897, 896, 821, 822, 898, 821, 898, 897, 822, 823, 899, 822, 899, 898,
            823, 824, 900, 823, 900, 899, 824, 825, 901, 824, 901, 900, 825, 826, 902, 825, 902, 901,
            826, 827, 903, 826, 903, 902, 827, 828, 904, 827, 904, 903, 828, 829, 905, 828, 905, 904,
            829, 830, 906, 829, 906, 905, 830, 831, 907, 830, 907, 906, 831, 832, 908, 831, 908, 907,
            832, 833, 909, 832, 909, 908, 833, 834, 910, 833, 910, 909, 834, 835, 911, 834, 911, 910,
            836, 837, 913, 836, 913, 912, 837, 838, 914, 837, 914, 913, 838, 839, 915, 838, 915, 914,
            839, 840, 916, 839, 916, 915, 840, 841, 917, 840, 917, 916, 841, 842, 918, 841, 918, 917,
            842, 843, 919, 842, 919, 918, 843, 844, 920, 843, 920, 919, 844, 845, 921, 844, 921, 920,
            845, 846, 922, 845, 922, 921, 846, 847, 923, 846, 923, 922, 847, 848, 924, 847, 924, 923,
            848, 849, 925, 848, 925, 924, 849, 850, 926, 849, 926, 925, 850, 851, 927, 850, 927, 926,
            851, 852, 928, 851, 928, 927, 852, 853, 929, 852, 929, 928, 853, 854, 930, 853, 930, 929,
            854, 855, 931, 854, 931, 930, 855, 856, 932, 855, 932, 931, 856, 857, 933, 856, 933, 932,
            857, 858, 934, 857, 934, 933, 858, 859, 935, 858, 935, 934, 859, 860, 936, 859, 936, 935,
            860, 861, 937, 860, 937, 936, 861, 862, 938, 861, 938, 937, 862, 863, 939, 862, 939, 938,
            863, 864, 940, 863, 940, 939, 864, 865, 941, 864, 941, 940, 865, 866, 942, 865, 942, 941,
            866, 867, 943, 866, 943, 942, 867, 868, 944, 867, 944, 943, 868, 869, 945, 868, 945, 944,
            869, 870, 946, 869, 946, 945, 870, 871, 947, 870, 947, 946, 871, 872, 948, 871, 948, 947,
            872, 873, 949, 872, 949, 948, 873, 874, 950, 873, 950, 949, 874, 875, 951, 874, 951, 950,
            875, 876, 952, 875, 952, 951, 876, 877, 953, 876, 953, 952, 877, 878, 954, 877, 954, 953,
            878, 879, 955, 878, 955, 954, 879, 880, 956, 879, 956, 955, 880, 881, 957, 880, 957, 956,
            881, 882, 958, 881, 958, 957, 882, 883, 959, 882, 959, 958, 883, 884, 960, 883, 960, 959,
            884, 885, 961, 884, 961, 960, 885, 886, 962, 885, 962, 961, 886, 887, 963, 886, 963, 962,
            887, 888, 964, 887, 964, 963, 888, 889, 965, 888, 965, 964, 889, 890, 966, 889, 966, 965,
            890, 891, 967, 890, 967, 966, 891, 892, 968, 891, 968, 967, 892, 893, 969, 892, 969, 968,
            893, 894, 970, 893, 970, 969, 894, 895, 971, 894, 971, 970, 895, 896, 972, 895, 972, 971,
            896, 897, 973, 896, 973, 972, 897, 898, 974, 897, 974, 973, 898, 899, 975, 898, 975, 974,
            899, 900, 976, 899, 976, 975, 900, 901, 977, 900, 977, 976, 901, 902, 978, 901, 978, 977,
            902, 903, 979, 902, 979, 978, 903, 904, 980, 903, 980, 979, 904, 905, 981, 904, 981, 980,
            905, 906, 982, 905, 982, 981, 906, 907, 983, 906, 983, 982, 907, 908, 984, 907, 984, 983,
            908, 909, 985, 908, 985, 984, 909, 910, 986, 909, 986, 985, 910, 911, 987, 910, 987, 986,
            912, 913, 989, 912, 989, 988, 913, 914, 990, 913, 990, 989, 914, 915, 991, 914, 991, 990,
            915, 916, 992, 915, 992, 991, 916, 917, 993, 916, 993, 992, 917, 918, 994, 917, 994, 993,
            918, 919, 995, 918, 995, 994, 919, 920, 996, 919, 996, 995, 920, 921, 997, 920, 997, 996,
            921, 922, 998, 921, 998, 997, 922, 923, 999, 922, 999, 998, 923, 924, 1000, 923, 1000, 999,
            924, 925, 1001, 924, 1001, 1000, 925, 926, 1002, 925, 1002, 1001, 926, 927, 1003, 926, 1003, 1002,
            927, 928, 1004, 927, 1004, 1003, 928, 929, 1005, 928, 1005, 1004, 929, 930, 1006, 929, 1006, 1005,
            930, 931, 1007, 930, 1007, 1006, 931, 932, 1008, 931, 1008, 1007, 932, 933, 1009, 932, 1009, 1008,
            933, 934, 1010, 933, 1010, 1009, 934, 935, 1011, 934, 1011, 1010, 935, 936, 1012, 935, 1012, 1011,
            936, 937, 1013, 936, 1013, 1012, 937, 938, 1014, 937, 1014, 1013, 938, 939, 1015, 938, 1015, 1014,
            939, 940, 1016, 939, 1016, 1015, 940, 941, 1017, 940, 1017, 1016, 941, 942, 1018, 941, 1018, 1017,
            942, 943, 1019, 942, 1019, 1018, 943, 944, 1020, 943, 1020, 1019, 944, 945, 1021, 944, 1021, 1020,
            945, 946, 1022, 945, 1022, 1021, 946, 947, 1023, 946, 1023, 1022, 947, 948, 1024, 947, 1024, 1023,
            948, 949, 1025, 948, 1025, 1024, 949, 950, 1026, 949, 1026, 1025, 950, 951, 1027, 950, 1027, 1026,
            951, 952, 1028, 951, 1028, 1027, 952, 953, 1029, 952, 1029, 1028, 953, 954, 1030, 953, 1030, 1029,
            954, 955, 1031, 954, 1031, 1030, 955, 956, 1032, 955, 1032, 1031, 956, 957, 1033, 956, 1033, 1032,
            957, 958, 1034, 957, 1034, 1033, 958, 959, 1035, 958, 1035, 1034, 959, 960, 1036, 959, 1036, 1035,
            960, 961, 1037, 960, 1037, 1036, 961, 962, 1038, 961, 1038, 1037, 962, 963, 1039, 962, 1039, 1038,
            963, 964, 1040, 963, 1040, 1039, 964, 965, 1041, 964, 1041, 1040, 965, 966, 1042, 965, 1042, 1041,
            966, 967, 1043, 966, 1043, 1042, 967, 968, 1044, 967, 1044, 1043, 968, 969, 1045, 968, 1045, 1044,
            969, 970, 1046, 969, 1046, 1045, 970, 971, 1047, 970, 1047, 1046, 971, 972, 1048, 971, 1048, 1047,
            972, 973, 1049, 972, 1049, 1048, 973, 974, 1050, 973, 1050, 1049, 974, 975, 1051, 974, 1051, 1050,
            975, 976, 1052, 975, 1052, 1051, 976, 977, 1053, 976, 1053, 1052, 977, 978, 1054, 977, 1054, 1053,
            978, 979, 1055, 978, 1055, 1054, 979, 980, 1056, 979, 1056, 1055, 980, 981, 1057, 980, 1057, 1056,
            981, 982, 1058, 981, 1058, 1057, 982, 983, 1059, 982, 1059, 1058, 983, 984, 1060, 983, 1060, 1059,
            984, 985, 1061, 984, 1061, 1060, 985, 986, 1062, 985, 1062, 1061, 986, 987, 1063, 986, 1063, 1062,
            988, 989, 1065, 988, 1065, 1064, 989, 990, 1066, 989, 1066, 1065, 990, 991, 1067, 990, 1067, 1066,
            991, 992, 1068, 991, 1068, 1067, 992, 993, 1069, 992, 1069, 1068, 993, 994, 1070, 993, 1070, 1069,
            994, 995, 1071, 994, 1071, 1070, 995, 996, 1072, 995, 1072, 1071, 996, 997, 1073, 996, 1073, 1072,
            997, 998, 1074, 997, 1074, 1073, 998, 999, 1075, 998, 1075, 1074, 999, 1000, 1076, 999, 1076, 1075,
            1000, 1001, 1077, 1000, 1077, 1076, 1001, 1002, 1078, 1001, 1078, 1077, 1002, 1003, 1079, 1002, 1079, 1078,
            1003, 1004, 1080, 1003, 1080, 1079, 1004, 1005, 1081, 1004, 1081, 1080, 1005, 1006, 1082, 1005, 1082, 1081,
            1006, 1007, 1083, 1006, 1083, 1082, 1007, 1008, 1084, 1007, 1084, 1083, 1008, 1009, 1085, 1008, 1085, 1084,
            1009, 1010, 1086, 1009, 1086, 1085, 1010, 1011, 1087, 1010, 1087, 1086, 1011, 1012, 1088, 1011, 1088, 1087,
            1012, 1013, 1089, 1012, 1089, 1088, 1013, 1014, 1090, 1013, 1090, 1089, 1014, 1015, 1091, 1014, 1091, 1090,
            1015, 1016, 1092, 1015, 1092, 1091, 1016, 1017, 1093, 1016, 1093, 1092, 1017, 1018, 1094, 1017, 1094, 1093,
            1018, 1019, 1095, 1018, 1095, 1094, 1019, 1020, 1096, 1019, 1096, 1095, 1020, 1021, 1097, 1020, 1097, 1096,
            1021, 1022, 1098, 1021, 1098, 1097, 1022, 1023, 1099, 1022, 1099, 1098, 1023, 1024, 1100, 1023, 1100, 1099,
            1024, 1025, 1101, 1024, 1101, 1100, 1025, 1026, 1102, 1025, 1102, 1101, 1026, 1027, 1103, 1026, 1103, 1102,
            1027, 1028, 1104, 1027, 1104, 1103, 1028, 1029, 1105, 1028, 1105, 1104, 1029, 1030, 1106, 1029, 1106, 1105,
            1030, 1031, 1107, 1030, 1107, 1106, 1031, 1032, 1108, 1031, 1108, 1107, 1032, 1033, 1109, 1032, 1109, 1108,
            1033, 1034, 1110, 1033, 1110, 1109, 1034, 1035, 1111, 1034, 1111, 1110, 1035, 1036, 1112, 1035, 1112, 1111,
            1036, 1037, 1113, 1036, 1113, 1112, 1037, 1038, 1114, 1037, 1114, 1113, 1038, 1039, 1115, 1038, 1115, 1114,
            1039, 1040, 1116, 1039, 1116, 1115, 1040, 1041, 1117, 1040, 1117, 1116, 1041, 1042, 1118, 1041, 1118, 1117,
            1042, 1043, 1119, 1042, 1119, 1118, 1043, 1044, 1120, 1043, 1120, 1119, 1044, 1045, 1121, 1044, 1121, 1120,
            1045, 1046, 1122, 1045, 1122, 1121, 1046, 1047, 1123, 1046, 1123, 1122, 1047, 1048, 1124, 1047, 1124, 1123,
            1048, 1049, 1125, 1048, 1125, 1124, 1049, 1050, 1126, 1049, 1126, 1125, 1050, 1051, 1127, 1050, 1127, 1126,
            1051, 1052, 1128, 1051, 1128, 1127, 1052, 1053, 1129, 1052, 1129, 1128, 1053, 1054, 1130, 1053, 1130, 1129,
            1054, 1055, 1131, 1054, 1131, 1130, 1055, 1056, 1132, 1055, 1132, 1131, 1056, 1057, 1133, 1056, 1133, 1132,
            1057, 1058, 1134, 1057, 1134, 1133, 1058, 1059, 1135, 1058, 1135, 1134, 1059, 1060, 1136, 1059, 1136, 1135,
            1060, 1061, 1137, 1060, 1137, 1136, 1061, 1062, 1138, 1061, 1138, 1137, 1062, 1063, 1139, 1062, 1139, 1138,
            1064, 1065, 1141, 1064, 1141, 1140, 1065, 1066, 1142, 1065, 1142, 1141, 1066, 1067, 1143, 1066, 1143, 1142,
            1067, 1068, 1144, 1067, 1144, 1143, 1068, 1069, 1145, 1068, 1145, 1144, 1069, 1070, 1146, 1069, 1146, 1145,
            1070, 1071, 1147, 1070, 1147, 1146, 1071, 1072, 1148, 1071, 1148, 1147, 1072, 1073, 1149, 1072, 1149, 1148,
            1073, 1074, 1150, 1073, 1150, 1149, 1074, 1075, 1151, 1074, 1151, 1150, 1075, 1076, 1152, 1075, 1152, 1151,
            1076, 1077, 1153, 1076, 1153, 1152, 1077, 1078, 1154, 1077, 1154, 1153, 1078, 1079, 1155, 1078, 1155, 1154,
            1079, 1080, 1156, 1079, 1156, 1155, 1080, 1081, 1157, 1080, 1157, 1156, 1081, 1082, 1158, 1081, 1158, 1157,
            1082, 1083, 1159, 1082, 1159, 1158, 1083, 1084, 1160, 1083, 1160, 1159, 1084, 1085, 1161, 1084, 1161, 1160,
            1085, 1086, 1162, 1085, 1162, 1161, 1086, 1087, 1163, 1086, 1163, 1162, 1087, 1088, 1164, 1087, 1164, 1163,
            1088, 1089, 1165, 1088, 1165, 1164, 1089, 1090, 1166, 1089, 1166, 1165, 1090, 1091, 1167, 1090, 1167, 1166,
            1091, 1092, 1168, 1091, 1168, 1167, 1092, 1093, 1169, 1092, 1169, 1168, 1093, 1094, 1170, 1093, 1170, 1169,
            1094, 1095, 1171, 1094, 1171, 1170, 1095, 1096, 1172, 1095, 1172, 1171, 1096, 1097, 1173, 1096, 1173, 1172,
            1097, 1098, 1174, 1097, 1174, 1173, 1098, 1099, 1175, 1098, 1175, 1174, 1099, 1100, 1176, 1099, 1176, 1175,
            1100, 1101, 1177, 1100, 1177, 1176, 1101, 1102, 1178, 1101, 1178, 1177, 1102, 1103, 1179, 1102, 1179, 1178,
            1103, 1104, 1180, 1103, 1180, 1179, 1104, 1105, 1181, 1104, 1181, 1180, 1105, 1106, 1182, 1105, 1182, 1181,
            1106, 1107, 1183, 1106, 1183, 1182, 1107, 1108, 1184, 1107, 1184, 1183, 1108, 1109, 1185, 1108, 1185, 1184,
            1109, 1110, 1186, 1109, 1186, 1185, 1110, 1111, 1187, 1110, 1187, 1186, 1111, 1112, 1188, 1111, 1188, 1187,
            1112, 1113, 1189, 1112, 1189, 1188, 1113, 1114, 1190, 1113, 1190, 1189, 1114, 1115, 1191, 1114, 1191, 1190,
            1115, 1116, 1192, 1115, 1192, 1191, 1116, 1117, 1193, 1116, 1193, 1192, 1117, 1118, 1194, 1117, 1194, 1193,
            1118, 1119, 1195, 1118, 1195, 1194, 1119, 1120, 1196, 1119, 1196, 1195, 1120, 1121, 1197, 1120, 1197, 1196,
            1121, 1122, 1198, 1121, 1198, 1197, 1122, 1123, 1199, 1122, 1199, 1198, 1123, 1124, 1200, 1123, 1200, 1199,
            1124, 1125, 1201, 1124, 1201, 1200, 1125, 1126, 1202, 1125, 1202, 1201, 1126, 1127, 1203, 1126, 1203, 1202,
            1127, 1128, 1204, 1127, 1204, 1203, 1128, 1129, 1205, 1128, 1205, 1204, 1129, 1130, 1206, 1129, 1206, 1205,
            1130, 1131, 1207, 1130, 1207, 1206, 1131, 1132, 1208, 1131, 1208, 1207, 1132, 1133, 1209, 1132, 1209, 1208,
            1133, 1134, 1210, 1133, 1210, 1209, 1134, 1135, 1211, 1134, 1211, 1210, 1135, 1136, 1212, 1135, 1212, 1211,
            1136, 1137, 1213, 1136, 1213, 1212, 1137, 1138, 1214, 1137, 1214, 1213, 1138, 1139, 1215, 1138, 1215, 1214,
            1140, 1141, 1217, 1140, 1217, 1216, 1141, 1142, 1218, 1141, 1218, 1217, 1142, 1143, 1219, 1142, 1219, 1218,
            1143, 1144, 1220, 1143, 1220, 1219, 1144, 1145, 1221, 1144, 1221, 1220, 1145, 1146, 1222, 1145, 1222, 1221,
            1146, 1147, 1223, 1146, 1223, 1222, 1147, 1148, 1224, 1147, 1224, 1223, 1148, 1149, 1225, 1148, 1225, 1224,
            1149, 1150, 1226, 1149, 1226, 1225, 1150, 1151, 1227, 1150, 1227, 1226, 1151, 1152, 1228, 1151, 1228, 1227,
            1152, 1153, 1229, 1152, 1229, 1228, 1153, 1154, 1230, 1153, 1230, 1229, 1154, 1155, 1231, 1154, 1231, 1230,
            1155, 1156, 1232, 1155, 1232, 1231, 1156, 1157, 1233, 1156, 1233, 1232, 1157, 1158, 1234, 1157, 1234, 1233,
            1158, 1159, 1235, 1158, 1235, 1234, 1159, 1160, 1236, 1159, 1236, 1235, 1160, 1161, 1237, 1160, 1237, 1236,
            1161, 1162, 1238, 1161, 1238, 1237, 1162, 1163, 1239, 1162, 1239, 1238, 1163, 1164, 1240, 1163, 1240, 1239,
            1164, 1165, 1241, 1164, 1241, 1240, 1165, 1166, 1242, 1165, 1242, 1241, 1166, 1167, 1243, 1166, 1243, 1242,
            1167, 1168, 1244, 1167, 1244, 1243, 1168, 1169, 1245, 1168, 1245, 1244, 1169, 1170, 1246, 1169, 1246, 1245,
            1170, 1171, 1247, 1170, 1247, 1246, 1171, 1172, 1248, 1171, 1248, 1247, 1172, 1173, 1249, 1172, 1249, 1248,
            1173, 1174, 1250, 1173, 1250, 1249, 1174, 1175, 1251, 1174, 1251, 1250, 1175, 1176, 1252, 1175, 1252, 1251,
            1176, 1177, 1253, 1176, 1253, 1252, 1177, 1178, 1254, 1177, 1254, 1253, 1178, 1179, 1255, 1178, 1255, 1254,
            1179, 1180, 1256, 1179, 1256, 1255, 1180, 1181, 1257, 1180, 1257, 1256, 1181, 1182, 1258, 1181, 1258, 1257,
            1182, 1183, 1259, 1182, 1259, 1258, 1183, 1184, 1260, 1183, 1260, 1259, 1184, 1185, 1261, 1184, 1261, 1260,
            1185, 1186, 1262, 1185, 1262, 1261, 1186, 1187, 1263, 1186, 1263, 1262, 1187, 1188, 1264, 1187, 1264, 1263,
            1188, 1189, 1265, 1188, 1265, 1264, 1189, 1190, 1266, 1189, 1266, 1265, 1190, 1191, 1267, 1190, 1267, 1266,
            1191, 1192, 1268, 1191, 1268, 1267, 1192, 1193, 1269, 1192, 1269, 1268, 1193, 1194, 1270, 1193, 1270, 1269,
            1194, 1195, 1271, 1194, 1271, 1270, 1195, 1196, 1272, 1195, 1272, 1271, 1196, 1197, 1273, 1196, 1273, 1272,
            1197, 1198, 1274, 1197, 1274, 1273, 1198, 1199, 1275, 1198, 1275, 1274, 1199, 1200, 1276, 1199, 1276, 1275,
            1200, 1201, 1277, 1200, 1277, 1276, 1201, 1202, 1278, 1201, 1278, 1277, 1202, 1203, 1279, 1202, 1279, 1278,
            1203, 1204, 1280, 1203, 1280, 1279, 1204, 1205, 1281, 1204, 1281, 1280, 1205, 1206, 1282, 1205, 1282, 1281,
            1206, 1207, 1283, 1206, 1283, 1282, 1207, 1208, 1284, 1207, 1284, 1283, 1208, 1209, 1285, 1208, 1285, 1284,
            1209, 1210, 1286, 1209, 1286, 1285, 1210, 1211, 1287, 1210, 1287, 1286, 1211, 1212, 1288, 1211, 1288, 1287,
            1212, 1213, 1289, 1212, 1289, 1288, 1213, 1214, 1290, 1213, 1290, 1289, 1214, 1215, 1291, 1214, 1291, 1290,
            1216, 1217, 1293, 1216, 1293, 1292, 1217, 1218, 1294, 1217, 1294, 1293, 1218, 1219, 1295, 1218, 1295, 1294,
            1219, 1220, 1296, 1219, 1296, 1295, 1220, 1221, 1297, 1220, 1297, 1296, 1221, 1222, 1298, 1221, 1298, 1297,
            1222, 1223, 1299, 1222, 1299, 1298, 1223, 1224, 1300, 1223, 1300, 1299, 1224, 1225, 1301, 1224, 1301, 1300,
            1225, 1226, 1302, 1225, 1302, 1301, 1226, 1227, 1303, 1226, 1303, 1302, 1227, 1228, 1304, 1227, 1304, 1303,
            1228, 1229, 1305, 1228, 1305, 1304, 1229, 1230, 1306, 1229, 1306, 1305, 1230, 1231, 1307, 1230, 1307, 1306,
            1231, 1232, 1308, 1231, 1308, 1307, 1232, 1233, 1309, 1232, 1309, 1308, 1233, 1234, 1310, 1233, 1310, 1309,
            1234, 1235, 1311, 1234, 1311, 1310, 1235, 1236, 1312, 1235, 1312, 1311, 1236, 1237, 1313, 1236, 1313, 1312,
            1237, 1238, 1314, 1237, 1314, 1313, 1238, 1239, 1315, 1238, 1315, 1314, 1239, 1240, 1316, 1239, 1316, 1315,
            1240, 1241, 1317, 1240, 1317, 1316, 1241, 1242, 1318, 1241, 1318, 1317, 1242, 1243, 1319, 1242, 1319, 1318,
            1243, 1244, 1320, 1243, 1320, 1319, 1244, 1245, 1321, 1244, 1321, 1320, 1245, 1246, 1322, 1245, 1322, 1321,
            1246, 1247, 1323, 1246, 1323, 1322, 1247, 1248, 1324, 1247, 1324, 1323, 1248, 1249, 1325, 1248, 1325, 1324,
            1249, 1250, 1326, 1249, 1326, 1325, 1250, 1251, 1327, 1250, 1327, 1326, 1251, 1252, 1328, 1251, 1328, 1327,
            1252, 1253, 1329, 1252, 1329, 1328, 1253, 1254, 1330, 1253, 1330, 1329, 1254, 1255, 1331, 1254, 1331, 1330,
            1255, 1256, 1332, 1255, 1332, 1331, 1256, 1257, 1333, 1256, 1333, 1332, 1257, 1258, 1334, 1257, 1334, 1333,
            1258, 1259, 1335, 1258, 1335, 1334, 1259, 1260, 1336, 1259, 1336, 1335, 1260, 1261, 1337, 1260, 1337, 1336,
            1261, 1262, 1338, 1261, 1338, 1337, 1262, 1263, 1339, 1262, 1339, 1338, 1263, 1264, 1340, 1263, 1340, 1339,
            1264, 1265, 1341, 1264, 1341, 1340, 1265, 1266, 1342, 1265, 1342, 1341, 1266, 1267, 1343, 1266, 1343, 1342,
            1267, 1268, 1344, 1267, 1344, 1343, 1268, 1269, 1345, 1268, 1345, 1344, 1269, 1270, 1346, 1269, 1346, 1345,
            1270, 1271, 1347, 1270, 1347, 1346, 1271, 1272, 1348, 1271, 1348, 1347, 1272, 1273, 1349, 1272, 1349, 1348,
            1273, 1274, 1350, 1273, 1350, 1349, 1274, 1275, 1351, 1274, 1351, 1350, 1275, 1276, 1352, 1275, 1352, 1351,
            1276, 1277, 1353, 1276, 1353, 1352, 1277, 1278, 1354, 1277, 1354, 1353, 1278, 1279, 1355, 1278, 1355, 1354,
            1279, 1280, 1356, 1279, 1356, 1355, 1280, 1281, 1357, 1280, 1357, 1356, 1281, 1282, 1358, 1281, 1358, 1357,
            1282, 1283, 1359, 1282, 1359, 1358, 1283, 1284, 1360, 1283, 1360, 1359, 1284, 1285, 1361, 1284, 1361, 1360,
            1285, 1286, 1362, 1285, 1362, 1361, 1286, 1287, 1363, 1286, 1363, 1362, 1287, 1288, 1364, 1287, 1364, 1363,
            1288, 1289, 1365, 1288, 1365, 1364, 1289, 1290, 1366, 1289, 1366, 1365, 1290, 1291, 1367, 1290, 1367, 1366,
            1292, 1293, 1369, 1292, 1369, 1368, 1293, 1294, 1370, 1293, 1370, 1369, 1294, 1295, 1371, 1294, 1371, 1370,
            1295, 1296, 1372, 1295, 1372, 1371, 1296, 1297, 1373, 1296, 1373, 1372, 1297, 1298, 1374, 1297, 1374, 1373,
            1298, 1299, 1375, 1298, 1375, 1374, 1299, 1300, 1376, 1299, 1376, 1375, 1300, 1301, 1377, 1300, 1377, 1376,
            1301, 1302, 1378, 1301, 1378, 1377, 1302, 1303, 1379, 1302, 1379, 1378, 1303, 1304, 1380, 1303, 1380, 1379,
            1304, 1305, 1381, 1304, 1381, 1380, 1305, 1306, 1382, 1305, 1382, 1381, 1306, 1307, 1383, 1306, 1383, 1382,
            1307, 1308, 1384, 1307, 1384, 1383, 1308, 1309, 1385, 1308, 1385, 1384, 1309, 1310, 1386, 1309, 1386, 1385,
            1310, 1311, 1387, 1310, 1387, 1386, 1311, 1312, 1388, 1311, 1388, 1387, 1312, 1313, 1389, 1312, 1389, 1388,
            1313, 1314, 1390, 1313, 1390, 1389, 1314, 1315, 1391, 1314, 1391, 1390, 1315, 1316, 1392, 1315, 1392, 1391,
            1316, 1317, 1393, 1316, 1393, 1392, 1317, 1318, 1394, 1317, 1394, 1393, 1318, 1319, 1395, 1318, 1395, 1394,
            1319, 1320, 1396, 1319, 1396, 1395, 1320, 1321, 1397, 1320, 1397, 1396, 1321, 1322, 1398, 1321, 1398, 1397,
            1322, 1323, 1399, 1322, 1399, 1398, 1323, 1324, 1400, 1323, 1400, 1399, 1324, 1325, 1401, 1324, 1401, 1400,
            1325, 1326, 1402, 1325, 1402, 1401, 1326, 1327, 1403, 1326, 1403, 1402, 1327, 1328, 1404, 1327, 1404, 1403,
            1328, 1329, 1405, 1328, 1405, 1404, 1329, 1330, 1406, 1329, 1406, 1405, 1330, 1331, 1407, 1330, 1407, 1406,
            1331, 1332, 1408, 1331, 1408, 1407, 1332, 1333, 1409, 1332, 1409, 1408, 1333, 1334, 1410, 1333, 1410, 1409,
            1334, 1335, 1411, 1334, 1411, 1410, 1335, 1336, 1412, 1335, 1412, 1411, 1336, 1337, 1413, 1336, 1413, 1412,
            1337, 1338, 1414, 1337, 1414, 1413, 1338, 1339, 1415, 1338, 1415, 1414, 1339, 1340, 1416, 1339, 1416, 1415,
            1340, 1341, 1417, 1340, 1417, 1416, 1341, 1342, 1418, 1341, 1418, 1417, 1342, 1343, 1419, 1342, 1419, 1418,
            1343, 1344, 1420, 1343, 1420, 1419, 1344, 1345, 1421, 1344, 1421, 1420, 1345, 1346, 1422, 1345, 1422, 1421,
            1346, 1347, 1423, 1346, 1423, 1422, 1347, 1348, 1424, 1347, 1424, 1423, 1348, 1349, 1425, 1348, 1425, 1424,
            1349, 1350, 1426, 1349, 1426, 1425, 1350, 1351, 1427, 1350, 1427, 1426, 1351, 1352, 1428, 1351, 1428, 1427,
            1352, 1353, 1429, 1352, 1429, 1428, 1353, 1354, 1430, 1353, 1430, 1429, 1354, 1355, 1431, 1354, 1431, 1430,
            1355, 1356, 1432, 1355, 1432, 1431, 1356, 1357, 1433, 1356, 1433, 1432, 1357, 1358, 1434, 1357, 1434, 1433,
            1358, 1359, 1435, 1358, 1435, 1434, 1359, 1360, 1436, 1359, 1436, 1435, 1360, 1361, 1437, 1360, 1437, 1436,
            1361, 1362, 1438, 1361, 1438, 1437, 1362, 1363, 1439, 1362, 1439, 1438, 1363, 1364, 1440, 1363, 1440, 1439,
            1364, 1365, 1441, 1364, 1441, 1440, 1365, 1366, 1442, 1365, 1442, 1441, 1366, 1367, 1443, 1366, 1443, 1442,
            1368, 1369, 1445, 1368, 1445, 1444, 1369, 1370, 1446, 1369, 1446, 1445, 1370, 1371, 1447, 1370, 1447, 1446,
            1371, 1372, 1448, 1371, 1448, 1447, 1372, 1373, 1449, 1372, 1449, 1448, 1373, 1374, 1450, 1373, 1450, 1449,
            1374, 1375, 1451, 1374, 1451, 1450, 1375, 1376, 1452, 1375, 1452, 1451, 1376, 1377, 1453, 1376, 1453, 1452,
            1377, 1378, 1454, 1377, 1454, 1453, 1378, 1379, 1455, 1378, 1455, 1454, 1379, 1380, 1456, 1379, 1456, 1455,
            1380, 1381, 1457, 1380, 1457, 1456, 1381, 1382, 1458, 1381, 1458, 1457, 1382, 1383, 1459, 1382, 1459, 1458,
            1383, 1384, 1460, 1383, 1460, 1459, 1384, 1385, 1461, 1384, 1461, 1460, 1385, 1386, 1462, 1385, 1462, 1461,
            1386, 1387, 1463, 1386, 1463, 1462, 1387, 1388, 1464, 1387, 1464, 1463, 1388, 1389, 1465, 1388, 1465, 1464,
            1389, 1390, 1466, 1389, 1466, 1465, 1390, 1391, 1467, 1390, 1467, 1466, 1391, 1392, 1468, 1391, 1468, 1467,
            1392, 1393, 1469, 1392, 1469, 1468, 1393, 1394, 1470, 1393, 1470, 1469, 1394, 1395, 1471, 1394, 1471, 1470,
            1395, 1396, 1472, 1395, 1472, 1471, 1396, 1397, 1473, 1396, 1473, 1472, 1397, 1398, 1474, 1397, 1474, 1473,
            1398, 1399, 1475, 1398, 1475, 1474, 1399, 1400, 1476, 1399, 1476, 1475, 1400, 1401, 1477, 1400, 1477, 1476,
            1401, 1402, 1478, 1401, 1478, 1477, 1402, 1403, 1479, 1402, 1479, 1478, 1403, 1404, 1480, 1403, 1480, 1479,
            1404, 1405, 1481, 1404, 1481, 1480, 1405, 1406, 1482, 1405, 1482, 1481, 1406, 1407, 1483, 1406, 1483, 1482,
            1407, 1408, 1484, 1407, 1484, 1483, 1408, 1409, 1485, 1408, 1485, 1484, 1409, 1410, 1486, 1409, 1486, 1485,
            1410, 1411, 1487, 1410, 1487, 1486, 1411, 1412, 1488, 1411, 1488, 1487, 1412, 1413, 1489, 1412, 1489, 1488,
            1413, 1414, 1490, 1413, 1490, 1489, 1414, 1415, 1491, 1414, 1491, 1490, 1415, 1416, 1492, 1415, 1492, 1491,
            1416, 1417, 1493, 1416, 1493, 1492, 1417, 1418, 1494, 1417, 1494, 1493, 1418, 1419, 1495, 1418, 1495, 1494,
            1419, 1420, 1496, 1419, 1496, 1495, 1420, 1421, 1497, 1420, 1497, 1496, 1421, 1422, 1498, 1421, 1498, 1497,
            1422, 1423, 1499, 1422, 1499, 1498, 1423, 1424, 1500, 1423, 1500, 1499, 1424, 1425, 1501, 1424, 1501, 1500,
            1425, 1426, 1502, 1425, 1502, 1501, 1426, 1427, 1503, 1426, 1503, 1502, 1427, 1428, 1504, 1427, 1504, 1503,
            1428, 1429, 1505, 1428, 1505, 1504, 1429, 1430, 1506, 1429, 1506, 1505, 1430, 1431, 1507, 1430, 1507, 1506,
            1431, 1432, 1508, 1431, 1508, 1507, 1432, 1433, 1509, 1432, 1509, 1508, 1433, 1434, 1510, 1433, 1510, 1509,
            1434, 1435, 1511, 1434, 1511, 1510, 1435, 1436, 1512, 1435, 1512, 1511, 1436, 1437, 1513, 1436, 1513, 1512,
            1437, 1438, 1514, 1437, 1514, 1513, 1438, 1439, 1515, 1438, 1515, 1514, 1439, 1440, 1516, 1439, 1516, 1515,
            1440, 1441, 1517, 1440, 1517, 1516, 1441, 1442, 1518, 1441, 1518, 1517, 1442, 1443, 1519, 1442, 1519, 1518,
            1444, 1445, 1521, 1444, 1521, 1520, 1445, 1446, 1522, 1445, 1522, 1521, 1446, 1447, 1523, 1446, 1523, 1522,
            1447, 1448, 1524, 1447, 1524, 1523, 1448, 1449, 1525, 1448, 1525, 1524, 1449, 1450, 1526, 1449, 1526, 1525,
            1450, 1451, 1527, 1450, 1527, 1526, 1451, 1452, 1528, 1451, 1528, 1527, 1452, 1453, 1529, 1452, 1529, 1528,
            1453, 1454, 1530, 1453, 1530, 1529, 1454, 1455, 1531, 1454, 1531, 1530, 1455, 1456, 1532, 1455, 1532, 1531,
            1456, 1457, 1533, 1456, 1533, 1532, 1457, 1458, 1534, 1457, 1534, 1533, 1458, 1459, 1535, 1458, 1535, 1534,
            1459, 1460, 1536, 1459, 1536, 1535, 1460, 1461, 1537, 1460, 1537, 1536, 1461, 1462, 1538, 1461, 1538, 1537,
            1462, 1463, 1539, 1462, 1539, 1538, 1463, 1464, 1540, 1463, 1540, 1539, 1464, 1465, 1541, 1464, 1541, 1540,
            1465, 1466, 1542, 1465, 1542, 1541, 1466, 1467, 1543, 1466, 1543, 1542, 1467, 1468, 1544, 1467, 1544, 1543,
            1468, 1469, 1545, 1468, 1545, 1544, 1469, 1470, 1546, 1469, 1546, 1545, 1470, 1471, 1547, 1470, 1547, 1546,
            1471, 1472, 1548, 1471, 1548, 1547, 1472, 1473, 1549, 1472, 1549, 1548, 1473, 1474, 1550, 1473, 1550, 1549,
            1474, 1475, 1551, 1474, 1551, 1550, 1475, 1476, 1552, 1475, 1552, 1551, 1476, 1477, 1553, 1476, 1553, 1552,
            1477, 1478, 1554, 1477, 1554, 1553, 1478, 1479, 1555, 1478, 1555, 1554, 1479, 1480, 1556, 1479, 1556, 1555,
            1480, 1481, 1557, 1480, 1557, 1556, 1481, 1482, 1558, 1481, 1558, 1557, 1482, 1483, 1559, 1482, 1559, 1558,
            1483, 1484, 1560, 1483, 1560, 1559, 1484, 1485, 1561, 1484, 1561, 1560, 1485, 1486, 1562, 1485, 1562, 1561,
            1486, 1487, 1563, 1486, 1563, 1562, 1487, 1488, 1564, 1487, 1564, 1563, 1488, 1489, 1565, 1488, 1565, 1564,
            1489, 1490, 1566, 1489, 1566, 1565, 1490, 1491, 1567, 1490, 1567, 1566, 1491, 1492, 1568, 1491, 1568, 1567,
            1492, 1493, 1569, 1492, 1569, 1568, 1493, 1494, 1570, 1493, 1570, 1569, 1494, 1495, 1571, 1494, 1571, 1570,
            1495, 1496, 1572, 1495, 1572, 1571, 1496, 1497, 1573, 1496, 1573, 1572, 1497, 1498, 1574, 1497, 1574, 1573,
            1498, 1499, 1575, 1498, 1575, 1574, 1499, 1500, 1576, 1499, 1576, 1575, 1500, 1501, 1577, 1500, 1577, 1576,
            1501, 1502, 1578, 1501, 1578, 1577, 1502, 1503, 1579, 1502, 1579, 1578, 1503, 1504, 1580, 1503, 1580, 1579,
            1504, 1505, 1581, 1504, 1581, 1580, 1505, 1506, 1582, 1505, 1582, 1581, 1506, 1507, 1583, 1506, 1583, 1582,
            1507, 1508, 1584, 1507, 1584, 1583, 1508, 1509, 1585, 1508, 1585, 1584, 1509, 1510, 1586, 1509, 1586, 1585,
            1510, 1511, 1587, 1510, 1587, 1586, 1511, 1512, 1588, 1511, 1588, 1587, 1512, 1513, 1589, 1512, 1589, 1588,
            1513, 1514, 1590, 1513, 1590, 1589, 1514, 1515, 1591, 1514, 1591, 1590, 1515, 1516, 1592, 1515, 1592, 1591,
            1516, 1517, 1593, 1516, 1593, 1592, 1517, 1518, 1594, 1517, 1594, 1593, 1518, 1519, 1595, 1518, 1595, 1594,
            1520, 1521, 1597, 1520, 1597, 1596, 1521, 1522, 1598, 1521, 1598, 1597, 1522, 1523, 1599, 1522, 1599, 1598,
            1523, 1524, 1600, 1523, 1600, 1599, 1524, 1525, 1601, 1524, 1601, 1600, 1525, 1526, 1602, 1525, 1602, 1601,
            1526, 1527, 1603, 1526, 1603, 1602, 1527, 1528, 1604, 1527, 1604, 1603, 1528, 1529, 1605, 1528, 1605, 1604,
            1529, 1530, 1606, 1529, 1606, 1605, 1530, 1531, 1607, 1530, 1607, 1606, 1531, 1532, 1608, 1531, 1608, 1607,
            1532, 1533, 1609, 1532, 1609, 1608, 1533, 1534, 1610, 1533, 1610, 1609, 1534, 1535, 1611, 1534, 1611, 1610,
            1535, 1536, 1612, 1535, 1612, 1611, 1536, 1537, 1613, 1536, 1613, 1612, 1537, 1538, 1614, 1537, 1614, 1613,
            1538, 1539, 1615, 1538, 1615, 1614, 1539, 1540, 1616, 1539, 1616, 1615, 1540, 1541, 1617, 1540, 1617, 1616,
            1541, 1542, 1618, 1541, 1618, 1617, 1542, 1543, 1619, 1542, 1619, 1618, 1543, 1544, 1620, 1543, 1620, 1619,
            1544, 1545, 1621, 1544, 1621, 1620, 1545, 1546, 1622, 1545, 1622, 1621, 1546, 1547, 1623, 1546, 1623, 1622,
            1547, 1548, 1624, 1547, 1624, 1623, 1548, 1549, 1625, 1548, 1625, 1624, 1549, 1550, 1626, 1549, 1626, 1625,
            1550, 1551, 1627, 1550, 1627, 1626, 1551, 1552, 1628, 1551, 1628, 1627, 1552, 1553, 1629, 1552, 1629, 1628,
            1553, 1554, 1630, 1553, 1630, 1629, 1554, 1555, 1631, 1554, 1631, 1630, 1555, 1556, 1632, 1555, 1632, 1631,
            1556, 1557, 1633, 1556, 1633, 1632, 1557, 1558, 1634, 1557, 1634, 1633, 1558, 1559, 1635, 1558, 1635, 1634,
            1559, 1560, 1636, 1559, 1636, 1635, 1560, 1561, 1637, 1560, 1637, 1636, 1561, 1562, 1638, 1561, 1638, 1637,
            1562, 1563, 1639, 1562, 1639, 1638, 1563, 1564, 1640, 1563, 1640, 1639, 1564, 1565, 1641, 1564, 1641, 1640,
            1565, 1566, 1642, 1565, 1642, 1641, 1566, 1567, 1643, 1566, 1643, 1642, 1567, 1568, 1644, 1567, 1644, 1643,
            1568, 1569, 1645, 1568, 1645, 1644, 1569, 1570, 1646, 1569, 1646, 1645, 1570, 1571, 1647, 1570, 1647, 1646,
            1571, 1572, 1648, 1571, 1648, 1647, 1572, 1573, 1649, 1572, 1649, 1648, 1573, 1574, 1650, 1573, 1650, 1649,
            1574, 1575, 1651, 1574, 1651, 1650, 1575, 1576, 1652, 1575, 1652, 1651, 1576, 1577, 1653, 1576, 1653, 1652,
            1577, 1578, 1654, 1577, 1654, 1653, 1578, 1579, 1655, 1578, 1655, 1654, 1579, 1580, 1656, 1579, 1656, 1655,
            1580, 1581, 1657, 1580, 1657, 1656, 1581, 1582, 1658, 1581, 1658, 1657, 1582, 1583, 1659, 1582, 1659, 1658,
            1583, 1584, 1660, 1583, 1660, 1659, 1584, 1585, 1661, 1584, 1661, 1660, 1585, 1586, 1662, 1585, 1662, 1661,
            1586, 1587, 1663, 1586, 1663, 1662, 1587, 1588, 1664, 1587, 1664, 1663, 1588, 1589, 1665, 1588, 1665, 1664,
            1589, 1590, 1666, 1589, 1666, 1665, 1590, 1591, 1667, 1590, 1667, 1666, 1591, 1592, 1668, 1591, 1668, 1667,
            1592, 1593, 1669, 1592, 1669, 1668, 1593, 1594, 1670, 1593, 1670, 1669, 1594, 1595, 1671, 1594, 1671, 1670,
            1596, 1597, 1673, 1596, 1673, 1672, 1597, 1598, 1674, 1597, 1674, 1673, 1598, 1599, 1675, 1598, 1675, 1674,
            1599, 1600, 1676, 1599, 1676, 1675, 1600, 1601, 1677, 1600, 1677, 1676, 1601, 1602, 1678, 1601, 1678, 1677,
            1602, 1603, 1679, 1602, 1679, 1678, 1603, 1604, 1680, 1603, 1680, 1679, 1604, 1605, 1681, 1604, 1681, 1680,
            1605, 1606, 1682, 1605, 1682, 1681, 1606, 1607, 1683, 1606, 1683, 1682, 1607, 1608, 1684, 1607, 1684, 1683,
            1608, 1609, 1685, 1608, 1685, 1684, 1609, 1610, 1686, 1609, 1686, 1685, 1610, 1611, 1687, 1610, 1687, 1686,
            1611, 1612, 1688, 1611, 1688, 1687, 1612, 1613, 1689, 1612, 1689, 1688, 1613, 1614, 1690, 1613, 1690, 1689,
            1614, 1615, 1691, 1614, 1691, 1690, 1615, 1616, 1692, 1615, 1692, 1691, 1616, 1617, 1693, 1616, 1693, 1692,
            1617, 1618, 1694, 1617, 1694, 1693, 1618, 1619, 1695, 1618, 1695, 1694, 1619, 1620, 1696, 1619, 1696, 1695,
            1620, 1621, 1697, 1620, 1697, 1696, 1621, 1622, 1698, 1621, 1698, 1697, 1622, 1623, 1699, 1622, 1699, 1698,
            1623, 1624, 1700, 1623, 1700, 1699, 1624, 1625, 1701, 1624, 1701, 1700, 1625, 1626, 1702, 1625, 1702, 1701,
            1626, 1627, 1703, 1626, 1703, 1702, 1627, 1628, 1704, 1627, 1704, 1703, 1628, 1629, 1705, 1628, 1705, 1704,
            1629, 1630, 1706, 1629, 1706, 1705, 1630, 1631, 1707, 1630, 1707, 1706, 1631, 1632, 1708, 1631, 1708, 1707,
            1632, 1633, 1709, 1632, 1709, 1708, 1633, 1634, 1710, 1633, 1710, 1709, 1634, 1635, 1711, 1634, 1711, 1710,
            1635, 1636, 1712, 1635, 1712, 1711, 1636, 1637, 1713, 1636, 1713, 1712, 1637, 1638, 1714, 1637, 1714, 1713,
            1638, 1639, 1715, 1638, 1715, 1714, 1639, 1640, 1716, 1639, 1716, 1715, 1640, 1641, 1717, 1640, 1717, 1716,
            1641, 1642, 1718, 1641, 1718, 1717, 1642, 1643, 1719, 1642, 1719, 1718, 1643, 1644, 1720, 1643, 1720, 1719,
            1644, 1645, 1721, 1644, 1721, 1720, 1645, 1646, 1722, 1645, 1722, 1721, 1646, 1647, 1723, 1646, 1723, 1722,
            1647, 1648, 1724, 1647, 1724, 1723, 1648, 1649, 1725, 1648, 1725, 1724, 1649, 1650, 1726, 1649, 1726, 1725,
            1650, 1651, 1727, 1650, 1727, 1726, 1651, 1652, 1728, 1651, 1728, 1727, 1652, 1653, 1729, 1652, 1729, 1728,
            1653, 1654, 1730, 1653, 1730, 1729, 1654, 1655, 1731, 1654, 1731, 1730, 1655, 1656, 1732, 1655, 1732, 1731,
            1656, 1657, 1733, 1656, 1733, 1732, 1657, 1658, 1734, 1657, 1734, 1733, 1658, 1659, 1735, 1658, 1735, 1734,
            1659, 1660, 1736, 1659, 1736, 1735, 1660, 1661, 1737, 1660, 1737, 1736, 1661, 1662, 1738, 1661, 1738, 1737,
            1662, 1663, 1739, 1662, 1739, 1738, 1663, 1664, 1740, 1663, 1740, 1739, 1664, 1665, 1741, 1664, 1741, 1740,
            1665, 1666, 1742, 1665, 1742, 1741, 1666, 1667, 1743, 1666, 1743, 1742, 1667, 1668, 1744, 1667, 1744, 1743,
            1668, 1669, 1745, 1668, 1745, 1744, 1669, 1670, 1746, 1669, 1746, 1745, 1670, 1671, 1747, 1670, 1747, 1746,
            1672, 1673, 1749, 1672, 1749, 1748, 1673, 1674, 1750, 1673, 1750, 1749, 1674, 1675, 1751, 1674, 1751, 1750,
            1675, 1676, 1752, 1675, 1752, 1751, 1676, 1677, 1753, 1676, 1753, 1752, 1677, 1678, 1754, 1677, 1754, 1753,
            1678, 1679, 1755, 1678, 1755, 1754, 1679, 1680, 1756, 1679, 1756, 1755, 1680, 1681, 1757, 1680, 1757, 1756,
            1681, 1682, 1758, 1681, 1758, 1757, 1682, 1683, 1759, 1682, 1759, 1758, 1683, 1684, 1760, 1683, 1760, 1759,
            1684, 1685, 1761, 1684, 1761, 1760, 1685, 1686, 1762, 1685, 1762, 1761, 1686, 1687, 1763, 1686, 1763, 1762,
            1687, 1688, 1764, 1687, 1764, 1763, 1688, 1689, 1765, 1688, 1765, 1764, 1689, 1690, 1766, 1689, 1766, 1765,
            1690, 1691, 1767, 1690, 1767, 1766, 1691, 1692, 1768, 1691, 1768, 1767, 1692, 1693, 1769, 1692, 1769, 1768,
            1693, 1694, 1770, 1693, 1770, 1769, 1694, 1695, 1771, 1694, 1771, 1770, 1695, 1696, 1772, 1695, 1772, 1771,
            1696, 1697, 1773, 1696, 1773, 1772, 1697, 1698, 1774, 1697, 1774, 1773, 1698, 1699, 1775, 1698, 1775, 1774,
            1699, 1700, 1776, 1699, 1776, 1775, 1700, 1701, 1777, 1700, 1777, 1776, 1701, 1702, 1778, 1701, 1778, 1777,
            1702, 1703, 1779, 1702, 1779, 1778, 1703, 1704, 1780, 1703, 1780, 1779, 1704, 1705, 1781, 1704, 1781, 1780,
            1705, 1706, 1782, 1705, 1782, 1781, 1706, 1707, 1783, 1706, 1783, 1782, 1707, 1708, 1784, 1707, 1784, 1783,
            1708, 1709, 1785, 1708, 1785, 1784, 1709, 1710, 1786, 1709, 1786, 1785, 1710, 1711, 1787, 1710, 1787, 1786,
            1711, 1712, 1788, 1711, 1788, 1787, 1712, 1713, 1789, 1712, 1789, 1788, 1713, 1714, 1790, 1713, 1790, 1789,
            1714, 1715, 1791, 1714, 1791, 1790, 1715, 1716, 1792, 1715, 1792, 1791, 1716, 1717, 1793, 1716, 1793, 1792,
            1717, 1718, 1794, 1717, 1794, 1793, 1718, 1719, 1795, 1718, 1795, 1794, 1719, 1720, 1796, 1719, 1796, 1795,
            1720, 1721, 1797, 1720, 1797, 1796, 1721, 1722, 1798, 1721, 1798, 1797, 1722, 1723, 1799, 1722, 1799, 1798,
            1723, 1724, 1800, 1723, 1800, 1799, 1724, 1725, 1801, 1724, 1801, 1800, 1725, 1726, 1802, 1725, 1802, 1801,
            1726, 1727, 1803, 1726, 1803, 1802, 1727, 1728, 1804, 1727, 1804, 1803, 1728, 1729, 1805, 1728, 1805, 1804,
            1729, 1730, 1806, 1729, 1806, 1805, 1730, 1731, 1807, 1730, 1807, 1806, 1731, 1732, 1808, 1731, 1808, 1807,
            1732, 1733, 1809, 1732, 1809, 1808, 1733, 1734, 1810, 1733, 1810, 1809, 1734, 1735, 1811, 1734, 1811, 1810,
            1735, 1736, 1812, 1735, 1812, 1811, 1736, 1737, 1813, 1736, 1813, 1812, 1737, 1738, 1814, 1737, 1814, 1813,
            1738, 1739, 1815, 1738, 1815, 1814, 1739, 1740, 1816, 1739, 1816, 1815, 1740, 1741, 1817, 1740, 1817, 1816,
            1741, 1742, 1818, 1741, 1818, 1817, 1742, 1743, 1819, 1742, 1819, 1818, 1743, 1744, 1820, 1743, 1820, 1819,
            1744, 1745, 1821, 1744, 1821, 1820, 1745, 1746, 1822, 1745, 1822, 1821, 1746, 1747, 1823, 1746, 1823, 1822,
            1748, 1749, 1825, 1748, 1825, 1824, 1749, 1750, 1826, 1749, 1826, 1825, 1750, 1751, 1827, 1750, 1827, 1826,
            1751, 1752, 1828, 1751, 1828, 1827, 1752, 1753, 1829, 1752, 1829, 1828, 1753, 1754, 1830, 1753, 1830, 1829,
            1754, 1755, 1831, 1754, 1831, 1830, 1755, 1756, 1832, 1755, 1832, 1831, 1756, 1757, 1833, 1756, 1833, 1832,
            1757, 1758, 1834, 1757, 1834, 1833, 1758, 1759, 1835, 1758, 1835, 1834, 1759, 1760, 1836, 1759, 1836, 1835,
            1760, 1761, 1837, 1760, 1837, 1836, 1761, 1762, 1838, 1761, 1838, 1837, 1762, 1763, 1839, 1762, 1839, 1838,
            1763, 1764, 1840, 1763, 1840, 1839, 1764, 1765, 1841, 1764, 1841, 1840, 1765, 1766, 1842, 1765, 1842, 1841,
            1766, 1767, 1843, 1766, 1843, 1842, 1767, 1768, 1844, 1767, 1844, 1843, 1768, 1769, 1845, 1768, 1845, 1844,
            1769, 1770, 1846, 1769, 1846, 1845, 1770, 1771, 1847, 1770, 1847, 1846, 1771, 1772, 1848, 1771, 1848, 1847,
            1772, 1773, 1849, 1772, 1849, 1848, 1773, 1774, 1850, 1773, 1850, 1849, 1774, 1775, 1851, 1774, 1851, 1850,
            1775, 1776, 1852, 1775, 1852, 1851, 1776, 1777, 1853, 1776, 1853, 1852, 1777, 1778, 1854, 1777, 1854, 1853,
            1778, 1779, 1855, 1778, 1855, 1854, 1779, 1780, 1856, 1779, 1856, 1855, 1780, 1781, 1857, 1780, 1857, 1856,
            1781, 1782, 1858, 1781, 1858, 1857, 1782, 1783, 1859, 1782, 1859, 1858, 1783, 1784, 1860, 1783, 1860, 1859,
            1784, 1785, 1861, 1784, 1861, 1860, 1785, 1786, 1862, 1785, 1862, 1861, 1786, 1787, 1863, 1786, 1863, 1862,
            1787, 1788, 1864, 1787, 1864, 1863, 1788, 1789, 1865, 1788, 1865, 1864, 1789, 1790, 1866, 1789, 1866, 1865,
            1790, 1791, 1867, 1790, 1867, 1866, 1791, 1792, 1868, 1791, 1868, 1867, 1792, 1793, 1869, 1792, 1869, 1868,
            1793, 1794, 1870, 1793, 1870, 1869, 1794, 1795, 1871, 1794, 1871, 1870, 1795, 1796, 1872, 1795, 1872, 1871,
            1796, 1797, 1873, 1796, 1873, 1872, 1797, 1798, 1874, 1797, 1874, 1873, 1798, 1799, 1875, 1798, 1875, 1874,
            1799, 1800, 1876, 1799, 1876, 1875, 1800, 1801, 1877, 1800, 1877, 1876, 1801, 1802, 1878, 1801, 1878, 1877,
            1802, 1803, 1879, 1802, 1879, 1878, 1803, 1804, 1880, 1803, 1880, 1879, 1804, 1805, 1881, 1804, 1881, 1880,
            1805, 1806, 1882, 1805, 1882, 1881, 1806, 1807, 1883, 1806, 1883, 1882, 1807, 1808, 1884, 1807, 1884, 1883,
            1808, 1809, 1885, 1808, 1885, 1884, 1809, 1810, 1886, 1809, 1886, 1885, 1810, 1811, 1887, 1810, 1887, 1886,
            1811, 1812, 1888, 1811, 1888, 1887, 1812, 1813, 1889, 1812, 1889, 1888, 1813, 1814, 1890, 1813, 1890, 1889,
            1814, 1815, 1891, 1814, 1891, 1890, 1815, 1816, 1892, 1815, 1892, 1891, 1816, 1817, 1893, 1816, 1893, 1892,
            1817, 1818, 1894, 1817, 1894, 1893, 1818, 1819, 1895, 1818, 1895, 1894, 1819, 1820, 1896, 1819, 1896, 1895,
            1820, 1821, 1897, 1820, 1897, 1896, 1821, 1822, 1898, 1821, 1898, 1897, 1822, 1823, 1899, 1822, 1899, 1898,
            1824, 1825, 1901, 1824, 1901, 1900, 1825, 1826, 1902, 1825, 1902, 1901, 1826, 1827, 1903, 1826, 1903, 1902,
            1827, 1828, 1904, 1827, 1904, 1903, 1828, 1829, 1905, 1828, 1905, 1904, 1829, 1830, 1906, 1829, 1906, 1905,
            1830, 1831, 1907, 1830, 1907, 1906, 1831, 1832, 1908, 1831, 1908, 1907, 1832, 1833, 1909, 1832, 1909, 1908,
            1833, 1834, 1910, 1833, 1910, 1909, 1834, 1835, 1911, 1834, 1911, 1910, 1835, 1836, 1912, 1835, 1912, 1911,
            1836, 1837, 1913, 1836, 1913, 1912, 1837, 1838, 1914, 1837, 1914, 1913, 1838, 1839, 1915, 1838, 1915, 1914,
            1839, 1840, 1916, 1839, 1916, 1915, 1840, 1841, 1917, 1840, 1917, 1916, 1841, 1842, 1918, 1841, 1918, 1917,
            1842, 1843, 1919, 1842, 1919, 1918, 1843, 1844, 1920, 1843, 1920, 1919, 1844, 1845, 1921, 1844, 1921, 1920,
            1845, 1846, 1922, 1845, 1922, 1921, 1846, 1847, 1923, 1846, 1923, 1922, 1847, 1848, 1924, 1847, 1924, 1923,
            1848, 1849, 1925, 1848, 1925, 1924, 1849, 1850, 1926, 1849, 1926, 1925, 1850, 1851, 1927, 1850, 1927, 1926,
            1851, 1852, 1928, 1851, 1928, 1927, 1852, 1853, 1929, 1852, 1929, 1928, 1853, 1854, 1930, 1853, 1930, 1929,
            1854, 1855, 1931, 1854, 1931, 1930, 1855, 1856, 1932, 1855, 1932, 1931, 1856, 1857, 1933, 1856, 1933, 1932,
            1857, 1858, 1934, 1857, 1934, 1933, 1858, 1859, 1935, 1858, 1935, 1934, 1859, 1860, 1936, 1859, 1936, 1935,
            1860, 1861, 1937, 1860, 1937, 1936, 1861, 1862, 1938, 1861, 1938, 1937, 1862, 1863, 1939, 1862, 1939, 1938,
            1863, 1864, 1940, 1863, 1940, 1939, 1864, 1865, 1941, 1864, 1941, 1940, 1865, 1866, 1942, 1865, 1942, 1941,
            1866, 1867, 1943, 1866, 1943, 1942, 1867, 1868, 1944, 1867, 1944, 1943, 1868, 1869, 1945, 1868, 1945, 1944,
            1869, 1870, 1946, 1869, 1946, 1945, 1870, 1871, 1947, 1870, 1947, 1946, 1871, 1872, 1948, 1871, 1948, 1947,
            1872, 1873, 1949, 1872, 1949, 1948, 1873, 1874, 1950, 1873, 1950, 1949, 1874, 1875, 1951, 1874, 1951, 1950,
            1875, 1876, 1952, 1875, 1952, 1951, 1876, 1877, 1953, 1876, 1953, 1952, 1877, 1878, 1954, 1877, 1954, 1953,
            1878, 1879, 1955, 1878, 1955, 1954, 1879, 1880, 1956, 1879, 1956, 1955, 1880, 1881, 1957, 1880, 1957, 1956,
            1881, 1882, 1958, 1881, 1958, 1957, 1882, 1883, 1959, 1882, 1959, 1958, 1883, 1884, 1960, 1883, 1960, 1959,
            1884, 1885, 1961, 1884, 1961, 1960, 1885, 1886, 1962, 1885, 1962, 1961, 1886, 1887, 1963, 1886, 1963, 1962,
            1887, 1888, 1964, 1887, 1964, 1963, 1888, 1889, 1965, 1888, 1965, 1964, 1889, 1890, 1966, 1889, 1966, 1965,
            1890, 1891, 1967, 1890, 1967, 1966, 1891, 1892, 1968, 1891, 1968, 1967, 1892, 1893, 1969, 1892, 1969, 1968,
            1893, 1894, 1970, 1893, 1970, 1969, 1894, 1895, 1971, 1894, 1971, 1970, 1895, 1896, 1972, 1895, 1972, 1971,
            1896, 1897, 1973, 1896, 1973, 1972, 1897, 1898, 1974, 1897, 1974, 1973, 1898, 1899, 1975, 1898, 1975, 1974,
            1900, 1901, 1977, 1900, 1977, 1976, 1901, 1902, 1978, 1901, 1978, 1977, 1902, 1903, 1979, 1902, 1979, 1978,
            1903, 1904, 1980, 1903, 1980, 1979, 1904, 1905, 1981, 1904, 1981, 1980, 1905, 1906, 1982, 1905, 1982, 1981,
            1906, 1907, 1983, 1906, 1983, 1982, 1907, 1908, 1984, 1907, 1984, 1983, 1908, 1909, 1985, 1908, 1985, 1984,
            1909, 1910, 1986, 1909, 1986, 1985, 1910, 1911, 1987, 1910, 1987, 1986, 1911, 1912, 1988, 1911, 1988, 1987,
            1912, 1913, 1989, 1912, 1989, 1988, 1913, 1914, 1990, 1913, 1990, 1989, 1914, 1915, 1991, 1914, 1991, 1990,
            1915, 1916, 1992, 1915, 1992, 1991, 1916, 1917, 1993, 1916, 1993, 1992, 1917, 1918, 1994, 1917, 1994, 1993,
            1918, 1919, 1995, 1918, 1995, 1994, 1919, 1920, 1996, 1919, 1996, 1995, 1920, 1921, 1997, 1920, 1997, 1996,
            1921, 1922, 1998, 1921, 1998, 1997, 1922, 1923, 1999, 1922, 1999, 1998, 1923, 1924, 2000, 1923, 2000, 1999,
            1924, 1925, 2001, 1924, 2001, 2000, 1925, 1926, 2002, 1925, 2002, 2001, 1926, 1927, 2003, 1926, 2003, 2002,
            1927, 1928, 2004, 1927, 2004, 2003, 1928, 1929, 2005, 1928, 2005, 2004, 1929, 1930, 2006, 1929, 2006, 2005,
            1930, 1931, 2007, 1930, 2007, 2006, 1931, 1932, 2008, 1931, 2008, 2007, 1932, 1933, 2009, 1932, 2009, 2008,
            1933, 1934, 2010, 1933, 2010, 2009, 1934, 1935, 2011, 1934, 2011, 2010, 1935, 1936, 2012, 1935, 2012, 2011,
            1936, 1937, 2013, 1936, 2013, 2012, 1937, 1938, 2014, 1937, 2014, 2013, 1938, 1939, 2015, 1938, 2015, 2014,
            1939, 1940, 2016, 1939, 2016, 2015, 1940, 1941, 2017, 1940, 2017, 2016, 1941, 1942, 2018, 1941, 2018, 2017,
            1942, 1943, 2019, 1942, 2019, 2018, 1943, 1944, 2020, 1943, 2020, 2019, 1944, 1945, 2021, 1944, 2021, 2020,
            1945, 1946, 2022, 1945, 2022, 2021, 1946, 1947, 2023, 1946, 2023, 2022, 1947, 1948, 2024, 1947, 2024, 2023,
            1948, 1949, 2025, 1948, 2025, 2024, 1949, 1950, 2026, 1949, 2026, 2025, 1950, 1951, 2027, 1950, 2027, 2026,
            1951, 1952, 2028, 1951, 2028, 2027, 1952, 1953, 2029, 1952, 2029, 2028, 1953, 1954, 2030, 1953, 2030, 2029,
            1954, 1955, 2031, 1954, 2031, 2030, 1955, 1956, 2032, 1955, 2032, 2031, 1956, 1957, 2033, 1956, 2033, 2032,
            1957, 1958, 2034, 1957, 2034, 2033, 1958, 1959, 2035, 1958, 2035, 2034, 1959, 1960, 2036, 1959, 2036, 2035,
            1960, 1961, 2037, 1960, 2037, 2036, 1961, 1962, 2038, 1961, 2038, 2037, 1962, 1963, 2039, 1962, 2039, 2038,
            1963, 1964, 2040, 1963, 2040, 2039, 1964, 1965, 2041, 1964, 2041, 2040, 1965, 1966, 2042, 1965, 2042, 2041,
            1966, 1967, 2043, 1966, 2043, 2042, 1967, 1968, 2044, 1967, 2044, 2043, 1968, 1969, 2045, 1968, 2045, 2044,
            1969, 1970, 2046, 1969, 2046, 2045, 1970, 1971, 2047, 1970, 2047, 2046, 1971, 1972, 2048, 1971, 2048, 2047,
            1972, 1973, 2049, 1972, 2049, 2048, 1973, 1974, 2050, 1973, 2050, 2049, 1974, 1975, 2051, 1974, 2051, 2050,
            1976, 1977, 2053, 1976, 2053, 2052, 1977, 1978, 2054, 1977, 2054, 2053, 1978, 1979, 2055, 1978, 2055, 2054,
            1979, 1980, 2056, 1979, 2056, 2055, 1980, 1981, 2057, 1980, 2057, 2056, 1981, 1982, 2058, 1981, 2058, 2057,
            1982, 1983, 2059, 1982, 2059, 2058, 1983, 1984, 2060, 1983, 2060, 2059, 1984, 1985, 2061, 1984, 2061, 2060,
            1985, 1986, 2062, 1985, 2062, 2061, 1986, 1987, 2063, 1986, 2063, 2062, 1987, 1988, 2064, 1987, 2064, 2063,
            1988, 1989, 2065, 1988, 2065, 2064, 1989, 1990, 2066, 1989, 2066, 2065, 1990, 1991, 2067, 1990, 2067, 2066,
            1991, 1992, 2068, 1991, 2068, 2067, 1992, 1993, 2069, 1992, 2069, 2068, 1993, 1994, 2070, 1993, 2070, 2069,
            1994, 1995, 2071, 1994, 2071, 2070, 1995, 1996, 2072, 1995, 2072, 2071, 1996, 1997, 2073, 1996, 2073, 2072,
            1997, 1998, 2074, 1997, 2074, 2073, 1998, 1999, 2075, 1998, 2075, 2074, 1999, 2000, 2076, 1999, 2076, 2075,
            2000, 2001, 2077, 2000, 2077, 2076, 2001, 2002, 2078, 2001, 2078, 2077, 2002, 2003, 2079, 2002, 2079, 2078,
            2003, 2004, 2080, 2003, 2080, 2079, 2004, 2005, 2081, 2004, 2081, 2080, 2005, 2006, 2082, 2005, 2082, 2081,
            2006, 2007, 2083, 2006, 2083, 2082, 2007, 2008, 2084, 2007, 2084, 2083, 2008, 2009, 2085, 2008, 2085, 2084,
            2009, 2010, 2086, 2009, 2086, 2085, 2010, 2011, 2087, 2010, 2087, 2086, 2011, 2012, 2088, 2011, 2088, 2087,
            2012, 2013, 2089, 2012, 2089, 2088, 2013, 2014, 2090, 2013, 2090, 2089, 2014, 2015, 2091, 2014, 2091, 2090,
            2015, 2016, 2092, 2015, 2092, 2091, 2016, 2017, 2093, 2016, 2093, 2092, 2017, 2018, 2094, 2017, 2094, 2093,
            2018, 2019, 2095, 2018, 2095, 2094, 2019, 2020, 2096, 2019, 2096, 2095, 2020, 2021, 2097, 2020, 2097, 2096,
            2021, 2022, 2098, 2021, 2098, 2097, 2022, 2023, 2099, 2022, 2099, 2098, 2023, 2024, 2100, 2023, 2100, 2099,
            2024, 2025, 2101, 2024, 2101, 2100, 2025, 2026, 2102, 2025, 2102, 2101, 2026, 2027, 2103, 2026, 2103, 2102,
            2027, 2028, 2104, 2027, 2104, 2103, 2028, 2029, 2105, 2028, 2105, 2104, 2029, 2030, 2106, 2029, 2106, 2105,
            2030, 2031, 2107, 2030, 2107, 2106, 2031, 2032, 2108, 2031, 2108, 2107, 2032, 2033, 2109, 2032, 2109, 2108,
            2033, 2034, 2110, 2033, 2110, 2109, 2034, 2035, 2111, 2034, 2111, 2110, 2035, 2036, 2112, 2035, 2112, 2111,
            2036, 2037, 2113, 2036, 2113, 2112, 2037, 2038, 2114, 2037, 2114, 2113, 2038, 2039, 2115, 2038, 2115, 2114,
            2039, 2040, 2116, 2039, 2116, 2115, 2040, 2041, 2117, 2040, 2117, 2116, 2041, 2042, 2118, 2041, 2118, 2117,
            2042, 2043, 2119, 2042, 2119, 2118, 2043, 2044, 2120, 2043, 2120, 2119, 2044, 2045, 2121, 2044, 2121, 2120,
            2045, 2046, 2122, 2045, 2122, 2121, 2046, 2047, 2123, 2046, 2123, 2122, 2047, 2048, 2124, 2047, 2124, 2123,
            2048, 2049, 2125, 2048, 2125, 2124, 2049, 2050, 2126, 2049, 2126, 2125, 2050, 2051, 2127, 2050, 2127, 2126,
            2052, 2053, 2129, 2052, 2129, 2128, 2053, 2054, 2130, 2053, 2130, 2129, 2054, 2055, 2131, 2054, 2131, 2130,
            2055, 2056, 2132, 2055, 2132, 2131, 2056, 2057, 2133, 2056, 2133, 2132, 2057, 2058, 2134, 2057, 2134, 2133,
            2058, 2059, 2135, 2058, 2135, 2134, 2059, 2060, 2136, 2059, 2136, 2135, 2060, 2061, 2137, 2060, 2137, 2136,
            2061, 2062, 2138, 2061, 2138, 2137, 2062, 2063, 2139, 2062, 2139, 2138, 2063, 2064, 2140, 2063, 2140, 2139,
            2064, 2065, 2141, 2064, 2141, 2140, 2065, 2066, 2142, 2065, 2142, 2141, 2066, 2067, 2143, 2066, 2143, 2142,
            2067, 2068, 2144, 2067, 2144, 2143, 2068, 2069, 2145, 2068, 2145, 2144, 2069, 2070, 2146, 2069, 2146, 2145,
            2070, 2071, 2147, 2070, 2147, 2146, 2071, 2072, 2148, 2071, 2148, 2147, 2072, 2073, 2149, 2072, 2149, 2148,
            2073, 2074, 2150, 2073, 2150, 2149, 2074, 2075, 2151, 2074, 2151, 2150, 2075, 2076, 2152, 2075, 2152, 2151,
            2076, 2077, 2153, 2076, 2153, 2152, 2077, 2078, 2154, 2077, 2154, 2153, 2078, 2079, 2155, 2078, 2155, 2154,
            2079, 2080, 2156, 2079, 2156, 2155, 2080, 2081, 2157, 2080, 2157, 2156, 2081, 2082, 2158, 2081, 2158, 2157,
            2082, 2083, 2159, 2082, 2159, 2158, 2083, 2084, 2160, 2083, 2160, 2159, 2084, 2085, 2161, 2084, 2161, 2160,
            2085, 2086, 2162, 2085, 2162, 2161, 2086, 2087, 2163, 2086, 2163, 2162, 2087, 2088, 2164, 2087, 2164, 2163,
            2088, 2089, 2165, 2088, 2165, 2164, 2089, 2090, 2166, 2089, 2166, 2165, 2090, 2091, 2167, 2090, 2167, 2166,
            2091, 2092, 2168, 2091, 2168, 2167, 2092, 2093, 2169, 2092, 2169, 2168, 2093, 2094, 2170, 2093, 2170, 2169,
            2094, 2095, 2171, 2094, 2171, 2170, 2095, 2096, 2172, 2095, 2172, 2171, 2096, 2097, 2173, 2096, 2173, 2172,
            2097, 2098, 2174, 2097, 2174, 2173, 2098, 2099, 2175, 2098, 2175, 2174, 2099, 2100, 2176, 2099, 2176, 2175,
            2100, 2101, 2177, 2100, 2177, 2176, 2101, 2102, 2178, 2101, 2178, 2177, 2102, 2103, 2179, 2102, 2179, 2178,
            2103, 2104, 2180, 2103, 2180, 2179, 2104, 2105, 2181, 2104, 2181, 2180, 2105, 2106, 2182, 2105, 2182, 2181,
            2106, 2107, 2183, 2106, 2183, 2182, 2107, 2108, 2184, 2107, 2184, 2183, 2108, 2109, 2185, 2108, 2185, 2184,
            2109, 2110, 2186, 2109, 2186, 2185, 2110, 2111, 2187, 2110, 2187, 2186, 2111, 2112, 2188, 2111, 2188, 2187,
            2112, 2113, 2189, 2112, 2189, 2188, 2113, 2114, 2190, 2113, 2190, 2189, 2114, 2115, 2191, 2114, 2191, 2190,
            2115, 2116, 2192, 2115, 2192, 2191, 2116, 2117, 2193, 2116, 2193, 2192, 2117, 2118, 2194, 2117, 2194, 2193,
            2118, 2119, 2195, 2118, 2195, 2194, 2119, 2120, 2196, 2119, 2196, 2195, 2120, 2121, 2197, 2120, 2197, 2196,
            2121, 2122, 2198, 2121, 2198, 2197, 2122, 2123, 2199, 2122, 2199, 2198, 2123, 2124, 2200, 2123, 2200, 2199,
            2124, 2125, 2201, 2124, 2201, 2200, 2125, 2126, 2202, 2125, 2202, 2201, 2126, 2127, 2203, 2126, 2203, 2202,
            2128, 2129, 2205, 2128, 2205, 2204, 2129, 2130, 2206, 2129, 2206, 2205, 2130, 2131, 2207, 2130, 2207, 2206,
            2131, 2132, 2208, 2131, 2208, 2207, 2132, 2133, 2209, 2132, 2209, 2208, 2133, 2134, 2210, 2133, 2210, 2209,
            2134, 2135, 2211, 2134, 2211, 2210, 2135, 2136, 2212, 2135, 2212, 2211, 2136, 2137, 2213, 2136, 2213, 2212,
            2137, 2138, 2214, 2137, 2214, 2213, 2138, 2139, 2215, 2138, 2215, 2214, 2139, 2140, 2216, 2139, 2216, 2215,
            2140, 2141, 2217, 2140, 2217, 2216, 2141, 2142, 2218, 2141, 2218, 2217, 2142, 2143, 2219, 2142, 2219, 2218,
            2143, 2144, 2220, 2143, 2220, 2219, 2144, 2145, 2221, 2144, 2221, 2220, 2145, 2146, 2222, 2145, 2222, 2221,
            2146, 2147, 2223, 2146, 2223, 2222, 2147, 2148, 2224, 2147, 2224, 2223, 2148, 2149, 2225, 2148, 2225, 2224,
            2149, 2150, 2226, 2149, 2226, 2225, 2150, 2151, 2227, 2150, 2227, 2226, 2151, 2152, 2228, 2151, 2228, 2227,
            2152, 2153, 2229, 2152, 2229, 2228, 2153, 2154, 2230, 2153, 2230, 2229, 2154, 2155, 2231, 2154, 2231, 2230,
            2155, 2156, 2232, 2155, 2232, 2231, 2156, 2157, 2233, 2156, 2233, 2232, 2157, 2158, 2234, 2157, 2234, 2233,
            2158, 2159, 2235, 2158, 2235, 2234, 2159, 2160, 2236, 2159, 2236, 2235, 2160, 2161, 2237, 2160, 2237, 2236,
            2161, 2162, 2238, 2161, 2238, 2237, 2162, 2163, 2239, 2162, 2239, 2238, 2163, 2164, 2240, 2163, 2240, 2239,
            2164, 2165, 2241, 2164, 2241, 2240, 2165, 2166, 2242, 2165, 2242, 2241, 2166, 2167, 2243, 2166, 2243, 2242,
            2167, 2168, 2244, 2167, 2244, 2243, 2168, 2169, 2245, 2168, 2245, 2244, 2169, 2170, 2246, 2169, 2246, 2245,
            2170, 2171, 2247, 2170, 2247, 2246, 2171, 2172, 2248, 2171, 2248, 2247, 2172, 2173, 2249, 2172, 2249, 2248,
            2173, 2174, 2250, 2173, 2250, 2249, 2174, 2175, 2251, 2174, 2251, 2250, 2175, 2176, 2252, 2175, 2252, 2251,
            2176, 2177, 2253, 2176, 2253, 2252, 2177, 2178, 2254, 2177, 2254, 2253, 2178, 2179, 2255, 2178, 2255, 2254,
            2179, 2180, 2256, 2179, 2256, 2255, 2180, 2181, 2257, 2180, 2257, 2256, 2181, 2182, 2258, 2181, 2258, 2257,
            2182, 2183, 2259, 2182, 2259, 2258, 2183, 2184, 2260, 2183, 2260, 2259, 2184, 2185, 2261, 2184, 2261, 2260,
            2185, 2186, 2262, 2185, 2262, 2261, 2186, 2187, 2263, 2186, 2263, 2262, 2187, 2188, 2264, 2187, 2264, 2263,
            2188, 2189, 2265, 2188, 2265, 2264, 2189, 2190, 2266, 2189, 2266, 2265, 2190, 2191, 2267, 2190, 2267, 2266,
            2191, 2192, 2268, 2191, 2268, 2267, 2192, 2193, 2269, 2192, 2269, 2268, 2193, 2194, 2270, 2193, 2270, 2269,
            2194, 2195, 2271, 2194, 2271, 2270, 2195, 2196, 2272, 2195, 2272, 2271, 2196, 2197, 2273, 2196, 2273, 2272,
            2197, 2198, 2274, 2197, 2274, 2273, 2198, 2199, 2275, 2198, 2275, 2274, 2199, 2200, 2276, 2199, 2276, 2275,
            2200, 2201, 2277, 2200, 2277, 2276, 2201, 2202, 2278, 2201, 2278, 2277, 2202, 2203, 2279, 2202, 2279, 2278,
            2204, 2205, 2281, 2204, 2281, 2280, 2205, 2206, 2282, 2205, 2282, 2281, 2206, 2207, 2283, 2206, 2283, 2282,
            2207, 2208, 2284, 2207, 2284, 2283, 2208, 2209, 2285, 2208, 2285, 2284, 2209, 2210, 2286, 2209, 2286, 2285,
            2210, 2211, 2287, 2210, 2287, 2286, 2211, 2212, 2288, 2211, 2288, 2287, 2212, 2213, 2289, 2212, 2289, 2288,
            2213, 2214, 2290, 2213, 2290, 2289, 2214, 2215, 2291, 2214, 2291, 2290, 2215, 2216, 2292, 2215, 2292, 2291,
            2216, 2217, 2293, 2216, 2293, 2292, 2217, 2218, 2294, 2217, 2294, 2293, 2218, 2219, 2295, 2218, 2295, 2294,
            2219, 2220, 2296, 2219, 2296, 2295, 2220, 2221, 2297, 2220, 2297, 2296, 2221, 2222, 2298, 2221, 2298, 2297,
            2222, 2223, 2299, 2222, 2299, 2298, 2223, 2224, 2300, 2223, 2300, 2299, 2224, 2225, 2301, 2224, 2301, 2300,
            2225, 2226, 2302, 2225, 2302, 2301, 2226, 2227, 2303, 2226, 2303, 2302, 2227, 2228, 2304, 2227, 2304, 2303,
            2228, 2229, 2305, 2228, 2305, 2304, 2229, 2230, 2306, 2229, 2306, 2305, 2230, 2231, 2307, 2230, 2307, 2306,
            2231, 2232, 2308, 2231, 2308, 2307, 2232, 2233, 2309, 2232, 2309, 2308, 2233, 2234, 2310, 2233, 2310, 2309,
            2234, 2235, 2311, 2234, 2311, 2310, 2235, 2236, 2312, 2235, 2312, 2311, 2236, 2237, 2313, 2236, 2313, 2312,
            2237, 2238, 2314, 2237, 2314, 2313, 2238, 2239, 2315, 2238, 2315, 2314, 2239, 2240, 2316, 2239, 2316, 2315,
            2240, 2241, 2317, 2240, 2317, 2316, 2241, 2242, 2318, 2241, 2318, 2317, 2242, 2243, 2319, 2242, 2319, 2318,
            2243, 2244, 2320, 2243, 2320, 2319, 2244, 2245, 2321, 2244, 2321, 2320, 2245, 2246, 2322, 2245, 2322, 2321,
            2246, 2247, 2323, 2246, 2323, 2322, 2247, 2248, 2324, 2247, 2324, 2323, 2248, 2249, 2325, 2248, 2325, 2324,
            2249, 2250, 2326, 2249, 2326, 2325, 2250, 2251, 2327, 2250, 2327, 2326, 2251, 2252, 2328, 2251, 2328, 2327,
            2252, 2253, 2329, 2252, 2329, 2328, 2253, 2254, 2330, 2253, 2330, 2329, 2254, 2255, 2331, 2254, 2331, 2330,
            2255, 2256, 2332, 2255, 2332, 2331, 2256, 2257, 2333, 2256, 2333, 2332, 2257, 2258, 2334, 2257, 2334, 2333,
            2258, 2259, 2335, 2258, 2335, 2334, 2259, 2260, 2336, 2259, 2336, 2335, 2260, 2261, 2337, 2260, 2337, 2336,
            2261, 2262, 2338, 2261, 2338, 2337, 2262, 2263, 2339, 2262, 2339, 2338, 2263, 2264, 2340, 2263, 2340, 2339,
            2264, 2265, 2341, 2264, 2341, 2340, 2265, 2266, 2342, 2265, 2342, 2341, 2266, 2267, 2343, 2266, 2343, 2342,
            2267, 2268, 2344, 2267, 2344, 2343, 2268, 2269, 2345, 2268, 2345, 2344, 2269, 2270, 2346, 2269, 2346, 2345,
            2270, 2271, 2347, 2270, 2347, 2346, 2271, 2272, 2348, 2271, 2348, 2347, 2272, 2273, 2349, 2272, 2349, 2348,
            2273, 2274, 2350, 2273, 2350, 2349, 2274, 2275, 2351, 2274, 2351, 2350, 2275, 2276, 2352, 2275, 2352, 2351,
            2276, 2277, 2353, 2276, 2353, 2352, 2277, 2278, 2354, 2277, 2354, 2353, 2278, 2279, 2355, 2278, 2355, 2354,
            2280, 2281, 2357, 2280, 2357, 2356, 2281, 2282, 2358, 2281, 2358, 2357, 2282, 2283, 2359, 2282, 2359, 2358,
            2283, 2284, 2360, 2283, 2360, 2359, 2284, 2285, 2361, 2284, 2361, 2360, 2285, 2286, 2362, 2285, 2362, 2361,
            2286, 2287, 2363, 2286, 2363, 2362, 2287, 2288, 2364, 2287, 2364, 2363, 2288, 2289, 2365, 2288, 2365, 2364,
            2289, 2290, 2366, 2289, 2366, 2365, 2290, 2291, 2367, 2290, 2367, 2366, 2291, 2292, 2368, 2291, 2368, 2367,
            2292, 2293, 2369, 2292, 2369, 2368, 2293, 2294, 2370, 2293, 2370, 2369, 2294, 2295, 2371, 2294, 2371, 2370,
            2295, 2296, 2372, 2295, 2372, 2371, 2296, 2297, 2373, 2296, 2373, 2372, 2297, 2298, 2374, 2297, 2374, 2373,
            2298, 2299, 2375, 2298, 2375, 2374, 2299, 2300, 2376, 2299, 2376, 2375, 2300, 2301, 2377, 2300, 2377, 2376,
            2301, 2302, 2378, 2301, 2378, 2377, 2302, 2303, 2379, 2302, 2379, 2378, 2303, 2304, 2380, 2303, 2380, 2379,
            2304, 2305, 2381, 2304, 2381, 2380, 2305, 2306, 2382, 2305, 2382, 2381, 2306, 2307, 2383, 2306, 2383, 2382,
            2307, 2308, 2384, 2307, 2384, 2383, 2308, 2309, 2385, 2308, 2385, 2384, 2309, 2310, 2386, 2309, 2386, 2385,
            2310, 2311, 2387, 2310, 2387, 2386, 2311, 2312, 2388, 2311, 2388, 2387, 2312, 2313, 2389, 2312, 2389, 2388,
            2313, 2314, 2390, 2313, 2390, 2389, 2314, 2315, 2391, 2314, 2391, 2390, 2315, 2316, 2392, 2315, 2392, 2391,
            2316, 2317, 2393, 2316, 2393, 2392, 2317, 2318, 2394, 2317, 2394, 2393, 2318, 2319, 2395, 2318, 2395, 2394,
            2319, 2320, 2396, 2319, 2396, 2395, 2320, 2321, 2397, 2320, 2397, 2396, 2321, 2322, 2398, 2321, 2398, 2397,
            2322, 2323, 2399, 2322, 2399, 2398, 2323, 2324, 2400, 2323, 2400, 2399, 2324, 2325, 2401, 2324, 2401, 2400,
            2325, 2326, 2402, 2325, 2402, 2401, 2326, 2327, 2403, 2326, 2403, 2402, 2327, 2328, 2404, 2327, 2404, 2403,
            2328, 2329, 2405, 2328, 2405, 2404, 2329, 2330, 2406, 2329, 2406, 2405, 2330, 2331, 2407, 2330, 2407, 2406,
            2331, 2332, 2408, 2331, 2408, 2407, 2332, 2333, 2409, 2332, 2409, 2408, 2333, 2334, 2410, 2333, 2410, 2409,
            2334, 2335, 2411, 2334, 2411, 2410, 2335, 2336, 2412, 2335, 2412, 2411, 2336, 2337, 2413, 2336, 2413, 2412,
            2337, 2338, 2414, 2337, 2414, 2413, 2338, 2339, 2415, 2338, 2415, 2414, 2339, 2340, 2416, 2339, 2416, 2415,
            2340, 2341, 2417, 2340, 2417, 2416, 2341, 2342, 2418, 2341, 2418, 2417, 2342, 2343, 2419, 2342, 2419, 2418,
            2343, 2344, 2420, 2343, 2420, 2419, 2344, 2345, 2421, 2344, 2421, 2420, 2345, 2346, 2422, 2345, 2422, 2421,
            2346, 2347, 2423, 2346, 2423, 2422, 2347, 2348, 2424, 2347, 2424, 2423, 2348, 2349, 2425, 2348, 2425, 2424,
            2349, 2350, 2426, 2349, 2426, 2425, 2350, 2351, 2427, 2350, 2427, 2426, 2351, 2352, 2428, 2351, 2428, 2427,
            2352, 2353, 2429, 2352, 2429, 2428, 2353, 2354, 2430, 2353, 2430, 2429, 2354, 2355, 2431, 2354, 2431, 2430,
            2356, 2357, 2433, 2356, 2433, 2432, 2357, 2358, 2434, 2357, 2434, 2433, 2358, 2359, 2435, 2358, 2435, 2434,
            2359, 2360, 2436, 2359, 2436, 2435, 2360, 2361, 2437, 2360, 2437, 2436, 2361, 2362, 2438, 2361, 2438, 2437,
            2362, 2363, 2439, 2362, 2439, 2438, 2363, 2364, 2440, 2363, 2440, 2439, 2364, 2365, 2441, 2364, 2441, 2440,
            2365, 2366, 2442, 2365, 2442, 2441, 2366, 2367, 2443, 2366, 2443, 2442, 2367, 2368, 2444, 2367, 2444, 2443,
            2368, 2369, 2445, 2368, 2445, 2444, 2369, 2370, 2446, 2369, 2446, 2445, 2370, 2371, 2447, 2370, 2447, 2446,
            2371, 2372, 2448, 2371, 2448, 2447, 2372, 2373, 2449, 2372, 2449, 2448, 2373, 2374, 2450, 2373, 2450, 2449,
            2374, 2375, 2451, 2374, 2451, 2450, 2375, 2376, 2452, 2375, 2452, 2451, 2376, 2377, 2453, 2376, 2453, 2452,
            2377, 2378, 2454, 2377, 2454, 2453, 2378, 2379, 2455, 2378, 2455, 2454, 2379, 2380, 2456, 2379, 2456, 2455,
            2380, 2381, 2457, 2380, 2457, 2456, 2381, 2382, 2458, 2381, 2458, 2457, 2382, 2383, 2459, 2382, 2459, 2458,
            2383, 2384, 2460, 2383, 2460, 2459, 2384, 2385, 2461, 2384, 2461, 2460, 2385, 2386, 2462, 2385, 2462, 2461,
            2386, 2387, 2463, 2386, 2463, 2462, 2387, 2388, 2464, 2387, 2464, 2463, 2388, 2389, 2465, 2388, 2465, 2464,
            2389, 2390, 2466, 2389, 2466, 2465, 2390, 2391, 2467, 2390, 2467, 2466, 2391, 2392, 2468, 2391, 2468, 2467,
            2392, 2393, 2469, 2392, 2469, 2468, 2393, 2394, 2470, 2393, 2470, 2469, 2394, 2395, 2471, 2394, 2471, 2470,
            2395, 2396, 2472, 2395, 2472, 2471, 2396, 2397, 2473, 2396, 2473, 2472, 2397, 2398, 2474, 2397, 2474, 2473,
            2398, 2399, 2475, 2398, 2475, 2474, 2399, 2400, 2476, 2399, 2476, 2475, 2400, 2401, 2477, 2400, 2477, 2476,
            2401, 2402, 2478, 2401, 2478, 2477, 2402, 2403, 2479, 2402, 2479, 2478, 2403, 2404, 2480, 2403, 2480, 2479,
            2404, 2405, 2481, 2404, 2481, 2480, 2405, 2406, 2482, 2405, 2482, 2481, 2406, 2407, 2483, 2406, 2483, 2482,
            2407, 2408, 2484, 2407, 2484, 2483, 2408, 2409, 2485, 2408, 2485, 2484, 2409, 2410, 2486, 2409, 2486, 2485,
            2410, 2411, 2487, 2410, 2487, 2486, 2411, 2412, 2488, 2411, 2488, 2487, 2412, 2413, 2489, 2412, 2489, 2488,
            2413, 2414, 2490, 2413, 2490, 2489, 2414, 2415, 2491, 2414, 2491, 2490, 2415, 2416, 2492, 2415, 2492, 2491,
            2416, 2417, 2493, 2416, 2493, 2492, 2417, 2418, 2494, 2417, 2494, 2493, 2418, 2419, 2495, 2418, 2495, 2494,
            2419, 2420, 2496, 2419, 2496, 2495, 2420, 2421, 2497, 2420, 2497, 2496, 2421, 2422, 2498, 2421, 2498, 2497,
            2422, 2423, 2499, 2422, 2499, 2498, 2423, 2424, 2500, 2423, 2500, 2499, 2424, 2425, 2501, 2424, 2501, 2500,
            2425, 2426, 2502, 2425, 2502, 2501, 2426, 2427, 2503, 2426, 2503, 2502, 2427, 2428, 2504, 2427, 2504, 2503,
            2428, 2429, 2505, 2428, 2505, 2504, 2429, 2430, 2506, 2429, 2506, 2505, 2430, 2431, 2507, 2430, 2507, 2506,
            2432, 2433, 2509, 2432, 2509, 2508, 2433, 2434, 2510, 2433, 2510, 2509, 2434, 2435, 2511, 2434, 2511, 2510,
            2435, 2436, 2512, 2435, 2512, 2511, 2436, 2437, 2513, 2436, 2513, 2512, 2437, 2438, 2514, 2437, 2514, 2513,
            2438, 2439, 2515, 2438, 2515, 2514, 2439, 2440, 2516, 2439, 2516, 2515, 2440, 2441, 2517, 2440, 2517, 2516,
            2441, 2442, 2518, 2441, 2518, 2517, 2442, 2443, 2519, 2442, 2519, 2518, 2443, 2444, 2520, 2443, 2520, 2519,
            2444, 2445, 2521, 2444, 2521, 2520, 2445, 2446, 2522, 2445, 2522, 2521, 2446, 2447, 2523, 2446, 2523, 2522,
            2447, 2448, 2524, 2447, 2524, 2523, 2448, 2449, 2525, 2448, 2525, 2524, 2449, 2450, 2526, 2449, 2526, 2525,
            2450, 2451, 2527, 2450, 2527, 2526, 2451, 2452, 2528, 2451, 2528, 2527, 2452, 2453, 2529, 2452, 2529, 2528,
            2453, 2454, 2530, 2453, 2530, 2529, 2454, 2455, 2531, 2454, 2531, 2530, 2455, 2456, 2532, 2455, 2532, 2531,
            2456, 2457, 2533, 2456, 2533, 2532, 2457, 2458, 2534, 2457, 2534, 2533, 2458, 2459, 2535, 2458, 2535, 2534,
            2459, 2460, 2536, 2459, 2536, 2535, 2460, 2461, 2537, 2460, 2537, 2536, 2461, 2462, 2538, 2461, 2538, 2537,
            2462, 2463, 2539, 2462, 2539, 2538, 2463, 2464, 2540, 2463, 2540, 2539, 2464, 2465, 2541, 2464, 2541, 2540,
            2465, 2466, 2542, 2465, 2542, 2541, 2466, 2467, 2543, 2466, 2543, 2542, 2467, 2468, 2544, 2467, 2544, 2543,
            2468, 2469, 2545, 2468, 2545, 2544, 2469, 2470, 2546, 2469, 2546, 2545, 2470, 2471, 2547, 2470, 2547, 2546,
            2471, 2472, 2548, 2471, 2548, 2547, 2472, 2473, 2549, 2472, 2549, 2548, 2473, 2474, 2550, 2473, 2550, 2549,
            2474, 2475, 2551, 2474, 2551, 2550, 2475, 2476, 2552, 2475, 2552, 2551, 2476, 2477, 2553, 2476, 2553, 2552,
            2477, 2478, 2554, 2477, 2554, 2553, 2478, 2479, 2555, 2478, 2555, 2554, 2479, 2480, 2556, 2479, 2556, 2555,
            2480, 2481, 2557, 2480, 2557, 2556, 2481, 2482, 2558, 2481, 2558, 2557, 2482, 2483, 2559, 2482, 2559, 2558,
            2483, 2484, 2560, 2483, 2560, 2559, 2484, 2485, 2561, 2484, 2561, 2560, 2485, 2486, 2562, 2485, 2562, 2561,
            2486, 2487, 2563, 2486, 2563, 2562, 2487, 2488, 2564, 2487, 2564, 2563, 2488, 2489, 2565, 2488, 2565, 2564,
            2489, 2490, 2566, 2489, 2566, 2565, 2490, 2491, 2567, 2490, 2567, 2566, 2491, 2492, 2568, 2491, 2568, 2567,
            2492, 2493, 2569, 2492, 2569, 2568, 2493, 2494, 2570, 2493, 2570, 2569, 2494, 2495, 2571, 2494, 2571, 2570,
            2495, 2496, 2572, 2495, 2572, 2571, 2496, 2497, 2573, 2496, 2573, 2572, 2497, 2498, 2574, 2497, 2574, 2573,
            2498, 2499, 2575, 2498, 2575, 2574, 2499, 2500, 2576, 2499, 2576, 2575, 2500, 2501, 2577, 2500, 2577, 2576,
            2501, 2502, 2578, 2501, 2578, 2577, 2502, 2503, 2579, 2502, 2579, 2578, 2503, 2504, 2580, 2503, 2580, 2579,
            2504, 2505, 2581, 2504, 2581, 2580, 2505, 2506, 2582, 2505, 2582, 2581, 2506, 2507, 2583, 2506, 2583, 2582,
            2508, 2509, 2585, 2508, 2585, 2584, 2509, 2510, 2586, 2509, 2586, 2585, 2510, 2511, 2587, 2510, 2587, 2586,
            2511, 2512, 2588, 2511, 2588, 2587, 2512, 2513, 2589, 2512, 2589, 2588, 2513, 2514, 2590, 2513, 2590, 2589,
            2514, 2515, 2591, 2514, 2591, 2590, 2515, 2516, 2592, 2515, 2592, 2591, 2516, 2517, 2593, 2516, 2593, 2592,
            2517, 2518, 2594, 2517, 2594, 2593, 2518, 2519, 2595, 2518, 2595, 2594, 2519, 2520, 2596, 2519, 2596, 2595,
            2520, 2521, 2597, 2520, 2597, 2596, 2521, 2522, 2598, 2521, 2598, 2597, 2522, 2523, 2599, 2522, 2599, 2598,
            2523, 2524, 2600, 2523, 2600, 2599, 2524, 2525, 2601, 2524, 2601, 2600, 2525, 2526, 2602, 2525, 2602, 2601,
            2526, 2527, 2603, 2526, 2603, 2602, 2527, 2528, 2604, 2527, 2604, 2603, 2528, 2529, 2605, 2528, 2605, 2604,
            2529, 2530, 2606, 2529, 2606, 2605, 2530, 2531, 2607, 2530, 2607, 2606, 2531, 2532, 2608, 2531, 2608, 2607,
            2532, 2533, 2609, 2532, 2609, 2608, 2533, 2534, 2610, 2533, 2610, 2609, 2534, 2535, 2611, 2534, 2611, 2610,
            2535, 2536, 2612, 2535, 2612, 2611, 2536, 2537, 2613, 2536, 2613, 2612, 2537, 2538, 2614, 2537, 2614, 2613,
            2538, 2539, 2615, 2538, 2615, 2614, 2539, 2540, 2616, 2539, 2616, 2615, 2540, 2541, 2617, 2540, 2617, 2616,
            2541, 2542, 2618, 2541, 2618, 2617, 2542, 2543, 2619, 2542, 2619, 2618, 2543, 2544, 2620, 2543, 2620, 2619,
            2544, 2545, 2621, 2544, 2621, 2620, 2545, 2546, 2622, 2545, 2622, 2621, 2546, 2547, 2623, 2546, 2623, 2622,
            2547, 2548, 2624, 2547, 2624, 2623, 2548, 2549, 2625, 2548, 2625, 2624, 2549, 2550, 2626, 2549, 2626, 2625,
            2550, 2551, 2627, 2550, 2627, 2626, 2551, 2552, 2628, 2551, 2628, 2627, 2552, 2553, 2629, 2552, 2629, 2628,
            2553, 2554, 2630, 2553, 2630, 2629, 2554, 2555, 2631, 2554, 2631, 2630, 2555, 2556, 2632, 2555, 2632, 2631,
            2556, 2557, 2633, 2556, 2633, 2632, 2557, 2558, 2634, 2557, 2634, 2633, 2558, 2559, 2635, 2558, 2635, 2634,
            2559, 2560, 2636, 2559, 2636, 2635, 2560, 2561, 2637, 2560, 2637, 2636, 2561, 2562, 2638, 2561, 2638, 2637,
            2562, 2563, 2639, 2562, 2639, 2638, 2563, 2564, 2640, 2563, 2640, 2639, 2564, 2565, 2641, 2564, 2641, 2640,
            2565, 2566, 2642, 2565, 2642, 2641, 2566, 2567, 2643, 2566, 2643, 2642, 2567, 2568, 2644, 2567, 2644, 2643,
            2568, 2569, 2645, 2568, 2645, 2644, 2569, 2570, 2646, 2569, 2646, 2645, 2570, 2571, 2647, 2570, 2647, 2646,
            2571, 2572, 2648, 2571, 2648, 2647, 2572, 2573, 2649, 2572, 2649, 2648, 2573, 2574, 2650, 2573, 2650, 2649,
            2574, 2575, 2651, 2574, 2651, 2650, 2575, 2576, 2652, 2575, 2652, 2651, 2576, 2577, 2653, 2576, 2653, 2652,
            2577, 2578, 2654, 2577, 2654, 2653, 2578, 2579, 2655, 2578, 2655, 2654, 2579, 2580, 2656, 2579, 2656, 2655,
            2580, 2581, 2657, 2580, 2657, 2656, 2581, 2582, 2658, 2581, 2658, 2657, 2582, 2583, 2659, 2582, 2659, 2658,
            2584, 2585, 2661, 2584, 2661, 2660, 2585, 2586, 2662, 2585, 2662, 2661, 2586, 2587, 2663, 2586, 2663, 2662,
            2587, 2588, 2664, 2587, 2664, 2663, 2588, 2589, 2665, 2588, 2665, 2664, 2589, 2590, 2666, 2589, 2666, 2665,
            2590, 2591, 2667, 2590, 2667, 2666, 2591, 2592, 2668, 2591, 2668, 2667, 2592, 2593, 2669, 2592, 2669, 2668,
            2593, 2594, 2670, 2593, 2670, 2669, 2594, 2595, 2671, 2594, 2671, 2670, 2595, 2596, 2672, 2595, 2672, 2671,
            2596, 2597, 2673, 2596, 2673, 2672, 2597, 2598, 2674, 2597, 2674, 2673, 2598, 2599, 2675, 2598, 2675, 2674,
            2599, 2600, 2676, 2599, 2676, 2675, 2600, 2601, 2677, 2600, 2677, 2676, 2601, 2602, 2678, 2601, 2678, 2677,
            2602, 2603, 2679, 2602, 2679, 2678, 2603, 2604, 2680, 2603, 2680, 2679, 2604, 2605, 2681, 2604, 2681, 2680,
            2605, 2606, 2682, 2605, 2682, 2681, 2606, 2607, 2683, 2606, 2683, 2682, 2607, 2608, 2684, 2607, 2684, 2683,
            2608, 2609, 2685, 2608, 2685, 2684, 2609, 2610, 2686, 2609, 2686, 2685, 2610, 2611, 2687, 2610, 2687, 2686,
            2611, 2612, 2688, 2611, 2688, 2687, 2612, 2613, 2689, 2612, 2689, 2688, 2613, 2614, 2690, 2613, 2690, 2689,
            2614, 2615, 2691, 2614, 2691, 2690, 2615, 2616, 2692, 2615, 2692, 2691, 2616, 2617, 2693, 2616, 2693, 2692,
            2617, 2618, 2694, 2617, 2694, 2693, 2618, 2619, 2695, 2618, 2695, 2694, 2619, 2620, 2696, 2619, 2696, 2695,
            2620, 2621, 2697, 2620, 2697, 2696, 2621, 2622, 2698, 2621, 2698, 2697, 2622, 2623, 2699, 2622, 2699, 2698,
            2623, 2624, 2700, 2623, 2700, 2699, 2624, 2625, 2701, 2624, 2701, 2700, 2625, 2626, 2702, 2625, 2702, 2701,
            2626, 2627, 2703, 2626, 2703, 2702, 2627, 2628, 2704, 2627, 2704, 2703, 2628, 2629, 2705, 2628, 2705, 2704,
            2629, 2630, 2706, 2629, 2706, 2705, 2630, 2631, 2707, 2630, 2707, 2706, 2631, 2632, 2708, 2631, 2708, 2707,
            2632, 2633, 2709, 2632, 2709, 2708, 2633, 2634, 2710, 2633, 2710, 2709, 2634, 2635, 2711, 2634, 2711, 2710,
            2635, 2636, 2712, 2635, 2712, 2711, 2636, 2637, 2713, 2636, 2713, 2712, 2637, 2638, 2714, 2637, 2714, 2713,
            2638, 2639, 2715, 2638, 2715, 2714, 2639, 2640, 2716, 2639, 2716, 2715, 2640, 2641, 2717, 2640, 2717, 2716,
            2641, 2642, 2718, 2641, 2718, 2717, 2642, 2643, 2719, 2642, 2719, 2718, 2643, 2644, 2720, 2643, 2720, 2719,
            2644, 2645, 2721, 2644, 2721, 2720, 2645, 2646, 2722, 2645, 2722, 2721, 2646, 2647, 2723, 2646, 2723, 2722,
            2647, 2648, 2724, 2647, 2724, 2723, 2648, 2649, 2725, 2648, 2725, 2724, 2649, 2650, 2726, 2649, 2726, 2725,
            2650, 2651, 2727, 2650, 2727, 2726, 2651, 2652, 2728, 2651, 2728, 2727, 2652, 2653, 2729, 2652, 2729, 2728,
            2653, 2654, 2730, 2653, 2730, 2729, 2654, 2655, 2731, 2654, 2731, 2730, 2655, 2656, 2732, 2655, 2732, 2731,
            2656, 2657, 2733, 2656, 2733, 2732, 2657, 2658, 2734, 2657, 2734, 2733, 2658, 2659, 2735, 2658, 2735, 2734,
            2660, 2661, 2737, 2660, 2737, 2736, 2661, 2662, 2738, 2661, 2738, 2737, 2662, 2663, 2739, 2662, 2739, 2738,
            2663, 2664, 2740, 2663, 2740, 2739, 2664, 2665, 2741, 2664, 2741, 2740, 2665, 2666, 2742, 2665, 2742, 2741,
            2666, 2667, 2743, 2666, 2743, 2742, 2667, 2668, 2744, 2667, 2744, 2743, 2668, 2669, 2745, 2668, 2745, 2744,
            2669, 2670, 2746, 2669, 2746, 2745, 2670, 2671, 2747, 2670, 2747, 2746, 2671, 2672, 2748, 2671, 2748, 2747,
            2672, 2673, 2749, 2672, 2749, 2748, 2673, 2674, 2750, 2673, 2750, 2749, 2674, 2675, 2751, 2674, 2751, 2750,
            2675, 2676, 2752, 2675, 2752, 2751, 2676, 2677, 2753, 2676, 2753, 2752, 2677, 2678, 2754, 2677, 2754, 2753,
            2678, 2679, 2755, 2678, 2755, 2754, 2679, 2680, 2756, 2679, 2756, 2755, 2680, 2681, 2757, 2680, 2757, 2756,
            2681, 2682, 2758, 2681, 2758, 2757, 2682, 2683, 2759, 2682, 2759, 2758, 2683, 2684, 2760, 2683, 2760, 2759,
            2684, 2685, 2761, 2684, 2761, 2760, 2685, 2686, 2762, 2685, 2762, 2761, 2686, 2687, 2763, 2686, 2763, 2762,
            2687, 2688, 2764, 2687, 2764, 2763, 2688, 2689, 2765, 2688, 2765, 2764, 2689, 2690, 2766, 2689, 2766, 2765,
            2690, 2691, 2767, 2690, 2767, 2766, 2691, 2692, 2768, 2691, 2768, 2767, 2692, 2693, 2769, 2692, 2769, 2768,
            2693, 2694, 2770, 2693, 2770, 2769, 2694, 2695, 2771, 2694, 2771, 2770, 2695, 2696, 2772, 2695, 2772, 2771,
            2696, 2697, 2773, 2696, 2773, 2772, 2697, 2698, 2774, 2697, 2774, 2773, 2698, 2699, 2775, 2698, 2775, 2774,
            2699, 2700, 2776, 2699, 2776, 2775, 2700, 2701, 2777, 2700, 2777, 2776, 2701, 2702, 2778, 2701, 2778, 2777,
            2702, 2703, 2779, 2702, 2779, 2778, 2703, 2704, 2780, 2703, 2780, 2779, 2704, 2705, 2781, 2704, 2781, 2780,
            2705, 2706, 2782, 2705, 2782, 2781, 2706, 2707, 2783, 2706, 2783, 2782, 2707, 2708, 2784, 2707, 2784, 2783,
            2708, 2709, 2785, 2708, 2785, 2784, 2709, 2710, 2786, 2709, 2786, 2785, 2710, 2711, 2787, 2710, 2787, 2786,
            2711, 2712, 2788, 2711, 2788, 2787, 2712, 2713, 2789, 2712, 2789, 2788, 2713, 2714, 2790, 2713, 2790, 2789,
            2714, 2715, 2791, 2714, 2791, 2790, 2715, 2716, 2792, 2715, 2792, 2791, 2716, 2717, 2793, 2716, 2793, 2792,
            2717, 2718, 2794, 2717, 2794, 2793, 2718, 2719, 2795, 2718, 2795, 2794, 2719, 2720, 2796, 2719, 2796, 2795,
            2720, 2721, 2797, 2720, 2797, 2796, 2721, 2722, 2798, 2721, 2798, 2797, 2722, 2723, 2799, 2722, 2799, 2798,
            2723, 2724, 2800, 2723, 2800, 2799, 2724, 2725, 2801, 2724, 2801, 2800, 2725, 2726, 2802, 2725, 2802, 2801,
            2726, 2727, 2803, 2726, 2803, 2802, 2727, 2728, 2804, 2727, 2804, 2803, 2728, 2729, 2805, 2728, 2805, 2804,
            2729, 2730, 2806, 2729, 2806, 2805, 2730, 2731, 2807, 2730, 2807, 2806, 2731, 2732, 2808, 2731, 2808, 2807,
            2732, 2733, 2809, 2732, 2809, 2808, 2733, 2734, 2810, 2733, 2810, 2809, 2734, 2735, 2811, 2734, 2811, 2810,
            2736, 2737, 2813, 2736, 2813, 2812, 2737, 2738, 2814, 2737, 2814, 2813, 2738, 2739, 2815, 2738, 2815, 2814,
            2739, 2740, 2816, 2739, 2816, 2815, 2740, 2741, 2817, 2740, 2817, 2816, 2741, 2742, 2818, 2741, 2818, 2817,
            2742, 2743, 2819, 2742, 2819, 2818, 2743, 2744, 2820, 2743, 2820, 2819, 2744, 2745, 2821, 2744, 2821, 2820,
            2745, 2746, 2822, 2745, 2822, 2821, 2746, 2747, 2823, 2746, 2823, 2822, 2747, 2748, 2824, 2747, 2824, 2823,
            2748, 2749, 2825, 2748, 2825, 2824, 2749, 2750, 2826, 2749, 2826, 2825, 2750, 2751, 2827, 2750, 2827, 2826,
            2751, 2752, 2828, 2751, 2828, 2827, 2752, 2753, 2829, 2752, 2829, 2828, 2753, 2754, 2830, 2753, 2830, 2829,
            2754, 2755, 2831, 2754, 2831, 2830, 2755, 2756, 2832, 2755, 2832, 2831, 2756, 2757, 2833, 2756, 2833, 2832,
            2757, 2758, 2834, 2757, 2834, 2833, 2758, 2759, 2835, 2758, 2835, 2834, 2759, 2760, 2836, 2759, 2836, 2835,
            2760, 2761, 2837, 2760, 2837, 2836, 2761, 2762, 2838, 2761, 2838, 2837, 2762, 2763, 2839, 2762, 2839, 2838,
            2763, 2764, 2840, 2763, 2840, 2839, 2764, 2765, 2841, 2764, 2841, 2840, 2765, 2766, 2842, 2765, 2842, 2841,
            2766, 2767, 2843, 2766, 2843, 2842, 2767, 2768, 2844, 2767, 2844, 2843, 2768, 2769, 2845, 2768, 2845, 2844,
            2769, 2770, 2846, 2769, 2846, 2845, 2770, 2771, 2847, 2770, 2847, 2846, 2771, 2772, 2848, 2771, 2848, 2847,
            2772, 2773, 2849, 2772, 2849, 2848, 2773, 2774, 2850, 2773, 2850, 2849, 2774, 2775, 2851, 2774, 2851, 2850,
            2775, 2776, 2852, 2775, 2852, 2851, 2776, 2777, 2853, 2776, 2853, 2852, 2777, 2778, 2854, 2777, 2854, 2853,
            2778, 2779, 2855, 2778, 2855, 2854, 2779, 2780, 2856, 2779, 2856, 2855, 2780, 2781, 2857, 2780, 2857, 2856,
            2781, 2782, 2858, 2781, 2858, 2857, 2782, 2783, 2859, 2782, 2859, 2858, 2783, 2784, 2860, 2783, 2860, 2859,
            2784, 2785, 2861, 2784, 2861, 2860, 2785, 2786, 2862, 2785, 2862, 2861, 2786, 2787, 2863, 2786, 2863, 2862,
            2787, 2788, 2864, 2787, 2864, 2863, 2788, 2789, 2865, 2788, 2865, 2864, 2789, 2790, 2866, 2789, 2866, 2865,
            2790, 2791, 2867, 2790, 2867, 2866, 2791, 2792, 2868, 2791, 2868, 2867, 2792, 2793, 2869, 2792, 2869, 2868,
            2793, 2794, 2870, 2793, 2870, 2869, 2794, 2795, 2871, 2794, 2871, 2870, 2795, 2796, 2872, 2795, 2872, 2871,
            2796, 2797, 2873, 2796, 2873, 2872, 2797, 2798, 2874, 2797, 2874, 2873, 2798, 2799, 2875, 2798, 2875, 2874,
            2799, 2800, 2876, 2799, 2876, 2875, 2800, 2801, 2877, 2800, 2877, 2876, 2801, 2802, 2878, 2801, 2878, 2877,
            2802, 2803, 2879, 2802, 2879, 2878, 2803, 2804, 2880, 2803, 2880, 2879, 2804, 2805, 2881, 2804, 2881, 2880,
            2805, 2806, 2882, 2805, 2882, 2881, 2806, 2807, 2883, 2806, 2883, 2882, 2807, 2808, 2884, 2807, 2884, 2883,
            2808, 2809, 2885, 2808, 2885, 2884, 2809, 2810, 2886, 2809, 2886, 2885, 2810, 2811, 2887, 2810, 2887, 2886,
            2812, 2813, 2889, 2812, 2889, 2888, 2813, 2814, 2890, 2813, 2890, 2889, 2814, 2815, 2891, 2814, 2891, 2890,
            2815, 2816, 2892, 2815, 2892, 2891, 2816, 2817, 2893, 2816, 2893, 2892, 2817, 2818, 2894, 2817, 2894, 2893,
            2818, 2819, 2895, 2818, 2895, 2894, 2819, 2820, 2896, 2819, 2896, 2895, 2820, 2821, 2897, 2820, 2897, 2896,
            2821, 2822, 2898, 2821, 2898, 2897, 2822, 2823, 2899, 2822, 2899, 2898, 2823, 2824, 2900, 2823, 2900, 2899,
            2824, 2825, 2901, 2824, 2901, 2900, 2825, 2826, 2902, 2825, 2902, 2901, 2826, 2827, 2903, 2826, 2903, 2902,
            2827, 2828, 2904, 2827, 2904, 2903, 2828, 2829, 2905, 2828, 2905, 2904, 2829, 2830, 2906, 2829, 2906, 2905,
            2830, 2831, 2907, 2830, 2907, 2906, 2831, 2832, 2908, 2831, 2908, 2907, 2832, 2833, 2909, 2832, 2909, 2908,
            2833, 2834, 2910, 2833, 2910, 2909, 2834, 2835, 2911, 2834, 2911, 2910, 2835, 2836, 2912, 2835, 2912, 2911,
            2836, 2837, 2913, 2836, 2913, 2912, 2837, 2838, 2914, 2837, 2914, 2913, 2838, 2839, 2915, 2838, 2915, 2914,
            2839, 2840, 2916, 2839, 2916, 2915, 2840, 2841, 2917, 2840, 2917, 2916, 2841, 2842, 2918, 2841, 2918, 2917,
            2842, 2843, 2919, 2842, 2919, 2918, 2843, 2844, 2920, 2843, 2920, 2919, 2844, 2845, 2921, 2844, 2921, 2920,
            2845, 2846, 2922, 2845, 2922, 2921, 2846, 2847, 2923, 2846, 2923, 2922, 2847, 2848, 2924, 2847, 2924, 2923,
            2848, 2849, 2925, 2848, 2925, 2924, 2849, 2850, 2926, 2849, 2926, 2925, 2850, 2851, 2927, 2850, 2927, 2926,
            2851, 2852, 2928, 2851, 2928, 2927, 2852, 2853, 2929, 2852, 2929, 2928, 2853, 2854, 2930, 2853, 2930, 2929,
            2854, 2855, 2931, 2854, 2931, 2930, 2855, 2856, 2932, 2855, 2932, 2931, 2856, 2857, 2933, 2856, 2933, 2932,
            2857, 2858, 2934, 2857, 2934, 2933, 2858, 2859, 2935, 2858, 2935, 2934, 2859, 2860, 2936, 2859, 2936, 2935,
            2860, 2861, 2937, 2860, 2937, 2936, 2861, 2862, 2938, 2861, 2938, 2937, 2862, 2863, 2939, 2862, 2939, 2938,
            2863, 2864, 2940, 2863, 2940, 2939, 2864, 2865, 2941, 2864, 2941, 2940, 2865, 2866, 2942, 2865, 2942, 2941,
            2866, 2867, 2943, 2866, 2943, 2942, 2867, 2868, 2944, 2867, 2944, 2943, 2868, 2869, 2945, 2868, 2945, 2944,
            2869, 2870, 2946, 2869, 2946, 2945, 2870, 2871, 2947, 2870, 2947, 2946, 2871, 2872, 2948, 2871, 2948, 2947,
            2872, 2873, 2949, 2872, 2949, 2948, 2873, 2874, 2950, 2873, 2950, 2949, 2874, 2875, 2951, 2874, 2951, 2950,
            2875, 2876, 2952, 2875, 2952, 2951, 2876, 2877, 2953, 2876, 2953, 2952, 2877, 2878, 2954, 2877, 2954, 2953,
            2878, 2879, 2955, 2878, 2955, 2954, 2879, 2880, 2956, 2879, 2956, 2955, 2880, 2881, 2957, 2880, 2957, 2956,
            2881, 2882, 2958, 2881, 2958, 2957, 2882, 2883, 2959, 2882, 2959, 2958, 2883, 2884, 2960, 2883, 2960, 2959,
            2884, 2885, 2961, 2884, 2961, 2960, 2885, 2886, 2962, 2885, 2962, 2961, 2886, 2887, 2963, 2886, 2963, 2962,
            2888, 2889, 2965, 2888, 2965, 2964, 2889, 2890, 2966, 2889, 2966, 2965, 2890, 2891, 2967, 2890, 2967, 2966,
            2891, 2892, 2968, 2891, 2968, 2967, 2892, 2893, 2969, 2892, 2969, 2968, 2893, 2894, 2970, 2893, 2970, 2969,
            2894, 2895, 2971, 2894, 2971, 2970, 2895, 2896, 2972, 2895, 2972, 2971, 2896, 2897, 2973, 2896, 2973, 2972,
            2897, 2898, 2974, 2897, 2974, 2973, 2898, 2899, 2975, 2898, 2975, 2974, 2899, 2900, 2976, 2899, 2976, 2975,
            2900, 2901, 2977, 2900, 2977, 2976, 2901, 2902, 2978, 2901, 2978, 2977, 2902, 2903, 2979, 2902, 2979, 2978,
            2903, 2904, 2980, 2903, 2980, 2979, 2904, 2905, 2981, 2904, 2981, 2980, 2905, 2906, 2982, 2905, 2982, 2981,
            2906, 2907, 2983, 2906, 2983, 2982, 2907, 2908, 2984, 2907, 2984, 2983, 2908, 2909, 2985, 2908, 2985, 2984,
            2909, 2910, 2986, 2909, 2986, 2985, 2910, 2911, 2987, 2910, 2987, 2986, 2911, 2912, 2988, 2911, 2988, 2987,
            2912, 2913, 2989, 2912, 2989, 2988, 2913, 2914, 2990, 2913, 2990, 2989, 2914, 2915, 2991, 2914, 2991, 2990,
            2915, 2916, 2992, 2915, 2992, 2991, 2916, 2917, 2993, 2916, 2993, 2992, 2917, 2918, 2994, 2917, 2994, 2993,
            2918, 2919, 2995, 2918, 2995, 2994, 2919, 2920, 2996, 2919, 2996, 2995, 2920, 2921, 2997, 2920, 2997, 2996,
            2921, 2922, 2998, 2921, 2998, 2997, 2922, 2923, 2999, 2922, 2999, 2998, 2923, 2924, 3000, 2923, 3000, 2999,
            2924, 2925, 3001, 2924, 3001, 3000, 2925, 2926, 3002, 2925, 3002, 3001, 2926, 2927, 3003, 2926, 3003, 3002,
            2927, 2928, 3004, 2927, 3004, 3003, 2928, 2929, 3005, 2928, 3005, 3004, 2929, 2930, 3006, 2929, 3006, 3005,
            2930, 2931, 3007, 2930, 3007, 3006, 2931, 2932, 3008, 2931, 3008, 3007, 2932, 2933, 3009, 2932, 3009, 3008,
            2933, 2934, 3010, 2933, 3010, 3009, 2934, 2935, 3011, 2934, 3011, 3010, 2935, 2936, 3012, 2935, 3012, 3011,
            2936, 2937, 3013, 2936, 3013, 3012, 2937, 2938, 3014, 2937, 3014, 3013, 2938, 2939, 3015, 2938, 3015, 3014,
            2939, 2940, 3016, 2939, 3016, 3015, 2940, 2941, 3017, 2940, 3017, 3016, 2941, 2942, 3018, 2941, 3018, 3017,
            2942, 2943, 3019, 2942, 3019, 3018, 2943, 2944, 3020, 2943, 3020, 3019, 2944, 2945, 3021, 2944, 3021, 3020,
            2945, 2946, 3022, 2945, 3022, 3021, 2946, 2947, 3023, 2946, 3023, 3022, 2947, 2948, 3024, 2947, 3024, 3023,
            2948, 2949, 3025, 2948, 3025, 3024, 2949, 2950, 3026, 2949, 3026, 3025, 2950, 2951, 3027, 2950, 3027, 3026,
            2951, 2952, 3028, 2951, 3028, 3027, 2952, 2953, 3029, 2952, 3029, 3028, 2953, 2954, 3030, 2953, 3030, 3029,
            2954, 2955, 3031, 2954, 3031, 3030, 2955, 2956, 3032, 2955, 3032, 3031, 2956, 2957, 3033, 2956, 3033, 3032,
            2957, 2958, 3034, 2957, 3034, 3033, 2958, 2959, 3035, 2958, 3035, 3034, 2959, 2960, 3036, 2959, 3036, 3035,
            2960, 2961, 3037, 2960, 3037, 3036, 2961, 2962, 3038, 2961, 3038, 3037, 2962, 2963, 3039, 2962, 3039, 3038,
            2964, 2965, 3041, 2964, 3041, 3040, 2965, 2966, 3042, 2965, 3042, 3041, 2966, 2967, 3043, 2966, 3043, 3042,
            2967, 2968, 3044, 2967, 3044, 3043, 2968, 2969, 3045, 2968, 3045, 3044, 2969, 2970, 3046, 2969, 3046, 3045,
            2970, 2971, 3047, 2970, 3047, 3046, 2971, 2972, 3048, 2971, 3048, 3047, 2972, 2973, 3049, 2972, 3049, 3048,
            2973, 2974, 3050, 2973, 3050, 3049, 2974, 2975, 3051, 2974, 3051, 3050, 2975, 2976, 3052, 2975, 3052, 3051,
            2976, 2977, 3053, 2976, 3053, 3052, 2977, 2978, 3054, 2977, 3054, 3053, 2978, 2979, 3055, 2978, 3055, 3054,
            2979, 2980, 3056, 2979, 3056, 3055, 2980, 2981, 3057, 2980, 3057, 3056, 2981, 2982, 3058, 2981, 3058, 3057,
            2982, 2983, 3059, 2982, 3059, 3058, 2983, 2984, 3060, 2983, 3060, 3059, 2984, 2985, 3061, 2984, 3061, 3060,
            2985, 2986, 3062, 2985, 3062, 3061, 2986, 2987, 3063, 2986, 3063, 3062, 2987, 2988, 3064, 2987, 3064, 3063,
            2988, 2989, 3065, 2988, 3065, 3064, 2989, 2990, 3066, 2989, 3066, 3065, 2990, 2991, 3067, 2990, 3067, 3066,
            2991, 2992, 3068, 2991, 3068, 3067, 2992, 2993, 3069, 2992, 3069, 3068, 2993, 2994, 3070, 2993, 3070, 3069,
            2994, 2995, 3071, 2994, 3071, 3070, 2995, 2996, 3072, 2995, 3072, 3071, 2996, 2997, 3073, 2996, 3073, 3072,
            2997, 2998, 3074, 2997, 3074, 3073, 2998, 2999, 3075, 2998, 3075, 3074, 2999, 3000, 3076, 2999, 3076, 3075,
            3000, 3001, 3077, 3000, 3077, 3076, 3001, 3002, 3078, 3001, 3078, 3077, 3002, 3003, 3079, 3002, 3079, 3078,
            3003, 3004, 3080, 3003, 3080, 3079, 3004, 3005, 3081, 3004, 3081, 3080, 3005, 3006, 3082, 3005, 3082, 3081,
            3006, 3007, 3083, 3006, 3083, 3082, 3007, 3008, 3084, 3007, 3084, 3083, 3008, 3009, 3085, 3008, 3085, 3084,
            3009, 3010, 3086, 3009, 3086, 3085, 3010, 3011, 3087, 3010, 3087, 3086, 3011, 3012, 3088, 3011, 3088, 3087,
            3012, 3013, 3089, 3012, 3089, 3088, 3013, 3014, 3090, 3013, 3090, 3089, 3014, 3015, 3091, 3014, 3091, 3090,
            3015, 3016, 3092, 3015, 3092, 3091, 3016, 3017, 3093, 3016, 3093, 3092, 3017, 3018, 3094, 3017, 3094, 3093,
            3018, 3019, 3095, 3018, 3095, 3094, 3019, 3020, 3096, 3019, 3096, 3095, 3020, 3021, 3097, 3020, 3097, 3096,
            3021, 3022, 3098, 3021, 3098, 3097, 3022, 3023, 3099, 3022, 3099, 3098, 3023, 3024, 3100, 3023, 3100, 3099,
            3024, 3025, 3101, 3024, 3101, 3100, 3025, 3026, 3102, 3025, 3102, 3101, 3026, 3027, 3103, 3026, 3103, 3102,
            3027, 3028, 3104, 3027, 3104, 3103, 3028, 3029, 3105, 3028, 3105, 3104, 3029, 3030, 3106, 3029, 3106, 3105,
            3030, 3031, 3107, 3030, 3107, 3106, 3031, 3032, 3108, 3031, 3108, 3107, 3032, 3033, 3109, 3032, 3109, 3108,
            3033, 3034, 3110, 3033, 3110, 3109, 3034, 3035, 3111, 3034, 3111, 3110, 3035, 3036, 3112, 3035, 3112, 3111,
            3036, 3037, 3113, 3036, 3113, 3112, 3037, 3038, 3114, 3037, 3114, 3113, 3038, 3039, 3115, 3038, 3115, 3114,
            3040, 3041, 3117, 3040, 3117, 3116, 3041, 3042, 3118, 3041, 3118, 3117, 3042, 3043, 3119, 3042, 3119, 3118,
            3043, 3044, 3120, 3043, 3120, 3119, 3044, 3045, 3121, 3044, 3121, 3120, 3045, 3046, 3122, 3045, 3122, 3121,
            3046, 3047, 3123, 3046, 3123, 3122, 3047, 3048, 3124, 3047, 3124, 3123, 3048, 3049, 3125, 3048, 3125, 3124,
            3049, 3050, 3126, 3049, 3126, 3125, 3050, 3051, 3127, 3050, 3127, 3126, 3051, 3052, 3128, 3051, 3128, 3127,
            3052, 3053, 3129, 3052, 3129, 3128, 3053, 3054, 3130, 3053, 3130, 3129, 3054, 3055, 3131, 3054, 3131, 3130,
            3055, 3056, 3132, 3055, 3132, 3131, 3056, 3057, 3133, 3056, 3133, 3132, 3057, 3058, 3134, 3057, 3134, 3133,
            3058, 3059, 3135, 3058, 3135, 3134, 3059, 3060, 3136, 3059, 3136, 3135, 3060, 3061, 3137, 3060, 3137, 3136,
            3061, 3062, 3138, 3061, 3138, 3137, 3062, 3063, 3139, 3062, 3139, 3138, 3063, 3064, 3140, 3063, 3140, 3139,
            3064, 3065, 3141, 3064, 3141, 3140, 3065, 3066, 3142, 3065, 3142, 3141, 3066, 3067, 3143, 3066, 3143, 3142,
            3067, 3068, 3144, 3067, 3144, 3143, 3068, 3069, 3145, 3068, 3145, 3144, 3069, 3070, 3146, 3069, 3146, 3145,
            3070, 3071, 3147, 3070, 3147, 3146, 3071, 3072, 3148, 3071, 3148, 3147, 3072, 3073, 3149, 3072, 3149, 3148,
            3073, 3074, 3150, 3073, 3150, 3149, 3074, 3075, 3151, 3074, 3151, 3150, 3075, 3076, 3152, 3075, 3152, 3151,
            3076, 3077, 3153, 3076, 3153, 3152, 3077, 3078, 3154, 3077, 3154, 3153, 3078, 3079, 3155, 3078, 3155, 3154,
            3079, 3080, 3156, 3079, 3156, 3155, 3080, 3081, 3157, 3080, 3157, 3156, 3081, 3082, 3158, 3081, 3158, 3157,
            3082, 3083, 3159, 3082, 3159, 3158, 3083, 3084, 3160, 3083, 3160, 3159, 3084, 3085, 3161, 3084, 3161, 3160,
            3085, 3086, 3162, 3085, 3162, 3161, 3086, 3087, 3163, 3086, 3163, 3162, 3087, 3088, 3164, 3087, 3164, 3163,
            3088, 3089, 3165, 3088, 3165, 3164, 3089, 3090, 3166, 3089, 3166, 3165, 3090, 3091, 3167, 3090, 3167, 3166,
            3091, 3092, 3168, 3091, 3168, 3167, 3092, 3093, 3169, 3092, 3169, 3168, 3093, 3094, 3170, 3093, 3170, 3169,
            3094, 3095, 3171, 3094, 3171, 3170, 3095, 3096, 3172, 3095, 3172, 3171, 3096, 3097, 3173, 3096, 3173, 3172,
            3097, 3098, 3174, 3097, 3174, 3173, 3098, 3099, 3175, 3098, 3175, 3174, 3099, 3100, 3176, 3099, 3176, 3175,
            3100, 3101, 3177, 3100, 3177, 3176, 3101, 3102, 3178, 3101, 3178, 3177, 3102, 3103, 3179, 3102, 3179, 3178,
            3103, 3104, 3180, 3103, 3180, 3179, 3104, 3105, 3181, 3104, 3181, 3180, 3105, 3106, 3182, 3105, 3182, 3181,
            3106, 3107, 3183, 3106, 3183, 3182, 3107, 3108, 3184, 3107, 3184, 3183, 3108, 3109, 3185, 3108, 3185, 3184,
            3109, 3110, 3186, 3109, 3186, 3185, 3110, 3111, 3187, 3110, 3187, 3186, 3111, 3112, 3188, 3111, 3188, 3187,
            3112, 3113, 3189, 3112, 3189, 3188, 3113, 3114, 3190, 3113, 3190, 3189, 3114, 3115, 3191, 3114, 3191, 3190,
            3116, 3117, 3193, 3116, 3193, 3192, 3117, 3118, 3194, 3117, 3194, 3193, 3118, 3119, 3195, 3118, 3195, 3194,
            3119, 3120, 3196, 3119, 3196, 3195, 3120, 3121, 3197, 3120, 3197, 3196, 3121, 3122, 3198, 3121, 3198, 3197,
            3122, 3123, 3199, 3122, 3199, 3198, 3123, 3124, 3200, 3123, 3200, 3199, 3124, 3125, 3201, 3124, 3201, 3200,
            3125, 3126, 3202, 3125, 3202, 3201, 3126, 3127, 3203, 3126, 3203, 3202, 3127, 3128, 3204, 3127, 3204, 3203,
            3128, 3129, 3205, 3128, 3205, 3204, 3129, 3130, 3206, 3129, 3206, 3205, 3130, 3131, 3207, 3130, 3207, 3206,
            3131, 3132, 3208, 3131, 3208, 3207, 3132, 3133, 3209, 3132, 3209, 3208, 3133, 3134, 3210, 3133, 3210, 3209,
            3134, 3135, 3211, 3134, 3211, 3210, 3135, 3136, 3212, 3135, 3212, 3211, 3136, 3137, 3213, 3136, 3213, 3212,
            3137, 3138, 3214, 3137, 3214, 3213, 3138, 3139, 3215, 3138, 3215, 3214, 3139, 3140, 3216, 3139, 3216, 3215,
            3140, 3141, 3217, 3140, 3217, 3216, 3141, 3142, 3218, 3141, 3218, 3217, 3142, 3143, 3219, 3142, 3219, 3218,
            3143, 3144, 3220, 3143, 3220, 3219, 3144, 3145, 3221, 3144, 3221, 3220, 3145, 3146, 3222, 3145, 3222, 3221,
            3146, 3147, 3223, 3146, 3223, 3222, 3147, 3148, 3224, 3147, 3224, 3223, 3148, 3149, 3225, 3148, 3225, 3224,
            3149, 3150, 3226, 3149, 3226, 3225, 3150, 3151, 3227, 3150, 3227, 3226, 3151, 3152, 3228, 3151, 3228, 3227,
            3152, 3153, 3229, 3152, 3229, 3228, 3153, 3154, 3230, 3153, 3230, 3229, 3154, 3155, 3231, 3154, 3231, 3230,
            3155, 3156, 3232, 3155, 3232, 3231, 3156, 3157, 3233, 3156, 3233, 3232, 3157, 3158, 3234, 3157, 3234, 3233,
            3158, 3159, 3235, 3158, 3235, 3234, 3159, 3160, 3236, 3159, 3236, 3235, 3160, 3161, 3237, 3160, 3237, 3236,
            3161, 3162, 3238, 3161, 3238, 3237, 3162, 3163, 3239, 3162, 3239, 3238, 3163, 3164, 3240, 3163, 3240, 3239,
            3164, 3165, 3241, 3164, 3241, 3240, 3165, 3166, 3242, 3165, 3242, 3241, 3166, 3167, 3243, 3166, 3243, 3242,
            3167, 3168, 3244, 3167, 3244, 3243, 3168, 3169, 3245, 3168, 3245, 3244, 3169, 3170, 3246, 3169, 3246, 3245,
            3170, 3171, 3247, 3170, 3247, 3246, 3171, 3172, 3248, 3171, 3248, 3247, 3172, 3173, 3249, 3172, 3249, 3248,
            3173, 3174, 3250, 3173, 3250, 3249, 3174, 3175, 3251, 3174, 3251, 3250, 3175, 3176, 3252, 3175, 3252, 3251,
            3176, 3177, 3253, 3176, 3253, 3252, 3177, 3178, 3254, 3177, 3254, 3253, 3178, 3179, 3255, 3178, 3255, 3254,
            3179, 3180, 3256, 3179, 3256, 3255, 3180, 3181, 3257, 3180, 3257, 3256, 3181, 3182, 3258, 3181, 3258, 3257,
            3182, 3183, 3259, 3182, 3259, 3258, 3183, 3184, 3260, 3183, 3260, 3259, 3184, 3185, 3261, 3184, 3261, 3260,
            3185, 3186, 3262, 3185, 3262, 3261, 3186, 3187, 3263, 3186, 3263, 3262, 3187, 3188, 3264, 3187, 3264, 3263,
            3188, 3189, 3265, 3188, 3265, 3264, 3189, 3190, 3266, 3189, 3266, 3265, 3190, 3191, 3267, 3190, 3267, 3266,
            3192, 3193, 3269, 3192, 3269, 3268, 3193, 3194, 3270, 3193, 3270, 3269, 3194, 3195, 3271, 3194, 3271, 3270,
            3195, 3196, 3272, 3195, 3272, 3271, 3196, 3197, 3273, 3196, 3273, 3272, 3197, 3198, 3274, 3197, 3274, 3273,
            3198, 3199, 3275, 3198, 3275, 3274, 3199, 3200, 3276, 3199, 3276, 3275, 3200, 3201, 3277, 3200, 3277, 3276,
            3201, 3202, 3278, 3201, 3278, 3277, 3202, 3203, 3279, 3202, 3279, 3278, 3203, 3204, 3280, 3203, 3280, 3279,
            3204, 3205, 3281, 3204, 3281, 3280, 3205, 3206, 3282, 3205, 3282, 3281, 3206, 3207, 3283, 3206, 3283, 3282,
            3207, 3208, 3284, 3207, 3284, 3283, 3208, 3209, 3285, 3208, 3285, 3284, 3209, 3210, 3286, 3209, 3286, 3285,
            3210, 3211, 3287, 3210, 3287, 3286, 3211, 3212, 3288, 3211, 3288, 3287, 3212, 3213, 3289, 3212, 3289, 3288,
            3213, 3214, 3290, 3213, 3290, 3289, 3214, 3215, 3291, 3214, 3291, 3290, 3215, 3216, 3292, 3215, 3292, 3291,
            3216, 3217, 3293, 3216, 3293, 3292, 3217, 3218, 3294, 3217, 3294, 3293, 3218, 3219, 3295, 3218, 3295, 3294,
            3219, 3220, 3296, 3219, 3296, 3295, 3220, 3221, 3297, 3220, 3297, 3296, 3221, 3222, 3298, 3221, 3298, 3297,
            3222, 3223, 3299, 3222, 3299, 3298, 3223, 3224, 3300, 3223, 3300, 3299, 3224, 3225, 3301, 3224, 3301, 3300,
            3225, 3226, 3302, 3225, 3302, 3301, 3226, 3227, 3303, 3226, 3303, 3302, 3227, 3228, 3304, 3227, 3304, 3303,
            3228, 3229, 3305, 3228, 3305, 3304, 3229, 3230, 3306, 3229, 3306, 3305, 3230, 3231, 3307, 3230, 3307, 3306,
            3231, 3232, 3308, 3231, 3308, 3307, 3232, 3233, 3309, 3232, 3309, 3308, 3233, 3234, 3310, 3233, 3310, 3309,
            3234, 3235, 3311, 3234, 3311, 3310, 3235, 3236, 3312, 3235, 3312, 3311, 3236, 3237, 3313, 3236, 3313, 3312,
            3237, 3238, 3314, 3237, 3314, 3313, 3238, 3239, 3315, 3238, 3315, 3314, 3239, 3240, 3316, 3239, 3316, 3315,
            3240, 3241, 3317, 3240, 3317, 3316, 3241, 3242, 3318, 3241, 3318, 3317, 3242, 3243, 3319, 3242, 3319, 3318,
            3243, 3244, 3320, 3243, 3320, 3319, 3244, 3245, 3321, 3244, 3321, 3320, 3245, 3246, 3322, 3245, 3322, 3321,
            3246, 3247, 3323, 3246, 3323, 3322, 3247, 3248, 3324, 3247, 3324, 3323, 3248, 3249, 3325, 3248, 3325, 3324,
            3249, 3250, 3326, 3249, 3326, 3325, 3250, 3251, 3327, 3250, 3327, 3326, 3251, 3252, 3328, 3251, 3328, 3327,
            3252, 3253, 3329, 3252, 3329, 3328, 3253, 3254, 3330, 3253, 3330, 3329, 3254, 3255, 3331, 3254, 3331, 3330,
            3255, 3256, 3332, 3255, 3332, 3331, 3256, 3257, 3333, 3256, 3333, 3332, 3257, 3258, 3334, 3257, 3334, 3333,
            3258, 3259, 3335, 3258, 3335, 3334, 3259, 3260, 3336, 3259, 3336, 3335, 3260, 3261, 3337, 3260, 3337, 3336,
            3261, 3262, 3338, 3261, 3338, 3337, 3262, 3263, 3339, 3262, 3339, 3338, 3263, 3264, 3340, 3263, 3340, 3339,
            3264, 3265, 3341, 3264, 3341, 3340, 3265, 3266, 3342, 3265, 3342, 3341, 3266, 3267, 3343, 3266, 3343, 3342,
            3268, 3269, 3345, 3268, 3345, 3344, 3269, 3270, 3346, 3269, 3346, 3345, 3270, 3271, 3347, 3270, 3347, 3346,
            3271, 3272, 3348, 3271, 3348, 3347, 3272, 3273, 3349, 3272, 3349, 3348, 3273, 3274, 3350, 3273, 3350, 3349,
            3274, 3275, 3351, 3274, 3351, 3350, 3275, 3276, 3352, 3275, 3352, 3351, 3276, 3277, 3353, 3276, 3353, 3352,
            3277, 3278, 3354, 3277, 3354, 3353, 3278, 3279, 3355, 3278, 3355, 3354, 3279, 3280, 3356, 3279, 3356, 3355,
            3280, 3281, 3357, 3280, 3357, 3356, 3281, 3282, 3358, 3281, 3358, 3357, 3282, 3283, 3359, 3282, 3359, 3358,
            3283, 3284, 3360, 3283, 3360, 3359, 3284, 3285, 3361, 3284, 3361, 3360, 3285, 3286, 3362, 3285, 3362, 3361,
            3286, 3287, 3363, 3286, 3363, 3362, 3287, 3288, 3364, 3287, 3364, 3363, 3288, 3289, 3365, 3288, 3365, 3364,
            3289, 3290, 3366, 3289, 3366, 3365, 3290, 3291, 3367, 3290, 3367, 3366, 3291, 3292, 3368, 3291, 3368, 3367,
            3292, 3293, 3369, 3292, 3369, 3368, 3293, 3294, 3370, 3293, 3370, 3369, 3294, 3295, 3371, 3294, 3371, 3370,
            3295, 3296, 3372, 3295, 3372, 3371, 3296, 3297, 3373, 3296, 3373, 3372, 3297, 3298, 3374, 3297, 3374, 3373,
            3298, 3299, 3375, 3298, 3375, 3374, 3299, 3300, 3376, 3299, 3376, 3375, 3300, 3301, 3377, 3300, 3377, 3376,
            3301, 3302, 3378, 3301, 3378, 3377, 3302, 3303, 3379, 3302, 3379, 3378, 3303, 3304, 3380, 3303, 3380, 3379,
            3304, 3305, 3381, 3304, 3381, 3380, 3305, 3306, 3382, 3305, 3382, 3381, 3306, 3307, 3383, 3306, 3383, 3382,
            3307, 3308, 3384, 3307, 3384, 3383, 3308, 3309, 3385, 3308, 3385, 3384, 3309, 3310, 3386, 3309, 3386, 3385,
            3310, 3311, 3387, 3310, 3387, 3386, 3311, 3312, 3388, 3311, 3388, 3387, 3312, 3313, 3389, 3312, 3389, 3388,
            3313, 3314, 3390, 3313, 3390, 3389, 3314, 3315, 3391, 3314, 3391, 3390, 3315, 3316, 3392, 3315, 3392, 3391,
            3316, 3317, 3393, 3316, 3393, 3392, 3317, 3318, 3394, 3317, 3394, 3393, 3318, 3319, 3395, 3318, 3395, 3394,
            3319, 3320, 3396, 3319, 3396, 3395, 3320, 3321, 3397, 3320, 3397, 3396, 3321, 3322, 3398, 3321, 3398, 3397,
            3322, 3323, 3399, 3322, 3399, 3398, 3323, 3324, 3400, 3323, 3400, 3399, 3324, 3325, 3401, 3324, 3401, 3400,
            3325, 3326, 3402, 3325, 3402, 3401, 3326, 3327, 3403, 3326, 3403, 3402, 3327, 3328, 3404, 3327, 3404, 3403,
            3328, 3329, 3405, 3328, 3405, 3404, 3329, 3330, 3406, 3329, 3406, 3405, 3330, 3331, 3407, 3330, 3407, 3406,
            3331, 3332, 3408, 3331, 3408, 3407, 3332, 3333, 3409, 3332, 3409, 3408, 3333, 3334, 3410, 3333, 3410, 3409,
            3334, 3335, 3411, 3334, 3411, 3410, 3335, 3336, 3412, 3335, 3412, 3411, 3336, 3337, 3413, 3336, 3413, 3412,
            3337, 3338, 3414, 3337, 3414, 3413, 3338, 3339, 3415, 3338, 3415, 3414, 3339, 3340, 3416, 3339, 3416, 3415,
            3340, 3341, 3417, 3340, 3417, 3416, 3341, 3342, 3418, 3341, 3418, 3417, 3342, 3343, 3419, 3342, 3419, 3418,
            3344, 3345, 3421, 3344, 3421, 3420, 3345, 3346, 3422, 3345, 3422, 3421, 3346, 3347, 3423, 3346, 3423, 3422,
            3347, 3348, 3424, 3347, 3424, 3423, 3348, 3349, 3425, 3348, 3425, 3424, 3349, 3350, 3426, 3349, 3426, 3425,
            3350, 3351, 3427, 3350, 3427, 3426, 3351, 3352, 3428, 3351, 3428, 3427, 3352, 3353, 3429, 3352, 3429, 3428,
            3353, 3354, 3430, 3353, 3430, 3429, 3354, 3355, 3431, 3354, 3431, 3430, 3355, 3356, 3432, 3355, 3432, 3431,
            3356, 3357, 3433, 3356, 3433, 3432, 3357, 3358, 3434, 3357, 3434, 3433, 3358, 3359, 3435, 3358, 3435, 3434,
            3359, 3360, 3436, 3359, 3436, 3435, 3360, 3361, 3437, 3360, 3437, 3436, 3361, 3362, 3438, 3361, 3438, 3437,
            3362, 3363, 3439, 3362, 3439, 3438, 3363, 3364, 3440, 3363, 3440, 3439, 3364, 3365, 3441, 3364, 3441, 3440,
            3365, 3366, 3442, 3365, 3442, 3441, 3366, 3367, 3443, 3366, 3443, 3442, 3367, 3368, 3444, 3367, 3444, 3443,
            3368, 3369, 3445, 3368, 3445, 3444, 3369, 3370, 3446, 3369, 3446, 3445, 3370, 3371, 3447, 3370, 3447, 3446,
            3371, 3372, 3448, 3371, 3448, 3447, 3372, 3373, 3449, 3372, 3449, 3448, 3373, 3374, 3450, 3373, 3450, 3449,
            3374, 3375, 3451, 3374, 3451, 3450, 3375, 3376, 3452, 3375, 3452, 3451, 3376, 3377, 3453, 3376, 3453, 3452,
            3377, 3378, 3454, 3377, 3454, 3453, 3378, 3379, 3455, 3378, 3455, 3454, 3379, 3380, 3456, 3379, 3456, 3455,
            3380, 3381, 3457, 3380, 3457, 3456, 3381, 3382, 3458, 3381, 3458, 3457, 3382, 3383, 3459, 3382, 3459, 3458,
            3383, 3384, 3460, 3383, 3460, 3459, 3384, 3385, 3461, 3384, 3461, 3460, 3385, 3386, 3462, 3385, 3462, 3461,
            3386, 3387, 3463, 3386, 3463, 3462, 3387, 3388, 3464, 3387, 3464, 3463, 3388, 3389, 3465, 3388, 3465, 3464,
            3389, 3390, 3466, 3389, 3466, 3465, 3390, 3391, 3467, 3390, 3467, 3466, 3391, 3392, 3468, 3391, 3468, 3467,
            3392, 3393, 3469, 3392, 3469, 3468, 3393, 3394, 3470, 3393, 3470, 3469, 3394, 3395, 3471, 3394, 3471, 3470,
            3395, 3396, 3472, 3395, 3472, 3471, 3396, 3397, 3473, 3396, 3473, 3472, 3397, 3398, 3474, 3397, 3474, 3473,
            3398, 3399, 3475, 3398, 3475, 3474, 3399, 3400, 3476, 3399, 3476, 3475, 3400, 3401, 3477, 3400, 3477, 3476,
            3401, 3402, 3478, 3401, 3478, 3477, 3402, 3403, 3479, 3402, 3479, 3478, 3403, 3404, 3480, 3403, 3480, 3479,
            3404, 3405, 3481, 3404, 3481, 3480, 3405, 3406, 3482, 3405, 3482, 3481, 3406, 3407, 3483, 3406, 3483, 3482,
            3407, 3408, 3484, 3407, 3484, 3483, 3408, 3409, 3485, 3408, 3485, 3484, 3409, 3410, 3486, 3409, 3486, 3485,
            3410, 3411, 3487, 3410, 3487, 3486, 3411, 3412, 3488, 3411, 3488, 3487, 3412, 3413, 3489, 3412, 3489, 3488,
            3413, 3414, 3490, 3413, 3490, 3489, 3414, 3415, 3491, 3414, 3491, 3490, 3415, 3416, 3492, 3415, 3492, 3491,
            3416, 3417, 3493, 3416, 3493, 3492, 3417, 3418, 3494, 3417, 3494, 3493, 3418, 3419, 3495, 3418, 3495, 3494,
            3420, 3421, 3497, 3420, 3497, 3496, 3421, 3422, 3498, 3421, 3498, 3497, 3422, 3423, 3499, 3422, 3499, 3498,
            3423, 3424, 3500, 3423, 3500, 3499, 3424, 3425, 3501, 3424, 3501, 3500, 3425, 3426, 3502, 3425, 3502, 3501,
            3426, 3427, 3503, 3426, 3503, 3502, 3427, 3428, 3504, 3427, 3504, 3503, 3428, 3429, 3505, 3428, 3505, 3504,
            3429, 3430, 3506, 3429, 3506, 3505, 3430, 3431, 3507, 3430, 3507, 3506, 3431, 3432, 3508, 3431, 3508, 3507,
            3432, 3433, 3509, 3432, 3509, 3508, 3433, 3434, 3510, 3433, 3510, 3509, 3434, 3435, 3511, 3434, 3511, 3510,
            3435, 3436, 3512, 3435, 3512, 3511, 3436, 3437, 3513, 3436, 3513, 3512, 3437, 3438, 3514, 3437, 3514, 3513,
            3438, 3439, 3515, 3438, 3515, 3514, 3439, 3440, 3516, 3439, 3516, 3515, 3440, 3441, 3517, 3440, 3517, 3516,
            3441, 3442, 3518, 3441, 3518, 3517, 3442, 3443, 3519, 3442, 3519, 3518, 3443, 3444, 3520, 3443, 3520, 3519,
            3444, 3445, 3521, 3444, 3521, 3520, 3445, 3446, 3522, 3445, 3522, 3521, 3446, 3447, 3523, 3446, 3523, 3522,
            3447, 3448, 3524, 3447, 3524, 3523, 3448, 3449, 3525, 3448, 3525, 3524, 3449, 3450, 3526, 3449, 3526, 3525,
            3450, 3451, 3527, 3450, 3527, 3526, 3451, 3452, 3528, 3451, 3528, 3527, 3452, 3453, 3529, 3452, 3529, 3528,
            3453, 3454, 3530, 3453, 3530, 3529, 3454, 3455, 3531, 3454, 3531, 3530, 3455, 3456, 3532, 3455, 3532, 3531,
            3456, 3457, 3533, 3456, 3533, 3532, 3457, 3458, 3534, 3457, 3534, 3533, 3458, 3459, 3535, 3458, 3535, 3534,
            3459, 3460, 3536, 3459, 3536, 3535, 3460, 3461, 3537, 3460, 3537, 3536, 3461, 3462, 3538, 3461, 3538, 3537,
            3462, 3463, 3539, 3462, 3539, 3538, 3463, 3464, 3540, 3463, 3540, 3539, 3464, 3465, 3541, 3464, 3541, 3540,
            3465, 3466, 3542, 3465, 3542, 3541, 3466, 3467, 3543, 3466, 3543, 3542, 3467, 3468, 3544, 3467, 3544, 3543,
            3468, 3469, 3545, 3468, 3545, 3544, 3469, 3470, 3546, 3469, 3546, 3545, 3470, 3471, 3547, 3470, 3547, 3546,
            3471, 3472, 3548, 3471, 3548, 3547, 3472, 3473, 3549, 3472, 3549, 3548, 3473, 3474, 3550, 3473, 3550, 3549,
            3474, 3475, 3551, 3474, 3551, 3550, 3475, 3476, 3552, 3475, 3552, 3551, 3476, 3477, 3553, 3476, 3553, 3552,
            3477, 3478, 3554, 3477, 3554, 3553, 3478, 3479, 3555, 3478, 3555, 3554, 3479, 3480, 3556, 3479, 3556, 3555,
            3480, 3481, 3557, 3480, 3557, 3556, 3481, 3482, 3558, 3481, 3558, 3557, 3482, 3483, 3559, 3482, 3559, 3558,
            3483, 3484, 3560, 3483, 3560, 3559, 3484, 3485, 3561, 3484, 3561, 3560, 3485, 3486, 3562, 3485, 3562, 3561,
            3486, 3487, 3563, 3486, 3563, 3562, 3487, 3488, 3564, 3487, 3564, 3563, 3488, 3489, 3565, 3488, 3565, 3564,
            3489, 3490, 3566, 3489, 3566, 3565, 3490, 3491, 3567, 3490, 3567, 3566, 3491, 3492, 3568, 3491, 3568, 3567,
            3492, 3493, 3569, 3492, 3569, 3568, 3493, 3494, 3570, 3493, 3570, 3569, 3494, 3495, 3571, 3494, 3571, 3570,
            3496, 3497, 3573, 3496, 3573, 3572, 3497, 3498, 3574, 3497, 3574, 3573, 3498, 3499, 3575, 3498, 3575, 3574,
            3499, 3500, 3576, 3499, 3576, 3575, 3500, 3501, 3577, 3500, 3577, 3576, 3501, 3502, 3578, 3501, 3578, 3577,
            3502, 3503, 3579, 3502, 3579, 3578, 3503, 3504, 3580, 3503, 3580, 3579, 3504, 3505, 3581, 3504, 3581, 3580,
            3505, 3506, 3582, 3505, 3582, 3581, 3506, 3507, 3583, 3506, 3583, 3582, 3507, 3508, 3584, 3507, 3584, 3583,
            3508, 3509, 3585, 3508, 3585, 3584, 3509, 3510, 3586, 3509, 3586, 3585, 3510, 3511, 3587, 3510, 3587, 3586,
            3511, 3512, 3588, 3511, 3588, 3587, 3512, 3513, 3589, 3512, 3589, 3588, 3513, 3514, 3590, 3513, 3590, 3589,
            3514, 3515, 3591, 3514, 3591, 3590, 3515, 3516, 3592, 3515, 3592, 3591, 3516, 3517, 3593, 3516, 3593, 3592,
            3517, 3518, 3594, 3517, 3594, 3593, 3518, 3519, 3595, 3518, 3595, 3594, 3519, 3520, 3596, 3519, 3596, 3595,
            3520, 3521, 3597, 3520, 3597, 3596, 3521, 3522, 3598, 3521, 3598, 3597, 3522, 3523, 3599, 3522, 3599, 3598,
            3523, 3524, 3600, 3523, 3600, 3599, 3524, 3525, 3601, 3524, 3601, 3600, 3525, 3526, 3602, 3525, 3602, 3601,
            3526, 3527, 3603, 3526, 3603, 3602, 3527, 3528, 3604, 3527, 3604, 3603, 3528, 3529, 3605, 3528, 3605, 3604,
            3529, 3530, 3606, 3529, 3606, 3605, 3530, 3531, 3607, 3530, 3607, 3606, 3531, 3532, 3608, 3531, 3608, 3607,
            3532, 3533, 3609, 3532, 3609, 3608, 3533, 3534, 3610, 3533, 3610, 3609, 3534, 3535, 3611, 3534, 3611, 3610,
            3535, 3536, 3612, 3535, 3612, 3611, 3536, 3537, 3613, 3536, 3613, 3612, 3537, 3538, 3614, 3537, 3614, 3613,
            3538, 3539, 3615, 3538, 3615, 3614, 3539, 3540, 3616, 3539, 3616, 3615, 3540, 3541, 3617, 3540, 3617, 3616,
            3541, 3542, 3618, 3541, 3618, 3617, 3542, 3543, 3619, 3542, 3619, 3618, 3543, 3544, 3620, 3543, 3620, 3619,
            3544, 3545, 3621, 3544, 3621, 3620, 3545, 3546, 3622, 3545, 3622, 3621, 3546, 3547, 3623, 3546, 3623, 3622,
            3547, 3548, 3624, 3547, 3624, 3623, 3548, 3549, 3625, 3548, 3625, 3624, 3549, 3550, 3626, 3549, 3626, 3625,
            3550, 3551, 3627, 3550, 3627, 3626, 3551, 3552, 3628, 3551, 3628, 3627, 3552, 3553, 3629, 3552, 3629, 3628,
            3553, 3554, 3630, 3553, 3630, 3629, 3554, 3555, 3631, 3554, 3631, 3630, 3555, 3556, 3632, 3555, 3632, 3631,
            3556, 3557, 3633, 3556, 3633, 3632, 3557, 3558, 3634, 3557, 3634, 3633, 3558, 3559, 3635, 3558, 3635, 3634,
            3559, 3560, 3636, 3559, 3636, 3635, 3560, 3561, 3637, 3560, 3637, 3636, 3561, 3562, 3638, 3561, 3638, 3637,
            3562, 3563, 3639, 3562, 3639, 3638, 3563, 3564, 3640, 3563, 3640, 3639, 3564, 3565, 3641, 3564, 3641, 3640,
            3565, 3566, 3642, 3565, 3642, 3641, 3566, 3567, 3643, 3566, 3643, 3642, 3567, 3568, 3644, 3567, 3644, 3643,
            3568, 3569, 3645, 3568, 3645, 3644, 3569, 3570, 3646, 3569, 3646, 3645, 3570, 3571, 3647, 3570, 3647, 3646,
            3572, 3573, 3649, 3572, 3649, 3648, 3573, 3574, 3650, 3573, 3650, 3649, 3574, 3575, 3651, 3574, 3651, 3650,
            3575, 3576, 3652, 3575, 3652, 3651, 3576, 3577, 3653, 3576, 3653, 3652, 3577, 3578, 3654, 3577, 3654, 3653,
            3578, 3579, 3655, 3578, 3655, 3654, 3579, 3580, 3656, 3579, 3656, 3655, 3580, 3581, 3657, 3580, 3657, 3656,
            3581, 3582, 3658, 3581, 3658, 3657, 3582, 3583, 3659, 3582, 3659, 3658, 3583, 3584, 3660, 3583, 3660, 3659,
            3584, 3585, 3661, 3584, 3661, 3660, 3585, 3586, 3662, 3585, 3662, 3661, 3586, 3587, 3663, 3586, 3663, 3662,
            3587, 3588, 3664, 3587, 3664, 3663, 3588, 3589, 3665, 3588, 3665, 3664, 3589, 3590, 3666, 3589, 3666, 3665,
            3590, 3591, 3667, 3590, 3667, 3666, 3591, 3592, 3668, 3591, 3668, 3667, 3592, 3593, 3669, 3592, 3669, 3668,
            3593, 3594, 3670, 3593, 3670, 3669, 3594, 3595, 3671, 3594, 3671, 3670, 3595, 3596, 3672, 3595, 3672, 3671,
            3596, 3597, 3673, 3596, 3673, 3672, 3597, 3598, 3674, 3597, 3674, 3673, 3598, 3599, 3675, 3598, 3675, 3674,
            3599, 3600, 3676, 3599, 3676, 3675, 3600, 3601, 3677, 3600, 3677, 3676, 3601, 3602, 3678, 3601, 3678, 3677,
            3602, 3603, 3679, 3602, 3679, 3678, 3603, 3604, 3680, 3603, 3680, 3679, 3604, 3605, 3681, 3604, 3681, 3680,
            3605, 3606, 3682, 3605, 3682, 3681, 3606, 3607, 3683, 3606, 3683, 3682, 3607, 3608, 3684, 3607, 3684, 3683,
            3608, 3609, 3685, 3608, 3685, 3684, 3609, 3610, 3686, 3609, 3686, 3685, 3610, 3611, 3687, 3610, 3687, 3686,
            3611, 3612, 3688, 3611, 3688, 3687, 3612, 3613, 3689, 3612, 3689, 3688, 3613, 3614, 3690, 3613, 3690, 3689,
            3614, 3615, 3691, 3614, 3691, 3690, 3615, 3616, 3692, 3615, 3692, 3691, 3616, 3617, 3693, 3616, 3693, 3692,
            3617, 3618, 3694, 3617, 3694, 3693, 3618, 3619, 3695, 3618, 3695, 3694, 3619, 3620, 3696, 3619, 3696, 3695,
            3620, 3621, 3697, 3620, 3697, 3696, 3621, 3622, 3698, 3621, 3698, 3697, 3622, 3623, 3699, 3622, 3699, 3698,
            3623, 3624, 3700, 3623, 3700, 3699, 3624, 3625, 3701, 3624, 3701, 3700, 3625, 3626, 3702, 3625, 3702, 3701,
            3626, 3627, 3703, 3626, 3703, 3702, 3627, 3628, 3704, 3627, 3704, 3703, 3628, 3629, 3705, 3628, 3705, 3704,
            3629, 3630, 3706, 3629, 3706, 3705, 3630, 3631, 3707, 3630, 3707, 3706, 3631, 3632, 3708, 3631, 3708, 3707,
            3632, 3633, 3709, 3632, 3709, 3708, 3633, 3634, 3710, 3633, 3710, 3709, 3634, 3635, 3711, 3634, 3711, 3710,
            3635, 3636, 3712, 3635, 3712, 3711, 3636, 3637, 3713, 3636, 3713, 3712, 3637, 3638, 3714, 3637, 3714, 3713,
            3638, 3639, 3715, 3638, 3715, 3714, 3639, 3640, 3716, 3639, 3716, 3715, 3640, 3641, 3717, 3640, 3717, 3716,
            3641, 3642, 3718, 3641, 3718, 3717, 3642, 3643, 3719, 3642, 3719, 3718, 3643, 3644, 3720, 3643, 3720, 3719,
            3644, 3645, 3721, 3644, 3721, 3720, 3645, 3646, 3722, 3645, 3722, 3721, 3646, 3647, 3723, 3646, 3723, 3722,
            3648, 3649, 3725, 3648, 3725, 3724, 3649, 3650, 3726, 3649, 3726, 3725, 3650, 3651, 3727, 3650, 3727, 3726,
            3651, 3652, 3728, 3651, 3728, 3727, 3652, 3653, 3729, 3652, 3729, 3728, 3653, 3654, 3730, 3653, 3730, 3729,
            3654, 3655, 3731, 3654, 3731, 3730, 3655, 3656, 3732, 3655, 3732, 3731, 3656, 3657, 3733, 3656, 3733, 3732,
            3657, 3658, 3734, 3657, 3734, 3733, 3658, 3659, 3735, 3658, 3735, 3734, 3659, 3660, 3736, 3659, 3736, 3735,
            3660, 3661, 3737, 3660, 3737, 3736, 3661, 3662, 3738, 3661, 3738, 3737, 3662, 3663, 3739, 3662, 3739, 3738,
            3663, 3664, 3740, 3663, 3740, 3739, 3664, 3665, 3741, 3664, 3741, 3740, 3665, 3666, 3742, 3665, 3742, 3741,
            3666, 3667, 3743, 3666, 3743, 3742, 3667, 3668, 3744, 3667, 3744, 3743, 3668, 3669, 3745, 3668, 3745, 3744,
            3669, 3670, 3746, 3669, 3746, 3745, 3670, 3671, 3747, 3670, 3747, 3746, 3671, 3672, 3748, 3671, 3748, 3747,
            3672, 3673, 3749, 3672, 3749, 3748, 3673, 3674, 3750, 3673, 3750, 3749, 3674, 3675, 3751, 3674, 3751, 3750,
            3675, 3676, 3752, 3675, 3752, 3751, 3676, 3677, 3753, 3676, 3753, 3752, 3677, 3678, 3754, 3677, 3754, 3753,
            3678, 3679, 3755, 3678, 3755, 3754, 3679, 3680, 3756, 3679, 3756, 3755, 3680, 3681, 3757, 3680, 3757, 3756,
            3681, 3682, 3758, 3681, 3758, 3757, 3682, 3683, 3759, 3682, 3759, 3758, 3683, 3684, 3760, 3683, 3760, 3759,
            3684, 3685, 3761, 3684, 3761, 3760, 3685, 3686, 3762, 3685, 3762, 3761, 3686, 3687, 3763, 3686, 3763, 3762,
            3687, 3688, 3764, 3687, 3764, 3763, 3688, 3689, 3765, 3688, 3765, 3764, 3689, 3690, 3766, 3689, 3766, 3765,
            3690, 3691, 3767, 3690, 3767, 3766, 3691, 3692, 3768, 3691, 3768, 3767, 3692, 3693, 3769, 3692, 3769, 3768,
            3693, 3694, 3770, 3693, 3770, 3769, 3694, 3695, 3771, 3694, 3771, 3770, 3695, 3696, 3772, 3695, 3772, 3771,
            3696, 3697, 3773, 3696, 3773, 3772, 3697, 3698, 3774, 3697, 3774, 3773, 3698, 3699, 3775, 3698, 3775, 3774,
            3699, 3700, 3776, 3699, 3776, 3775, 3700, 3701, 3777, 3700, 3777, 3776, 3701, 3702, 3778, 3701, 3778, 3777,
            3702, 3703, 3779, 3702, 3779, 3778, 3703, 3704, 3780, 3703, 3780, 3779, 3704, 3705, 3781, 3704, 3781, 3780,
            3705, 3706, 3782, 3705, 3782, 3781, 3706, 3707, 3783, 3706, 3783, 3782, 3707, 3708, 3784, 3707, 3784, 3783,
            3708, 3709, 3785, 3708, 3785, 3784, 3709, 3710, 3786, 3709, 3786, 3785, 3710, 3711, 3787, 3710, 3787, 3786,
            3711, 3712, 3788, 3711, 3788, 3787, 3712, 3713, 3789, 3712, 3789, 3788, 3713, 3714, 3790, 3713, 3790, 3789,
            3714, 3715, 3791, 3714, 3791, 3790, 3715, 3716, 3792, 3715, 3792, 3791, 3716, 3717, 3793, 3716, 3793, 3792,
            3717, 3718, 3794, 3717, 3794, 3793, 3718, 3719, 3795, 3718, 3795, 3794, 3719, 3720, 3796, 3719, 3796, 3795,
            3720, 3721, 3797, 3720, 3797, 3796, 3721, 3722, 3798, 3721, 3798, 3797, 3722, 3723, 3799, 3722, 3799, 3798,
            3724, 3725, 3801, 3724, 3801, 3800, 3725, 3726, 3802, 3725, 3802, 3801, 3726, 3727, 3803, 3726, 3803, 3802,
            3727, 3728, 3804, 3727, 3804, 3803, 3728, 3729, 3805, 3728, 3805, 3804, 3729, 3730, 3806, 3729, 3806, 3805,
            3730, 3731, 3807, 3730, 3807, 3806, 3731, 3732, 3808, 3731, 3808, 3807, 3732, 3733, 3809, 3732, 3809, 3808,
            3733, 3734, 3810, 3733, 3810, 3809, 3734, 3735, 3811, 3734, 3811, 3810, 3735, 3736, 3812, 3735, 3812, 3811,
            3736, 3737, 3813, 3736, 3813, 3812, 3737, 3738, 3814, 3737, 3814, 3813, 3738, 3739, 3815, 3738, 3815, 3814,
            3739, 3740, 3816, 3739, 3816, 3815, 3740, 3741, 3817, 3740, 3817, 3816, 3741, 3742, 3818, 3741, 3818, 3817,
            3742, 3743, 3819, 3742, 3819, 3818, 3743, 3744, 3820, 3743, 3820, 3819, 3744, 3745, 3821, 3744, 3821, 3820,
            3745, 3746, 3822, 3745, 3822, 3821, 3746, 3747, 3823, 3746, 3823, 3822, 3747, 3748, 3824, 3747, 3824, 3823,
            3748, 3749, 3825, 3748, 3825, 3824, 3749, 3750, 3826, 3749, 3826, 3825, 3750, 3751, 3827, 3750, 3827, 3826,
            3751, 3752, 3828, 3751, 3828, 3827, 3752, 3753, 3829, 3752, 3829, 3828, 3753, 3754, 3830, 3753, 3830, 3829,
            3754, 3755, 3831, 3754, 3831, 3830, 3755, 3756, 3832, 3755, 3832, 3831, 3756, 3757, 3833, 3756, 3833, 3832,
            3757, 3758, 3834, 3757, 3834, 3833, 3758, 3759, 3835, 3758, 3835, 3834, 3759, 3760, 3836, 3759, 3836, 3835,
            3760, 3761, 3837, 3760, 3837, 3836, 3761, 3762, 3838, 3761, 3838, 3837, 3762, 3763, 3839, 3762, 3839, 3838,
            3763, 3764, 3840, 3763, 3840, 3839, 3764, 3765, 3841, 3764, 3841, 3840, 3765, 3766, 3842, 3765, 3842, 3841,
            3766, 3767, 3843, 3766, 3843, 3842, 3767, 3768, 3844, 3767, 3844, 3843, 3768, 3769, 3845, 3768, 3845, 3844,
            3769, 3770, 3846, 3769, 3846, 3845, 3770, 3771, 3847, 3770, 3847, 3846, 3771, 3772, 3848, 3771, 3848, 3847,
            3772, 3773, 3849, 3772, 3849, 3848, 3773, 3774, 3850, 3773, 3850, 3849, 3774, 3775, 3851, 3774, 3851, 3850,
            3775, 3776, 3852, 3775, 3852, 3851, 3776, 3777, 3853, 3776, 3853, 3852, 3777, 3778, 3854, 3777, 3854, 3853,
            3778, 3779, 3855, 3778, 3855, 3854, 3779, 3780, 3856, 3779, 3856, 3855, 3780, 3781, 3857, 3780, 3857, 3856,
            3781, 3782, 3858, 3781, 3858, 3857, 3782, 3783, 3859, 3782, 3859, 3858, 3783, 3784, 3860, 3783, 3860, 3859,
            3784, 3785, 3861, 3784, 3861, 3860, 3785, 3786, 3862, 3785, 3862, 3861, 3786, 3787, 3863, 3786, 3863, 3862,
            3787, 3788, 3864, 3787, 3864, 3863, 3788, 3789, 3865, 3788, 3865, 3864, 3789, 3790, 3866, 3789, 3866, 3865,
            3790, 3791, 3867, 3790, 3867, 3866, 3791, 3792, 3868, 3791, 3868, 3867, 3792, 3793, 3869, 3792, 3869, 3868,
            3793, 3794, 3870, 3793, 3870, 3869, 3794, 3795, 3871, 3794, 3871, 3870, 3795, 3796, 3872, 3795, 3872, 3871,
            3796, 3797, 3873, 3796, 3873, 3872, 3797, 3798, 3874, 3797, 3874, 3873, 3798, 3799, 3875, 3798, 3875, 3874,
            3800, 3801, 3877, 3800, 3877, 3876, 3801, 3802, 3878, 3801, 3878, 3877, 3802, 3803, 3879, 3802, 3879, 3878,
            3803, 3804, 3880, 3803, 3880, 3879, 3804, 3805, 3881, 3804, 3881, 3880, 3805, 3806, 3882, 3805, 3882, 3881,
            3806, 3807, 3883, 3806, 3883, 3882, 3807, 3808, 3884, 3807, 3884, 3883, 3808, 3809, 3885, 3808, 3885, 3884,
            3809, 3810, 3886, 3809, 3886, 3885, 3810, 3811, 3887, 3810, 3887, 3886, 3811, 3812, 3888, 3811, 3888, 3887,
            3812, 3813, 3889, 3812, 3889, 3888, 3813, 3814, 3890, 3813, 3890, 3889, 3814, 3815, 3891, 3814, 3891, 3890,
            3815, 3816, 3892, 3815, 3892, 3891, 3816, 3817, 3893, 3816, 3893, 3892, 3817, 3818, 3894, 3817, 3894, 3893,
            3818, 3819, 3895, 3818, 3895, 3894, 3819, 3820, 3896, 3819, 3896, 3895, 3820, 3821, 3897, 3820, 3897, 3896,
            3821, 3822, 3898, 3821, 3898, 3897, 3822, 3823, 3899, 3822, 3899, 3898, 3823, 3824, 3900, 3823, 3900, 3899,
            3824, 3825, 3901, 3824, 3901, 3900, 3825, 3826, 3902, 3825, 3902, 3901, 3826, 3827, 3903, 3826, 3903, 3902,
            3827, 3828, 3904, 3827, 3904, 3903, 3828, 3829, 3905, 3828, 3905, 3904, 3829, 3830, 3906, 3829, 3906, 3905,
            3830, 3831, 3907, 3830, 3907, 3906, 3831, 3832, 3908, 3831, 3908, 3907, 3832, 3833, 3909, 3832, 3909, 3908,
            3833, 3834, 3910, 3833, 3910, 3909, 3834, 3835, 3911, 3834, 3911, 3910, 3835, 3836, 3912, 3835, 3912, 3911,
            3836, 3837, 3913, 3836, 3913, 3912, 3837, 3838, 3914, 3837, 3914, 3913, 3838, 3839, 3915, 3838, 3915, 3914,
            3839, 3840, 3916, 3839, 3916, 3915, 3840, 3841, 3917, 3840, 3917, 3916, 3841, 3842, 3918, 3841, 3918, 3917,
            3842, 3843, 3919, 3842, 3919, 3918, 3843, 3844, 3920, 3843, 3920, 3919, 3844, 3845, 3921, 3844, 3921, 3920,
            3845, 3846, 3922, 3845, 3922, 3921, 3846, 3847, 3923, 3846, 3923, 3922, 3847, 3848, 3924, 3847, 3924, 3923,
            3848, 3849, 3925, 3848, 3925, 3924, 3849, 3850, 3926, 3849, 3926, 3925, 3850, 3851, 3927, 3850, 3927, 3926,
            3851, 3852, 3928, 3851, 3928, 3927, 3852, 3853, 3929, 3852, 3929, 3928, 3853, 3854, 3930, 3853, 3930, 3929,
            3854, 3855, 3931, 3854, 3931, 3930, 3855, 3856, 3932, 3855, 3932, 3931, 3856, 3857, 3933, 3856, 3933, 3932,
            3857, 3858, 3934, 3857, 3934, 3933, 3858, 3859, 3935, 3858, 3935, 3934, 3859, 3860, 3936, 3859, 3936, 3935,
            3860, 3861, 3937, 3860, 3937, 3936, 3861, 3862, 3938, 3861, 3938, 3937, 3862, 3863, 3939, 3862, 3939, 3938,
            3863, 3864, 3940, 3863, 3940, 3939, 3864, 3865, 3941, 3864, 3941, 3940, 3865, 3866, 3942, 3865, 3942, 3941,
            3866, 3867, 3943, 3866, 3943, 3942, 3867, 3868, 3944, 3867, 3944, 3943, 3868, 3869, 3945, 3868, 3945, 3944,
            3869, 3870, 3946, 3869, 3946, 3945, 3870, 3871, 3947, 3870, 3947, 3946, 3871, 3872, 3948, 3871, 3948, 3947,
            3872, 3873, 3949, 3872, 3949, 3948, 3873, 3874, 3950, 3873, 3950, 3949, 3874, 3875, 3951, 3874, 3951, 3950,
            3876, 3877, 3953, 3876, 3953, 3952, 3877, 3878, 3954, 3877, 3954, 3953, 3878, 3879, 3955, 3878, 3955, 3954,
            3879, 3880, 3956, 3879, 3956, 3955, 3880, 3881, 3957, 3880, 3957, 3956, 3881, 3882, 3958, 3881, 3958, 3957,
            3882, 3883, 3959, 3882, 3959, 3958, 3883, 3884, 3960, 3883, 3960, 3959, 3884, 3885, 3961, 3884, 3961, 3960,
            3885, 3886, 3962, 3885, 3962, 3961, 3886, 3887, 3963, 3886, 3963, 3962, 3887, 3888, 3964, 3887, 3964, 3963,
            3888, 3889, 3965, 3888, 3965, 3964, 3889, 3890, 3966, 3889, 3966, 3965, 3890, 3891, 3967, 3890, 3967, 3966,
            3891, 3892, 3968, 3891, 3968, 3967, 3892, 3893, 3969, 3892, 3969, 3968, 3893, 3894, 3970, 3893, 3970, 3969,
            3894, 3895, 3971, 3894, 3971, 3970, 3895, 3896, 3972, 3895, 3972, 3971, 3896, 3897, 3973, 3896, 3973, 3972,
            3897, 3898, 3974, 3897, 3974, 3973, 3898, 3899, 3975, 3898, 3975, 3974, 3899, 3900, 3976, 3899, 3976, 3975,
            3900, 3901, 3977, 3900, 3977, 3976, 3901, 3902, 3978, 3901, 3978, 3977, 3902, 3903, 3979, 3902, 3979, 3978,
            3903, 3904, 3980, 3903, 3980, 3979, 3904, 3905, 3981, 3904, 3981, 3980, 3905, 3906, 3982, 3905, 3982, 3981,
            3906, 3907, 3983, 3906, 3983, 3982, 3907, 3908, 3984, 3907, 3984, 3983, 3908, 3909, 3985, 3908, 3985, 3984,
            3909, 3910, 3986, 3909, 3986, 3985, 3910, 3911, 3987, 3910, 3987, 3986, 3911, 3912, 3988, 3911, 3988, 3987,
            3912, 3913, 3989, 3912, 3989, 3988, 3913, 3914, 3990, 3913, 3990, 3989, 3914, 3915, 3991, 3914, 3991, 3990,
            3915, 3916, 3992, 3915, 3992, 3991, 3916, 3917, 3993, 3916, 3993, 3992, 3917, 3918, 3994, 3917, 3994, 3993,
            3918, 3919, 3995, 3918, 3995, 3994, 3919, 3920, 3996, 3919, 3996, 3995, 3920, 3921, 3997, 3920, 3997, 3996,
            3921, 3922, 3998, 3921, 3998, 3997, 3922, 3923, 3999, 3922, 3999, 3998, 3923, 3924, 4000, 3923, 4000, 3999,
            3924, 3925, 4001, 3924, 4001, 4000, 3925, 3926, 4002, 3925, 4002, 4001, 3926, 3927, 4003, 3926, 4003, 4002,
            3927, 3928, 4004, 3927, 4004, 4003, 3928, 3929, 4005, 3928, 4005, 4004, 3929, 3930, 4006, 3929, 4006, 4005,
            3930, 3931, 4007, 3930, 4007, 4006, 3931, 3932, 4008, 3931, 4008, 4007, 3932, 3933, 4009, 3932, 4009, 4008,
            3933, 3934, 4010, 3933, 4010, 4009, 3934, 3935, 4011, 3934, 4011, 4010, 3935, 3936, 4012, 3935, 4012, 4011,
            3936, 3937, 4013, 3936, 4013, 4012, 3937, 3938, 4014, 3937, 4014, 4013, 3938, 3939, 4015, 3938, 4015, 4014,
            3939, 3940, 4016, 3939, 4016, 4015, 3940, 3941, 4017, 3940, 4017, 4016, 3941, 3942, 4018, 3941, 4018, 4017,
            3942, 3943, 4019, 3942, 4019, 4018, 3943, 3944, 4020, 3943, 4020, 4019, 3944, 3945, 4021, 3944, 4021, 4020,
            3945, 3946, 4022, 3945, 4022, 4021, 3946, 3947, 4023, 3946, 4023, 4022, 3947, 3948, 4024, 3947, 4024, 4023,
            3948, 3949, 4025, 3948, 4025, 4024, 3949, 3950, 4026, 3949, 4026, 4025, 3950, 3951, 4027, 3950, 4027, 4026,
            3952, 3953, 4029, 3952, 4029, 4028, 3953, 3954, 4030, 3953, 4030, 4029, 3954, 3955, 4031, 3954, 4031, 4030,
            3955, 3956, 4032, 3955, 4032, 4031, 3956, 3957, 4033, 3956, 4033, 4032, 3957, 3958, 4034, 3957, 4034, 4033,
            3958, 3959, 4035, 3958, 4035, 4034, 3959, 3960, 4036, 3959, 4036, 4035, 3960, 3961, 4037, 3960, 4037, 4036,
            3961, 3962, 4038, 3961, 4038, 4037, 3962, 3963, 4039, 3962, 4039, 4038, 3963, 3964, 4040, 3963, 4040, 4039,
            3964, 3965, 4041, 3964, 4041, 4040, 3965, 3966, 4042, 3965, 4042, 4041, 3966, 3967, 4043, 3966, 4043, 4042,
            3967, 3968, 4044, 3967, 4044, 4043, 3968, 3969, 4045, 3968, 4045, 4044, 3969, 3970, 4046, 3969, 4046, 4045,
            3970, 3971, 4047, 3970, 4047, 4046, 3971, 3972, 4048, 3971, 4048, 4047, 3972, 3973, 4049, 3972, 4049, 4048,
            3973, 3974, 4050, 3973, 4050, 4049, 3974, 3975, 4051, 3974, 4051, 4050, 3975, 3976, 4052, 3975, 4052, 4051,
            3976, 3977, 4053, 3976, 4053, 4052, 3977, 3978, 4054, 3977, 4054, 4053, 3978, 3979, 4055, 3978, 4055, 4054,
            3979, 3980, 4056, 3979, 4056, 4055, 3980, 3981, 4057, 3980, 4057, 4056, 3981, 3982, 4058, 3981, 4058, 4057,
            3982, 3983, 4059, 3982, 4059, 4058, 3983, 3984, 4060, 3983, 4060, 4059, 3984, 3985, 4061, 3984, 4061, 4060,
            3985, 3986, 4062, 3985, 4062, 4061, 3986, 3987, 4063, 3986, 4063, 4062, 3987, 3988, 4064, 3987, 4064, 4063,
            3988, 3989, 4065, 3988, 4065, 4064, 3989, 3990, 4066, 3989, 4066, 4065, 3990, 3991, 4067, 3990, 4067, 4066,
            3991, 3992, 4068, 3991, 4068, 4067, 3992, 3993, 4069, 3992, 4069, 4068, 3993, 3994, 4070, 3993, 4070, 4069,
            3994, 3995, 4071, 3994, 4071, 4070, 3995, 3996, 4072, 3995, 4072, 4071, 3996, 3997, 4073, 3996, 4073, 4072,
            3997, 3998, 4074, 3997, 4074, 4073, 3998, 3999, 4075, 3998, 4075, 4074, 3999, 4000, 4076, 3999, 4076, 4075,
            4000, 4001, 4077, 4000, 4077, 4076, 4001, 4002, 4078, 4001, 4078, 4077, 4002, 4003, 4079, 4002, 4079, 4078,
            4003, 4004, 4080, 4003, 4080, 4079, 4004, 4005, 4081, 4004, 4081, 4080, 4005, 4006, 4082, 4005, 4082, 4081,
            4006, 4007, 4083, 4006, 4083, 4082, 4007, 4008, 4084, 4007, 4084, 4083, 4008, 4009, 4085, 4008, 4085, 4084,
            4009, 4010, 4086, 4009, 4086, 4085, 4010, 4011, 4087, 4010, 4087, 4086, 4011, 4012, 4088, 4011, 4088, 4087,
            4012, 4013, 4089, 4012, 4089, 4088, 4013, 4014, 4090, 4013, 4090, 4089, 4014, 4015, 4091, 4014, 4091, 4090,
            4015, 4016, 4092, 4015, 4092, 4091, 4016, 4017, 4093, 4016, 4093, 4092, 4017, 4018, 4094, 4017, 4094, 4093,
            4018, 4019, 4095, 4018, 4095, 4094, 4019, 4020, 4096, 4019, 4096, 4095, 4020, 4021, 4097, 4020, 4097, 4096,
            4021, 4022, 4098, 4021, 4098, 4097, 4022, 4023, 4099, 4022, 4099, 4098, 4023, 4024, 4100, 4023, 4100, 4099,
            4024, 4025, 4101, 4024, 4101, 4100, 4025, 4026, 4102, 4025, 4102, 4101, 4026, 4027, 4103, 4026, 4103, 4102,
            4028, 4029, 4105, 4028, 4105, 4104, 4029, 4030, 4106, 4029, 4106, 4105, 4030, 4031, 4107, 4030, 4107, 4106,
            4031, 4032, 4108, 4031, 4108, 4107, 4032, 4033, 4109, 4032, 4109, 4108, 4033, 4034, 4110, 4033, 4110, 4109,
            4034, 4035, 4111, 4034, 4111, 4110, 4035, 4036, 4112, 4035, 4112, 4111, 4036, 4037, 4113, 4036, 4113, 4112,
            4037, 4038, 4114, 4037, 4114, 4113, 4038, 4039, 4115, 4038, 4115, 4114, 4039, 4040, 4116, 4039, 4116, 4115,
            4040, 4041, 4117, 4040, 4117, 4116, 4041, 4042, 4118, 4041, 4118, 4117, 4042, 4043, 4119, 4042, 4119, 4118,
            4043, 4044, 4120, 4043, 4120, 4119, 4044, 4045, 4121, 4044, 4121, 4120, 4045, 4046, 4122, 4045, 4122, 4121,
            4046, 4047, 4123, 4046, 4123, 4122, 4047, 4048, 4124, 4047, 4124, 4123, 4048, 4049, 4125, 4048, 4125, 4124,
            4049, 4050, 4126, 4049, 4126, 4125, 4050, 4051, 4127, 4050, 4127, 4126, 4051, 4052, 4128, 4051, 4128, 4127,
            4052, 4053, 4129, 4052, 4129, 4128, 4053, 4054, 4130, 4053, 4130, 4129, 4054, 4055, 4131, 4054, 4131, 4130,
            4055, 4056, 4132, 4055, 4132, 4131, 4056, 4057, 4133, 4056, 4133, 4132, 4057, 4058, 4134, 4057, 4134, 4133,
            4058, 4059, 4135, 4058, 4135, 4134, 4059, 4060, 4136, 4059, 4136, 4135, 4060, 4061, 4137, 4060, 4137, 4136,
            4061, 4062, 4138, 4061, 4138, 4137, 4062, 4063, 4139, 4062, 4139, 4138, 4063, 4064, 4140, 4063, 4140, 4139,
            4064, 4065, 4141, 4064, 4141, 4140, 4065, 4066, 4142, 4065, 4142, 4141, 4066, 4067, 4143, 4066, 4143, 4142,
            4067, 4068, 4144, 4067, 4144, 4143, 4068, 4069, 4145, 4068, 4145, 4144, 4069, 4070, 4146, 4069, 4146, 4145,
            4070, 4071, 4147, 4070, 4147, 4146, 4071, 4072, 4148, 4071, 4148, 4147, 4072, 4073, 4149, 4072, 4149, 4148,
            4073, 4074, 4150, 4073, 4150, 4149, 4074, 4075, 4151, 4074, 4151, 4150, 4075, 4076, 4152, 4075, 4152, 4151,
            4076, 4077, 4153, 4076, 4153, 4152, 4077, 4078, 4154, 4077, 4154, 4153, 4078, 4079, 4155, 4078, 4155, 4154,
            4079, 4080, 4156, 4079, 4156, 4155, 4080, 4081, 4157, 4080, 4157, 4156, 4081, 4082, 4158, 4081, 4158, 4157,
            4082, 4083, 4159, 4082, 4159, 4158, 4083, 4084, 4160, 4083, 4160, 4159, 4084, 4085, 4161, 4084, 4161, 4160,
            4085, 4086, 4162, 4085, 4162, 4161, 4086, 4087, 4163, 4086, 4163, 4162, 4087, 4088, 4164, 4087, 4164, 4163,
            4088, 4089, 4165, 4088, 4165, 4164, 4089, 4090, 4166, 4089, 4166, 4165, 4090, 4091, 4167, 4090, 4167, 4166,
            4091, 4092, 4168, 4091, 4168, 4167, 4092, 4093, 4169, 4092, 4169, 4168, 4093, 4094, 4170, 4093, 4170, 4169,
            4094, 4095, 4171, 4094, 4171, 4170, 4095, 4096, 4172, 4095, 4172, 4171, 4096, 4097, 4173, 4096, 4173, 4172,
            4097, 4098, 4174, 4097, 4174, 4173, 4098, 4099, 4175, 4098, 4175, 4174, 4099, 4100, 4176, 4099, 4176, 4175,
            4100, 4101, 4177, 4100, 4177, 4176, 4101, 4102, 4178, 4101, 4178, 4177, 4102, 4103, 4179, 4102, 4179, 4178,
            4104, 4105, 4181, 4104, 4181, 4180, 4105, 4106, 4182, 4105, 4182, 4181, 4106, 4107, 4183, 4106, 4183, 4182,
            4107, 4108, 4184, 4107, 4184, 4183, 4108, 4109, 4185, 4108, 4185, 4184, 4109, 4110, 4186, 4109, 4186, 4185,
            4110, 4111, 4187, 4110, 4187, 4186, 4111, 4112, 4188, 4111, 4188, 4187, 4112, 4113, 4189, 4112, 4189, 4188,
            4113, 4114, 4190, 4113, 4190, 4189, 4114, 4115, 4191, 4114, 4191, 4190, 4115, 4116, 4192, 4115, 4192, 4191,
            4116, 4117, 4193, 4116, 4193, 4192, 4117, 4118, 4194, 4117, 4194, 4193, 4118, 4119, 4195, 4118, 4195, 4194,
            4119, 4120, 4196, 4119, 4196, 4195, 4120, 4121, 4197, 4120, 4197, 4196, 4121, 4122, 4198, 4121, 4198, 4197,
            4122, 4123, 4199, 4122, 4199, 4198, 4123, 4124, 4200, 4123, 4200, 4199, 4124, 4125, 4201, 4124, 4201, 4200,
            4125, 4126, 4202, 4125, 4202, 4201, 4126, 4127, 4203, 4126, 4203, 4202, 4127, 4128, 4204, 4127, 4204, 4203,
            4128, 4129, 4205, 4128, 4205, 4204, 4129, 4130, 4206, 4129, 4206, 4205, 4130, 4131, 4207, 4130, 4207, 4206,
            4131, 4132, 4208, 4131, 4208, 4207, 4132, 4133, 4209, 4132, 4209, 4208, 4133, 4134, 4210, 4133, 4210, 4209,
            4134, 4135, 4211, 4134, 4211, 4210, 4135, 4136, 4212, 4135, 4212, 4211, 4136, 4137, 4213, 4136, 4213, 4212,
            4137, 4138, 4214, 4137, 4214, 4213, 4138, 4139, 4215, 4138, 4215, 4214, 4139, 4140, 4216, 4139, 4216, 4215,
            4140, 4141, 4217, 4140, 4217, 4216, 4141, 4142, 4218, 4141, 4218, 4217, 4142, 4143, 4219, 4142, 4219, 4218,
            4143, 4144, 4220, 4143, 4220, 4219, 4144, 4145, 4221, 4144, 4221, 4220, 4145, 4146, 4222, 4145, 4222, 4221,
            4146, 4147, 4223, 4146, 4223, 4222, 4147, 4148, 4224, 4147, 4224, 4223, 4148, 4149, 4225, 4148, 4225, 4224,
            4149, 4150, 4226, 4149, 4226, 4225, 4150, 4151, 4227, 4150, 4227, 4226, 4151, 4152, 4228, 4151, 4228, 4227,
            4152, 4153, 4229, 4152, 4229, 4228, 4153, 4154, 4230, 4153, 4230, 4229, 4154, 4155, 4231, 4154, 4231, 4230,
            4155, 4156, 4232, 4155, 4232, 4231, 4156, 4157, 4233, 4156, 4233, 4232, 4157, 4158, 4234, 4157, 4234, 4233,
            4158, 4159, 4235, 4158, 4235, 4234, 4159, 4160, 4236, 4159, 4236, 4235, 4160, 4161, 4237, 4160, 4237, 4236,
            4161, 4162, 4238, 4161, 4238, 4237, 4162, 4163, 4239, 4162, 4239, 4238, 4163, 4164, 4240, 4163, 4240, 4239,
            4164, 4165, 4241, 4164, 4241, 4240, 4165, 4166, 4242, 4165, 4242, 4241, 4166, 4167, 4243, 4166, 4243, 4242,
            4167, 4168, 4244, 4167, 4244, 4243, 4168, 4169, 4245, 4168, 4245, 4244, 4169, 4170, 4246, 4169, 4246, 4245,
            4170, 4171, 4247, 4170, 4247, 4246, 4171, 4172, 4248, 4171, 4248, 4247, 4172, 4173, 4249, 4172, 4249, 4248,
            4173, 4174, 4250, 4173, 4250, 4249, 4174, 4175, 4251, 4174, 4251, 4250, 4175, 4176, 4252, 4175, 4252, 4251,
            4176, 4177, 4253, 4176, 4253, 4252, 4177, 4178, 4254, 4177, 4254, 4253, 4178, 4179, 4255, 4178, 4255, 4254,
            4180, 4181, 4257, 4180, 4257, 4256, 4181, 4182, 4258, 4181, 4258, 4257, 4182, 4183, 4259, 4182, 4259, 4258,
            4183, 4184, 4260, 4183, 4260, 4259, 4184, 4185, 4261, 4184, 4261, 4260, 4185, 4186, 4262, 4185, 4262, 4261,
            4186, 4187, 4263, 4186, 4263, 4262, 4187, 4188, 4264, 4187, 4264, 4263, 4188, 4189, 4265, 4188, 4265, 4264,
            4189, 4190, 4266, 4189, 4266, 4265, 4190, 4191, 4267, 4190, 4267, 4266, 4191, 4192, 4268, 4191, 4268, 4267,
            4192, 4193, 4269, 4192, 4269, 4268, 4193, 4194, 4270, 4193, 4270, 4269, 4194, 4195, 4271, 4194, 4271, 4270,
            4195, 4196, 4272, 4195, 4272, 4271, 4196, 4197, 4273, 4196, 4273, 4272, 4197, 4198, 4274, 4197, 4274, 4273,
            4198, 4199, 4275, 4198, 4275, 4274, 4199, 4200, 4276, 4199, 4276, 4275, 4200, 4201, 4277, 4200, 4277, 4276,
            4201, 4202, 4278, 4201, 4278, 4277, 4202, 4203, 4279, 4202, 4279, 4278, 4203, 4204, 4280, 4203, 4280, 4279,
            4204, 4205, 4281, 4204, 4281, 4280, 4205, 4206, 4282, 4205, 4282, 4281, 4206, 4207, 4283, 4206, 4283, 4282,
            4207, 4208, 4284, 4207, 4284, 4283, 4208, 4209, 4285, 4208, 4285, 4284, 4209, 4210, 4286, 4209, 4286, 4285,
            4210, 4211, 4287, 4210, 4287, 4286, 4211, 4212, 4288, 4211, 4288, 4287, 4212, 4213, 4289, 4212, 4289, 4288,
            4213, 4214, 4290, 4213, 4290, 4289, 4214, 4215, 4291, 4214, 4291, 4290, 4215, 4216, 4292, 4215, 4292, 4291,
            4216, 4217, 4293, 4216, 4293, 4292, 4217, 4218, 4294, 4217, 4294, 4293, 4218, 4219, 4295, 4218, 4295, 4294,
            4219, 4220, 4296, 4219, 4296, 4295, 4220, 4221, 4297, 4220, 4297, 4296, 4221, 4222, 4298, 4221, 4298, 4297,
            4222, 4223, 4299, 4222, 4299, 4298, 4223, 4224, 4300, 4223, 4300, 4299, 4224, 4225, 4301, 4224, 4301, 4300,
            4225, 4226, 4302, 4225, 4302, 4301, 4226, 4227, 4303, 4226, 4303, 4302, 4227, 4228, 4304, 4227, 4304, 4303,
            4228, 4229, 4305, 4228, 4305, 4304, 4229, 4230, 4306, 4229, 4306, 4305, 4230, 4231, 4307, 4230, 4307, 4306,
            4231, 4232, 4308, 4231, 4308, 4307, 4232, 4233, 4309, 4232, 4309, 4308, 4233, 4234, 4310, 4233, 4310, 4309,
            4234, 4235, 4311, 4234, 4311, 4310, 4235, 4236, 4312, 4235, 4312, 4311, 4236, 4237, 4313, 4236, 4313, 4312,
            4237, 4238, 4314, 4237, 4314, 4313, 4238, 4239, 4315, 4238, 4315, 4314, 4239, 4240, 4316, 4239, 4316, 4315,
            4240, 4241, 4317, 4240, 4317, 4316, 4241, 4242, 4318, 4241, 4318, 4317, 4242, 4243, 4319, 4242, 4319, 4318,
            4243, 4244, 4320, 4243, 4320, 4319, 4244, 4245, 4321, 4244, 4321, 4320, 4245, 4246, 4322, 4245, 4322, 4321,
            4246, 4247, 4323, 4246, 4323, 4322, 4247, 4248, 4324, 4247, 4324, 4323, 4248, 4249, 4325, 4248, 4325, 4324,
            4249, 4250, 4326, 4249, 4326, 4325, 4250, 4251, 4327, 4250, 4327, 4326, 4251, 4252, 4328, 4251, 4328, 4327,
            4252, 4253, 4329, 4252, 4329, 4328, 4253, 4254, 4330, 4253, 4330, 4329, 4254, 4255, 4331, 4254, 4331, 4330,
            4256, 4257, 4333, 4256, 4333, 4332, 4257, 4258, 4334, 4257, 4334, 4333, 4258, 4259, 4335, 4258, 4335, 4334,
            4259, 4260, 4336, 4259, 4336, 4335, 4260, 4261, 4337, 4260, 4337, 4336, 4261, 4262, 4338, 4261, 4338, 4337,
            4262, 4263, 4339, 4262, 4339, 4338, 4263, 4264, 4340, 4263, 4340, 4339, 4264, 4265, 4341, 4264, 4341, 4340,
            4265, 4266, 4342, 4265, 4342, 4341, 4266, 4267, 4343, 4266, 4343, 4342, 4267, 4268, 4344, 4267, 4344, 4343,
            4268, 4269, 4345, 4268, 4345, 4344, 4269, 4270, 4346, 4269, 4346, 4345, 4270, 4271, 4347, 4270, 4347, 4346,
            4271, 4272, 4348, 4271, 4348, 4347, 4272, 4273, 4349, 4272, 4349, 4348, 4273, 4274, 4350, 4273, 4350, 4349,
            4274, 4275, 4351, 4274, 4351, 4350, 4275, 4276, 4352, 4275, 4352, 4351, 4276, 4277, 4353, 4276, 4353, 4352,
            4277, 4278, 4354, 4277, 4354, 4353, 4278, 4279, 4355, 4278, 4355, 4354, 4279, 4280, 4356, 4279, 4356, 4355,
            4280, 4281, 4357, 4280, 4357, 4356, 4281, 4282, 4358, 4281, 4358, 4357, 4282, 4283, 4359, 4282, 4359, 4358,
            4283, 4284, 4360, 4283, 4360, 4359, 4284, 4285, 4361, 4284, 4361, 4360, 4285, 4286, 4362, 4285, 4362, 4361,
            4286, 4287, 4363, 4286, 4363, 4362, 4287, 4288, 4364, 4287, 4364, 4363, 4288, 4289, 4365, 4288, 4365, 4364,
            4289, 4290, 4366, 4289, 4366, 4365, 4290, 4291, 4367, 4290, 4367, 4366, 4291, 4292, 4368, 4291, 4368, 4367,
            4292, 4293, 4369, 4292, 4369, 4368, 4293, 4294, 4370, 4293, 4370, 4369, 4294, 4295, 4371, 4294, 4371, 4370,
            4295, 4296, 4372, 4295, 4372, 4371, 4296, 4297, 4373, 4296, 4373, 4372, 4297, 4298, 4374, 4297, 4374, 4373,
            4298, 4299, 4375, 4298, 4375, 4374, 4299, 4300, 4376, 4299, 4376, 4375, 4300, 4301, 4377, 4300, 4377, 4376,
            4301, 4302, 4378, 4301, 4378, 4377, 4302, 4303, 4379, 4302, 4379, 4378, 4303, 4304, 4380, 4303, 4380, 4379,
            4304, 4305, 4381, 4304, 4381, 4380, 4305, 4306, 4382, 4305, 4382, 4381, 4306, 4307, 4383, 4306, 4383, 4382,
            4307, 4308, 4384, 4307, 4384, 4383, 4308, 4309, 4385, 4308, 4385, 4384, 4309, 4310, 4386, 4309, 4386, 4385,
            4310, 4311, 4387, 4310, 4387, 4386, 4311, 4312, 4388, 4311, 4388, 4387, 4312, 4313, 4389, 4312, 4389, 4388,
            4313, 4314, 4390, 4313, 4390, 4389, 4314, 4315, 4391, 4314, 4391, 4390, 4315, 4316, 4392, 4315, 4392, 4391,
            4316, 4317, 4393, 4316, 4393, 4392, 4317, 4318, 4394, 4317, 4394, 4393, 4318, 4319, 4395, 4318, 4395, 4394,
            4319, 4320, 4396, 4319, 4396, 4395, 4320, 4321, 4397, 4320, 4397, 4396, 4321, 4322, 4398, 4321, 4398, 4397,
            4322, 4323, 4399, 4322, 4399, 4398, 4323, 4324, 4400, 4323, 4400, 4399, 4324, 4325, 4401, 4324, 4401, 4400,
            4325, 4326, 4402, 4325, 4402, 4401, 4326, 4327, 4403, 4326, 4403, 4402, 4327, 4328, 4404, 4327, 4404, 4403,
            4328, 4329, 4405, 4328, 4405, 4404, 4329, 4330, 4406, 4329, 4406, 4405, 4330, 4331, 4407, 4330, 4407, 4406,
            4332, 4333, 4409, 4332, 4409, 4408, 4333, 4334, 4410, 4333, 4410, 4409, 4334, 4335, 4411, 4334, 4411, 4410,
            4335, 4336, 4412, 4335, 4412, 4411, 4336, 4337, 4413, 4336, 4413, 4412, 4337, 4338, 4414, 4337, 4414, 4413,
            4338, 4339, 4415, 4338, 4415, 4414, 4339, 4340, 4416, 4339, 4416, 4415, 4340, 4341, 4417, 4340, 4417, 4416,
            4341, 4342, 4418, 4341, 4418, 4417, 4342, 4343, 4419, 4342, 4419, 4418, 4343, 4344, 4420, 4343, 4420, 4419,
            4344, 4345, 4421, 4344, 4421, 4420, 4345, 4346, 4422, 4345, 4422, 4421, 4346, 4347, 4423, 4346, 4423, 4422,
            4347, 4348, 4424, 4347, 4424, 4423, 4348, 4349, 4425, 4348, 4425, 4424, 4349, 4350, 4426, 4349, 4426, 4425,
            4350, 4351, 4427, 4350, 4427, 4426, 4351, 4352, 4428, 4351, 4428, 4427, 4352, 4353, 4429, 4352, 4429, 4428,
            4353, 4354, 4430, 4353, 4430, 4429, 4354, 4355, 4431, 4354, 4431, 4430, 4355, 4356, 4432, 4355, 4432, 4431,
            4356, 4357, 4433, 4356, 4433, 4432, 4357, 4358, 4434, 4357, 4434, 4433, 4358, 4359, 4435, 4358, 4435, 4434,
            4359, 4360, 4436, 4359, 4436, 4435, 4360, 4361, 4437, 4360, 4437, 4436, 4361, 4362, 4438, 4361, 4438, 4437,
            4362, 4363, 4439, 4362, 4439, 4438, 4363, 4364, 4440, 4363, 4440, 4439, 4364, 4365, 4441, 4364, 4441, 4440,
            4365, 4366, 4442, 4365, 4442, 4441, 4366, 4367, 4443, 4366, 4443, 4442, 4367, 4368, 4444, 4367, 4444, 4443,
            4368, 4369, 4445, 4368, 4445, 4444, 4369, 4370, 4446, 4369, 4446, 4445, 4370, 4371, 4447, 4370, 4447, 4446,
            4371, 4372, 4448, 4371, 4448, 4447, 4372, 4373, 4449, 4372, 4449, 4448, 4373, 4374, 4450, 4373, 4450, 4449,
            4374, 4375, 4451, 4374, 4451, 4450, 4375, 4376, 4452, 4375, 4452, 4451, 4376, 4377, 4453, 4376, 4453, 4452,
            4377, 4378, 4454, 4377, 4454, 4453, 4378, 4379, 4455, 4378, 4455, 4454, 4379, 4380, 4456, 4379, 4456, 4455,
            4380, 4381, 4457, 4380, 4457, 4456, 4381, 4382, 4458, 4381, 4458, 4457, 4382, 4383, 4459, 4382, 4459, 4458,
            4383, 4384, 4460, 4383, 4460, 4459, 4384, 4385, 4461, 4384, 4461, 4460, 4385, 4386, 4462, 4385, 4462, 4461,
            4386, 4387, 4463, 4386, 4463, 4462, 4387, 4388, 4464, 4387, 4464, 4463, 4388, 4389, 4465, 4388, 4465, 4464,
            4389, 4390, 4466, 4389, 4466, 4465, 4390, 4391, 4467, 4390, 4467, 4466, 4391, 4392, 4468, 4391, 4468, 4467,
            4392, 4393, 4469, 4392, 4469, 4468, 4393, 4394, 4470, 4393, 4470, 4469, 4394, 4395, 4471, 4394, 4471, 4470,
            4395, 4396, 4472, 4395, 4472, 4471, 4396, 4397, 4473, 4396, 4473, 4472, 4397, 4398, 4474, 4397, 4474, 4473,
            4398, 4399, 4475, 4398, 4475, 4474, 4399, 4400, 4476, 4399, 4476, 4475, 4400, 4401, 4477, 4400, 4477, 4476,
            4401, 4402, 4478, 4401, 4478, 4477, 4402, 4403, 4479, 4402, 4479, 4478, 4403, 4404, 4480, 4403, 4480, 4479,
            4404, 4405, 4481, 4404, 4481, 4480, 4405, 4406, 4482, 4405, 4482, 4481, 4406, 4407, 4483, 4406, 4483, 4482,
            4408, 4409, 4485, 4408, 4485, 4484, 4409, 4410, 4486, 4409, 4486, 4485, 4410, 4411, 4487, 4410, 4487, 4486,
            4411, 4412, 4488, 4411, 4488, 4487, 4412, 4413, 4489, 4412, 4489, 4488, 4413, 4414, 4490, 4413, 4490, 4489,
            4414, 4415, 4491, 4414, 4491, 4490, 4415, 4416, 4492, 4415, 4492, 4491, 4416, 4417, 4493, 4416, 4493, 4492,
            4417, 4418, 4494, 4417, 4494, 4493, 4418, 4419, 4495, 4418, 4495, 4494, 4419, 4420, 4496, 4419, 4496, 4495,
            4420, 4421, 4497, 4420, 4497, 4496, 4421, 4422, 4498, 4421, 4498, 4497, 4422, 4423, 4499, 4422, 4499, 4498,
            4423, 4424, 4500, 4423, 4500, 4499, 4424, 4425, 4501, 4424, 4501, 4500, 4425, 4426, 4502, 4425, 4502, 4501,
            4426, 4427, 4503, 4426, 4503, 4502, 4427, 4428, 4504, 4427, 4504, 4503, 4428, 4429, 4505, 4428, 4505, 4504,
            4429, 4430, 4506, 4429, 4506, 4505, 4430, 4431, 4507, 4430, 4507, 4506, 4431, 4432, 4508, 4431, 4508, 4507,
            4432, 4433, 4509, 4432, 4509, 4508, 4433, 4434, 4510, 4433, 4510, 4509, 4434, 4435, 4511, 4434, 4511, 4510,
            4435, 4436, 4512, 4435, 4512, 4511, 4436, 4437, 4513, 4436, 4513, 4512, 4437, 4438, 4514, 4437, 4514, 4513,
            4438, 4439, 4515, 4438, 4515, 4514, 4439, 4440, 4516, 4439, 4516, 4515, 4440, 4441, 4517, 4440, 4517, 4516,
            4441, 4442, 4518, 4441, 4518, 4517, 4442, 4443, 4519, 4442, 4519, 4518, 4443, 4444, 4520, 4443, 4520, 4519,
            4444, 4445, 4521, 4444, 4521, 4520, 4445, 4446, 4522, 4445, 4522, 4521, 4446, 4447, 4523, 4446, 4523, 4522,
            4447, 4448, 4524, 4447, 4524, 4523, 4448, 4449, 4525, 4448, 4525, 4524, 4449, 4450, 4526, 4449, 4526, 4525,
            4450, 4451, 4527, 4450, 4527, 4526, 4451, 4452, 4528, 4451, 4528, 4527, 4452, 4453, 4529, 4452, 4529, 4528,
            4453, 4454, 4530, 4453, 4530, 4529, 4454, 4455, 4531, 4454, 4531, 4530, 4455, 4456, 4532, 4455, 4532, 4531,
            4456, 4457, 4533, 4456, 4533, 4532, 4457, 4458, 4534, 4457, 4534, 4533, 4458, 4459, 4535, 4458, 4535, 4534,
            4459, 4460, 4536, 4459, 4536, 4535, 4460, 4461, 4537, 4460, 4537, 4536, 4461, 4462, 4538, 4461, 4538, 4537,
            4462, 4463, 4539, 4462, 4539, 4538, 4463, 4464, 4540, 4463, 4540, 4539, 4464, 4465, 4541, 4464, 4541, 4540,
            4465, 4466, 4542, 4465, 4542, 4541, 4466, 4467, 4543, 4466, 4543, 4542, 4467, 4468, 4544, 4467, 4544, 4543,
            4468, 4469, 4545, 4468, 4545, 4544, 4469, 4470, 4546, 4469, 4546, 4545, 4470, 4471, 4547, 4470, 4547, 4546,
            4471, 4472, 4548, 4471, 4548, 4547, 4472, 4473, 4549, 4472, 4549, 4548, 4473, 4474, 4550, 4473, 4550, 4549,
            4474, 4475, 4551, 4474, 4551, 4550, 4475, 4476, 4552, 4475, 4552, 4551, 4476, 4477, 4553, 4476, 4553, 4552,
            4477, 4478, 4554, 4477, 4554, 4553, 4478, 4479, 4555, 4478, 4555, 4554, 4479, 4480, 4556, 4479, 4556, 4555,
            4480, 4481, 4557, 4480, 4557, 4556, 4481, 4482, 4558, 4481, 4558, 4557, 4482, 4483, 4559, 4482, 4559, 4558,
            4484, 4485, 4561, 4484, 4561, 4560, 4485, 4486, 4562, 4485, 4562, 4561, 4486, 4487, 4563, 4486, 4563, 4562,
            4487, 4488, 4564, 4487, 4564, 4563, 4488, 4489, 4565, 4488, 4565, 4564, 4489, 4490, 4566, 4489, 4566, 4565,
            4490, 4491, 4567, 4490, 4567, 4566, 4491, 4492, 4568, 4491, 4568, 4567, 4492, 4493, 4569, 4492, 4569, 4568,
            4493, 4494, 4570, 4493, 4570, 4569, 4494, 4495, 4571, 4494, 4571, 4570, 4495, 4496, 4572, 4495, 4572, 4571,
            4496, 4497, 4573, 4496, 4573, 4572, 4497, 4498, 4574, 4497, 4574, 4573, 4498, 4499, 4575, 4498, 4575, 4574,
            4499, 4500, 4576, 4499, 4576, 4575, 4500, 4501, 4577, 4500, 4577, 4576, 4501, 4502, 4578, 4501, 4578, 4577,
            4502, 4503, 4579, 4502, 4579, 4578, 4503, 4504, 4580, 4503, 4580, 4579, 4504, 4505, 4581, 4504, 4581, 4580,
            4505, 4506, 4582, 4505, 4582, 4581, 4506, 4507, 4583, 4506, 4583, 4582, 4507, 4508, 4584, 4507, 4584, 4583,
            4508, 4509, 4585, 4508, 4585, 4584, 4509, 4510, 4586, 4509, 4586, 4585, 4510, 4511, 4587, 4510, 4587, 4586,
            4511, 4512, 4588, 4511, 4588, 4587, 4512, 4513, 4589, 4512, 4589, 4588, 4513, 4514, 4590, 4513, 4590, 4589,
            4514, 4515, 4591, 4514, 4591, 4590, 4515, 4516, 4592, 4515, 4592, 4591, 4516, 4517, 4593, 4516, 4593, 4592,
            4517, 4518, 4594, 4517, 4594, 4593, 4518, 4519, 4595, 4518, 4595, 4594, 4519, 4520, 4596, 4519, 4596, 4595,
            4520, 4521, 4597, 4520, 4597, 4596, 4521, 4522, 4598, 4521, 4598, 4597, 4522, 4523, 4599, 4522, 4599, 4598,
            4523, 4524, 4600, 4523, 4600, 4599, 4524, 4525, 4601, 4524, 4601, 4600, 4525, 4526, 4602, 4525, 4602, 4601,
            4526, 4527, 4603, 4526, 4603, 4602, 4527, 4528, 4604, 4527, 4604, 4603, 4528, 4529, 4605, 4528, 4605, 4604,
            4529, 4530, 4606, 4529, 4606, 4605, 4530, 4531, 4607, 4530, 4607, 4606, 4531, 4532, 4608, 4531, 4608, 4607,
            4532, 4533, 4609, 4532, 4609, 4608, 4533, 4534, 4610, 4533, 4610, 4609, 4534, 4535, 4611, 4534, 4611, 4610,
            4535, 4536, 4612, 4535, 4612, 4611, 4536, 4537, 4613, 4536, 4613, 4612, 4537, 4538, 4614, 4537, 4614, 4613,
            4538, 4539, 4615, 4538, 4615, 4614, 4539, 4540, 4616, 4539, 4616, 4615, 4540, 4541, 4617, 4540, 4617, 4616,
            4541, 4542, 4618, 4541, 4618, 4617, 4542, 4543, 4619, 4542, 4619, 4618, 4543, 4544, 4620, 4543, 4620, 4619,
            4544, 4545, 4621, 4544, 4621, 4620, 4545, 4546, 4622, 4545, 4622, 4621, 4546, 4547, 4623, 4546, 4623, 4622,
            4547, 4548, 4624, 4547, 4624, 4623, 4548, 4549, 4625, 4548, 4625, 4624, 4549, 4550, 4626, 4549, 4626, 4625,
            4550, 4551, 4627, 4550, 4627, 4626, 4551, 4552, 4628, 4551, 4628, 4627, 4552, 4553, 4629, 4552, 4629, 4628,
            4553, 4554, 4630, 4553, 4630, 4629, 4554, 4555, 4631, 4554, 4631, 4630, 4555, 4556, 4632, 4555, 4632, 4631,
            4556, 4557, 4633, 4556, 4633, 4632, 4557, 4558, 4634, 4557, 4634, 4633, 4558, 4559, 4635, 4558, 4635, 4634,
            4560, 4561, 4637, 4560, 4637, 4636, 4561, 4562, 4638, 4561, 4638, 4637, 4562, 4563, 4639, 4562, 4639, 4638,
            4563, 4564, 4640, 4563, 4640, 4639, 4564, 4565, 4641, 4564, 4641, 4640, 4565, 4566, 4642, 4565, 4642, 4641,
            4566, 4567, 4643, 4566, 4643, 4642, 4567, 4568, 4644, 4567, 4644, 4643, 4568, 4569, 4645, 4568, 4645, 4644,
            4569, 4570, 4646, 4569, 4646, 4645, 4570, 4571, 4647, 4570, 4647, 4646, 4571, 4572, 4648, 4571, 4648, 4647,
            4572, 4573, 4649, 4572, 4649, 4648, 4573, 4574, 4650, 4573, 4650, 4649, 4574, 4575, 4651, 4574, 4651, 4650,
            4575, 4576, 4652, 4575, 4652, 4651, 4576, 4577, 4653, 4576, 4653, 4652, 4577, 4578, 4654, 4577, 4654, 4653,
            4578, 4579, 4655, 4578, 4655, 4654, 4579, 4580, 4656, 4579, 4656, 4655, 4580, 4581, 4657, 4580, 4657, 4656,
            4581, 4582, 4658, 4581, 4658, 4657, 4582, 4583, 4659, 4582, 4659, 4658, 4583, 4584, 4660, 4583, 4660, 4659,
            4584, 4585, 4661, 4584, 4661, 4660, 4585, 4586, 4662, 4585, 4662, 4661, 4586, 4587, 4663, 4586, 4663, 4662,
            4587, 4588, 4664, 4587, 4664, 4663, 4588, 4589, 4665, 4588, 4665, 4664, 4589, 4590, 4666, 4589, 4666, 4665,
            4590, 4591, 4667, 4590, 4667, 4666, 4591, 4592, 4668, 4591, 4668, 4667, 4592, 4593, 4669, 4592, 4669, 4668,
            4593, 4594, 4670, 4593, 4670, 4669, 4594, 4595, 4671, 4594, 4671, 4670, 4595, 4596, 4672, 4595, 4672, 4671,
            4596, 4597, 4673, 4596, 4673, 4672, 4597, 4598, 4674, 4597, 4674, 4673, 4598, 4599, 4675, 4598, 4675, 4674,
            4599, 4600, 4676, 4599, 4676, 4675, 4600, 4601, 4677, 4600, 4677, 4676, 4601, 4602, 4678, 4601, 4678, 4677,
            4602, 4603, 4679, 4602, 4679, 4678, 4603, 4604, 4680, 4603, 4680, 4679, 4604, 4605, 4681, 4604, 4681, 4680,
            4605, 4606, 4682, 4605, 4682, 4681, 4606, 4607, 4683, 4606, 4683, 4682, 4607, 4608, 4684, 4607, 4684, 4683,
            4608, 4609, 4685, 4608, 4685, 4684, 4609, 4610, 4686, 4609, 4686, 4685, 4610, 4611, 4687, 4610, 4687, 4686,
            4611, 4612, 4688, 4611, 4688, 4687, 4612, 4613, 4689, 4612, 4689, 4688, 4613, 4614, 4690, 4613, 4690, 4689,
            4614, 4615, 4691, 4614, 4691, 4690, 4615, 4616, 4692, 4615, 4692, 4691, 4616, 4617, 4693, 4616, 4693, 4692,
            4617, 4618, 4694, 4617, 4694, 4693, 4618, 4619, 4695, 4618, 4695, 4694, 4619, 4620, 4696, 4619, 4696, 4695,
            4620, 4621, 4697, 4620, 4697, 4696, 4621, 4622, 4698, 4621, 4698, 4697, 4622, 4623, 4699, 4622, 4699, 4698,
            4623, 4624, 4700, 4623, 4700, 4699, 4624, 4625, 4701, 4624, 4701, 4700, 4625, 4626, 4702, 4625, 4702, 4701,
            4626, 4627, 4703, 4626, 4703, 4702, 4627, 4628, 4704, 4627, 4704, 4703, 4628, 4629, 4705, 4628, 4705, 4704,
            4629, 4630, 4706, 4629, 4706, 4705, 4630, 4631, 4707, 4630, 4707, 4706, 4631, 4632, 4708, 4631, 4708, 4707,
            4632, 4633, 4709, 4632, 4709, 4708, 4633, 4634, 4710, 4633, 4710, 4709, 4634, 4635, 4711, 4634, 4711, 4710,
            4636, 4637, 4713, 4636, 4713, 4712, 4637, 4638, 4714, 4637, 4714, 4713, 4638, 4639, 4715, 4638, 4715, 4714,
            4639, 4640, 4716, 4639, 4716, 4715, 4640, 4641, 4717, 4640, 4717, 4716, 4641, 4642, 4718, 4641, 4718, 4717,
            4642, 4643, 4719, 4642, 4719, 4718, 4643, 4644, 4720, 4643, 4720, 4719, 4644, 4645, 4721, 4644, 4721, 4720,
            4645, 4646, 4722, 4645, 4722, 4721, 4646, 4647, 4723, 4646, 4723, 4722, 4647, 4648, 4724, 4647, 4724, 4723,
            4648, 4649, 4725, 4648, 4725, 4724, 4649, 4650, 4726, 4649, 4726, 4725, 4650, 4651, 4727, 4650, 4727, 4726,
            4651, 4652, 4728, 4651, 4728, 4727, 4652, 4653, 4729, 4652, 4729, 4728, 4653, 4654, 4730, 4653, 4730, 4729,
            4654, 4655, 4731, 4654, 4731, 4730, 4655, 4656, 4732, 4655, 4732, 4731, 4656, 4657, 4733, 4656, 4733, 4732,
            4657, 4658, 4734, 4657, 4734, 4733, 4658, 4659, 4735, 4658, 4735, 4734, 4659, 4660, 4736, 4659, 4736, 4735,
            4660, 4661, 4737, 4660, 4737, 4736, 4661, 4662, 4738, 4661, 4738, 4737, 4662, 4663, 4739, 4662, 4739, 4738,
            4663, 4664, 4740, 4663, 4740, 4739, 4664, 4665, 4741, 4664, 4741, 4740, 4665, 4666, 4742, 4665, 4742, 4741,
            4666, 4667, 4743, 4666, 4743, 4742, 4667, 4668, 4744, 4667, 4744, 4743, 4668, 4669, 4745, 4668, 4745, 4744,
            4669, 4670, 4746, 4669, 4746, 4745, 4670, 4671, 4747, 4670, 4747, 4746, 4671, 4672, 4748, 4671, 4748, 4747,
            4672, 4673, 4749, 4672, 4749, 4748, 4673, 4674, 4750, 4673, 4750, 4749, 4674, 4675, 4751, 4674, 4751, 4750,
            4675, 4676, 4752, 4675, 4752, 4751, 4676, 4677, 4753, 4676, 4753, 4752, 4677, 4678, 4754, 4677, 4754, 4753,
            4678, 4679, 4755, 4678, 4755, 4754, 4679, 4680, 4756, 4679, 4756, 4755, 4680, 4681, 4757, 4680, 4757, 4756,
            4681, 4682, 4758, 4681, 4758, 4757, 4682, 4683, 4759, 4682, 4759, 4758, 4683, 4684, 4760, 4683, 4760, 4759,
            4684, 4685, 4761, 4684, 4761, 4760, 4685, 4686, 4762, 4685, 4762, 4761, 4686, 4687, 4763, 4686, 4763, 4762,
            4687, 4688, 4764, 4687, 4764, 4763, 4688, 4689, 4765, 4688, 4765, 4764, 4689, 4690, 4766, 4689, 4766, 4765,
            4690, 4691, 4767, 4690, 4767, 4766, 4691, 4692, 4768, 4691, 4768, 4767, 4692, 4693, 4769, 4692, 4769, 4768,
            4693, 4694, 4770, 4693, 4770, 4769, 4694, 4695, 4771, 4694, 4771, 4770, 4695, 4696, 4772, 4695, 4772, 4771,
            4696, 4697, 4773, 4696, 4773, 4772, 4697, 4698, 4774, 4697, 4774, 4773, 4698, 4699, 4775, 4698, 4775, 4774,
            4699, 4700, 4776, 4699, 4776, 4775, 4700, 4701, 4777, 4700, 4777, 4776, 4701, 4702, 4778, 4701, 4778, 4777,
            4702, 4703, 4779, 4702, 4779, 4778, 4703, 4704, 4780, 4703, 4780, 4779, 4704, 4705, 4781, 4704, 4781, 4780,
            4705, 4706, 4782, 4705, 4782, 4781, 4706, 4707, 4783, 4706, 4783, 4782, 4707, 4708, 4784, 4707, 4784, 4783,
            4708, 4709, 4785, 4708, 4785, 4784, 4709, 4710, 4786, 4709, 4786, 4785, 4710, 4711, 4787, 4710, 4787, 4786,
            4712, 4713, 4789, 4712, 4789, 4788, 4713, 4714, 4790, 4713, 4790, 4789, 4714, 4715, 4791, 4714, 4791, 4790,
            4715, 4716, 4792, 4715, 4792, 4791, 4716, 4717, 4793, 4716, 4793, 4792, 4717, 4718, 4794, 4717, 4794, 4793,
            4718, 4719, 4795, 4718, 4795, 4794, 4719, 4720, 4796, 4719, 4796, 4795, 4720, 4721, 4797, 4720, 4797, 4796,
            4721, 4722, 4798, 4721, 4798, 4797, 4722, 4723, 4799, 4722, 4799, 4798, 4723, 4724, 4800, 4723, 4800, 4799,
            4724, 4725, 4801, 4724, 4801, 4800, 4725, 4726, 4802, 4725, 4802, 4801, 4726, 4727, 4803, 4726, 4803, 4802,
            4727, 4728, 4804, 4727, 4804, 4803, 4728, 4729, 4805, 4728, 4805, 4804, 4729, 4730, 4806, 4729, 4806, 4805,
            4730, 4731, 4807, 4730, 4807, 4806, 4731, 4732, 4808, 4731, 4808, 4807, 4732, 4733, 4809, 4732, 4809, 4808,
            4733, 4734, 4810, 4733, 4810, 4809, 4734, 4735, 4811, 4734, 4811, 4810, 4735, 4736, 4812, 4735, 4812, 4811,
            4736, 4737, 4813, 4736, 4813, 4812, 4737, 4738, 4814, 4737, 4814, 4813, 4738, 4739, 4815, 4738, 4815, 4814,
            4739, 4740, 4816, 4739, 4816, 4815, 4740, 4741, 4817, 4740, 4817, 4816, 4741, 4742, 4818, 4741, 4818, 4817,
            4742, 4743, 4819, 4742, 4819, 4818, 4743, 4744, 4820, 4743, 4820, 4819, 4744, 4745, 4821, 4744, 4821, 4820,
            4745, 4746, 4822, 4745, 4822, 4821, 4746, 4747, 4823, 4746, 4823, 4822, 4747, 4748, 4824, 4747, 4824, 4823,
            4748, 4749, 4825, 4748, 4825, 4824, 4749, 4750, 4826, 4749, 4826, 4825, 4750, 4751, 4827, 4750, 4827, 4826,
            4751, 4752, 4828, 4751, 4828, 4827, 4752, 4753, 4829, 4752, 4829, 4828, 4753, 4754, 4830, 4753, 4830, 4829,
            4754, 4755, 4831, 4754, 4831, 4830, 4755, 4756, 4832, 4755, 4832, 4831, 4756, 4757, 4833, 4756, 4833, 4832,
            4757, 4758, 4834, 4757, 4834, 4833, 4758, 4759, 4835, 4758, 4835, 4834, 4759, 4760, 4836, 4759, 4836, 4835,
            4760, 4761, 4837, 4760, 4837, 4836, 4761, 4762, 4838, 4761, 4838, 4837, 4762, 4763, 4839, 4762, 4839, 4838,
            4763, 4764, 4840, 4763, 4840, 4839, 4764, 4765, 4841, 4764, 4841, 4840, 4765, 4766, 4842, 4765, 4842, 4841,
            4766, 4767, 4843, 4766, 4843, 4842, 4767, 4768, 4844, 4767, 4844, 4843, 4768, 4769, 4845, 4768, 4845, 4844,
            4769, 4770, 4846, 4769, 4846, 4845, 4770, 4771, 4847, 4770, 4847, 4846, 4771, 4772, 4848, 4771, 4848, 4847,
            4772, 4773, 4849, 4772, 4849, 4848, 4773, 4774, 4850, 4773, 4850, 4849, 4774, 4775, 4851, 4774, 4851, 4850,
            4775, 4776, 4852, 4775, 4852, 4851, 4776, 4777, 4853, 4776, 4853, 4852, 4777, 4778, 4854, 4777, 4854, 4853,
            4778, 4779, 4855, 4778, 4855, 4854, 4779, 4780, 4856, 4779, 4856, 4855, 4780, 4781, 4857, 4780, 4857, 4856,
            4781, 4782, 4858, 4781, 4858, 4857, 4782, 4783, 4859, 4782, 4859, 4858, 4783, 4784, 4860, 4783, 4860, 4859,
            4784, 4785, 4861, 4784, 4861, 4860, 4785, 4786, 4862, 4785, 4862, 4861, 4786, 4787, 4863, 4786, 4863, 4862,
            4788, 4789, 4865, 4788, 4865, 4864, 4789, 4790, 4866, 4789, 4866, 4865, 4790, 4791, 4867, 4790, 4867, 4866,
            4791, 4792, 4868, 4791, 4868, 4867, 4792, 4793, 4869, 4792, 4869, 4868, 4793, 4794, 4870, 4793, 4870, 4869,
            4794, 4795, 4871, 4794, 4871, 4870, 4795, 4796, 4872, 4795, 4872, 4871, 4796, 4797, 4873, 4796, 4873, 4872,
            4797, 4798, 4874, 4797, 4874, 4873, 4798, 4799, 4875, 4798, 4875, 4874, 4799, 4800, 4876, 4799, 4876, 4875,
            4800, 4801, 4877, 4800, 4877, 4876, 4801, 4802, 4878, 4801, 4878, 4877, 4802, 4803, 4879, 4802, 4879, 4878,
            4803, 4804, 4880, 4803, 4880, 4879, 4804, 4805, 4881, 4804, 4881, 4880, 4805, 4806, 4882, 4805, 4882, 4881,
            4806, 4807, 4883, 4806, 4883, 4882, 4807, 4808, 4884, 4807, 4884, 4883, 4808, 4809, 4885, 4808, 4885, 4884,
            4809, 4810, 4886, 4809, 4886, 4885, 4810, 4811, 4887, 4810, 4887, 4886, 4811, 4812, 4888, 4811, 4888, 4887,
            4812, 4813, 4889, 4812, 4889, 4888, 4813, 4814, 4890, 4813, 4890, 4889, 4814, 4815, 4891, 4814, 4891, 4890,
            4815, 4816, 4892, 4815, 4892, 4891, 4816, 4817, 4893, 4816, 4893, 4892, 4817, 4818, 4894, 4817, 4894, 4893,
            4818, 4819, 4895, 4818, 4895, 4894, 4819, 4820, 4896, 4819, 4896, 4895, 4820, 4821, 4897, 4820, 4897, 4896,
            4821, 4822, 4898, 4821, 4898, 4897, 4822, 4823, 4899, 4822, 4899, 4898, 4823, 4824, 4900, 4823, 4900, 4899,
            4824, 4825, 4901, 4824, 4901, 4900, 4825, 4826, 4902, 4825, 4902, 4901, 4826, 4827, 4903, 4826, 4903, 4902,
            4827, 4828, 4904, 4827, 4904, 4903, 4828, 4829, 4905, 4828, 4905, 4904, 4829, 4830, 4906, 4829, 4906, 4905,
            4830, 4831, 4907, 4830, 4907, 4906, 4831, 4832, 4908, 4831, 4908, 4907, 4832, 4833, 4909, 4832, 4909, 4908,
            4833, 4834, 4910, 4833, 4910, 4909, 4834, 4835, 4911, 4834, 4911, 4910, 4835, 4836, 4912, 4835, 4912, 4911,
            4836, 4837, 4913, 4836, 4913, 4912, 4837, 4838, 4914, 4837, 4914, 4913, 4838, 4839, 4915, 4838, 4915, 4914,
            4839, 4840, 4916, 4839, 4916, 4915, 4840, 4841, 4917, 4840, 4917, 4916, 4841, 4842, 4918, 4841, 4918, 4917,
            4842, 4843, 4919, 4842, 4919, 4918, 4843, 4844, 4920, 4843, 4920, 4919, 4844, 4845, 4921, 4844, 4921, 4920,
            4845, 4846, 4922, 4845, 4922, 4921, 4846, 4847, 4923, 4846, 4923, 4922, 4847, 4848, 4924, 4847, 4924, 4923,
            4848, 4849, 4925, 4848, 4925, 4924, 4849, 4850, 4926, 4849, 4926, 4925, 4850, 4851, 4927, 4850, 4927, 4926,
            4851, 4852, 4928, 4851, 4928, 4927, 4852, 4853, 4929, 4852, 4929, 4928, 4853, 4854, 4930, 4853, 4930, 4929,
            4854, 4855, 4931, 4854, 4931, 4930, 4855, 4856, 4932, 4855, 4932, 4931, 4856, 4857, 4933, 4856, 4933, 4932,
            4857, 4858, 4934, 4857, 4934, 4933, 4858, 4859, 4935, 4858, 4935, 4934, 4859, 4860, 4936, 4859, 4936, 4935,
            4860, 4861, 4937, 4860, 4937, 4936, 4861, 4862, 4938, 4861, 4938, 4937, 4862, 4863, 4939, 4862, 4939, 4938,
            4864, 4865, 4941, 4864, 4941, 4940, 4865, 4866, 4942, 4865, 4942, 4941, 4866, 4867, 4943, 4866, 4943, 4942,
            4867, 4868, 4944, 4867, 4944, 4943, 4868, 4869, 4945, 4868, 4945, 4944, 4869, 4870, 4946, 4869, 4946, 4945,
            4870, 4871, 4947, 4870, 4947, 4946, 4871, 4872, 4948, 4871, 4948, 4947, 4872, 4873, 4949, 4872, 4949, 4948,
            4873, 4874, 4950, 4873, 4950, 4949, 4874, 4875, 4951, 4874, 4951, 4950, 4875, 4876, 4952, 4875, 4952, 4951,
            4876, 4877, 4953, 4876, 4953, 4952, 4877, 4878, 4954, 4877, 4954, 4953, 4878, 4879, 4955, 4878, 4955, 4954,
            4879, 4880, 4956, 4879, 4956, 4955, 4880, 4881, 4957, 4880, 4957, 4956, 4881, 4882, 4958, 4881, 4958, 4957,
            4882, 4883, 4959, 4882, 4959, 4958, 4883, 4884, 4960, 4883, 4960, 4959, 4884, 4885, 4961, 4884, 4961, 4960,
            4885, 4886, 4962, 4885, 4962, 4961, 4886, 4887, 4963, 4886, 4963, 4962, 4887, 4888, 4964, 4887, 4964, 4963,
            4888, 4889, 4965, 4888, 4965, 4964, 4889, 4890, 4966, 4889, 4966, 4965, 4890, 4891, 4967, 4890, 4967, 4966,
            4891, 4892, 4968, 4891, 4968, 4967, 4892, 4893, 4969, 4892, 4969, 4968, 4893, 4894, 4970, 4893, 4970, 4969,
            4894, 4895, 4971, 4894, 4971, 4970, 4895, 4896, 4972, 4895, 4972, 4971, 4896, 4897, 4973, 4896, 4973, 4972,
            4897, 4898, 4974, 4897, 4974, 4973, 4898, 4899, 4975, 4898, 4975, 4974, 4899, 4900, 4976, 4899, 4976, 4975,
            4900, 4901, 4977, 4900, 4977, 4976, 4901, 4902, 4978, 4901, 4978, 4977, 4902, 4903, 4979, 4902, 4979, 4978,
            4903, 4904, 4980, 4903, 4980, 4979, 4904, 4905, 4981, 4904, 4981, 4980, 4905, 4906, 4982, 4905, 4982, 4981,
            4906, 4907, 4983, 4906, 4983, 4982, 4907, 4908, 4984, 4907, 4984, 4983, 4908, 4909, 4985, 4908, 4985, 4984,
            4909, 4910, 4986, 4909, 4986, 4985, 4910, 4911, 4987, 4910, 4987, 4986, 4911, 4912, 4988, 4911, 4988, 4987,
            4912, 4913, 4989, 4912, 4989, 4988, 4913, 4914, 4990, 4913, 4990, 4989, 4914, 4915, 4991, 4914, 4991, 4990,
            4915, 4916, 4992, 4915, 4992, 4991, 4916, 4917, 4993, 4916, 4993, 4992, 4917, 4918, 4994, 4917, 4994, 4993,
            4918, 4919, 4995, 4918, 4995, 4994, 4919, 4920, 4996, 4919, 4996, 4995, 4920, 4921, 4997, 4920, 4997, 4996,
            4921, 4922, 4998, 4921, 4998, 4997, 4922, 4923, 4999, 4922, 4999, 4998, 4923, 4924, 5000, 4923, 5000, 4999,
            4924, 4925, 5001, 4924, 5001, 5000, 4925, 4926, 5002, 4925, 5002, 5001, 4926, 4927, 5003, 4926, 5003, 5002,
            4927, 4928, 5004, 4927, 5004, 5003, 4928, 4929, 5005, 4928, 5005, 5004, 4929, 4930, 5006, 4929, 5006, 5005,
            4930, 4931, 5007, 4930, 5007, 5006, 4931, 4932, 5008, 4931, 5008, 5007, 4932, 4933, 5009, 4932, 5009, 5008,
            4933, 4934, 5010, 4933, 5010, 5009, 4934, 4935, 5011, 4934, 5011, 5010, 4935, 4936, 5012, 4935, 5012, 5011,
            4936, 4937, 5013, 4936, 5013, 5012, 4937, 4938, 5014, 4937, 5014, 5013, 4938, 4939, 5015, 4938, 5015, 5014,
            4940, 4941, 5017, 4940, 5017, 5016, 4941, 4942, 5018, 4941, 5018, 5017, 4942, 4943, 5019, 4942, 5019, 5018,
            4943, 4944, 5020, 4943, 5020, 5019, 4944, 4945, 5021, 4944, 5021, 5020, 4945, 4946, 5022, 4945, 5022, 5021,
            4946, 4947, 5023, 4946, 5023, 5022, 4947, 4948, 5024, 4947, 5024, 5023, 4948, 4949, 5025, 4948, 5025, 5024,
            4949, 4950, 5026, 4949, 5026, 5025, 4950, 4951, 5027, 4950, 5027, 5026, 4951, 4952, 5028, 4951, 5028, 5027,
            4952, 4953, 5029, 4952, 5029, 5028, 4953, 4954, 5030, 4953, 5030, 5029, 4954, 4955, 5031, 4954, 5031, 5030,
            4955, 4956, 5032, 4955, 5032, 5031, 4956, 4957, 5033, 4956, 5033, 5032, 4957, 4958, 5034, 4957, 5034, 5033,
            4958, 4959, 5035, 4958, 5035, 5034, 4959, 4960, 5036, 4959, 5036, 5035, 4960, 4961, 5037, 4960, 5037, 5036,
            4961, 4962, 5038, 4961, 5038, 5037, 4962, 4963, 5039, 4962, 5039, 5038, 4963, 4964, 5040, 4963, 5040, 5039,
            4964, 4965, 5041, 4964, 5041, 5040, 4965, 4966, 5042, 4965, 5042, 5041, 4966, 4967, 5043, 4966, 5043, 5042,
            4967, 4968, 5044, 4967, 5044, 5043, 4968, 4969, 5045, 4968, 5045, 5044, 4969, 4970, 5046, 4969, 5046, 5045,
            4970, 4971, 5047, 4970, 5047, 5046, 4971, 4972, 5048, 4971, 5048, 5047, 4972, 4973, 5049, 4972, 5049, 5048,
            4973, 4974, 5050, 4973, 5050, 5049, 4974, 4975, 5051, 4974, 5051, 5050, 4975, 4976, 5052, 4975, 5052, 5051,
            4976, 4977, 5053, 4976, 5053, 5052, 4977, 4978, 5054, 4977, 5054, 5053, 4978, 4979, 5055, 4978, 5055, 5054,
            4979, 4980, 5056, 4979, 5056, 5055, 4980, 4981, 5057, 4980, 5057, 5056, 4981, 4982, 5058, 4981, 5058, 5057,
            4982, 4983, 5059, 4982, 5059, 5058, 4983, 4984, 5060, 4983, 5060, 5059, 4984, 4985, 5061, 4984, 5061, 5060,
            4985, 4986, 5062, 4985, 5062, 5061, 4986, 4987, 5063, 4986, 5063, 5062, 4987, 4988, 5064, 4987, 5064, 5063,
            4988, 4989, 5065, 4988, 5065, 5064, 4989, 4990, 5066, 4989, 5066, 5065, 4990, 4991, 5067, 4990, 5067, 5066,
            4991, 4992, 5068, 4991, 5068, 5067, 4992, 4993, 5069, 4992, 5069, 5068, 4993, 4994, 5070, 4993, 5070, 5069,
            4994, 4995, 5071, 4994, 5071, 5070, 4995, 4996, 5072, 4995, 5072, 5071, 4996, 4997, 5073, 4996, 5073, 5072,
            4997, 4998, 5074, 4997, 5074, 5073, 4998, 4999, 5075, 4998, 5075, 5074, 4999, 5000, 5076, 4999, 5076, 5075,
            5000, 5001, 5077, 5000, 5077, 5076, 5001, 5002, 5078, 5001, 5078, 5077, 5002, 5003, 5079, 5002, 5079, 5078,
            5003, 5004, 5080, 5003, 5080, 5079, 5004, 5005, 5081, 5004, 5081, 5080, 5005, 5006, 5082, 5005, 5082, 5081,
            5006, 5007, 5083, 5006, 5083, 5082, 5007, 5008, 5084, 5007, 5084, 5083, 5008, 5009, 5085, 5008, 5085, 5084,
            5009, 5010, 5086, 5009, 5086, 5085, 5010, 5011, 5087, 5010, 5087, 5086, 5011, 5012, 5088, 5011, 5088, 5087,
            5012, 5013, 5089, 5012, 5089, 5088, 5013, 5014, 5090, 5013, 5090, 5089, 5014, 5015, 5091, 5014, 5091, 5090,
            5016, 5017, 5093, 5016, 5093, 5092, 5017, 5018, 5094, 5017, 5094, 5093, 5018, 5019, 5095, 5018, 5095, 5094,
            5019, 5020, 5096, 5019, 5096, 5095, 5020, 5021, 5097, 5020, 5097, 5096, 5021, 5022, 5098, 5021, 5098, 5097,
            5022, 5023, 5099, 5022, 5099, 5098, 5023, 5024, 5100, 5023, 5100, 5099, 5024, 5025, 5101, 5024, 5101, 5100,
            5025, 5026, 5102, 5025, 5102, 5101, 5026, 5027, 5103, 5026, 5103, 5102, 5027, 5028, 5104, 5027, 5104, 5103,
            5028, 5029, 5105, 5028, 5105, 5104, 5029, 5030, 5106, 5029, 5106, 5105, 5030, 5031, 5107, 5030, 5107, 5106,
            5031, 5032, 5108, 5031, 5108, 5107, 5032, 5033, 5109, 5032, 5109, 5108, 5033, 5034, 5110, 5033, 5110, 5109,
            5034, 5035, 5111, 5034, 5111, 5110, 5035, 5036, 5112, 5035, 5112, 5111, 5036, 5037, 5113, 5036, 5113, 5112,
            5037, 5038, 5114, 5037, 5114, 5113, 5038, 5039, 5115, 5038, 5115, 5114, 5039, 5040, 5116, 5039, 5116, 5115,
            5040, 5041, 5117, 5040, 5117, 5116, 5041, 5042, 5118, 5041, 5118, 5117, 5042, 5043, 5119, 5042, 5119, 5118,
            5043, 5044, 5120, 5043, 5120, 5119, 5044, 5045, 5121, 5044, 5121, 5120, 5045, 5046, 5122, 5045, 5122, 5121,
            5046, 5047, 5123, 5046, 5123, 5122, 5047, 5048, 5124, 5047, 5124, 5123, 5048, 5049, 5125, 5048, 5125, 5124,
            5049, 5050, 5126, 5049, 5126, 5125, 5050, 5051, 5127, 5050, 5127, 5126, 5051, 5052, 5128, 5051, 5128, 5127,
            5052, 5053, 5129, 5052, 5129, 5128, 5053, 5054, 5130, 5053, 5130, 5129, 5054, 5055, 5131, 5054, 5131, 5130,
            5055, 5056, 5132, 5055, 5132, 5131, 5056, 5057, 5133, 5056, 5133, 5132, 5057, 5058, 5134, 5057, 5134, 5133,
            5058, 5059, 5135, 5058, 5135, 5134, 5059, 5060, 5136, 5059, 5136, 5135, 5060, 5061, 5137, 5060, 5137, 5136,
            5061, 5062, 5138, 5061, 5138, 5137, 5062, 5063, 5139, 5062, 5139, 5138, 5063, 5064, 5140, 5063, 5140, 5139,
            5064, 5065, 5141, 5064, 5141, 5140, 5065, 5066, 5142, 5065, 5142, 5141, 5066, 5067, 5143, 5066, 5143, 5142,
            5067, 5068, 5144, 5067, 5144, 5143, 5068, 5069, 5145, 5068, 5145, 5144, 5069, 5070, 5146, 5069, 5146, 5145,
            5070, 5071, 5147, 5070, 5147, 5146, 5071, 5072, 5148, 5071, 5148, 5147, 5072, 5073, 5149, 5072, 5149, 5148,
            5073, 5074, 5150, 5073, 5150, 5149, 5074, 5075, 5151, 5074, 5151, 5150, 5075, 5076, 5152, 5075, 5152, 5151,
            5076, 5077, 5153, 5076, 5153, 5152, 5077, 5078, 5154, 5077, 5154, 5153, 5078, 5079, 5155, 5078, 5155, 5154,
            5079, 5080, 5156, 5079, 5156, 5155, 5080, 5081, 5157, 5080, 5157, 5156, 5081, 5082, 5158, 5081, 5158, 5157,
            5082, 5083, 5159, 5082, 5159, 5158, 5083, 5084, 5160, 5083, 5160, 5159, 5084, 5085, 5161, 5084, 5161, 5160,
            5085, 5086, 5162, 5085, 5162, 5161, 5086, 5087, 5163, 5086, 5163, 5162, 5087, 5088, 5164, 5087, 5164, 5163,
            5088, 5089, 5165, 5088, 5165, 5164, 5089, 5090, 5166, 5089, 5166, 5165, 5090, 5091, 5167, 5090, 5167, 5166,
            5092, 5093, 5169, 5092, 5169, 5168, 5093, 5094, 5170, 5093, 5170, 5169, 5094, 5095, 5171, 5094, 5171, 5170,
            5095, 5096, 5172, 5095, 5172, 5171, 5096, 5097, 5173, 5096, 5173, 5172, 5097, 5098, 5174, 5097, 5174, 5173,
            5098, 5099, 5175, 5098, 5175, 5174, 5099, 5100, 5176, 5099, 5176, 5175, 5100, 5101, 5177, 5100, 5177, 5176,
            5101, 5102, 5178, 5101, 5178, 5177, 5102, 5103, 5179, 5102, 5179, 5178, 5103, 5104, 5180, 5103, 5180, 5179,
            5104, 5105, 5181, 5104, 5181, 5180, 5105, 5106, 5182, 5105, 5182, 5181, 5106, 5107, 5183, 5106, 5183, 5182,
            5107, 5108, 5184, 5107, 5184, 5183, 5108, 5109, 5185, 5108, 5185, 5184, 5109, 5110, 5186, 5109, 5186, 5185,
            5110, 5111, 5187, 5110, 5187, 5186, 5111, 5112, 5188, 5111, 5188, 5187, 5112, 5113, 5189, 5112, 5189, 5188,
            5113, 5114, 5190, 5113, 5190, 5189, 5114, 5115, 5191, 5114, 5191, 5190, 5115, 5116, 5192, 5115, 5192, 5191,
            5116, 5117, 5193, 5116, 5193, 5192, 5117, 5118, 5194, 5117, 5194, 5193, 5118, 5119, 5195, 5118, 5195, 5194,
            5119, 5120, 5196, 5119, 5196, 5195, 5120, 5121, 5197, 5120, 5197, 5196, 5121, 5122, 5198, 5121, 5198, 5197,
            5122, 5123, 5199, 5122, 5199, 5198, 5123, 5124, 5200, 5123, 5200, 5199, 5124, 5125, 5201, 5124, 5201, 5200,
            5125, 5126, 5202, 5125, 5202, 5201, 5126, 5127, 5203, 5126, 5203, 5202, 5127, 5128, 5204, 5127, 5204, 5203,
            5128, 5129, 5205, 5128, 5205, 5204, 5129, 5130, 5206, 5129, 5206, 5205, 5130, 5131, 5207, 5130, 5207, 5206,
            5131, 5132, 5208, 5131, 5208, 5207, 5132, 5133, 5209, 5132, 5209, 5208, 5133, 5134, 5210, 5133, 5210, 5209,
            5134, 5135, 5211, 5134, 5211, 5210, 5135, 5136, 5212, 5135, 5212, 5211, 5136, 5137, 5213, 5136, 5213, 5212,
            5137, 5138, 5214, 5137, 5214, 5213, 5138, 5139, 5215, 5138, 5215, 5214, 5139, 5140, 5216, 5139, 5216, 5215,
            5140, 5141, 5217, 5140, 5217, 5216, 5141, 5142, 5218, 5141, 5218, 5217, 5142, 5143, 5219, 5142, 5219, 5218,
            5143, 5144, 5220, 5143, 5220, 5219, 5144, 5145, 5221, 5144, 5221, 5220, 5145, 5146, 5222, 5145, 5222, 5221,
            5146, 5147, 5223, 5146, 5223, 5222, 5147, 5148, 5224, 5147, 5224, 5223, 5148, 5149, 5225, 5148, 5225, 5224,
            5149, 5150, 5226, 5149, 5226, 5225, 5150, 5151, 5227, 5150, 5227, 5226, 5151, 5152, 5228, 5151, 5228, 5227,
            5152, 5153, 5229, 5152, 5229, 5228, 5153, 5154, 5230, 5153, 5230, 5229, 5154, 5155, 5231, 5154, 5231, 5230,
            5155, 5156, 5232, 5155, 5232, 5231, 5156, 5157, 5233, 5156, 5233, 5232, 5157, 5158, 5234, 5157, 5234, 5233,
            5158, 5159, 5235, 5158, 5235, 5234, 5159, 5160, 5236, 5159, 5236, 5235, 5160, 5161, 5237, 5160, 5237, 5236,
            5161, 5162, 5238, 5161, 5238, 5237, 5162, 5163, 5239, 5162, 5239, 5238, 5163, 5164, 5240, 5163, 5240, 5239,
            5164, 5165, 5241, 5164, 5241, 5240, 5165, 5166, 5242, 5165, 5242, 5241, 5166, 5167, 5243, 5166, 5243, 5242,
            5168, 5169, 5245, 5168, 5245, 5244, 5169, 5170, 5246, 5169, 5246, 5245, 5170, 5171, 5247, 5170, 5247, 5246,
            5171, 5172, 5248, 5171, 5248, 5247, 5172, 5173, 5249, 5172, 5249, 5248, 5173, 5174, 5250, 5173, 5250, 5249,
            5174, 5175, 5251, 5174, 5251, 5250, 5175, 5176, 5252, 5175, 5252, 5251, 5176, 5177, 5253, 5176, 5253, 5252,
            5177, 5178, 5254, 5177, 5254, 5253, 5178, 5179, 5255, 5178, 5255, 5254, 5179, 5180, 5256, 5179, 5256, 5255,
            5180, 5181, 5257, 5180, 5257, 5256, 5181, 5182, 5258, 5181, 5258, 5257, 5182, 5183, 5259, 5182, 5259, 5258,
            5183, 5184, 5260, 5183, 5260, 5259, 5184, 5185, 5261, 5184, 5261, 5260, 5185, 5186, 5262, 5185, 5262, 5261,
            5186, 5187, 5263, 5186, 5263, 5262, 5187, 5188, 5264, 5187, 5264, 5263, 5188, 5189, 5265, 5188, 5265, 5264,
            5189, 5190, 5266, 5189, 5266, 5265, 5190, 5191, 5267, 5190, 5267, 5266, 5191, 5192, 5268, 5191, 5268, 5267,
            5192, 5193, 5269, 5192, 5269, 5268, 5193, 5194, 5270, 5193, 5270, 5269, 5194, 5195, 5271, 5194, 5271, 5270,
            5195, 5196, 5272, 5195, 5272, 5271, 5196, 5197, 5273, 5196, 5273, 5272, 5197, 5198, 5274, 5197, 5274, 5273,
            5198, 5199, 5275, 5198, 5275, 5274, 5199, 5200, 5276, 5199, 5276, 5275, 5200, 5201, 5277, 5200, 5277, 5276,
            5201, 5202, 5278, 5201, 5278, 5277, 5202, 5203, 5279, 5202, 5279, 5278, 5203, 5204, 5280, 5203, 5280, 5279,
            5204, 5205, 5281, 5204, 5281, 5280, 5205, 5206, 5282, 5205, 5282, 5281, 5206, 5207, 5283, 5206, 5283, 5282,
            5207, 5208, 5284, 5207, 5284, 5283, 5208, 5209, 5285, 5208, 5285, 5284, 5209, 5210, 5286, 5209, 5286, 5285,
            5210, 5211, 5287, 5210, 5287, 5286, 5211, 5212, 5288, 5211, 5288, 5287, 5212, 5213, 5289, 5212, 5289, 5288,
            5213, 5214, 5290, 5213, 5290, 5289, 5214, 5215, 5291, 5214, 5291, 5290, 5215, 5216, 5292, 5215, 5292, 5291,
            5216, 5217, 5293, 5216, 5293, 5292, 5217, 5218, 5294, 5217, 5294, 5293, 5218, 5219, 5295, 5218, 5295, 5294,
            5219, 5220, 5296, 5219, 5296, 5295, 5220, 5221, 5297, 5220, 5297, 5296, 5221, 5222, 5298, 5221, 5298, 5297,
            5222, 5223, 5299, 5222, 5299, 5298, 5223, 5224, 5300, 5223, 5300, 5299, 5224, 5225, 5301, 5224, 5301, 5300,
            5225, 5226, 5302, 5225, 5302, 5301, 5226, 5227, 5303, 5226, 5303, 5302, 5227, 5228, 5304, 5227, 5304, 5303,
            5228, 5229, 5305, 5228, 5305, 5304, 5229, 5230, 5306, 5229, 5306, 5305, 5230, 5231, 5307, 5230, 5307, 5306,
            5231, 5232, 5308, 5231, 5308, 5307, 5232, 5233, 5309, 5232, 5309, 5308, 5233, 5234, 5310, 5233, 5310, 5309,
            5234, 5235, 5311, 5234, 5311, 5310, 5235, 5236, 5312, 5235, 5312, 5311, 5236, 5237, 5313, 5236, 5313, 5312,
            5237, 5238, 5314, 5237, 5314, 5313, 5238, 5239, 5315, 5238, 5315, 5314, 5239, 5240, 5316, 5239, 5316, 5315,
            5240, 5241, 5317, 5240, 5317, 5316, 5241, 5242, 5318, 5241, 5318, 5317, 5242, 5243, 5319, 5242, 5319, 5318,
            5244, 5245, 5321, 5244, 5321, 5320, 5245, 5246, 5322, 5245, 5322, 5321, 5246, 5247, 5323, 5246, 5323, 5322,
            5247, 5248, 5324, 5247, 5324, 5323, 5248, 5249, 5325, 5248, 5325, 5324, 5249, 5250, 5326, 5249, 5326, 5325,
            5250, 5251, 5327, 5250, 5327, 5326, 5251, 5252, 5328, 5251, 5328, 5327, 5252, 5253, 5329, 5252, 5329, 5328,
            5253, 5254, 5330, 5253, 5330, 5329, 5254, 5255, 5331, 5254, 5331, 5330, 5255, 5256, 5332, 5255, 5332, 5331,
            5256, 5257, 5333, 5256, 5333, 5332, 5257, 5258, 5334, 5257, 5334, 5333, 5258, 5259, 5335, 5258, 5335, 5334,
            5259, 5260, 5336, 5259, 5336, 5335, 5260, 5261, 5337, 5260, 5337, 5336, 5261, 5262, 5338, 5261, 5338, 5337,
            5262, 5263, 5339, 5262, 5339, 5338, 5263, 5264, 5340, 5263, 5340, 5339, 5264, 5265, 5341, 5264, 5341, 5340,
            5265, 5266, 5342, 5265, 5342, 5341, 5266, 5267, 5343, 5266, 5343, 5342, 5267, 5268, 5344, 5267, 5344, 5343,
            5268, 5269, 5345, 5268, 5345, 5344, 5269, 5270, 5346, 5269, 5346, 5345, 5270, 5271, 5347, 5270, 5347, 5346,
            5271, 5272, 5348, 5271, 5348, 5347, 5272, 5273, 5349, 5272, 5349, 5348, 5273, 5274, 5350, 5273, 5350, 5349,
            5274, 5275, 5351, 5274, 5351, 5350, 5275, 5276, 5352, 5275, 5352, 5351, 5276, 5277, 5353, 5276, 5353, 5352,
            5277, 5278, 5354, 5277, 5354, 5353, 5278, 5279, 5355, 5278, 5355, 5354, 5279, 5280, 5356, 5279, 5356, 5355,
            5280, 5281, 5357, 5280, 5357, 5356, 5281, 5282, 5358, 5281, 5358, 5357, 5282, 5283, 5359, 5282, 5359, 5358,
            5283, 5284, 5360, 5283, 5360, 5359, 5284, 5285, 5361, 5284, 5361, 5360, 5285, 5286, 5362, 5285, 5362, 5361,
            5286, 5287, 5363, 5286, 5363, 5362, 5287, 5288, 5364, 5287, 5364, 5363, 5288, 5289, 5365, 5288, 5365, 5364,
            5289, 5290, 5366, 5289, 5366, 5365, 5290, 5291, 5367, 5290, 5367, 5366, 5291, 5292, 5368, 5291, 5368, 5367,
            5292, 5293, 5369, 5292, 5369, 5368, 5293, 5294, 5370, 5293, 5370, 5369, 5294, 5295, 5371, 5294, 5371, 5370,
            5295, 5296, 5372, 5295, 5372, 5371, 5296, 5297, 5373, 5296, 5373, 5372, 5297, 5298, 5374, 5297, 5374, 5373,
            5298, 5299, 5375, 5298, 5375, 5374, 5299, 5300, 5376, 5299, 5376, 5375, 5300, 5301, 5377, 5300, 5377, 5376,
            5301, 5302, 5378, 5301, 5378, 5377, 5302, 5303, 5379, 5302, 5379, 5378, 5303, 5304, 5380, 5303, 5380, 5379,
            5304, 5305, 5381, 5304, 5381, 5380, 5305, 5306, 5382, 5305, 5382, 5381, 5306, 5307, 5383, 5306, 5383, 5382,
            5307, 5308, 5384, 5307, 5384, 5383, 5308, 5309, 5385, 5308, 5385, 5384, 5309, 5310, 5386, 5309, 5386, 5385,
            5310, 5311, 5387, 5310, 5387, 5386, 5311, 5312, 5388, 5311, 5388, 5387, 5312, 5313, 5389, 5312, 5389, 5388,
            5313, 5314, 5390, 5313, 5390, 5389, 5314, 5315, 5391, 5314, 5391, 5390, 5315, 5316, 5392, 5315, 5392, 5391,
            5316, 5317, 5393, 5316, 5393, 5392, 5317, 5318, 5394, 5317, 5394, 5393, 5318, 5319, 5395, 5318, 5395, 5394,
            5320, 5321, 5397, 5320, 5397, 5396, 5321, 5322, 5398, 5321, 5398, 5397, 5322, 5323, 5399, 5322, 5399, 5398,
            5323, 5324, 5400, 5323, 5400, 5399, 5324, 5325, 5401, 5324, 5401, 5400, 5325, 5326, 5402, 5325, 5402, 5401,
            5326, 5327, 5403, 5326, 5403, 5402, 5327, 5328, 5404, 5327, 5404, 5403, 5328, 5329, 5405, 5328, 5405, 5404,
            5329, 5330, 5406, 5329, 5406, 5405, 5330, 5331, 5407, 5330, 5407, 5406, 5331, 5332, 5408, 5331, 5408, 5407,
            5332, 5333, 5409, 5332, 5409, 5408, 5333, 5334, 5410, 5333, 5410, 5409, 5334, 5335, 5411, 5334, 5411, 5410,
            5335, 5336, 5412, 5335, 5412, 5411, 5336, 5337, 5413, 5336, 5413, 5412, 5337, 5338, 5414, 5337, 5414, 5413,
            5338, 5339, 5415, 5338, 5415, 5414, 5339, 5340, 5416, 5339, 5416, 5415, 5340, 5341, 5417, 5340, 5417, 5416,
            5341, 5342, 5418, 5341, 5418, 5417, 5342, 5343, 5419, 5342, 5419, 5418, 5343, 5344, 5420, 5343, 5420, 5419,
            5344, 5345, 5421, 5344, 5421, 5420, 5345, 5346, 5422, 5345, 5422, 5421, 5346, 5347, 5423, 5346, 5423, 5422,
            5347, 5348, 5424, 5347, 5424, 5423, 5348, 5349, 5425, 5348, 5425, 5424, 5349, 5350, 5426, 5349, 5426, 5425,
            5350, 5351, 5427, 5350, 5427, 5426, 5351, 5352, 5428, 5351, 5428, 5427, 5352, 5353, 5429, 5352, 5429, 5428,
            5353, 5354, 5430, 5353, 5430, 5429, 5354, 5355, 5431, 5354, 5431, 5430, 5355, 5356, 5432, 5355, 5432, 5431,
            5356, 5357, 5433, 5356, 5433, 5432, 5357, 5358, 5434, 5357, 5434, 5433, 5358, 5359, 5435, 5358, 5435, 5434,
            5359, 5360, 5436, 5359, 5436, 5435, 5360, 5361, 5437, 5360, 5437, 5436, 5361, 5362, 5438, 5361, 5438, 5437,
            5362, 5363, 5439, 5362, 5439, 5438, 5363, 5364, 5440, 5363, 5440, 5439, 5364, 5365, 5441, 5364, 5441, 5440,
            5365, 5366, 5442, 5365, 5442, 5441, 5366, 5367, 5443, 5366, 5443, 5442, 5367, 5368, 5444, 5367, 5444, 5443,
            5368, 5369, 5445, 5368, 5445, 5444, 5369, 5370, 5446, 5369, 5446, 5445, 5370, 5371, 5447, 5370, 5447, 5446,
            5371, 5372, 5448, 5371, 5448, 5447, 5372, 5373, 5449, 5372, 5449, 5448, 5373, 5374, 5450, 5373, 5450, 5449,
            5374, 5375, 5451, 5374, 5451, 5450, 5375, 5376, 5452, 5375, 5452, 5451, 5376, 5377, 5453, 5376, 5453, 5452,
            5377, 5378, 5454, 5377, 5454, 5453, 5378, 5379, 5455, 5378, 5455, 5454, 5379, 5380, 5456, 5379, 5456, 5455,
            5380, 5381, 5457, 5380, 5457, 5456, 5381, 5382, 5458, 5381, 5458, 5457, 5382, 5383, 5459, 5382, 5459, 5458,
            5383, 5384, 5460, 5383, 5460, 5459, 5384, 5385, 5461, 5384, 5461, 5460, 5385, 5386, 5462, 5385, 5462, 5461,
            5386, 5387, 5463, 5386, 5463, 5462, 5387, 5388, 5464, 5387, 5464, 5463, 5388, 5389, 5465, 5388, 5465, 5464,
            5389, 5390, 5466, 5389, 5466, 5465, 5390, 5391, 5467, 5390, 5467, 5466, 5391, 5392, 5468, 5391, 5468, 5467,
            5392, 5393, 5469, 5392, 5469, 5468, 5393, 5394, 5470, 5393, 5470, 5469, 5394, 5395, 5471, 5394, 5471, 5470,
            5396, 5397, 5473, 5396, 5473, 5472, 5397, 5398, 5474, 5397, 5474, 5473, 5398, 5399, 5475, 5398, 5475, 5474,
            5399, 5400, 5476, 5399, 5476, 5475, 5400, 5401, 5477, 5400, 5477, 5476, 5401, 5402, 5478, 5401, 5478, 5477,
            5402, 5403, 5479, 5402, 5479, 5478, 5403, 5404, 5480, 5403, 5480, 5479, 5404, 5405, 5481, 5404, 5481, 5480,
            5405, 5406, 5482, 5405, 5482, 5481, 5406, 5407, 5483, 5406, 5483, 5482, 5407, 5408, 5484, 5407, 5484, 5483,
            5408, 5409, 5485, 5408, 5485, 5484, 5409, 5410, 5486, 5409, 5486, 5485, 5410, 5411, 5487, 5410, 5487, 5486,
            5411, 5412, 5488, 5411, 5488, 5487, 5412, 5413, 5489, 5412, 5489, 5488, 5413, 5414, 5490, 5413, 5490, 5489,
            5414, 5415, 5491, 5414, 5491, 5490, 5415, 5416, 5492, 5415, 5492, 5491, 5416, 5417, 5493, 5416, 5493, 5492,
            5417, 5418, 5494, 5417, 5494, 5493, 5418, 5419, 5495, 5418, 5495, 5494, 5419, 5420, 5496, 5419, 5496, 5495,
            5420, 5421, 5497, 5420, 5497, 5496, 5421, 5422, 5498, 5421, 5498, 5497, 5422, 5423, 5499, 5422, 5499, 5498,
            5423, 5424, 5500, 5423, 5500, 5499, 5424, 5425, 5501, 5424, 5501, 5500, 5425, 5426, 5502, 5425, 5502, 5501,
            5426, 5427, 5503, 5426, 5503, 5502, 5427, 5428, 5504, 5427, 5504, 5503, 5428, 5429, 5505, 5428, 5505, 5504,
            5429, 5430, 5506, 5429, 5506, 5505, 5430, 5431, 5507, 5430, 5507, 5506, 5431, 5432, 5508, 5431, 5508, 5507,
            5432, 5433, 5509, 5432, 5509, 5508, 5433, 5434, 5510, 5433, 5510, 5509, 5434, 5435, 5511, 5434, 5511, 5510,
            5435, 5436, 5512, 5435, 5512, 5511, 5436, 5437, 5513, 5436, 5513, 5512, 5437, 5438, 5514, 5437, 5514, 5513,
            5438, 5439, 5515, 5438, 5515, 5514, 5439, 5440, 5516, 5439, 5516, 5515, 5440, 5441, 5517, 5440, 5517, 5516,
            5441, 5442, 5518, 5441, 5518, 5517, 5442, 5443, 5519, 5442, 5519, 5518, 5443, 5444, 5520, 5443, 5520, 5519,
            5444, 5445, 5521, 5444, 5521, 5520, 5445, 5446, 5522, 5445, 5522, 5521, 5446, 5447, 5523, 5446, 5523, 5522,
            5447, 5448, 5524, 5447, 5524, 5523, 5448, 5449, 5525, 5448, 5525, 5524, 5449, 5450, 5526, 5449, 5526, 5525,
            5450, 5451, 5527, 5450, 5527, 5526, 5451, 5452, 5528, 5451, 5528, 5527, 5452, 5453, 5529, 5452, 5529, 5528,
            5453, 5454, 5530, 5453, 5530, 5529, 5454, 5455, 5531, 5454, 5531, 5530, 5455, 5456, 5532, 5455, 5532, 5531,
            5456, 5457, 5533, 5456, 5533, 5532, 5457, 5458, 5534, 5457, 5534, 5533, 5458, 5459, 5535, 5458, 5535, 5534,
            5459, 5460, 5536, 5459, 5536, 5535, 5460, 5461, 5537, 5460, 5537, 5536, 5461, 5462, 5538, 5461, 5538, 5537,
            5462, 5463, 5539, 5462, 5539, 5538, 5463, 5464, 5540, 5463, 5540, 5539, 5464, 5465, 5541, 5464, 5541, 5540,
            5465, 5466, 5542, 5465, 5542, 5541, 5466, 5467, 5543, 5466, 5543, 5542, 5467, 5468, 5544, 5467, 5544, 5543,
            5468, 5469, 5545, 5468, 5545, 5544, 5469, 5470, 5546, 5469, 5546, 5545, 5470, 5471, 5547, 5470, 5547, 5546,
            5472, 5473, 5549, 5472, 5549, 5548, 5473, 5474, 5550, 5473, 5550, 5549, 5474, 5475, 5551, 5474, 5551, 5550,
            5475, 5476, 5552, 5475, 5552, 5551, 5476, 5477, 5553, 5476, 5553, 5552, 5477, 5478, 5554, 5477, 5554, 5553,
            5478, 5479, 5555, 5478, 5555, 5554, 5479, 5480, 5556, 5479, 5556, 5555, 5480, 5481, 5557, 5480, 5557, 5556,
            5481, 5482, 5558, 5481, 5558, 5557, 5482, 5483, 5559, 5482, 5559, 5558, 5483, 5484, 5560, 5483, 5560, 5559,
            5484, 5485, 5561, 5484, 5561, 5560, 5485, 5486, 5562, 5485, 5562, 5561, 5486, 5487, 5563, 5486, 5563, 5562,
            5487, 5488, 5564, 5487, 5564, 5563, 5488, 5489, 5565, 5488, 5565, 5564, 5489, 5490, 5566, 5489, 5566, 5565,
            5490, 5491, 5567, 5490, 5567, 5566, 5491, 5492, 5568, 5491, 5568, 5567, 5492, 5493, 5569, 5492, 5569, 5568,
            5493, 5494, 5570, 5493, 5570, 5569, 5494, 5495, 5571, 5494, 5571, 5570, 5495, 5496, 5572, 5495, 5572, 5571,
            5496, 5497, 5573, 5496, 5573, 5572, 5497, 5498, 5574, 5497, 5574, 5573, 5498, 5499, 5575, 5498, 5575, 5574,
            5499, 5500, 5576, 5499, 5576, 5575, 5500, 5501, 5577, 5500, 5577, 5576, 5501, 5502, 5578, 5501, 5578, 5577,
            5502, 5503, 5579, 5502, 5579, 5578, 5503, 5504, 5580, 5503, 5580, 5579, 5504, 5505, 5581, 5504, 5581, 5580,
            5505, 5506, 5582, 5505, 5582, 5581, 5506, 5507, 5583, 5506, 5583, 5582, 5507, 5508, 5584, 5507, 5584, 5583,
            5508, 5509, 5585, 5508, 5585, 5584, 5509, 5510, 5586, 5509, 5586, 5585, 5510, 5511, 5587, 5510, 5587, 5586,
            5511, 5512, 5588, 5511, 5588, 5587, 5512, 5513, 5589, 5512, 5589, 5588, 5513, 5514, 5590, 5513, 5590, 5589,
            5514, 5515, 5591, 5514, 5591, 5590, 5515, 5516, 5592, 5515, 5592, 5591, 5516, 5517, 5593, 5516, 5593, 5592,
            5517, 5518, 5594, 5517, 5594, 5593, 5518, 5519, 5595, 5518, 5595, 5594, 5519, 5520, 5596, 5519, 5596, 5595,
            5520, 5521, 5597, 5520, 5597, 5596, 5521, 5522, 5598, 5521, 5598, 5597, 5522, 5523, 5599, 5522, 5599, 5598,
            5523, 5524, 5600, 5523, 5600, 5599, 5524, 5525, 5601, 5524, 5601, 5600, 5525, 5526, 5602, 5525, 5602, 5601,
            5526, 5527, 5603, 5526, 5603, 5602, 5527, 5528, 5604, 5527, 5604, 5603, 5528, 5529, 5605, 5528, 5605, 5604,
            5529, 5530, 5606, 5529, 5606, 5605, 5530, 5531, 5607, 5530, 5607, 5606, 5531, 5532, 5608, 5531, 5608, 5607,
            5532, 5533, 5609, 5532, 5609, 5608, 5533, 5534, 5610, 5533, 5610, 5609, 5534, 5535, 5611, 5534, 5611, 5610,
            5535, 5536, 5612, 5535, 5612, 5611, 5536, 5537, 5613, 5536, 5613, 5612, 5537, 5538, 5614, 5537, 5614, 5613,
            5538, 5539, 5615, 5538, 5615, 5614, 5539, 5540, 5616, 5539, 5616, 5615, 5540, 5541, 5617, 5540, 5617, 5616,
            5541, 5542, 5618, 5541, 5618, 5617, 5542, 5543, 5619, 5542, 5619, 5618, 5543, 5544, 5620, 5543, 5620, 5619,
            5544, 5545, 5621, 5544, 5621, 5620, 5545, 5546, 5622, 5545, 5622, 5621, 5546, 5547, 5623, 5546, 5623, 5622,
            5548, 5549, 5625, 5548, 5625, 5624, 5549, 5550, 5626, 5549, 5626, 5625, 5550, 5551, 5627, 5550, 5627, 5626,
            5551, 5552, 5628, 5551, 5628, 5627, 5552, 5553, 5629, 5552, 5629, 5628, 5553, 5554, 5630, 5553, 5630, 5629,
            5554, 5555, 5631, 5554, 5631, 5630, 5555, 5556, 5632, 5555, 5632, 5631, 5556, 5557, 5633, 5556, 5633, 5632,
            5557, 5558, 5634, 5557, 5634, 5633, 5558, 5559, 5635, 5558, 5635, 5634, 5559, 5560, 5636, 5559, 5636, 5635,
            5560, 5561, 5637, 5560, 5637, 5636, 5561, 5562, 5638, 5561, 5638, 5637, 5562, 5563, 5639, 5562, 5639, 5638,
            5563, 5564, 5640, 5563, 5640, 5639, 5564, 5565, 5641, 5564, 5641, 5640, 5565, 5566, 5642, 5565, 5642, 5641,
            5566, 5567, 5643, 5566, 5643, 5642, 5567, 5568, 5644, 5567, 5644, 5643, 5568, 5569, 5645, 5568, 5645, 5644,
            5569, 5570, 5646, 5569, 5646, 5645, 5570, 5571, 5647, 5570, 5647, 5646, 5571, 5572, 5648, 5571, 5648, 5647,
            5572, 5573, 5649, 5572, 5649, 5648, 5573, 5574, 5650, 5573, 5650, 5649, 5574, 5575, 5651, 5574, 5651, 5650,
            5575, 5576, 5652, 5575, 5652, 5651, 5576, 5577, 5653, 5576, 5653, 5652, 5577, 5578, 5654, 5577, 5654, 5653,
            5578, 5579, 5655, 5578, 5655, 5654, 5579, 5580, 5656, 5579, 5656, 5655, 5580, 5581, 5657, 5580, 5657, 5656,
            5581, 5582, 5658, 5581, 5658, 5657, 5582, 5583, 5659, 5582, 5659, 5658, 5583, 5584, 5660, 5583, 5660, 5659,
            5584, 5585, 5661, 5584, 5661, 5660, 5585, 5586, 5662, 5585, 5662, 5661, 5586, 5587, 5663, 5586, 5663, 5662,
            5587, 5588, 5664, 5587, 5664, 5663, 5588, 5589, 5665, 5588, 5665, 5664, 5589, 5590, 5666, 5589, 5666, 5665,
            5590, 5591, 5667, 5590, 5667, 5666, 5591, 5592, 5668, 5591, 5668, 5667, 5592, 5593, 5669, 5592, 5669, 5668,
            5593, 5594, 5670, 5593, 5670, 5669, 5594, 5595, 5671, 5594, 5671, 5670, 5595, 5596, 5672, 5595, 5672, 5671,
            5596, 5597, 5673, 5596, 5673, 5672, 5597, 5598, 5674, 5597, 5674, 5673, 5598, 5599, 5675, 5598, 5675, 5674,
            5599, 5600, 5676, 5599, 5676, 5675, 5600, 5601, 5677, 5600, 5677, 5676, 5601, 5602, 5678, 5601, 5678, 5677,
            5602, 5603, 5679, 5602, 5679, 5678, 5603, 5604, 5680, 5603, 5680, 5679, 5604, 5605, 5681, 5604, 5681, 5680,
            5605, 5606, 5682, 5605, 5682, 5681, 5606, 5607, 5683, 5606, 5683, 5682, 5607, 5608, 5684, 5607, 5684, 5683,
            5608, 5609, 5685, 5608, 5685, 5684, 5609, 5610, 5686, 5609, 5686, 5685, 5610, 5611, 5687, 5610, 5687, 5686,
            5611, 5612, 5688, 5611, 5688, 5687, 5612, 5613, 5689, 5612, 5689, 5688, 5613, 5614, 5690, 5613, 5690, 5689,
            5614, 5615, 5691, 5614, 5691, 5690, 5615, 5616, 5692, 5615, 5692, 5691, 5616, 5617, 5693, 5616, 5693, 5692,
            5617, 5618, 5694, 5617, 5694, 5693, 5618, 5619, 5695, 5618, 5695, 5694, 5619, 5620, 5696, 5619, 5696, 5695,
            5620, 5621, 5697, 5620, 5697, 5696, 5621, 5622, 5698, 5621, 5698, 5697, 5622, 5623, 5699, 5622, 5699, 5698,
            5624, 5625, 5701, 5624, 5701, 5700, 5625, 5626, 5702, 5625, 5702, 5701, 5626, 5627, 5703, 5626, 5703, 5702,
            5627, 5628, 5704, 5627, 5704, 5703, 5628, 5629, 5705, 5628, 5705, 5704, 5629, 5630, 5706, 5629, 5706, 5705,
            5630, 5631, 5707, 5630, 5707, 5706, 5631, 5632, 5708, 5631, 5708, 5707, 5632, 5633, 5709, 5632, 5709, 5708,
            5633, 5634, 5710, 5633, 5710, 5709, 5634, 5635, 5711, 5634, 5711, 5710, 5635, 5636, 5712, 5635, 5712, 5711,
            5636, 5637, 5713, 5636, 5713, 5712, 5637, 5638, 5714, 5637, 5714, 5713, 5638, 5639, 5715, 5638, 5715, 5714,
            5639, 5640, 5716, 5639, 5716, 5715, 5640, 5641, 5717, 5640, 5717, 5716, 5641, 5642, 5718, 5641, 5718, 5717,
            5642, 5643, 5719, 5642, 5719, 5718, 5643, 5644, 5720, 5643, 5720, 5719, 5644, 5645, 5721, 5644, 5721, 5720,
            5645, 5646, 5722, 5645, 5722, 5721, 5646, 5647, 5723, 5646, 5723, 5722, 5647, 5648, 5724, 5647, 5724, 5723,
            5648, 5649, 5725, 5648, 5725, 5724, 5649, 5650, 5726, 5649, 5726, 5725, 5650, 5651, 5727, 5650, 5727, 5726,
            5651, 5652, 5728, 5651, 5728, 5727, 5652, 5653, 5729, 5652, 5729, 5728, 5653, 5654, 5730, 5653, 5730, 5729,
            5654, 5655, 5731, 5654, 5731, 5730, 5655, 5656, 5732, 5655, 5732, 5731, 5656, 5657, 5733, 5656, 5733, 5732,
            5657, 5658, 5734, 5657, 5734, 5733, 5658, 5659, 5735, 5658, 5735, 5734, 5659, 5660, 5736, 5659, 5736, 5735,
            5660, 5661, 5737, 5660, 5737, 5736, 5661, 5662, 5738, 5661, 5738, 5737, 5662, 5663, 5739, 5662, 5739, 5738,
            5663, 5664, 5740, 5663, 5740, 5739, 5664, 5665, 5741, 5664, 5741, 5740, 5665, 5666, 5742, 5665, 5742, 5741,
            5666, 5667, 5743, 5666, 5743, 5742, 5667, 5668, 5744, 5667, 5744, 5743, 5668, 5669, 5745, 5668, 5745, 5744,
            5669, 5670, 5746, 5669, 5746, 5745, 5670, 5671, 5747, 5670, 5747, 5746, 5671, 5672, 5748, 5671, 5748, 5747,
            5672, 5673, 5749, 5672, 5749, 5748, 5673, 5674, 5750, 5673, 5750, 5749, 5674, 5675, 5751, 5674, 5751, 5750,
            5675, 5676, 5752, 5675, 5752, 5751, 5676, 5677, 5753, 5676, 5753, 5752, 5677, 5678, 5754, 5677, 5754, 5753,
            5678, 5679, 5755, 5678, 5755, 5754, 5679, 5680, 5756, 5679, 5756, 5755, 5680, 5681, 5757, 5680, 5757, 5756,
            5681, 5682, 5758, 5681, 5758, 5757, 5682, 5683, 5759, 5682, 5759, 5758, 5683, 5684, 5760, 5683, 5760, 5759,
            5684, 5685, 5761, 5684, 5761, 5760, 5685, 5686, 5762, 5685, 5762, 5761, 5686, 5687, 5763, 5686, 5763, 5762,
            5687, 5688, 5764, 5687, 5764, 5763, 5688, 5689, 5765, 5688, 5765, 5764, 5689, 5690, 5766, 5689, 5766, 5765,
            5690, 5691, 5767, 5690, 5767, 5766, 5691, 5692, 5768, 5691, 5768, 5767, 5692, 5693, 5769, 5692, 5769, 5768,
            5693, 5694, 5770, 5693, 5770, 5769, 5694, 5695, 5771, 5694, 5771, 5770, 5695, 5696, 5772, 5695, 5772, 5771,
            5696, 5697, 5773, 5696, 5773, 5772, 5697, 5698, 5774, 5697, 5774, 5773, 5698, 5699, 5775, 5698, 5775, 5774
        ]
    }
}
