#usda 1.0
(defaultPrim = "Object"
 metersPerUnit = 1
 upAxis = "Z")
def Xform "Object" {

    def Mesh "body" (prepend apiSchemas = ["MaterialBindingAPI"]) {
        point3f[] points = [(-0.0234641016, -0.0114641016, 0.00253589838), (-0.0241912128, -0.00893138063, 0.00180878716), (-0.0242426407, -0.00466666667, 0.00175735931), (-0.0242426407, 1.73472348e-18, 0.00175735931), (-0.0242426407, 0.00466666667, 0.00175735931), (-0.0241912128, 0.00893138063, 0.00180878716), (-0.0234641016, 0.0114641016, 0.00253589838), (-0.0205631879, -0.0122239093, 0.00177609071), (-0.0207744174, -0.00929069571, 0.0001918693), (-0.0207929823, -0.00466666667, 5.26325959e-05), (-0.0207929823, 1.73472348e-18, 5.26325959e-05), (-0.0207929823, 0.00466666667, 5.26325959e-05), (-0.0207744174, 0.00929069571, 0.0001918693), (-0.0205631879, 0.0122239093, 0.00177609071), (-0.0156, -0.0122426407, 0.00175735931), (-0.0156, -0.00930158275, 0.000142877639), (-0.0156, -0.00466666667, 0), (-0.0156, 1.73472348e-18, 0), (-0.0156, 0.00466666667, 0), (-0.0156, 0.00930158275, 0.000142877639), (-0.0156, 0.0122426407, 0.00175735931), (-0.0104, -0.0122426407, 0.00175735931), (-0.0104, -0.00930158275, 0.000142877639), (-0.0104, -0.00466666667, 0), (-0.0104, 1.73472348e-18, 0), (-0.0104, 0.00466666667, 0), (-0.0104, 0.00930158275, 0.000142877639), (-0.0104, 0.0122426407, 0.00175735931), (-0.0052, -0.0122426407, 0.00175735931), (-0.0052, -0.00930158275, 0.000142877639), (-0.0052, -0.00466666667, 0), (-0.0052, 1.73472348e-18, 0), (-0.0052, 0.00466666667, 0), (-0.0052, 0.00930158275, 0.000142877639), (-0.0052, 0.0122426407, 0.00175735931), (0, -0.0122426407, 0.00175735931), (0, -0.00930158275, 0.000142877639), (0, -0.00466666667, 0), (0, 1.73472348e-18, 0), (0, 0.00466666667, 0), (0, 0.00930158275, 0.000142877639), (0, 0.0122426407, 0.00175735931), (0.0052, -0.0122426407, 0.00175735931), (0.0052, -0.00930158275, 0.000142877639), (0.0052, -0.00466666667, 0), (0.0052, 1.73472348e-18, 0), (0.0052, 0.00466666667, 0), (0.0052, 0.00930158275, 0.000142877639), (0.0052, 0.0122426407, 0.00175735931), (0.0104, -0.0122426407, 0.00175735931), (0.0104, -0.00930158275, 0.000142877639), (0.0104, -0.00466666667, 0), (0.0104, 1.73472348e-18, 0), (0.0104, 0.00466666667, 0), (0.0104, 0.00930158275, 0.000142877639), (0.0104, 0.0122426407, 0.00175735931), (0.0156, -0.0122426407, 0.00175735931), (0.0156, -0.00930158275, 0.000142877639), (0.0156, -0.00466666667, 0), (0.0156, 1.73472348e-18, 0), (0.0156, 0.00466666667, 0), (0.0156, 0.00930158275, 0.000142877639), (0.0156, 0.0122426407, 0.00175735931), (0.0205631879, -0.0122239093, 0.00177609071), (0.0207744174, -0.00929069571, 0.0001918693), (0.0207929823, -0.00466666667, 5.26325959e-05), (0.0207929823, 1.73472348e-18, 5.26325959e-05), (0.0207929823, 0.00466666667, 5.26325959e-05), (0.0207744174, 0.00929069571, 0.0001918693), (0.0205631879, 0.0122239093, 0.00177609071), (0.0234641016, -0.0114641016, 0.00253589838), (0.0241912128, -0.00893138063, 0.00180878716), (0.0242426407, -0.00466666667, 0.00175735931), (0.0242426407, 1.73472348e-18, 0.00175735931), (0.0242426407, 0.00466666667, 0.00175735931), (0.0241912128, 0.00893138063, 0.00180878716), (0.0234641016, 0.0114641016, 0.00253589838), (-0.0241502868, -0.0121502868, 0.00475491397), (-0.0256210369, -0.00924911931, 0.00431368893), (-0.0257469577, -0.00466666667, 0.00427591269), (-0.0257469577, 1.73472348e-18, 0.00427591269), (-0.0257469577, 0.00466666667, 0.00427591269), (-0.0256210369, 0.00924911931, 0.00431368893), (-0.0241502868, 0.0121502868, 0.00475491397), (-0.0207600876, -0.0137006572, 0.00428980284), (-0.0208, -0.00933333333, 0.0042), (-0.0208, -0.00466666667, 0.0042), (-0.0208, 1.73472348e-18, 0.0042), (-0.0208, 0.00466666667, 0.0042), (-0.0208, 0.00933333333, 0.0042), (-0.0207600876, 0.0137006572, 0.00428980284), (-0.0156, -0.0137469577, 0.00427591269), (-0.0156, -0.00933333333, 0.0042), (-0.0156, -0.00466666667, 0.0042), (-0.0156, 1.73472348e-18, 0.0042), (-0.0156, 0.00466666667, 0.0042), (-0.0156, 0.00933333333, 0.0042), (-0.0156, 0.0137469577, 0.00427591269), (-0.0104, -0.0137469577, 0.00427591269), (-0.0104, -0.00933333333, 0.0042), (-0.0104, -0.00466666667, 0.0042), (-0.0104, 1.73472348e-18, 0.0042), (-0.0104, 0.00466666667, 0.0042), (-0.0104, 0.00933333333, 0.0042), (-0.0104, 0.0137469577, 0.00427591269), (-0.0052, -0.0137469577, 0.00427591269), (-0.0052, -0.00933333333, 0.0042), (-0.0052, -0.00466666667, 0.0042), (-0.0052, 1.73472348e-18, 0.0042), (-0.0052, 0.00466666667, 0.0042), (-0.0052, 0.00933333333, 0.0042), (-0.0052, 0.0137469577, 0.00427591269), (0, -0.0137469577, 0.00427591269), (0, -0.00933333333, 0.0042), (0, -0.00466666667, 0.0042), (0, 1.73472348e-18, 0.0042), (0, 0.00466666667, 0.0042), (0, 0.00933333333, 0.0042), (0, 0.0137469577, 0.00427591269), (0.0052, -0.0137469577, 0.00427591269), (0.0052, -0.00933333333, 0.0042), (0.0052, -0.00466666667, 0.0042), (0.0052, 1.73472348e-18, 0.0042), (0.0052, 0.00466666667, 0.0042), (0.0052, 0.00933333333, 0.0042), (0.0052, 0.0137469577, 0.00427591269), (0.0104, -0.0137469577, 0.00427591269), (0.0104, -0.00933333333, 0.0042), (0.0104, -0.00466666667, 0.0042), (0.0104, 1.73472348e-18, 0.0042), (0.0104, 0.00466666667, 0.0042), (0.0104, 0.00933333333, 0.0042), (0.0104, 0.0137469577, 0.00427591269), (0.0156, -0.0137469577, 0.00427591269), (0.0156, -0.00933333333, 0.0042), (0.0156, -0.00466666667, 0.0042), (0.0156, 1.73472348e-18, 0.0042), (0.0156, 0.00466666667, 0.0042), (0.0156, 0.00933333333, 0.0042), (0.0156, 0.0137469577, 0.00427591269), (0.0207600876, -0.0137006572, 0.00428980284), (0.0208, -0.00933333333, 0.0042), (0.0208, -0.00466666667, 0.0042), (0.0208, 1.73472348e-18, 0.0042), (0.0208, 0.00466666667, 0.0042), (0.0208, 0.00933333333, 0.0042), (0.0207600876, 0.0137006572, 0.00428980284), (0.0241502868, -0.0121502868, 0.00475491397), (0.0256210369, -0.00924911931, 0.00431368893), (0.0257469577, -0.00466666667, 0.00427591269), (0.0257469577, 1.73472348e-18, 0.00427591269), (0.0257469577, 0.00466666667, 0.00427591269), (0.0256210369, 0.00924911931, 0.00431368893), (0.0241502868, 0.0121502868, 0.00475491397), (-0.0242426407, -0.0122426407, 0.0084), (-0.0258571224, -0.00930158275, 0.0084), (-0.026, -0.00466666667, 0.0084), (-0.026, 1.73472348e-18, 0.0084), (-0.026, 0.00466666667, 0.0084), (-0.0258571224, 0.00930158275, 0.0084), (-0.0242426407, 0.0122426407, 0.0084), (-0.0207929823, -0.0139473674, 0.0084), (-0.0208, -0.00933333333, 0.0084), (-0.0208, -0.00466666667, 0.0084), (-0.0208, 1.73472348e-18, 0.0084), (-0.0208, 0.00466666667, 0.0084), (-0.0208, 0.00933333333, 0.0084), (-0.0207929823, 0.0139473674, 0.0084), (-0.0156, -0.014, 0.0084), (-0.0156, -0.00933333333, 0.0084), (-0.0156, -0.00466666667, 0.0084), (-0.0156, 1.73472348e-18, 0.0084), (-0.0156, 0.00466666667, 0.0084), (-0.0156, 0.00933333333, 0.0084), (-0.0156, 0.014, 0.0084), (-0.0104, -0.014, 0.0084), (-0.0104, -0.00933333333, 0.0084), (-0.0104, -0.00466666667, 0.0084), (-0.0104, 1.73472348e-18, 0.0084), (-0.0104, 0.00466666667, 0.0084), (-0.0104, 0.00933333333, 0.0084), (-0.0104, 0.014, 0.0084), (-0.0052, -0.014, 0.0084), (-0.0052, -0.00933333333, 0.0084), (-0.0052, -0.00466666667, 0.0084), (-0.0052, 1.73472348e-18, 0.0084), (-0.0052, 0.00466666667, 0.0084), (-0.0052, 0.00933333333, 0.0084), (-0.0052, 0.014, 0.0084), (0, -0.014, 0.0084), (0, -0.00933333333, 0.0084), (0, -0.00466666667, 0.0084), (0, 1.73472348e-18, 0.0084), (0, 0.00466666667, 0.0084), (0, 0.00933333333, 0.0084), (0, 0.014, 0.0084), (0.0052, -0.014, 0.0084), (0.0052, -0.00933333333, 0.0084), (0.0052, -0.00466666667, 0.0084), (0.0052, 1.73472348e-18, 0.0084), (0.0052, 0.00466666667, 0.0084), (0.0052, 0.00933333333, 0.0084), (0.0052, 0.014, 0.0084), (0.0104, -0.014, 0.0084), (0.0104, -0.00933333333, 0.0084), (0.0104, -0.00466666667, 0.0084), (0.0104, 1.73472348e-18, 0.0084), (0.0104, 0.00466666667, 0.0084), (0.0104, 0.00933333333, 0.0084), (0.0104, 0.014, 0.0084), (0.0156, -0.014, 0.0084), (0.0156, -0.00933333333, 0.0084), (0.0156, -0.00466666667, 0.0084), (0.0156, 1.73472348e-18, 0.0084), (0.0156, 0.00466666667, 0.0084), (0.0156, 0.00933333333, 0.0084), (0.0156, 0.014, 0.0084), (0.0207929823, -0.0139473674, 0.0084), (0.0208, -0.00933333333, 0.0084), (0.0208, -0.00466666667, 0.0084), (0.0208, 1.73472348e-18, 0.0084), (0.0208, 0.00466666667, 0.0084), (0.0208, 0.00933333333, 0.0084), (0.0207929823, 0.0139473674, 0.0084), (0.0242426407, -0.0122426407, 0.0084), (0.0258571224, -0.00930158275, 0.0084), (0.026, -0.00466666667, 0.0084), (0.026, 1.73472348e-18, 0.0084), (0.026, 0.00466666667, 0.0084), (0.0258571224, 0.00930158275, 0.0084), (0.0242426407, 0.0122426407, 0.0084), (-0.0242426407, -0.0122426407, 0.0126), (-0.0258571224, -0.00930158275, 0.0126), (-0.026, -0.00466666667, 0.0126), (-0.026, 1.73472348e-18, 0.0126), (-0.026, 0.00466666667, 0.0126), (-0.0258571224, 0.00930158275, 0.0126), (-0.0242426407, 0.0122426407, 0.0126), (-0.0207929823, -0.0139473674, 0.0126), (-0.0208, -0.00933333333, 0.0126), (-0.0208, -0.00466666667, 0.0126), (-0.0208, 1.73472348e-18, 0.0126), (-0.0208, 0.00466666667, 0.0126), (-0.0208, 0.00933333333, 0.0126), (-0.0207929823, 0.0139473674, 0.0126), (-0.0156, -0.014, 0.0126), (-0.0156, -0.00933333333, 0.0126), (-0.0156, -0.00466666667, 0.0126), (-0.0156, 1.73472348e-18, 0.0126), (-0.0156, 0.00466666667, 0.0126), (-0.0156, 0.00933333333, 0.0126), (-0.0156, 0.014, 0.0126), (-0.0104, -0.014, 0.0126), (-0.0104, -0.00933333333, 0.0126), (-0.0104, -0.00466666667, 0.0126), (-0.0104, 1.73472348e-18, 0.0126), (-0.0104, 0.00466666667, 0.0126), (-0.0104, 0.00933333333, 0.0126), (-0.0104, 0.014, 0.0126), (-0.0052, -0.014, 0.0126), (-0.0052, -0.00933333333, 0.0126), (-0.0052, -0.00466666667, 0.0126), (-0.0052, 1.73472348e-18, 0.0126), (-0.0052, 0.00466666667, 0.0126), (-0.0052, 0.00933333333, 0.0126), (-0.0052, 0.014, 0.0126), (0, -0.014, 0.0126), (0, -0.00933333333, 0.0126), (0, -0.00466666667, 0.0126), (0, 1.73472348e-18, 0.0126), (0, 0.00466666667, 0.0126), (0, 0.00933333333, 0.0126), (0, 0.014, 0.0126), (0.0052, -0.014, 0.0126), (0.0052, -0.00933333333, 0.0126), (0.0052, -0.00466666667, 0.0126), (0.0052, 1.73472348e-18, 0.0126), (0.0052, 0.00466666667, 0.0126), (0.0052, 0.00933333333, 0.0126), (0.0052, 0.014, 0.0126), (0.0104, -0.014, 0.0126), (0.0104, -0.00933333333, 0.0126), (0.0104, -0.00466666667, 0.0126), (0.0104, 1.73472348e-18, 0.0126), (0.0104, 0.00466666667, 0.0126), (0.0104, 0.00933333333, 0.0126), (0.0104, 0.014, 0.0126), (0.0156, -0.014, 0.0126), (0.0156, -0.00933333333, 0.0126), (0.0156, -0.00466666667, 0.0126), (0.0156, 1.73472348e-18, 0.0126), (0.0156, 0.00466666667, 0.0126), (0.0156, 0.00933333333, 0.0126), (0.0156, 0.014, 0.0126), (0.0207929823, -0.0139473674, 0.0126), (0.0208, -0.00933333333, 0.0126), (0.0208, -0.00466666667, 0.0126), (0.0208, 1.73472348e-18, 0.0126), (0.0208, 0.00466666667, 0.0126), (0.0208, 0.00933333333, 0.0126), (0.0207929823, 0.0139473674, 0.0126), (0.0242426407, -0.0122426407, 0.0126), (0.0258571224, -0.00930158275, 0.0126), (0.026, -0.00466666667, 0.0126), (0.026, 1.73472348e-18, 0.0126), (0.026, 0.00466666667, 0.0126), (0.0258571224, 0.00930158275, 0.0126), (0.0242426407, 0.0122426407, 0.0126), (-0.0242426407, -0.0122426407, 0.0168), (-0.0258571224, -0.00930158275, 0.0168), (-0.026, -0.00466666667, 0.0168), (-0.026, 1.73472348e-18, 0.0168), (-0.026, 0.00466666667, 0.0168), (-0.0258571224, 0.00930158275, 0.0168), (-0.0242426407, 0.0122426407, 0.0168), (-0.0207929823, -0.0139473674, 0.0168), (-0.0208, -0.00933333333, 0.0168), (-0.0208, -0.00466666667, 0.0168), (-0.0208, 1.73472348e-18, 0.0168), (-0.0208, 0.00466666667, 0.0168), (-0.0208, 0.00933333333, 0.0168), (-0.0207929823, 0.0139473674, 0.0168), (-0.0156, -0.014, 0.0168), (-0.0156, -0.00933333333, 0.0168), (-0.0156, -0.00466666667, 0.0168), (-0.0156, 1.73472348e-18, 0.0168), (-0.0156, 0.00466666667, 0.0168), (-0.0156, 0.00933333333, 0.0168), (-0.0156, 0.014, 0.0168), (-0.0104, -0.014, 0.0168), (-0.0104, -0.00933333333, 0.0168), (-0.0104, -0.00466666667, 0.0168), (-0.0104, 1.73472348e-18, 0.0168), (-0.0104, 0.00466666667, 0.0168), (-0.0104, 0.00933333333, 0.0168), (-0.0104, 0.014, 0.0168), (-0.0052, -0.014, 0.0168), (-0.0052, -0.00933333333, 0.0168), (-0.0052, -0.00466666667, 0.0168), (-0.0052, 1.73472348e-18, 0.0168), (-0.0052, 0.00466666667, 0.0168), (-0.0052, 0.00933333333, 0.0168), (-0.0052, 0.014, 0.0168), (0, -0.014, 0.0168), (0, -0.00933333333, 0.0168), (0, -0.00466666667, 0.0168), (0, 1.73472348e-18, 0.0168), (0, 0.00466666667, 0.0168), (0, 0.00933333333, 0.0168), (0, 0.014, 0.0168), (0.0052, -0.014, 0.0168), (0.0052, -0.00933333333, 0.0168), (0.0052, -0.00466666667, 0.0168), (0.0052, 1.73472348e-18, 0.0168), (0.0052, 0.00466666667, 0.0168), (0.0052, 0.00933333333, 0.0168), (0.0052, 0.014, 0.0168), (0.0104, -0.014, 0.0168), (0.0104, -0.00933333333, 0.0168), (0.0104, -0.00466666667, 0.0168), (0.0104, 1.73472348e-18, 0.0168), (0.0104, 0.00466666667, 0.0168), (0.0104, 0.00933333333, 0.0168), (0.0104, 0.014, 0.0168), (0.0156, -0.014, 0.0168), (0.0156, -0.00933333333, 0.0168), (0.0156, -0.00466666667, 0.0168), (0.0156, 1.73472348e-18, 0.0168), (0.0156, 0.00466666667, 0.0168), (0.0156, 0.00933333333, 0.0168), (0.0156, 0.014, 0.0168), (0.0207929823, -0.0139473674, 0.0168), (0.0208, -0.00933333333, 0.0168), (0.0208, -0.00466666667, 0.0168), (0.0208, 1.73472348e-18, 0.0168), (0.0208, 0.00466666667, 0.0168), (0.0208, 0.00933333333, 0.0168), (0.0207929823, 0.0139473674, 0.0168), (0.0242426407, -0.0122426407, 0.0168), (0.0258571224, -0.00930158275, 0.0168), (0.026, -0.00466666667, 0.0168), (0.026, 1.73472348e-18, 0.0168), (0.026, 0.00466666667, 0.0168), (0.0258571224, 0.00930158275, 0.0168), (0.0242426407, 0.0122426407, 0.0168), (-0.0242426407, -0.0122426407, 0.021), (-0.0258571224, -0.00930158275, 0.021), (-0.026, -0.00466666667, 0.021), (-0.026, 1.73472348e-18, 0.021), (-0.026, 0.00466666667, 0.021), (-0.0258571224, 0.00930158275, 0.021), (-0.0242426407, 0.0122426407, 0.021), (-0.0207929823, -0.0139473674, 0.021), (-0.0208, -0.00933333333, 0.021), (-0.0208, -0.00466666667, 0.021), (-0.0208, 1.73472348e-18, 0.021), (-0.0208, 0.00466666667, 0.021), (-0.0208, 0.00933333333, 0.021), (-0.0207929823, 0.0139473674, 0.021), (-0.0156, -0.014, 0.021), (-0.0156, -0.00933333333, 0.021), (-0.0156, -0.00466666667, 0.021), (-0.0156, 1.73472348e-18, 0.021), (-0.0156, 0.00466666667, 0.021), (-0.0156, 0.00933333333, 0.021), (-0.0156, 0.014, 0.021), (-0.0104, -0.014, 0.021), (-0.0104, -0.00933333333, 0.021), (-0.0104, -0.00466666667, 0.021), (-0.0104, 1.73472348e-18, 0.021), (-0.0104, 0.00466666667, 0.021), (-0.0104, 0.00933333333, 0.021), (-0.0104, 0.014, 0.021), (-0.0052, -0.014, 0.021), (-0.0052, -0.00933333333, 0.021), (-0.0052, -0.00466666667, 0.021), (-0.0052, 1.73472348e-18, 0.021), (-0.0052, 0.00466666667, 0.021), (-0.0052, 0.00933333333, 0.021), (-0.0052, 0.014, 0.021), (0, -0.014, 0.021), (0, -0.00933333333, 0.021), (0, -0.00466666667, 0.021), (0, 1.73472348e-18, 0.021), (0, 0.00466666667, 0.021), (0, 0.00933333333, 0.021), (0, 0.014, 0.021), (0.0052, -0.014, 0.021), (0.0052, -0.00933333333, 0.021), (0.0052, -0.00466666667, 0.021), (0.0052, 1.73472348e-18, 0.021), (0.0052, 0.00466666667, 0.021), (0.0052, 0.00933333333, 0.021), (0.0052, 0.014, 0.021), (0.0104, -0.014, 0.021), (0.0104, -0.00933333333, 0.021), (0.0104, -0.00466666667, 0.021), (0.0104, 1.73472348e-18, 0.021), (0.0104, 0.00466666667, 0.021), (0.0104, 0.00933333333, 0.021), (0.0104, 0.014, 0.021), (0.0156, -0.014, 0.021), (0.0156, -0.00933333333, 0.021), (0.0156, -0.00466666667, 0.021), (0.0156, 1.73472348e-18, 0.021), (0.0156, 0.00466666667, 0.021), (0.0156, 0.00933333333, 0.021), (0.0156, 0.014, 0.021), (0.0207929823, -0.0139473674, 0.021), (0.0208, -0.00933333333, 0.021), (0.0208, -0.00466666667, 0.021), (0.0208, 1.73472348e-18, 0.021), (0.0208, 0.00466666667, 0.021), (0.0208, 0.00933333333, 0.021), (0.0207929823, 0.0139473674, 0.021), (0.0242426407, -0.0122426407, 0.021), (0.0258571224, -0.00930158275, 0.021), (0.026, -0.00466666667, 0.021), (0.026, 1.73472348e-18, 0.021), (0.026, 0.00466666667, 0.021), (0.0258571224, 0.00930158275, 0.021), (0.0242426407, 0.0122426407, 0.021), (-0.0242426407, -0.0122426407, 0.0252), (-0.0258571224, -0.00930158275, 0.0252), (-0.026, -0.00466666667, 0.0252), (-0.026, 1.73472348e-18, 0.0252), (-0.026, 0.00466666667, 0.0252), (-0.0258571224, 0.00930158275, 0.0252), (-0.0242426407, 0.0122426407, 0.0252), (-0.0207929823, -0.0139473674, 0.0252), (-0.0208, -0.00933333333, 0.0252), (-0.0208, -0.00466666667, 0.0252), (-0.0208, 1.73472348e-18, 0.0252), (-0.0208, 0.00466666667, 0.0252), (-0.0208, 0.00933333333, 0.0252), (-0.0207929823, 0.0139473674, 0.0252), (-0.0156, -0.014, 0.0252), (-0.0156, -0.00933333333, 0.0252), (-0.0156, -0.00466666667, 0.0252), (-0.0156, 1.73472348e-18, 0.0252), (-0.0156, 0.00466666667, 0.0252), (-0.0156, 0.00933333333, 0.0252), (-0.0156, 0.014, 0.0252), (-0.0104, -0.014, 0.0252), (-0.0104, -0.00933333333, 0.0252), (-0.0104, -0.00466666667, 0.0252), (-0.0104, 1.73472348e-18, 0.0252), (-0.0104, 0.00466666667, 0.0252), (-0.0104, 0.00933333333, 0.0252), (-0.0104, 0.014, 0.0252), (-0.0052, -0.014, 0.0252), (-0.0052, -0.00933333333, 0.0252), (-0.0052, -0.00466666667, 0.0252), (-0.0052, 1.73472348e-18, 0.0252), (-0.0052, 0.00466666667, 0.0252), (-0.0052, 0.00933333333, 0.0252), (-0.0052, 0.014, 0.0252), (0, -0.014, 0.0252), (0, -0.00933333333, 0.0252), (0, -0.00466666667, 0.0252), (0, 1.73472348e-18, 0.0252), (0, 0.00466666667, 0.0252), (0, 0.00933333333, 0.0252), (0, 0.014, 0.0252), (0.0052, -0.014, 0.0252), (0.0052, -0.00933333333, 0.0252), (0.0052, -0.00466666667, 0.0252), (0.0052, 1.73472348e-18, 0.0252), (0.0052, 0.00466666667, 0.0252), (0.0052, 0.00933333333, 0.0252), (0.0052, 0.014, 0.0252), (0.0104, -0.014, 0.0252), (0.0104, -0.00933333333, 0.0252), (0.0104, -0.00466666667, 0.0252), (0.0104, 1.73472348e-18, 0.0252), (0.0104, 0.00466666667, 0.0252), (0.0104, 0.00933333333, 0.0252), (0.0104, 0.014, 0.0252), (0.0156, -0.014, 0.0252), (0.0156, -0.00933333333, 0.0252), (0.0156, -0.00466666667, 0.0252), (0.0156, 1.73472348e-18, 0.0252), (0.0156, 0.00466666667, 0.0252), (0.0156, 0.00933333333, 0.0252), (0.0156, 0.014, 0.0252), (0.0207929823, -0.0139473674, 0.0252), (0.0208, -0.00933333333, 0.0252), (0.0208, -0.00466666667, 0.0252), (0.0208, 1.73472348e-18, 0.0252), (0.0208, 0.00466666667, 0.0252), (0.0208, 0.00933333333, 0.0252), (0.0207929823, 0.0139473674, 0.0252), (0.0242426407, -0.0122426407, 0.0252), (0.0258571224, -0.00930158275, 0.0252), (0.026, -0.00466666667, 0.0252), (0.026, 1.73472348e-18, 0.0252), (0.026, 0.00466666667, 0.0252), (0.0258571224, 0.00930158275, 0.0252), (0.0242426407, 0.0122426407, 0.0252), (-0.0242426407, -0.0122426407, 0.0294), (-0.0258571224, -0.00930158275, 0.0294), (-0.026, -0.00466666667, 0.0294), (-0.026, 1.73472348e-18, 0.0294), (-0.026, 0.00466666667, 0.0294), (-0.0258571224, 0.00930158275, 0.0294), (-0.0242426407, 0.0122426407, 0.0294), (-0.0207929823, -0.0139473674, 0.0294), (-0.0208, -0.00933333333, 0.0294), (-0.0208, -0.00466666667, 0.0294), (-0.0208, 1.73472348e-18, 0.0294), (-0.0208, 0.00466666667, 0.0294), (-0.0208, 0.00933333333, 0.0294), (-0.0207929823, 0.0139473674, 0.0294), (-0.0156, -0.014, 0.0294), (-0.0156, -0.00933333333, 0.0294), (-0.0156, -0.00466666667, 0.0294), (-0.0156, 1.73472348e-18, 0.0294), (-0.0156, 0.00466666667, 0.0294), (-0.0156, 0.00933333333, 0.0294), (-0.0156, 0.014, 0.0294), (-0.0104, -0.014, 0.0294), (-0.0104, -0.00933333333, 0.0294), (-0.0104, -0.00466666667, 0.0294), (-0.0104, 1.73472348e-18, 0.0294), (-0.0104, 0.00466666667, 0.0294), (-0.0104, 0.00933333333, 0.0294), (-0.0104, 0.014, 0.0294), (-0.0052, -0.014, 0.0294), (-0.0052, -0.00933333333, 0.0294), (-0.0052, -0.00466666667, 0.0294), (-0.0052, 1.73472348e-18, 0.0294), (-0.0052, 0.00466666667, 0.0294), (-0.0052, 0.00933333333, 0.0294), (-0.0052, 0.014, 0.0294), (0, -0.014, 0.0294), (0, -0.00933333333, 0.0294), (0, -0.00466666667, 0.0294), (0, 1.73472348e-18, 0.0294), (0, 0.00466666667, 0.0294), (0, 0.00933333333, 0.0294), (0, 0.014, 0.0294), (0.0052, -0.014, 0.0294), (0.0052, -0.00933333333, 0.0294), (0.0052, -0.00466666667, 0.0294), (0.0052, 1.73472348e-18, 0.0294), (0.0052, 0.00466666667, 0.0294), (0.0052, 0.00933333333, 0.0294), (0.0052, 0.014, 0.0294), (0.0104, -0.014, 0.0294), (0.0104, -0.00933333333, 0.0294), (0.0104, -0.00466666667, 0.0294), (0.0104, 1.73472348e-18, 0.0294), (0.0104, 0.00466666667, 0.0294), (0.0104, 0.00933333333, 0.0294), (0.0104, 0.014, 0.0294), (0.0156, -0.014, 0.0294), (0.0156, -0.00933333333, 0.0294), (0.0156, -0.00466666667, 0.0294), (0.0156, 1.73472348e-18, 0.0294), (0.0156, 0.00466666667, 0.0294), (0.0156, 0.00933333333, 0.0294), (0.0156, 0.014, 0.0294), (0.0207929823, -0.0139473674, 0.0294), (0.0208, -0.00933333333, 0.0294), (0.0208, -0.00466666667, 0.0294), (0.0208, 1.73472348e-18, 0.0294), (0.0208, 0.00466666667, 0.0294), (0.0208, 0.00933333333, 0.0294), (0.0207929823, 0.0139473674, 0.0294), (0.0242426407, -0.0122426407, 0.0294), (0.0258571224, -0.00930158275, 0.0294), (0.026, -0.00466666667, 0.0294), (0.026, 1.73472348e-18, 0.0294), (0.026, 0.00466666667, 0.0294), (0.0258571224, 0.00930158275, 0.0294), (0.0242426407, 0.0122426407, 0.0294), (-0.0242426407, -0.0122426407, 0.0336), (-0.0258571224, -0.00930158275, 0.0336), (-0.026, -0.00466666667, 0.0336), (-0.026, 1.73472348e-18, 0.0336), (-0.026, 0.00466666667, 0.0336), (-0.0258571224, 0.00930158275, 0.0336), (-0.0242426407, 0.0122426407, 0.0336), (-0.0207929823, -0.0139473674, 0.0336), (-0.0208, -0.00933333333, 0.0336), (-0.0208, -0.00466666667, 0.0336), (-0.0208, 1.73472348e-18, 0.0336), (-0.0208, 0.00466666667, 0.0336), (-0.0208, 0.00933333333, 0.0336), (-0.0207929823, 0.0139473674, 0.0336), (-0.0156, -0.014, 0.0336), (-0.0156, -0.00933333333, 0.0336), (-0.0156, -0.00466666667, 0.0336), (-0.0156, 1.73472348e-18, 0.0336), (-0.0156, 0.00466666667, 0.0336), (-0.0156, 0.00933333333, 0.0336), (-0.0156, 0.014, 0.0336), (-0.0104, -0.014, 0.0336), (-0.0104, -0.00933333333, 0.0336), (-0.0104, -0.00466666667, 0.0336), (-0.0104, 1.73472348e-18, 0.0336), (-0.0104, 0.00466666667, 0.0336), (-0.0104, 0.00933333333, 0.0336), (-0.0104, 0.014, 0.0336), (-0.0052, -0.014, 0.0336), (-0.0052, -0.00933333333, 0.0336), (-0.0052, -0.00466666667, 0.0336), (-0.0052, 1.73472348e-18, 0.0336), (-0.0052, 0.00466666667, 0.0336), (-0.0052, 0.00933333333, 0.0336), (-0.0052, 0.014, 0.0336), (0, -0.014, 0.0336), (0, -0.00933333333, 0.0336), (0, -0.00466666667, 0.0336), (0, 1.73472348e-18, 0.0336), (0, 0.00466666667, 0.0336), (0, 0.00933333333, 0.0336), (0, 0.014, 0.0336), (0.0052, -0.014, 0.0336), (0.0052, -0.00933333333, 0.0336), (0.0052, -0.00466666667, 0.0336), (0.0052, 1.73472348e-18, 0.0336), (0.0052, 0.00466666667, 0.0336), (0.0052, 0.00933333333, 0.0336), (0.0052, 0.014, 0.0336), (0.0104, -0.014, 0.0336), (0.0104, -0.00933333333, 0.0336), (0.0104, -0.00466666667, 0.0336), (0.0104, 1.73472348e-18, 0.0336), (0.0104, 0.00466666667, 0.0336), (0.0104, 0.00933333333, 0.0336), (0.0104, 0.014, 0.0336), (0.0156, -0.014, 0.0336), (0.0156, -0.00933333333, 0.0336), (0.0156, -0.00466666667, 0.0336), (0.0156, 1.73472348e-18, 0.0336), (0.0156, 0.00466666667, 0.0336), (0.0156, 0.00933333333, 0.0336), (0.0156, 0.014, 0.0336), (0.0207929823, -0.0139473674, 0.0336), (0.0208, -0.00933333333, 0.0336), (0.0208, -0.00466666667, 0.0336), (0.0208, 1.73472348e-18, 0.0336), (0.0208, 0.00466666667, 0.0336), (0.0208, 0.00933333333, 0.0336), (0.0207929823, 0.0139473674, 0.0336), (0.0242426407, -0.0122426407, 0.0336), (0.0258571224, -0.00930158275, 0.0336), (0.026, -0.00466666667, 0.0336), (0.026, 1.73472348e-18, 0.0336), (0.026, 0.00466666667, 0.0336), (0.0258571224, 0.00930158275, 0.0336), (0.0242426407, 0.0122426407, 0.0336), (-0.0241502868, -0.0121502868, 0.037245086), (-0.0256210369, -0.00924911931, 0.0376863111), (-0.0257469577, -0.00466666667, 0.0377240873), (-0.0257469577, 1.73472348e-18, 0.0377240873), (-0.0257469577, 0.00466666667, 0.0377240873), (-0.0256210369, 0.00924911931, 0.0376863111), (-0.0241502868, 0.0121502868, 0.037245086), (-0.0207600876, -0.0137006572, 0.0377101972), (-0.0208, -0.00933333333, 0.0378), (-0.0208, -0.00466666667, 0.0378), (-0.0208, 1.73472348e-18, 0.0378), (-0.0208, 0.00466666667, 0.0378), (-0.0208, 0.00933333333, 0.0378), (-0.0207600876, 0.0137006572, 0.0377101972), (-0.0156, -0.0137469577, 0.0377240873), (-0.0156, -0.00933333333, 0.0378), (-0.0156, -0.00466666667, 0.0378), (-0.0156, 1.73472348e-18, 0.0378), (-0.0156, 0.00466666667, 0.0378), (-0.0156, 0.00933333333, 0.0378), (-0.0156, 0.0137469577, 0.0377240873), (-0.0104, -0.0137469577, 0.0377240873), (-0.0104, -0.00933333333, 0.0378), (-0.0104, -0.00466666667, 0.0378), (-0.0104, 1.73472348e-18, 0.0378), (-0.0104, 0.00466666667, 0.0378), (-0.0104, 0.00933333333, 0.0378), (-0.0104, 0.0137469577, 0.0377240873), (-0.0052, -0.0137469577, 0.0377240873), (-0.0052, -0.00933333333, 0.0378), (-0.0052, -0.00466666667, 0.0378), (-0.0052, 1.73472348e-18, 0.0378), (-0.0052, 0.00466666667, 0.0378), (-0.0052, 0.00933333333, 0.0378), (-0.0052, 0.0137469577, 0.0377240873), (0, -0.0137469577, 0.0377240873), (0, -0.00933333333, 0.0378), (0, -0.00466666667, 0.0378), (0, 1.73472348e-18, 0.0378), (0, 0.00466666667, 0.0378), (0, 0.00933333333, 0.0378), (0, 0.0137469577, 0.0377240873), (0.0052, -0.0137469577, 0.0377240873), (0.0052, -0.00933333333, 0.0378), (0.0052, -0.00466666667, 0.0378), (0.0052, 1.73472348e-18, 0.0378), (0.0052, 0.00466666667, 0.0378), (0.0052, 0.00933333333, 0.0378), (0.0052, 0.0137469577, 0.0377240873), (0.0104, -0.0137469577, 0.0377240873), (0.0104, -0.00933333333, 0.0378), (0.0104, -0.00466666667, 0.0378), (0.0104, 1.73472348e-18, 0.0378), (0.0104, 0.00466666667, 0.0378), (0.0104, 0.00933333333, 0.0378), (0.0104, 0.0137469577, 0.0377240873), (0.0156, -0.0137469577, 0.0377240873), (0.0156, -0.00933333333, 0.0378), (0.0156, -0.00466666667, 0.0378), (0.0156, 1.73472348e-18, 0.0378), (0.0156, 0.00466666667, 0.0378), (0.0156, 0.00933333333, 0.0378), (0.0156, 0.0137469577, 0.0377240873), (0.0207600876, -0.0137006572, 0.0377101972), (0.0208, -0.00933333333, 0.0378), (0.0208, -0.00466666667, 0.0378), (0.0208, 1.73472348e-18, 0.0378), (0.0208, 0.00466666667, 0.0378), (0.0208, 0.00933333333, 0.0378), (0.0207600876, 0.0137006572, 0.0377101972), (0.0241502868, -0.0121502868, 0.037245086), (0.0256210369, -0.00924911931, 0.0376863111), (0.0257469577, -0.00466666667, 0.0377240873), (0.0257469577, 1.73472348e-18, 0.0377240873), (0.0257469577, 0.00466666667, 0.0377240873), (0.0256210369, 0.00924911931, 0.0376863111), (0.0241502868, 0.0121502868, 0.037245086), (-0.0234641016, -0.0114641016, 0.0394641016), (-0.0241912128, -0.00893138063, 0.0401912128), (-0.0242426407, -0.00466666667, 0.0402426407), (-0.0242426407, 1.73472348e-18, 0.0402426407), (-0.0242426407, 0.00466666667, 0.0402426407), (-0.0241912128, 0.00893138063, 0.0401912128), (-0.0234641016, 0.0114641016, 0.0394641016), (-0.0205631879, -0.0122239093, 0.0402239093), (-0.0207744174, -0.00929069571, 0.0418081307), (-0.0207929823, -0.00466666667, 0.0419473674), (-0.0207929823, 1.73472348e-18, 0.0419473674), (-0.0207929823, 0.00466666667, 0.0419473674), (-0.0207744174, 0.00929069571, 0.0418081307), (-0.0205631879, 0.0122239093, 0.0402239093), (-0.0156, -0.0122426407, 0.0402426407), (-0.0156, -0.00930158275, 0.0418571224), (-0.0156, -0.00466666667, 0.042), (-0.0156, 1.73472348e-18, 0.042), (-0.0156, 0.00466666667, 0.042), (-0.0156, 0.00930158275, 0.0418571224), (-0.0156, 0.0122426407, 0.0402426407), (-0.0104, -0.0122426407, 0.0402426407), (-0.0104, -0.00930158275, 0.0418571224), (-0.0104, -0.00466666667, 0.042), (-0.0104, 1.73472348e-18, 0.042), (-0.0104, 0.00466666667, 0.042), (-0.0104, 0.00930158275, 0.0418571224), (-0.0104, 0.0122426407, 0.0402426407), (-0.0052, -0.0122426407, 0.0402426407), (-0.0052, -0.00930158275, 0.0418571224), (-0.0052, -0.00466666667, 0.042), (-0.0052, 1.73472348e-18, 0.042), (-0.0052, 0.00466666667, 0.042), (-0.0052, 0.00930158275, 0.0418571224), (-0.0052, 0.0122426407, 0.0402426407), (0, -0.0122426407, 0.0402426407), (0, -0.00930158275, 0.0418571224), (0, -0.00466666667, 0.042), (0, 1.73472348e-18, 0.042), (0, 0.00466666667, 0.042), (0, 0.00930158275, 0.0418571224), (0, 0.0122426407, 0.0402426407), (0.0052, -0.0122426407, 0.0402426407), (0.0052, -0.00930158275, 0.0418571224), (0.0052, -0.00466666667, 0.042), (0.0052, 1.73472348e-18, 0.042), (0.0052, 0.00466666667, 0.042), (0.0052, 0.00930158275, 0.0418571224), (0.0052, 0.0122426407, 0.0402426407), (0.0104, -0.0122426407, 0.0402426407), (0.0104, -0.00930158275, 0.0418571224), (0.0104, -0.00466666667, 0.042), (0.0104, 1.73472348e-18, 0.042), (0.0104, 0.00466666667, 0.042), (0.0104, 0.00930158275, 0.0418571224), (0.0104, 0.0122426407, 0.0402426407), (0.0156, -0.0122426407, 0.0402426407), (0.0156, -0.00930158275, 0.0418571224), (0.0156, -0.00466666667, 0.042), (0.0156, 1.73472348e-18, 0.042), (0.0156, 0.00466666667, 0.042), (0.0156, 0.00930158275, 0.0418571224), (0.0156, 0.0122426407, 0.0402426407), (0.0205631879, -0.0122239093, 0.0402239093), (0.0207744174, -0.00929069571, 0.0418081307), (0.0207929823, -0.00466666667, 0.0419473674), (0.0207929823, 1.73472348e-18, 0.0419473674), (0.0207929823, 0.00466666667, 0.0419473674), (0.0207744174, 0.00929069571, 0.0418081307), (0.0205631879, 0.0122239093, 0.0402239093), (0.0234641016, -0.0114641016, 0.0394641016), (0.0241912128, -0.00893138063, 0.0401912128), (0.0242426407, -0.00466666667, 0.0402426407), (0.0242426407, 1.73472348e-18, 0.0402426407), (0.0242426407, 0.00466666667, 0.0402426407), (0.0241912128, 0.00893138063, 0.0401912128), (0.0234641016, 0.0114641016, 0.0394641016)]
        int[] faceVertexCounts = [3, 3, 3, 3, 3, 3, 3, 3, 3, 3, 3, 3, 3, 3, 3, 3, 3, 3, 3, 3, 3, 3, 3, 3, 3, 3, 3, 3, 3, 3, 3, 3, 3, 3, 3, 3, 3, 3, 3, 3, 3, 3, 3, 3, 3, 3, 3, 3, 3, 3, 3, 3, 3, 3, 3, 3, 3, 3, 3, 3, 3, 3, 3, 3, 3, 3, 3, 3, 3, 3, 3, 3, 3, 3, 3, 3, 3, 3, 3, 3, 3, 3, 3, 3, 3, 3, 3, 3, 3, 3, 3, 3, 3, 3, 3, 3, 3, 3, 3, 3, 3, 3, 3, 3, 3, 3, 3, 3, 3, 3, 3, 3, 3, 3, 3, 3, 3, 3, 3, 3, 3, 3, 3, 3, 3, 3, 3, 3, 3, 3, 3, 3, 3, 3, 3, 3, 3, 3, 3, 3, 3, 3, 3, 3, 3, 3, 3, 3, 3, 3, 3, 3, 3, 3, 3, 3, 3, 3, 3, 3, 3, 3, 3, 3, 3, 3, 3, 3, 3, 3, 3, 3, 3, 3, 3, 3, 3, 3, 3, 3, 3, 3, 3, 3, 3, 3, 3, 3, 3, 3, 3, 3, 3, 3, 3, 3, 3, 3, 3, 3, 3, 3, 3, 3, 3, 3, 3, 3, 3, 3, 3, 3, 3, 3, 3, 3, 3, 3, 3, 3, 3, 3, 3, 3, 3, 3, 3, 3, 3, 3, 3, 3, 3, 3, 3, 3, 3, 3, 3, 3, 3, 3, 3, 3, 3, 3, 3, 3, 3, 3, 3, 3, 3, 3, 3, 3, 3, 3, 3, 3, 3, 3, 3, 3, 3, 3, 3, 3, 3, 3, 3, 3, 3, 3, 3, 3, 3, 3, 3, 3, 3, 3, 3, 3, 3, 3, 3, 3, 3, 3, 3, 3, 3, 3, 3, 3, 3, 3, 3, 3, 3, 3, 3, 3, 3, 3, 3, 3, 3, 3, 3, 3, 3, 3, 3, 3, 3, 3, 3, 3, 3, 3, 3, 3, 3, 3, 3, 3, 3, 3, 3, 3, 3, 3, 3, 3, 3, 3, 3, 3, 3, 3, 3, 3, 3, 3, 3, 3, 3, 3, 3, 3, 3, 3, 3, 3, 3, 3, 3, 3, 3, 3, 3, 3, 3, 3, 3, 3, 3, 3, 3, 3, 3, 3, 3, 3, 3, 3, 3, 3, 3, 3, 3, 3, 3, 3, 3, 3, 3, 3, 3, 3, 3, 3, 3, 3, 3, 3, 3, 3, 3, 3, 3, 3, 3, 3, 3, 3, 3, 3, 3, 3, 3, 3, 3, 3, 3, 3, 3, 3, 3, 3, 3, 3, 3, 3, 3, 3, 3, 3, 3, 3, 3, 3, 3, 3, 3, 3, 3, 3, 3, 3, 3, 3, 3, 3, 3, 3, 3, 3, 3, 3, 3, 3, 3, 3, 3, 3, 3, 3, 3, 3, 3, 3, 3, 3, 3, 3, 3, 3, 3, 3, 3, 3, 3, 3, 3, 3, 3, 3, 3, 3, 3, 3, 3, 3, 3, 3, 3, 3, 3, 3, 3, 3, 3, 3, 3, 3, 3, 3, 3, 3, 3, 3, 3, 3, 3, 3, 3, 3, 3, 3, 3, 3, 3, 3, 3, 3, 3, 3, 3, 3, 3, 3, 3, 3, 3, 3, 3, 3, 3, 3, 3, 3, 3, 3, 3, 3, 3, 3, 3, 3, 3, 3, 3, 3, 3, 3, 3, 3, 3, 3, 3, 3, 3, 3, 3, 3, 3, 3, 3, 3, 3, 3, 3, 3, 3, 3, 3, 3, 3, 3, 3, 3, 3, 3, 3, 3, 3, 3, 3, 3, 3, 3, 3, 3, 3, 3, 3, 3, 3, 3, 3, 3, 3, 3, 3, 3, 3, 3, 3, 3, 3, 3, 3, 3, 3, 3, 3, 3, 3, 3, 3, 3, 3, 3, 3, 3, 3, 3, 3, 3, 3, 3, 3, 3, 3, 3, 3, 3, 3, 3, 3, 3, 3, 3, 3, 3, 3, 3, 3, 3, 3, 3, 3, 3, 3, 3, 3, 3, 3, 3, 3, 3, 3, 3, 3, 3, 3, 3, 3, 3, 3, 3, 3, 3, 3, 3, 3, 3, 3, 3, 3, 3, 3, 3, 3, 3, 3, 3, 3, 3, 3, 3, 3, 3, 3, 3, 3, 3, 3, 3, 3, 3, 3, 3, 3, 3, 3, 3, 3, 3, 3, 3, 3, 3, 3, 3, 3, 3, 3, 3, 3, 3, 3, 3, 3, 3, 3, 3, 3, 3, 3, 3, 3, 3, 3, 3, 3, 3, 3, 3, 3, 3, 3, 3, 3, 3, 3, 3, 3, 3, 3, 3, 3, 3, 3, 3, 3, 3, 3, 3, 3, 3, 3, 3, 3, 3, 3, 3, 3, 3, 3, 3, 3, 3, 3, 3, 3, 3, 3, 3, 3, 3, 3, 3, 3, 3, 3, 3, 3, 3, 3, 3, 3, 3, 3, 3, 3, 3, 3, 3, 3, 3, 3, 3, 3, 3, 3, 3, 3, 3, 3, 3, 3, 3, 3, 3, 3, 3, 3, 3, 3, 3, 3, 3, 3, 3, 3, 3, 3, 3, 3, 3, 3, 3, 3, 3, 3, 3, 3, 3, 3, 3, 3, 3, 3, 3, 3, 3, 3, 3, 3, 3, 3, 3, 3, 3, 3, 3, 3, 3, 3, 3, 3, 3, 3, 3, 3, 3, 3, 3, 3, 3, 3, 3, 3, 3, 3, 3, 3, 3, 3, 3, 3, 3, 3, 3, 3, 3]
        int[] faceVertexIndices = [0, 1, 8, 0, 78, 1, 0, 8, 7, 0, 7, 84, 0, 77, 78, 0, 84, 77, 1, 2, 9, 1, 79, 2, 1, 9, 8, 1, 78, 79, 2, 3, 10, 2, 80, 3, 2, 10, 9, 2, 79, 80, 3, 4, 11, 3, 81, 4, 3, 11, 10, 3, 80, 81, 4, 5, 12, 4, 82, 5, 4, 12, 11, 4, 81, 82, 5, 6, 13, 5, 83, 6, 5, 13, 12, 5, 82, 83, 13, 6, 90, 6, 83, 90, 7, 8, 15, 7, 15, 14, 7, 14, 91, 7, 91, 84, 8, 9, 16, 8, 16, 15, 9, 10, 17, 9, 17, 16, 10, 11, 18, 10, 18, 17, 11, 12, 19, 11, 19, 18, 12, 13, 20, 12, 20, 19, 20, 13, 97, 13, 90, 97, 14, 15, 22, 14, 22, 21, 14, 21, 98, 14, 98, 91, 15, 16, 23, 15, 23, 22, 16, 17, 24, 16, 24, 23, 17, 18, 25, 17, 25, 24, 18, 19, 26, 18, 26, 25, 19, 20, 27, 19, 27, 26, 27, 20, 104, 20, 97, 104, 21, 22, 29, 21, 29, 28, 21, 28, 105, 21, 105, 98, 22, 23, 30, 22, 30, 29, 23, 24, 31, 23, 31, 30, 24, 25, 32, 24, 32, 31, 25, 26, 33, 25, 33, 32, 26, 27, 34, 26, 34, 33, 34, 27, 111, 27, 104, 111, 28, 29, 36, 28, 36, 35, 28, 35, 112, 28, 112, 105, 29, 30, 37, 29, 37, 36, 30, 31, 38, 30, 38, 37, 31, 32, 39, 31, 39, 38, 32, 33, 40, 32, 40, 39, 33, 34, 41, 33, 41, 40, 41, 34, 118, 34, 111, 118, 35, 36, 43, 35, 43, 42, 35, 42, 119, 35, 119, 112, 36, 37, 44, 36, 44, 43, 37, 38, 45, 37, 45, 44, 38, 39, 46, 38, 46, 45, 39, 40, 47, 39, 47, 46, 40, 41, 48, 40, 48, 47, 48, 41, 125, 41, 118, 125, 42, 43, 50, 42, 50, 49, 42, 49, 126, 42, 126, 119, 43, 44, 51, 43, 51, 50, 44, 45, 52, 44, 52, 51, 45, 46, 53, 45, 53, 52, 46, 47, 54, 46, 54, 53, 47, 48, 55, 47, 55, 54, 55, 48, 132, 48, 125, 132, 49, 50, 57, 49, 57, 56, 49, 56, 133, 49, 133, 126, 50, 51, 58, 50, 58, 57, 51, 52, 59, 51, 59, 58, 52, 53, 60, 52, 60, 59, 53, 54, 61, 53, 61, 60, 54, 55, 62, 54, 62, 61, 62, 55, 139, 55, 132, 139, 56, 57, 64, 56, 64, 63, 56, 63, 140, 56, 140, 133, 57, 58, 65, 57, 65, 64, 58, 59, 66, 58, 66, 65, 59, 60, 67, 59, 67, 66, 60, 61, 68, 60, 68, 67, 61, 62, 69, 61, 69, 68, 69, 62, 146, 62, 139, 146, 63, 64, 71, 63, 71, 70, 63, 70, 147, 63, 147, 140, 64, 65, 72, 64, 72, 71, 65, 66, 73, 65, 73, 72, 66, 67, 74, 66, 74, 73, 67, 68, 75, 67, 75, 74, 68, 69, 76, 68, 76, 75, 76, 69, 153, 69, 146, 153, 70, 71, 148, 147, 70, 148, 71, 72, 149, 148, 71, 149, 72, 73, 150, 149, 72, 150, 73, 74, 151, 150, 73, 151, 74, 75, 152, 151, 74, 152, 75, 76, 153, 152, 75, 153, 77, 155, 78, 77, 84, 161, 77, 154, 155, 77, 161, 154, 78, 156, 79, 78, 155, 156, 79, 157, 80, 79, 156, 157, 80, 158, 81, 80, 157, 158, 81, 159, 82, 81, 158, 159, 82, 160, 83, 82, 159, 160, 90, 83, 167, 83, 160, 167, 84, 91, 168, 84, 168, 161, 97, 90, 174, 90, 167, 174, 91, 98, 175, 91, 175, 168, 104, 97, 181, 97, 174, 181, 98, 105, 182, 98, 182, 175, 111, 104, 188, 104, 181, 188, 105, 112, 189, 105, 189, 182, 118, 111, 195, 111, 188, 195, 112, 119, 196, 112, 196, 189, 125, 118, 202, 118, 195, 202, 119, 126, 203, 119, 203, 196, 132, 125, 209, 125, 202, 209, 126, 133, 210, 126, 210, 203, 139, 132, 216, 132, 209, 216, 133, 140, 217, 133, 217, 210, 146, 139, 223, 139, 216, 223, 140, 147, 224, 140, 224, 217, 153, 146, 230, 146, 223, 230, 147, 148, 225, 224, 147, 225, 148, 149, 226, 225, 148, 226, 149, 150, 227, 226, 149, 227, 150, 151, 228, 227, 150, 228, 151, 152, 229, 228, 151, 229, 152, 153, 230, 229, 152, 230, 154, 232, 155, 154, 161, 238, 154, 231, 232, 154, 238, 231, 155, 233, 156, 155, 232, 233, 156, 234, 157, 156, 233, 234, 157, 235, 158, 157, 234, 235, 158, 236, 159, 158, 235, 236, 159, 237, 160, 159, 236, 237, 167, 160, 244, 160, 237, 244, 161, 168, 245, 161, 245, 238, 174, 167, 251, 167, 244, 251, 168, 175, 252, 168, 252, 245, 181, 174, 258, 174, 251, 258, 175, 182, 259, 175, 259, 252, 188, 181, 265, 181, 258, 265, 182, 189, 266, 182, 266, 259, 195, 188, 272, 188, 265, 272, 189, 196, 273, 189, 273, 266, 202, 195, 279, 195, 272, 279, 196, 203, 280, 196, 280, 273, 209, 202, 286, 202, 279, 286, 203, 210, 287, 203, 287, 280, 216, 209, 293, 209, 286, 293, 210, 217, 294, 210, 294, 287, 223, 216, 300, 216, 293, 300, 217, 224, 301, 217, 301, 294, 230, 223, 307, 223, 300, 307, 224, 225, 302, 301, 224, 302, 225, 226, 303, 302, 225, 303, 226, 227, 304, 303, 226, 304, 227, 228, 305, 304, 227, 305, 228, 229, 306, 305, 228, 306, 229, 230, 307, 306, 229, 307, 231, 309, 232, 231, 238, 315, 231, 308, 309, 231, 315, 308, 232, 310, 233, 232, 309, 310, 233, 311, 234, 233, 310, 311, 234, 312, 235, 234, 311, 312, 235, 313, 236, 235, 312, 313, 236, 314, 237, 236, 313, 314, 244, 237, 321, 237, 314, 321, 238, 245, 322, 238, 322, 315, 251, 244, 328, 244, 321, 328, 245, 252, 329, 245, 329, 322, 258, 251, 335, 251, 328, 335, 252, 259, 336, 252, 336, 329, 265, 258, 342, 258, 335, 342, 259, 266, 343, 259, 343, 336, 272, 265, 349, 265, 342, 349, 266, 273, 350, 266, 350, 343, 279, 272, 356, 272, 349, 356, 273, 280, 357, 273, 357, 350, 286, 279, 363, 279, 356, 363, 280, 287, 364, 280, 364, 357, 293, 286, 370, 286, 363, 370, 287, 294, 371, 287, 371, 364, 300, 293, 377, 293, 370, 377, 294, 301, 378, 294, 378, 371, 307, 300, 384, 300, 377, 384, 301, 302, 379, 378, 301, 379, 302, 303, 380, 379, 302, 380, 303, 304, 381, 380, 303, 381, 304, 305, 382, 381, 304, 382, 305, 306, 383, 382, 305, 383, 306, 307, 384, 383, 306, 384, 308, 386, 309, 308, 315, 392, 308, 385, 386, 308, 392, 385, 309, 387, 310, 309, 386, 387, 310, 388, 311, 310, 387, 388, 311, 389, 312, 311, 388, 389, 312, 390, 313, 312, 389, 390, 313, 391, 314, 313, 390, 391, 321, 314, 398, 314, 391, 398, 315, 322, 399, 315, 399, 392, 328, 321, 405, 321, 398, 405, 322, 329, 406, 322, 406, 399, 335, 328, 412, 328, 405, 412, 329, 336, 413, 329, 413, 406, 342, 335, 419, 335, 412, 419, 336, 343, 420, 336, 420, 413, 349, 342, 426, 342, 419, 426, 343, 350, 427, 343, 427, 420, 356, 349, 433, 349, 426, 433, 350, 357, 434, 350, 434, 427, 363, 356, 440, 356, 433, 440, 357, 364, 441, 357, 441, 434, 370, 363, 447, 363, 440, 447, 364, 371, 448, 364, 448, 441, 377, 370, 454, 370, 447, 454, 371, 378, 455, 371, 455, 448, 384, 377, 461, 377, 454, 461, 378, 379, 456, 455, 378, 456, 379, 380, 457, 456, 379, 457, 380, 381, 458, 457, 380, 458, 381, 382, 459, 458, 381, 459, 382, 383, 460, 459, 382, 460, 383, 384, 461, 460, 383, 461, 385, 463, 386, 385, 392, 469, 385, 462, 463, 385, 469, 462, 386, 464, 387, 386, 463, 464, 387, 465, 388, 387, 464, 465, 388, 466, 389, 388, 465, 466, 389, 467, 390, 389, 466, 467, 390, 468, 391, 390, 467, 468, 398, 391, 475, 391, 468, 475, 392, 399, 476, 392, 476, 469, 405, 398, 482, 398, 475, 482, 399, 406, 483, 399, 483, 476, 412, 405, 489, 405, 482, 489, 406, 413, 490, 406, 490, 483, 419, 412, 496, 412, 489, 496, 413, 420, 497, 413, 497, 490, 426, 419, 503, 419, 496, 503, 420, 427, 504, 420, 504, 497, 433, 426, 510, 426, 503, 510, 427, 434, 511, 427, 511, 504, 440, 433, 517, 433, 510, 517, 434, 441, 518, 434, 518, 511, 447, 440, 524, 440, 517, 524, 441, 448, 525, 441, 525, 518, 454, 447, 531, 447, 524, 531, 448, 455, 532, 448, 532, 525, 461, 454, 538, 454, 531, 538, 455, 456, 533, 532, 455, 533, 456, 457, 534, 533, 456, 534, 457, 458, 535, 534, 457, 535, 458, 459, 536, 535, 458, 536, 459, 460, 537, 536, 459, 537, 460, 461, 538, 537, 460, 538, 462, 540, 463, 462, 469, 546, 462, 539, 540, 462, 546, 539, 463, 541, 464, 463, 540, 541, 464, 542, 465, 464, 541, 542, 465, 543, 466, 465, 542, 543, 466, 544, 467, 466, 543, 544, 467, 545, 468, 467, 544, 545, 475, 468, 552, 468, 545, 552, 469, 476, 553, 469, 553, 546, 482, 475, 559, 475, 552, 559, 476, 483, 560, 476, 560, 553, 489, 482, 566, 482, 559, 566, 483, 490, 567, 483, 567, 560, 496, 489, 573, 489, 566, 573, 490, 497, 574, 490, 574, 567, 503, 496, 580, 496, 573, 580, 497, 504, 581, 497, 581, 574, 510, 503, 587, 503, 580, 587, 504, 511, 588, 504, 588, 581, 517, 510, 594, 510, 587, 594, 511, 518, 595, 511, 595, 588, 524, 517, 601, 517, 594, 601, 518, 525, 602, 518, 602, 595, 531, 524, 608, 524, 601, 608, 525, 532, 609, 525, 609, 602, 538, 531, 615, 531, 608, 615, 532, 533, 610, 609, 532, 610, 533, 534, 611, 610, 533, 611, 534, 535, 612, 611, 534, 612, 535, 536, 613, 612, 535, 613, 536, 537, 614, 613, 536, 614, 537, 538, 615, 614, 537, 615, 539, 617, 540, 539, 546, 623, 539, 616, 617, 539, 623, 616, 540, 618, 541, 540, 617, 618, 541, 619, 542, 541, 618, 619, 542, 620, 543, 542, 619, 620, 543, 621, 544, 543, 620, 621, 544, 622, 545, 544, 621, 622, 552, 545, 629, 545, 622, 629, 546, 553, 630, 546, 630, 623, 559, 552, 636, 552, 629, 636, 553, 560, 637, 553, 637, 630, 566, 559, 643, 559, 636, 643, 560, 567, 644, 560, 644, 637, 573, 566, 650, 566, 643, 650, 567, 574, 651, 567, 651, 644, 580, 573, 657, 573, 650, 657, 574, 581, 658, 574, 658, 651, 587, 580, 664, 580, 657, 664, 581, 588, 665, 581, 665, 658, 594, 587, 671, 587, 664, 671, 588, 595, 672, 588, 672, 665, 601, 594, 678, 594, 671, 678, 595, 602, 679, 595, 679, 672, 608, 601, 685, 601, 678, 685, 602, 609, 686, 602, 686, 679, 615, 608, 692, 608, 685, 692, 609, 610, 687, 686, 609, 687, 610, 611, 688, 687, 610, 688, 611, 612, 689, 688, 611, 689, 612, 613, 690, 689, 612, 690, 613, 614, 691, 690, 613, 691, 614, 615, 692, 691, 614, 692, 616, 694, 617, 616, 623, 700, 616, 693, 694, 616, 700, 693, 617, 695, 618, 617, 694, 695, 618, 696, 619, 618, 695, 696, 619, 697, 620, 619, 696, 697, 620, 698, 621, 620, 697, 698, 621, 699, 622, 621, 698, 699, 629, 622, 706, 622, 699, 706, 623, 630, 707, 623, 707, 700, 636, 629, 713, 629, 706, 713, 630, 637, 714, 630, 714, 707, 643, 636, 720, 636, 713, 720, 637, 644, 721, 637, 721, 714, 650, 643, 727, 643, 720, 727, 644, 651, 728, 644, 728, 721, 657, 650, 734, 650, 727, 734, 651, 658, 735, 651, 735, 728, 664, 657, 741, 657, 734, 741, 658, 665, 742, 658, 742, 735, 671, 664, 748, 664, 741, 748, 665, 672, 749, 665, 749, 742, 678, 671, 755, 671, 748, 755, 672, 679, 756, 672, 756, 749, 685, 678, 762, 678, 755, 762, 679, 686, 763, 679, 763, 756, 692, 685, 769, 685, 762, 769, 686, 687, 764, 763, 686, 764, 687, 688, 765, 764, 687, 765, 688, 689, 766, 765, 688, 766, 689, 690, 767, 766, 689, 767, 690, 691, 768, 767, 690, 768, 691, 692, 769, 768, 691, 769, 693, 771, 694, 693, 700, 777, 693, 770, 771, 693, 777, 770, 694, 772, 695, 694, 771, 772, 695, 773, 696, 695, 772, 773, 696, 774, 697, 696, 773, 774, 697, 775, 698, 697, 774, 775, 698, 776, 699, 698, 775, 776, 706, 699, 783, 699, 776, 783, 700, 707, 784, 700, 784, 777, 713, 706, 790, 706, 783, 790, 707, 714, 791, 707, 791, 784, 720, 713, 797, 713, 790, 797, 714, 721, 798, 714, 798, 791, 727, 720, 804, 720, 797, 804, 721, 728, 805, 721, 805, 798, 734, 727, 811, 727, 804, 811, 728, 735, 812, 728, 812, 805, 741, 734, 818, 734, 811, 818, 735, 742, 819, 735, 819, 812, 748, 741, 825, 741, 818, 825, 742, 749, 826, 742, 826, 819, 755, 748, 832, 748, 825, 832, 749, 756, 833, 749, 833, 826, 762, 755, 839, 755, 832, 839, 756, 763, 840, 756, 840, 833, 769, 762, 846, 762, 839, 846, 763, 764, 841, 840, 763, 841, 764, 765, 842, 841, 764, 842, 765, 766, 843, 842, 765, 843, 766, 767, 844, 843, 766, 844, 767, 768, 845, 844, 767, 845, 768, 769, 846, 845, 768, 846, 771, 770, 778, 770, 777, 778, 772, 771, 779, 771, 778, 779, 773, 772, 780, 772, 779, 780, 774, 773, 781, 773, 780, 781, 775, 774, 782, 774, 781, 782, 776, 775, 783, 775, 782, 783, 778, 777, 785, 777, 784, 785, 779, 778, 786, 778, 785, 786, 780, 779, 787, 779, 786, 787, 781, 780, 788, 780, 787, 788, 782, 781, 789, 781, 788, 789, 783, 782, 790, 782, 789, 790, 785, 784, 792, 784, 791, 792, 786, 785, 793, 785, 792, 793, 787, 786, 794, 786, 793, 794, 788, 787, 795, 787, 794, 795, 789, 788, 796, 788, 795, 796, 790, 789, 797, 789, 796, 797, 792, 791, 799, 791, 798, 799, 793, 792, 800, 792, 799, 800, 794, 793, 801, 793, 800, 801, 795, 794, 802, 794, 801, 802, 796, 795, 803, 795, 802, 803, 797, 796, 804, 796, 803, 804, 799, 798, 806, 798, 805, 806, 800, 799, 807, 799, 806, 807, 801, 800, 808, 800, 807, 808, 802, 801, 809, 801, 808, 809, 803, 802, 810, 802, 809, 810, 804, 803, 811, 803, 810, 811, 806, 805, 813, 805, 812, 813, 807, 806, 814, 806, 813, 814, 808, 807, 815, 807, 814, 815, 809, 808, 816, 808, 815, 816, 810, 809, 817, 809, 816, 817, 811, 810, 818, 810, 817, 818, 813, 812, 820, 812, 819, 820, 814, 813, 821, 813, 820, 821, 815, 814, 822, 814, 821, 822, 816, 815, 823, 815, 822, 823, 817, 816, 824, 816, 823, 824, 818, 817, 825, 817, 824, 825, 820, 819, 827, 819, 826, 827, 821, 820, 828, 820, 827, 828, 822, 821, 829, 821, 828, 829, 823, 822, 830, 822, 829, 830, 824, 823, 831, 823, 830, 831, 825, 824, 832, 824, 831, 832, 827, 826, 834, 826, 833, 834, 828, 827, 835, 827, 834, 835, 829, 828, 836, 828, 835, 836, 830, 829, 837, 829, 836, 837, 831, 830, 838, 830, 837, 838, 832, 831, 839, 831, 838, 839, 834, 833, 841, 833, 840, 841, 835, 834, 842, 834, 841, 842, 836, 835, 843, 835, 842, 843, 837, 836, 844, 836, 843, 844, 838, 837, 845, 837, 844, 845, 839, 838, 846, 838, 845, 846]
        normal3f[] normals = [(-0.555407406, -0.578931886, -0.596959366), (-0.667342061, -0.186225839, -0.721092581), (-0.678485485, -0.00850629417, -0.734564558), (-0.678465525, 0, -0.734632243), (-0.67840057, 0.012237842, -0.734590296), (-0.664141863, 0.207112858, -0.718345216), (-0.570652958, 0.548398178, -0.611240247), (-0.168663852, -0.684397732, -0.709332256), (-0.213805594, -0.2481825, -0.944824118), (-0.230596065, -0.0133517219, -0.972957957), (-0.232410112, 0, -0.97261788), (-0.232094298, 0.015153628, -0.972575243), (-0.226040243, 0.257596809, -0.93944116), (-0.18050508, 0.675111858, -0.715291476), (-0.00266701088, -0.69412658, -0.719848024), (-0.00417100209, -0.262684382, -0.964872799), (-0.00498602297, -0.0153285803, -0.999870079), (-0.00506747041, 0, -0.99998716), (-0.00506661724, 0.0154067326, -0.999868472), (-0.00492333027, 0.263172743, -0.964736165), (-0.00335579755, 0.693699773, -0.720256457), (0, -0.694123227, -0.719856198), (0, -0.263284339, -0.964718279), (0, -0.015407696, -0.999881294), (0, 0, -1), (0, 0.015407696, -0.999881294), (0, 0.263284339, -0.964718279), (0, 0.694123227, -0.719856198), (0, -0.694123227, -0.719856198), (0, -0.263284339, -0.964718279), (0, -0.015407696, -0.999881294), (0, 0, -1), (0, 0.015407696, -0.999881294), (0, 0.263284339, -0.964718279), (0, 0.694123227, -0.719856198), (0, -0.694123227, -0.719856198), (0, -0.263284339, -0.964718279), (0, -0.015407696, -0.999881294), (0, 0, -1), (0, 0.015407696, -0.999881294), (0, 0.263284339, -0.964718279), (0, 0.694123227, -0.719856198), (0, -0.694123227, -0.719856198), (0, -0.263284339, -0.964718279), (0, -0.015407696, -0.999881294), (0, 0, -1), (0, 0.015407696, -0.999881294), (0, 0.263284339, -0.964718279), (0, 0.694123227, -0.719856198), (0, -0.694123227, -0.719856198), (0, -0.263284339, -0.964718279), (0, -0.015407696, -0.999881294), (0, 0, -1), (0, 0.015407696, -0.999881294), (0, 0.263284339, -0.964718279), (0, 0.694123227, -0.719856198), (0.00403640645, -0.694104828, -0.719862622), (0.00492333027, -0.263172743, -0.964736165), (0.00506661724, -0.0154067326, -0.999868472), (0.00506747041, 0, -0.99998716), (0.00498602297, 0.0153285803, -0.999870079), (0.00417100209, 0.262684382, -0.964872799), (0.00334740187, 0.69453173, -0.719454287), (0.192636426, -0.681080214, -0.706414149), (0.226040243, -0.257596809, -0.93944116), (0.232094298, -0.015153628, -0.972575243), (0.232410112, 0, -0.97261788), (0.230596065, 0.0133517219, -0.972957957), (0.213805594, 0.2481825, -0.944824118), (0.180671542, 0.69040786, -0.700496096), (0.523097194, -0.59335213, -0.611802726), (0.657130157, -0.196247204, -0.727782242), (0.677245516, -0.0103520888, -0.73568427), (0.678465525, 0, -0.734632243), (0.679641113, 0.0103901807, -0.733471201), (0.674357607, 0.196954052, -0.711653652), (0.570505202, 0.59256413, -0.568675273), (-0.677302304, -0.705996636, -0.20695492), (-0.929801526, -0.241361186, -0.277873893), (-0.955771189, -0.0125177652, -0.293844755), (-0.955379652, 0, -0.295380637), (-0.955389838, 0.014700048, -0.294981638), (-0.923298541, 0.254401322, -0.287749496), (-0.685677892, 0.695240709, -0.215606553), (-0.210578658, -0.936260144, -0.281200235), (0, 0, 0), (0, 0, 0), (0, 0, 0), (0, 0, 0), (0, 0, 0), (-0.210578658, 0.936260144, -0.281200235), (-0.00401624032, -0.955539214, -0.294836701), (0, 0, 0), (0, 0, 0), (0, 0, 0), (0, 0, 0), (0, 0, 0), (-0.00401624032, 0.955539214, -0.294836701), (0, -0.955379652, -0.295380637), (0, 0, 0), (0, 0, 0), (0, 0, 0), (0, 0, 0), (0, 0, 0), (0, 0.955379652, -0.295380637), (0, -0.955379652, -0.295380637), (0, 0, 0), (0, 0, 0), (0, 0, 0), (0, 0, 0), (0, 0, 0), (0, 0.955379652, -0.295380637), (0, -0.955379652, -0.295380637), (0, 0, 0), (0, 0, 0), (0, 0, 0), (0, 0, 0), (0, 0, 0), (0, 0.955379652, -0.295380637), (0, -0.955379652, -0.295380637), (0, 0, 0), (0, 0, 0), (0, 0, 0), (0, 0, 0), (0, 0, 0), (0, 0.955379652, -0.295380637), (0, -0.955379652, -0.295380637), (0, 0, 0), (0, 0, 0), (0, 0, 0), (0, 0, 0), (0, 0, 0), (0, 0.955379652, -0.295380637), (0.00482688592, -0.955409705, -0.295243962), (0, 0, 0), (0, 0, 0), (0, 0, 0), (0, 0, 0), (0, 0, 0), (0.00482688592, 0.955409705, -0.295243962), (0.224486626, -0.930559769, -0.289247768), (0, 0, 0), (0, 0, 0), (0, 0, 0), (0, 0, 0), (0, 0, 0), (0.224486626, 0.930559769, -0.289247768), (0.666250385, -0.714015325, -0.215157013), (0.929801526, -0.241361186, -0.277873893), (0.955771189, -0.0125177652, -0.293844755), (0.955379652, 0, -0.295380637), (0.955389838, 0.014700048, -0.294981638), (0.923298541, 0.254401322, -0.287749496), (0.674676897, 0.703316354, -0.223958011), (-0.691662886, -0.72200008, -0.0178420002), (-0.965184161, -0.260239575, -0.0263609398), (-0.999429391, -0.0150168701, -0.0302553484), (-0.999530627, 0, -0.0306353746), (-0.999412441, 0.0153958548, -0.0306225572), (-0.964443454, 0.262607256, -0.0297700026), (-0.69375496, 0.719899669, -0.0211783583), (-0.229146048, -0.973015646, -0.0270673363), (0, 0, 0), (0, 0, 0), (0, 0, 0), (0, 0, 0), (0, 0, 0), (-0.229146048, 0.973015646, -0.0270673363), (-0.00492248337, -0.999522694, -0.0304984053), (0, 0, 0), (0, 0, 0), (0, 0, 0), (0, 0, 0), (0, 0, 0), (-0.00492248337, 0.999522694, -0.0304984053), (0, -0.999530627, -0.0306353746), (0, 0, 0), (0, 0, 0), (0, 0, 0), (0, 0, 0), (0, 0, 0), (0, 0.999530627, -0.0306353746), (0, -0.999530627, -0.0306353746), (0, 0, 0), (0, 0, 0), (0, 0, 0), (0, 0, 0), (0, 0, 0), (0, 0.999530627, -0.0306353746), (0, -0.999530627, -0.0306353746), (0, 0, 0), (0, 0, 0), (0, 0, 0), (0, 0, 0), (0, 0, 0), (0, 0.999530627, -0.0306353746), (0, -0.999530627, -0.0306353746), (0, 0, 0), (0, 0, 0), (0, 0, 0), (0, 0, 0), (0, 0, 0), (0, 0.999530627, -0.0306353746), (0, -0.999530627, -0.0306353746), (0, 0, 0), (0, 0, 0), (0, 0, 0), (0, 0, 0), (0, 0, 0), (0, 0.999530627, -0.0306353746), (0.00506459273, -0.9995179, -0.0306319567), (0, 0, 0), (0, 0, 0), (0, 0, 0), (0, 0, 0), (0, 0, 0), (0.00506459273, 0.9995179, -0.0306319567), (0.231751678, -0.972309435, -0.0300919018), (0, 0, 0), (0, 0, 0), (0, 0, 0), (0, 0, 0), (0, 0, 0), (0.231751678, 0.972309435, -0.0300919018), (0.689467848, -0.724009761, -0.0210701919), (0.965184161, -0.260239575, -0.0263609398), (0.999429391, -0.0150168701, -0.0302553484), (0.999530627, 0, -0.0306353746), (0.999412441, 0.0153958548, -0.0306225572), (0.964443454, 0.262607256, -0.0297700026), (0.691558447, 0.721907827, -0.0244131604), (-0.691720535, -0.722165287, 0), (-0.964718279, -0.263284339, 0), (-0.999881294, -0.015407696, 0), (-1, 0, 0), (-0.999881294, 0.015407696, 0), (-0.964718279, 0.263284339, 0), (-0.691720535, 0.722165287, 0), (-0.232410112, -0.97261788, 0), (0, 0, 0), (0, 0, 0), (0, 0, 0), (0, 0, 0), (0, 0, 0), (-0.232410112, 0.97261788, 0), (-0.00506747041, -0.99998716, 0), (0, 0, 0), (0, 0, 0), (0, 0, 0), (0, 0, 0), (0, 0, 0), (-0.00506747041, 0.99998716, 0), (0, -1, 0), (0, 0, 0), (0, 0, 0), (0, 0, 0), (0, 0, 0), (0, 0, 0), (0, 1, 0), (0, -1, 0), (0, 0, 0), (0, 0, 0), (0, 0, 0), (0, 0, 0), (0, 0, 0), (0, 1, 0), (0, -1, 0), (0, 0, 0), (0, 0, 0), (0, 0, 0), (0, 0, 0), (0, 0, 0), (0, 1, 0), (0, -1, 0), (0, 0, 0), (0, 0, 0), (0, 0, 0), (0, 0, 0), (0, 0, 0), (0, 1, 0), (0, -1, 0), (0, 0, 0), (0, 0, 0), (0, 0, 0), (0, 0, 0), (0, 0, 0), (0, 1, 0), (0.00506747041, -0.99998716, 0), (0, 0, 0), (0, 0, 0), (0, 0, 0), (0, 0, 0), (0, 0, 0), (0.00506747041, 0.99998716, 0), (0.232410112, -0.97261788, 0), (0, 0, 0), (0, 0, 0), (0, 0, 0), (0, 0, 0), (0, 0, 0), (0.232410112, 0.97261788, 0), (0.691720535, -0.722165287, 0), (0.964718279, -0.263284339, 0), (0.999881294, -0.015407696, 0), (1, 0, 0), (0.999881294, 0.015407696, 0), (0.964718279, 0.263284339, 0), (0.691720535, 0.722165287, 0), (-0.691720535, -0.722165287, 0), (-0.964718279, -0.263284339, 0), (-0.999881294, -0.015407696, 0), (-1, 0, 0), (-0.999881294, 0.015407696, 0), (-0.964718279, 0.263284339, 0), (-0.691720535, 0.722165287, 0), (-0.232410112, -0.97261788, 0), (0, 0, 0), (0, 0, 0), (0, 0, 0), (0, 0, 0), (0, 0, 0), (-0.232410112, 0.97261788, 0), (-0.00506747041, -0.99998716, 0), (0, 0, 0), (0, 0, 0), (0, 0, 0), (0, 0, 0), (0, 0, 0), (-0.00506747041, 0.99998716, 0), (0, -1, 0), (0, 0, 0), (0, 0, 0), (0, 0, 0), (0, 0, 0), (0, 0, 0), (0, 1, 0), (0, -1, 0), (0, 0, 0), (0, 0, 0), (0, 0, 0), (0, 0, 0), (0, 0, 0), (0, 1, 0), (0, -1, 0), (0, 0, 0), (0, 0, 0), (0, 0, 0), (0, 0, 0), (0, 0, 0), (0, 1, 0), (0, -1, 0), (0, 0, 0), (0, 0, 0), (0, 0, 0), (0, 0, 0), (0, 0, 0), (0, 1, 0), (0, -1, 0), (0, 0, 0), (0, 0, 0), (0, 0, 0), (0, 0, 0), (0, 0, 0), (0, 1, 0), (0.00506747041, -0.99998716, 0), (0, 0, 0), (0, 0, 0), (0, 0, 0), (0, 0, 0), (0, 0, 0), (0.00506747041, 0.99998716, 0), (0.232410112, -0.97261788, 0), (0, 0, 0), (0, 0, 0), (0, 0, 0), (0, 0, 0), (0, 0, 0), (0.232410112, 0.97261788, 0), (0.691720535, -0.722165287, 0), (0.964718279, -0.263284339, 0), (0.999881294, -0.015407696, 0), (1, 0, 0), (0.999881294, 0.015407696, 0), (0.964718279, 0.263284339, 0), (0.691720535, 0.722165287, 0), (-0.691720535, -0.722165287, 0), (-0.964718279, -0.263284339, 0), (-0.999881294, -0.015407696, 0), (-1, 0, 0), (-0.999881294, 0.015407696, 0), (-0.964718279, 0.263284339, 0), (-0.691720535, 0.722165287, 0), (-0.232410112, -0.97261788, 0), (0, 0, 0), (0, 0, 0), (0, 0, 0), (0, 0, 0), (0, 0, 0), (-0.232410112, 0.97261788, 0), (-0.00506747041, -0.99998716, 0), (0, 0, 0), (0, 0, 0), (0, 0, 0), (0, 0, 0), (0, 0, 0), (-0.00506747041, 0.99998716, 0), (0, -1, 0), (0, 0, 0), (0, 0, 0), (0, 0, 0), (0, 0, 0), (0, 0, 0), (0, 1, 0), (0, -1, 0), (0, 0, 0), (0, 0, 0), (0, 0, 0), (0, 0, 0), (0, 0, 0), (0, 1, 0), (0, -1, 0), (0, 0, 0), (0, 0, 0), (0, 0, 0), (0, 0, 0), (0, 0, 0), (0, 1, 0), (0, -1, 0), (0, 0, 0), (0, 0, 0), (0, 0, 0), (0, 0, 0), (0, 0, 0), (0, 1, 0), (0, -1, 0), (0, 0, 0), (0, 0, 0), (0, 0, 0), (0, 0, 0), (0, 0, 0), (0, 1, 0), (0.00506747041, -0.99998716, 0), (0, 0, 0), (0, 0, 0), (0, 0, 0), (0, 0, 0), (0, 0, 0), (0.00506747041, 0.99998716, 0), (0.232410112, -0.97261788, 0), (0, 0, 0), (0, 0, 0), (0, 0, 0), (0, 0, 0), (0, 0, 0), (0.232410112, 0.97261788, 0), (0.691720535, -0.722165287, 0), (0.964718279, -0.263284339, 0), (0.999881294, -0.015407696, 0), (1, 0, 0), (0.999881294, 0.015407696, 0), (0.964718279, 0.263284339, 0), (0.691720535, 0.722165287, 0), (-0.691720535, -0.722165287, 0), (-0.964718279, -0.263284339, 0), (-0.999881294, -0.015407696, 0), (-1, 0, 0), (-0.999881294, 0.015407696, 0), (-0.964718279, 0.263284339, 0), (-0.691720535, 0.722165287, 0), (-0.232410112, -0.97261788, 0), (0, 0, 0), (0, 0, 0), (0, 0, 0), (0, 0, 0), (0, 0, 0), (-0.232410112, 0.97261788, 0), (-0.00506747041, -0.99998716, 0), (0, 0, 0), (0, 0, 0), (0, 0, 0), (0, 0, 0), (0, 0, 0), (-0.00506747041, 0.99998716, 0), (0, -1, 0), (0, 0, 0), (0, 0, 0), (0, 0, 0), (0, 0, 0), (0, 0, 0), (0, 1, 0), (0, -1, 0), (0, 0, 0), (0, 0, 0), (0, 0, 0), (0, 0, 0), (0, 0, 0), (0, 1, 0), (0, -1, 0), (0, 0, 0), (0, 0, 0), (0, 0, 0), (0, 0, 0), (0, 0, 0), (0, 1, 0), (0, -1, 0), (0, 0, 0), (0, 0, 0), (0, 0, 0), (0, 0, 0), (0, 0, 0), (0, 1, 0), (0, -1, 0), (0, 0, 0), (0, 0, 0), (0, 0, 0), (0, 0, 0), (0, 0, 0), (0, 1, 0), (0.00506747041, -0.99998716, 0), (0, 0, 0), (0, 0, 0), (0, 0, 0), (0, 0, 0), (0, 0, 0), (0.00506747041, 0.99998716, 0), (0.232410112, -0.97261788, 0), (0, 0, 0), (0, 0, 0), (0, 0, 0), (0, 0, 0), (0, 0, 0), (0.232410112, 0.97261788, 0), (0.691720535, -0.722165287, 0), (0.964718279, -0.263284339, 0), (0.999881294, -0.015407696, 0), (1, 0, 0), (0.999881294, 0.015407696, 0), (0.964718279, 0.263284339, 0), (0.691720535, 0.722165287, 0), (-0.691720535, -0.722165287, 0), (-0.964718279, -0.263284339, 0), (-0.999881294, -0.015407696, 0), (-1, 0, 0), (-0.999881294, 0.015407696, 0), (-0.964718279, 0.263284339, 0), (-0.691720535, 0.722165287, 0), (-0.232410112, -0.97261788, 0), (0, 0, 0), (0, 0, 0), (0, 0, 0), (0, 0, 0), (0, 0, 0), (-0.232410112, 0.97261788, 0), (-0.00506747041, -0.99998716, 0), (0, 0, 0), (0, 0, 0), (0, 0, 0), (0, 0, 0), (0, 0, 0), (-0.00506747041, 0.99998716, 0), (0, -1, 0), (0, 0, 0), (0, 0, 0), (0, 0, 0), (0, 0, 0), (0, 0, 0), (0, 1, 0), (0, -1, 0), (0, 0, 0), (0, 0, 0), (0, 0, 0), (0, 0, 0), (0, 0, 0), (0, 1, 0), (0, -1, 0), (0, 0, 0), (0, 0, 0), (0, 0, 0), (0, 0, 0), (0, 0, 0), (0, 1, 0), (0, -1, 0), (0, 0, 0), (0, 0, 0), (0, 0, 0), (0, 0, 0), (0, 0, 0), (0, 1, 0), (0, -1, 0), (0, 0, 0), (0, 0, 0), (0, 0, 0), (0, 0, 0), (0, 0, 0), (0, 1, 0), (0.00506747041, -0.99998716, 0), (0, 0, 0), (0, 0, 0), (0, 0, 0), (0, 0, 0), (0, 0, 0), (0.00506747041, 0.99998716, 0), (0.232410112, -0.97261788, 0), (0, 0, 0), (0, 0, 0), (0, 0, 0), (0, 0, 0), (0, 0, 0), (0.232410112, 0.97261788, 0), (0.691720535, -0.722165287, 0), (0.964718279, -0.263284339, 0), (0.999881294, -0.015407696, 0), (1, 0, 0), (0.999881294, 0.015407696, 0), (0.964718279, 0.263284339, 0), (0.691720535, 0.722165287, 0), (-0.691558447, -0.721907827, 0.0244131604), (-0.964443454, -0.262607256, 0.0297700026), (-0.999412441, -0.0153958548, 0.0306225572), (-0.999530627, 0, 0.0306353746), (-0.999429391, 0.0150168701, 0.0302553484), (-0.965184161, 0.260239575, 0.0263609398), (-0.689467848, 0.724009761, 0.0210701919), (-0.231751678, -0.972309435, 0.0300919018), (0, 0, 0), (0, 0, 0), (0, 0, 0), (0, 0, 0), (0, 0, 0), (-0.231751678, 0.972309435, 0.0300919018), (-0.00506459273, -0.9995179, 0.0306319567), (0, 0, 0), (0, 0, 0), (0, 0, 0), (0, 0, 0), (0, 0, 0), (-0.00506459273, 0.9995179, 0.0306319567), (0, -0.999530627, 0.0306353746), (0, 0, 0), (0, 0, 0), (0, 0, 0), (0, 0, 0), (0, 0, 0), (0, 0.999530627, 0.0306353746), (0, -0.999530627, 0.0306353746), (0, 0, 0), (0, 0, 0), (0, 0, 0), (0, 0, 0), (0, 0, 0), (0, 0.999530627, 0.0306353746), (0, -0.999530627, 0.0306353746), (0, 0, 0), (0, 0, 0), (0, 0, 0), (0, 0, 0), (0, 0, 0), (0, 0.999530627, 0.0306353746), (0, -0.999530627, 0.0306353746), (0, 0, 0), (0, 0, 0), (0, 0, 0), (0, 0, 0), (0, 0, 0), (0, 0.999530627, 0.0306353746), (0, -0.999530627, 0.0306353746), (0, 0, 0), (0, 0, 0), (0, 0, 0), (0, 0, 0), (0, 0, 0), (0, 0.999530627, 0.0306353746), (0.00492248337, -0.999522694, 0.0304984053), (0, 0, 0), (0, 0, 0), (0, 0, 0), (0, 0, 0), (0, 0, 0), (0.00492248337, 0.999522694, 0.0304984053), (0.229146048, -0.973015646, 0.0270673363), (0, 0, 0), (0, 0, 0), (0, 0, 0), (0, 0, 0), (0, 0, 0), (0.229146048, 0.973015646, 0.0270673363), (0.69375496, -0.719899669, 0.0211783583), (0.964443454, -0.262607256, 0.0297700026), (0.999412441, -0.0153958548, 0.0306225572), (0.999530627, 0, 0.0306353746), (0.999429391, 0.0150168701, 0.0302553484), (0.965184161, 0.260239575, 0.0263609398), (0.691662886, 0.72200008, 0.0178420002), (-0.674676897, -0.703316354, 0.223958011), (-0.923298541, -0.254401322, 0.287749496), (-0.955389838, -0.014700048, 0.294981638), (-0.955379652, 0, 0.295380637), (-0.955771189, 0.0125177652, 0.293844755), (-0.929801526, 0.241361186, 0.277873893), (-0.666250385, 0.714015325, 0.215157013), (-0.224486626, -0.930559769, 0.289247768), (0, 0, 0), (0, 0, 0), (0, 0, 0), (0, 0, 0), (0, 0, 0), (-0.224486626, 0.930559769, 0.289247768), (-0.00482688592, -0.955409705, 0.295243962), (0, 0, 0), (0, 0, 0), (0, 0, 0), (0, 0, 0), (0, 0, 0), (-0.00482688592, 0.955409705, 0.295243962), (0, -0.955379652, 0.295380637), (0, 0, 0), (0, 0, 0), (0, 0, 0), (0, 0, 0), (0, 0, 0), (0, 0.955379652, 0.295380637), (0, -0.955379652, 0.295380637), (0, 0, 0), (0, 0, 0), (0, 0, 0), (0, 0, 0), (0, 0, 0), (0, 0.955379652, 0.295380637), (0, -0.955379652, 0.295380637), (0, 0, 0), (0, 0, 0), (0, 0, 0), (0, 0, 0), (0, 0, 0), (0, 0.955379652, 0.295380637), (0, -0.955379652, 0.295380637), (0, 0, 0), (0, 0, 0), (0, 0, 0), (0, 0, 0), (0, 0, 0), (0, 0.955379652, 0.295380637), (0, -0.955379652, 0.295380637), (0, 0, 0), (0, 0, 0), (0, 0, 0), (0, 0, 0), (0, 0, 0), (0, 0.955379652, 0.295380637), (0.00401624032, -0.955539214, 0.294836701), (0, 0, 0), (0, 0, 0), (0, 0, 0), (0, 0, 0), (0, 0, 0), (0.00401624032, 0.955539214, 0.294836701), (0.210578658, -0.936260144, 0.281200235), (0, 0, 0), (0, 0, 0), (0, 0, 0), (0, 0, 0), (0, 0, 0), (0.210578658, 0.936260144, 0.281200235), (0.685677892, -0.695240709, 0.215606553), (0.923298541, -0.254401322, 0.287749496), (0.955389838, -0.014700048, 0.294981638), (0.955379652, 0, 0.295380637), (0.955771189, 0.0125177652, 0.293844755), (0.929801526, 0.241361186, 0.277873893), (0.677302304, 0.705996636, 0.20695492), (-0.570505202, -0.59256413, 0.568675273), (-0.674357607, -0.196954052, 0.711653652), (-0.679641113, -0.0103901807, 0.733471201), (-0.678465525, 0, 0.734632243), (-0.677245516, 0.0103520888, 0.73568427), (-0.657130157, 0.196247204, 0.727782242), (-0.523097194, 0.59335213, 0.611802726), (-0.180671542, -0.69040786, 0.700496096), (-0.213805594, -0.2481825, 0.944824118), (-0.230596065, -0.0133517219, 0.972957957), (-0.232410112, 0, 0.97261788), (-0.232094298, 0.015153628, 0.972575243), (-0.226040243, 0.257596809, 0.93944116), (-0.192636426, 0.681080214, 0.706414149), (-0.00334740187, -0.69453173, 0.719454287), (-0.00417100209, -0.262684382, 0.964872799), (-0.00498602297, -0.0153285803, 0.999870079), (-0.00506747041, 0, 0.99998716), (-0.00506661724, 0.0154067326, 0.999868472), (-0.00492333027, 0.263172743, 0.964736165), (-0.00403640645, 0.694104828, 0.719862622), (0, -0.694123227, 0.719856198), (0, -0.263284339, 0.964718279), (0, -0.015407696, 0.999881294), (0, 0, 1), (0, 0.015407696, 0.999881294), (0, 0.263284339, 0.964718279), (0, 0.694123227, 0.719856198), (0, -0.694123227, 0.719856198), (0, -0.263284339, 0.964718279), (0, -0.015407696, 0.999881294), (0, 0, 1), (0, 0.015407696, 0.999881294), (0, 0.263284339, 0.964718279), (0, 0.694123227, 0.719856198), (0, -0.694123227, 0.719856198), (0, -0.263284339, 0.964718279), (0, -0.015407696, 0.999881294), (0, 0, 1), (0, 0.015407696, 0.999881294), (0, 0.263284339, 0.964718279), (0, 0.694123227, 0.719856198), (0, -0.694123227, 0.719856198), (0, -0.263284339, 0.964718279), (0, -0.015407696, 0.999881294), (0, 0, 1), (0, 0.015407696, 0.999881294), (0, 0.263284339, 0.964718279), (0, 0.694123227, 0.719856198), (0, -0.694123227, 0.719856198), (0, -0.263284339, 0.964718279), (0, -0.015407696, 0.999881294), (0, 0, 1), (0, 0.015407696, 0.999881294), (0, 0.263284339, 0.964718279), (0, 0.694123227, 0.719856198), (0.00335579755, -0.693699773, 0.720256457), (0.00492333027, -0.263172743, 0.964736165), (0.00506661724, -0.0154067326, 0.999868472), (0.00506747041, 0, 0.99998716), (0.00498602297, 0.0153285803, 0.999870079), (0.00417100209, 0.262684382, 0.964872799), (0.00266701088, 0.69412658, 0.719848024), (0.18050508, -0.675111858, 0.715291476), (0.226040243, -0.257596809, 0.93944116), (0.232094298, -0.015153628, 0.972575243), (0.232410112, 0, 0.97261788), (0.230596065, 0.0133517219, 0.972957957), (0.213805594, 0.2481825, 0.944824118), (0.168663852, 0.684397732, 0.709332256), (0.570652958, -0.548398178, 0.611240247), (0.664141863, -0.207112858, 0.718345216), (0.67840057, -0.012237842, 0.734590296), (0.678465525, 0, 0.734632243), (0.678485485, 0.00850629417, 0.734564558), (0.667342061, 0.186225839, 0.721092581), (0.555407406, 0.578931886, 0.596959366)] (interpolation = "vertex")
        uniform token subdivisionScheme = "none"
        bool doubleSided = true
        color3f[] primvars:displayColor = [(0.8, 0.7, 0.2)]
        float2[] primvars:st = [(0.572331197, 0.0149170493), (0.556289207, 0.0106399245), (0.566930717, 0.00112864294), (0.572331197, 0.0149170493), (0.555137317, 0.0253746408), (0.556289207, 0.0106399245), (0.572331197, 0.0149170493), (0.566930717, 0.00112864294), (0.585360051, 0.0104475924), (0.572331197, 0.0149170493), (0.585360051, 0.0104475924), (0.592841354, 0.0252341344), (0.572331197, 0.0149170493), (0.574187483, 0.0279700821), (0.555137317, 0.0253746408), (0.572331197, 0.0149170493), (0.592841354, 0.0252341344), (0.574187483, 0.0279700821), (0.556289207, 0.0106399245), (0.530266826, 0.0103374077), (0.535137641, 0.000309603505), (0.556289207, 0.0106399245), (0.528537213, 0.0251524276), (0.530266826, 0.0103374077), (0.556289207, 0.0106399245), (0.535137641, 0.000309603505), (0.566930717, 0.00112864294), (0.556289207, 0.0106399245), (0.555137317, 0.0253746408), (0.528537213, 0.0251524276), (0.530266826, 0.0103374077), (0.5, 0.0103374077), (0.5, 0.000309603505), (0.530266826, 0.0103374077), (0.5, 0.0251524276), (0.5, 0.0103374077), (0.530266826, 0.0103374077), (0.5, 0.000309603505), (0.535137641, 0.000309603505), (0.530266826, 0.0103374077), (0.528537213, 0.0251524276), (0.5, 0.0251524276), (0.5, 0.0103374077), (0.469733174, 0.0103374077), (0.464862359, 0.000309603505), (0.5, 0.0103374077), (0.471462787, 0.0251524276), (0.469733174, 0.0103374077), (0.5, 0.0103374077), (0.464862359, 0.000309603505), (0.5, 0.000309603505), (0.5, 0.0103374077), (0.5, 0.0251524276), (0.471462787, 0.0251524276), (0.469733174, 0.0103374077), (0.443710793, 0.0106399245), (0.433069283, 0.00112864294), (0.469733174, 0.0103374077), (0.444862683, 0.0253746408), (0.443710793, 0.0106399245), (0.469733174, 0.0103374077), (0.433069283, 0.00112864294), (0.464862359, 0.000309603505), (0.469733174, 0.0103374077), (0.471462787, 0.0251524276), (0.444862683, 0.0253746408), (0.443710793, 0.0106399245), (0.427668803, 0.0149170493), (0.414639949, 0.0104475924), (0.443710793, 0.0106399245), (0.425812517, 0.0279700821), (0.427668803, 0.0149170493), (0.443710793, 0.0106399245), (0.414639949, 0.0104475924), (0.433069283, 0.00112864294), (0.443710793, 0.0106399245), (0.444862683, 0.0253746408), (0.425812517, 0.0279700821), (0.414639949, 0.0104475924), (0.427668803, 0.0149170493), (0.407158646, 0.0252341344), (0.427668803, 0.0149170493), (0.425812517, 0.0279700821), (0.407158646, 0.0252341344), (0.585360051, 0.0104475924), (0.566930717, 0.00112864294), (0.585571485, 0.000840456699), (0.585360051, 0.0104475924), (0.585571485, 0.000840456699), (0.605900775, 0.0103374077), (0.585360051, 0.0104475924), (0.605900775, 0.0103374077), (0.614963872, 0.0251524276), (0.585360051, 0.0104475924), (0.614963872, 0.0251524276), (0.592841354, 0.0252341344), (0.566930717, 0.00112864294), (0.535137641, 0.000309603505), (0.546261962, 0), (0.566930717, 0.00112864294), (0.546261962, 0), (0.585571485, 0.000840456699), (0.535137641, 0.000309603505), (0.5, 0.000309603505), (0.5, 0), (0.535137641, 0.000309603505), (0.5, 0), (0.546261962, 0), (0.5, 0.000309603505), (0.464862359, 0.000309603505), (0.453738038, 0), (0.5, 0.000309603505), (0.453738038, 0), (0.5, 0), (0.464862359, 0.000309603505), (0.433069283, 0.00112864294), (0.414428515, 0.000840456699), (0.464862359, 0.000309603505), (0.414428515, 0.000840456699), (0.453738038, 0), (0.433069283, 0.00112864294), (0.414639949, 0.0104475924), (0.394099225, 0.0103374077), (0.433069283, 0.00112864294), (0.394099225, 0.0103374077), (0.414428515, 0.000840456699), (0.394099225, 0.0103374077), (0.414639949, 0.0104475924), (0.385036128, 0.0251524276), (0.414639949, 0.0104475924), (0.407158646, 0.0252341344), (0.385036128, 0.0251524276), (0.605900775, 0.0103374077), (0.585571485, 0.000840456699), (0.616135852, 0.000840456699), (0.605900775, 0.0103374077), (0.616135852, 0.000840456699), (0.637923428, 0.0103374077), (0.605900775, 0.0103374077), (0.637923428, 0.0103374077), (0.646920456, 0.0251524276), (0.605900775, 0.0103374077), (0.646920456, 0.0251524276), (0.614963872, 0.0251524276), (0.585571485, 0.000840456699), (0.546261962, 0), (0.567129527, 0), (0.585571485, 0.000840456699), (0.567129527, 0), (0.616135852, 0.000840456699), (0.546261962, 0), (0.5, 0), (0.5, 0), (0.546261962, 0), (0.5, 0), (0.567129527, 0), (0.5, 0), (0.453738038, 0), (0.432870473, 0), (0.5, 0), (0.432870473, 0), (0.5, 0), (0.453738038, 0), (0.414428515, 0.000840456699), (0.383864148, 0.000840456699), (0.453738038, 0), (0.383864148, 0.000840456699), (0.432870473, 0), (0.414428515, 0.000840456699), (0.394099225, 0.0103374077), (0.362076572, 0.0103374077), (0.414428515, 0.000840456699), (0.362076572, 0.0103374077), (0.383864148, 0.000840456699), (0.362076572, 0.0103374077), (0.394099225, 0.0103374077), (0.353079544, 0.0251524276), (0.394099225, 0.0103374077), (0.385036128, 0.0251524276), (0.353079544, 0.0251524276), (0.637923428, 0.0103374077), (0.616135852, 0.000840456699), (0.668869058, 0.000840456699), (0.637923428, 0.0103374077), (0.668869058, 0.000840456699), (0.686074683, 0.0103374077), (0.637923428, 0.0103374077), (0.686074683, 0.0103374077), (0.692444717, 0.0251524276), (0.637923428, 0.0103374077), (0.692444717, 0.0251524276), (0.646920456, 0.0251524276), (0.616135852, 0.000840456699), (0.567129527, 0), (0.616405394, 0), (0.616135852, 0.000840456699), (0.616405394, 0), (0.668869058, 0.000840456699), (0.567129527, 0), (0.5, 0), (0.5, 0), (0.567129527, 0), (0.5, 0), (0.616405394, 0), (0.5, 0), (0.432870473, 0), (0.383594606, 0), (0.5, 0), (0.383594606, 0), (0.5, 0), (0.432870473, 0), (0.383864148, 0.000840456699), (0.331130942, 0.000840456699), (0.432870473, 0), (0.331130942, 0.000840456699), (0.383594606, 0), (0.383864148, 0.000840456699), (0.362076572, 0.0103374077), (0.313925317, 0.0103374077), (0.383864148, 0.000840456699), (0.313925317, 0.0103374077), (0.331130942, 0.000840456699), (0.313925317, 0.0103374077), (0.362076572, 0.0103374077), (0.307555283, 0.0251524276), (0.362076572, 0.0103374077), (0.353079544, 0.0251524276), (0.307555283, 0.0251524276), (0.686074683, 0.0103374077), (0.668869058, 0.000840456699), (0.75, 0.000840456699), (0.686074683, 0.0103374077), (0.75, 0.000840456699), (0.75, 0.0103374077), (0.686074683, 0.0103374077), (0.75, 0.0103374077), (0.75, 0.0251524276), (0.686074683, 0.0103374077), (0.75, 0.0251524276), (0.692444717, 0.0251524276), (0.668869058, 0.000840456699), (0.616405394, 0), (0.75, 0), (0.668869058, 0.000840456699), (0.75, 0), (0.75, 0.000840456699), (0.616405394, 0), (0.5, 0), (0.25, 0), (0.616405394, 0), (0.25, 0), (0.75, 0), (0.5, 0), (0.383594606, 0), (0.25, 0), (0.5, 0), (0.25, 0), (0.25, 0), (0.383594606, 0), (0.331130942, 0.000840456699), (0.25, 0.000840456699), (0.383594606, 0), (0.25, 0.000840456699), (0.25, 0), (0.331130942, 0.000840456699), (0.313925317, 0.0103374077), (0.25, 0.0103374077), (0.331130942, 0.000840456699), (0.25, 0.0103374077), (0.25, 0.000840456699), (0.25, 0.0103374077), (0.313925317, 0.0103374077), (0.25, 0.0251524276), (0.313925317, 0.0103374077), (0.307555283, 0.0251524276), (0.25, 0.0251524276), (0.75, 0.0103374077), (0.75, 0.000840456699), (0.831130942, 0.000840456699), (0.75, 0.0103374077), (0.831130942, 0.000840456699), (0.813925317, 0.0103374077), (0.75, 0.0103374077), (0.813925317, 0.0103374077), (0.807555283, 0.0251524276), (0.75, 0.0103374077), (0.807555283, 0.0251524276), (0.75, 0.0251524276), (0.75, 0.000840456699), (0.75, 0), (0.883594606, 0), (0.75, 0.000840456699), (0.883594606, 0), (0.831130942, 0.000840456699), (0.75, 0), (1.25, 0), (1, 0), (0.75, 0), (1, 0), (0.883594606, 0), (0.25, 0), (0.25, 0), (0.116405394, 0), (0.25, 0), (0.116405394, 0), (5.30941954e-17, 0), (0.25, 0), (0.25, 0.000840456699), (0.168869058, 0.000840456699), (0.25, 0), (0.168869058, 0.000840456699), (0.116405394, 0), (0.25, 0.000840456699), (0.25, 0.0103374077), (0.186074683, 0.0103374077), (0.25, 0.000840456699), (0.186074683, 0.0103374077), (0.168869058, 0.000840456699), (0.186074683, 0.0103374077), (0.25, 0.0103374077), (0.192444717, 0.0251524276), (0.25, 0.0103374077), (0.25, 0.0251524276), (0.192444717, 0.0251524276), (0.813925317, 0.0103374077), (0.831130942, 0.000840456699), (0.883864148, 0.000840456699), (0.813925317, 0.0103374077), (0.883864148, 0.000840456699), (0.862076572, 0.0103374077), (0.813925317, 0.0103374077), (0.862076572, 0.0103374077), (0.853079544, 0.0251524276), (0.813925317, 0.0103374077), (0.853079544, 0.0251524276), (0.807555283, 0.0251524276), (0.831130942, 0.000840456699), (0.883594606, 0), (0.932870473, 0), (0.831130942, 0.000840456699), (0.932870473, 0), (0.883864148, 0.000840456699), (0.883594606, 0), (1, 0), (1, 0), (0.883594606, 0), (1, 0), (0.932870473, 0), (5.30941954e-17, 0), (0.116405394, 0), (0.0671295273, 0), (5.30941954e-17, 0), (0.0671295273, 0), (2.65470977e-17, 0), (0.116405394, 0), (0.168869058, 0.000840456699), (0.116135852, 0.000840456699), (0.116405394, 0), (0.116135852, 0.000840456699), (0.0671295273, 0), (0.168869058, 0.000840456699), (0.186074683, 0.0103374077), (0.137923428, 0.0103374077), (0.168869058, 0.000840456699), (0.137923428, 0.0103374077), (0.116135852, 0.000840456699), (0.137923428, 0.0103374077), (0.186074683, 0.0103374077), (0.146920456, 0.0251524276), (0.186074683, 0.0103374077), (0.192444717, 0.0251524276), (0.146920456, 0.0251524276), (0.862076572, 0.0103374077), (0.883864148, 0.000840456699), (0.914428515, 0.000840456699), (0.862076572, 0.0103374077), (0.914428515, 0.000840456699), (0.894099225, 0.0103374077), (0.862076572, 0.0103374077), (0.894099225, 0.0103374077), (0.885036128, 0.0251524276), (0.862076572, 0.0103374077), (0.885036128, 0.0251524276), (0.853079544, 0.0251524276), (0.883864148, 0.000840456699), (0.932870473, 0), (0.953738038, 0), (0.883864148, 0.000840456699), (0.953738038, 0), (0.914428515, 0.000840456699), (0.932870473, 0), (1, 0), (1, 0), (0.932870473, 0), (1, 0), (0.953738038, 0), (2.65470977e-17, 0), (0.0671295273, 0), (0.0462619622, 0), (2.65470977e-17, 0), (0.0462619622, 0), (1.76980651e-17, 0), (0.0671295273, 0), (0.116135852, 0.000840456699), (0.0855714851, 0.000840456699), (0.0671295273, 0), (0.0855714851, 0.000840456699), (0.0462619622, 0), (0.116135852, 0.000840456699), (0.137923428, 0.0103374077), (0.105900775, 0.0103374077), (0.116135852, 0.000840456699), (0.105900775, 0.0103374077), (0.0855714851, 0.000840456699), (0.105900775, 0.0103374077), (0.137923428, 0.0103374077), (0.114963872, 0.0251524276), (0.137923428, 0.0103374077), (0.146920456, 0.0251524276), (0.114963872, 0.0251524276), (0.894099225, 0.0103374077), (0.914428515, 0.000840456699), (0.933069283, 0.00112864294), (0.894099225, 0.0103374077), (0.933069283, 0.00112864294), (0.914639949, 0.0104475924), (0.894099225, 0.0103374077), (0.914639949, 0.0104475924), (0.907158646, 0.0252341344), (0.894099225, 0.0103374077), (0.907158646, 0.0252341344), (0.885036128, 0.0251524276), (0.914428515, 0.000840456699), (0.953738038, 0), (0.964862359, 0.000309603505), (0.914428515, 0.000840456699), (0.964862359, 0.000309603505), (0.933069283, 0.00112864294), (0.953738038, 0), (1, 0), (1, 0.000309603505), (0.953738038, 0), (1, 0.000309603505), (0.964862359, 0.000309603505), (1.76980651e-17, 0), (0.0462619622, 0), (0.0351376415, 0.000309603505), (1.76980651e-17, 0), (0.0351376415, 0.000309603505), (1.32780287e-17, 0.000309603505), (0.0462619622, 0), (0.0855714851, 0.000840456699), (0.066930717, 0.00112864294), (0.0462619622, 0), (0.066930717, 0.00112864294), (0.0351376415, 0.000309603505), (0.0855714851, 0.000840456699), (0.105900775, 0.0103374077), (0.0853600507, 0.0104475924), (0.0855714851, 0.000840456699), (0.0853600507, 0.0104475924), (0.066930717, 0.00112864294), (0.0853600507, 0.0104475924), (0.105900775, 0.0103374077), (0.092841354, 0.0252341344), (0.105900775, 0.0103374077), (0.114963872, 0.0251524276), (0.092841354, 0.0252341344), (0.914639949, 0.0104475924), (0.933069283, 0.00112864294), (0.943710793, 0.0106399245), (0.914639949, 0.0104475924), (0.943710793, 0.0106399245), (0.927668803, 0.0149170493), (0.914639949, 0.0104475924), (0.927668803, 0.0149170493), (0.925812517, 0.0279700821), (0.914639949, 0.0104475924), (0.925812517, 0.0279700821), (0.907158646, 0.0252341344), (0.933069283, 0.00112864294), (0.964862359, 0.000309603505), (0.969733174, 0.0103374077), (0.933069283, 0.00112864294), (0.969733174, 0.0103374077), (0.943710793, 0.0106399245), (0.964862359, 0.000309603505), (1, 0.000309603505), (1, 0.0103374077), (0.964862359, 0.000309603505), (1, 0.0103374077), (0.969733174, 0.0103374077), (1.32780287e-17, 0.000309603505), (0.0351376415, 0.000309603505), (0.0302668255, 0.0103374077), (1.32780287e-17, 0.000309603505), (0.0302668255, 0.0103374077), (1.13886032e-17, 0.0103374077), (0.0351376415, 0.000309603505), (0.066930717, 0.00112864294), (0.0562892068, 0.0106399245), (0.0351376415, 0.000309603505), (0.0562892068, 0.0106399245), (0.0302668255, 0.0103374077), (0.066930717, 0.00112864294), (0.0853600507, 0.0104475924), (0.0723311971, 0.0149170493), (0.066930717, 0.00112864294), (0.0723311971, 0.0149170493), (0.0562892068, 0.0106399245), (0.0723311971, 0.0149170493), (0.0853600507, 0.0104475924), (0.0741874828, 0.0279700821), (0.0853600507, 0.0104475924), (0.092841354, 0.0252341344), (0.0741874828, 0.0279700821), (0.927668803, 0.0149170493), (0.943710793, 0.0106399245), (0.944862683, 0.0253746408), (0.925812517, 0.0279700821), (0.927668803, 0.0149170493), (0.944862683, 0.0253746408), (0.943710793, 0.0106399245), (0.969733174, 0.0103374077), (0.971462787, 0.0251524276), (0.944862683, 0.0253746408), (0.943710793, 0.0106399245), (0.971462787, 0.0251524276), (0.969733174, 0.0103374077), (1, 0.0103374077), (1, 0.0251524276), (0.971462787, 0.0251524276), (0.969733174, 0.0103374077), (1, 0.0251524276), (1.13886032e-17, 0.0103374077), (0.0302668255, 0.0103374077), (0.0285372126, 0.0251524276), (1.07232015e-17, 0.0251524276), (1.13886032e-17, 0.0103374077), (0.0285372126, 0.0251524276), (0.0302668255, 0.0103374077), (0.0562892068, 0.0106399245), (0.0551373166, 0.0253746408), (0.0285372126, 0.0251524276), (0.0302668255, 0.0103374077), (0.0551373166, 0.0253746408), (0.0562892068, 0.0106399245), (0.0723311971, 0.0149170493), (0.0741874828, 0.0279700821), (0.0551373166, 0.0253746408), (0.0562892068, 0.0106399245), (0.0741874828, 0.0279700821), (0.574187483, 0.0279700821), (0.554958835, 0.0494117647), (0.555137317, 0.0253746408), (0.574187483, 0.0279700821), (0.592841354, 0.0252341344), (0.594035097, 0.0494117647), (0.574187483, 0.0279700821), (0.574427715, 0.0494117647), (0.554958835, 0.0494117647), (0.574187483, 0.0279700821), (0.594035097, 0.0494117647), (0.574427715, 0.0494117647), (0.555137317, 0.0253746408), (0.528265308, 0.0494117647), (0.528537213, 0.0251524276), (0.555137317, 0.0253746408), (0.554958835, 0.0494117647), (0.528265308, 0.0494117647), (0.528537213, 0.0251524276), (0.5, 0.0494117647), (0.5, 0.0251524276), (0.528537213, 0.0251524276), (0.528265308, 0.0494117647), (0.5, 0.0494117647), (0.5, 0.0251524276), (0.471734692, 0.0494117647), (0.471462787, 0.0251524276), (0.5, 0.0251524276), (0.5, 0.0494117647), (0.471734692, 0.0494117647), (0.471462787, 0.0251524276), (0.445041165, 0.0494117647), (0.444862683, 0.0253746408), (0.471462787, 0.0251524276), (0.471734692, 0.0494117647), (0.445041165, 0.0494117647), (0.444862683, 0.0253746408), (0.425572285, 0.0494117647), (0.425812517, 0.0279700821), (0.444862683, 0.0253746408), (0.445041165, 0.0494117647), (0.425572285, 0.0494117647), (0.407158646, 0.0252341344), (0.425812517, 0.0279700821), (0.405964903, 0.0494117647), (0.425812517, 0.0279700821), (0.425572285, 0.0494117647), (0.405964903, 0.0494117647), (0.592841354, 0.0252341344), (0.614963872, 0.0251524276), (0.616405394, 0.0494117647), (0.592841354, 0.0252341344), (0.616405394, 0.0494117647), (0.594035097, 0.0494117647), (0.385036128, 0.0251524276), (0.407158646, 0.0252341344), (0.383594606, 0.0494117647), (0.407158646, 0.0252341344), (0.405964903, 0.0494117647), (0.383594606, 0.0494117647), (0.614963872, 0.0251524276), (0.646920456, 0.0251524276), (0.648313681, 0.0494117647), (0.614963872, 0.0251524276), (0.648313681, 0.0494117647), (0.616405394, 0.0494117647), (0.353079544, 0.0251524276), (0.385036128, 0.0251524276), (0.351686319, 0.0494117647), (0.385036128, 0.0251524276), (0.383594606, 0.0494117647), (0.351686319, 0.0494117647), (0.646920456, 0.0251524276), (0.692444717, 0.0251524276), (0.693398791, 0.0494117647), (0.646920456, 0.0251524276), (0.693398791, 0.0494117647), (0.648313681, 0.0494117647), (0.307555283, 0.0251524276), (0.353079544, 0.0251524276), (0.306601209, 0.0494117647), (0.353079544, 0.0251524276), (0.351686319, 0.0494117647), (0.306601209, 0.0494117647), (0.692444717, 0.0251524276), (0.75, 0.0251524276), (0.75, 0.0494117647), (0.692444717, 0.0251524276), (0.75, 0.0494117647), (0.693398791, 0.0494117647), (0.25, 0.0251524276), (0.307555283, 0.0251524276), (0.25, 0.0494117647), (0.307555283, 0.0251524276), (0.306601209, 0.0494117647), (0.25, 0.0494117647), (0.75, 0.0251524276), (0.807555283, 0.0251524276), (0.806601209, 0.0494117647), (0.75, 0.0251524276), (0.806601209, 0.0494117647), (0.75, 0.0494117647), (0.192444717, 0.0251524276), (0.25, 0.0251524276), (0.193398791, 0.0494117647), (0.25, 0.0251524276), (0.25, 0.0494117647), (0.193398791, 0.0494117647), (0.807555283, 0.0251524276), (0.853079544, 0.0251524276), (0.851686319, 0.0494117647), (0.807555283, 0.0251524276), (0.851686319, 0.0494117647), (0.806601209, 0.0494117647), (0.146920456, 0.0251524276), (0.192444717, 0.0251524276), (0.148313681, 0.0494117647), (0.192444717, 0.0251524276), (0.193398791, 0.0494117647), (0.148313681, 0.0494117647), (0.853079544, 0.0251524276), (0.885036128, 0.0251524276), (0.883594606, 0.0494117647), (0.853079544, 0.0251524276), (0.883594606, 0.0494117647), (0.851686319, 0.0494117647), (0.114963872, 0.0251524276), (0.146920456, 0.0251524276), (0.116405394, 0.0494117647), (0.146920456, 0.0251524276), (0.148313681, 0.0494117647), (0.116405394, 0.0494117647), (0.885036128, 0.0251524276), (0.907158646, 0.0252341344), (0.905964903, 0.0494117647), (0.885036128, 0.0251524276), (0.905964903, 0.0494117647), (0.883594606, 0.0494117647), (0.092841354, 0.0252341344), (0.114963872, 0.0251524276), (0.0940350972, 0.0494117647), (0.114963872, 0.0251524276), (0.116405394, 0.0494117647), (0.0940350972, 0.0494117647), (0.907158646, 0.0252341344), (0.925812517, 0.0279700821), (0.925572285, 0.0494117647), (0.907158646, 0.0252341344), (0.925572285, 0.0494117647), (0.905964903, 0.0494117647), (0.0741874828, 0.0279700821), (0.092841354, 0.0252341344), (0.074427715, 0.0494117647), (0.092841354, 0.0252341344), (0.0940350972, 0.0494117647), (0.074427715, 0.0494117647), (0.925812517, 0.0279700821), (0.944862683, 0.0253746408), (0.945041165, 0.0494117647), (0.925572285, 0.0494117647), (0.925812517, 0.0279700821), (0.945041165, 0.0494117647), (0.944862683, 0.0253746408), (0.971462787, 0.0251524276), (0.971734692, 0.0494117647), (0.945041165, 0.0494117647), (0.944862683, 0.0253746408), (0.971734692, 0.0494117647), (0.971462787, 0.0251524276), (1, 0.0251524276), (1, 0.0494117647), (0.971734692, 0.0494117647), (0.971462787, 0.0251524276), (1, 0.0494117647), (1.07232015e-17, 0.0251524276), (0.0285372126, 0.0251524276), (0.0282653079, 0.0494117647), (1.06188391e-17, 0.0494117647), (1.07232015e-17, 0.0251524276), (0.0282653079, 0.0494117647), (0.0285372126, 0.0251524276), (0.0551373166, 0.0253746408), (0.0549588345, 0.0494117647), (0.0282653079, 0.0494117647), (0.0285372126, 0.0251524276), (0.0549588345, 0.0494117647), (0.0551373166, 0.0253746408), (0.0741874828, 0.0279700821), (0.074427715, 0.0494117647), (0.0549588345, 0.0494117647), (0.0551373166, 0.0253746408), (0.074427715, 0.0494117647), (0.574427715, 0.0494117647), (0.554958835, 0.0741176471), (0.554958835, 0.0494117647), (0.574427715, 0.0494117647), (0.594035097, 0.0494117647), (0.594035097, 0.0741176471), (0.574427715, 0.0494117647), (0.574427715, 0.0741176471), (0.554958835, 0.0741176471), (0.574427715, 0.0494117647), (0.594035097, 0.0741176471), (0.574427715, 0.0741176471), (0.554958835, 0.0494117647), (0.528265308, 0.0741176471), (0.528265308, 0.0494117647), (0.554958835, 0.0494117647), (0.554958835, 0.0741176471), (0.528265308, 0.0741176471), (0.528265308, 0.0494117647), (0.5, 0.0741176471), (0.5, 0.0494117647), (0.528265308, 0.0494117647), (0.528265308, 0.0741176471), (0.5, 0.0741176471), (0.5, 0.0494117647), (0.471734692, 0.0741176471), (0.471734692, 0.0494117647), (0.5, 0.0494117647), (0.5, 0.0741176471), (0.471734692, 0.0741176471), (0.471734692, 0.0494117647), (0.445041165, 0.0741176471), (0.445041165, 0.0494117647), (0.471734692, 0.0494117647), (0.471734692, 0.0741176471), (0.445041165, 0.0741176471), (0.445041165, 0.0494117647), (0.425572285, 0.0741176471), (0.425572285, 0.0494117647), (0.445041165, 0.0494117647), (0.445041165, 0.0741176471), (0.425572285, 0.0741176471), (0.405964903, 0.0494117647), (0.425572285, 0.0494117647), (0.405964903, 0.0741176471), (0.425572285, 0.0494117647), (0.425572285, 0.0741176471), (0.405964903, 0.0741176471), (0.594035097, 0.0494117647), (0.616405394, 0.0494117647), (0.616405394, 0.0741176471), (0.594035097, 0.0494117647), (0.616405394, 0.0741176471), (0.594035097, 0.0741176471), (0.383594606, 0.0494117647), (0.405964903, 0.0494117647), (0.383594606, 0.0741176471), (0.405964903, 0.0494117647), (0.405964903, 0.0741176471), (0.383594606, 0.0741176471), (0.616405394, 0.0494117647), (0.648313681, 0.0494117647), (0.648313681, 0.0741176471), (0.616405394, 0.0494117647), (0.648313681, 0.0741176471), (0.616405394, 0.0741176471), (0.351686319, 0.0494117647), (0.383594606, 0.0494117647), (0.351686319, 0.0741176471), (0.383594606, 0.0494117647), (0.383594606, 0.0741176471), (0.351686319, 0.0741176471), (0.648313681, 0.0494117647), (0.693398791, 0.0494117647), (0.693398791, 0.0741176471), (0.648313681, 0.0494117647), (0.693398791, 0.0741176471), (0.648313681, 0.0741176471), (0.306601209, 0.0494117647), (0.351686319, 0.0494117647), (0.306601209, 0.0741176471), (0.351686319, 0.0494117647), (0.351686319, 0.0741176471), (0.306601209, 0.0741176471), (0.693398791, 0.0494117647), (0.75, 0.0494117647), (0.75, 0.0741176471), (0.693398791, 0.0494117647), (0.75, 0.0741176471), (0.693398791, 0.0741176471), (0.25, 0.0494117647), (0.306601209, 0.0494117647), (0.25, 0.0741176471), (0.306601209, 0.0494117647), (0.306601209, 0.0741176471), (0.25, 0.0741176471), (0.75, 0.0494117647), (0.806601209, 0.0494117647), (0.806601209, 0.0741176471), (0.75, 0.0494117647), (0.806601209, 0.0741176471), (0.75, 0.0741176471), (0.193398791, 0.0494117647), (0.25, 0.0494117647), (0.193398791, 0.0741176471), (0.25, 0.0494117647), (0.25, 0.0741176471), (0.193398791, 0.0741176471), (0.806601209, 0.0494117647), (0.851686319, 0.0494117647), (0.851686319, 0.0741176471), (0.806601209, 0.0494117647), (0.851686319, 0.0741176471), (0.806601209, 0.0741176471), (0.148313681, 0.0494117647), (0.193398791, 0.0494117647), (0.148313681, 0.0741176471), (0.193398791, 0.0494117647), (0.193398791, 0.0741176471), (0.148313681, 0.0741176471), (0.851686319, 0.0494117647), (0.883594606, 0.0494117647), (0.883594606, 0.0741176471), (0.851686319, 0.0494117647), (0.883594606, 0.0741176471), (0.851686319, 0.0741176471), (0.116405394, 0.0494117647), (0.148313681, 0.0494117647), (0.116405394, 0.0741176471), (0.148313681, 0.0494117647), (0.148313681, 0.0741176471), (0.116405394, 0.0741176471), (0.883594606, 0.0494117647), (0.905964903, 0.0494117647), (0.905964903, 0.0741176471), (0.883594606, 0.0494117647), (0.905964903, 0.0741176471), (0.883594606, 0.0741176471), (0.0940350972, 0.0494117647), (0.116405394, 0.0494117647), (0.0940350972, 0.0741176471), (0.116405394, 0.0494117647), (0.116405394, 0.0741176471), (0.0940350972, 0.0741176471), (0.905964903, 0.0494117647), (0.925572285, 0.0494117647), (0.925572285, 0.0741176471), (0.905964903, 0.0494117647), (0.925572285, 0.0741176471), (0.905964903, 0.0741176471), (0.074427715, 0.0494117647), (0.0940350972, 0.0494117647), (0.074427715, 0.0741176471), (0.0940350972, 0.0494117647), (0.0940350972, 0.0741176471), (0.074427715, 0.0741176471), (0.925572285, 0.0494117647), (0.945041165, 0.0494117647), (0.945041165, 0.0741176471), (0.925572285, 0.0741176471), (0.925572285, 0.0494117647), (0.945041165, 0.0741176471), (0.945041165, 0.0494117647), (0.971734692, 0.0494117647), (0.971734692, 0.0741176471), (0.945041165, 0.0741176471), (0.945041165, 0.0494117647), (0.971734692, 0.0741176471), (0.971734692, 0.0494117647), (1, 0.0494117647), (1, 0.0741176471), (0.971734692, 0.0741176471), (0.971734692, 0.0494117647), (1, 0.0741176471), (1.06188391e-17, 0.0494117647), (0.0282653079, 0.0494117647), (0.0282653079, 0.0741176471), (1.06188391e-17, 0.0741176471), (1.06188391e-17, 0.0494117647), (0.0282653079, 0.0741176471), (0.0282653079, 0.0494117647), (0.0549588345, 0.0494117647), (0.0549588345, 0.0741176471), (0.0282653079, 0.0741176471), (0.0282653079, 0.0494117647), (0.0549588345, 0.0741176471), (0.0549588345, 0.0494117647), (0.074427715, 0.0494117647), (0.074427715, 0.0741176471), (0.0549588345, 0.0741176471), (0.0549588345, 0.0494117647), (0.074427715, 0.0741176471), (0.574427715, 0.0741176471), (0.554958835, 0.0988235294), (0.554958835, 0.0741176471), (0.574427715, 0.0741176471), (0.594035097, 0.0741176471), (0.594035097, 0.0988235294), (0.574427715, 0.0741176471), (0.574427715, 0.0988235294), (0.554958835, 0.0988235294), (0.574427715, 0.0741176471), (0.594035097, 0.0988235294), (0.574427715, 0.0988235294), (0.554958835, 0.0741176471), (0.528265308, 0.0988235294), (0.528265308, 0.0741176471), (0.554958835, 0.0741176471), (0.554958835, 0.0988235294), (0.528265308, 0.0988235294), (0.528265308, 0.0741176471), (0.5, 0.0988235294), (0.5, 0.0741176471), (0.528265308, 0.0741176471), (0.528265308, 0.0988235294), (0.5, 0.0988235294), (0.5, 0.0741176471), (0.471734692, 0.0988235294), (0.471734692, 0.0741176471), (0.5, 0.0741176471), (0.5, 0.0988235294), (0.471734692, 0.0988235294), (0.471734692, 0.0741176471), (0.445041165, 0.0988235294), (0.445041165, 0.0741176471), (0.471734692, 0.0741176471), (0.471734692, 0.0988235294), (0.445041165, 0.0988235294), (0.445041165, 0.0741176471), (0.425572285, 0.0988235294), (0.425572285, 0.0741176471), (0.445041165, 0.0741176471), (0.445041165, 0.0988235294), (0.425572285, 0.0988235294), (0.405964903, 0.0741176471), (0.425572285, 0.0741176471), (0.405964903, 0.0988235294), (0.425572285, 0.0741176471), (0.425572285, 0.0988235294), (0.405964903, 0.0988235294), (0.594035097, 0.0741176471), (0.616405394, 0.0741176471), (0.616405394, 0.0988235294), (0.594035097, 0.0741176471), (0.616405394, 0.0988235294), (0.594035097, 0.0988235294), (0.383594606, 0.0741176471), (0.405964903, 0.0741176471), (0.383594606, 0.0988235294), (0.405964903, 0.0741176471), (0.405964903, 0.0988235294), (0.383594606, 0.0988235294), (0.616405394, 0.0741176471), (0.648313681, 0.0741176471), (0.648313681, 0.0988235294), (0.616405394, 0.0741176471), (0.648313681, 0.0988235294), (0.616405394, 0.0988235294), (0.351686319, 0.0741176471), (0.383594606, 0.0741176471), (0.351686319, 0.0988235294), (0.383594606, 0.0741176471), (0.383594606, 0.0988235294), (0.351686319, 0.0988235294), (0.648313681, 0.0741176471), (0.693398791, 0.0741176471), (0.693398791, 0.0988235294), (0.648313681, 0.0741176471), (0.693398791, 0.0988235294), (0.648313681, 0.0988235294), (0.306601209, 0.0741176471), (0.351686319, 0.0741176471), (0.306601209, 0.0988235294), (0.351686319, 0.0741176471), (0.351686319, 0.0988235294), (0.306601209, 0.0988235294), (0.693398791, 0.0741176471), (0.75, 0.0741176471), (0.75, 0.0988235294), (0.693398791, 0.0741176471), (0.75, 0.0988235294), (0.693398791, 0.0988235294), (0.25, 0.0741176471), (0.306601209, 0.0741176471), (0.25, 0.0988235294), (0.306601209, 0.0741176471), (0.306601209, 0.0988235294), (0.25, 0.0988235294), (0.75, 0.0741176471), (0.806601209, 0.0741176471), (0.806601209, 0.0988235294), (0.75, 0.0741176471), (0.806601209, 0.0988235294), (0.75, 0.0988235294), (0.193398791, 0.0741176471), (0.25, 0.0741176471), (0.193398791, 0.0988235294), (0.25, 0.0741176471), (0.25, 0.0988235294), (0.193398791, 0.0988235294), (0.806601209, 0.0741176471), (0.851686319, 0.0741176471), (0.851686319, 0.0988235294), (0.806601209, 0.0741176471), (0.851686319, 0.0988235294), (0.806601209, 0.0988235294), (0.148313681, 0.0741176471), (0.193398791, 0.0741176471), (0.148313681, 0.0988235294), (0.193398791, 0.0741176471), (0.193398791, 0.0988235294), (0.148313681, 0.0988235294), (0.851686319, 0.0741176471), (0.883594606, 0.0741176471), (0.883594606, 0.0988235294), (0.851686319, 0.0741176471), (0.883594606, 0.0988235294), (0.851686319, 0.0988235294), (0.116405394, 0.0741176471), (0.148313681, 0.0741176471), (0.116405394, 0.0988235294), (0.148313681, 0.0741176471), (0.148313681, 0.0988235294), (0.116405394, 0.0988235294), (0.883594606, 0.0741176471), (0.905964903, 0.0741176471), (0.905964903, 0.0988235294), (0.883594606, 0.0741176471), (0.905964903, 0.0988235294), (0.883594606, 0.0988235294), (0.0940350972, 0.0741176471), (0.116405394, 0.0741176471), (0.0940350972, 0.0988235294), (0.116405394, 0.0741176471), (0.116405394, 0.0988235294), (0.0940350972, 0.0988235294), (0.905964903, 0.0741176471), (0.925572285, 0.0741176471), (0.925572285, 0.0988235294), (0.905964903, 0.0741176471), (0.925572285, 0.0988235294), (0.905964903, 0.0988235294), (0.074427715, 0.0741176471), (0.0940350972, 0.0741176471), (0.074427715, 0.0988235294), (0.0940350972, 0.0741176471), (0.0940350972, 0.0988235294), (0.074427715, 0.0988235294), (0.925572285, 0.0741176471), (0.945041165, 0.0741176471), (0.945041165, 0.0988235294), (0.925572285, 0.0988235294), (0.925572285, 0.0741176471), (0.945041165, 0.0988235294), (0.945041165, 0.0741176471), (0.971734692, 0.0741176471), (0.971734692, 0.0988235294), (0.945041165, 0.0988235294), (0.945041165, 0.0741176471), (0.971734692, 0.0988235294), (0.971734692, 0.0741176471), (1, 0.0741176471), (1, 0.0988235294), (0.971734692, 0.0988235294), (0.971734692, 0.0741176471), (1, 0.0988235294), (1.06188391e-17, 0.0741176471), (0.0282653079, 0.0741176471), (0.0282653079, 0.0988235294), (1.06188391e-17, 0.0988235294), (1.06188391e-17, 0.0741176471), (0.0282653079, 0.0988235294), (0.0282653079, 0.0741176471), (0.0549588345, 0.0741176471), (0.0549588345, 0.0988235294), (0.0282653079, 0.0988235294), (0.0282653079, 0.0741176471), (0.0549588345, 0.0988235294), (0.0549588345, 0.0741176471), (0.074427715, 0.0741176471), (0.074427715, 0.0988235294), (0.0549588345, 0.0988235294), (0.0549588345, 0.0741176471), (0.074427715, 0.0988235294), (0.574427715, 0.0988235294), (0.554958835, 0.123529412), (0.554958835, 0.0988235294), (0.574427715, 0.0988235294), (0.594035097, 0.0988235294), (0.594035097, 0.123529412), (0.574427715, 0.0988235294), (0.574427715, 0.123529412), (0.554958835, 0.123529412), (0.574427715, 0.0988235294), (0.594035097, 0.123529412), (0.574427715, 0.123529412), (0.554958835, 0.0988235294), (0.528265308, 0.123529412), (0.528265308, 0.0988235294), (0.554958835, 0.0988235294), (0.554958835, 0.123529412), (0.528265308, 0.123529412), (0.528265308, 0.0988235294), (0.5, 0.123529412), (0.5, 0.0988235294), (0.528265308, 0.0988235294), (0.528265308, 0.123529412), (0.5, 0.123529412), (0.5, 0.0988235294), (0.471734692, 0.123529412), (0.471734692, 0.0988235294), (0.5, 0.0988235294), (0.5, 0.123529412), (0.471734692, 0.123529412), (0.471734692, 0.0988235294), (0.445041165, 0.123529412), (0.445041165, 0.0988235294), (0.471734692, 0.0988235294), (0.471734692, 0.123529412), (0.445041165, 0.123529412), (0.445041165, 0.0988235294), (0.425572285, 0.123529412), (0.425572285, 0.0988235294), (0.445041165, 0.0988235294), (0.445041165, 0.123529412), (0.425572285, 0.123529412), (0.405964903, 0.0988235294), (0.425572285, 0.0988235294), (0.405964903, 0.123529412), (0.425572285, 0.0988235294), (0.425572285, 0.123529412), (0.405964903, 0.123529412), (0.594035097, 0.0988235294), (0.616405394, 0.0988235294), (0.616405394, 0.123529412), (0.594035097, 0.0988235294), (0.616405394, 0.123529412), (0.594035097, 0.123529412), (0.383594606, 0.0988235294), (0.405964903, 0.0988235294), (0.383594606, 0.123529412), (0.405964903, 0.0988235294), (0.405964903, 0.123529412), (0.383594606, 0.123529412), (0.616405394, 0.0988235294), (0.648313681, 0.0988235294), (0.648313681, 0.123529412), (0.616405394, 0.0988235294), (0.648313681, 0.123529412), (0.616405394, 0.123529412), (0.351686319, 0.0988235294), (0.383594606, 0.0988235294), (0.351686319, 0.123529412), (0.383594606, 0.0988235294), (0.383594606, 0.123529412), (0.351686319, 0.123529412), (0.648313681, 0.0988235294), (0.693398791, 0.0988235294), (0.693398791, 0.123529412), (0.648313681, 0.0988235294), (0.693398791, 0.123529412), (0.648313681, 0.123529412), (0.306601209, 0.0988235294), (0.351686319, 0.0988235294), (0.306601209, 0.123529412), (0.351686319, 0.0988235294), (0.351686319, 0.123529412), (0.306601209, 0.123529412), (0.693398791, 0.0988235294), (0.75, 0.0988235294), (0.75, 0.123529412), (0.693398791, 0.0988235294), (0.75, 0.123529412), (0.693398791, 0.123529412), (0.25, 0.0988235294), (0.306601209, 0.0988235294), (0.25, 0.123529412), (0.306601209, 0.0988235294), (0.306601209, 0.123529412), (0.25, 0.123529412), (0.75, 0.0988235294), (0.806601209, 0.0988235294), (0.806601209, 0.123529412), (0.75, 0.0988235294), (0.806601209, 0.123529412), (0.75, 0.123529412), (0.193398791, 0.0988235294), (0.25, 0.0988235294), (0.193398791, 0.123529412), (0.25, 0.0988235294), (0.25, 0.123529412), (0.193398791, 0.123529412), (0.806601209, 0.0988235294), (0.851686319, 0.0988235294), (0.851686319, 0.123529412), (0.806601209, 0.0988235294), (0.851686319, 0.123529412), (0.806601209, 0.123529412), (0.148313681, 0.0988235294), (0.193398791, 0.0988235294), (0.148313681, 0.123529412), (0.193398791, 0.0988235294), (0.193398791, 0.123529412), (0.148313681, 0.123529412), (0.851686319, 0.0988235294), (0.883594606, 0.0988235294), (0.883594606, 0.123529412), (0.851686319, 0.0988235294), (0.883594606, 0.123529412), (0.851686319, 0.123529412), (0.116405394, 0.0988235294), (0.148313681, 0.0988235294), (0.116405394, 0.123529412), (0.148313681, 0.0988235294), (0.148313681, 0.123529412), (0.116405394, 0.123529412), (0.883594606, 0.0988235294), (0.905964903, 0.0988235294), (0.905964903, 0.123529412), (0.883594606, 0.0988235294), (0.905964903, 0.123529412), (0.883594606, 0.123529412), (0.0940350972, 0.0988235294), (0.116405394, 0.0988235294), (0.0940350972, 0.123529412), (0.116405394, 0.0988235294), (0.116405394, 0.123529412), (0.0940350972, 0.123529412), (0.905964903, 0.0988235294), (0.925572285, 0.0988235294), (0.925572285, 0.123529412), (0.905964903, 0.0988235294), (0.925572285, 0.123529412), (0.905964903, 0.123529412), (0.074427715, 0.0988235294), (0.0940350972, 0.0988235294), (0.074427715, 0.123529412), (0.0940350972, 0.0988235294), (0.0940350972, 0.123529412), (0.074427715, 0.123529412), (0.925572285, 0.0988235294), (0.945041165, 0.0988235294), (0.945041165, 0.123529412), (0.925572285, 0.123529412), (0.925572285, 0.0988235294), (0.945041165, 0.123529412), (0.945041165, 0.0988235294), (0.971734692, 0.0988235294), (0.971734692, 0.123529412), (0.945041165, 0.123529412), (0.945041165, 0.0988235294), (0.971734692, 0.123529412), (0.971734692, 0.0988235294), (1, 0.0988235294), (1, 0.123529412), (0.971734692, 0.123529412), (0.971734692, 0.0988235294), (1, 0.123529412), (1.06188391e-17, 0.0988235294), (0.0282653079, 0.0988235294), (0.0282653079, 0.123529412), (1.06188391e-17, 0.123529412), (1.06188391e-17, 0.0988235294), (0.0282653079, 0.123529412), (0.0282653079, 0.0988235294), (0.0549588345, 0.0988235294), (0.0549588345, 0.123529412), (0.0282653079, 0.123529412), (0.0282653079, 0.0988235294), (0.0549588345, 0.123529412), (0.0549588345, 0.0988235294), (0.074427715, 0.0988235294), (0.074427715, 0.123529412), (0.0549588345, 0.123529412), (0.0549588345, 0.0988235294), (0.074427715, 0.123529412), (0.574427715, 0.123529412), (0.554958835, 0.148235294), (0.554958835, 0.123529412), (0.574427715, 0.123529412), (0.594035097, 0.123529412), (0.594035097, 0.148235294), (0.574427715, 0.123529412), (0.574427715, 0.148235294), (0.554958835, 0.148235294), (0.574427715, 0.123529412), (0.594035097, 0.148235294), (0.574427715, 0.148235294), (0.554958835, 0.123529412), (0.528265308, 0.148235294), (0.528265308, 0.123529412), (0.554958835, 0.123529412), (0.554958835, 0.148235294), (0.528265308, 0.148235294), (0.528265308, 0.123529412), (0.5, 0.148235294), (0.5, 0.123529412), (0.528265308, 0.123529412), (0.528265308, 0.148235294), (0.5, 0.148235294), (0.5, 0.123529412), (0.471734692, 0.148235294), (0.471734692, 0.123529412), (0.5, 0.123529412), (0.5, 0.148235294), (0.471734692, 0.148235294), (0.471734692, 0.123529412), (0.445041165, 0.148235294), (0.445041165, 0.123529412), (0.471734692, 0.123529412), (0.471734692, 0.148235294), (0.445041165, 0.148235294), (0.445041165, 0.123529412), (0.425572285, 0.148235294), (0.425572285, 0.123529412), (0.445041165, 0.123529412), (0.445041165, 0.148235294), (0.425572285, 0.148235294), (0.405964903, 0.123529412), (0.425572285, 0.123529412), (0.405964903, 0.148235294), (0.425572285, 0.123529412), (0.425572285, 0.148235294), (0.405964903, 0.148235294), (0.594035097, 0.123529412), (0.616405394, 0.123529412), (0.616405394, 0.148235294), (0.594035097, 0.123529412), (0.616405394, 0.148235294), (0.594035097, 0.148235294), (0.383594606, 0.123529412), (0.405964903, 0.123529412), (0.383594606, 0.148235294), (0.405964903, 0.123529412), (0.405964903, 0.148235294), (0.383594606, 0.148235294), (0.616405394, 0.123529412), (0.648313681, 0.123529412), (0.648313681, 0.148235294), (0.616405394, 0.123529412), (0.648313681, 0.148235294), (0.616405394, 0.148235294), (0.351686319, 0.123529412), (0.383594606, 0.123529412), (0.351686319, 0.148235294), (0.383594606, 0.123529412), (0.383594606, 0.148235294), (0.351686319, 0.148235294), (0.648313681, 0.123529412), (0.693398791, 0.123529412), (0.693398791, 0.148235294), (0.648313681, 0.123529412), (0.693398791, 0.148235294), (0.648313681, 0.148235294), (0.306601209, 0.123529412), (0.351686319, 0.123529412), (0.306601209, 0.148235294), (0.351686319, 0.123529412), (0.351686319, 0.148235294), (0.306601209, 0.148235294), (0.693398791, 0.123529412), (0.75, 0.123529412), (0.75, 0.148235294), (0.693398791, 0.123529412), (0.75, 0.148235294), (0.693398791, 0.148235294), (0.25, 0.123529412), (0.306601209, 0.123529412), (0.25, 0.148235294), (0.306601209, 0.123529412), (0.306601209, 0.148235294), (0.25, 0.148235294), (0.75, 0.123529412), (0.806601209, 0.123529412), (0.806601209, 0.148235294), (0.75, 0.123529412), (0.806601209, 0.148235294), (0.75, 0.148235294), (0.193398791, 0.123529412), (0.25, 0.123529412), (0.193398791, 0.148235294), (0.25, 0.123529412), (0.25, 0.148235294), (0.193398791, 0.148235294), (0.806601209, 0.123529412), (0.851686319, 0.123529412), (0.851686319, 0.148235294), (0.806601209, 0.123529412), (0.851686319, 0.148235294), (0.806601209, 0.148235294), (0.148313681, 0.123529412), (0.193398791, 0.123529412), (0.148313681, 0.148235294), (0.193398791, 0.123529412), (0.193398791, 0.148235294), (0.148313681, 0.148235294), (0.851686319, 0.123529412), (0.883594606, 0.123529412), (0.883594606, 0.148235294), (0.851686319, 0.123529412), (0.883594606, 0.148235294), (0.851686319, 0.148235294), (0.116405394, 0.123529412), (0.148313681, 0.123529412), (0.116405394, 0.148235294), (0.148313681, 0.123529412), (0.148313681, 0.148235294), (0.116405394, 0.148235294), (0.883594606, 0.123529412), (0.905964903, 0.123529412), (0.905964903, 0.148235294), (0.883594606, 0.123529412), (0.905964903, 0.148235294), (0.883594606, 0.148235294), (0.0940350972, 0.123529412), (0.116405394, 0.123529412), (0.0940350972, 0.148235294), (0.116405394, 0.123529412), (0.116405394, 0.148235294), (0.0940350972, 0.148235294), (0.905964903, 0.123529412), (0.925572285, 0.123529412), (0.925572285, 0.148235294), (0.905964903, 0.123529412), (0.925572285, 0.148235294), (0.905964903, 0.148235294), (0.074427715, 0.123529412), (0.0940350972, 0.123529412), (0.074427715, 0.148235294), (0.0940350972, 0.123529412), (0.0940350972, 0.148235294), (0.074427715, 0.148235294), (0.925572285, 0.123529412), (0.945041165, 0.123529412), (0.945041165, 0.148235294), (0.925572285, 0.148235294), (0.925572285, 0.123529412), (0.945041165, 0.148235294), (0.945041165, 0.123529412), (0.971734692, 0.123529412), (0.971734692, 0.148235294), (0.945041165, 0.148235294), (0.945041165, 0.123529412), (0.971734692, 0.148235294), (0.971734692, 0.123529412), (1, 0.123529412), (1, 0.148235294), (0.971734692, 0.148235294), (0.971734692, 0.123529412), (1, 0.148235294), (1.06188391e-17, 0.123529412), (0.0282653079, 0.123529412), (0.0282653079, 0.148235294), (1.06188391e-17, 0.148235294), (1.06188391e-17, 0.123529412), (0.0282653079, 0.148235294), (0.0282653079, 0.123529412), (0.0549588345, 0.123529412), (0.0549588345, 0.148235294), (0.0282653079, 0.148235294), (0.0282653079, 0.123529412), (0.0549588345, 0.148235294), (0.0549588345, 0.123529412), (0.074427715, 0.123529412), (0.074427715, 0.148235294), (0.0549588345, 0.148235294), (0.0549588345, 0.123529412), (0.074427715, 0.148235294), (0.574427715, 0.148235294), (0.554958835, 0.172941176), (0.554958835, 0.148235294), (0.574427715, 0.148235294), (0.594035097, 0.148235294), (0.594035097, 0.172941176), (0.574427715, 0.148235294), (0.574427715, 0.172941176), (0.554958835, 0.172941176), (0.574427715, 0.148235294), (0.594035097, 0.172941176), (0.574427715, 0.172941176), (0.554958835, 0.148235294), (0.528265308, 0.172941176), (0.528265308, 0.148235294), (0.554958835, 0.148235294), (0.554958835, 0.172941176), (0.528265308, 0.172941176), (0.528265308, 0.148235294), (0.5, 0.172941176), (0.5, 0.148235294), (0.528265308, 0.148235294), (0.528265308, 0.172941176), (0.5, 0.172941176), (0.5, 0.148235294), (0.471734692, 0.172941176), (0.471734692, 0.148235294), (0.5, 0.148235294), (0.5, 0.172941176), (0.471734692, 0.172941176), (0.471734692, 0.148235294), (0.445041165, 0.172941176), (0.445041165, 0.148235294), (0.471734692, 0.148235294), (0.471734692, 0.172941176), (0.445041165, 0.172941176), (0.445041165, 0.148235294), (0.425572285, 0.172941176), (0.425572285, 0.148235294), (0.445041165, 0.148235294), (0.445041165, 0.172941176), (0.425572285, 0.172941176), (0.405964903, 0.148235294), (0.425572285, 0.148235294), (0.405964903, 0.172941176), (0.425572285, 0.148235294), (0.425572285, 0.172941176), (0.405964903, 0.172941176), (0.594035097, 0.148235294), (0.616405394, 0.148235294), (0.616405394, 0.172941176), (0.594035097, 0.148235294), (0.616405394, 0.172941176), (0.594035097, 0.172941176), (0.383594606, 0.148235294), (0.405964903, 0.148235294), (0.383594606, 0.172941176), (0.405964903, 0.148235294), (0.405964903, 0.172941176), (0.383594606, 0.172941176), (0.616405394, 0.148235294), (0.648313681, 0.148235294), (0.648313681, 0.172941176), (0.616405394, 0.148235294), (0.648313681, 0.172941176), (0.616405394, 0.172941176), (0.351686319, 0.148235294), (0.383594606, 0.148235294), (0.351686319, 0.172941176), (0.383594606, 0.148235294), (0.383594606, 0.172941176), (0.351686319, 0.172941176), (0.648313681, 0.148235294), (0.693398791, 0.148235294), (0.693398791, 0.172941176), (0.648313681, 0.148235294), (0.693398791, 0.172941176), (0.648313681, 0.172941176), (0.306601209, 0.148235294), (0.351686319, 0.148235294), (0.306601209, 0.172941176), (0.351686319, 0.148235294), (0.351686319, 0.172941176), (0.306601209, 0.172941176), (0.693398791, 0.148235294), (0.75, 0.148235294), (0.75, 0.172941176), (0.693398791, 0.148235294), (0.75, 0.172941176), (0.693398791, 0.172941176), (0.25, 0.148235294), (0.306601209, 0.148235294), (0.25, 0.172941176), (0.306601209, 0.148235294), (0.306601209, 0.172941176), (0.25, 0.172941176), (0.75, 0.148235294), (0.806601209, 0.148235294), (0.806601209, 0.172941176), (0.75, 0.148235294), (0.806601209, 0.172941176), (0.75, 0.172941176), (0.193398791, 0.148235294), (0.25, 0.148235294), (0.193398791, 0.172941176), (0.25, 0.148235294), (0.25, 0.172941176), (0.193398791, 0.172941176), (0.806601209, 0.148235294), (0.851686319, 0.148235294), (0.851686319, 0.172941176), (0.806601209, 0.148235294), (0.851686319, 0.172941176), (0.806601209, 0.172941176), (0.148313681, 0.148235294), (0.193398791, 0.148235294), (0.148313681, 0.172941176), (0.193398791, 0.148235294), (0.193398791, 0.172941176), (0.148313681, 0.172941176), (0.851686319, 0.148235294), (0.883594606, 0.148235294), (0.883594606, 0.172941176), (0.851686319, 0.148235294), (0.883594606, 0.172941176), (0.851686319, 0.172941176), (0.116405394, 0.148235294), (0.148313681, 0.148235294), (0.116405394, 0.172941176), (0.148313681, 0.148235294), (0.148313681, 0.172941176), (0.116405394, 0.172941176), (0.883594606, 0.148235294), (0.905964903, 0.148235294), (0.905964903, 0.172941176), (0.883594606, 0.148235294), (0.905964903, 0.172941176), (0.883594606, 0.172941176), (0.0940350972, 0.148235294), (0.116405394, 0.148235294), (0.0940350972, 0.172941176), (0.116405394, 0.148235294), (0.116405394, 0.172941176), (0.0940350972, 0.172941176), (0.905964903, 0.148235294), (0.925572285, 0.148235294), (0.925572285, 0.172941176), (0.905964903, 0.148235294), (0.925572285, 0.172941176), (0.905964903, 0.172941176), (0.074427715, 0.148235294), (0.0940350972, 0.148235294), (0.074427715, 0.172941176), (0.0940350972, 0.148235294), (0.0940350972, 0.172941176), (0.074427715, 0.172941176), (0.925572285, 0.148235294), (0.945041165, 0.148235294), (0.945041165, 0.172941176), (0.925572285, 0.172941176), (0.925572285, 0.148235294), (0.945041165, 0.172941176), (0.945041165, 0.148235294), (0.971734692, 0.148235294), (0.971734692, 0.172941176), (0.945041165, 0.172941176), (0.945041165, 0.148235294), (0.971734692, 0.172941176), (0.971734692, 0.148235294), (1, 0.148235294), (1, 0.172941176), (0.971734692, 0.172941176), (0.971734692, 0.148235294), (1, 0.172941176), (1.06188391e-17, 0.148235294), (0.0282653079, 0.148235294), (0.0282653079, 0.172941176), (1.06188391e-17, 0.172941176), (1.06188391e-17, 0.148235294), (0.0282653079, 0.172941176), (0.0282653079, 0.148235294), (0.0549588345, 0.148235294), (0.0549588345, 0.172941176), (0.0282653079, 0.172941176), (0.0282653079, 0.148235294), (0.0549588345, 0.172941176), (0.0549588345, 0.148235294), (0.074427715, 0.148235294), (0.074427715, 0.172941176), (0.0549588345, 0.172941176), (0.0549588345, 0.148235294), (0.074427715, 0.172941176), (0.574427715, 0.172941176), (0.554958835, 0.197647059), (0.554958835, 0.172941176), (0.574427715, 0.172941176), (0.594035097, 0.172941176), (0.594035097, 0.197647059), (0.574427715, 0.172941176), (0.574427715, 0.197647059), (0.554958835, 0.197647059), (0.574427715, 0.172941176), (0.594035097, 0.197647059), (0.574427715, 0.197647059), (0.554958835, 0.172941176), (0.528265308, 0.197647059), (0.528265308, 0.172941176), (0.554958835, 0.172941176), (0.554958835, 0.197647059), (0.528265308, 0.197647059), (0.528265308, 0.172941176), (0.5, 0.197647059), (0.5, 0.172941176), (0.528265308, 0.172941176), (0.528265308, 0.197647059), (0.5, 0.197647059), (0.5, 0.172941176), (0.471734692, 0.197647059), (0.471734692, 0.172941176), (0.5, 0.172941176), (0.5, 0.197647059), (0.471734692, 0.197647059), (0.471734692, 0.172941176), (0.445041165, 0.197647059), (0.445041165, 0.172941176), (0.471734692, 0.172941176), (0.471734692, 0.197647059), (0.445041165, 0.197647059), (0.445041165, 0.172941176), (0.425572285, 0.197647059), (0.425572285, 0.172941176), (0.445041165, 0.172941176), (0.445041165, 0.197647059), (0.425572285, 0.197647059), (0.405964903, 0.172941176), (0.425572285, 0.172941176), (0.405964903, 0.197647059), (0.425572285, 0.172941176), (0.425572285, 0.197647059), (0.405964903, 0.197647059), (0.594035097, 0.172941176), (0.616405394, 0.172941176), (0.616405394, 0.197647059), (0.594035097, 0.172941176), (0.616405394, 0.197647059), (0.594035097, 0.197647059), (0.383594606, 0.172941176), (0.405964903, 0.172941176), (0.383594606, 0.197647059), (0.405964903, 0.172941176), (0.405964903, 0.197647059), (0.383594606, 0.197647059), (0.616405394, 0.172941176), (0.648313681, 0.172941176), (0.648313681, 0.197647059), (0.616405394, 0.172941176), (0.648313681, 0.197647059), (0.616405394, 0.197647059), (0.351686319, 0.172941176), (0.383594606, 0.172941176), (0.351686319, 0.197647059), (0.383594606, 0.172941176), (0.383594606, 0.197647059), (0.351686319, 0.197647059), (0.648313681, 0.172941176), (0.693398791, 0.172941176), (0.693398791, 0.197647059), (0.648313681, 0.172941176), (0.693398791, 0.197647059), (0.648313681, 0.197647059), (0.306601209, 0.172941176), (0.351686319, 0.172941176), (0.306601209, 0.197647059), (0.351686319, 0.172941176), (0.351686319, 0.197647059), (0.306601209, 0.197647059), (0.693398791, 0.172941176), (0.75, 0.172941176), (0.75, 0.197647059), (0.693398791, 0.172941176), (0.75, 0.197647059), (0.693398791, 0.197647059), (0.25, 0.172941176), (0.306601209, 0.172941176), (0.25, 0.197647059), (0.306601209, 0.172941176), (0.306601209, 0.197647059), (0.25, 0.197647059), (0.75, 0.172941176), (0.806601209, 0.172941176), (0.806601209, 0.197647059), (0.75, 0.172941176), (0.806601209, 0.197647059), (0.75, 0.197647059), (0.193398791, 0.172941176), (0.25, 0.172941176), (0.193398791, 0.197647059), (0.25, 0.172941176), (0.25, 0.197647059), (0.193398791, 0.197647059), (0.806601209, 0.172941176), (0.851686319, 0.172941176), (0.851686319, 0.197647059), (0.806601209, 0.172941176), (0.851686319, 0.197647059), (0.806601209, 0.197647059), (0.148313681, 0.172941176), (0.193398791, 0.172941176), (0.148313681, 0.197647059), (0.193398791, 0.172941176), (0.193398791, 0.197647059), (0.148313681, 0.197647059), (0.851686319, 0.172941176), (0.883594606, 0.172941176), (0.883594606, 0.197647059), (0.851686319, 0.172941176), (0.883594606, 0.197647059), (0.851686319, 0.197647059), (0.116405394, 0.172941176), (0.148313681, 0.172941176), (0.116405394, 0.197647059), (0.148313681, 0.172941176), (0.148313681, 0.197647059), (0.116405394, 0.197647059), (0.883594606, 0.172941176), (0.905964903, 0.172941176), (0.905964903, 0.197647059), (0.883594606, 0.172941176), (0.905964903, 0.197647059), (0.883594606, 0.197647059), (0.0940350972, 0.172941176), (0.116405394, 0.172941176), (0.0940350972, 0.197647059), (0.116405394, 0.172941176), (0.116405394, 0.197647059), (0.0940350972, 0.197647059), (0.905964903, 0.172941176), (0.925572285, 0.172941176), (0.925572285, 0.197647059), (0.905964903, 0.172941176), (0.925572285, 0.197647059), (0.905964903, 0.197647059), (0.074427715, 0.172941176), (0.0940350972, 0.172941176), (0.074427715, 0.197647059), (0.0940350972, 0.172941176), (0.0940350972, 0.197647059), (0.074427715, 0.197647059), (0.925572285, 0.172941176), (0.945041165, 0.172941176), (0.945041165, 0.197647059), (0.925572285, 0.197647059), (0.925572285, 0.172941176), (0.945041165, 0.197647059), (0.945041165, 0.172941176), (0.971734692, 0.172941176), (0.971734692, 0.197647059), (0.945041165, 0.197647059), (0.945041165, 0.172941176), (0.971734692, 0.197647059), (0.971734692, 0.172941176), (1, 0.172941176), (1, 0.197647059), (0.971734692, 0.197647059), (0.971734692, 0.172941176), (1, 0.197647059), (1.06188391e-17, 0.172941176), (0.0282653079, 0.172941176), (0.0282653079, 0.197647059), (1.06188391e-17, 0.197647059), (1.06188391e-17, 0.172941176), (0.0282653079, 0.197647059), (0.0282653079, 0.172941176), (0.0549588345, 0.172941176), (0.0549588345, 0.197647059), (0.0282653079, 0.197647059), (0.0282653079, 0.172941176), (0.0549588345, 0.197647059), (0.0549588345, 0.172941176), (0.074427715, 0.172941176), (0.074427715, 0.197647059), (0.0549588345, 0.197647059), (0.0549588345, 0.172941176), (0.074427715, 0.197647059), (0.574427715, 0.197647059), (0.555137317, 0.221684183), (0.554958835, 0.197647059), (0.574427715, 0.197647059), (0.594035097, 0.197647059), (0.592841354, 0.221824689), (0.574427715, 0.197647059), (0.574187483, 0.219088741), (0.555137317, 0.221684183), (0.574427715, 0.197647059), (0.592841354, 0.221824689), (0.574187483, 0.219088741), (0.554958835, 0.197647059), (0.528537213, 0.221906396), (0.528265308, 0.197647059), (0.554958835, 0.197647059), (0.555137317, 0.221684183), (0.528537213, 0.221906396), (0.528265308, 0.197647059), (0.5, 0.221906396), (0.5, 0.197647059), (0.528265308, 0.197647059), (0.528537213, 0.221906396), (0.5, 0.221906396), (0.5, 0.197647059), (0.471462787, 0.221906396), (0.471734692, 0.197647059), (0.5, 0.197647059), (0.5, 0.221906396), (0.471462787, 0.221906396), (0.471734692, 0.197647059), (0.444862683, 0.221684183), (0.445041165, 0.197647059), (0.471734692, 0.197647059), (0.471462787, 0.221906396), (0.444862683, 0.221684183), (0.445041165, 0.197647059), (0.425812517, 0.219088741), (0.425572285, 0.197647059), (0.445041165, 0.197647059), (0.444862683, 0.221684183), (0.425812517, 0.219088741), (0.405964903, 0.197647059), (0.425572285, 0.197647059), (0.407158646, 0.221824689), (0.425572285, 0.197647059), (0.425812517, 0.219088741), (0.407158646, 0.221824689), (0.594035097, 0.197647059), (0.616405394, 0.197647059), (0.614963872, 0.221906396), (0.594035097, 0.197647059), (0.614963872, 0.221906396), (0.592841354, 0.221824689), (0.383594606, 0.197647059), (0.405964903, 0.197647059), (0.385036128, 0.221906396), (0.405964903, 0.197647059), (0.407158646, 0.221824689), (0.385036128, 0.221906396), (0.616405394, 0.197647059), (0.648313681, 0.197647059), (0.646920456, 0.221906396), (0.616405394, 0.197647059), (0.646920456, 0.221906396), (0.614963872, 0.221906396), (0.351686319, 0.197647059), (0.383594606, 0.197647059), (0.353079544, 0.221906396), (0.383594606, 0.197647059), (0.385036128, 0.221906396), (0.353079544, 0.221906396), (0.648313681, 0.197647059), (0.693398791, 0.197647059), (0.692444717, 0.221906396), (0.648313681, 0.197647059), (0.692444717, 0.221906396), (0.646920456, 0.221906396), (0.306601209, 0.197647059), (0.351686319, 0.197647059), (0.307555283, 0.221906396), (0.351686319, 0.197647059), (0.353079544, 0.221906396), (0.307555283, 0.221906396), (0.693398791, 0.197647059), (0.75, 0.197647059), (0.75, 0.221906396), (0.693398791, 0.197647059), (0.75, 0.221906396), (0.692444717, 0.221906396), (0.25, 0.197647059), (0.306601209, 0.197647059), (0.25, 0.221906396), (0.306601209, 0.197647059), (0.307555283, 0.221906396), (0.25, 0.221906396), (0.75, 0.197647059), (0.806601209, 0.197647059), (0.807555283, 0.221906396), (0.75, 0.197647059), (0.807555283, 0.221906396), (0.75, 0.221906396), (0.193398791, 0.197647059), (0.25, 0.197647059), (0.192444717, 0.221906396), (0.25, 0.197647059), (0.25, 0.221906396), (0.192444717, 0.221906396), (0.806601209, 0.197647059), (0.851686319, 0.197647059), (0.853079544, 0.221906396), (0.806601209, 0.197647059), (0.853079544, 0.221906396), (0.807555283, 0.221906396), (0.148313681, 0.197647059), (0.193398791, 0.197647059), (0.146920456, 0.221906396), (0.193398791, 0.197647059), (0.192444717, 0.221906396), (0.146920456, 0.221906396), (0.851686319, 0.197647059), (0.883594606, 0.197647059), (0.885036128, 0.221906396), (0.851686319, 0.197647059), (0.885036128, 0.221906396), (0.853079544, 0.221906396), (0.116405394, 0.197647059), (0.148313681, 0.197647059), (0.114963872, 0.221906396), (0.148313681, 0.197647059), (0.146920456, 0.221906396), (0.114963872, 0.221906396), (0.883594606, 0.197647059), (0.905964903, 0.197647059), (0.907158646, 0.221824689), (0.883594606, 0.197647059), (0.907158646, 0.221824689), (0.885036128, 0.221906396), (0.0940350972, 0.197647059), (0.116405394, 0.197647059), (0.092841354, 0.221824689), (0.116405394, 0.197647059), (0.114963872, 0.221906396), (0.092841354, 0.221824689), (0.905964903, 0.197647059), (0.925572285, 0.197647059), (0.925812517, 0.219088741), (0.905964903, 0.197647059), (0.925812517, 0.219088741), (0.907158646, 0.221824689), (0.074427715, 0.197647059), (0.0940350972, 0.197647059), (0.0741874828, 0.219088741), (0.0940350972, 0.197647059), (0.092841354, 0.221824689), (0.0741874828, 0.219088741), (0.925572285, 0.197647059), (0.945041165, 0.197647059), (0.944862683, 0.221684183), (0.925812517, 0.219088741), (0.925572285, 0.197647059), (0.944862683, 0.221684183), (0.945041165, 0.197647059), (0.971734692, 0.197647059), (0.971462787, 0.221906396), (0.944862683, 0.221684183), (0.945041165, 0.197647059), (0.971462787, 0.221906396), (0.971734692, 0.197647059), (1, 0.197647059), (1, 0.221906396), (0.971462787, 0.221906396), (0.971734692, 0.197647059), (1, 0.221906396), (1.06188391e-17, 0.197647059), (0.0282653079, 0.197647059), (0.0285372126, 0.221906396), (1.07232015e-17, 0.221906396), (1.06188391e-17, 0.197647059), (0.0285372126, 0.221906396), (0.0282653079, 0.197647059), (0.0549588345, 0.197647059), (0.0551373166, 0.221684183), (0.0285372126, 0.221906396), (0.0282653079, 0.197647059), (0.0551373166, 0.221684183), (0.0549588345, 0.197647059), (0.074427715, 0.197647059), (0.0741874828, 0.219088741), (0.0551373166, 0.221684183), (0.0549588345, 0.197647059), (0.0741874828, 0.219088741), (0.574187483, 0.219088741), (0.556289207, 0.236418899), (0.555137317, 0.221684183), (0.574187483, 0.219088741), (0.592841354, 0.221824689), (0.585360051, 0.236611231), (0.574187483, 0.219088741), (0.572331197, 0.232141774), (0.556289207, 0.236418899), (0.574187483, 0.219088741), (0.585360051, 0.236611231), (0.572331197, 0.232141774), (0.555137317, 0.221684183), (0.530266826, 0.236721416), (0.528537213, 0.221906396), (0.555137317, 0.221684183), (0.556289207, 0.236418899), (0.530266826, 0.236721416), (0.528537213, 0.221906396), (0.5, 0.236721416), (0.5, 0.221906396), (0.528537213, 0.221906396), (0.530266826, 0.236721416), (0.5, 0.236721416), (0.5, 0.221906396), (0.469733174, 0.236721416), (0.471462787, 0.221906396), (0.5, 0.221906396), (0.5, 0.236721416), (0.469733174, 0.236721416), (0.471462787, 0.221906396), (0.443710793, 0.236418899), (0.444862683, 0.221684183), (0.471462787, 0.221906396), (0.469733174, 0.236721416), (0.443710793, 0.236418899), (0.444862683, 0.221684183), (0.427668803, 0.232141774), (0.425812517, 0.219088741), (0.444862683, 0.221684183), (0.443710793, 0.236418899), (0.427668803, 0.232141774), (0.407158646, 0.221824689), (0.425812517, 0.219088741), (0.414639949, 0.236611231), (0.425812517, 0.219088741), (0.427668803, 0.232141774), (0.414639949, 0.236611231), (0.592841354, 0.221824689), (0.614963872, 0.221906396), (0.605900775, 0.236721416), (0.592841354, 0.221824689), (0.605900775, 0.236721416), (0.585360051, 0.236611231), (0.385036128, 0.221906396), (0.407158646, 0.221824689), (0.394099225, 0.236721416), (0.407158646, 0.221824689), (0.414639949, 0.236611231), (0.394099225, 0.236721416), (0.614963872, 0.221906396), (0.646920456, 0.221906396), (0.637923428, 0.236721416), (0.614963872, 0.221906396), (0.637923428, 0.236721416), (0.605900775, 0.236721416), (0.353079544, 0.221906396), (0.385036128, 0.221906396), (0.362076572, 0.236721416), (0.385036128, 0.221906396), (0.394099225, 0.236721416), (0.362076572, 0.236721416), (0.646920456, 0.221906396), (0.692444717, 0.221906396), (0.686074683, 0.236721416), (0.646920456, 0.221906396), (0.686074683, 0.236721416), (0.637923428, 0.236721416), (0.307555283, 0.221906396), (0.353079544, 0.221906396), (0.313925317, 0.236721416), (0.353079544, 0.221906396), (0.362076572, 0.236721416), (0.313925317, 0.236721416), (0.692444717, 0.221906396), (0.75, 0.221906396), (0.75, 0.236721416), (0.692444717, 0.221906396), (0.75, 0.236721416), (0.686074683, 0.236721416), (0.25, 0.221906396), (0.307555283, 0.221906396), (0.25, 0.236721416), (0.307555283, 0.221906396), (0.313925317, 0.236721416), (0.25, 0.236721416), (0.75, 0.221906396), (0.807555283, 0.221906396), (0.813925317, 0.236721416), (0.75, 0.221906396), (0.813925317, 0.236721416), (0.75, 0.236721416), (0.192444717, 0.221906396), (0.25, 0.221906396), (0.186074683, 0.236721416), (0.25, 0.221906396), (0.25, 0.236721416), (0.186074683, 0.236721416), (0.807555283, 0.221906396), (0.853079544, 0.221906396), (0.862076572, 0.236721416), (0.807555283, 0.221906396), (0.862076572, 0.236721416), (0.813925317, 0.236721416), (0.146920456, 0.221906396), (0.192444717, 0.221906396), (0.137923428, 0.236721416), (0.192444717, 0.221906396), (0.186074683, 0.236721416), (0.137923428, 0.236721416), (0.853079544, 0.221906396), (0.885036128, 0.221906396), (0.894099225, 0.236721416), (0.853079544, 0.221906396), (0.894099225, 0.236721416), (0.862076572, 0.236721416), (0.114963872, 0.221906396), (0.146920456, 0.221906396), (0.105900775, 0.236721416), (0.146920456, 0.221906396), (0.137923428, 0.236721416), (0.105900775, 0.236721416), (0.885036128, 0.221906396), (0.907158646, 0.221824689), (0.914639949, 0.236611231), (0.885036128, 0.221906396), (0.914639949, 0.236611231), (0.894099225, 0.236721416), (0.092841354, 0.221824689), (0.114963872, 0.221906396), (0.0853600507, 0.236611231), (0.114963872, 0.221906396), (0.105900775, 0.236721416), (0.0853600507, 0.236611231), (0.907158646, 0.221824689), (0.925812517, 0.219088741), (0.927668803, 0.232141774), (0.907158646, 0.221824689), (0.927668803, 0.232141774), (0.914639949, 0.236611231), (0.0741874828, 0.219088741), (0.092841354, 0.221824689), (0.0723311971, 0.232141774), (0.092841354, 0.221824689), (0.0853600507, 0.236611231), (0.0723311971, 0.232141774), (0.925812517, 0.219088741), (0.944862683, 0.221684183), (0.943710793, 0.236418899), (0.927668803, 0.232141774), (0.925812517, 0.219088741), (0.943710793, 0.236418899), (0.944862683, 0.221684183), (0.971462787, 0.221906396), (0.969733174, 0.236721416), (0.943710793, 0.236418899), (0.944862683, 0.221684183), (0.969733174, 0.236721416), (0.971462787, 0.221906396), (1, 0.221906396), (1, 0.236721416), (0.969733174, 0.236721416), (0.971462787, 0.221906396), (1, 0.236721416), (1.07232015e-17, 0.221906396), (0.0285372126, 0.221906396), (0.0302668255, 0.236721416), (1.13886032e-17, 0.236721416), (1.07232015e-17, 0.221906396), (0.0302668255, 0.236721416), (0.0285372126, 0.221906396), (0.0551373166, 0.221684183), (0.0562892068, 0.236418899), (0.0302668255, 0.236721416), (0.0285372126, 0.221906396), (0.0562892068, 0.236418899), (0.0551373166, 0.221684183), (0.0741874828, 0.219088741), (0.0723311971, 0.232141774), (0.0562892068, 0.236418899), (0.0551373166, 0.221684183), (0.0723311971, 0.232141774), (0.556289207, 0.236418899), (0.572331197, 0.232141774), (0.566930717, 0.245930181), (0.572331197, 0.232141774), (0.585360051, 0.236611231), (0.566930717, 0.245930181), (0.530266826, 0.236721416), (0.556289207, 0.236418899), (0.535137641, 0.24674922), (0.556289207, 0.236418899), (0.566930717, 0.245930181), (0.535137641, 0.24674922), (0.5, 0.236721416), (0.530266826, 0.236721416), (0.5, 0.24674922), (0.530266826, 0.236721416), (0.535137641, 0.24674922), (0.5, 0.24674922), (0.469733174, 0.236721416), (0.5, 0.236721416), (0.464862359, 0.24674922), (0.5, 0.236721416), (0.5, 0.24674922), (0.464862359, 0.24674922), (0.443710793, 0.236418899), (0.469733174, 0.236721416), (0.433069283, 0.245930181), (0.469733174, 0.236721416), (0.464862359, 0.24674922), (0.433069283, 0.245930181), (0.427668803, 0.232141774), (0.443710793, 0.236418899), (0.414639949, 0.236611231), (0.443710793, 0.236418899), (0.433069283, 0.245930181), (0.414639949, 0.236611231), (0.566930717, 0.245930181), (0.585360051, 0.236611231), (0.585571485, 0.246218367), (0.585360051, 0.236611231), (0.605900775, 0.236721416), (0.585571485, 0.246218367), (0.535137641, 0.24674922), (0.566930717, 0.245930181), (0.546261962, 0.247058824), (0.566930717, 0.245930181), (0.585571485, 0.246218367), (0.546261962, 0.247058824), (0.5, 0.24674922), (0.535137641, 0.24674922), (0.5, 0.247058824), (0.535137641, 0.24674922), (0.546261962, 0.247058824), (0.5, 0.247058824), (0.464862359, 0.24674922), (0.5, 0.24674922), (0.453738038, 0.247058824), (0.5, 0.24674922), (0.5, 0.247058824), (0.453738038, 0.247058824), (0.433069283, 0.245930181), (0.464862359, 0.24674922), (0.414428515, 0.246218367), (0.464862359, 0.24674922), (0.453738038, 0.247058824), (0.414428515, 0.246218367), (0.414639949, 0.236611231), (0.433069283, 0.245930181), (0.394099225, 0.236721416), (0.433069283, 0.245930181), (0.414428515, 0.246218367), (0.394099225, 0.236721416), (0.585571485, 0.246218367), (0.605900775, 0.236721416), (0.616135852, 0.246218367), (0.605900775, 0.236721416), (0.637923428, 0.236721416), (0.616135852, 0.246218367), (0.546261962, 0.247058824), (0.585571485, 0.246218367), (0.567129527, 0.247058824), (0.585571485, 0.246218367), (0.616135852, 0.246218367), (0.567129527, 0.247058824), (0.5, 0.247058824), (0.546261962, 0.247058824), (0.5, 0.247058824), (0.546261962, 0.247058824), (0.567129527, 0.247058824), (0.5, 0.247058824), (0.453738038, 0.247058824), (0.5, 0.247058824), (0.432870473, 0.247058824), (0.5, 0.247058824), (0.5, 0.247058824), (0.432870473, 0.247058824), (0.414428515, 0.246218367), (0.453738038, 0.247058824), (0.383864148, 0.246218367), (0.453738038, 0.247058824), (0.432870473, 0.247058824), (0.383864148, 0.246218367), (0.394099225, 0.236721416), (0.414428515, 0.246218367), (0.362076572, 0.236721416), (0.414428515, 0.246218367), (0.383864148, 0.246218367), (0.362076572, 0.236721416), (0.616135852, 0.246218367), (0.637923428, 0.236721416), (0.668869058, 0.246218367), (0.637923428, 0.236721416), (0.686074683, 0.236721416), (0.668869058, 0.246218367), (0.567129527, 0.247058824), (0.616135852, 0.246218367), (0.616405394, 0.247058824), (0.616135852, 0.246218367), (0.668869058, 0.246218367), (0.616405394, 0.247058824), (0.5, 0.247058824), (0.567129527, 0.247058824), (0.5, 0.247058824), (0.567129527, 0.247058824), (0.616405394, 0.247058824), (0.5, 0.247058824), (0.432870473, 0.247058824), (0.5, 0.247058824), (0.383594606, 0.247058824), (0.5, 0.247058824), (0.5, 0.247058824), (0.383594606, 0.247058824), (0.383864148, 0.246218367), (0.432870473, 0.247058824), (0.331130942, 0.246218367), (0.432870473, 0.247058824), (0.383594606, 0.247058824), (0.331130942, 0.246218367), (0.362076572, 0.236721416), (0.383864148, 0.246218367), (0.313925317, 0.236721416), (0.383864148, 0.246218367), (0.331130942, 0.246218367), (0.313925317, 0.236721416), (0.668869058, 0.246218367), (0.686074683, 0.236721416), (0.75, 0.246218367), (0.686074683, 0.236721416), (0.75, 0.236721416), (0.75, 0.246218367), (0.616405394, 0.247058824), (0.668869058, 0.246218367), (0.75, 0.247058824), (0.668869058, 0.246218367), (0.75, 0.246218367), (0.75, 0.247058824), (0.5, 0.247058824), (0.616405394, 0.247058824), (0.25, 0.247058824), (0.616405394, 0.247058824), (0.75, 0.247058824), (0.25, 0.247058824), (0.383594606, 0.247058824), (0.5, 0.247058824), (0.25, 0.247058824), (0.5, 0.247058824), (0.25, 0.247058824), (0.25, 0.247058824), (0.331130942, 0.246218367), (0.383594606, 0.247058824), (0.25, 0.246218367), (0.383594606, 0.247058824), (0.25, 0.247058824), (0.25, 0.246218367), (0.313925317, 0.236721416), (0.331130942, 0.246218367), (0.25, 0.236721416), (0.331130942, 0.246218367), (0.25, 0.246218367), (0.25, 0.236721416), (0.75, 0.246218367), (0.75, 0.236721416), (0.831130942, 0.246218367), (0.75, 0.236721416), (0.813925317, 0.236721416), (0.831130942, 0.246218367), (0.75, 0.247058824), (0.75, 0.246218367), (0.883594606, 0.247058824), (0.75, 0.246218367), (0.831130942, 0.246218367), (0.883594606, 0.247058824), (1.25, 0.247058824), (0.75, 0.247058824), (1, 0.247058824), (0.75, 0.247058824), (0.883594606, 0.247058824), (1, 0.247058824), (0.25, 0.247058824), (0.25, 0.247058824), (0.116405394, 0.247058824), (0.25, 0.247058824), (5.30941954e-17, 0.247058824), (0.116405394, 0.247058824), (0.25, 0.246218367), (0.25, 0.247058824), (0.168869058, 0.246218367), (0.25, 0.247058824), (0.116405394, 0.247058824), (0.168869058, 0.246218367), (0.25, 0.236721416), (0.25, 0.246218367), (0.186074683, 0.236721416), (0.25, 0.246218367), (0.168869058, 0.246218367), (0.186074683, 0.236721416), (0.831130942, 0.246218367), (0.813925317, 0.236721416), (0.883864148, 0.246218367), (0.813925317, 0.236721416), (0.862076572, 0.236721416), (0.883864148, 0.246218367), (0.883594606, 0.247058824), (0.831130942, 0.246218367), (0.932870473, 0.247058824), (0.831130942, 0.246218367), (0.883864148, 0.246218367), (0.932870473, 0.247058824), (1, 0.247058824), (0.883594606, 0.247058824), (1, 0.247058824), (0.883594606, 0.247058824), (0.932870473, 0.247058824), (1, 0.247058824), (0.116405394, 0.247058824), (5.30941954e-17, 0.247058824), (0.0671295273, 0.247058824), (5.30941954e-17, 0.247058824), (2.65470977e-17, 0.247058824), (0.0671295273, 0.247058824), (0.168869058, 0.246218367), (0.116405394, 0.247058824), (0.116135852, 0.246218367), (0.116405394, 0.247058824), (0.0671295273, 0.247058824), (0.116135852, 0.246218367), (0.186074683, 0.236721416), (0.168869058, 0.246218367), (0.137923428, 0.236721416), (0.168869058, 0.246218367), (0.116135852, 0.246218367), (0.137923428, 0.236721416), (0.883864148, 0.246218367), (0.862076572, 0.236721416), (0.914428515, 0.246218367), (0.862076572, 0.236721416), (0.894099225, 0.236721416), (0.914428515, 0.246218367), (0.932870473, 0.247058824), (0.883864148, 0.246218367), (0.953738038, 0.247058824), (0.883864148, 0.246218367), (0.914428515, 0.246218367), (0.953738038, 0.247058824), (1, 0.247058824), (0.932870473, 0.247058824), (1, 0.247058824), (0.932870473, 0.247058824), (0.953738038, 0.247058824), (1, 0.247058824), (0.0671295273, 0.247058824), (2.65470977e-17, 0.247058824), (0.0462619622, 0.247058824), (2.65470977e-17, 0.247058824), (1.76980651e-17, 0.247058824), (0.0462619622, 0.247058824), (0.116135852, 0.246218367), (0.0671295273, 0.247058824), (0.0855714851, 0.246218367), (0.0671295273, 0.247058824), (0.0462619622, 0.247058824), (0.0855714851, 0.246218367), (0.137923428, 0.236721416), (0.116135852, 0.246218367), (0.105900775, 0.236721416), (0.116135852, 0.246218367), (0.0855714851, 0.246218367), (0.105900775, 0.236721416), (0.914428515, 0.246218367), (0.894099225, 0.236721416), (0.933069283, 0.245930181), (0.894099225, 0.236721416), (0.914639949, 0.236611231), (0.933069283, 0.245930181), (0.953738038, 0.247058824), (0.914428515, 0.246218367), (0.964862359, 0.24674922), (0.914428515, 0.246218367), (0.933069283, 0.245930181), (0.964862359, 0.24674922), (1, 0.247058824), (0.953738038, 0.247058824), (1, 0.24674922), (0.953738038, 0.247058824), (0.964862359, 0.24674922), (1, 0.24674922), (0.0462619622, 0.247058824), (1.76980651e-17, 0.247058824), (0.0351376415, 0.24674922), (1.76980651e-17, 0.247058824), (1.32780287e-17, 0.24674922), (0.0351376415, 0.24674922), (0.0855714851, 0.246218367), (0.0462619622, 0.247058824), (0.066930717, 0.245930181), (0.0462619622, 0.247058824), (0.0351376415, 0.24674922), (0.066930717, 0.245930181), (0.105900775, 0.236721416), (0.0855714851, 0.246218367), (0.0853600507, 0.236611231), (0.0855714851, 0.246218367), (0.066930717, 0.245930181), (0.0853600507, 0.236611231), (0.933069283, 0.245930181), (0.914639949, 0.236611231), (0.943710793, 0.236418899), (0.914639949, 0.236611231), (0.927668803, 0.232141774), (0.943710793, 0.236418899), (0.964862359, 0.24674922), (0.933069283, 0.245930181), (0.969733174, 0.236721416), (0.933069283, 0.245930181), (0.943710793, 0.236418899), (0.969733174, 0.236721416), (1, 0.24674922), (0.964862359, 0.24674922), (1, 0.236721416), (0.964862359, 0.24674922), (0.969733174, 0.236721416), (1, 0.236721416), (0.0351376415, 0.24674922), (1.32780287e-17, 0.24674922), (0.0302668255, 0.236721416), (1.32780287e-17, 0.24674922), (1.13886032e-17, 0.236721416), (0.0302668255, 0.236721416), (0.066930717, 0.245930181), (0.0351376415, 0.24674922), (0.0562892068, 0.236418899), (0.0351376415, 0.24674922), (0.0302668255, 0.236721416), (0.0562892068, 0.236418899), (0.0853600507, 0.236611231), (0.066930717, 0.245930181), (0.0723311971, 0.232141774), (0.066930717, 0.245930181), (0.0562892068, 0.236418899), (0.0723311971, 0.232141774)] (interpolation = "faceVarying")

        custom double3[] tet_points = [(-0.0234641016, -0.0114641016, 0.00253589838), (-0.0241912128, -0.00893138063, 0.00180878716), (-0.0242426407, -0.00466666667, 0.00175735931), (-0.0242426407, 1.73472348e-18, 0.00175735931), (-0.0242426407, 0.00466666667, 0.00175735931), (-0.0241912128, 0.00893138063, 0.00180878716), (-0.0234641016, 0.0114641016, 0.00253589838), (-0.0205631879, -0.0122239093, 0.00177609071), (-0.0207744174, -0.00929069571, 0.0001918693), (-0.0207929823, -0.00466666667, 5.26325959e-05), (-0.0207929823, 1.73472348e-18, 5.26325959e-05), (-0.0207929823, 0.00466666667, 5.26325959e-05), (-0.0207744174, 0.00929069571, 0.0001918693), (-0.0205631879, 0.0122239093, 0.00177609071), (-0.0156, -0.0122426407, 0.00175735931), (-0.0156, -0.00930158275, 0.000142877639), (-0.0156, -0.00466666667, 0), (-0.0156, 1.73472348e-18, 0), (-0.0156, 0.00466666667, 0), (-0.0156, 0.00930158275, 0.000142877639), (-0.0156, 0.0122426407, 0.00175735931), (-0.0104, -0.0122426407, 0.00175735931), (-0.0104, -0.00930158275, 0.000142877639), (-0.0104, -0.00466666667, 0), (-0.0104, 1.73472348e-18, 0), (-0.0104, 0.00466666667, 0), (-0.0104, 0.00930158275, 0.000142877639), (-0.0104, 0.0122426407, 0.00175735931), (-0.0052, -0.0122426407, 0.00175735931), (-0.0052, -0.00930158275, 0.000142877639), (-0.0052, -0.00466666667, 0), (-0.0052, 1.73472348e-18, 0), (-0.0052, 0.00466666667, 0), (-0.0052, 0.00930158275, 0.000142877639), (-0.0052, 0.0122426407, 0.00175735931), (0, -0.0122426407, 0.00175735931), (0, -0.00930158275, 0.000142877639), (0, -0.00466666667, 0), (0, 1.73472348e-18, 0), (0, 0.00466666667, 0), (0, 0.00930158275, 0.000142877639), (0, 0.0122426407, 0.00175735931), (0.0052, -0.0122426407, 0.00175735931), (0.0052, -0.00930158275, 0.000142877639), (0.0052, -0.00466666667, 0), (0.0052, 1.73472348e-18, 0), (0.0052, 0.00466666667, 0), (0.0052, 0.00930158275, 0.000142877639), (0.0052, 0.0122426407, 0.00175735931), (0.0104, -0.0122426407, 0.00175735931), (0.0104, -0.00930158275, 0.000142877639), (0.0104, -0.00466666667, 0), (0.0104, 1.73472348e-18, 0), (0.0104, 0.00466666667, 0), (0.0104, 0.00930158275, 0.000142877639), (0.0104, 0.0122426407, 0.00175735931), (0.0156, -0.0122426407, 0.00175735931), (0.0156, -0.00930158275, 0.000142877639), (0.0156, -0.00466666667, 0), (0.0156, 1.73472348e-18, 0), (0.0156, 0.00466666667, 0), (0.0156, 0.00930158275, 0.000142877639), (0.0156, 0.0122426407, 0.00175735931), (0.0205631879, -0.0122239093, 0.00177609071), (0.0207744174, -0.00929069571, 0.0001918693), (0.0207929823, -0.00466666667, 5.26325959e-05), (0.0207929823, 1.73472348e-18, 5.26325959e-05), (0.0207929823, 0.00466666667, 5.26325959e-05), (0.0207744174, 0.00929069571, 0.0001918693), (0.0205631879, 0.0122239093, 0.00177609071), (0.0234641016, -0.0114641016, 0.00253589838), (0.0241912128, -0.00893138063, 0.00180878716), (0.0242426407, -0.00466666667, 0.00175735931), (0.0242426407, 1.73472348e-18, 0.00175735931), (0.0242426407, 0.00466666667, 0.00175735931), (0.0241912128, 0.00893138063, 0.00180878716), (0.0234641016, 0.0114641016, 0.00253589838), (-0.0241502868, -0.0121502868, 0.00475491397), (-0.0256210369, -0.00924911931, 0.00431368893), (-0.0257469577, -0.00466666667, 0.00427591269), (-0.0257469577, 1.73472348e-18, 0.00427591269), (-0.0257469577, 0.00466666667, 0.00427591269), (-0.0256210369, 0.00924911931, 0.00431368893), (-0.0241502868, 0.0121502868, 0.00475491397), (-0.0207600876, -0.0137006572, 0.00428980284), (-0.0208, -0.00933333333, 0.0042), (-0.0208, -0.00466666667, 0.0042), (-0.0208, 1.73472348e-18, 0.0042), (-0.0208, 0.00466666667, 0.0042), (-0.0208, 0.00933333333, 0.0042), (-0.0207600876, 0.0137006572, 0.00428980284), (-0.0156, -0.0137469577, 0.00427591269), (-0.0156, -0.00933333333, 0.0042), (-0.0156, -0.00466666667, 0.0042), (-0.0156, 1.73472348e-18, 0.0042), (-0.0156, 0.00466666667, 0.0042), (-0.0156, 0.00933333333, 0.0042), (-0.0156, 0.0137469577, 0.00427591269), (-0.0104, -0.0137469577, 0.00427591269), (-0.0104, -0.00933333333, 0.0042), (-0.0104, -0.00466666667, 0.0042), (-0.0104, 1.73472348e-18, 0.0042), (-0.0104, 0.00466666667, 0.0042), (-0.0104, 0.00933333333, 0.0042), (-0.0104, 0.0137469577, 0.00427591269), (-0.0052, -0.0137469577, 0.00427591269), (-0.0052, -0.00933333333, 0.0042), (-0.0052, -0.00466666667, 0.0042), (-0.0052, 1.73472348e-18, 0.0042), (-0.0052, 0.00466666667, 0.0042), (-0.0052, 0.00933333333, 0.0042), (-0.0052, 0.0137469577, 0.00427591269), (0, -0.0137469577, 0.00427591269), (0, -0.00933333333, 0.0042), (0, -0.00466666667, 0.0042), (0, 1.73472348e-18, 0.0042), (0, 0.00466666667, 0.0042), (0, 0.00933333333, 0.0042), (0, 0.0137469577, 0.00427591269), (0.0052, -0.0137469577, 0.00427591269), (0.0052, -0.00933333333, 0.0042), (0.0052, -0.00466666667, 0.0042), (0.0052, 1.73472348e-18, 0.0042), (0.0052, 0.00466666667, 0.0042), (0.0052, 0.00933333333, 0.0042), (0.0052, 0.0137469577, 0.00427591269), (0.0104, -0.0137469577, 0.00427591269), (0.0104, -0.00933333333, 0.0042), (0.0104, -0.00466666667, 0.0042), (0.0104, 1.73472348e-18, 0.0042), (0.0104, 0.00466666667, 0.0042), (0.0104, 0.00933333333, 0.0042), (0.0104, 0.0137469577, 0.00427591269), (0.0156, -0.0137469577, 0.00427591269), (0.0156, -0.00933333333, 0.0042), (0.0156, -0.00466666667, 0.0042), (0.0156, 1.73472348e-18, 0.0042), (0.0156, 0.00466666667, 0.0042), (0.0156, 0.00933333333, 0.0042), (0.0156, 0.0137469577, 0.00427591269), (0.0207600876, -0.0137006572, 0.00428980284), (0.0208, -0.00933333333, 0.0042), (0.0208, -0.00466666667, 0.0042), (0.0208, 1.73472348e-18, 0.0042), (0.0208, 0.00466666667, 0.0042), (0.0208, 0.00933333333, 0.0042), (0.0207600876, 0.0137006572, 0.00428980284), (0.0241502868, -0.0121502868, 0.00475491397), (0.0256210369, -0.00924911931, 0.00431368893), (0.0257469577, -0.00466666667, 0.00427591269), (0.0257469577, 1.73472348e-18, 0.00427591269), (0.0257469577, 0.00466666667, 0.00427591269), (0.0256210369, 0.00924911931, 0.00431368893), (0.0241502868, 0.0121502868, 0.00475491397), (-0.0242426407, -0.0122426407, 0.0084), (-0.0258571224, -0.00930158275, 0.0084), (-0.026, -0.00466666667, 0.0084), (-0.026, 1.73472348e-18, 0.0084), (-0.026, 0.00466666667, 0.0084), (-0.0258571224, 0.00930158275, 0.0084), (-0.0242426407, 0.0122426407, 0.0084), (-0.0207929823, -0.0139473674, 0.0084), (-0.0208, -0.00933333333, 0.0084), (-0.0208, -0.00466666667, 0.0084), (-0.0208, 1.73472348e-18, 0.0084), (-0.0208, 0.00466666667, 0.0084), (-0.0208, 0.00933333333, 0.0084), (-0.0207929823, 0.0139473674, 0.0084), (-0.0156, -0.014, 0.0084), (-0.0156, -0.00933333333, 0.0084), (-0.0156, -0.00466666667, 0.0084), (-0.0156, 1.73472348e-18, 0.0084), (-0.0156, 0.00466666667, 0.0084), (-0.0156, 0.00933333333, 0.0084), (-0.0156, 0.014, 0.0084), (-0.0104, -0.014, 0.0084), (-0.0104, -0.00933333333, 0.0084), (-0.0104, -0.00466666667, 0.0084), (-0.0104, 1.73472348e-18, 0.0084), (-0.0104, 0.00466666667, 0.0084), (-0.0104, 0.00933333333, 0.0084), (-0.0104, 0.014, 0.0084), (-0.0052, -0.014, 0.0084), (-0.0052, -0.00933333333, 0.0084), (-0.0052, -0.00466666667, 0.0084), (-0.0052, 1.73472348e-18, 0.0084), (-0.0052, 0.00466666667, 0.0084), (-0.0052, 0.00933333333, 0.0084), (-0.0052, 0.014, 0.0084), (0, -0.014, 0.0084), (0, -0.00933333333, 0.0084), (0, -0.00466666667, 0.0084), (0, 1.73472348e-18, 0.0084), (0, 0.00466666667, 0.0084), (0, 0.00933333333, 0.0084), (0, 0.014, 0.0084), (0.0052, -0.014, 0.0084), (0.0052, -0.00933333333, 0.0084), (0.0052, -0.00466666667, 0.0084), (0.0052, 1.73472348e-18, 0.0084), (0.0052, 0.00466666667, 0.0084), (0.0052, 0.00933333333, 0.0084), (0.0052, 0.014, 0.0084), (0.0104, -0.014, 0.0084), (0.0104, -0.00933333333, 0.0084), (0.0104, -0.00466666667, 0.0084), (0.0104, 1.73472348e-18, 0.0084), (0.0104, 0.00466666667, 0.0084), (0.0104, 0.00933333333, 0.0084), (0.0104, 0.014, 0.0084), (0.0156, -0.014, 0.0084), (0.0156, -0.00933333333, 0.0084), (0.0156, -0.00466666667, 0.0084), (0.0156, 1.73472348e-18, 0.0084), (0.0156, 0.00466666667, 0.0084), (0.0156, 0.00933333333, 0.0084), (0.0156, 0.014, 0.0084), (0.0207929823, -0.0139473674, 0.0084), (0.0208, -0.00933333333, 0.0084), (0.0208, -0.00466666667, 0.0084), (0.0208, 1.73472348e-18, 0.0084), (0.0208, 0.00466666667, 0.0084), (0.0208, 0.00933333333, 0.0084), (0.0207929823, 0.0139473674, 0.0084), (0.0242426407, -0.0122426407, 0.0084), (0.0258571224, -0.00930158275, 0.0084), (0.026, -0.00466666667, 0.0084), (0.026, 1.73472348e-18, 0.0084), (0.026, 0.00466666667, 0.0084), (0.0258571224, 0.00930158275, 0.0084), (0.0242426407, 0.0122426407, 0.0084), (-0.0242426407, -0.0122426407, 0.0126), (-0.0258571224, -0.00930158275, 0.0126), (-0.026, -0.00466666667, 0.0126), (-0.026, 1.73472348e-18, 0.0126), (-0.026, 0.00466666667, 0.0126), (-0.0258571224, 0.00930158275, 0.0126), (-0.0242426407, 0.0122426407, 0.0126), (-0.0207929823, -0.0139473674, 0.0126), (-0.0208, -0.00933333333, 0.0126), (-0.0208, -0.00466666667, 0.0126), (-0.0208, 1.73472348e-18, 0.0126), (-0.0208, 0.00466666667, 0.0126), (-0.0208, 0.00933333333, 0.0126), (-0.0207929823, 0.0139473674, 0.0126), (-0.0156, -0.014, 0.0126), (-0.0156, -0.00933333333, 0.0126), (-0.0156, -0.00466666667, 0.0126), (-0.0156, 1.73472348e-18, 0.0126), (-0.0156, 0.00466666667, 0.0126), (-0.0156, 0.00933333333, 0.0126), (-0.0156, 0.014, 0.0126), (-0.0104, -0.014, 0.0126), (-0.0104, -0.00933333333, 0.0126), (-0.0104, -0.00466666667, 0.0126), (-0.0104, 1.73472348e-18, 0.0126), (-0.0104, 0.00466666667, 0.0126), (-0.0104, 0.00933333333, 0.0126), (-0.0104, 0.014, 0.0126), (-0.0052, -0.014, 0.0126), (-0.0052, -0.00933333333, 0.0126), (-0.0052, -0.00466666667, 0.0126), (-0.0052, 1.73472348e-18, 0.0126), (-0.0052, 0.00466666667, 0.0126), (-0.0052, 0.00933333333, 0.0126), (-0.0052, 0.014, 0.0126), (0, -0.014, 0.0126), (0, -0.00933333333, 0.0126), (0, -0.00466666667, 0.0126), (0, 1.73472348e-18, 0.0126), (0, 0.00466666667, 0.0126), (0, 0.00933333333, 0.0126), (0, 0.014, 0.0126), (0.0052, -0.014, 0.0126), (0.0052, -0.00933333333, 0.0126), (0.0052, -0.00466666667, 0.0126), (0.0052, 1.73472348e-18, 0.0126), (0.0052, 0.00466666667, 0.0126), (0.0052, 0.00933333333, 0.0126), (0.0052, 0.014, 0.0126), (0.0104, -0.014, 0.0126), (0.0104, -0.00933333333, 0.0126), (0.0104, -0.00466666667, 0.0126), (0.0104, 1.73472348e-18, 0.0126), (0.0104, 0.00466666667, 0.0126), (0.0104, 0.00933333333, 0.0126), (0.0104, 0.014, 0.0126), (0.0156, -0.014, 0.0126), (0.0156, -0.00933333333, 0.0126), (0.0156, -0.00466666667, 0.0126), (0.0156, 1.73472348e-18, 0.0126), (0.0156, 0.00466666667, 0.0126), (0.0156, 0.00933333333, 0.0126), (0.0156, 0.014, 0.0126), (0.0207929823, -0.0139473674, 0.0126), (0.0208, -0.00933333333, 0.0126), (0.0208, -0.00466666667, 0.0126), (0.0208, 1.73472348e-18, 0.0126), (0.0208, 0.00466666667, 0.0126), (0.0208, 0.00933333333, 0.0126), (0.0207929823, 0.0139473674, 0.0126), (0.0242426407, -0.0122426407, 0.0126), (0.0258571224, -0.00930158275, 0.0126), (0.026, -0.00466666667, 0.0126), (0.026, 1.73472348e-18, 0.0126), (0.026, 0.00466666667, 0.0126), (0.0258571224, 0.00930158275, 0.0126), (0.0242426407, 0.0122426407, 0.0126), (-0.0242426407, -0.0122426407, 0.0168), (-0.0258571224, -0.00930158275, 0.0168), (-0.026, -0.00466666667, 0.0168), (-0.026, 1.73472348e-18, 0.0168), (-0.026, 0.00466666667, 0.0168), (-0.0258571224, 0.00930158275, 0.0168), (-0.0242426407, 0.0122426407, 0.0168), (-0.0207929823, -0.0139473674, 0.0168), (-0.0208, -0.00933333333, 0.0168), (-0.0208, -0.00466666667, 0.0168), (-0.0208, 1.73472348e-18, 0.0168), (-0.0208, 0.00466666667, 0.0168), (-0.0208, 0.00933333333, 0.0168), (-0.0207929823, 0.0139473674, 0.0168), (-0.0156, -0.014, 0.0168), (-0.0156, -0.00933333333, 0.0168), (-0.0156, -0.00466666667, 0.0168), (-0.0156, 1.73472348e-18, 0.0168), (-0.0156, 0.00466666667, 0.0168), (-0.0156, 0.00933333333, 0.0168), (-0.0156, 0.014, 0.0168), (-0.0104, -0.014, 0.0168), (-0.0104, -0.00933333333, 0.0168), (-0.0104, -0.00466666667, 0.0168), (-0.0104, 1.73472348e-18, 0.0168), (-0.0104, 0.00466666667, 0.0168), (-0.0104, 0.00933333333, 0.0168), (-0.0104, 0.014, 0.0168), (-0.0052, -0.014, 0.0168), (-0.0052, -0.00933333333, 0.0168), (-0.0052, -0.00466666667, 0.0168), (-0.0052, 1.73472348e-18, 0.0168), (-0.0052, 0.00466666667, 0.0168), (-0.0052, 0.00933333333, 0.0168), (-0.0052, 0.014, 0.0168), (0, -0.014, 0.0168), (0, -0.00933333333, 0.0168), (0, -0.00466666667, 0.0168), (0, 1.73472348e-18, 0.0168), (0, 0.00466666667, 0.0168), (0, 0.00933333333, 0.0168), (0, 0.014, 0.0168), (0.0052, -0.014, 0.0168), (0.0052, -0.00933333333, 0.0168), (0.0052, -0.00466666667, 0.0168), (0.0052, 1.73472348e-18, 0.0168), (0.0052, 0.00466666667, 0.0168), (0.0052, 0.00933333333, 0.0168), (0.0052, 0.014, 0.0168), (0.0104, -0.014, 0.0168), (0.0104, -0.00933333333, 0.0168), (0.0104, -0.00466666667, 0.0168), (0.0104, 1.73472348e-18, 0.0168), (0.0104, 0.00466666667, 0.0168), (0.0104, 0.00933333333, 0.0168), (0.0104, 0.014, 0.0168), (0.0156, -0.014, 0.0168), (0.0156, -0.00933333333, 0.0168), (0.0156, -0.00466666667, 0.0168), (0.0156, 1.73472348e-18, 0.0168), (0.0156, 0.00466666667, 0.0168), (0.0156, 0.00933333333, 0.0168), (0.0156, 0.014, 0.0168), (0.0207929823, -0.0139473674, 0.0168), (0.0208, -0.00933333333, 0.0168), (0.0208, -0.00466666667, 0.0168), (0.0208, 1.73472348e-18, 0.0168), (0.0208, 0.00466666667, 0.0168), (0.0208, 0.00933333333, 0.0168), (0.0207929823, 0.0139473674, 0.0168), (0.0242426407, -0.0122426407, 0.0168), (0.0258571224, -0.00930158275, 0.0168), (0.026, -0.00466666667, 0.0168), (0.026, 1.73472348e-18, 0.0168), (0.026, 0.00466666667, 0.0168), (0.0258571224, 0.00930158275, 0.0168), (0.0242426407, 0.0122426407, 0.0168), (-0.0242426407, -0.0122426407, 0.021), (-0.0258571224, -0.00930158275, 0.021), (-0.026, -0.00466666667, 0.021), (-0.026, 1.73472348e-18, 0.021), (-0.026, 0.00466666667, 0.021), (-0.0258571224, 0.00930158275, 0.021), (-0.0242426407, 0.0122426407, 0.021), (-0.0207929823, -0.0139473674, 0.021), (-0.0208, -0.00933333333, 0.021), (-0.0208, -0.00466666667, 0.021), (-0.0208, 1.73472348e-18, 0.021), (-0.0208, 0.00466666667, 0.021), (-0.0208, 0.00933333333, 0.021), (-0.0207929823, 0.0139473674, 0.021), (-0.0156, -0.014, 0.021), (-0.0156, -0.00933333333, 0.021), (-0.0156, -0.00466666667, 0.021), (-0.0156, 1.73472348e-18, 0.021), (-0.0156, 0.00466666667, 0.021), (-0.0156, 0.00933333333, 0.021), (-0.0156, 0.014, 0.021), (-0.0104, -0.014, 0.021), (-0.0104, -0.00933333333, 0.021), (-0.0104, -0.00466666667, 0.021), (-0.0104, 1.73472348e-18, 0.021), (-0.0104, 0.00466666667, 0.021), (-0.0104, 0.00933333333, 0.021), (-0.0104, 0.014, 0.021), (-0.0052, -0.014, 0.021), (-0.0052, -0.00933333333, 0.021), (-0.0052, -0.00466666667, 0.021), (-0.0052, 1.73472348e-18, 0.021), (-0.0052, 0.00466666667, 0.021), (-0.0052, 0.00933333333, 0.021), (-0.0052, 0.014, 0.021), (0, -0.014, 0.021), (0, -0.00933333333, 0.021), (0, -0.00466666667, 0.021), (0, 1.73472348e-18, 0.021), (0, 0.00466666667, 0.021), (0, 0.00933333333, 0.021), (0, 0.014, 0.021), (0.0052, -0.014, 0.021), (0.0052, -0.00933333333, 0.021), (0.0052, -0.00466666667, 0.021), (0.0052, 1.73472348e-18, 0.021), (0.0052, 0.00466666667, 0.021), (0.0052, 0.00933333333, 0.021), (0.0052, 0.014, 0.021), (0.0104, -0.014, 0.021), (0.0104, -0.00933333333, 0.021), (0.0104, -0.00466666667, 0.021), (0.0104, 1.73472348e-18, 0.021), (0.0104, 0.00466666667, 0.021), (0.0104, 0.00933333333, 0.021), (0.0104, 0.014, 0.021), (0.0156, -0.014, 0.021), (0.0156, -0.00933333333, 0.021), (0.0156, -0.00466666667, 0.021), (0.0156, 1.73472348e-18, 0.021), (0.0156, 0.00466666667, 0.021), (0.0156, 0.00933333333, 0.021), (0.0156, 0.014, 0.021), (0.0207929823, -0.0139473674, 0.021), (0.0208, -0.00933333333, 0.021), (0.0208, -0.00466666667, 0.021), (0.0208, 1.73472348e-18, 0.021), (0.0208, 0.00466666667, 0.021), (0.0208, 0.00933333333, 0.021), (0.0207929823, 0.0139473674, 0.021), (0.0242426407, -0.0122426407, 0.021), (0.0258571224, -0.00930158275, 0.021), (0.026, -0.00466666667, 0.021), (0.026, 1.73472348e-18, 0.021), (0.026, 0.00466666667, 0.021), (0.0258571224, 0.00930158275, 0.021), (0.0242426407, 0.0122426407, 0.021), (-0.0242426407, -0.0122426407, 0.0252), (-0.0258571224, -0.00930158275, 0.0252), (-0.026, -0.00466666667, 0.0252), (-0.026, 1.73472348e-18, 0.0252), (-0.026, 0.00466666667, 0.0252), (-0.0258571224, 0.00930158275, 0.0252), (-0.0242426407, 0.0122426407, 0.0252), (-0.0207929823, -0.0139473674, 0.0252), (-0.0208, -0.00933333333, 0.0252), (-0.0208, -0.00466666667, 0.0252), (-0.0208, 1.73472348e-18, 0.0252), (-0.0208, 0.00466666667, 0.0252), (-0.0208, 0.00933333333, 0.0252), (-0.0207929823, 0.0139473674, 0.0252), (-0.0156, -0.014, 0.0252), (-0.0156, -0.00933333333, 0.0252), (-0.0156, -0.00466666667, 0.0252), (-0.0156, 1.73472348e-18, 0.0252), (-0.0156, 0.00466666667, 0.0252), (-0.0156, 0.00933333333, 0.0252), (-0.0156, 0.014, 0.0252), (-0.0104, -0.014, 0.0252), (-0.0104, -0.00933333333, 0.0252), (-0.0104, -0.00466666667, 0.0252), (-0.0104, 1.73472348e-18, 0.0252), (-0.0104, 0.00466666667, 0.0252), (-0.0104, 0.00933333333, 0.0252), (-0.0104, 0.014, 0.0252), (-0.0052, -0.014, 0.0252), (-0.0052, -0.00933333333, 0.0252), (-0.0052, -0.00466666667, 0.0252), (-0.0052, 1.73472348e-18, 0.0252), (-0.0052, 0.00466666667, 0.0252), (-0.0052, 0.00933333333, 0.0252), (-0.0052, 0.014, 0.0252), (0, -0.014, 0.0252), (0, -0.00933333333, 0.0252), (0, -0.00466666667, 0.0252), (0, 1.73472348e-18, 0.0252), (0, 0.00466666667, 0.0252), (0, 0.00933333333, 0.0252), (0, 0.014, 0.0252), (0.0052, -0.014, 0.0252), (0.0052, -0.00933333333, 0.0252), (0.0052, -0.00466666667, 0.0252), (0.0052, 1.73472348e-18, 0.0252), (0.0052, 0.00466666667, 0.0252), (0.0052, 0.00933333333, 0.0252), (0.0052, 0.014, 0.0252), (0.0104, -0.014, 0.0252), (0.0104, -0.00933333333, 0.0252), (0.0104, -0.00466666667, 0.0252), (0.0104, 1.73472348e-18, 0.0252), (0.0104, 0.00466666667, 0.0252), (0.0104, 0.00933333333, 0.0252), (0.0104, 0.014, 0.0252), (0.0156, -0.014, 0.0252), (0.0156, -0.00933333333, 0.0252), (0.0156, -0.00466666667, 0.0252), (0.0156, 1.73472348e-18, 0.0252), (0.0156, 0.00466666667, 0.0252), (0.0156, 0.00933333333, 0.0252), (0.0156, 0.014, 0.0252), (0.0207929823, -0.0139473674, 0.0252), (0.0208, -0.00933333333, 0.0252), (0.0208, -0.00466666667, 0.0252), (0.0208, 1.73472348e-18, 0.0252), (0.0208, 0.00466666667, 0.0252), (0.0208, 0.00933333333, 0.0252), (0.0207929823, 0.0139473674, 0.0252), (0.0242426407, -0.0122426407, 0.0252), (0.0258571224, -0.00930158275, 0.0252), (0.026, -0.00466666667, 0.0252), (0.026, 1.73472348e-18, 0.0252), (0.026, 0.00466666667, 0.0252), (0.0258571224, 0.00930158275, 0.0252), (0.0242426407, 0.0122426407, 0.0252), (-0.0242426407, -0.0122426407, 0.0294), (-0.0258571224, -0.00930158275, 0.0294), (-0.026, -0.00466666667, 0.0294), (-0.026, 1.73472348e-18, 0.0294), (-0.026, 0.00466666667, 0.0294), (-0.0258571224, 0.00930158275, 0.0294), (-0.0242426407, 0.0122426407, 0.0294), (-0.0207929823, -0.0139473674, 0.0294), (-0.0208, -0.00933333333, 0.0294), (-0.0208, -0.00466666667, 0.0294), (-0.0208, 1.73472348e-18, 0.0294), (-0.0208, 0.00466666667, 0.0294), (-0.0208, 0.00933333333, 0.0294), (-0.0207929823, 0.0139473674, 0.0294), (-0.0156, -0.014, 0.0294), (-0.0156, -0.00933333333, 0.0294), (-0.0156, -0.00466666667, 0.0294), (-0.0156, 1.73472348e-18, 0.0294), (-0.0156, 0.00466666667, 0.0294), (-0.0156, 0.00933333333, 0.0294), (-0.0156, 0.014, 0.0294), (-0.0104, -0.014, 0.0294), (-0.0104, -0.00933333333, 0.0294), (-0.0104, -0.00466666667, 0.0294), (-0.0104, 1.73472348e-18, 0.0294), (-0.0104, 0.00466666667, 0.0294), (-0.0104, 0.00933333333, 0.0294), (-0.0104, 0.014, 0.0294), (-0.0052, -0.014, 0.0294), (-0.0052, -0.00933333333, 0.0294), (-0.0052, -0.00466666667, 0.0294), (-0.0052, 1.73472348e-18, 0.0294), (-0.0052, 0.00466666667, 0.0294), (-0.0052, 0.00933333333, 0.0294), (-0.0052, 0.014, 0.0294), (0, -0.014, 0.0294), (0, -0.00933333333, 0.0294), (0, -0.00466666667, 0.0294), (0, 1.73472348e-18, 0.0294), (0, 0.00466666667, 0.0294), (0, 0.00933333333, 0.0294), (0, 0.014, 0.0294), (0.0052, -0.014, 0.0294), (0.0052, -0.00933333333, 0.0294), (0.0052, -0.00466666667, 0.0294), (0.0052, 1.73472348e-18, 0.0294), (0.0052, 0.00466666667, 0.0294), (0.0052, 0.00933333333, 0.0294), (0.0052, 0.014, 0.0294), (0.0104, -0.014, 0.0294), (0.0104, -0.00933333333, 0.0294), (0.0104, -0.00466666667, 0.0294), (0.0104, 1.73472348e-18, 0.0294), (0.0104, 0.00466666667, 0.0294), (0.0104, 0.00933333333, 0.0294), (0.0104, 0.014, 0.0294), (0.0156, -0.014, 0.0294), (0.0156, -0.00933333333, 0.0294), (0.0156, -0.00466666667, 0.0294), (0.0156, 1.73472348e-18, 0.0294), (0.0156, 0.00466666667, 0.0294), (0.0156, 0.00933333333, 0.0294), (0.0156, 0.014, 0.0294), (0.0207929823, -0.0139473674, 0.0294), (0.0208, -0.00933333333, 0.0294), (0.0208, -0.00466666667, 0.0294), (0.0208, 1.73472348e-18, 0.0294), (0.0208, 0.00466666667, 0.0294), (0.0208, 0.00933333333, 0.0294), (0.0207929823, 0.0139473674, 0.0294), (0.0242426407, -0.0122426407, 0.0294), (0.0258571224, -0.00930158275, 0.0294), (0.026, -0.00466666667, 0.0294), (0.026, 1.73472348e-18, 0.0294), (0.026, 0.00466666667, 0.0294), (0.0258571224, 0.00930158275, 0.0294), (0.0242426407, 0.0122426407, 0.0294), (-0.0242426407, -0.0122426407, 0.0336), (-0.0258571224, -0.00930158275, 0.0336), (-0.026, -0.00466666667, 0.0336), (-0.026, 1.73472348e-18, 0.0336), (-0.026, 0.00466666667, 0.0336), (-0.0258571224, 0.00930158275, 0.0336), (-0.0242426407, 0.0122426407, 0.0336), (-0.0207929823, -0.0139473674, 0.0336), (-0.0208, -0.00933333333, 0.0336), (-0.0208, -0.00466666667, 0.0336), (-0.0208, 1.73472348e-18, 0.0336), (-0.0208, 0.00466666667, 0.0336), (-0.0208, 0.00933333333, 0.0336), (-0.0207929823, 0.0139473674, 0.0336), (-0.0156, -0.014, 0.0336), (-0.0156, -0.00933333333, 0.0336), (-0.0156, -0.00466666667, 0.0336), (-0.0156, 1.73472348e-18, 0.0336), (-0.0156, 0.00466666667, 0.0336), (-0.0156, 0.00933333333, 0.0336), (-0.0156, 0.014, 0.0336), (-0.0104, -0.014, 0.0336), (-0.0104, -0.00933333333, 0.0336), (-0.0104, -0.00466666667, 0.0336), (-0.0104, 1.73472348e-18, 0.0336), (-0.0104, 0.00466666667, 0.0336), (-0.0104, 0.00933333333, 0.0336), (-0.0104, 0.014, 0.0336), (-0.0052, -0.014, 0.0336), (-0.0052, -0.00933333333, 0.0336), (-0.0052, -0.00466666667, 0.0336), (-0.0052, 1.73472348e-18, 0.0336), (-0.0052, 0.00466666667, 0.0336), (-0.0052, 0.00933333333, 0.0336), (-0.0052, 0.014, 0.0336), (0, -0.014, 0.0336), (0, -0.00933333333, 0.0336), (0, -0.00466666667, 0.0336), (0, 1.73472348e-18, 0.0336), (0, 0.00466666667, 0.0336), (0, 0.00933333333, 0.0336), (0, 0.014, 0.0336), (0.0052, -0.014, 0.0336), (0.0052, -0.00933333333, 0.0336), (0.0052, -0.00466666667, 0.0336), (0.0052, 1.73472348e-18, 0.0336), (0.0052, 0.00466666667, 0.0336), (0.0052, 0.00933333333, 0.0336), (0.0052, 0.014, 0.0336), (0.0104, -0.014, 0.0336), (0.0104, -0.00933333333, 0.0336), (0.0104, -0.00466666667, 0.0336), (0.0104, 1.73472348e-18, 0.0336), (0.0104, 0.00466666667, 0.0336), (0.0104, 0.00933333333, 0.0336), (0.0104, 0.014, 0.0336), (0.0156, -0.014, 0.0336), (0.0156, -0.00933333333, 0.0336), (0.0156, -0.00466666667, 0.0336), (0.0156, 1.73472348e-18, 0.0336), (0.0156, 0.00466666667, 0.0336), (0.0156, 0.00933333333, 0.0336), (0.0156, 0.014, 0.0336), (0.0207929823, -0.0139473674, 0.0336), (0.0208, -0.00933333333, 0.0336), (0.0208, -0.00466666667, 0.0336), (0.0208, 1.73472348e-18, 0.0336), (0.0208, 0.00466666667, 0.0336), (0.0208, 0.00933333333, 0.0336), (0.0207929823, 0.0139473674, 0.0336), (0.0242426407, -0.0122426407, 0.0336), (0.0258571224, -0.00930158275, 0.0336), (0.026, -0.00466666667, 0.0336), (0.026, 1.73472348e-18, 0.0336), (0.026, 0.00466666667, 0.0336), (0.0258571224, 0.00930158275, 0.0336), (0.0242426407, 0.0122426407, 0.0336), (-0.0241502868, -0.0121502868, 0.037245086), (-0.0256210369, -0.00924911931, 0.0376863111), (-0.0257469577, -0.00466666667, 0.0377240873), (-0.0257469577, 1.73472348e-18, 0.0377240873), (-0.0257469577, 0.00466666667, 0.0377240873), (-0.0256210369, 0.00924911931, 0.0376863111), (-0.0241502868, 0.0121502868, 0.037245086), (-0.0207600876, -0.0137006572, 0.0377101972), (-0.0208, -0.00933333333, 0.0378), (-0.0208, -0.00466666667, 0.0378), (-0.0208, 1.73472348e-18, 0.0378), (-0.0208, 0.00466666667, 0.0378), (-0.0208, 0.00933333333, 0.0378), (-0.0207600876, 0.0137006572, 0.0377101972), (-0.0156, -0.0137469577, 0.0377240873), (-0.0156, -0.00933333333, 0.0378), (-0.0156, -0.00466666667, 0.0378), (-0.0156, 1.73472348e-18, 0.0378), (-0.0156, 0.00466666667, 0.0378), (-0.0156, 0.00933333333, 0.0378), (-0.0156, 0.0137469577, 0.0377240873), (-0.0104, -0.0137469577, 0.0377240873), (-0.0104, -0.00933333333, 0.0378), (-0.0104, -0.00466666667, 0.0378), (-0.0104, 1.73472348e-18, 0.0378), (-0.0104, 0.00466666667, 0.0378), (-0.0104, 0.00933333333, 0.0378), (-0.0104, 0.0137469577, 0.0377240873), (-0.0052, -0.0137469577, 0.0377240873), (-0.0052, -0.00933333333, 0.0378), (-0.0052, -0.00466666667, 0.0378), (-0.0052, 1.73472348e-18, 0.0378), (-0.0052, 0.00466666667, 0.0378), (-0.0052, 0.00933333333, 0.0378), (-0.0052, 0.0137469577, 0.0377240873), (0, -0.0137469577, 0.0377240873), (0, -0.00933333333, 0.0378), (0, -0.00466666667, 0.0378), (0, 1.73472348e-18, 0.0378), (0, 0.00466666667, 0.0378), (0, 0.00933333333, 0.0378), (0, 0.0137469577, 0.0377240873), (0.0052, -0.0137469577, 0.0377240873), (0.0052, -0.00933333333, 0.0378), (0.0052, -0.00466666667, 0.0378), (0.0052, 1.73472348e-18, 0.0378), (0.0052, 0.00466666667, 0.0378), (0.0052, 0.00933333333, 0.0378), (0.0052, 0.0137469577, 0.0377240873), (0.0104, -0.0137469577, 0.0377240873), (0.0104, -0.00933333333, 0.0378), (0.0104, -0.00466666667, 0.0378), (0.0104, 1.73472348e-18, 0.0378), (0.0104, 0.00466666667, 0.0378), (0.0104, 0.00933333333, 0.0378), (0.0104, 0.0137469577, 0.0377240873), (0.0156, -0.0137469577, 0.0377240873), (0.0156, -0.00933333333, 0.0378), (0.0156, -0.00466666667, 0.0378), (0.0156, 1.73472348e-18, 0.0378), (0.0156, 0.00466666667, 0.0378), (0.0156, 0.00933333333, 0.0378), (0.0156, 0.0137469577, 0.0377240873), (0.0207600876, -0.0137006572, 0.0377101972), (0.0208, -0.00933333333, 0.0378), (0.0208, -0.00466666667, 0.0378), (0.0208, 1.73472348e-18, 0.0378), (0.0208, 0.00466666667, 0.0378), (0.0208, 0.00933333333, 0.0378), (0.0207600876, 0.0137006572, 0.0377101972), (0.0241502868, -0.0121502868, 0.037245086), (0.0256210369, -0.00924911931, 0.0376863111), (0.0257469577, -0.00466666667, 0.0377240873), (0.0257469577, 1.73472348e-18, 0.0377240873), (0.0257469577, 0.00466666667, 0.0377240873), (0.0256210369, 0.00924911931, 0.0376863111), (0.0241502868, 0.0121502868, 0.037245086), (-0.0234641016, -0.0114641016, 0.0394641016), (-0.0241912128, -0.00893138063, 0.0401912128), (-0.0242426407, -0.00466666667, 0.0402426407), (-0.0242426407, 1.73472348e-18, 0.0402426407), (-0.0242426407, 0.00466666667, 0.0402426407), (-0.0241912128, 0.00893138063, 0.0401912128), (-0.0234641016, 0.0114641016, 0.0394641016), (-0.0205631879, -0.0122239093, 0.0402239093), (-0.0207744174, -0.00929069571, 0.0418081307), (-0.0207929823, -0.00466666667, 0.0419473674), (-0.0207929823, 1.73472348e-18, 0.0419473674), (-0.0207929823, 0.00466666667, 0.0419473674), (-0.0207744174, 0.00929069571, 0.0418081307), (-0.0205631879, 0.0122239093, 0.0402239093), (-0.0156, -0.0122426407, 0.0402426407), (-0.0156, -0.00930158275, 0.0418571224), (-0.0156, -0.00466666667, 0.042), (-0.0156, 1.73472348e-18, 0.042), (-0.0156, 0.00466666667, 0.042), (-0.0156, 0.00930158275, 0.0418571224), (-0.0156, 0.0122426407, 0.0402426407), (-0.0104, -0.0122426407, 0.0402426407), (-0.0104, -0.00930158275, 0.0418571224), (-0.0104, -0.00466666667, 0.042), (-0.0104, 1.73472348e-18, 0.042), (-0.0104, 0.00466666667, 0.042), (-0.0104, 0.00930158275, 0.0418571224), (-0.0104, 0.0122426407, 0.0402426407), (-0.0052, -0.0122426407, 0.0402426407), (-0.0052, -0.00930158275, 0.0418571224), (-0.0052, -0.00466666667, 0.042), (-0.0052, 1.73472348e-18, 0.042), (-0.0052, 0.00466666667, 0.042), (-0.0052, 0.00930158275, 0.0418571224), (-0.0052, 0.0122426407, 0.0402426407), (0, -0.0122426407, 0.0402426407), (0, -0.00930158275, 0.0418571224), (0, -0.00466666667, 0.042), (0, 1.73472348e-18, 0.042), (0, 0.00466666667, 0.042), (0, 0.00930158275, 0.0418571224), (0, 0.0122426407, 0.0402426407), (0.0052, -0.0122426407, 0.0402426407), (0.0052, -0.00930158275, 0.0418571224), (0.0052, -0.00466666667, 0.042), (0.0052, 1.73472348e-18, 0.042), (0.0052, 0.00466666667, 0.042), (0.0052, 0.00930158275, 0.0418571224), (0.0052, 0.0122426407, 0.0402426407), (0.0104, -0.0122426407, 0.0402426407), (0.0104, -0.00930158275, 0.0418571224), (0.0104, -0.00466666667, 0.042), (0.0104, 1.73472348e-18, 0.042), (0.0104, 0.00466666667, 0.042), (0.0104, 0.00930158275, 0.0418571224), (0.0104, 0.0122426407, 0.0402426407), (0.0156, -0.0122426407, 0.0402426407), (0.0156, -0.00930158275, 0.0418571224), (0.0156, -0.00466666667, 0.042), (0.0156, 1.73472348e-18, 0.042), (0.0156, 0.00466666667, 0.042), (0.0156, 0.00930158275, 0.0418571224), (0.0156, 0.0122426407, 0.0402426407), (0.0205631879, -0.0122239093, 0.0402239093), (0.0207744174, -0.00929069571, 0.0418081307), (0.0207929823, -0.00466666667, 0.0419473674), (0.0207929823, 1.73472348e-18, 0.0419473674), (0.0207929823, 0.00466666667, 0.0419473674), (0.0207744174, 0.00929069571, 0.0418081307), (0.0205631879, 0.0122239093, 0.0402239093), (0.0234641016, -0.0114641016, 0.0394641016), (0.0241912128, -0.00893138063, 0.0401912128), (0.0242426407, -0.00466666667, 0.0402426407), (0.0242426407, 1.73472348e-18, 0.0402426407), (0.0242426407, 0.00466666667, 0.0402426407), (0.0241912128, 0.00893138063, 0.0401912128), (0.0234641016, 0.0114641016, 0.0394641016)]
        custom double3[] tet_surf_points = [(-0.0234641016, -0.0114641016, 0.00253589838), (-0.0241912128, -0.00893138063, 0.00180878716), (-0.0242426407, -0.00466666667, 0.00175735931), (-0.0242426407, 1.73472348e-18, 0.00175735931), (-0.0242426407, 0.00466666667, 0.00175735931), (-0.0241912128, 0.00893138063, 0.00180878716), (-0.0234641016, 0.0114641016, 0.00253589838), (-0.0205631879, -0.0122239093, 0.00177609071), (-0.0207744174, -0.00929069571, 0.0001918693), (-0.0207929823, -0.00466666667, 5.26325959e-05), (-0.0207929823, 1.73472348e-18, 5.26325959e-05), (-0.0207929823, 0.00466666667, 5.26325959e-05), (-0.0207744174, 0.00929069571, 0.0001918693), (-0.0205631879, 0.0122239093, 0.00177609071), (-0.0156, -0.0122426407, 0.00175735931), (-0.0156, -0.00930158275, 0.000142877639), (-0.0156, -0.00466666667, 0), (-0.0156, 1.73472348e-18, 0), (-0.0156, 0.00466666667, 0), (-0.0156, 0.00930158275, 0.000142877639), (-0.0156, 0.0122426407, 0.00175735931), (-0.0104, -0.0122426407, 0.00175735931), (-0.0104, -0.00930158275, 0.000142877639), (-0.0104, -0.00466666667, 0), (-0.0104, 1.73472348e-18, 0), (-0.0104, 0.00466666667, 0), (-0.0104, 0.00930158275, 0.000142877639), (-0.0104, 0.0122426407, 0.00175735931), (-0.0052, -0.0122426407, 0.00175735931), (-0.0052, -0.00930158275, 0.000142877639), (-0.0052, -0.00466666667, 0), (-0.0052, 1.73472348e-18, 0), (-0.0052, 0.00466666667, 0), (-0.0052, 0.00930158275, 0.000142877639), (-0.0052, 0.0122426407, 0.00175735931), (0, -0.0122426407, 0.00175735931), (0, -0.00930158275, 0.000142877639), (0, -0.00466666667, 0), (0, 1.73472348e-18, 0), (0, 0.00466666667, 0), (0, 0.00930158275, 0.000142877639), (0, 0.0122426407, 0.00175735931), (0.0052, -0.0122426407, 0.00175735931), (0.0052, -0.00930158275, 0.000142877639), (0.0052, -0.00466666667, 0), (0.0052, 1.73472348e-18, 0), (0.0052, 0.00466666667, 0), (0.0052, 0.00930158275, 0.000142877639), (0.0052, 0.0122426407, 0.00175735931), (0.0104, -0.0122426407, 0.00175735931), (0.0104, -0.00930158275, 0.000142877639), (0.0104, -0.00466666667, 0), (0.0104, 1.73472348e-18, 0), (0.0104, 0.00466666667, 0), (0.0104, 0.00930158275, 0.000142877639), (0.0104, 0.0122426407, 0.00175735931), (0.0156, -0.0122426407, 0.00175735931), (0.0156, -0.00930158275, 0.000142877639), (0.0156, -0.00466666667, 0), (0.0156, 1.73472348e-18, 0), (0.0156, 0.00466666667, 0), (0.0156, 0.00930158275, 0.000142877639), (0.0156, 0.0122426407, 0.00175735931), (0.0205631879, -0.0122239093, 0.00177609071), (0.0207744174, -0.00929069571, 0.0001918693), (0.0207929823, -0.00466666667, 5.26325959e-05), (0.0207929823, 1.73472348e-18, 5.26325959e-05), (0.0207929823, 0.00466666667, 5.26325959e-05), (0.0207744174, 0.00929069571, 0.0001918693), (0.0205631879, 0.0122239093, 0.00177609071), (0.0234641016, -0.0114641016, 0.00253589838), (0.0241912128, -0.00893138063, 0.00180878716), (0.0242426407, -0.00466666667, 0.00175735931), (0.0242426407, 1.73472348e-18, 0.00175735931), (0.0242426407, 0.00466666667, 0.00175735931), (0.0241912128, 0.00893138063, 0.00180878716), (0.0234641016, 0.0114641016, 0.00253589838), (-0.0241502868, -0.0121502868, 0.00475491397), (-0.0256210369, -0.00924911931, 0.00431368893), (-0.0257469577, -0.00466666667, 0.00427591269), (-0.0257469577, 1.73472348e-18, 0.00427591269), (-0.0257469577, 0.00466666667, 0.00427591269), (-0.0256210369, 0.00924911931, 0.00431368893), (-0.0241502868, 0.0121502868, 0.00475491397), (-0.0207600876, -0.0137006572, 0.00428980284), (-0.0208, -0.00933333333, 0.0042), (-0.0208, -0.00466666667, 0.0042), (-0.0208, 1.73472348e-18, 0.0042), (-0.0208, 0.00466666667, 0.0042), (-0.0208, 0.00933333333, 0.0042), (-0.0207600876, 0.0137006572, 0.00428980284), (-0.0156, -0.0137469577, 0.00427591269), (-0.0156, -0.00933333333, 0.0042), (-0.0156, -0.00466666667, 0.0042), (-0.0156, 1.73472348e-18, 0.0042), (-0.0156, 0.00466666667, 0.0042), (-0.0156, 0.00933333333, 0.0042), (-0.0156, 0.0137469577, 0.00427591269), (-0.0104, -0.0137469577, 0.00427591269), (-0.0104, -0.00933333333, 0.0042), (-0.0104, -0.00466666667, 0.0042), (-0.0104, 1.73472348e-18, 0.0042), (-0.0104, 0.00466666667, 0.0042), (-0.0104, 0.00933333333, 0.0042), (-0.0104, 0.0137469577, 0.00427591269), (-0.0052, -0.0137469577, 0.00427591269), (-0.0052, -0.00933333333, 0.0042), (-0.0052, -0.00466666667, 0.0042), (-0.0052, 1.73472348e-18, 0.0042), (-0.0052, 0.00466666667, 0.0042), (-0.0052, 0.00933333333, 0.0042), (-0.0052, 0.0137469577, 0.00427591269), (0, -0.0137469577, 0.00427591269), (0, -0.00933333333, 0.0042), (0, -0.00466666667, 0.0042), (0, 1.73472348e-18, 0.0042), (0, 0.00466666667, 0.0042), (0, 0.00933333333, 0.0042), (0, 0.0137469577, 0.00427591269), (0.0052, -0.0137469577, 0.00427591269), (0.0052, -0.00933333333, 0.0042), (0.0052, -0.00466666667, 0.0042), (0.0052, 1.73472348e-18, 0.0042), (0.0052, 0.00466666667, 0.0042), (0.0052, 0.00933333333, 0.0042), (0.0052, 0.0137469577, 0.00427591269), (0.0104, -0.0137469577, 0.00427591269), (0.0104, -0.00933333333, 0.0042), (0.0104, -0.00466666667, 0.0042), (0.0104, 1.73472348e-18, 0.0042), (0.0104, 0.00466666667, 0.0042), (0.0104, 0.00933333333, 0.0042), (0.0104, 0.0137469577, 0.00427591269), (0.0156, -0.0137469577, 0.00427591269), (0.0156, -0.00933333333, 0.0042), (0.0156, -0.00466666667, 0.0042), (0.0156, 1.73472348e-18, 0.0042), (0.0156, 0.00466666667, 0.0042), (0.0156, 0.00933333333, 0.0042), (0.0156, 0.0137469577, 0.00427591269), (0.0207600876, -0.0137006572, 0.00428980284), (0.0208, -0.00933333333, 0.0042), (0.0208, -0.00466666667, 0.0042), (0.0208, 1.73472348e-18, 0.0042), (0.0208, 0.00466666667, 0.0042), (0.0208, 0.00933333333, 0.0042), (0.0207600876, 0.0137006572, 0.00428980284), (0.0241502868, -0.0121502868, 0.00475491397), (0.0256210369, -0.00924911931, 0.00431368893), (0.0257469577, -0.00466666667, 0.00427591269), (0.0257469577, 1.73472348e-18, 0.00427591269), (0.0257469577, 0.00466666667, 0.00427591269), (0.0256210369, 0.00924911931, 0.00431368893), (0.0241502868, 0.0121502868, 0.00475491397), (-0.0242426407, -0.0122426407, 0.0084), (-0.0258571224, -0.00930158275, 0.0084), (-0.026, -0.00466666667, 0.0084), (-0.026, 1.73472348e-18, 0.0084), (-0.026, 0.00466666667, 0.0084), (-0.0258571224, 0.00930158275, 0.0084), (-0.0242426407, 0.0122426407, 0.0084), (-0.0207929823, -0.0139473674, 0.0084), (-0.0208, -0.00933333333, 0.0084), (-0.0208, -0.00466666667, 0.0084), (-0.0208, 1.73472348e-18, 0.0084), (-0.0208, 0.00466666667, 0.0084), (-0.0208, 0.00933333333, 0.0084), (-0.0207929823, 0.0139473674, 0.0084), (-0.0156, -0.014, 0.0084), (-0.0156, -0.00933333333, 0.0084), (-0.0156, -0.00466666667, 0.0084), (-0.0156, 1.73472348e-18, 0.0084), (-0.0156, 0.00466666667, 0.0084), (-0.0156, 0.00933333333, 0.0084), (-0.0156, 0.014, 0.0084), (-0.0104, -0.014, 0.0084), (-0.0104, -0.00933333333, 0.0084), (-0.0104, -0.00466666667, 0.0084), (-0.0104, 1.73472348e-18, 0.0084), (-0.0104, 0.00466666667, 0.0084), (-0.0104, 0.00933333333, 0.0084), (-0.0104, 0.014, 0.0084), (-0.0052, -0.014, 0.0084), (-0.0052, -0.00933333333, 0.0084), (-0.0052, -0.00466666667, 0.0084), (-0.0052, 1.73472348e-18, 0.0084), (-0.0052, 0.00466666667, 0.0084), (-0.0052, 0.00933333333, 0.0084), (-0.0052, 0.014, 0.0084), (0, -0.014, 0.0084), (0, -0.00933333333, 0.0084), (0, -0.00466666667, 0.0084), (0, 1.73472348e-18, 0.0084), (0, 0.00466666667, 0.0084), (0, 0.00933333333, 0.0084), (0, 0.014, 0.0084), (0.0052, -0.014, 0.0084), (0.0052, -0.00933333333, 0.0084), (0.0052, -0.00466666667, 0.0084), (0.0052, 1.73472348e-18, 0.0084), (0.0052, 0.00466666667, 0.0084), (0.0052, 0.00933333333, 0.0084), (0.0052, 0.014, 0.0084), (0.0104, -0.014, 0.0084), (0.0104, -0.00933333333, 0.0084), (0.0104, -0.00466666667, 0.0084), (0.0104, 1.73472348e-18, 0.0084), (0.0104, 0.00466666667, 0.0084), (0.0104, 0.00933333333, 0.0084), (0.0104, 0.014, 0.0084), (0.0156, -0.014, 0.0084), (0.0156, -0.00933333333, 0.0084), (0.0156, -0.00466666667, 0.0084), (0.0156, 1.73472348e-18, 0.0084), (0.0156, 0.00466666667, 0.0084), (0.0156, 0.00933333333, 0.0084), (0.0156, 0.014, 0.0084), (0.0207929823, -0.0139473674, 0.0084), (0.0208, -0.00933333333, 0.0084), (0.0208, -0.00466666667, 0.0084), (0.0208, 1.73472348e-18, 0.0084), (0.0208, 0.00466666667, 0.0084), (0.0208, 0.00933333333, 0.0084), (0.0207929823, 0.0139473674, 0.0084), (0.0242426407, -0.0122426407, 0.0084), (0.0258571224, -0.00930158275, 0.0084), (0.026, -0.00466666667, 0.0084), (0.026, 1.73472348e-18, 0.0084), (0.026, 0.00466666667, 0.0084), (0.0258571224, 0.00930158275, 0.0084), (0.0242426407, 0.0122426407, 0.0084), (-0.0242426407, -0.0122426407, 0.0126), (-0.0258571224, -0.00930158275, 0.0126), (-0.026, -0.00466666667, 0.0126), (-0.026, 1.73472348e-18, 0.0126), (-0.026, 0.00466666667, 0.0126), (-0.0258571224, 0.00930158275, 0.0126), (-0.0242426407, 0.0122426407, 0.0126), (-0.0207929823, -0.0139473674, 0.0126), (-0.0208, -0.00933333333, 0.0126), (-0.0208, -0.00466666667, 0.0126), (-0.0208, 1.73472348e-18, 0.0126), (-0.0208, 0.00466666667, 0.0126), (-0.0208, 0.00933333333, 0.0126), (-0.0207929823, 0.0139473674, 0.0126), (-0.0156, -0.014, 0.0126), (-0.0156, -0.00933333333, 0.0126), (-0.0156, -0.00466666667, 0.0126), (-0.0156, 1.73472348e-18, 0.0126), (-0.0156, 0.00466666667, 0.0126), (-0.0156, 0.00933333333, 0.0126), (-0.0156, 0.014, 0.0126), (-0.0104, -0.014, 0.0126), (-0.0104, -0.00933333333, 0.0126), (-0.0104, -0.00466666667, 0.0126), (-0.0104, 1.73472348e-18, 0.0126), (-0.0104, 0.00466666667, 0.0126), (-0.0104, 0.00933333333, 0.0126), (-0.0104, 0.014, 0.0126), (-0.0052, -0.014, 0.0126), (-0.0052, -0.00933333333, 0.0126), (-0.0052, -0.00466666667, 0.0126), (-0.0052, 1.73472348e-18, 0.0126), (-0.0052, 0.00466666667, 0.0126), (-0.0052, 0.00933333333, 0.0126), (-0.0052, 0.014, 0.0126), (0, -0.014, 0.0126), (0, -0.00933333333, 0.0126), (0, -0.00466666667, 0.0126), (0, 1.73472348e-18, 0.0126), (0, 0.00466666667, 0.0126), (0, 0.00933333333, 0.0126), (0, 0.014, 0.0126), (0.0052, -0.014, 0.0126), (0.0052, -0.00933333333, 0.0126), (0.0052, -0.00466666667, 0.0126), (0.0052, 1.73472348e-18, 0.0126), (0.0052, 0.00466666667, 0.0126), (0.0052, 0.00933333333, 0.0126), (0.0052, 0.014, 0.0126), (0.0104, -0.014, 0.0126), (0.0104, -0.00933333333, 0.0126), (0.0104, -0.00466666667, 0.0126), (0.0104, 1.73472348e-18, 0.0126), (0.0104, 0.00466666667, 0.0126), (0.0104, 0.00933333333, 0.0126), (0.0104, 0.014, 0.0126), (0.0156, -0.014, 0.0126), (0.0156, -0.00933333333, 0.0126), (0.0156, -0.00466666667, 0.0126), (0.0156, 1.73472348e-18, 0.0126), (0.0156, 0.00466666667, 0.0126), (0.0156, 0.00933333333, 0.0126), (0.0156, 0.014, 0.0126), (0.0207929823, -0.0139473674, 0.0126), (0.0208, -0.00933333333, 0.0126), (0.0208, -0.00466666667, 0.0126), (0.0208, 1.73472348e-18, 0.0126), (0.0208, 0.00466666667, 0.0126), (0.0208, 0.00933333333, 0.0126), (0.0207929823, 0.0139473674, 0.0126), (0.0242426407, -0.0122426407, 0.0126), (0.0258571224, -0.00930158275, 0.0126), (0.026, -0.00466666667, 0.0126), (0.026, 1.73472348e-18, 0.0126), (0.026, 0.00466666667, 0.0126), (0.0258571224, 0.00930158275, 0.0126), (0.0242426407, 0.0122426407, 0.0126), (-0.0242426407, -0.0122426407, 0.0168), (-0.0258571224, -0.00930158275, 0.0168), (-0.026, -0.00466666667, 0.0168), (-0.026, 1.73472348e-18, 0.0168), (-0.026, 0.00466666667, 0.0168), (-0.0258571224, 0.00930158275, 0.0168), (-0.0242426407, 0.0122426407, 0.0168), (-0.0207929823, -0.0139473674, 0.0168), (-0.0208, -0.00933333333, 0.0168), (-0.0208, -0.00466666667, 0.0168), (-0.0208, 1.73472348e-18, 0.0168), (-0.0208, 0.00466666667, 0.0168), (-0.0208, 0.00933333333, 0.0168), (-0.0207929823, 0.0139473674, 0.0168), (-0.0156, -0.014, 0.0168), (-0.0156, -0.00933333333, 0.0168), (-0.0156, -0.00466666667, 0.0168), (-0.0156, 1.73472348e-18, 0.0168), (-0.0156, 0.00466666667, 0.0168), (-0.0156, 0.00933333333, 0.0168), (-0.0156, 0.014, 0.0168), (-0.0104, -0.014, 0.0168), (-0.0104, -0.00933333333, 0.0168), (-0.0104, -0.00466666667, 0.0168), (-0.0104, 1.73472348e-18, 0.0168), (-0.0104, 0.00466666667, 0.0168), (-0.0104, 0.00933333333, 0.0168), (-0.0104, 0.014, 0.0168), (-0.0052, -0.014, 0.0168), (-0.0052, -0.00933333333, 0.0168), (-0.0052, -0.00466666667, 0.0168), (-0.0052, 1.73472348e-18, 0.0168), (-0.0052, 0.00466666667, 0.0168), (-0.0052, 0.00933333333, 0.0168), (-0.0052, 0.014, 0.0168), (0, -0.014, 0.0168), (0, -0.00933333333, 0.0168), (0, -0.00466666667, 0.0168), (0, 1.73472348e-18, 0.0168), (0, 0.00466666667, 0.0168), (0, 0.00933333333, 0.0168), (0, 0.014, 0.0168), (0.0052, -0.014, 0.0168), (0.0052, -0.00933333333, 0.0168), (0.0052, -0.00466666667, 0.0168), (0.0052, 1.73472348e-18, 0.0168), (0.0052, 0.00466666667, 0.0168), (0.0052, 0.00933333333, 0.0168), (0.0052, 0.014, 0.0168), (0.0104, -0.014, 0.0168), (0.0104, -0.00933333333, 0.0168), (0.0104, -0.00466666667, 0.0168), (0.0104, 1.73472348e-18, 0.0168), (0.0104, 0.00466666667, 0.0168), (0.0104, 0.00933333333, 0.0168), (0.0104, 0.014, 0.0168), (0.0156, -0.014, 0.0168), (0.0156, -0.00933333333, 0.0168), (0.0156, -0.00466666667, 0.0168), (0.0156, 1.73472348e-18, 0.0168), (0.0156, 0.00466666667, 0.0168), (0.0156, 0.00933333333, 0.0168), (0.0156, 0.014, 0.0168), (0.0207929823, -0.0139473674, 0.0168), (0.0208, -0.00933333333, 0.0168), (0.0208, -0.00466666667, 0.0168), (0.0208, 1.73472348e-18, 0.0168), (0.0208, 0.00466666667, 0.0168), (0.0208, 0.00933333333, 0.0168), (0.0207929823, 0.0139473674, 0.0168), (0.0242426407, -0.0122426407, 0.0168), (0.0258571224, -0.00930158275, 0.0168), (0.026, -0.00466666667, 0.0168), (0.026, 1.73472348e-18, 0.0168), (0.026, 0.00466666667, 0.0168), (0.0258571224, 0.00930158275, 0.0168), (0.0242426407, 0.0122426407, 0.0168), (-0.0242426407, -0.0122426407, 0.021), (-0.0258571224, -0.00930158275, 0.021), (-0.026, -0.00466666667, 0.021), (-0.026, 1.73472348e-18, 0.021), (-0.026, 0.00466666667, 0.021), (-0.0258571224, 0.00930158275, 0.021), (-0.0242426407, 0.0122426407, 0.021), (-0.0207929823, -0.0139473674, 0.021), (-0.0208, -0.00933333333, 0.021), (-0.0208, -0.00466666667, 0.021), (-0.0208, 1.73472348e-18, 0.021), (-0.0208, 0.00466666667, 0.021), (-0.0208, 0.00933333333, 0.021), (-0.0207929823, 0.0139473674, 0.021), (-0.0156, -0.014, 0.021), (-0.0156, -0.00933333333, 0.021), (-0.0156, -0.00466666667, 0.021), (-0.0156, 1.73472348e-18, 0.021), (-0.0156, 0.00466666667, 0.021), (-0.0156, 0.00933333333, 0.021), (-0.0156, 0.014, 0.021), (-0.0104, -0.014, 0.021), (-0.0104, -0.00933333333, 0.021), (-0.0104, -0.00466666667, 0.021), (-0.0104, 1.73472348e-18, 0.021), (-0.0104, 0.00466666667, 0.021), (-0.0104, 0.00933333333, 0.021), (-0.0104, 0.014, 0.021), (-0.0052, -0.014, 0.021), (-0.0052, -0.00933333333, 0.021), (-0.0052, -0.00466666667, 0.021), (-0.0052, 1.73472348e-18, 0.021), (-0.0052, 0.00466666667, 0.021), (-0.0052, 0.00933333333, 0.021), (-0.0052, 0.014, 0.021), (0, -0.014, 0.021), (0, -0.00933333333, 0.021), (0, -0.00466666667, 0.021), (0, 1.73472348e-18, 0.021), (0, 0.00466666667, 0.021), (0, 0.00933333333, 0.021), (0, 0.014, 0.021), (0.0052, -0.014, 0.021), (0.0052, -0.00933333333, 0.021), (0.0052, -0.00466666667, 0.021), (0.0052, 1.73472348e-18, 0.021), (0.0052, 0.00466666667, 0.021), (0.0052, 0.00933333333, 0.021), (0.0052, 0.014, 0.021), (0.0104, -0.014, 0.021), (0.0104, -0.00933333333, 0.021), (0.0104, -0.00466666667, 0.021), (0.0104, 1.73472348e-18, 0.021), (0.0104, 0.00466666667, 0.021), (0.0104, 0.00933333333, 0.021), (0.0104, 0.014, 0.021), (0.0156, -0.014, 0.021), (0.0156, -0.00933333333, 0.021), (0.0156, -0.00466666667, 0.021), (0.0156, 1.73472348e-18, 0.021), (0.0156, 0.00466666667, 0.021), (0.0156, 0.00933333333, 0.021), (0.0156, 0.014, 0.021), (0.0207929823, -0.0139473674, 0.021), (0.0208, -0.00933333333, 0.021), (0.0208, -0.00466666667, 0.021), (0.0208, 1.73472348e-18, 0.021), (0.0208, 0.00466666667, 0.021), (0.0208, 0.00933333333, 0.021), (0.0207929823, 0.0139473674, 0.021), (0.0242426407, -0.0122426407, 0.021), (0.0258571224, -0.00930158275, 0.021), (0.026, -0.00466666667, 0.021), (0.026, 1.73472348e-18, 0.021), (0.026, 0.00466666667, 0.021), (0.0258571224, 0.00930158275, 0.021), (0.0242426407, 0.0122426407, 0.021), (-0.0242426407, -0.0122426407, 0.0252), (-0.0258571224, -0.00930158275, 0.0252), (-0.026, -0.00466666667, 0.0252), (-0.026, 1.73472348e-18, 0.0252), (-0.026, 0.00466666667, 0.0252), (-0.0258571224, 0.00930158275, 0.0252), (-0.0242426407, 0.0122426407, 0.0252), (-0.0207929823, -0.0139473674, 0.0252), (-0.0208, -0.00933333333, 0.0252), (-0.0208, -0.00466666667, 0.0252), (-0.0208, 1.73472348e-18, 0.0252), (-0.0208, 0.00466666667, 0.0252), (-0.0208, 0.00933333333, 0.0252), (-0.0207929823, 0.0139473674, 0.0252), (-0.0156, -0.014, 0.0252), (-0.0156, -0.00933333333, 0.0252), (-0.0156, -0.00466666667, 0.0252), (-0.0156, 1.73472348e-18, 0.0252), (-0.0156, 0.00466666667, 0.0252), (-0.0156, 0.00933333333, 0.0252), (-0.0156, 0.014, 0.0252), (-0.0104, -0.014, 0.0252), (-0.0104, -0.00933333333, 0.0252), (-0.0104, -0.00466666667, 0.0252), (-0.0104, 1.73472348e-18, 0.0252), (-0.0104, 0.00466666667, 0.0252), (-0.0104, 0.00933333333, 0.0252), (-0.0104, 0.014, 0.0252), (-0.0052, -0.014, 0.0252), (-0.0052, -0.00933333333, 0.0252), (-0.0052, -0.00466666667, 0.0252), (-0.0052, 1.73472348e-18, 0.0252), (-0.0052, 0.00466666667, 0.0252), (-0.0052, 0.00933333333, 0.0252), (-0.0052, 0.014, 0.0252), (0, -0.014, 0.0252), (0, -0.00933333333, 0.0252), (0, -0.00466666667, 0.0252), (0, 1.73472348e-18, 0.0252), (0, 0.00466666667, 0.0252), (0, 0.00933333333, 0.0252), (0, 0.014, 0.0252), (0.0052, -0.014, 0.0252), (0.0052, -0.00933333333, 0.0252), (0.0052, -0.00466666667, 0.0252), (0.0052, 1.73472348e-18, 0.0252), (0.0052, 0.00466666667, 0.0252), (0.0052, 0.00933333333, 0.0252), (0.0052, 0.014, 0.0252), (0.0104, -0.014, 0.0252), (0.0104, -0.00933333333, 0.0252), (0.0104, -0.00466666667, 0.0252), (0.0104, 1.73472348e-18, 0.0252), (0.0104, 0.00466666667, 0.0252), (0.0104, 0.00933333333, 0.0252), (0.0104, 0.014, 0.0252), (0.0156, -0.014, 0.0252), (0.0156, -0.00933333333, 0.0252), (0.0156, -0.00466666667, 0.0252), (0.0156, 1.73472348e-18, 0.0252), (0.0156, 0.00466666667, 0.0252), (0.0156, 0.00933333333, 0.0252), (0.0156, 0.014, 0.0252), (0.0207929823, -0.0139473674, 0.0252), (0.0208, -0.00933333333, 0.0252), (0.0208, -0.00466666667, 0.0252), (0.0208, 1.73472348e-18, 0.0252), (0.0208, 0.00466666667, 0.0252), (0.0208, 0.00933333333, 0.0252), (0.0207929823, 0.0139473674, 0.0252), (0.0242426407, -0.0122426407, 0.0252), (0.0258571224, -0.00930158275, 0.0252), (0.026, -0.00466666667, 0.0252), (0.026, 1.73472348e-18, 0.0252), (0.026, 0.00466666667, 0.0252), (0.0258571224, 0.00930158275, 0.0252), (0.0242426407, 0.0122426407, 0.0252), (-0.0242426407, -0.0122426407, 0.0294), (-0.0258571224, -0.00930158275, 0.0294), (-0.026, -0.00466666667, 0.0294), (-0.026, 1.73472348e-18, 0.0294), (-0.026, 0.00466666667, 0.0294), (-0.0258571224, 0.00930158275, 0.0294), (-0.0242426407, 0.0122426407, 0.0294), (-0.0207929823, -0.0139473674, 0.0294), (-0.0208, -0.00933333333, 0.0294), (-0.0208, -0.00466666667, 0.0294), (-0.0208, 1.73472348e-18, 0.0294), (-0.0208, 0.00466666667, 0.0294), (-0.0208, 0.00933333333, 0.0294), (-0.0207929823, 0.0139473674, 0.0294), (-0.0156, -0.014, 0.0294), (-0.0156, -0.00933333333, 0.0294), (-0.0156, -0.00466666667, 0.0294), (-0.0156, 1.73472348e-18, 0.0294), (-0.0156, 0.00466666667, 0.0294), (-0.0156, 0.00933333333, 0.0294), (-0.0156, 0.014, 0.0294), (-0.0104, -0.014, 0.0294), (-0.0104, -0.00933333333, 0.0294), (-0.0104, -0.00466666667, 0.0294), (-0.0104, 1.73472348e-18, 0.0294), (-0.0104, 0.00466666667, 0.0294), (-0.0104, 0.00933333333, 0.0294), (-0.0104, 0.014, 0.0294), (-0.0052, -0.014, 0.0294), (-0.0052, -0.00933333333, 0.0294), (-0.0052, -0.00466666667, 0.0294), (-0.0052, 1.73472348e-18, 0.0294), (-0.0052, 0.00466666667, 0.0294), (-0.0052, 0.00933333333, 0.0294), (-0.0052, 0.014, 0.0294), (0, -0.014, 0.0294), (0, -0.00933333333, 0.0294), (0, -0.00466666667, 0.0294), (0, 1.73472348e-18, 0.0294), (0, 0.00466666667, 0.0294), (0, 0.00933333333, 0.0294), (0, 0.014, 0.0294), (0.0052, -0.014, 0.0294), (0.0052, -0.00933333333, 0.0294), (0.0052, -0.00466666667, 0.0294), (0.0052, 1.73472348e-18, 0.0294), (0.0052, 0.00466666667, 0.0294), (0.0052, 0.00933333333, 0.0294), (0.0052, 0.014, 0.0294), (0.0104, -0.014, 0.0294), (0.0104, -0.00933333333, 0.0294), (0.0104, -0.00466666667, 0.0294), (0.0104, 1.73472348e-18, 0.0294), (0.0104, 0.00466666667, 0.0294), (0.0104, 0.00933333333, 0.0294), (0.0104, 0.014, 0.0294), (0.0156, -0.014, 0.0294), (0.0156, -0.00933333333, 0.0294), (0.0156, -0.00466666667, 0.0294), (0.0156, 1.73472348e-18, 0.0294), (0.0156, 0.00466666667, 0.0294), (0.0156, 0.00933333333, 0.0294), (0.0156, 0.014, 0.0294), (0.0207929823, -0.0139473674, 0.0294), (0.0208, -0.00933333333, 0.0294), (0.0208, -0.00466666667, 0.0294), (0.0208, 1.73472348e-18, 0.0294), (0.0208, 0.00466666667, 0.0294), (0.0208, 0.00933333333, 0.0294), (0.0207929823, 0.0139473674, 0.0294), (0.0242426407, -0.0122426407, 0.0294), (0.0258571224, -0.00930158275, 0.0294), (0.026, -0.00466666667, 0.0294), (0.026, 1.73472348e-18, 0.0294), (0.026, 0.00466666667, 0.0294), (0.0258571224, 0.00930158275, 0.0294), (0.0242426407, 0.0122426407, 0.0294), (-0.0242426407, -0.0122426407, 0.0336), (-0.0258571224, -0.00930158275, 0.0336), (-0.026, -0.00466666667, 0.0336), (-0.026, 1.73472348e-18, 0.0336), (-0.026, 0.00466666667, 0.0336), (-0.0258571224, 0.00930158275, 0.0336), (-0.0242426407, 0.0122426407, 0.0336), (-0.0207929823, -0.0139473674, 0.0336), (-0.0208, -0.00933333333, 0.0336), (-0.0208, -0.00466666667, 0.0336), (-0.0208, 1.73472348e-18, 0.0336), (-0.0208, 0.00466666667, 0.0336), (-0.0208, 0.00933333333, 0.0336), (-0.0207929823, 0.0139473674, 0.0336), (-0.0156, -0.014, 0.0336), (-0.0156, -0.00933333333, 0.0336), (-0.0156, -0.00466666667, 0.0336), (-0.0156, 1.73472348e-18, 0.0336), (-0.0156, 0.00466666667, 0.0336), (-0.0156, 0.00933333333, 0.0336), (-0.0156, 0.014, 0.0336), (-0.0104, -0.014, 0.0336), (-0.0104, -0.00933333333, 0.0336), (-0.0104, -0.00466666667, 0.0336), (-0.0104, 1.73472348e-18, 0.0336), (-0.0104, 0.00466666667, 0.0336), (-0.0104, 0.00933333333, 0.0336), (-0.0104, 0.014, 0.0336), (-0.0052, -0.014, 0.0336), (-0.0052, -0.00933333333, 0.0336), (-0.0052, -0.00466666667, 0.0336), (-0.0052, 1.73472348e-18, 0.0336), (-0.0052, 0.00466666667, 0.0336), (-0.0052, 0.00933333333, 0.0336), (-0.0052, 0.014, 0.0336), (0, -0.014, 0.0336), (0, -0.00933333333, 0.0336), (0, -0.00466666667, 0.0336), (0, 1.73472348e-18, 0.0336), (0, 0.00466666667, 0.0336), (0, 0.00933333333, 0.0336), (0, 0.014, 0.0336), (0.0052, -0.014, 0.0336), (0.0052, -0.00933333333, 0.0336), (0.0052, -0.00466666667, 0.0336), (0.0052, 1.73472348e-18, 0.0336), (0.0052, 0.00466666667, 0.0336), (0.0052, 0.00933333333, 0.0336), (0.0052, 0.014, 0.0336), (0.0104, -0.014, 0.0336), (0.0104, -0.00933333333, 0.0336), (0.0104, -0.00466666667, 0.0336), (0.0104, 1.73472348e-18, 0.0336), (0.0104, 0.00466666667, 0.0336), (0.0104, 0.00933333333, 0.0336), (0.0104, 0.014, 0.0336), (0.0156, -0.014, 0.0336), (0.0156, -0.00933333333, 0.0336), (0.0156, -0.00466666667, 0.0336), (0.0156, 1.73472348e-18, 0.0336), (0.0156, 0.00466666667, 0.0336), (0.0156, 0.00933333333, 0.0336), (0.0156, 0.014, 0.0336), (0.0207929823, -0.0139473674, 0.0336), (0.0208, -0.00933333333, 0.0336), (0.0208, -0.00466666667, 0.0336), (0.0208, 1.73472348e-18, 0.0336), (0.0208, 0.00466666667, 0.0336), (0.0208, 0.00933333333, 0.0336), (0.0207929823, 0.0139473674, 0.0336), (0.0242426407, -0.0122426407, 0.0336), (0.0258571224, -0.00930158275, 0.0336), (0.026, -0.00466666667, 0.0336), (0.026, 1.73472348e-18, 0.0336), (0.026, 0.00466666667, 0.0336), (0.0258571224, 0.00930158275, 0.0336), (0.0242426407, 0.0122426407, 0.0336), (-0.0241502868, -0.0121502868, 0.037245086), (-0.0256210369, -0.00924911931, 0.0376863111), (-0.0257469577, -0.00466666667, 0.0377240873), (-0.0257469577, 1.73472348e-18, 0.0377240873), (-0.0257469577, 0.00466666667, 0.0377240873), (-0.0256210369, 0.00924911931, 0.0376863111), (-0.0241502868, 0.0121502868, 0.037245086), (-0.0207600876, -0.0137006572, 0.0377101972), (-0.0208, -0.00933333333, 0.0378), (-0.0208, -0.00466666667, 0.0378), (-0.0208, 1.73472348e-18, 0.0378), (-0.0208, 0.00466666667, 0.0378), (-0.0208, 0.00933333333, 0.0378), (-0.0207600876, 0.0137006572, 0.0377101972), (-0.0156, -0.0137469577, 0.0377240873), (-0.0156, -0.00933333333, 0.0378), (-0.0156, -0.00466666667, 0.0378), (-0.0156, 1.73472348e-18, 0.0378), (-0.0156, 0.00466666667, 0.0378), (-0.0156, 0.00933333333, 0.0378), (-0.0156, 0.0137469577, 0.0377240873), (-0.0104, -0.0137469577, 0.0377240873), (-0.0104, -0.00933333333, 0.0378), (-0.0104, -0.00466666667, 0.0378), (-0.0104, 1.73472348e-18, 0.0378), (-0.0104, 0.00466666667, 0.0378), (-0.0104, 0.00933333333, 0.0378), (-0.0104, 0.0137469577, 0.0377240873), (-0.0052, -0.0137469577, 0.0377240873), (-0.0052, -0.00933333333, 0.0378), (-0.0052, -0.00466666667, 0.0378), (-0.0052, 1.73472348e-18, 0.0378), (-0.0052, 0.00466666667, 0.0378), (-0.0052, 0.00933333333, 0.0378), (-0.0052, 0.0137469577, 0.0377240873), (0, -0.0137469577, 0.0377240873), (0, -0.00933333333, 0.0378), (0, -0.00466666667, 0.0378), (0, 1.73472348e-18, 0.0378), (0, 0.00466666667, 0.0378), (0, 0.00933333333, 0.0378), (0, 0.0137469577, 0.0377240873), (0.0052, -0.0137469577, 0.0377240873), (0.0052, -0.00933333333, 0.0378), (0.0052, -0.00466666667, 0.0378), (0.0052, 1.73472348e-18, 0.0378), (0.0052, 0.00466666667, 0.0378), (0.0052, 0.00933333333, 0.0378), (0.0052, 0.0137469577, 0.0377240873), (0.0104, -0.0137469577, 0.0377240873), (0.0104, -0.00933333333, 0.0378), (0.0104, -0.00466666667, 0.0378), (0.0104, 1.73472348e-18, 0.0378), (0.0104, 0.00466666667, 0.0378), (0.0104, 0.00933333333, 0.0378), (0.0104, 0.0137469577, 0.0377240873), (0.0156, -0.0137469577, 0.0377240873), (0.0156, -0.00933333333, 0.0378), (0.0156, -0.00466666667, 0.0378), (0.0156, 1.73472348e-18, 0.0378), (0.0156, 0.00466666667, 0.0378), (0.0156, 0.00933333333, 0.0378), (0.0156, 0.0137469577, 0.0377240873), (0.0207600876, -0.0137006572, 0.0377101972), (0.0208, -0.00933333333, 0.0378), (0.0208, -0.00466666667, 0.0378), (0.0208, 1.73472348e-18, 0.0378), (0.0208, 0.00466666667, 0.0378), (0.0208, 0.00933333333, 0.0378), (0.0207600876, 0.0137006572, 0.0377101972), (0.0241502868, -0.0121502868, 0.037245086), (0.0256210369, -0.00924911931, 0.0376863111), (0.0257469577, -0.00466666667, 0.0377240873), (0.0257469577, 1.73472348e-18, 0.0377240873), (0.0257469577, 0.00466666667, 0.0377240873), (0.0256210369, 0.00924911931, 0.0376863111), (0.0241502868, 0.0121502868, 0.037245086), (-0.0234641016, -0.0114641016, 0.0394641016), (-0.0241912128, -0.00893138063, 0.0401912128), (-0.0242426407, -0.00466666667, 0.0402426407), (-0.0242426407, 1.73472348e-18, 0.0402426407), (-0.0242426407, 0.00466666667, 0.0402426407), (-0.0241912128, 0.00893138063, 0.0401912128), (-0.0234641016, 0.0114641016, 0.0394641016), (-0.0205631879, -0.0122239093, 0.0402239093), (-0.0207744174, -0.00929069571, 0.0418081307), (-0.0207929823, -0.00466666667, 0.0419473674), (-0.0207929823, 1.73472348e-18, 0.0419473674), (-0.0207929823, 0.00466666667, 0.0419473674), (-0.0207744174, 0.00929069571, 0.0418081307), (-0.0205631879, 0.0122239093, 0.0402239093), (-0.0156, -0.0122426407, 0.0402426407), (-0.0156, -0.00930158275, 0.0418571224), (-0.0156, -0.00466666667, 0.042), (-0.0156, 1.73472348e-18, 0.042), (-0.0156, 0.00466666667, 0.042), (-0.0156, 0.00930158275, 0.0418571224), (-0.0156, 0.0122426407, 0.0402426407), (-0.0104, -0.0122426407, 0.0402426407), (-0.0104, -0.00930158275, 0.0418571224), (-0.0104, -0.00466666667, 0.042), (-0.0104, 1.73472348e-18, 0.042), (-0.0104, 0.00466666667, 0.042), (-0.0104, 0.00930158275, 0.0418571224), (-0.0104, 0.0122426407, 0.0402426407), (-0.0052, -0.0122426407, 0.0402426407), (-0.0052, -0.00930158275, 0.0418571224), (-0.0052, -0.00466666667, 0.042), (-0.0052, 1.73472348e-18, 0.042), (-0.0052, 0.00466666667, 0.042), (-0.0052, 0.00930158275, 0.0418571224), (-0.0052, 0.0122426407, 0.0402426407), (0, -0.0122426407, 0.0402426407), (0, -0.00930158275, 0.0418571224), (0, -0.00466666667, 0.042), (0, 1.73472348e-18, 0.042), (0, 0.00466666667, 0.042), (0, 0.00930158275, 0.0418571224), (0, 0.0122426407, 0.0402426407), (0.0052, -0.0122426407, 0.0402426407), (0.0052, -0.00930158275, 0.0418571224), (0.0052, -0.00466666667, 0.042), (0.0052, 1.73472348e-18, 0.042), (0.0052, 0.00466666667, 0.042), (0.0052, 0.00930158275, 0.0418571224), (0.0052, 0.0122426407, 0.0402426407), (0.0104, -0.0122426407, 0.0402426407), (0.0104, -0.00930158275, 0.0418571224), (0.0104, -0.00466666667, 0.042), (0.0104, 1.73472348e-18, 0.042), (0.0104, 0.00466666667, 0.042), (0.0104, 0.00930158275, 0.0418571224), (0.0104, 0.0122426407, 0.0402426407), (0.0156, -0.0122426407, 0.0402426407), (0.0156, -0.00930158275, 0.0418571224), (0.0156, -0.00466666667, 0.042), (0.0156, 1.73472348e-18, 0.042), (0.0156, 0.00466666667, 0.042), (0.0156, 0.00930158275, 0.0418571224), (0.0156, 0.0122426407, 0.0402426407), (0.0205631879, -0.0122239093, 0.0402239093), (0.0207744174, -0.00929069571, 0.0418081307), (0.0207929823, -0.00466666667, 0.0419473674), (0.0207929823, 1.73472348e-18, 0.0419473674), (0.0207929823, 0.00466666667, 0.0419473674), (0.0207744174, 0.00929069571, 0.0418081307), (0.0205631879, 0.0122239093, 0.0402239093), (0.0234641016, -0.0114641016, 0.0394641016), (0.0241912128, -0.00893138063, 0.0401912128), (0.0242426407, -0.00466666667, 0.0402426407), (0.0242426407, 1.73472348e-18, 0.0402426407), (0.0242426407, 0.00466666667, 0.0402426407), (0.0241912128, 0.00893138063, 0.0401912128), (0.0234641016, 0.0114641016, 0.0394641016)]
        custom int[] tet_indices = [0, 7, 8, 85, 0, 8, 1, 85, 0, 1, 78, 85, 0, 78, 77, 85, 0, 77, 84, 85, 0, 84, 7, 85, 1, 8, 9, 86, 1, 9, 2, 86, 1, 2, 79, 86, 1, 79, 78, 86, 1, 78, 85, 86, 1, 85, 8, 86, 2, 9, 10, 87, 2, 10, 3, 87, 2, 3, 80, 87, 2, 80, 79, 87, 2, 79, 86, 87, 2, 86, 9, 87, 3, 10, 11, 88, 3, 11, 4, 88, 3, 4, 81, 88, 3, 81, 80, 88, 3, 80, 87, 88, 3, 87, 10, 88, 4, 11, 12, 89, 4, 12, 5, 89, 4, 5, 82, 89, 4, 82, 81, 89, 4, 81, 88, 89, 4, 88, 11, 89, 5, 12, 13, 90, 5, 13, 6, 90, 5, 6, 83, 90, 5, 83, 82, 90, 5, 82, 89, 90, 5, 89, 12, 90, 7, 14, 15, 92, 7, 15, 8, 92, 7, 8, 85, 92, 7, 85, 84, 92, 7, 84, 91, 92, 7, 91, 14, 92, 8, 15, 16, 93, 8, 16, 9, 93, 8, 9, 86, 93, 8, 86, 85, 93, 8, 85, 92, 93, 8, 92, 15, 93, 9, 16, 17, 94, 9, 17, 10, 94, 9, 10, 87, 94, 9, 87, 86, 94, 9, 86, 93, 94, 9, 93, 16, 94, 10, 17, 18, 95, 10, 18, 11, 95, 10, 11, 88, 95, 10, 88, 87, 95, 10, 87, 94, 95, 10, 94, 17, 95, 11, 18, 19, 96, 11, 19, 12, 96, 11, 12, 89, 96, 11, 89, 88, 96, 11, 88, 95, 96, 11, 95, 18, 96, 12, 19, 20, 97, 12, 20, 13, 97, 12, 13, 90, 97, 12, 90, 89, 97, 12, 89, 96, 97, 12, 96, 19, 97, 14, 21, 22, 99, 14, 22, 15, 99, 14, 15, 92, 99, 14, 92, 91, 99, 14, 91, 98, 99, 14, 98, 21, 99, 15, 22, 23, 100, 15, 23, 16, 100, 15, 16, 93, 100, 15, 93, 92, 100, 15, 92, 99, 100, 15, 99, 22, 100, 16, 23, 24, 101, 16, 24, 17, 101, 16, 17, 94, 101, 16, 94, 93, 101, 16, 93, 100, 101, 16, 100, 23, 101, 17, 24, 25, 102, 17, 25, 18, 102, 17, 18, 95, 102, 17, 95, 94, 102, 17, 94, 101, 102, 17, 101, 24, 102, 18, 25, 26, 103, 18, 26, 19, 103, 18, 19, 96, 103, 18, 96, 95, 103, 18, 95, 102, 103, 18, 102, 25, 103, 19, 26, 27, 104, 19, 27, 20, 104, 19, 20, 97, 104, 19, 97, 96, 104, 19, 96, 103, 104, 19, 103, 26, 104, 21, 28, 29, 106, 21, 29, 22, 106, 21, 22, 99, 106, 21, 99, 98, 106, 21, 98, 105, 106, 21, 105, 28, 106, 22, 29, 30, 107, 22, 30, 23, 107, 22, 23, 100, 107, 22, 100, 99, 107, 22, 99, 106, 107, 22, 106, 29, 107, 23, 30, 31, 108, 23, 31, 24, 108, 23, 24, 101, 108, 23, 101, 100, 108, 23, 100, 107, 108, 23, 107, 30, 108, 24, 31, 32, 109, 24, 32, 25, 109, 24, 25, 102, 109, 24, 102, 101, 109, 24, 101, 108, 109, 24, 108, 31, 109, 25, 32, 33, 110, 25, 33, 26, 110, 25, 26, 103, 110, 25, 103, 102, 110, 25, 102, 109, 110, 25, 109, 32, 110, 26, 33, 34, 111, 26, 34, 27, 111, 26, 27, 104, 111, 26, 104, 103, 111, 26, 103, 110, 111, 26, 110, 33, 111, 28, 35, 36, 113, 28, 36, 29, 113, 28, 29, 106, 113, 28, 106, 105, 113, 28, 105, 112, 113, 28, 112, 35, 113, 29, 36, 37, 114, 29, 37, 30, 114, 29, 30, 107, 114, 29, 107, 106, 114, 29, 106, 113, 114, 29, 113, 36, 114, 30, 37, 38, 115, 30, 38, 31, 115, 30, 31, 108, 115, 30, 108, 107, 115, 30, 107, 114, 115, 30, 114, 37, 115, 31, 38, 39, 116, 31, 39, 32, 116, 31, 32, 109, 116, 31, 109, 108, 116, 31, 108, 115, 116, 31, 115, 38, 116, 32, 39, 40, 117, 32, 40, 33, 117, 32, 33, 110, 117, 32, 110, 109, 117, 32, 109, 116, 117, 32, 116, 39, 117, 33, 40, 41, 118, 33, 41, 34, 118, 33, 34, 111, 118, 33, 111, 110, 118, 33, 110, 117, 118, 33, 117, 40, 118, 35, 42, 43, 120, 35, 43, 36, 120, 35, 36, 113, 120, 35, 113, 112, 120, 35, 112, 119, 120, 35, 119, 42, 120, 36, 43, 44, 121, 36, 44, 37, 121, 36, 37, 114, 121, 36, 114, 113, 121, 36, 113, 120, 121, 36, 120, 43, 121, 37, 44, 45, 122, 37, 45, 38, 122, 37, 38, 115, 122, 37, 115, 114, 122, 37, 114, 121, 122, 37, 121, 44, 122, 38, 45, 46, 123, 38, 46, 39, 123, 38, 39, 116, 123, 38, 116, 115, 123, 38, 115, 122, 123, 38, 122, 45, 123, 39, 46, 47, 124, 39, 47, 40, 124, 39, 40, 117, 124, 39, 117, 116, 124, 39, 116, 123, 124, 39, 123, 46, 124, 40, 47, 48, 125, 40, 48, 41, 125, 40, 41, 118, 125, 40, 118, 117, 125, 40, 117, 124, 125, 40, 124, 47, 125, 42, 49, 50, 127, 42, 50, 43, 127, 42, 43, 120, 127, 42, 120, 119, 127, 42, 119, 126, 127, 42, 126, 49, 127, 43, 50, 51, 128, 43, 51, 44, 128, 43, 44, 121, 128, 43, 121, 120, 128, 43, 120, 127, 128, 43, 127, 50, 128, 44, 51, 52, 129, 44, 52, 45, 129, 44, 45, 122, 129, 44, 122, 121, 129, 44, 121, 128, 129, 44, 128, 51, 129, 45, 52, 53, 130, 45, 53, 46, 130, 45, 46, 123, 130, 45, 123, 122, 130, 45, 122, 129, 130, 45, 129, 52, 130, 46, 53, 54, 131, 46, 54, 47, 131, 46, 47, 124, 131, 46, 124, 123, 131, 46, 123, 130, 131, 46, 130, 53, 131, 47, 54, 55, 132, 47, 55, 48, 132, 47, 48, 125, 132, 47, 125, 124, 132, 47, 124, 131, 132, 47, 131, 54, 132, 49, 56, 57, 134, 49, 57, 50, 134, 49, 50, 127, 134, 49, 127, 126, 134, 49, 126, 133, 134, 49, 133, 56, 134, 50, 57, 58, 135, 50, 58, 51, 135, 50, 51, 128, 135, 50, 128, 127, 135, 50, 127, 134, 135, 50, 134, 57, 135, 51, 58, 59, 136, 51, 59, 52, 136, 51, 52, 129, 136, 51, 129, 128, 136, 51, 128, 135, 136, 51, 135, 58, 136, 52, 59, 60, 137, 52, 60, 53, 137, 52, 53, 130, 137, 52, 130, 129, 137, 52, 129, 136, 137, 52, 136, 59, 137, 53, 60, 61, 138, 53, 61, 54, 138, 53, 54, 131, 138, 53, 131, 130, 138, 53, 130, 137, 138, 53, 137, 60, 138, 54, 61, 62, 139, 54, 62, 55, 139, 54, 55, 132, 139, 54, 132, 131, 139, 54, 131, 138, 139, 54, 138, 61, 139, 56, 63, 64, 141, 56, 64, 57, 141, 56, 57, 134, 141, 56, 134, 133, 141, 56, 133, 140, 141, 56, 140, 63, 141, 57, 64, 65, 142, 57, 65, 58, 142, 57, 58, 135, 142, 57, 135, 134, 142, 57, 134, 141, 142, 57, 141, 64, 142, 58, 65, 66, 143, 58, 66, 59, 143, 58, 59, 136, 143, 58, 136, 135, 143, 58, 135, 142, 143, 58, 142, 65, 143, 59, 66, 67, 144, 59, 67, 60, 144, 59, 60, 137, 144, 59, 137, 136, 144, 59, 136, 143, 144, 59, 143, 66, 144, 60, 67, 68, 145, 60, 68, 61, 145, 60, 61, 138, 145, 60, 138, 137, 145, 60, 137, 144, 145, 60, 144, 67, 145, 61, 68, 69, 146, 61, 69, 62, 146, 61, 62, 139, 146, 61, 139, 138, 146, 61, 138, 145, 146, 61, 145, 68, 146, 63, 70, 71, 148, 63, 71, 64, 148, 63, 64, 141, 148, 63, 141, 140, 148, 63, 140, 147, 148, 63, 147, 70, 148, 64, 71, 72, 149, 64, 72, 65, 149, 64, 65, 142, 149, 64, 142, 141, 149, 64, 141, 148, 149, 64, 148, 71, 149, 65, 72, 73, 150, 65, 73, 66, 150, 65, 66, 143, 150, 65, 143, 142, 150, 65, 142, 149, 150, 65, 149, 72, 150, 66, 73, 74, 151, 66, 74, 67, 151, 66, 67, 144, 151, 66, 144, 143, 151, 66, 143, 150, 151, 66, 150, 73, 151, 67, 74, 75, 152, 67, 75, 68, 152, 67, 68, 145, 152, 67, 145, 144, 152, 67, 144, 151, 152, 67, 151, 74, 152, 68, 75, 76, 153, 68, 76, 69, 153, 68, 69, 146, 153, 68, 146, 145, 153, 68, 145, 152, 153, 68, 152, 75, 153, 77, 84, 85, 162, 77, 85, 78, 162, 77, 78, 155, 162, 77, 155, 154, 162, 77, 154, 161, 162, 77, 161, 84, 162, 78, 85, 86, 163, 78, 86, 79, 163, 78, 79, 156, 163, 78, 156, 155, 163, 78, 155, 162, 163, 78, 162, 85, 163, 79, 86, 87, 164, 79, 87, 80, 164, 79, 80, 157, 164, 79, 157, 156, 164, 79, 156, 163, 164, 79, 163, 86, 164, 80, 87, 88, 165, 80, 88, 81, 165, 80, 81, 158, 165, 80, 158, 157, 165, 80, 157, 164, 165, 80, 164, 87, 165, 81, 88, 89, 166, 81, 89, 82, 166, 81, 82, 159, 166, 81, 159, 158, 166, 81, 158, 165, 166, 81, 165, 88, 166, 82, 89, 90, 167, 82, 90, 83, 167, 82, 83, 160, 167, 82, 160, 159, 167, 82, 159, 166, 167, 82, 166, 89, 167, 84, 91, 92, 169, 84, 92, 85, 169, 84, 85, 162, 169, 84, 162, 161, 169, 84, 161, 168, 169, 84, 168, 91, 169, 85, 92, 93, 170, 85, 93, 86, 170, 85, 86, 163, 170, 85, 163, 162, 170, 85, 162, 169, 170, 85, 169, 92, 170, 86, 93, 94, 171, 86, 94, 87, 171, 86, 87, 164, 171, 86, 164, 163, 171, 86, 163, 170, 171, 86, 170, 93, 171, 87, 94, 95, 172, 87, 95, 88, 172, 87, 88, 165, 172, 87, 165, 164, 172, 87, 164, 171, 172, 87, 171, 94, 172, 88, 95, 96, 173, 88, 96, 89, 173, 88, 89, 166, 173, 88, 166, 165, 173, 88, 165, 172, 173, 88, 172, 95, 173, 89, 96, 97, 174, 89, 97, 90, 174, 89, 90, 167, 174, 89, 167, 166, 174, 89, 166, 173, 174, 89, 173, 96, 174, 91, 98, 99, 176, 91, 99, 92, 176, 91, 92, 169, 176, 91, 169, 168, 176, 91, 168, 175, 176, 91, 175, 98, 176, 92, 99, 100, 177, 92, 100, 93, 177, 92, 93, 170, 177, 92, 170, 169, 177, 92, 169, 176, 177, 92, 176, 99, 177, 93, 100, 101, 178, 93, 101, 94, 178, 93, 94, 171, 178, 93, 171, 170, 178, 93, 170, 177, 178, 93, 177, 100, 178, 94, 101, 102, 179, 94, 102, 95, 179, 94, 95, 172, 179, 94, 172, 171, 179, 94, 171, 178, 179, 94, 178, 101, 179, 95, 102, 103, 180, 95, 103, 96, 180, 95, 96, 173, 180, 95, 173, 172, 180, 95, 172, 179, 180, 95, 179, 102, 180, 96, 103, 104, 181, 96, 104, 97, 181, 96, 97, 174, 181, 96, 174, 173, 181, 96, 173, 180, 181, 96, 180, 103, 181, 98, 105, 106, 183, 98, 106, 99, 183, 98, 99, 176, 183, 98, 176, 175, 183, 98, 175, 182, 183, 98, 182, 105, 183, 99, 106, 107, 184, 99, 107, 100, 184, 99, 100, 177, 184, 99, 177, 176, 184, 99, 176, 183, 184, 99, 183, 106, 184, 100, 107, 108, 185, 100, 108, 101, 185, 100, 101, 178, 185, 100, 178, 177, 185, 100, 177, 184, 185, 100, 184, 107, 185, 101, 108, 109, 186, 101, 109, 102, 186, 101, 102, 179, 186, 101, 179, 178, 186, 101, 178, 185, 186, 101, 185, 108, 186, 102, 109, 110, 187, 102, 110, 103, 187, 102, 103, 180, 187, 102, 180, 179, 187, 102, 179, 186, 187, 102, 186, 109, 187, 103, 110, 111, 188, 103, 111, 104, 188, 103, 104, 181, 188, 103, 181, 180, 188, 103, 180, 187, 188, 103, 187, 110, 188, 105, 112, 113, 190, 105, 113, 106, 190, 105, 106, 183, 190, 105, 183, 182, 190, 105, 182, 189, 190, 105, 189, 112, 190, 106, 113, 114, 191, 106, 114, 107, 191, 106, 107, 184, 191, 106, 184, 183, 191, 106, 183, 190, 191, 106, 190, 113, 191, 107, 114, 115, 192, 107, 115, 108, 192, 107, 108, 185, 192, 107, 185, 184, 192, 107, 184, 191, 192, 107, 191, 114, 192, 108, 115, 116, 193, 108, 116, 109, 193, 108, 109, 186, 193, 108, 186, 185, 193, 108, 185, 192, 193, 108, 192, 115, 193, 109, 116, 117, 194, 109, 117, 110, 194, 109, 110, 187, 194, 109, 187, 186, 194, 109, 186, 193, 194, 109, 193, 116, 194, 110, 117, 118, 195, 110, 118, 111, 195, 110, 111, 188, 195, 110, 188, 187, 195, 110, 187, 194, 195, 110, 194, 117, 195, 112, 119, 120, 197, 112, 120, 113, 197, 112, 113, 190, 197, 112, 190, 189, 197, 112, 189, 196, 197, 112, 196, 119, 197, 113, 120, 121, 198, 113, 121, 114, 198, 113, 114, 191, 198, 113, 191, 190, 198, 113, 190, 197, 198, 113, 197, 120, 198, 114, 121, 122, 199, 114, 122, 115, 199, 114, 115, 192, 199, 114, 192, 191, 199, 114, 191, 198, 199, 114, 198, 121, 199, 115, 122, 123, 200, 115, 123, 116, 200, 115, 116, 193, 200, 115, 193, 192, 200, 115, 192, 199, 200, 115, 199, 122, 200, 116, 123, 124, 201, 116, 124, 117, 201, 116, 117, 194, 201, 116, 194, 193, 201, 116, 193, 200, 201, 116, 200, 123, 201, 117, 124, 125, 202, 117, 125, 118, 202, 117, 118, 195, 202, 117, 195, 194, 202, 117, 194, 201, 202, 117, 201, 124, 202, 119, 126, 127, 204, 119, 127, 120, 204, 119, 120, 197, 204, 119, 197, 196, 204, 119, 196, 203, 204, 119, 203, 126, 204, 120, 127, 128, 205, 120, 128, 121, 205, 120, 121, 198, 205, 120, 198, 197, 205, 120, 197, 204, 205, 120, 204, 127, 205, 121, 128, 129, 206, 121, 129, 122, 206, 121, 122, 199, 206, 121, 199, 198, 206, 121, 198, 205, 206, 121, 205, 128, 206, 122, 129, 130, 207, 122, 130, 123, 207, 122, 123, 200, 207, 122, 200, 199, 207, 122, 199, 206, 207, 122, 206, 129, 207, 123, 130, 131, 208, 123, 131, 124, 208, 123, 124, 201, 208, 123, 201, 200, 208, 123, 200, 207, 208, 123, 207, 130, 208, 124, 131, 132, 209, 124, 132, 125, 209, 124, 125, 202, 209, 124, 202, 201, 209, 124, 201, 208, 209, 124, 208, 131, 209, 126, 133, 134, 211, 126, 134, 127, 211, 126, 127, 204, 211, 126, 204, 203, 211, 126, 203, 210, 211, 126, 210, 133, 211, 127, 134, 135, 212, 127, 135, 128, 212, 127, 128, 205, 212, 127, 205, 204, 212, 127, 204, 211, 212, 127, 211, 134, 212, 128, 135, 136, 213, 128, 136, 129, 213, 128, 129, 206, 213, 128, 206, 205, 213, 128, 205, 212, 213, 128, 212, 135, 213, 129, 136, 137, 214, 129, 137, 130, 214, 129, 130, 207, 214, 129, 207, 206, 214, 129, 206, 213, 214, 129, 213, 136, 214, 130, 137, 138, 215, 130, 138, 131, 215, 130, 131, 208, 215, 130, 208, 207, 215, 130, 207, 214, 215, 130, 214, 137, 215, 131, 138, 139, 216, 131, 139, 132, 216, 131, 132, 209, 216, 131, 209, 208, 216, 131, 208, 215, 216, 131, 215, 138, 216, 133, 140, 141, 218, 133, 141, 134, 218, 133, 134, 211, 218, 133, 211, 210, 218, 133, 210, 217, 218, 133, 217, 140, 218, 134, 141, 142, 219, 134, 142, 135, 219, 134, 135, 212, 219, 134, 212, 211, 219, 134, 211, 218, 219, 134, 218, 141, 219, 135, 142, 143, 220, 135, 143, 136, 220, 135, 136, 213, 220, 135, 213, 212, 220, 135, 212, 219, 220, 135, 219, 142, 220, 136, 143, 144, 221, 136, 144, 137, 221, 136, 137, 214, 221, 136, 214, 213, 221, 136, 213, 220, 221, 136, 220, 143, 221, 137, 144, 145, 222, 137, 145, 138, 222, 137, 138, 215, 222, 137, 215, 214, 222, 137, 214, 221, 222, 137, 221, 144, 222, 138, 145, 146, 223, 138, 146, 139, 223, 138, 139, 216, 223, 138, 216, 215, 223, 138, 215, 222, 223, 138, 222, 145, 223, 140, 147, 148, 225, 140, 148, 141, 225, 140, 141, 218, 225, 140, 218, 217, 225, 140, 217, 224, 225, 140, 224, 147, 225, 141, 148, 149, 226, 141, 149, 142, 226, 141, 142, 219, 226, 141, 219, 218, 226, 141, 218, 225, 226, 141, 225, 148, 226, 142, 149, 150, 227, 142, 150, 143, 227, 142, 143, 220, 227, 142, 220, 219, 227, 142, 219, 226, 227, 142, 226, 149, 227, 143, 150, 151, 228, 143, 151, 144, 228, 143, 144, 221, 228, 143, 221, 220, 228, 143, 220, 227, 228, 143, 227, 150, 228, 144, 151, 152, 229, 144, 152, 145, 229, 144, 145, 222, 229, 144, 222, 221, 229, 144, 221, 228, 229, 144, 228, 151, 229, 145, 152, 153, 230, 145, 153, 146, 230, 145, 146, 223, 230, 145, 223, 222, 230, 145, 222, 229, 230, 145, 229, 152, 230, 154, 161, 162, 239, 154, 162, 155, 239, 154, 155, 232, 239, 154, 232, 231, 239, 154, 231, 238, 239, 154, 238, 161, 239, 155, 162, 163, 240, 155, 163, 156, 240, 155, 156, 233, 240, 155, 233, 232, 240, 155, 232, 239, 240, 155, 239, 162, 240, 156, 163, 164, 241, 156, 164, 157, 241, 156, 157, 234, 241, 156, 234, 233, 241, 156, 233, 240, 241, 156, 240, 163, 241, 157, 164, 165, 242, 157, 165, 158, 242, 157, 158, 235, 242, 157, 235, 234, 242, 157, 234, 241, 242, 157, 241, 164, 242, 158, 165, 166, 243, 158, 166, 159, 243, 158, 159, 236, 243, 158, 236, 235, 243, 158, 235, 242, 243, 158, 242, 165, 243, 159, 166, 167, 244, 159, 167, 160, 244, 159, 160, 237, 244, 159, 237, 236, 244, 159, 236, 243, 244, 159, 243, 166, 244, 161, 168, 169, 246, 161, 169, 162, 246, 161, 162, 239, 246, 161, 239, 238, 246, 161, 238, 245, 246, 161, 245, 168, 246, 162, 169, 170, 247, 162, 170, 163, 247, 162, 163, 240, 247, 162, 240, 239, 247, 162, 239, 246, 247, 162, 246, 169, 247, 163, 170, 171, 248, 163, 171, 164, 248, 163, 164, 241, 248, 163, 241, 240, 248, 163, 240, 247, 248, 163, 247, 170, 248, 164, 171, 172, 249, 164, 172, 165, 249, 164, 165, 242, 249, 164, 242, 241, 249, 164, 241, 248, 249, 164, 248, 171, 249, 165, 172, 173, 250, 165, 173, 166, 250, 165, 166, 243, 250, 165, 243, 242, 250, 165, 242, 249, 250, 165, 249, 172, 250, 166, 173, 174, 251, 166, 174, 167, 251, 166, 167, 244, 251, 166, 244, 243, 251, 166, 243, 250, 251, 166, 250, 173, 251, 168, 175, 176, 253, 168, 176, 169, 253, 168, 169, 246, 253, 168, 246, 245, 253, 168, 245, 252, 253, 168, 252, 175, 253, 169, 176, 177, 254, 169, 177, 170, 254, 169, 170, 247, 254, 169, 247, 246, 254, 169, 246, 253, 254, 169, 253, 176, 254, 170, 177, 178, 255, 170, 178, 171, 255, 170, 171, 248, 255, 170, 248, 247, 255, 170, 247, 254, 255, 170, 254, 177, 255, 171, 178, 179, 256, 171, 179, 172, 256, 171, 172, 249, 256, 171, 249, 248, 256, 171, 248, 255, 256, 171, 255, 178, 256, 172, 179, 180, 257, 172, 180, 173, 257, 172, 173, 250, 257, 172, 250, 249, 257, 172, 249, 256, 257, 172, 256, 179, 257, 173, 180, 181, 258, 173, 181, 174, 258, 173, 174, 251, 258, 173, 251, 250, 258, 173, 250, 257, 258, 173, 257, 180, 258, 175, 182, 183, 260, 175, 183, 176, 260, 175, 176, 253, 260, 175, 253, 252, 260, 175, 252, 259, 260, 175, 259, 182, 260, 176, 183, 184, 261, 176, 184, 177, 261, 176, 177, 254, 261, 176, 254, 253, 261, 176, 253, 260, 261, 176, 260, 183, 261, 177, 184, 185, 262, 177, 185, 178, 262, 177, 178, 255, 262, 177, 255, 254, 262, 177, 254, 261, 262, 177, 261, 184, 262, 178, 185, 186, 263, 178, 186, 179, 263, 178, 179, 256, 263, 178, 256, 255, 263, 178, 255, 262, 263, 178, 262, 185, 263, 179, 186, 187, 264, 179, 187, 180, 264, 179, 180, 257, 264, 179, 257, 256, 264, 179, 256, 263, 264, 179, 263, 186, 264, 180, 187, 188, 265, 180, 188, 181, 265, 180, 181, 258, 265, 180, 258, 257, 265, 180, 257, 264, 265, 180, 264, 187, 265, 182, 189, 190, 267, 182, 190, 183, 267, 182, 183, 260, 267, 182, 260, 259, 267, 182, 259, 266, 267, 182, 266, 189, 267, 183, 190, 191, 268, 183, 191, 184, 268, 183, 184, 261, 268, 183, 261, 260, 268, 183, 260, 267, 268, 183, 267, 190, 268, 184, 191, 192, 269, 184, 192, 185, 269, 184, 185, 262, 269, 184, 262, 261, 269, 184, 261, 268, 269, 184, 268, 191, 269, 185, 192, 193, 270, 185, 193, 186, 270, 185, 186, 263, 270, 185, 263, 262, 270, 185, 262, 269, 270, 185, 269, 192, 270, 186, 193, 194, 271, 186, 194, 187, 271, 186, 187, 264, 271, 186, 264, 263, 271, 186, 263, 270, 271, 186, 270, 193, 271, 187, 194, 195, 272, 187, 195, 188, 272, 187, 188, 265, 272, 187, 265, 264, 272, 187, 264, 271, 272, 187, 271, 194, 272, 189, 196, 197, 274, 189, 197, 190, 274, 189, 190, 267, 274, 189, 267, 266, 274, 189, 266, 273, 274, 189, 273, 196, 274, 190, 197, 198, 275, 190, 198, 191, 275, 190, 191, 268, 275, 190, 268, 267, 275, 190, 267, 274, 275, 190, 274, 197, 275, 191, 198, 199, 276, 191, 199, 192, 276, 191, 192, 269, 276, 191, 269, 268, 276, 191, 268, 275, 276, 191, 275, 198, 276, 192, 199, 200, 277, 192, 200, 193, 277, 192, 193, 270, 277, 192, 270, 269, 277, 192, 269, 276, 277, 192, 276, 199, 277, 193, 200, 201, 278, 193, 201, 194, 278, 193, 194, 271, 278, 193, 271, 270, 278, 193, 270, 277, 278, 193, 277, 200, 278, 194, 201, 202, 279, 194, 202, 195, 279, 194, 195, 272, 279, 194, 272, 271, 279, 194, 271, 278, 279, 194, 278, 201, 279, 196, 203, 204, 281, 196, 204, 197, 281, 196, 197, 274, 281, 196, 274, 273, 281, 196, 273, 280, 281, 196, 280, 203, 281, 197, 204, 205, 282, 197, 205, 198, 282, 197, 198, 275, 282, 197, 275, 274, 282, 197, 274, 281, 282, 197, 281, 204, 282, 198, 205, 206, 283, 198, 206, 199, 283, 198, 199, 276, 283, 198, 276, 275, 283, 198, 275, 282, 283, 198, 282, 205, 283, 199, 206, 207, 284, 199, 207, 200, 284, 199, 200, 277, 284, 199, 277, 276, 284, 199, 276, 283, 284, 199, 283, 206, 284, 200, 207, 208, 285, 200, 208, 201, 285, 200, 201, 278, 285, 200, 278, 277, 285, 200, 277, 284, 285, 200, 284, 207, 285, 201, 208, 209, 286, 201, 209, 202, 286, 201, 202, 279, 286, 201, 279, 278, 286, 201, 278, 285, 286, 201, 285, 208, 286, 203, 210, 211, 288, 203, 211, 204, 288, 203, 204, 281, 288, 203, 281, 280, 288, 203, 280, 287, 288, 203, 287, 210, 288, 204, 211, 212, 289, 204, 212, 205, 289, 204, 205, 282, 289, 204, 282, 281, 289, 204, 281, 288, 289, 204, 288, 211, 289, 205, 212, 213, 290, 205, 213, 206, 290, 205, 206, 283, 290, 205, 283, 282, 290, 205, 282, 289, 290, 205, 289, 212, 290, 206, 213, 214, 291, 206, 214, 207, 291, 206, 207, 284, 291, 206, 284, 283, 291, 206, 283, 290, 291, 206, 290, 213, 291, 207, 214, 215, 292, 207, 215, 208, 292, 207, 208, 285, 292, 207, 285, 284, 292, 207, 284, 291, 292, 207, 291, 214, 292, 208, 215, 216, 293, 208, 216, 209, 293, 208, 209, 286, 293, 208, 286, 285, 293, 208, 285, 292, 293, 208, 292, 215, 293, 210, 217, 218, 295, 210, 218, 211, 295, 210, 211, 288, 295, 210, 288, 287, 295, 210, 287, 294, 295, 210, 294, 217, 295, 211, 218, 219, 296, 211, 219, 212, 296, 211, 212, 289, 296, 211, 289, 288, 296, 211, 288, 295, 296, 211, 295, 218, 296, 212, 219, 220, 297, 212, 220, 213, 297, 212, 213, 290, 297, 212, 290, 289, 297, 212, 289, 296, 297, 212, 296, 219, 297, 213, 220, 221, 298, 213, 221, 214, 298, 213, 214, 291, 298, 213, 291, 290, 298, 213, 290, 297, 298, 213, 297, 220, 298, 214, 221, 222, 299, 214, 222, 215, 299, 214, 215, 292, 299, 214, 292, 291, 299, 214, 291, 298, 299, 214, 298, 221, 299, 215, 222, 223, 300, 215, 223, 216, 300, 215, 216, 293, 300, 215, 293, 292, 300, 215, 292, 299, 300, 215, 299, 222, 300, 217, 224, 225, 302, 217, 225, 218, 302, 217, 218, 295, 302, 217, 295, 294, 302, 217, 294, 301, 302, 217, 301, 224, 302, 218, 225, 226, 303, 218, 226, 219, 303, 218, 219, 296, 303, 218, 296, 295, 303, 218, 295, 302, 303, 218, 302, 225, 303, 219, 226, 227, 304, 219, 227, 220, 304, 219, 220, 297, 304, 219, 297, 296, 304, 219, 296, 303, 304, 219, 303, 226, 304, 220, 227, 228, 305, 220, 228, 221, 305, 220, 221, 298, 305, 220, 298, 297, 305, 220, 297, 304, 305, 220, 304, 227, 305, 221, 228, 229, 306, 221, 229, 222, 306, 221, 222, 299, 306, 221, 299, 298, 306, 221, 298, 305, 306, 221, 305, 228, 306, 222, 229, 230, 307, 222, 230, 223, 307, 222, 223, 300, 307, 222, 300, 299, 307, 222, 299, 306, 307, 222, 306, 229, 307, 231, 238, 239, 316, 231, 239, 232, 316, 231, 232, 309, 316, 231, 309, 308, 316, 231, 308, 315, 316, 231, 315, 238, 316, 232, 239, 240, 317, 232, 240, 233, 317, 232, 233, 310, 317, 232, 310, 309, 317, 232, 309, 316, 317, 232, 316, 239, 317, 233, 240, 241, 318, 233, 241, 234, 318, 233, 234, 311, 318, 233, 311, 310, 318, 233, 310, 317, 318, 233, 317, 240, 318, 234, 241, 242, 319, 234, 242, 235, 319, 234, 235, 312, 319, 234, 312, 311, 319, 234, 311, 318, 319, 234, 318, 241, 319, 235, 242, 243, 320, 235, 243, 236, 320, 235, 236, 313, 320, 235, 313, 312, 320, 235, 312, 319, 320, 235, 319, 242, 320, 236, 243, 244, 321, 236, 244, 237, 321, 236, 237, 314, 321, 236, 314, 313, 321, 236, 313, 320, 321, 236, 320, 243, 321, 238, 245, 246, 323, 238, 246, 239, 323, 238, 239, 316, 323, 238, 316, 315, 323, 238, 315, 322, 323, 238, 322, 245, 323, 239, 246, 247, 324, 239, 247, 240, 324, 239, 240, 317, 324, 239, 317, 316, 324, 239, 316, 323, 324, 239, 323, 246, 324, 240, 247, 248, 325, 240, 248, 241, 325, 240, 241, 318, 325, 240, 318, 317, 325, 240, 317, 324, 325, 240, 324, 247, 325, 241, 248, 249, 326, 241, 249, 242, 326, 241, 242, 319, 326, 241, 319, 318, 326, 241, 318, 325, 326, 241, 325, 248, 326, 242, 249, 250, 327, 242, 250, 243, 327, 242, 243, 320, 327, 242, 320, 319, 327, 242, 319, 326, 327, 242, 326, 249, 327, 243, 250, 251, 328, 243, 251, 244, 328, 243, 244, 321, 328, 243, 321, 320, 328, 243, 320, 327, 328, 243, 327, 250, 328, 245, 252, 253, 330, 245, 253, 246, 330, 245, 246, 323, 330, 245, 323, 322, 330, 245, 322, 329, 330, 245, 329, 252, 330, 246, 253, 254, 331, 246, 254, 247, 331, 246, 247, 324, 331, 246, 324, 323, 331, 246, 323, 330, 331, 246, 330, 253, 331, 247, 254, 255, 332, 247, 255, 248, 332, 247, 248, 325, 332, 247, 325, 324, 332, 247, 324, 331, 332, 247, 331, 254, 332, 248, 255, 256, 333, 248, 256, 249, 333, 248, 249, 326, 333, 248, 326, 325, 333, 248, 325, 332, 333, 248, 332, 255, 333, 249, 256, 257, 334, 249, 257, 250, 334, 249, 250, 327, 334, 249, 327, 326, 334, 249, 326, 333, 334, 249, 333, 256, 334, 250, 257, 258, 335, 250, 258, 251, 335, 250, 251, 328, 335, 250, 328, 327, 335, 250, 327, 334, 335, 250, 334, 257, 335, 252, 259, 260, 337, 252, 260, 253, 337, 252, 253, 330, 337, 252, 330, 329, 337, 252, 329, 336, 337, 252, 336, 259, 337, 253, 260, 261, 338, 253, 261, 254, 338, 253, 254, 331, 338, 253, 331, 330, 338, 253, 330, 337, 338, 253, 337, 260, 338, 254, 261, 262, 339, 254, 262, 255, 339, 254, 255, 332, 339, 254, 332, 331, 339, 254, 331, 338, 339, 254, 338, 261, 339, 255, 262, 263, 340, 255, 263, 256, 340, 255, 256, 333, 340, 255, 333, 332, 340, 255, 332, 339, 340, 255, 339, 262, 340, 256, 263, 264, 341, 256, 264, 257, 341, 256, 257, 334, 341, 256, 334, 333, 341, 256, 333, 340, 341, 256, 340, 263, 341, 257, 264, 265, 342, 257, 265, 258, 342, 257, 258, 335, 342, 257, 335, 334, 342, 257, 334, 341, 342, 257, 341, 264, 342, 259, 266, 267, 344, 259, 267, 260, 344, 259, 260, 337, 344, 259, 337, 336, 344, 259, 336, 343, 344, 259, 343, 266, 344, 260, 267, 268, 345, 260, 268, 261, 345, 260, 261, 338, 345, 260, 338, 337, 345, 260, 337, 344, 345, 260, 344, 267, 345, 261, 268, 269, 346, 261, 269, 262, 346, 261, 262, 339, 346, 261, 339, 338, 346, 261, 338, 345, 346, 261, 345, 268, 346, 262, 269, 270, 347, 262, 270, 263, 347, 262, 263, 340, 347, 262, 340, 339, 347, 262, 339, 346, 347, 262, 346, 269, 347, 263, 270, 271, 348, 263, 271, 264, 348, 263, 264, 341, 348, 263, 341, 340, 348, 263, 340, 347, 348, 263, 347, 270, 348, 264, 271, 272, 349, 264, 272, 265, 349, 264, 265, 342, 349, 264, 342, 341, 349, 264, 341, 348, 349, 264, 348, 271, 349, 266, 273, 274, 351, 266, 274, 267, 351, 266, 267, 344, 351, 266, 344, 343, 351, 266, 343, 350, 351, 266, 350, 273, 351, 267, 274, 275, 352, 267, 275, 268, 352, 267, 268, 345, 352, 267, 345, 344, 352, 267, 344, 351, 352, 267, 351, 274, 352, 268, 275, 276, 353, 268, 276, 269, 353, 268, 269, 346, 353, 268, 346, 345, 353, 268, 345, 352, 353, 268, 352, 275, 353, 269, 276, 277, 354, 269, 277, 270, 354, 269, 270, 347, 354, 269, 347, 346, 354, 269, 346, 353, 354, 269, 353, 276, 354, 270, 277, 278, 355, 270, 278, 271, 355, 270, 271, 348, 355, 270, 348, 347, 355, 270, 347, 354, 355, 270, 354, 277, 355, 271, 278, 279, 356, 271, 279, 272, 356, 271, 272, 349, 356, 271, 349, 348, 356, 271, 348, 355, 356, 271, 355, 278, 356, 273, 280, 281, 358, 273, 281, 274, 358, 273, 274, 351, 358, 273, 351, 350, 358, 273, 350, 357, 358, 273, 357, 280, 358, 274, 281, 282, 359, 274, 282, 275, 359, 274, 275, 352, 359, 274, 352, 351, 359, 274, 351, 358, 359, 274, 358, 281, 359, 275, 282, 283, 360, 275, 283, 276, 360, 275, 276, 353, 360, 275, 353, 352, 360, 275, 352, 359, 360, 275, 359, 282, 360, 276, 283, 284, 361, 276, 284, 277, 361, 276, 277, 354, 361, 276, 354, 353, 361, 276, 353, 360, 361, 276, 360, 283, 361, 277, 284, 285, 362, 277, 285, 278, 362, 277, 278, 355, 362, 277, 355, 354, 362, 277, 354, 361, 362, 277, 361, 284, 362, 278, 285, 286, 363, 278, 286, 279, 363, 278, 279, 356, 363, 278, 356, 355, 363, 278, 355, 362, 363, 278, 362, 285, 363, 280, 287, 288, 365, 280, 288, 281, 365, 280, 281, 358, 365, 280, 358, 357, 365, 280, 357, 364, 365, 280, 364, 287, 365, 281, 288, 289, 366, 281, 289, 282, 366, 281, 282, 359, 366, 281, 359, 358, 366, 281, 358, 365, 366, 281, 365, 288, 366, 282, 289, 290, 367, 282, 290, 283, 367, 282, 283, 360, 367, 282, 360, 359, 367, 282, 359, 366, 367, 282, 366, 289, 367, 283, 290, 291, 368, 283, 291, 284, 368, 283, 284, 361, 368, 283, 361, 360, 368, 283, 360, 367, 368, 283, 367, 290, 368, 284, 291, 292, 369, 284, 292, 285, 369, 284, 285, 362, 369, 284, 362, 361, 369, 284, 361, 368, 369, 284, 368, 291, 369, 285, 292, 293, 370, 285, 293, 286, 370, 285, 286, 363, 370, 285, 363, 362, 370, 285, 362, 369, 370, 285, 369, 292, 370, 287, 294, 295, 372, 287, 295, 288, 372, 287, 288, 365, 372, 287, 365, 364, 372, 287, 364, 371, 372, 287, 371, 294, 372, 288, 295, 296, 373, 288, 296, 289, 373, 288, 289, 366, 373, 288, 366, 365, 373, 288, 365, 372, 373, 288, 372, 295, 373, 289, 296, 297, 374, 289, 297, 290, 374, 289, 290, 367, 374, 289, 367, 366, 374, 289, 366, 373, 374, 289, 373, 296, 374, 290, 297, 298, 375, 290, 298, 291, 375, 290, 291, 368, 375, 290, 368, 367, 375, 290, 367, 374, 375, 290, 374, 297, 375, 291, 298, 299, 376, 291, 299, 292, 376, 291, 292, 369, 376, 291, 369, 368, 376, 291, 368, 375, 376, 291, 375, 298, 376, 292, 299, 300, 377, 292, 300, 293, 377, 292, 293, 370, 377, 292, 370, 369, 377, 292, 369, 376, 377, 292, 376, 299, 377, 294, 301, 302, 379, 294, 302, 295, 379, 294, 295, 372, 379, 294, 372, 371, 379, 294, 371, 378, 379, 294, 378, 301, 379, 295, 302, 303, 380, 295, 303, 296, 380, 295, 296, 373, 380, 295, 373, 372, 380, 295, 372, 379, 380, 295, 379, 302, 380, 296, 303, 304, 381, 296, 304, 297, 381, 296, 297, 374, 381, 296, 374, 373, 381, 296, 373, 380, 381, 296, 380, 303, 381, 297, 304, 305, 382, 297, 305, 298, 382, 297, 298, 375, 382, 297, 375, 374, 382, 297, 374, 381, 382, 297, 381, 304, 382, 298, 305, 306, 383, 298, 306, 299, 383, 298, 299, 376, 383, 298, 376, 375, 383, 298, 375, 382, 383, 298, 382, 305, 383, 299, 306, 307, 384, 299, 307, 300, 384, 299, 300, 377, 384, 299, 377, 376, 384, 299, 376, 383, 384, 299, 383, 306, 384, 308, 315, 316, 393, 308, 316, 309, 393, 308, 309, 386, 393, 308, 386, 385, 393, 308, 385, 392, 393, 308, 392, 315, 393, 309, 316, 317, 394, 309, 317, 310, 394, 309, 310, 387, 394, 309, 387, 386, 394, 309, 386, 393, 394, 309, 393, 316, 394, 310, 317, 318, 395, 310, 318, 311, 395, 310, 311, 388, 395, 310, 388, 387, 395, 310, 387, 394, 395, 310, 394, 317, 395, 311, 318, 319, 396, 311, 319, 312, 396, 311, 312, 389, 396, 311, 389, 388, 396, 311, 388, 395, 396, 311, 395, 318, 396, 312, 319, 320, 397, 312, 320, 313, 397, 312, 313, 390, 397, 312, 390, 389, 397, 312, 389, 396, 397, 312, 396, 319, 397, 313, 320, 321, 398, 313, 321, 314, 398, 313, 314, 391, 398, 313, 391, 390, 398, 313, 390, 397, 398, 313, 397, 320, 398, 315, 322, 323, 400, 315, 323, 316, 400, 315, 316, 393, 400, 315, 393, 392, 400, 315, 392, 399, 400, 315, 399, 322, 400, 316, 323, 324, 401, 316, 324, 317, 401, 316, 317, 394, 401, 316, 394, 393, 401, 316, 393, 400, 401, 316, 400, 323, 401, 317, 324, 325, 402, 317, 325, 318, 402, 317, 318, 395, 402, 317, 395, 394, 402, 317, 394, 401, 402, 317, 401, 324, 402, 318, 325, 326, 403, 318, 326, 319, 403, 318, 319, 396, 403, 318, 396, 395, 403, 318, 395, 402, 403, 318, 402, 325, 403, 319, 326, 327, 404, 319, 327, 320, 404, 319, 320, 397, 404, 319, 397, 396, 404, 319, 396, 403, 404, 319, 403, 326, 404, 320, 327, 328, 405, 320, 328, 321, 405, 320, 321, 398, 405, 320, 398, 397, 405, 320, 397, 404, 405, 320, 404, 327, 405, 322, 329, 330, 407, 322, 330, 323, 407, 322, 323, 400, 407, 322, 400, 399, 407, 322, 399, 406, 407, 322, 406, 329, 407, 323, 330, 331, 408, 323, 331, 324, 408, 323, 324, 401, 408, 323, 401, 400, 408, 323, 400, 407, 408, 323, 407, 330, 408, 324, 331, 332, 409, 324, 332, 325, 409, 324, 325, 402, 409, 324, 402, 401, 409, 324, 401, 408, 409, 324, 408, 331, 409, 325, 332, 333, 410, 325, 333, 326, 410, 325, 326, 403, 410, 325, 403, 402, 410, 325, 402, 409, 410, 325, 409, 332, 410, 326, 333, 334, 411, 326, 334, 327, 411, 326, 327, 404, 411, 326, 404, 403, 411, 326, 403, 410, 411, 326, 410, 333, 411, 327, 334, 335, 412, 327, 335, 328, 412, 327, 328, 405, 412, 327, 405, 404, 412, 327, 404, 411, 412, 327, 411, 334, 412, 329, 336, 337, 414, 329, 337, 330, 414, 329, 330, 407, 414, 329, 407, 406, 414, 329, 406, 413, 414, 329, 413, 336, 414, 330, 337, 338, 415, 330, 338, 331, 415, 330, 331, 408, 415, 330, 408, 407, 415, 330, 407, 414, 415, 330, 414, 337, 415, 331, 338, 339, 416, 331, 339, 332, 416, 331, 332, 409, 416, 331, 409, 408, 416, 331, 408, 415, 416, 331, 415, 338, 416, 332, 339, 340, 417, 332, 340, 333, 417, 332, 333, 410, 417, 332, 410, 409, 417, 332, 409, 416, 417, 332, 416, 339, 417, 333, 340, 341, 418, 333, 341, 334, 418, 333, 334, 411, 418, 333, 411, 410, 418, 333, 410, 417, 418, 333, 417, 340, 418, 334, 341, 342, 419, 334, 342, 335, 419, 334, 335, 412, 419, 334, 412, 411, 419, 334, 411, 418, 419, 334, 418, 341, 419, 336, 343, 344, 421, 336, 344, 337, 421, 336, 337, 414, 421, 336, 414, 413, 421, 336, 413, 420, 421, 336, 420, 343, 421, 337, 344, 345, 422, 337, 345, 338, 422, 337, 338, 415, 422, 337, 415, 414, 422, 337, 414, 421, 422, 337, 421, 344, 422, 338, 345, 346, 423, 338, 346, 339, 423, 338, 339, 416, 423, 338, 416, 415, 423, 338, 415, 422, 423, 338, 422, 345, 423, 339, 346, 347, 424, 339, 347, 340, 424, 339, 340, 417, 424, 339, 417, 416, 424, 339, 416, 423, 424, 339, 423, 346, 424, 340, 347, 348, 425, 340, 348, 341, 425, 340, 341, 418, 425, 340, 418, 417, 425, 340, 417, 424, 425, 340, 424, 347, 425, 341, 348, 349, 426, 341, 349, 342, 426, 341, 342, 419, 426, 341, 419, 418, 426, 341, 418, 425, 426, 341, 425, 348, 426, 343, 350, 351, 428, 343, 351, 344, 428, 343, 344, 421, 428, 343, 421, 420, 428, 343, 420, 427, 428, 343, 427, 350, 428, 344, 351, 352, 429, 344, 352, 345, 429, 344, 345, 422, 429, 344, 422, 421, 429, 344, 421, 428, 429, 344, 428, 351, 429, 345, 352, 353, 430, 345, 353, 346, 430, 345, 346, 423, 430, 345, 423, 422, 430, 345, 422, 429, 430, 345, 429, 352, 430, 346, 353, 354, 431, 346, 354, 347, 431, 346, 347, 424, 431, 346, 424, 423, 431, 346, 423, 430, 431, 346, 430, 353, 431, 347, 354, 355, 432, 347, 355, 348, 432, 347, 348, 425, 432, 347, 425, 424, 432, 347, 424, 431, 432, 347, 431, 354, 432, 348, 355, 356, 433, 348, 356, 349, 433, 348, 349, 426, 433, 348, 426, 425, 433, 348, 425, 432, 433, 348, 432, 355, 433, 350, 357, 358, 435, 350, 358, 351, 435, 350, 351, 428, 435, 350, 428, 427, 435, 350, 427, 434, 435, 350, 434, 357, 435, 351, 358, 359, 436, 351, 359, 352, 436, 351, 352, 429, 436, 351, 429, 428, 436, 351, 428, 435, 436, 351, 435, 358, 436, 352, 359, 360, 437, 352, 360, 353, 437, 352, 353, 430, 437, 352, 430, 429, 437, 352, 429, 436, 437, 352, 436, 359, 437, 353, 360, 361, 438, 353, 361, 354, 438, 353, 354, 431, 438, 353, 431, 430, 438, 353, 430, 437, 438, 353, 437, 360, 438, 354, 361, 362, 439, 354, 362, 355, 439, 354, 355, 432, 439, 354, 432, 431, 439, 354, 431, 438, 439, 354, 438, 361, 439, 355, 362, 363, 440, 355, 363, 356, 440, 355, 356, 433, 440, 355, 433, 432, 440, 355, 432, 439, 440, 355, 439, 362, 440, 357, 364, 365, 442, 357, 365, 358, 442, 357, 358, 435, 442, 357, 435, 434, 442, 357, 434, 441, 442, 357, 441, 364, 442, 358, 365, 366, 443, 358, 366, 359, 443, 358, 359, 436, 443, 358, 436, 435, 443, 358, 435, 442, 443, 358, 442, 365, 443, 359, 366, 367, 444, 359, 367, 360, 444, 359, 360, 437, 444, 359, 437, 436, 444, 359, 436, 443, 444, 359, 443, 366, 444, 360, 367, 368, 445, 360, 368, 361, 445, 360, 361, 438, 445, 360, 438, 437, 445, 360, 437, 444, 445, 360, 444, 367, 445, 361, 368, 369, 446, 361, 369, 362, 446, 361, 362, 439, 446, 361, 439, 438, 446, 361, 438, 445, 446, 361, 445, 368, 446, 362, 369, 370, 447, 362, 370, 363, 447, 362, 363, 440, 447, 362, 440, 439, 447, 362, 439, 446, 447, 362, 446, 369, 447, 364, 371, 372, 449, 364, 372, 365, 449, 364, 365, 442, 449, 364, 442, 441, 449, 364, 441, 448, 449, 364, 448, 371, 449, 365, 372, 373, 450, 365, 373, 366, 450, 365, 366, 443, 450, 365, 443, 442, 450, 365, 442, 449, 450, 365, 449, 372, 450, 366, 373, 374, 451, 366, 374, 367, 451, 366, 367, 444, 451, 366, 444, 443, 451, 366, 443, 450, 451, 366, 450, 373, 451, 367, 374, 375, 452, 367, 375, 368, 452, 367, 368, 445, 452, 367, 445, 444, 452, 367, 444, 451, 452, 367, 451, 374, 452, 368, 375, 376, 453, 368, 376, 369, 453, 368, 369, 446, 453, 368, 446, 445, 453, 368, 445, 452, 453, 368, 452, 375, 453, 369, 376, 377, 454, 369, 377, 370, 454, 369, 370, 447, 454, 369, 447, 446, 454, 369, 446, 453, 454, 369, 453, 376, 454, 371, 378, 379, 456, 371, 379, 372, 456, 371, 372, 449, 456, 371, 449, 448, 456, 371, 448, 455, 456, 371, 455, 378, 456, 372, 379, 380, 457, 372, 380, 373, 457, 372, 373, 450, 457, 372, 450, 449, 457, 372, 449, 456, 457, 372, 456, 379, 457, 373, 380, 381, 458, 373, 381, 374, 458, 373, 374, 451, 458, 373, 451, 450, 458, 373, 450, 457, 458, 373, 457, 380, 458, 374, 381, 382, 459, 374, 382, 375, 459, 374, 375, 452, 459, 374, 452, 451, 459, 374, 451, 458, 459, 374, 458, 381, 459, 375, 382, 383, 460, 375, 383, 376, 460, 375, 376, 453, 460, 375, 453, 452, 460, 375, 452, 459, 460, 375, 459, 382, 460, 376, 383, 384, 461, 376, 384, 377, 461, 376, 377, 454, 461, 376, 454, 453, 461, 376, 453, 460, 461, 376, 460, 383, 461, 385, 392, 393, 470, 385, 393, 386, 470, 385, 386, 463, 470, 385, 463, 462, 470, 385, 462, 469, 470, 385, 469, 392, 470, 386, 393, 394, 471, 386, 394, 387, 471, 386, 387, 464, 471, 386, 464, 463, 471, 386, 463, 470, 471, 386, 470, 393, 471, 387, 394, 395, 472, 387, 395, 388, 472, 387, 388, 465, 472, 387, 465, 464, 472, 387, 464, 471, 472, 387, 471, 394, 472, 388, 395, 396, 473, 388, 396, 389, 473, 388, 389, 466, 473, 388, 466, 465, 473, 388, 465, 472, 473, 388, 472, 395, 473, 389, 396, 397, 474, 389, 397, 390, 474, 389, 390, 467, 474, 389, 467, 466, 474, 389, 466, 473, 474, 389, 473, 396, 474, 390, 397, 398, 475, 390, 398, 391, 475, 390, 391, 468, 475, 390, 468, 467, 475, 390, 467, 474, 475, 390, 474, 397, 475, 392, 399, 400, 477, 392, 400, 393, 477, 392, 393, 470, 477, 392, 470, 469, 477, 392, 469, 476, 477, 392, 476, 399, 477, 393, 400, 401, 478, 393, 401, 394, 478, 393, 394, 471, 478, 393, 471, 470, 478, 393, 470, 477, 478, 393, 477, 400, 478, 394, 401, 402, 479, 394, 402, 395, 479, 394, 395, 472, 479, 394, 472, 471, 479, 394, 471, 478, 479, 394, 478, 401, 479, 395, 402, 403, 480, 395, 403, 396, 480, 395, 396, 473, 480, 395, 473, 472, 480, 395, 472, 479, 480, 395, 479, 402, 480, 396, 403, 404, 481, 396, 404, 397, 481, 396, 397, 474, 481, 396, 474, 473, 481, 396, 473, 480, 481, 396, 480, 403, 481, 397, 404, 405, 482, 397, 405, 398, 482, 397, 398, 475, 482, 397, 475, 474, 482, 397, 474, 481, 482, 397, 481, 404, 482, 399, 406, 407, 484, 399, 407, 400, 484, 399, 400, 477, 484, 399, 477, 476, 484, 399, 476, 483, 484, 399, 483, 406, 484, 400, 407, 408, 485, 400, 408, 401, 485, 400, 401, 478, 485, 400, 478, 477, 485, 400, 477, 484, 485, 400, 484, 407, 485, 401, 408, 409, 486, 401, 409, 402, 486, 401, 402, 479, 486, 401, 479, 478, 486, 401, 478, 485, 486, 401, 485, 408, 486, 402, 409, 410, 487, 402, 410, 403, 487, 402, 403, 480, 487, 402, 480, 479, 487, 402, 479, 486, 487, 402, 486, 409, 487, 403, 410, 411, 488, 403, 411, 404, 488, 403, 404, 481, 488, 403, 481, 480, 488, 403, 480, 487, 488, 403, 487, 410, 488, 404, 411, 412, 489, 404, 412, 405, 489, 404, 405, 482, 489, 404, 482, 481, 489, 404, 481, 488, 489, 404, 488, 411, 489, 406, 413, 414, 491, 406, 414, 407, 491, 406, 407, 484, 491, 406, 484, 483, 491, 406, 483, 490, 491, 406, 490, 413, 491, 407, 414, 415, 492, 407, 415, 408, 492, 407, 408, 485, 492, 407, 485, 484, 492, 407, 484, 491, 492, 407, 491, 414, 492, 408, 415, 416, 493, 408, 416, 409, 493, 408, 409, 486, 493, 408, 486, 485, 493, 408, 485, 492, 493, 408, 492, 415, 493, 409, 416, 417, 494, 409, 417, 410, 494, 409, 410, 487, 494, 409, 487, 486, 494, 409, 486, 493, 494, 409, 493, 416, 494, 410, 417, 418, 495, 410, 418, 411, 495, 410, 411, 488, 495, 410, 488, 487, 495, 410, 487, 494, 495, 410, 494, 417, 495, 411, 418, 419, 496, 411, 419, 412, 496, 411, 412, 489, 496, 411, 489, 488, 496, 411, 488, 495, 496, 411, 495, 418, 496, 413, 420, 421, 498, 413, 421, 414, 498, 413, 414, 491, 498, 413, 491, 490, 498, 413, 490, 497, 498, 413, 497, 420, 498, 414, 421, 422, 499, 414, 422, 415, 499, 414, 415, 492, 499, 414, 492, 491, 499, 414, 491, 498, 499, 414, 498, 421, 499, 415, 422, 423, 500, 415, 423, 416, 500, 415, 416, 493, 500, 415, 493, 492, 500, 415, 492, 499, 500, 415, 499, 422, 500, 416, 423, 424, 501, 416, 424, 417, 501, 416, 417, 494, 501, 416, 494, 493, 501, 416, 493, 500, 501, 416, 500, 423, 501, 417, 424, 425, 502, 417, 425, 418, 502, 417, 418, 495, 502, 417, 495, 494, 502, 417, 494, 501, 502, 417, 501, 424, 502, 418, 425, 426, 503, 418, 426, 419, 503, 418, 419, 496, 503, 418, 496, 495, 503, 418, 495, 502, 503, 418, 502, 425, 503, 420, 427, 428, 505, 420, 428, 421, 505, 420, 421, 498, 505, 420, 498, 497, 505, 420, 497, 504, 505, 420, 504, 427, 505, 421, 428, 429, 506, 421, 429, 422, 506, 421, 422, 499, 506, 421, 499, 498, 506, 421, 498, 505, 506, 421, 505, 428, 506, 422, 429, 430, 507, 422, 430, 423, 507, 422, 423, 500, 507, 422, 500, 499, 507, 422, 499, 506, 507, 422, 506, 429, 507, 423, 430, 431, 508, 423, 431, 424, 508, 423, 424, 501, 508, 423, 501, 500, 508, 423, 500, 507, 508, 423, 507, 430, 508, 424, 431, 432, 509, 424, 432, 425, 509, 424, 425, 502, 509, 424, 502, 501, 509, 424, 501, 508, 509, 424, 508, 431, 509, 425, 432, 433, 510, 425, 433, 426, 510, 425, 426, 503, 510, 425, 503, 502, 510, 425, 502, 509, 510, 425, 509, 432, 510, 427, 434, 435, 512, 427, 435, 428, 512, 427, 428, 505, 512, 427, 505, 504, 512, 427, 504, 511, 512, 427, 511, 434, 512, 428, 435, 436, 513, 428, 436, 429, 513, 428, 429, 506, 513, 428, 506, 505, 513, 428, 505, 512, 513, 428, 512, 435, 513, 429, 436, 437, 514, 429, 437, 430, 514, 429, 430, 507, 514, 429, 507, 506, 514, 429, 506, 513, 514, 429, 513, 436, 514, 430, 437, 438, 515, 430, 438, 431, 515, 430, 431, 508, 515, 430, 508, 507, 515, 430, 507, 514, 515, 430, 514, 437, 515, 431, 438, 439, 516, 431, 439, 432, 516, 431, 432, 509, 516, 431, 509, 508, 516, 431, 508, 515, 516, 431, 515, 438, 516, 432, 439, 440, 517, 432, 440, 433, 517, 432, 433, 510, 517, 432, 510, 509, 517, 432, 509, 516, 517, 432, 516, 439, 517, 434, 441, 442, 519, 434, 442, 435, 519, 434, 435, 512, 519, 434, 512, 511, 519, 434, 511, 518, 519, 434, 518, 441, 519, 435, 442, 443, 520, 435, 443, 436, 520, 435, 436, 513, 520, 435, 513, 512, 520, 435, 512, 519, 520, 435, 519, 442, 520, 436, 443, 444, 521, 436, 444, 437, 521, 436, 437, 514, 521, 436, 514, 513, 521, 436, 513, 520, 521, 436, 520, 443, 521, 437, 444, 445, 522, 437, 445, 438, 522, 437, 438, 515, 522, 437, 515, 514, 522, 437, 514, 521, 522, 437, 521, 444, 522, 438, 445, 446, 523, 438, 446, 439, 523, 438, 439, 516, 523, 438, 516, 515, 523, 438, 515, 522, 523, 438, 522, 445, 523, 439, 446, 447, 524, 439, 447, 440, 524, 439, 440, 517, 524, 439, 517, 516, 524, 439, 516, 523, 524, 439, 523, 446, 524, 441, 448, 449, 526, 441, 449, 442, 526, 441, 442, 519, 526, 441, 519, 518, 526, 441, 518, 525, 526, 441, 525, 448, 526, 442, 449, 450, 527, 442, 450, 443, 527, 442, 443, 520, 527, 442, 520, 519, 527, 442, 519, 526, 527, 442, 526, 449, 527, 443, 450, 451, 528, 443, 451, 444, 528, 443, 444, 521, 528, 443, 521, 520, 528, 443, 520, 527, 528, 443, 527, 450, 528, 444, 451, 452, 529, 444, 452, 445, 529, 444, 445, 522, 529, 444, 522, 521, 529, 444, 521, 528, 529, 444, 528, 451, 529, 445, 452, 453, 530, 445, 453, 446, 530, 445, 446, 523, 530, 445, 523, 522, 530, 445, 522, 529, 530, 445, 529, 452, 530, 446, 453, 454, 531, 446, 454, 447, 531, 446, 447, 524, 531, 446, 524, 523, 531, 446, 523, 530, 531, 446, 530, 453, 531, 448, 455, 456, 533, 448, 456, 449, 533, 448, 449, 526, 533, 448, 526, 525, 533, 448, 525, 532, 533, 448, 532, 455, 533, 449, 456, 457, 534, 449, 457, 450, 534, 449, 450, 527, 534, 449, 527, 526, 534, 449, 526, 533, 534, 449, 533, 456, 534, 450, 457, 458, 535, 450, 458, 451, 535, 450, 451, 528, 535, 450, 528, 527, 535, 450, 527, 534, 535, 450, 534, 457, 535, 451, 458, 459, 536, 451, 459, 452, 536, 451, 452, 529, 536, 451, 529, 528, 536, 451, 528, 535, 536, 451, 535, 458, 536, 452, 459, 460, 537, 452, 460, 453, 537, 452, 453, 530, 537, 452, 530, 529, 537, 452, 529, 536, 537, 452, 536, 459, 537, 453, 460, 461, 538, 453, 461, 454, 538, 453, 454, 531, 538, 453, 531, 530, 538, 453, 530, 537, 538, 453, 537, 460, 538, 462, 469, 470, 547, 462, 470, 463, 547, 462, 463, 540, 547, 462, 540, 539, 547, 462, 539, 546, 547, 462, 546, 469, 547, 463, 470, 471, 548, 463, 471, 464, 548, 463, 464, 541, 548, 463, 541, 540, 548, 463, 540, 547, 548, 463, 547, 470, 548, 464, 471, 472, 549, 464, 472, 465, 549, 464, 465, 542, 549, 464, 542, 541, 549, 464, 541, 548, 549, 464, 548, 471, 549, 465, 472, 473, 550, 465, 473, 466, 550, 465, 466, 543, 550, 465, 543, 542, 550, 465, 542, 549, 550, 465, 549, 472, 550, 466, 473, 474, 551, 466, 474, 467, 551, 466, 467, 544, 551, 466, 544, 543, 551, 466, 543, 550, 551, 466, 550, 473, 551, 467, 474, 475, 552, 467, 475, 468, 552, 467, 468, 545, 552, 467, 545, 544, 552, 467, 544, 551, 552, 467, 551, 474, 552, 469, 476, 477, 554, 469, 477, 470, 554, 469, 470, 547, 554, 469, 547, 546, 554, 469, 546, 553, 554, 469, 553, 476, 554, 470, 477, 478, 555, 470, 478, 471, 555, 470, 471, 548, 555, 470, 548, 547, 555, 470, 547, 554, 555, 470, 554, 477, 555, 471, 478, 479, 556, 471, 479, 472, 556, 471, 472, 549, 556, 471, 549, 548, 556, 471, 548, 555, 556, 471, 555, 478, 556, 472, 479, 480, 557, 472, 480, 473, 557, 472, 473, 550, 557, 472, 550, 549, 557, 472, 549, 556, 557, 472, 556, 479, 557, 473, 480, 481, 558, 473, 481, 474, 558, 473, 474, 551, 558, 473, 551, 550, 558, 473, 550, 557, 558, 473, 557, 480, 558, 474, 481, 482, 559, 474, 482, 475, 559, 474, 475, 552, 559, 474, 552, 551, 559, 474, 551, 558, 559, 474, 558, 481, 559, 476, 483, 484, 561, 476, 484, 477, 561, 476, 477, 554, 561, 476, 554, 553, 561, 476, 553, 560, 561, 476, 560, 483, 561, 477, 484, 485, 562, 477, 485, 478, 562, 477, 478, 555, 562, 477, 555, 554, 562, 477, 554, 561, 562, 477, 561, 484, 562, 478, 485, 486, 563, 478, 486, 479, 563, 478, 479, 556, 563, 478, 556, 555, 563, 478, 555, 562, 563, 478, 562, 485, 563, 479, 486, 487, 564, 479, 487, 480, 564, 479, 480, 557, 564, 479, 557, 556, 564, 479, 556, 563, 564, 479, 563, 486, 564, 480, 487, 488, 565, 480, 488, 481, 565, 480, 481, 558, 565, 480, 558, 557, 565, 480, 557, 564, 565, 480, 564, 487, 565, 481, 488, 489, 566, 481, 489, 482, 566, 481, 482, 559, 566, 481, 559, 558, 566, 481, 558, 565, 566, 481, 565, 488, 566, 483, 490, 491, 568, 483, 491, 484, 568, 483, 484, 561, 568, 483, 561, 560, 568, 483, 560, 567, 568, 483, 567, 490, 568, 484, 491, 492, 569, 484, 492, 485, 569, 484, 485, 562, 569, 484, 562, 561, 569, 484, 561, 568, 569, 484, 568, 491, 569, 485, 492, 493, 570, 485, 493, 486, 570, 485, 486, 563, 570, 485, 563, 562, 570, 485, 562, 569, 570, 485, 569, 492, 570, 486, 493, 494, 571, 486, 494, 487, 571, 486, 487, 564, 571, 486, 564, 563, 571, 486, 563, 570, 571, 486, 570, 493, 571, 487, 494, 495, 572, 487, 495, 488, 572, 487, 488, 565, 572, 487, 565, 564, 572, 487, 564, 571, 572, 487, 571, 494, 572, 488, 495, 496, 573, 488, 496, 489, 573, 488, 489, 566, 573, 488, 566, 565, 573, 488, 565, 572, 573, 488, 572, 495, 573, 490, 497, 498, 575, 490, 498, 491, 575, 490, 491, 568, 575, 490, 568, 567, 575, 490, 567, 574, 575, 490, 574, 497, 575, 491, 498, 499, 576, 491, 499, 492, 576, 491, 492, 569, 576, 491, 569, 568, 576, 491, 568, 575, 576, 491, 575, 498, 576, 492, 499, 500, 577, 492, 500, 493, 577, 492, 493, 570, 577, 492, 570, 569, 577, 492, 569, 576, 577, 492, 576, 499, 577, 493, 500, 501, 578, 493, 501, 494, 578, 493, 494, 571, 578, 493, 571, 570, 578, 493, 570, 577, 578, 493, 577, 500, 578, 494, 501, 502, 579, 494, 502, 495, 579, 494, 495, 572, 579, 494, 572, 571, 579, 494, 571, 578, 579, 494, 578, 501, 579, 495, 502, 503, 580, 495, 503, 496, 580, 495, 496, 573, 580, 495, 573, 572, 580, 495, 572, 579, 580, 495, 579, 502, 580, 497, 504, 505, 582, 497, 505, 498, 582, 497, 498, 575, 582, 497, 575, 574, 582, 497, 574, 581, 582, 497, 581, 504, 582, 498, 505, 506, 583, 498, 506, 499, 583, 498, 499, 576, 583, 498, 576, 575, 583, 498, 575, 582, 583, 498, 582, 505, 583, 499, 506, 507, 584, 499, 507, 500, 584, 499, 500, 577, 584, 499, 577, 576, 584, 499, 576, 583, 584, 499, 583, 506, 584, 500, 507, 508, 585, 500, 508, 501, 585, 500, 501, 578, 585, 500, 578, 577, 585, 500, 577, 584, 585, 500, 584, 507, 585, 501, 508, 509, 586, 501, 509, 502, 586, 501, 502, 579, 586, 501, 579, 578, 586, 501, 578, 585, 586, 501, 585, 508, 586, 502, 509, 510, 587, 502, 510, 503, 587, 502, 503, 580, 587, 502, 580, 579, 587, 502, 579, 586, 587, 502, 586, 509, 587, 504, 511, 512, 589, 504, 512, 505, 589, 504, 505, 582, 589, 504, 582, 581, 589, 504, 581, 588, 589, 504, 588, 511, 589, 505, 512, 513, 590, 505, 513, 506, 590, 505, 506, 583, 590, 505, 583, 582, 590, 505, 582, 589, 590, 505, 589, 512, 590, 506, 513, 514, 591, 506, 514, 507, 591, 506, 507, 584, 591, 506, 584, 583, 591, 506, 583, 590, 591, 506, 590, 513, 591, 507, 514, 515, 592, 507, 515, 508, 592, 507, 508, 585, 592, 507, 585, 584, 592, 507, 584, 591, 592, 507, 591, 514, 592, 508, 515, 516, 593, 508, 516, 509, 593, 508, 509, 586, 593, 508, 586, 585, 593, 508, 585, 592, 593, 508, 592, 515, 593, 509, 516, 517, 594, 509, 517, 510, 594, 509, 510, 587, 594, 509, 587, 586, 594, 509, 586, 593, 594, 509, 593, 516, 594, 511, 518, 519, 596, 511, 519, 512, 596, 511, 512, 589, 596, 511, 589, 588, 596, 511, 588, 595, 596, 511, 595, 518, 596, 512, 519, 520, 597, 512, 520, 513, 597, 512, 513, 590, 597, 512, 590, 589, 597, 512, 589, 596, 597, 512, 596, 519, 597, 513, 520, 521, 598, 513, 521, 514, 598, 513, 514, 591, 598, 513, 591, 590, 598, 513, 590, 597, 598, 513, 597, 520, 598, 514, 521, 522, 599, 514, 522, 515, 599, 514, 515, 592, 599, 514, 592, 591, 599, 514, 591, 598, 599, 514, 598, 521, 599, 515, 522, 523, 600, 515, 523, 516, 600, 515, 516, 593, 600, 515, 593, 592, 600, 515, 592, 599, 600, 515, 599, 522, 600, 516, 523, 524, 601, 516, 524, 517, 601, 516, 517, 594, 601, 516, 594, 593, 601, 516, 593, 600, 601, 516, 600, 523, 601, 518, 525, 526, 603, 518, 526, 519, 603, 518, 519, 596, 603, 518, 596, 595, 603, 518, 595, 602, 603, 518, 602, 525, 603, 519, 526, 527, 604, 519, 527, 520, 604, 519, 520, 597, 604, 519, 597, 596, 604, 519, 596, 603, 604, 519, 603, 526, 604, 520, 527, 528, 605, 520, 528, 521, 605, 520, 521, 598, 605, 520, 598, 597, 605, 520, 597, 604, 605, 520, 604, 527, 605, 521, 528, 529, 606, 521, 529, 522, 606, 521, 522, 599, 606, 521, 599, 598, 606, 521, 598, 605, 606, 521, 605, 528, 606, 522, 529, 530, 607, 522, 530, 523, 607, 522, 523, 600, 607, 522, 600, 599, 607, 522, 599, 606, 607, 522, 606, 529, 607, 523, 530, 531, 608, 523, 531, 524, 608, 523, 524, 601, 608, 523, 601, 600, 608, 523, 600, 607, 608, 523, 607, 530, 608, 525, 532, 533, 610, 525, 533, 526, 610, 525, 526, 603, 610, 525, 603, 602, 610, 525, 602, 609, 610, 525, 609, 532, 610, 526, 533, 534, 611, 526, 534, 527, 611, 526, 527, 604, 611, 526, 604, 603, 611, 526, 603, 610, 611, 526, 610, 533, 611, 527, 534, 535, 612, 527, 535, 528, 612, 527, 528, 605, 612, 527, 605, 604, 612, 527, 604, 611, 612, 527, 611, 534, 612, 528, 535, 536, 613, 528, 536, 529, 613, 528, 529, 606, 613, 528, 606, 605, 613, 528, 605, 612, 613, 528, 612, 535, 613, 529, 536, 537, 614, 529, 537, 530, 614, 529, 530, 607, 614, 529, 607, 606, 614, 529, 606, 613, 614, 529, 613, 536, 614, 530, 537, 538, 615, 530, 538, 531, 615, 530, 531, 608, 615, 530, 608, 607, 615, 530, 607, 614, 615, 530, 614, 537, 615, 539, 546, 547, 624, 539, 547, 540, 624, 539, 540, 617, 624, 539, 617, 616, 624, 539, 616, 623, 624, 539, 623, 546, 624, 540, 547, 548, 625, 540, 548, 541, 625, 540, 541, 618, 625, 540, 618, 617, 625, 540, 617, 624, 625, 540, 624, 547, 625, 541, 548, 549, 626, 541, 549, 542, 626, 541, 542, 619, 626, 541, 619, 618, 626, 541, 618, 625, 626, 541, 625, 548, 626, 542, 549, 550, 627, 542, 550, 543, 627, 542, 543, 620, 627, 542, 620, 619, 627, 542, 619, 626, 627, 542, 626, 549, 627, 543, 550, 551, 628, 543, 551, 544, 628, 543, 544, 621, 628, 543, 621, 620, 628, 543, 620, 627, 628, 543, 627, 550, 628, 544, 551, 552, 629, 544, 552, 545, 629, 544, 545, 622, 629, 544, 622, 621, 629, 544, 621, 628, 629, 544, 628, 551, 629, 546, 553, 554, 631, 546, 554, 547, 631, 546, 547, 624, 631, 546, 624, 623, 631, 546, 623, 630, 631, 546, 630, 553, 631, 547, 554, 555, 632, 547, 555, 548, 632, 547, 548, 625, 632, 547, 625, 624, 632, 547, 624, 631, 632, 547, 631, 554, 632, 548, 555, 556, 633, 548, 556, 549, 633, 548, 549, 626, 633, 548, 626, 625, 633, 548, 625, 632, 633, 548, 632, 555, 633, 549, 556, 557, 634, 549, 557, 550, 634, 549, 550, 627, 634, 549, 627, 626, 634, 549, 626, 633, 634, 549, 633, 556, 634, 550, 557, 558, 635, 550, 558, 551, 635, 550, 551, 628, 635, 550, 628, 627, 635, 550, 627, 634, 635, 550, 634, 557, 635, 551, 558, 559, 636, 551, 559, 552, 636, 551, 552, 629, 636, 551, 629, 628, 636, 551, 628, 635, 636, 551, 635, 558, 636, 553, 560, 561, 638, 553, 561, 554, 638, 553, 554, 631, 638, 553, 631, 630, 638, 553, 630, 637, 638, 553, 637, 560, 638, 554, 561, 562, 639, 554, 562, 555, 639, 554, 555, 632, 639, 554, 632, 631, 639, 554, 631, 638, 639, 554, 638, 561, 639, 555, 562, 563, 640, 555, 563, 556, 640, 555, 556, 633, 640, 555, 633, 632, 640, 555, 632, 639, 640, 555, 639, 562, 640, 556, 563, 564, 641, 556, 564, 557, 641, 556, 557, 634, 641, 556, 634, 633, 641, 556, 633, 640, 641, 556, 640, 563, 641, 557, 564, 565, 642, 557, 565, 558, 642, 557, 558, 635, 642, 557, 635, 634, 642, 557, 634, 641, 642, 557, 641, 564, 642, 558, 565, 566, 643, 558, 566, 559, 643, 558, 559, 636, 643, 558, 636, 635, 643, 558, 635, 642, 643, 558, 642, 565, 643, 560, 567, 568, 645, 560, 568, 561, 645, 560, 561, 638, 645, 560, 638, 637, 645, 560, 637, 644, 645, 560, 644, 567, 645, 561, 568, 569, 646, 561, 569, 562, 646, 561, 562, 639, 646, 561, 639, 638, 646, 561, 638, 645, 646, 561, 645, 568, 646, 562, 569, 570, 647, 562, 570, 563, 647, 562, 563, 640, 647, 562, 640, 639, 647, 562, 639, 646, 647, 562, 646, 569, 647, 563, 570, 571, 648, 563, 571, 564, 648, 563, 564, 641, 648, 563, 641, 640, 648, 563, 640, 647, 648, 563, 647, 570, 648, 564, 571, 572, 649, 564, 572, 565, 649, 564, 565, 642, 649, 564, 642, 641, 649, 564, 641, 648, 649, 564, 648, 571, 649, 565, 572, 573, 650, 565, 573, 566, 650, 565, 566, 643, 650, 565, 643, 642, 650, 565, 642, 649, 650, 565, 649, 572, 650, 567, 574, 575, 652, 567, 575, 568, 652, 567, 568, 645, 652, 567, 645, 644, 652, 567, 644, 651, 652, 567, 651, 574, 652, 568, 575, 576, 653, 568, 576, 569, 653, 568, 569, 646, 653, 568, 646, 645, 653, 568, 645, 652, 653, 568, 652, 575, 653, 569, 576, 577, 654, 569, 577, 570, 654, 569, 570, 647, 654, 569, 647, 646, 654, 569, 646, 653, 654, 569, 653, 576, 654, 570, 577, 578, 655, 570, 578, 571, 655, 570, 571, 648, 655, 570, 648, 647, 655, 570, 647, 654, 655, 570, 654, 577, 655, 571, 578, 579, 656, 571, 579, 572, 656, 571, 572, 649, 656, 571, 649, 648, 656, 571, 648, 655, 656, 571, 655, 578, 656, 572, 579, 580, 657, 572, 580, 573, 657, 572, 573, 650, 657, 572, 650, 649, 657, 572, 649, 656, 657, 572, 656, 579, 657, 574, 581, 582, 659, 574, 582, 575, 659, 574, 575, 652, 659, 574, 652, 651, 659, 574, 651, 658, 659, 574, 658, 581, 659, 575, 582, 583, 660, 575, 583, 576, 660, 575, 576, 653, 660, 575, 653, 652, 660, 575, 652, 659, 660, 575, 659, 582, 660, 576, 583, 584, 661, 576, 584, 577, 661, 576, 577, 654, 661, 576, 654, 653, 661, 576, 653, 660, 661, 576, 660, 583, 661, 577, 584, 585, 662, 577, 585, 578, 662, 577, 578, 655, 662, 577, 655, 654, 662, 577, 654, 661, 662, 577, 661, 584, 662, 578, 585, 586, 663, 578, 586, 579, 663, 578, 579, 656, 663, 578, 656, 655, 663, 578, 655, 662, 663, 578, 662, 585, 663, 579, 586, 587, 664, 579, 587, 580, 664, 579, 580, 657, 664, 579, 657, 656, 664, 579, 656, 663, 664, 579, 663, 586, 664, 581, 588, 589, 666, 581, 589, 582, 666, 581, 582, 659, 666, 581, 659, 658, 666, 581, 658, 665, 666, 581, 665, 588, 666, 582, 589, 590, 667, 582, 590, 583, 667, 582, 583, 660, 667, 582, 660, 659, 667, 582, 659, 666, 667, 582, 666, 589, 667, 583, 590, 591, 668, 583, 591, 584, 668, 583, 584, 661, 668, 583, 661, 660, 668, 583, 660, 667, 668, 583, 667, 590, 668, 584, 591, 592, 669, 584, 592, 585, 669, 584, 585, 662, 669, 584, 662, 661, 669, 584, 661, 668, 669, 584, 668, 591, 669, 585, 592, 593, 670, 585, 593, 586, 670, 585, 586, 663, 670, 585, 663, 662, 670, 585, 662, 669, 670, 585, 669, 592, 670, 586, 593, 594, 671, 586, 594, 587, 671, 586, 587, 664, 671, 586, 664, 663, 671, 586, 663, 670, 671, 586, 670, 593, 671, 588, 595, 596, 673, 588, 596, 589, 673, 588, 589, 666, 673, 588, 666, 665, 673, 588, 665, 672, 673, 588, 672, 595, 673, 589, 596, 597, 674, 589, 597, 590, 674, 589, 590, 667, 674, 589, 667, 666, 674, 589, 666, 673, 674, 589, 673, 596, 674, 590, 597, 598, 675, 590, 598, 591, 675, 590, 591, 668, 675, 590, 668, 667, 675, 590, 667, 674, 675, 590, 674, 597, 675, 591, 598, 599, 676, 591, 599, 592, 676, 591, 592, 669, 676, 591, 669, 668, 676, 591, 668, 675, 676, 591, 675, 598, 676, 592, 599, 600, 677, 592, 600, 593, 677, 592, 593, 670, 677, 592, 670, 669, 677, 592, 669, 676, 677, 592, 676, 599, 677, 593, 600, 601, 678, 593, 601, 594, 678, 593, 594, 671, 678, 593, 671, 670, 678, 593, 670, 677, 678, 593, 677, 600, 678, 595, 602, 603, 680, 595, 603, 596, 680, 595, 596, 673, 680, 595, 673, 672, 680, 595, 672, 679, 680, 595, 679, 602, 680, 596, 603, 604, 681, 596, 604, 597, 681, 596, 597, 674, 681, 596, 674, 673, 681, 596, 673, 680, 681, 596, 680, 603, 681, 597, 604, 605, 682, 597, 605, 598, 682, 597, 598, 675, 682, 597, 675, 674, 682, 597, 674, 681, 682, 597, 681, 604, 682, 598, 605, 606, 683, 598, 606, 599, 683, 598, 599, 676, 683, 598, 676, 675, 683, 598, 675, 682, 683, 598, 682, 605, 683, 599, 606, 607, 684, 599, 607, 600, 684, 599, 600, 677, 684, 599, 677, 676, 684, 599, 676, 683, 684, 599, 683, 606, 684, 600, 607, 608, 685, 600, 608, 601, 685, 600, 601, 678, 685, 600, 678, 677, 685, 600, 677, 684, 685, 600, 684, 607, 685, 602, 609, 610, 687, 602, 610, 603, 687, 602, 603, 680, 687, 602, 680, 679, 687, 602, 679, 686, 687, 602, 686, 609, 687, 603, 610, 611, 688, 603, 611, 604, 688, 603, 604, 681, 688, 603, 681, 680, 688, 603, 680, 687, 688, 603, 687, 610, 688, 604, 611, 612, 689, 604, 612, 605, 689, 604, 605, 682, 689, 604, 682, 681, 689, 604, 681, 688, 689, 604, 688, 611, 689, 605, 612, 613, 690, 605, 613, 606, 690, 605, 606, 683, 690, 605, 683, 682, 690, 605, 682, 689, 690, 605, 689, 612, 690, 606, 613, 614, 691, 606, 614, 607, 691, 606, 607, 684, 691, 606, 684, 683, 691, 606, 683, 690, 691, 606, 690, 613, 691, 607, 614, 615, 692, 607, 615, 608, 692, 607, 608, 685, 692, 607, 685, 684, 692, 607, 684, 691, 692, 607, 691, 614, 692, 616, 623, 624, 701, 616, 624, 617, 701, 616, 617, 694, 701, 616, 694, 693, 701, 616, 693, 700, 701, 616, 700, 623, 701, 617, 624, 625, 702, 617, 625, 618, 702, 617, 618, 695, 702, 617, 695, 694, 702, 617, 694, 701, 702, 617, 701, 624, 702, 618, 625, 626, 703, 618, 626, 619, 703, 618, 619, 696, 703, 618, 696, 695, 703, 618, 695, 702, 703, 618, 702, 625, 703, 619, 626, 627, 704, 619, 627, 620, 704, 619, 620, 697, 704, 619, 697, 696, 704, 619, 696, 703, 704, 619, 703, 626, 704, 620, 627, 628, 705, 620, 628, 621, 705, 620, 621, 698, 705, 620, 698, 697, 705, 620, 697, 704, 705, 620, 704, 627, 705, 621, 628, 629, 706, 621, 629, 622, 706, 621, 622, 699, 706, 621, 699, 698, 706, 621, 698, 705, 706, 621, 705, 628, 706, 623, 630, 631, 708, 623, 631, 624, 708, 623, 624, 701, 708, 623, 701, 700, 708, 623, 700, 707, 708, 623, 707, 630, 708, 624, 631, 632, 709, 624, 632, 625, 709, 624, 625, 702, 709, 624, 702, 701, 709, 624, 701, 708, 709, 624, 708, 631, 709, 625, 632, 633, 710, 625, 633, 626, 710, 625, 626, 703, 710, 625, 703, 702, 710, 625, 702, 709, 710, 625, 709, 632, 710, 626, 633, 634, 711, 626, 634, 627, 711, 626, 627, 704, 711, 626, 704, 703, 711, 626, 703, 710, 711, 626, 710, 633, 711, 627, 634, 635, 712, 627, 635, 628, 712, 627, 628, 705, 712, 627, 705, 704, 712, 627, 704, 711, 712, 627, 711, 634, 712, 628, 635, 636, 713, 628, 636, 629, 713, 628, 629, 706, 713, 628, 706, 705, 713, 628, 705, 712, 713, 628, 712, 635, 713, 630, 637, 638, 715, 630, 638, 631, 715, 630, 631, 708, 715, 630, 708, 707, 715, 630, 707, 714, 715, 630, 714, 637, 715, 631, 638, 639, 716, 631, 639, 632, 716, 631, 632, 709, 716, 631, 709, 708, 716, 631, 708, 715, 716, 631, 715, 638, 716, 632, 639, 640, 717, 632, 640, 633, 717, 632, 633, 710, 717, 632, 710, 709, 717, 632, 709, 716, 717, 632, 716, 639, 717, 633, 640, 641, 718, 633, 641, 634, 718, 633, 634, 711, 718, 633, 711, 710, 718, 633, 710, 717, 718, 633, 717, 640, 718, 634, 641, 642, 719, 634, 642, 635, 719, 634, 635, 712, 719, 634, 712, 711, 719, 634, 711, 718, 719, 634, 718, 641, 719, 635, 642, 643, 720, 635, 643, 636, 720, 635, 636, 713, 720, 635, 713, 712, 720, 635, 712, 719, 720, 635, 719, 642, 720, 637, 644, 645, 722, 637, 645, 638, 722, 637, 638, 715, 722, 637, 715, 714, 722, 637, 714, 721, 722, 637, 721, 644, 722, 638, 645, 646, 723, 638, 646, 639, 723, 638, 639, 716, 723, 638, 716, 715, 723, 638, 715, 722, 723, 638, 722, 645, 723, 639, 646, 647, 724, 639, 647, 640, 724, 639, 640, 717, 724, 639, 717, 716, 724, 639, 716, 723, 724, 639, 723, 646, 724, 640, 647, 648, 725, 640, 648, 641, 725, 640, 641, 718, 725, 640, 718, 717, 725, 640, 717, 724, 725, 640, 724, 647, 725, 641, 648, 649, 726, 641, 649, 642, 726, 641, 642, 719, 726, 641, 719, 718, 726, 641, 718, 725, 726, 641, 725, 648, 726, 642, 649, 650, 727, 642, 650, 643, 727, 642, 643, 720, 727, 642, 720, 719, 727, 642, 719, 726, 727, 642, 726, 649, 727, 644, 651, 652, 729, 644, 652, 645, 729, 644, 645, 722, 729, 644, 722, 721, 729, 644, 721, 728, 729, 644, 728, 651, 729, 645, 652, 653, 730, 645, 653, 646, 730, 645, 646, 723, 730, 645, 723, 722, 730, 645, 722, 729, 730, 645, 729, 652, 730, 646, 653, 654, 731, 646, 654, 647, 731, 646, 647, 724, 731, 646, 724, 723, 731, 646, 723, 730, 731, 646, 730, 653, 731, 647, 654, 655, 732, 647, 655, 648, 732, 647, 648, 725, 732, 647, 725, 724, 732, 647, 724, 731, 732, 647, 731, 654, 732, 648, 655, 656, 733, 648, 656, 649, 733, 648, 649, 726, 733, 648, 726, 725, 733, 648, 725, 732, 733, 648, 732, 655, 733, 649, 656, 657, 734, 649, 657, 650, 734, 649, 650, 727, 734, 649, 727, 726, 734, 649, 726, 733, 734, 649, 733, 656, 734, 651, 658, 659, 736, 651, 659, 652, 736, 651, 652, 729, 736, 651, 729, 728, 736, 651, 728, 735, 736, 651, 735, 658, 736, 652, 659, 660, 737, 652, 660, 653, 737, 652, 653, 730, 737, 652, 730, 729, 737, 652, 729, 736, 737, 652, 736, 659, 737, 653, 660, 661, 738, 653, 661, 654, 738, 653, 654, 731, 738, 653, 731, 730, 738, 653, 730, 737, 738, 653, 737, 660, 738, 654, 661, 662, 739, 654, 662, 655, 739, 654, 655, 732, 739, 654, 732, 731, 739, 654, 731, 738, 739, 654, 738, 661, 739, 655, 662, 663, 740, 655, 663, 656, 740, 655, 656, 733, 740, 655, 733, 732, 740, 655, 732, 739, 740, 655, 739, 662, 740, 656, 663, 664, 741, 656, 664, 657, 741, 656, 657, 734, 741, 656, 734, 733, 741, 656, 733, 740, 741, 656, 740, 663, 741, 658, 665, 666, 743, 658, 666, 659, 743, 658, 659, 736, 743, 658, 736, 735, 743, 658, 735, 742, 743, 658, 742, 665, 743, 659, 666, 667, 744, 659, 667, 660, 744, 659, 660, 737, 744, 659, 737, 736, 744, 659, 736, 743, 744, 659, 743, 666, 744, 660, 667, 668, 745, 660, 668, 661, 745, 660, 661, 738, 745, 660, 738, 737, 745, 660, 737, 744, 745, 660, 744, 667, 745, 661, 668, 669, 746, 661, 669, 662, 746, 661, 662, 739, 746, 661, 739, 738, 746, 661, 738, 745, 746, 661, 745, 668, 746, 662, 669, 670, 747, 662, 670, 663, 747, 662, 663, 740, 747, 662, 740, 739, 747, 662, 739, 746, 747, 662, 746, 669, 747, 663, 670, 671, 748, 663, 671, 664, 748, 663, 664, 741, 748, 663, 741, 740, 748, 663, 740, 747, 748, 663, 747, 670, 748, 665, 672, 673, 750, 665, 673, 666, 750, 665, 666, 743, 750, 665, 743, 742, 750, 665, 742, 749, 750, 665, 749, 672, 750, 666, 673, 674, 751, 666, 674, 667, 751, 666, 667, 744, 751, 666, 744, 743, 751, 666, 743, 750, 751, 666, 750, 673, 751, 667, 674, 675, 752, 667, 675, 668, 752, 667, 668, 745, 752, 667, 745, 744, 752, 667, 744, 751, 752, 667, 751, 674, 752, 668, 675, 676, 753, 668, 676, 669, 753, 668, 669, 746, 753, 668, 746, 745, 753, 668, 745, 752, 753, 668, 752, 675, 753, 669, 676, 677, 754, 669, 677, 670, 754, 669, 670, 747, 754, 669, 747, 746, 754, 669, 746, 753, 754, 669, 753, 676, 754, 670, 677, 678, 755, 670, 678, 671, 755, 670, 671, 748, 755, 670, 748, 747, 755, 670, 747, 754, 755, 670, 754, 677, 755, 672, 679, 680, 757, 672, 680, 673, 757, 672, 673, 750, 757, 672, 750, 749, 757, 672, 749, 756, 757, 672, 756, 679, 757, 673, 680, 681, 758, 673, 681, 674, 758, 673, 674, 751, 758, 673, 751, 750, 758, 673, 750, 757, 758, 673, 757, 680, 758, 674, 681, 682, 759, 674, 682, 675, 759, 674, 675, 752, 759, 674, 752, 751, 759, 674, 751, 758, 759, 674, 758, 681, 759, 675, 682, 683, 760, 675, 683, 676, 760, 675, 676, 753, 760, 675, 753, 752, 760, 675, 752, 759, 760, 675, 759, 682, 760, 676, 683, 684, 761, 676, 684, 677, 761, 676, 677, 754, 761, 676, 754, 753, 761, 676, 753, 760, 761, 676, 760, 683, 761, 677, 684, 685, 762, 677, 685, 678, 762, 677, 678, 755, 762, 677, 755, 754, 762, 677, 754, 761, 762, 677, 761, 684, 762, 679, 686, 687, 764, 679, 687, 680, 764, 679, 680, 757, 764, 679, 757, 756, 764, 679, 756, 763, 764, 679, 763, 686, 764, 680, 687, 688, 765, 680, 688, 681, 765, 680, 681, 758, 765, 680, 758, 757, 765, 680, 757, 764, 765, 680, 764, 687, 765, 681, 688, 689, 766, 681, 689, 682, 766, 681, 682, 759, 766, 681, 759, 758, 766, 681, 758, 765, 766, 681, 765, 688, 766, 682, 689, 690, 767, 682, 690, 683, 767, 682, 683, 760, 767, 682, 760, 759, 767, 682, 759, 766, 767, 682, 766, 689, 767, 683, 690, 691, 768, 683, 691, 684, 768, 683, 684, 761, 768, 683, 761, 760, 768, 683, 760, 767, 768, 683, 767, 690, 768, 684, 691, 692, 769, 684, 692, 685, 769, 684, 685, 762, 769, 684, 762, 761, 769, 684, 761, 768, 769, 684, 768, 691, 769, 693, 700, 701, 778, 693, 701, 694, 778, 693, 694, 771, 778, 693, 771, 770, 778, 693, 770, 777, 778, 693, 777, 700, 778, 694, 701, 702, 779, 694, 702, 695, 779, 694, 695, 772, 779, 694, 772, 771, 779, 694, 771, 778, 779, 694, 778, 701, 779, 695, 702, 703, 780, 695, 703, 696, 780, 695, 696, 773, 780, 695, 773, 772, 780, 695, 772, 779, 780, 695, 779, 702, 780, 696, 703, 704, 781, 696, 704, 697, 781, 696, 697, 774, 781, 696, 774, 773, 781, 696, 773, 780, 781, 696, 780, 703, 781, 697, 704, 705, 782, 697, 705, 698, 782, 697, 698, 775, 782, 697, 775, 774, 782, 697, 774, 781, 782, 697, 781, 704, 782, 698, 705, 706, 783, 698, 706, 699, 783, 698, 699, 776, 783, 698, 776, 775, 783, 698, 775, 782, 783, 698, 782, 705, 783, 700, 707, 708, 785, 700, 708, 701, 785, 700, 701, 778, 785, 700, 778, 777, 785, 700, 777, 784, 785, 700, 784, 707, 785, 701, 708, 709, 786, 701, 709, 702, 786, 701, 702, 779, 786, 701, 779, 778, 786, 701, 778, 785, 786, 701, 785, 708, 786, 702, 709, 710, 787, 702, 710, 703, 787, 702, 703, 780, 787, 702, 780, 779, 787, 702, 779, 786, 787, 702, 786, 709, 787, 703, 710, 711, 788, 703, 711, 704, 788, 703, 704, 781, 788, 703, 781, 780, 788, 703, 780, 787, 788, 703, 787, 710, 788, 704, 711, 712, 789, 704, 712, 705, 789, 704, 705, 782, 789, 704, 782, 781, 789, 704, 781, 788, 789, 704, 788, 711, 789, 705, 712, 713, 790, 705, 713, 706, 790, 705, 706, 783, 790, 705, 783, 782, 790, 705, 782, 789, 790, 705, 789, 712, 790, 707, 714, 715, 792, 707, 715, 708, 792, 707, 708, 785, 792, 707, 785, 784, 792, 707, 784, 791, 792, 707, 791, 714, 792, 708, 715, 716, 793, 708, 716, 709, 793, 708, 709, 786, 793, 708, 786, 785, 793, 708, 785, 792, 793, 708, 792, 715, 793, 709, 716, 717, 794, 709, 717, 710, 794, 709, 710, 787, 794, 709, 787, 786, 794, 709, 786, 793, 794, 709, 793, 716, 794, 710, 717, 718, 795, 710, 718, 711, 795, 710, 711, 788, 795, 710, 788, 787, 795, 710, 787, 794, 795, 710, 794, 717, 795, 711, 718, 719, 796, 711, 719, 712, 796, 711, 712, 789, 796, 711, 789, 788, 796, 711, 788, 795, 796, 711, 795, 718, 796, 712, 719, 720, 797, 712, 720, 713, 797, 712, 713, 790, 797, 712, 790, 789, 797, 712, 789, 796, 797, 712, 796, 719, 797, 714, 721, 722, 799, 714, 722, 715, 799, 714, 715, 792, 799, 714, 792, 791, 799, 714, 791, 798, 799, 714, 798, 721, 799, 715, 722, 723, 800, 715, 723, 716, 800, 715, 716, 793, 800, 715, 793, 792, 800, 715, 792, 799, 800, 715, 799, 722, 800, 716, 723, 724, 801, 716, 724, 717, 801, 716, 717, 794, 801, 716, 794, 793, 801, 716, 793, 800, 801, 716, 800, 723, 801, 717, 724, 725, 802, 717, 725, 718, 802, 717, 718, 795, 802, 717, 795, 794, 802, 717, 794, 801, 802, 717, 801, 724, 802, 718, 725, 726, 803, 718, 726, 719, 803, 718, 719, 796, 803, 718, 796, 795, 803, 718, 795, 802, 803, 718, 802, 725, 803, 719, 726, 727, 804, 719, 727, 720, 804, 719, 720, 797, 804, 719, 797, 796, 804, 719, 796, 803, 804, 719, 803, 726, 804, 721, 728, 729, 806, 721, 729, 722, 806, 721, 722, 799, 806, 721, 799, 798, 806, 721, 798, 805, 806, 721, 805, 728, 806, 722, 729, 730, 807, 722, 730, 723, 807, 722, 723, 800, 807, 722, 800, 799, 807, 722, 799, 806, 807, 722, 806, 729, 807, 723, 730, 731, 808, 723, 731, 724, 808, 723, 724, 801, 808, 723, 801, 800, 808, 723, 800, 807, 808, 723, 807, 730, 808, 724, 731, 732, 809, 724, 732, 725, 809, 724, 725, 802, 809, 724, 802, 801, 809, 724, 801, 808, 809, 724, 808, 731, 809, 725, 732, 733, 810, 725, 733, 726, 810, 725, 726, 803, 810, 725, 803, 802, 810, 725, 802, 809, 810, 725, 809, 732, 810, 726, 733, 734, 811, 726, 734, 727, 811, 726, 727, 804, 811, 726, 804, 803, 811, 726, 803, 810, 811, 726, 810, 733, 811, 728, 735, 736, 813, 728, 736, 729, 813, 728, 729, 806, 813, 728, 806, 805, 813, 728, 805, 812, 813, 728, 812, 735, 813, 729, 736, 737, 814, 729, 737, 730, 814, 729, 730, 807, 814, 729, 807, 806, 814, 729, 806, 813, 814, 729, 813, 736, 814, 730, 737, 738, 815, 730, 738, 731, 815, 730, 731, 808, 815, 730, 808, 807, 815, 730, 807, 814, 815, 730, 814, 737, 815, 731, 738, 739, 816, 731, 739, 732, 816, 731, 732, 809, 816, 731, 809, 808, 816, 731, 808, 815, 816, 731, 815, 738, 816, 732, 739, 740, 817, 732, 740, 733, 817, 732, 733, 810, 817, 732, 810, 809, 817, 732, 809, 816, 817, 732, 816, 739, 817, 733, 740, 741, 818, 733, 741, 734, 818, 733, 734, 811, 818, 733, 811, 810, 818, 733, 810, 817, 818, 733, 817, 740, 818, 735, 742, 743, 820, 735, 743, 736, 820, 735, 736, 813, 820, 735, 813, 812, 820, 735, 812, 819, 820, 735, 819, 742, 820, 736, 743, 744, 821, 736, 744, 737, 821, 736, 737, 814, 821, 736, 814, 813, 821, 736, 813, 820, 821, 736, 820, 743, 821, 737, 744, 745, 822, 737, 745, 738, 822, 737, 738, 815, 822, 737, 815, 814, 822, 737, 814, 821, 822, 737, 821, 744, 822, 738, 745, 746, 823, 738, 746, 739, 823, 738, 739, 816, 823, 738, 816, 815, 823, 738, 815, 822, 823, 738, 822, 745, 823, 739, 746, 747, 824, 739, 747, 740, 824, 739, 740, 817, 824, 739, 817, 816, 824, 739, 816, 823, 824, 739, 823, 746, 824, 740, 747, 748, 825, 740, 748, 741, 825, 740, 741, 818, 825, 740, 818, 817, 825, 740, 817, 824, 825, 740, 824, 747, 825, 742, 749, 750, 827, 742, 750, 743, 827, 742, 743, 820, 827, 742, 820, 819, 827, 742, 819, 826, 827, 742, 826, 749, 827, 743, 750, 751, 828, 743, 751, 744, 828, 743, 744, 821, 828, 743, 821, 820, 828, 743, 820, 827, 828, 743, 827, 750, 828, 744, 751, 752, 829, 744, 752, 745, 829, 744, 745, 822, 829, 744, 822, 821, 829, 744, 821, 828, 829, 744, 828, 751, 829, 745, 752, 753, 830, 745, 753, 746, 830, 745, 746, 823, 830, 745, 823, 822, 830, 745, 822, 829, 830, 745, 829, 752, 830, 746, 753, 754, 831, 746, 754, 747, 831, 746, 747, 824, 831, 746, 824, 823, 831, 746, 823, 830, 831, 746, 830, 753, 831, 747, 754, 755, 832, 747, 755, 748, 832, 747, 748, 825, 832, 747, 825, 824, 832, 747, 824, 831, 832, 747, 831, 754, 832, 749, 756, 757, 834, 749, 757, 750, 834, 749, 750, 827, 834, 749, 827, 826, 834, 749, 826, 833, 834, 749, 833, 756, 834, 750, 757, 758, 835, 750, 758, 751, 835, 750, 751, 828, 835, 750, 828, 827, 835, 750, 827, 834, 835, 750, 834, 757, 835, 751, 758, 759, 836, 751, 759, 752, 836, 751, 752, 829, 836, 751, 829, 828, 836, 751, 828, 835, 836, 751, 835, 758, 836, 752, 759, 760, 837, 752, 760, 753, 837, 752, 753, 830, 837, 752, 830, 829, 837, 752, 829, 836, 837, 752, 836, 759, 837, 753, 760, 761, 838, 753, 761, 754, 838, 753, 754, 831, 838, 753, 831, 830, 838, 753, 830, 837, 838, 753, 837, 760, 838, 754, 761, 762, 839, 754, 762, 755, 839, 754, 755, 832, 839, 754, 832, 831, 839, 754, 831, 838, 839, 754, 838, 761, 839, 756, 763, 764, 841, 756, 764, 757, 841, 756, 757, 834, 841, 756, 834, 833, 841, 756, 833, 840, 841, 756, 840, 763, 841, 757, 764, 765, 842, 757, 765, 758, 842, 757, 758, 835, 842, 757, 835, 834, 842, 757, 834, 841, 842, 757, 841, 764, 842, 758, 765, 766, 843, 758, 766, 759, 843, 758, 759, 836, 843, 758, 836, 835, 843, 758, 835, 842, 843, 758, 842, 765, 843, 759, 766, 767, 844, 759, 767, 760, 844, 759, 760, 837, 844, 759, 837, 836, 844, 759, 836, 843, 844, 759, 843, 766, 844, 760, 767, 768, 845, 760, 768, 761, 845, 760, 761, 838, 845, 760, 838, 837, 845, 760, 837, 844, 845, 760, 844, 767, 845, 761, 768, 769, 846, 761, 769, 762, 846, 761, 762, 839, 846, 761, 839, 838, 846, 761, 838, 845, 846, 761, 845, 768, 846]
        custom int[] tet_surf_indices = [0, 1, 8, 0, 78, 1, 0, 8, 7, 0, 7, 84, 0, 77, 78, 0, 84, 77, 1, 2, 9, 1, 79, 2, 1, 9, 8, 1, 78, 79, 2, 3, 10, 2, 80, 3, 2, 10, 9, 2, 79, 80, 3, 4, 11, 3, 81, 4, 3, 11, 10, 3, 80, 81, 4, 5, 12, 4, 82, 5, 4, 12, 11, 4, 81, 82, 5, 6, 13, 5, 83, 6, 5, 13, 12, 5, 82, 83, 13, 6, 90, 6, 83, 90, 7, 8, 15, 7, 15, 14, 7, 14, 91, 7, 91, 84, 8, 9, 16, 8, 16, 15, 9, 10, 17, 9, 17, 16, 10, 11, 18, 10, 18, 17, 11, 12, 19, 11, 19, 18, 12, 13, 20, 12, 20, 19, 20, 13, 97, 13, 90, 97, 14, 15, 22, 14, 22, 21, 14, 21, 98, 14, 98, 91, 15, 16, 23, 15, 23, 22, 16, 17, 24, 16, 24, 23, 17, 18, 25, 17, 25, 24, 18, 19, 26, 18, 26, 25, 19, 20, 27, 19, 27, 26, 27, 20, 104, 20, 97, 104, 21, 22, 29, 21, 29, 28, 21, 28, 105, 21, 105, 98, 22, 23, 30, 22, 30, 29, 23, 24, 31, 23, 31, 30, 24, 25, 32, 24, 32, 31, 25, 26, 33, 25, 33, 32, 26, 27, 34, 26, 34, 33, 34, 27, 111, 27, 104, 111, 28, 29, 36, 28, 36, 35, 28, 35, 112, 28, 112, 105, 29, 30, 37, 29, 37, 36, 30, 31, 38, 30, 38, 37, 31, 32, 39, 31, 39, 38, 32, 33, 40, 32, 40, 39, 33, 34, 41, 33, 41, 40, 41, 34, 118, 34, 111, 118, 35, 36, 43, 35, 43, 42, 35, 42, 119, 35, 119, 112, 36, 37, 44, 36, 44, 43, 37, 38, 45, 37, 45, 44, 38, 39, 46, 38, 46, 45, 39, 40, 47, 39, 47, 46, 40, 41, 48, 40, 48, 47, 48, 41, 125, 41, 118, 125, 42, 43, 50, 42, 50, 49, 42, 49, 126, 42, 126, 119, 43, 44, 51, 43, 51, 50, 44, 45, 52, 44, 52, 51, 45, 46, 53, 45, 53, 52, 46, 47, 54, 46, 54, 53, 47, 48, 55, 47, 55, 54, 55, 48, 132, 48, 125, 132, 49, 50, 57, 49, 57, 56, 49, 56, 133, 49, 133, 126, 50, 51, 58, 50, 58, 57, 51, 52, 59, 51, 59, 58, 52, 53, 60, 52, 60, 59, 53, 54, 61, 53, 61, 60, 54, 55, 62, 54, 62, 61, 62, 55, 139, 55, 132, 139, 56, 57, 64, 56, 64, 63, 56, 63, 140, 56, 140, 133, 57, 58, 65, 57, 65, 64, 58, 59, 66, 58, 66, 65, 59, 60, 67, 59, 67, 66, 60, 61, 68, 60, 68, 67, 61, 62, 69, 61, 69, 68, 69, 62, 146, 62, 139, 146, 63, 64, 71, 63, 71, 70, 63, 70, 147, 63, 147, 140, 64, 65, 72, 64, 72, 71, 65, 66, 73, 65, 73, 72, 66, 67, 74, 66, 74, 73, 67, 68, 75, 67, 75, 74, 68, 69, 76, 68, 76, 75, 76, 69, 153, 69, 146, 153, 70, 71, 148, 147, 70, 148, 71, 72, 149, 148, 71, 149, 72, 73, 150, 149, 72, 150, 73, 74, 151, 150, 73, 151, 74, 75, 152, 151, 74, 152, 75, 76, 153, 152, 75, 153, 77, 155, 78, 77, 84, 161, 77, 154, 155, 77, 161, 154, 78, 156, 79, 78, 155, 156, 79, 157, 80, 79, 156, 157, 80, 158, 81, 80, 157, 158, 81, 159, 82, 81, 158, 159, 82, 160, 83, 82, 159, 160, 90, 83, 167, 83, 160, 167, 84, 91, 168, 84, 168, 161, 97, 90, 174, 90, 167, 174, 91, 98, 175, 91, 175, 168, 104, 97, 181, 97, 174, 181, 98, 105, 182, 98, 182, 175, 111, 104, 188, 104, 181, 188, 105, 112, 189, 105, 189, 182, 118, 111, 195, 111, 188, 195, 112, 119, 196, 112, 196, 189, 125, 118, 202, 118, 195, 202, 119, 126, 203, 119, 203, 196, 132, 125, 209, 125, 202, 209, 126, 133, 210, 126, 210, 203, 139, 132, 216, 132, 209, 216, 133, 140, 217, 133, 217, 210, 146, 139, 223, 139, 216, 223, 140, 147, 224, 140, 224, 217, 153, 146, 230, 146, 223, 230, 147, 148, 225, 224, 147, 225, 148, 149, 226, 225, 148, 226, 149, 150, 227, 226, 149, 227, 150, 151, 228, 227, 150, 228, 151, 152, 229, 228, 151, 229, 152, 153, 230, 229, 152, 230, 154, 232, 155, 154, 161, 238, 154, 231, 232, 154, 238, 231, 155, 233, 156, 155, 232, 233, 156, 234, 157, 156, 233, 234, 157, 235, 158, 157, 234, 235, 158, 236, 159, 158, 235, 236, 159, 237, 160, 159, 236, 237, 167, 160, 244, 160, 237, 244, 161, 168, 245, 161, 245, 238, 174, 167, 251, 167, 244, 251, 168, 175, 252, 168, 252, 245, 181, 174, 258, 174, 251, 258, 175, 182, 259, 175, 259, 252, 188, 181, 265, 181, 258, 265, 182, 189, 266, 182, 266, 259, 195, 188, 272, 188, 265, 272, 189, 196, 273, 189, 273, 266, 202, 195, 279, 195, 272, 279, 196, 203, 280, 196, 280, 273, 209, 202, 286, 202, 279, 286, 203, 210, 287, 203, 287, 280, 216, 209, 293, 209, 286, 293, 210, 217, 294, 210, 294, 287, 223, 216, 300, 216, 293, 300, 217, 224, 301, 217, 301, 294, 230, 223, 307, 223, 300, 307, 224, 225, 302, 301, 224, 302, 225, 226, 303, 302, 225, 303, 226, 227, 304, 303, 226, 304, 227, 228, 305, 304, 227, 305, 228, 229, 306, 305, 228, 306, 229, 230, 307, 306, 229, 307, 231, 309, 232, 231, 238, 315, 231, 308, 309, 231, 315, 308, 232, 310, 233, 232, 309, 310, 233, 311, 234, 233, 310, 311, 234, 312, 235, 234, 311, 312, 235, 313, 236, 235, 312, 313, 236, 314, 237, 236, 313, 314, 244, 237, 321, 237, 314, 321, 238, 245, 322, 238, 322, 315, 251, 244, 328, 244, 321, 328, 245, 252, 329, 245, 329, 322, 258, 251, 335, 251, 328, 335, 252, 259, 336, 252, 336, 329, 265, 258, 342, 258, 335, 342, 259, 266, 343, 259, 343, 336, 272, 265, 349, 265, 342, 349, 266, 273, 350, 266, 350, 343, 279, 272, 356, 272, 349, 356, 273, 280, 357, 273, 357, 350, 286, 279, 363, 279, 356, 363, 280, 287, 364, 280, 364, 357, 293, 286, 370, 286, 363, 370, 287, 294, 371, 287, 371, 364, 300, 293, 377, 293, 370, 377, 294, 301, 378, 294, 378, 371, 307, 300, 384, 300, 377, 384, 301, 302, 379, 378, 301, 379, 302, 303, 380, 379, 302, 380, 303, 304, 381, 380, 303, 381, 304, 305, 382, 381, 304, 382, 305, 306, 383, 382, 305, 383, 306, 307, 384, 383, 306, 384, 308, 386, 309, 308, 315, 392, 308, 385, 386, 308, 392, 385, 309, 387, 310, 309, 386, 387, 310, 388, 311, 310, 387, 388, 311, 389, 312, 311, 388, 389, 312, 390, 313, 312, 389, 390, 313, 391, 314, 313, 390, 391, 321, 314, 398, 314, 391, 398, 315, 322, 399, 315, 399, 392, 328, 321, 405, 321, 398, 405, 322, 329, 406, 322, 406, 399, 335, 328, 412, 328, 405, 412, 329, 336, 413, 329, 413, 406, 342, 335, 419, 335, 412, 419, 336, 343, 420, 336, 420, 413, 349, 342, 426, 342, 419, 426, 343, 350, 427, 343, 427, 420, 356, 349, 433, 349, 426, 433, 350, 357, 434, 350, 434, 427, 363, 356, 440, 356, 433, 440, 357, 364, 441, 357, 441, 434, 370, 363, 447, 363, 440, 447, 364, 371, 448, 364, 448, 441, 377, 370, 454, 370, 447, 454, 371, 378, 455, 371, 455, 448, 384, 377, 461, 377, 454, 461, 378, 379, 456, 455, 378, 456, 379, 380, 457, 456, 379, 457, 380, 381, 458, 457, 380, 458, 381, 382, 459, 458, 381, 459, 382, 383, 460, 459, 382, 460, 383, 384, 461, 460, 383, 461, 385, 463, 386, 385, 392, 469, 385, 462, 463, 385, 469, 462, 386, 464, 387, 386, 463, 464, 387, 465, 388, 387, 464, 465, 388, 466, 389, 388, 465, 466, 389, 467, 390, 389, 466, 467, 390, 468, 391, 390, 467, 468, 398, 391, 475, 391, 468, 475, 392, 399, 476, 392, 476, 469, 405, 398, 482, 398, 475, 482, 399, 406, 483, 399, 483, 476, 412, 405, 489, 405, 482, 489, 406, 413, 490, 406, 490, 483, 419, 412, 496, 412, 489, 496, 413, 420, 497, 413, 497, 490, 426, 419, 503, 419, 496, 503, 420, 427, 504, 420, 504, 497, 433, 426, 510, 426, 503, 510, 427, 434, 511, 427, 511, 504, 440, 433, 517, 433, 510, 517, 434, 441, 518, 434, 518, 511, 447, 440, 524, 440, 517, 524, 441, 448, 525, 441, 525, 518, 454, 447, 531, 447, 524, 531, 448, 455, 532, 448, 532, 525, 461, 454, 538, 454, 531, 538, 455, 456, 533, 532, 455, 533, 456, 457, 534, 533, 456, 534, 457, 458, 535, 534, 457, 535, 458, 459, 536, 535, 458, 536, 459, 460, 537, 536, 459, 537, 460, 461, 538, 537, 460, 538, 462, 540, 463, 462, 469, 546, 462, 539, 540, 462, 546, 539, 463, 541, 464, 463, 540, 541, 464, 542, 465, 464, 541, 542, 465, 543, 466, 465, 542, 543, 466, 544, 467, 466, 543, 544, 467, 545, 468, 467, 544, 545, 475, 468, 552, 468, 545, 552, 469, 476, 553, 469, 553, 546, 482, 475, 559, 475, 552, 559, 476, 483, 560, 476, 560, 553, 489, 482, 566, 482, 559, 566, 483, 490, 567, 483, 567, 560, 496, 489, 573, 489, 566, 573, 490, 497, 574, 490, 574, 567, 503, 496, 580, 496, 573, 580, 497, 504, 581, 497, 581, 574, 510, 503, 587, 503, 580, 587, 504, 511, 588, 504, 588, 581, 517, 510, 594, 510, 587, 594, 511, 518, 595, 511, 595, 588, 524, 517, 601, 517, 594, 601, 518, 525, 602, 518, 602, 595, 531, 524, 608, 524, 601, 608, 525, 532, 609, 525, 609, 602, 538, 531, 615, 531, 608, 615, 532, 533, 610, 609, 532, 610, 533, 534, 611, 610, 533, 611, 534, 535, 612, 611, 534, 612, 535, 536, 613, 612, 535, 613, 536, 537, 614, 613, 536, 614, 537, 538, 615, 614, 537, 615, 539, 617, 540, 539, 546, 623, 539, 616, 617, 539, 623, 616, 540, 618, 541, 540, 617, 618, 541, 619, 542, 541, 618, 619, 542, 620, 543, 542, 619, 620, 543, 621, 544, 543, 620, 621, 544, 622, 545, 544, 621, 622, 552, 545, 629, 545, 622, 629, 546, 553, 630, 546, 630, 623, 559, 552, 636, 552, 629, 636, 553, 560, 637, 553, 637, 630, 566, 559, 643, 559, 636, 643, 560, 567, 644, 560, 644, 637, 573, 566, 650, 566, 643, 650, 567, 574, 651, 567, 651, 644, 580, 573, 657, 573, 650, 657, 574, 581, 658, 574, 658, 651, 587, 580, 664, 580, 657, 664, 581, 588, 665, 581, 665, 658, 594, 587, 671, 587, 664, 671, 588, 595, 672, 588, 672, 665, 601, 594, 678, 594, 671, 678, 595, 602, 679, 595, 679, 672, 608, 601, 685, 601, 678, 685, 602, 609, 686, 602, 686, 679, 615, 608, 692, 608, 685, 692, 609, 610, 687, 686, 609, 687, 610, 611, 688, 687, 610, 688, 611, 612, 689, 688, 611, 689, 612, 613, 690, 689, 612, 690, 613, 614, 691, 690, 613, 691, 614, 615, 692, 691, 614, 692, 616, 694, 617, 616, 623, 700, 616, 693, 694, 616, 700, 693, 617, 695, 618, 617, 694, 695, 618, 696, 619, 618, 695, 696, 619, 697, 620, 619, 696, 697, 620, 698, 621, 620, 697, 698, 621, 699, 622, 621, 698, 699, 629, 622, 706, 622, 699, 706, 623, 630, 707, 623, 707, 700, 636, 629, 713, 629, 706, 713, 630, 637, 714, 630, 714, 707, 643, 636, 720, 636, 713, 720, 637, 644, 721, 637, 721, 714, 650, 643, 727, 643, 720, 727, 644, 651, 728, 644, 728, 721, 657, 650, 734, 650, 727, 734, 651, 658, 735, 651, 735, 728, 664, 657, 741, 657, 734, 741, 658, 665, 742, 658, 742, 735, 671, 664, 748, 664, 741, 748, 665, 672, 749, 665, 749, 742, 678, 671, 755, 671, 748, 755, 672, 679, 756, 672, 756, 749, 685, 678, 762, 678, 755, 762, 679, 686, 763, 679, 763, 756, 692, 685, 769, 685, 762, 769, 686, 687, 764, 763, 686, 764, 687, 688, 765, 764, 687, 765, 688, 689, 766, 765, 688, 766, 689, 690, 767, 766, 689, 767, 690, 691, 768, 767, 690, 768, 691, 692, 769, 768, 691, 769, 693, 771, 694, 693, 700, 777, 693, 770, 771, 693, 777, 770, 694, 772, 695, 694, 771, 772, 695, 773, 696, 695, 772, 773, 696, 774, 697, 696, 773, 774, 697, 775, 698, 697, 774, 775, 698, 776, 699, 698, 775, 776, 706, 699, 783, 699, 776, 783, 700, 707, 784, 700, 784, 777, 713, 706, 790, 706, 783, 790, 707, 714, 791, 707, 791, 784, 720, 713, 797, 713, 790, 797, 714, 721, 798, 714, 798, 791, 727, 720, 804, 720, 797, 804, 721, 728, 805, 721, 805, 798, 734, 727, 811, 727, 804, 811, 728, 735, 812, 728, 812, 805, 741, 734, 818, 734, 811, 818, 735, 742, 819, 735, 819, 812, 748, 741, 825, 741, 818, 825, 742, 749, 826, 742, 826, 819, 755, 748, 832, 748, 825, 832, 749, 756, 833, 749, 833, 826, 762, 755, 839, 755, 832, 839, 756, 763, 840, 756, 840, 833, 769, 762, 846, 762, 839, 846, 763, 764, 841, 840, 763, 841, 764, 765, 842, 841, 764, 842, 765, 766, 843, 842, 765, 843, 766, 767, 844, 843, 766, 844, 767, 768, 845, 844, 767, 845, 768, 769, 846, 845, 768, 846, 771, 770, 778, 770, 777, 778, 772, 771, 779, 771, 778, 779, 773, 772, 780, 772, 779, 780, 774, 773, 781, 773, 780, 781, 775, 774, 782, 774, 781, 782, 776, 775, 783, 775, 782, 783, 778, 777, 785, 777, 784, 785, 779, 778, 786, 778, 785, 786, 780, 779, 787, 779, 786, 787, 781, 780, 788, 780, 787, 788, 782, 781, 789, 781, 788, 789, 783, 782, 790, 782, 789, 790, 785, 784, 792, 784, 791, 792, 786, 785, 793, 785, 792, 793, 787, 786, 794, 786, 793, 794, 788, 787, 795, 787, 794, 795, 789, 788, 796, 788, 795, 796, 790, 789, 797, 789, 796, 797, 792, 791, 799, 791, 798, 799, 793, 792, 800, 792, 799, 800, 794, 793, 801, 793, 800, 801, 795, 794, 802, 794, 801, 802, 796, 795, 803, 795, 802, 803, 797, 796, 804, 796, 803, 804, 799, 798, 806, 798, 805, 806, 800, 799, 807, 799, 806, 807, 801, 800, 808, 800, 807, 808, 802, 801, 809, 801, 808, 809, 803, 802, 810, 802, 809, 810, 804, 803, 811, 803, 810, 811, 806, 805, 813, 805, 812, 813, 807, 806, 814, 806, 813, 814, 808, 807, 815, 807, 814, 815, 809, 808, 816, 808, 815, 816, 810, 809, 817, 809, 816, 817, 811, 810, 818, 810, 817, 818, 813, 812, 820, 812, 819, 820, 814, 813, 821, 813, 820, 821, 815, 814, 822, 814, 821, 822, 816, 815, 823, 815, 822, 823, 817, 816, 824, 816, 823, 824, 818, 817, 825, 817, 824, 825, 820, 819, 827, 819, 826, 827, 821, 820, 828, 820, 827, 828, 822, 821, 829, 821, 828, 829, 823, 822, 830, 822, 829, 830, 824, 823, 831, 823, 830, 831, 825, 824, 832, 824, 831, 832, 827, 826, 834, 826, 833, 834, 828, 827, 835, 827, 834, 835, 829, 828, 836, 828, 835, 836, 830, 829, 837, 829, 836, 837, 831, 830, 838, 830, 837, 838, 832, 831, 839, 831, 838, 839, 834, 833, 841, 833, 840, 841, 835, 834, 842, 834, 841, 842, 836, 835, 843, 835, 842, 843, 837, 836, 844, 836, 843, 844, 838, 837, 845, 837, 844, 845, 839, 838, 846, 838, 845, 846]
    }
}
