#usda 1.0
(
    defaultPrim = "chip_curved_small_visual"
    metersPerUnit = 1
    upAxis = "Z"
)

def Xform "chip_curved_small_visual"
{
    def Mesh "scan"
    {
        uniform bool doubleSided = 1
        int[] faceVertexCounts = [3, 3, 3, 3, 3, 3, 3, 3, 3, 3, 3, 3, 3, 3, 3, 3, 3, 3, 3, 3, 3, 3, 3, 3, 3, 3, 3, 3, 3, 3, 3, 3, 3, 3, 3, 3, 3, 3, 3, 3, 3, 3, 3, 3, 3, 3, 3, 3, 3, 3, 3, 3, 3, 3, 3, 3, 3, 3, 3, 3, 3, 3, 3, 3, 3, 3, 3, 3, 3, 3, 3, 3, 3, 3, 3, 3, 3, 3, 3, 3, 3, 3, 3, 3, 3, 3, 3, 3, 3, 3, 3, 3, 3, 3, 3, 3, 3, 3, 3, 3, 3, 3, 3, 3, 3, 3, 3, 3, 3, 3, 3, 3, 3, 3, 3, 3, 3, 3, 3, 3, 3, 3, 3, 3, 3, 3, 3, 3, 3, 3, 3, 3, 3, 3, 3, 3, 3, 3, 3, 3, 3, 3, 3, 3, 3, 3, 3, 3, 3, 3, 3, 3, 3, 3, 3, 3, 3, 3, 3, 3, 3, 3, 3, 3, 3, 3, 3, 3, 3, 3, 3, 3, 3, 3, 3, 3, 3, 3, 3, 3, 3, 3, 3, 3, 3, 3, 3, 3, 3, 3, 3, 3, 3, 3, 3, 3, 3, 3, 3, 3, 3, 3, 3, 3, 3, 3, 3, 3, 3, 3, 3, 3, 3, 3, 3, 3, 3, 3, 3, 3, 3, 3, 3, 3, 3, 3, 3, 3, 3, 3, 3, 3, 3, 3, 3, 3, 3, 3, 3, 3, 3, 3, 3, 3, 3, 3, 3, 3, 3, 3, 3, 3, 3, 3, 3, 3, 3, 3, 3, 3, 3, 3, 3, 3, 3, 3, 3, 3, 3, 3, 3, 3, 3, 3, 3, 3, 3, 3, 3, 3, 3, 3, 3, 3, 3, 3, 3, 3, 3, 3, 3, 3, 3, 3, 3, 3, 3, 3, 3, 3, 3, 3, 3, 3, 3, 3, 3, 3, 3, 3, 3, 3, 3, 3, 3, 3, 3, 3, 3, 3, 3, 3, 3, 3, 3, 3, 3, 3, 3, 3, 3, 3, 3, 3, 3, 3, 3, 3, 3, 3, 3, 3, 3, 3, 3, 3, 3, 3, 3, 3, 3, 3, 3, 3, 3, 3, 3, 3, 3, 3, 3, 3, 3, 3, 3, 3, 3, 3, 3, 3, 3, 3, 3, 3, 3, 3, 3, 3, 3, 3, 3, 3, 3, 3, 3, 3, 3, 3, 3, 3, 3, 3, 3, 3, 3, 3, 3, 3, 3, 3, 3, 3, 3, 3, 3, 3, 3, 3, 3, 3, 3, 3, 3, 3, 3, 3, 3, 3, 3, 3, 3, 3, 3, 3, 3, 3, 3, 3, 3, 3, 3, 3, 3, 3, 3, 3, 3, 3, 3, 3, 3, 3, 3, 3, 3, 3, 3, 3, 3, 3, 3, 3, 3, 3, 3, 3, 3, 3, 3, 3, 3, 3, 3, 3, 3, 3, 3, 3, 3, 3, 3, 3, 3, 3, 3, 3, 3, 3, 3, 3, 3, 3, 3, 3, 3, 3, 3, 3, 3, 3, 3, 3, 3, 3, 3, 3, 3, 3, 3, 3, 3, 3, 3, 3, 3, 3, 3, 3, 3, 3, 3, 3, 3, 3, 3, 3, 3, 3, 3, 3, 3, 3, 3, 3, 3, 3, 3, 3, 3, 3, 3, 3, 3, 3, 3, 3, 3, 3, 3, 3, 3, 3, 3, 3, 3, 3, 3, 3, 3, 3, 3, 3, 3, 3, 3, 3, 3, 3, 3, 3, 3, 3, 3, 3, 3, 3, 3, 3, 3, 3, 3, 3, 3, 3, 3, 3, 3, 3, 3, 3, 3, 3, 3, 3, 3, 3, 3, 3, 3, 3, 3, 3, 3, 3, 3, 3, 3, 3, 3, 3, 3, 3, 3, 3, 3, 3, 3, 3, 3, 3, 3, 3, 3, 3, 3, 3, 3, 3, 3, 3, 3, 3, 3, 3, 3, 3, 3, 3, 3, 3, 3, 3, 3, 3, 3, 3, 3, 3, 3, 3, 3, 3, 3, 3, 3, 3, 3, 3, 3, 3, 3, 3, 3, 3, 3, 3, 3, 3, 3, 3, 3, 3, 3, 3, 3, 3, 3, 3, 3, 3, 3, 3, 3, 3, 3, 3, 3, 3, 3, 3, 3, 3, 3, 3, 3, 3, 3, 3, 3, 3, 3, 3, 3, 3, 3, 3, 3, 3, 3, 3, 3, 3, 3, 3, 3, 3, 3, 3, 3, 3, 3, 3, 3, 3, 3, 3, 3, 3, 3, 3, 3, 3, 3, 3, 3, 3, 3, 3, 3, 3, 3, 3, 3, 3, 3, 3, 3, 3, 3, 3, 3, 3, 3, 3, 3, 3, 3, 3, 3, 3, 3, 3, 3, 3, 3, 3, 3, 3, 3, 3, 3, 3, 3, 3, 3, 3, 3, 3, 3, 3, 3, 3, 3, 3, 3, 3, 3, 3, 3, 3, 3, 3, 3, 3, 3, 3, 3, 3, 3, 3, 3, 3, 3, 3, 3, 3, 3, 3, 3, 3, 3, 3, 3, 3, 3, 3, 3, 3, 3, 3, 3, 3, 3, 3, 3, 3, 3, 3, 3, 3, 3, 3, 3, 3, 3, 3, 3, 3, 3, 3, 3, 3, 3, 3, 3, 3, 3, 3, 3, 3, 3, 3, 3, 3, 3, 3, 3, 3, 3, 3, 3, 3, 3, 3, 3, 3, 3, 3, 3, 3, 3, 3, 3, 3, 3, 3, 3, 3, 3, 3, 3, 3, 3, 3, 3, 3, 3, 3, 3, 3, 3, 3, 3, 3, 3, 3, 3, 3, 3, 3, 3, 3, 3, 3, 3, 3, 3, 3, 3, 3, 3, 3, 3, 3, 3, 3, 3, 3, 3, 3, 3, 3, 3, 3, 3, 3, 3, 3, 3, 3, 3, 3, 3, 3, 3, 3, 3, 3, 3, 3, 3, 3, 3, 3, 3, 3, 3, 3, 3, 3, 3, 3, 3, 3, 3, 3, 3, 3, 3, 3, 3, 3, 3, 3, 3, 3, 3, 3, 3, 3, 3, 3, 3, 3, 3, 3, 3, 3, 3, 3, 3, 3, 3, 3, 3, 3, 3, 3, 3, 3, 3, 3, 3, 3, 3, 3, 3, 3, 3, 3, 3, 3, 3, 3, 3, 3, 3, 3, 3, 3, 3, 3, 3, 3, 3, 3, 3, 3, 3, 3, 3, 3, 3, 3, 3, 3, 3, 3, 3, 3, 3, 3, 3, 3, 3, 3, 3, 3, 3, 3, 3, 3, 3, 3, 3, 3, 3, 3, 3, 3, 3, 3, 3, 3, 3, 3, 3, 3, 3, 3, 3, 3, 3, 3, 3, 3, 3, 3, 3, 3, 3, 3, 3, 3, 3, 3, 3, 3, 3, 3, 3, 3, 3, 3, 3, 3, 3, 3, 3, 3, 3, 3, 3, 3, 3, 3, 3, 3, 3, 3, 3, 3, 3, 3, 3, 3, 3, 3, 3, 3, 3, 3, 3, 3, 3, 3, 3, 3, 3, 3, 3, 3, 3, 3, 3, 3, 3, 3, 3, 3, 3, 3, 3, 3, 3, 3, 3, 3, 3, 3, 3, 3, 3, 3, 3, 3, 3, 3, 3, 3, 3, 3, 3, 3, 3, 3, 3, 3, 3, 3, 3, 3, 3, 3, 3, 3, 3, 3, 3, 3, 3, 3, 3, 3, 3, 3, 3, 3, 3, 3, 3, 3, 3, 3, 3, 3, 3, 3, 3, 3, 3, 3, 3, 3, 3, 3, 3, 3, 3, 3, 3, 3, 3, 3, 3, 3, 3, 3, 3, 3, 3, 3, 3, 3, 3, 3, 3, 3, 3, 3, 3, 3, 3, 3, 3, 3, 3, 3, 3, 3, 3, 3, 3, 3, 3, 3, 3, 3, 3, 3, 3, 3, 3, 3, 3, 3, 3, 3, 3, 3, 3, 3, 3, 3, 3, 3, 3, 3, 3, 3, 3, 3, 3, 3, 3, 3, 3, 3, 3, 3, 3, 3, 3, 3, 3, 3, 3, 3, 3, 3, 3, 3, 3, 3, 3, 3, 3, 3, 3, 3, 3, 3, 3, 3, 3, 3, 3, 3, 3, 3, 3, 3, 3, 3, 3, 3, 3, 3, 3, 3, 3, 3, 3, 3, 3, 3, 3, 3, 3, 3, 3, 3, 3, 3, 3, 3, 3, 3, 3, 3, 3, 3, 3, 3, 3, 3, 3, 3, 3, 3, 3, 3, 3, 3, 3, 3, 3, 3, 3, 3, 3, 3, 3, 3, 3, 3, 3, 3, 3, 3, 3, 3, 3, 3, 3, 3, 3, 3, 3, 3, 3, 3, 3, 3, 3, 3, 3, 3, 3, 3, 3, 3, 3, 3, 3, 3, 3, 3, 3, 3, 3, 3, 3, 3, 3, 3, 3, 3, 3, 3, 3, 3, 3, 3, 3, 3, 3, 3, 3, 3, 3, 3, 3, 3, 3, 3, 3, 3, 3, 3, 3, 3, 3, 3, 3, 3, 3, 3, 3, 3, 3, 3, 3, 3, 3, 3, 3, 3, 3, 3, 3, 3, 3, 3, 3, 3, 3, 3, 3, 3, 3, 3, 3, 3, 3, 3, 3, 3, 3, 3, 3, 3, 3, 3, 3, 3, 3, 3, 3, 3, 3, 3, 3, 3, 3, 3, 3, 3, 3, 3, 3, 3, 3, 3, 3, 3, 3, 3, 3, 3, 3, 3, 3, 3, 3, 3, 3, 3, 3, 3, 3, 3, 3, 3, 3, 3, 3, 3, 3, 3, 3, 3, 3, 3, 3, 3, 3, 3, 3, 3, 3, 3, 3, 3, 3, 3, 3, 3, 3, 3, 3, 3, 3, 3, 3, 3, 3, 3, 3, 3, 3, 3, 3, 3, 3, 3, 3, 3, 3, 3, 3, 3, 3, 3, 3, 3, 3, 3, 3, 3, 3, 3, 3, 3, 3, 3, 3, 3, 3, 3, 3, 3, 3, 3, 3, 3, 3, 3, 3, 3, 3, 3, 3, 3, 3, 3, 3, 3, 3, 3, 3, 3, 3, 3, 3, 3, 3, 3, 3, 3, 3, 3, 3, 3, 3, 3, 3, 3, 3, 3, 3, 3, 3, 3, 3, 3, 3, 3, 3, 3, 3, 3, 3, 3, 3, 3, 3, 3, 3, 3, 3, 3, 3, 3, 3, 3, 3, 3, 3, 3, 3, 3, 3, 3, 3, 3, 3, 3, 3, 3, 3, 3, 3, 3, 3, 3, 3, 3, 3, 3, 3, 3, 3, 3, 3, 3, 3, 3, 3, 3, 3, 3, 3, 3, 3, 3, 3, 3, 3, 3, 3, 3, 3, 3, 3, 3, 3, 3, 3, 3, 3, 3, 3, 3, 3, 3, 3, 3, 3, 3, 3, 3, 3, 3, 3, 3, 3, 3, 3, 3, 3, 3, 3, 3, 3, 3, 3, 3, 3, 3, 3, 3, 3, 3, 3, 3, 3, 3, 3, 3, 3, 3, 3, 3, 3, 3, 3, 3, 3, 3, 3, 3, 3, 3, 3, 3, 3, 3, 3, 3, 3, 3, 3, 3, 3, 3, 3, 3, 3, 3, 3, 3, 3, 3, 3, 3, 3, 3, 3, 3, 3, 3, 3, 3, 3, 3, 3, 3, 3, 3, 3, 3, 3, 3, 3, 3, 3, 3, 3, 3, 3, 3, 3, 3, 3, 3, 3, 3, 3, 3, 3, 3, 3, 3, 3, 3, 3, 3, 3, 3, 3, 3, 3, 3, 3, 3, 3, 3, 3, 3, 3, 3, 3, 3, 3, 3, 3, 3, 3, 3, 3, 3, 3, 3, 3, 3, 3, 3, 3, 3, 3, 3, 3, 3, 3, 3, 3, 3, 3, 3, 3, 3, 3, 3, 3, 3, 3, 3, 3, 3, 3, 3, 3, 3, 3, 3, 3, 3, 3, 3, 3, 3, 3, 3, 3, 3, 3, 3, 3, 3, 3, 3, 3, 3, 3, 3, 3, 3, 3, 3, 3, 3, 3, 3, 3, 3, 3, 3, 3, 3, 3, 3, 3, 3, 3, 3, 3, 3, 3, 3, 3, 3, 3, 3, 3, 3, 3, 3, 3, 3, 3, 3, 3, 3, 3, 3, 3, 3, 3, 3, 3, 3, 3, 3, 3, 3, 3, 3, 3, 3, 3, 3, 3, 3, 3, 3, 3, 3, 3, 3, 3, 3, 3, 3, 3, 3, 3, 3, 3, 3, 3, 3, 3, 3, 3, 3, 3, 3, 3, 3, 3, 3, 3, 3, 3, 3, 3, 3, 3, 3, 3, 3, 3, 3, 3, 3, 3, 3, 3, 3, 3, 3, 3, 3, 3, 3, 3, 3, 3, 3, 3, 3, 3, 3, 3, 3, 3, 3, 3, 3, 3, 3, 3, 3, 3, 3, 3, 3, 3, 3, 3, 3, 3, 3, 3, 3, 3, 3, 3, 3, 3, 3, 3, 3, 3, 3, 3, 3, 3, 3, 3, 3, 3, 3, 3, 3, 3, 3, 3, 3, 3, 3, 3, 3, 3, 3, 3, 3, 3, 3, 3, 3, 3, 3, 3, 3, 3, 3, 3, 3, 3, 3, 3, 3, 3, 3, 3, 3, 3, 3, 3, 3, 3, 3, 3, 3, 3, 3, 3, 3, 3, 3, 3, 3, 3, 3, 3, 3, 3, 3, 3, 3, 3, 3, 3, 3, 3, 3, 3, 3, 3, 3, 3, 3, 3, 3, 3, 3, 3, 3, 3, 3, 3, 3, 3, 3, 3, 3, 3, 3, 3, 3, 3, 3, 3, 3, 3, 3, 3, 3, 3, 3, 3, 3, 3, 3, 3, 3, 3, 3, 3, 3, 3, 3, 3, 3, 3, 3, 3, 3, 3, 3, 3, 3, 3, 3, 3, 3, 3, 3, 3, 3, 3, 3, 3, 3, 3, 3, 3, 3, 3, 3, 3, 3, 3, 3, 3, 3, 3, 3, 3, 3, 3, 3, 3, 3, 3, 3, 3, 3, 3, 3, 3, 3, 3, 3, 3, 3, 3, 3, 3, 3, 3, 3, 3, 3, 3, 3, 3, 3, 3, 3, 3, 3, 3, 3, 3, 3, 3, 3, 3, 3, 3, 3, 3, 3, 3, 3, 3, 3, 3, 3, 3, 3, 3, 3, 3, 3, 3, 3, 3, 3, 3, 3, 3, 3, 3, 3, 3, 3, 3, 3, 3, 3, 3, 3, 3, 3, 3, 3, 3, 3, 3, 3, 3, 3, 3, 3, 3, 3, 3, 3, 3, 3, 3, 3, 3, 3, 3, 3, 3, 3, 3, 3, 3, 3, 3, 3, 3, 3, 3, 3, 3, 3, 3, 3, 3, 3, 3, 3, 3, 3, 3, 3, 3, 3, 3, 3, 3, 3, 3, 3, 3, 3, 3, 3, 3, 3, 3, 3, 3, 3, 3, 3, 3, 3, 3, 3, 3, 3, 3, 3, 3, 3, 3, 3, 3, 3, 3, 3, 3, 3, 3, 3, 3, 3, 3, 3, 3, 3, 3, 3, 3, 3, 3, 3, 3, 3, 3, 3, 3, 3, 3, 3, 3, 3, 3, 3, 3, 3, 3, 3, 3, 3, 3, 3, 3, 3, 3, 3, 3, 3, 3, 3, 3, 3, 3, 3, 3, 3, 3, 3, 3, 3, 3, 3, 3, 3, 3, 3, 3, 3, 3, 3, 3, 3, 3, 3, 3, 3, 3, 3, 3, 3, 3, 3, 3, 3, 3, 3, 3, 3, 3, 3, 3, 3, 3, 3, 3, 3, 3, 3, 3, 3, 3, 3, 3, 3, 3, 3, 3, 3, 3, 3, 3, 3, 3, 3, 3, 3, 3, 3, 3, 3, 3, 3, 3, 3, 3, 3, 3, 3, 3, 3, 3, 3, 3, 3, 3, 3, 3, 3, 3, 3, 3, 3, 3, 3, 3, 3, 3, 3, 3, 3, 3, 3, 3, 3, 3, 3, 3, 3, 3, 3, 3, 3, 3, 3, 3, 3, 3, 3, 3, 3, 3, 3, 3, 3, 3, 3, 3, 3, 3, 3, 3, 3, 3, 3, 3, 3, 3, 3, 3, 3, 3, 3, 3, 3, 3, 3, 3, 3, 3, 3, 3, 3, 3, 3, 3, 3, 3, 3, 3, 3, 3, 3, 3, 3, 3, 3, 3, 3, 3, 3, 3, 3, 3, 3, 3, 3, 3, 3, 3, 3, 3, 3, 3, 3, 3, 3, 3, 3, 3, 3, 3, 3, 3, 3, 3, 3, 3, 3, 3, 3, 3, 3, 3, 3, 3, 3, 3, 3, 3, 3, 3, 3, 3, 3, 3, 3, 3, 3, 3, 3, 3, 3, 3, 3, 3, 3, 3, 3, 3, 3, 3, 3, 3, 3, 3, 3, 3, 3, 3, 3, 3, 3, 3, 3, 3, 3, 3, 3, 3, 3, 3, 3, 3, 3, 3, 3, 3, 3, 3, 3, 3, 3, 3, 3, 3, 3, 3, 3, 3, 3, 3, 3, 3, 3, 3, 3, 3, 3, 3, 3, 3, 3, 3, 3, 3, 3, 3, 3, 3, 3, 3, 3, 3, 3, 3, 3, 3, 3, 3, 3, 3, 3, 3, 3, 3, 3, 3, 3, 3, 3, 3, 3, 3, 3, 3, 3, 3, 3, 3, 3, 3, 3, 3, 3, 3, 3, 3, 3, 3, 3, 3, 3, 3, 3, 3, 3, 3, 3, 3, 3, 3, 3, 3, 3, 3, 3, 3, 3, 3, 3, 3, 3, 3, 3, 3, 3, 3, 3, 3, 3, 3, 3, 3, 3, 3, 3, 3, 3, 3, 3, 3, 3, 3, 3, 3, 3, 3, 3, 3, 3, 3, 3, 3, 3, 3, 3, 3, 3, 3, 3, 3, 3, 3, 3, 3, 3, 3, 3, 3, 3, 3, 3, 3, 3, 3, 3, 3, 3, 3, 3, 3, 3, 3, 3, 3, 3, 3, 3, 3, 3, 3, 3, 3, 3, 3, 3, 3, 3, 3, 3, 3, 3, 3, 3, 3, 3, 3, 3, 3, 3, 3, 3, 3, 3, 3, 3, 3, 3, 3, 3, 3, 3, 3, 3, 3, 3, 3, 3, 3, 3, 3, 3, 3, 3, 3, 3, 3, 3, 3, 3, 3, 3, 3, 3, 3, 3, 3, 3, 3, 3, 3, 3, 3, 3, 3, 3, 3, 3, 3, 3, 3, 3, 3, 3, 3, 3, 3, 3, 3, 3, 3, 3, 3, 3, 3, 3, 3, 3, 3, 3, 3, 3, 3, 3, 3, 3, 3, 3, 3, 3, 3, 3, 3, 3, 3, 3, 3, 3, 3, 3, 3, 3, 3, 3, 3, 3, 3, 3, 3, 3, 3, 3, 3, 3, 3, 3, 3, 3, 3, 3, 3, 3, 3, 3, 3, 3, 3, 3, 3, 3, 3, 3, 3, 3, 3, 3, 3, 3, 3, 3, 3, 3, 3, 3, 3, 3, 3, 3, 3, 3, 3, 3, 3, 3, 3, 3, 3, 3, 3, 3, 3, 3, 3, 3, 3, 3, 3, 3, 3, 3, 3, 3, 3, 3, 3, 3, 3, 3, 3, 3, 3, 3, 3, 3, 3, 3, 3, 3, 3, 3, 3, 3, 3, 3, 3, 3, 3, 3, 3, 3, 3, 3, 3, 3, 3, 3, 3, 3, 3, 3, 3, 3, 3, 3, 3, 3, 3, 3, 3, 3, 3, 3, 3, 3, 3, 3, 3, 3, 3, 3, 3, 3, 3, 3, 3, 3, 3, 3, 3, 3, 3, 3, 3, 3, 3, 3, 3, 3, 3, 3, 3, 3, 3, 3, 3, 3, 3, 3, 3, 3, 3, 3, 3, 3, 3, 3, 3, 3, 3, 3, 3, 3, 3, 3, 3, 3, 3, 3, 3, 3, 3, 3, 3, 3, 3, 3, 3, 3, 3, 3, 3, 3, 3, 3, 3, 3, 3, 3, 3, 3, 3, 3, 3, 3, 3, 3, 3, 3, 3, 3, 3, 3, 3, 3, 3, 3, 3, 3, 3, 3, 3, 3, 3, 3, 3, 3, 3, 3, 3, 3, 3, 3, 3, 3, 3, 3, 3, 3, 3, 3, 3, 3, 3, 3, 3, 3, 3, 3, 3, 3, 3, 3, 3, 3, 3, 3, 3, 3, 3, 3, 3, 3, 3, 3, 3, 3, 3, 3, 3, 3, 3, 3, 3, 3, 3, 3, 3, 3, 3, 3, 3, 3, 3, 3, 3, 3, 3, 3, 3, 3, 3, 3, 3, 3, 3, 3, 3, 3, 3, 3, 3, 3, 3, 3, 3, 3, 3, 3, 3, 3, 3, 3, 3, 3, 3, 3, 3, 3, 3, 3, 3, 3, 3, 3, 3, 3, 3, 3, 3, 3, 3, 3, 3, 3, 3, 3, 3, 3, 3, 3, 3, 3, 3, 3, 3, 3, 3, 3, 3, 3, 3, 3, 3, 3, 3, 3, 3, 3, 3, 3, 3, 3, 3, 3, 3, 3, 3, 3, 3, 3, 3, 3, 3, 3, 3, 3, 3, 3, 3, 3, 3, 3, 3, 3, 3, 3, 3, 3, 3, 3, 3, 3, 3, 3, 3, 3, 3, 3, 3, 3, 3, 3, 3, 3, 3, 3, 3, 3, 3, 3, 3, 3, 3, 3, 3, 3, 3, 3, 3, 3, 3, 3, 3, 3, 3, 3, 3, 3, 3, 3, 3, 3, 3, 3, 3, 3, 3, 3, 3, 3, 3, 3, 3, 3, 3, 3, 3, 3, 3, 3, 3, 3, 3, 3, 3, 3, 3, 3, 3, 3, 3, 3, 3, 3, 3, 3, 3, 3, 3, 3, 3, 3, 3, 3, 3, 3, 3, 3, 3, 3, 3, 3, 3, 3, 3, 3, 3, 3, 3, 3, 3, 3, 3, 3, 3, 3, 3, 3, 3, 3, 3, 3, 3, 3, 3, 3, 3, 3, 3, 3, 3, 3, 3, 3, 3, 3, 3, 3, 3, 3, 3, 3, 3, 3, 3, 3, 3, 3, 3, 3, 3, 3, 3, 3, 3, 3, 3, 3, 3, 3, 3, 3, 3, 3, 3, 3, 3, 3, 3, 3, 3, 3, 3, 3, 3, 3, 3, 3, 3, 3, 3, 3, 3, 3, 3, 3, 3, 3, 3, 3, 3, 3, 3, 3, 3, 3, 3, 3, 3, 3, 3, 3, 3, 3, 3, 3, 3, 3, 3, 3, 3, 3, 3, 3, 3, 3, 3, 3, 3, 3, 3, 3, 3, 3, 3, 3, 3, 3, 3, 3, 3, 3, 3, 3, 3, 3, 3, 3, 3, 3, 3, 3, 3, 3, 3, 3, 3, 3, 3, 3, 3, 3, 3, 3, 3, 3, 3, 3, 3, 3, 3, 3, 3, 3, 3, 3, 3, 3, 3, 3, 3, 3, 3, 3, 3, 3, 3, 3, 3, 3, 3, 3, 3, 3, 3, 3, 3, 3, 3, 3, 3, 3, 3, 3, 3, 3, 3, 3, 3, 3, 3, 3, 3, 3, 3, 3, 3, 3, 3, 3, 3, 3, 3, 3, 3, 3, 3, 3, 3, 3, 3, 3, 3, 3, 3, 3, 3, 3, 3, 3, 3, 3, 3, 3, 3, 3, 3, 3, 3, 3, 3, 3, 3, 3, 3, 3, 3, 3, 3, 3, 3, 3, 3, 3, 3, 3, 3, 3, 3, 3, 3, 3, 3, 3, 3, 3, 3, 3, 3, 3, 3, 3, 3, 3, 3, 3, 3, 3, 3, 3, 3, 3, 3, 3, 3, 3, 3, 3, 3, 3, 3, 3, 3, 3, 3, 3, 3, 3, 3, 3, 3, 3, 3, 3, 3, 3, 3, 3, 3, 3, 3, 3, 3, 3, 3, 3, 3, 3, 3, 3, 3, 3, 3, 3, 3, 3, 3, 3, 3, 3, 3, 3, 3, 3, 3, 3, 3, 3, 3, 3, 3, 3, 3, 3, 3, 3, 3, 3, 3, 3, 3, 3, 3, 3, 3, 3, 3, 3, 3, 3, 3, 3, 3, 3, 3, 3, 3, 3, 3, 3, 3, 3, 3, 3, 3, 3, 3, 3, 3, 3, 3, 3, 3, 3, 3, 3, 3, 3, 3, 3, 3, 3, 3, 3, 3, 3, 3, 3, 3, 3, 3, 3, 3, 3, 3, 3, 3, 3, 3, 3, 3, 3, 3, 3, 3, 3, 3, 3, 3, 3, 3, 3, 3, 3, 3, 3, 3, 3, 3, 3, 3, 3, 3, 3, 3, 3, 3, 3, 3, 3, 3, 3, 3, 3, 3, 3, 3, 3, 3, 3, 3, 3, 3, 3, 3, 3, 3, 3, 3, 3, 3, 3, 3, 3, 3, 3, 3, 3, 3, 3, 3, 3, 3, 3, 3, 3, 3, 3, 3, 3, 3, 3, 3, 3, 3, 3, 3, 3, 3, 3, 3, 3, 3, 3, 3, 3, 3, 3, 3, 3, 3, 3, 3, 3, 3, 3, 3, 3, 3, 3, 3, 3, 3, 3, 3, 3, 3, 3, 3, 3, 3, 3, 3, 3, 3, 3, 3, 3, 3, 3, 3, 3, 3, 3, 3, 3, 3, 3, 3, 3, 3, 3, 3, 3, 3, 3, 3, 3, 3, 3, 3, 3, 3, 3, 3, 3, 3, 3, 3, 3, 3, 3, 3, 3, 3, 3, 3, 3, 3, 3, 3, 3, 3, 3, 3, 3, 3, 3, 3, 3, 3, 3, 3, 3, 3, 3, 3, 3, 3, 3, 3, 3, 3, 3, 3, 3, 3, 3, 3, 3, 3, 3, 3, 3, 3, 3, 3, 3, 3, 3, 3, 3, 3, 3, 3, 3, 3, 3, 3, 3, 3, 3, 3, 3, 3, 3, 3, 3, 3, 3, 3, 3, 3, 3, 3, 3, 3, 3, 3, 3, 3, 3, 3, 3, 3, 3, 3, 3, 3, 3, 3, 3, 3, 3, 3, 3, 3, 3, 3, 3, 3, 3, 3, 3, 3, 3, 3, 3, 3, 3, 3, 3, 3, 3, 3, 3, 3, 3, 3, 3, 3, 3, 3, 3, 3, 3, 3, 3, 3, 3, 3, 3, 3, 3, 3, 3, 3, 3, 3, 3, 3, 3, 3, 3, 3, 3, 3, 3, 3, 3, 3, 3, 3, 3, 3, 3, 3, 3, 3, 3, 3, 3, 3, 3, 3, 3, 3, 3, 3, 3, 3, 3, 3, 3, 3, 3, 3, 3, 3, 3, 3, 3, 3, 3, 3, 3, 3, 3, 3, 3, 3, 3, 3, 3, 3, 3, 3, 3, 3, 3, 3, 3, 3, 3, 3, 3, 3, 3, 3, 3, 3, 3, 3, 3, 3, 3, 3, 3, 3, 3, 3, 3, 3, 3, 3, 3, 3, 3, 3, 3, 3, 3, 3, 3, 3, 3, 3, 3, 3, 3, 3, 3, 3, 3, 3, 3, 3, 3, 3, 3, 3, 3, 3, 3, 3, 3, 3, 3, 3, 3, 3, 3, 3, 3, 3, 3, 3, 3, 3, 3, 3, 3, 3, 3, 3, 3, 3, 3, 3, 3, 3, 3, 3, 3, 3, 3, 3, 3, 3, 3, 3, 3, 3, 3, 3, 3, 3, 3, 3, 3, 3, 3, 3, 3, 3, 3, 3, 3, 3, 3, 3, 3, 3, 3, 3, 3, 3, 3, 3, 3, 3, 3, 3, 3, 3, 3, 3, 3, 3, 3, 3, 3, 3, 3, 3, 3, 3, 3, 3, 3, 3, 3, 3, 3, 3, 3, 3, 3, 3, 3, 3, 3, 3, 3, 3, 3, 3, 3, 3, 3, 3, 3, 3, 3, 3, 3, 3, 3, 3, 3, 3, 3, 3, 3, 3, 3, 3, 3, 3, 3, 3, 3, 3, 3, 3, 3, 3, 3, 3, 3, 3, 3, 3, 3, 3, 3, 3, 3, 3, 3, 3, 3, 3, 3, 3, 3, 3, 3, 3, 3, 3, 3, 3, 3, 3, 3, 3, 3, 3, 3, 3, 3, 3, 3, 3, 3, 3, 3, 3, 3, 3, 3, 3, 3, 3, 3, 3, 3, 3, 3, 3, 3, 3, 3, 3, 3, 3, 3, 3, 3, 3, 3, 3, 3, 3, 3, 3, 3, 3, 3, 3, 3, 3, 3, 3, 3, 3, 3, 3, 3, 3, 3, 3, 3, 3, 3, 3, 3, 3, 3, 3, 3, 3, 3, 3, 3, 3, 3, 3, 3, 3, 3, 3, 3, 3, 3, 3, 3, 3, 3, 3, 3, 3, 3, 3, 3, 3, 3, 3, 3, 3, 3, 3, 3, 3, 3, 3, 3, 3, 3, 3, 3, 3, 3, 3, 3, 3, 3, 3, 3, 3, 3, 3, 3, 3, 3, 3, 3, 3, 3, 3, 3, 3, 3, 3, 3, 3, 3, 3, 3, 3, 3, 3, 3, 3, 3, 3, 3, 3, 3, 3, 3, 3, 3, 3, 3, 3, 3, 3, 3, 3, 3, 3, 3, 3, 3, 3, 3, 3, 3, 3, 3, 3, 3, 3, 3, 3, 3, 3, 3, 3, 3, 3, 3, 3, 3, 3, 3, 3, 3, 3, 3, 3, 3, 3, 3, 3, 3, 3, 3, 3, 3, 3, 3, 3, 3, 3, 3, 3, 3, 3, 3, 3, 3, 3, 3, 3, 3, 3, 3, 3, 3, 3, 3, 3, 3, 3, 3, 3, 3, 3, 3, 3, 3, 3, 3, 3, 3, 3, 3, 3, 3, 3, 3, 3, 3, 3, 3, 3, 3, 3, 3, 3, 3, 3, 3, 3, 3, 3, 3, 3, 3, 3, 3, 3, 3, 3, 3, 3, 3, 3, 3, 3, 3, 3, 3, 3, 3, 3, 3, 3, 3, 3, 3, 3, 3, 3, 3, 3, 3, 3, 3, 3, 3, 3, 3, 3, 3, 3, 3, 3, 3, 3, 3, 3, 3, 3, 3, 3, 3, 3, 3, 3, 3, 3, 3, 3, 3, 3, 3, 3, 3, 3, 3, 3, 3, 3, 3, 3, 3, 3, 3, 3, 3, 3, 3, 3, 3, 3, 3, 3, 3, 3, 3, 3, 3, 3, 3, 3, 3, 3, 3, 3, 3, 3, 3, 3, 3, 3, 3, 3, 3, 3, 3, 3, 3, 3, 3, 3, 3, 3, 3, 3, 3, 3, 3, 3, 3, 3, 3, 3, 3, 3, 3, 3, 3, 3, 3, 3, 3, 3, 3, 3, 3, 3, 3, 3, 3, 3, 3, 3, 3, 3, 3, 3, 3, 3, 3, 3, 3, 3, 3, 3, 3, 3, 3, 3, 3, 3, 3, 3, 3, 3, 3, 3, 3, 3, 3, 3, 3, 3, 3, 3, 3, 3, 3, 3, 3, 3, 3, 3, 3, 3, 3, 3, 3, 3, 3, 3, 3, 3, 3, 3, 3, 3, 3, 3, 3, 3, 3, 3, 3, 3, 3, 3, 3, 3, 3, 3, 3, 3, 3, 3, 3, 3, 3, 3, 3, 3, 3, 3, 3, 3, 3, 3, 3, 3, 3, 3, 3, 3, 3, 3, 3, 3, 3, 3, 3, 3, 3, 3, 3, 3, 3, 3, 3, 3, 3, 3, 3, 3, 3, 3, 3, 3, 3, 3, 3, 3, 3, 3, 3, 3, 3, 3, 3, 3, 3, 3, 3, 3, 3, 3, 3, 3, 3, 3, 3, 3, 3, 3, 3, 3, 3, 3, 3, 3, 3, 3, 3, 3, 3, 3, 3, 3, 3, 3, 3, 3, 3, 3, 3, 3, 3, 3, 3, 3, 3, 3, 3, 3, 3, 3, 3, 3, 3, 3, 3, 3, 3, 3, 3, 3, 3, 3, 3, 3, 3, 3, 3, 3, 3, 3, 3, 3, 3, 3, 3, 3, 3, 3, 3, 3, 3, 3, 3, 3, 3, 3, 3, 3, 3, 3, 3, 3, 3, 3, 3, 3, 3, 3, 3, 3, 3, 3, 3, 3, 3, 3, 3, 3, 3, 3, 3, 3, 3, 3, 3, 3, 3, 3, 3, 3, 3, 3, 3, 3, 3, 3, 3, 3, 3, 3, 3, 3, 3, 3, 3, 3, 3, 3, 3, 3, 3, 3, 3, 3, 3, 3, 3, 3, 3, 3, 3, 3, 3, 3, 3, 3, 3, 3, 3, 3, 3, 3, 3, 3, 3, 3, 3, 3, 3, 3, 3, 3, 3, 3, 3, 3, 3, 3, 3, 3, 3, 3, 3, 3, 3, 3, 3, 3, 3, 3, 3, 3, 3, 3, 3, 3, 3, 3, 3, 3, 3, 3, 3, 3, 3, 3, 3, 3, 3, 3, 3, 3, 3, 3, 3, 3, 3, 3, 3, 3, 3, 3, 3, 3, 3, 3, 3, 3, 3, 3, 3, 3, 3, 3, 3, 3, 3, 3, 3, 3, 3, 3, 3, 3, 3, 3, 3, 3, 3, 3, 3, 3, 3, 3, 3, 3, 3, 3, 3, 3, 3, 3, 3, 3, 3, 3, 3, 3, 3, 3, 3, 3, 3, 3, 3, 3, 3, 3, 3, 3, 3, 3, 3, 3, 3, 3, 3, 3, 3, 3, 3, 3, 3, 3, 3, 3, 3, 3, 3, 3, 3, 3, 3, 3, 3, 3, 3, 3, 3, 3, 3, 3, 3, 3, 3, 3, 3, 3, 3, 3, 3, 3, 3, 3, 3, 3, 3, 3, 3, 3, 3, 3, 3, 3, 3, 3, 3, 3, 3, 3, 3, 3, 3, 3, 3, 3, 3, 3, 3, 3, 3, 3, 3, 3, 3, 3, 3, 3, 3, 3, 3, 3, 3, 3, 3, 3, 3, 3, 3, 3, 3, 3, 3, 3, 3, 3, 3, 3, 3, 3, 3, 3, 3, 3, 3, 3, 3, 3, 3, 3, 3, 3, 3, 3, 3, 3, 3, 3, 3, 3, 3, 3, 3, 3, 3, 3, 3, 3, 3, 3, 3, 3, 3, 3, 3, 3, 3, 3, 3, 3, 3, 3, 3, 3, 3, 3, 3, 3, 3, 3, 3, 3, 3, 3, 3, 3, 3, 3, 3, 3, 3, 3, 3, 3, 3, 3, 3, 3, 3, 3, 3, 3, 3, 3, 3, 3, 3, 3, 3, 3, 3, 3, 3, 3, 3, 3, 3, 3, 3, 3, 3, 3, 3, 3, 3, 3, 3, 3, 3, 3, 3, 3, 3, 3, 3, 3, 3, 3, 3, 3, 3, 3, 3, 3, 3, 3, 3, 3, 3, 3, 3, 3, 3, 3, 3, 3, 3, 3, 3, 3, 3, 3, 3, 3, 3, 3, 3, 3, 3, 3, 3, 3, 3, 3, 3, 3, 3, 3, 3, 3, 3, 3, 3, 3, 3, 3, 3, 3, 3, 3, 3, 3, 3, 3, 3, 3, 3, 3, 3, 3, 3, 3, 3, 3, 3, 3, 3, 3, 3, 3, 3, 3, 3, 3, 3, 3, 3, 3, 3, 3, 3, 3, 3, 3, 3, 3, 3, 3, 3, 3, 3, 3, 3, 3, 3, 3, 3, 3, 3, 3, 3, 3, 3, 3, 3, 3, 3, 3, 3, 3, 3, 3, 3, 3, 3, 3, 3, 3, 3, 3, 3, 3, 3, 3, 3, 3, 3, 3, 3, 3, 3, 3, 3, 3, 3, 3, 3, 3, 3, 3, 3, 3, 3, 3, 3, 3, 3, 3, 3, 3, 3, 3, 3, 3, 3, 3, 3, 3, 3, 3, 3, 3, 3, 3, 3, 3, 3, 3, 3, 3, 3, 3, 3, 3, 3, 3, 3, 3, 3, 3, 3, 3, 3, 3, 3, 3, 3, 3, 3, 3, 3, 3, 3, 3, 3, 3, 3, 3, 3, 3, 3, 3, 3, 3, 3, 3, 3, 3, 3, 3, 3, 3, 3, 3, 3, 3, 3, 3, 3, 3, 3, 3, 3, 3, 3, 3, 3, 3, 3, 3, 3, 3, 3, 3, 3, 3, 3, 3, 3, 3, 3, 3, 3, 3, 3, 3, 3, 3, 3, 3, 3, 3, 3, 3, 3, 3, 3, 3, 3, 3, 3, 3, 3, 3, 3, 3, 3, 3, 3, 3, 3, 3, 3, 3, 3, 3, 3, 3, 3, 3, 3, 3, 3, 3, 3, 3, 3, 3, 3, 3, 3, 3, 3, 3, 3, 3, 3, 3, 3, 3, 3, 3, 3, 3, 3, 3, 3, 3, 3, 3, 3, 3, 3, 3, 3, 3, 3, 3, 3, 3, 3, 3, 3, 3, 3, 3, 3, 3, 3, 3, 3, 3, 3, 3, 3, 3, 3, 3, 3, 3, 3, 3, 3, 3, 3, 3, 3, 3, 3, 3, 3, 3, 3, 3, 3, 3, 3, 3, 3, 3, 3, 3, 3, 3, 3, 3, 3, 3, 3, 3, 3, 3, 3, 3, 3, 3, 3, 3, 3, 3, 3, 3, 3, 3, 3, 3, 3, 3, 3, 3, 3, 3, 3, 3, 3, 3, 3, 3, 3, 3, 3, 3, 3, 3, 3, 3, 3, 3, 3, 3, 3, 3, 3, 3, 3, 3, 3, 3, 3, 3, 3, 3, 3, 3, 3, 3, 3, 3, 3, 3, 3, 3, 3, 3, 3, 3, 3, 3, 3, 3, 3, 3, 3, 3, 3, 3, 3, 3, 3, 3, 3, 3, 3, 3, 3, 3, 3, 3, 3, 3, 3, 3, 3, 3, 3, 3, 3, 3, 3, 3, 3, 3, 3, 3, 3, 3, 3, 3, 3, 3, 3, 3, 3, 3, 3, 3, 3, 3, 3, 3, 3, 3, 3, 3, 3, 3, 3, 3, 3, 3, 3, 3, 3, 3, 3, 3, 3, 3, 3, 3, 3, 3, 3, 3, 3, 3, 3, 3, 3, 3, 3, 3, 3, 3, 3, 3, 3, 3, 3, 3, 3, 3, 3, 3, 3, 3, 3, 3, 3, 3, 3, 3, 3, 3, 3, 3, 3, 3, 3, 3, 3, 3, 3, 3, 3, 3, 3, 3, 3, 3, 3, 3, 3, 3, 3, 3, 3, 3, 3, 3, 3, 3, 3, 3, 3, 3, 3, 3, 3, 3, 3, 3, 3, 3, 3, 3, 3, 3, 3, 3, 3, 3, 3, 3, 3, 3, 3, 3, 3, 3, 3, 3, 3, 3, 3, 3, 3, 3, 3, 3, 3, 3, 3, 3, 3, 3, 3, 3, 3, 3, 3, 3, 3, 3, 3, 3, 3, 3, 3, 3, 3, 3, 3, 3, 3, 3, 3, 3, 3, 3, 3, 3, 3, 3, 3, 3, 3, 3, 3, 3, 3, 3, 3, 3, 3, 3, 3, 3, 3, 3, 3, 3, 3, 3, 3, 3, 3, 3, 3, 3, 3, 3, 3, 3, 3, 3, 3, 3, 3, 3, 3, 3, 3, 3, 3, 3, 3, 3, 3, 3, 3, 3, 3, 3, 3, 3, 3, 3, 3, 3, 3, 3, 3, 3, 3, 3, 3, 3, 3, 3, 3, 3, 3, 3, 3, 3, 3, 3, 3, 3, 3, 3, 3, 3, 3, 3, 3, 3, 3, 3, 3, 3, 3, 3, 3, 3, 3, 3, 3, 3, 3, 3, 3, 3, 3, 3, 3, 3, 3, 3, 3, 3, 3, 3, 3, 3, 3, 3, 3, 3, 3, 3, 3, 3, 3, 3, 3, 3, 3, 3, 3, 3, 3, 3, 3, 3, 3, 3, 3, 3, 3, 3, 3, 3, 3, 3, 3, 3, 3, 3, 3, 3, 3, 3, 3, 3, 3, 3, 3, 3, 3, 3, 3, 3, 3, 3, 3, 3, 3, 3, 3, 3, 3, 3, 3, 3, 3, 3, 3, 3, 3, 3, 3, 3, 3, 3, 3, 3, 3, 3, 3, 3, 3, 3, 3, 3, 3, 3, 3, 3, 3, 3, 3, 3, 3, 3, 3, 3, 3, 3, 3, 3, 3, 3, 3, 3, 3, 3, 3, 3, 3, 3, 3, 3, 3, 3, 3, 3, 3, 3, 3, 3, 3, 3, 3, 3, 3, 3, 3, 3, 3, 3, 3, 3, 3, 3, 3, 3, 3, 3, 3, 3, 3, 3, 3, 3, 3, 3, 3, 3, 3, 3, 3, 3, 3, 3, 3, 3, 3, 3, 3, 3, 3, 3, 3, 3, 3, 3, 3, 3, 3, 3, 3, 3, 3, 3, 3, 3, 3, 3, 3, 3, 3, 3, 3, 3, 3, 3, 3, 3, 3, 3, 3, 3, 3, 3, 3, 3, 3, 3, 3, 3, 3, 3, 3, 3, 3, 3, 3, 3, 3, 3, 3, 3, 3, 3, 3, 3, 3, 3, 3, 3, 3, 3, 3, 3, 3, 3, 3, 3, 3, 3, 3, 3, 3, 3, 3, 3, 3, 3, 3, 3, 3, 3, 3, 3, 3, 3, 3, 3, 3, 3, 3, 3, 3, 3, 3, 3, 3, 3, 3, 3, 3, 3, 3, 3, 3, 3, 3, 3, 3, 3, 3, 3, 3, 3, 3, 3, 3, 3, 3, 3, 3, 3, 3, 3, 3, 3, 3, 3, 3, 3, 3, 3, 3, 3, 3, 3, 3, 3, 3, 3, 3, 3, 3, 3, 3, 3, 3, 3, 3, 3, 3, 3, 3, 3, 3, 3, 3, 3, 3, 3, 3, 3, 3, 3, 3, 3, 3, 3, 3, 3, 3, 3, 3, 3, 3, 3, 3, 3, 3, 3, 3, 3, 3, 3, 3, 3, 3, 3, 3, 3, 3, 3, 3, 3, 3, 3, 3, 3, 3, 3, 3, 3, 3, 3, 3, 3, 3, 3, 3, 3, 3, 3, 3, 3, 3, 3, 3, 3, 3, 3, 3, 3, 3, 3, 3, 3, 3, 3, 3, 3, 3, 3, 3, 3, 3, 3, 3, 3, 3, 3, 3, 3, 3, 3, 3, 3, 3, 3, 3, 3, 3, 3, 3, 3, 3, 3, 3, 3, 3, 3, 3, 3, 3, 3, 3, 3, 3, 3, 3, 3, 3, 3, 3, 3, 3, 3, 3, 3, 3, 3, 3, 3, 3, 3, 3, 3, 3, 3, 3, 3, 3, 3, 3, 3, 3, 3, 3, 3, 3, 3, 3, 3, 3, 3, 3, 3, 3, 3, 3, 3, 3, 3, 3, 3, 3, 3, 3, 3, 3, 3, 3, 3, 3, 3, 3, 3, 3, 3, 3, 3, 3, 3, 3, 3, 3, 3, 3, 3, 3, 3, 3, 3, 3, 3, 3, 3, 3, 3, 3, 3, 3, 3, 3, 3, 3, 3, 3, 3, 3, 3, 3, 3, 3, 3, 3, 3, 3, 3, 3, 3, 3, 3, 3, 3, 3, 3, 3, 3, 3, 3, 3, 3, 3, 3, 3, 3, 3, 3, 3, 3, 3, 3, 3, 3, 3, 3, 3, 3, 3, 3, 3, 3, 3, 3, 3, 3, 3, 3, 3, 3, 3, 3, 3, 3, 3, 3, 3, 3, 3, 3, 3, 3, 3, 3, 3, 3, 3, 3, 3, 3, 3, 3, 3, 3, 3, 3, 3, 3, 3, 3, 3, 3, 3, 3, 3, 3, 3, 3, 3, 3, 3, 3, 3, 3, 3, 3, 3, 3, 3, 3, 3, 3, 3, 3, 3, 3, 3, 3, 3, 3, 3, 3, 3, 3, 3, 3, 3, 3, 3, 3, 3, 3, 3, 3, 3, 3, 3, 3, 3, 3, 3, 3, 3, 3, 3, 3, 3, 3, 3, 3, 3, 3, 3, 3, 3, 3, 3, 3, 3, 3, 3, 3, 3, 3, 3, 3, 3, 3, 3, 3, 3, 3, 3, 3, 3, 3, 3, 3, 3, 3, 3, 3, 3, 3, 3, 3, 3, 3, 3, 3, 3, 3, 3, 3, 3, 3, 3, 3, 3, 3, 3, 3, 3, 3, 3, 3, 3, 3, 3]
        int[] faceVertexIndices = [4, 5, 6, 6, 7, 4, 10, 11, 12, 12, 13, 10, 14, 11, 10, 10, 15, 14, 861, 760, 921, 921, 864, 861, 123, 819, 818, 716, 641, 946, 946, 900, 716, 66, 65, 899, 899, 893, 66, 823, 372, 722, 0, 1, 2, 2, 3, 0, 24, 25, 26, 26, 27, 24, 28, 29, 30, 30, 31, 28, 30, 29, 32, 32, 33, 30, 34, 35, 36, 36, 37, 34, 915, 810, 811, 811, 822, 915, 972, 412, 936, 936, 161, 972, 16, 17, 18, 18, 19, 16, 20, 21, 22, 22, 23, 20, 781, 728, 745, 788, 823, 824, 824, 446, 788, 831, 832, 833, 833, 834, 831, 588, 578, 579, 579, 351, 588, 756, 281, 835, 70, 581, 668, 668, 667, 70, 67, 70, 667, 667, 499, 67, 339, 555, 636, 636, 635, 339, 722, 824, 823, 745, 744, 781, 560, 416, 826, 826, 827, 560, 828, 815, 204, 204, 206, 828, 552, 829, 14, 14, 15, 552, 25, 24, 212, 212, 469, 25, 42, 43, 44, 44, 45, 42, 823, 788, 791, 791, 373, 823, 990, 817, 820, 820, 48, 990, 69, 137, 634, 634, 582, 69, 435, 453, 848, 192, 216, 219, 219, 845, 192, 358, 357, 792, 792, 652, 358, 137, 756, 836, 836, 634, 137, 849, 650, 301, 482, 816, 697, 6, 5, 471, 471, 42, 6, 50, 49, 842, 842, 376, 50, 813, 701, 702, 702, 503, 813, 848, 432, 435, 353, 352, 414, 414, 578, 353, 832, 291, 313, 846, 77, 76, 76, 572, 846, 618, 484, 814, 814, 815, 618, 697, 481, 482, 894, 948, 427, 427, 426, 894, 284, 910, 672, 672, 669, 284, 55, 56, 57, 57, 58, 55, 59, 60, 61, 61, 62, 59, 802, 850, 532, 321, 498, 592, 541, 693, 692, 692, 808, 541, 531, 706, 708, 708, 532, 531, 764, 680, 679, 679, 809, 764, 281, 756, 755, 59, 496, 151, 151, 150, 59, 810, 76, 79, 79, 811, 810, 640, 23, 231, 231, 230, 640, 532, 708, 802, 63, 64, 65, 65, 66, 63, 649, 967, 965, 965, 302, 649, 851, 852, 775, 775, 549, 851, 74, 559, 52, 755, 794, 281, 301, 270, 849, 273, 272, 666, 666, 433, 273, 313, 833, 832, 914, 752, 698, 698, 571, 914, 221, 423, 246, 246, 222, 221, 561, 560, 827, 715, 714, 856, 856, 857, 715, 858, 348, 351, 351, 502, 858, 592, 318, 321, 327, 864, 865, 865, 328, 327, 548, 547, 567, 739, 732, 731, 731, 740, 739, 882, 917, 932, 932, 295, 882, 586, 585, 853, 853, 854, 586, 827, 855, 561, 69, 70, 67, 904, 945, 584, 584, 583, 904, 707, 695, 697, 697, 984, 707, 705, 696, 695, 695, 706, 705, 567, 566, 548, 612, 699, 754, 754, 786, 612, 52, 51, 74, 801, 707, 984, 984, 956, 801, 404, 403, 449, 449, 72, 404, 67, 68, 69, 985, 450, 973, 973, 743, 985, 163, 152, 151, 493, 866, 867, 867, 868, 493, 554, 314, 317, 317, 869, 554, 876, 720, 80, 488, 680, 297, 297, 296, 488, 73, 74, 51, 51, 75, 73, 76, 77, 78, 78, 79, 76, 790, 959, 990, 990, 791, 790, 652, 379, 861, 861, 653, 652, 862, 477, 463, 463, 462, 862, 262, 116, 685, 685, 177, 262, 593, 867, 62, 62, 61, 593, 803, 799, 804, 804, 805, 803, 361, 730, 806, 806, 362, 361, 126, 710, 704, 704, 127, 126, 729, 611, 859, 859, 860, 729, 455, 287, 286, 911, 910, 143, 143, 142, 911, 827, 826, 303, 303, 576, 827, 151, 160, 163, 278, 794, 795, 795, 796, 278, 77, 83, 84, 84, 78, 77, 85, 86, 87, 87, 88, 85, 89, 90, 91, 91, 92, 89, 93, 94, 95, 286, 341, 455, 708, 707, 801, 801, 802, 708, 367, 547, 396, 396, 364, 367, 577, 870, 871, 871, 576, 577, 872, 577, 873, 873, 874, 872, 80, 750, 876, 720, 734, 735, 735, 168, 720, 842, 877, 377, 377, 376, 842, 753, 458, 878, 353, 587, 240, 240, 239, 353, 111, 112, 113, 255, 846, 572, 735, 623, 701, 701, 793, 735, 56, 55, 102, 102, 101, 56, 883, 131, 884, 884, 885, 883, 97, 98, 99, 99, 100, 97, 101, 102, 103, 103, 104, 101, 105, 101, 104, 104, 106, 105, 107, 108, 109, 109, 110, 107, 437, 436, 879, 875, 745, 728, 728, 727, 875, 197, 991, 992, 992, 195, 197, 195, 992, 638, 638, 230, 195, 95, 96, 93, 200, 797, 688, 688, 201, 200, 878, 830, 753, 116, 115, 207, 207, 685, 116, 878, 458, 461, 461, 190, 878, 879, 880, 437, 800, 637, 2, 786, 787, 613, 613, 612, 786, 788, 789, 790, 632, 631, 387, 387, 887, 632, 619, 622, 430, 430, 429, 619, 813, 889, 793, 790, 791, 788, 357, 47, 50, 50, 792, 357, 491, 886, 655, 655, 492, 491, 572, 256, 255, 2, 812, 800, 117, 118, 115, 119, 111, 114, 114, 120, 119, 218, 217, 828, 828, 244, 218, 884, 746, 448, 448, 888, 884, 793, 701, 813, 295, 294, 658, 658, 882, 295, 909, 911, 142, 142, 147, 909, 659, 658, 294, 294, 969, 659, 113, 114, 111, 115, 116, 117, 832, 831, 895, 483, 539, 542, 542, 484, 483, 381, 380, 396, 396, 547, 381, 854, 853, 901, 901, 405, 854, 403, 417, 420, 876, 564, 893, 893, 734, 876, 593, 332, 805, 805, 898, 593, 893, 899, 624, 426, 569, 83, 83, 894, 426, 895, 292, 832, 124, 125, 126, 126, 127, 124, 128, 129, 130, 130, 131, 128, 896, 897, 761, 761, 261, 896, 487, 737, 678, 678, 488, 487, 620, 221, 220, 220, 621, 620, 700, 135, 444, 444, 890, 700, 661, 844, 891, 891, 662, 661, 439, 359, 906, 906, 958, 439, 775, 485, 776, 776, 777, 775, 740, 731, 778, 778, 247, 740, 576, 871, 855, 855, 827, 576, 906, 651, 326, 326, 737, 906, 525, 780, 779, 555, 554, 869, 869, 636, 555, 867, 593, 898, 898, 904, 867, 902, 903, 422, 422, 421, 902, 425, 548, 566, 68, 136, 137, 137, 69, 68, 138, 139, 140, 140, 141, 138, 418, 417, 986, 908, 909, 147, 147, 146, 908, 779, 522, 525, 420, 449, 403, 624, 734, 893, 900, 872, 874, 874, 717, 900, 70, 69, 582, 582, 581, 70, 132, 133, 134, 134, 135, 132, 914, 570, 915, 915, 459, 914, 252, 251, 765, 765, 766, 252, 767, 535, 538, 538, 46, 767, 269, 896, 261, 261, 209, 269, 774, 250, 265, 910, 911, 647, 647, 672, 910, 451, 150, 153, 153, 360, 451, 335, 908, 897, 897, 896, 335, 566, 426, 425, 454, 453, 591, 768, 769, 770, 770, 771, 768, 328, 772, 773, 773, 325, 328, 180, 198, 199, 199, 181, 180, 265, 264, 774, 142, 143, 144, 144, 145, 142, 146, 147, 148, 148, 149, 146, 953, 952, 808, 986, 275, 418, 617, 213, 344, 344, 628, 617, 276, 920, 874, 874, 873, 276, 158, 21, 575, 575, 918, 158, 342, 213, 215, 215, 57, 342, 777, 776, 919, 919, 382, 777, 913, 917, 916, 591, 913, 454, 374, 47, 357, 357, 356, 374, 621, 220, 758, 758, 759, 621, 866, 496, 59, 59, 62, 866, 424, 977, 536, 56, 343, 342, 342, 57, 56, 978, 980, 521, 521, 409, 978, 680, 764, 500, 500, 297, 680, 916, 454, 913, 899, 780, 912, 912, 624, 899, 806, 730, 935, 935, 883, 806, 808, 692, 953, 150, 151, 152, 152, 153, 150, 536, 421, 424, 217, 618, 815, 815, 828, 217, 752, 914, 459, 459, 458, 752, 409, 751, 630, 630, 410, 409, 752, 753, 754, 754, 698, 752, 436, 128, 860, 136, 755, 756, 756, 137, 136, 923, 829, 924, 515, 4, 17, 17, 16, 515, 929, 930, 816, 931, 523, 522, 809, 679, 773, 773, 966, 809, 863, 12, 11, 829, 552, 505, 366, 365, 925, 868, 904, 583, 583, 922, 868, 860, 859, 436, 992, 991, 885, 885, 981, 992, 154, 155, 156, 156, 157, 154, 21, 158, 159, 159, 22, 21, 160, 161, 162, 162, 163, 160, 864, 327, 653, 933, 312, 290, 23, 22, 602, 602, 600, 23, 497, 258, 625, 625, 643, 497, 210, 939, 466, 474, 611, 729, 654, 934, 655, 657, 656, 733, 273, 433, 432, 147, 142, 145, 145, 148, 147, 590, 807, 591, 917, 783, 932, 653, 861, 864, 549, 775, 777, 777, 381, 549, 182, 262, 177, 177, 176, 182, 699, 132, 135, 135, 700, 699, 841, 821, 927, 927, 539, 841, 516, 518, 228, 228, 229, 516, 925, 514, 366, 543, 926, 553, 229, 119, 470, 470, 471, 229, 192, 845, 940, 940, 193, 192, 506, 553, 926, 926, 928, 506, 748, 386, 711, 711, 614, 748, 749, 31, 30, 30, 33, 749, 94, 363, 690, 690, 95, 94, 305, 277, 873, 873, 306, 305, 883, 885, 991, 991, 806, 883, 470, 119, 120, 120, 442, 470, 941, 34, 37, 37, 863, 941, 271, 772, 664, 664, 272, 271, 168, 169, 39, 39, 38, 168, 172, 173, 174, 174, 175, 172, 850, 802, 63, 63, 563, 850, 729, 473, 474, 936, 354, 616, 616, 615, 936, 860, 935, 730, 730, 729, 860, 118, 618, 217, 217, 216, 118, 857, 308, 307, 100, 103, 102, 740, 246, 738, 390, 107, 110, 110, 512, 390, 603, 942, 725, 942, 87, 86, 88, 113, 112, 943, 629, 604, 40, 392, 206, 466, 211, 210, 379, 378, 760, 760, 861, 379, 727, 925, 365, 919, 944, 382, 383, 472, 1, 102, 97, 100, 307, 964, 963, 34, 941, 923, 923, 924, 34, 528, 170, 741, 741, 529, 528, 742, 743, 744, 744, 745, 742, 206, 41, 40, 125, 124, 9, 9, 8, 125, 789, 788, 446, 446, 445, 789, 158, 937, 938, 938, 159, 158, 35, 178, 179, 963, 857, 307, 295, 932, 290, 290, 289, 295, 905, 798, 949, 804, 825, 805, 898, 945, 904, 901, 457, 405, 502, 370, 858, 946, 907, 900, 939, 987, 954, 954, 125, 939, 738, 739, 740, 872, 870, 577, 562, 847, 415, 265, 250, 249, 947, 428, 427, 427, 948, 947, 191, 192, 193, 193, 194, 191, 195, 196, 90, 90, 197, 195, 198, 28, 31, 31, 199, 198, 976, 878, 190, 190, 189, 976, 604, 603, 943, 179, 36, 35, 178, 35, 180, 180, 181, 178, 182, 183, 184, 184, 185, 182, 186, 187, 121, 121, 188, 186, 737, 326, 325, 325, 678, 737, 622, 789, 445, 445, 430, 622, 248, 950, 763, 763, 951, 248, 702, 224, 227, 227, 138, 702, 418, 595, 598, 598, 419, 418, 664, 733, 656, 656, 665, 664, 734, 624, 623, 623, 735, 734, 718, 717, 736, 736, 349, 718, 599, 401, 196, 608, 607, 486, 384, 385, 797, 797, 839, 384, 684, 228, 518, 518, 726, 684, 373, 48, 47, 47, 374, 373, 365, 875, 727, 200, 201, 202, 202, 203, 200, 204, 205, 41, 41, 206, 204, 849, 273, 432, 432, 848, 849, 196, 231, 599, 559, 558, 52, 462, 53, 52, 718, 719, 716, 720, 168, 38, 38, 80, 720, 45, 44, 235, 235, 384, 45, 77, 846, 894, 31, 927, 821, 724, 725, 726, 726, 518, 724, 542, 541, 808, 808, 814, 542, 31, 749, 927, 841, 539, 483, 894, 83, 77, 85, 684, 726, 115, 191, 194, 194, 207, 115, 24, 210, 211, 211, 212, 24, 837, 951, 818, 818, 817, 837, 821, 199, 31, 375, 374, 356, 356, 438, 375, 372, 375, 723, 723, 722, 372, 473, 729, 730, 730, 361, 473, 486, 852, 608, 726, 86, 85, 35, 34, 924, 168, 735, 793, 793, 169, 168, 24, 27, 210, 851, 548, 425, 876, 734, 720, 624, 912, 225, 550, 226, 225, 258, 497, 304, 304, 259, 258, 714, 715, 323, 323, 676, 714, 716, 717, 718, 219, 544, 845, 243, 245, 545, 924, 180, 35, 668, 580, 282, 402, 986, 417, 417, 403, 402, 75, 186, 609, 952, 953, 205, 205, 204, 952, 954, 126, 125, 480, 482, 481, 115, 118, 191, 542, 814, 484, 952, 204, 815, 385, 238, 694, 694, 527, 385, 244, 392, 245, 213, 214, 172, 172, 215, 213, 64, 779, 65, 425, 428, 851, 439, 958, 713, 713, 440, 439, 223, 951, 837, 704, 710, 609, 609, 479, 704, 215, 172, 175, 605, 608, 947, 702, 138, 503, 793, 889, 169, 813, 503, 903, 682, 508, 507, 507, 201, 682, 780, 899, 65, 63, 66, 563, 759, 758, 959, 959, 790, 759, 980, 978, 639, 949, 319, 646, 646, 645, 949, 508, 105, 106, 106, 509, 508, 947, 254, 605, 614, 711, 133, 133, 132, 614, 955, 705, 686, 347, 404, 72, 72, 71, 347, 956, 522, 779, 65, 779, 780, 282, 669, 668, 423, 738, 246, 740, 247, 246, 435, 591, 453, 916, 917, 882, 280, 324, 835, 701, 623, 224, 224, 702, 701, 136, 68, 311, 961, 912, 780, 758, 837, 959, 823, 373, 372, 48, 820, 49, 840, 842, 49, 257, 681, 269, 269, 268, 257, 535, 421, 536, 632, 979, 411, 216, 217, 218, 218, 219, 216, 220, 221, 222, 222, 223, 220, 224, 225, 226, 226, 227, 224, 780, 525, 961, 175, 232, 215, 613, 957, 748, 748, 614, 613, 858, 370, 642, 642, 719, 858, 340, 968, 649, 649, 341, 340, 411, 410, 632, 196, 195, 230, 232, 175, 233, 233, 234, 232, 235, 236, 237, 237, 238, 235, 57, 215, 232, 232, 58, 57, 239, 240, 241, 791, 990, 48, 48, 373, 791, 903, 503, 504, 504, 422, 903, 639, 638, 980, 228, 111, 119, 119, 229, 228, 230, 231, 196, 888, 448, 447, 447, 519, 888, 961, 757, 551, 551, 550, 961, 358, 652, 651, 759, 790, 789, 406, 502, 579, 579, 407, 406, 311, 703, 136, 127, 704, 696, 696, 705, 127, 706, 695, 707, 707, 708, 706, 143, 709, 298, 298, 144, 143, 792, 379, 652, 809, 299, 965, 324, 323, 715, 238, 237, 171, 171, 694, 238, 695, 696, 481, 481, 697, 695, 835, 281, 280, 291, 832, 292, 865, 733, 328, 554, 556, 659, 659, 314, 554, 270, 273, 849, 766, 645, 962, 962, 252, 766, 964, 835, 963, 965, 764, 809, 251, 252, 249, 25, 475, 546, 546, 26, 25, 244, 828, 206, 283, 709, 284, 698, 699, 700, 700, 571, 698, 653, 327, 326, 241, 242, 239, 979, 632, 887, 887, 957, 979, 243, 218, 244, 244, 245, 243, 222, 246, 247, 247, 248, 222, 249, 250, 251, 844, 661, 674, 674, 673, 844, 284, 669, 282, 668, 581, 580, 967, 649, 968, 299, 302, 965, 85, 88, 112, 112, 684, 85, 202, 507, 510, 510, 691, 202, 146, 897, 908, 916, 882, 594, 594, 288, 916, 335, 334, 908, 910, 284, 709, 709, 143, 910, 257, 258, 259, 259, 260, 257, 880, 879, 233, 963, 835, 324, 324, 715, 963, 301, 300, 270, 567, 367, 689, 689, 568, 567, 715, 857, 963, 310, 655, 886, 490, 155, 580, 206, 392, 244, 532, 850, 167, 167, 166, 532, 253, 254, 255, 255, 256, 253, 260, 677, 681, 682, 683, 628, 628, 627, 682, 772, 271, 966, 966, 773, 772, 646, 671, 672, 672, 647, 646, 660, 315, 969, 185, 263, 262, 264, 265, 266, 266, 267, 264, 268, 269, 209, 209, 208, 268, 252, 962, 337, 337, 249, 252, 681, 257, 260, 848, 650, 849, 474, 93, 98, 98, 610, 474, 183, 178, 181, 181, 184, 183, 271, 270, 300, 300, 966, 271, 262, 182, 185, 227, 468, 139, 139, 138, 227, 686, 531, 533, 533, 687, 686, 527, 526, 683, 683, 688, 527, 292, 293, 289, 658, 594, 882, 335, 896, 336, 643, 596, 497, 161, 160, 972, 495, 494, 972, 667, 668, 669, 669, 670, 667, 671, 670, 669, 669, 672, 671, 673, 674, 675, 675, 676, 673, 355, 677, 266, 266, 338, 355, 488, 678, 679, 679, 680, 488, 949, 645, 766, 962, 334, 337, 276, 277, 274, 924, 829, 198, 198, 180, 924, 830, 878, 976, 976, 937, 830, 844, 279, 960, 960, 891, 844, 826, 304, 303, 969, 970, 660, 322, 280, 279, 278, 281, 794, 299, 809, 966, 966, 300, 299, 270, 271, 272, 272, 273, 270, 274, 275, 276, 589, 494, 922, 276, 873, 277, 718, 349, 348, 345, 240, 587, 762, 818, 951, 20, 23, 640, 90, 89, 197, 361, 94, 473, 840, 122, 877, 877, 842, 840, 566, 569, 426, 76, 810, 572, 272, 664, 665, 665, 666, 272, 351, 579, 502, 405, 408, 854, 881, 540, 749, 233, 843, 880, 278, 279, 280, 280, 281, 278, 282, 154, 283, 283, 284, 282, 285, 286, 287, 287, 288, 285, 431, 595, 274, 404, 347, 346, 345, 349, 346, 306, 873, 577, 900, 717, 716, 338, 266, 265, 415, 416, 560, 749, 33, 881, 976, 938, 937, 951, 763, 762, 526, 529, 617, 341, 649, 650, 650, 455, 341, 651, 652, 653, 653, 326, 651, 310, 309, 654, 658, 659, 556, 556, 594, 658, 98, 97, 610, 343, 105, 627, 507, 202, 201, 771, 770, 606, 606, 605, 771, 752, 458, 753, 247, 778, 950, 950, 248, 247, 444, 443, 769, 769, 768, 444, 289, 290, 291, 291, 292, 289, 183, 182, 176, 176, 511, 183, 660, 661, 662, 662, 663, 660, 495, 151, 496, 973, 744, 743, 974, 875, 975, 366, 689, 367, 846, 255, 948, 948, 894, 846, 860, 128, 935, 977, 424, 620, 620, 619, 977, 884, 888, 885, 359, 358, 651, 651, 906, 359, 230, 638, 639, 639, 640, 230, 233, 879, 234, 596, 643, 644, 644, 597, 596, 645, 646, 647, 647, 648, 645, 694, 528, 527, 814, 808, 952, 952, 815, 814, 354, 936, 412, 289, 293, 294, 294, 295, 289, 564, 563, 66, 66, 893, 564, 920, 736, 717, 717, 874, 920, 58, 232, 234, 654, 655, 310, 564, 876, 750, 750, 565, 564, 938, 976, 189, 189, 534, 938, 724, 518, 517, 471, 43, 42, 412, 352, 354, 158, 918, 937, 887, 748, 957, 397, 1, 0, 395, 982, 975, 982, 0, 983, 3, 2, 637, 637, 331, 3, 768, 771, 253, 693, 541, 540, 612, 132, 699, 786, 754, 753, 754, 699, 698, 890, 571, 700, 914, 571, 570, 978, 409, 400, 979, 575, 411, 305, 306, 303, 307, 308, 309, 309, 310, 307, 710, 73, 75, 75, 609, 710, 393, 478, 477, 519, 521, 980, 540, 881, 693, 55, 58, 610, 175, 174, 843, 843, 233, 175, 964, 886, 836, 836, 835, 964, 299, 300, 301, 301, 302, 299, 303, 304, 305, 349, 736, 402, 549, 548, 851, 567, 547, 367, 777, 382, 381, 43, 442, 721, 721, 44, 43, 694, 171, 170, 170, 528, 694, 889, 813, 903, 903, 902, 889, 424, 423, 221, 221, 620, 424, 867, 904, 868, 493, 496, 866, 866, 62, 867, 402, 346, 349, 316, 317, 314, 318, 319, 320, 320, 321, 318, 322, 323, 324, 324, 280, 322, 941, 863, 11, 11, 923, 941, 203, 202, 691, 967, 968, 574, 574, 573, 967, 947, 608, 428, 980, 981, 519, 477, 862, 393, 291, 290, 312, 312, 313, 291, 314, 315, 316, 826, 416, 259, 259, 304, 826, 766, 765, 905, 905, 949, 766, 322, 673, 676, 676, 323, 322, 256, 571, 890, 890, 253, 256, 929, 816, 482, 637, 803, 331, 331, 330, 3, 742, 330, 743, 688, 797, 385, 385, 527, 688, 214, 633, 173, 173, 172, 214, 122, 840, 819, 984, 697, 816, 816, 931, 984, 491, 490, 582, 582, 634, 491, 859, 234, 879, 879, 436, 859, 482, 81, 929, 691, 465, 203, 325, 326, 327, 327, 328, 325, 329, 330, 331, 331, 332, 329, 412, 972, 494, 494, 413, 412, 819, 123, 122, 935, 128, 131, 131, 883, 935, 627, 628, 344, 344, 343, 627, 517, 515, 16, 16, 629, 517, 887, 387, 386, 386, 748, 887, 854, 408, 589, 589, 586, 854, 332, 331, 803, 803, 805, 332, 389, 200, 203, 203, 108, 389, 234, 859, 611, 611, 58, 234, 857, 856, 971, 971, 308, 857, 569, 568, 369, 369, 368, 569, 410, 630, 631, 631, 632, 410, 681, 336, 896, 896, 269, 681, 495, 972, 160, 160, 151, 495, 333, 334, 335, 335, 336, 333, 249, 337, 338, 338, 265, 249, 339, 340, 341, 341, 286, 339, 117, 484, 618, 618, 118, 117, 955, 686, 687, 687, 391, 955, 568, 689, 513, 513, 369, 568, 939, 125, 8, 610, 58, 611, 187, 186, 54, 53, 464, 747, 747, 54, 53, 627, 105, 508, 508, 682, 627, 633, 214, 529, 617, 529, 214, 214, 213, 617, 8, 466, 939, 619, 620, 621, 621, 622, 619, 623, 624, 225, 225, 224, 623, 625, 268, 208, 208, 626, 625, 54, 747, 187, 342, 343, 344, 344, 213, 342, 684, 112, 111, 111, 228, 684, 364, 396, 395, 395, 975, 364, 362, 806, 991, 991, 197, 362, 628, 683, 526, 742, 974, 983, 983, 330, 742, 438, 356, 359, 359, 439, 438, 605, 606, 607, 607, 608, 605, 609, 186, 188, 42, 45, 838, 838, 6, 42, 345, 346, 347, 347, 240, 345, 454, 916, 288, 288, 287, 454, 406, 405, 457, 457, 371, 406, 329, 985, 743, 719, 642, 641, 641, 716, 719, 525, 524, 757, 757, 961, 525, 529, 741, 633, 917, 913, 784, 784, 783, 917, 611, 474, 610, 612, 613, 614, 614, 132, 612, 543, 553, 552, 552, 15, 543, 986, 402, 736, 736, 920, 986, 743, 330, 329, 19, 604, 629, 29, 506, 928, 928, 32, 29, 686, 705, 706, 706, 531, 686, 956, 984, 931, 931, 522, 956, 7, 6, 838, 394, 393, 862, 332, 593, 61, 61, 329, 332, 288, 594, 556, 556, 285, 288, 595, 596, 597, 597, 598, 595, 629, 16, 19, 886, 491, 634, 634, 836, 886, 124, 955, 391, 391, 9, 124, 22, 159, 601, 601, 602, 22, 64, 801, 956, 956, 779, 64, 188, 479, 609, 526, 617, 628, 348, 349, 350, 350, 351, 348, 352, 353, 239, 239, 354, 352, 422, 504, 738, 738, 423, 422, 927, 749, 540, 540, 539, 927, 27, 559, 74, 74, 987, 27, 398, 400, 411, 411, 575, 398, 576, 303, 306, 306, 577, 576, 578, 588, 587, 589, 408, 413, 413, 494, 589, 363, 89, 92, 92, 690, 363, 558, 862, 462, 462, 52, 558, 862, 558, 394, 355, 338, 333, 356, 357, 358, 358, 359, 356, 677, 260, 267, 267, 266, 677, 981, 885, 888, 888, 519, 981, 587, 353, 578, 838, 388, 7, 435, 434, 590, 590, 591, 435, 499, 592, 498, 498, 165, 499, 975, 875, 365, 365, 364, 975, 333, 336, 355, 785, 537, 536, 898, 805, 825, 825, 945, 898, 414, 413, 408, 408, 407, 414, 68, 67, 164, 164, 311, 68, 848, 453, 455, 185, 841, 483, 483, 263, 185, 948, 255, 254, 254, 947, 948, 968, 340, 988, 988, 574, 968, 931, 816, 930, 930, 523, 931, 546, 545, 557, 557, 26, 546, 897, 146, 149, 149, 761, 897, 965, 967, 573, 573, 501, 965, 361, 362, 363, 363, 94, 361, 578, 414, 407, 407, 579, 578, 490, 580, 581, 581, 582, 490, 583, 584, 585, 585, 586, 583, 850, 563, 456, 456, 167, 850, 565, 456, 563, 566, 567, 568, 568, 569, 566, 985, 329, 61, 61, 60, 985, 275, 986, 920, 920, 276, 275, 932, 783, 933, 372, 373, 374, 374, 375, 372, 334, 648, 909, 911, 909, 648, 648, 647, 911, 560, 561, 562, 562, 415, 560, 563, 564, 565, 677, 355, 336, 340, 339, 635, 635, 988, 340, 536, 977, 785, 724, 517, 629, 629, 943, 724, 364, 365, 366, 366, 367, 364, 455, 650, 848, 865, 989, 657, 657, 733, 865, 570, 571, 256, 256, 572, 570, 744, 973, 782, 782, 781, 744, 336, 681, 677, 285, 556, 554, 555, 339, 286, 286, 285, 555, 557, 394, 558, 558, 559, 557, 428, 608, 852, 852, 851, 428, 696, 704, 479, 310, 886, 964, 219, 218, 243, 243, 544, 219, 397, 0, 982, 982, 395, 397, 552, 553, 506, 506, 505, 552, 554, 555, 285, 238, 385, 384, 388, 389, 108, 108, 107, 388, 4, 7, 390, 390, 17, 4, 7, 388, 107, 107, 390, 7, 964, 307, 310, 933, 290, 932, 772, 328, 733, 733, 664, 772, 376, 377, 378, 378, 379, 376, 380, 381, 382, 382, 383, 380, 384, 235, 238, 505, 28, 198, 159, 938, 534, 534, 601, 159, 535, 536, 537, 537, 538, 535, 539, 540, 541, 541, 542, 539, 15, 10, 13, 467, 226, 550, 845, 475, 476, 476, 940, 845, 343, 56, 101, 101, 105, 343, 955, 124, 127, 429, 785, 977, 198, 829, 505, 768, 253, 890, 943, 603, 725, 725, 724, 943, 44, 721, 236, 236, 235, 44, 547, 548, 549, 549, 381, 547, 550, 551, 467, 479, 481, 696, 912, 961, 550, 550, 225, 912, 977, 619, 429, 909, 908, 334, 275, 274, 595, 595, 418, 275, 890, 444, 768, 822, 460, 459, 974, 975, 982, 982, 983, 974, 530, 156, 155, 531, 532, 166, 166, 533, 531, 354, 239, 242, 242, 616, 354, 21, 20, 398, 398, 575, 21, 802, 801, 64, 64, 63, 802, 154, 282, 580, 392, 40, 478, 478, 393, 392, 459, 915, 822, 245, 392, 393, 393, 394, 245, 191, 118, 216, 216, 192, 191, 395, 396, 380, 380, 397, 395, 767, 169, 889, 889, 902, 767, 13, 543, 15, 544, 243, 545, 545, 546, 544, 492, 655, 934, 934, 530, 492, 127, 705, 955, 161, 936, 615, 615, 162, 161, 279, 278, 796, 796, 960, 279, 983, 0, 3, 3, 330, 983, 794, 755, 892, 987, 74, 73, 73, 954, 987, 922, 583, 586, 520, 521, 519, 522, 523, 524, 524, 525, 522, 526, 527, 528, 528, 529, 526, 155, 492, 530, 499, 667, 670, 670, 592, 499, 401, 91, 90, 397, 380, 383, 383, 1, 397, 954, 73, 710, 710, 126, 954, 517, 518, 516, 516, 515, 517, 519, 447, 520, 958, 906, 737, 737, 487, 958, 431, 497, 596, 596, 595, 431, 580, 155, 154, 398, 20, 399, 399, 400, 398, 90, 196, 401, 348, 858, 719, 505, 506, 29, 29, 28, 505, 773, 679, 678, 350, 349, 345, 345, 587, 350, 674, 970, 293, 293, 675, 674, 178, 183, 511, 511, 179, 178, 17, 390, 512, 350, 587, 588, 588, 351, 350, 962, 645, 648, 586, 589, 922, 719, 718, 348, 314, 659, 969, 969, 315, 314, 223, 222, 248, 248, 951, 223, 671, 646, 319, 678, 325, 773, 507, 508, 509, 509, 510, 507, 512, 18, 17, 116, 262, 263, 263, 117, 116, 188, 121, 82, 82, 480, 188, 515, 516, 5, 5, 4, 515, 892, 795, 794, 141, 504, 503, 318, 592, 670, 670, 671, 318, 864, 921, 989, 989, 865, 864, 661, 660, 970, 970, 674, 661, 872, 900, 907, 400, 409, 410, 410, 411, 400, 352, 412, 413, 413, 414, 352, 600, 599, 231, 502, 406, 371, 371, 370, 502, 503, 138, 141, 676, 675, 895, 319, 318, 671, 389, 839, 797, 797, 200, 389, 346, 402, 403, 403, 404, 346, 405, 406, 407, 407, 408, 405, 856, 831, 834, 834, 971, 856, 648, 334, 962, 709, 283, 712, 712, 298, 709, 292, 895, 675, 675, 293, 292, 895, 714, 676, 304, 497, 431, 431, 305, 304, 792, 50, 376, 376, 379, 792, 714, 895, 831, 831, 856, 714, 315, 660, 663, 663, 316, 315, 260, 259, 416, 416, 267, 260, 337, 334, 333, 333, 338, 337, 490, 491, 492, 492, 155, 490, 493, 494, 495, 495, 496, 493, 746, 884, 131, 689, 366, 514, 514, 513, 689, 622, 621, 759, 759, 789, 622, 231, 23, 600, 201, 688, 683, 683, 682, 201, 907, 870, 872, 67, 499, 165, 165, 164, 67, 923, 11, 14, 14, 829, 923, 504, 141, 739, 739, 738, 504, 131, 130, 746, 81, 482, 480, 263, 483, 484, 484, 117, 263, 725, 942, 86, 86, 726, 725, 383, 382, 944, 944, 472, 383, 362, 197, 89, 296, 489, 487, 521, 520, 751, 751, 409, 521, 913, 591, 807, 807, 784, 913, 479, 188, 480, 480, 481, 479, 480, 82, 81, 421, 422, 423, 423, 424, 421, 425, 426, 427, 427, 428, 425, 89, 363, 362, 26, 557, 559, 559, 27, 26, 487, 488, 296, 839, 838, 45, 45, 384, 839, 570, 572, 810, 810, 915, 570, 415, 264, 267, 267, 416, 415, 417, 418, 419, 419, 420, 417, 812, 2, 1, 55, 610, 97, 97, 102, 55, 375, 438, 441, 441, 723, 375, 226, 467, 468, 468, 227, 226, 470, 442, 43, 46, 39, 169, 637, 800, 799, 799, 803, 637, 210, 27, 987, 987, 939, 210, 75, 51, 54, 54, 186, 75, 1, 472, 812, 157, 712, 283, 98, 93, 96, 96, 99, 98, 473, 94, 93, 93, 474, 473, 475, 25, 469, 469, 476, 475, 169, 767, 46, 957, 613, 787, 787, 918, 957, 643, 625, 626, 626, 644, 643, 852, 486, 485, 485, 775, 852, 535, 767, 902, 283, 154, 157, 771, 605, 254, 764, 965, 501, 501, 500, 764, 937, 918, 787, 787, 830, 937, 970, 969, 294, 974, 742, 745, 745, 875, 974, 493, 868, 922, 302, 301, 650, 650, 649, 302, 264, 415, 847, 847, 774, 264, 141, 140, 732, 732, 739, 141, 254, 253, 771, 294, 293, 970, 458, 459, 460, 460, 461, 458, 462, 463, 464, 464, 53, 462, 108, 203, 465, 465, 109, 108, 922, 494, 493, 43, 471, 470, 902, 421, 535, 305, 431, 274, 274, 277, 305, 240, 347, 71, 71, 241, 240, 432, 433, 434, 434, 435, 432, 135, 134, 443, 443, 444, 135, 973, 450, 452, 452, 782, 973, 958, 487, 489, 489, 713, 958, 60, 451, 450, 450, 985, 60, 229, 471, 5, 5, 516, 229, 978, 400, 399, 399, 639, 978, 475, 845, 544, 544, 546, 475, 755, 136, 703, 703, 892, 755, 545, 245, 394, 394, 557, 545, 640, 639, 399, 399, 20, 640, 450, 451, 360, 360, 452, 450, 453, 454, 287, 287, 455, 453, 436, 437, 129, 129, 128, 436, 438, 439, 440, 440, 441, 438, 83, 569, 368, 368, 84, 83, 959, 837, 817, 817, 990, 959, 279, 844, 673, 673, 322, 279, 817, 818, 819, 819, 820, 817, 181, 199, 821, 821, 184, 181, 388, 838, 839, 839, 389, 388, 820, 819, 840, 840, 49, 820, 184, 821, 841, 841, 185, 184, 258, 257, 268, 268, 625, 258, 60, 59, 150, 150, 451, 60, 51, 52, 53, 53, 54, 51, 981, 980, 638, 638, 992, 981, 319, 949, 798, 798, 320, 319, 918, 575, 979, 979, 957, 918, 835, 836, 756, 758, 220, 223, 223, 837, 758, 830, 787, 786, 786, 753, 830, 818, 762, 123, 47, 48, 49, 49, 50, 47, 1856, 1210, 1611, 1003, 1004, 1005, 1005, 1006, 1003, 997, 998, 999, 999, 1000, 997, 1770, 1186, 1823, 1218, 1217, 1976, 1976, 1803, 1218, 1611, 1610, 1856, 993, 994, 995, 995, 996, 993, 1090, 1673, 1672, 1672, 1300, 1090, 1604, 1234, 1621, 1384, 1383, 1253, 1253, 1252, 1384, 1011, 1012, 1013, 1013, 1014, 1011, 1007, 1008, 1009, 1009, 1010, 1007, 1621, 1104, 1604, 1572, 1554, 1553, 1553, 1531, 1572, 1639, 1653, 1330, 1416, 1417, 1414, 993, 1418, 1419, 1419, 994, 993, 1610, 1422, 1800, 1234, 1233, 1595, 1595, 1621, 1234, 1756, 1136, 1135, 1135, 1896, 1756, 1330, 1329, 1639, 1781, 1777, 1893, 1893, 1891, 1781, 1712, 1713, 1714, 1714, 1556, 1712, 1708, 1709, 1710, 1701, 1717, 1643, 1643, 1774, 1701, 1533, 1743, 1744, 1592, 1895, 1718, 1718, 1376, 1592, 1744, 1894, 1533, 1710, 1711, 1708, 1422, 1423, 1424, 1424, 1425, 1422, 1420, 1411, 1413, 1413, 1421, 1420, 1800, 1856, 1610, 1913, 1950, 1301, 1301, 1316, 1913, 1511, 1514, 1096, 1096, 1440, 1511, 1403, 1400, 1336, 1404, 1405, 1406, 1406, 1302, 1404, 1393, 1394, 1395, 1395, 1396, 1393, 1397, 1398, 1389, 1389, 1399, 1397, 1337, 1336, 1400, 1407, 1408, 1409, 1409, 1410, 1407, 1411, 1012, 1412, 1412, 1413, 1411, 1414, 1415, 1416, 1400, 1401, 1337, 1336, 1402, 1403, 1108, 1018, 1564, 1700, 1716, 1717, 1717, 1701, 1700, 1514, 1446, 1097, 1266, 1265, 1372, 1372, 1371, 1266, 1564, 1715, 1108, 1954, 1899, 1295, 1295, 1298, 1954, 1058, 1499, 1507, 1085, 1088, 1796, 1796, 1795, 1085, 1705, 1706, 1707, 1707, 1153, 1705, 1436, 1437, 1438, 1438, 1439, 1436, 1507, 1055, 1058, 1126, 1430, 1428, 1897, 1886, 1598, 1598, 1597, 1897, 1434, 1250, 1249, 1249, 1435, 1434, 1431, 1432, 1433, 1433, 1095, 1431, 1428, 1429, 1126, 1143, 1651, 1650, 1551, 1833, 1785, 1785, 1784, 1551, 1084, 1355, 1354, 1556, 1391, 1898, 1898, 1712, 1556, 1734, 1614, 1710, 1650, 1949, 1143, 1342, 1341, 1171, 1354, 1081, 1084, 1243, 1246, 1950, 1950, 1913, 1243, 1171, 1615, 1342, 1976, 1980, 1804, 1804, 1803, 1976, 1259, 1715, 1031, 1031, 1034, 1259, 1758, 1219, 1762, 1762, 1761, 1758, 1736, 1892, 1173, 1173, 1772, 1736, 1718, 1719, 1720, 1720, 1721, 1718, 1291, 1292, 1076, 1076, 1563, 1291, 1148, 1702, 1774, 1774, 1149, 1148, 1697, 1062, 1781, 1044, 1222, 1100, 1100, 1041, 1044, 1201, 1271, 1270, 1270, 1449, 1201, 1300, 1672, 1742, 1742, 1753, 1300, 1556, 1714, 1863, 1097, 1096, 1514, 1710, 1879, 1734, 1180, 1227, 1230, 1230, 1181, 1180, 1958, 1612, 1611, 1611, 1634, 1958, 1759, 1220, 1219, 1219, 1758, 1759, 1162, 1915, 1233, 1890, 1889, 1719, 1719, 1895, 1890, 1446, 1514, 1106, 1106, 1105, 1446, 1169, 1168, 1091, 1091, 1791, 1169, 1590, 1626, 1625, 1625, 1688, 1590, 1347, 1864, 1789, 1789, 1978, 1347, 1233, 1163, 1162, 1442, 1263, 1266, 1266, 1179, 1442, 1743, 1533, 1842, 1842, 1786, 1743, 1949, 1074, 1073, 1073, 1143, 1949, 1602, 1047, 1050, 1050, 1783, 1602, 1383, 1384, 1385, 1385, 1386, 1383, 1387, 1388, 1318, 1768, 1967, 1977, 1977, 1769, 1768, 1391, 1027, 1030, 1030, 1392, 1391, 1318, 1317, 1387, 1142, 1382, 1381, 1863, 1555, 1556, 1946, 1846, 1570, 1570, 1572, 1946, 1448, 1449, 1450, 1450, 1451, 1448, 1105, 1447, 1445, 1278, 1281, 1661, 1573, 1295, 1899, 1899, 1314, 1573, 1346, 1903, 1901, 1902, 1802, 1309, 1309, 1308, 1902, 1445, 1446, 1105, 1896, 1135, 1491, 1491, 1832, 1896, 1596, 1926, 1878, 1878, 1692, 1596, 1381, 1009, 1142, 1781, 1891, 1697, 1588, 1264, 1222, 1222, 1044, 1588, 1175, 1038, 1037, 1037, 1874, 1175, 1888, 1857, 1889, 1889, 1890, 1888, 1191, 1817, 1819, 1819, 1543, 1191, 1455, 1454, 1750, 1750, 1945, 1455, 1767, 1836, 1342, 1342, 1615, 1767, 1696, 1494, 1493, 1177, 1111, 1335, 1335, 1770, 1177, 1703, 1432, 1334, 1334, 1704, 1703, 1698, 1631, 1452, 1452, 1202, 1698, 1311, 1310, 1669, 1669, 1668, 1311, 1693, 1694, 1691, 1493, 1695, 1696, 1900, 1811, 1814, 1814, 1901, 1900, 1699, 1700, 1701, 1701, 1702, 1699, 1661, 1660, 1278, 1518, 1607, 1619, 1619, 1515, 1518, 1114, 1113, 1679, 1679, 1373, 1114, 1070, 1069, 1876, 1876, 1646, 1070, 1972, 1388, 1387, 1722, 1723, 1281, 1281, 1723, 1955, 1955, 1661, 1281, 1387, 1254, 1972, 1887, 1599, 1598, 1598, 1886, 1887, 1281, 1280, 1722, 1244, 1243, 1558, 1375, 1376, 1377, 1377, 1099, 1375, 1257, 1256, 1378, 1378, 1379, 1257, 1463, 1464, 1461, 1465, 1466, 1293, 1266, 1371, 1179, 1215, 1100, 1216, 1901, 1814, 1346, 1907, 1015, 1018, 1873, 1209, 1212, 1175, 1212, 1176, 1180, 1239, 1227, 1461, 1462, 1463, 1152, 1155, 1414, 1414, 1418, 1152, 1678, 1330, 1653, 1653, 1656, 1678, 1305, 1127, 1456, 1456, 1306, 1305, 1457, 1458, 1459, 1459, 1460, 1457, 1452, 1453, 1454, 1454, 1455, 1452, 1473, 1799, 1855, 1855, 1474, 1473, 1954, 1157, 1014, 1014, 1013, 1954, 1558, 1779, 1244, 1966, 1981, 1826, 1826, 1648, 1966, 1239, 1371, 1372, 1372, 1240, 1239, 1885, 1444, 1329, 1848, 1861, 1730, 1904, 1815, 1905, 1401, 1406, 1405, 1155, 1557, 1415, 1415, 1414, 1155, 1161, 1906, 1304, 1304, 1548, 1161, 1905, 1586, 1904, 1730, 1729, 1848, 1679, 1821, 1373, 1856, 1211, 1210, 1018, 1338, 1907, 1832, 1877, 1908, 1213, 1216, 1839, 1656, 1655, 1679, 1632, 1210, 1209, 1209, 1635, 1632, 1373, 1214, 1374, 1374, 1242, 1373, 1072, 1071, 1941, 1941, 1167, 1072, 1329, 1328, 1885, 1793, 1129, 1408, 1408, 1939, 1793, 1546, 1196, 1192, 1192, 1543, 1546, 1341, 1431, 1686, 1924, 1928, 1613, 1613, 1612, 1924, 1979, 1965, 1887, 1540, 1240, 1687, 1372, 1265, 1591, 1405, 1337, 1401, 1908, 1896, 1832, 1691, 1692, 1693, 1688, 1540, 1687, 1470, 1074, 1386, 1293, 1290, 1465, 1467, 1468, 1469, 1822, 1195, 1823, 1226, 1238, 1866, 1543, 1192, 1191, 1193, 1225, 1194, 1469, 1385, 1467, 1386, 1385, 1470, 1969, 1325, 1961, 1961, 1549, 1969, 1369, 1370, 1206, 1206, 1205, 1369, 1882, 1883, 1688, 1214, 1213, 1881, 1881, 1374, 1214, 1688, 1625, 1882, 1178, 1177, 1823, 1513, 1730, 1840, 1840, 1106, 1513, 1853, 1278, 1660, 1660, 1771, 1853, 1982, 1658, 1659, 1659, 1917, 1982, 1579, 1973, 1565, 1726, 1285, 1727, 1727, 1728, 1726, 1565, 1760, 1579, 1823, 1195, 1178, 1931, 1612, 1958, 1924, 1923, 1928, 1418, 1414, 1417, 1417, 1419, 1418, 1011, 1475, 1476, 1685, 1479, 1478, 1800, 1677, 1856, 1927, 1322, 1441, 1927, 1600, 1928, 1878, 1904, 1586, 1586, 1585, 1878, 1909, 1403, 1402, 1402, 1487, 1909, 1686, 1171, 1341, 1368, 1077, 1080, 1080, 1683, 1368, 1478, 1684, 1685, 1887, 1952, 1979, 1766, 1900, 1901, 1901, 1764, 1766, 1687, 1590, 1688, 1512, 1729, 1730, 1730, 1513, 1512, 1075, 1642, 1563, 1910, 1747, 1749, 1807, 1618, 1609, 1692, 1878, 1585, 1585, 1693, 1692, 1560, 998, 1674, 1599, 1965, 1963, 1963, 1983, 1599, 1595, 1233, 1915, 1915, 1224, 1595, 1563, 1076, 1075, 1384, 1307, 1467, 1467, 1385, 1384, 1674, 1509, 1560, 1654, 1102, 1101, 1101, 1655, 1654, 1849, 1848, 1729, 1729, 1741, 1849, 1484, 1312, 1420, 1518, 1517, 1923, 1078, 1299, 1146, 1146, 1079, 1078, 1420, 1482, 1484, 1476, 1477, 1011, 1473, 1474, 1082, 1082, 1349, 1473, 1012, 1411, 1315, 1315, 1013, 1012, 1925, 1197, 1200, 1200, 1868, 1925, 1821, 1679, 1655, 1655, 1101, 1821, 1487, 1402, 1485, 1480, 1354, 1353, 1728, 1727, 1575, 1575, 1849, 1728, 1901, 1903, 1764, 1682, 1557, 1155, 1747, 1910, 1911, 1911, 1725, 1747, 1686, 1431, 1095, 1095, 1092, 1686, 1592, 1348, 1895, 1348, 1347, 1978, 1789, 1790, 1978, 1441, 1600, 1927, 1931, 1930, 1924, 1924, 1612, 1931, 1155, 1154, 1682, 1357, 1358, 1359, 1359, 1360, 1357, 1349, 1350, 1351, 1351, 1352, 1349, 1361, 1362, 1363, 1363, 1364, 1361, 1365, 1366, 1367, 1367, 1368, 1365, 1353, 1354, 1355, 1355, 1356, 1353, 1321, 1879, 1709, 1709, 1319, 1321, 1722, 1319, 1709, 1709, 1708, 1722, 1609, 1274, 1807, 1749, 1922, 1910, 1969, 1552, 1008, 1008, 1007, 1969, 1505, 1877, 1584, 1711, 1710, 1614, 1614, 1170, 1711, 1589, 1043, 1820, 1584, 1502, 1505, 1180, 1179, 1371, 1371, 1239, 1180, 1930, 1609, 1608, 1608, 1924, 1930, 1596, 1599, 1926, 1599, 1887, 1965, 1979, 1536, 1965, 1517, 1061, 1322, 1322, 1927, 1517, 1886, 1952, 1887, 1357, 1475, 1303, 1303, 1912, 1357, 1567, 1566, 1902, 1902, 1019, 1567, 1485, 1486, 1487, 1299, 1478, 1479, 1479, 1146, 1299, 1350, 1081, 1354, 1354, 1480, 1350, 1353, 1488, 1480, 1077, 1368, 1481, 1481, 1089, 1077, 1482, 1086, 1483, 1483, 1484, 1482, 1341, 1342, 1332, 1332, 1331, 1341, 1597, 1692, 1691, 1691, 1875, 1597, 1820, 1626, 1589, 1345, 1346, 1347, 1347, 1348, 1345, 1595, 1594, 1535, 1524, 1257, 1379, 1379, 1809, 1524, 1671, 1646, 1876, 1475, 1011, 1014, 1014, 1303, 1475, 1825, 1140, 1713, 1107, 1336, 1337, 1337, 1338, 1107, 1876, 1462, 1671, 1535, 1621, 1595, 1151, 1492, 1490, 1913, 1559, 1558, 1522, 1617, 1542, 1448, 1698, 1449, 1541, 1542, 1255, 1346, 1345, 1903, 1189, 1198, 1197, 1197, 1871, 1189, 1836, 1767, 1773, 1773, 1837, 1836, 1558, 1243, 1913, 1332, 1342, 1836, 1836, 1835, 1332, 1630, 1638, 1631, 1346, 1864, 1347, 1532, 1842, 1533, 1533, 1894, 1530, 1946, 1052, 1757, 1946, 1572, 1778, 1629, 1631, 1698, 1522, 1521, 1629, 1158, 1493, 1494, 1494, 1159, 1158, 1978, 1790, 1891, 1891, 1893, 1978, 1636, 1580, 1519, 1519, 1541, 1636, 1396, 1395, 1427, 1427, 1489, 1396, 1490, 1491, 1151, 1241, 1335, 1111, 1331, 1332, 1333, 1333, 1334, 1331, 1366, 1056, 1055, 1055, 1367, 1366, 1713, 1712, 1825, 1327, 1328, 1329, 1503, 1118, 1117, 1117, 1504, 1503, 1111, 1114, 1241, 1329, 1330, 1327, 1325, 1021, 1020, 1020, 1326, 1325, 1147, 1321, 1319, 1732, 1733, 1369, 1369, 1603, 1732, 1531, 1553, 1841, 1841, 1532, 1531, 1286, 1133, 1497, 1057, 1159, 1393, 1393, 1396, 1057, 1506, 1481, 1507, 1499, 1489, 1500, 1500, 1501, 1499, 1502, 1503, 1504, 1495, 1466, 1465, 1465, 1496, 1495, 1497, 1498, 1286, 1961, 1583, 1582, 1326, 1668, 1583, 1236, 1188, 1538, 1330, 1678, 1620, 1620, 1327, 1330, 1679, 1113, 1678, 1678, 1656, 1679, 1538, 1677, 1236, 1462, 1876, 1984, 1984, 1463, 1462, 1319, 1320, 1147, 1916, 1145, 1676, 1676, 1217, 1916, 1875, 1691, 1738, 1738, 1204, 1875, 1312, 1313, 1314, 1314, 1315, 1312, 1303, 1014, 1157, 1157, 1156, 1303, 1304, 1305, 1306, 1871, 1872, 1873, 1873, 1874, 1871, 1960, 1650, 1649, 1328, 1545, 1943, 1943, 1885, 1328, 1500, 1426, 1508, 1508, 1509, 1500, 1145, 1144, 1675, 1675, 1676, 1145, 1022, 1760, 1567, 1567, 1019, 1022, 1457, 1910, 1922, 1922, 1740, 1457, 1928, 1600, 1423, 1423, 1613, 1928, 1914, 1875, 1204, 1204, 1203, 1914, 1507, 1499, 1506, 1902, 1308, 1019, 1567, 1760, 1565, 1869, 1578, 1762, 1877, 1505, 1847, 1526, 1529, 1847, 1306, 1307, 1304, 1795, 1483, 1086, 1086, 1085, 1795, 1520, 1581, 1788, 1788, 1340, 1520, 1308, 1309, 1310, 1310, 1311, 1308, 1521, 1340, 1339, 1339, 1630, 1521, 1319, 1722, 1280, 1959, 1859, 1850, 1734, 1735, 1736, 1736, 1737, 1734, 1280, 1320, 1319, 1869, 1436, 1973, 1220, 1916, 1217, 1676, 1976, 1217, 1973, 1436, 1439, 1439, 1565, 1973, 1430, 1128, 1127, 1271, 1738, 1739, 1739, 1272, 1271, 1306, 1467, 1307, 1307, 1548, 1304, 1967, 1633, 1343, 1343, 1977, 1967, 1915, 1162, 1817, 1817, 1194, 1915, 1975, 1949, 1650, 1504, 1505, 1502, 1306, 1456, 1468, 1468, 1467, 1306, 1912, 1156, 1056, 1875, 1914, 1897, 1897, 1597, 1875, 1815, 1765, 1098, 1098, 1905, 1815, 1246, 1245, 1015, 1015, 1907, 1246, 1893, 1971, 1348, 1297, 1298, 1295, 1299, 1078, 1090, 1090, 1300, 1299, 1454, 1453, 1689, 1850, 1388, 1959, 1348, 1978, 1893, 1970, 1944, 1929, 1929, 1962, 1970, 1295, 1296, 1297, 1463, 1984, 1968, 1968, 1748, 1463, 1689, 1751, 1454, 1259, 1034, 1067, 1555, 1863, 1160, 1160, 1119, 1555, 1018, 1017, 1564, 1563, 1642, 1564, 1128, 1430, 1126, 1056, 1366, 1912, 1672, 1673, 1674, 1260, 1067, 1139, 1000, 1510, 1247, 1126, 1125, 1128, 1127, 1305, 1430, 1428, 1430, 1906, 1713, 1562, 1644, 1936, 1123, 1644, 1247, 997, 1000, 1286, 1287, 1288, 1288, 1289, 1286, 1016, 1290, 1291, 1291, 1017, 1016, 1498, 1657, 1287, 1287, 1286, 1498, 1287, 1381, 1382, 1762, 1219, 1218, 1218, 1869, 1762, 1278, 1279, 1280, 1280, 1281, 1278, 1826, 1471, 1974, 1974, 1827, 1826, 1889, 1857, 1858, 1858, 1880, 1889, 1099, 1098, 1765, 1244, 1937, 1245, 1797, 1495, 1496, 1496, 1465, 1937, 1398, 1852, 1390, 1559, 1913, 1316, 1316, 1645, 1559, 1086, 1482, 1854, 1390, 1389, 1398, 1827, 1974, 1940, 1940, 1071, 1827, 1428, 1160, 1863, 1674, 998, 1672, 1276, 1277, 1274, 1593, 1592, 1376, 1376, 1375, 1593, 1822, 1866, 1238, 1238, 1195, 1822, 1282, 1283, 1284, 1284, 1285, 1282, 1274, 1275, 1276, 1865, 1223, 1226, 1226, 1866, 1865, 1814, 1813, 1864, 1864, 1346, 1814, 1382, 1288, 1287, 1765, 1375, 1099, 1870, 1979, 1952, 1860, 1652, 1220, 1270, 1271, 1272, 1272, 1273, 1270, 1208, 1207, 1269, 1269, 1235, 1208, 1952, 1752, 1870, 1220, 1759, 1860, 1617, 1698, 1448, 1290, 1293, 1292, 1292, 1291, 1290, 1670, 1704, 1647, 1647, 1646, 1670, 1451, 1450, 1627, 1627, 1628, 1451, 1746, 1002, 1843, 1448, 1616, 1617, 1511, 1512, 1513, 1513, 1514, 1511, 1515, 1516, 1517, 1948, 1706, 1705, 996, 1705, 1153, 1153, 1152, 996, 1939, 1797, 1682, 1337, 1405, 1338, 1254, 1387, 1569, 1569, 1251, 1254, 1854, 1087, 1086, 1298, 1158, 1157, 1157, 1954, 1298, 1793, 1153, 1707, 1682, 1154, 1939, 1009, 1381, 1010, 1549, 1552, 1969, 1119, 1027, 1555, 1898, 1663, 1712, 1568, 1918, 1547, 1298, 1297, 1493, 1493, 1158, 1298, 1959, 1388, 1972, 1000, 1116, 1294, 1294, 1510, 1000, 1485, 1402, 1110, 1735, 1794, 1892, 1892, 1736, 1735, 1145, 1916, 1651, 1651, 1143, 1145, 1945, 1750, 1952, 1952, 1886, 1945, 1843, 1862, 1746, 1863, 1714, 1429, 1429, 1428, 1863, 1738, 1691, 1694, 1694, 1739, 1738, 1198, 1261, 1262, 1262, 1199, 1198, 1255, 1256, 1257, 1257, 1258, 1255, 1259, 1067, 1260, 1260, 1109, 1259, 1251, 1252, 1253, 1253, 1254, 1251, 1981, 1472, 1471, 1471, 1826, 1981, 1263, 1264, 1265, 1265, 1266, 1263, 1703, 1361, 1364, 1243, 1244, 1245, 1245, 1246, 1243, 1247, 1248, 1249, 1249, 1250, 1247, 1364, 1834, 1703, 1833, 1490, 1492, 1492, 1785, 1833, 1742, 1672, 998, 1270, 1450, 1449, 1616, 1256, 1255, 1534, 1970, 1962, 1962, 1956, 1534, 1815, 1904, 1816, 1596, 1692, 1597, 1497, 1133, 1761, 1362, 1361, 1670, 1670, 1671, 1362, 1453, 1452, 1631, 1631, 1638, 1453, 1048, 1047, 1525, 1517, 1518, 1515, 1051, 1136, 1756, 1491, 1490, 1832, 1519, 1520, 1521, 1521, 1522, 1519, 1326, 1583, 1961, 1961, 1325, 1326, 1967, 1768, 1958, 1930, 1274, 1609, 1871, 1197, 1872, 1634, 1611, 1210, 1523, 1524, 1048, 1048, 1525, 1523, 1719, 1718, 1895, 1864, 1060, 1059, 1059, 1789, 1864, 1593, 1375, 1764, 1910, 1457, 1460, 1460, 1911, 1910, 1003, 1658, 1759, 1550, 1831, 1833, 1833, 1551, 1550, 1455, 1203, 1202, 1202, 1452, 1455, 1984, 1876, 1069, 1069, 1283, 1984, 1461, 1464, 1724, 1724, 1641, 1461, 1838, 1935, 1472, 1729, 1512, 1740, 998, 997, 1742, 1120, 1547, 1918, 1918, 1028, 1120, 1472, 1981, 1838, 1652, 1860, 1859, 1743, 1580, 1636, 1636, 1744, 1743, 1740, 1741, 1729, 1036, 1035, 1231, 1233, 1234, 1235, 1861, 1732, 1840, 1840, 1730, 1861, 1256, 1451, 1628, 1628, 1378, 1256, 1859, 1649, 1652, 1886, 1897, 1914, 1914, 1945, 1886, 1213, 1839, 1754, 1754, 1881, 1213, 1777, 1776, 1971, 1971, 1893, 1777, 1194, 1817, 1191, 1819, 1544, 1543, 1621, 1535, 1447, 1534, 1535, 1970, 1210, 1632, 1634, 1925, 1623, 1635, 1591, 1590, 1687, 1688, 1883, 1540, 1653, 1639, 1654, 1862, 1843, 1102, 1174, 1176, 1187, 1187, 1046, 1174, 1193, 1238, 1226, 1239, 1240, 1232, 1232, 1231, 1239, 1231, 1232, 1036, 1120, 1161, 1548, 1548, 1547, 1120, 1552, 1551, 1784, 1784, 1775, 1552, 1226, 1225, 1193, 1571, 1570, 1529, 1857, 1807, 1808, 1808, 1858, 1857, 1305, 1304, 1906, 1034, 1033, 1024, 1024, 1023, 1034, 1906, 1430, 1305, 1251, 1569, 1568, 1529, 1528, 1571, 1953, 1867, 1812, 1526, 1527, 1528, 1528, 1529, 1526, 1509, 1508, 1561, 1561, 1560, 1509, 1007, 1021, 1325, 1325, 1969, 1007, 1812, 1537, 1953, 1662, 1663, 1664, 1664, 1665, 1662, 1668, 1669, 1118, 1118, 1503, 1668, 1296, 1666, 1667, 1667, 1297, 1296, 1918, 1568, 1122, 1122, 1121, 1918, 1223, 1224, 1225, 1225, 1226, 1223, 1227, 1228, 1229, 1229, 1230, 1227, 1950, 1404, 1302, 1302, 1301, 1950, 1058, 1057, 1396, 1396, 1489, 1058, 1714, 1713, 1644, 1644, 1429, 1714, 1219, 1220, 1217, 1235, 1163, 1233, 1578, 1869, 1973, 1973, 1579, 1578, 1221, 1216, 1100, 1100, 1222, 1221, 1211, 1856, 1677, 1677, 1538, 1211, 1568, 1547, 1251, 1217, 1218, 1219, 1213, 1214, 1215, 1215, 1216, 1213, 1205, 1208, 1604, 1513, 1106, 1514, 1106, 1840, 1103, 1861, 1733, 1732, 1282, 1285, 1726, 1728, 1921, 1726, 1748, 1968, 1920, 1920, 1749, 1748, 1463, 1748, 1464, 1968, 1282, 1920, 1575, 1064, 1849, 1457, 1740, 1458, 1201, 1202, 1203, 1203, 1204, 1201, 1205, 1206, 1207, 1207, 1208, 1205, 1197, 1198, 1199, 1199, 1200, 1197, 1926, 1599, 1983, 1209, 1210, 1211, 1211, 1212, 1209, 1228, 1231, 1035, 1035, 1745, 1228, 1983, 1816, 1926, 1189, 1037, 1036, 1036, 1190, 1189, 1191, 1192, 1193, 1193, 1194, 1191, 1648, 1647, 1966, 1331, 1334, 1432, 1334, 1333, 1824, 1965, 1536, 1537, 1537, 1963, 1965, 1835, 1838, 1964, 1835, 1333, 1332, 1963, 1537, 1812, 1530, 1531, 1532, 1532, 1533, 1530, 1658, 1003, 1006, 1006, 1659, 1658, 1646, 1671, 1670, 1362, 1671, 1780, 1634, 1633, 1967, 1967, 1958, 1634, 1827, 1071, 1070, 1037, 1189, 1871, 1004, 1758, 1761, 1478, 1300, 1753, 1195, 1192, 1196, 1196, 1178, 1195, 1871, 1874, 1037, 1064, 1063, 1848, 1320, 1280, 1279, 1279, 1951, 1320, 1951, 1844, 1702, 1702, 1148, 1951, 1761, 1133, 1004, 1852, 1853, 1771, 1771, 1390, 1852, 1388, 1850, 1851, 1851, 1318, 1388, 1848, 1849, 1064, 1709, 1879, 1710, 1931, 1958, 1768, 1534, 1445, 1447, 1447, 1535, 1534, 1536, 1324, 1323, 1323, 1537, 1536, 1549, 1961, 1582, 1582, 1550, 1549, 1768, 1275, 1931, 1737, 1614, 1734, 1722, 1708, 1723, 1657, 1010, 1381, 1381, 1287, 1657, 1812, 1811, 1963, 1861, 1848, 1063, 1063, 1733, 1861, 1244, 1779, 1496, 1772, 1773, 1767, 1168, 1171, 1686, 1959, 1960, 1649, 1649, 1859, 1959, 1176, 1538, 1188, 1188, 1187, 1176, 1757, 1756, 1896, 1580, 1743, 1786, 1786, 1581, 1580, 1445, 1534, 1956, 1956, 1957, 1445, 1852, 1947, 1853, 1845, 1844, 1947, 1496, 1937, 1244, 1653, 1654, 1655, 1896, 1908, 1757, 1715, 1564, 1642, 1642, 1031, 1715, 1733, 1066, 1370, 1370, 1369, 1733, 1056, 1156, 1159, 1248, 1510, 1700, 1750, 1454, 1751, 1751, 1752, 1750, 1747, 1464, 1748, 1748, 1749, 1747, 1753, 1684, 1478, 997, 1247, 1250, 1700, 1699, 1248, 1846, 1847, 1529, 1529, 1570, 1846, 1159, 1057, 1056, 1684, 1397, 1399, 1399, 1685, 1684, 1850, 1982, 1917, 1917, 1851, 1850, 1250, 1742, 997, 1338, 1018, 1108, 1108, 1107, 1338, 1560, 999, 998, 1487, 1662, 1665, 1665, 1909, 1487, 1299, 1300, 1478, 1089, 1673, 1090, 1649, 1650, 1651, 1651, 1652, 1649, 1749, 1920, 1921, 1921, 1922, 1749, 1608, 1518, 1923, 1923, 1924, 1608, 1701, 1774, 1702, 1723, 1938, 1806, 1806, 1955, 1723, 1434, 1435, 1397, 1435, 1249, 1805, 1247, 1510, 1248, 1321, 1574, 1879, 1655, 1656, 1653, 1179, 1180, 1181, 1168, 1169, 1170, 1170, 1171, 1168, 1562, 1026, 1936, 1936, 1644, 1562, 1181, 1182, 1179, 1174, 1038, 1175, 1175, 1176, 1174, 1177, 1178, 1112, 1112, 1111, 1177, 1834, 1433, 1432, 1506, 1499, 1501, 1432, 1703, 1834, 1543, 1544, 1545, 1545, 1546, 1543, 1726, 1921, 1920, 1221, 1222, 1264, 1264, 1263, 1221, 1112, 1620, 1678, 1678, 1113, 1112, 1357, 1912, 1358, 1494, 1393, 1159, 1240, 1540, 1539, 1546, 1545, 1328, 1328, 1327, 1546, 1920, 1282, 1726, 1782, 1351, 1350, 1350, 1480, 1782, 1674, 1673, 1501, 1367, 1481, 1368, 1539, 1232, 1240, 1501, 1673, 1506, 1504, 1117, 1527, 1527, 1526, 1504, 1805, 1844, 1845, 1845, 1435, 1805, 1052, 1051, 1756, 1753, 1742, 1250, 1250, 1434, 1753, 1964, 1838, 1981, 1981, 1966, 1964, 1058, 1489, 1499, 1737, 1736, 1772, 1772, 1767, 1737, 1156, 1912, 1303, 1013, 1899, 1954, 1488, 1829, 1573, 1525, 1894, 1744, 1744, 1523, 1525, 1646, 1647, 1648, 1648, 1070, 1646, 1541, 1519, 1522, 1522, 1542, 1541, 1866, 1822, 1185, 1185, 1040, 1866, 1190, 1261, 1198, 1198, 1189, 1190, 1161, 1120, 1119, 1162, 1163, 1164, 1164, 1165, 1162, 1532, 1841, 1681, 1681, 1842, 1532, 1042, 1843, 1002, 1002, 1001, 1042, 1756, 1757, 1052, 1119, 1160, 1161, 1156, 1157, 1158, 1158, 1159, 1156, 1103, 1840, 1732, 1732, 1603, 1103, 1351, 1483, 1795, 1474, 1083, 1082, 1421, 1854, 1482, 1088, 1884, 1796, 1264, 1588, 1591, 1367, 1055, 1507, 1507, 1481, 1367, 1012, 1011, 1477, 1477, 1412, 1012, 1491, 1135, 1138, 1138, 1151, 1491, 1102, 1843, 1042, 1042, 1041, 1102, 1926, 1816, 1904, 1904, 1878, 1926, 1872, 1197, 1925, 1925, 1635, 1872, 1591, 1265, 1264, 1110, 1402, 1336, 1336, 1107, 1110, 1657, 1760, 1022, 1022, 1010, 1657, 1745, 1174, 1046, 1046, 1045, 1745, 1741, 1921, 1728, 1728, 1849, 1741, 1154, 1155, 1152, 1114, 1373, 1242, 1242, 1241, 1114, 1839, 1216, 1221, 1221, 1587, 1839, 1837, 1838, 1835, 1835, 1836, 1837, 1970, 1535, 1594, 1594, 1944, 1970, 1169, 1938, 1711, 1711, 1170, 1169, 1152, 1153, 1154, 1358, 1365, 1798, 1798, 1359, 1358, 1547, 1548, 1252, 1101, 1100, 1215, 1032, 1031, 1642, 1613, 1423, 1422, 1422, 1610, 1613, 1195, 1238, 1193, 1193, 1192, 1195, 1215, 1821, 1101, 1884, 1855, 1799, 1429, 1644, 1123, 1123, 1126, 1429, 1642, 1075, 1032, 1044, 1043, 1589, 1283, 1282, 1968, 1968, 1984, 1283, 1859, 1860, 1982, 1982, 1850, 1859, 1147, 1148, 1149, 1149, 1150, 1147, 1705, 996, 995, 995, 1948, 1705, 1687, 1240, 1372, 1372, 1591, 1687, 1009, 1008, 1141, 1141, 1142, 1009, 1143, 1073, 1144, 1144, 1145, 1143, 1490, 1833, 1831, 1574, 1150, 1792, 1792, 1794, 1574, 1297, 1667, 1695, 1695, 1493, 1297, 1549, 1550, 1551, 1551, 1552, 1549, 1252, 1251, 1547, 1569, 1387, 1317, 1317, 1380, 1569, 1639, 1329, 1444, 1444, 1443, 1639, 1630, 1339, 1637, 1637, 1638, 1630, 1923, 1517, 1927, 1927, 1928, 1923, 1589, 1588, 1044, 1458, 1740, 1512, 1538, 1176, 1212, 1212, 1211, 1538, 1617, 1522, 1629, 1629, 1698, 1617, 1800, 1422, 1425, 1425, 1237, 1800, 1706, 1605, 1130, 1130, 1707, 1706, 1573, 1829, 1296, 1296, 1295, 1573, 1494, 1696, 1394, 1394, 1393, 1494, 1831, 1832, 1490, 1489, 1427, 1426, 1426, 1500, 1489, 1512, 1511, 1458, 1135, 1136, 1137, 1137, 1138, 1135, 1004, 1133, 1134, 1139, 1067, 1068, 1068, 1140, 1139, 1358, 1912, 1366, 1366, 1365, 1358, 1663, 1898, 1830, 1830, 1664, 1663, 1362, 1780, 1640, 1676, 1675, 1980, 1980, 1976, 1676, 1501, 1500, 1509, 1129, 1130, 1131, 1131, 1132, 1129, 1509, 1674, 1501, 1283, 1069, 1072, 1072, 1284, 1283, 1228, 1745, 1045, 1045, 1229, 1228, 1134, 1005, 1004, 1440, 1459, 1458, 1523, 1744, 1636, 1636, 1258, 1523, 1458, 1511, 1440, 1482, 1420, 1421, 1541, 1255, 1258, 1516, 1061, 1517, 1267, 1697, 1891, 1557, 1558, 1559, 1559, 1415, 1557, 1258, 1636, 1541, 1208, 1235, 1234, 1439, 1438, 1801, 1801, 1566, 1439, 1593, 1764, 1903, 1903, 1345, 1593, 1223, 1865, 1944, 1883, 1882, 1184, 1184, 1763, 1883, 1944, 1594, 1223, 1234, 1604, 1208, 1026, 1025, 1919, 1919, 1936, 1026, 1640, 1363, 1362, 1344, 1343, 1633, 1745, 1035, 1038, 1038, 1174, 1745, 1619, 1618, 1888, 1895, 1348, 1971, 1971, 1890, 1895, 996, 1152, 1418, 1418, 993, 996, 1663, 1662, 1825, 1825, 1712, 1663, 1648, 1826, 1827, 1827, 1070, 1648, 1888, 1776, 1619, 1123, 1124, 1125, 1125, 1126, 1123, 1680, 1787, 1786, 1520, 1340, 1521, 1813, 1060, 1864, 1750, 1752, 1952, 1690, 1689, 1453, 1638, 1637, 1690, 1719, 1889, 1880, 1880, 1720, 1719, 1879, 1574, 1735, 1735, 1734, 1879, 1555, 1027, 1391, 1391, 1556, 1555, 1635, 1623, 1622, 1622, 1632, 1635, 1224, 1915, 1194, 1194, 1225, 1224, 1449, 1698, 1202, 1202, 1201, 1449, 1873, 1212, 1175, 1053, 1778, 1530, 1530, 1894, 1053, 1175, 1874, 1873, 1383, 1975, 1985, 1633, 1622, 1344, 1797, 1496, 1779, 1252, 1548, 1307, 1245, 1937, 1016, 1016, 1015, 1245, 1704, 1670, 1361, 1119, 1120, 1028, 1028, 1027, 1119, 1307, 1384, 1252, 1486, 1139, 1140, 1140, 1825, 1486, 1779, 1682, 1797, 1947, 1844, 1951, 1951, 1279, 1947, 1632, 1622, 1633, 1633, 1634, 1632, 1115, 999, 1560, 1398, 1397, 1435, 1435, 1845, 1398, 1652, 1651, 1916, 1916, 1220, 1652, 1178, 1196, 1620, 1620, 1112, 1178, 1601, 1424, 1423, 1540, 1883, 1763, 1763, 1539, 1540, 1690, 1453, 1638, 1279, 1278, 1853, 1028, 1918, 1121, 1254, 1253, 1985, 1985, 1972, 1254, 1985, 1253, 1383, 1361, 1703, 1704, 1133, 1286, 1289, 1289, 1134, 1133, 1136, 1602, 1783, 1783, 1137, 1136, 1150, 1149, 1093, 1853, 1947, 1279, 1822, 1823, 1186, 1186, 1185, 1822, 1758, 1004, 1003, 1003, 1759, 1758, 999, 1115, 1116, 1116, 1000, 999, 1824, 1647, 1704, 1704, 1334, 1824, 1017, 1291, 1563, 1563, 1564, 1017, 1068, 1023, 1026, 1026, 1562, 1068, 1246, 1907, 1404, 1404, 1950, 1246, 1510, 1294, 1716, 1716, 1700, 1510, 1948, 995, 1828, 1828, 1606, 1948, 1544, 1933, 1934, 1934, 1545, 1544, 1791, 1806, 1938, 1469, 1470, 1385, 1386, 1074, 1949, 1323, 1953, 1537, 1163, 1235, 1932, 1932, 1164, 1163, 1930, 1931, 1275, 1275, 1274, 1930, 1706, 1948, 1606, 1093, 1792, 1150, 1869, 1218, 1803, 1803, 1436, 1869, 1113, 1114, 1111, 1315, 1314, 1899, 1899, 1013, 1315, 1666, 1296, 1829, 1121, 1029, 1028, 1829, 1356, 1666, 1761, 1762, 1578, 1578, 1497, 1761, 1583, 1668, 1503, 1503, 1502, 1583, 1498, 1579, 1760, 1760, 1657, 1498, 1111, 1112, 1113, 1107, 1108, 1109, 1109, 1110, 1107, 1214, 1373, 1821, 1821, 1215, 1214, 1360, 1476, 1475, 1410, 1466, 1495, 1605, 1131, 1130, 1566, 1567, 1565, 1475, 1357, 1360, 1629, 1521, 1630, 1630, 1631, 1629, 1560, 1561, 1115, 1922, 1921, 1741, 1741, 1740, 1922, 1606, 1605, 1706, 1796, 1884, 1799, 1799, 1352, 1796, 1010, 1022, 1021, 1021, 1007, 1010, 1231, 1228, 1227, 1227, 1239, 1231, 1975, 1383, 1386, 1817, 1165, 1818, 1818, 1819, 1817, 1587, 1442, 1810, 1810, 1755, 1587, 1776, 1888, 1890, 1811, 1900, 1983, 1983, 1963, 1811, 1766, 1765, 1815, 1815, 1816, 1766, 1842, 1681, 1680, 1680, 1786, 1842, 1890, 1971, 1776, 1277, 1808, 1807, 1811, 1812, 1813, 1813, 1814, 1811, 1539, 1763, 1261, 1261, 1190, 1539, 1048, 1524, 1809, 1809, 1049, 1048, 1807, 1274, 1277, 1684, 1753, 1434, 1434, 1397, 1684, 1939, 1408, 1407, 1447, 1105, 1104, 1104, 1621, 1447, 1407, 1797, 1939, 1622, 1623, 1624, 1624, 1344, 1622, 1938, 1169, 1791, 1140, 1068, 1562, 1562, 1713, 1140, 1103, 1104, 1105, 1105, 1106, 1103, 1906, 1161, 1160, 1975, 1650, 1960, 1960, 1985, 1975, 1386, 1949, 1975, 1764, 1375, 1765, 1765, 1766, 1764, 1041, 1100, 1101, 1101, 1102, 1041, 1160, 1428, 1906, 1618, 1807, 1857, 1857, 1888, 1618, 1898, 1391, 1392, 1392, 1830, 1898, 994, 1828, 995, 1488, 1573, 1314, 1645, 1416, 1415, 1837, 1773, 1731, 1568, 1569, 1380, 1380, 1122, 1568, 1196, 1546, 1327, 1415, 1559, 1645, 1565, 1439, 1566, 1607, 1609, 1618, 1327, 1620, 1196, 1872, 1635, 1209, 1209, 1873, 1872, 1623, 1925, 1868, 1868, 1624, 1623, 1721, 1377, 1376, 1376, 1718, 1721, 1083, 1084, 1081, 1805, 1249, 1248, 1248, 1699, 1805, 1908, 1877, 1847, 1847, 1846, 1908, 1618, 1619, 1607, 1616, 1255, 1542, 1542, 1617, 1616, 1612, 1613, 1610, 1353, 1356, 1829, 1829, 1488, 1353, 1313, 1312, 1484, 1285, 1166, 1942, 1570, 1571, 1554, 1554, 1572, 1570, 1731, 1935, 1837, 1907, 1338, 1405, 1405, 1404, 1907, 1852, 1398, 1845, 1845, 1947, 1852, 1464, 1747, 1725, 1725, 1724, 1464, 1942, 1727, 1285, 1484, 1782, 1313, 1615, 1614, 1737, 1737, 1767, 1615, 1078, 1077, 1089, 1089, 1090, 1078, 1237, 1236, 1677, 1485, 1260, 1139, 1139, 1486, 1485, 1824, 1964, 1966, 1966, 1647, 1824, 1803, 1804, 1437, 1437, 1436, 1803, 1972, 1985, 1960, 1516, 1781, 1062, 1062, 1061, 1516, 1757, 1908, 1846, 1819, 1818, 1933, 1933, 1544, 1819, 1184, 1183, 1763, 1846, 1946, 1757, 1321, 1147, 1150, 1150, 1574, 1321, 1020, 1019, 1308, 1308, 1311, 1020, 1314, 1313, 1488, 1603, 1369, 1205, 1205, 1604, 1603, 1603, 1604, 1104, 1104, 1103, 1603, 1170, 1614, 1615, 1615, 1171, 1170, 1607, 1518, 1608, 1608, 1609, 1607, 1610, 1611, 1612, 1085, 1086, 1087, 1087, 1088, 1085, 1077, 1078, 1079, 1079, 1080, 1077, 1081, 1082, 1083, 1677, 1800, 1237, 1352, 1799, 1473, 1069, 1070, 1071, 1071, 1072, 1069, 1051, 1054, 1602, 1960, 1959, 1972, 1865, 1866, 1040, 1601, 1423, 1600, 1934, 1943, 1545, 1944, 1865, 1039, 1039, 1929, 1944, 1043, 1042, 1001, 1001, 1820, 1043, 1600, 1441, 1601, 1480, 1488, 1313, 1313, 1782, 1480, 1936, 1919, 1124, 1124, 1123, 1936, 1505, 1504, 1526, 1526, 1847, 1505, 1054, 1525, 1047, 1047, 1602, 1054, 1148, 1147, 1320, 1320, 1951, 1148, 1040, 1039, 1865, 1862, 1639, 1443, 1443, 1746, 1862, 1352, 1351, 1795, 1795, 1796, 1352, 1602, 1136, 1051, 1275, 1768, 1769, 1769, 1276, 1275, 1054, 1053, 1894, 1063, 1064, 1065, 1065, 1066, 1063, 1473, 1349, 1352, 1411, 1420, 1312, 1577, 1065, 1064, 1063, 1066, 1733, 1224, 1223, 1594, 1596, 1597, 1598, 1598, 1599, 1596, 1699, 1702, 1844, 1844, 1805, 1699, 1937, 1465, 1290, 1290, 1016, 1937, 1486, 1825, 1662, 1662, 1487, 1486, 1162, 1165, 1817, 1575, 1576, 1577, 1577, 1064, 1575, 1407, 1410, 1495, 1495, 1797, 1407, 1365, 1368, 1683, 1683, 1798, 1365, 1894, 1525, 1054, 1067, 1034, 1023, 1023, 1068, 1067, 1707, 1130, 1129, 1129, 1793, 1707, 1312, 1315, 1411, 1772, 1173, 1172, 1172, 1773, 1772, 1839, 1587, 1755, 1333, 1835, 1964, 1774, 1643, 1094, 1094, 1149, 1774, 1055, 1056, 1057, 1755, 1754, 1839, 1524, 1523, 1258, 1258, 1257, 1524, 1442, 1179, 1182, 1182, 1810, 1442, 1057, 1058, 1055, 1778, 1053, 1052, 1052, 1946, 1778, 1964, 1824, 1333, 1654, 1639, 1862, 1862, 1102, 1654, 1110, 1109, 1260, 1260, 1485, 1110, 1168, 1686, 1092, 1092, 1091, 1168, 1109, 1108, 1715, 1715, 1259, 1109, 1594, 1595, 1224, 1592, 1593, 1345, 1345, 1348, 1592, 1589, 1626, 1590, 1203, 1455, 1945, 1945, 1914, 1203, 1284, 1166, 1285, 1940, 1941, 1071, 1047, 1048, 1049, 1049, 1050, 1047, 1616, 1448, 1451, 1550, 1582, 1584, 1584, 1831, 1550, 1776, 1777, 1515, 1515, 1619, 1776, 1183, 1262, 1261, 1261, 1763, 1183, 1979, 1870, 1324, 1451, 1256, 1616, 1566, 1801, 1802, 1775, 1141, 1008, 1574, 1794, 1735, 1094, 1093, 1149, 1154, 1153, 1793, 1793, 1939, 1154, 1727, 1942, 1576, 1172, 1731, 1773, 1837, 1935, 1838, 1587, 1221, 1263, 1263, 1442, 1587, 1506, 1673, 1089, 1089, 1481, 1506, 1588, 1589, 1590, 1590, 1591, 1588, 1008, 1552, 1775, 1051, 1052, 1053, 1053, 1054, 1051, 1043, 1044, 1041, 1324, 1536, 1979, 1802, 1902, 1566, 1326, 1020, 1311, 1311, 1668, 1326, 1557, 1682, 1779, 1779, 1558, 1557, 1450, 1270, 1273, 1273, 1627, 1450, 1778, 1572, 1531, 1531, 1530, 1778, 1581, 1786, 1787, 1787, 1788, 1581, 1789, 1059, 1268, 1497, 1578, 1579, 1579, 1498, 1497, 1520, 1519, 1580, 1582, 1583, 1502, 1408, 1129, 1132, 1132, 1409, 1408, 1938, 1723, 1708, 1708, 1711, 1938, 1167, 1166, 1284, 1576, 1575, 1727, 1269, 1932, 1235, 1816, 1983, 1900, 1041, 1042, 1043, 1035, 1036, 1037, 1037, 1038, 1035, 1271, 1201, 1204, 1900, 1766, 1816, 1268, 1790, 1789, 1860, 1759, 1658, 1658, 1982, 1860, 1204, 1738, 1271, 1029, 1030, 1027, 1780, 1671, 1462, 1462, 1461, 1780, 1349, 1082, 1081, 1081, 1350, 1349, 1284, 1072, 1167, 1190, 1036, 1232, 1232, 1539, 1190, 1790, 1268, 1267, 1267, 1891, 1790, 1502, 1584, 1582, 1431, 1341, 1331, 1331, 1432, 1431, 1580, 1581, 1520, 1957, 1097, 1446, 1031, 1032, 1033, 1033, 1034, 1031, 1023, 1024, 1025, 1025, 1026, 1023, 1027, 1028, 1029, 1021, 1022, 1019, 1015, 1016, 1017, 1017, 1018, 1015, 1831, 1584, 1877, 1877, 1832, 1831, 1446, 1445, 1957, 1516, 1515, 1777, 1780, 1461, 1641, 1641, 1640, 1780, 1813, 1812, 1867, 1867, 1060, 1813, 1019, 1020, 1021, 1823, 1177, 1770, 1483, 1351, 1782, 1782, 1484, 1483, 1777, 1781, 1516, 2230, 2229, 2240, 2829, 2985, 2481, 2481, 2683, 2829, 2502, 2449, 2452, 2452, 2503, 2502, 2240, 2590, 2230, 2816, 2692, 2145, 2145, 2817, 2816, 2000, 2864, 2865, 1987, 1988, 1989, 1989, 1990, 1987, 2437, 2353, 2707, 2707, 2920, 2437, 2604, 2603, 2069, 2069, 2458, 2604, 2865, 2001, 2000, 1995, 1996, 1997, 1997, 1998, 1995, 1999, 2000, 2001, 2001, 2002, 1999, 2003, 2004, 2005, 2005, 2006, 2003, 2552, 2414, 2961, 2961, 2549, 2552, 2942, 2153, 2156, 2156, 2898, 2942, 2959, 2980, 2055, 2965, 2483, 2482, 2482, 2998, 2965, 2933, 2207, 2969, 2969, 2968, 2933, 2490, 2963, 2464, 2719, 2563, 2167, 2814, 2345, 2815, 2818, 2819, 2820, 2820, 2821, 2818, 2542, 2416, 2272, 2272, 2784, 2542, 2257, 2822, 2173, 2173, 2172, 2257, 2975, 2344, 2345, 2580, 2581, 2578, 2572, 2571, 2954, 2761, 2760, 2609, 2609, 2608, 2761, 2453, 2455, 2916, 2916, 2335, 2453, 2167, 2692, 2719, 2005, 2172, 2171, 2571, 2572, 2573, 2345, 2814, 2975, 2171, 2748, 2005, 2911, 2698, 2697, 2697, 2802, 2911, 2576, 2053, 2056, 2056, 2577, 2576, 2021, 2107, 2109, 2109, 2441, 2021, 2573, 2574, 2571, 2575, 2374, 2138, 2138, 2137, 2575, 2567, 2568, 2569, 2528, 2537, 2751, 2751, 2689, 2528, 2802, 2082, 2081, 2081, 2911, 2802, 2759, 2758, 2126, 2544, 2543, 2854, 2854, 2792, 2544, 2954, 2559, 2572, 2429, 2779, 2780, 2780, 3000, 2429, 2915, 2046, 2588, 2588, 2217, 2915, 2490, 2489, 2216, 2216, 2450, 2490, 2995, 2289, 2952, 2952, 2740, 2995, 2580, 2425, 2517, 2517, 2516, 2580, 2723, 2722, 2498, 2811, 2812, 2813, 2560, 2561, 2562, 2562, 2563, 2560, 2443, 2564, 2565, 2565, 2305, 2443, 2398, 2566, 2427, 2427, 2426, 2398, 2235, 2234, 2823, 2823, 2824, 2235, 2213, 2825, 2654, 2654, 2826, 2213, 2643, 2556, 2174, 2174, 2722, 2643, 2815, 2781, 2814, 2498, 2497, 2723, 2836, 2837, 2834, 2459, 2603, 2606, 2726, 2831, 2077, 2077, 2727, 2726, 2754, 2179, 2975, 2344, 2975, 2179, 2964, 2766, 2794, 2827, 2423, 2247, 2296, 2866, 2628, 2628, 2698, 2296, 2779, 2429, 2432, 2432, 2926, 2779, 2560, 2720, 2833, 2833, 2791, 2560, 2566, 2830, 2829, 2834, 2835, 2836, 2423, 2827, 2828, 2828, 2424, 2423, 2025, 2026, 2027, 2027, 2028, 2025, 2809, 2793, 2794, 2035, 2036, 2037, 2037, 2038, 2035, 2179, 2178, 2344, 2367, 2895, 2806, 2806, 2669, 2367, 2402, 2616, 2617, 2617, 2161, 2402, 2887, 2704, 2083, 2345, 2287, 2947, 2947, 2815, 2345, 2794, 2810, 2809, 2338, 2337, 2940, 2940, 2718, 2338, 2376, 2664, 2141, 2043, 2044, 2045, 2045, 2046, 2043, 2718, 2717, 2990, 2990, 2338, 2718, 2764, 2832, 2668, 2185, 2584, 2507, 2352, 2929, 2361, 2361, 2708, 2352, 2620, 2619, 2266, 2266, 2371, 2620, 2583, 2585, 2586, 2624, 2406, 2480, 2480, 2479, 2624, 2774, 2971, 2170, 2205, 2442, 2923, 2923, 2972, 2205, 2170, 2927, 2774, 2586, 2587, 2583, 2551, 2582, 2583, 2583, 2263, 2551, 2507, 2186, 2185, 2247, 2246, 2827, 2975, 2646, 2754, 2794, 2712, 2964, 2039, 2040, 2041, 2041, 2042, 2039, 2031, 2032, 2033, 2033, 2034, 2031, 2083, 2082, 2887, 2511, 2948, 2693, 2053, 2054, 2055, 2055, 2056, 2053, 2057, 2058, 2059, 2059, 2060, 2057, 2061, 2062, 2063, 2693, 2670, 2511, 2811, 2973, 2974, 2708, 2707, 2353, 2949, 2191, 2068, 2068, 2067, 2949, 2646, 2975, 2814, 2411, 2410, 2808, 2808, 2655, 2411, 2047, 2048, 2049, 2049, 2050, 2047, 2558, 2049, 2048, 2048, 2559, 2558, 2357, 2839, 1988, 1988, 1987, 2357, 2726, 2840, 2841, 2841, 2831, 2726, 2814, 2647, 2646, 2353, 2352, 2708, 2668, 2667, 2764, 2829, 2427, 2566, 2046, 2045, 2250, 2250, 2588, 2046, 2141, 2461, 2376, 2547, 2548, 2439, 2555, 2234, 2237, 2237, 2556, 2555, 2752, 2719, 2692, 2160, 2159, 2842, 2842, 2843, 2160, 2979, 2969, 2207, 2537, 2827, 2246, 1996, 2065, 2066, 2921, 2950, 2445, 2246, 2751, 2537, 2445, 2444, 2921, 2207, 2206, 2979, 2240, 2239, 2304, 2304, 2962, 2240, 2184, 2259, 2476, 2476, 2725, 2184, 2669, 2806, 2405, 2692, 2816, 2752, 2551, 2552, 2549, 2541, 2417, 2416, 2416, 2542, 2541, 2106, 2009, 2010, 2010, 2475, 2106, 2439, 2006, 2547, 2217, 2216, 2489, 2974, 2852, 2811, 2606, 2838, 2459, 2762, 2040, 2884, 2884, 2785, 2762, 2834, 2433, 2436, 2479, 2322, 2760, 2760, 2759, 2479, 2436, 2662, 2834, 2549, 2550, 2551, 2845, 2846, 2176, 2176, 2753, 2845, 2401, 2524, 2523, 2639, 2659, 2844, 2844, 2132, 2639, 2608, 2711, 2710, 2710, 2761, 2608, 2800, 2243, 2242, 2391, 2390, 2369, 2803, 2804, 2802, 2663, 2190, 2110, 2110, 2148, 2663, 2405, 2521, 2669, 2802, 2697, 2803, 2063, 2064, 2061, 2066, 1997, 1996, 2658, 2657, 2980, 2589, 2590, 2591, 2591, 2592, 2589, 2347, 2346, 2181, 2181, 2180, 2347, 2015, 2670, 2469, 2469, 2403, 2015, 2369, 2351, 2391, 2489, 2915, 2217, 2448, 2447, 2543, 2543, 2544, 2448, 2101, 2545, 2546, 2546, 2098, 2101, 2060, 2162, 2242, 2242, 2057, 2060, 2980, 2959, 2658, 2849, 2850, 2847, 2851, 2852, 2721, 2721, 2853, 2851, 2242, 2801, 2800, 2098, 2546, 2857, 2857, 2858, 2098, 2855, 2856, 2792, 2084, 2085, 2086, 2851, 2853, 2472, 2966, 2917, 2622, 2622, 2621, 2966, 2076, 2077, 2078, 2078, 2079, 2076, 2080, 2081, 2082, 2082, 2083, 2080, 2847, 2848, 2849, 2007, 2142, 2904, 2981, 2311, 2251, 2251, 2928, 2981, 2709, 2746, 2154, 2154, 2153, 2709, 2365, 2297, 2911, 2134, 2873, 2023, 2472, 2471, 2851, 2201, 2446, 2241, 2241, 2202, 2201, 2523, 2744, 2401, 2842, 2261, 2372, 2372, 2686, 2842, 2521, 2405, 2408, 2408, 2320, 2521, 2904, 2674, 2007, 2098, 2099, 2100, 2100, 2101, 2098, 2349, 2467, 2996, 2652, 2059, 2058, 2058, 2513, 2652, 2129, 2130, 2477, 2477, 2456, 2129, 2699, 2550, 2531, 2797, 2798, 2799, 2799, 2177, 2797, 2792, 2854, 2855, 2284, 2344, 2178, 2094, 2095, 2096, 2096, 2097, 2094, 2090, 2091, 2092, 2996, 2346, 2349, 2531, 2538, 2537, 2023, 2135, 2134, 2330, 2889, 2463, 2463, 2331, 2330, 2004, 2257, 2172, 2172, 2005, 2004, 2559, 2048, 2678, 2092, 2093, 2090, 2086, 2087, 2084, 2819, 2983, 2957, 2957, 2913, 2819, 2911, 2081, 2365, 2460, 2982, 2316, 2316, 2315, 2460, 2659, 2875, 2899, 2537, 2528, 2531, 2178, 2514, 2284, 2784, 2272, 2275, 2631, 2936, 2960, 2130, 2095, 2861, 2861, 2862, 2130, 2864, 2597, 2600, 2600, 2865, 2864, 2108, 2109, 2107, 2387, 2385, 2894, 2597, 2598, 2599, 2423, 2422, 2601, 2601, 2247, 2423, 2930, 2567, 2570, 2275, 2540, 2784, 2686, 2372, 2373, 2373, 2488, 2686, 2502, 2501, 2047, 2533, 2534, 2535, 2535, 2536, 2533, 2899, 2844, 2659, 2268, 2939, 2400, 2400, 2388, 2268, 2047, 2532, 2502, 2894, 2607, 2387, 2531, 2530, 2699, 2804, 2803, 2783, 2678, 2572, 2559, 2783, 2888, 2804, 2528, 2529, 2530, 2530, 2531, 2528, 2101, 2100, 2329, 2329, 2527, 2101, 2065, 2685, 2687, 2219, 2451, 2450, 2627, 2544, 2792, 2793, 2042, 2712, 2712, 2794, 2793, 2789, 2790, 2392, 2792, 2036, 2627, 2795, 2043, 2738, 2332, 2682, 2527, 2599, 2600, 2597, 2584, 2359, 2358, 2579, 2578, 2362, 2362, 2602, 2579, 2450, 2216, 2219, 2684, 2484, 1994, 1994, 1993, 2684, 2570, 2941, 2930, 2261, 2842, 2159, 2159, 2258, 2261, 2013, 2103, 2724, 2724, 2419, 2013, 2984, 2668, 2832, 2832, 2983, 2984, 2527, 2329, 2332, 2110, 2111, 2112, 2107, 2038, 2108, 2112, 2113, 2110, 2960, 2713, 2631, 2012, 2102, 2103, 2103, 2013, 2012, 2104, 2105, 2009, 2009, 2106, 2104, 2987, 2991, 2694, 2938, 2339, 2960, 2960, 2936, 2938, 2122, 2123, 2087, 2718, 2940, 2065, 2065, 1996, 2718, 2122, 2288, 2291, 2291, 2788, 2122, 2115, 2114, 2116, 2611, 2294, 2323, 2323, 2895, 2611, 2825, 2409, 2411, 2411, 2654, 2825, 2687, 2066, 2065, 2087, 2086, 2747, 2694, 2088, 2987, 2508, 2278, 2279, 2279, 2618, 2508, 2112, 2932, 2032, 2032, 2031, 2112, 2392, 2791, 2789, 2116, 2117, 2115, 2118, 2119, 2120, 2120, 2121, 2118, 2738, 2796, 2795, 2866, 2340, 2343, 2343, 2628, 2866, 2358, 2507, 2584, 2496, 2473, 2486, 2486, 2871, 2496, 2358, 2357, 1987, 1987, 2278, 2358, 2474, 2741, 2740, 2980, 2746, 2056, 2187, 2260, 2259, 2365, 2133, 2136, 2136, 2366, 2365, 2995, 2671, 2922, 2514, 2178, 2177, 2177, 2799, 2514, 2095, 2130, 2129, 2087, 2124, 2122, 2125, 2126, 2127, 2133, 2134, 2135, 2135, 2136, 2133, 2127, 2128, 2125, 2259, 2184, 2187, 2740, 2952, 2474, 2188, 2721, 2852, 2368, 2350, 2351, 2351, 2369, 2368, 2582, 2564, 2585, 2579, 2422, 2425, 2425, 2580, 2579, 2071, 2068, 2191, 2129, 2096, 2095, 2412, 2518, 2517, 2517, 2413, 2412, 2168, 2167, 2563, 2563, 2562, 2168, 2585, 2583, 2582, 2003, 2438, 2903, 2903, 2859, 2003, 2852, 2974, 2188, 2026, 2025, 2554, 2554, 2553, 2026, 2621, 2633, 2723, 2723, 2966, 2621, 2850, 2849, 2910, 2910, 2360, 2850, 2034, 2033, 2593, 2593, 2869, 2034, 2197, 2196, 2158, 2158, 2157, 2197, 2668, 2984, 2226, 2226, 2225, 2668, 2743, 2512, 2018, 2018, 2017, 2743, 2704, 2887, 2889, 2889, 2330, 2704, 2546, 2868, 2867, 2624, 2479, 2759, 2759, 2125, 2624, 2236, 2728, 2729, 2191, 2190, 2071, 2713, 2025, 2028, 2858, 2882, 2099, 2099, 2098, 2858, 2922, 2290, 2995, 2473, 2472, 2487, 2487, 2486, 2473, 2117, 2116, 2244, 2244, 2243, 2117, 2677, 2676, 2745, 2745, 2626, 2677, 2867, 2857, 2546, 2371, 2152, 2632, 2843, 2940, 2337, 2337, 2160, 2843, 2186, 2507, 2508, 2508, 2782, 2186, 2744, 2862, 2402, 2875, 2876, 2614, 2691, 2690, 2956, 2322, 2281, 2609, 2609, 2760, 2322, 2783, 2784, 2540, 2540, 2539, 2783, 2785, 2786, 2763, 2763, 2762, 2785, 2729, 2787, 2236, 2632, 2620, 2371, 2564, 2443, 2445, 2445, 2585, 2564, 2838, 2606, 2951, 2951, 2985, 2838, 2150, 2149, 2350, 2350, 2368, 2150, 2090, 2929, 2592, 2592, 2591, 2090, 2137, 2138, 2139, 2139, 2140, 2137, 2056, 2055, 2980, 2747, 2124, 2087, 2957, 2832, 2763, 2763, 2786, 2957, 2522, 2523, 2524, 2524, 2525, 2522, 2157, 2158, 2159, 2159, 2160, 2157, 2153, 2154, 2155, 2782, 2508, 2618, 2618, 2468, 2782, 2877, 2734, 2878, 2878, 2379, 2877, 2169, 2146, 2167, 2873, 2874, 2024, 2024, 2023, 2873, 2614, 2314, 2875, 2402, 2401, 2744, 2761, 2710, 2942, 2155, 2156, 2153, 2942, 2758, 2761, 2163, 2164, 2162, 2147, 2521, 2320, 2516, 2517, 2518, 2160, 2337, 2336, 2149, 2150, 2147, 2085, 2084, 2992, 2992, 2454, 2085, 2619, 2879, 2267, 2267, 2266, 2619, 2956, 2944, 2691, 2319, 2663, 2148, 2148, 2147, 2319, 2147, 2148, 2149, 2430, 2772, 2773, 2773, 2431, 2430, 2028, 2631, 2713, 2320, 2319, 2147, 2882, 2858, 2873, 2672, 2102, 2787, 2787, 2729, 2672, 2012, 2011, 2174, 2170, 2171, 2172, 2172, 2173, 2170, 2836, 2994, 2675, 2167, 2168, 2169, 2113, 2112, 2031, 2301, 2667, 2595, 2595, 2594, 2301, 2575, 2861, 2095, 2095, 2094, 2575, 2791, 2392, 2395, 2395, 2561, 2791, 2434, 2433, 2917, 2299, 2897, 2866, 2822, 2257, 2255, 2255, 2805, 2822, 2518, 2333, 2516, 2276, 2117, 2243, 2243, 2800, 2276, 2031, 2214, 2113, 2917, 2966, 2434, 2162, 2060, 2163, 2866, 2296, 2299, 2937, 2630, 2409, 2409, 2825, 2937, 2193, 2204, 2978, 2978, 2194, 2193, 2555, 2642, 2151, 2151, 2807, 2555, 2873, 2134, 2882, 2174, 2175, 2012, 2176, 2177, 2178, 2178, 2179, 2176, 2900, 2998, 2885, 2885, 2886, 2900, 2994, 2778, 2506, 2506, 2675, 2994, 2951, 2885, 2998, 2648, 2789, 2833, 2881, 2212, 2211, 2885, 2605, 2650, 2650, 2886, 2885, 2484, 2483, 2880, 2880, 1994, 2484, 2211, 2292, 2881, 2605, 2606, 2603, 2675, 2906, 2836, 2833, 2645, 2648, 2552, 2551, 2263, 2263, 2262, 2552, 2187, 2186, 2782, 2782, 2119, 2187, 2998, 2482, 2951, 2250, 2249, 2317, 2317, 2651, 2250, 2164, 2163, 2166, 2166, 2165, 2164, 2416, 2415, 2273, 2273, 2272, 2416, 2336, 2157, 2160, 2603, 2604, 2605, 2491, 2464, 2467, 2201, 2200, 2666, 2666, 2447, 2201, 2184, 2185, 2186, 2286, 2334, 2510, 2905, 2622, 2917, 2529, 2568, 2907, 2907, 2530, 2529, 2779, 2206, 2209, 2209, 2780, 2779, 2597, 2864, 2785, 2785, 2884, 2597, 2887, 2804, 2888, 2666, 2776, 2777, 2777, 2665, 2666, 2467, 2349, 2491, 2390, 2389, 2370, 2847, 2269, 2610, 2610, 2706, 2847, 2263, 2583, 2587, 2587, 2264, 2263, 2608, 2609, 2280, 2342, 2506, 2778, 2778, 2418, 2342, 2043, 2046, 2739, 2739, 2738, 2043, 1992, 1991, 2965, 2965, 2872, 1992, 2514, 2515, 2285, 2285, 2284, 2514, 2434, 2497, 2500, 2370, 2369, 2390, 2619, 2620, 2621, 2621, 2622, 2619, 2064, 2063, 2325, 2325, 2410, 2064, 2192, 2193, 2194, 2194, 2195, 2192, 2681, 2075, 2613, 2850, 2270, 2269, 2142, 2267, 2879, 2733, 2735, 2638, 2638, 2637, 2733, 2616, 2137, 2140, 2140, 2617, 2616, 2294, 2611, 2612, 2612, 2295, 2294, 2613, 2074, 2614, 2614, 2615, 2613, 2269, 2076, 2079, 2079, 2610, 2269, 2280, 2607, 2608, 2879, 2904, 2142, 2944, 2457, 2382, 2382, 2691, 2944, 2500, 2435, 2434, 2200, 2892, 2776, 2776, 2666, 2200, 2518, 2412, 2660, 2660, 2955, 2518, 2750, 2973, 2547, 2547, 2748, 2750, 2917, 2837, 2905, 2186, 2187, 2184, 2874, 2873, 2858, 2190, 2191, 2111, 2111, 2110, 2190, 2858, 2857, 2874, 2465, 2464, 2963, 2772, 1999, 2002, 2839, 2634, 2380, 2380, 1988, 2839, 2984, 2997, 2883, 2883, 2226, 2984, 2963, 2532, 2465, 2749, 2971, 2918, 2196, 2197, 2198, 2198, 2199, 2196, 2200, 2201, 2202, 2202, 2203, 2200, 2572, 2678, 2986, 2008, 2007, 2674, 2351, 2215, 1986, 2511, 2018, 2512, 2512, 2513, 2511, 2125, 2128, 2623, 2623, 2624, 2125, 2918, 2756, 2749, 2683, 2428, 2427, 2427, 2829, 2683, 2028, 2027, 2062, 2062, 2061, 2028, 2888, 2889, 2887, 2892, 2598, 2893, 2893, 2776, 2892, 2674, 2505, 2008, 2233, 2767, 2774, 2214, 2031, 2034, 2613, 2896, 2681, 2898, 2156, 2557, 2557, 2679, 2898, 2536, 2364, 2771, 2810, 2794, 2766, 2766, 2765, 2810, 2627, 2036, 2625, 2210, 2211, 2212, 2212, 2213, 2210, 2755, 2720, 2719, 2719, 2752, 2755, 2002, 2773, 2772, 2771, 2533, 2536, 2774, 2775, 2233, 2206, 2207, 2208, 2208, 2209, 2206, 1986, 2391, 2351, 2861, 2575, 2137, 2137, 2616, 2861, 2004, 2003, 2859, 2859, 2256, 2004, 2625, 2626, 2627, 2510, 2509, 2286, 2607, 2894, 2711, 2711, 2608, 2607, 2370, 2611, 2895, 2895, 2367, 2370, 2269, 2847, 2850, 2026, 2204, 2205, 2205, 2027, 2026, 2138, 2376, 2461, 2461, 2139, 2138, 2576, 2894, 2385, 2648, 2647, 2769, 2196, 2901, 2356, 2649, 2604, 2458, 2458, 2902, 2649, 2077, 2076, 2271, 2971, 2749, 2171, 2171, 2170, 2971, 2113, 2149, 2148, 2762, 2763, 2764, 2769, 2770, 2648, 2767, 2233, 2227, 2227, 2768, 2767, 2385, 2384, 2576, 2542, 2803, 2697, 2697, 2541, 2542, 2716, 2715, 2436, 2436, 2435, 2716, 2216, 2217, 2218, 2218, 2219, 2216, 2971, 2774, 2767, 2767, 2918, 2971, 2548, 2813, 2440, 2440, 2439, 2548, 2034, 2215, 2214, 2628, 2343, 2417, 2417, 2541, 2628, 2986, 2573, 2572, 2987, 2644, 2273, 2273, 2415, 2987, 2177, 2176, 2846, 2038, 2037, 2224, 2224, 2108, 2038, 2123, 2122, 2788, 2192, 2195, 2788, 2229, 2230, 2231, 2231, 2232, 2229, 2901, 2840, 2476, 2897, 2958, 2340, 2334, 2955, 2870, 2870, 2510, 2334, 2340, 2866, 2897, 2982, 2460, 2830, 2830, 2566, 2982, 2788, 2977, 2123, 2846, 2797, 2177, 2512, 2743, 2523, 2150, 2669, 2521, 2938, 2292, 2222, 2173, 2928, 2927, 2927, 2170, 2173, 2521, 2147, 2150, 2222, 2339, 2938, 2788, 2291, 2192, 2271, 2727, 2077, 2356, 2158, 2196, 2764, 2300, 2762, 2801, 2242, 2162, 2162, 2634, 2801, 2053, 2576, 2384, 2384, 2386, 2053, 2523, 2522, 2512, 2280, 2609, 2281, 2760, 2761, 2758, 2904, 2879, 2905, 2905, 2906, 2904, 2465, 2050, 2208, 2983, 2999, 2997, 2997, 2984, 2983, 2080, 2882, 2134, 2386, 2943, 2054, 2806, 2480, 2406, 2091, 2930, 2941, 2941, 2092, 2091, 2877, 2874, 2857, 2857, 2867, 2877, 2248, 2045, 2044, 2044, 2210, 2248, 2622, 2905, 2879, 2789, 2648, 2770, 2770, 2790, 2789, 2944, 2956, 2097, 2097, 2096, 2944, 2955, 2660, 2914, 2914, 2870, 2955, 2054, 2053, 2386, 2476, 2356, 2901, 2233, 2022, 2228, 2228, 2227, 2233, 2406, 2405, 2806, 2148, 2110, 2113, 2354, 2440, 2813, 2813, 2988, 2354, 2879, 2619, 2622, 2908, 2964, 2712, 2748, 2171, 2749, 2749, 2750, 2748, 2907, 2303, 2305, 2752, 2753, 2754, 2754, 2755, 2752, 2229, 2238, 2239, 2239, 2240, 2229, 2568, 2529, 2688, 2688, 2569, 2568, 2343, 2342, 2418, 2485, 2192, 2291, 2291, 2290, 2485, 2532, 2963, 2449, 2449, 2502, 2532, 2712, 2302, 2908, 2758, 2759, 2760, 2750, 2749, 2756, 2501, 2502, 2503, 2503, 2504, 2501, 2341, 2505, 2506, 2506, 2342, 2341, 2507, 2358, 2278, 2278, 2508, 2507, 2642, 2555, 2556, 2556, 2643, 2642, 2435, 2500, 2519, 2519, 2716, 2435, 2756, 2757, 2750, 2326, 2306, 2309, 2309, 2327, 2326, 2208, 2466, 2465, 2566, 2398, 2397, 2996, 2933, 2968, 2968, 2863, 2996, 2094, 2737, 2374, 2374, 2575, 2094, 2297, 2296, 2698, 2698, 2911, 2297, 2699, 2565, 2564, 2633, 2621, 2620, 2424, 2828, 2961, 2961, 2413, 2424, 2962, 2591, 2590, 2590, 2240, 2962, 2634, 2162, 2164, 2164, 2380, 2634, 2397, 2982, 2566, 2044, 2043, 2795, 2061, 2630, 2631, 2631, 2028, 2061, 2097, 2399, 2737, 2737, 2094, 2097, 2494, 2493, 2972, 2972, 2923, 2494, 2620, 2632, 2633, 2545, 2681, 2896, 2896, 2702, 2868, 2889, 2888, 2696, 2696, 2463, 2889, 2234, 2235, 2236, 2236, 2237, 2234, 2134, 2133, 2080, 2795, 2636, 2044, 2689, 2688, 2529, 2856, 2855, 2909, 2909, 2629, 2856, 2634, 2839, 2910, 2105, 2104, 2124, 2124, 2747, 2105, 2544, 2627, 2745, 2745, 2448, 2544, 2989, 2453, 2335, 2335, 2338, 2989, 2702, 2615, 2703, 2450, 2449, 2963, 2747, 2086, 2990, 2990, 2717, 2747, 2695, 2778, 2994, 2529, 2528, 2689, 2499, 2500, 2497, 2647, 2814, 2781, 2781, 2769, 2647, 2910, 2801, 2634, 2243, 2244, 2057, 2064, 2409, 2630, 2630, 2061, 2064, 2057, 2242, 2243, 2564, 2582, 2699, 2305, 2565, 2907, 2418, 2417, 2343, 2230, 2495, 2496, 2496, 2231, 2230, 2493, 2494, 2306, 2306, 2326, 2493, 2497, 2498, 2499, 2833, 2789, 2791, 2549, 2961, 2828, 2260, 2261, 2258, 2251, 2252, 2253, 2253, 2254, 2251, 2045, 2248, 2249, 2249, 2250, 2045, 2820, 2913, 1999, 2591, 2962, 2091, 2677, 2680, 2912, 2912, 2221, 2677, 2179, 2754, 2753, 2962, 2304, 2930, 2791, 2561, 2560, 2287, 2286, 2509, 2509, 2947, 2287, 2052, 2051, 2713, 2646, 2645, 2755, 2755, 2754, 2646, 2561, 2395, 2729, 2798, 2797, 2860, 2860, 2363, 2798, 2930, 2091, 2962, 2091, 2090, 2591, 2778, 2991, 2418, 2835, 2661, 2695, 2603, 2459, 2070, 2070, 2069, 2603, 2175, 2787, 2102, 2102, 2012, 2175, 2963, 2490, 2450, 2713, 2960, 2052, 2039, 2777, 2776, 2776, 2893, 2039, 2846, 2845, 2030, 2030, 2029, 2846, 2132, 2131, 2155, 2156, 2155, 2131, 2131, 2557, 2156, 2632, 2642, 2643, 2491, 2492, 2489, 2413, 2517, 2425, 2425, 2424, 2413, 2862, 2744, 2478, 2478, 2130, 2862, 2799, 2581, 2515, 2515, 2514, 2799, 2155, 2639, 2132, 2036, 2792, 2856, 2050, 2465, 2532, 2532, 2047, 2050, 2262, 2263, 2264, 2264, 2265, 2262, 2828, 2538, 2549, 2293, 2292, 2211, 2211, 2636, 2293, 2753, 2176, 2179, 2835, 2834, 2662, 2730, 2293, 2636, 2636, 2795, 2730, 2856, 2037, 2036, 2257, 2004, 2256, 2256, 2255, 2257, 2258, 2259, 2260, 2744, 2523, 2743, 2277, 2115, 2117, 2076, 2269, 2270, 2270, 2271, 2076, 2272, 2273, 2274, 2274, 2275, 2272, 2060, 2059, 2268, 2268, 2163, 2060, 2235, 2925, 2728, 2728, 2236, 2235, 2288, 2122, 2124, 2124, 2104, 2288, 2676, 2446, 2448, 2448, 2745, 2676, 1999, 2772, 2820, 2743, 2478, 2744, 2395, 2394, 2672, 2252, 2251, 2311, 2302, 2301, 2594, 2594, 2908, 2302, 2896, 2613, 2615, 2615, 2702, 2896, 2657, 2154, 2746, 2746, 2980, 2657, 2973, 2750, 2757, 2757, 2974, 2973, 2489, 2490, 2491, 2481, 2482, 2483, 2483, 2484, 2481, 2193, 2192, 2485, 2485, 2442, 2193, 2672, 2729, 2395, 2592, 2355, 2742, 2742, 2589, 2592, 2364, 2035, 2038, 2038, 2107, 2364, 2577, 2056, 2746, 2746, 2709, 2577, 2826, 2249, 2248, 2305, 2239, 2238, 2822, 2981, 2928, 2840, 2901, 2935, 2935, 2841, 2840, 2895, 2323, 2480, 2480, 2806, 2895, 2307, 2740, 2741, 2741, 2308, 2307, 2662, 2661, 2835, 2643, 2633, 2632, 2153, 2942, 2710, 2710, 2709, 2153, 2959, 2703, 2876, 2893, 2884, 2040, 2040, 2039, 2893, 2353, 2437, 2440, 2440, 2354, 2353, 2589, 2742, 2470, 2470, 2495, 2589, 2117, 2276, 2277, 2262, 2377, 2414, 2311, 2310, 2252, 2961, 2414, 2413, 2645, 2646, 2647, 2647, 2648, 2645, 2730, 2796, 2967, 2967, 2245, 2730, 2504, 2986, 2678, 2827, 2537, 2538, 2538, 2828, 2827, 2825, 2213, 2212, 2212, 2937, 2825, 2238, 2229, 2232, 2876, 2658, 2959, 2396, 2956, 2690, 2690, 2641, 2396, 2341, 2340, 2958, 2958, 2635, 2341, 2604, 2649, 2650, 2284, 2285, 2286, 2286, 2287, 2284, 2278, 1987, 1990, 1990, 2279, 2278, 2280, 2281, 2282, 2282, 2283, 2280, 2380, 2164, 2165, 2165, 2381, 2380, 2843, 2842, 2686, 2686, 2685, 2843, 2238, 2443, 2305, 2414, 2552, 2262, 2928, 2173, 2822, 2775, 2774, 2927, 2927, 2254, 2775, 2813, 2812, 2988, 2876, 2703, 2615, 2615, 2614, 2876, 2596, 2912, 2680, 2292, 2293, 2223, 2223, 2222, 2292, 3000, 2821, 2430, 2311, 2981, 2993, 2993, 2312, 2311, 2745, 2627, 2626, 2232, 2231, 2891, 2703, 2959, 2736, 2736, 2700, 2703, 2288, 2289, 2290, 2290, 2291, 2288, 2204, 2026, 2553, 2553, 2978, 2204, 2581, 2580, 2516, 2680, 2534, 2596, 2483, 2965, 1991, 2748, 2547, 2006, 2513, 2512, 2522, 2522, 2652, 2513, 2678, 2501, 2504, 2558, 2953, 3000, 2471, 2470, 2742, 2742, 2988, 2471, 2232, 2444, 2238, 2248, 2213, 2826, 2650, 2605, 2604, 2588, 2250, 2651, 2651, 2421, 2588, 1991, 2880, 2483, 2830, 2838, 2985, 2985, 2829, 2830, 2114, 2526, 2693, 2281, 2294, 2295, 2295, 2282, 2281, 2936, 2631, 2630, 2630, 2937, 2936, 2516, 2515, 2581, 2534, 2310, 2313, 2313, 2596, 2534, 2323, 2322, 2479, 2261, 2260, 2118, 2118, 2372, 2261, 2479, 2480, 2323, 2086, 2085, 2989, 2989, 2990, 2086, 2006, 2005, 2748, 2693, 2116, 2114, 3000, 2780, 2558, 2786, 2000, 2913, 2035, 2364, 2536, 2536, 2625, 2035, 2913, 2957, 2786, 2397, 2396, 2641, 2234, 2555, 2807, 2807, 2823, 2234, 2891, 2890, 2232, 2625, 2036, 2035, 2771, 2364, 2020, 2430, 2429, 3000, 2771, 2252, 2533, 2680, 2535, 2534, 2042, 2793, 2777, 2777, 2039, 2042, 2839, 2357, 2360, 2019, 2253, 2020, 2735, 2733, 2700, 2700, 2736, 2735, 2355, 2354, 2988, 2584, 2185, 2727, 2727, 2271, 2584, 2733, 2734, 2701, 2333, 2285, 2515, 2515, 2516, 2333, 2333, 2518, 2955, 2296, 2297, 2298, 2298, 2299, 2296, 2049, 2558, 2780, 2780, 2209, 2049, 2360, 2910, 2839, 2408, 2407, 2182, 2182, 2653, 2408, 2955, 2334, 2333, 2956, 2396, 2399, 2399, 2097, 2956, 2654, 2411, 2655, 2016, 2404, 2456, 2456, 2477, 2016, 2695, 2694, 2991, 2991, 2778, 2695, 2471, 2988, 2812, 2812, 2851, 2471, 2143, 2945, 2525, 2525, 2524, 2143, 2655, 2656, 2654, 2641, 2640, 2397, 2772, 2430, 2821, 2821, 2820, 2772, 2764, 2763, 2832, 2868, 2546, 2545, 2545, 2896, 2868, 1999, 2913, 2000, 2820, 2819, 2913, 2303, 2304, 2239, 2653, 2321, 2320, 2953, 2954, 2818, 3000, 2953, 2821, 2818, 2954, 2999, 2957, 2983, 2832, 2988, 2742, 2355, 2598, 2597, 2884, 2884, 2893, 2598, 2477, 2478, 2017, 2657, 2658, 2659, 2659, 2639, 2657, 2377, 2378, 2660, 2661, 2662, 2324, 2324, 2089, 2661, 2660, 2412, 2377, 2320, 2408, 2653, 2732, 2198, 2197, 2054, 2735, 2736, 2736, 2055, 2054, 2426, 2737, 2399, 2399, 2398, 2426, 2348, 2738, 2739, 2739, 2492, 2348, 2701, 2700, 2733, 2664, 2376, 2375, 2190, 2663, 2072, 2798, 2578, 2581, 2581, 2799, 2798, 2938, 2881, 2292, 2915, 2739, 2046, 2119, 2782, 2468, 2468, 2120, 2119, 2855, 2810, 2765, 2765, 2909, 2855, 2848, 2705, 2276, 2276, 2800, 2848, 2283, 2387, 2607, 2818, 2821, 2953, 2072, 2071, 2190, 2375, 2428, 2664, 2667, 2301, 2300, 2817, 2030, 2845, 2154, 2657, 2639, 2639, 2155, 2154, 2103, 2673, 2934, 2934, 2724, 2103, 2845, 2816, 2817, 2017, 2016, 2477, 2239, 2305, 2303, 2041, 2300, 2301, 2301, 2302, 2041, 2868, 2702, 2701, 2701, 2867, 2868, 2804, 2887, 2082, 2082, 2802, 2804, 2300, 2764, 2667, 2312, 2313, 2310, 2756, 2918, 2919, 2492, 2491, 2349, 2349, 2348, 2492, 2837, 2917, 2433, 2492, 2739, 2915, 2915, 2489, 2492, 2916, 2731, 2336, 2306, 2307, 2308, 2308, 2309, 2306, 2300, 2041, 2040, 2040, 2762, 2300, 2212, 2881, 2937, 2210, 2213, 2248, 2485, 2290, 2922, 2310, 2311, 2312, 2939, 2268, 2059, 2669, 2150, 2368, 2667, 2668, 2225, 2665, 2543, 2447, 2447, 2666, 2665, 2735, 2054, 2943, 2225, 2595, 2667, 2336, 2335, 2916, 2050, 2049, 2209, 2209, 2208, 2050, 2730, 2795, 2796, 2498, 2011, 2014, 2014, 2499, 2498, 2665, 2777, 2793, 2793, 2809, 2665, 2059, 2652, 2939, 2720, 2755, 2645, 2727, 2185, 2725, 2561, 2729, 2728, 2293, 2730, 2245, 2245, 2223, 2293, 2197, 2731, 2732, 2919, 2714, 2756, 2918, 2767, 2768, 2453, 2989, 2085, 2747, 2717, 2105, 2990, 2989, 2338, 2446, 2676, 2220, 2220, 2241, 2446, 2438, 2437, 2920, 2433, 2834, 2837, 2645, 2833, 2720, 2259, 2258, 2356, 2210, 2044, 2636, 2636, 2211, 2210, 2981, 2822, 2805, 2545, 2101, 2527, 2527, 2681, 2545, 2495, 2230, 2590, 2590, 2589, 2495, 2874, 2877, 2379, 2379, 2024, 2874, 2410, 2325, 2328, 2328, 2808, 2410, 2607, 2280, 2283, 2943, 2638, 2735, 2470, 2471, 2472, 2356, 2476, 2259, 2920, 2903, 2438, 2444, 2232, 2890, 2728, 2562, 2561, 2890, 2921, 2444, 2922, 2923, 2442, 2442, 2485, 2922, 2105, 2717, 1995, 2347, 2796, 2738, 2322, 2323, 2294, 2325, 2326, 2327, 2329, 2330, 2331, 2331, 2332, 2329, 2725, 2185, 2184, 2725, 2726, 2727, 2633, 2643, 2722, 2722, 2723, 2633, 2168, 2925, 2462, 2462, 2169, 2168, 2407, 2623, 2183, 2183, 2182, 2407, 2494, 2671, 2307, 2307, 2306, 2494, 2812, 2811, 2852, 2852, 2851, 2812, 2768, 2919, 2918, 2995, 2290, 2289, 2771, 2020, 2253, 2253, 2252, 2771, 2084, 2087, 2123, 2288, 2104, 2289, 2321, 2073, 2319, 2472, 2473, 2470, 2344, 2284, 2287, 2837, 2836, 2906, 2906, 2905, 2837, 2340, 2341, 2342, 2460, 2459, 2838, 2838, 2830, 2460, 2562, 2728, 2925, 1995, 2009, 2105, 2289, 2104, 2106, 2106, 2952, 2289, 2598, 2892, 2924, 2285, 2333, 2334, 2334, 2286, 2285, 2335, 2336, 2337, 2337, 2338, 2335, 2342, 2343, 2340, 2670, 2015, 2018, 2018, 2511, 2670, 2559, 2954, 2953, 2953, 2558, 2559, 2796, 2347, 2180, 2180, 2967, 2796, 2925, 2235, 2824, 2824, 2462, 2925, 2738, 2348, 2347, 2011, 2498, 2722, 2910, 2849, 2801, 2722, 2174, 2011, 2327, 2328, 2325, 2319, 2320, 2321, 2294, 2281, 2322, 2368, 2367, 2669, 2348, 2349, 2346, 2797, 2846, 2029, 2029, 2860, 2797, 2478, 2477, 2130, 2662, 2436, 2715, 2215, 2351, 2350, 2352, 2353, 2354, 2354, 2355, 2352, 2929, 2090, 2093, 2093, 2361, 2929, 2254, 2927, 2928, 2924, 2599, 2598, 2925, 2168, 2562, 2350, 2214, 2215, 2287, 2345, 2344, 2346, 2347, 2348, 2805, 2993, 2981, 2578, 2798, 2363, 2363, 2362, 2578, 2360, 2359, 2270, 2270, 2850, 2360, 2715, 2324, 2662, 2017, 2478, 2743, 2928, 2251, 2254, 2271, 2270, 2359, 2359, 2584, 2271, 2734, 2877, 2867, 2867, 2701, 2734, 2671, 2995, 2740, 2740, 2307, 2671, 2671, 2494, 2923, 2923, 2922, 2671, 2455, 2970, 2916, 2831, 2078, 2077, 2972, 2062, 2027, 2258, 2159, 2158, 2705, 2277, 2276, 2530, 2907, 2565, 2854, 2809, 2810, 2500, 2499, 2520, 2717, 2718, 1996, 1996, 1995, 2717, 2563, 2719, 2720, 2720, 2560, 2563, 2020, 2364, 2107, 2359, 2360, 2357, 2107, 2021, 2020, 2027, 2205, 2972, 2606, 2605, 2885, 2885, 2951, 2606, 2383, 2382, 2457, 2611, 2370, 2389, 2389, 2612, 2611, 2404, 2383, 2456, 2158, 2356, 2258, 2357, 2358, 2359, 2731, 2197, 2157, 2157, 2336, 2731, 2994, 2836, 2835, 2835, 2695, 2994, 2422, 2579, 2602, 2602, 2601, 2422, 2149, 2113, 2214, 2214, 2350, 2149, 2999, 2954, 2571, 2571, 2997, 2999, 2099, 2083, 2704, 2567, 2930, 2304, 2304, 2303, 2567, 2111, 2931, 2932, 2062, 2972, 2493, 1988, 2380, 2381, 2372, 2118, 2121, 2121, 2373, 2372, 2367, 2368, 2369, 2369, 2370, 2367, 2297, 2365, 2366, 2810, 2855, 2854, 2339, 2052, 2960, 2466, 2208, 2207, 2787, 2175, 2237, 2931, 2111, 2191, 2495, 2470, 2473, 2473, 2496, 2495, 2977, 2976, 2123, 2415, 2418, 2991, 2991, 2987, 2415, 2366, 2298, 2297, 2520, 2519, 2500, 2195, 2977, 2788, 2565, 2699, 2530, 2025, 2713, 2051, 2051, 2554, 2025, 2042, 2041, 2302, 2302, 2712, 2042, 2237, 2236, 2787, 2871, 2891, 2231, 2133, 2365, 2081, 2081, 2080, 2133, 2374, 2375, 2376, 2376, 2138, 2374, 2377, 2262, 2265, 2265, 2378, 2377, 2022, 2233, 2775, 2901, 2196, 2199, 2375, 2374, 2737, 2737, 2426, 2375, 2757, 2756, 2714, 2714, 2189, 2757, 2394, 2946, 2673, 2673, 2672, 2394, 2231, 2496, 2871, 2466, 2467, 2464, 2464, 2465, 2466, 2513, 2058, 2948, 2948, 2511, 2513, 2199, 2935, 2901, 2191, 2949, 2931, 2310, 2534, 2533, 2533, 2252, 2310, 2493, 2063, 2062, 2709, 2710, 2711, 2711, 2577, 2709, 2932, 2112, 2111, 2704, 2100, 2099, 2207, 2933, 2466, 2244, 2948, 2058, 2058, 2057, 2244, 2163, 2268, 2388, 2381, 1989, 1988, 2388, 2166, 2163, 2392, 2393, 2394, 2394, 2395, 2392, 2396, 2397, 2398, 2398, 2399, 2396, 2538, 2531, 2550, 2505, 2674, 2675, 2675, 2506, 2505, 2676, 2677, 2221, 2083, 2099, 2882, 2882, 2080, 2083, 1993, 2141, 2664, 2406, 2624, 2623, 2664, 2684, 1993, 2848, 2847, 2706, 2706, 2705, 2848, 2102, 2672, 2673, 2673, 2103, 2102, 2929, 2352, 2355, 2355, 2592, 2929, 2048, 2047, 2501, 2501, 2678, 2048, 2438, 2003, 2006, 2006, 2439, 2438, 2775, 2019, 2022, 2658, 2876, 2875, 2875, 2659, 2658, 2623, 2407, 2406, 2894, 2576, 2577, 2577, 2711, 2894, 2330, 2329, 2100, 2084, 2123, 2976, 2314, 2899, 2875, 2075, 2074, 2613, 2946, 2934, 2673, 2644, 2274, 2273, 2089, 2088, 2694, 2976, 2992, 2084, 2128, 2183, 2623, 2685, 2065, 2940, 2940, 2843, 2685, 2016, 2015, 2403, 2403, 2404, 2016, 2405, 2406, 2407, 2407, 2408, 2405, 2074, 2314, 2614, 2318, 2317, 2249, 2700, 2701, 2702, 2702, 2703, 2700, 2100, 2704, 2330, 2401, 2402, 2161, 2161, 2144, 2401, 2734, 2733, 2637, 2637, 2878, 2734, 2550, 2549, 2538, 2936, 2937, 2881, 2881, 2938, 2936, 2221, 2220, 2676, 2505, 2341, 2635, 2635, 2008, 2505, 2683, 2481, 2484, 2484, 2684, 2683, 2682, 2075, 2681, 2409, 2064, 2410, 2378, 2914, 2660, 2999, 2983, 2819, 2819, 2818, 2999, 2790, 2393, 2392, 2499, 2014, 2420, 2420, 2520, 2499, 2249, 2826, 2318, 2933, 2996, 2467, 2467, 2466, 2933, 2585, 2445, 2950, 2950, 2586, 2585, 2680, 2677, 2626, 2626, 2535, 2680, 2681, 2527, 2682, 2524, 2401, 2144, 2144, 2143, 2524, 2126, 2898, 2679, 2679, 2127, 2126, 2826, 2654, 2656, 2656, 2318, 2826, 2800, 2801, 2849, 2849, 2848, 2800, 2410, 2411, 2409, 2412, 2413, 2414, 2414, 2377, 2412, 2888, 2783, 2539, 2539, 2696, 2888, 2088, 2644, 2987, 2652, 2522, 2525, 2525, 2939, 2652, 2419, 2420, 2014, 2948, 2244, 2116, 2786, 2785, 2864, 2966, 2723, 2497, 2497, 2434, 2966, 2433, 2434, 2435, 2435, 2436, 2433, 2864, 2000, 2786, 2424, 2425, 2422, 2428, 2375, 2426, 2429, 2430, 2431, 2431, 2432, 2429, 2853, 2487, 2472, 2415, 2416, 2417, 2417, 2418, 2415, 2014, 2013, 2419, 2684, 2664, 2428, 2459, 2460, 2315, 2315, 2070, 2459, 2784, 2783, 2803, 2457, 2944, 2096, 2096, 2129, 2457, 2426, 2427, 2428, 2422, 2423, 2424, 2393, 2946, 2394, 2541, 2697, 2698, 2698, 2628, 2541, 2582, 2551, 2550, 2550, 2699, 2582, 2939, 2525, 2945, 2945, 2400, 2939, 2428, 2683, 2684, 2116, 2693, 2948, 2204, 2193, 2442, 2442, 2205, 2204, 2437, 2438, 2439, 2439, 2440, 2437, 2443, 2238, 2444, 2444, 2445, 2443, 2441, 2228, 2022, 2685, 2686, 2488, 2206, 2779, 2926, 2926, 2979, 2206, 2022, 2021, 2441, 2758, 2942, 2898, 2898, 2126, 2758, 2346, 2996, 2863, 2863, 2181, 2346, 2152, 2151, 2642, 2326, 2325, 2063, 2215, 2034, 2869, 2869, 1986, 2215, 2997, 2571, 2574, 2574, 2883, 2997, 2217, 2588, 2421, 2421, 2218, 2217, 2661, 2089, 2694, 2260, 2187, 2119, 2119, 2118, 2260, 2670, 2693, 2526, 2526, 2469, 2670, 2063, 2493, 2326, 2694, 2695, 2661, 2642, 2632, 2152, 2464, 2491, 2490, 2985, 2951, 2482, 2482, 2481, 2985, 2892, 2200, 2203, 2203, 2924, 2892, 2055, 2736, 2959, 2803, 2542, 2784, 2543, 2665, 2809, 2809, 2854, 2543, 2446, 2201, 2447, 2447, 2448, 2446, 2449, 2450, 2451, 2451, 2452, 2449, 2692, 2167, 2146, 2982, 2397, 2640, 2640, 2316, 2982, 2456, 2383, 2457, 2146, 2145, 2692, 2906, 2675, 2674, 2674, 2904, 2906, 2663, 2319, 2073, 2073, 2072, 2663, 2862, 2861, 2616, 2616, 2402, 2862, 2970, 2732, 2731, 2731, 2916, 2970, 2488, 2687, 2685, 2454, 2455, 2453, 2457, 2129, 2456, 2453, 2085, 2454, 2872, 2965, 2998, 2998, 2900, 2872, 2475, 2474, 2952, 2011, 2012, 2013, 2013, 2014, 2011, 2009, 1995, 1998, 1998, 2010, 2009, 2126, 2125, 2759, 2175, 2174, 2556, 2556, 2237, 2175, 2813, 2548, 2811, 2015, 2016, 2017, 2017, 2018, 2015, 2019, 2020, 2021, 2021, 2022, 2019, 2816, 2845, 2753, 2753, 2752, 2816, 2952, 2106, 2475, 2303, 2907, 2568, 2974, 2757, 2189, 2189, 2188, 2974, 2840, 2726, 2725, 2725, 2476, 2840, 2037, 2856, 2629, 2629, 2224, 2037, 2569, 2570, 2567, 2625, 2536, 2535, 2535, 2626, 2625, 2548, 2547, 2973, 2578, 2579, 2580, 2973, 2811, 2548, 2254, 2253, 2019, 2019, 2775, 2254, 2568, 2567, 2303, 3008, 3009, 3006, 3460, 3987, 3514, 3006, 3007, 3008, 3002, 3529, 3059, 3059, 3611, 3002, 3543, 3666, 3317, 3258, 3257, 3578, 3578, 3309, 3258, 3346, 3707, 3708, 3708, 3959, 3346, 3387, 3386, 3848, 3848, 3810, 3387, 3948, 3976, 3535, 3847, 3646, 3649, 3649, 3777, 3847, 3637, 3799, 3975, 3877, 3876, 3378, 3766, 3765, 3406, 3873, 3775, 3446, 3721, 3164, 3221, 3221, 3722, 3721, 3446, 3445, 3873, 3620, 3619, 3409, 3409, 3408, 3620, 3631, 3632, 3633, 3666, 3543, 3546, 3546, 3817, 3666, 3836, 3373, 3055, 3798, 3926, 3919, 3919, 3799, 3798, 3437, 3677, 3911, 3911, 3434, 3437, 3577, 3235, 3234, 3912, 3681, 3852, 3858, 3883, 3598, 3598, 3597, 3858, 3831, 3427, 3830, 3795, 3605, 3487, 3487, 3009, 3795, 3685, 3684, 3753, 3315, 3442, 3136, 3753, 3934, 3685, 3830, 3766, 3831, 3970, 3061, 3064, 3268, 3294, 3668, 3668, 3269, 3268, 3064, 3624, 3970, 3544, 3612, 3614, 3933, 3110, 3835, 3992, 3509, 3508, 3539, 3971, 3623, 3985, 3979, 3989, 3989, 3023, 3985, 3505, 3693, 3694, 3996, 3394, 3397, 3397, 3828, 3996, 3686, 3972, 3562, 3316, 3248, 3317, 3317, 3115, 3316, 3322, 3323, 3324, 3318, 3319, 3320, 3320, 3321, 3318, 3562, 3634, 3686, 3665, 3182, 3185, 3185, 3829, 3665, 3203, 3990, 3517, 3517, 3516, 3203, 3326, 3327, 3325, 3328, 3329, 3330, 3330, 3331, 3328, 3381, 3017, 3058, 3058, 3057, 3381, 3324, 3200, 3322, 3325, 3237, 3326, 3658, 3657, 3699, 3699, 3145, 3697, 3695, 3156, 3159, 3623, 3986, 3539, 3508, 3232, 3992, 3694, 3558, 3505, 3835, 3834, 3933, 3159, 3158, 3832, 3832, 3833, 3159, 3614, 3545, 3544, 3312, 3313, 3314, 3314, 3315, 3312, 3189, 3188, 3036, 3036, 3658, 3189, 3448, 3783, 3930, 3456, 3392, 3922, 3841, 3137, 3950, 3950, 3842, 3841, 3922, 3977, 3456, 3852, 3948, 3912, 3930, 3445, 3448, 3698, 3186, 3189, 3897, 3895, 3739, 3739, 3738, 3897, 3834, 3835, 3771, 3771, 3509, 3834, 3501, 3500, 3373, 3373, 3836, 3501, 3136, 3312, 3315, 3304, 3305, 3306, 3306, 3307, 3304, 3308, 3309, 3310, 3310, 3311, 3308, 3606, 3178, 3181, 3181, 3488, 3606, 3476, 3772, 3477, 3646, 3847, 3846, 3334, 3335, 3332, 3336, 3251, 3254, 3254, 3337, 3336, 3869, 3238, 3237, 3664, 3837, 3182, 3332, 3333, 3334, 3247, 3449, 3452, 3452, 3942, 3247, 3187, 3186, 3425, 3425, 3424, 3187, 3574, 3575, 3573, 3234, 3576, 3577, 3697, 3698, 3699, 3573, 3361, 3574, 3192, 3569, 3085, 3085, 3084, 3192, 3159, 3696, 3695, 3521, 3520, 3912, 3470, 3180, 3752, 3752, 3715, 3173, 3569, 3157, 3755, 3292, 3293, 3294, 3294, 3268, 3292, 3134, 3295, 3296, 3755, 3085, 3569, 3682, 3685, 3984, 3912, 3535, 3521, 3189, 3699, 3698, 3107, 3106, 3931, 3931, 3932, 3107, 3298, 3299, 3300, 3300, 3301, 3298, 3360, 3574, 3361, 3826, 3988, 4008, 4008, 3732, 3826, 3285, 3266, 3286, 3286, 3287, 3285, 3567, 3739, 3895, 3827, 3828, 3641, 3554, 3630, 3281, 3931, 3143, 3342, 3342, 3576, 3931, 3266, 3265, 3050, 3050, 3286, 3266, 3342, 3343, 3299, 3299, 3298, 3342, 3338, 3339, 3340, 3346, 3347, 3344, 3851, 3056, 3374, 3374, 3790, 3851, 3990, 3203, 3206, 3206, 4014, 3990, 3350, 3665, 3829, 3829, 3553, 3350, 3958, 3990, 4014, 4014, 3943, 3958, 3905, 3514, 3415, 3415, 3734, 3905, 3237, 3325, 3869, 3340, 3341, 3338, 3846, 3673, 3646, 3820, 3819, 3837, 3923, 3999, 3360, 3361, 3573, 3792, 3895, 3564, 3567, 3477, 3835, 3110, 3110, 3933, 3111, 3296, 3297, 3134, 3458, 3141, 4003, 4003, 4005, 3458, 3594, 3806, 3583, 3583, 3582, 3594, 3142, 3461, 3692, 3031, 3955, 3302, 3302, 3032, 3031, 3860, 3874, 3875, 3095, 3094, 3501, 3501, 3196, 3095, 3350, 3351, 3348, 3502, 3693, 3760, 3590, 3592, 3829, 3829, 3185, 3590, 3071, 3370, 3369, 3369, 3747, 3071, 3344, 3345, 3346, 3146, 3657, 3660, 3660, 3963, 3146, 3760, 3638, 3502, 3348, 3349, 3350, 3012, 3163, 3465, 3465, 3728, 3012, 3500, 3552, 3374, 3374, 3373, 3500, 3641, 3615, 3827, 3182, 3665, 3664, 3281, 3555, 3554, 3586, 3641, 3828, 3927, 3788, 3731, 3909, 3908, 3926, 3578, 3929, 3930, 3930, 3579, 3578, 3731, 3730, 3927, 3926, 3798, 3909, 3551, 3568, 3789, 3789, 3552, 3551, 3116, 3666, 3817, 3751, 3754, 3924, 3837, 3838, 3183, 3183, 3182, 3837, 3112, 3284, 3242, 3837, 3664, 3820, 3817, 3816, 3116, 3242, 3241, 3112, 3856, 3825, 3441, 3441, 3440, 3856, 3817, 3546, 3719, 3692, 3343, 3142, 3662, 3650, 3652, 3652, 3735, 3662, 3719, 3814, 3817, 3309, 3578, 3579, 3579, 3310, 3309, 3577, 3298, 3301, 3580, 3420, 3439, 3828, 3397, 3586, 3526, 3523, 3332, 3332, 3335, 3526, 3292, 3421, 3776, 3287, 3286, 3443, 3776, 3139, 3292, 3212, 3978, 3524, 3164, 3078, 3222, 3222, 3221, 3164, 3344, 3700, 3701, 3701, 3702, 3344, 3808, 3981, 3958, 3699, 3189, 3658, 3145, 3699, 3657, 3657, 3146, 3145, 3524, 3083, 3212, 3069, 3358, 3197, 3197, 3836, 3069, 3625, 3902, 3809, 3809, 3626, 3625, 3958, 3805, 3808, 3439, 3785, 3580, 3510, 3509, 3771, 3541, 3974, 3862, 3862, 3972, 3541, 3402, 3587, 3396, 3277, 3278, 3279, 3133, 3132, 3275, 3463, 3462, 3976, 3689, 3688, 3484, 3484, 3483, 3689, 3996, 3940, 3938, 3396, 3906, 3402, 3691, 3791, 3235, 3938, 3871, 3996, 3264, 3856, 3440, 3976, 3948, 3463, 3924, 3005, 3751, 3526, 3874, 3925, 3925, 3482, 3526, 3440, 3265, 3264, 3721, 3720, 3022, 3022, 3025, 3721, 3443, 3403, 3287, 3356, 3125, 3357, 3357, 3131, 3356, 3352, 3353, 3354, 3354, 3355, 3352, 3588, 3043, 3939, 3939, 3642, 3588, 3811, 3724, 3727, 3727, 3384, 3811, 3550, 3779, 3781, 3781, 3773, 3550, 3903, 3408, 3411, 3411, 3431, 3903, 3625, 3044, 3047, 3047, 3935, 3625, 3380, 3014, 3017, 3017, 3381, 3380, 3537, 3813, 3212, 3212, 3211, 3537, 3486, 3006, 3009, 3009, 3487, 3486, 3282, 3283, 3281, 3658, 3036, 3039, 3039, 3659, 3658, 3275, 3276, 3133, 3235, 3577, 3691, 3279, 3280, 3277, 3281, 3280, 3282, 3875, 3886, 3860, 3506, 3505, 3558, 3564, 3565, 3566, 3157, 3569, 3570, 3570, 3158, 3157, 3522, 3703, 3339, 3339, 3338, 3522, 3566, 3567, 3564, 3155, 3154, 3568, 3568, 3551, 3155, 3358, 3359, 3198, 3198, 3197, 3358, 3494, 3998, 3513, 3070, 3980, 4007, 4007, 3982, 3070, 3236, 3573, 3575, 3575, 4015, 3236, 3651, 4006, 3301, 3301, 3300, 3651, 3513, 3492, 3494, 3936, 3767, 3376, 3271, 3272, 3273, 3263, 3264, 3265, 3265, 3266, 3263, 3267, 3268, 3269, 3269, 3270, 3267, 3257, 3258, 3259, 3259, 3260, 3257, 3045, 3044, 3261, 3261, 3262, 3045, 3273, 3274, 3271, 3585, 3584, 3635, 3635, 3690, 3585, 3127, 3126, 3686, 3686, 3687, 3127, 3680, 3681, 3519, 3771, 3770, 3510, 3301, 3691, 3577, 3688, 3689, 3629, 3629, 3628, 3688, 3576, 3342, 3298, 3900, 3345, 4002, 4002, 3901, 3900, 3298, 3577, 3576, 3943, 4014, 4013, 4013, 3353, 3943, 3404, 3554, 3555, 3325, 3045, 3262, 3262, 3869, 3325, 3560, 3561, 3562, 3562, 3563, 3560, 3555, 3240, 3404, 3556, 3426, 3429, 3429, 3557, 3556, 3688, 3304, 3307, 3307, 3484, 3688, 3290, 3973, 3270, 3270, 3269, 3290, 3558, 3559, 3506, 3684, 3685, 3682, 3880, 3857, 3437, 3216, 3256, 3255, 3985, 3720, 3723, 3723, 3329, 3985, 3253, 3254, 3251, 3255, 3213, 3216, 3251, 3252, 3253, 3988, 4009, 3899, 3899, 4008, 3988, 3872, 3148, 3151, 3881, 3962, 3961, 3961, 3882, 3881, 3284, 3705, 3706, 3959, 3951, 3347, 3362, 3363, 3364, 3364, 3365, 3362, 3347, 3346, 3959, 3824, 3506, 3559, 3376, 3375, 3936, 3826, 3818, 3820, 3503, 3845, 3937, 3937, 3840, 3503, 3820, 3737, 3826, 3151, 3704, 3872, 3238, 3042, 3041, 3041, 3237, 3238, 3244, 3209, 3208, 3437, 3436, 3880, 3519, 3515, 3680, 3682, 3683, 3684, 3015, 3677, 3678, 3678, 3016, 3015, 3674, 3072, 3675, 3191, 3010, 3013, 3013, 3679, 3191, 3065, 3535, 3976, 3976, 4001, 3065, 3234, 3233, 3205, 3760, 3504, 3839, 3839, 3761, 3760, 3205, 3932, 3234, 3559, 3825, 3824, 3821, 3822, 3823, 3823, 3627, 3821, 3818, 3066, 3819, 3819, 3820, 3818, 3311, 3514, 3987, 3988, 3826, 3737, 3338, 3332, 3523, 3952, 3960, 3780, 3780, 3986, 3952, 3987, 3308, 3311, 3979, 3985, 3329, 3329, 3328, 3979, 3765, 3348, 3351, 3351, 3406, 3765, 3222, 3581, 3390, 3390, 3223, 3222, 3072, 3071, 3747, 3747, 3675, 3072, 3076, 3075, 3616, 3616, 3749, 3076, 3583, 3921, 3352, 3352, 3584, 3583, 3812, 3455, 3457, 3239, 3240, 3241, 3241, 3242, 3239, 3392, 3391, 3774, 3774, 3922, 3392, 3245, 3246, 3247, 3247, 3248, 3245, 3208, 3243, 3244, 3675, 3433, 3674, 3672, 3673, 3572, 3572, 3571, 3672, 3835, 3477, 3772, 3737, 3736, 3988, 3523, 3522, 3338, 3459, 3027, 3987, 3987, 3460, 3459, 3060, 3367, 3366, 3353, 4013, 4012, 4012, 3354, 3353, 3366, 3057, 3060, 3739, 3567, 3830, 3830, 3740, 3739, 3758, 3757, 3788, 3788, 3927, 3758, 3455, 3812, 3723, 3295, 3438, 3404, 3404, 3296, 3295, 3904, 3250, 3758, 3667, 3412, 3251, 3230, 3750, 3920, 3815, 3444, 3130, 3096, 3104, 3144, 3144, 3232, 3096, 3233, 3234, 3235, 3235, 3236, 3233, 3457, 3813, 3812, 3251, 3336, 3667, 3231, 3226, 3225, 3818, 3826, 3732, 3558, 3694, 3199, 3178, 3606, 3713, 3252, 3018, 3021, 3021, 3253, 3252, 3043, 3042, 3938, 3938, 3939, 3043, 3730, 3768, 3219, 3679, 3711, 3192, 3219, 3927, 3730, 3192, 3191, 3679, 3153, 3152, 3372, 3372, 3371, 3153, 3707, 3507, 3510, 3510, 3708, 3707, 3772, 3771, 3835, 3868, 3851, 3790, 3790, 3557, 3868, 3569, 3192, 3711, 3711, 3570, 3569, 3465, 3227, 3794, 3794, 3793, 3465, 3461, 3460, 3905, 3905, 3692, 3461, 3999, 4012, 3574, 3225, 3230, 3231, 3574, 3360, 3999, 3130, 3816, 3815, 3920, 3231, 3230, 3599, 3846, 3847, 3847, 3450, 3599, 3512, 3844, 3493, 3493, 3492, 3512, 3845, 3503, 3506, 3506, 3824, 3845, 3217, 3841, 3842, 3842, 3843, 3217, 3687, 3706, 3705, 3117, 3116, 3816, 3816, 3130, 3117, 3499, 3094, 3093, 3354, 4012, 3999, 3999, 3103, 3354, 3960, 3952, 3951, 3123, 3122, 3131, 3131, 3357, 3123, 3312, 3136, 3139, 3647, 3092, 3095, 3706, 3242, 3284, 3331, 3330, 3537, 3537, 3536, 3331, 3095, 3648, 3647, 3570, 3711, 3712, 3712, 3713, 3570, 3199, 3915, 3558, 3027, 3026, 3308, 3308, 3987, 3027, 3848, 3824, 3825, 3825, 3856, 3848, 3223, 3224, 3221, 3162, 3225, 3226, 3226, 3227, 3162, 3097, 3096, 3232, 3232, 3508, 3097, 3723, 3722, 3455, 3991, 3933, 3834, 3834, 3992, 3991, 3214, 3052, 3588, 3870, 3945, 3395, 3588, 3215, 3214, 3258, 3026, 3029, 3029, 3259, 3258, 3582, 3583, 3584, 3584, 3585, 3582, 3782, 3949, 3310, 3435, 3653, 3910, 3963, 3964, 3991, 3802, 3983, 3383, 3310, 3579, 3782, 3980, 3595, 3598, 3221, 3222, 3223, 3217, 3218, 3219, 3219, 3220, 3217, 3711, 3679, 3917, 3917, 3712, 3711, 3705, 3127, 3687, 3758, 3218, 3904, 3213, 3214, 3215, 3215, 3216, 3213, 3608, 3229, 3914, 3914, 3609, 3608, 3698, 3697, 3489, 3489, 3913, 3698, 3872, 3152, 3155, 3714, 3173, 3715, 3715, 3716, 3714, 3103, 3102, 3355, 3983, 3811, 3384, 3384, 3383, 3983, 3019, 3018, 3879, 3879, 3878, 3019, 3850, 3770, 3773, 3773, 3781, 3850, 3628, 3438, 3304, 3093, 3907, 3499, 3951, 3959, 3960, 3183, 3368, 3369, 3369, 3184, 3183, 3139, 3776, 3312, 4001, 3976, 3462, 3462, 3838, 4001, 3910, 3436, 3435, 4006, 3965, 3691, 3691, 3301, 4006, 3598, 4007, 3980, 3594, 3593, 3669, 3669, 3670, 3594, 3596, 3003, 3671, 3395, 3394, 3870, 3185, 3184, 3589, 3291, 3290, 3269, 3269, 3668, 3291, 3671, 3597, 3596, 3725, 3111, 3964, 3964, 3726, 3725, 3589, 3590, 3185, 3968, 3909, 3798, 3713, 3712, 3178, 3939, 3938, 3940, 3940, 3941, 3939, 3304, 3688, 3628, 3297, 3296, 3239, 3239, 3661, 3297, 3630, 3277, 3280, 3280, 3281, 3630, 3857, 3880, 3883, 3883, 3858, 3857, 3690, 3635, 3804, 3732, 3190, 3818, 3155, 3907, 3872, 3934, 3340, 3513, 3635, 3355, 3102, 3102, 3804, 3635, 3636, 3401, 3549, 3375, 3376, 3377, 3377, 3378, 3375, 3513, 3998, 3934, 3056, 3055, 3373, 3373, 3374, 3056, 3355, 3354, 3103, 3007, 3194, 3494, 3960, 3850, 3781, 3235, 3791, 3236, 3781, 3780, 3960, 3565, 4009, 3764, 3764, 3566, 3565, 3915, 3916, 3559, 3083, 3082, 3211, 3211, 3212, 3083, 3559, 3558, 3915, 3993, 3028, 3027, 3864, 3257, 3260, 3260, 3865, 3864, 3798, 3636, 3968, 3499, 3551, 3552, 3552, 3500, 3499, 3351, 3350, 3553, 3553, 3407, 3351, 3330, 3812, 3813, 3813, 3537, 3330, 3814, 3815, 3816, 3816, 3817, 3814, 3452, 3451, 3612, 3385, 3053, 3052, 3379, 3380, 3381, 3381, 3382, 3379, 3804, 3803, 3690, 3549, 3968, 3636, 3027, 3459, 3993, 3031, 3030, 3889, 3593, 3594, 3582, 3889, 3888, 3031, 3940, 3996, 3828, 3828, 3827, 3940, 3894, 3362, 3365, 3365, 3518, 3894, 3075, 3074, 3617, 3866, 3700, 3750, 3750, 3230, 3866, 3205, 3206, 3203, 3383, 3803, 3802, 3672, 3149, 3092, 3827, 3210, 3941, 3383, 3384, 3039, 3052, 3214, 3385, 3766, 3830, 3567, 3396, 3397, 3394, 3391, 3392, 3223, 3254, 3253, 3120, 3567, 3566, 3766, 3120, 3393, 3254, 3223, 3390, 3391, 3718, 3719, 3546, 3359, 3530, 3533, 3533, 3198, 3359, 3717, 3703, 3528, 3528, 3527, 3717, 3695, 3892, 3423, 3423, 3422, 3695, 3494, 3008, 3007, 3092, 3647, 3672, 3681, 3912, 3520, 3201, 3202, 3199, 3207, 3208, 3209, 3209, 3210, 3207, 3203, 3204, 3205, 3617, 3616, 3075, 3910, 3034, 3962, 3962, 3881, 3910, 3681, 3680, 3853, 3853, 3852, 3681, 3812, 3330, 3329, 3243, 3796, 3797, 3797, 3244, 3243, 3329, 3723, 3812, 3278, 3639, 3644, 3644, 3279, 3278, 3073, 3674, 3433, 3433, 3432, 3073, 3894, 3893, 3015, 3015, 3014, 3894, 3117, 3122, 3121, 3039, 3038, 3383, 3840, 3839, 3504, 3575, 3574, 4012, 4012, 4013, 3575, 3386, 3387, 3388, 3388, 3389, 3386, 3121, 3114, 3117, 3143, 3931, 3106, 3504, 3503, 3840, 3394, 3395, 3396, 3406, 3351, 3407, 3398, 3399, 3400, 3106, 3140, 3143, 3941, 3940, 3827, 3191, 3192, 3084, 3084, 3193, 3191, 3520, 3519, 3681, 3195, 3196, 3197, 3197, 3198, 3195, 3199, 3200, 3201, 3582, 3466, 3593, 3595, 3596, 3597, 3597, 3598, 3595, 3605, 3606, 3488, 3599, 3600, 3601, 3601, 3602, 3599, 3884, 3097, 3508, 3508, 3507, 3884, 3744, 3019, 3878, 3878, 3745, 3744, 3114, 3121, 3021, 3400, 3401, 3398, 3296, 3404, 3240, 3240, 3239, 3296, 3021, 3020, 3114, 3410, 3411, 3408, 3407, 3177, 3406, 3845, 3386, 3389, 3389, 3937, 3845, 3642, 3939, 3941, 3941, 3643, 3642, 3720, 3721, 3722, 3722, 3723, 3720, 3724, 3725, 3726, 3726, 3727, 3724, 3548, 3549, 3401, 3401, 3400, 3548, 3788, 3787, 3994, 3246, 3245, 3746, 3746, 3918, 3246, 3184, 3185, 3182, 3186, 3187, 3188, 3188, 3189, 3186, 3178, 3179, 3180, 3180, 3181, 3178, 3182, 3183, 3184, 3087, 3086, 3367, 3367, 3060, 3087, 3911, 3893, 3479, 3479, 3478, 3911, 3215, 3588, 3642, 3642, 3639, 3215, 3908, 3909, 3547, 3547, 3001, 3908, 3593, 3187, 3424, 3424, 3669, 3593, 3252, 3251, 3412, 3408, 3409, 3410, 3945, 3946, 3947, 3660, 3659, 3727, 3727, 3726, 3660, 3612, 3544, 3452, 3942, 3452, 3544, 3728, 3729, 3013, 3730, 3731, 3318, 3318, 3272, 3730, 3017, 3016, 3610, 3610, 3058, 3017, 3013, 3012, 3728, 3194, 3984, 3998, 3998, 3494, 3194, 3546, 3545, 3718, 3034, 3910, 3653, 3708, 3510, 3770, 3770, 3850, 3708, 3653, 3035, 3034, 3386, 3845, 3824, 3824, 3848, 3386, 3785, 3784, 3849, 3174, 3175, 3176, 3176, 3177, 3174, 3849, 3580, 3785, 3196, 3501, 3836, 3836, 3197, 3196, 3426, 3556, 3741, 3421, 3292, 3268, 3268, 3267, 3421, 3415, 3416, 3417, 3417, 3418, 3415, 3947, 3395, 3945, 4011, 4010, 3512, 3512, 3511, 4011, 3228, 3048, 3051, 3051, 3414, 3228, 3463, 3855, 3944, 3964, 3111, 3933, 3933, 3991, 3964, 3716, 3715, 3179, 3179, 3917, 3716, 3853, 3890, 3903, 3903, 3854, 3853, 3104, 3697, 3145, 3412, 3413, 3252, 3145, 3144, 3104, 3436, 3910, 3881, 3881, 3880, 3436, 3339, 4011, 3511, 3994, 3731, 3788, 3413, 3879, 3018, 3058, 3610, 3611, 3611, 3059, 3058, 3488, 3487, 3605, 3665, 3350, 3349, 3115, 3317, 3666, 3944, 3464, 3463, 3544, 3543, 3942, 3982, 4007, 3882, 3882, 3961, 3982, 3450, 3847, 3777, 3157, 3156, 3891, 3891, 3755, 3157, 3743, 3742, 3754, 3754, 3751, 3743, 3794, 3759, 3064, 3064, 3063, 3794, 3777, 3451, 3450, 3921, 3943, 3353, 3353, 3352, 3921, 3741, 3740, 3426, 3666, 3116, 3115, 3603, 3604, 3166, 3166, 3165, 3603, 3607, 3608, 3609, 3609, 3202, 3607, 4001, 3819, 3066, 3929, 3873, 3445, 3206, 3205, 3233, 3167, 3168, 3169, 3169, 3170, 3167, 3942, 3317, 3248, 3066, 3065, 4001, 3548, 3751, 3005, 3005, 3004, 3548, 3231, 3920, 3622, 3622, 3621, 3231, 3855, 3463, 3948, 3324, 3769, 3454, 3438, 3628, 3554, 3554, 3404, 3438, 3759, 3621, 3624, 3624, 3064, 3759, 3809, 3810, 3264, 3264, 3263, 3809, 3066, 3818, 3190, 3190, 3067, 3066, 3957, 3220, 3767, 3767, 3936, 3957, 3581, 3379, 3382, 3382, 3390, 3581, 3349, 3664, 3665, 3249, 3303, 3786, 3288, 3995, 3274, 3274, 3273, 3288, 3786, 3757, 3249, 3394, 3996, 3871, 3018, 3252, 3413, 3299, 3733, 3652, 3652, 3300, 3299, 3511, 3340, 3339, 3248, 3247, 3942, 3233, 4015, 3206, 3024, 3079, 3078, 3951, 3920, 3750, 3525, 3524, 3978, 3978, 3977, 3525, 3542, 3174, 3177, 3177, 3407, 3542, 3283, 3656, 3555, 3949, 3782, 3785, 3920, 3951, 3952, 3825, 3559, 3916, 3916, 3441, 3825, 3137, 3136, 3442, 3442, 3950, 3137, 3454, 3453, 3324, 3948, 3852, 3855, 3158, 3159, 3156, 3783, 3448, 3823, 3823, 3784, 3783, 3750, 3347, 3951, 3445, 3930, 3929, 3154, 3155, 3152, 3160, 3161, 3162, 3162, 3163, 3160, 3078, 3164, 3024, 3156, 3157, 3158, 3220, 3219, 3768, 3768, 3767, 3220, 3289, 3288, 3273, 3441, 3916, 3914, 3914, 3414, 3441, 3871, 3870, 3394, 3800, 3793, 3091, 3273, 3321, 3289, 3645, 3289, 3321, 3321, 3320, 3645, 3091, 3714, 3800, 3201, 3453, 3129, 3785, 3439, 3949, 3929, 3578, 3257, 3555, 3281, 3283, 3861, 3953, 3954, 3954, 3089, 3861, 3774, 3367, 3086, 3703, 3717, 4011, 4011, 3339, 3703, 3426, 3427, 3428, 3428, 3429, 3426, 3430, 3431, 3432, 3432, 3433, 3430, 3131, 3130, 3444, 3444, 3356, 3131, 3543, 3544, 3545, 3545, 3546, 3543, 3454, 3357, 3125, 3626, 3809, 3263, 3430, 3944, 3855, 3280, 3279, 3797, 3797, 3282, 3280, 3343, 3692, 3733, 3733, 3299, 3343, 3854, 3903, 3431, 3431, 3430, 3854, 3230, 3225, 3471, 3345, 3344, 3702, 3702, 4002, 3345, 3600, 3599, 3450, 3450, 3449, 3600, 3471, 3866, 3230, 3060, 3059, 3529, 3874, 3860, 3088, 3088, 3925, 3874, 3895, 3897, 3898, 3898, 3896, 3895, 3148, 3149, 3150, 3863, 3313, 3775, 3775, 3873, 3863, 3125, 3124, 3454, 3086, 3474, 3774, 3434, 3435, 3436, 3436, 3437, 3434, 3417, 3439, 3420, 3440, 3441, 3414, 3414, 3051, 3440, 3305, 3304, 3438, 3438, 3295, 3305, 3257, 3864, 3929, 3952, 3622, 3920, 3313, 3863, 3405, 3405, 3314, 3313, 3953, 3709, 3928, 3928, 3954, 3953, 3398, 3637, 3887, 3887, 3886, 3398, 3136, 3137, 3138, 3138, 3139, 3136, 3150, 3151, 3148, 3152, 3153, 3154, 3146, 3147, 3144, 3129, 3128, 3201, 3909, 3968, 3967, 3967, 3547, 3909, 3612, 3613, 3532, 3532, 3614, 3612, 3416, 3949, 3439, 3439, 3417, 3416, 3286, 3050, 3049, 3049, 3443, 3286, 3420, 3419, 3417, 3805, 3806, 3807, 3807, 3808, 3805, 3629, 3256, 3277, 3277, 3630, 3629, 3769, 3123, 3357, 3232, 3144, 3147, 3147, 3992, 3232, 3140, 3141, 3142, 3142, 3143, 3140, 3144, 3145, 3146, 3633, 3661, 3706, 3529, 3087, 3060, 3706, 3687, 3633, 3224, 3223, 3392, 3392, 3456, 3224, 3611, 3671, 3003, 3080, 3364, 3363, 3455, 3224, 3456, 3456, 3457, 3455, 3458, 3459, 3460, 3445, 3446, 3447, 3447, 3448, 3445, 3164, 3721, 3025, 3025, 3024, 3164, 3736, 3737, 3349, 3349, 3348, 3736, 3738, 3739, 3740, 3740, 3741, 3738, 3563, 3562, 3972, 3972, 3862, 3563, 3735, 3652, 3733, 3263, 3997, 3626, 3855, 3854, 3430, 3419, 3663, 3418, 3418, 3417, 3419, 3733, 3734, 3735, 3990, 3958, 3981, 3981, 3517, 3990, 3476, 3550, 3773, 3773, 3772, 3476, 3531, 3966, 3614, 3614, 3532, 3531, 3003, 3002, 3611, 3218, 3758, 3927, 3927, 3219, 3218, 3132, 3133, 3134, 3134, 3135, 3132, 3122, 3117, 3130, 3130, 3131, 3122, 3889, 3135, 3632, 3451, 3452, 3449, 3971, 3970, 3624, 3624, 3623, 3971, 3922, 3774, 3474, 3720, 3985, 3023, 3023, 3022, 3720, 3163, 3162, 3227, 3227, 3465, 3163, 3188, 3466, 3037, 3460, 3461, 3458, 3462, 3463, 3464, 3464, 3368, 3462, 3030, 3132, 3135, 3119, 3118, 3283, 3283, 3282, 3119, 3805, 3958, 3943, 3491, 3490, 3565, 3619, 3496, 3497, 3497, 3409, 3619, 3357, 3454, 3769, 3955, 3031, 3888, 3888, 3956, 3955, 3124, 3129, 3453, 3453, 3454, 3124, 3565, 3564, 3491, 3363, 3077, 3080, 3632, 3631, 3889, 3323, 3393, 3769, 3769, 3324, 3323, 3692, 3905, 3734, 3551, 3499, 3907, 3294, 3375, 3378, 3378, 3668, 3294, 3240, 3555, 3656, 3656, 3241, 3240, 3403, 3402, 3906, 3906, 3287, 3403, 3907, 3155, 3551, 3141, 3458, 3461, 3461, 3142, 3141, 3408, 3903, 3890, 3854, 3855, 3852, 3890, 3620, 3408, 3734, 3733, 3692, 3677, 3437, 3857, 3857, 3678, 3677, 3322, 3694, 3693, 3693, 3502, 3322, 3944, 3430, 3433, 3433, 3675, 3944, 3147, 3146, 3963, 3963, 3991, 3147, 3446, 3421, 3267, 3267, 3447, 3446, 3488, 3181, 3469, 3469, 3485, 3488, 3135, 3134, 3297, 3297, 3632, 3135, 3411, 3410, 3616, 3139, 3138, 3293, 3293, 3292, 3139, 3587, 3586, 3397, 3397, 3396, 3587, 3218, 3217, 3843, 3843, 3904, 3218, 3900, 3884, 3507, 3135, 3889, 3030, 3943, 3921, 3805, 3138, 3957, 3936, 3936, 3293, 3138, 3892, 3695, 3696, 3696, 4010, 3892, 3717, 3892, 4010, 4010, 4011, 3717, 3756, 3475, 3160, 3474, 3676, 3922, 3466, 3582, 3585, 3585, 3037, 3466, 3604, 3167, 3170, 3170, 3166, 3604, 3160, 3011, 3756, 3449, 3450, 3451, 3632, 3297, 3661, 3661, 3633, 3632, 3616, 3617, 3411, 3448, 3447, 3627, 4014, 3206, 4015, 3627, 3823, 3448, 3078, 3077, 3581, 4015, 4013, 4014, 3038, 3690, 3803, 3120, 3121, 3122, 3122, 3123, 3120, 3114, 3115, 3116, 3116, 3117, 3114, 3581, 3222, 3078, 3052, 3040, 3043, 3043, 3588, 3052, 3810, 3809, 3902, 3852, 3853, 3854, 3409, 3497, 3748, 3748, 3410, 3409, 3399, 3398, 3886, 3679, 3013, 3729, 3729, 3917, 3679, 3886, 3875, 3399, 3737, 3820, 3664, 3279, 3644, 3244, 3244, 3797, 3279, 3659, 3039, 3384, 3916, 3915, 3609, 3609, 3914, 3916, 3664, 3349, 3737, 3453, 3201, 3200, 3384, 3727, 3659, 3507, 3707, 3900, 3229, 3228, 3414, 3414, 3914, 3229, 3884, 3900, 3901, 3901, 3885, 3884, 3764, 3736, 3348, 3348, 3765, 3764, 3382, 3381, 3057, 3057, 3366, 3382, 3673, 3672, 3647, 3803, 3383, 3038, 3833, 3832, 3605, 3813, 3457, 3978, 3978, 3212, 3813, 3605, 3795, 3833, 3859, 3858, 3597, 3850, 3960, 3959, 3019, 3744, 3316, 3959, 3708, 3850, 3316, 3020, 3019, 3255, 3689, 3483, 3336, 3638, 3762, 3762, 3667, 3336, 3101, 3801, 3804, 3804, 3102, 3101, 3256, 3216, 3278, 3278, 3277, 3256, 3163, 3012, 3011, 3011, 3160, 3163, 3037, 3036, 3188, 3200, 3324, 3453, 3068, 3521, 3535, 3915, 3199, 3202, 3202, 3609, 3915, 3020, 3316, 3115, 3799, 3637, 3636, 3728, 3465, 3793, 3793, 3800, 3728, 3801, 3802, 3803, 3803, 3804, 3801, 3796, 3119, 3282, 3282, 3797, 3796, 3115, 3114, 3020, 3636, 3798, 3799, 3472, 3473, 3471, 3009, 3008, 3493, 3483, 3640, 3255, 3597, 3671, 3859, 3106, 3107, 3108, 3108, 3109, 3106, 3104, 3096, 3099, 3099, 3105, 3104, 3092, 3093, 3094, 3902, 3625, 3935, 3935, 4000, 3902, 3265, 3440, 3051, 3647, 3646, 3673, 3051, 3050, 3265, 3272, 3318, 3321, 3321, 3273, 3272, 3533, 3532, 3613, 3154, 3738, 3741, 3741, 3568, 3154, 3246, 3600, 3449, 3790, 3374, 3552, 3844, 3833, 3795, 3493, 3795, 3009, 3795, 3493, 3844, 3846, 3599, 3602, 3449, 3247, 3246, 3536, 3537, 3211, 3211, 3538, 3536, 3332, 3338, 3341, 3341, 3333, 3332, 3902, 3387, 3810, 3102, 3103, 3100, 3094, 3095, 3092, 3096, 3097, 3098, 3098, 3099, 3096, 3100, 3101, 3102, 3362, 3894, 3014, 3014, 3380, 3362, 3998, 3984, 3685, 3685, 3934, 3998, 3923, 3100, 3103, 3103, 3999, 3923, 3241, 3656, 3113, 3657, 3658, 3659, 3659, 3660, 3657, 3010, 3191, 3193, 3193, 3534, 3010, 3309, 3308, 3026, 3118, 3113, 3656, 3656, 3283, 3118, 3742, 3743, 3334, 3334, 3333, 3742, 3245, 3744, 3745, 3713, 3832, 3158, 3341, 3340, 3934, 3552, 3789, 3790, 3934, 3753, 3341, 3602, 3618, 3846, 4009, 3565, 3490, 3490, 3899, 4009, 3464, 3944, 3675, 3675, 3747, 3464, 3158, 3570, 3713, 3613, 3778, 3533, 3471, 3161, 3472, 3427, 3831, 3176, 3176, 3428, 3427, 3113, 3112, 3241, 3035, 3653, 3654, 3654, 3655, 3035, 3062, 3090, 3091, 3091, 3063, 3062, 3856, 3264, 3810, 3678, 3857, 3858, 3858, 3859, 3678, 3860, 3861, 3089, 3089, 3088, 3860, 3016, 3678, 3859, 3810, 3848, 3856, 3859, 3610, 3016, 3063, 3091, 3793, 3787, 3788, 3757, 3789, 3556, 3557, 3557, 3790, 3789, 3791, 3792, 3573, 3573, 3236, 3791, 3793, 3794, 3063, 3782, 3783, 3784, 3784, 3785, 3782, 3757, 3786, 3787, 3748, 3536, 3538, 3538, 3749, 3748, 3033, 3275, 3132, 3745, 3746, 3245, 3371, 3898, 3897, 3591, 3542, 3407, 3077, 3078, 3079, 3079, 3080, 3077, 3407, 3553, 3591, 3213, 3255, 3640, 3640, 3498, 3213, 3832, 3713, 3606, 3410, 3748, 3749, 3606, 3605, 3832, 3564, 3895, 3896, 3896, 3491, 3564, 3897, 3153, 3371, 3749, 3616, 3410, 3210, 3209, 3643, 3237, 3041, 3763, 3763, 3326, 3237, 3293, 3936, 3375, 3375, 3294, 3293, 3057, 3058, 3059, 3059, 3060, 3057, 3061, 3062, 3063, 3063, 3064, 3061, 3643, 3941, 3210, 3863, 3864, 3865, 3065, 3066, 3067, 3067, 3068, 3065, 3893, 3894, 3518, 3518, 3479, 3893, 3319, 3563, 3862, 3862, 3320, 3319, 3300, 3652, 3650, 3646, 3647, 3648, 3648, 3649, 3646, 3026, 3258, 3309, 3639, 3642, 3643, 3643, 3644, 3639, 3650, 3651, 3300, 3256, 3629, 3689, 3227, 3226, 3759, 3759, 3794, 3227, 3744, 3245, 3248, 3248, 3316, 3744, 3743, 3400, 3399, 3965, 3792, 3791, 3791, 3691, 3965, 3768, 3730, 3272, 3459, 3458, 4005, 4005, 3993, 3459, 3799, 3919, 3710, 3153, 3897, 3738, 3738, 3154, 3153, 3710, 3975, 3799, 3963, 3660, 3726, 3726, 3964, 3963, 3694, 3322, 3200, 3200, 3199, 3694, 3305, 3133, 3276, 3946, 3997, 3285, 3285, 3947, 3946, 3876, 3291, 3668, 3668, 3378, 3876, 3141, 3140, 4004, 4004, 4003, 3141, 3703, 3522, 3480, 3480, 3528, 3703, 3604, 3603, 3496, 3496, 3619, 3604, 3892, 3717, 3527, 3272, 3271, 3768, 3045, 3325, 3327, 3487, 3488, 3485, 3634, 3633, 3687, 3777, 3649, 3778, 3779, 3540, 3780, 3780, 3781, 3779, 3687, 3686, 3634, 3680, 3168, 3890, 3890, 3853, 3680, 3345, 3900, 3707, 3707, 3346, 3345, 3132, 3030, 3033, 3363, 3362, 3380, 3370, 3589, 3184, 3184, 3369, 3370, 3431, 3411, 3617, 3617, 3432, 3431, 3530, 3531, 3532, 3535, 3065, 3068, 3368, 3464, 3747, 3747, 3369, 3368, 3527, 3423, 3892, 3867, 3701, 3700, 3749, 3538, 3081, 3865, 3405, 3863, 3700, 3866, 3867, 3786, 3955, 3956, 3956, 3787, 3786, 3167, 3604, 3619, 3619, 3620, 3167, 3621, 3622, 3623, 3623, 3624, 3621, 3800, 3714, 3716, 3716, 3729, 3800, 3399, 3334, 3743, 3673, 3846, 3618, 3618, 3572, 3673, 3253, 3021, 3121, 3121, 3120, 3253, 3538, 3211, 3082, 3610, 3859, 3671, 3671, 3611, 3610, 3866, 3471, 3473, 3473, 3867, 3866, 3778, 3613, 3777, 3485, 3486, 3487, 3327, 3046, 3045, 3689, 3255, 3256, 3946, 3945, 3262, 3561, 3631, 3634, 3634, 3562, 3561, 3740, 3830, 3427, 3168, 3167, 3620, 3376, 3271, 3274, 3274, 3377, 3376, 3320, 3862, 3974, 3262, 3261, 3946, 3974, 3645, 3320, 3427, 3426, 3740, 3040, 3052, 3053, 3053, 3054, 3040, 3048, 3049, 3050, 3050, 3051, 3048, 3040, 3041, 3042, 3663, 3662, 3735, 3700, 3344, 3347, 3347, 3750, 3700, 3883, 3882, 4007, 4007, 3598, 3883, 3806, 3805, 3921, 3921, 3583, 3806, 3380, 3379, 3363, 3149, 3672, 3571, 3082, 3081, 3538, 3676, 3525, 3977, 3977, 3922, 3676, 3775, 3776, 3421, 3421, 3446, 3775, 3391, 3366, 3367, 3367, 3774, 3391, 3046, 3047, 3044, 3276, 3306, 3305, 3620, 3890, 3168, 3081, 3076, 3749, 3787, 3956, 3560, 3560, 3994, 3787, 3638, 3336, 3337, 3337, 3502, 3638, 3216, 3215, 3639, 3639, 3278, 3216, 3973, 3821, 3627, 3627, 3270, 3973, 3626, 3261, 3044, 3401, 3636, 3637, 3945, 3870, 3869, 3742, 3753, 3684, 3684, 3754, 3742, 3751, 3548, 3400, 3400, 3743, 3751, 3772, 3773, 3770, 3893, 3911, 3677, 3677, 3015, 3893, 3571, 3150, 3149, 3875, 3335, 3334, 3770, 3771, 3772, 3333, 3341, 3753, 3753, 3742, 3333, 3186, 3698, 3913, 3913, 3425, 3186, 3107, 3204, 3495, 3495, 3108, 3107, 3492, 3493, 3008, 3334, 3399, 3875, 3869, 3262, 3945, 3532, 3533, 3530, 3637, 3398, 3401, 3044, 3625, 3626, 3861, 3860, 3886, 3888, 3889, 3631, 3649, 3648, 3195, 3195, 3778, 3649, 3504, 3760, 3693, 3693, 3505, 3504, 3044, 3045, 3046, 3735, 3418, 3663, 3712, 3917, 3179, 3179, 3178, 3712, 3261, 3626, 3997, 3997, 3946, 3261, 3331, 3497, 3496, 3214, 3213, 3498, 3498, 3385, 3214, 3094, 3499, 3500, 3500, 3501, 3094, 3502, 3337, 3323, 3323, 3322, 3502, 3435, 3434, 3172, 3172, 3171, 3435, 3393, 3120, 3123, 3123, 3769, 3393, 3496, 3328, 3331, 3470, 3469, 3181, 3181, 3180, 3470, 3715, 3752, 3180, 3180, 3179, 3715, 3603, 3979, 3328, 3328, 3496, 3603, 3523, 3526, 3482, 3482, 3481, 3523, 3522, 3523, 3481, 3475, 3472, 3161, 3204, 3107, 3932, 3932, 3205, 3204, 3074, 3073, 3432, 3432, 3617, 3074, 3722, 3221, 3224, 3224, 3455, 3722, 3042, 3043, 3040, 3395, 3947, 3906, 3906, 3396, 3395, 3975, 3710, 3709, 3709, 3953, 3975, 3644, 3643, 3209, 3209, 3244, 3644, 3885, 3098, 3097, 3886, 3887, 3861, 3497, 3331, 3536, 3997, 3263, 3266, 3757, 3758, 3250, 3250, 3249, 3757, 3175, 3468, 3428, 3428, 3176, 3175, 3077, 3363, 3379, 3379, 3581, 3077, 3566, 3764, 3765, 3968, 3549, 3969, 3969, 3967, 3968, 3767, 3768, 3271, 3271, 3376, 3767, 3731, 3994, 3319, 3319, 3318, 3731, 3143, 3142, 3343, 3008, 3494, 3492, 3390, 3382, 3366, 3366, 3391, 3390, 3880, 3881, 3882, 3882, 3883, 3880, 3631, 3561, 3888, 3266, 3285, 3997, 3036, 3037, 3038, 3038, 3039, 3036, 3467, 3868, 3557, 3557, 3429, 3467, 3238, 3869, 3870, 3870, 3871, 3238, 3831, 3406, 3177, 3177, 3176, 3831, 3287, 3906, 3947, 3568, 3741, 3556, 3556, 3789, 3568, 3030, 3031, 3032, 3032, 3033, 3030, 3026, 3027, 3028, 3337, 3254, 3393, 3393, 3323, 3337, 3509, 3510, 3507, 3503, 3504, 3505, 3505, 3506, 3503, 3126, 3541, 3972, 3972, 3686, 3126, 3765, 3766, 3566, 3226, 3231, 3621, 3995, 3877, 3377, 3481, 3480, 3522, 3161, 3160, 3475, 3377, 3274, 3995, 3947, 3285, 3287, 3536, 3748, 3497, 3133, 3305, 3295, 3295, 3134, 3133, 3097, 3884, 3885, 3833, 3844, 3696, 3028, 3029, 3026, 3042, 3238, 3871, 3210, 3827, 3615, 4009, 3988, 3736, 3736, 3764, 4009, 3778, 3195, 3198, 3198, 3533, 3778, 3696, 3159, 3833, 3622, 3952, 3986, 3986, 3623, 3622, 3864, 3863, 3873, 3873, 3929, 3864, 3171, 3654, 3653, 3955, 3786, 3303, 3303, 3302, 3955, 3907, 3093, 3148, 3653, 3435, 3171, 3784, 3823, 3822, 3806, 3594, 3670, 3670, 3807, 3806, 3511, 3512, 3492, 3492, 3513, 3511, 3343, 3342, 3143, 3311, 3310, 3949, 3949, 3416, 3311, 3507, 3508, 3509, 3844, 3512, 4010, 3451, 3777, 3613, 3196, 3195, 3648, 3613, 3612, 3451, 3137, 3841, 3957, 3957, 3138, 3137, 3447, 3267, 3270, 3128, 3607, 3202, 3202, 3201, 3128, 3734, 3415, 3418, 3418, 3735, 3734, 3270, 3627, 3447, 3187, 3593, 3466, 3466, 3188, 3187, 3584, 3352, 3355, 3355, 3635, 3584, 3549, 3548, 3004, 3004, 3969, 3549, 3592, 3591, 3553, 3553, 3829, 3592, 3148, 3872, 3907, 3979, 3603, 3165, 3165, 3989, 3979, 3457, 3456, 3977, 3977, 3978, 3457, 3535, 3912, 3948, 3579, 3930, 3783, 3783, 3782, 3579, 3697, 3104, 3105, 3105, 3489, 3697, 3621, 3759, 3226, 3638, 3760, 3761, 3761, 3762, 3638, 3600, 3246, 3918, 3918, 3601, 3600, 3147, 3991, 3992, 3992, 3834, 3509, 3819, 4001, 3838, 3932, 3931, 3576, 4010, 3696, 3844, 3871, 3938, 3042, 3387, 3902, 4000, 3233, 3236, 4015, 4015, 3575, 4013, 3838, 3462, 3368, 3368, 3183, 3838, 3994, 3560, 3563, 3986, 3780, 3540, 3168, 3680, 3515, 3515, 3169, 3168, 3956, 3888, 3561, 3561, 3560, 3956, 3540, 3539, 3986, 3874, 3526, 3335, 3152, 3872, 3704, 3704, 3372, 3152, 3204, 3203, 3516, 3516, 3495, 3204, 3149, 3148, 3093, 3838, 3837, 3819, 3093, 3092, 3149, 3648, 3095, 3196, 3335, 3875, 3874, 3576, 3234, 3932, 3037, 3585, 3690, 3690, 3038, 3037, 3615, 3207, 3210, 3313, 3312, 3776, 3776, 3775, 3313, 3514, 3311, 3416, 3887, 3975, 3953, 3953, 3861, 3887, 3468, 3467, 3429, 3429, 3428, 3468, 3041, 3040, 3054, 3156, 3695, 3422, 3422, 3891, 3156, 3434, 3911, 3478, 3478, 3172, 3434, 3011, 3010, 3534, 3534, 3756, 3011, 3090, 3173, 3714, 3714, 3091, 3090, 3822, 3849, 3784, 3161, 3471, 3225, 3225, 3162, 3161, 3378, 3377, 3877, 3841, 3217, 3220, 3220, 3957, 3841, 3975, 3887, 3637, 3317, 3942, 3543, 3966, 3718, 3545, 3545, 3614, 3966, 3661, 3239, 3242, 3054, 3763, 3041, 3416, 3415, 3514, 3242, 3706, 3661, 3014, 3015, 3016, 3016, 3017, 3014, 3140, 3106, 3109, 3109, 4004, 3140, 4000, 3388, 3387, 3018, 3019, 3020, 3020, 3021, 3018, 3630, 3554, 3628, 3628, 3629, 3630, 3683, 3924, 3754, 3754, 3684, 3683, 3563, 3319, 3994, 3633, 3634, 3631, 3728, 3800, 3729, 3729, 3716, 3917, 3010, 3011, 3012, 3012, 3013, 3010, 3406, 3831, 3766, 3511, 3513, 3340, 3055, 3069, 3836, 3514, 3905, 3460]
        point3f[] points = [(-0.0135355, -0.00797109, 0.00612254), (-0.0231143, -0.00754013, 0.012473897), (-0.023283, -0.0073012, 0.012524779), (-0.0135996, -0.0075665, 0.0059279115), (0.00240607, -0.0211053, 0.0019141388), (-0.00197716, -0.0207872, 0.0015827517), (-0.00194399, -0.0206064, 0.0015932071), (0.00308038, -0.0209337, 0.002043573), (-0.0201356, 0.0160599, 0.01100589), (-0.0205672, 0.015835, 0.011250166), (-0.00307148, 0.0215366, 0.0017279614), (-0.0040283, 0.0214563, 0.0019423821), (-0.00375876, 0.0215935, 0.00185589), (-0.00310587, 0.0216571, 0.0017039931), (-0.00300094, 0.0213394, 0.0017886021), (-0.00210366, 0.021626, 0.0015601328), (0.00262507, -0.0216167, 0.0017370409), (0.00427016, -0.0215062, 0.0021952265), (0.00524138, -0.0216018, 0.0024441052), (0.00335402, -0.0217186, 0.0018692005), (0.00983541, -0.0142383, 0.004287576), (0.0100192, -0.0138439, 0.0046950094), (0.0179634, -0.0143739, 0.008911399), (0.0177, -0.0147945, 0.008485802), (-0.0166844, 0.0166272, 0.008225886), (-0.01613, 0.0168886, 0.007567998), (-0.010434, 0.0169273, 0.004693247), (-0.0106727, 0.0167634, 0.004948528), (0.00113372, 0.021303, 0.0014333432), (0.00243515, 0.0217383, 0.0013302072), (0.0041755, 0.0216468, 0.0014692666), (0.0019119, 0.0211447, 0.0014505831), (0.00327076, 0.0218588, 0.0013559368), (0.0052641, 0.0217745, 0.0015815162), (-0.00629699, 0.0211555, 0.0026259196), (-0.00823569, 0.0208167, 0.0033711388), (-0.00906159, 0.0207925, 0.0037120061), (-0.00681457, 0.0211648, 0.0027994586), (-0.023772, 0.0128482, 0.014392072), (-0.0239811, 0.012729, 0.01456995), (0.0115676, 0.0198535, 0.0025457193), (0.0109515, 0.0201808, 0.002312777), (-0.00692692, -0.0201426, 0.0020953803), (-0.00960911, -0.020113, 0.0027242065), (-0.0106791, -0.0197416, 0.003103592), (-0.00737636, -0.0198172, 0.0021176515), (-0.0242154, 0.0125417, 0.0146719385), (-0.000899705, 0.0100598, 0.00323902), (-0.000917988, 0.010179, 0.0032027324), (0.0118539, 0.0110423, 0.005285063), (0.0119884, 0.0109282, 0.0053851614), (0.00681108, 0.0179295, 0.0026016438), (0.00653627, 0.018025, 0.0024972805), (0.0130275, 0.0186707, 0.0043983874), (0.0134869, 0.0185859, 0.004656035), (0.00697377, -0.0175755, 0.0034233003), (0.00658502, -0.0178682, 0.0029949402), (-0.00138141, -0.0171532, 0.0020788552), (-0.00137267, -0.0169707, 0.0022353274), (0.0132532, -0.00647716, 0.006095335), (0.0132059, -0.00689669, 0.0059807147), (-0.00032097, -0.00688, 0.00241239), (-0.000310731, -0.00648891, 0.002519997), (-0.0121916, 0.014042, 0.0053007584), (-0.00165141, 0.0145197, 0.002064694), (-0.00155406, 0.014201, 0.0023974073), (-0.01227, 0.0137157, 0.0056660543), (-0.0250747, 0.00261447, 0.015267361), (-0.0250244, 0.00277928, 0.015358318), (-0.0144509, 0.00252133, 0.0075441264), (-0.0144781, 0.00234012, 0.007427647), (0.0277519, -0.00363008, 0.017965343), (0.0278432, -0.00317884, 0.01774039), (-0.00200998, 0.0170407, 0.0024198913), (-0.00204191, 0.0171719, 0.0024284327), (0.00705396, 0.0178053, 0.0026522712), (0.020531, -0.0114328, 0.010797324), (0.0207704, -0.0109896, 0.0109299235), (0.0239118, -0.0109882, 0.013700417), (0.0236439, -0.0114279, 0.013516925), (-0.0235664, 0.0129704, 0.014163448), (0.017533, 0.0181351, 0.006486307), (0.0168016, 0.0184813, 0.006265168), (0.0210021, -0.0105491, 0.011216611), (0.0241724, -0.0105448, 0.014036583), (-0.00294676, -0.0213382, 0.0010440884), (-0.00201675, -0.0214092, 0.0010137039), (-0.002022, -0.0214963, 0.0009204573), (-0.00271417, -0.0214283, 0.0009469206), (0.0161117, -0.0166383, 0.0077460525), (0.0167955, -0.0161193, 0.007941921), (0.0194397, -0.0161727, 0.009896453), (0.0186734, -0.0166943, 0.009574908), (0.0143244, -0.0174663, 0.0069753435), (0.0148053, -0.0173255, 0.0072601745), (0.0171981, -0.0173915, 0.008851434), (0.0166501, -0.0175399, 0.008477753), (0.0133026, -0.017813, 0.006191263), (0.0138468, -0.0176127, 0.006647821), (0.0161061, -0.0176953, 0.008063311), (0.0154847, -0.0179044, 0.00751045), (0.0119374, -0.0184759, 0.0048368676), (0.0126222, -0.0181146, 0.005525617), (0.0147063, -0.0182123, 0.0067312303), (0.0139242, -0.0185756, 0.005935525), (0.0113807, -0.0188545, 0.0042993105), (0.0132885, -0.0189547, 0.0053159497), (0.00689255, -0.0211303, 0.0030318138), (0.00787137, -0.0208617, 0.003294488), (0.00935616, -0.0209261, 0.0038969326), (0.00824264, -0.0212009, 0.0035280376), (-0.00492446, -0.0211728, 0.0013445663), (-0.00384767, -0.0212844, 0.0011297225), (-0.00372908, -0.0213318, 0.001066985), (-0.0053864, -0.0211906, 0.0013838793), (-0.0139882, 0.0186439, 0.0056912405), (-0.0133354, 0.0190741, 0.0055681355), (-0.00913141, 0.0189457, 0.0032570024), (-0.009377, 0.0185329, 0.00321733), (-0.00659505, -0.0209412, 0.001757311), (-0.00732218, -0.0209368, 0.0018914059), (0.0162607, 0.0186941, 0.0060389796), (0.0240365, 0.0125662, 0.0124700405), (0.0235995, 0.0128581, 0.011742158), (-0.018174, 0.0159494, 0.009363529), (-0.0177998, 0.0161714, 0.009195437), (-0.0112301, 0.0162767, 0.0051510567), (-0.0115704, 0.0159064, 0.0050785416), (-0.0171936, -0.015381, 0.0069037597), (-0.0190487, -0.0153546, 0.008070057), (-0.0195301, -0.0151646, 0.008403016), (-0.0176442, -0.0150902, 0.007094982), (-0.0205994, -0.0113651, 0.009879706), (-0.0232815, -0.0112849, 0.011984051), (-0.0234868, -0.0111278, 0.01215927), (-0.0207805, -0.0111149, 0.009927497), (-0.024971, 0.00289012, 0.015342067), (-0.0144225, 0.00264146, 0.0075573055), (0.0184324, 0.0152041, 0.008081137), (0.0210986, 0.015593, 0.009920204), (0.0213483, 0.015477, 0.0101084085), (0.0186804, 0.014989, 0.008157742), (0.0251054, 0.00174735, 0.014326139), (0.0250727, 0.00218191, 0.014335052), (0.0287869, 0.00238374, 0.018082138), (0.0288203, 0.001949, 0.018085025), (0.0250531, 0.000913335, 0.014636302), (0.0250926, 0.00132974, 0.014431255), (0.0288063, 0.00153329, 0.018191546), (0.0287592, 0.00111926, 0.018386783), (0.0235241, -0.00624908, 0.013394521), (0.0236056, -0.00579555, 0.013664757), (0.0271158, -0.0057155, 0.017096864), (0.0270208, -0.00617381, 0.01680779), (0.0248377, 0.00354858, 0.014756731), (0.0247641, 0.00378321, 0.014791146), (0.0284396, 0.00401747, 0.018433733), (0.0285224, 0.00377304, 0.018423153), (0.0101997, -0.013515, 0.005067821), (0.0182831, -0.0139544, 0.009460091), (0.0237081, -0.00532599, 0.014039781), (0.0238074, -0.00492642, 0.014385387), (0.0273464, -0.0048235, 0.01786403), (0.0272334, -0.00523455, 0.017495003), (-0.0286797, 0.00270088, 0.018919498), (-0.0287421, 0.00243343, 0.018688625), (-0.0224702, 0.0143911, 0.012120396), (-0.0226319, 0.0140625, 0.012373455), (-0.020912, 0.0129254, 0.011859603), (-0.0210928, 0.0128089, 0.011993288), (-0.0144238, -0.0181572, 0.004159517), (-0.0137691, -0.0186842, 0.0040781065), (-0.0145255, -0.0166205, 0.00455676), (-0.0159001, -0.0168184, 0.0049899), (-0.0164779, -0.0164444, 0.0055927443), (-0.0151785, -0.0162579, 0.005239457), (-0.0134162, 0.0196872, 0.0059720683), (-0.0141219, 0.0193647, 0.006290223), (-0.00991144, 0.0204469, 0.0041269995), (-0.0109893, 0.0203885, 0.004644675), (-0.00688461, 0.0206197, 0.0029494928), (-0.00760911, 0.020342, 0.0032301282), (-0.0120215, 0.0197922, 0.005183141), (-0.0112095, 0.0200917, 0.0047735022), (-0.00805759, 0.0200926, 0.0033849415), (-0.00839502, 0.0197993, 0.0034203206), (0.0138993, 0.0184636, 0.0048534544), (0.0157877, 0.0188182, 0.005770922), (0.0143737, 0.0182531, 0.0049969708), (0.0217588, -0.0134055, 0.012665944), (0.0220065, -0.0132391, 0.012918218), (-0.0144602, 0.0182441, 0.0058234916), (-0.0148315, 0.0178739, 0.0060299174), (-0.0166585, 0.01778, 0.007244286), (-0.0162231, 0.0181452, 0.006969942), (0.00935387, -0.0154708, 0.0037482576), (0.017201, -0.0156525, 0.008054942), (0.00908832, -0.0159314, 0.0037977959), (-0.00287904, 0.0209066, 0.0019094155), (-0.00284521, 0.0207083, 0.0019310013), (0.0047522, -0.0198024, 0.0018842986), (0.00518395, -0.0193731, 0.0018544444), (0.00959798, -0.0200299, 0.0035075035), (0.00878411, -0.0204687, 0.0034192777), (0.00918262, 0.0200152, 0.0017683761), (0.0102658, 0.0205394, 0.0022010559), (0.00973195, 0.0196757, 0.0019379392), (-0.0156772, 0.0185364, 0.006761435), (0.0284981, -0.0000573671, 0.018938912), (0.0285622, 0.000100696, 0.018967345), (-0.0171421, 0.0164551, 0.008685968), (-0.0193696, 0.016357, 0.010352925), (-0.0188401, 0.0165353, 0.009799452), (-0.00889985, -0.0171639, 0.002407723), (-0.0140231, -0.0169944, 0.0040313466), (-0.00927025, -0.0168104, 0.002870759), (-0.00955837, 0.0181556, 0.0032788978), (-0.00255808, 0.0186012, 0.0012229151), (-0.00246306, 0.0182662, 0.0013562482), (-0.00972006, 0.0178118, 0.0034881108), (-0.00115948, 0.0113282, 0.0022081072), (-0.00122006, 0.0116882, 0.0020911896), (0.0107851, 0.0124907, 0.0036713737), (0.0109691, 0.0121287, 0.0038792363), (0.00978111, 0.0145221, 0.004013891), (0.00964136, 0.0146309, 0.003921692), (0.0179834, 0.0154181, 0.0077430857), (0.018214, 0.0153155, 0.00794284), (-0.00461835, -0.0209953, 0.0015109566), (-0.00553091, -0.0207163, 0.0017564722), (0.00952743, -0.0150417, 0.0037877532), (0.0174578, -0.015219, 0.008195001), (-0.00964387, -0.0165124, 0.0033015627), (-0.0158338, -0.015949, 0.005899026), (-0.00993286, -0.016314, 0.003551576), (-0.0115108, -0.0193512, 0.0033352072), (-0.0120101, -0.0196025, 0.0036034514), (-0.0129724, -0.0191891, 0.003934839), (-0.0121961, -0.01886, 0.0033916296), (0.0240126, -0.00438059, 0.014682761), (0.0240823, -0.00415489, 0.014614037), (0.0276578, -0.00401531, 0.018156875), (0.0275795, -0.00424662, 0.01821224), (-0.00235154, 0.017961, 0.0016069032), (0.00480699, 0.0188663, 0.0011400288), (0.00521534, 0.018587, 0.0014661128), (0.0106198, 0.0128858, 0.0036270989), (0.0195844, 0.0136525, 0.008231496), (0.0198415, 0.0132589, 0.008411025), (-0.0249928, -0.000204398, 0.014949778), (-0.0285321, -0.000267603, 0.018591853), (-0.0285942, -0.000053622, 0.018553562), (-0.0250518, 0.000159629, 0.014766282), (-0.0124613, -0.0104384, 0.0045262934), (-0.0125301, -0.0100305, 0.004537695), (-0.000563016, -0.0107488, 0.0020791509), (-0.000607512, -0.0111658, 0.0021134515), (0.0140258, -0.000787772, 0.0073614307), (0.013993, -0.000933481, 0.007323266), (-0.000245147, -0.00132231, 0.0036197335), (-0.000244336, -0.00118888, 0.0036480557), (0.0286267, 0.00032575, 0.018889535), (-0.0126343, 0.0194781, 0.005414761), (-0.00877776, 0.0193931, 0.0033506162), (-0.0248826, -0.000542107, 0.014965951), (-0.0249384, -0.000413419, 0.015004982), (-0.0143776, -0.000826859, 0.007347874), (-0.0143458, -0.000956652, 0.0073491866), (0.0248243, -0.000246447, 0.01523536), (0.0248803, -0.0000970745, 0.015250814), (0.0128168, 0.00811276, 0.0053859684), (0.0127163, 0.00848078, 0.005090009), (0.0228539, 0.00924895, 0.011498576), (0.0229971, 0.00888492, 0.011883192), (0.0138512, -0.00199172, 0.00659529), (0.0138112, -0.00242668, 0.0063797385), (-0.000220869, -0.00266723, 0.002700998), (-0.000226841, -0.00227313, 0.002915829), (-0.0247596, 0.00353217, 0.014766626), (-0.0246729, 0.00392071, 0.014417468), (-0.0143164, 0.00329088, 0.007099115), (-0.0143577, 0.00295936, 0.007379205), (0.014067, 0.00248485, 0.0067957803), (0.0249261, 0.00313243, 0.014609033), (0.0141197, 0.00202431, 0.006555211), (-0.0141518, 0.00606036, 0.0074255364), (-0.0141277, 0.00618007, 0.0074369297), (-0.000539563, 0.00637149, 0.0034997088), (-0.000531227, 0.00624326, 0.0034798288), (0.0133765, 0.00590739, 0.0058808825), (0.0237482, 0.00712323, 0.013076536), (0.0238479, 0.00662548, 0.012930506), (0.0134353, 0.00546801, 0.0057451357), (-0.000462775, 0.00483611, 0.0026535143), (-0.000484796, 0.00524215, 0.0028400114), (0.0133124, 0.00637585, 0.0061008455), (-0.0273563, 0.00828918, 0.017048074), (-0.0273895, 0.00795877, 0.017000342), (0.0287177, 0.00284562, 0.018162603), (-0.0140448, 0.00717438, 0.0066666673), (-0.000666333, 0.00736971, 0.0027270871), (-0.000615098, 0.00699603, 0.003044738), (-0.0140585, 0.00680117, 0.006973542), (-0.014196, -0.00156621, 0.006811134), (-0.000240626, -0.00152509, 0.0034924215), (-0.000234896, -0.00186679, 0.0032180098), (-0.0141259, -0.00192888, 0.0064553726), (0.0243946, 0.0045704, 0.013970453), (0.0278586, 0.00519996, 0.01698388), (0.0280208, 0.00482239, 0.017495394), (0.0245312, 0.00425407, 0.014398613), (-0.0286209, 0.00286236, 0.018998437), (0.0273032, 0.0073707, 0.016412005), (0.0274139, 0.00686602, 0.01629552), (-0.0244558, 0.0056702, 0.014591232), (-0.0245026, 0.00532123, 0.014323302), (-0.0280011, 0.00536802, 0.017820539), (-0.0279445, 0.00570476, 0.018075855), (-0.0251979, 0.0016782, 0.014534274), (-0.0251956, 0.00134125, 0.014423199), (-0.0288246, 0.00147811, 0.0181034), (-0.0288252, 0.00180351, 0.018214637), (-0.0142785, 0.00368345, 0.006794287), (-0.000384667, 0.00367567, 0.0028998551), (-0.00035898, 0.00328092, 0.0032038416), (-0.000793901, 0.00849983, 0.002441711), (-0.000824986, 0.00891268, 0.0026149184), (0.0124734, 0.00971535, 0.005028073), (0.0125549, 0.00927315, 0.0049156607), (-0.000344399, -0.00728823, 0.0024613566), (-0.000382659, -0.00772153, 0.0026335358), (-0.0136385, -0.00709773, 0.0057033794), (-0.0136485, -0.00667056, 0.0055527007), (-0.000241282, -0.000489095, 0.0032364177), (-0.000243228, -0.0000666413, 0.0029432054), (0.0141282, -0.000076185, 0.006966599), (0.0140925, -0.000435435, 0.0072327917), (-0.0144399, -0.000258867, 0.0070188404), (-0.0144067, -0.000618864, 0.0072512496), (-0.0243025, 0.00625106, 0.014890476), (-0.0242514, 0.00637105, 0.014818663), (-0.0141029, 0.00630189, 0.0073951907), (-0.00138651, -0.0174429, 0.0017601338), (0.00619117, -0.0182216, 0.0025328482), (-0.00139347, -0.0177901, 0.001403322), (0.013639, -0.00414442, 0.0068087294), (0.013697, -0.00369749, 0.0065404433), (0.024167, -0.00377247, 0.014405657), (-0.013994, -0.00389458, 0.0065206485), (-0.000244131, -0.00388206, 0.002861714), (-0.000270113, -0.00432446, 0.0031381682), (-0.0139834, -0.00427233, 0.0067508565), (0.013495, -0.00488527, 0.007153793), (0.0135342, -0.00474144, 0.007148361), (0.0239495, -0.00453111, 0.014655585), (-0.000242957, -0.000846731, 0.003501803), (-0.0138108, 0.00956907, 0.0071496586), (-0.000885763, 0.00993431, 0.0032231966), (-0.000871924, 0.00972458, 0.0031156936), (-0.0139036, 0.00937837, 0.007083419), (0.0269391, -0.00661559, 0.016654018), (0.00819491, -0.0168727, 0.0039351317), (0.00865545, -0.0164382, 0.0038778703), (0.015373, -0.017083, 0.007510495), (0.0124954, -0.00901891, 0.0065573943), (0.0223525, -0.0088657, 0.013291596), (0.0221385, -0.00903046, 0.013077439), (0.0123696, -0.00916579, 0.006462074), (0.0244651, -0.0100948, 0.014525108), (0.0248272, -0.00963235, 0.0151619), (-0.0276362, -0.00374492, 0.017216593), (-0.0275774, -0.0038809, 0.017163027), (-0.0231342, 0.00971066, 0.013832977), (-0.0136132, 0.00980494, 0.0070298323), (-0.0137104, 0.00968741, 0.0071158702), (-0.0233161, 0.00959539, 0.014027325), (0.0217128, 0.0117719, 0.01109675), (0.0247721, 0.0121789, 0.013593785), (0.0250286, 0.0120669, 0.013878837), (0.0219285, 0.0116566, 0.01126127), (-0.0133506, -0.00834532, 0.0061408626), (-0.0132429, -0.00847963, 0.0060462533), (-0.0227391, -0.00782505, 0.012114557), (-0.0229326, -0.00768653, 0.012325611), (-0.00772032, -0.0193513, 0.0019934657), (-0.00798701, -0.0188356, 0.0018388393), (-0.0227988, -0.0116173, 0.01136531), (-0.0224486, -0.0118852, 0.010764676), (0.0036638, -0.0206765, 0.0020786803), (0.0042333, -0.0202688, 0.0019925733), (0.00573098, -0.0213257, 0.0026513985), (-0.0212779, 0.0154858, 0.011586588), (0.0102908, 0.0193771, 0.002277857), (0.0109219, 0.0191218, 0.0027678148), (0.00570862, 0.0183397, 0.0018888223), (-0.000506185, -0.00881018, 0.0032396147), (-0.000519582, -0.00895177, 0.0032541761), (-0.01345, -0.00820314, 0.006179605), (-0.000887893, -0.0135103, 0.0023396586), (-0.000893406, -0.0138736, 0.0019945651), (-0.0114765, -0.0131294, 0.00393285), (0.019889, -0.0157094, 0.010082582), (0.0137414, -0.00326946, 0.0063550803), (0.024315, -0.00288882, 0.014002348), (0.0242504, -0.00332199, 0.01416684), (-0.0240552, -0.00419066, 0.013766129), (-0.0241131, -0.00406903, 0.013862159), (-0.0139363, -0.00462072, 0.0068459082), (-0.0139049, -0.00474493, 0.006790307), (-0.0191573, -0.0127675, 0.0077021206), (-0.0193881, -0.0124314, 0.008135276), (-0.0116492, -0.0127914, 0.0043528117), (0.0134579, -0.00502956, 0.0071071987), (-0.000315918, -0.00518628, 0.0034899088), (-0.000313246, -0.00505319, 0.0035226068), (-0.0248211, -0.000664429, 0.014869798), (-0.01431, -0.0010811, 0.0072955694), (0.0243699, -0.00245914, 0.013952787), (0.0244303, -0.00201361, 0.014065194), (0.0280449, -0.00187507, 0.017672582), (0.0279769, -0.00232139, 0.017549846), (-0.0130086, 0.0120629, 0.0058810054), (-0.00130903, 0.0124876, 0.0022910105), (-0.00126805, 0.0120736, 0.002129771), (-0.0130976, 0.0116755, 0.005752229), (-0.000531221, -0.00959964, 0.0027767988), (0.0118677, -0.0101551, 0.0054922807), (-0.00053201, -0.00997776, 0.0024458447), (-0.0127582, -0.00930358, 0.005032156), (-0.025182, 0.0111508, 0.014785644), (-0.0253587, 0.0108194, 0.015049706), (0.0139012, -0.0015409, 0.0069027995), (0.0231655, 0.00852806, 0.012376697), (0.0264638, 0.00916374, 0.015004088), (0.0266479, 0.00881109, 0.015539202), (0.0233201, 0.00823342, 0.012823033), (-0.0167747, -0.0155606, 0.0066515966), (-0.0185551, -0.0155405, 0.0076823593), (-0.0235004, 0.00948593, 0.014170437), (-0.0236713, 0.00931084, 0.014202139), (-0.0269986, 0.00928265, 0.017466765), (-0.0268014, 0.00945581, 0.017390313), (-0.00916876, -0.0205003, 0.002497191), (-0.0236987, -0.0108705, 0.012255244), (-0.020976, -0.010672, 0.009867895), (-0.0255709, 0.0104852, 0.015467984), (-0.025853, 0.010148, 0.016035324), (-0.0211862, -0.0137577, 0.00909971), (-0.020661, -0.0143382, 0.008923184), (0.0279148, -0.0027487, 0.017588302), (0.0233749, -0.0071254, 0.013266167), (0.0234502, -0.00669012, 0.013252547), (0.0268567, -0.0070491, 0.016653774), (0.013111, 0.00725957, 0.0063106404), (0.0131597, 0.00713277, 0.0063741505), (-0.00055147, 0.00649833, 0.003465826), (-0.0228215, 0.0137385, 0.012769712), (-0.0275125, -0.00400741, 0.017049437), (0.0192887, -0.0130701, 0.010657545), (0.0195536, -0.0128267, 0.010748309), (0.0225552, -0.0128267, 0.013267508), (0.0222576, -0.0130777, 0.013120905), (0.0124534, 0.0187644, 0.004001029), (0.0137644, 0.0191321, 0.004242985), (0.0146123, 0.0189921, 0.0049498957), (0.0103849, -0.0205354, 0.0041221096), (-0.0197969, 0.0162149, 0.010738894), (0.0205168, 0.0158373, 0.009271284), (0.0208393, 0.0156998, 0.009670236), (-0.0181926, 0.0168012, 0.009031058), (-0.00820172, -0.0205515, 0.0022419628), (-0.00632765, -0.0204144, 0.0019618238), (-0.0261987, -0.00746266, 0.0152449645), (0.00785039, -0.0171105, 0.0039100125), (0.00756427, -0.0172494, 0.003815914), (-0.0155935, 0.0172023, 0.006897019), (-0.017562, 0.0171143, 0.008256684), (0.0128971, 0.0193235, 0.003514965), (0.0121898, 0.0195657, 0.0029496737), (0.00771526, 0.0172215, 0.0025030659), (0.015017, 0.017902, 0.0051068887), (0.00808144, 0.0167864, 0.0023664846), (0.0156283, 0.0174866, 0.0052019367), (-0.00274248, 0.019846, 0.0016050804), (-0.00269656, 0.0193936, 0.0013797289), (-0.0250049, -0.00838397, 0.013268347), (-0.0247339, -0.00871445, 0.012757646), (-0.0239267, 0.0086335, 0.013863088), (-0.0239756, 0.00828452, 0.013703601), (-0.0272957, 0.0086255, 0.017193982), (0.0139673, 0.00309499, 0.007099185), (0.0139278, 0.00323038, 0.007095822), (0.0246982, 0.00392431, 0.014741752), (-0.000311886, -0.00571122, 0.0030680606), (-0.000315287, -0.00538331, 0.0033542712), (0.013358, -0.0056164, 0.0066595324), (0.0132997, -0.00605239, 0.006331235), (0.0139533, -0.00115911, 0.0071852487), (-0.0287945, 0.00211501, 0.018417154), (-0.0251291, 0.00233682, 0.0150251), (-0.0274275, 0.00762108, 0.017113442), (-0.027479, 0.00727061, 0.017360948), (-0.0241625, -0.00393771, 0.013897209), (0.0100615, 0.0141877, 0.00400878), (0.0102513, 0.0137876, 0.0038619582), (0.00011987, 0.0214394, 0.0014310133), (0.000338328, 0.0217334, 0.0013334177), (0.010275, -0.0196271, 0.003655943), (0.0108578, -0.019241, 0.0039049285), (0.0126999, -0.0193366, 0.0048516393), (0.0120494, -0.0197139, 0.0045298385), (-0.0124793, 0.0200048, 0.0054505942), (0.00691197, -0.0214091, 0.0030283544), (0.0251861, -0.00923874, 0.015772942), (0.0254689, -0.00898627, 0.0161745), (0.00156492, -0.0212597, 0.0017250016), (-0.00199613, -0.0209643, 0.0015194657), (0.000622827, -0.0213792, 0.00149673), (-0.00200616, -0.0211304, 0.0013941694), (-0.0188443, -0.0135364, 0.007327192), (-0.0214598, -0.0132848, 0.009190562), (-0.0189816, -0.0131305, 0.0074242097), (0.0165594, 0.0163558, 0.005772098), (0.0189341, 0.0169479, 0.007048971), (0.0192544, 0.0166154, 0.0074279835), (0.0168979, 0.0160518, 0.0062475177), (-0.00839846, -0.0179199, 0.0018298537), (-0.00819975, -0.0183578, 0.0017721741), (-0.0132041, -0.0178468, 0.0034724572), (-0.013606, -0.0173988, 0.0036668899), (0.0283628, 0.00416663, 0.018361626), (-0.0196839, 0.0148201, 0.009810667), (-0.0198246, 0.0144711, 0.009877144), (-0.0223001, 0.0147309, 0.012015402), (0.0214717, -0.0136395, 0.012283026), (-0.0215478, 0.0122866, 0.01199713), (-0.0217904, 0.0118944, 0.011917296), (-0.0247861, 0.0118319, 0.014659654), (-0.0245058, 0.0122133, 0.014681416), (0.0028285, 0.0207366, 0.0013701676), (0.00638027, 0.0213447, 0.0017758656), (0.00706649, 0.0211221, 0.0018156322), (0.00328402, 0.0203627, 0.0011864642), (-0.00244568, 0.0217089, 0.0015916451), (-0.00990653, 0.0174922, 0.0038259781), (-0.00223222, 0.017671, 0.0019414678), (-0.0101613, 0.0171836, 0.004272557), (-0.000528165, -0.0090868, 0.0032153372), (-0.000531537, -0.00928051, 0.0030731051), (-0.0131117, -0.0086632, 0.0058364496), (0.0176994, 0.0155561, 0.007406519), (0.020082, 0.0160507, 0.008639894), (-0.00110409, 0.0215413, 0.0014788017), (-0.00105773, 0.0217118, 0.001428445), (-0.0244016, 0.0059644, 0.014821911), (-0.0243524, 0.00613768, 0.0149070565), (-0.0141779, 0.00587062, 0.0073162937), (-0.00213074, 0.0174352, 0.0022388543), (0.00618537, 0.0181458, 0.0022785026), (-0.00207461, 0.0172856, 0.0023844736), (-0.024742, -0.000834391, 0.0146535), (-0.0281778, -0.000963752, 0.017739275), (-0.0283067, -0.000696394, 0.018174505), (-0.0201105, 0.0138062, 0.01044848), (-0.0203207, 0.0134827, 0.010926807), (-0.023075, 0.0134155, 0.013303392), (0.0120492, -0.00973558, 0.0058925864), (0.0122281, -0.00938356, 0.0062595755), (0.0215762, -0.00965283, 0.01220615), (0.0212603, -0.0101041, 0.011646723), (0.0112351, -0.0118752, 0.005083384), (-0.00066751, -0.0116132, 0.002269697), (0.0114202, -0.0114201, 0.0049951146), (-0.0275575, 0.00690298, 0.017722484), (-0.0276386, 0.00658806, 0.018062307), (-0.00088845, -0.0132082, 0.0026494074), (-0.0245111, -0.00143843, 0.013816999), (-0.0244227, -0.00176824, 0.013493131), (-0.000305753, -0.00491683, 0.0035039687), (-0.0139623, -0.00448762, 0.0068452084), (0.0140121, 0.00287335, 0.0070113125), (-0.000307943, 0.00229018, 0.0034923241), (-0.000315102, 0.00249356, 0.003613729), (-0.0237505, -0.00493899, 0.012703185), (-0.0270677, -0.00504688, 0.015540183), (-0.0271635, -0.00473419, 0.015892323), (-0.0238648, -0.00462241, 0.013143896), (0.0135803, -0.0045214, 0.0070475116), (-0.000294352, -0.0047005, 0.0033894384), (-0.0138601, -0.00492292, 0.006624362), (0.0268211, 0.00851771, 0.01602858), (0.0234264, 0.00805123, 0.013068662), (-0.0251742, 0.00200524, 0.014743501), (-0.0136533, -0.00627846, 0.0055225543), (-0.000520042, 0.00603279, 0.0033661851), (0.0245042, -0.00155028, 0.014312034), (0.0245977, -0.00106321, 0.014661339), (0.028238, -0.000909295, 0.01830576), (0.0281293, -0.00140586, 0.01793342), (0.0201746, -0.0152787, 0.010268589), (0.0204461, -0.0148546, 0.010603416), (0.0211107, -0.0140029, 0.01169741), (0.0207457, -0.0144294, 0.011080785), (-0.000309149, -0.0216046, 0.0010511783), (0.00137881, -0.0216904, 0.0013674287), (-0.0214682, -0.00931233, 0.009883476), (-0.02434, -0.00946158, 0.012262322), (-0.0245211, -0.00906817, 0.012417943), (-0.021651, -0.0089498, 0.010172675), (0.00733285, 0.0175896, 0.0026267858), (0.00728659, -0.0173875, 0.0036759293), (-0.00135704, -0.0168351, 0.0022846556), (-0.0121542, -0.0120495, 0.0050724857), (-0.01206, -0.0121925, 0.00503675), (-0.0204201, -0.0115149, 0.009747332), (0.0274359, -0.00457306, 0.0180737), (0.0275086, -0.00440649, 0.018171333), (-0.00861904, -0.0175276, 0.0020504692), (-0.00263477, 0.018978, 0.0012409216), (-0.0221239, 0.0111891, 0.011952683), (-0.0131633, 0.0113118, 0.0057349135), (-0.0132223, 0.01096, 0.0058727707), (-0.0222718, 0.0108491, 0.0121754855), (-0.00140373, 0.013657, 0.002880158), (-0.00142715, 0.0137727, 0.0028393592), (0.024763, -0.000403811, 0.015162468), (0.0284296, -0.000223559, 0.018849902), (0.00586575, -0.0185881, 0.0021728727), (-0.00141433, -0.0181493, 0.0011300861), (0.00092007, -0.0216028, 0.0013307951), (-0.0218336, -0.0125315, 0.009648897), (-0.0220996, -0.0122032, 0.010133071), (-0.0196927, -0.012109, 0.00870034), (-0.0154162, -0.0172202, 0.004560777), (-0.000320325, 0.00262428, 0.003637582), (-0.0277667, 0.00627757, 0.018339846), (-0.0278238, 0.00616104, 0.018368475), (-0.0234296, -0.00688494, 0.012433414), (-0.000940452, -0.0146263, 0.0015973867), (-0.000908486, -0.0142408, 0.0017359522), (0.00967802, -0.0146346, 0.003975776), (-0.027735, -0.00313864, 0.016997833), (-0.0276872, -0.00352237, 0.01717133), (0.0246916, -0.000649352, 0.014987371), (0.0283468, -0.000482225, 0.018655894), (-0.0145061, 0.000562524, 0.006596866), (-0.0145278, 0.000939886, 0.0065473025), (-0.000255543, 0.000730448, 0.0026592424), (-0.000247825, 0.000336914, 0.0027400786), (-0.0140789, 0.00648763, 0.007256203), (-0.000573369, 0.00668379, 0.0033306745), (-0.000850558, 0.00935271, 0.0028760035), (0.012243, 0.0105907, 0.0053862226), (0.0123653, 0.0101907, 0.0052183103), (0.0281736, 0.00450508, 0.017965393), (0.0246259, 0.00405943, 0.014632407), (0.0260656, 0.0103253, 0.014209559), (0.0259329, 0.010787, 0.014208514), (-0.000504158, 0.00567155, 0.0031151758), (-0.0142001, 0.00554721, 0.007060139), (-0.0245379, 0.0049821, 0.014138027), (-0.0245721, 0.00464275, 0.014076081), (-0.0280856, 0.00471846, 0.017591145), (-0.0280438, 0.00504395, 0.017643737), (0.022734, 0.00963608, 0.011253275), (0.0261769, 0.00990646, 0.014310632), (0.0263084, 0.009523, 0.01458619), (-0.0145038, 0.00203189, 0.007160607), (-0.000297123, 0.00193808, 0.0032282097), (-0.000282367, 0.00152347, 0.0029376969), (-0.0145249, 0.00166235, 0.0068616), (-0.0145349, 0.00130224, 0.006647548), (-0.000268148, 0.00112275, 0.0027375878), (-0.0142554, 0.0040618, 0.0065829363), (-0.0142408, 0.0044309, 0.0064992113), (-0.000439153, 0.0044448, 0.0025891291), (-0.000412353, 0.00406155, 0.0026834249), (-0.000244027, -0.0010555, 0.003623663), (-0.0140471, 0.00826268, 0.006430607), (-0.0140465, 0.007897, 0.006363966), (-0.0240003, 0.0079414, 0.013646697), (0.0140587, -0.00064717, 0.007347819), (0.00554902, -0.0189721, 0.0019388997), (-0.00145963, -0.0185304, 0.0009757791), (-0.00366916, -0.0211983, 0.0012481312), (-0.0149267, 0.0189623, 0.0065421644), (-0.0193886, 0.0151921, 0.009751675), (-0.021957, 0.0150919, 0.011890766), (-0.00153784, -0.0189504, 0.0009781282), (0.0218905, -0.00926994, 0.012738182), (0.0178424, -0.0171437, 0.009206493), (0.0112944, -0.0201051, 0.0043006316), (0.00856184, 0.0212578, 0.0021478864), (0.00778094, 0.0214773, 0.0020487742), (-0.0127549, -0.0183353, 0.0033954866), (-0.00187928, 0.0155787, 0.0017185904), (-0.00192359, 0.0159936, 0.0018662561), (0.00831657, 0.016371, 0.0022979085), (-0.000744607, -0.0120976, 0.002512498), (-0.0122423, -0.0118089, 0.005018667), (-0.012325, -0.0113815, 0.0048399502), (-0.00138582, 0.0135307, 0.0028690374), (0.00991364, 0.0144043, 0.004051799), (-0.0285602, 0.00297633, 0.018969124), (-0.00195477, 0.0164395, 0.0021042067), (-0.0118964, 0.015478, 0.004983426), (-0.0120446, 0.0150827, 0.004897328), (-0.00181906, 0.0151961, 0.0016915132), (-0.0120997, 0.014715, 0.004891108), (0.0250107, 0.00264123, 0.014437976), (-0.00197854, 0.0168215, 0.0023243655), (-0.0230644, -0.0114328, 0.011745467), (0.0286215, 0.0033457, 0.01830302), (-0.0271703, 0.00897978, 0.017367383), (0.0135658, 0.00465948, 0.005882543), (0.013646, 0.00427131, 0.006160983), (-0.0242793, -0.00289413, 0.013433084), (-0.0140144, -0.00304018, 0.006103119), (-0.0140041, -0.00345151, 0.0062679085), (-0.0242446, -0.00333728, 0.01364665), (-0.0207348, 0.0130429, 0.011676972), (-0.010779, -0.0200113, 0.0031078202), (-0.0263776, 0.00968655, 0.016950151), (-0.0265887, 0.009568, 0.017196605), (-0.000346698, -0.0214419, 0.0012385068), (-0.00108548, -0.0214871, 0.0010342865), (-0.00201184, -0.0212828, 0.0011993436), (0.0259581, -0.00864268, 0.016665582), (0.0262124, -0.00839403, 0.016793644), (-0.00133223, -0.0166895, 0.0022814062), (-0.00128067, -0.0164442, 0.0021921133), (0.0219836, 0.0148409, 0.010316041), (0.0216284, 0.0152579, 0.010238057), (0.0226319, 0.0100564, 0.011179536), (-0.0124544, 0.0132764, 0.006191903), (-0.0125449, 0.0131582, 0.0062773256), (-0.000229398, -0.00346324, 0.0026728213), (-0.0140307, 0.00863976, 0.0066136457), (0.0104481, 0.0133162, 0.0037043488), (0.0189939, 0.0145765, 0.008165235), (0.0193147, 0.01409, 0.008168601), (-0.0149471, -0.0176682, 0.0043027345), (0.012922, -0.00823697, 0.006378623), (0.013065, -0.00776519, 0.0061684726), (0.0230406, -0.00805546, 0.013475772), (0.0227928, -0.0084672, 0.013529805), (-0.0200509, -0.0148614, 0.008685293), (0.0152635, 0.0189037, 0.0054354114), (-0.0202315, -0.0116556, 0.009556349), (0.00550665, 0.0215012, 0.0016486179), (-0.0233433, 0.0131428, 0.01382279), (-0.02163, -0.0128866, 0.009330406), (0.0107742, -0.0127852, 0.0053816927), (0.0106073, -0.0130222, 0.005413311), (-0.00081451, -0.0125104, 0.0027367116), (-0.0249163, 0.00301, 0.015271321), (-0.0143929, 0.00276496, 0.0075176484), (0.0196286, 0.0163186, 0.007963625), (-0.00108854, 0.0109821, 0.0024471032), (-0.0132928, 0.0106152, 0.0061368244), (0.0252756, 0.0119471, 0.014101185), (0.028696, 0.000690437, 0.018658431), (0.0232416, 0.0131765, 0.011167886), (0.0229319, 0.0135271, 0.010755156), (-0.0240274, 0.00759491, 0.013749449), (-0.0286602, 0.000313356, 0.018389555), (-0.0251095, 0.000586289, 0.014559986), (-0.0212975, 0.0126205, 0.012048402), (-0.0211634, -0.010162, 0.009787945), (-0.0239325, -0.01042, 0.012251789), (-0.0241563, -0.00990781, 0.012228461), (-0.0213153, -0.00971167, 0.009772524), (0.012629, 0.00886276, 0.0049212137), (-0.000757279, 0.00810982, 0.0023911502), (-0.0284678, -0.000400804, 0.018534794), (-0.0221973, -0.00828402, 0.011213887), (-0.0253587, -0.00806496, 0.013936596), (-0.0225053, -0.00800747, 0.01176958), (0.0223461, 0.0143512, 0.010394749), (0.00892459, 0.015321, 0.002882907), (0.0092001, 0.0150238, 0.0033165785), (0.0264887, -0.00797747, 0.016794344), (0.0267244, -0.00749564, 0.016729621), (0.0271094, 0.0080498, 0.016519593), (0.0270281, 0.00819666, 0.016443588), (-0.025002, 0.0114828, 0.0146758), (-0.000852553, -0.0127456, 0.0028349583), (-0.000870611, -0.0128876, 0.00284285), (-0.0226844, 0.0101689, 0.013042638), (-0.0224485, 0.010509, 0.0125434315), (-0.013397, 0.0102686, 0.0065022544), (-0.0135101, 0.0099803, 0.0068416004), (0.0121182, 0.0108077, 0.0054302714), (-0.0126418, 0.0130385, 0.0063128173), (-0.0248472, 0.00320167, 0.01509397), (-0.0284155, 0.00329435, 0.018684773), (-0.0283126, 0.00362536, 0.018333608), (-0.00164396, -0.0194093, 0.0011027569), (-0.0287875, 0.00112543, 0.018105906), (-0.0267782, -0.0066431, 0.015501684), (-0.0266047, -0.00706378, 0.015545256), (-0.00174182, 0.0148481, 0.0018181306), (-0.012142, 0.0143719, 0.005034216), (-0.0235353, -0.00640778, 0.012290148), (-0.0269058, -0.00616423, 0.015397785), (-0.0235811, -0.00598481, 0.012186733), (-0.00118651, -0.0160107, 0.0019812535), (0.0269406, 0.00833254, 0.016305685), (0.00783095, 0.0207781, 0.0017661472), (-0.0140412, 0.00753743, 0.0064515136), (0.0202528, -0.0118945, 0.010761234), (0.0233333, -0.0118886, 0.013421809), (-0.0264097, -0.00730958, 0.015446279), (-0.00136771, 0.0133182, 0.0027674786), (0.00372719, 0.0199374, 0.0009985758), (0.00410213, 0.0195425, 0.0009066201), (0.0160015, 0.0170788, 0.0052853846), (0.0114389, 0.0114688, 0.0046621873), (0.0204407, 0.0125738, 0.009266565), (0.0208319, 0.0122745, 0.009905609), (0.0116798, 0.0112045, 0.005064023), (-0.00281285, 0.020513, 0.0019123979), (0.0229414, -0.0123914, 0.013351791), (-0.0229295, 0.00988528, 0.013523436), (-0.0261415, 0.00986278, 0.016585646), (-0.0269635, -0.00574622, 0.015316571), (-0.0142633, -0.00126391, 0.0071339128), (-0.024627, -0.00110954, 0.014251788), (0.00444713, 0.0191832, 0.00094208115), (-0.00292641, 0.021114, 0.0018595074), (0.010474, -0.0131681, 0.0053682183), (0.0240242, 0.00573753, 0.012915533), (0.0239348, 0.00616606, 0.012860783), (0.0275115, 0.00640408, 0.016255429), (0.0276099, 0.00597648, 0.01633697), (-0.000337556, 0.00294852, 0.0034802079), (-0.000327155, 0.00275206, 0.0036077963), (0.0111829, 0.0117919, 0.0042196605), (-0.00188116, -0.0203396, 0.0015152048), (-0.00176957, -0.0199062, 0.0013175344), (0.021209, 0.012032, 0.010501724), (-0.0027791, 0.0202471, 0.0018167674), (0.0214878, 0.0118811, 0.010871645), (-0.0172239, -0.0160812, 0.006378269), (-0.0246137, 0.00428957, 0.014177829), (-0.0151834, 0.0175279, 0.0063862237), (0.0115752, -0.0109894, 0.0050174454), (-0.0283976, -0.000526363, 0.018417636), (0.0130408, 0.00744451, 0.006131453), (0.0129346, 0.0077483, 0.0057785213), (-0.0199552, 0.0141347, 0.010094043), (-0.0129327, -0.00895509, 0.005450496), (-0.021888, -0.00861118, 0.0106236795), (-0.0272945, -0.00442988, 0.016367927), (-0.0239772, -0.00435725, 0.013548241), (-0.0280458, -0.00127901, 0.017267961), (0.0241283, 0.00533774, 0.013139488), (0.02425, 0.00495249, 0.013501302), (-0.0242074, -0.00371925, 0.013838809), (-0.0101734, -0.016162, 0.0036851775), (-0.0104034, -0.0160007, 0.0037628866), (0.0221396, 0.0114371, 0.011338795), (0.0116976, 0.0189167, 0.0033976107), (-0.00484633, 0.0214519, 0.0021546278), (0.02234, 0.0110164, 0.011292898), (0.0225109, 0.0105173, 0.011211635), (-0.000308435, -0.00610335, 0.0027495397), (-0.0136821, -0.00591372, 0.0056603216), (-0.0137277, -0.00556419, 0.005928041), (-0.0278819, 0.00599056, 0.018295439), (-0.0278698, -0.00192971, 0.016715625), (-0.0279449, -0.00159779, 0.0169185), (-0.0243561, -0.00211377, 0.013311276), (-0.0140733, -0.00228734, 0.0061968234), (-0.014035, -0.00265329, 0.0060663614), (0.0225666, -0.00870735, 0.013455183), (-0.020544, 0.01321, 0.011386181), (0.0244589, 0.0123305, 0.013154406), (0.0190677, -0.013222, 0.010503665), (-0.0163436, -0.0157337, 0.0063443515), (-0.0179727, -0.015766, 0.007147257), (0.00678352, 0.0216316, 0.0018515877), (0.0132516, 0.00677305, 0.006303138), (-0.0109001, -0.0152637, 0.003648278), (-0.0181659, -0.0145804, 0.0072195423), (-0.0111136, -0.0147283, 0.003508134), (0.013885, 0.003363, 0.0070365854), (-0.0199985, -0.0118366, 0.009230747), (-0.0186129, -0.0140104, 0.0072939713), (-0.0127505, 0.0128378, 0.006260239), (-0.0124003, -0.0108858, 0.0046415413), (-0.0281377, 0.00437465, 0.017704913), (-0.0284948, 0.00310002, 0.018880684), (-0.0123629, 0.0134438, 0.0060049715), (0.0117161, -0.0105702, 0.0051917806), (0.0134959, 0.00505395, 0.0057331347), (0.0249373, 0.000120316, 0.015162498), (0.0249978, 0.00048394, 0.014918014), (-0.0236096, -0.00560651, 0.0121915685), (-0.00147171, 0.013936, 0.0026955467), (-0.0243138, -0.00248717, 0.013307718), (-0.027423, -0.00417331, 0.016806616), (-0.0128837, 0.012481, 0.00608411), (-0.00134092, 0.0129365, 0.0025396582), (-0.0236659, -0.005263, 0.012374506), (-0.0287267, 0.000738897, 0.018205669), (-0.0139806, 0.00904008, 0.006868647), (-0.0278194, -0.00229434, 0.016694106), (0.0141588, 0.000349429, 0.0066673267), (0.0141801, 0.000762266, 0.0064524803), (0.0141617, 0.00158857, 0.006398349), (0.0141833, 0.00117057, 0.006354107), (0.00945861, 0.0147815, 0.0037089647), (0.0235046, 0.0079219, 0.013182524), (0.0110005, -0.0123662, 0.0052409507), (0.0199008, -0.0123957, 0.010762225), (0.0132041, 0.00699842, 0.00638297), (0.023576, 0.00778299, 0.013237507), (-0.000882811, -0.0130213, 0.0027988572), (-0.0257117, -0.00779346, 0.0145732565), (-0.000221759, -0.00306074, 0.0026081055), (0.0255127, 0.0117213, 0.014231154), (-0.0137951, -0.00521407, 0.006293623), (-0.00487899, 0.0212128, 0.0022172506), (-0.00595205, 0.0209145, 0.0025946256), (0.0257133, -0.00881033, 0.016446622), (-0.00128941, 0.0217637, 0.0014474205), (0.00242386, 0.0209766, 0.0014462635), (0.000852917, 0.0218343, 0.00130388), (0.0182205, 0.0177246, 0.006689027), (0.0186391, 0.017323, 0.0068421327), (0.0162678, 0.0166973, 0.0054434557), (0.0236535, 0.00754625, 0.013210413), (0.0271965, 0.0078033, 0.016515363), (0.0282816, 0.00430762, 0.01823041), (-0.0106407, -0.0157348, 0.0037605527), (0.0238843, -0.0046883, 0.01457403), (0.0103439, -0.013311, 0.0052723605), (0.0185994, -0.0136016, 0.009977704), (-0.0175118, 0.0163204, 0.008993917), (-0.0170773, 0.0174382, 0.007667002), (-0.00502661, 0.0213652, 0.0022126304), (-0.00133109, -0.0215477, 0.00093817344), (-0.000177126, -0.0215661, 0.0011152568), (-0.0259788, -0.00760734, 0.014981725), (-0.0270016, -0.00537832, 0.015337998), (-0.0277784, -0.00269484, 0.01680293), (-0.0126261, -0.00965662, 0.0047165803), (-0.000541361, -0.0103575, 0.0022024456), (-0.0251618, 0.000979037, 0.014439347), (0.0226494, 0.0139169, 0.010519894), (0.020118, 0.0129001, 0.008761781), (0.00857037, 0.0203847, 0.0017234358), (0.00942935, 0.0209218, 0.0021709283), (-0.0110275, 0.0164977, 0.005154986), (-0.0187931, 0.0155962, 0.00957052), (0.00869325, 0.015639, 0.0025470564), (-0.0119546, -0.012327, 0.0049443054), (-0.0238197, 0.00900088, 0.014065142), (-0.00101425, 0.0106387, 0.0027710411), (-0.028211, 0.00401063, 0.017961092), (0.0173068, 0.0157757, 0.00684815), (-0.0144723, 0.0001651, 0.006763512), (0.0137391, 0.00388251, 0.0065320777), (0.013827, 0.00355759, 0.0068682367), (-0.0240663, 0.00723857, 0.013984301), (-0.000714195, 0.00773613, 0.002498374), (-0.0241275, 0.0068673, 0.014326195), (-0.0241958, 0.00655581, 0.014646946), (-0.0142215, 0.00516243, 0.0067757205), (-0.0142325, 0.00479284, 0.0065765455), (0.0277235, 0.00558125, 0.016588138), (0.0134138, -0.00524739, 0.0069580437), (0.0232532, -0.00757359, 0.013363957), (0.0127633, -0.00863764, 0.0065556923), (0.0126222, -0.00886983, 0.006601197), (0.0188494, -0.0133784, 0.01030191), (-0.0219731, 0.0115335, 0.011884291), (-0.0113506, -0.0134775, 0.0036155733), (-0.0118245, -0.0125084, 0.0047360887), (-0.0112641, -0.0138501, 0.003432627), (-0.0112095, -0.0142624, 0.0034164025), (-0.000481274, -0.00858258, 0.0031328665), (-0.000434747, -0.00818609, 0.0028940157), (0.00849385, 0.015985, 0.002340773), (0.0131517, -0.0073227, 0.006021116), (0.0137765, -0.00285055, 0.0062887664), (-0.0108708, 0.0166377, 0.0050869226), (-0.0277068, 0.00640102, 0.018253088), (0.0257394, 0.0112924, 0.014240891), (-0.000951427, 0.0103522, 0.0030625015), (-0.00108208, -0.0155038, 0.0017536863), (-0.000998642, -0.0150444, 0.0016143534), (-0.00395218, -0.0216456, 0.0013223349), (-0.0038249, -0.0216716, 0.0012387556), (-0.00305225, -0.0217172, 0.001228541), (-0.00378081, -0.0215701, 0.0014694729), (-0.0108577, 0.0167198, 0.0054514073), (-0.0106574, 0.0169543, 0.0052756895), (-0.0171311, 0.0166213, 0.009011205), (-0.0175222, 0.0163872, 0.009362678), (-0.0280566, 0.00491696, 0.017961819), (-0.0280047, 0.00516987, 0.018088466), (-0.020315, -0.0118714, 0.009928791), (-0.020497, -0.0116203, 0.010159854), (-0.0233544, -0.0113853, 0.012368422), (-0.0231442, -0.0116305, 0.012094442), (-0.0125909, -0.0101196, 0.004933593), (-0.021539, -0.00941499, 0.010293737), (-0.0213742, -0.00969662, 0.0101758), (-0.0125084, -0.0103982, 0.004913928), (0.00733047, 0.0210981, 0.0021769018), (0.00659514, 0.0213646, 0.0021381276), (0.00302745, 0.0206685, 0.0017077124), (0.00347086, 0.0202628, 0.0015312512), (-0.00166492, -0.0192831, 0.0014496563), (0.00431662, -0.0201588, 0.0023316862), (0.00480763, -0.0197018, 0.0022378599), (-0.00158321, -0.0189253, 0.0013465371), (0.0114032, -0.0113242, 0.0053475834), (0.0115479, -0.0110318, 0.005379546), (-0.000607836, -0.0108138, 0.002451199), (-0.000638192, -0.0110944, 0.0024756286), (0.0118617, -0.0187916, 0.005047932), (0.0132299, -0.0191534, 0.0055610454), (0.0138582, -0.0188624, 0.00612358), (0.0125479, -0.0184435, 0.0057319175), (-0.0172532, -0.0153563, 0.0072882283), (-0.0176819, -0.0149583, 0.0074473293), (-0.0200878, -0.014744, 0.009008261), (-0.0195877, -0.0151452, 0.008758352), (0.0108196, -0.0193362, 0.004245594), (0.0120922, -0.0197095, 0.004873306), (0.0126713, -0.019422, 0.0051633045), (0.0113119, -0.0190745, 0.0045715575), (0.0139465, 0.00327023, 0.007479589), (-0.000318409, 0.00263323, 0.004012529), (-0.000308351, 0.00237045, 0.003964329), (0.0139912, 0.00299024, 0.007468348), (0.0263308, 0.00973019, 0.014886652), (0.0264713, 0.00945424, 0.015239842), (-0.0142298, 0.00466677, 0.0069243326), (-0.024547, 0.00484639, 0.014481984), (-0.0245899, 0.00461709, 0.014457089), (-0.0142489, 0.00442334, 0.0068794815), (0.0283929, 0.00422729, 0.018724168), (0.0284759, 0.00394196, 0.018792728), (-0.0234652, -0.00671888, 0.012781645), (-0.0235766, -0.00628094, 0.012656536), (-0.0269468, -0.00605809, 0.015738392), (-0.0268134, -0.00650018, 0.015824923), (-0.013565, -0.00780633, 0.00646886), (-0.000494295, -0.00838482, 0.0034591383), (-0.00044537, -0.00795431, 0.0032098838), (-0.0136243, -0.00736996, 0.0062647345), (-0.00244365, 0.0184924, 0.0016685562), (-0.00250489, 0.0187129, 0.0015817817), (-0.00951202, 0.018254, 0.0036293215), (-0.00970421, 0.0180224, 0.0037994536), (0.0281471, -0.00160678, 0.018238168), (0.0280616, -0.00197658, 0.018006288), (0.0285777, 0.000273124, 0.019277997), (0.0285178, -0.0000130487, 0.01929089), (-0.0233138, 0.00960196, 0.014389594), (-0.0231417, 0.0098285, 0.0141815), (-0.0263893, 0.00978508, 0.017276078), (-0.0265907, 0.00956651, 0.017531537), (0.0061084, -0.0185426, 0.0027678802), (0.00650226, -0.0182107, 0.003219304), (-0.0131431, 0.0113539, 0.0061000036), (-0.0130619, 0.0115981, 0.0060946015), (-0.0219484, 0.0114468, 0.012213613), (-0.0221141, 0.0112138, 0.0123086665), (0.0204112, -0.0150244, 0.010867468), (0.0201479, -0.0153241, 0.010580176), (0.0114125, -0.0200552, 0.0046480806), (0.0105438, -0.0205024, 0.0044532483), (0.010917, 0.0194618, 0.0029910747), (0.0116865, 0.019271, 0.0036122918), (0.0137557, 0.019459, 0.004434511), (0.0128897, 0.0196382, 0.0037118685), (-0.00625134, 0.0213047, 0.0029419716), (-0.00498117, 0.0215247, 0.0025181386), (-0.0048043, 0.0216025, 0.002437801), (-0.00677209, 0.0212977, 0.0030846582), (-0.00102159, 0.0218785, 0.0017392053), (0.000379988, 0.0218966, 0.0016559571), (0.000890156, 0.0219794, 0.001597135), (-0.00125705, 0.0219191, 0.0017350328), (0.00569805, 0.0186886, 0.0021207284), (0.00618662, 0.0184591, 0.0025411667), (0.0205224, 0.0161288, 0.009501576), (0.0208673, 0.0159135, 0.009971293), (-0.0222634, 0.0146776, 0.012308247), (-0.0219546, 0.0149707, 0.012183241), (0.0211504, 0.0156989, 0.01028255), (0.0253355, 0.0119031, 0.014479762), (0.0255799, 0.0115712, 0.014597963), (-0.0279156, -0.00199926, 0.017092584), (-0.0279866, -0.0017627, 0.017250463), (-0.000444535, 0.00472788, 0.0030080795), (-0.000459307, 0.00503612, 0.0031597335), (-0.0142106, 0.00494593, 0.0070810146), (-0.000802538, 0.00913373, 0.0031900334), (-0.000781493, 0.00872851, 0.0029398792), (0.0124283, 0.00997953, 0.0055755572), (0.0123037, 0.0104141, 0.0057487194), (-0.00848767, -0.0180403, 0.0022179221), (-0.00153196, -0.018638, 0.0013437096), (-0.00149903, -0.0183804, 0.0014438408), (-0.00871437, -0.0177693, 0.00238299), (0.0235436, 0.00799987, 0.013576432), (0.0131898, 0.00719262, 0.00676143), (0.0132424, 0.00691491, 0.006761951), (0.0236244, 0.0077154, 0.01363284), (-0.0188475, 0.0167502, 0.010068388), (-0.0193603, 0.0165027, 0.010651963), (0.0244449, -0.0103401, 0.014766101), (0.0241562, -0.0106942, 0.014322548), (-0.0106719, -0.0155874, 0.004112603), (-0.0109287, -0.0150911, 0.0039974153), (-0.0206947, -0.0142095, 0.009247765), (-0.0212333, -0.0136782, 0.009448405), (0.0137889, -0.017797, 0.006943059), (0.0154263, -0.0181531, 0.007726646), (0.0160556, -0.0178583, 0.0083303), (0.0142821, -0.0175209, 0.0073123127), (0.017183, -0.0172949, 0.009151137), (0.0166141, -0.0175861, 0.008784201), (0.000813828, -0.0219501, 0.0015342205), (-0.000282999, -0.0219253, 0.0012953136), (-0.000406579, -0.0219436, 0.001212045), (0.00128491, -0.022, 0.0015519802), (-0.0206562, -0.0113385, 0.010271468), (-0.0235428, -0.0111099, 0.012524466), (-0.0229967, -0.00777796, 0.012736921), (-0.0231666, -0.00750105, 0.012866397), (-0.02646, -0.00728145, 0.015811533), (-0.0262633, -0.00755083, 0.01563307), (-0.00147713, -0.017789, 0.002003141), (-0.00147011, -0.0174645, 0.0023452172), (-0.0245893, -0.00916761, 0.012803098), (-0.0243981, -0.00945541, 0.0126394825), (0.0179146, -0.0146639, 0.00914761), (0.0207044, -0.0146921, 0.011294626), (0.0182345, -0.0142667, 0.009688266), (0.0146195, 0.0192814, 0.005182793), (-0.012067, 0.0147837, 0.0052480535), (-0.0119925, 0.0150329, 0.005236802), (-0.0196413, 0.0147633, 0.010133356), (-0.0198005, 0.0145233, 0.010223595), (-0.0260463, -0.00779354, 0.015333925), (-0.00472891, -0.0213202, 0.0017810776), (-0.00211457, -0.0214587, 0.0016471684), (-0.0020942, -0.0212002, 0.0018372973), (-0.00563554, -0.0209549, 0.00209272), (-0.00255207, 0.018965, 0.0015955708), (-0.00259363, 0.0192867, 0.0017103495), (-0.00905808, 0.0188399, 0.003572276), (-0.00930738, 0.0185133, 0.0035578322), (-0.00130143, -0.0162785, 0.0025317732), (-0.00120262, -0.0158108, 0.0023144656), (-0.0240416, 0.00770454, 0.014101885), (-0.0240042, 0.007939, 0.014016449), (-0.0273962, 0.00795064, 0.017340995), (-0.0274434, 0.00771409, 0.01743937), (-0.0253686, 0.0109378, 0.015361051), (-0.0251756, 0.0111672, 0.015113941), (0.017703, 0.015873, 0.007659744), (0.0173013, 0.0161283, 0.0070690196), (0.00946102, 0.0150907, 0.0039762924), (0.00966508, 0.0148532, 0.004250524), (-0.0233578, 0.0133382, 0.014105203), (-0.0230958, 0.0136441, 0.013568263), (0.0248002, 0.00369596, 0.015174546), (0.0140385, 0.00265841, 0.0073491414), (0.0248752, 0.00334738, 0.015114587), (0.0234496, 0.00826123, 0.013403742), (0.0131263, 0.00745311, 0.006649988), (0.0242574, 0.00525219, 0.0137733), (0.0244008, 0.00489934, 0.014228489), (0.0280266, 0.00512817, 0.01772694), (0.0278675, 0.00548007, 0.017231084), (-0.0285239, 0.0031633, 0.01922895), (-0.0284435, 0.00344108, 0.019000473), (0.0266523, 0.00912672, 0.015757415), (0.0268317, 0.0088013, 0.01627406), (0.0285602, 0.00359366, 0.018757865), (0.0286587, 0.00313346, 0.018630138), (-0.01446, 0.00237806, 0.007891902), (-0.014437, 0.0026238, 0.007940017), (-0.0140772, 0.00705482, 0.007274652), (-0.000579341, 0.00694084, 0.0036252753), (-0.000624161, 0.00728637, 0.0033221117), (-0.0140604, 0.00740043, 0.006977289), (0.0130454, 0.00773378, 0.0064148363), (-0.000547145, 0.00665914, 0.0038061156), (-0.0250935, 0.00237538, 0.015567234), (-0.0250444, 0.00262493, 0.01570502), (-0.028644, 0.00271858, 0.019319274), (-0.0286995, 0.00248322, 0.019193083), (-0.0139492, -0.0049266, 0.007147132), (-0.000342648, -0.00535155, 0.0038307437), (-0.000335323, -0.0050846, 0.0038972793), (-0.0139768, -0.00467833, 0.007238406), (-0.023798, 0.00877184, 0.014331713), (-0.0269817, 0.00909416, 0.01771335), (-0.0271522, 0.00877132, 0.017604895), (-0.023909, 0.00843723, 0.014150511), (-0.000275949, 0.00129582, 0.0032500888), (-0.000266554, 0.000993082, 0.0030875818), (0.014144, 0.00181149, 0.006892537), (0.014093, 0.00223402, 0.00712214), (0.0238981, 0.00644945, 0.013304906), (0.0238042, 0.00690776, 0.0134471385), (0.0134179, 0.0057154, 0.0062328964), (0.0134699, 0.00538134, 0.0061236667), (0.0102964, -0.0134972, 0.0055892486), (0.0104375, -0.0132171, 0.0057262466), (-0.000922322, -0.0129601, 0.003213994), (-0.000944944, -0.0132241, 0.0031278678), (0.0135206, 0.00510585, 0.0061194105), (-0.000428041, 0.00446647, 0.0029652256), (0.0127331, 0.00868156, 0.0054255533), (-0.000708652, 0.00790617, 0.0028354242), (-0.000671763, 0.00762863, 0.0030193555), (0.0128184, 0.00840704, 0.005663909), (0.0245402, 0.00454527, 0.014679295), (0.0246454, 0.00425303, 0.014973535), (0.0283023, 0.00449105, 0.018544316), (0.028185, 0.00477844, 0.018220317), (0.0138953, 0.00353849, 0.0073805293), (-0.000328884, 0.00289572, 0.0039541377), (-0.0140389, 0.0079137, 0.006736145), (-0.0140277, 0.0081587, 0.0067751543), (-0.0239696, 0.00817047, 0.014040339), (0.0287529, 0.00267152, 0.01849689), (0.0288191, 0.00230757, 0.01843904), (0.0129317, 0.00807167, 0.0060394043), (0.0138296, 0.00383388, 0.0071610347), (-0.000344296, 0.00319064, 0.0037829252), (0.0271572, 0.00799421, 0.016889634), (0.0272481, 0.00764331, 0.016868008), (-0.00750603, -0.019754, 0.002467006), (-0.0019098, -0.0202361, 0.0018511706), (-0.00178522, -0.0197581, 0.0016501629), (-0.00783435, -0.0192347, 0.0023471361), (-0.0110697, 0.0164626, 0.005527557), (-0.0113119, 0.0161482, 0.005513148), (-0.00192063, 0.0166985, 0.0026509196), (-0.00195591, 0.0170176, 0.0027734716), (-0.0112651, -0.0142388, 0.003806836), (-0.00103817, -0.0149947, 0.001980635), (-0.000998407, -0.0147116, 0.0019669544), (-0.0113376, -0.0139557, 0.003827622), (-0.0137287, -0.00610232, 0.006013383), (-0.023725, -0.00545855, 0.012739671), (-0.0236685, -0.00569265, 0.012601258), (-0.0137009, -0.00634738, 0.005917776), (0.00578941, -0.0188164, 0.002468885), (-0.00148503, -0.018112, 0.0016600761), (-0.0249985, 0.00285174, 0.015731158), (-0.0285877, 0.00293421, 0.019329973), (0.0135797, 0.00484378, 0.0062246616), (-0.000412132, 0.00421178, 0.0030272414), (-0.00039064, 0.00392141, 0.0032004232), (0.0136491, 0.00455456, 0.006448453), (0.0283681, -0.000672555, 0.018968368), (0.0282574, -0.0011378, 0.01860336), (-0.0272818, 0.00844542, 0.017452002), (-0.0240299, -0.00462411, 0.013863614), (-0.0241101, -0.00437839, 0.014135266), (-0.0275651, -0.00418049, 0.017392432), (-0.0274736, -0.00441687, 0.017098684), (-0.0250243, -0.0000446135, 0.015295113), (-0.0250821, 0.00034872, 0.015101742), (-0.0286914, 0.000475077, 0.018703468), (-0.0286246, 0.0000822579, 0.018873567), (0.0160805, 0.0170809, 0.0056907753), (0.00838905, 0.016354, 0.0026863844), (0.00854584, 0.0160982, 0.00272279), (0.0163248, 0.0168254, 0.005829349), (-0.0133071, 0.0108618, 0.006434641), (-0.013221, 0.0111208, 0.0062093167), (-0.022278, 0.0109863, 0.012510539), (-0.0224669, 0.0107296, 0.012845854), (-0.0208202, -0.0109845, 0.010285128), (-0.0210126, -0.0105177, 0.010221084), (-0.0239682, -0.0102878, 0.012578402), (-0.0237371, -0.0107585, 0.012585299), (0.00801005, -0.0208558, 0.0036340794), (0.00893652, -0.0204134, 0.0037742006), (0.00950114, -0.0209392, 0.0042100754), (0.00829957, -0.0212543, 0.0038404143), (-0.0198142, 0.0162734, 0.011083042), (-0.00838022, 0.0197155, 0.0037368275), (-0.0120315, 0.0197736, 0.0055076876), (-0.0126797, 0.0194259, 0.005734326), (-0.00873638, 0.0192749, 0.0036607282), (0.0124565, 0.0190783, 0.004255168), (0.0065625, 0.0182576, 0.002821657), (-0.0131716, -0.0192033, 0.004272005), (-0.0139489, -0.0186391, 0.0044325637), (0.00387652, 0.0198527, 0.001360386), (0.00865115, -0.0162132, 0.0042017144), (0.0153748, -0.0168656, 0.007823508), (0.0161165, -0.0164002, 0.008056945), (0.00907805, -0.0157537, 0.004132567), (0.0205257, -0.0113223, 0.0111416625), (0.0233386, -0.0116881, 0.013709695), (0.0236429, -0.011323, 0.013832245), (0.0207557, -0.0110159, 0.011283791), (0.00202797, 0.0211919, 0.0018121033), (-0.00276439, 0.020737, 0.002278796), (-0.00271981, 0.0204694, 0.0022459247), (0.00258988, 0.0209623, 0.0017951996), (-0.0121707, -0.0196732, 0.0039522517), (-0.0217076, -0.013, 0.0097126765), (-0.0219162, -0.0127422, 0.009980847), (-0.00172529, 0.015054, 0.0021399201), (-0.00177663, 0.0152851, 0.0020572208), (-0.0121344, 0.0145536, 0.005359696), (0.0286384, 0.000592077, 0.0191495), (0.027856, -0.0029329, 0.018014563), (0.0277627, -0.00334983, 0.018222189), (-0.000591471, -0.0105511, 0.0025321657), (0.0116835, -0.0107506, 0.005512688), (-0.0141278, 0.00618496, 0.007812884), (-0.024314, 0.00623496, 0.015265772), (-0.0243566, 0.00600494, 0.015244459), (-0.014145, 0.00593795, 0.0077709057), (0.00997955, 0.0143592, 0.004437844), (-0.00133279, 0.0134728, 0.0032252546), (-0.00130382, 0.0131536, 0.0030962713), (0.0101385, 0.0140314, 0.004378011), (0.0270667, 0.00827411, 0.016809423), (-0.0137041, -0.0175255, 0.004063319), (-0.0133124, -0.0178492, 0.0038833553), (-0.00828605, -0.0183447, 0.002165381), (0.0271153, -0.00593439, 0.01737207), (0.0270228, -0.00629584, 0.017120706), (0.00982996, 0.0146207, 0.0043985266), (-0.00136494, 0.0137322, 0.0032486147), (-0.0288593, 0.00142662, 0.018473111), (-0.0288539, 0.00165566, 0.018544294), (-0.000244204, -0.00214498, 0.0035078446), (0.0138549, -0.00223203, 0.0069110803), (0.013907, -0.00181194, 0.007208058), (-0.000250499, -0.00176864, 0.0037965437), (-0.00483366, 0.0213769, 0.0025433544), (-0.00590256, 0.0210472, 0.0029268542), (-0.00287729, 0.0212574, 0.0021941839), (-0.00295759, 0.0215114, 0.0021163078), (-0.00985662, 0.0205169, 0.004452182), (-0.00818907, 0.0209351, 0.003691341), (-0.00901703, 0.0208956, 0.00400028), (-0.0109406, 0.0204489, 0.0049380567), (0.00875582, 0.0203261, 0.0021152096), (0.0093065, 0.0200361, 0.0021663865), (0.0110715, 0.0202068, 0.0026852072), (0.010445, 0.0204942, 0.0025725656), (0.0190801, 0.0144014, 0.008558265), (0.019396, 0.0139636, 0.0085682655), (0.0224214, 0.0142401, 0.010768997), (0.0220647, 0.0146847, 0.010685346), (0.0098012, 0.0198169, 0.0023099475), (0.00451129, 0.0193137, 0.0013135342), (0.00482769, 0.0191118, 0.0014482773), (0.0103123, 0.0196348, 0.0025720375), (-0.0236514, 0.00910619, 0.014480145), (-0.026792, 0.00934828, 0.017684007), (0.0137409, 0.00419491, 0.006805979), (-0.000366522, 0.00355713, 0.0034918357), (0.0237074, 0.00736532, 0.013586929), (0.0273569, 0.00717931, 0.016759567), (-0.0244646, -0.00194688, 0.013851801), (-0.0245489, -0.00169601, 0.014123149), (-0.0280823, -0.00151498, 0.017549537), (-0.0271242, -0.00522795, 0.015880734), (-0.0270595, -0.00546327, 0.015721977), (-0.0215259, -0.0132942, 0.009571157), (-0.0212059, -0.0100507, 0.010157553), (-0.0242001, -0.0098144, 0.012573676), (0.009483, -0.01511, 0.004143624), (0.00932764, -0.015399, 0.004103555), (0.0171822, -0.015573, 0.008396744), (0.0174252, -0.0152734, 0.008536796), (-0.0190645, -0.01325, 0.007834638), (-0.0192449, -0.0129967, 0.008059735), (0.0170029, 0.0184544, 0.006663242), (0.0176987, 0.0180595, 0.006877851), (-0.0168592, -0.0156735, 0.007055147), (-0.0191293, -0.0154619, 0.00844723), (-0.0143977, 0.0182222, 0.006146948), (-0.015632, 0.0184542, 0.0070349406), (-0.0161692, 0.0181228, 0.007263246), (-0.0147921, 0.0179599, 0.0063665416), (0.0140541, 0.0185018, 0.005264359), (0.0145779, 0.0182087, 0.0054121045), (0.0164108, 0.0187381, 0.0064278273), (-0.0155095, -0.0173402, 0.004929694), (-0.015055, -0.017675, 0.004687919), (-0.0141213, -0.0172378, 0.004365757), (-0.0159917, -0.0170411, 0.00529837), (-0.012374, -0.0187935, 0.0037701789), (-0.0128887, -0.0182556, 0.0037936182), (-0.0145572, -0.0180925, 0.0045340457), (0.00418432, -0.0217123, 0.0024949694), (0.00252746, -0.0219077, 0.0019812225), (0.00326724, -0.0219784, 0.0020908688), (0.00516405, -0.0217858, 0.0027166368), (0.00564851, 0.0215663, 0.0020138642), (0.00799132, 0.0215061, 0.0023860976), (0.00692053, 0.021697, 0.0021867368), (-0.00670544, -0.0212493, 0.0020384283), (-0.00830631, -0.02078, 0.0025848737), (-0.00926473, -0.0207085, 0.0028151125), (-0.00742464, -0.021214, 0.0021528269), (-0.00503289, -0.0215265, 0.0015707421), (-0.00548676, -0.0215097, 0.0015923879), (0.00426669, 0.0217546, 0.0018213228), (0.00535127, 0.0218755, 0.0019030807), (0.0251291, 0.00179782, 0.01471326), (0.0251109, 0.00151221, 0.014776015), (0.0288244, 0.00170581, 0.018507062), (0.0288464, 0.00200216, 0.01844503), (-0.0170708, 0.017613, 0.0079431385), (-0.0166252, 0.0178564, 0.00754989), (0.00782179, -0.0170312, 0.0042583654), (0.00751184, -0.0173231, 0.004170786), (0.0147873, -0.0172259, 0.0075926604), (0.0182679, 0.0154254, 0.00833322), (0.0185058, 0.0151685, 0.00848451), (0.0214178, 0.0154496, 0.010484866), (0.00717526, 0.0178131, 0.0030339286), (0.00748957, 0.017504, 0.0029937502), (0.0192809, -0.012949, 0.010992851), (0.0219885, -0.013261, 0.013235621), (0.0222533, -0.0129616, 0.013426713), (0.0195585, -0.0125916, 0.011058216), (0.0250753, 0.0121593, 0.014247833), (0.0287047, 0.000984402, 0.01890158), (0.0241478, 0.00554267, 0.0134741785), (-0.0278838, 0.00578963, 0.018558733), (-0.0278314, 0.00603638, 0.018678231), (0.0224107, 0.0108184, 0.011678891), (0.0222096, 0.0112691, 0.011728677), (0.0125335, 0.00954568, 0.0053935666), (-0.0138389, -0.00551725, 0.0065812003), (-0.013903, -0.00519422, 0.0069305217), (-0.0239184, -0.00491863, 0.013439313), (-0.0238053, -0.00521279, 0.013012964), (0.0134474, -0.00517463, 0.0074503846), (0.0238876, -0.00481309, 0.0149194505), (0.0239548, -0.00451381, 0.015024684), (0.0134885, -0.00488931, 0.0075257164), (0.0178458, -0.0169396, 0.009488021), (0.0212165, 0.0123418, 0.010766478), (0.0215143, 0.0121032, 0.011205665), (0.0248005, 0.0123856, 0.013904009), (0.0244675, 0.0126163, 0.013395172), (0.0198902, 0.013369, 0.0088018505), (0.0108295, 0.0125851, 0.004057732), (0.0109892, 0.0123498, 0.0042064935), (0.0201409, 0.0131373, 0.00907862), (0.00694378, -0.0211773, 0.0033747095), (0.00687435, -0.0215148, 0.003337667), (0.0167923, -0.0159344, 0.008265446), (0.0186796, -0.0164726, 0.009856405), (0.0194393, -0.0160014, 0.010190697), (0.0198766, -0.015634, 0.0103947), (-0.0241823, 0.0123742, 0.014912991), (-0.023953, 0.0126439, 0.014851155), (-0.00398463, 0.021631, 0.0022543848), (-0.00372153, 0.0217557, 0.0021365918), (0.00807295, 0.0207162, 0.0021425693), (0.00966798, 0.020878, 0.0025275226), (0.00882282, 0.0212512, 0.0024892148), (0.013058, 0.0189058, 0.0047208136), (0.0152943, 0.0191213, 0.005732788), (-0.00682523, 0.0207006, 0.0032885948), (0.00520959, 0.0189156, 0.0017109545), (0.00249417, 0.0218797, 0.0016647921), (0.000175075, 0.0215856, 0.0017710831), (0.00121373, 0.0214056, 0.0017873764), (-0.00899686, -0.0174895, 0.0026801776), (-0.0093685, -0.0171569, 0.0031348185), (-0.014627, -0.016942, 0.004832724), (-0.00755132, 0.0203619, 0.0035712703), (-0.0151769, 0.0177227, 0.006690379), (-0.0225756, -0.00828564, 0.012091653), (-0.0228096, -0.00802626, 0.012490871), (-0.0257784, -0.00804674, 0.014875395), (-0.0133368, 0.0189845, 0.0058752056), (-0.013933, 0.01855, 0.0059930086), (0.00568575, -0.0214414, 0.0029923746), (0.0030875, -0.0209495, 0.0023960185), (-0.0122727, -0.0116542, 0.005368885), (-0.0123527, -0.0111984, 0.005183645), (-0.00991676, 0.01778, 0.004093686), (-0.0156076, 0.0174727, 0.007161069), (-0.0101781, 0.0174913, 0.0045346376), (0.0120121, -0.0100445, 0.006152763), (0.0212336, -0.0103756, 0.011910077), (0.0215514, -0.00994703, 0.0124638025), (0.012193, -0.00965079, 0.006540718), (-0.00224565, 0.0179989, 0.0021871717), (-0.00235942, 0.0182659, 0.0018671195), (-0.0175762, 0.0173571, 0.008497898), (-0.0161482, 0.0171728, 0.007833574), (-0.0179233, 0.0161356, 0.00962029), (0.0217594, 0.011868, 0.011491771), (0.012028, 0.0110096, 0.0057724556), (0.0121701, 0.0107425, 0.0058152135), (0.0219922, 0.011604, 0.011666496), (0.0140638, -0.000486501, 0.0076924576), (0.0248949, 0.0000841584, 0.015590651), (0.0249466, 0.00040452, 0.0154482145), (0.0140954, -0.000169927, 0.007531507), (0.013238, -0.00663259, 0.006433174), (0.0235207, -0.00638834, 0.013731748), (0.0236014, -0.00604116, 0.013962914), (0.013284, -0.00631175, 0.0066263047), (-0.0136877, -0.00661211, 0.005934728), (-0.0236328, -0.00595349, 0.012585992), (-0.0136677, -0.00693871, 0.006052149), (0.0218698, -0.00951655, 0.013019527), (0.0248074, -0.00989821, 0.015396631), (0.0251703, -0.00945939, 0.016031036), (0.022123, -0.00917205, 0.013403356), (0.0129243, -0.00796841, 0.006683434), (0.0228023, -0.00821021, 0.013832477), (0.0230509, -0.00776844, 0.013768614), (0.013066, -0.0075366, 0.0064870697), (0.0225782, 0.0103627, 0.011603147), (0.0126043, 0.00921082, 0.0053015063), (0.0242609, -0.00305817, 0.014466803), (0.0243256, -0.00272706, 0.014345997), (0.0249625, 0.00289671, 0.014956071), (-0.0144096, 0.00287284, 0.007880339), (-0.014377, 0.00316269, 0.0077057756), (-0.000340565, -0.00666053, 0.0028580066), (-0.000338961, -0.00637069, 0.0030423058), (-0.0140957, 0.0067089, 0.007571548), (-0.0242177, 0.00674285, 0.014973348), (-0.0242697, 0.00647005, 0.015178436), (-0.0141119, 0.00642921, 0.0077490113), (-0.0111509, -0.0146007, 0.003870884), (-0.00110407, -0.0153461, 0.0020969708), (-0.0128212, -0.00959737, 0.005327775), (-0.0129968, -0.00927467, 0.0057352274), (-0.0219582, -0.00890342, 0.010927289), (-0.0217251, -0.00916388, 0.010534405), (0.0259623, -0.00850351, 0.01697248), (0.0257114, -0.00880675, 0.016776953), (-0.010458, -0.0159659, 0.0041442267), (-0.0102525, -0.0162698, 0.004078106), (-0.00643039, -0.0205463, 0.002342951), (-0.00704676, -0.0201683, 0.0024674998), (-0.00972441, -0.0202531, 0.0031079303), (-0.0166924, 0.0168723, 0.008516646), (-0.01821, 0.017052, 0.009276238), (0.00689571, -0.0178751, 0.0036751928), (0.00971028, -0.0199635, 0.0038785858), (0.00518474, -0.0193533, 0.0022223103), (0.0109994, -0.0121216, 0.0055563506), (0.0199089, -0.0121354, 0.011067739), (0.0112297, -0.0116719, 0.0054102163), (-0.0186604, -0.0139122, 0.007669025), (-0.0189096, -0.0135366, 0.0077316607), (0.0223454, -0.00886877, 0.0136501985), (0.0254596, -0.00910958, 0.0164769), (0.0225688, -0.00856228, 0.013792412), (-0.008027, 0.0200557, 0.0037157808), (-0.0199545, 0.0142964, 0.010416493), (-0.0229481, 0.0100868, 0.0138422595), (-0.0258743, 0.0103571, 0.016314086), (-0.0261601, 0.0100381, 0.016881924), (-0.000832019, -0.0123302, 0.0030698602), (-0.000757313, -0.0118818, 0.002837171), (0.0131942, -0.00691426, 0.006351408), (0.0234504, -0.00668636, 0.013618366), (-0.000580951, -0.0099137, 0.003043051), (0.0118296, -0.0104374, 0.0057642935), (-0.000580055, -0.00955967, 0.0033588011), (-0.0277681, -0.00298796, 0.017318014), (-0.0278136, -0.00257455, 0.017134678), (0.02406, 0.00580973, 0.013308953), (-0.0142684, 0.00417849, 0.006939941), (-0.0246384, 0.00437971, 0.014543182), (-0.0247008, 0.00409815, 0.014751076), (-0.0142958, 0.00389341, 0.007114711), (-0.0142203, -0.00185231, 0.0070995614), (-0.0141528, -0.00218675, 0.0067594647), (0.0126645, 0.00893607, 0.0053092563), (-0.000736179, 0.00815424, 0.0027657107), (-0.014017, -0.00368629, 0.0068497853), (-0.0140072, -0.00409529, 0.0070905304), (-0.000279441, -0.00407834, 0.0034450258), (-0.000254692, -0.0036696, 0.003180234), (0.0250631, 0.0011936, 0.014925405), (0.0287709, 0.00138055, 0.018650047), (-0.0233209, -0.00716038, 0.012879554), (-0.0139464, 0.00881169, 0.007153986), (-0.0140018, 0.00844576, 0.006916403), (-0.00143021, -0.0218956, 0.0010922656), (-0.00211911, -0.0218451, 0.001076829), (-0.000251819, -0.000618216, 0.0038114965), (-0.000250091, -0.000227267, 0.00353327), (-0.0144284, -0.000427089, 0.0075823544), (0.0141976, 0.00120117, 0.0067368685), (-0.000259698, 0.000730974, 0.0030358431), (-0.000253552, 0.000467471, 0.003089073), (0.0141885, 0.000924841, 0.006800864), (-0.00147499, 0.0142198, 0.0029723505), (-0.00140983, 0.0139697, 0.0031671845), (-0.0137741, -0.00583984, 0.0062315683), (-0.000341415, -0.00600834, 0.0033458977), (-0.0144022, -0.000735129, 0.0077160033), (-0.000252604, -0.000930191, 0.003974124), (-0.000524774, 0.00640453, 0.0038729892), (-0.000759207, 0.00841508, 0.0027990858), (-0.0252249, 0.00152062, 0.014889545), (-0.0251946, 0.00176884, 0.0150477), (-0.0288169, 0.00189894, 0.018696986), (-0.0282374, 0.00416471, 0.018270535), (-0.0281637, 0.00444805, 0.01804492), (-0.027346, -0.00470033, 0.016640974), (-0.0272176, -0.00498517, 0.016181666), (0.0133435, -0.00590689, 0.006943687), (0.0237045, -0.00560145, 0.014328254), (0.0134003, -0.00549977, 0.007258807), (-0.0145489, 0.00115341, 0.0069992244), (-0.0252291, 0.00129137, 0.014819336), (-0.0145484, 0.000910666, 0.006934508), (-0.0145348, 0.00142513, 0.0071683032), (-0.000348646, -0.00692228, 0.0027866825), (0.0272316, -0.00548302, 0.017760588), (0.0238064, -0.00516148, 0.014691281), (-0.0244008, 0.005745, 0.015112249), (0.022715, 0.0139044, 0.0109031275), (0.0229817, 0.0136352, 0.01111989), (0.0103115, -0.0196185, 0.0040266686), (-0.0214028, 0.0153505, 0.011965196), (0.00721797, -0.0175911, 0.0039840136), (-0.0108885, -0.0201436, 0.0034636897), (-0.00121951, 0.012012, 0.002490164), (-0.00124722, 0.0123271, 0.0026218945), (-0.0129599, 0.0118933, 0.006184825), (-0.000959227, -0.0138411, 0.0025946852), (0.00977671, -0.0145381, 0.004540384), (0.009961, -0.0141709, 0.0049358364), (-0.000956409, -0.0135039, 0.0029241324), (-0.0141642, 0.00565498, 0.0076178066), (-0.014187, 0.00529946, 0.007349284), (-0.00047565, 0.00543154, 0.0034230044), (-0.000492098, 0.00582767, 0.003685897), (-0.0124322, -0.0107433, 0.0049977116), (-0.0200858, -0.0121305, 0.009550432), (-0.0228806, -0.0118829, 0.011664018), (0.0187131, 0.017331, 0.007221174), (0.0189874, 0.0170699, 0.0074067805), (-0.0152813, -0.0165965, 0.0055147554), (-0.015936, -0.016251, 0.0062118475), (-0.0180661, -0.0160384, 0.0074380958), (-0.0173179, -0.0163865, 0.0066326936), (-0.012443, 0.0200212, 0.005744253), (-0.0134368, 0.0196768, 0.006266623), (0.0209805, -0.0107163, 0.011528787), (0.0239007, -0.0110062, 0.01402318), (0.0105217, 0.0131716, 0.0040760413), (0.0106819, 0.0128456, 0.0040166858), (-0.0020545, 0.0174984, 0.0027057838), (-0.00213389, 0.0177316, 0.00250765), (-0.0104405, 0.0172003, 0.0049773687), (0.0210706, -0.0142844, 0.011904359), (0.0185537, -0.0138694, 0.010230802), (0.0250462, 0.00244343, 0.014795165), (-0.00050767, 0.0061398, 0.0038348932), (0.0132955, 0.00657876, 0.0066558197), (0.0267343, -0.00726753, 0.01700988), (0.0265006, -0.00771068, 0.01706071), (-0.00205822, -0.0209065, 0.0019495949), (0.0122088, 0.019805, 0.003215027), (0.0135654, 0.0187224, 0.0050430265), (0.0158627, 0.0189498, 0.0061294725), (0.0180131, 0.0156497, 0.008070406), (-0.0143352, 0.00352999, 0.007409793), (-0.0247878, 0.00373545, 0.015092408), (0.0274409, -0.00468262, 0.01839348), (0.027351, -0.00503273, 0.018149326), (-0.0242082, -0.00388793, 0.014286485), (-0.0242422, -0.0035734, 0.014191976), (-0.0277228, -0.00339756, 0.01750046), (-0.0276802, -0.00370786, 0.017578237), (-0.0141815, 0.0193281, 0.0065832958), (-0.0149396, 0.0188884, 0.006820904), (0.0284521, -0.000312378, 0.019193212), (-0.000344299, -0.00564653, 0.0036496653), (-0.0116015, 0.0157422, 0.0054138224), (-0.0183706, 0.0158316, 0.009809188), (-0.0189027, 0.015444, 0.009956622), (-0.0118546, 0.0153383, 0.0052998783), (0.0187652, 0.0148397, 0.008551485), (0.0103303, 0.0136005, 0.0042270813), (-0.00212333, -0.0216577, 0.0014094947), (-0.00119472, -0.021865, 0.0012134553), (-0.000456698, -0.0218097, 0.0014471981), (0.00892265, 0.0156399, 0.0031377778), (-0.00165618, 0.0148101, 0.0023357342), (-0.00156482, 0.0145151, 0.0026545457), (0.00919354, 0.0153663, 0.0035560129), (-0.0100258, -0.0165427, 0.0039034865), (-0.00145439, -0.0171907, 0.0025582528), (-0.00142228, -0.0169266, 0.0026542153), (0.00549644, -0.0190725, 0.0022941306), (-0.0202713, 0.0160274, 0.011420387), (-0.0207835, 0.0157304, 0.01170021), (-0.0246618, -0.00139106, 0.01454192), (-0.0247776, -0.00108682, 0.0149637805), (-0.0283422, -0.000925717, 0.018461205), (-0.0282127, -0.00121907, 0.018006438), (0.00871382, 0.015872, 0.0028663985), (0.0165844, 0.0166028, 0.006081353), (0.0232633, 0.0133996, 0.011457195), (0.0236019, 0.0131609, 0.011960965), (-0.0134148, 0.0105391, 0.006791764), (-0.0227069, 0.0104084, 0.013343037), (-0.0135229, 0.0102165, 0.0071482537), (-0.000874513, 0.010113, 0.0036110398), (-0.000846613, 0.00985323, 0.0035790761), (-0.0235692, 0.0130912, 0.014475218), (-0.0138706, 0.00917998, 0.0073806113), (-0.0234865, 0.00937136, 0.014493872), (-0.0122868, 0.0140033, 0.0059425035), (-0.0201264, 0.0140478, 0.010736843), (-0.0203398, 0.0137419, 0.011210702), (-0.0123719, 0.0136989, 0.0062991763), (-0.0241669, -0.00414475, 0.014270196), (-0.0276312, -0.00395533, 0.017545406), (0.0118731, 0.0112503, 0.0056208493), (-0.000907592, 0.0103583, 0.0035372213), (-0.00199836, 0.0172714, 0.002790925), (0.0131456, -0.00719974, 0.0063717244), (-0.000366331, -0.00719645, 0.0028205733), (0.0247272, 0.00398325, 0.015130491), (-0.027946, 0.00547974, 0.018326232), (0.0204435, 0.0129003, 0.0095119225), (0.0111821, 0.0121017, 0.0044846297), (0.0114342, 0.0118045, 0.0049115825), (0.0240204, -0.00421893, 0.01502194), (0.0275183, -0.00438426, 0.01851417), (0.0275921, -0.00409319, 0.018525966), (0.00687734, 0.0180516, 0.0029792092), (0.0275553, 0.00634788, 0.016623907), (0.0276456, 0.00605003, 0.016702428), (-0.0134894, -0.00814339, 0.006558008), (-0.000531685, -0.00872088, 0.0035973182), (-0.0121256, -0.0122864, 0.005433215), (-0.0120324, -0.0125428, 0.0053001894), (-0.000684635, -0.0114362, 0.0026036275), (-0.0122017, -0.0120046, 0.005454306), (-0.000885633, -0.0126751, 0.003195022), (-0.0249431, 0.00308975, 0.015642682), (-0.0141047, -0.00245676, 0.006548306), (-0.0244035, -0.00218311, 0.013716215), (-0.0140703, -0.00270247, 0.006458147), (-0.0124457, 0.0134459, 0.0065260916), (-0.0251411, 0.000742254, 0.014909255), (-0.0287594, 0.000870091, 0.01853197), (0.0269625, 0.00853025, 0.016613344), (0.0183251, 0.0176523, 0.0070698424), (-0.0205576, 0.0134348, 0.011689406), (-0.0207346, 0.0131852, 0.012013425), (-0.0193747, 0.015059, 0.010067155), (-0.0248033, -0.00891181, 0.013093111), (-0.000254845, -0.00119978, 0.0040231654), (0.0140338, -0.000767973, 0.007740051), (0.0127611, -0.00840286, 0.006869194), (-0.0019975, -0.0206029, 0.0019527598), (0.0196542, 0.0136312, 0.008641429), (0.024842, -0.000205555, 0.015615174), (-0.00281522, 0.0209993, 0.0022554018), (-0.0266419, -0.00694496, 0.01587428), (-0.0250715, -0.00865122, 0.013549438), (-0.0254246, -0.00834653, 0.014210086), (0.0233789, -0.00698507, 0.013611023), (0.026864, -0.00691495, 0.016970426), (0.026944, -0.00660755, 0.016992392), (0.0246139, -0.0013191, 0.014978806), (0.0247091, -0.000863973, 0.0153203085), (0.0200769, 0.0163763, 0.008834962), (-0.0224505, 0.0144335, 0.012436659), (0.00051982, -0.0216955, 0.0017460107), (-0.0226308, 0.0142035, 0.012667167), (-0.00106199, 0.0217122, 0.0018100768), (-0.00206732, 0.0218032, 0.0018750791), (0.00234408, -0.0212228, 0.0022699768), (0.0116328, 0.0199866, 0.0028894339), (-0.00303349, 0.021716, 0.0020402889), (0.0251051, 0.00209329, 0.014716553), (0.0225626, -0.012607, 0.013548889), (0.0229508, -0.0121501, 0.013627688), (0.0190445, -0.0132524, 0.010850623), (0.0217286, -0.0135527, 0.012945748), (-0.00188512, 0.0162791, 0.0024261486), (0.0196283, 0.0166264, 0.008172558), (-0.0249744, -0.000348971, 0.015385447), (-0.0285676, -0.00021754, 0.018945605), (-0.0270156, -0.00572667, 0.015691115), (0.027745, 0.00577338, 0.016897136), (0.0137773, -0.00284459, 0.0066645956), (0.0243841, -0.00243206, 0.014330969), (0.0244458, -0.0021311, 0.014425048), (0.0138132, -0.00256078, 0.00673136), (-0.0243558, -0.00243862, 0.013696748), (-0.0140451, -0.00296309, 0.0064785676), (-0.0240901, 0.00743294, 0.014307166), (-0.0275032, 0.00744001, 0.017660363), (-0.0241533, 0.00708905, 0.014640253), (-0.0281067, 0.00468773, 0.017946161), (0.0133567, 0.00614676, 0.0064444817), (0.0231671, 0.00886664, 0.012619338), (0.0233292, 0.00853675, 0.01309321), (-0.00127529, 0.01274, 0.0028586816), (-0.00974207, -0.0168246, 0.0035951305), (-0.0215051, 0.0120813, 0.012258936), (-0.0217542, 0.0117248, 0.012202596), (-0.00281129, -0.0217771, 0.001105851), (-0.0111665, 0.0201106, 0.005100367), (-0.0186466, -0.0157457, 0.00802679), (-0.0131729, -0.00894813, 0.006142704), (-0.0133044, -0.00867763, 0.0064048544), (-0.0222664, -0.00859495, 0.0115076285), (0.0217084, 0.0151249, 0.010607366), (-0.0126006, 0.0129608, 0.006647212), (-0.012519, 0.0132106, 0.0066373153), (-0.0208954, 0.0129571, 0.0122102685), (-0.0210605, 0.01272, 0.012305845), (0.0239815, 0.00609876, 0.013257125), (-0.000825164, 0.00953924, 0.003439614), (0.0262239, -0.00815233, 0.017068138), (0.0232607, -0.00733015, 0.0136720035), (-0.0245047, 0.00510345, 0.014619471), (-0.00185038, 0.0158598, 0.0022000398), (0.00785277, 0.0170916, 0.0028685338), (0.0124757, -0.00904319, 0.0069221454), (0.0123412, -0.00933025, 0.0067919623), (-0.0136981, 0.00971525, 0.0074833264), (-0.0136145, 0.00995163, 0.007374976), (-0.0194751, -0.0127369, 0.008434532), (-0.0221803, -0.0124811, 0.010409803), (0.0151898, 0.0178078, 0.005517542), (0.0157396, 0.0173989, 0.005606305), (0.00332665, 0.0219877, 0.0016600718), (-0.00307311, 0.0218242, 0.001985502), (0.0141804, 0.00148087, 0.0067654727), (-0.0249229, -0.000598959, 0.015366098), (-0.0285084, -0.000459356, 0.018907443), (-0.0117315, -0.0131246, 0.00462974), (-0.0119048, -0.0128093, 0.00503784), (-0.0137848, 0.00946901, 0.0074874684), (-0.0244521, 0.00542374, 0.014866319), (-0.0013745, -0.0166362, 0.002645343), (0.024519, -0.00177497, 0.0146371275), (0.0228784, 0.00946951, 0.011829061), (0.0230035, 0.00919562, 0.012144173), (0.0279935, -0.00229091, 0.017900243), (-0.0287602, 0.00219137, 0.018948318), (0.0105893, -0.0129217, 0.005762802), (0.0276706, -0.00376375, 0.018428598), (-0.0144847, 0.0021024, 0.007731133), (-0.0145114, 0.00176339, 0.007451112), (-0.00028767, 0.00167963, 0.0035279044), (-0.000299014, 0.00206336, 0.003804671), (-0.0139948, -0.00441458, 0.0072199744), (-0.00118767, 0.0117552, 0.002461606), (-0.000572063, -0.00927043, 0.003550966), (-0.0242781, -0.00316207, 0.013989915), (-0.0122026, 0.0143052, 0.0055865734), (-0.028438, -0.000683501, 0.01875529), (0.027463, 0.00671013, 0.016647683), (-0.0283396, 0.00380146, 0.0186355), (-0.0248752, 0.00337279, 0.015433096), (-0.00241418, 0.0218731, 0.0018744025), (-0.0277806, 0.00625691, 0.018687164), (0.013581, -0.00427315, 0.0073557133), (0.013641, -0.00386124, 0.007103947), (-0.0143719, -0.000994888, 0.007737636), (-0.0248601, -0.000833657, 0.015230889), (-0.0143368, -0.00124266, 0.0076494557), (0.0247835, -0.000507189, 0.015529232), (-0.0228362, 0.0139505, 0.013033931), (0.0140001, -0.00105666, 0.0076803076), (-0.000397764, -0.00752665, 0.0029611401), (-0.0142883, -0.00151714, 0.0074407123), (-0.0134043, -0.00842194, 0.006538497), (-0.000303733, -0.00448769, 0.003709135), (-0.0164404, -0.0159572, 0.006710938), (-0.00267801, 0.0201464, 0.002134312), (-0.000235017, -0.00308243, 0.0029833908), (-0.000235211, -0.00281905, 0.0030444926), (0.0202557, -0.0116786, 0.01107787), (-0.000237427, -0.00252025, 0.0032172224), (-0.024317, -0.00275213, 0.013790899), (-0.0278602, -0.00225791, 0.017056286), (0.0081858, -0.0166758, 0.004263432), (-0.00807684, -0.0187273, 0.0022120595), (-0.000555649, -0.00900262, 0.003626254), (-0.0165704, -0.0167382, 0.0058462564), (0.0208308, 0.0126219, 0.010137279), (0.0240365, 0.0128889, 0.012677001), (0.00420932, 0.019548, 0.0012865165), (-0.0108425, -0.0198057, 0.0034822118), (-0.000323197, -0.00480947, 0.003857877), (-0.0140485, 0.00767328, 0.006800505), (0.0101444, -0.0138024, 0.005331168), (-0.0225291, -0.0121804, 0.01103392), (-0.0182021, -0.0144313, 0.0075731454), (0.0146419, -0.0185081, 0.0069158026), (-0.00102312, 0.0109405, 0.003038765), (-0.000954807, 0.0106221, 0.0033493643), (0.0116847, 0.0115045, 0.0053416314), (0.0141295, 0.000222329, 0.007250258), (-0.000250056, 0.000161562, 0.0032536394), (-0.0251453, 0.00207202, 0.015309034), (-0.0140296, -0.00327735, 0.0066087185), (0.0250055, 0.000799236, 0.01518795), (0.0141625, 0.000613559, 0.0069675804), (0.0262199, 0.00999694, 0.014678387), (-0.0144609, -0.0000364779, 0.0073398566), (-0.014494, 0.000354346, 0.0070963106), (-0.0273544, 0.00818209, 0.017357126), (-0.0275825, 0.00709326, 0.01801413), (-0.0276633, 0.0067506, 0.018367983), (-0.0237583, 0.0128716, 0.014712574), (0.0132358, -0.018092, 0.006431696), (0.00373492, -0.0206131, 0.0024144412), (0.0168973, 0.0163834, 0.006481246), (0.00147194, -0.0214847, 0.0020350397), (-0.0247565, 0.0116771, 0.014916286), (-0.0249827, 0.0114026, 0.014974926), (-0.025591, 0.0106785, 0.01574853), (-0.0277279, 0.00648243, 0.018589681), (0.0227782, 0.00972881, 0.011649597), (0.0135324, -0.00460164, 0.007494974), (0.0126137, -0.00874769, 0.006948276), (0.0081807, 0.0166744, 0.0027405745), (-0.00212509, -0.0217884, 0.001195267), (0.0176569, -0.0149847, 0.008776371), (-0.0117093, -0.019347, 0.00369955), (-0.00181633, 0.0155422, 0.0020764545), (0.0240927, -0.00388662, 0.01491103), (0.0279281, -0.00259482, 0.017904025), (-0.00263539, 0.0197155, 0.0019230638), (0.019279, 0.0168463, 0.0077106203), (0.0259972, 0.010651, 0.014577189), (0.0258099, 0.0111144, 0.014606913), (-0.0145266, 0.000657297, 0.0069643194), (-0.0115577, -0.0134381, 0.0042227237), (-0.000962803, -0.0141763, 0.002263806), (-0.00058241, -0.0102646, 0.0027263535), (0.0261218, 0.0102894, 0.014589979), (0.0137424, -0.00312574, 0.0067037432), (-0.0127005, 0.0126601, 0.006557299), (0.0136986, -0.00345074, 0.006850217), (-0.0128304, 0.0122755, 0.0063721845), (-0.0251955, 0.00104427, 0.014820343), (-0.00109345, 0.011258, 0.0027273768), (-0.0126896, -0.00986595, 0.005066774), (0.0226906, 0.0100126, 0.01158506), (-0.000253917, -0.00146643, 0.003966877), (-0.0114313, -0.0137031, 0.0039619408), (0.0107701, -0.0125715, 0.0057039224), (-0.0244698, 0.0120253, 0.014914732), (0.0096252, -0.014837, 0.0042827884), (0.0188131, -0.0135444, 0.010607299), (-0.028822, 0.00117589, 0.018462569), (0.01396, -0.00139005, 0.007504657), (0.0241757, -0.00347252, 0.014688859), (0.0214363, -0.0138785, 0.012516169), (-0.0212564, 0.0124384, 0.012318679), (-0.01978, -0.0124328, 0.00899048), (-0.000241612, -0.00335175, 0.0030276706), (-0.00114704, 0.0115167, 0.0025382913), (-0.00097418, -0.0144523, 0.0020588252), (-0.0038249, -0.0216716, 0.0012387556), (-0.0206781, 0.0158228, 0.011369109), (-0.0202385, 0.0160538, 0.011119738), (-0.0201356, 0.0160599, 0.01100589), (-0.0205672, 0.015835, 0.011250166), (-0.00375876, 0.0215935, 0.00185589), (-0.00310587, 0.0216571, 0.0017039931), (-0.00906159, 0.0207925, 0.0037120061), (-0.00681457, 0.0211648, 0.0027994586), (-0.0240657, 0.0127205, 0.014680551), (-0.0238608, 0.012851, 0.014508603), (-0.023772, 0.0128482, 0.014392072), (-0.0239811, 0.012729, 0.01456995), (-0.0280939, 0.00519652, 0.018154006), (-0.0281443, 0.00493658, 0.0180222), (-0.0280566, 0.00491696, 0.017961819), (-0.0280047, 0.00516987, 0.018088466), (-0.0286528, -0.00021452, 0.019001517), (-0.0287113, 0.0000754567, 0.01893479), (-0.0287578, 0.0000548934, 0.01893268), (-0.0286989, -0.000219482, 0.018993787), (-0.0233544, -0.0113853, 0.012368422), (-0.0231442, -0.0116305, 0.012094442), (-0.0243024, 0.0125243, 0.014782115), (-0.0242154, 0.0125417, 0.0146719385), (-0.0248948, -0.00875281, 0.012978315), (-0.025165, -0.00844272, 0.013475121), (-0.0251004, -0.00840276, 0.013377124), (-0.0248296, -0.00872464, 0.012871026), (-0.0171597, 0.017592, 0.007975063), (-0.0167165, 0.0178459, 0.007578194), (-0.0167758, 0.0178301, 0.0075593493), (-0.0172147, 0.0175596, 0.007963613), (-0.0289739, 0.00177356, 0.018457912), (-0.0289425, 0.00206574, 0.018647574), (-0.0288854, 0.00210022, 0.018540505), (-0.0289166, 0.00179442, 0.018343434), (-0.0200878, -0.014744, 0.009008261), (-0.0195877, -0.0151452, 0.008758352), (-0.0262468, 0.0100219, 0.016938677), (-0.0259612, 0.0103378, 0.016372083), (-0.0260112, 0.0103002, 0.016376164), (-0.026297, 0.00999249, 0.016939439), (-0.0269468, -0.00605809, 0.015738392), (-0.0268134, -0.00650018, 0.015824923), (-0.00278936, -0.0217314, 0.0009799213), (-0.00208994, -0.0218019, 0.0009517832), (-0.00210754, -0.0218425, 0.0010095467), (-0.00280326, -0.0217733, 0.0010382193), (-0.0288263, 0.00264835, 0.019147685), (-0.0287697, 0.00283176, 0.019239875), (-0.0287123, 0.00285386, 0.019126143), (-0.0287705, 0.00268235, 0.019043472), (-0.0283839, 0.00409831, 0.018284217), (-0.0283107, 0.00442261, 0.018043341), (-0.0282871, 0.0044045, 0.017950531), (-0.0283596, 0.00406428, 0.018198524), (-0.027448, 0.00854192, 0.017487993), (-0.0273213, 0.00888307, 0.017651064), (-0.0273062, 0.00892656, 0.01758022), (-0.0274332, 0.00858, 0.017413571), (-0.0277876, 0.00664114, 0.018297194), (-0.0278553, 0.00643077, 0.018496832), (-0.0278768, 0.00644918, 0.018587328), (-0.0278095, 0.00667721, 0.01838027), (-0.0263893, 0.00978508, 0.017276078), (-0.0265907, 0.00956651, 0.017531537), (-0.0160719, -0.0170072, 0.0053150896), (-0.0166508, -0.0166956, 0.0058702873), (-0.0166868, -0.0166364, 0.005853826), (-0.0161093, -0.01696, 0.005289006), (-0.0190046, 0.0166384, 0.01005551), (-0.018361, 0.0169215, 0.009271398), (-0.0183403, 0.0168685, 0.009205045), (-0.0189847, 0.0165926, 0.0099833375), (-0.0263103, 0.00995473, 0.016892912), (-0.026023, 0.0102564, 0.016332215), (-0.0260012, 0.0102116, 0.016255196), (-0.0262883, 0.00991672, 0.016810996), (-0.0236561, 0.0129839, 0.014277874), (-0.0235664, 0.0129704, 0.014163448), (-0.002022, -0.0214963, 0.0009204573), (-0.00271417, -0.0214283, 0.0009469206), (-0.0048043, 0.0216025, 0.002437801), (-0.00677209, 0.0212977, 0.0030846582), (-0.00372908, -0.0213318, 0.001066985), (-0.0053864, -0.0211906, 0.0013838793), (-0.00732218, -0.0209368, 0.0018914059), (-0.0190487, -0.0153546, 0.008070057), (-0.0195301, -0.0151646, 0.008403016), (-0.0220424, 0.0149827, 0.012228212), (-0.0223568, 0.0146826, 0.012356115), (-0.0222634, 0.0146776, 0.012308247), (-0.0219546, 0.0149707, 0.012183241), (-0.0213611, -0.0136831, 0.009454923), (-0.021649, -0.0132736, 0.009570972), (-0.0216531, -0.013269, 0.009501687), (-0.0213704, -0.0136977, 0.009393544), (-0.0245622, 0.0120468, 0.014973807), (-0.0242734, 0.0123929, 0.014969443), (-0.0243342, 0.0124221, 0.014977808), (-0.0246222, 0.0120808, 0.014982861), (-0.0232815, -0.0112849, 0.011984051), (-0.0234868, -0.0111278, 0.01215927), (-0.0280709, -0.00173752, 0.01730788), (-0.0280009, -0.00198379, 0.017145786), (-0.0279156, -0.00199926, 0.017092584), (-0.0279866, -0.0017627, 0.017250463), (-0.0143113, 0.0193378, 0.006532047), (-0.0150938, 0.0189166, 0.006782012), (-0.015078, 0.0189028, 0.0068297423), (-0.0143052, 0.0193313, 0.006582206), (-0.0202306, -0.0147833, 0.008959587), (-0.0208371, -0.0142525, 0.009199683), (-0.0208127, -0.0142834, 0.00911766), (-0.0202038, -0.0148101, 0.00887675), (-0.0255191, -0.00812931, 0.014144335), (-0.0254543, -0.00808383, 0.014046715), (-0.0246376, 0.0121618, 0.014882603), (-0.0243495, 0.012495, 0.014875179), (-0.0245902, 0.0121936, 0.01478972), (-0.0288316, 0.00241413, 0.018809818), (-0.0286797, 0.00270088, 0.018919498), (-0.0287421, 0.00243343, 0.018688625), (-0.00378566, -0.0214728, 0.001046938), (-0.00274856, -0.0215815, 0.0009121387), (-0.00277023, -0.0216632, 0.00093608093), (-0.00380954, -0.0215517, 0.0010746497), (-0.0188475, 0.0167502, 0.010068388), (-0.0193603, 0.0165027, 0.010651963), (-0.0189351, 0.0167252, 0.010107004), (-0.0194499, 0.0164857, 0.01068943), (-0.0227203, 0.0140765, 0.012482358), (-0.0225565, 0.0143953, 0.012231283), (-0.0224702, 0.0143911, 0.012120396), (-0.0226319, 0.0140625, 0.012373455), (-0.0249075, 0.0117237, 0.014979688), (-0.0248484, 0.0116948, 0.014973524), (-0.0246467, 0.0121216, 0.014947965), (-0.0138795, -0.0186689, 0.004157795), (-0.0145263, -0.0181395, 0.0042416835), (-0.0144238, -0.0181572, 0.004159517), (-0.0137691, -0.0186842, 0.0040781065), (-0.015786, 0.0184713, 0.0070488304), (-0.0158139, 0.0184878, 0.007001724), (-0.0159001, -0.0168184, 0.0049899), (-0.0164779, -0.0164444, 0.0055927443), (-0.0213167, -0.0136754, 0.009477155), (-0.0207798, -0.0142114, 0.009276434), (-0.0206947, -0.0142095, 0.009247765), (-0.0212333, -0.0136782, 0.009448405), (-0.0142199, 0.0193547, 0.0063779145), (-0.0135078, 0.0196804, 0.006055649), (-0.0134162, 0.0196872, 0.0059720683), (-0.0141219, 0.0193647, 0.006290223), (-0.0109893, 0.0203885, 0.004644675), (-0.0235428, -0.0111099, 0.012524466), (-0.0166585, 0.01778, 0.007244286), (-0.0162231, 0.0181452, 0.006969942), (-0.02646, -0.00728145, 0.015811533), (-0.0262633, -0.00755083, 0.01563307), (-0.00748068, -0.0210162, 0.0019790893), (-0.00549588, -0.0213048, 0.0014111964), (-0.00552737, -0.0213764, 0.0014527625), (-0.00751814, -0.0210765, 0.0020380674), (-0.0245893, -0.00916761, 0.012803098), (-0.0243981, -0.00945541, 0.0126394825), (-0.0155857, -0.0172361, 0.0047388477), (-0.0160694, -0.016864, 0.005154536), (-0.0159998, -0.0168304, 0.0050701066), (-0.0155141, -0.017222, 0.0046442314), (-0.0234951, 0.0132832, 0.0141531695), (-0.023232, 0.0135781, 0.0136211775), (-0.0232454, 0.0135303, 0.013579716), (-0.0235093, 0.0132412, 0.014108577), (-0.0156772, 0.0185364, 0.006761435), (-0.019509, 0.0163957, 0.010547775), (-0.018929, 0.0165563, 0.00989382), (-0.019458, 0.0163703, 0.010452495), (-0.0193696, 0.016357, 0.010352925), (-0.0188401, 0.0165353, 0.009799452), (-0.0263444, -0.00753225, 0.015675671), (-0.0261276, -0.00776441, 0.015380283), (-0.0260463, -0.00779354, 0.015333925), (-0.0289023, 0.000817595, 0.018537814), (-0.0288343, 0.000408794, 0.01871415), (-0.0288234, 0.000441284, 0.018762374), (-0.0288918, 0.000844467, 0.01858996), (-0.0249283, -0.00879333, 0.013067549), (-0.0251972, -0.00849887, 0.013551613), (-0.0270754, -0.00607227, 0.015778124), (-0.0271424, -0.00571618, 0.015723623), (-0.027148, -0.00571877, 0.015658569), (-0.0270856, -0.00609363, 0.015723934), (-0.0273962, 0.00795064, 0.017340995), (-0.0274434, 0.00771409, 0.01743937), (-0.0120101, -0.0196025, 0.0036034514), (-0.0129724, -0.0191891, 0.003934839), (-0.0226209, 0.0144126, 0.012419715), (-0.022442, 0.014703, 0.01230218), (-0.0224304, 0.0147156, 0.0122218765), (-0.0226071, 0.0144031, 0.01233508), (-0.0285321, -0.000267603, 0.018591853), (-0.0285942, -0.000053622, 0.018553562), (-0.00375789, -0.0213956, 0.0010415947), (-0.00272821, -0.0215001, 0.0009139633), (-0.0252661, 0.0111679, 0.015166661), (-0.0254562, 0.0109273, 0.015414555), (-0.0253686, 0.0109378, 0.015361051), (-0.0251756, 0.0111672, 0.015113941), (-0.0231822, 0.0136202, 0.013619623), (-0.0234437, 0.0133174, 0.014155059), (-0.0233578, 0.0133382, 0.014105203), (-0.0230958, 0.0136441, 0.013568263), (-0.0285299, 0.0034311, 0.019061703), (-0.028609, 0.00316251, 0.019285811), (-0.0285239, 0.0031633, 0.01922895), (-0.0284435, 0.00344108, 0.019000473), (-0.0256782, 0.0106598, 0.015806554), (-0.0257283, 0.0106261, 0.015808983), (-0.0278135, 0.00647731, 0.01864596), (-0.0277485, 0.00673724, 0.018427834), (-0.027799, 0.00671041, 0.01843006), (-0.0278628, 0.0064654, 0.018641403), (-0.0271513, 0.00919362, 0.017755646), (-0.02713, 0.00915333, 0.017790351), (-0.0269564, 0.00940543, 0.017700367), (-0.0269393, 0.0094295, 0.017617395), (-0.00382701, -0.0216189, 0.0011199778), (-0.00383279, -0.0216627, 0.0011771382), (-0.0274791, 0.00796359, 0.017127281), (-0.0274457, 0.00828214, 0.017172491), (-0.0273563, 0.00828918, 0.017048074), (-0.0273895, 0.00795877, 0.017000342), (-0.028644, 0.00271858, 0.019319274), (-0.0286995, 0.00248322, 0.019193083), (-0.0269817, 0.00909416, 0.01771335), (-0.0271522, 0.00877132, 0.017604895), (-0.0286209, 0.00286236, 0.018998437), (-0.0280011, 0.00536802, 0.017820539), (-0.0279445, 0.00570476, 0.018075855), (-0.0288246, 0.00147811, 0.0181034), (-0.0288252, 0.00180351, 0.018214637), (-0.0280237, -0.00193528, 0.016965376), (-0.0280976, -0.0016308, 0.01715718), (-0.0280367, -0.00160563, 0.017042503), (-0.0279617, -0.00192821, 0.01684323), (-0.0289169, 0.00148031, 0.018235505), (-0.0251538, -0.00861145, 0.013600109), (-0.0255057, -0.00830642, 0.014261938), (-0.0255474, -0.00824935, 0.014262061), (-0.0251954, -0.00855816, 0.013598266), (-0.0279719, -0.00227018, 0.016940532), (-0.0279987, -0.00226025, 0.017037323), (-0.0280512, -0.00194904, 0.017065775), (-0.0285877, 0.00293421, 0.019329973), (-0.0195266, 0.0164259, 0.010628016), (-0.0195052, 0.0164579, 0.010677595), (-0.0189868, 0.0166861, 0.010098335), (-0.0272818, 0.00844542, 0.017452002), (-0.0275651, -0.00418049, 0.017392432), (-0.0274736, -0.00441687, 0.017098684), (-0.0271357, 0.00923334, 0.017683264), (-0.0270855, 0.00926466, 0.01758396), (-0.0272567, 0.00896176, 0.017483577), (-0.0289898, 0.00145335, 0.018518286), (-0.0289878, 0.00170956, 0.018603202), (-0.0289978, 0.00174316, 0.018548492), (-0.029, 0.00146711, 0.01845697), (-0.0286914, 0.000475077, 0.018703468), (-0.0286246, 0.0000822579, 0.018873567), (-0.0287765, 0.000465587, 0.018762881), (-0.0229879, 0.0138452, 0.0130434735), (-0.022792, 0.0141334, 0.012662602), (-0.0227732, 0.0141022, 0.012582485), (-0.0229664, 0.0137991, 0.012969886), (-0.0276709, -0.00387912, 0.017290724), (-0.0277294, -0.00373136, 0.017342802), (-0.0276362, -0.00374492, 0.017216593), (-0.0275774, -0.0038809, 0.017163027), (-0.0239682, -0.0102878, 0.012578402), (-0.0237371, -0.0107585, 0.012585299), (-0.0182834, 0.0168244, 0.009122639), (-0.0214789, 0.0153636, 0.01200079), (-0.0215092, 0.0153865, 0.011977901), (-0.0220974, 0.0150047, 0.01222269), (-0.0225456, -0.0119062, 0.01086402), (-0.0228964, -0.0116352, 0.011468028), (-0.0227988, -0.0116173, 0.01136531), (-0.0224486, -0.0118852, 0.010764676), (-0.0199018, 0.0162655, 0.011118872), (-0.0198142, 0.0162734, 0.011083042), (-0.0213783, 0.0154705, 0.011699484), (-0.0212779, 0.0154858, 0.011586588), (-0.0140174, -0.0186333, 0.0044342913), (-0.0132378, -0.019191, 0.0042718695), (-0.0131716, -0.0192033, 0.004272005), (-0.0139489, -0.0186391, 0.0044325637), (-0.0271592, -0.00538639, 0.015584849), (-0.0272248, -0.00508224, 0.015775122), (-0.0271607, -0.0050551, 0.01566112), (-0.0270956, -0.00537643, 0.015464061), (-0.0249307, 0.0117575, 0.014940107), (-0.0249198, 0.0117894, 0.014868929), (-0.0251521, 0.0114458, 0.014979072), (-0.0251288, 0.0114286, 0.015026073), (-0.0270733, 0.00911741, 0.0177795), (-0.0272426, 0.00879752, 0.017670048), (-0.0122429, -0.0196561, 0.003949086), (-0.0121707, -0.0196732, 0.0039522517), (-0.0219955, -0.0127084, 0.010013952), (-0.021788, -0.0129778, 0.0097410055), (-0.0217076, -0.013, 0.0097126765), (-0.0219162, -0.0127422, 0.009980847), (-0.028234, 0.00471812, 0.017841581), (-0.0281755, 0.00472083, 0.01771972), (-0.028229, 0.0043885, 0.017833611), (-0.027946, -0.00259506, 0.017184602), (-0.0279902, -0.00225374, 0.017097186), (-0.0279557, -0.00261961, 0.017131187), (-0.0254491, 0.0108337, 0.01516902), (-0.0252705, 0.0111541, 0.014906431), (-0.025182, 0.0111508, 0.014785644), (-0.0253587, 0.0108194, 0.015049706), (-0.0289377, 0.00167892, 0.018602889), (-0.0289432, 0.00144005, 0.018528245), (-0.0288593, 0.00142662, 0.018473111), (-0.0288539, 0.00165566, 0.018544294), (-0.0185551, -0.0155405, 0.0076823593), (-0.00901703, 0.0208956, 0.00400028), (-0.0109406, 0.0204489, 0.0049380567), (-0.0269986, 0.00928265, 0.017466765), (-0.0268014, 0.00945581, 0.017390313), (-0.00741381, -0.0209667, 0.0019268974), (-0.00926835, -0.0205148, 0.00255343), (-0.00916876, -0.0205003, 0.002497191), (-0.0132555, -0.019181, 0.004234532), (-0.0122679, -0.0196373, 0.003908294), (-0.0236987, -0.0108705, 0.012255244), (-0.0259431, 0.0101723, 0.01615219), (-0.025663, 0.0105081, 0.015585107), (-0.0255709, 0.0104852, 0.015467984), (-0.025853, 0.010148, 0.016035324), (-0.0207526, -0.0143123, 0.00902078), (-0.0212794, -0.0137391, 0.009202284), (-0.0211862, -0.0137577, 0.00909971), (-0.020661, -0.0143382, 0.008923184), (-0.027319, -0.00479075, 0.016113212), (-0.0272567, -0.00475219, 0.016008997), (-0.0239045, 0.0128653, 0.014753287), (-0.0237101, 0.0130576, 0.014516556), (-0.0237286, 0.0130321, 0.014466752), (-0.0239268, 0.0128605, 0.014701509), (-0.026792, 0.00934828, 0.017684007), (-0.0226095, -0.0121378, 0.011076175), (-0.0229589, -0.0118437, 0.011702074), (-0.0229989, -0.0117907, 0.011693426), (-0.0226484, -0.0120788, 0.011071089), (-0.02712, -0.00572451, 0.015561459), (-0.0270575, -0.00573377, 0.01544177), (-0.0275301, 0.00770854, 0.017497066), (-0.0274855, 0.00795424, 0.017399725), (-0.0275377, 0.00795847, 0.017393898), (-0.027581, 0.00769314, 0.017494315), (-0.0055388, -0.0214416, 0.0015017629), (-0.00552668, -0.0214909, 0.0015509834), (-0.0282966, -0.00118402, 0.018068926), (-0.0284273, -0.000894247, 0.018523695), (-0.0284736, -0.000846922, 0.018527437), (-0.0283443, -0.00113284, 0.018077288), (-0.0229741, 0.0138898, 0.013085646), (-0.0207703, 0.0158033, 0.011493814), (-0.0214534, 0.0154458, 0.011811611), (-0.0215004, 0.0154161, 0.011910749), (-0.0208368, 0.0157801, 0.011607054), (-0.0280823, -0.00151498, 0.017549537), (-0.0271242, -0.00522795, 0.015880734), (-0.0270595, -0.00546327, 0.015721977), (-0.0288894, 0.0023748, 0.018914372), (-0.0216079, -0.0132823, 0.009599142), (-0.0215259, -0.0132942, 0.009571157), (-0.00938365, -0.0206383, 0.0027643135), (-0.00752584, -0.0211368, 0.0020932413), (-0.00749451, -0.021186, 0.0021344386), (-0.00934604, -0.0206799, 0.002806272), (-0.0242001, -0.0098144, 0.012573676), (-0.0229119, 0.0137611, 0.012876237), (-0.0228215, 0.0137385, 0.012769712), (-0.0135648, 0.0196751, 0.006138707), (-0.0126119, 0.0200018, 0.0056108125), (-0.0125652, 0.0200015, 0.0055297934), (-0.0276054, -0.00401499, 0.017172653), (-0.0275125, -0.00400741, 0.017049437), (-0.0191293, -0.0154619, 0.00844723), (-0.0198878, 0.0162192, 0.010844523), (-0.0197969, 0.0162149, 0.010738894), (-0.015632, 0.0184542, 0.0070349406), (-0.0161692, 0.0181228, 0.007263246), (-0.0155095, -0.0173402, 0.004929694), (-0.015055, -0.017675, 0.004687919), (-0.0159917, -0.0170411, 0.00529837), (-0.0145572, -0.0180925, 0.0045340457), (-0.0181926, 0.0168012, 0.009031058), (-0.00926473, -0.0207085, 0.0028151125), (-0.00742464, -0.021214, 0.0021528269), (-0.00548676, -0.0215097, 0.0015923879), (-0.0262933, -0.00746127, 0.015367638), (-0.0261987, -0.00746266, 0.0152449645), (-0.0260737, -0.00761773, 0.015100365), (-0.0261386, -0.00764409, 0.015213083), (-0.0135241, 0.019673, 0.0062845415), (-0.0125364, 0.0200154, 0.0057604695), (-0.0125968, 0.0200097, 0.00573702), (-0.0135725, 0.0196721, 0.006261872), (-0.017562, 0.0171143, 0.008256684), (-0.0163062, 0.0181382, 0.00706016), (-0.0157615, 0.0185234, 0.006848106), (-0.0170708, 0.017613, 0.0079431385), (-0.0166252, 0.0178564, 0.00754989), (-0.0109541, -0.0200338, 0.003257507), (-0.0122014, -0.0196059, 0.0037600894), (-0.012119, -0.0195987, 0.0036767093), (-0.0108797, -0.0200157, 0.0031749483), (-0.0265227, 0.0097188, 0.017184643), (-0.0262326, 0.00988418, 0.01670484), (-0.0264686, 0.00969969, 0.017074242), (-0.0275769, -0.00422704, 0.017028391), (-0.0276072, -0.00427738, 0.017111134), (-0.0276692, -0.00404225, 0.017288845), (-0.0229622, -0.0116755, 0.011562815), (-0.0226129, -0.0119525, 0.0109541), (-0.0226491, -0.0120135, 0.011027003), (-0.0229986, -0.0117317, 0.0116430335), (-0.0250049, -0.00838397, 0.013268347), (-0.0247339, -0.00871445, 0.012757646), (-0.0272957, 0.0086255, 0.017193982), (-0.0274289, -0.00466107, 0.016699674), (-0.027556, -0.00438203, 0.01715536), (-0.0275999, -0.00433203, 0.017156396), (-0.0274721, -0.00460752, 0.016702564), (-0.0126233, 0.0200048, 0.005684045), (-0.0111254, 0.020412, 0.004868007), (-0.0111173, 0.0203996, 0.004797269), (-0.0279184, 0.00605452, 0.018738227), (-0.0279709, 0.00581592, 0.01862235), (-0.0278838, 0.00578963, 0.018558733), (-0.0278314, 0.00603638, 0.018678231), (-0.0240842, -0.0103652, 0.012465118), (-0.0243101, -0.00986454, 0.012448376), (-0.0242499, -0.00988721, 0.012340549), (-0.0240253, -0.0103957, 0.012362669), (-0.0285218, -0.000659593, 0.018812152), (-0.0285932, -0.000445844, 0.018963385), (-0.028639, -0.000430164, 0.018951854), (-0.0285682, -0.000625827, 0.0188077), (-0.0287945, 0.00211501, 0.018417154), (-0.0255095, 0.0109067, 0.015412887), (-0.0279301, -0.00264627, 0.017041277), (-0.027911, -0.00228103, 0.016819887), (-0.02787, -0.00267272, 0.016926566), (-0.0286734, 0.00294479, 0.019387733), (-0.0286584, 0.0031544, 0.019281732), (-0.0287223, 0.00295663, 0.01937892), (-0.0275694, 0.00729312, 0.017483504), (-0.0275171, 0.00763524, 0.017238073), (-0.0274275, 0.00762108, 0.017113442), (-0.027479, 0.00727061, 0.017360948), (-0.0240465, 0.0126531, 0.014905998), (-0.0241823, 0.0123742, 0.014912991), (-0.023953, 0.0126439, 0.014851155), (-0.0162642, 0.0181223, 0.007292355), (-0.015725, 0.0184589, 0.0070628515), (-0.00372153, 0.0217557, 0.0021365918), (-0.00683499, 0.0213115, 0.0030624713), (-0.00910426, 0.0208894, 0.004000143), (-0.0124793, 0.0200048, 0.0054505942), (-0.0257784, -0.00804674, 0.014875395), (-0.0214598, -0.0132848, 0.009190562), (-0.027651, 0.00736313, 0.01767658), (-0.0277287, 0.00700671, 0.018033314), (-0.0277173, 0.00704541, 0.018078769), (-0.0276381, 0.00739854, 0.01772188), (-0.0223001, 0.0147309, 0.012015402), (-0.0175762, 0.0173571, 0.008497898), (-0.0283291, -0.00102415, 0.01796269), (-0.0284586, -0.0007499, 0.01840453), (-0.0283995, -0.000712601, 0.018297458), (-0.0282693, -0.000982108, 0.017858338), (-0.0247861, 0.0118319, 0.014659654), (-0.0245058, 0.0122133, 0.014681416), (-0.0227734, 0.0141633, 0.012710127), (-0.0163249, 0.0181247, 0.0072735096), (-0.0163562, 0.0181275, 0.0072236103), (-0.0132325, -0.0191763, 0.0041725906), (-0.0122528, -0.0196185, 0.0038412479), (-0.0068939, 0.0212482, 0.002893638), (-0.00488718, 0.021576, 0.0022186325), (-0.00487436, 0.0215186, 0.0021739916), (-0.00686816, 0.0212075, 0.0028382086), (-0.0253186, 0.0111666, 0.015157755), (-0.0281778, -0.000963752, 0.017739275), (-0.0283067, -0.000696394, 0.018174505), (-0.023075, 0.0134155, 0.013303392), (-0.0275331, 0.00796387, 0.0172432), (-0.027574, 0.00765484, 0.01735261), (-0.0275939, 0.00767549, 0.017440125), (-0.0275523, 0.00796246, 0.01733574), (-0.0257186, 0.0105443, 0.015686298), (-0.0255045, 0.0108568, 0.015277003), (-0.0281985, -0.00133367, 0.017495448), (-0.0281366, -0.00129627, 0.017387755), (-0.0244973, -0.00944285, 0.012491662), (-0.0246818, -0.00907815, 0.012650845), (-0.0246158, -0.00906678, 0.012534675), (-0.0244343, -0.00944966, 0.012378723), (-0.027729, 0.00661058, 0.018185413), (-0.0276487, 0.0069269, 0.017845131), (-0.0275575, 0.00690298, 0.017722484), (-0.0276386, 0.00658806, 0.018062307), (-0.0232239, -0.0115998, 0.012131008), (-0.0232632, -0.0115579, 0.012112326), (-0.0220985, 0.0150555, 0.012096135), (-0.0220448, 0.0150789, 0.011997226), (-0.0270677, -0.00504688, 0.015540183), (-0.0271635, -0.00473419, 0.015892323), (-0.0177149, 0.0172828, 0.008531263), (-0.0172333, 0.0175196, 0.007916181), (-0.0177284, 0.0172311, 0.008490675), (-0.027189, -0.00540342, 0.015685791), (-0.0272543, -0.00511917, 0.015866658), (-0.0273488, -0.00484233, 0.016193597), (-0.0274788, -0.00454807, 0.016662309), (-0.0274501, -0.00449135, 0.016585397), (-0.02434, -0.00946158, 0.012262322), (-0.0245211, -0.00906817, 0.012417943), (-0.00933972, -0.0205482, 0.0026250442), (-0.0172182, 0.0174835, 0.007844825), (-0.0167906, 0.0177973, 0.0074269706), (-0.0167449, 0.0177841, 0.0073360736), (-0.0171653, 0.0174551, 0.00775754), (-0.01821, 0.017052, 0.009276238), (-0.0201449, -0.0148377, 0.008782206), (-0.0277649, -0.0037031, 0.017630933), (-0.0278071, -0.00340225, 0.01755417), (-0.0278543, -0.00341955, 0.017550051), (-0.0278102, -0.00370498, 0.017620279), (-0.0277063, 0.00696423, 0.017952751), (-0.0289507, 0.00197192, 0.018766567), (-0.0289028, 0.00192873, 0.018761596), (-0.0288962, 0.00227155, 0.019024756), (-0.0289097, 0.00232531, 0.018988274), (-0.027714, -0.00393895, 0.017595118), (-0.027757, -0.00392065, 0.01757929), (-0.0218336, -0.0125315, 0.009648897), (-0.0220996, -0.0122032, 0.010133071), (-0.0222986, -0.0123219, 0.010395403), (-0.0222636, -0.0122644, 0.010322275), (-0.0286701, 0.00314341, 0.019225143), (-0.0287337, 0.00296687, 0.019319521), (-0.019689, -0.0151418, 0.008600517), (-0.0197197, -0.0151362, 0.008689945), (-0.0287085, -0.000228952, 0.018935692), (-0.0286479, -0.000417237, 0.018889735), (-0.0277652, -0.00390283, 0.01751689), (-0.0278179, -0.00371168, 0.017558519), (-0.0277907, -0.00371979, 0.017461622), (-0.0277353, -0.00388825, 0.0174143), (-0.0258743, 0.0103571, 0.016314086), (-0.0261601, 0.0100381, 0.016881924), (-0.0248835, -0.00888043, 0.013135874), (-0.0249244, -0.0088389, 0.013123481), (-0.0154162, -0.0172202, 0.004560777), (-0.0279338, 0.00627575, 0.01868092), (-0.0279132, 0.00627876, 0.018587213), (-0.0263897, -0.00748906, 0.015589358), (-0.026171, -0.00768245, 0.015306467), (-0.0261692, -0.00772457, 0.015367784), (-0.026387, -0.00751085, 0.015657758), (-0.0278871, -0.00308127, 0.017234256), (-0.0279099, -0.00304634, 0.017318878), (-0.0110974, 0.0204254, 0.004922899), (-0.0278984, -0.00257853, 0.017189918), (-0.0278529, -0.0029957, 0.017374279), (-0.0277681, -0.00298796, 0.017318014), (-0.0278136, -0.00257455, 0.017134678), (-0.0279129, 0.00615335, 0.018493464), (-0.0278571, 0.00628001, 0.01846899), (-0.0277667, 0.00627757, 0.018339846), (-0.0278238, 0.00616104, 0.018368475), (-0.0142829, 0.0193454, 0.006461947), (-0.01559, -0.0173168, 0.004939517), (-0.0156257, -0.0172884, 0.0048996317), (-0.0272063, -0.00519926, 0.015931355), (-0.0272991, -0.00494857, 0.016236806), (-0.0273423, -0.00489813, 0.016237825), (-0.0272489, -0.00515996, 0.015922919), (-0.0278398, -0.00347242, 0.01740902), (-0.0277804, -0.00349996, 0.017295774), (-0.0221147, 0.0150301, 0.012173821), (-0.0278258, -0.00311295, 0.017120752), (-0.027735, -0.00313864, 0.016997833), (-0.0276872, -0.00352237, 0.01717133), (-0.0273821, 0.00860995, 0.017311381), (-0.0282223, -0.00138189, 0.017572096), (-0.0281247, -0.00166378, 0.017247546), (-0.0281161, -0.00170269, 0.017302215), (-0.0282142, -0.00143421, 0.017616197), (-0.00211911, -0.0218451, 0.001076829), (-0.0280856, 0.00471846, 0.017591145), (-0.0280438, 0.00504395, 0.017643737), (-0.0288169, 0.00189894, 0.018696986), (-0.0282493, 0.00444545, 0.018103473), (-0.0283249, 0.004153, 0.018333092), (-0.0282374, 0.00416471, 0.018270535), (-0.0281637, 0.00444805, 0.01804492), (-0.027346, -0.00470033, 0.016640974), (-0.0272176, -0.00498517, 0.016181666), (-0.00484361, 0.0216368, 0.0023964464), (-0.00374701, 0.0217965, 0.0020882322), (-0.00376713, 0.021803, 0.0020269984), (-0.00486933, 0.0216411, 0.002338329), (-0.0146318, -0.0180888, 0.004537004), (-0.0146616, -0.0180945, 0.0044962564), (-0.014039, -0.018635, 0.0043951413), (-0.0214028, 0.0153505, 0.011965196), (-0.0109669, -0.0201199, 0.003456318), (-0.0108885, -0.0201436, 0.0034636897), (-0.019147, -0.0153557, 0.008168008), (-0.0186545, -0.0155507, 0.007775026), (-0.0187234, -0.0155808, 0.007871242), (-0.0150166, 0.0189497, 0.0066280677), (-0.0149267, 0.0189623, 0.0065421644), (-0.021957, 0.0150919, 0.011890766), (-0.0240528, -0.0102904, 0.012618953), (-0.0242835, -0.00981418, 0.012613504), (-0.0243292, -0.00982414, 0.0125973895), (-0.0240993, -0.0103091, 0.012606181), (-0.0130841, -0.0191791, 0.0040113493), (-0.0131746, -0.0191749, 0.004094971), (-0.0288495, 0.0026037, 0.019227041), (-0.0288354, 0.00255466, 0.019266147), (-0.0287908, 0.00280276, 0.01932696), (-0.0222987, -0.0123846, 0.010441907), (-0.0285602, 0.00297633, 0.018969124), (-0.0265434, 0.00974082, 0.017273562), (-0.0265289, 0.00976071, 0.017328063), (-0.0244803, -0.00944597, 0.012678111), (-0.0245224, -0.0094403, 0.012655899), (-0.0199456, 0.0162282, 0.010949845), (-0.0228806, -0.0118829, 0.011664018), (-0.0272994, 0.00883714, 0.017682638), (-0.0180661, -0.0160384, 0.0074380958), (-0.0173179, -0.0163865, 0.0066326936), (-0.0165765, -0.0164646, 0.0056688744), (-0.012443, 0.0200212, 0.005744253), (-0.0134368, 0.0196768, 0.006266623), (-0.02467, -0.00914783, 0.012840746), (-0.0247114, -0.00912159, 0.012818641), (-0.0230644, -0.0114328, 0.011745467), (-0.0267556, -0.00701284, 0.015773484), (-0.0269291, -0.00658588, 0.015730519), (-0.0268697, -0.00661722, 0.015620492), (-0.0266967, -0.00703965, 0.01566382), (-0.00309495, 0.0218651, 0.0019344648), (-0.0031114, 0.0218704, 0.0018727271), (-0.0271703, 0.00897978, 0.017367383), (-0.0177086, 0.0171796, 0.008426856), (-0.010779, -0.0200113, 0.0031078202), (-0.0266783, 0.00956967, 0.017321553), (-0.0263776, 0.00968655, 0.016950151), (-0.0265887, 0.009568, 0.017196605), (-0.016647, -0.0165103, 0.0057445685), (-0.0173942, -0.0161506, 0.006535263), (-0.0173226, -0.0161019, 0.0064564487), (-0.0275158, -0.00418952, 0.016924012), (-0.0235816, -0.0111151, 0.012271241), (-0.0237919, -0.0108481, 0.01236549), (-0.00544739, -0.0212383, 0.0013857041), (-0.0110741, 0.0203918, 0.0047194003), (-0.0285892, 0.00337835, 0.019012284), (-0.0285775, 0.00340952, 0.019060848), (-0.0281344, 0.00503654, 0.01777053), (-0.0280899, 0.00535232, 0.017941149), (-0.00937921, -0.0205928, 0.0026988885), (-0.0176634, 0.0173283, 0.00853584), (-0.0253233, 0.0111585, 0.015016683), (-0.0258711, -0.0078487, 0.014788875), (-0.0258061, -0.00780939, 0.014685599), (-0.0234361, -0.0113648, 0.012403769), (-0.0234754, -0.0113414, 0.012377684), (-0.0287298, 0.00273968, 0.019380238), (-0.0287862, 0.00251193, 0.019258672), (-0.0277988, 0.00641381, 0.018381609), (-0.0149471, -0.0176682, 0.0043027345), (-0.0288462, 0.00222493, 0.01901406), (-0.0196265, -0.0151517, 0.008501359), (-0.0200509, -0.0148614, 0.008685293), (-0.00917905, 0.0208294, 0.0038434581), (-0.00913786, 0.0208088, 0.0037723943), (-0.0234333, 0.0131646, 0.013932562), (-0.0231666, 0.01344, 0.013411458), (-0.0233433, 0.0131428, 0.01382279), (-0.0277228, -0.00339756, 0.01750046), (-0.0276802, -0.00370786, 0.017578237), (-0.0141815, 0.0193281, 0.0065832958), (-0.0149396, 0.0188884, 0.006820904), (-0.0265435, -0.0072749, 0.015858283), (-0.0182969, 0.0170226, 0.009315373), (-0.0233782, -0.011285, 0.0120974025), (-0.0234438, -0.0112965, 0.012210207), (-0.02163, -0.0128866, 0.009330406), (-0.0220343, -0.0126161, 0.009937384), (-0.0220337, -0.012663, 0.009995426), (-0.0278645, -0.00344461, 0.017497346), (-0.0181828, -0.0159427, 0.007444065), (-0.0187643, -0.0156694, 0.008021353), (-0.0187617, -0.0156237, 0.007957546), (-0.0181801, -0.0158829, 0.007392078), (-0.0213415, -0.0137173, 0.009303719), (-0.0202713, 0.0160274, 0.011420387), (-0.0207835, 0.0157304, 0.01170021), (-0.0283422, -0.000925717, 0.018461205), (-0.0282127, -0.00121907, 0.018006438), (-0.0156243, -0.0172604, 0.00482958), (-0.0151616, -0.0176507, 0.004575823), (-0.0151681, -0.0176561, 0.0046514245), (-0.0283014, 0.00403325, 0.018086186), (-0.0264768, 0.00977713, 0.017331272), (-0.0286602, 0.000313356, 0.018389555), (-0.0239325, -0.01042, 0.012251789), (-0.0241563, -0.00990781, 0.012228461), (-0.0241144, 0.0127056, 0.014780972), (-0.0239097, 0.012856, 0.014613106), (-0.0265872, -0.00727401, 0.015843686), (-0.0265941, -0.0072764, 0.015780678), (-0.0284678, -0.000400804, 0.018534794), (-0.0247144, -0.00909915, 0.012751041), (-0.0245285, -0.00943907, 0.012589442), (-0.0253587, -0.00806496, 0.013936596), (-0.0225991, 0.0144213, 0.012472919), (-0.0225417, 0.0144293, 0.012482314), (-0.0224156, 0.0146916, 0.012349711), (-0.0259006, -0.00795754, 0.014920252), (-0.0259035, -0.0079005, 0.014871), (-0.0273721, 0.00846916, 0.017516624), (-0.0236575, 0.0130796, 0.014523865), (-0.0235692, 0.0130912, 0.014475218), (-0.0181464, -0.0159983, 0.007463317), (-0.018726, -0.0157124, 0.008047985), (-0.0173974, -0.0163428, 0.006657873), (-0.017434, -0.0162824, 0.006644386), (-0.0135857, 0.019673, 0.0062097125), (-0.0274966, 0.00821867, 0.017416447), (-0.0275147, 0.00824305, 0.017367559), (-0.0250887, 0.0114765, 0.014792241), (-0.025002, 0.0114828, 0.0146758), (-0.0283538, -0.00107597, 0.018037625), (-0.0168017, 0.0178133, 0.007505724), (-0.0163497, 0.0181329, 0.0071477154), (-0.028779, 0.00276953, 0.019378668), (-0.0161059, -0.0169096, 0.0052307043), (-0.0243591, 0.0124592, 0.014942875), (-0.0287691, 0.0000286987, 0.018881908), (-0.0288108, 0.000372336, 0.018629028), (-0.0287443, -0.00000281082, 0.018793803), (-0.0276312, -0.00395533, 0.017545406), (-0.0267723, -0.00696207, 0.015915822), (-0.0269453, -0.0065258, 0.015870234), (-0.0269546, -0.00655298, 0.01581647), (-0.0267828, -0.00698588, 0.01586324), (-0.0287526, 0.00033815, 0.018516423), (-0.0286858, -0.0000315017, 0.018680045), (-0.014605, -0.0181212, 0.0043346076), (-0.0139646, -0.0186544, 0.0042458065), (-0.0140206, -0.0186425, 0.004329525), (-0.0146515, -0.0181048, 0.004423558), (-0.0282555, 0.00471331, 0.017936258), (-0.0282105, 0.00499123, 0.017971227), (-0.028189, 0.00501707, 0.017882636), (-0.0284155, 0.00329435, 0.018684773), (-0.0283126, 0.00362536, 0.018333608), (-0.0288783, 0.00113862, 0.018235642), (-0.0287875, 0.00112543, 0.018105906), (-0.0267782, -0.0066431, 0.015501684), (-0.0266047, -0.00706378, 0.015545256), (-0.028964, 0.00202079, 0.01872576), (-0.0280335, 0.00550975, 0.01839163), (-0.027946, 0.00547974, 0.018326232), (-0.0289384, 0.00115186, 0.01835751), (-0.0289749, 0.0014763, 0.018356936), (-0.0284733, 0.00376039, 0.018698752), (-0.028487, 0.00372328, 0.018654458), (-0.0232637, -0.0115129, 0.012051749), (-0.0278683, 0.00626215, 0.018744905), (-0.0279192, 0.00626935, 0.018738035), (-0.0269058, -0.00616423, 0.015397785), (-0.0223845, 0.0147254, 0.012123483), (-0.0219308, -0.0125427, 0.009751984), (-0.0221951, -0.0122208, 0.010229219), (-0.0282417, 0.00470583, 0.017994555), (-0.0281947, 0.00496224, 0.01802076), (-0.0255509, -0.00818735, 0.014219783), (-0.0250728, 0.011412, 0.015029688), (-0.0265032, -0.00729656, 0.015568722), (-0.0264097, -0.00730958, 0.015446279), (-0.0263582, -0.00747224, 0.0154881375), (-0.0287094, 0.0029749, 0.019221155), (-0.0284623, 0.00368543, 0.018569596), (-0.0284033, 0.00364981, 0.018458027), (-0.0274284, 0.00850195, 0.01752617), (-0.0274426, 0.00819798, 0.017415505), (-0.0270983, -0.00571909, 0.015738266), (-0.0271415, -0.00544461, 0.015768904), (-0.0271845, -0.00542379, 0.015752977), (-0.0199523, 0.0162532, 0.011099171), (-0.0199668, 0.0162408, 0.011038634), (-0.0218276, -0.012923, 0.009642126), (-0.0219989, -0.0125734, 0.009851848), (-0.021793, -0.0129012, 0.009546225), (-0.0287594, 0.000870091, 0.01853197), (-0.0109952, -0.0200608, 0.0033399728), (-0.0248033, -0.00891181, 0.013093111), (-0.0261415, 0.00986278, 0.016585646), (-0.0285665, 0.00334717, 0.018926011), (-0.0285076, 0.00331719, 0.018811865), (-0.0286209, -0.000405297, 0.018789137), (-0.0285513, -0.000558047, 0.018661411), (-0.0285775, -0.000590551, 0.018753638), (-0.0269975, -0.00614209, 0.015518454), (-0.0269635, -0.00574622, 0.015316571), (-0.026727, -0.00694694, 0.015924685), (-0.0266419, -0.00694496, 0.01587428), (-0.0280426, 0.00589853, 0.018594276), (-0.0281046, 0.00560214, 0.018367944), (-0.0280863, 0.00555252, 0.018403111), (-0.0280257, 0.00585401, 0.01863344), (-0.0288442, 0.000863581, 0.018591894), (-0.0250715, -0.00865122, 0.013549438), (-0.0254246, -0.00834653, 0.014210086), (-0.026732, 0.00957171, 0.01743568), (-0.0268888, 0.0094472, 0.017511088), (-0.0276476, -0.00415302, 0.017445542), (-0.0276917, -0.00411656, 0.017437203), (-0.00918642, 0.0208524, 0.0039116833), (-0.00916129, 0.0208737, 0.0039675212), (-0.0224505, 0.0144335, 0.012436659), (-0.0281443, 0.0053204, 0.01804629), (-0.0265653, -0.00728478, 0.01568397), (-0.023852, -0.0108204, 0.012468866), (-0.0236454, -0.0111063, 0.012382614), (-0.0236757, -0.0111001, 0.012476024), (-0.0238788, -0.0107954, 0.012556682), (-0.00687535, 0.0213044, 0.0030153187), (-0.0203164, 0.0160475, 0.011236592), (-0.0227201, 0.0141883, 0.012715746), (-0.0226308, 0.0142035, 0.012667167), (-0.0232243, 0.0134811, 0.013508152), (-0.0234902, 0.0131986, 0.014032649), (-0.0172239, -0.0160812, 0.006378269), (-0.0268981, -0.00650607, 0.015876733), (-0.0270294, -0.00605921, 0.015787244), (-0.0208507, 0.0157402, 0.0117275575), (-0.0203477, 0.0160282, 0.011451057), (-0.0203765, 0.0160335, 0.011418981), (-0.0208664, 0.0157581, 0.011691638), (-0.0284898, -0.000535367, 0.018544313), (-0.0285601, -0.000398605, 0.018665634), (-0.0283976, -0.000526363, 0.018417636), (-0.0286453, 0.00312815, 0.01913034), (-0.028586, 0.00311323, 0.019009724), (-0.0286514, 0.00297896, 0.01910035), (-0.0197136, -0.0151335, 0.008753848), (-0.02022, -0.0147601, 0.009016319), (-0.0285676, -0.00021754, 0.018945605), (-0.0270156, -0.00572667, 0.015691115), (-0.0150724, 0.0189335, 0.0067111403), (-0.0158053, 0.018507, 0.0069310307), (-0.0275032, 0.00744001, 0.017660363), (-0.0281931, 0.00469652, 0.018002784), (-0.0281067, 0.00468773, 0.017946161), (-0.0222598, -0.0124398, 0.010448848), (-0.0192498, -0.0154149, 0.008434804), (-0.01925, -0.0153898, 0.008364661), (-0.00281129, -0.0217771, 0.001105851), (-0.0272945, -0.00442988, 0.016367927), (-0.0280458, -0.00127901, 0.017267961), (-0.0031204, 0.0217348, 0.0017135742), (-0.0201736, -0.0147459, 0.009036451), (-0.019672, -0.0151373, 0.008782808), (-0.0180718, -0.0157836, 0.0072324947), (-0.0181413, -0.0158259, 0.007316926), (-0.0192113, -0.0154407, 0.008467833), (-0.0186466, -0.0157457, 0.00802679), (-0.0238235, -0.0107596, 0.012626586), (-0.00484633, 0.0214519, 0.0021546278), (-0.0269359, 0.00938327, 0.017745128), (-0.020827, -0.0142281, 0.009258085), (-0.0278819, 0.00599056, 0.018295439), (-0.0282973, 0.00443714, 0.01809757), (-0.00377922, 0.0217801, 0.0019632943), (-0.00312184, 0.0218466, 0.0018082751), (-0.0216203, -0.0132692, 0.009405358), (-0.0217258, -0.0128869, 0.009435971), (-0.0215565, -0.0132749, 0.009298076), (-0.0278698, -0.00192971, 0.016715625), (-0.0279449, -0.00159779, 0.0169185), (-0.0284264, 0.00378839, 0.018698702), (-0.0283722, 0.00412942, 0.018332854), (-0.0151333, -0.0176637, 0.0046936204), (-0.0110014, -0.020091, 0.0034109075), (-0.019215, -0.0153686, 0.008271178), (-0.0221803, -0.0124811, 0.010409803), (-0.0150484, -0.0176569, 0.0043870243), (-0.0179727, -0.015766, 0.007147257), (-0.00312417, 0.0217996, 0.001751212), (-0.0229243, 0.0139281, 0.0130857695), (-0.00307311, 0.0218242, 0.001985502), (-0.0285084, -0.000459356, 0.018907443), (-0.0236259, -0.0111004, 0.012559737), (-0.0238691, -0.0107721, 0.01261121), (-0.0236691, -0.0110976, 0.012539938), (-0.027901, -0.00301661, 0.017370919), (-0.0281377, 0.00437465, 0.017704913), (-0.0284948, 0.00310002, 0.018880684), (-0.0203633, 0.0160401, 0.011341349), (-0.021827, -0.0129501, 0.009713233), (-0.0287602, 0.00219137, 0.018948318), (-0.028147, 0.00523498, 0.018162422), (-0.027423, -0.00417331, 0.016806616), (-0.0274971, 0.00826581, 0.0172822), (-0.0238499, 0.01287, 0.014762592), (-0.024109, -0.0103348, 0.012550848), (-0.0288194, 0.000760587, 0.018334998), (-0.0287267, 0.000738897, 0.018205669), (-0.028438, -0.000683501, 0.01875529), (-0.0278194, -0.00229434, 0.016694106), (-0.0253388, 0.0111627, 0.015105044), (-0.0255241, 0.010883, 0.015361582), (-0.0283396, 0.00380146, 0.0186355), (-0.025859, -0.00800847, 0.014924307), (-0.0277806, 0.00625691, 0.018687164), (-0.0289632, 0.00116518, 0.01845263), (-0.0289535, 0.00117336, 0.018512541), (-0.028167, -0.00148101, 0.017610518), (-0.027945, -0.0022531, 0.017109718), (-0.00204758, -0.0216535, 0.00088511175), (-0.00206883, -0.0217347, 0.000908171), (-0.0276668, 0.00707853, 0.018073868), (-0.0257117, -0.00779346, 0.0145732565), (-0.0228362, 0.0139505, 0.013033931), (-0.026732, 0.00957063, 0.01758111), (-0.0267506, 0.00957149, 0.017527636), (-0.0268818, 0.00936127, 0.017744886), (-0.0176508, 0.0171365, 0.008344623), (-0.0237098, 0.0130048, 0.014382285), (-0.0278602, -0.00225791, 0.017056286), (-0.0151211, -0.0176522, 0.0044833887), (-0.0165704, -0.0167382, 0.0058462564), (-0.0150262, 0.018892, 0.006844995), (-0.0170773, 0.0174382, 0.007667002), (-0.0259788, -0.00760734, 0.014981725), (-0.0270016, -0.00537832, 0.015337998), (-0.0183475, 0.0169769, 0.00931038), (-0.00203076, -0.021569, 0.00088608573), (-0.0277784, -0.00269484, 0.01680293), (-0.00488434, 0.0216187, 0.0022759445), (-0.024873, 0.011817, 0.014772494), (-0.027987, 0.00610701, 0.01869124), (-0.0279675, 0.0061326, 0.01860466), (-0.0273868, -0.0044493, 0.016482767), (-0.0142628, 0.0193278, 0.0066021113), (-0.0281627, 0.00527929, 0.01812248), (-0.0225291, -0.0121804, 0.01103392), (-0.0174319, -0.0162138, 0.006600614), (-0.0266791, 0.00956877, 0.017587757), (-0.0276991, -0.00407846, 0.017381951), (-0.0280438, -0.00196543, 0.017130287), (-0.0276284, 0.00732562, 0.01759402), (-0.028211, 0.00401063, 0.017961092), (-0.00377695, 0.0216688, 0.0018670779), (-0.0243385, -0.00984183, 0.012539151), (-0.0273544, 0.00818209, 0.017357126), (-0.0275825, 0.00709326, 0.01801413), (-0.0276633, 0.0067506, 0.018367983), (-0.0237583, 0.0128716, 0.014712574), (-0.0288776, 0.0007879, 0.018449772), (-0.0257405, 0.0105868, 0.015764829), (-0.028683, -0.000239899, 0.018839978), (-0.0286236, -0.000254227, 0.018719977), (-0.0270584, -0.00611805, 0.015632166), (-0.0247565, 0.0116771, 0.014916286), (-0.0249827, 0.0114026, 0.014974926), (-0.025591, 0.0106785, 0.01574853), (-0.0277279, 0.00648243, 0.018589681), (-0.0166847, -0.016571, 0.005809688), (-0.0289055, 0.00117857, 0.018518044), (-0.0110335, 0.0204387, 0.004949174), (-0.0280862, 0.00564887, 0.018295566), (-0.0280328, 0.00568586, 0.018194262), (-0.00689677, 0.021283, 0.002955951), (-0.0277068, 0.00640102, 0.018253088), (-0.0231605, -0.0114424, 0.011853801), (-0.0284833, -0.000796803, 0.018483797), (-0.0241029, 0.0126692, 0.014903302), (-0.0241271, 0.0126876, 0.014860057), (-0.0232286, -0.0114719, 0.011959713), (-0.0244698, 0.0120253, 0.014914732), (-0.028822, 0.00117589, 0.018462569), (-0.0234772, -0.011316, 0.012308533), (-0.0251389, 0.0114624, 0.014897492), (-0.0275883, 0.00742664, 0.017719626), (-0.0279716, 0.0059737, 0.018417144), (-0.00378395, 0.021734, 0.0019066148), (-0.0280238, 0.00593963, 0.018519104), (-0.0279716, 0.00608012, 0.018739995), (-0.00310587, 0.0216571, 0.0017039931), (0.00524138, -0.0216018, 0.0024441052), (0.00335402, -0.0217186, 0.0018692005), (0.00327076, 0.0218588, 0.0013559368), (0.0052641, 0.0217745, 0.0015815162), (0.0115676, 0.0198535, 0.0025457193), (0.0109515, 0.0201808, 0.002312777), (0.0110529, 0.0201941, 0.002379307), (0.0116638, 0.019877, 0.002611824), (0.0153788, 0.0191093, 0.005744758), (0.0159447, 0.0189476, 0.0061385343), (0.0159847, 0.0189304, 0.006101222), (0.015429, 0.0190772, 0.005718451), (0.00703328, -0.0214921, 0.0032984386), (0.00533407, -0.0217451, 0.0026775643), (0.00536805, -0.0217083, 0.0026234027), (0.0070602, -0.0214702, 0.0032378468), (0.0270363, -0.00660154, 0.01705246), (0.0269568, -0.00692338, 0.017032757), (0.0270114, -0.0069438, 0.017033897), (0.0270912, -0.00660067, 0.017049056), (0.0132299, -0.0191534, 0.0055610454), (0.0138582, -0.0188624, 0.00612358), (0.0120922, -0.0197095, 0.004873306), (0.0126713, -0.019422, 0.0051633045), (0.0265613, 0.0094324, 0.015300967), (0.0264213, 0.0097196, 0.014941857), (0.0263308, 0.00973019, 0.014886652), (0.0264713, 0.00945424, 0.015239842), (0.0285638, 0.00396059, 0.018850286), (0.0284833, 0.00423055, 0.018783586), (0.0283929, 0.00422729, 0.018724168), (0.0284759, 0.00394196, 0.018792728), (-0.00208994, -0.0218019, 0.0009517832), (-0.00210754, -0.0218425, 0.0010095467), (0.0225467, 0.014317, 0.010706713), (0.0228445, 0.0139295, 0.01083844), (0.0228116, 0.0139295, 0.010740775), (0.0225123, 0.0143377, 0.0106116105), (0.0286098, -0.00000884552, 0.01935352), (0.028542, -0.000294043, 0.019254792), (0.0285931, -0.000273291, 0.019251347), (0.0286622, -0.000011262, 0.019349825), (0.0281538, -0.00195807, 0.018069435), (0.0282376, -0.00157743, 0.01830221), (0.0281471, -0.00160678, 0.018238168), (0.0280616, -0.00197658, 0.018006288), (0.0277519, -0.00363008, 0.017965343), (0.0278432, -0.00317884, 0.01774039), (0.0279384, -0.00314522, 0.01786687), (0.0278467, -0.00359323, 0.018090138), (0.0286693, 0.000264887, 0.01934346), (0.0285777, 0.000273124, 0.019277997), (0.0285178, -0.0000130487, 0.01929089), (0.0239118, -0.0109882, 0.013700417), (0.0236439, -0.0114279, 0.013516925), (0.00840766, -0.0212207, 0.0036738813), (0.00704945, -0.0214464, 0.0031643412), (0.00700198, -0.0214255, 0.003091371), (0.00834076, -0.0212091, 0.0035961245), (0.017533, 0.0181351, 0.006486307), (0.0168016, 0.0184813, 0.006265168), (0.0169134, 0.0184886, 0.0063574202), (0.0176399, 0.0181369, 0.006579528), (0.0202434, -0.0153181, 0.010622003), (0.020509, -0.0150039, 0.010916726), (0.0204112, -0.0150244, 0.010867468), (0.0201479, -0.0153241, 0.010580176), (0.0241724, -0.0105448, 0.014036583), (-0.002022, -0.0214963, 0.0009204573), (0.0194397, -0.0161727, 0.009896453), (0.0186734, -0.0166943, 0.009574908), (0.0171981, -0.0173915, 0.008851434), (0.0166501, -0.0175399, 0.008477753), (0.0161061, -0.0176953, 0.008063311), (0.0154847, -0.0179044, 0.00751045), (0.0106183, -0.0205092, 0.0044586128), (0.0114914, -0.0200639, 0.0046552806), (0.0114125, -0.0200552, 0.0046480806), (0.0105438, -0.0205024, 0.0044532483), (0.0147063, -0.0182123, 0.0067312303), (0.0139242, -0.0185756, 0.005935525), (0.0132885, -0.0189547, 0.0053159497), (0.0137557, 0.019459, 0.004434511), (0.0128897, 0.0196382, 0.0037118685), (0.00935616, -0.0209261, 0.0038969326), (0.00824264, -0.0212009, 0.0035280376), (0.000890156, 0.0219794, 0.001597135), (-0.00125705, 0.0219191, 0.0017350328), (0.0162607, 0.0186941, 0.0060389796), (0.0163667, 0.0187098, 0.006127117), (0.0246008, -0.0102634, 0.01483899), (0.0243094, -0.0106455, 0.014380428), (0.0243324, -0.0106131, 0.014337253), (0.0246244, -0.0102093, 0.014804921), (0.0209541, 0.0159024, 0.010003116), (0.0206136, 0.0161093, 0.00954084), (0.0205224, 0.0161288, 0.009501576), (0.0208673, 0.0159135, 0.009971293), (0.0240365, 0.0125662, 0.0124700405), (0.0235995, 0.0128581, 0.011742158), (0.0236908, 0.0129013, 0.01184023), (0.0241274, 0.0126107, 0.012568302), (0.0212353, 0.0157, 0.010310272), (0.0211504, 0.0156989, 0.01028255), (0.0256646, 0.0115979, 0.014641689), (0.0254202, 0.0119193, 0.01452096), (0.0253355, 0.0119031, 0.014479762), (0.0255799, 0.0115712, 0.014597963), (0.0210986, 0.015593, 0.009920204), (0.0213483, 0.015477, 0.0101084085), (0.0287869, 0.00238374, 0.018082138), (0.0288203, 0.001949, 0.018085025), (0.0270293, -0.00697225, 0.01698528), (0.0268967, -0.00737092, 0.017040122), (0.0268766, -0.00742134, 0.016961338), (0.0270084, -0.00700112, 0.016896455), (0.0288063, 0.00153329, 0.018191546), (0.0287592, 0.00111926, 0.018386783), (0.0271895, -0.00622298, 0.01713563), (0.0271095, -0.00660098, 0.016995136), (0.0270901, -0.00660379, 0.016902432), (0.0271714, -0.00619801, 0.01704989), (0.0271158, -0.0057155, 0.017096864), (0.0270208, -0.00617381, 0.01680779), (0.0284396, 0.00401747, 0.018433733), (0.0285224, 0.00377304, 0.018423153), (0.0273464, -0.0048235, 0.01786403), (0.0272334, -0.00523455, 0.017495003), (0.026951, -0.0070279, 0.016782349), (0.0270323, -0.00660984, 0.016782828), (0.0286483, 0.00362154, 0.01881862), (0.0287481, 0.00316678, 0.018693099), (0.0287963, 0.00320918, 0.018692017), (0.0286975, 0.00366004, 0.018816257), (0.0274426, 0.0072101, 0.016812515), (0.0275508, 0.00673751, 0.016702218), (0.0275964, 0.00677107, 0.01669388), (0.0274878, 0.00724994, 0.01680436), (0.0258928, 0.0111452, 0.014650315), (0.0260825, 0.0106757, 0.014623107), (0.0261259, 0.0107065, 0.014607575), (0.025936, 0.0111828, 0.014635913), (0.0212806, 0.0156882, 0.010284333), (0.0215412, 0.015475, 0.01048214), (0.0215456, 0.0154837, 0.010414816), (0.0212876, 0.0156673, 0.010218051), (0.0242504, -0.0106736, 0.01437911), (0.0245413, -0.0103087, 0.014829141), (0.0244449, -0.0103401, 0.014766101), (0.0241562, -0.0106942, 0.014322548), (0.0237352, -0.0113308, 0.013883491), (0.0234331, -0.0117063, 0.013765305), (0.023488, -0.0117399, 0.013764333), (0.0237921, -0.0113467, 0.01387881), (0.0117148, 0.0199839, 0.0028844632), (0.0122976, 0.0197911, 0.0032214934), (0.0123465, 0.019754, 0.0031926744), (0.0117573, 0.0199656, 0.0028418568), (0.0164847, 0.018746, 0.006433707), (0.0170705, 0.0184683, 0.006668804), (0.0170887, 0.0184801, 0.006628222), (0.016512, 0.0187439, 0.006393594), (0.0121805, -0.0197135, 0.0048848717), (0.0154263, -0.0181531, 0.007726646), (0.0160556, -0.0178583, 0.0083303), (0.0167125, -0.0175812, 0.008816389), (0.0172798, -0.0173053, 0.009186614), (0.017183, -0.0172949, 0.009151137), (0.0166141, -0.0175861, 0.008784201), (-0.000406579, -0.0219436, 0.001212045), (0.00128491, -0.022, 0.0015519802), (0.0157877, 0.0188182, 0.005770922), (0.0217588, -0.0134055, 0.012665944), (0.0220065, -0.0132391, 0.012918218), (0.0220993, -0.013239, 0.013032776), (0.0218477, -0.0134184, 0.012773987), (0.0139049, 0.0192421, 0.0043579177), (0.0147576, 0.0190912, 0.0050826985), (0.0147042, 0.0190327, 0.0050163465), (0.0138522, 0.0191772, 0.0043004667), (0.0205859, -0.0149001, 0.010799458), (0.0203159, -0.0152905, 0.010476107), (0.020265, -0.0152833, 0.010375929), (0.0205355, -0.0148707, 0.010705819), (0.0221477, 0.0147129, 0.01071614), (0.0225052, 0.0142645, 0.010799414), (0.0225461, 0.0142907, 0.010774539), (0.0221868, 0.0147469, 0.01069114), (0.0207044, -0.0146921, 0.011294626), (0.0147075, 0.0192619, 0.005197842), (0.0138454, 0.0194354, 0.0044517806), (0.0146195, 0.0192814, 0.005182793), (0.0102658, 0.0205394, 0.0022010559), (0.0249716, -0.00970214, 0.015372887), (0.0246086, -0.0101563, 0.0147338435), (0.0245563, -0.0101167, 0.014638472), (0.0249184, -0.00965746, 0.015276091), (0.0275877, -0.00459312, 0.018319437), (0.0274983, -0.00487149, 0.018100373), (0.027442, -0.0048387, 0.017992368), (0.02753, -0.00457742, 0.018203331), (0.0248878, 0.0123756, 0.013949846), (0.0251609, 0.0121609, 0.014288774), (0.0252082, 0.0121512, 0.014271811), (0.0249379, 0.0123453, 0.013941577), (0.0284981, -0.0000573671, 0.018938912), (0.0285622, 0.000100696, 0.018967345), (0.0286558, 0.00012703, 0.019096496), (0.0285933, -0.0000432122, 0.019072874), (0.0140086, -0.0186082, 0.006007867), (0.0133755, -0.0189779, 0.0053931535), (0.0287979, 0.000962005, 0.01897498), (0.0287305, 0.000571765, 0.019221043), (0.0287833, 0.000528976, 0.019233037), (0.0288516, 0.000914099, 0.018990317), (0.0277336, 0.00605305, 0.016756395), (0.0278343, 0.00576306, 0.016956761), (0.027886, 0.00573438, 0.016957648), (0.0277814, 0.00604518, 0.01674474), (0.0122283, -0.0197148, 0.0048516686), (0.0115267, -0.0200737, 0.004621609), (0.0115193, -0.0200863, 0.0045559644), (0.0122384, -0.0197169, 0.0047877603), (0.0177954, 0.0180991, 0.006849812), (0.0177772, 0.018117, 0.006774984), (0.0170644, 0.0184872, 0.0065530622), (0.0276578, -0.00401531, 0.018156875), (0.0275795, -0.00424662, 0.01821224), (0.0184403, 0.0176915, 0.007048198), (0.0184347, 0.0177081, 0.006977075), (0.0210035, 0.0158716, 0.009988128), (0.0252161, 0.0121339, 0.014207791), (0.0254684, 0.0119445, 0.014435165), (0.0254395, 0.0119525, 0.014338726), (0.0251879, 0.0121106, 0.014111728), (0.0284595, -0.00064394, 0.019033615), (0.028511, -0.000604657, 0.019035824), (0.0288759, 0.00281159, 0.018413706), (0.0289444, 0.00237648, 0.018339995), (0.0288819, 0.00238422, 0.018215878), (0.0288145, 0.00283713, 0.018295666), (0.0286267, 0.00032575, 0.018889535), (0.0287203, 0.000362163, 0.019014915), (0.0265926, -0.00773348, 0.017126339), (0.0263164, -0.00817332, 0.01713343), (0.0263696, -0.00821304, 0.017139014), (0.0266458, -0.00777825, 0.017135723), (0.0280266, 0.00512817, 0.01772694), (0.0278675, 0.00548007, 0.017231084), (0.0272098, -0.00590451, 0.017439768), (0.0271158, -0.00627631, 0.017183036), (0.0271716, -0.00625131, 0.017185086), (0.0272653, -0.00586213, 0.017447637), (0.0288625, 0.00136223, 0.018720185), (0.0289147, 0.00132088, 0.018730624), (0.0269214, 0.00878081, 0.016335161), (0.0267432, 0.0091035, 0.015821164), (0.0266523, 0.00912672, 0.015757415), (0.0268317, 0.0088013, 0.01627406), (0.0282065, -0.00193508, 0.018068371), (0.0282912, -0.00153657, 0.018306984), (0.0280891, -0.00265824, 0.017921485), (0.0280164, -0.00304292, 0.018052135), (0.0279946, -0.00309741, 0.017972974), (0.028066, -0.00269369, 0.017831996), (0.0273579, 0.007775, 0.016758919), (0.0274657, 0.00733228, 0.016655514), (0.0274013, 0.00736018, 0.016539162), (0.0272937, 0.00779792, 0.016641337), (0.0278769, 0.00565169, 0.016823664), (0.0280076, 0.00529511, 0.017202206), (0.0279514, 0.00523909, 0.017102534), (0.0278175, 0.00561072, 0.016712906), (0.0285602, 0.00359366, 0.018757865), (0.0286587, 0.00313346, 0.018630138), (0.0289309, 0.00126625, 0.018694213), (0.0288674, 0.000853249, 0.018956147), (0.0288471, 0.000788342, 0.018884977), (0.0289103, 0.00120837, 0.018618094), (0.0289588, 0.0015969, 0.01843656), (0.0288529, 0.00115568, 0.018512744), (0.0288998, 0.00155967, 0.018321505), (0.0287177, 0.00284562, 0.018162603), (0.0281312, -0.00230011, 0.017804835), (0.0280084, -0.0027249, 0.017716786), (0.0280727, -0.00231108, 0.017683972), (0.0278586, 0.00519996, 0.01698388), (0.0280208, 0.00482239, 0.017495394), (0.0273032, 0.0073707, 0.016412005), (0.0274139, 0.00686602, 0.01629552), (0.0274958, 0.00729362, 0.016748458), (0.0276046, 0.00680663, 0.016636154), (0.0275765, 0.00683813, 0.016542953), (0.0288898, 0.00273622, 0.01855563), (0.0289016, 0.0027755, 0.018504385), (0.0288063, 0.00325679, 0.018640297), (0.0259062, 0.0112602, 0.01447855), (0.026098, 0.0107656, 0.014448124), (0.0260313, 0.0107827, 0.014331874), (0.0258386, 0.0112849, 0.014362914), (0.0283023, 0.00449105, 0.018544316), (0.028185, 0.00477844, 0.018220317), (0.0289086, 0.00232593, 0.018500052), (0.028841, 0.00269942, 0.018558262), (0.0287529, 0.00267152, 0.01849689), (0.0288191, 0.00230757, 0.01843904), (0.0266159, 0.00938751, 0.015310916), (0.0267972, 0.00905359, 0.015834), (0.0268154, 0.00898724, 0.015806312), (0.0266313, 0.00932737, 0.015275716), (0.0273359, 0.00767069, 0.016921828), (0.0272447, 0.00800979, 0.016941834), (0.0271572, 0.00799421, 0.016889634), (0.0272481, 0.00764331, 0.016868008), (0.0268812, -0.0073234, 0.017083243), (0.026663, -0.00783426, 0.017097577), (0.0281702, 0.00492562, 0.01771243), (0.0283231, 0.00459828, 0.018187404), (0.0282665, 0.00454421, 0.018085297), (0.0281133, 0.00486475, 0.0176134), (0.0275176, -0.00491461, 0.018181076), (0.0274019, -0.00534694, 0.017801957), (0.0273822, -0.00529449, 0.017724596), (0.0283483, -0.001106, 0.018669194), (0.0283681, -0.000672555, 0.018968368), (0.0282574, -0.0011378, 0.01860336), (0.0148088, -0.018426, 0.006953097), (0.0140258, -0.0187836, 0.0061560706), (0.0140584, -0.0187219, 0.0061267987), (0.014841, -0.018363, 0.0069248), (0.00702293, 0.0216939, 0.0021150308), (0.00701116, 0.0216828, 0.0020450684), (0.00546761, 0.0218459, 0.001758967), (0.00546835, 0.0218644, 0.0018259209), (0.0273273, -0.00544901, 0.017830042), (0.0273833, -0.00540117, 0.01784005), (0.0080753, 0.021514, 0.0023198072), (0.00889038, 0.0212692, 0.002424346), (0.00885312, 0.0212728, 0.002356476), (0.00804668, 0.02151, 0.002250379), (0.0259388, 0.0112236, 0.014572626), (0.0261288, 0.0107374, 0.014543437), (0.0190715, 0.0170692, 0.007425421), (0.0193662, 0.0168325, 0.007739204), (0.0194152, 0.016798, 0.0077220253), (0.019116, 0.0170532, 0.0073964656), (0.0216231, -0.013754, 0.012542545), (0.0212589, -0.0141399, 0.011941311), (0.0212499, -0.0140799, 0.011882252), (0.0216119, -0.0137036, 0.012476092), (0.023765, 0.0130296, 0.011986951), (0.0241996, 0.0127457, 0.012710905), (0.0241817, 0.0126753, 0.012650848), (0.0237454, 0.012962, 0.011923457), (0.0269391, -0.00661559, 0.016654018), (0.0271158, -0.0061802, 0.016937176), (0.0244651, -0.0100948, 0.014525108), (0.0248272, -0.00963235, 0.0151619), (0.0247721, 0.0121789, 0.013593785), (0.0250286, 0.0120669, 0.013878837), (0.00838485, -0.0212523, 0.0038410241), (0.00957668, -0.0209412, 0.0042137336), (0.00950114, -0.0209392, 0.0042100754), (0.00829957, -0.0212543, 0.0038404143), (0.00954726, -0.0209351, 0.0040510492), (0.00946645, -0.0209307, 0.0039716475), (0.0200342, -0.0156867, 0.010288727), (0.0199821, -0.0157012, 0.010189662), (0.019889, -0.0157094, 0.010082582), (0.0233386, -0.0116881, 0.013709695), (0.0236429, -0.011323, 0.013832245), (0.0240038, -0.0109867, 0.013819854), (0.0237371, -0.0114134, 0.013634589), (0.0276706, 0.00640293, 0.016505059), (0.0277674, 0.00601356, 0.016587503), (0.0277047, 0.0059945, 0.016464785), (0.0276086, 0.00640743, 0.016385473), (0.00960725, -0.020941, 0.0041817403), (0.00842972, -0.021245, 0.003806138), (0.00843712, -0.0212338, 0.0037465624), (0.00959592, -0.0209387, 0.0041243015), (0.0227468, 0.0139264, 0.0106308125), (0.0224449, 0.0143512, 0.010503539), (0.0286384, 0.000592077, 0.0191495), (0.0278556, -0.00337147, 0.018292649), (0.027946, -0.00295222, 0.018081272), (0.027856, -0.0029329, 0.018014563), (0.0277627, -0.00334983, 0.018222189), (0.0106308, -0.0205236, 0.0043642465), (0.0105794, -0.0205308, 0.0042857253), (0.011475, -0.0200957, 0.004472065), (0.0272846, -0.00581355, 0.017407838), (0.0283935, -0.000960917, 0.018548286), (0.028284, -0.00145119, 0.018177535), (0.0282236, -0.00141898, 0.018062841), (0.0283328, -0.000925538, 0.018434558), (0.000942385, 0.021973, 0.0014252958), (0.00343483, 0.0219556, 0.0015067677), (0.00340857, 0.0219245, 0.0014411388), (0.000927015, 0.0219344, 0.0013649992), (0.0280449, -0.00187507, 0.017672582), (0.0279769, -0.00232139, 0.017549846), (0.0289688, 0.00236291, 0.018435381), (0.0270667, 0.00827411, 0.016809423), (0.0219006, -0.0134433, 0.012873526), (0.0215616, -0.0136624, 0.012386559), (0.0168012, -0.0175628, 0.0087459255), (0.0162491, -0.017779, 0.008307804), (0.0162415, -0.0177427, 0.008237407), (0.0167898, -0.0175532, 0.008665919), (0.0271153, -0.00593439, 0.01737207), (0.0270228, -0.00629584, 0.017120706), (0.0277522, -0.00398161, 0.01828277), (0.0264619, 0.00959913, 0.014808615), (0.0266118, 0.00926228, 0.015208533), (0.0265551, 0.00920445, 0.015113652), (0.0264017, 0.00955513, 0.014702021), (0.0264638, 0.00916374, 0.015004088), (0.0266479, 0.00881109, 0.015539202), (0.027388, 0.00774256, 0.01685385), (0.0110715, 0.0202068, 0.0026852072), (0.010445, 0.0204942, 0.0025725656), (0.0224214, 0.0142401, 0.010768997), (0.0220647, 0.0146847, 0.010685346), (0.0227069, -0.0127598, 0.013479398), (0.0224077, -0.0130396, 0.013339123), (0.0223503, -0.0130626, 0.013233836), (0.02265, -0.0127999, 0.013380058), (0.0179928, -0.0170854, 0.00939429), (0.017345, -0.0173629, 0.009041564), (0.0172901, -0.0173813, 0.008947869), (0.0179359, -0.0171224, 0.009303116), (0.00134701, -0.0219907, 0.0015135796), (-0.000374823, -0.0219402, 0.0011518329), (-0.000343905, -0.0218987, 0.0010977001), (0.00139481, -0.0219478, 0.0014678229), (0.0289577, 0.00234396, 0.01849402), (0.0267412, 0.00885578, 0.015650628), (0.0279045, -0.00353754, 0.018194264), (0.0278108, -0.00393111, 0.018389855), (0.0273569, 0.00717931, 0.016759567), (0.0279148, -0.0027487, 0.017588302), (0.0268567, -0.0070491, 0.016653774), (0.0272123, 0.00825413, 0.016786246), (0.0272981, 0.00804044, 0.016865086), (0.0272692, 0.00804974, 0.016767005), (0.027186, 0.00823555, 0.016688729), (0.026112, -0.00853283, 0.01703524), (0.0258622, -0.00879797, 0.016831087), (0.0258805, -0.00879892, 0.016776731), (0.02613, -0.00856253, 0.01698819), (0.0273266, -0.00525431, 0.017619105), (0.027209, -0.00573271, 0.017221471), (0.0128521, -0.019384, 0.0050964174), (0.0122096, -0.0197163, 0.004703385), (0.0128401, -0.019365, 0.005019092), (0.0262073, 0.0103048, 0.014633969), (0.026306, 0.00999785, 0.0147252865), (0.0263528, 0.00998761, 0.014710163), (0.0262516, 0.0103174, 0.014616731), (0.0200512, -0.0156697, 0.010372061), (0.0196086, -0.0160852, 0.010174927), (0.0195884, -0.016123, 0.010096024), (0.0164977, 0.0187357, 0.006319044), (0.0228396, 0.0139239, 0.010906651), (0.0225552, -0.0128267, 0.013267508), (0.0222576, -0.0130777, 0.013120905), (0.0137644, 0.0191321, 0.004242985), (0.0146123, 0.0189921, 0.0049498957), (0.0177691, 0.018078, 0.0068872324), (0.0170029, 0.0184544, 0.006663242), (0.0176987, 0.0180595, 0.006877851), (0.0103849, -0.0205354, 0.0041221096), (0.0164108, 0.0187381, 0.0064278273), (0.0205168, 0.0158373, 0.009271284), (0.0208393, 0.0156998, 0.009670236), (0.00326724, -0.0219784, 0.0020908688), (0.00516405, -0.0217858, 0.0027166368), (0.00799132, 0.0215061, 0.0023860976), (0.00692053, 0.021697, 0.0021867368), (0.00535127, 0.0218755, 0.0019030807), (0.0288244, 0.00170581, 0.018507062), (0.0288464, 0.00200216, 0.01844503), (0.0128971, 0.0193235, 0.003514965), (0.0121898, 0.0195657, 0.0029496737), (0.0122819, 0.0196006, 0.0030103151), (0.0129857, 0.0193672, 0.0035711073), (0.0214178, 0.0154496, 0.010484866), (0.0219885, -0.013261, 0.013235621), (0.0222533, -0.0129616, 0.013426713), (0.0104599, 0.0205432, 0.0023493606), (0.0111286, 0.0202042, 0.0024644095), (0.0103722, 0.020545, 0.0022656876), (0.0250753, 0.0121593, 0.014247833), (0.0155926, -0.0180833, 0.0077603157), (0.0156238, -0.01803, 0.0077261752), (0.0287047, 0.000984402, 0.01890158), (0.0240742, -0.0109904, 0.014017417), (0.0240576, -0.0109874, 0.013928857), (0.0243166, -0.0105817, 0.014256958), (0.0274991, -0.0049614, 0.018221851), (0.0276838, -0.00410271, 0.01859013), (0.0276107, -0.00438014, 0.01857513), (0.027666, -0.0043787, 0.018573077), (0.0277382, -0.004125, 0.01859256), (0.0202226, 0.0163019, 0.008877009), (0.0206669, 0.0160634, 0.009537809), (0.0206818, 0.0160026, 0.009498921), (0.0202413, 0.0162336, 0.008846555), (0.0097084, 0.0209175, 0.002391674), (0.0105153, 0.0205359, 0.002434617), (0.0096403, 0.0209249, 0.0023101598), (0.0264846, 0.00964533, 0.014890481), (0.0178458, -0.0169396, 0.009488021), (0.0248005, 0.0123856, 0.013904009), (0.0244675, 0.0126163, 0.013395172), (0.00687435, -0.0215148, 0.003337667), (0.0186796, -0.0164726, 0.009856405), (0.0194393, -0.0160014, 0.010190697), (0.0198766, -0.015634, 0.0103947), (0.00805868, 0.0215138, 0.0023685459), (0.00699436, 0.0216999, 0.002166702), (0.0126999, -0.0193366, 0.0048516393), (0.0120494, -0.0197139, 0.0045298385), (0.00543002, 0.0218751, 0.0018780035), (0.00966798, 0.020878, 0.0025275226), (0.00882282, 0.0212512, 0.0024892148), (0.00691197, -0.0214091, 0.0030283544), (0.0251861, -0.00923874, 0.015772942), (0.0254689, -0.00898627, 0.0161745), (0.0255627, -0.00899373, 0.016298708), (0.0252784, -0.00925714, 0.01589034), (0.0152943, 0.0191213, 0.005732788), (0.0199714, -0.0156416, 0.010436259), (0.0148371, -0.0182983, 0.0068739783), (0.0140543, -0.0186603, 0.006075426), (0.0147927, -0.0182452, 0.0068079), (0.0189341, 0.0169479, 0.007048971), (0.0192544, 0.0166154, 0.0074279835), (0.0283628, 0.00416663, 0.018361626), (0.0214717, -0.0136395, 0.012283026), (0.0263657, -0.0083174, 0.01702227), (0.0261094, -0.0085934, 0.016901737), (0.0260529, -0.00862095, 0.016791107), (0.0263067, -0.00836285, 0.016915847), (-0.00244568, 0.0217089, 0.0015916451), (0.00335234, 0.0218911, 0.0013868961), (0.000895509, 0.0218868, 0.0013208368), (0.020082, 0.0160507, 0.008639894), (0.0238105, -0.0113695, 0.013827425), (0.0237924, -0.0113932, 0.013742282), (0.0212007, -0.0140309, 0.011798137), (0.029, 0.00199085, 0.01844186), (0.0289753, 0.00197887, 0.018342847), (0.0230946, -0.012318, 0.0135657685), (0.0230374, -0.012363, 0.013465976), (0.0276815, -0.00438227, 0.018516837), (0.0277534, -0.00415738, 0.018543465), (0.0284579, 0.00441786, 0.018558402), (0.0285441, 0.00421385, 0.018715203), (0.0285195, 0.00419875, 0.018617535), (0.0284346, 0.0043762, 0.018471023), (0.0223477, -0.012971, 0.013476305), (0.022085, -0.0132551, 0.013284066), (0.0221438, -0.0132499, 0.013275444), (0.0224045, -0.01299, 0.013470634), (0.0235047, -0.0117827, 0.0137186935), (0.0129789, 0.0196153, 0.0037266044), (0.0130349, 0.0195656, 0.0037124502), (0.0248074, -0.00989821, 0.015396631), (0.0251703, -0.00945939, 0.016031036), (0.025124, 0.012088, 0.013995994), (0.0248663, 0.0122121, 0.013704424), (0.0249257, 0.012255, 0.013807293), (0.0257106, 0.0116657, 0.0145630995), (0.0256782, 0.0116967, 0.014466935), (0.0269758, 0.00873781, 0.016345682), (0.0269904, 0.008679, 0.016308732), (0.0268211, 0.00851771, 0.01602858), (0.0106457, -0.0205166, 0.0044257673), (0.0231127, 0.0136218, 0.01113207), (0.0234031, 0.0133526, 0.011493734), (0.0234166, 0.0133073, 0.011444868), (0.0231198, 0.0136009, 0.011066389), (0.028238, -0.000909295, 0.01830576), (0.0281293, -0.00140586, 0.01793342), (0.0287223, 0.000239059, 0.01934705), (0.0201746, -0.0152787, 0.010268589), (0.0204461, -0.0148546, 0.010603416), (0.0211107, -0.0140029, 0.01169741), (0.0207457, -0.0144294, 0.011080785), (0.0227973, 0.0139152, 0.010932908), (0.023067, 0.013635, 0.011153589), (-0.000309149, -0.0216046, 0.0010511783), (0.00137881, -0.0216904, 0.0013674287), (0.00142064, -0.021746, 0.0013674765), (-0.000297022, -0.0216729, 0.0010254685), (0.0258049, -0.008801, 0.01683426), (0.0260555, -0.00851207, 0.017033394), (0.0259623, -0.00850351, 0.01697248), (0.0257114, -0.00880675, 0.016776953), (0.0155255, -0.0181279, 0.007762861), (0.0161542, -0.0178423, 0.008364482), (0.0123398, 0.0196508, 0.0030777778), (0.0130384, 0.0194296, 0.0036283524), (0.0274359, -0.00457306, 0.0180737), (0.0275086, -0.00440649, 0.018171333), (0.0276031, -0.00439784, 0.018303135), (0.00536631, -0.0216668, 0.0025591275), (0.0053251, -0.0216295, 0.002496195), (0.0258635, -0.00879969, 0.016687745), (0.0256164, -0.00901374, 0.016407235), (0.0258077, -0.00880416, 0.01657352), (0.0284296, -0.000223559, 0.018849902), (0.0161943, -0.0177137, 0.00815271), (0.01674, -0.0175444, 0.008572502), (0.0254596, -0.00910958, 0.0164769), (0.0162196, -0.0178134, 0.008353822), (0.0167753, -0.017573, 0.00879975), (0.0183948, 0.017723, 0.006883502), (0.0188042, 0.017344, 0.007038041), (0.0187373, 0.0173356, 0.006936953), (0.0183216, 0.0177286, 0.0067831925), (0.0280847, -0.00228597, 0.017960703), (0.0281376, -0.00228665, 0.017956676), (0.0272067, 0.00805367, 0.01664812), (0.0289865, 0.00200031, 0.018499848), (0.0289678, 0.00167142, 0.01857487), (0.0289813, 0.00163558, 0.018525252), (0.0286236, 0.00399759, 0.018785477), (0.0287076, 0.00370085, 0.018762888), (0.0286807, 0.00373714, 0.01867193), (0.0285978, 0.00401137, 0.01868971), (0.0233927, 0.0132568, 0.0113670295), (-0.00127656, 0.0218947, 0.0014967931), (-0.00126809, 0.0219395, 0.0015541831), (0.0274431, -0.00500371, 0.018215347), (0.0287992, 0.000474465, 0.019196074), (0.0287709, 0.00138055, 0.018650047), (0.0283468, -0.000482225, 0.018655894), (0.0287374, 0.00020293, 0.019299626), (0.0287165, 0.000164034, 0.019213412), (0.0287797, 0.000415061, 0.019122424), (0.0281736, 0.00450508, 0.017965393), (0.0253247, -0.00938731, 0.016102104), (0.0249632, -0.00981521, 0.015473736), (0.0249866, -0.00975628, 0.015441463), (0.0253467, -0.00933926, 0.016064461), (0.0260656, 0.0103253, 0.014209559), (0.0259329, 0.010787, 0.014208514), (0.0261635, 0.0103322, 0.014332899), (-0.00141209, -0.0218948, 0.0010263477), (-0.00143021, -0.0218956, 0.0010922656), (-0.00211911, -0.0218451, 0.001076829), (0.028916, 0.00196305, 0.018220944), (0.0218307, 0.0152123, 0.01054278), (0.0221869, 0.0147833, 0.010623704), (0.0221516, 0.0148147, 0.010530967), (0.0217976, 0.015239, 0.010450936), (0.028781, 0.00330094, 0.018552449), (0.0261769, 0.00990646, 0.014310632), (0.0263084, 0.009523, 0.01458619), (0.0208942, -0.0145583, 0.011327575), (0.0208844, -0.0145019, 0.011265246), (0.0266428, -0.00789284, 0.017022891), (0.0272316, -0.00548302, 0.017760588), (0.027511, 0.00685933, 0.016424287), (0.022715, 0.0139044, 0.0109031275), (0.0229817, 0.0136352, 0.01111989), (0.00342639, -0.0217585, 0.001900496), (0.0249029, -0.00986544, 0.01546159), (0.0252659, -0.00942917, 0.01609405), (0.0178424, -0.0171437, 0.009206493), (0.0187674, -0.0166701, 0.009675396), (0.0112944, -0.0201051, 0.0043006316), (0.00342205, -0.0219247, 0.0020414705), (0.00345758, -0.0218716, 0.0019958108), (0.0147612, 0.0192165, 0.0051828185), (0.0179386, -0.0169613, 0.00952583), (0.0187728, -0.016495, 0.009896722), (0.00856184, 0.0212578, 0.0021478864), (0.00778094, 0.0214773, 0.0020487742), (0.00789345, 0.0214894, 0.0021036612), (0.00867928, 0.0212666, 0.0022060962), (0.0285355, 0.00401911, 0.018566653), (0.0286176, 0.0037636, 0.018552773), (0.0289356, 0.00200498, 0.018505936), (0.0289145, 0.00169786, 0.018571164), (0.0230923, 0.0135757, 0.0109734405), (0.0256115, 0.0117162, 0.0143526085), (0.0262571, 0.0103267, 0.014550126), (0.0275902, -0.00463938, 0.018459192), (0.027607, -0.00461449, 0.018407162), (0.0111494, 0.0202153, 0.0026758502), (0.0111809, 0.0202158, 0.0026264936), (0.0215006, 0.0154636, 0.010511584), (0.0217907, 0.0151502, 0.010635704), (0.0218307, 0.0151816, 0.01060912), (0.0187943, 0.0173415, 0.0072363876), (0.0187131, 0.017331, 0.007221174), (0.0189874, 0.0170699, 0.0074067805), (0.00888238, 0.0212608, 0.0024730149), (0.0239007, -0.0110062, 0.01402318), (0.0286215, 0.0033457, 0.01830302), (0.0287178, 0.00333299, 0.0184342), (0.0197712, 0.0165548, 0.008207392), (0.0197906, 0.0164915, 0.008175405), (-0.00309495, 0.0218651, 0.0019344648), (-0.0031114, 0.0218704, 0.0018727271), (0.0139011, 0.0193827, 0.004441192), (0.0139212, 0.0193141, 0.004407522), (0.0130539, 0.0194992, 0.0036771677), (0.0158851, 0.0188428, 0.0058528124), (0.0153564, 0.0189366, 0.00551004), (0.0154158, 0.018982, 0.005589785), (0.00972994, 0.0208923, 0.002512991), (0.0259581, -0.00864268, 0.016665582), (0.0262124, -0.00839403, 0.016793644), (0.0133288, -0.019135, 0.005587017), (0.0127663, -0.0194173, 0.005180849), (0.0128275, -0.0194026, 0.005155549), (0.0133948, -0.0191006, 0.005573663), (0.0219836, 0.0148409, 0.010316041), (0.0216284, 0.0152579, 0.010238057), (0.021728, 0.0152559, 0.010343882), (0.0220832, 0.0148357, 0.010423995), (0.0159866, 0.0189047, 0.0060322382), (0.0154396, 0.0190311, 0.005662386), (0.0280283, 0.00535678, 0.017274113), (0.0281898, 0.0049919, 0.017781226), (0.0210706, -0.0142844, 0.011904359), (0.0262279, 0.0103317, 0.01445192), (0.0263357, 0.00994779, 0.0145514505), (0.026273, 0.00992621, 0.014433766), (0.0215955, -0.0138061, 0.012576243), (0.021231, -0.0142012, 0.011970017), (0.0230997, -0.0122132, 0.013684341), (0.0227095, -0.0126648, 0.013600154), (0.0227282, -0.0127109, 0.0135572385), (0.023116, -0.0122659, 0.013642043), (0.00696574, 0.0216667, 0.0019700308), (0.0054295, 0.0218223, 0.001687326), (0.0268272, -0.00728546, 0.017075485), (0.0267343, -0.00726753, 0.01700988), (0.0265006, -0.00771068, 0.01706071), (0.0195332, -0.016154, 0.01000042), (0.0156181, -0.0179768, 0.0076675466), (0.0155722, -0.0179313, 0.0075928895), (0.0188358, 0.0173465, 0.0072027626), (0.00536191, 0.0217964, 0.0016249793), (0.0152635, 0.0189037, 0.0054354114), (0.00798523, 0.0215013, 0.002174809), (0.00688701, 0.0216483, 0.0019008376), (0.0122088, 0.019805, 0.003215027), (0.0158627, 0.0189498, 0.0061294725), (0.0281183, 0.0051061, 0.017795749), (0.0279584, 0.00545938, 0.01729741), (0.0177233, 0.0181303, 0.006680482), (0.0275336, -0.0046642, 0.018456394), (0.0274409, -0.00468262, 0.01839348), (0.027351, -0.00503273, 0.018149326), (0.0284521, -0.000312378, 0.019193212), (0.021887, -0.0135055, 0.012994757), (0.0219126, -0.0134741, 0.012950409), (0.0221677, -0.0132436, 0.013223631), (0.0277936, 0.00603208, 0.016685518), (0.0278995, 0.00569477, 0.016908707), (0.0272648, -0.00576736, 0.01732828), (0.0202253, 0.0161621, 0.008792986), (0.020664, 0.0159385, 0.00943851), (0.0206077, 0.0158787, 0.009358194), (0.020171, 0.0160963, 0.008720664), (0.0104939, -0.0205349, 0.0042006862), (0.0272901, 0.00802663, 0.016927559), (0.0273811, 0.00770554, 0.016911779), (0.0256325, -0.0090377, 0.016490022), (0.0253319, -0.00929257, 0.015990851), (0.0196286, 0.0163186, 0.007963625), (0.0193469, 0.0166497, 0.007515452), (0.0197179, 0.0163609, 0.008044047), (0.0269714, 0.00861522, 0.016239956), (0.0270932, 0.00840625, 0.016533427), (0.0270342, 0.00836392, 0.016425831), (0.0269139, 0.00855872, 0.01614237), (0.0282754, 0.00475841, 0.018287871), (0.0283299, 0.00471664, 0.018299242), (0.0281727, 0.00505617, 0.017811999), (0.0234854, -0.0118257, 0.0136398785), (0.0234268, -0.0118635, 0.013536777), (0.0253727, 0.0119529, 0.01422132), (0.0252756, 0.0119471, 0.014101185), (0.0164473, 0.0187248, 0.0062249247), (0.0170032, 0.0184903, 0.006457633), (0.0117285, 0.0199077, 0.0026914026), (0.028696, 0.000690437, 0.018658431), (0.0287902, 0.000729939, 0.018782845), (-0.00245885, 0.0218518, 0.0016388639), (-0.00245558, 0.0218981, 0.0016953682), (0.015953, 0.0188729, 0.005945851), (0.0232416, 0.0131765, 0.011167886), (0.0229319, 0.0135271, 0.010755156), (0.0230285, 0.0135486, 0.010864543), (0.0233341, 0.0132101, 0.0112710325), (0.0236931, 0.0131408, 0.012012534), (0.0233525, 0.0133867, 0.011500663), (0.0232633, 0.0133996, 0.011457195), (0.0236019, 0.0131609, 0.011960965), (0.028073, -0.00262702, 0.017969962), (0.0280001, -0.00299081, 0.018090602), (0.0223461, 0.0143512, 0.010394749), (0.0134279, -0.0190569, 0.005532154), (0.0134212, -0.0190152, 0.0054685012), (0.0264887, -0.00797747, 0.016794344), (0.0267244, -0.00749564, 0.016729621), (0.0268181, -0.00746556, 0.016853599), (0.0265834, -0.00794449, 0.01691815), (0.0208028, -0.014663, 0.011349909), (0.0205706, -0.0149731, 0.010914309), (0.0208671, -0.0146148, 0.011358065), (0.0271094, 0.0080498, 0.016519593), (0.0270281, 0.00819666, 0.016443588), (0.0271243, 0.00821511, 0.016569527), (0.0278155, -0.00382303, 0.018505529), (0.027833, -0.003876, 0.018469056), (0.0211673, -0.0142525, 0.011959946), (0.028525, -0.000224971, 0.018984165), (0.0284424, -0.000493617, 0.018786682), (0.0208348, -0.0144559, 0.011180868), (0.0224249, -0.0130145, 0.013421504), (0.0221519, -0.0132415, 0.0131376805), (0.0123608, 0.0197042, 0.0031416614), (0.0117607, 0.0199384, 0.0027733878), (0.0209912, 0.0157787, 0.009857292), (0.0209318, 0.0157334, 0.009764926), (0.0242634, -0.0105562, 0.0141529795), (0.0205973, -0.0149364, 0.0108725), (0.0203298, -0.0152993, 0.010559564), (0.0275183, -0.00438426, 0.01851417), (0.0275921, -0.00409319, 0.018525966), (0.0276437, 0.00636461, 0.01667784), (0.0275553, 0.00634788, 0.016623907), (0.0276456, 0.00605003, 0.016702428), (0.0111717, 0.0202119, 0.0025504974), (0.0277627, -0.00378283, 0.018497149), (0.0255538, -0.00909153, 0.016537292), (0.0256129, -0.0090658, 0.016538333), (0.0279083, -0.00341806, 0.018303938), (0.0269406, 0.00833254, 0.016305685), (0.0197715, 0.0164231, 0.008117058), (0.0233333, -0.0118886, 0.013421809), (0.0188273, -0.0165356, 0.009888799), (0.0179942, -0.016997, 0.009515359), (0.0180114, -0.0170411, 0.009467531), (0.0188444, -0.0165815, 0.009841454), (0.0279259, -0.00347665, 0.018269984), (0.00142497, -0.0218869, 0.0014251609), (0.00143576, -0.0218162, 0.0013889383), (0.00345992, -0.0218135, 0.0019457887), (0.000925846, 0.022, 0.001551858), (-0.00125784, 0.0219571, 0.0016834505), (0.0283757, 0.00433708, 0.018357273), (0.0271547, 0.00827654, 0.016861841), (0.0270534, 0.00852093, 0.016670508), (0.0269625, 0.00853025, 0.016613344), (0.0184054, 0.0176717, 0.00708464), (0.0183251, 0.0176523, 0.0070698424), (0.0229414, -0.0123914, 0.013351791), (0.0284018, -0.00105893, 0.018676195), (0.0284153, -0.0010082, 0.018630678), (0.0285239, -0.000561831, 0.01898726), (0.0239946, -0.0110011, 0.014076183), (0.0272036, 0.00827031, 0.016849412), (0.00339726, 0.0219924, 0.0016263243), (0.00343314, 0.0219802, 0.0015713169), (0.0275115, 0.00640408, 0.016255429), (0.0276099, 0.00597648, 0.01633697), (0.026864, -0.00691495, 0.016970426), (0.026944, -0.00660755, 0.016992392), (-0.000318302, -0.0218321, 0.0010544775), (-0.00136734, -0.0217873, 0.0009261334), (-0.00134848, -0.0217051, 0.00090251694), (-0.000302145, -0.0217538, 0.0010285468), (0.0201678, 0.0163532, 0.008876009), (0.0200769, 0.0163763, 0.008834962), (0.000942339, 0.0219973, 0.0014906342), (-0.00126207, 0.0219628, 0.0016188334), (0.0285334, 0.00422479, 0.018776262), (0.0286124, 0.00397934, 0.018843751), (0.0173388, -0.0173221, 0.009171722), (0.0116328, 0.0199866, 0.0028894339), (0.0105147, 0.0205097, 0.002560324), (0.00526384, -0.0217737, 0.002711794), (0.00697139, -0.0215072, 0.0033359488), (0.0226554, -0.0126274, 0.013601272), (0.0225626, -0.012607, 0.013548889), (0.0230441, -0.0121725, 0.01368325), (0.0229508, -0.0121501, 0.013627688), (0.0217286, -0.0135527, 0.012945748), (0.0197176, 0.0166041, 0.008208653), (0.0196283, 0.0166264, 0.008172558), (0.028019, -0.00260297, 0.017967425), (0.0173586, -0.0173428, 0.009118162), (0.027745, 0.00577338, 0.016897136), (0.0263635, 0.00996984, 0.014649034), (0.0281399, -0.0018783, 0.017804848), (0.0240531, -0.0109953, 0.014069788), (-0.0031204, 0.0217348, 0.0017135742), (-0.00245582, 0.0217865, 0.0016003206), (-0.00138964, -0.0218537, 0.0009684551), (0.00335772, -0.0219623, 0.0020752728), (0.0195333, -0.0160189, 0.010232555), (0.0217084, 0.0151249, 0.010607366), (0.0276739, -0.00422413, 0.018341484), (0.0276613, -0.00438869, 0.018422548), (0.0277332, -0.00419141, 0.018457022), (0.0147771, 0.0191562, 0.0051410464), (0.0262239, -0.00815233, 0.017068138), (-0.00312184, 0.0218466, 0.0018082751), (0.0188374, 0.0173477, 0.0071311574), (0.0237463, 0.0130935, 0.01201773), (0.0113993, -0.0201033, 0.004384361), (0.0244589, 0.0123305, 0.013154406), (0.00678352, 0.0216316, 0.0018515877), (0.00332665, 0.0219877, 0.0016600718), (-0.00312417, 0.0217996, 0.001751212), (0.0280116, 0.00541648, 0.017308367), (-0.00307311, 0.0218242, 0.001985502), (0.0271031, 0.00849195, 0.016667515), (0.0271182, 0.00845078, 0.016619923), (0.0257079, 0.0116312, 0.01462614), (0.0254637, 0.0119339, 0.014501382), (0.0211935, 0.0156148, 0.01002093), (0.00877926, 0.0212724, 0.0022789193), (0.0279935, -0.00229091, 0.017900243), (0.0276991, 0.00639429, 0.016603831), (0.0276706, -0.00376375, 0.018428598), (0.028608, -0.000253746, 0.019198382), (0.0286761, -0.0000189644, 0.01929226), (0.0285842, -0.000235961, 0.019103896), (0.0286516, -0.0000309595, 0.019193789), (0.0263867, -0.00826396, 0.017099837), (0.0241826, 0.0128137, 0.012740688), (0.0188243, -0.0166294, 0.009767159), (0.028306, -0.00149162, 0.01826192), (0.0282216, -0.00191249, 0.018015973), (0.0281988, -0.00189104, 0.017923228), (0.0195887, -0.0160483, 0.010222358), (0.026795, 0.00891851, 0.015740296), (0.027463, 0.00671013, 0.016647683), (0.0191214, 0.0170288, 0.007329073), (0.0190924, 0.017, 0.007239892), (-0.002432, 0.0219146, 0.0018230656), (-0.00241418, 0.0218731, 0.0018744025), (0.0283923, 0.00448304, 0.018606551), (0.0284433, 0.00445579, 0.018606676), (0.0276899, 0.00637999, 0.016666127), (0.0241278, 0.012865, 0.0127314), (0.0194282, 0.0167503, 0.007673476), (0.0194056, 0.0166977, 0.0076006027), (-0.00204758, -0.0216535, 0.00088511175), (-0.00206883, -0.0217347, 0.000908171), (0.0215127, 0.0154868, 0.010320435), (0.0214454, 0.0154854, 0.010212442), (0.0255127, 0.0117213, 0.014231154), (0.0257133, -0.00881033, 0.016446622), (-0.00128941, 0.0217637, 0.0014474205), (-0.00128246, 0.0218341, 0.0014573805), (0.000852917, 0.0218343, 0.00130388), (0.0182205, 0.0177246, 0.006689027), (0.0186391, 0.017323, 0.0068421327), (0.0284572, 0.00418154, 0.018493634), (0.0271965, 0.0078033, 0.016515363), (0.0282816, 0.00430762, 0.01823041), (-0.00244473, 0.0219224, 0.0017597566), (0.02003, -0.0156533, 0.010424925), (0.0121466, -0.0197146, 0.0046127816), (0.0127896, -0.0193485, 0.004933808), (0.0147406, -0.0184772, 0.006951236), (-0.00133109, -0.0215477, 0.00093817344), (0.0240365, 0.0128889, 0.012677001), (-0.00203076, -0.021569, 0.00088608573), (0.0226494, 0.0139169, 0.010519894), (0.00942935, 0.0209218, 0.0021709283), (0.0139581, -0.0188336, 0.006157078), (0.0190293, 0.0169716, 0.0071422732), (0.0264714, 0.00968927, 0.014939023), (0.0215328, -0.0138509, 0.012569476), (0.0146419, -0.0185081, 0.0069158026), (0.0245584, 0.0125975, 0.013448516), (0.021257, 0.0156413, 0.010125424), (0.021017, 0.0158269, 0.009936442), (0.0262199, 0.00999694, 0.014678387), (0.0283449, 0.00466039, 0.018262004), (0.0277235, 0.00558125, 0.016588138), (0.0285022, -0.000522688, 0.018902738), (0.0281518, -0.00229252, 0.017899254), (0.00954397, 0.0209281, 0.0022317786), (0.0245502, 0.0123724, 0.0132575035), (0.0279281, -0.00259482, 0.017904025), (0.0203051, -0.015309, 0.0106121), (0.019279, 0.0168463, 0.0077106203), (0.0259972, 0.010651, 0.014577189), (0.0258099, 0.0111144, 0.014606913), (0.0261218, 0.0102894, 0.014589979), (0.0257394, 0.0112924, 0.014240891), (-0.00133539, -0.0216212, 0.00090489356), (0.0214363, -0.0138785, 0.012516169), (0.0218257, -0.0135345, 0.012996936), (0.0105374, 0.0205234, 0.0025107476), (0.0097416, 0.0209057, 0.002463546), (0.0246064, 0.0124284, 0.013347432), (0.0246271, 0.0124939, 0.013415502), (0.0246109, 0.012553, 0.013451645), (0.0249502, 0.0123028, 0.013890333)]
        color3f[] primvars:displayColor = [(0.63247, 0.52204, 0.20831), (0.63749, 0.54212, 0.22839), (0.63247, 0.5371, 0.22839), (0.63247, 0.5371, 0.22839), (0.63247, 0.53208, 0.22588), (0.63247, 0.52204, 0.20831), (0.63498, 0.55969, 0.24847), (0.63749, 0.5622, 0.25098), (0.63247, 0.54714, 0.23592), (0.63247, 0.54714, 0.23592), (0.63749, 0.57224, 0.27357), (0.63498, 0.55969, 0.24847), (0.64, 0.54212, 0.23843), (0.63749, 0.5622, 0.25098), (0.63498, 0.55969, 0.24847), (0.63498, 0.55969, 0.24847), (0.64, 0.54965, 0.21835), (0.64, 0.54212, 0.23843), (0.62745, 0.50196, 0.19325), (0.63498, 0.52706, 0.2058), (0.63247, 0.51953, 0.19576), (0.63247, 0.51953, 0.19576), (0.63498, 0.51953, 0.21835), (0.62745, 0.50196, 0.19325), (0.63498, 0.53961, 0.2309), (0.62996, 0.53459, 0.22086), (0.62996, 0.54965, 0.24596), (0.63749, 0.54965, 0.24847), (0.63749, 0.54965, 0.23341), (0.64, 0.55969, 0.26102), (0.64, 0.55969, 0.26102), (0.63498, 0.55969, 0.24847), (0.63749, 0.54965, 0.24847), (0.62745, 0.50196, 0.19325), (0.63749, 0.52455, 0.21082), (0.64, 0.52204, 0.21082), (0.64, 0.52204, 0.21082), (0.62745, 0.49192, 0.17569), (0.62745, 0.50196, 0.19325), (0.63247, 0.51702, 0.21082), (0.63247, 0.51702, 0.21082), (0.63247, 0.52957, 0.21333), (0.63247, 0.55216, 0.24847), (0.63498, 0.52204, 0.20329), (0.63247, 0.52204, 0.20831), (0.63247, 0.52204, 0.20831), (0.64, 0.54965, 0.24094), (0.63247, 0.55216, 0.24847), (0.63247, 0.49443, 0.17067), (0.64, 0.53208, 0.22337), (0.62745, 0.51702, 0.21333), (0.62745, 0.51702, 0.21333), (0.63749, 0.52455, 0.22588), (0.63247, 0.49443, 0.17067), (0.62494, 0.5371, 0.23592), (0.63749, 0.5622, 0.256), (0.63749, 0.5622, 0.25098), (0.63749, 0.5622, 0.25098), (0.63247, 0.53208, 0.22588), (0.62494, 0.5371, 0.23592), (0.63749, 0.5622, 0.25098), (0.63749, 0.5622, 0.256), (0.63498, 0.54212, 0.21584), (0.63498, 0.54212, 0.21584), (0.64, 0.55467, 0.23843), (0.63749, 0.5622, 0.25098), (0.62996, 0.54965, 0.24094), (0.63247, 0.53961, 0.21333), (0.63749, 0.5622, 0.256), (0.63749, 0.5622, 0.256), (0.64, 0.57224, 0.26353), (0.62996, 0.54965, 0.24094), (0.63498, 0.53459, 0.22839), (0.63498, 0.53208, 0.21584), (0.62494, 0.50196, 0.1782), (0.62494, 0.50196, 0.1782), (0.63749, 0.52706, 0.22337), (0.63498, 0.53459, 0.22839), (0.63498, 0.53459, 0.22337), (0.63498, 0.53208, 0.22086), (0.63247, 0.53208, 0.22839), (0.63247, 0.53208, 0.22839), (0.62494, 0.51451, 0.21082), (0.63498, 0.53459, 0.22337), (0.64, 0.56722, 0.26102), (0.63247, 0.53459, 0.21082), (0.64, 0.56722, 0.27106), (0.64, 0.56722, 0.27106), (0.64, 0.56722, 0.256), (0.64, 0.56722, 0.26102), (0.63498, 0.53459, 0.22839), (0.63247, 0.512, 0.20078), (0.64, 0.56722, 0.27106), (0.64, 0.56722, 0.27106), (0.63749, 0.55216, 0.23592), (0.63498, 0.53459, 0.22839), (0.63498, 0.49694, 0.1782), (0.62494, 0.48188, 0.14808), (0.62243, 0.51953, 0.22337), (0.62745, 0.49192, 0.17569), (0.63247, 0.51702, 0.21082), (0.64, 0.54714, 0.22086), (0.64, 0.54714, 0.22086), (0.63749, 0.5371, 0.2058), (0.62745, 0.49192, 0.17569), (0.62996, 0.55216, 0.23843), (0.63247, 0.55467, 0.24094), (0.62996, 0.52957, 0.22588), (0.62996, 0.52957, 0.22588), (0.64, 0.54463, 0.24094), (0.62996, 0.55216, 0.23843), (0.63247, 0.50949, 0.18824), (0.63498, 0.52204, 0.20831), (0.62996, 0.54212, 0.24094), (0.62996, 0.54212, 0.24094), (0.62494, 0.54463, 0.24596), (0.63247, 0.50949, 0.18824), (0.64, 0.51702, 0.19576), (0.63247, 0.49945, 0.1782), (0.62243, 0.4869, 0.15059), (0.64, 0.55467, 0.26353), (0.63749, 0.50196, 0.16314), (0.64, 0.53961, 0.21082), (0.64, 0.53961, 0.21082), (0.62494, 0.52706, 0.22839), (0.64, 0.55467, 0.26353), (0.63749, 0.512, 0.19827), (0.64, 0.55467, 0.26353), (0.62494, 0.52706, 0.22839), (0.62494, 0.52706, 0.22839), (0.62996, 0.52706, 0.2058), (0.63749, 0.512, 0.19827), (0.64, 0.54714, 0.24847), (0.64, 0.53961, 0.24345), (0.63247, 0.4869, 0.17067), (0.63247, 0.4869, 0.17067), (0.63247, 0.4869, 0.17067), (0.64, 0.54714, 0.24847), (0.63247, 0.52957, 0.21333), (0.64, 0.54714, 0.22086), (0.63247, 0.51702, 0.21082), (0.62243, 0.51953, 0.22337), (0.63247, 0.51953, 0.22588), (0.63498, 0.49694, 0.1782), (0.62243, 0.50196, 0.18071), (0.63247, 0.51953, 0.2058), (0.62745, 0.51451, 0.20078), (0.62745, 0.51451, 0.20078), (0.63498, 0.53459, 0.22337), (0.62243, 0.50196, 0.18071), (0.63247, 0.53459, 0.2058), (0.62745, 0.51953, 0.17318), (0.62996, 0.54212, 0.22086), (0.62996, 0.54212, 0.22086), (0.63498, 0.54965, 0.23843), (0.63247, 0.53459, 0.2058), (0.63749, 0.53961, 0.21584), (0.63498, 0.55467, 0.25098), (0.64, 0.54212, 0.23843), (0.64, 0.54212, 0.23843), (0.64, 0.54965, 0.21835), (0.63749, 0.53961, 0.21584), (0.64, 0.53208, 0.22337), (0.63247, 0.49443, 0.17067), (0.63247, 0.54714, 0.23843), (0.63247, 0.54714, 0.23843), (0.62745, 0.5371, 0.22839), (0.64, 0.53208, 0.22337), (0.63498, 0.54463, 0.23843), (0.63498, 0.56722, 0.27357), (0.64, 0.56722, 0.27106), (0.64, 0.56722, 0.27106), (0.62996, 0.53459, 0.22086), (0.63498, 0.54463, 0.23843), (0.63247, 0.51702, 0.21082), (0.62745, 0.49192, 0.17569), (0.6149, 0.50196, 0.20329), (0.6149, 0.50196, 0.20329), (0.62494, 0.51451, 0.21082), (0.63247, 0.51702, 0.21082), (0.64, 0.54212, 0.2309), (0.63749, 0.54212, 0.23341), (0.63247, 0.51702, 0.21082), (0.63247, 0.51702, 0.21082), (0.62494, 0.51953, 0.21584), (0.64, 0.54212, 0.2309), (0.63247, 0.50949, 0.18824), (0.61992, 0.48188, 0.16314), (0.62494, 0.49945, 0.17067), (0.62494, 0.49945, 0.17067), (0.62996, 0.50949, 0.16816), (0.63247, 0.50949, 0.18824), (0.62996, 0.512, 0.16565), (0.63498, 0.512, 0.18322), (0.63247, 0.52204, 0.19325), (0.62996, 0.52957, 0.22337), (0.62996, 0.52957, 0.22337), (0.63749, 0.5371, 0.23341), (0.63749, 0.5371, 0.23341), (0.63498, 0.54965, 0.23843), (0.62996, 0.52957, 0.22337), (0.62996, 0.53208, 0.23341), (0.62996, 0.51953, 0.21584), (0.64, 0.51702, 0.20831), (0.64, 0.51702, 0.20831), (0.63247, 0.52706, 0.22337), (0.62996, 0.53208, 0.23341), (0.61992, 0.48188, 0.16314), (0.64, 0.51702, 0.19576), (0.61992, 0.49694, 0.16816), (0.61992, 0.49694, 0.16816), (0.62494, 0.49945, 0.17067), (0.61992, 0.48188, 0.16314), (0.64, 0.54965, 0.24345), (0.62494, 0.51451, 0.21082), (0.62243, 0.512, 0.20329), (0.63247, 0.51451, 0.18322), (0.63247, 0.54714, 0.23592), (0.62996, 0.5371, 0.21082), (0.63247, 0.5371, 0.22839), (0.63749, 0.54212, 0.22839), (0.63498, 0.53961, 0.2309), (0.63498, 0.53961, 0.2309), (0.63498, 0.54463, 0.23843), (0.63247, 0.5371, 0.22839), (0.62745, 0.50196, 0.19827), (0.63247, 0.50447, 0.20831), (0.62745, 0.512, 0.21082), (0.62745, 0.512, 0.21082), (0.62996, 0.51953, 0.21584), (0.62745, 0.50196, 0.19827), (0.63498, 0.51702, 0.19075), (0.62745, 0.50447, 0.17569), (0.62996, 0.51953, 0.21584), (0.62996, 0.51953, 0.21584), (0.63247, 0.51451, 0.21835), (0.63498, 0.51702, 0.19075), (0.63247, 0.52204, 0.19325), (0.63247, 0.52204, 0.19325), (0.62996, 0.512, 0.16565), (0.61741, 0.50447, 0.18071), (0.63749, 0.53459, 0.22337), (0.63247, 0.53208, 0.22588), (0.63247, 0.53208, 0.22588), (0.63498, 0.52204, 0.20831), (0.61741, 0.50447, 0.18071), (0.63247, 0.55467, 0.24094), (0.63247, 0.54714, 0.2309), (0.64, 0.5371, 0.23592), (0.64, 0.57976, 0.28361), (0.63247, 0.52957, 0.21835), (0.62996, 0.53459, 0.22588), (0.62996, 0.53459, 0.22588), (0.63498, 0.54463, 0.23592), (0.64, 0.57976, 0.28361), (0.62996, 0.51953, 0.19075), (0.63247, 0.53208, 0.20329), (0.64, 0.54714, 0.22086), (0.64, 0.54714, 0.22086), (0.62745, 0.51953, 0.17318), (0.62996, 0.51953, 0.19075), (0.62996, 0.5371, 0.21082), (0.63498, 0.52455, 0.19576), (0.63247, 0.51451, 0.18322), (0.63498, 0.54965, 0.23843), (0.63749, 0.55216, 0.24345), (0.63749, 0.54212, 0.22839), (0.63749, 0.54212, 0.22839), (0.62996, 0.54463, 0.23592), (0.63498, 0.54965, 0.23843), (0.63498, 0.54965, 0.21584), (0.64, 0.56722, 0.26102), (0.62494, 0.51953, 0.18322), (0.62494, 0.51953, 0.18322), (0.62745, 0.52957, 0.20078), (0.63498, 0.54965, 0.21584), (0.63247, 0.53459, 0.2309), (0.62996, 0.54714, 0.256), (0.63749, 0.53208, 0.22839), (0.63749, 0.53208, 0.22839), (0.63498, 0.53208, 0.22086), (0.63247, 0.53459, 0.2309), (0.63247, 0.55216, 0.24847), (0.64, 0.55467, 0.24596), (0.62745, 0.54212, 0.23341), (0.62745, 0.54212, 0.23341), (0.64, 0.56722, 0.27106), (0.63247, 0.55216, 0.24847), (0.63749, 0.53459, 0.22337), (0.63749, 0.53961, 0.21082), (0.63498, 0.53459, 0.20329), (0.63247, 0.52957, 0.23341), (0.63247, 0.52706, 0.22337), (0.63247, 0.54714, 0.23592), (0.62996, 0.52455, 0.18322), (0.63247, 0.56471, 0.2309), (0.64, 0.56722, 0.256), (0.64, 0.56722, 0.256), (0.63247, 0.54212, 0.19576), (0.62996, 0.52455, 0.18322), (0.62996, 0.52204, 0.19325), (0.62996, 0.51702, 0.20329), (0.63247, 0.52204, 0.21333), (0.63247, 0.52204, 0.21333), (0.63498, 0.53459, 0.20329), (0.62996, 0.52204, 0.19325), (0.62494, 0.53459, 0.22588), (0.63749, 0.5622, 0.25098), (0.64, 0.57224, 0.26353), (0.64, 0.57224, 0.26353), (0.63247, 0.55216, 0.24345), (0.62494, 0.53459, 0.22588), (0.63247, 0.49945, 0.1782), (0.64, 0.51702, 0.19576), (0.61741, 0.49443, 0.17067), (0.63247, 0.55216, 0.24847), (0.63498, 0.5371, 0.21333), (0.63498, 0.54714, 0.25098), (0.63498, 0.54714, 0.25098), (0.63749, 0.56973, 0.27608), (0.63247, 0.55216, 0.24847), (0.63498, 0.53208, 0.21584), (0.62996, 0.53459, 0.22588), (0.62745, 0.512, 0.2058), (0.62745, 0.512, 0.2058), (0.62494, 0.50196, 0.1782), (0.63498, 0.53208, 0.21584), (0.63749, 0.54965, 0.25349), (0.63749, 0.55216, 0.23592), (0.63749, 0.53961, 0.21584), (0.63749, 0.53961, 0.21584), (0.63749, 0.54965, 0.24847), (0.63749, 0.54965, 0.25349), (0.63498, 0.53459, 0.20329), (0.63247, 0.52204, 0.21333), (0.63749, 0.53459, 0.22337), (0.63749, 0.512, 0.19827), (0.63749, 0.52957, 0.20831), (0.63749, 0.52455, 0.21082), (0.63749, 0.52455, 0.21082), (0.62745, 0.50196, 0.19325), (0.63749, 0.512, 0.19827), (0.63498, 0.52706, 0.2058), (0.62494, 0.53459, 0.22588), (0.63247, 0.56722, 0.26353), (0.63247, 0.56722, 0.26353), (0.63498, 0.51451, 0.19827), (0.63498, 0.52706, 0.2058), (0.62494, 0.52204, 0.2058), (0.64, 0.56471, 0.23843), (0.62494, 0.51702, 0.18824), (0.62494, 0.51702, 0.18824), (0.62494, 0.52204, 0.20078), (0.62494, 0.52204, 0.2058), (0.62745, 0.51451, 0.19576), (0.63247, 0.51953, 0.2058), (0.63247, 0.52706, 0.22337), (0.61741, 0.49443, 0.17067), (0.63749, 0.51953, 0.19325), (0.63247, 0.49945, 0.1782), (0.62243, 0.512, 0.20329), (0.63498, 0.55467, 0.24596), (0.64, 0.54965, 0.24345), (0.63247, 0.53459, 0.2058), (0.63247, 0.53459, 0.21584), (0.63498, 0.5371, 0.23341), (0.63498, 0.5371, 0.23341), (0.64, 0.53961, 0.24345), (0.63247, 0.53459, 0.2058), (0.64, 0.5371, 0.23592), (0.62996, 0.52957, 0.22588), (0.63247, 0.55467, 0.24094), (0.63247, 0.52706, 0.22337), (0.63498, 0.53208, 0.24094), (0.63247, 0.50698, 0.20329), (0.63247, 0.50698, 0.20329), (0.63749, 0.54965, 0.24847), (0.63247, 0.52706, 0.22337), (0.63498, 0.54463, 0.23592), (0.63498, 0.54714, 0.24596), (0.63749, 0.54965, 0.24847), (0.63749, 0.54965, 0.24847), (0.62243, 0.5371, 0.22588), (0.63498, 0.54463, 0.23592), (0.63498, 0.54714, 0.24596), (0.62243, 0.50196, 0.18071), (0.63498, 0.53459, 0.22337), (0.62745, 0.55467, 0.23843), (0.63749, 0.56471, 0.24847), (0.63247, 0.55969, 0.24345), (0.63247, 0.55969, 0.24345), (0.63247, 0.55216, 0.24345), (0.62745, 0.55467, 0.23843), (0.62745, 0.52455, 0.22839), (0.63498, 0.54212, 0.24847), (0.62494, 0.54463, 0.24596), (0.62494, 0.54463, 0.24596), (0.63498, 0.53459, 0.2309), (0.62745, 0.52455, 0.22839), (0.63247, 0.54714, 0.23592), (0.63498, 0.5622, 0.24596), (0.63247, 0.52957, 0.23341), (0.63247, 0.53208, 0.22086), (0.63498, 0.51953, 0.21835), (0.62996, 0.55969, 0.25098), (0.62996, 0.55969, 0.25098), (0.63498, 0.5371, 0.23341), (0.63247, 0.53208, 0.22086), (0.61992, 0.51451, 0.21333), (0.62745, 0.512, 0.2058), (0.62745, 0.512, 0.2058), (0.63498, 0.53459, 0.22839), (0.63247, 0.51953, 0.20078), (0.63749, 0.51953, 0.22337), (0.63749, 0.51953, 0.22337), (0.63498, 0.55718, 0.24345), (0.63498, 0.53459, 0.22839), (0.63247, 0.51451, 0.18824), (0.63247, 0.53208, 0.20329), (0.62996, 0.50949, 0.17318), (0.62996, 0.50949, 0.17318), (0.63749, 0.53961, 0.21082), (0.63247, 0.51451, 0.18824), (0.62996, 0.53459, 0.22588), (0.64, 0.54212, 0.23843), (0.63247, 0.53208, 0.22086), (0.63247, 0.53208, 0.22086), (0.62494, 0.52204, 0.2058), (0.62996, 0.53459, 0.22588), (0.63498, 0.53459, 0.22337), (0.63498, 0.53961, 0.2309), (0.63498, 0.54714, 0.24596), (0.63247, 0.50949, 0.18824), (0.64, 0.55467, 0.26353), (0.63749, 0.512, 0.19827), (0.63247, 0.54714, 0.23843), (0.63749, 0.54212, 0.22839), (0.63247, 0.54212, 0.23341), (0.63247, 0.54212, 0.23341), (0.64, 0.56722, 0.27106), (0.63247, 0.54714, 0.23843), (0.63247, 0.51953, 0.19576), (0.64, 0.54965, 0.23592), (0.62996, 0.5371, 0.21082), (0.62996, 0.5371, 0.21082), (0.63247, 0.53961, 0.21333), (0.63247, 0.51953, 0.19576), (0.63498, 0.53459, 0.22337), (0.63247, 0.51953, 0.19576), (0.64, 0.54965, 0.23592), (0.64, 0.54965, 0.23592), (0.62996, 0.51702, 0.20329), (0.63498, 0.53459, 0.22337), (0.62745, 0.512, 0.2058), (0.62494, 0.52455, 0.21835), (0.61992, 0.51451, 0.21333), (0.63749, 0.52706, 0.21835), (0.63247, 0.53459, 0.2309), (0.63247, 0.52204, 0.20831), (0.63247, 0.52204, 0.20831), (0.63498, 0.51451, 0.19325), (0.63749, 0.52706, 0.21835), (0.63247, 0.52706, 0.22337), (0.63498, 0.53208, 0.22086), (0.62745, 0.51451, 0.19576), (0.64, 0.54463, 0.22588), (0.63247, 0.51953, 0.19576), (0.63247, 0.53961, 0.21333), (0.63247, 0.53961, 0.21333), (0.63749, 0.55216, 0.24345), (0.64, 0.54463, 0.22588), (0.62996, 0.53459, 0.21584), (0.60988, 0.49192, 0.16565), (0.62243, 0.512, 0.18322), (0.62243, 0.512, 0.18322), (0.62996, 0.49443, 0.15812), (0.62996, 0.53459, 0.21584), (0.63749, 0.512, 0.19827), (0.62996, 0.51702, 0.19325), (0.63247, 0.50949, 0.18824), (0.63498, 0.54714, 0.24596), (0.63247, 0.57725, 0.29616), (0.63247, 0.55467, 0.26353), (0.63247, 0.55467, 0.26353), (0.62494, 0.54463, 0.24094), (0.63498, 0.54714, 0.24596), (0.62745, 0.50196, 0.16816), (0.63498, 0.512, 0.18824), (0.63498, 0.54714, 0.25098), (0.64, 0.54212, 0.23592), (0.64, 0.55467, 0.24596), (0.63749, 0.55718, 0.24847), (0.63749, 0.55718, 0.24847), (0.63498, 0.54463, 0.23592), (0.64, 0.54212, 0.23592), (0.63498, 0.52455, 0.22086), (0.63749, 0.52957, 0.20329), (0.62745, 0.50196, 0.17318), (0.62745, 0.50196, 0.17318), (0.63247, 0.49945, 0.1782), (0.63498, 0.52455, 0.22086), (0.63498, 0.50447, 0.19827), (0.63247, 0.50698, 0.20329), (0.63749, 0.54965, 0.24847), (0.63247, 0.54212, 0.23592), (0.63749, 0.5622, 0.25098), (0.63498, 0.53459, 0.22839), (0.63498, 0.53459, 0.22839), (0.63749, 0.5371, 0.23341), (0.63247, 0.54212, 0.23592), (0.61992, 0.49443, 0.16565), (0.62745, 0.51451, 0.19576), (0.63498, 0.53208, 0.22086), (0.63498, 0.53208, 0.22086), (0.62996, 0.53961, 0.2309), (0.61992, 0.49443, 0.16565), (0.62996, 0.53459, 0.22588), (0.63247, 0.52957, 0.21835), (0.63498, 0.54212, 0.25349), (0.63498, 0.54212, 0.25349), (0.62745, 0.512, 0.2058), (0.62996, 0.53459, 0.22588), (0.64, 0.5371, 0.24094), (0.63498, 0.51953, 0.21835), (0.64, 0.54212, 0.2309), (0.64, 0.54212, 0.2309), (0.6149, 0.50196, 0.20329), (0.64, 0.5371, 0.24094), (0.63247, 0.52706, 0.22337), (0.62494, 0.512, 0.19827), (0.62745, 0.50196, 0.19325), (0.62745, 0.50196, 0.19325), (0.62745, 0.50698, 0.19075), (0.63247, 0.52706, 0.22337), (0.62996, 0.51953, 0.21584), (0.64, 0.54965, 0.24847), (0.63247, 0.54212, 0.23592), (0.63247, 0.54212, 0.23592), (0.63749, 0.53208, 0.2309), (0.62996, 0.51953, 0.21584), (0.63498, 0.51702, 0.19075), (0.62745, 0.51702, 0.18824), (0.62494, 0.53459, 0.23341), (0.62494, 0.53459, 0.23341), (0.64, 0.56471, 0.25349), (0.63498, 0.51702, 0.19075), (0.63498, 0.56471, 0.256), (0.63749, 0.55718, 0.24847), (0.64, 0.56722, 0.27106), (0.64, 0.56722, 0.27106), (0.62745, 0.54212, 0.23341), (0.63498, 0.56471, 0.256), (0.63749, 0.54463, 0.21333), (0.62745, 0.51953, 0.19827), (0.63749, 0.53459, 0.21333), (0.63749, 0.53459, 0.21333), (0.64, 0.53208, 0.20329), (0.63749, 0.54463, 0.21333), (0.62494, 0.51451, 0.2058), (0.63749, 0.5371, 0.2309), (0.63749, 0.53208, 0.22839), (0.63749, 0.53208, 0.22839), (0.61992, 0.51953, 0.21333), (0.62494, 0.51451, 0.2058), (0.63749, 0.51451, 0.21584), (0.63247, 0.52204, 0.20831), (0.62243, 0.50949, 0.19576), (0.62243, 0.50949, 0.19576), (0.63247, 0.50698, 0.20329), (0.63749, 0.51451, 0.21584), (0.62996, 0.52957, 0.22337), (0.63498, 0.53208, 0.22086), (0.63498, 0.52455, 0.19576), (0.63498, 0.52455, 0.19576), (0.63749, 0.52455, 0.21082), (0.62996, 0.52957, 0.22337), (0.63247, 0.53961, 0.24596), (0.64, 0.54463, 0.25098), (0.64, 0.52957, 0.21584), (0.63498, 0.54714, 0.22588), (0.64, 0.56722, 0.26102), (0.63749, 0.5622, 0.25098), (0.63749, 0.5622, 0.25098), (0.63749, 0.55969, 0.24596), (0.63498, 0.54714, 0.22588), (0.63498, 0.53459, 0.22337), (0.62745, 0.51451, 0.20078), (0.63749, 0.53961, 0.23592), (0.63749, 0.53961, 0.23592), (0.63498, 0.53961, 0.22588), (0.63498, 0.53459, 0.22337), (0.63498, 0.54714, 0.25098), (0.62494, 0.52455, 0.21835), (0.62745, 0.50196, 0.16816), (0.61992, 0.52455, 0.21082), (0.63749, 0.51953, 0.19325), (0.62996, 0.50196, 0.2058), (0.62996, 0.50196, 0.2058), (0.62494, 0.49694, 0.18322), (0.61992, 0.52455, 0.21082), (0.63247, 0.52957, 0.21835), (0.62745, 0.53961, 0.22337), (0.63749, 0.54965, 0.25851), (0.63749, 0.54965, 0.25851), (0.63498, 0.54212, 0.25349), (0.63247, 0.52957, 0.21835), (0.63498, 0.57224, 0.25349), (0.64, 0.5622, 0.24345), (0.63247, 0.56973, 0.25349), (0.63247, 0.56973, 0.25349), (0.63247, 0.55969, 0.24345), (0.63498, 0.57224, 0.25349), (0.63498, 0.54714, 0.25098), (0.63247, 0.55216, 0.24345), (0.63498, 0.54714, 0.24596), (0.63498, 0.54714, 0.24596), (0.63498, 0.54463, 0.23843), (0.63498, 0.54714, 0.25098), (0.63498, 0.54212, 0.24847), (0.63749, 0.5371, 0.2309), (0.62996, 0.53961, 0.23341), (0.64, 0.52957, 0.21584), (0.63498, 0.52455, 0.21082), (0.63247, 0.53961, 0.24596), (0.63247, 0.52204, 0.21333), (0.63247, 0.51953, 0.19576), (0.64, 0.54463, 0.22588), (0.64, 0.54463, 0.22588), (0.63749, 0.53459, 0.22337), (0.63247, 0.52204, 0.21333), (0.62996, 0.52455, 0.22337), (0.62745, 0.512, 0.2058), (0.63749, 0.53208, 0.2309), (0.63749, 0.53208, 0.2309), (0.63498, 0.52957, 0.22588), (0.62996, 0.52455, 0.22337), (0.63247, 0.54463, 0.24345), (0.64, 0.55216, 0.26102), (0.62494, 0.53459, 0.22839), (0.62494, 0.53459, 0.22839), (0.63498, 0.53961, 0.22588), (0.63247, 0.54463, 0.24345), (0.64, 0.5622, 0.26855), (0.63247, 0.54463, 0.24345), (0.62996, 0.53208, 0.20329), (0.62996, 0.53208, 0.20329), (0.64, 0.54965, 0.24094), (0.64, 0.5622, 0.26855), (0.63749, 0.54965, 0.24847), (0.64, 0.54965, 0.256), (0.63498, 0.50447, 0.19827), (0.63247, 0.50698, 0.20329), (0.63247, 0.50196, 0.19576), (0.63498, 0.51953, 0.21333), (0.63498, 0.51953, 0.21333), (0.62996, 0.49945, 0.19325), (0.63247, 0.50698, 0.20329), (0.62745, 0.512, 0.21082), (0.62745, 0.50196, 0.18824), (0.62745, 0.52706, 0.22086), (0.62745, 0.52706, 0.22086), (0.62996, 0.51953, 0.21584), (0.62745, 0.512, 0.21082), (0.63498, 0.53459, 0.22839), (0.63247, 0.52204, 0.21835), (0.62745, 0.52706, 0.22086), (0.61741, 0.50447, 0.18071), (0.62745, 0.52706, 0.22086), (0.62996, 0.53208, 0.21333), (0.62996, 0.53208, 0.21333), (0.64, 0.54212, 0.23843), (0.61741, 0.50447, 0.18071), (0.63498, 0.57224, 0.27357), (0.64, 0.56973, 0.256), (0.63749, 0.56471, 0.24345), (0.63247, 0.56722, 0.26855), (0.64, 0.57976, 0.28361), (0.63498, 0.54463, 0.23592), (0.63498, 0.51953, 0.21333), (0.62243, 0.49945, 0.17569), (0.62745, 0.50447, 0.17569), (0.62745, 0.50447, 0.17569), (0.62996, 0.50447, 0.19576), (0.63498, 0.51953, 0.21333), (0.62996, 0.54714, 0.256), (0.63247, 0.53459, 0.2309), (0.62745, 0.53208, 0.21333), (0.62745, 0.53208, 0.21333), (0.63498, 0.53208, 0.21082), (0.62996, 0.54714, 0.256), (0.63749, 0.55216, 0.24345), (0.63498, 0.53459, 0.22839), (0.63749, 0.55969, 0.24596), (0.63749, 0.55969, 0.24596), (0.64, 0.54463, 0.2309), (0.63749, 0.55216, 0.24345), (0.62243, 0.49443, 0.17569), (0.63247, 0.50949, 0.21082), (0.63498, 0.54965, 0.23843), (0.63498, 0.54965, 0.23843), (0.63498, 0.54212, 0.21082), (0.62243, 0.49443, 0.17569), (0.63498, 0.53208, 0.21082), (0.62745, 0.53208, 0.21333), (0.63498, 0.55718, 0.24345), (0.63498, 0.55718, 0.24345), (0.63498, 0.55467, 0.256), (0.63498, 0.53208, 0.21082), (0.62494, 0.52957, 0.21082), (0.63498, 0.53208, 0.21082), (0.63498, 0.55467, 0.256), (0.63498, 0.55467, 0.256), (0.63749, 0.54965, 0.24847), (0.62494, 0.52957, 0.21082), (0.63498, 0.52204, 0.20329), (0.63498, 0.5371, 0.23843), (0.62996, 0.54965, 0.24596), (0.62996, 0.54965, 0.24596), (0.63498, 0.54463, 0.23843), (0.63498, 0.52204, 0.20329), (0.63749, 0.56722, 0.25851), (0.62494, 0.50196, 0.1782), (0.63749, 0.53459, 0.23843), (0.63749, 0.54714, 0.26102), (0.62243, 0.51953, 0.22337), (0.62494, 0.48188, 0.14808), (0.62494, 0.48188, 0.14808), (0.63247, 0.50196, 0.16314), (0.63749, 0.54714, 0.26102), (0.64, 0.55969, 0.27106), (0.62996, 0.53459, 0.22588), (0.63749, 0.53961, 0.21082), (0.63749, 0.53961, 0.21082), (0.62996, 0.5371, 0.24345), (0.64, 0.55969, 0.27106), (0.62996, 0.5371, 0.24345), (0.63749, 0.53961, 0.21082), (0.62745, 0.53961, 0.21333), (0.62745, 0.53961, 0.21333), (0.63749, 0.54965, 0.24847), (0.62996, 0.5371, 0.24345), (0.62996, 0.53961, 0.23341), (0.64, 0.54714, 0.23341), (0.63498, 0.54212, 0.24847), (0.63749, 0.55216, 0.24094), (0.63247, 0.56722, 0.26353), (0.62745, 0.5371, 0.22839), (0.62745, 0.5371, 0.22839), (0.63247, 0.54463, 0.21835), (0.63749, 0.55216, 0.24094), (0.62745, 0.52706, 0.22086), (0.62745, 0.54212, 0.23341), (0.63498, 0.53459, 0.22839), (0.62745, 0.51702, 0.18824), (0.64, 0.55969, 0.256), (0.64, 0.56722, 0.27106), (0.64, 0.56722, 0.27106), (0.62494, 0.53459, 0.23341), (0.62745, 0.51702, 0.18824), (0.62745, 0.52706, 0.22086), (0.63247, 0.52204, 0.21835), (0.62745, 0.50698, 0.19075), (0.62745, 0.50698, 0.19075), (0.62996, 0.50698, 0.18322), (0.62745, 0.52706, 0.22086), (0.63749, 0.53459, 0.23843), (0.63498, 0.55969, 0.25349), (0.63749, 0.56722, 0.25851), (0.63247, 0.52957, 0.21333), (0.63247, 0.51451, 0.18824), (0.63247, 0.52204, 0.20831), (0.63498, 0.51451, 0.19325), (0.63247, 0.51953, 0.19576), (0.63247, 0.52706, 0.22337), (0.63247, 0.52706, 0.22337), (0.63749, 0.52706, 0.21835), (0.63498, 0.51451, 0.19325), (0.62745, 0.49192, 0.17569), (0.62996, 0.51702, 0.19827), (0.64, 0.5371, 0.24094), (0.63498, 0.54965, 0.24094), (0.63247, 0.54463, 0.24847), (0.63749, 0.54463, 0.25098), (0.63749, 0.54463, 0.25098), (0.64, 0.55969, 0.26102), (0.63498, 0.54965, 0.24094), (0.63498, 0.53208, 0.22086), (0.63749, 0.51702, 0.2058), (0.63247, 0.55467, 0.24094), (0.63247, 0.55467, 0.24094), (0.64, 0.5622, 0.27106), (0.63498, 0.53208, 0.22086), (0.63498, 0.51702, 0.19075), (0.63749, 0.50949, 0.19576), (0.62996, 0.50447, 0.19576), (0.64, 0.5371, 0.24094), (0.6149, 0.50196, 0.20329), (0.62745, 0.49192, 0.17569), (0.62996, 0.51953, 0.21584), (0.63247, 0.512, 0.20078), (0.62745, 0.50196, 0.19827), (0.62745, 0.50196, 0.19827), (0.64, 0.51702, 0.20831), (0.62996, 0.51953, 0.21584), (0.62745, 0.52706, 0.19827), (0.62243, 0.52204, 0.19325), (0.62745, 0.53208, 0.21333), (0.62745, 0.53208, 0.21333), (0.63247, 0.5371, 0.22839), (0.62745, 0.52706, 0.19827), (0.63498, 0.54463, 0.23592), (0.62996, 0.55216, 0.25851), (0.63247, 0.56722, 0.26855), (0.63247, 0.52204, 0.20831), (0.63247, 0.53459, 0.2309), (0.63247, 0.52957, 0.21333), (0.62745, 0.50949, 0.1782), (0.62494, 0.51953, 0.1782), (0.64, 0.55969, 0.256), (0.63749, 0.56722, 0.23341), (0.63498, 0.57224, 0.27357), (0.62996, 0.55969, 0.25098), (0.62996, 0.55969, 0.25098), (0.63498, 0.56471, 0.24847), (0.63749, 0.56722, 0.23341), (0.63498, 0.50949, 0.18071), (0.62745, 0.512, 0.16816), (0.63247, 0.53459, 0.2058), (0.63247, 0.53459, 0.2058), (0.62745, 0.53459, 0.20831), (0.63498, 0.50949, 0.18071), (0.63749, 0.55969, 0.24596), (0.62996, 0.57475, 0.27357), (0.64, 0.57475, 0.27106), (0.64, 0.57475, 0.27106), (0.63749, 0.55969, 0.24094), (0.63749, 0.55969, 0.24596), (0.62996, 0.50447, 0.19576), (0.62745, 0.50447, 0.17569), (0.63498, 0.51702, 0.19075), (0.63749, 0.53961, 0.21082), (0.62745, 0.51702, 0.18824), (0.64, 0.5371, 0.24094), (0.64, 0.5371, 0.24094), (0.63247, 0.51451, 0.18824), (0.63749, 0.53961, 0.21082), (0.63498, 0.5622, 0.24094), (0.63498, 0.54714, 0.22588), (0.63749, 0.55969, 0.24596), (0.63749, 0.55969, 0.24596), (0.63749, 0.56471, 0.24847), (0.63498, 0.5622, 0.24094), (0.62996, 0.512, 0.18573), (0.64, 0.5371, 0.24094), (0.62745, 0.51702, 0.18824), (0.62745, 0.51702, 0.18824), (0.63749, 0.54965, 0.25349), (0.62996, 0.512, 0.18573), (0.63749, 0.56471, 0.24345), (0.62996, 0.55969, 0.25098), (0.63498, 0.57224, 0.27357), (0.64, 0.55969, 0.256), (0.62745, 0.51702, 0.18824), (0.62745, 0.50949, 0.1782), (0.63247, 0.55467, 0.24094), (0.62996, 0.55216, 0.23843), (0.63498, 0.54714, 0.22086), (0.63247, 0.51451, 0.18824), (0.62745, 0.51702, 0.20329), (0.62494, 0.52957, 0.21584), (0.62494, 0.52957, 0.21584), (0.63247, 0.53208, 0.20329), (0.63247, 0.51451, 0.18824), (0.63498, 0.53961, 0.22588), (0.63498, 0.53459, 0.22839), (0.63749, 0.53208, 0.2309), (0.63749, 0.53208, 0.2309), (0.62745, 0.512, 0.2058), (0.63498, 0.53961, 0.22588), (0.62494, 0.52204, 0.2058), (0.63247, 0.53208, 0.22086), (0.62745, 0.52706, 0.21584), (0.62745, 0.52706, 0.21584), (0.63498, 0.52204, 0.20831), (0.62494, 0.52204, 0.2058), (0.60988, 0.49192, 0.16565), (0.63247, 0.55718, 0.24596), (0.63247, 0.51953, 0.2058), (0.63498, 0.50447, 0.19827), (0.61992, 0.49443, 0.18071), (0.62745, 0.49192, 0.17569), (0.62745, 0.49192, 0.17569), (0.63247, 0.50196, 0.19576), (0.63498, 0.50447, 0.19827), (0.63498, 0.56471, 0.256), (0.63498, 0.55467, 0.24596), (0.64, 0.53208, 0.20329), (0.64, 0.53208, 0.20329), (0.63498, 0.52706, 0.19827), (0.63498, 0.56471, 0.256), (0.62745, 0.49192, 0.17569), (0.64, 0.52204, 0.21082), (0.6149, 0.49443, 0.1782), (0.62996, 0.54463, 0.23592), (0.62996, 0.53208, 0.21333), (0.62745, 0.53961, 0.22337), (0.62745, 0.53961, 0.22337), (0.63498, 0.54965, 0.23843), (0.62996, 0.54463, 0.23592), (0.63498, 0.54714, 0.22086), (0.63498, 0.5622, 0.24094), (0.63247, 0.55467, 0.24094), (0.63247, 0.49443, 0.17569), (0.62996, 0.49694, 0.17067), (0.63749, 0.51451, 0.21584), (0.63749, 0.51451, 0.21584), (0.63247, 0.50698, 0.20329), (0.63247, 0.49443, 0.17569), (0.62494, 0.49945, 0.17067), (0.64, 0.55467, 0.24596), (0.63749, 0.57475, 0.27608), (0.63749, 0.57475, 0.27608), (0.63498, 0.53459, 0.22839), (0.62494, 0.49945, 0.17067), (0.63247, 0.54965, 0.25851), (0.63247, 0.54212, 0.23592), (0.63498, 0.51702, 0.19075), (0.63498, 0.51702, 0.19075), (0.62745, 0.50698, 0.19075), (0.63247, 0.54965, 0.25851), (0.64, 0.54965, 0.24847), (0.62745, 0.52706, 0.19576), (0.64, 0.56973, 0.26855), (0.64, 0.56973, 0.26855), (0.63247, 0.54212, 0.23592), (0.64, 0.54965, 0.24847), (0.62494, 0.53459, 0.22588), (0.63498, 0.54463, 0.23592), (0.64, 0.5371, 0.22086), (0.64, 0.5371, 0.22086), (0.62996, 0.53961, 0.23341), (0.62494, 0.53459, 0.22588), (0.63247, 0.52204, 0.21333), (0.62996, 0.52957, 0.21835), (0.62996, 0.51953, 0.2058), (0.62996, 0.51953, 0.2058), (0.63247, 0.5371, 0.22839), (0.63247, 0.52204, 0.21333), (0.63498, 0.54212, 0.20831), (0.63498, 0.54212, 0.21584), (0.63247, 0.50698, 0.20329), (0.63247, 0.50698, 0.20329), (0.63749, 0.512, 0.20329), (0.63498, 0.54212, 0.20831), (0.63498, 0.51451, 0.20329), (0.64, 0.54463, 0.23843), (0.62996, 0.52706, 0.21584), (0.62996, 0.52706, 0.21584), (0.62494, 0.51702, 0.19576), (0.63498, 0.51451, 0.20329), (0.62494, 0.51702, 0.18824), (0.63749, 0.5371, 0.2309), (0.62745, 0.53208, 0.21835), (0.62745, 0.53208, 0.21835), (0.63247, 0.52455, 0.19827), (0.62494, 0.51702, 0.18824), (0.63498, 0.55718, 0.24345), (0.63749, 0.51953, 0.22337), (0.63749, 0.54714, 0.24596), (0.63749, 0.54714, 0.24596), (0.63247, 0.55467, 0.24094), (0.63498, 0.55718, 0.24345), (0.63498, 0.53961, 0.22588), (0.62494, 0.53459, 0.22839), (0.63498, 0.53961, 0.2309), (0.63498, 0.53961, 0.2309), (0.63498, 0.53459, 0.22337), (0.63498, 0.53961, 0.22588), (0.62996, 0.52706, 0.21584), (0.63749, 0.52204, 0.21584), (0.63498, 0.53208, 0.22086), (0.63498, 0.53208, 0.22086), (0.62745, 0.52706, 0.19576), (0.62996, 0.52706, 0.21584), (0.62745, 0.52706, 0.22086), (0.62996, 0.50196, 0.18322), (0.63498, 0.54463, 0.23592), (0.64, 0.53961, 0.24345), (0.63498, 0.52455, 0.22086), (0.63247, 0.49945, 0.1782), (0.63247, 0.49945, 0.1782), (0.63247, 0.4869, 0.17067), (0.64, 0.53961, 0.24345), (0.63749, 0.55718, 0.24847), (0.63498, 0.56471, 0.256), (0.63498, 0.52706, 0.19827), (0.63498, 0.52706, 0.19827), (0.63247, 0.54714, 0.23843), (0.63749, 0.55718, 0.24847), (0.62745, 0.51702, 0.20831), (0.64, 0.51702, 0.19325), (0.63247, 0.54463, 0.24847), (0.63247, 0.54463, 0.24847), (0.62996, 0.51451, 0.21333), (0.62745, 0.51702, 0.20831), (0.64, 0.52957, 0.2309), (0.61992, 0.51451, 0.21333), (0.62494, 0.52455, 0.21835), (0.62996, 0.51702, 0.19325), (0.62996, 0.50698, 0.18573), (0.61992, 0.48188, 0.16314), (0.61992, 0.48188, 0.16314), (0.63247, 0.50949, 0.18824), (0.62996, 0.51702, 0.19325), (0.62996, 0.50949, 0.18824), (0.62494, 0.51451, 0.18573), (0.63498, 0.52204, 0.19827), (0.63498, 0.52204, 0.19827), (0.63749, 0.53208, 0.22839), (0.62996, 0.50949, 0.18824), (0.64, 0.56722, 0.26604), (0.63247, 0.55718, 0.24596), (0.62996, 0.55467, 0.24847), (0.62243, 0.53459, 0.21835), (0.63498, 0.5622, 0.24094), (0.63749, 0.56471, 0.24847), (0.63749, 0.56471, 0.24847), (0.63498, 0.58227, 0.28361), (0.62243, 0.53459, 0.21835), (0.63498, 0.54463, 0.23592), (0.62996, 0.54212, 0.24094), (0.62745, 0.52706, 0.22086), (0.63247, 0.51953, 0.2058), (0.62243, 0.512, 0.18322), (0.60988, 0.49192, 0.16565), (0.6149, 0.49443, 0.1782), (0.63247, 0.50196, 0.19576), (0.62745, 0.49192, 0.17569), (0.63498, 0.55969, 0.24847), (0.64, 0.5622, 0.26855), (0.64, 0.54965, 0.24094), (0.64, 0.54965, 0.24094), (0.63749, 0.55216, 0.24094), (0.63498, 0.55969, 0.24847), (0.64, 0.55467, 0.26353), (0.63247, 0.50949, 0.18824), (0.62996, 0.50949, 0.16816), (0.62996, 0.50949, 0.16816), (0.63749, 0.50196, 0.16314), (0.64, 0.55467, 0.26353), (0.63749, 0.5371, 0.23341), (0.62996, 0.54714, 0.256), (0.63498, 0.55216, 0.26102), (0.63498, 0.55216, 0.26102), (0.62996, 0.52957, 0.21835), (0.63749, 0.5371, 0.23341), (0.63247, 0.52706, 0.22337), (0.63749, 0.53961, 0.23592), (0.63498, 0.53459, 0.22839), (0.63498, 0.53459, 0.22839), (0.62494, 0.52957, 0.22086), (0.63247, 0.52706, 0.22337), (0.63498, 0.53208, 0.21082), (0.62243, 0.54212, 0.23843), (0.63247, 0.54212, 0.24094), (0.63247, 0.54212, 0.24094), (0.64, 0.55216, 0.23592), (0.63498, 0.53208, 0.21082), (0.62745, 0.512, 0.2058), (0.63247, 0.512, 0.19576), (0.62745, 0.50447, 0.20078), (0.62745, 0.50447, 0.20078), (0.63498, 0.52455, 0.21584), (0.62745, 0.512, 0.2058), (0.63247, 0.54463, 0.24847), (0.63247, 0.54965, 0.25851), (0.62745, 0.50698, 0.19075), (0.62745, 0.50698, 0.19075), (0.64, 0.53459, 0.2309), (0.63247, 0.54463, 0.24847), (0.63498, 0.54714, 0.2309), (0.63498, 0.54463, 0.23843), (0.63247, 0.50949, 0.18071), (0.64, 0.56722, 0.26102), (0.63498, 0.54714, 0.22588), (0.63498, 0.55969, 0.24847), (0.63498, 0.55969, 0.24847), (0.62494, 0.51953, 0.18322), (0.64, 0.56722, 0.26102), (0.64, 0.56973, 0.27608), (0.63749, 0.56973, 0.27608), (0.63749, 0.51451, 0.19075), (0.63749, 0.51451, 0.19075), (0.63247, 0.50949, 0.18071), (0.64, 0.56973, 0.27608), (0.63247, 0.52706, 0.22588), (0.62243, 0.53459, 0.21835), (0.63247, 0.54212, 0.23592), (0.63247, 0.54212, 0.23592), (0.63247, 0.54965, 0.25851), (0.63247, 0.52706, 0.22588), (0.62494, 0.52455, 0.21835), (0.62996, 0.54463, 0.23592), (0.64, 0.52957, 0.2309), (0.63247, 0.512, 0.17569), (0.63498, 0.512, 0.18322), (0.63498, 0.51451, 0.17318), (0.64, 0.56471, 0.25851), (0.63498, 0.53459, 0.22839), (0.64, 0.53961, 0.23341), (0.64, 0.53961, 0.23341), (0.63749, 0.56471, 0.27106), (0.64, 0.56471, 0.25851), (0.63498, 0.5371, 0.23341), (0.62243, 0.53208, 0.22337), (0.63498, 0.53961, 0.22588), (0.63498, 0.53961, 0.22588), (0.62745, 0.52706, 0.21584), (0.63498, 0.5371, 0.23341), (0.63498, 0.53208, 0.21584), (0.63498, 0.52706, 0.2058), (0.62494, 0.52204, 0.2058), (0.62494, 0.52204, 0.2058), (0.63247, 0.52204, 0.20831), (0.63498, 0.53208, 0.21584), (0.63247, 0.50949, 0.18071), (0.62494, 0.49945, 0.17067), (0.63498, 0.54714, 0.2309), (0.63749, 0.55969, 0.24596), (0.63749, 0.5622, 0.25098), (0.62243, 0.52455, 0.22086), (0.62243, 0.52455, 0.22086), (0.62745, 0.51702, 0.20831), (0.63749, 0.55969, 0.24596), (0.63498, 0.58227, 0.28361), (0.63749, 0.56471, 0.24847), (0.63498, 0.52455, 0.22086), (0.63498, 0.52455, 0.22086), (0.62745, 0.52455, 0.21333), (0.63498, 0.58227, 0.28361), (0.63749, 0.56471, 0.24345), (0.63247, 0.5371, 0.22337), (0.63247, 0.54212, 0.19576), (0.62996, 0.55467, 0.24847), (0.63498, 0.55467, 0.25098), (0.64, 0.56722, 0.26604), (0.62996, 0.54463, 0.21082), (0.63247, 0.5371, 0.20329), (0.64, 0.53961, 0.22839), (0.64, 0.53961, 0.22839), (0.64, 0.55718, 0.24596), (0.62996, 0.54463, 0.21082), (0.62745, 0.51953, 0.19075), (0.63247, 0.512, 0.17569), (0.64, 0.54965, 0.24094), (0.64, 0.54965, 0.24094), (0.62996, 0.53208, 0.20329), (0.62745, 0.51953, 0.19075), (0.62745, 0.53459, 0.24094), (0.63247, 0.512, 0.20078), (0.63247, 0.54212, 0.23592), (0.63247, 0.54212, 0.23592), (0.63247, 0.53208, 0.22086), (0.62745, 0.53459, 0.24094), (0.62996, 0.53459, 0.22588), (0.63247, 0.5371, 0.20329), (0.62494, 0.50196, 0.1782), (0.62494, 0.50196, 0.1782), (0.63749, 0.53208, 0.22839), (0.62996, 0.53459, 0.22588), (0.63247, 0.52455, 0.19827), (0.62745, 0.53208, 0.21835), (0.63749, 0.55467, 0.26353), (0.63749, 0.55467, 0.26353), (0.62996, 0.51953, 0.19075), (0.63247, 0.52455, 0.19827), (0.63749, 0.51953, 0.18824), (0.63247, 0.53208, 0.20329), (0.63749, 0.51953, 0.19325), (0.63498, 0.51451, 0.17318), (0.63749, 0.51953, 0.18824), (0.63247, 0.512, 0.17569), (0.62996, 0.50196, 0.2058), (0.63247, 0.512, 0.20078), (0.62996, 0.51953, 0.21584), (0.62996, 0.51953, 0.21584), (0.62494, 0.49945, 0.19075), (0.62996, 0.50196, 0.2058), (0.62996, 0.53961, 0.23341), (0.64, 0.5371, 0.22086), (0.62996, 0.50949, 0.18824), (0.62996, 0.50949, 0.18824), (0.62996, 0.53208, 0.23341), (0.62996, 0.53961, 0.23341), (0.64, 0.55467, 0.24596), (0.63498, 0.5371, 0.21333), (0.63247, 0.55216, 0.24847), (0.63247, 0.55216, 0.24847), (0.64, 0.56722, 0.27106), (0.64, 0.55467, 0.24596), (0.64, 0.5622, 0.25349), (0.63247, 0.52204, 0.21333), (0.63749, 0.55718, 0.25851), (0.62996, 0.54714, 0.256), (0.63247, 0.56973, 0.27859), (0.62996, 0.53459, 0.22588), (0.62996, 0.53459, 0.22588), (0.63749, 0.53208, 0.22839), (0.62996, 0.54714, 0.256), (0.64, 0.54714, 0.23843), (0.64, 0.55718, 0.24847), (0.62745, 0.55467, 0.23341), (0.62745, 0.55467, 0.23341), (0.63749, 0.57224, 0.26855), (0.64, 0.54714, 0.23843), (0.63749, 0.5622, 0.25098), (0.62494, 0.53459, 0.22588), (0.63749, 0.54714, 0.24094), (0.63749, 0.54714, 0.24094), (0.63498, 0.53459, 0.22839), (0.63749, 0.5622, 0.25098), (0.63749, 0.51953, 0.19325), (0.63247, 0.512, 0.17569), (0.63749, 0.51953, 0.18824), (0.64, 0.52204, 0.21082), (0.62996, 0.50196, 0.18322), (0.63247, 0.50949, 0.18824), (0.63247, 0.50949, 0.18824), (0.6149, 0.49443, 0.1782), (0.64, 0.52204, 0.21082), (0.63749, 0.53208, 0.22839), (0.63749, 0.5371, 0.2309), (0.64, 0.55467, 0.25851), (0.64, 0.55467, 0.25851), (0.63749, 0.55216, 0.24345), (0.63749, 0.53208, 0.22839), (0.63247, 0.54212, 0.19576), (0.64, 0.56722, 0.256), (0.63749, 0.56471, 0.24345), (0.63749, 0.56973, 0.27608), (0.63498, 0.54714, 0.25098), (0.63498, 0.512, 0.18824), (0.63498, 0.512, 0.18824), (0.63749, 0.51451, 0.19075), (0.63749, 0.56973, 0.27608), (0.63749, 0.55718, 0.25851), (0.62996, 0.51451, 0.21333), (0.64, 0.5622, 0.25349), (0.62745, 0.512, 0.16816), (0.62996, 0.51953, 0.19075), (0.62745, 0.51953, 0.17318), (0.62745, 0.51953, 0.17318), (0.63247, 0.53459, 0.2058), (0.62745, 0.512, 0.16816), (0.63498, 0.53208, 0.24094), (0.63247, 0.52706, 0.22337), (0.62494, 0.52957, 0.22086), (0.62494, 0.52957, 0.22086), (0.63247, 0.52204, 0.21835), (0.63498, 0.53208, 0.24094), (0.63749, 0.57224, 0.26855), (0.63498, 0.5371, 0.23843), (0.63247, 0.54463, 0.24345), (0.63247, 0.54463, 0.24345), (0.63247, 0.54212, 0.23592), (0.63749, 0.57224, 0.26855), (0.63498, 0.53208, 0.24094), (0.63498, 0.53459, 0.22839), (0.63247, 0.52204, 0.20831), (0.63247, 0.52204, 0.20831), (0.63247, 0.50698, 0.20329), (0.63498, 0.53208, 0.24094), (0.62494, 0.50196, 0.1782), (0.62494, 0.49945, 0.17067), (0.63749, 0.52455, 0.21082), (0.62996, 0.50698, 0.18573), (0.61741, 0.49443, 0.17067), (0.64, 0.51702, 0.19576), (0.64, 0.51702, 0.19576), (0.61992, 0.48188, 0.16314), (0.62996, 0.50698, 0.18573), (0.62996, 0.54965, 0.24094), (0.63498, 0.55467, 0.25098), (0.64, 0.55467, 0.24596), (0.62996, 0.50949, 0.16816), (0.63247, 0.52204, 0.20831), (0.63247, 0.53459, 0.21082), (0.63247, 0.53459, 0.21082), (0.64, 0.56722, 0.26102), (0.62996, 0.50949, 0.16816), (0.62243, 0.50949, 0.19576), (0.63498, 0.51451, 0.19325), (0.63247, 0.54714, 0.23592), (0.63498, 0.54965, 0.24094), (0.62996, 0.512, 0.21584), (0.62996, 0.54212, 0.24094), (0.63247, 0.55216, 0.24345), (0.64, 0.57224, 0.26353), (0.63498, 0.53961, 0.22588), (0.63498, 0.53961, 0.22588), (0.64, 0.55216, 0.25098), (0.63247, 0.55216, 0.24345), (0.62745, 0.55216, 0.24094), (0.63247, 0.54714, 0.23592), (0.63749, 0.5622, 0.25098), (0.63498, 0.55467, 0.25098), (0.63749, 0.53961, 0.21584), (0.62996, 0.53961, 0.23843), (0.63749, 0.54965, 0.25851), (0.61992, 0.52706, 0.23341), (0.63247, 0.50949, 0.18573), (0.63498, 0.54463, 0.23592), (0.63247, 0.54714, 0.23843), (0.64, 0.56722, 0.27106), (0.64, 0.56722, 0.27106), (0.63498, 0.53961, 0.22588), (0.63498, 0.54463, 0.23592), (0.63749, 0.52455, 0.21082), (0.63498, 0.52455, 0.19576), (0.62494, 0.50196, 0.1782), (0.63749, 0.53961, 0.21082), (0.62996, 0.53459, 0.22588), (0.64, 0.54463, 0.2309), (0.64, 0.54463, 0.2309), (0.64, 0.54212, 0.21835), (0.63749, 0.53961, 0.21082), (0.62745, 0.52455, 0.20831), (0.64, 0.54463, 0.23592), (0.63247, 0.54463, 0.24847), (0.63247, 0.54463, 0.24847), (0.62996, 0.53961, 0.23843), (0.62745, 0.52455, 0.20831), (0.63247, 0.512, 0.20078), (0.62745, 0.53459, 0.24094), (0.62745, 0.53961, 0.24345), (0.62745, 0.53961, 0.24345), (0.64, 0.56722, 0.27106), (0.63247, 0.512, 0.20078), (0.62494, 0.52455, 0.21835), (0.62494, 0.51451, 0.21082), (0.63247, 0.52455, 0.20329), (0.63247, 0.52455, 0.20329), (0.62745, 0.50196, 0.16816), (0.62494, 0.52455, 0.21835), (0.63498, 0.51953, 0.21835), (0.63247, 0.53208, 0.22086), (0.62745, 0.50698, 0.19075), (0.63498, 0.53961, 0.2309), (0.63498, 0.53459, 0.22839), (0.64, 0.51953, 0.18322), (0.63749, 0.55216, 0.23592), (0.64, 0.56722, 0.27106), (0.62745, 0.51702, 0.21333), (0.62745, 0.51702, 0.21333), (0.63247, 0.52706, 0.22588), (0.63749, 0.55216, 0.23592), (0.63498, 0.52455, 0.21082), (0.63498, 0.53961, 0.2309), (0.62996, 0.52455, 0.22086), (0.62996, 0.52455, 0.22086), (0.62745, 0.52204, 0.22086), (0.63498, 0.52455, 0.21082), (0.62996, 0.49192, 0.17318), (0.62996, 0.49694, 0.17569), (0.63247, 0.52957, 0.21333), (0.62745, 0.52706, 0.22086), (0.63498, 0.53208, 0.22086), (0.62996, 0.52957, 0.22337), (0.63749, 0.55467, 0.26353), (0.63498, 0.55216, 0.26102), (0.62745, 0.53208, 0.21333), (0.63498, 0.52706, 0.2058), (0.62996, 0.512, 0.18573), (0.63498, 0.54714, 0.2309), (0.63247, 0.53459, 0.2058), (0.64, 0.53961, 0.24345), (0.63247, 0.52204, 0.19325), (0.63749, 0.56471, 0.24847), (0.63749, 0.55969, 0.24596), (0.62745, 0.51702, 0.20831), (0.62745, 0.51702, 0.20831), (0.63498, 0.52455, 0.22086), (0.63749, 0.56471, 0.24847), (0.62996, 0.52204, 0.19576), (0.63498, 0.52706, 0.2058), (0.63498, 0.51451, 0.17318), (0.63247, 0.53208, 0.20329), (0.64, 0.52957, 0.22588), (0.62996, 0.50949, 0.17318), (0.62745, 0.50698, 0.19075), (0.62745, 0.50196, 0.19325), (0.63498, 0.51953, 0.21835), (0.62494, 0.52204, 0.20078), (0.62494, 0.51702, 0.18824), (0.63247, 0.52455, 0.19827), (0.63247, 0.52455, 0.19827), (0.63498, 0.53961, 0.22588), (0.62494, 0.52204, 0.20078), (0.63498, 0.53459, 0.22839), (0.63498, 0.51702, 0.19075), (0.64, 0.56471, 0.25349), (0.64, 0.56471, 0.25349), (0.63247, 0.55969, 0.24345), (0.63498, 0.53459, 0.22839), (0.63247, 0.53459, 0.2309), (0.63749, 0.5371, 0.23341), (0.62996, 0.52957, 0.21835), (0.62996, 0.52957, 0.21835), (0.63247, 0.52204, 0.21333), (0.63247, 0.53459, 0.2309), (0.63247, 0.50698, 0.19325), (0.63498, 0.52706, 0.2058), (0.62494, 0.51451, 0.21082), (0.62494, 0.51451, 0.21082), (0.62745, 0.51702, 0.20329), (0.63247, 0.50698, 0.19325), (0.63247, 0.51953, 0.19576), (0.62745, 0.52455, 0.20831), (0.63749, 0.54212, 0.23341), (0.63749, 0.54212, 0.23341), (0.63247, 0.52204, 0.20831), (0.63247, 0.51953, 0.19576), (0.63247, 0.50949, 0.18573), (0.62745, 0.51451, 0.19075), (0.63749, 0.54965, 0.25851), (0.62996, 0.5371, 0.21082), (0.63498, 0.54463, 0.23843), (0.64, 0.5622, 0.25098), (0.63247, 0.52204, 0.20831), (0.63749, 0.56722, 0.23341), (0.63247, 0.56471, 0.24094), (0.63247, 0.56471, 0.24094), (0.63498, 0.53961, 0.2309), (0.63247, 0.52204, 0.20831), (0.62996, 0.52957, 0.22337), (0.63498, 0.54965, 0.23843), (0.63749, 0.54212, 0.23341), (0.63749, 0.54212, 0.23341), (0.62494, 0.53459, 0.22839), (0.62996, 0.52957, 0.22337), (0.63247, 0.55969, 0.25851), (0.64, 0.5622, 0.25098), (0.63498, 0.54463, 0.23843), (0.63498, 0.54463, 0.23843), (0.63749, 0.56722, 0.25851), (0.63247, 0.55969, 0.25851), (0.63749, 0.55718, 0.25851), (0.64, 0.55718, 0.26604), (0.63498, 0.54212, 0.24847), (0.63498, 0.54212, 0.24847), (0.63498, 0.55467, 0.256), (0.63749, 0.55718, 0.25851), (0.63498, 0.54965, 0.21584), (0.63247, 0.53208, 0.22588), (0.63749, 0.5622, 0.25098), (0.63749, 0.5622, 0.25098), (0.64, 0.55467, 0.23843), (0.63498, 0.54965, 0.21584), (0.63749, 0.5371, 0.2309), (0.63498, 0.53459, 0.22839), (0.62745, 0.53961, 0.23843), (0.62745, 0.53961, 0.23843), (0.62996, 0.53961, 0.23341), (0.63749, 0.5371, 0.2309), (0.63247, 0.53208, 0.22588), (0.62996, 0.54463, 0.23341), (0.62996, 0.53208, 0.20329), (0.62996, 0.53208, 0.20329), (0.63247, 0.5371, 0.21835), (0.63247, 0.53208, 0.22588), (0.63749, 0.55216, 0.24345), (0.64, 0.54463, 0.2309), (0.62996, 0.53459, 0.22588), (0.62996, 0.53459, 0.22588), (0.63749, 0.53208, 0.22839), (0.63749, 0.55216, 0.24345), (0.63247, 0.56471, 0.24094), (0.63749, 0.56722, 0.23341), (0.63498, 0.56471, 0.24847), (0.63498, 0.56471, 0.24847), (0.64, 0.57725, 0.27859), (0.63247, 0.56471, 0.24094), (0.64, 0.57224, 0.27859), (0.62996, 0.54965, 0.24094), (0.64, 0.57224, 0.26353), (0.64, 0.57224, 0.26353), (0.62745, 0.55216, 0.24094), (0.64, 0.57224, 0.27859), (0.64, 0.57725, 0.26855), (0.62243, 0.53208, 0.22337), (0.63498, 0.55969, 0.25349), (0.63498, 0.55969, 0.25349), (0.63247, 0.53459, 0.21584), (0.64, 0.57725, 0.26855), (0.62996, 0.49945, 0.19325), (0.64, 0.52706, 0.2309), (0.62996, 0.53459, 0.22588), (0.62996, 0.53459, 0.22588), (0.63498, 0.55467, 0.25098), (0.62996, 0.49945, 0.19325), (0.63749, 0.57224, 0.26855), (0.63247, 0.54212, 0.23341), (0.64, 0.55969, 0.26102), (0.64, 0.55969, 0.26102), (0.63749, 0.5622, 0.256), (0.63749, 0.57224, 0.26855), (0.63749, 0.53961, 0.21082), (0.63749, 0.53459, 0.22337), (0.63749, 0.512, 0.19827), (0.63749, 0.512, 0.19827), (0.64, 0.54965, 0.22588), (0.63749, 0.53961, 0.21082), (0.62996, 0.52957, 0.22337), (0.62745, 0.512, 0.2058), (0.62745, 0.52706, 0.22086), (0.63247, 0.53208, 0.22839), (0.63498, 0.53459, 0.22839), (0.63749, 0.51451, 0.19325), (0.63749, 0.51451, 0.19325), (0.62996, 0.51702, 0.19325), (0.63247, 0.53208, 0.22839), (0.63749, 0.52455, 0.21082), (0.64, 0.55467, 0.25851), (0.63749, 0.5371, 0.2309), (0.63749, 0.5371, 0.2309), (0.62996, 0.52957, 0.22337), (0.63749, 0.52455, 0.21082), (0.62494, 0.51953, 0.1782), (0.62996, 0.51953, 0.19075), (0.62745, 0.512, 0.16816), (0.62745, 0.512, 0.16816), (0.62996, 0.52957, 0.22337), (0.62494, 0.51953, 0.1782), (0.63247, 0.55216, 0.24345), (0.63749, 0.53459, 0.22337), (0.63498, 0.53459, 0.22337), (0.63498, 0.54212, 0.21082), (0.63498, 0.55718, 0.24345), (0.62745, 0.53208, 0.21333), (0.63498, 0.55718, 0.24345), (0.63749, 0.54965, 0.24847), (0.63498, 0.53459, 0.22839), (0.63498, 0.53208, 0.22086), (0.63498, 0.52204, 0.20329), (0.63498, 0.54463, 0.23843), (0.63498, 0.54463, 0.23843), (0.63749, 0.54714, 0.24094), (0.63498, 0.53208, 0.22086), (0.64, 0.55718, 0.24847), (0.64, 0.55718, 0.24596), (0.64, 0.57475, 0.27106), (0.64, 0.55718, 0.24596), (0.63247, 0.56973, 0.25349), (0.64, 0.5622, 0.24345), (0.63247, 0.55969, 0.24345), (0.63749, 0.56471, 0.24345), (0.64, 0.56973, 0.256), (0.63247, 0.54714, 0.23592), (0.63247, 0.55718, 0.25098), (0.64, 0.56471, 0.25851), (0.63498, 0.56722, 0.28361), (0.63749, 0.5622, 0.26102), (0.63498, 0.54965, 0.23843), (0.63247, 0.52957, 0.21333), (0.64, 0.55216, 0.25098), (0.62996, 0.49192, 0.17318), (0.62494, 0.512, 0.19827), (0.63498, 0.52957, 0.22588), (0.63498, 0.52706, 0.2058), (0.63498, 0.52706, 0.2058), (0.62745, 0.50196, 0.19325), (0.62494, 0.512, 0.19827), (0.63247, 0.50196, 0.16314), (0.63247, 0.50949, 0.18573), (0.61992, 0.52706, 0.23341), (0.63749, 0.55467, 0.26353), (0.63247, 0.55467, 0.26102), (0.62996, 0.51953, 0.19075), (0.62494, 0.512, 0.18824), (0.63498, 0.55718, 0.26353), (0.63498, 0.52204, 0.20329), (0.62745, 0.53208, 0.21333), (0.62243, 0.49443, 0.17569), (0.63498, 0.54212, 0.21082), (0.63498, 0.53459, 0.22337), (0.62745, 0.52455, 0.20329), (0.63247, 0.52957, 0.21835), (0.62996, 0.54965, 0.24094), (0.64, 0.57224, 0.27859), (0.62996, 0.54965, 0.24094), (0.62996, 0.54965, 0.24094), (0.64, 0.55467, 0.24596), (0.62996, 0.54965, 0.24094), (0.64, 0.56973, 0.27357), (0.62745, 0.5371, 0.22839), (0.63247, 0.53208, 0.19576), (0.63247, 0.53208, 0.19576), (0.63498, 0.55467, 0.25098), (0.64, 0.56973, 0.27357), (0.62745, 0.52204, 0.21835), (0.62494, 0.54463, 0.24094), (0.63247, 0.51953, 0.22588), (0.63247, 0.51953, 0.22588), (0.62243, 0.51953, 0.22337), (0.62745, 0.52204, 0.21835), (0.63498, 0.54965, 0.23843), (0.63749, 0.54965, 0.23341), (0.63498, 0.56722, 0.28361), (0.62996, 0.49694, 0.17067), (0.63247, 0.49443, 0.17569), (0.62494, 0.54463, 0.23592), (0.62494, 0.54463, 0.23592), (0.63498, 0.53459, 0.22839), (0.62996, 0.49694, 0.17067), (0.62996, 0.51702, 0.19827), (0.62745, 0.49192, 0.17569), (0.63749, 0.5371, 0.2058), (0.63749, 0.5371, 0.2058), (0.63498, 0.52706, 0.19827), (0.62996, 0.51702, 0.19827), (0.62745, 0.53459, 0.24094), (0.63749, 0.55969, 0.26604), (0.64, 0.54965, 0.24847), (0.64, 0.54965, 0.24847), (0.62745, 0.53961, 0.24345), (0.62745, 0.53459, 0.24094), (0.63247, 0.53961, 0.21333), (0.62996, 0.52957, 0.19827), (0.63749, 0.55216, 0.24094), (0.63247, 0.52957, 0.21835), (0.63247, 0.55216, 0.24345), (0.63498, 0.53459, 0.22337), (0.63749, 0.53961, 0.21082), (0.62996, 0.50949, 0.17318), (0.64, 0.51953, 0.18322), (0.64, 0.51953, 0.18322), (0.64, 0.54965, 0.22337), (0.63749, 0.53961, 0.21082), (0.62745, 0.5371, 0.22839), (0.63498, 0.53961, 0.2309), (0.62745, 0.52706, 0.19576), (0.63749, 0.53459, 0.21333), (0.64, 0.53961, 0.23341), (0.64, 0.53208, 0.20329), (0.63498, 0.52706, 0.19827), (0.63749, 0.54212, 0.22839), (0.63247, 0.54714, 0.23843), (0.62745, 0.52706, 0.21584), (0.63749, 0.52706, 0.21835), (0.63498, 0.52204, 0.20831), (0.63498, 0.53459, 0.2309), (0.64, 0.55216, 0.256), (0.62745, 0.52455, 0.22839), (0.64, 0.55969, 0.26102), (0.63749, 0.5622, 0.2811), (0.63498, 0.55969, 0.24847), (0.62996, 0.49694, 0.17569), (0.62745, 0.512, 0.2058), (0.62996, 0.50698, 0.20831), (0.62996, 0.50698, 0.20831), (0.62996, 0.49694, 0.17067), (0.62996, 0.49694, 0.17569), (0.63498, 0.53459, 0.22839), (0.63498, 0.53459, 0.22839), (0.63498, 0.55718, 0.24345), (0.64, 0.5622, 0.26855), (0.64, 0.55216, 0.26102), (0.63247, 0.54463, 0.24345), (0.63247, 0.53459, 0.2309), (0.63498, 0.53961, 0.2309), (0.62745, 0.50447, 0.18322), (0.63247, 0.50949, 0.18071), (0.63498, 0.54463, 0.23843), (0.62745, 0.51953, 0.19075), (0.63498, 0.54463, 0.23592), (0.63749, 0.54965, 0.22839), (0.63749, 0.54212, 0.22839), (0.63749, 0.54212, 0.22839), (0.63749, 0.55216, 0.24345), (0.63498, 0.54463, 0.23592), (0.62745, 0.53961, 0.22337), (0.62996, 0.52957, 0.22337), (0.62494, 0.53459, 0.22839), (0.62494, 0.53459, 0.22839), (0.62996, 0.54463, 0.22839), (0.62745, 0.53961, 0.22337), (0.62996, 0.5371, 0.24345), (0.63749, 0.55467, 0.26353), (0.63247, 0.55216, 0.24345), (0.63247, 0.55216, 0.24345), (0.64, 0.55969, 0.27106), (0.62996, 0.5371, 0.24345), (0.63498, 0.52706, 0.2058), (0.62494, 0.5371, 0.23592), (0.63247, 0.53208, 0.22588), (0.63247, 0.53208, 0.22588), (0.62494, 0.52204, 0.2058), (0.63498, 0.52706, 0.2058), (0.63247, 0.54212, 0.23592), (0.62745, 0.52706, 0.22086), (0.62996, 0.50698, 0.18322), (0.62996, 0.50698, 0.18322), (0.62494, 0.51702, 0.19576), (0.63247, 0.54212, 0.23592), (0.64, 0.56471, 0.25851), (0.64, 0.55718, 0.24847), (0.63247, 0.54714, 0.23592), (0.63749, 0.55216, 0.24094), (0.63749, 0.5622, 0.256), (0.63247, 0.53961, 0.21333), (0.62996, 0.52957, 0.19827), (0.63247, 0.53961, 0.21333), (0.63498, 0.53208, 0.21584), (0.63498, 0.53208, 0.21584), (0.63247, 0.52204, 0.20831), (0.62996, 0.52957, 0.19827), (0.63498, 0.53459, 0.22839), (0.63749, 0.55216, 0.24345), (0.62494, 0.50196, 0.1782), (0.62494, 0.50196, 0.1782), (0.62996, 0.50698, 0.18322), (0.63498, 0.53459, 0.22839), (0.62494, 0.49694, 0.17569), (0.62745, 0.53208, 0.21333), (0.63749, 0.54965, 0.23341), (0.63749, 0.54965, 0.23341), (0.63247, 0.52957, 0.23341), (0.62494, 0.49694, 0.17569), (0.62745, 0.52706, 0.19576), (0.63498, 0.53208, 0.22086), (0.62745, 0.52706, 0.21584), (0.62745, 0.52706, 0.21584), (0.64, 0.56973, 0.26855), (0.62745, 0.52706, 0.19576), (0.63749, 0.51702, 0.2058), (0.62996, 0.51702, 0.19827), (0.63498, 0.52706, 0.19827), (0.63498, 0.52706, 0.19827), (0.63247, 0.55467, 0.24094), (0.63749, 0.51702, 0.2058), (0.63749, 0.55216, 0.24094), (0.64, 0.54965, 0.24345), (0.62996, 0.53459, 0.22588), (0.62996, 0.53459, 0.22588), (0.63749, 0.55216, 0.24094), (0.63749, 0.55216, 0.24094), (0.62996, 0.51953, 0.21584), (0.63247, 0.53208, 0.22588), (0.62243, 0.49945, 0.17569), (0.62243, 0.49945, 0.17569), (0.62996, 0.50949, 0.18824), (0.62996, 0.51953, 0.21584), (0.64, 0.56722, 0.26604), (0.62996, 0.54965, 0.24094), (0.63749, 0.5371, 0.2309), (0.63749, 0.5371, 0.2309), (0.64, 0.5371, 0.23592), (0.64, 0.56722, 0.26604), (0.63498, 0.55969, 0.25349), (0.63498, 0.54714, 0.2309), (0.62996, 0.512, 0.18573), (0.62996, 0.512, 0.18573), (0.63247, 0.50447, 0.18322), (0.63498, 0.55969, 0.25349), (0.63247, 0.50196, 0.19576), (0.6149, 0.49443, 0.1782), (0.62243, 0.49945, 0.17569), (0.62243, 0.49945, 0.17569), (0.63498, 0.51953, 0.21333), (0.63247, 0.50196, 0.19576), (0.63749, 0.5622, 0.25098), (0.63749, 0.55216, 0.24094), (0.64, 0.54714, 0.22086), (0.64, 0.54714, 0.22086), (0.64, 0.54212, 0.21333), (0.63749, 0.5622, 0.25098), (0.62745, 0.54965, 0.25851), (0.63498, 0.54212, 0.24847), (0.63749, 0.55467, 0.26353), (0.63247, 0.54965, 0.21584), (0.64, 0.54463, 0.24596), (0.62745, 0.512, 0.21082), (0.63749, 0.55718, 0.25851), (0.63498, 0.56722, 0.27859), (0.63247, 0.56722, 0.26353), (0.63247, 0.56722, 0.26353), (0.63498, 0.53961, 0.2309), (0.63749, 0.55718, 0.25851), (0.63749, 0.53961, 0.21082), (0.63749, 0.54212, 0.23341), (0.62745, 0.52455, 0.20831), (0.62745, 0.52455, 0.20831), (0.63247, 0.54463, 0.22337), (0.63749, 0.53961, 0.21082), (0.62494, 0.51451, 0.21082), (0.62494, 0.51953, 0.21584), (0.63247, 0.512, 0.20078), (0.63247, 0.512, 0.20078), (0.62996, 0.50196, 0.2058), (0.62494, 0.51451, 0.21082), (0.61992, 0.52706, 0.23341), (0.63749, 0.54714, 0.26102), (0.63247, 0.50196, 0.16314), (0.63749, 0.55216, 0.24094), (0.63247, 0.54463, 0.21835), (0.62745, 0.55969, 0.27106), (0.62745, 0.55969, 0.27106), (0.62745, 0.52455, 0.22839), (0.63749, 0.55216, 0.24094), (0.62996, 0.54212, 0.22086), (0.63498, 0.54212, 0.21082), (0.63749, 0.54965, 0.23341), (0.63749, 0.54965, 0.23341), (0.63498, 0.54965, 0.23843), (0.62996, 0.54212, 0.22086), (0.64, 0.54965, 0.24345), (0.63247, 0.53459, 0.2058), (0.63247, 0.52204, 0.19325), (0.63247, 0.52204, 0.19325), (0.63247, 0.52204, 0.19325), (0.64, 0.54965, 0.24345), (0.63749, 0.55467, 0.26353), (0.63749, 0.53961, 0.21584), (0.62745, 0.54965, 0.25851), (0.63247, 0.51953, 0.2058), (0.63749, 0.55216, 0.24345), (0.63247, 0.52706, 0.22337), (0.63749, 0.53208, 0.2309), (0.64, 0.53961, 0.23592), (0.63247, 0.52706, 0.22337), (0.63749, 0.5622, 0.25098), (0.62996, 0.52957, 0.22337), (0.63749, 0.54965, 0.24847), (0.63247, 0.50698, 0.20329), (0.62996, 0.49945, 0.19325), (0.63498, 0.55467, 0.25098), (0.63498, 0.55467, 0.25098), (0.63749, 0.54965, 0.24847), (0.63247, 0.50698, 0.20329), (0.62996, 0.53459, 0.22086), (0.64, 0.56722, 0.27106), (0.64, 0.54714, 0.23341), (0.64, 0.54714, 0.23341), (0.63749, 0.55718, 0.25851), (0.62996, 0.53459, 0.22086), (0.63247, 0.52957, 0.21835), (0.64, 0.57976, 0.28361), (0.63498, 0.54965, 0.23843), (0.63247, 0.53208, 0.22588), (0.62494, 0.51451, 0.21082), (0.63498, 0.52706, 0.2058), (0.64, 0.53961, 0.22839), (0.64, 0.57475, 0.27106), (0.63247, 0.54463, 0.22337), (0.63247, 0.54463, 0.22337), (0.62745, 0.52455, 0.20831), (0.64, 0.53961, 0.22839), (0.62494, 0.52957, 0.21584), (0.62996, 0.52455, 0.18322), (0.63247, 0.54212, 0.19576), (0.63247, 0.54212, 0.19576), (0.64, 0.54714, 0.22086), (0.62494, 0.52957, 0.21584), (0.63247, 0.53208, 0.22588), (0.63498, 0.54965, 0.21584), (0.62494, 0.51451, 0.21082), (0.63247, 0.50698, 0.19325), (0.62745, 0.51702, 0.20329), (0.63247, 0.51451, 0.18824), (0.63498, 0.54965, 0.23843), (0.62745, 0.53961, 0.22337), (0.63247, 0.52957, 0.21835), (0.63498, 0.57224, 0.25349), (0.63749, 0.53961, 0.21082), (0.63247, 0.54463, 0.22337), (0.64, 0.55969, 0.256), (0.62745, 0.53961, 0.22337), (0.62996, 0.54463, 0.22839), (0.62996, 0.54463, 0.22839), (0.64, 0.56722, 0.27106), (0.64, 0.55969, 0.256), (0.63247, 0.49443, 0.17067), (0.62996, 0.49192, 0.17318), (0.64, 0.55216, 0.25098), (0.64, 0.55216, 0.25098), (0.63247, 0.54714, 0.23843), (0.63247, 0.49443, 0.17067), (0.64, 0.54714, 0.24847), (0.63749, 0.55216, 0.24094), (0.62996, 0.54965, 0.24596), (0.62996, 0.54965, 0.24596), (0.63749, 0.54212, 0.23341), (0.64, 0.54714, 0.24847), (0.63498, 0.52706, 0.2058), (0.62494, 0.52204, 0.2058), (0.63247, 0.53208, 0.22588), (0.62494, 0.49694, 0.17569), (0.62996, 0.50196, 0.2058), (0.62494, 0.49945, 0.19075), (0.62494, 0.49945, 0.19075), (0.63498, 0.512, 0.19075), (0.62494, 0.49694, 0.17569), (0.63247, 0.51702, 0.21082), (0.62494, 0.49694, 0.17569), (0.62996, 0.52957, 0.21835), (0.62996, 0.52957, 0.21835), (0.63247, 0.52957, 0.21333), (0.63247, 0.51702, 0.21082), (0.62745, 0.512, 0.2058), (0.62996, 0.52957, 0.22337), (0.63749, 0.5371, 0.2309), (0.63749, 0.5371, 0.2309), (0.62494, 0.51451, 0.2058), (0.62745, 0.512, 0.2058), (0.62745, 0.512, 0.21082), (0.64, 0.56471, 0.23843), (0.63247, 0.54965, 0.21584), (0.63247, 0.54463, 0.22337), (0.64, 0.5622, 0.24345), (0.63498, 0.57224, 0.25349), (0.63247, 0.53961, 0.21333), (0.62996, 0.54965, 0.24094), (0.64, 0.55467, 0.24596), (0.62996, 0.49945, 0.19325), (0.63498, 0.51953, 0.21333), (0.62996, 0.50447, 0.19576), (0.62996, 0.50447, 0.19576), (0.64, 0.52706, 0.2309), (0.62996, 0.49945, 0.19325), (0.63247, 0.49443, 0.17067), (0.63749, 0.52455, 0.22588), (0.62996, 0.49192, 0.17318), (0.62494, 0.52204, 0.2058), (0.61992, 0.51451, 0.21333), (0.64, 0.52957, 0.2309), (0.63498, 0.50447, 0.19827), (0.63247, 0.50196, 0.19576), (0.63247, 0.50698, 0.20329), (0.6149, 0.49443, 0.1782), (0.63247, 0.50949, 0.18824), (0.63498, 0.51451, 0.19827), (0.62996, 0.50949, 0.18824), (0.63749, 0.52455, 0.20078), (0.63498, 0.51451, 0.19827), (0.63498, 0.53961, 0.2309), (0.63498, 0.52455, 0.21082), (0.63749, 0.51451, 0.21082), (0.63749, 0.51451, 0.21082), (0.63749, 0.50698, 0.20078), (0.63498, 0.53961, 0.2309), (0.63749, 0.56471, 0.24847), (0.62745, 0.55467, 0.23843), (0.63498, 0.51451, 0.19325), (0.63498, 0.51451, 0.19325), (0.63247, 0.54463, 0.24345), (0.63749, 0.56471, 0.24847), (0.63749, 0.54965, 0.24847), (0.63749, 0.55216, 0.24094), (0.63749, 0.5622, 0.25098), (0.63749, 0.5371, 0.23341), (0.64, 0.54463, 0.23592), (0.63498, 0.54965, 0.23843), (0.63247, 0.53208, 0.22588), (0.62745, 0.52957, 0.20078), (0.63247, 0.50949, 0.18824), (0.64, 0.55467, 0.24596), (0.63498, 0.53208, 0.21584), (0.63247, 0.53961, 0.21333), (0.64, 0.53961, 0.21082), (0.63247, 0.5371, 0.22839), (0.62494, 0.52455, 0.21333), (0.63247, 0.55969, 0.25851), (0.62996, 0.55467, 0.24847), (0.63247, 0.55718, 0.24596), (0.63247, 0.55718, 0.24596), (0.60988, 0.49192, 0.16565), (0.63247, 0.55969, 0.25851), (0.62996, 0.53961, 0.2309), (0.62494, 0.49694, 0.17569), (0.64, 0.53961, 0.23592), (0.63247, 0.5371, 0.22337), (0.63749, 0.56471, 0.24345), (0.63498, 0.54212, 0.21082), (0.63498, 0.54212, 0.21082), (0.62996, 0.54212, 0.22086), (0.63247, 0.5371, 0.22337), (0.62996, 0.50698, 0.20831), (0.63749, 0.51451, 0.21584), (0.62996, 0.49694, 0.17067), (0.63247, 0.54212, 0.24094), (0.63247, 0.51451, 0.18322), (0.63498, 0.52455, 0.19576), (0.64, 0.55969, 0.256), (0.62494, 0.51953, 0.1782), (0.62745, 0.53961, 0.22337), (0.62494, 0.52957, 0.21584), (0.64, 0.54714, 0.22086), (0.63247, 0.53208, 0.20329), (0.63247, 0.5371, 0.22337), (0.62996, 0.54212, 0.22086), (0.62745, 0.51953, 0.17318), (0.63498, 0.56722, 0.27859), (0.64, 0.55467, 0.24345), (0.63498, 0.55718, 0.24345), (0.63498, 0.55718, 0.24345), (0.63749, 0.55969, 0.24596), (0.63498, 0.56722, 0.27859), (0.62745, 0.53459, 0.20831), (0.63749, 0.5622, 0.26102), (0.62745, 0.52957, 0.20078), (0.63247, 0.5371, 0.20329), (0.63749, 0.56722, 0.25851), (0.63749, 0.57224, 0.26855), (0.63749, 0.57224, 0.26855), (0.62494, 0.50196, 0.1782), (0.63247, 0.5371, 0.20329), (0.63749, 0.52957, 0.20831), (0.63498, 0.54463, 0.23592), (0.63749, 0.52455, 0.21082), (0.64, 0.52957, 0.2309), (0.63749, 0.54965, 0.22839), (0.62494, 0.52204, 0.2058), (0.63498, 0.51451, 0.20329), (0.62494, 0.51702, 0.19576), (0.63247, 0.53208, 0.22588), (0.63247, 0.53208, 0.22588), (0.63498, 0.52455, 0.22086), (0.63498, 0.51451, 0.20329), (0.63749, 0.5622, 0.26102), (0.63749, 0.55216, 0.24094), (0.64, 0.54714, 0.24847), (0.62243, 0.50949, 0.19576), (0.63247, 0.52204, 0.20831), (0.64, 0.53961, 0.23592), (0.64, 0.53961, 0.23592), (0.64, 0.54212, 0.22337), (0.62243, 0.50949, 0.19576), (0.62494, 0.50196, 0.1782), (0.63749, 0.57224, 0.26855), (0.63749, 0.5622, 0.256), (0.63247, 0.55467, 0.24094), (0.63247, 0.54965, 0.21584), (0.63498, 0.54463, 0.23592), (0.62996, 0.51953, 0.21584), (0.62996, 0.50949, 0.18824), (0.63247, 0.51451, 0.21835), (0.62996, 0.50447, 0.19576), (0.63749, 0.50949, 0.19576), (0.64, 0.52706, 0.2309), (0.63498, 0.51702, 0.19075), (0.63247, 0.51451, 0.21835), (0.64, 0.51702, 0.19325), (0.63749, 0.54212, 0.22839), (0.63498, 0.52455, 0.21082), (0.63498, 0.57224, 0.27608), (0.63498, 0.57224, 0.27608), (0.63247, 0.54463, 0.21835), (0.63749, 0.54212, 0.22839), (0.62996, 0.50196, 0.18322), (0.64, 0.52204, 0.21082), (0.63749, 0.52455, 0.21082), (0.63749, 0.512, 0.19827), (0.62745, 0.50196, 0.19325), (0.64, 0.54965, 0.22588), (0.62996, 0.53208, 0.23341), (0.62996, 0.50949, 0.18824), (0.63498, 0.51953, 0.21835), (0.63498, 0.51953, 0.21835), (0.64, 0.5371, 0.24094), (0.62996, 0.53208, 0.23341), (0.64, 0.55718, 0.24847), (0.64, 0.54714, 0.23843), (0.62745, 0.53961, 0.21333), (0.62745, 0.52706, 0.19576), (0.62996, 0.54212, 0.22588), (0.63749, 0.55216, 0.23592), (0.63749, 0.55216, 0.23592), (0.62745, 0.52957, 0.2058), (0.62745, 0.52706, 0.19576), (0.63498, 0.52455, 0.21082), (0.62494, 0.52957, 0.21082), (0.63749, 0.54965, 0.24847), (0.63749, 0.54965, 0.24847), (0.64, 0.54965, 0.24094), (0.63498, 0.52455, 0.21082), (0.63498, 0.54463, 0.23592), (0.63498, 0.54463, 0.23592), (0.63247, 0.55467, 0.24094), (0.63498, 0.55467, 0.256), (0.63498, 0.54212, 0.24847), (0.62996, 0.54714, 0.256), (0.62996, 0.54714, 0.256), (0.63749, 0.5371, 0.23341), (0.63498, 0.55467, 0.256), (0.62996, 0.52204, 0.19576), (0.63498, 0.53459, 0.22337), (0.63498, 0.53208, 0.21082), (0.63498, 0.54714, 0.25098), (0.62996, 0.53459, 0.21584), (0.62996, 0.49443, 0.15812), (0.62996, 0.49443, 0.15812), (0.62745, 0.51451, 0.19075), (0.63498, 0.54714, 0.25098), (0.63749, 0.55216, 0.24345), (0.62996, 0.54212, 0.24094), (0.63498, 0.54463, 0.23592), (0.63749, 0.52455, 0.21082), (0.63498, 0.54463, 0.23592), (0.62996, 0.50196, 0.18322), (0.62494, 0.52455, 0.21333), (0.62745, 0.52957, 0.20078), (0.64, 0.53961, 0.21082), (0.63498, 0.54714, 0.24596), (0.63498, 0.53459, 0.22839), (0.63749, 0.54965, 0.24847), (0.63498, 0.55718, 0.24345), (0.63247, 0.55467, 0.24094), (0.63749, 0.54965, 0.24847), (0.62996, 0.512, 0.16565), (0.63498, 0.51451, 0.17318), (0.63498, 0.512, 0.18322), (0.63749, 0.51953, 0.19325), (0.63247, 0.53208, 0.20329), (0.63247, 0.51451, 0.18824), (0.62494, 0.49694, 0.1782), (0.62494, 0.512, 0.19325), (0.62243, 0.4869, 0.15059), (0.62745, 0.50447, 0.17569), (0.62243, 0.49945, 0.17569), (0.63247, 0.53208, 0.22588), (0.63247, 0.53208, 0.22588), (0.62996, 0.51953, 0.21584), (0.62745, 0.50447, 0.17569), (0.62996, 0.50698, 0.18573), (0.62996, 0.51702, 0.19325), (0.63498, 0.51953, 0.21835), (0.63498, 0.52957, 0.22588), (0.63247, 0.50949, 0.18824), (0.62996, 0.50196, 0.18322), (0.62996, 0.50949, 0.18824), (0.64, 0.54714, 0.24847), (0.63498, 0.51953, 0.21835), (0.63247, 0.51702, 0.21082), (0.62494, 0.51451, 0.21082), (0.63247, 0.51702, 0.21082), (0.62494, 0.51953, 0.21584), (0.63247, 0.51702, 0.21082), (0.63247, 0.50447, 0.20831), (0.63498, 0.512, 0.20831), (0.62745, 0.512, 0.21082), (0.63247, 0.50447, 0.20831), (0.63498, 0.5371, 0.23341), (0.63498, 0.5371, 0.23843), (0.63247, 0.54463, 0.24847), (0.63247, 0.54463, 0.24847), (0.63247, 0.54212, 0.23592), (0.63498, 0.5371, 0.23341), (0.63247, 0.512, 0.19576), (0.62996, 0.51451, 0.21333), (0.63749, 0.55718, 0.25851), (0.63498, 0.54965, 0.24094), (0.63498, 0.53208, 0.23592), (0.62996, 0.52957, 0.22337), (0.62996, 0.52957, 0.22337), (0.62745, 0.512, 0.16816), (0.63498, 0.50949, 0.18071), (0.63498, 0.50949, 0.18071), (0.63749, 0.5371, 0.23341), (0.62996, 0.52957, 0.22337), (0.64, 0.5371, 0.22086), (0.63498, 0.54463, 0.23592), (0.62243, 0.5371, 0.22588), (0.62243, 0.5371, 0.22588), (0.63749, 0.5622, 0.26102), (0.64, 0.5371, 0.22086), (0.63247, 0.53208, 0.22588), (0.63498, 0.51451, 0.19827), (0.63749, 0.52455, 0.20078), (0.63749, 0.52455, 0.20078), (0.62243, 0.49945, 0.17569), (0.63247, 0.53208, 0.22588), (0.62996, 0.50196, 0.18322), (0.62745, 0.52706, 0.22086), (0.63498, 0.52957, 0.22588), (0.63749, 0.5622, 0.256), (0.62996, 0.49694, 0.16565), (0.62494, 0.50196, 0.1782), (0.63247, 0.52706, 0.22337), (0.62745, 0.52706, 0.21584), (0.63749, 0.55718, 0.25851), (0.63749, 0.55718, 0.25851), (0.63498, 0.55467, 0.256), (0.63247, 0.52706, 0.22337), (0.62745, 0.52455, 0.22839), (0.64, 0.55216, 0.256), (0.64, 0.54714, 0.25349), (0.64, 0.54714, 0.25349), (0.62996, 0.52957, 0.22337), (0.62745, 0.52455, 0.22839), (0.62996, 0.53961, 0.23341), (0.63247, 0.53459, 0.23592), (0.63498, 0.52706, 0.2058), (0.63498, 0.52706, 0.2058), (0.63498, 0.52455, 0.21082), (0.62996, 0.53961, 0.23341), (0.62996, 0.52957, 0.22337), (0.63247, 0.54212, 0.23592), (0.63498, 0.54965, 0.24094), (0.63749, 0.55467, 0.26353), (0.62996, 0.5371, 0.24345), (0.63749, 0.54965, 0.24847), (0.62996, 0.49694, 0.16565), (0.63749, 0.5622, 0.256), (0.63749, 0.54965, 0.24847), (0.63749, 0.54965, 0.24847), (0.61741, 0.49694, 0.15561), (0.62996, 0.49694, 0.16565), (0.64, 0.54714, 0.23341), (0.63247, 0.55718, 0.24596), (0.63749, 0.5622, 0.25098), (0.63749, 0.5622, 0.25098), (0.64, 0.55467, 0.24345), (0.64, 0.54714, 0.23341), (0.63749, 0.53208, 0.22839), (0.62494, 0.50196, 0.1782), (0.62996, 0.49694, 0.16565), (0.62996, 0.49694, 0.16565), (0.63498, 0.53208, 0.22086), (0.63749, 0.53208, 0.22839), (0.64, 0.54212, 0.23843), (0.62996, 0.53208, 0.21333), (0.62494, 0.50949, 0.20831), (0.6149, 0.50196, 0.20329), (0.64, 0.54212, 0.2309), (0.62494, 0.51953, 0.21584), (0.62494, 0.51953, 0.21584), (0.62494, 0.51451, 0.21082), (0.6149, 0.50196, 0.20329), (0.64, 0.51702, 0.19325), (0.63247, 0.51451, 0.21835), (0.64, 0.53961, 0.24345), (0.64, 0.53961, 0.24345), (0.63247, 0.54463, 0.24847), (0.64, 0.51702, 0.19325), (0.62745, 0.53961, 0.21333), (0.62745, 0.53961, 0.21333), (0.64, 0.55718, 0.24847), (0.63749, 0.54212, 0.23341), (0.63498, 0.57224, 0.27357), (0.63749, 0.56722, 0.23341), (0.63749, 0.56722, 0.23341), (0.63247, 0.52204, 0.20831), (0.63749, 0.54212, 0.23341), (0.63749, 0.54965, 0.24847), (0.63749, 0.53961, 0.21584), (0.63749, 0.55467, 0.26353), (0.63749, 0.55969, 0.24094), (0.64, 0.57475, 0.27106), (0.63749, 0.55969, 0.24596), (0.63749, 0.55969, 0.24596), (0.63247, 0.55718, 0.2309), (0.63749, 0.55969, 0.24094), (0.63498, 0.52957, 0.22588), (0.63247, 0.54463, 0.24345), (0.63498, 0.55467, 0.25098), (0.63498, 0.55467, 0.25098), (0.62996, 0.50949, 0.18824), (0.63498, 0.52957, 0.22588), (0.62996, 0.53208, 0.23341), (0.63247, 0.52706, 0.22337), (0.63749, 0.52204, 0.21584), (0.62996, 0.53208, 0.23341), (0.64, 0.5371, 0.24094), (0.62996, 0.51702, 0.19827), (0.62996, 0.52455, 0.22086), (0.63498, 0.53459, 0.2309), (0.62996, 0.54212, 0.24094), (0.62996, 0.54212, 0.24094), (0.63498, 0.53961, 0.2309), (0.62996, 0.52455, 0.22086), (0.63498, 0.51953, 0.21835), (0.63498, 0.512, 0.20831), (0.62996, 0.50698, 0.18573), (0.63247, 0.50698, 0.20329), (0.62243, 0.50949, 0.19576), (0.63247, 0.51953, 0.19576), (0.63247, 0.51953, 0.19576), (0.63498, 0.53459, 0.22337), (0.63247, 0.50698, 0.20329), (0.62996, 0.51702, 0.20329), (0.64, 0.54965, 0.23592), (0.63247, 0.51953, 0.19576), (0.63247, 0.51953, 0.19576), (0.63247, 0.52204, 0.21333), (0.62996, 0.51702, 0.20329), (0.63749, 0.5622, 0.25098), (0.64, 0.55718, 0.256), (0.63498, 0.52957, 0.22588), (0.63498, 0.52957, 0.22588), (0.62243, 0.52455, 0.22086), (0.63749, 0.5622, 0.25098), (0.64, 0.51702, 0.20831), (0.62494, 0.512, 0.19827), (0.63247, 0.52706, 0.22337), (0.63247, 0.55216, 0.24345), (0.63498, 0.55969, 0.24847), (0.63247, 0.56722, 0.26353), (0.62494, 0.512, 0.19325), (0.63498, 0.51451, 0.19325), (0.62745, 0.55467, 0.23843), (0.64, 0.55467, 0.24345), (0.63749, 0.5622, 0.25098), (0.63749, 0.55969, 0.26604), (0.63749, 0.55969, 0.26604), (0.63498, 0.55718, 0.24345), (0.64, 0.55467, 0.24345), (0.64, 0.54965, 0.23592), (0.63247, 0.51953, 0.19576), (0.63498, 0.52455, 0.19576), (0.63498, 0.52455, 0.19576), (0.62996, 0.5371, 0.21082), (0.64, 0.54965, 0.23592), (0.62243, 0.4869, 0.15059), (0.63247, 0.49945, 0.1782), (0.62494, 0.49694, 0.1782), (0.63247, 0.54714, 0.2309), (0.63247, 0.55467, 0.24094), (0.63498, 0.5622, 0.24094), (0.62996, 0.55969, 0.25098), (0.63498, 0.54714, 0.2309), (0.63498, 0.5371, 0.23341), (0.63498, 0.52455, 0.22086), (0.63498, 0.512, 0.18824), (0.62996, 0.512, 0.18573), (0.62996, 0.512, 0.18573), (0.63749, 0.52957, 0.20329), (0.63498, 0.52455, 0.22086), (0.63498, 0.55467, 0.24596), (0.63247, 0.53459, 0.2058), (0.64, 0.54965, 0.24345), (0.64, 0.55216, 0.23592), (0.62745, 0.52957, 0.2058), (0.63247, 0.52706, 0.19075), (0.63247, 0.52706, 0.19075), (0.63498, 0.53208, 0.21082), (0.64, 0.55216, 0.23592), (0.62745, 0.52455, 0.20329), (0.62243, 0.4869, 0.15059), (0.63247, 0.52957, 0.21835), (0.63247, 0.56722, 0.26353), (0.62494, 0.53459, 0.22588), (0.63247, 0.55216, 0.24345), (0.62243, 0.54212, 0.23843), (0.63498, 0.53208, 0.21082), (0.62745, 0.51953, 0.19075), (0.64, 0.53208, 0.22337), (0.63247, 0.53459, 0.21082), (0.63498, 0.50698, 0.21082), (0.63498, 0.50698, 0.21082), (0.62745, 0.51702, 0.21333), (0.64, 0.53208, 0.22337), (0.62745, 0.53459, 0.20831), (0.63247, 0.53459, 0.2058), (0.63498, 0.54965, 0.23843), (0.62996, 0.52204, 0.20078), (0.64, 0.55718, 0.256), (0.63498, 0.54965, 0.21584), (0.63247, 0.50698, 0.20329), (0.63247, 0.53459, 0.2309), (0.63247, 0.52204, 0.21333), (0.63247, 0.52204, 0.21333), (0.63749, 0.54965, 0.24847), (0.63247, 0.50698, 0.20329), (0.62745, 0.50698, 0.19075), (0.63247, 0.53208, 0.22086), (0.63498, 0.53208, 0.22086), (0.62494, 0.50949, 0.20831), (0.62996, 0.50949, 0.19827), (0.64, 0.54212, 0.23843), (0.63498, 0.53208, 0.23592), (0.63498, 0.54965, 0.24094), (0.64, 0.55969, 0.26102), (0.64, 0.55969, 0.26102), (0.62745, 0.52706, 0.21584), (0.63498, 0.53208, 0.23592), (0.63247, 0.53208, 0.22588), (0.63498, 0.50949, 0.18071), (0.62745, 0.53459, 0.20831), (0.62745, 0.53459, 0.20831), (0.62745, 0.52957, 0.20078), (0.63247, 0.53208, 0.22588), (0.62243, 0.5371, 0.22588), (0.63749, 0.54965, 0.24847), (0.63247, 0.55467, 0.24094), (0.63247, 0.55467, 0.24094), (0.63749, 0.55216, 0.24094), (0.62243, 0.5371, 0.22588), (0.62745, 0.51953, 0.19075), (0.63498, 0.54463, 0.23843), (0.62243, 0.54212, 0.23843), (0.63498, 0.54212, 0.21584), (0.63498, 0.54212, 0.20831), (0.64, 0.54965, 0.24345), (0.64, 0.54965, 0.24345), (0.64, 0.54212, 0.23592), (0.63498, 0.54212, 0.21584), (0.63498, 0.54965, 0.21584), (0.62745, 0.52957, 0.20078), (0.62494, 0.52455, 0.21333), (0.64, 0.53961, 0.21082), (0.63749, 0.50196, 0.16314), (0.63247, 0.5371, 0.22839), (0.62494, 0.53459, 0.22588), (0.63498, 0.52706, 0.2058), (0.63247, 0.53459, 0.23592), (0.63498, 0.55969, 0.24847), (0.63498, 0.51451, 0.19827), (0.63247, 0.56722, 0.26353), (0.63498, 0.57224, 0.25349), (0.63247, 0.55969, 0.24345), (0.64, 0.56973, 0.256), (0.64, 0.56973, 0.256), (0.63749, 0.53961, 0.21082), (0.63498, 0.57224, 0.25349), (0.62745, 0.55969, 0.27106), (0.63498, 0.57224, 0.27608), (0.64, 0.53961, 0.22839), (0.64, 0.53961, 0.22839), (0.63498, 0.55216, 0.22839), (0.62745, 0.55969, 0.27106), (0.63498, 0.58227, 0.28361), (0.63247, 0.54212, 0.23592), (0.62243, 0.53459, 0.21835), (0.63749, 0.51953, 0.19325), (0.63247, 0.51451, 0.18824), (0.64, 0.55718, 0.26102), (0.64, 0.55718, 0.26102), (0.63498, 0.52957, 0.23341), (0.63749, 0.51953, 0.19325), (0.63247, 0.52706, 0.22588), (0.6149, 0.51953, 0.20078), (0.62243, 0.53459, 0.21835), (0.64, 0.56722, 0.26102), (0.63498, 0.54965, 0.21584), (0.64, 0.55718, 0.256), (0.64, 0.55718, 0.256), (0.63749, 0.5622, 0.25098), (0.64, 0.56722, 0.26102), (0.63498, 0.5371, 0.23341), (0.63498, 0.53961, 0.2309), (0.63749, 0.50698, 0.20078), (0.63749, 0.50698, 0.20078), (0.62745, 0.51451, 0.19576), (0.63498, 0.5371, 0.23341), (0.63498, 0.55969, 0.25349), (0.63749, 0.53459, 0.23843), (0.63749, 0.54965, 0.24847), (0.63247, 0.52957, 0.21835), (0.62243, 0.4869, 0.15059), (0.62494, 0.512, 0.19325), (0.62494, 0.512, 0.19325), (0.62745, 0.55467, 0.23843), (0.63247, 0.52957, 0.21835), (0.62243, 0.512, 0.20329), (0.64, 0.54714, 0.23843), (0.63498, 0.55467, 0.24596), (0.62745, 0.512, 0.2058), (0.62996, 0.52455, 0.22337), (0.63498, 0.52455, 0.22086), (0.63498, 0.52455, 0.22086), (0.62243, 0.51702, 0.21584), (0.62745, 0.512, 0.2058), (0.62745, 0.55467, 0.23843), (0.63247, 0.55216, 0.24345), (0.63247, 0.52957, 0.21835), (0.63498, 0.53459, 0.22839), (0.62745, 0.53208, 0.21333), (0.62243, 0.52204, 0.19325), (0.63247, 0.52204, 0.20831), (0.64, 0.54463, 0.23592), (0.63247, 0.5371, 0.22839), (0.63498, 0.54965, 0.23843), (0.63749, 0.5622, 0.26102), (0.62745, 0.53459, 0.20831), (0.63498, 0.53459, 0.20329), (0.63749, 0.53961, 0.21082), (0.62996, 0.54965, 0.24596), (0.62996, 0.54965, 0.24596), (0.64, 0.53961, 0.21082), (0.63498, 0.53459, 0.20329), (0.63247, 0.53208, 0.22086), (0.63498, 0.54463, 0.23592), (0.63247, 0.56722, 0.26855), (0.63247, 0.56722, 0.26855), (0.62996, 0.55216, 0.25851), (0.63247, 0.53208, 0.22086), (0.62745, 0.51451, 0.19576), (0.63498, 0.51451, 0.19325), (0.63498, 0.5371, 0.23843), (0.63749, 0.54212, 0.22839), (0.63749, 0.54965, 0.23341), (0.64, 0.55718, 0.24596), (0.64, 0.55718, 0.24596), (0.63247, 0.55216, 0.24345), (0.63749, 0.54212, 0.22839), (0.62243, 0.53208, 0.22337), (0.64, 0.57725, 0.26855), (0.64, 0.55216, 0.25098), (0.64, 0.55216, 0.25098), (0.63498, 0.53961, 0.22588), (0.62243, 0.53208, 0.22337), (0.63749, 0.55216, 0.23592), (0.63247, 0.55216, 0.24345), (0.62494, 0.51953, 0.18322), (0.62494, 0.51953, 0.18322), (0.63498, 0.55969, 0.24847), (0.63749, 0.55216, 0.23592), (0.62996, 0.55467, 0.22839), (0.63749, 0.5371, 0.2058), (0.63749, 0.54965, 0.25349), (0.62996, 0.50698, 0.18322), (0.63749, 0.52706, 0.19325), (0.63498, 0.51702, 0.19075), (0.62494, 0.49945, 0.17067), (0.63247, 0.50949, 0.18071), (0.62745, 0.49945, 0.18071), (0.62745, 0.49945, 0.18071), (0.63498, 0.51451, 0.19325), (0.62494, 0.49945, 0.17067), (0.63247, 0.54212, 0.23592), (0.63247, 0.54463, 0.24847), (0.64, 0.53459, 0.2309), (0.64, 0.53459, 0.2309), (0.62243, 0.52957, 0.23592), (0.63247, 0.54212, 0.23592), (0.63498, 0.53208, 0.21082), (0.63247, 0.52706, 0.19075), (0.62996, 0.49694, 0.17569), (0.62996, 0.49694, 0.17569), (0.62745, 0.51953, 0.19075), (0.63498, 0.53208, 0.21082), (0.63498, 0.5371, 0.23843), (0.63498, 0.5371, 0.23341), (0.62745, 0.51451, 0.19576), (0.63247, 0.52204, 0.19325), (0.62494, 0.51451, 0.21082), (0.64, 0.54965, 0.24345), (0.62745, 0.52706, 0.22086), (0.63498, 0.54212, 0.24847), (0.63247, 0.50949, 0.21082), (0.63247, 0.50949, 0.21082), (0.63247, 0.53208, 0.22588), (0.62745, 0.52706, 0.22086), (0.63749, 0.55216, 0.24345), (0.62996, 0.52957, 0.19827), (0.63247, 0.52204, 0.20831), (0.63247, 0.52204, 0.20831), (0.62494, 0.50196, 0.1782), (0.63749, 0.55216, 0.24345), (0.64, 0.57725, 0.26855), (0.63498, 0.55467, 0.24596), (0.64, 0.54714, 0.23843), (0.64, 0.54714, 0.23843), (0.64, 0.55216, 0.25098), (0.64, 0.57725, 0.26855), (0.63498, 0.51702, 0.19075), (0.63498, 0.53459, 0.22839), (0.62996, 0.50698, 0.18322), (0.62243, 0.49945, 0.17569), (0.63749, 0.52706, 0.19827), (0.62494, 0.51451, 0.18573), (0.62494, 0.51451, 0.18573), (0.62996, 0.50949, 0.18824), (0.62243, 0.49945, 0.17569), (0.63498, 0.53208, 0.21082), (0.62996, 0.52204, 0.19325), (0.64, 0.57475, 0.2811), (0.64, 0.57475, 0.2811), (0.64, 0.57725, 0.28612), (0.63498, 0.53208, 0.21082), (0.63749, 0.55969, 0.24596), (0.63749, 0.54212, 0.22839), (0.63749, 0.54965, 0.23341), (0.63749, 0.54965, 0.23341), (0.62745, 0.5371, 0.22839), (0.63749, 0.55969, 0.24596), (0.63498, 0.5622, 0.24094), (0.62996, 0.51702, 0.19325), (0.64, 0.54965, 0.22337), (0.64, 0.5371, 0.24094), (0.64, 0.55718, 0.26102), (0.63247, 0.51451, 0.18824), (0.63247, 0.52706, 0.22588), (0.63247, 0.54965, 0.25851), (0.62243, 0.51702, 0.21584), (0.62745, 0.52204, 0.22086), (0.62745, 0.5371, 0.2309), (0.63498, 0.52455, 0.21082), (0.62494, 0.51451, 0.21082), (0.62494, 0.52455, 0.21835), (0.63498, 0.53459, 0.22337), (0.62996, 0.52706, 0.21584), (0.63749, 0.53961, 0.24094), (0.63498, 0.53459, 0.22337), (0.62494, 0.52706, 0.22839), (0.64, 0.53961, 0.21082), (0.62745, 0.52957, 0.20078), (0.62745, 0.52957, 0.20078), (0.62996, 0.55467, 0.24847), (0.62494, 0.52706, 0.22839), (0.63247, 0.55216, 0.24345), (0.62996, 0.55467, 0.24847), (0.62745, 0.52957, 0.20078), (0.62745, 0.52957, 0.20078), (0.62494, 0.51953, 0.18322), (0.63247, 0.55216, 0.24345), (0.64, 0.54212, 0.23592), (0.64, 0.54965, 0.24345), (0.62745, 0.52706, 0.19827), (0.62745, 0.52706, 0.19827), (0.63247, 0.54463, 0.24345), (0.64, 0.54212, 0.23592), (0.62745, 0.50698, 0.18573), (0.63498, 0.51451, 0.19325), (0.62745, 0.49945, 0.18071), (0.62745, 0.49945, 0.18071), (0.63498, 0.50196, 0.17569), (0.62745, 0.50698, 0.18573), (0.63247, 0.54212, 0.23592), (0.64, 0.56973, 0.26855), (0.64, 0.57224, 0.26353), (0.64, 0.57224, 0.26353), (0.63749, 0.5622, 0.25098), (0.63247, 0.54212, 0.23592), (0.62745, 0.52706, 0.19576), (0.62745, 0.52957, 0.2058), (0.64, 0.55216, 0.23592), (0.63247, 0.52706, 0.19075), (0.6149, 0.51953, 0.20078), (0.62996, 0.49694, 0.17569), (0.62745, 0.51953, 0.19075), (0.62996, 0.54463, 0.23341), (0.63498, 0.55467, 0.25098), (0.64, 0.55467, 0.24596), (0.63498, 0.55467, 0.25098), (0.63498, 0.52706, 0.2058), (0.63498, 0.52706, 0.2058), (0.63498, 0.53208, 0.21584), (0.64, 0.55467, 0.24596), (0.62745, 0.54212, 0.23341), (0.62745, 0.52706, 0.22086), (0.63247, 0.54212, 0.23592), (0.63247, 0.54212, 0.23592), (0.63749, 0.55969, 0.26604), (0.62745, 0.54212, 0.23341), (0.63498, 0.54212, 0.21584), (0.63498, 0.5371, 0.20831), (0.62494, 0.49945, 0.19576), (0.62494, 0.49945, 0.19576), (0.63247, 0.50698, 0.20329), (0.63498, 0.54212, 0.21584), (0.62745, 0.51451, 0.20078), (0.63749, 0.51451, 0.21082), (0.63749, 0.53961, 0.23592), (0.63749, 0.54965, 0.25349), (0.63498, 0.5622, 0.26102), (0.62996, 0.55467, 0.22839), (0.62996, 0.51953, 0.19075), (0.62494, 0.49694, 0.1782), (0.63498, 0.5371, 0.20831), (0.61992, 0.52455, 0.21082), (0.63247, 0.49945, 0.1782), (0.63749, 0.51953, 0.19325), (0.63498, 0.55969, 0.24847), (0.63247, 0.55216, 0.24345), (0.64, 0.55216, 0.25098), (0.64, 0.55216, 0.25098), (0.64, 0.54714, 0.23843), (0.63498, 0.55969, 0.24847), (0.63498, 0.55467, 0.24596), (0.64, 0.57725, 0.26855), (0.63247, 0.53459, 0.21584), (0.63247, 0.53459, 0.21584), (0.63247, 0.53459, 0.2058), (0.63498, 0.55467, 0.24596), (0.63498, 0.55467, 0.25098), (0.63498, 0.55467, 0.25098), (0.62745, 0.51953, 0.19075), (0.62494, 0.52204, 0.2058), (0.63749, 0.53961, 0.24094), (0.63498, 0.53961, 0.22588), (0.62745, 0.51953, 0.19075), (0.62996, 0.53208, 0.20329), (0.62996, 0.54463, 0.23341), (0.63749, 0.5622, 0.25098), (0.64, 0.54212, 0.21333), (0.63498, 0.54212, 0.24847), (0.63247, 0.53208, 0.22588), (0.62996, 0.53208, 0.21333), (0.62745, 0.52706, 0.22086), (0.62745, 0.52706, 0.22086), (0.62996, 0.54965, 0.24596), (0.63749, 0.55216, 0.24094), (0.63498, 0.53459, 0.22839), (0.63749, 0.55216, 0.23592), (0.63749, 0.54965, 0.25349), (0.63247, 0.55216, 0.24345), (0.63498, 0.54714, 0.25098), (0.64, 0.55969, 0.27106), (0.62494, 0.51451, 0.2058), (0.63749, 0.5371, 0.2309), (0.62745, 0.512, 0.2058), (0.63498, 0.512, 0.20831), (0.63247, 0.52706, 0.19075), (0.62745, 0.50196, 0.18824), (0.62745, 0.50196, 0.18824), (0.62745, 0.512, 0.21082), (0.63498, 0.512, 0.20831), (0.62494, 0.52455, 0.21835), (0.62996, 0.53208, 0.21333), (0.62996, 0.54463, 0.23592), (0.62996, 0.53459, 0.22588), (0.63498, 0.53208, 0.21584), (0.63498, 0.54463, 0.23592), (0.63247, 0.53459, 0.21584), (0.63498, 0.55969, 0.25349), (0.63247, 0.50447, 0.18322), (0.63247, 0.50447, 0.18322), (0.63498, 0.5371, 0.23341), (0.63247, 0.53459, 0.21584), (0.62494, 0.54463, 0.24596), (0.62996, 0.54212, 0.24094), (0.63498, 0.53459, 0.2309), (0.63498, 0.52204, 0.20831), (0.62745, 0.52706, 0.22086), (0.62494, 0.52204, 0.2058), (0.63498, 0.54965, 0.20831), (0.63498, 0.53961, 0.20078), (0.63498, 0.54965, 0.21584), (0.63749, 0.54965, 0.24847), (0.62996, 0.54965, 0.24094), (0.63498, 0.55969, 0.25349), (0.61992, 0.52455, 0.21082), (0.63498, 0.5371, 0.20831), (0.62494, 0.49694, 0.1782), (0.62494, 0.49694, 0.1782), (0.63247, 0.49945, 0.1782), (0.61992, 0.52455, 0.21082), (0.62494, 0.52455, 0.21333), (0.62745, 0.52455, 0.20831), (0.62996, 0.52204, 0.20078), (0.62996, 0.52204, 0.20078), (0.63498, 0.54965, 0.21584), (0.62494, 0.52455, 0.21333), (0.62996, 0.52204, 0.20078), (0.64, 0.52957, 0.21584), (0.64, 0.54463, 0.25098), (0.64, 0.54463, 0.25098), (0.63498, 0.52957, 0.23341), (0.62996, 0.52204, 0.20078), (0.63498, 0.53961, 0.2309), (0.62996, 0.54965, 0.24094), (0.63498, 0.55467, 0.25098), (0.62996, 0.53459, 0.21584), (0.63498, 0.54714, 0.25098), (0.64, 0.56471, 0.26353), (0.63247, 0.53208, 0.22588), (0.64, 0.54212, 0.21333), (0.64, 0.56471, 0.26353), (0.63247, 0.5371, 0.21835), (0.62996, 0.53208, 0.20329), (0.63247, 0.54463, 0.24345), (0.63498, 0.55969, 0.24847), (0.63749, 0.55216, 0.24094), (0.63749, 0.54965, 0.24847), (0.63498, 0.50196, 0.17569), (0.62745, 0.49945, 0.18071), (0.63247, 0.50949, 0.18071), (0.62745, 0.50447, 0.18322), (0.63247, 0.51953, 0.2058), (0.62243, 0.50196, 0.18071), (0.63498, 0.54965, 0.21584), (0.64, 0.55467, 0.23843), (0.63498, 0.54965, 0.20831), (0.63247, 0.54212, 0.23592), (0.64, 0.54965, 0.24847), (0.63749, 0.55969, 0.26604), (0.63749, 0.55216, 0.24094), (0.62996, 0.53459, 0.22588), (0.62745, 0.52706, 0.22086), (0.63749, 0.54212, 0.22839), (0.63498, 0.55467, 0.25098), (0.62996, 0.54463, 0.21082), (0.63498, 0.52455, 0.21082), (0.63498, 0.52706, 0.2058), (0.62494, 0.51451, 0.21082), (0.62494, 0.51451, 0.21082), (0.63247, 0.53961, 0.24596), (0.63498, 0.52455, 0.21082), (0.63749, 0.52204, 0.21584), (0.63247, 0.52706, 0.22337), (0.62745, 0.50698, 0.19075), (0.62745, 0.50698, 0.19075), (0.63498, 0.53208, 0.22086), (0.63749, 0.52204, 0.21584), (0.63498, 0.53459, 0.22839), (0.63247, 0.51702, 0.21584), (0.63749, 0.55467, 0.26353), (0.64, 0.5371, 0.24094), (0.62996, 0.512, 0.18573), (0.63498, 0.512, 0.18824), (0.63498, 0.512, 0.18824), (0.64, 0.55718, 0.26102), (0.64, 0.5371, 0.24094), (0.63247, 0.50949, 0.21082), (0.62243, 0.49443, 0.17569), (0.63247, 0.53208, 0.22588), (0.63247, 0.56973, 0.27859), (0.62494, 0.52957, 0.21082), (0.63247, 0.55216, 0.24345), (0.63498, 0.57224, 0.27608), (0.62745, 0.55969, 0.27106), (0.63247, 0.54463, 0.21835), (0.63749, 0.56471, 0.27106), (0.64, 0.53961, 0.23341), (0.63247, 0.55718, 0.25098), (0.63247, 0.55718, 0.25098), (0.63247, 0.55467, 0.24094), (0.63749, 0.56471, 0.27106), (0.63498, 0.53208, 0.24094), (0.63247, 0.52204, 0.21835), (0.63498, 0.53459, 0.22839), (0.63247, 0.55467, 0.24094), (0.63749, 0.54714, 0.24596), (0.64, 0.54965, 0.24345), (0.64, 0.54965, 0.24345), (0.63749, 0.55216, 0.24094), (0.63247, 0.55467, 0.24094), (0.62996, 0.51953, 0.2058), (0.63498, 0.5371, 0.23843), (0.63498, 0.53459, 0.22839), (0.63498, 0.53459, 0.22839), (0.64, 0.56471, 0.25851), (0.62996, 0.51953, 0.2058), (0.64, 0.54965, 0.22337), (0.64, 0.51953, 0.18322), (0.63247, 0.54714, 0.2309), (0.63247, 0.54714, 0.2309), (0.63498, 0.5622, 0.24094), (0.64, 0.54965, 0.22337), (0.63749, 0.55216, 0.24345), (0.63498, 0.53459, 0.22839), (0.63247, 0.55969, 0.24345), (0.63247, 0.55969, 0.24345), (0.62745, 0.52706, 0.19827), (0.63749, 0.55216, 0.24345), (0.62996, 0.55467, 0.22839), (0.63498, 0.54212, 0.20831), (0.63749, 0.512, 0.20329), (0.63749, 0.512, 0.20329), (0.63247, 0.512, 0.19075), (0.62996, 0.55467, 0.22839), (0.62996, 0.52706, 0.21584), (0.63498, 0.54714, 0.25098), (0.63498, 0.5371, 0.21333), (0.63247, 0.55467, 0.26353), (0.63247, 0.51953, 0.22588), (0.62494, 0.54463, 0.24094), (0.63247, 0.50949, 0.2058), (0.63749, 0.54714, 0.26102), (0.64, 0.53961, 0.23592), (0.63749, 0.54965, 0.25851), (0.63498, 0.52455, 0.22086), (0.62996, 0.52455, 0.22337), (0.64, 0.57976, 0.28361), (0.63247, 0.56722, 0.26855), (0.63749, 0.55216, 0.24345), (0.63749, 0.55216, 0.24345), (0.63498, 0.54965, 0.23843), (0.64, 0.57976, 0.28361), (0.63749, 0.52455, 0.21082), (0.62494, 0.49945, 0.17067), (0.64, 0.55467, 0.25851), (0.63247, 0.52204, 0.21333), (0.64, 0.5622, 0.25349), (0.62494, 0.53459, 0.22588), (0.62494, 0.53459, 0.22588), (0.63498, 0.53208, 0.22086), (0.63247, 0.52204, 0.21333), (0.63749, 0.55969, 0.24596), (0.63749, 0.55969, 0.24094), (0.64, 0.54463, 0.2309), (0.64, 0.54463, 0.23843), (0.62996, 0.53208, 0.23341), (0.63749, 0.52204, 0.21584), (0.63749, 0.52204, 0.21584), (0.62996, 0.52706, 0.21584), (0.64, 0.54463, 0.23843), (0.63749, 0.54965, 0.24847), (0.62745, 0.53961, 0.21333), (0.62745, 0.53961, 0.21333), (0.62745, 0.53961, 0.21333), (0.63749, 0.54965, 0.25349), (0.63749, 0.54965, 0.24847), (0.63749, 0.54965, 0.24847), (0.63749, 0.53459, 0.23843), (0.61741, 0.49694, 0.15561), (0.62745, 0.5371, 0.2309), (0.62745, 0.52204, 0.22086), (0.63247, 0.50949, 0.21082), (0.63247, 0.50949, 0.21082), (0.63247, 0.52706, 0.22337), (0.62745, 0.5371, 0.2309), (0.62745, 0.52957, 0.2058), (0.63749, 0.55216, 0.23592), (0.63498, 0.55969, 0.24847), (0.63498, 0.55969, 0.24847), (0.64, 0.55969, 0.256), (0.62745, 0.52957, 0.2058), (0.63498, 0.55718, 0.24345), (0.64, 0.56973, 0.27357), (0.63749, 0.55969, 0.24596), (0.64, 0.54714, 0.22086), (0.63247, 0.54212, 0.19576), (0.63247, 0.5371, 0.22337), (0.63247, 0.5371, 0.22337), (0.62745, 0.51953, 0.17318), (0.64, 0.54714, 0.22086), (0.63498, 0.53459, 0.22839), (0.63247, 0.53208, 0.22839), (0.63498, 0.53208, 0.22086), (0.64, 0.54965, 0.22337), (0.62996, 0.51702, 0.19325), (0.62745, 0.51702, 0.18824), (0.62745, 0.51702, 0.18824), (0.63749, 0.53961, 0.21082), (0.64, 0.54965, 0.22337), (0.61992, 0.49443, 0.18071), (0.64, 0.54965, 0.22588), (0.62745, 0.50196, 0.19325), (0.62745, 0.50196, 0.19325), (0.62745, 0.49192, 0.17569), (0.61992, 0.49443, 0.18071), (0.63247, 0.512, 0.17569), (0.64, 0.54714, 0.22086), (0.63749, 0.55216, 0.24094), (0.63749, 0.55216, 0.24094), (0.64, 0.54965, 0.24094), (0.63247, 0.512, 0.17569), (0.63498, 0.53208, 0.22086), (0.62996, 0.49694, 0.16565), (0.61741, 0.49694, 0.15561), (0.63749, 0.55467, 0.26353), (0.62745, 0.53208, 0.21333), (0.63498, 0.53459, 0.22839), (0.61992, 0.49443, 0.18071), (0.63498, 0.50447, 0.19827), (0.64, 0.54965, 0.256), (0.64, 0.54965, 0.256), (0.62996, 0.52957, 0.21835), (0.61992, 0.49443, 0.18071), (0.64, 0.54965, 0.24847), (0.63247, 0.54212, 0.23592), (0.62494, 0.51702, 0.19576), (0.62494, 0.51702, 0.19576), (0.62996, 0.51953, 0.21082), (0.64, 0.54965, 0.24847), (0.64, 0.53961, 0.22839), (0.62745, 0.52455, 0.20831), (0.62494, 0.53459, 0.23341), (0.63498, 0.53961, 0.2309), (0.63498, 0.56722, 0.27357), (0.63498, 0.54463, 0.23843), (0.63498, 0.53208, 0.22086), (0.63749, 0.53459, 0.22337), (0.63498, 0.53459, 0.22839), (0.62745, 0.53459, 0.24094), (0.63247, 0.53208, 0.22086), (0.63749, 0.55969, 0.26604), (0.64, 0.55969, 0.26102), (0.63749, 0.55718, 0.25851), (0.62745, 0.52706, 0.21584), (0.62996, 0.54463, 0.23341), (0.63498, 0.52204, 0.20329), (0.63247, 0.55216, 0.24847), (0.64, 0.5371, 0.24094), (0.62243, 0.51953, 0.20831), (0.64, 0.53961, 0.23592), (0.62243, 0.51953, 0.20831), (0.63247, 0.55216, 0.24847), (0.62243, 0.51702, 0.21584), (0.64, 0.54965, 0.24094), (0.63247, 0.52204, 0.20831), (0.63247, 0.51451, 0.18824), (0.63247, 0.51451, 0.18824), (0.63749, 0.5622, 0.256), (0.64, 0.54965, 0.24094), (0.64, 0.56471, 0.25851), (0.63749, 0.56471, 0.27106), (0.63247, 0.53208, 0.22086), (0.63247, 0.56471, 0.2309), (0.62996, 0.52455, 0.18322), (0.63498, 0.53961, 0.20078), (0.63749, 0.52706, 0.21835), (0.63749, 0.5371, 0.23341), (0.63247, 0.53459, 0.2309), (0.63498, 0.51451, 0.19325), (0.63247, 0.52204, 0.20831), (0.63498, 0.53459, 0.22839), (0.63247, 0.52204, 0.20831), (0.63247, 0.53459, 0.2309), (0.63247, 0.50698, 0.20329), (0.63247, 0.5371, 0.22839), (0.63749, 0.54965, 0.24847), (0.63247, 0.52204, 0.21333), (0.63247, 0.52706, 0.22337), (0.63749, 0.54965, 0.24847), (0.63749, 0.53961, 0.23592), (0.64, 0.54714, 0.23843), (0.63749, 0.57224, 0.26855), (0.63498, 0.53961, 0.2309), (0.63498, 0.53208, 0.23592), (0.63247, 0.54212, 0.23592), (0.62996, 0.52957, 0.22337), (0.63247, 0.53208, 0.22588), (0.63247, 0.5371, 0.21835), (0.63749, 0.53961, 0.23592), (0.63498, 0.53459, 0.22337), (0.63749, 0.53459, 0.22337), (0.63247, 0.51702, 0.21584), (0.63247, 0.51702, 0.21584), (0.63498, 0.53459, 0.22839), (0.63498, 0.53459, 0.22337), (0.63247, 0.52204, 0.20831), (0.61992, 0.49443, 0.16565), (0.62996, 0.53961, 0.2309), (0.62996, 0.53961, 0.2309), (0.64, 0.53961, 0.23592), (0.63247, 0.52204, 0.20831), (0.62745, 0.51953, 0.19827), (0.63498, 0.54714, 0.2309), (0.64, 0.54965, 0.24847), (0.63247, 0.55718, 0.2309), (0.62745, 0.55467, 0.23341), (0.64, 0.55718, 0.24847), (0.63498, 0.53961, 0.20078), (0.63498, 0.54965, 0.20831), (0.63247, 0.56471, 0.2309), (0.63247, 0.53459, 0.2309), (0.63498, 0.53208, 0.22086), (0.63247, 0.53208, 0.22588), (0.63749, 0.5622, 0.256), (0.64, 0.55969, 0.26102), (0.62996, 0.54965, 0.24094), (0.62996, 0.54965, 0.24094), (0.63749, 0.54965, 0.24847), (0.63749, 0.5622, 0.256), (0.62745, 0.52455, 0.20329), (0.62243, 0.52204, 0.19325), (0.61992, 0.49694, 0.16816), (0.61992, 0.49694, 0.16816), (0.62243, 0.4869, 0.15059), (0.62745, 0.52455, 0.20329), (0.63498, 0.55969, 0.24847), (0.64, 0.54714, 0.23843), (0.62243, 0.512, 0.20329), (0.62243, 0.512, 0.20329), (0.63498, 0.51451, 0.19827), (0.63498, 0.55969, 0.24847), (0.63749, 0.53961, 0.23592), (0.63749, 0.51451, 0.21082), (0.63247, 0.53208, 0.22588), (0.64, 0.54212, 0.21333), (0.64, 0.54714, 0.22086), (0.63247, 0.55969, 0.25851), (0.62494, 0.52204, 0.20078), (0.61992, 0.51451, 0.21333), (0.62494, 0.52204, 0.2058), (0.62745, 0.512, 0.2058), (0.62745, 0.512, 0.2058), (0.62996, 0.52455, 0.22337), (0.63247, 0.52455, 0.19827), (0.62996, 0.51953, 0.19075), (0.63498, 0.53961, 0.22588), (0.63498, 0.56722, 0.27357), (0.64, 0.57725, 0.27859), (0.64, 0.57725, 0.28612), (0.64, 0.57725, 0.28612), (0.64, 0.56722, 0.27106), (0.63498, 0.56722, 0.27357), (0.63498, 0.55718, 0.24345), (0.63749, 0.55969, 0.26604), (0.62745, 0.5371, 0.22839), (0.62745, 0.5371, 0.22839), (0.64, 0.56973, 0.27357), (0.63498, 0.55718, 0.24345), (0.63749, 0.50949, 0.19576), (0.63498, 0.51702, 0.19075), (0.64, 0.51702, 0.19325), (0.64, 0.51702, 0.19325), (0.62745, 0.51702, 0.20831), (0.63749, 0.50949, 0.19576), (0.64, 0.5622, 0.25349), (0.63498, 0.54714, 0.24596), (0.63498, 0.54463, 0.23592), (0.63498, 0.54463, 0.23592), (0.62494, 0.53459, 0.22588), (0.64, 0.5622, 0.25349), (0.63749, 0.55718, 0.24847), (0.63247, 0.54714, 0.23843), (0.63498, 0.54463, 0.23592), (0.64, 0.54212, 0.23592), (0.63498, 0.5371, 0.21333), (0.64, 0.55467, 0.24596), (0.64, 0.55467, 0.24596), (0.64, 0.56722, 0.27106), (0.63749, 0.55718, 0.24847), (0.63247, 0.55969, 0.25851), (0.64, 0.56471, 0.26353), (0.64, 0.54212, 0.21333), (0.62243, 0.50949, 0.19075), (0.62745, 0.50196, 0.17318), (0.63749, 0.52957, 0.20329), (0.63498, 0.5622, 0.24596), (0.62996, 0.54212, 0.22588), (0.63498, 0.55467, 0.25098), (0.63498, 0.55467, 0.25098), (0.63247, 0.52957, 0.23341), (0.63498, 0.5622, 0.24596), (0.62996, 0.51953, 0.19075), (0.63498, 0.51451, 0.19325), (0.62494, 0.512, 0.19325), (0.62494, 0.512, 0.19325), (0.62494, 0.49694, 0.1782), (0.62996, 0.51953, 0.19075), (0.64, 0.57224, 0.27859), (0.62745, 0.55216, 0.24094), (0.63749, 0.5622, 0.25098), (0.63749, 0.5622, 0.25098), (0.62996, 0.54965, 0.24094), (0.64, 0.57224, 0.27859), (0.62745, 0.52455, 0.22839), (0.62745, 0.55969, 0.27106), (0.63498, 0.55216, 0.22839), (0.62494, 0.53459, 0.22588), (0.63247, 0.53459, 0.23592), (0.63247, 0.49945, 0.1782), (0.63247, 0.49945, 0.1782), (0.63247, 0.49945, 0.1782), (0.62494, 0.53459, 0.22588), (0.63498, 0.54463, 0.23592), (0.63247, 0.54965, 0.21584), (0.63749, 0.54965, 0.22839), (0.64, 0.55718, 0.24847), (0.64, 0.54212, 0.21835), (0.63247, 0.55718, 0.2309), (0.64, 0.54965, 0.24847), (0.62996, 0.51953, 0.21584), (0.62745, 0.51953, 0.19827), (0.63247, 0.54714, 0.2309), (0.64, 0.51953, 0.18322), (0.63498, 0.53459, 0.22839), (0.63498, 0.53459, 0.22839), (0.64, 0.5371, 0.23592), (0.63247, 0.54714, 0.2309), (0.63749, 0.52957, 0.20329), (0.63749, 0.5371, 0.2058), (0.62243, 0.50949, 0.19075), (0.62745, 0.51451, 0.20078), (0.63247, 0.51953, 0.2058), (0.63749, 0.50698, 0.20078), (0.63749, 0.50698, 0.20078), (0.63749, 0.51451, 0.21082), (0.62745, 0.51451, 0.20078), (0.64, 0.55216, 0.23592), (0.63247, 0.54212, 0.24094), (0.62745, 0.5371, 0.22839), (0.62745, 0.5371, 0.22839), (0.62745, 0.52706, 0.19576), (0.64, 0.55216, 0.23592), (0.62996, 0.51953, 0.19075), (0.64, 0.54212, 0.23592), (0.63247, 0.54463, 0.24345), (0.63247, 0.54463, 0.24345), (0.63498, 0.51451, 0.19325), (0.62996, 0.51953, 0.19075), (0.62996, 0.55216, 0.25851), (0.63749, 0.54965, 0.24847), (0.63247, 0.5371, 0.22839), (0.63247, 0.5371, 0.22839), (0.63247, 0.53208, 0.22086), (0.62996, 0.55216, 0.25851), (0.62243, 0.50949, 0.19576), (0.63247, 0.54714, 0.23592), (0.63247, 0.51451, 0.18322), (0.63247, 0.51451, 0.18824), (0.63749, 0.54463, 0.21333), (0.63749, 0.5622, 0.256), (0.63749, 0.5622, 0.256), (0.63247, 0.5371, 0.22839), (0.64, 0.54965, 0.24094), (0.62745, 0.52204, 0.21835), (0.63247, 0.5371, 0.22839), (0.62494, 0.54463, 0.24094), (0.62745, 0.5371, 0.22839), (0.63247, 0.56722, 0.26353), (0.63498, 0.56722, 0.27859), (0.63498, 0.56722, 0.27859), (0.63749, 0.55969, 0.24596), (0.62745, 0.5371, 0.22839), (0.63749, 0.56722, 0.25851), (0.63247, 0.54463, 0.22839), (0.63247, 0.54212, 0.23341), (0.63247, 0.54212, 0.23341), (0.63749, 0.57224, 0.26855), (0.63749, 0.56722, 0.25851), (0.63247, 0.52706, 0.19075), (0.63498, 0.512, 0.20831), (0.62996, 0.53459, 0.22086), (0.63247, 0.53961, 0.21333), (0.62996, 0.5371, 0.21082), (0.63247, 0.54714, 0.23592), (0.63247, 0.54714, 0.23592), (0.63498, 0.54965, 0.24094), (0.63247, 0.53961, 0.21333), (0.62745, 0.52706, 0.19827), (0.63247, 0.52204, 0.20831), (0.62996, 0.50949, 0.16816), (0.62996, 0.50949, 0.16816), (0.62494, 0.49945, 0.17067), (0.62745, 0.52706, 0.19827), (0.63498, 0.52455, 0.19576), (0.61741, 0.49694, 0.15561), (0.63749, 0.53459, 0.23843), (0.63749, 0.53459, 0.23843), (0.62494, 0.50196, 0.1782), (0.63498, 0.52455, 0.19576), (0.63247, 0.51451, 0.18322), (0.63247, 0.53459, 0.21082), (0.62243, 0.50949, 0.19576), (0.63498, 0.55216, 0.22839), (0.64, 0.56722, 0.27357), (0.62745, 0.52455, 0.22839), (0.62745, 0.52706, 0.21584), (0.63498, 0.53208, 0.22086), (0.63247, 0.53208, 0.22086), (0.63247, 0.53208, 0.22086), (0.63498, 0.5371, 0.23341), (0.62745, 0.52706, 0.21584), (0.63749, 0.5371, 0.22588), (0.63247, 0.5371, 0.22839), (0.63749, 0.5622, 0.256), (0.63749, 0.5622, 0.256), (0.63498, 0.55467, 0.24596), (0.63749, 0.5371, 0.22588), (0.63498, 0.53208, 0.22086), (0.63498, 0.53459, 0.22337), (0.63749, 0.53961, 0.24094), (0.63749, 0.53961, 0.24094), (0.62996, 0.53961, 0.23341), (0.63498, 0.53208, 0.22086), (0.62996, 0.53459, 0.22086), (0.63498, 0.53961, 0.2309), (0.63247, 0.52706, 0.19075), (0.64, 0.55467, 0.25851), (0.62494, 0.49945, 0.17067), (0.63498, 0.53459, 0.22839), (0.63498, 0.53459, 0.22839), (0.63749, 0.55216, 0.24345), (0.64, 0.55467, 0.25851), (0.63247, 0.55216, 0.24345), (0.64, 0.55718, 0.24596), (0.64, 0.53961, 0.22839), (0.64, 0.53961, 0.22839), (0.63247, 0.56973, 0.27859), (0.63247, 0.55216, 0.24345), (0.62494, 0.53459, 0.23341), (0.62996, 0.50949, 0.16816), (0.64, 0.56722, 0.26102), (0.64, 0.56722, 0.26102), (0.63247, 0.55718, 0.25098), (0.62494, 0.53459, 0.23341), (0.64, 0.55969, 0.26102), (0.63749, 0.54463, 0.25098), (0.64, 0.55718, 0.26604), (0.64, 0.55718, 0.26604), (0.63749, 0.55718, 0.25851), (0.64, 0.55969, 0.26102), (0.62494, 0.52204, 0.2058), (0.62745, 0.52706, 0.22086), (0.62494, 0.52204, 0.2058), (0.62494, 0.52204, 0.2058), (0.62996, 0.53459, 0.22588), (0.62494, 0.52204, 0.2058), (0.63498, 0.55467, 0.24596), (0.63749, 0.5622, 0.256), (0.63749, 0.54463, 0.21333), (0.63749, 0.54463, 0.21333), (0.64, 0.53208, 0.20329), (0.63498, 0.55467, 0.24596), (0.62745, 0.52957, 0.22588), (0.63749, 0.55216, 0.24094), (0.62745, 0.52455, 0.22839), (0.62745, 0.52455, 0.22839), (0.63498, 0.5371, 0.23843), (0.62745, 0.52957, 0.22588), (0.61741, 0.49694, 0.15561), (0.63498, 0.52455, 0.19576), (0.63498, 0.53208, 0.22086), (0.63498, 0.53208, 0.22086), (0.63498, 0.53208, 0.22086), (0.61741, 0.49694, 0.15561), (0.63247, 0.55216, 0.24345), (0.63247, 0.55969, 0.24345), (0.63498, 0.52455, 0.21584), (0.63498, 0.52455, 0.21584), (0.63749, 0.53459, 0.22337), (0.63247, 0.55216, 0.24345), (0.62996, 0.53208, 0.21333), (0.62243, 0.51702, 0.21584), (0.63247, 0.52204, 0.21835), (0.63247, 0.52204, 0.21835), (0.63498, 0.52957, 0.22839), (0.62996, 0.53208, 0.21333), (0.63247, 0.54212, 0.23592), (0.63247, 0.54463, 0.24345), (0.63247, 0.54463, 0.24847), (0.63247, 0.54463, 0.24847), (0.63498, 0.54965, 0.24094), (0.63247, 0.54212, 0.23592), (0.63498, 0.5371, 0.23843), (0.62243, 0.51702, 0.21584), (0.63247, 0.54965, 0.25851), (0.63247, 0.54965, 0.25851), (0.63247, 0.54463, 0.24847), (0.63498, 0.5371, 0.23843), (0.62996, 0.52706, 0.21584), (0.63498, 0.53459, 0.22337), (0.62494, 0.52455, 0.21835), (0.62494, 0.52455, 0.21835), (0.63498, 0.54714, 0.25098), (0.62996, 0.52706, 0.21584), (0.63247, 0.51953, 0.2058), (0.6149, 0.51953, 0.20078), (0.63247, 0.52706, 0.22588), (0.63247, 0.52706, 0.22588), (0.62243, 0.51702, 0.21584), (0.63247, 0.51953, 0.2058), (0.62745, 0.51953, 0.19075), (0.62996, 0.49694, 0.17569), (0.63498, 0.50196, 0.17569), (0.63498, 0.50196, 0.17569), (0.63247, 0.50949, 0.18071), (0.62745, 0.51953, 0.19075), (0.64, 0.54714, 0.24847), (0.62996, 0.53961, 0.23341), (0.63498, 0.52455, 0.21082), (0.63498, 0.52455, 0.21082), (0.64, 0.52957, 0.21584), (0.64, 0.54714, 0.24847), (0.62745, 0.50949, 0.1782), (0.63247, 0.53208, 0.20329), (0.62996, 0.51953, 0.19075), (0.62996, 0.51953, 0.19075), (0.62494, 0.51953, 0.1782), (0.62745, 0.50949, 0.1782), (0.62996, 0.52204, 0.19576), (0.63498, 0.53208, 0.21082), (0.64, 0.57725, 0.28612), (0.64, 0.57725, 0.28612), (0.63247, 0.55718, 0.25098), (0.62996, 0.52204, 0.19576), (0.62243, 0.51702, 0.21584), (0.63498, 0.52455, 0.22086), (0.62996, 0.50949, 0.18824), (0.62996, 0.50949, 0.18824), (0.63247, 0.52204, 0.21835), (0.62243, 0.51702, 0.21584), (0.62996, 0.49694, 0.17569), (0.62996, 0.49694, 0.17067), (0.63498, 0.53459, 0.22839), (0.63247, 0.53208, 0.22588), (0.63498, 0.53208, 0.22086), (0.63498, 0.53208, 0.22086), (0.62745, 0.53208, 0.21333), (0.62494, 0.49694, 0.17569), (0.62494, 0.50447, 0.18824), (0.64, 0.53961, 0.23592), (0.63749, 0.53961, 0.22086), (0.64, 0.54965, 0.24094), (0.64, 0.54965, 0.24094), (0.62494, 0.50447, 0.18824), (0.64, 0.53961, 0.23592), (0.63247, 0.55216, 0.24345), (0.62494, 0.52957, 0.21082), (0.63498, 0.52455, 0.21082), (0.63498, 0.52455, 0.21082), (0.63749, 0.54212, 0.22839), (0.63247, 0.55216, 0.24345), (0.63247, 0.54463, 0.22839), (0.63749, 0.56722, 0.25851), (0.63498, 0.55467, 0.25098), (0.62996, 0.54463, 0.21082), (0.63498, 0.55467, 0.25098), (0.63749, 0.56722, 0.25851), (0.63749, 0.56722, 0.25851), (0.63247, 0.5371, 0.20329), (0.62996, 0.54463, 0.21082), (0.63498, 0.53459, 0.22839), (0.63247, 0.52957, 0.21333), (0.62996, 0.49694, 0.17569), (0.63498, 0.53208, 0.22086), (0.62494, 0.53459, 0.22588), (0.62996, 0.53961, 0.23341), (0.62996, 0.53961, 0.23341), (0.63749, 0.51702, 0.2058), (0.63498, 0.53208, 0.22086), (0.62243, 0.49945, 0.17569), (0.6149, 0.49443, 0.1782), (0.63498, 0.51451, 0.19827), (0.63498, 0.51451, 0.19827), (0.63247, 0.53208, 0.22588), (0.62243, 0.49945, 0.17569), (0.62996, 0.52455, 0.22086), (0.63247, 0.54212, 0.23592), (0.62243, 0.52957, 0.23592), (0.62243, 0.52957, 0.23592), (0.63498, 0.54212, 0.24847), (0.62996, 0.52455, 0.22086), (0.62494, 0.50447, 0.18824), (0.64, 0.54965, 0.24094), (0.62745, 0.53208, 0.21333), (0.62996, 0.53459, 0.22588), (0.63247, 0.56973, 0.27859), (0.64, 0.53961, 0.22839), (0.64, 0.53961, 0.22839), (0.63247, 0.5371, 0.20329), (0.62996, 0.53459, 0.22588), (0.63749, 0.53961, 0.21082), (0.64, 0.56973, 0.256), (0.63498, 0.57224, 0.27357), (0.63498, 0.57224, 0.27357), (0.63749, 0.54212, 0.23341), (0.63749, 0.53961, 0.21082), (0.63498, 0.52957, 0.22588), (0.63749, 0.53208, 0.2309), (0.64, 0.5371, 0.24094), (0.64, 0.5371, 0.24094), (0.64, 0.53961, 0.23592), (0.63498, 0.52957, 0.22588), (0.61992, 0.51953, 0.21333), (0.63749, 0.53208, 0.22839), (0.62996, 0.53459, 0.22588), (0.62996, 0.53459, 0.22588), (0.64, 0.55969, 0.27106), (0.61992, 0.51953, 0.21333), (0.64, 0.55718, 0.24596), (0.63749, 0.54965, 0.23341), (0.63749, 0.54212, 0.22839), (0.62745, 0.52204, 0.21835), (0.63247, 0.50949, 0.2058), (0.62243, 0.51702, 0.21584), (0.62243, 0.51702, 0.21584), (0.63247, 0.5371, 0.22839), (0.62745, 0.52204, 0.21835), (0.63498, 0.512, 0.19075), (0.62494, 0.49945, 0.19075), (0.64, 0.54463, 0.23843), (0.64, 0.54463, 0.23843), (0.63498, 0.51451, 0.20329), (0.63498, 0.512, 0.19075), (0.63247, 0.55467, 0.24094), (0.63247, 0.55718, 0.25098), (0.64, 0.54463, 0.24596), (0.64, 0.54463, 0.24596), (0.63247, 0.54965, 0.21584), (0.63247, 0.55467, 0.24094), (0.64, 0.53961, 0.23592), (0.62494, 0.49694, 0.17569), (0.63247, 0.52957, 0.23341), (0.63498, 0.54463, 0.23843), (0.62996, 0.53459, 0.22086), (0.63247, 0.54463, 0.22839), (0.63247, 0.54463, 0.22839), (0.63247, 0.5371, 0.22839), (0.63498, 0.54463, 0.23843), (0.63247, 0.53208, 0.22588), (0.64, 0.56471, 0.26353), (0.63498, 0.54714, 0.25098), (0.63498, 0.54714, 0.25098), (0.62996, 0.53208, 0.21333), (0.63247, 0.53208, 0.22588), (0.63247, 0.512, 0.17569), (0.63749, 0.51953, 0.19325), (0.63498, 0.52957, 0.23341), (0.63498, 0.52957, 0.23341), (0.64, 0.54463, 0.25098), (0.63247, 0.512, 0.17569), (0.62996, 0.52455, 0.22086), (0.63498, 0.52204, 0.20831), (0.63749, 0.52706, 0.21835), (0.63749, 0.52706, 0.21835), (0.63498, 0.5371, 0.23341), (0.62996, 0.52455, 0.22086), (0.63749, 0.5371, 0.22588), (0.63498, 0.54714, 0.24596), (0.62494, 0.54463, 0.24094), (0.62996, 0.52957, 0.22337), (0.64, 0.54714, 0.25349), (0.63749, 0.54965, 0.23341), (0.63749, 0.54965, 0.23341), (0.63749, 0.54965, 0.24847), (0.62996, 0.52957, 0.22337), (0.62745, 0.52706, 0.22086), (0.62745, 0.51451, 0.19576), (0.63247, 0.54463, 0.24345), (0.63247, 0.54463, 0.24345), (0.63498, 0.52957, 0.22588), (0.62745, 0.52706, 0.22086), (0.63498, 0.55467, 0.25098), (0.63247, 0.53208, 0.19576), (0.63247, 0.54463, 0.22839), (0.63247, 0.53208, 0.20329), (0.63749, 0.51953, 0.18824), (0.64, 0.53961, 0.23341), (0.64, 0.53961, 0.23341), (0.64, 0.52957, 0.22588), (0.63247, 0.53208, 0.20329), (0.63498, 0.53208, 0.22086), (0.62745, 0.52706, 0.22086), (0.63247, 0.53208, 0.22588), (0.63749, 0.52706, 0.21835), (0.63247, 0.52706, 0.22337), (0.63498, 0.55467, 0.256), (0.63498, 0.55467, 0.256), (0.63749, 0.5371, 0.23341), (0.63749, 0.52706, 0.21835), (0.62996, 0.5371, 0.21082), (0.64, 0.5622, 0.25098), (0.63749, 0.53961, 0.21584), (0.63749, 0.53961, 0.21584), (0.64, 0.54965, 0.21835), (0.62996, 0.5371, 0.21082), (0.62996, 0.55467, 0.24847), (0.63247, 0.55969, 0.25851), (0.64, 0.54714, 0.22086), (0.64, 0.54714, 0.22086), (0.63247, 0.512, 0.17569), (0.62996, 0.55467, 0.24847), (0.62494, 0.54463, 0.24094), (0.63247, 0.5371, 0.22839), (0.63749, 0.5371, 0.22588), (0.64, 0.56722, 0.256), (0.64, 0.56471, 0.25851), (0.63247, 0.55718, 0.25098), (0.63749, 0.5622, 0.256), (0.63247, 0.55969, 0.25851), (0.63749, 0.56722, 0.25851), (0.63749, 0.56722, 0.25851), (0.63498, 0.54212, 0.21584), (0.63749, 0.5622, 0.256), (0.63498, 0.53208, 0.21082), (0.63498, 0.53459, 0.22337), (0.62996, 0.51702, 0.20329), (0.62996, 0.51702, 0.20329), (0.62996, 0.52204, 0.19325), (0.63498, 0.53208, 0.21082), (0.63749, 0.55216, 0.24345), (0.63247, 0.53961, 0.21333), (0.63498, 0.54965, 0.24094), (0.63498, 0.54965, 0.24094), (0.62996, 0.54212, 0.24094), (0.63749, 0.55216, 0.24345), (0.63247, 0.53208, 0.22588), (0.63247, 0.5371, 0.22839), (0.63247, 0.54463, 0.22839), (0.62745, 0.52455, 0.20329), (0.62745, 0.51953, 0.19827), (0.62996, 0.51953, 0.21584), (0.63498, 0.55467, 0.24596), (0.63498, 0.56471, 0.256), (0.62745, 0.54212, 0.23341), (0.62745, 0.54212, 0.23341), (0.63749, 0.5371, 0.22588), (0.63498, 0.55467, 0.24596), (0.63498, 0.52957, 0.23341), (0.64, 0.55718, 0.26102), (0.63498, 0.512, 0.18824), (0.63498, 0.512, 0.18824), (0.62996, 0.52204, 0.20078), (0.63498, 0.52957, 0.23341), (0.62996, 0.54965, 0.24094), (0.62745, 0.5371, 0.2309), (0.63247, 0.52706, 0.22337), (0.63247, 0.52706, 0.22337), (0.63749, 0.5371, 0.2309), (0.62996, 0.54965, 0.24094), (0.63247, 0.55718, 0.25098), (0.64, 0.56722, 0.26102), (0.64, 0.56722, 0.256), (0.62243, 0.52204, 0.19325), (0.62745, 0.52706, 0.19827), (0.62494, 0.49945, 0.17067), (0.62494, 0.49945, 0.17067), (0.61992, 0.49694, 0.16816), (0.62243, 0.52204, 0.19325), (0.63247, 0.49443, 0.17569), (0.62996, 0.52204, 0.19576), (0.63247, 0.55718, 0.25098), (0.63247, 0.55718, 0.25098), (0.62494, 0.54463, 0.23592), (0.63247, 0.49443, 0.17569), (0.64, 0.56722, 0.27106), (0.62745, 0.53961, 0.24345), (0.64, 0.54212, 0.25098), (0.64, 0.54212, 0.25098), (0.62745, 0.51702, 0.21333), (0.64, 0.56722, 0.27106), (0.63749, 0.52957, 0.20831), (0.64, 0.54463, 0.22588), (0.63749, 0.55216, 0.24345), (0.63749, 0.55216, 0.24345), (0.63498, 0.54463, 0.23592), (0.63749, 0.52957, 0.20831), (0.63247, 0.52957, 0.23341), (0.64, 0.54212, 0.22337), (0.64, 0.53961, 0.23592), (0.63749, 0.54212, 0.22839), (0.62996, 0.54463, 0.21082), (0.64, 0.55718, 0.24596), (0.63498, 0.54212, 0.24847), (0.64, 0.54212, 0.21333), (0.63247, 0.512, 0.19576), (0.63247, 0.512, 0.19576), (0.62494, 0.54463, 0.24596), (0.63498, 0.54212, 0.24847), (0.63749, 0.53459, 0.22337), (0.61741, 0.50447, 0.18071), (0.64, 0.54212, 0.23843), (0.64, 0.54212, 0.23843), (0.63498, 0.53459, 0.22839), (0.63749, 0.53459, 0.22337), (0.63247, 0.54463, 0.24847), (0.64, 0.53961, 0.24345), (0.63498, 0.53459, 0.22839), (0.63498, 0.53459, 0.22839), (0.63498, 0.54714, 0.24596), (0.63247, 0.54463, 0.24847), (0.62494, 0.51451, 0.21082), (0.63498, 0.54965, 0.21584), (0.63498, 0.53961, 0.20078), (0.63498, 0.53961, 0.20078), (0.62745, 0.51702, 0.20329), (0.62494, 0.51451, 0.21082), (0.63749, 0.52455, 0.22588), (0.63247, 0.51953, 0.2058), (0.62745, 0.51451, 0.19576), (0.62745, 0.51451, 0.19576), (0.62745, 0.512, 0.2058), (0.63749, 0.52455, 0.22588), (0.62996, 0.51953, 0.21082), (0.63498, 0.53961, 0.2309), (0.62996, 0.52957, 0.22337), (0.62996, 0.52957, 0.22337), (0.63247, 0.54212, 0.23592), (0.62996, 0.51953, 0.21082), (0.63498, 0.53961, 0.22588), (0.63749, 0.53961, 0.23592), (0.63247, 0.5371, 0.21835), (0.63247, 0.5371, 0.21835), (0.63247, 0.54463, 0.24345), (0.63498, 0.53961, 0.22588), (0.63498, 0.52204, 0.20831), (0.63247, 0.50949, 0.18824), (0.62745, 0.52706, 0.22086), (0.62494, 0.52204, 0.2058), (0.62745, 0.52706, 0.22086), (0.62996, 0.53961, 0.23341), (0.62996, 0.53961, 0.23341), (0.63749, 0.53961, 0.24094), (0.62494, 0.52204, 0.2058), (0.63498, 0.53459, 0.22839), (0.63498, 0.54714, 0.25098), (0.63498, 0.54463, 0.23843), (0.63498, 0.54463, 0.23843), (0.62745, 0.53961, 0.23843), (0.63498, 0.53459, 0.22839), (0.63749, 0.55216, 0.24345), (0.62996, 0.51953, 0.21584), (0.63749, 0.53208, 0.2309), (0.63749, 0.53208, 0.2309), (0.63247, 0.52706, 0.22337), (0.63749, 0.55216, 0.24345), (0.62996, 0.51953, 0.21584), (0.63749, 0.55216, 0.24345), (0.62745, 0.52455, 0.20329), (0.62745, 0.50698, 0.18573), (0.63498, 0.50196, 0.17569), (0.63247, 0.51953, 0.2058), (0.62494, 0.49945, 0.19075), (0.62996, 0.51953, 0.21584), (0.62996, 0.53208, 0.23341), (0.62996, 0.53208, 0.23341), (0.64, 0.54463, 0.23843), (0.62494, 0.49945, 0.19075), (0.63498, 0.51451, 0.19325), (0.62745, 0.51451, 0.19576), (0.63498, 0.51451, 0.19325), (0.63498, 0.51451, 0.19325), (0.62745, 0.49945, 0.18071), (0.63498, 0.51451, 0.19325), (0.64, 0.54212, 0.21835), (0.64, 0.54463, 0.2309), (0.63749, 0.55969, 0.24094), (0.63749, 0.55969, 0.24094), (0.63247, 0.55718, 0.2309), (0.64, 0.54212, 0.21835), (0.62745, 0.52706, 0.22086), (0.61741, 0.50447, 0.18071), (0.63498, 0.52204, 0.20831), (0.63247, 0.54463, 0.22839), (0.62745, 0.53208, 0.22337), (0.63247, 0.53208, 0.22588), (0.62996, 0.512, 0.16565), (0.62745, 0.52706, 0.19827), (0.62996, 0.52204, 0.19576), (0.62996, 0.52204, 0.19576), (0.63498, 0.51451, 0.17318), (0.62996, 0.512, 0.16565), (0.62996, 0.52706, 0.2058), (0.63247, 0.54714, 0.23592), (0.63247, 0.52706, 0.22337), (0.63247, 0.52706, 0.22337), (0.63749, 0.52204, 0.22086), (0.62996, 0.52706, 0.2058), (0.64, 0.53961, 0.23592), (0.63749, 0.54714, 0.26102), (0.61992, 0.52706, 0.23341), (0.61992, 0.52706, 0.23341), (0.63498, 0.52957, 0.22588), (0.64, 0.53961, 0.23592), (0.63247, 0.51953, 0.2058), (0.62243, 0.51702, 0.21584), (0.62745, 0.50698, 0.18573), (0.63247, 0.54714, 0.23592), (0.62494, 0.51702, 0.19075), (0.63749, 0.55718, 0.25851), (0.63498, 0.52706, 0.19827), (0.64, 0.53208, 0.20329), (0.64, 0.53961, 0.23341), (0.64, 0.53961, 0.23341), (0.63749, 0.54212, 0.22839), (0.63498, 0.52706, 0.19827), (0.63247, 0.53208, 0.22588), (0.62996, 0.53961, 0.23341), (0.62745, 0.52706, 0.22086), (0.62745, 0.52706, 0.22086), (0.63498, 0.53961, 0.2309), (0.63247, 0.53208, 0.22588), (0.62996, 0.51702, 0.19325), (0.63749, 0.512, 0.19827), (0.62745, 0.51451, 0.19576), (0.62745, 0.51451, 0.19576), (0.63498, 0.51953, 0.21835), (0.62996, 0.51702, 0.19325), (0.63247, 0.52204, 0.19325), (0.63498, 0.512, 0.18322), (0.63247, 0.53961, 0.24596), (0.62996, 0.50698, 0.18322), (0.63247, 0.50698, 0.19325), (0.63247, 0.51451, 0.18824), (0.63247, 0.51451, 0.18824), (0.63749, 0.52706, 0.19325), (0.62996, 0.50698, 0.18322), (0.63749, 0.55216, 0.24345), (0.63247, 0.56722, 0.26855), (0.63498, 0.54463, 0.23592), (0.63498, 0.54463, 0.23592), (0.63498, 0.54463, 0.23592), (0.63749, 0.55216, 0.24345), (0.63247, 0.53459, 0.23592), (0.62996, 0.53961, 0.23341), (0.63247, 0.48439, 0.15812), (0.63247, 0.48439, 0.15812), (0.63247, 0.49945, 0.1782), (0.63247, 0.53459, 0.23592), (0.63498, 0.54965, 0.24094), (0.63247, 0.54714, 0.23592), (0.63498, 0.51451, 0.19325), (0.63498, 0.51451, 0.19325), (0.62996, 0.512, 0.21584), (0.63498, 0.54965, 0.24094), (0.63498, 0.50698, 0.21082), (0.63247, 0.50949, 0.18824), (0.62745, 0.49443, 0.16816), (0.62745, 0.49443, 0.16816), (0.62745, 0.51702, 0.21333), (0.63498, 0.50698, 0.21082), (0.63247, 0.54212, 0.23592), (0.63498, 0.58227, 0.28361), (0.62745, 0.52455, 0.21333), (0.62745, 0.52455, 0.21333), (0.63498, 0.51702, 0.19075), (0.63247, 0.54212, 0.23592), (0.63247, 0.56722, 0.26353), (0.62494, 0.53459, 0.22588), (0.63247, 0.49945, 0.1782), (0.63247, 0.49945, 0.1782), (0.64, 0.55467, 0.26353), (0.63247, 0.56722, 0.26353), (0.62494, 0.51451, 0.2058), (0.61992, 0.51953, 0.21333), (0.63498, 0.53459, 0.22839), (0.63498, 0.53459, 0.22839), (0.63749, 0.5371, 0.2309), (0.62494, 0.51451, 0.2058), (0.63498, 0.52204, 0.20831), (0.63247, 0.53208, 0.22588), (0.63498, 0.53961, 0.2309), (0.63498, 0.53961, 0.2309), (0.62996, 0.54212, 0.24094), (0.63498, 0.52204, 0.20831), (0.63247, 0.52204, 0.20831), (0.63247, 0.5371, 0.22839), (0.63749, 0.50196, 0.16314), (0.63749, 0.50196, 0.16314), (0.62996, 0.50949, 0.16816), (0.63247, 0.52204, 0.20831), (0.64, 0.56722, 0.27106), (0.63247, 0.54212, 0.23341), (0.64, 0.54212, 0.23843), (0.64, 0.54212, 0.23843), (0.62996, 0.53459, 0.22588), (0.64, 0.56722, 0.27106), (0.63749, 0.53961, 0.21082), (0.64, 0.54965, 0.22588), (0.62996, 0.53459, 0.22588), (0.62996, 0.53459, 0.22588), (0.62996, 0.54965, 0.24596), (0.63749, 0.53961, 0.21082), (0.62996, 0.52957, 0.21835), (0.62996, 0.53459, 0.22588), (0.64, 0.54965, 0.22588), (0.62494, 0.52455, 0.21835), (0.62745, 0.512, 0.2058), (0.62243, 0.51702, 0.21584), (0.62243, 0.51702, 0.21584), (0.62996, 0.53208, 0.21333), (0.62494, 0.52455, 0.21835), (0.63498, 0.54714, 0.24596), (0.63749, 0.5371, 0.22588), (0.62745, 0.54212, 0.23341), (0.62745, 0.54212, 0.23341), (0.64, 0.55467, 0.24596), (0.63498, 0.54714, 0.24596), (0.63498, 0.55467, 0.25098), (0.62996, 0.55467, 0.24847), (0.63247, 0.512, 0.17569), (0.63247, 0.512, 0.17569), (0.62745, 0.51953, 0.19075), (0.63498, 0.55467, 0.25098), (0.62996, 0.50949, 0.17318), (0.64, 0.52957, 0.22588), (0.63498, 0.53961, 0.2309), (0.63247, 0.51702, 0.21082), (0.62494, 0.51451, 0.21082), (0.62996, 0.50196, 0.2058), (0.62996, 0.50196, 0.2058), (0.62494, 0.49694, 0.17569), (0.63247, 0.51702, 0.21082), (0.6149, 0.51953, 0.20078), (0.64, 0.55969, 0.256), (0.63498, 0.5622, 0.24094), (0.63498, 0.54714, 0.22588), (0.63498, 0.5622, 0.24094), (0.64, 0.55969, 0.256), (0.64, 0.55969, 0.256), (0.63498, 0.55969, 0.24847), (0.63498, 0.54714, 0.22588), (0.62243, 0.50196, 0.18071), (0.63498, 0.54714, 0.24596), (0.63247, 0.53459, 0.2309), (0.63247, 0.53459, 0.2309), (0.62745, 0.50447, 0.18322), (0.62243, 0.50196, 0.18071), (0.64, 0.54965, 0.22588), (0.61992, 0.49443, 0.18071), (0.62996, 0.52957, 0.21835), (0.63498, 0.51451, 0.19325), (0.62745, 0.50698, 0.18573), (0.62243, 0.51702, 0.21584), (0.62996, 0.53961, 0.23341), (0.64, 0.54714, 0.24847), (0.63247, 0.4869, 0.17067), (0.63247, 0.4869, 0.17067), (0.63247, 0.48439, 0.15812), (0.62996, 0.53961, 0.23341), (0.63749, 0.55718, 0.25851), (0.63247, 0.52204, 0.21333), (0.63247, 0.54714, 0.23592), (0.64, 0.53961, 0.22839), (0.62494, 0.53459, 0.23341), (0.63247, 0.55718, 0.25098), (0.63247, 0.55718, 0.25098), (0.63247, 0.54714, 0.23592), (0.64, 0.53961, 0.22839), (0.63498, 0.52957, 0.22588), (0.61992, 0.52706, 0.23341), (0.63749, 0.54965, 0.25851), (0.63749, 0.54965, 0.25851), (0.62996, 0.52455, 0.22337), (0.63498, 0.52957, 0.22588), (0.63247, 0.53961, 0.24596), (0.62494, 0.51451, 0.21082), (0.63247, 0.52204, 0.19325), (0.62996, 0.55969, 0.25098), (0.63749, 0.51702, 0.19576), (0.63498, 0.52706, 0.2058), (0.63498, 0.52706, 0.2058), (0.63498, 0.54714, 0.2309), (0.62996, 0.55969, 0.25098), (0.63749, 0.53961, 0.23592), (0.63749, 0.54965, 0.24847), (0.62996, 0.55216, 0.25851), (0.62996, 0.55216, 0.25851), (0.63498, 0.54463, 0.23592), (0.63749, 0.53961, 0.23592), (0.63247, 0.51953, 0.22588), (0.63247, 0.55467, 0.26353), (0.62243, 0.49443, 0.17318), (0.62243, 0.49443, 0.17318), (0.63498, 0.49694, 0.1782), (0.63247, 0.51953, 0.22588), (0.62243, 0.51702, 0.21584), (0.63498, 0.5371, 0.23843), (0.63498, 0.51451, 0.19325), (0.62996, 0.52204, 0.20078), (0.63498, 0.512, 0.18824), (0.63498, 0.52455, 0.22086), (0.64, 0.53961, 0.24345), (0.64, 0.54714, 0.24847), (0.64, 0.52957, 0.21584), (0.64, 0.52957, 0.21584), (0.62996, 0.52204, 0.20078), (0.64, 0.53961, 0.24345), (0.62745, 0.49443, 0.16816), (0.62745, 0.52455, 0.20329), (0.63749, 0.55216, 0.24345), (0.63749, 0.55216, 0.24345), (0.63247, 0.51953, 0.2058), (0.62745, 0.49443, 0.16816), (0.63749, 0.54965, 0.22839), (0.63247, 0.54965, 0.21584), (0.64, 0.56471, 0.23843), (0.64, 0.56471, 0.23843), (0.62494, 0.52204, 0.2058), (0.63749, 0.54965, 0.22839), (0.63247, 0.51953, 0.19576), (0.62243, 0.50949, 0.19576), (0.64, 0.54212, 0.22337), (0.63498, 0.53459, 0.22839), (0.62243, 0.52204, 0.19325), (0.62745, 0.52455, 0.20329), (0.63749, 0.5371, 0.23341), (0.63498, 0.50949, 0.18071), (0.63247, 0.53208, 0.22588), (0.63247, 0.53208, 0.22588), (0.64, 0.54463, 0.23592), (0.63749, 0.5371, 0.23341), (0.62996, 0.54463, 0.23341), (0.63247, 0.55216, 0.24847), (0.62243, 0.51953, 0.20831), (0.62243, 0.51953, 0.20831), (0.64, 0.5371, 0.24094), (0.62996, 0.54463, 0.23341), (0.63749, 0.53961, 0.21584), (0.64, 0.5622, 0.25098), (0.63247, 0.55969, 0.25851), (0.63247, 0.55969, 0.25851), (0.62996, 0.53961, 0.23843), (0.63749, 0.53961, 0.21584), (0.63498, 0.52455, 0.22086), (0.64, 0.53961, 0.24345), (0.62996, 0.52204, 0.20078), (0.64, 0.55467, 0.24345), (0.63498, 0.56722, 0.27859), (0.63749, 0.55718, 0.25851), (0.62745, 0.53208, 0.22337), (0.62745, 0.52957, 0.22588), (0.63498, 0.5371, 0.23843), (0.63498, 0.5371, 0.23843), (0.63498, 0.52204, 0.20329), (0.62745, 0.53208, 0.22337), (0.63247, 0.52204, 0.20831), (0.63247, 0.53208, 0.22588), (0.63498, 0.53208, 0.22086), (0.63498, 0.53208, 0.22086), (0.63247, 0.53459, 0.21082), (0.63247, 0.52204, 0.20831), (0.63247, 0.53208, 0.22588), (0.62745, 0.53208, 0.22337), (0.63498, 0.52204, 0.20329), (0.63498, 0.52204, 0.20329), (0.63498, 0.53208, 0.22086), (0.63247, 0.53208, 0.22588), (0.62745, 0.52455, 0.20329), (0.63498, 0.53459, 0.22337), (0.63498, 0.53459, 0.22839), (0.63498, 0.53961, 0.2309), (0.64, 0.51953, 0.18322), (0.62996, 0.50949, 0.17318), (0.62243, 0.53208, 0.22337), (0.63498, 0.5371, 0.23341), (0.63498, 0.54714, 0.2309), (0.63498, 0.54714, 0.2309), (0.63498, 0.55969, 0.25349), (0.62243, 0.53208, 0.22337), (0.62996, 0.51953, 0.21584), (0.62745, 0.52706, 0.22086), (0.63498, 0.52957, 0.22588), (0.63498, 0.52957, 0.22588), (0.62494, 0.512, 0.19827), (0.62996, 0.51953, 0.21584), (0.63498, 0.53459, 0.22839), (0.63498, 0.53961, 0.22588), (0.62996, 0.51953, 0.19075), (0.62996, 0.51953, 0.19075), (0.62494, 0.512, 0.18824), (0.63498, 0.53459, 0.22839), (0.63749, 0.55718, 0.25851), (0.64, 0.54714, 0.23341), (0.64, 0.55467, 0.24345), (0.62996, 0.53961, 0.23843), (0.62494, 0.5371, 0.23592), (0.63498, 0.52706, 0.2058), (0.62745, 0.53961, 0.24345), (0.64, 0.54965, 0.24847), (0.62996, 0.51953, 0.21082), (0.62996, 0.51953, 0.21082), (0.64, 0.54212, 0.25098), (0.62745, 0.53961, 0.24345), (0.63247, 0.512, 0.19576), (0.63749, 0.55718, 0.25851), (0.62494, 0.51702, 0.19075), (0.62494, 0.51702, 0.19075), (0.62745, 0.50447, 0.20078), (0.63247, 0.512, 0.19576), (0.62745, 0.51702, 0.20329), (0.63498, 0.53961, 0.20078), (0.62996, 0.52455, 0.18322), (0.62996, 0.52455, 0.18322), (0.62494, 0.52957, 0.21584), (0.62745, 0.51702, 0.20329), (0.64, 0.54965, 0.21835), (0.63498, 0.55969, 0.24847), (0.63749, 0.57224, 0.27357), (0.63498, 0.53459, 0.22337), (0.63749, 0.52455, 0.20078), (0.62996, 0.50949, 0.18824), (0.63498, 0.54965, 0.23843), (0.63247, 0.53459, 0.21082), (0.63247, 0.53208, 0.22086), (0.63247, 0.53208, 0.22086), (0.63749, 0.54212, 0.23341), (0.63498, 0.54965, 0.23843), (0.63247, 0.56973, 0.27859), (0.62996, 0.54714, 0.256), (0.63498, 0.53208, 0.21082), (0.63498, 0.53208, 0.21082), (0.62494, 0.52957, 0.21082), (0.63247, 0.56973, 0.27859), (0.62996, 0.52204, 0.19576), (0.63247, 0.49443, 0.17569), (0.63247, 0.50698, 0.20329), (0.64, 0.5622, 0.27106), (0.63247, 0.54714, 0.23592), (0.63247, 0.52204, 0.21333), (0.63498, 0.52706, 0.2058), (0.63498, 0.55467, 0.25098), (0.62996, 0.53961, 0.23843), (0.64, 0.56471, 0.25851), (0.63247, 0.53208, 0.22086), (0.63247, 0.5371, 0.22839), (0.63247, 0.54714, 0.23592), (0.64, 0.55718, 0.24847), (0.64, 0.57475, 0.27106), (0.64, 0.57475, 0.27106), (0.64, 0.53961, 0.22839), (0.63247, 0.54714, 0.23592), (0.64, 0.56722, 0.27106), (0.64, 0.57725, 0.28612), (0.63247, 0.55718, 0.24596), (0.63247, 0.55718, 0.24596), (0.64, 0.54714, 0.23341), (0.64, 0.56722, 0.27106), (0.62745, 0.512, 0.2058), (0.61992, 0.51451, 0.21333), (0.62494, 0.52204, 0.20078), (0.62494, 0.52204, 0.20078), (0.63498, 0.53961, 0.22588), (0.62745, 0.512, 0.2058), (0.62996, 0.50949, 0.18824), (0.63498, 0.55467, 0.25098), (0.63498, 0.53459, 0.22337), (0.64, 0.54212, 0.22337), (0.63498, 0.52455, 0.19576), (0.63247, 0.51953, 0.19576), (0.63247, 0.50949, 0.18824), (0.63498, 0.52957, 0.22588), (0.62996, 0.50949, 0.18824), (0.62996, 0.50949, 0.18824), (0.63498, 0.51451, 0.19827), (0.63247, 0.50949, 0.18824), (0.63247, 0.52204, 0.21333), (0.63498, 0.53208, 0.22086), (0.64, 0.5622, 0.27106), (0.63498, 0.5622, 0.24094), (0.62243, 0.53459, 0.21835), (0.6149, 0.51953, 0.20078), (0.63498, 0.55467, 0.25098), (0.63498, 0.55467, 0.25098), (0.62996, 0.54965, 0.24094), (0.62996, 0.54965, 0.24094), (0.64, 0.56722, 0.26604), (0.63498, 0.55467, 0.25098), (0.63247, 0.5371, 0.22839), (0.62996, 0.51953, 0.2058), (0.64, 0.56471, 0.25851), (0.63749, 0.52706, 0.22337), (0.62745, 0.51451, 0.19576), (0.62494, 0.52957, 0.22086), (0.63247, 0.50949, 0.2058), (0.64, 0.53961, 0.23592), (0.62243, 0.51953, 0.20831), (0.62243, 0.51953, 0.20831), (0.62243, 0.51702, 0.21584), (0.63247, 0.50949, 0.2058), (0.63498, 0.54463, 0.23843), (0.63247, 0.54463, 0.24847), (0.64, 0.54463, 0.23592), (0.62996, 0.52204, 0.19325), (0.63498, 0.53459, 0.20329), (0.64, 0.53961, 0.21082), (0.64, 0.53961, 0.21082), (0.64, 0.57475, 0.2811), (0.62996, 0.52204, 0.19325), (0.63498, 0.53459, 0.22839), (0.64, 0.54212, 0.23843), (0.62996, 0.50949, 0.19827), (0.62996, 0.50949, 0.19827), (0.63749, 0.51451, 0.19325), (0.63498, 0.53459, 0.22839), (0.63247, 0.512, 0.20078), (0.63498, 0.53459, 0.22839), (0.62996, 0.51953, 0.21082), (0.62996, 0.51953, 0.21082), (0.63247, 0.54212, 0.23592), (0.63247, 0.512, 0.20078), (0.63749, 0.53459, 0.22337), (0.64, 0.54463, 0.22588), (0.63749, 0.52957, 0.20831), (0.63749, 0.52957, 0.20831), (0.63749, 0.512, 0.19827), (0.63749, 0.53459, 0.22337), (0.62745, 0.52455, 0.20831), (0.62494, 0.52455, 0.21333), (0.63247, 0.5371, 0.22839), (0.63749, 0.5622, 0.26102), (0.63498, 0.56722, 0.28361), (0.63498, 0.54714, 0.2309), (0.63498, 0.54714, 0.2309), (0.62745, 0.51953, 0.19827), (0.63749, 0.5622, 0.26102), (0.62494, 0.52957, 0.22086), (0.63498, 0.53459, 0.22839), (0.63749, 0.52706, 0.22337), (0.62745, 0.52957, 0.20078), (0.63749, 0.5622, 0.26102), (0.62745, 0.51953, 0.19827), (0.62745, 0.51953, 0.19827), (0.62745, 0.52455, 0.20329), (0.62745, 0.52957, 0.20078), (0.62745, 0.53961, 0.22337), (0.62494, 0.51953, 0.1782), (0.62996, 0.52957, 0.22337), (0.62996, 0.52957, 0.22337), (0.62996, 0.52957, 0.22337), (0.62745, 0.53961, 0.22337), (0.64, 0.5371, 0.24094), (0.63749, 0.53208, 0.2309), (0.63498, 0.53459, 0.22839), (0.63498, 0.53459, 0.22839), (0.62996, 0.54463, 0.23341), (0.64, 0.5371, 0.24094), (0.62745, 0.512, 0.2058), (0.64, 0.52706, 0.2309), (0.63749, 0.50949, 0.19576), (0.63749, 0.50949, 0.19576), (0.62745, 0.51702, 0.20831), (0.62745, 0.512, 0.2058), (0.63749, 0.57224, 0.27357), (0.62996, 0.5371, 0.21082), (0.64, 0.54965, 0.21835), (0.64, 0.54463, 0.23592), (0.63247, 0.53208, 0.22588), (0.63247, 0.50949, 0.18824), (0.63247, 0.50949, 0.18824), (0.63498, 0.50698, 0.21082), (0.64, 0.54463, 0.23592), (0.63247, 0.5371, 0.22839), (0.62745, 0.53208, 0.21333), (0.63498, 0.55216, 0.26102), (0.63498, 0.55216, 0.26102), (0.63498, 0.54463, 0.23843), (0.63247, 0.5371, 0.22839), (0.63247, 0.50698, 0.20329), (0.63498, 0.53459, 0.22337), (0.62996, 0.52204, 0.19576), (0.62494, 0.51451, 0.21082), (0.63247, 0.53208, 0.22839), (0.62996, 0.51702, 0.19325), (0.62996, 0.51702, 0.19325), (0.63247, 0.52455, 0.20329), (0.62494, 0.51451, 0.21082), (0.63498, 0.5371, 0.20831), (0.61992, 0.52455, 0.21082), (0.62494, 0.49694, 0.18322), (0.62494, 0.49694, 0.18322), (0.62494, 0.49945, 0.19576), (0.63498, 0.5371, 0.20831), (0.62243, 0.51702, 0.21584), (0.63247, 0.55216, 0.24847), (0.64, 0.54965, 0.24094), (0.64, 0.54965, 0.24094), (0.63247, 0.5371, 0.22839), (0.62243, 0.51702, 0.21584), (0.63749, 0.51953, 0.19325), (0.61741, 0.49443, 0.17067), (0.62996, 0.50196, 0.18824), (0.62745, 0.512, 0.2058), (0.62745, 0.51451, 0.19576), (0.61992, 0.49443, 0.16565), (0.61992, 0.49443, 0.16565), (0.62996, 0.50698, 0.20831), (0.62745, 0.512, 0.2058), (0.63498, 0.53961, 0.22588), (0.64, 0.56722, 0.27106), (0.62996, 0.53459, 0.22588), (0.63247, 0.52706, 0.22337), (0.62745, 0.55467, 0.23341), (0.63247, 0.55718, 0.2309), (0.62996, 0.54212, 0.24094), (0.62996, 0.512, 0.21584), (0.62745, 0.51451, 0.19576), (0.62745, 0.51451, 0.19576), (0.62745, 0.52706, 0.22086), (0.62996, 0.54212, 0.24094), (0.63749, 0.54212, 0.22839), (0.63749, 0.55969, 0.24596), (0.64, 0.56973, 0.27357), (0.64, 0.56973, 0.27357), (0.63498, 0.55467, 0.25098), (0.63749, 0.54212, 0.22839), (0.64, 0.54463, 0.23592), (0.63247, 0.5371, 0.22839), (0.63498, 0.54463, 0.23843), (0.62996, 0.52706, 0.2058), (0.62494, 0.52706, 0.22839), (0.62996, 0.55467, 0.24847), (0.62996, 0.55467, 0.24847), (0.63247, 0.54714, 0.23592), (0.62996, 0.52706, 0.2058), (0.63498, 0.54212, 0.24847), (0.63498, 0.54714, 0.24596), (0.63247, 0.55216, 0.24345), (0.62996, 0.54463, 0.23341), (0.63498, 0.53459, 0.22839), (0.62494, 0.512, 0.18824), (0.62494, 0.512, 0.18824), (0.63498, 0.52204, 0.20329), (0.62996, 0.54463, 0.23341), (0.62996, 0.50698, 0.20831), (0.61992, 0.49443, 0.16565), (0.63247, 0.52204, 0.20831), (0.63247, 0.52204, 0.20831), (0.63749, 0.51451, 0.21584), (0.62996, 0.50698, 0.20831), (0.62494, 0.53459, 0.23341), (0.62745, 0.52455, 0.20831), (0.63247, 0.51953, 0.19576), (0.63247, 0.51953, 0.19576), (0.62996, 0.50949, 0.16816), (0.62494, 0.53459, 0.23341), (0.63247, 0.55718, 0.2309), (0.63749, 0.55969, 0.24596), (0.63247, 0.52706, 0.22337), (0.62494, 0.51702, 0.19576), (0.62996, 0.52706, 0.21584), (0.62745, 0.52706, 0.19576), (0.62745, 0.52706, 0.19576), (0.64, 0.54965, 0.24847), (0.62494, 0.51702, 0.19576), (0.63498, 0.53961, 0.2309), (0.63498, 0.52455, 0.21082), (0.62745, 0.5371, 0.2309), (0.62745, 0.5371, 0.2309), (0.62996, 0.54965, 0.24094), (0.63498, 0.53961, 0.2309), (0.63247, 0.5371, 0.22839), (0.64, 0.54463, 0.23592), (0.62745, 0.52455, 0.20831), (0.62996, 0.51953, 0.21082), (0.63498, 0.53459, 0.22839), (0.63498, 0.54714, 0.24596), (0.63498, 0.54714, 0.24596), (0.63498, 0.53961, 0.2309), (0.62996, 0.51953, 0.21082), (0.63247, 0.55216, 0.24345), (0.63749, 0.55467, 0.26353), (0.63498, 0.54212, 0.24847), (0.63498, 0.54212, 0.24847), (0.62745, 0.52455, 0.22839), (0.62996, 0.52957, 0.22337), (0.62996, 0.53961, 0.23843), (0.63247, 0.55969, 0.25851), (0.63749, 0.5622, 0.256), (0.63749, 0.5622, 0.256), (0.62494, 0.5371, 0.23592), (0.62996, 0.53961, 0.23843), (0.63498, 0.53961, 0.22588), (0.64, 0.57224, 0.26353), (0.64, 0.56973, 0.26855), (0.63247, 0.512, 0.19576), (0.64, 0.54212, 0.21333), (0.63247, 0.53208, 0.22588), (0.63247, 0.53208, 0.22588), (0.62745, 0.52706, 0.22086), (0.63247, 0.512, 0.19576), (0.64, 0.54965, 0.24345), (0.63498, 0.5622, 0.26102), (0.62996, 0.51702, 0.19325), (0.62996, 0.51702, 0.19325), (0.62745, 0.52706, 0.19827), (0.64, 0.54965, 0.24345), (0.62996, 0.52957, 0.19827), (0.63749, 0.55216, 0.24345), (0.62745, 0.52706, 0.19827), (0.62745, 0.52706, 0.19827), (0.63749, 0.55216, 0.24094), (0.62996, 0.52957, 0.19827), (0.63247, 0.53459, 0.21082), (0.63498, 0.53208, 0.22086), (0.63749, 0.54714, 0.24094), (0.63247, 0.512, 0.19576), (0.62745, 0.52706, 0.22086), (0.63247, 0.50949, 0.18824), (0.63247, 0.50949, 0.18824), (0.62494, 0.54463, 0.24596), (0.63247, 0.512, 0.19576), (0.63247, 0.52706, 0.19075), (0.62745, 0.52957, 0.2058), (0.64, 0.55969, 0.256), (0.62996, 0.53459, 0.22588), (0.62494, 0.52204, 0.2058), (0.63498, 0.53961, 0.22588), (0.62996, 0.52957, 0.22337), (0.63749, 0.5622, 0.25098), (0.63498, 0.54212, 0.24847), (0.63749, 0.52957, 0.20329), (0.62996, 0.512, 0.18573), (0.63749, 0.54965, 0.25349), (0.63749, 0.54965, 0.25349), (0.63749, 0.5371, 0.2058), (0.63749, 0.52957, 0.20329), (0.63749, 0.5622, 0.26102), (0.62243, 0.5371, 0.22588), (0.63749, 0.55216, 0.24094), (0.63749, 0.55216, 0.24094), (0.63749, 0.55216, 0.24094), (0.63749, 0.5622, 0.26102), (0.63247, 0.55216, 0.24345), (0.63749, 0.55216, 0.23592), (0.62996, 0.54212, 0.22588), (0.64, 0.56973, 0.26855), (0.62745, 0.52706, 0.21584), (0.63498, 0.53961, 0.22588), (0.63498, 0.57224, 0.27608), (0.63498, 0.52455, 0.21082), (0.64, 0.54965, 0.24094), (0.64, 0.54965, 0.24094), (0.64, 0.53961, 0.22839), (0.63498, 0.57224, 0.27608), (0.63749, 0.54714, 0.24094), (0.64, 0.56722, 0.27106), (0.63247, 0.53459, 0.21082), (0.62745, 0.51702, 0.18824), (0.63498, 0.51702, 0.19075), (0.63749, 0.52706, 0.19325), (0.63749, 0.52706, 0.19325), (0.62745, 0.50949, 0.1782), (0.62745, 0.51702, 0.18824), (0.63247, 0.52957, 0.23341), (0.63749, 0.54965, 0.23341), (0.63247, 0.54463, 0.21835), (0.63247, 0.54463, 0.21835), (0.63247, 0.54212, 0.24094), (0.63247, 0.52957, 0.23341), (0.62996, 0.50949, 0.16816), (0.63247, 0.51953, 0.19576), (0.63749, 0.54212, 0.22839), (0.63749, 0.54212, 0.22839), (0.63247, 0.52204, 0.20831), (0.62996, 0.50949, 0.16816), (0.62996, 0.50196, 0.18824), (0.62996, 0.50196, 0.2058), (0.63749, 0.51953, 0.19325), (0.63749, 0.53208, 0.22839), (0.64, 0.53961, 0.24345), (0.63247, 0.51451, 0.21835), (0.63498, 0.5622, 0.24596), (0.63247, 0.54714, 0.23592), (0.62996, 0.55467, 0.24847), (0.62996, 0.55467, 0.24847), (0.63247, 0.55216, 0.24345), (0.63498, 0.5622, 0.24596), (0.63498, 0.51953, 0.21835), (0.63247, 0.51953, 0.19576), (0.63749, 0.51702, 0.19576), (0.63749, 0.51702, 0.19576), (0.62996, 0.55969, 0.25098), (0.63498, 0.51953, 0.21835), (0.63498, 0.54212, 0.20831), (0.62996, 0.55467, 0.22839), (0.63498, 0.5622, 0.26102), (0.63498, 0.5622, 0.26102), (0.64, 0.54965, 0.24345), (0.63498, 0.54212, 0.20831), (0.64, 0.5622, 0.26855), (0.63498, 0.55969, 0.24847), (0.63749, 0.5622, 0.2811), (0.63498, 0.53961, 0.2309), (0.63749, 0.57224, 0.26855), (0.63247, 0.54212, 0.23592), (0.63247, 0.54212, 0.23592), (0.62996, 0.52957, 0.22337), (0.63498, 0.53961, 0.2309), (0.63749, 0.53459, 0.22337), (0.63498, 0.53208, 0.22086), (0.62996, 0.53961, 0.23341), (0.62996, 0.53961, 0.23341), (0.63247, 0.53208, 0.22588), (0.63749, 0.53459, 0.22337), (0.63247, 0.52706, 0.22588), (0.62745, 0.54965, 0.25851), (0.63749, 0.53961, 0.21584), (0.63498, 0.53459, 0.2309), (0.62996, 0.52455, 0.22086), (0.63498, 0.5371, 0.23341), (0.63498, 0.5371, 0.23341), (0.64, 0.55216, 0.256), (0.63498, 0.53459, 0.2309), (0.63247, 0.51451, 0.21835), (0.62996, 0.50949, 0.18824), (0.63749, 0.53208, 0.22839), (0.63247, 0.54463, 0.24345), (0.62745, 0.52706, 0.19827), (0.63498, 0.54714, 0.22086), (0.62996, 0.54212, 0.22588), (0.63498, 0.5622, 0.24596), (0.63247, 0.55216, 0.24345), (0.62745, 0.52957, 0.22588), (0.63498, 0.53961, 0.2309), (0.63247, 0.56722, 0.26353), (0.63247, 0.56722, 0.26353), (0.63749, 0.55216, 0.24094), (0.62745, 0.52957, 0.22588), (0.64, 0.56471, 0.26353), (0.63247, 0.55969, 0.25851), (0.60988, 0.49192, 0.16565), (0.60988, 0.49192, 0.16565), (0.62996, 0.53459, 0.21584), (0.64, 0.56471, 0.26353), (0.63498, 0.52204, 0.20831), (0.62996, 0.52455, 0.22086), (0.63498, 0.53961, 0.2309), (0.63498, 0.53961, 0.2309), (0.62745, 0.52706, 0.22086), (0.63498, 0.52204, 0.20831), (0.63247, 0.55969, 0.24345), (0.62996, 0.55216, 0.23843), (0.64, 0.54463, 0.24094), (0.64, 0.54463, 0.24094), (0.63498, 0.52455, 0.21584), (0.63247, 0.55969, 0.24345), (0.64, 0.55969, 0.256), (0.6149, 0.51953, 0.20078), (0.63247, 0.52706, 0.19075), (0.64, 0.55718, 0.256), (0.62996, 0.52204, 0.20078), (0.62996, 0.52455, 0.22086), (0.62996, 0.52455, 0.22086), (0.63498, 0.52957, 0.22588), (0.64, 0.55718, 0.256), (0.63498, 0.5622, 0.24094), (0.63498, 0.54714, 0.22086), (0.62745, 0.52706, 0.19827), (0.62745, 0.52706, 0.19827), (0.62996, 0.51702, 0.19325), (0.63498, 0.5622, 0.24094), (0.63498, 0.54714, 0.22086), (0.63749, 0.56471, 0.24847), (0.63247, 0.54463, 0.24345), (0.63749, 0.51451, 0.21082), (0.63498, 0.52455, 0.21082), (0.63498, 0.53961, 0.2309), (0.63498, 0.53961, 0.2309), (0.63247, 0.53208, 0.22588), (0.63749, 0.51451, 0.21082), (0.64, 0.51702, 0.20831), (0.62745, 0.50196, 0.19827), (0.62996, 0.51953, 0.21584), (0.62996, 0.51953, 0.21584), (0.62494, 0.512, 0.19827), (0.64, 0.51702, 0.20831), (0.63749, 0.56471, 0.24847), (0.63498, 0.54714, 0.22086), (0.62996, 0.55216, 0.23843), (0.62996, 0.55216, 0.23843), (0.63247, 0.55969, 0.24345), (0.63749, 0.56471, 0.24847), (0.63749, 0.5371, 0.2058), (0.62996, 0.55467, 0.22839), (0.63247, 0.512, 0.19075), (0.63247, 0.512, 0.19075), (0.62243, 0.50949, 0.19075), (0.63749, 0.5371, 0.2058), (0.62745, 0.51451, 0.19576), (0.63749, 0.50698, 0.20078), (0.63247, 0.51953, 0.2058), (0.63247, 0.51953, 0.2058), (0.63498, 0.51451, 0.19325), (0.62745, 0.51451, 0.19576), (0.62996, 0.49694, 0.17569), (0.6149, 0.51953, 0.20078), (0.63247, 0.51953, 0.2058), (0.63247, 0.51953, 0.2058), (0.63498, 0.50196, 0.17569), (0.62996, 0.49694, 0.17569), (0.63247, 0.52204, 0.20831), (0.62745, 0.52706, 0.19827), (0.63247, 0.5371, 0.22839), (0.63247, 0.5371, 0.22839), (0.64, 0.54463, 0.23592), (0.63247, 0.52204, 0.20831), (0.64, 0.54212, 0.23592), (0.63749, 0.53961, 0.24094), (0.62996, 0.52706, 0.21584), (0.62996, 0.52706, 0.21584), (0.63498, 0.5371, 0.21333), (0.64, 0.54212, 0.23592), (0.62996, 0.57475, 0.27357), (0.63749, 0.55969, 0.24596), (0.63498, 0.53459, 0.22839), (0.63498, 0.52455, 0.22086), (0.63749, 0.54965, 0.25851), (0.62745, 0.51451, 0.19075), (0.62745, 0.51451, 0.19075), (0.62996, 0.50949, 0.18824), (0.63498, 0.52455, 0.22086), (0.63749, 0.51702, 0.2058), (0.62996, 0.53961, 0.23341), (0.62996, 0.53208, 0.23341), (0.62996, 0.53208, 0.23341), (0.62996, 0.51702, 0.19827), (0.63749, 0.51702, 0.2058), (0.63749, 0.53961, 0.21584), (0.63749, 0.55216, 0.23592), (0.63247, 0.52706, 0.22588), (0.63247, 0.54463, 0.21835), (0.62745, 0.5371, 0.22839), (0.63749, 0.54965, 0.23341), (0.63749, 0.54965, 0.23341), (0.63749, 0.54212, 0.22839), (0.63247, 0.54463, 0.21835), (0.63749, 0.5622, 0.2811), (0.64, 0.55216, 0.26102), (0.64, 0.5622, 0.26855), (0.63749, 0.512, 0.19827), (0.62996, 0.52706, 0.2058), (0.63749, 0.52204, 0.22086), (0.63749, 0.52204, 0.22086), (0.62745, 0.51451, 0.19576), (0.63749, 0.512, 0.19827), (0.62996, 0.54965, 0.24094), (0.63749, 0.5622, 0.25098), (0.64, 0.54212, 0.23843), (0.64, 0.54212, 0.23843), (0.63498, 0.55467, 0.25098), (0.62996, 0.54965, 0.24094), (0.64, 0.53961, 0.24345), (0.63749, 0.53208, 0.22839), (0.63498, 0.53459, 0.22839), (0.63498, 0.53459, 0.22839), (0.63498, 0.53459, 0.22839), (0.64, 0.53961, 0.24345), (0.63498, 0.53459, 0.22839), (0.63749, 0.57475, 0.27608), (0.62996, 0.57475, 0.27357), (0.63247, 0.53459, 0.21082), (0.63247, 0.51451, 0.18322), (0.63247, 0.54212, 0.24094), (0.63749, 0.52706, 0.19325), (0.63247, 0.51451, 0.18824), (0.63247, 0.53208, 0.20329), (0.63247, 0.53208, 0.20329), (0.62745, 0.50949, 0.1782), (0.63749, 0.52706, 0.19325), (0.64, 0.57475, 0.27106), (0.64, 0.55718, 0.24596), (0.64, 0.5622, 0.24345), (0.64, 0.5622, 0.24345), (0.63247, 0.54463, 0.22337), (0.64, 0.57475, 0.27106), (0.62494, 0.512, 0.18824), (0.62996, 0.51953, 0.19075), (0.63247, 0.55467, 0.26102), (0.63247, 0.55467, 0.26102), (0.63498, 0.55718, 0.26353), (0.62494, 0.512, 0.18824), (0.61992, 0.51953, 0.21333), (0.64, 0.55969, 0.27106), (0.63498, 0.54714, 0.25098), (0.63749, 0.5371, 0.23341), (0.63749, 0.53961, 0.24094), (0.64, 0.54965, 0.24847), (0.62745, 0.55467, 0.23341), (0.63247, 0.52706, 0.22337), (0.63498, 0.5371, 0.23843), (0.63498, 0.5371, 0.23843), (0.63749, 0.57224, 0.26855), (0.62745, 0.55467, 0.23341), (0.63749, 0.51953, 0.18824), (0.63498, 0.51451, 0.17318), (0.63498, 0.52706, 0.2058), (0.63498, 0.52706, 0.2058), (0.64, 0.53961, 0.23341), (0.63749, 0.51953, 0.18824), (0.64, 0.54212, 0.22337), (0.63247, 0.52957, 0.23341), (0.63247, 0.54212, 0.24094), (0.63247, 0.54212, 0.24094), (0.63498, 0.52455, 0.19576), (0.64, 0.54212, 0.22337), (0.63247, 0.54212, 0.24094), (0.63247, 0.54463, 0.21835), (0.63247, 0.53459, 0.21082), (0.62996, 0.51451, 0.21333), (0.63247, 0.54463, 0.24847), (0.63498, 0.54714, 0.24596), (0.63498, 0.54714, 0.24596), (0.64, 0.5622, 0.25349), (0.62996, 0.51451, 0.21333), (0.64, 0.52957, 0.2309), (0.62996, 0.54463, 0.23592), (0.63749, 0.54212, 0.22839), (0.63749, 0.54212, 0.22839), (0.63749, 0.54965, 0.22839), (0.64, 0.52957, 0.2309), (0.63498, 0.54714, 0.25098), (0.63498, 0.53459, 0.22839), (0.61992, 0.51953, 0.21333), (0.62745, 0.51702, 0.21333), (0.62745, 0.49443, 0.16816), (0.63247, 0.51953, 0.2058), (0.63247, 0.51953, 0.2058), (0.63749, 0.52455, 0.22588), (0.62745, 0.51702, 0.21333), (0.64, 0.54965, 0.24847), (0.63247, 0.54212, 0.23592), (0.63749, 0.5371, 0.23341), (0.63498, 0.53961, 0.2309), (0.63247, 0.54463, 0.22839), (0.62996, 0.53459, 0.22086), (0.62996, 0.53459, 0.22086), (0.63749, 0.55718, 0.25851), (0.63498, 0.53961, 0.2309), (0.63749, 0.53961, 0.23592), (0.63498, 0.54463, 0.23592), (0.63498, 0.53208, 0.21584), (0.63498, 0.53208, 0.21584), (0.63498, 0.53459, 0.22839), (0.63749, 0.53961, 0.23592), (0.62745, 0.50447, 0.18322), (0.62494, 0.49945, 0.17067), (0.63498, 0.51451, 0.19325), (0.63498, 0.51451, 0.19325), (0.63247, 0.51953, 0.2058), (0.62745, 0.50447, 0.18322), (0.63247, 0.55718, 0.24596), (0.64, 0.56722, 0.26604), (0.64, 0.5371, 0.23592), (0.64, 0.5371, 0.23592), (0.63247, 0.51953, 0.2058), (0.63247, 0.55718, 0.24596), (0.63247, 0.53459, 0.2309), (0.63247, 0.52204, 0.20831), (0.63498, 0.52204, 0.20329), (0.63247, 0.53459, 0.2309), (0.63247, 0.53208, 0.22588), (0.62243, 0.49443, 0.17569), (0.62243, 0.49443, 0.17569), (0.62745, 0.53208, 0.21333), (0.63247, 0.53459, 0.2309), (0.62494, 0.49694, 0.17569), (0.63498, 0.512, 0.19075), (0.62243, 0.51953, 0.20831), (0.62243, 0.51953, 0.20831), (0.62996, 0.52957, 0.21835), (0.62494, 0.49694, 0.17569), (0.63749, 0.52455, 0.20078), (0.63498, 0.53459, 0.22337), (0.63749, 0.52706, 0.19827), (0.63749, 0.52706, 0.19827), (0.62243, 0.49945, 0.17569), (0.63749, 0.52455, 0.20078), (0.63247, 0.56471, 0.24094), (0.64, 0.57725, 0.27859), (0.63498, 0.56722, 0.27357), (0.63498, 0.52455, 0.21584), (0.62996, 0.53459, 0.22588), (0.64, 0.52706, 0.2309), (0.63247, 0.51451, 0.18824), (0.63247, 0.52957, 0.21333), (0.62745, 0.51953, 0.19827), (0.62745, 0.51953, 0.19827), (0.63749, 0.54463, 0.21333), (0.63247, 0.51451, 0.18824), (0.62996, 0.49192, 0.17318), (0.63749, 0.52455, 0.22588), (0.62745, 0.512, 0.2058), (0.62745, 0.512, 0.2058), (0.62996, 0.49694, 0.17569), (0.62996, 0.49192, 0.17318), (0.62996, 0.53961, 0.2309), (0.63498, 0.53208, 0.22086), (0.62494, 0.50447, 0.18824), (0.62494, 0.50447, 0.18824), (0.62494, 0.49694, 0.17569), (0.62996, 0.53961, 0.2309), (0.63498, 0.52204, 0.20329), (0.63498, 0.55718, 0.26353), (0.63247, 0.53459, 0.2309), (0.62996, 0.53961, 0.23843), (0.62996, 0.52455, 0.22086), (0.62996, 0.52204, 0.20078), (0.63247, 0.50949, 0.21082), (0.63498, 0.54212, 0.24847), (0.64, 0.54714, 0.23341), (0.64, 0.54714, 0.23341), (0.63498, 0.54965, 0.23843), (0.63247, 0.50949, 0.21082), (0.62745, 0.512, 0.2058), (0.63749, 0.5371, 0.2309), (0.63498, 0.54212, 0.24847), (0.63498, 0.54212, 0.24847), (0.62745, 0.52706, 0.22086), (0.62745, 0.512, 0.2058), (0.63247, 0.53459, 0.21082), (0.64, 0.53208, 0.22337), (0.62745, 0.5371, 0.22839), (0.62745, 0.5371, 0.22839), (0.63247, 0.53208, 0.22086), (0.63247, 0.53459, 0.21082), (0.64, 0.52706, 0.2309), (0.62745, 0.512, 0.2058), (0.63498, 0.52455, 0.21584), (0.62745, 0.52706, 0.21584), (0.63247, 0.52706, 0.22337), (0.63247, 0.51953, 0.19576), (0.63247, 0.51953, 0.19576), (0.63247, 0.53208, 0.22086), (0.62745, 0.52706, 0.21584), (0.62745, 0.52204, 0.22086), (0.62996, 0.52455, 0.22086), (0.63498, 0.54212, 0.24847), (0.63498, 0.54212, 0.24847), (0.63247, 0.50949, 0.21082), (0.62745, 0.52204, 0.22086), (0.64, 0.56471, 0.23843), (0.62745, 0.512, 0.21082), (0.63749, 0.5371, 0.2309), (0.63749, 0.5371, 0.2309), (0.62494, 0.51702, 0.18824), (0.64, 0.56471, 0.23843), (0.63247, 0.512, 0.19576), (0.62745, 0.512, 0.2058), (0.62745, 0.51702, 0.20831), (0.62996, 0.52204, 0.20078), (0.62745, 0.52455, 0.20831), (0.62996, 0.53961, 0.23843), (0.63749, 0.56471, 0.27106), (0.63247, 0.55467, 0.24094), (0.63498, 0.54463, 0.23592), (0.62494, 0.53459, 0.22588), (0.63247, 0.56722, 0.26353), (0.64, 0.55467, 0.26353), (0.64, 0.55467, 0.26353), (0.63749, 0.54714, 0.24094), (0.62494, 0.53459, 0.22588), (0.63749, 0.55969, 0.26604), (0.63247, 0.53208, 0.22086), (0.63247, 0.51953, 0.19576), (0.63247, 0.51953, 0.19576), (0.62745, 0.54212, 0.23341), (0.63749, 0.55969, 0.26604), (0.63498, 0.5622, 0.26102), (0.63749, 0.54965, 0.25349), (0.62745, 0.51702, 0.18824), (0.63247, 0.50949, 0.2058), (0.62745, 0.52204, 0.21835), (0.62243, 0.51953, 0.22337), (0.62243, 0.51953, 0.22337), (0.63749, 0.54714, 0.26102), (0.63247, 0.50949, 0.2058), (0.64, 0.54212, 0.23592), (0.63498, 0.54463, 0.23592), (0.63498, 0.53961, 0.22588), (0.63498, 0.51451, 0.19827), (0.62243, 0.512, 0.20329), (0.62494, 0.51451, 0.21082), (0.62494, 0.51451, 0.21082), (0.63498, 0.52706, 0.2058), (0.63498, 0.51451, 0.19827), (0.62494, 0.49945, 0.17067), (0.62745, 0.50447, 0.18322), (0.63498, 0.53961, 0.2309), (0.63498, 0.53961, 0.2309), (0.63498, 0.54714, 0.2309), (0.62494, 0.49945, 0.17067), (0.63749, 0.53208, 0.22839), (0.63498, 0.52204, 0.19827), (0.63247, 0.51953, 0.20078), (0.63247, 0.51953, 0.20078), (0.63498, 0.53459, 0.22839), (0.63749, 0.53208, 0.22839), (0.63498, 0.54463, 0.23592), (0.63247, 0.53208, 0.22086), (0.63749, 0.56471, 0.27106), (0.62745, 0.51702, 0.18824), (0.62996, 0.51702, 0.19325), (0.63498, 0.5622, 0.26102), (0.63247, 0.52204, 0.21835), (0.62494, 0.52957, 0.22086), (0.62745, 0.51451, 0.19576), (0.62745, 0.51451, 0.19576), (0.62745, 0.50698, 0.19075), (0.63247, 0.52204, 0.21835), (0.63749, 0.53208, 0.2309), (0.63247, 0.54212, 0.23592), (0.63749, 0.53961, 0.22086), (0.63749, 0.53961, 0.22086), (0.64, 0.53961, 0.23592), (0.63749, 0.53208, 0.2309), (0.63498, 0.5371, 0.23843), (0.62745, 0.52455, 0.22839), (0.64, 0.56722, 0.27357), (0.64, 0.56722, 0.27357), (0.62996, 0.54965, 0.24596), (0.63498, 0.5371, 0.23843), (0.63498, 0.53961, 0.22588), (0.63749, 0.53961, 0.24094), (0.64, 0.54212, 0.23592), (0.63498, 0.56722, 0.27357), (0.63498, 0.53961, 0.2309), (0.63247, 0.56471, 0.24094), (0.62745, 0.51702, 0.20831), (0.62996, 0.51451, 0.21333), (0.63247, 0.512, 0.19576), (0.63247, 0.53208, 0.22588), (0.63498, 0.53961, 0.2309), (0.63498, 0.55467, 0.25098), (0.63498, 0.55467, 0.25098), (0.62996, 0.54463, 0.23341), (0.63247, 0.53208, 0.22588), (0.62996, 0.53208, 0.21333), (0.63498, 0.54714, 0.25098), (0.62745, 0.51451, 0.19075), (0.62745, 0.51451, 0.19075), (0.62494, 0.50949, 0.20831), (0.62996, 0.53208, 0.21333), (0.63247, 0.52204, 0.19325), (0.64, 0.53961, 0.24345), (0.62745, 0.52706, 0.19827), (0.62745, 0.52706, 0.19827), (0.62996, 0.512, 0.16565), (0.63247, 0.52204, 0.19325), (0.62996, 0.52957, 0.21835), (0.63498, 0.55216, 0.26102), (0.63498, 0.5371, 0.23843), (0.63498, 0.5371, 0.23843), (0.62996, 0.51953, 0.2058), (0.62996, 0.52957, 0.21835), (0.63247, 0.55467, 0.26353), (0.63247, 0.57725, 0.29616), (0.63247, 0.49945, 0.1782), (0.63247, 0.49945, 0.1782), (0.62243, 0.49443, 0.17318), (0.63247, 0.55467, 0.26353), (0.62494, 0.51702, 0.19576), (0.64, 0.54965, 0.24847), (0.63749, 0.53961, 0.24094), (0.63749, 0.53961, 0.24094), (0.63247, 0.53208, 0.22588), (0.62494, 0.51702, 0.19576), (0.64, 0.55467, 0.24596), (0.64, 0.56973, 0.27608), (0.63247, 0.57725, 0.29616), (0.63247, 0.57725, 0.29616), (0.63498, 0.54714, 0.24596), (0.64, 0.55467, 0.24596), (0.63247, 0.52204, 0.20831), (0.63498, 0.53961, 0.2309), (0.63749, 0.54212, 0.22839), (0.63749, 0.54212, 0.22839), (0.63247, 0.51953, 0.19576), (0.63247, 0.52204, 0.20831), (0.64, 0.54714, 0.23843), (0.63498, 0.53961, 0.2309), (0.63498, 0.54714, 0.24596), (0.63498, 0.54714, 0.24596), (0.62745, 0.53961, 0.21333), (0.64, 0.54714, 0.23843), (0.63247, 0.53459, 0.21082), (0.63498, 0.54965, 0.23843), (0.64, 0.54463, 0.23592), (0.64, 0.54463, 0.23592), (0.63498, 0.50698, 0.21082), (0.63247, 0.53459, 0.21082), (0.61741, 0.49443, 0.17067), (0.62996, 0.50698, 0.18573), (0.63498, 0.512, 0.20831), (0.63498, 0.512, 0.20831), (0.62996, 0.50196, 0.18824), (0.61741, 0.49443, 0.17067), (0.63247, 0.50949, 0.18824), (0.62745, 0.52957, 0.20078), (0.62745, 0.52455, 0.20329), (0.62745, 0.52455, 0.20329), (0.62745, 0.49443, 0.16816), (0.63247, 0.50949, 0.18824), (0.63749, 0.54965, 0.25349), (0.62745, 0.53961, 0.21333), (0.63498, 0.54714, 0.24596), (0.63498, 0.54714, 0.24596), (0.63498, 0.53459, 0.22839), (0.63749, 0.54965, 0.25349), (0.63247, 0.57725, 0.29616), (0.64, 0.56973, 0.27608), (0.63247, 0.50949, 0.18071), (0.63247, 0.50949, 0.18071), (0.63247, 0.49945, 0.1782), (0.63247, 0.57725, 0.29616), (0.63498, 0.512, 0.18322), (0.63247, 0.512, 0.17569), (0.64, 0.54463, 0.25098), (0.64, 0.54463, 0.25098), (0.63247, 0.53961, 0.24596), (0.63498, 0.512, 0.18322), (0.62494, 0.50196, 0.1782), (0.63749, 0.56722, 0.25851), (0.64, 0.55467, 0.24596), (0.64, 0.55467, 0.24596), (0.62494, 0.49945, 0.17067), (0.62494, 0.50196, 0.1782), (0.63498, 0.512, 0.19075), (0.63498, 0.51451, 0.20329), (0.63498, 0.52455, 0.22086), (0.63498, 0.52455, 0.22086), (0.62243, 0.51953, 0.20831), (0.63498, 0.512, 0.19075), (0.62745, 0.53961, 0.22337), (0.62996, 0.53208, 0.21333), (0.63498, 0.52957, 0.22839), (0.63498, 0.52957, 0.22839), (0.63749, 0.54965, 0.25851), (0.62745, 0.53961, 0.22337), (0.63498, 0.51953, 0.21835), (0.64, 0.54714, 0.24847), (0.63749, 0.54212, 0.23341), (0.63749, 0.54212, 0.23341), (0.64, 0.54212, 0.2309), (0.63498, 0.51953, 0.21835), (0.63498, 0.5371, 0.20831), (0.63498, 0.54212, 0.21584), (0.64, 0.54212, 0.23592), (0.64, 0.54212, 0.23592), (0.62996, 0.51953, 0.19075), (0.63498, 0.5371, 0.20831), (0.63749, 0.54212, 0.23341), (0.62996, 0.54965, 0.24596), (0.62996, 0.53459, 0.22086), (0.62996, 0.53459, 0.22086), (0.63247, 0.51702, 0.21082), (0.63749, 0.54212, 0.23341), (0.63247, 0.52204, 0.20831), (0.62494, 0.52204, 0.2058), (0.63498, 0.52706, 0.2058), (0.63498, 0.52706, 0.2058), (0.62494, 0.50196, 0.1782), (0.63247, 0.52204, 0.20831), (0.62745, 0.53208, 0.22337), (0.63247, 0.54463, 0.22839), (0.63498, 0.53961, 0.2309), (0.63498, 0.53961, 0.2309), (0.62745, 0.52957, 0.22588), (0.62745, 0.53208, 0.22337), (0.63247, 0.51702, 0.21082), (0.62996, 0.53459, 0.22086), (0.63498, 0.512, 0.20831), (0.63498, 0.512, 0.20831), (0.63247, 0.50447, 0.20831), (0.63247, 0.51702, 0.21082), (0.62494, 0.50196, 0.1782), (0.63498, 0.52706, 0.2058), (0.63247, 0.50698, 0.19325), (0.63247, 0.50698, 0.19325), (0.62996, 0.50698, 0.18322), (0.62494, 0.50196, 0.1782), (0.63498, 0.53961, 0.2309), (0.63498, 0.5371, 0.23341), (0.63247, 0.54212, 0.23592), (0.63247, 0.54212, 0.23592), (0.62996, 0.52455, 0.22086), (0.63498, 0.53961, 0.2309), (0.64, 0.55467, 0.24596), (0.63247, 0.55216, 0.24847), (0.63749, 0.56973, 0.27608), (0.63749, 0.56973, 0.27608), (0.64, 0.56973, 0.27608), (0.64, 0.55467, 0.24596), (0.63498, 0.53208, 0.22086), (0.63247, 0.52706, 0.22337), (0.64, 0.53961, 0.23592), (0.64, 0.53961, 0.23592), (0.62494, 0.50447, 0.18824), (0.63498, 0.53208, 0.22086), (0.64, 0.54212, 0.21835), (0.64, 0.55718, 0.24847), (0.62745, 0.53961, 0.21333), (0.62745, 0.53961, 0.21333), (0.63749, 0.53961, 0.21082), (0.64, 0.54212, 0.21835), (0.62996, 0.54212, 0.22588), (0.62745, 0.52706, 0.19576), (0.63498, 0.53961, 0.2309), (0.63498, 0.53961, 0.2309), (0.63498, 0.55467, 0.25098), (0.62996, 0.54212, 0.22588), (0.63247, 0.53208, 0.22086), (0.63247, 0.54212, 0.23592), (0.63498, 0.53208, 0.23592), (0.63498, 0.53208, 0.23592), (0.62745, 0.52706, 0.21584), (0.63247, 0.53208, 0.22086), (0.62243, 0.4869, 0.15059), (0.61992, 0.49694, 0.16816), (0.64, 0.51702, 0.19576), (0.62996, 0.50949, 0.18824), (0.64, 0.5371, 0.22086), (0.63749, 0.5622, 0.26102), (0.63749, 0.5622, 0.26102), (0.64, 0.54714, 0.24847), (0.62996, 0.50949, 0.18824), (0.62745, 0.54212, 0.23341), (0.63247, 0.51953, 0.19576), (0.63498, 0.51451, 0.19325), (0.63498, 0.51451, 0.19325), (0.63498, 0.53459, 0.22839), (0.62745, 0.54212, 0.23341), (0.62996, 0.54965, 0.24596), (0.62745, 0.52706, 0.22086), (0.63498, 0.53961, 0.2309), (0.63247, 0.512, 0.20078), (0.62494, 0.51953, 0.21584), (0.63247, 0.50447, 0.20831), (0.63247, 0.50447, 0.20831), (0.62745, 0.50196, 0.19827), (0.63247, 0.512, 0.20078), (0.61992, 0.48941, 0.15059), (0.63749, 0.5371, 0.2309), (0.62243, 0.50949, 0.18573), (0.62996, 0.53961, 0.2309), (0.63247, 0.55216, 0.25349), (0.62243, 0.52706, 0.20831), (0.62243, 0.52706, 0.20831), (0.63247, 0.53459, 0.21584), (0.62996, 0.53961, 0.2309), (0.63749, 0.55216, 0.24094), (0.62996, 0.54463, 0.22839), (0.62494, 0.51702, 0.18824), (0.62494, 0.51702, 0.18824), (0.62996, 0.52455, 0.18824), (0.63749, 0.55216, 0.24094), (0.63749, 0.52706, 0.19325), (0.63247, 0.50949, 0.18573), (0.64, 0.56471, 0.27859), (0.63749, 0.5622, 0.256), (0.64, 0.57725, 0.28612), (0.63749, 0.54965, 0.23341), (0.63749, 0.54965, 0.23341), (0.63749, 0.55216, 0.23592), (0.63749, 0.5622, 0.256), (0.62243, 0.50949, 0.18573), (0.62243, 0.49443, 0.17318), (0.61992, 0.48941, 0.15059), (0.64, 0.5622, 0.23843), (0.6149, 0.48188, 0.15059), (0.64, 0.55718, 0.24596), (0.64, 0.55718, 0.24596), (0.62996, 0.54463, 0.22839), (0.64, 0.5622, 0.23843), (0.63247, 0.55216, 0.24847), (0.64, 0.54965, 0.24345), (0.63498, 0.54714, 0.2309), (0.63498, 0.54714, 0.2309), (0.62996, 0.54965, 0.24596), (0.63247, 0.55216, 0.24847), (0.63749, 0.52706, 0.21835), (0.62996, 0.52957, 0.22337), (0.63247, 0.52204, 0.21835), (0.64, 0.53208, 0.21082), (0.63749, 0.53459, 0.21333), (0.63247, 0.54212, 0.23341), (0.63247, 0.54212, 0.23341), (0.62996, 0.52957, 0.22588), (0.64, 0.53208, 0.21082), (0.64, 0.56973, 0.27357), (0.63498, 0.55969, 0.25349), (0.62745, 0.50698, 0.14557), (0.62745, 0.50698, 0.14557), (0.63247, 0.512, 0.17067), (0.64, 0.56973, 0.27357), (0.63749, 0.5371, 0.2309), (0.64, 0.54965, 0.26353), (0.63498, 0.52455, 0.21082), (0.63498, 0.52455, 0.21082), (0.63749, 0.55969, 0.26604), (0.63749, 0.5371, 0.2309), (0.63247, 0.52204, 0.21835), (0.63749, 0.5371, 0.2309), (0.63749, 0.52706, 0.21835), (0.63749, 0.57224, 0.27357), (0.63749, 0.55969, 0.24596), (0.64, 0.56973, 0.26353), (0.64, 0.56973, 0.26353), (0.62494, 0.5371, 0.21584), (0.63749, 0.57224, 0.27357), (0.64, 0.54965, 0.24094), (0.61741, 0.54212, 0.21082), (0.63498, 0.53961, 0.22086), (0.60486, 0.47937, 0.17067), (0.60486, 0.49192, 0.16816), (0.62996, 0.54965, 0.24596), (0.64, 0.5622, 0.23843), (0.64, 0.54463, 0.21082), (0.63247, 0.55467, 0.24094), (0.63247, 0.55467, 0.24094), (0.6149, 0.48188, 0.15059), (0.64, 0.5622, 0.23843), (0.62243, 0.49443, 0.17318), (0.63247, 0.52204, 0.19325), (0.62745, 0.51953, 0.19827), (0.62996, 0.52957, 0.22337), (0.62996, 0.52455, 0.22086), (0.61992, 0.50949, 0.2058), (0.61992, 0.50949, 0.2058), (0.63247, 0.52204, 0.21835), (0.62996, 0.52957, 0.22337), (0.62745, 0.53961, 0.24847), (0.63498, 0.55467, 0.27106), (0.63247, 0.55969, 0.26604), (0.63247, 0.55969, 0.26604), (0.63247, 0.54212, 0.256), (0.62745, 0.53961, 0.24847), (0.63498, 0.53961, 0.22086), (0.63247, 0.54463, 0.21835), (0.64, 0.54965, 0.24094), (0.62745, 0.57475, 0.2811), (0.63247, 0.53459, 0.21082), (0.63749, 0.52957, 0.20078), (0.63749, 0.52957, 0.20078), (0.63749, 0.56973, 0.2811), (0.62745, 0.57475, 0.2811), (0.64, 0.5622, 0.27106), (0.63498, 0.54714, 0.24596), (0.63749, 0.5622, 0.26102), (0.63749, 0.5622, 0.26102), (0.62996, 0.54212, 0.25098), (0.64, 0.5622, 0.27106), (0.62494, 0.512, 0.19827), (0.63247, 0.53208, 0.22588), (0.61741, 0.50949, 0.18824), (0.62745, 0.52455, 0.21333), (0.63498, 0.53208, 0.21584), (0.63247, 0.52957, 0.20831), (0.63247, 0.52957, 0.20831), (0.63247, 0.51953, 0.20078), (0.62745, 0.52455, 0.21333), (0.64, 0.52957, 0.21584), (0.63498, 0.5371, 0.21835), (0.63247, 0.54463, 0.24847), (0.62745, 0.53208, 0.22337), (0.64, 0.58478, 0.27859), (0.64, 0.55718, 0.26604), (0.64, 0.55718, 0.26604), (0.63247, 0.53459, 0.2309), (0.62745, 0.53208, 0.22337), (0.63247, 0.54463, 0.24847), (0.63749, 0.54965, 0.25851), (0.64, 0.52957, 0.21584), (0.61741, 0.50949, 0.18824), (0.62243, 0.48941, 0.16816), (0.62494, 0.512, 0.19827), (0.63247, 0.52204, 0.19325), (0.64, 0.52706, 0.20329), (0.64, 0.55467, 0.23843), (0.64, 0.55467, 0.23843), (0.64, 0.55969, 0.25098), (0.63247, 0.52204, 0.19325), (0.63749, 0.55216, 0.24094), (0.63247, 0.5371, 0.22839), (0.63498, 0.5622, 0.24596), (0.63498, 0.5622, 0.24596), (0.62996, 0.55216, 0.23843), (0.63749, 0.55216, 0.24094), (0.62745, 0.51953, 0.19827), (0.61992, 0.48941, 0.15059), (0.62243, 0.49443, 0.17318), (0.63247, 0.52957, 0.20831), (0.62745, 0.5371, 0.2309), (0.63498, 0.52957, 0.22588), (0.63498, 0.52957, 0.22588), (0.60737, 0.47937, 0.15812), (0.63247, 0.52957, 0.20831), (0.63498, 0.53961, 0.22086), (0.63247, 0.52706, 0.19075), (0.63498, 0.55718, 0.24345), (0.63498, 0.55718, 0.24345), (0.63247, 0.51953, 0.20078), (0.63498, 0.53961, 0.22086), (0.61992, 0.50196, 0.17569), (0.61741, 0.49443, 0.16565), (0.62996, 0.51702, 0.19325), (0.63247, 0.55467, 0.26102), (0.64, 0.55216, 0.26604), (0.62243, 0.49694, 0.16816), (0.62243, 0.49694, 0.16816), (0.64, 0.54965, 0.23341), (0.63247, 0.55467, 0.26102), (0.62996, 0.50949, 0.18824), (0.63247, 0.55216, 0.24345), (0.60737, 0.51953, 0.20329), (0.60737, 0.51953, 0.20329), (0.62494, 0.50196, 0.18071), (0.62996, 0.50949, 0.18824), (0.63749, 0.512, 0.18322), (0.63749, 0.51451, 0.21082), (0.63247, 0.55216, 0.24345), (0.63247, 0.55216, 0.24345), (0.64, 0.54212, 0.22337), (0.63749, 0.512, 0.18322), (0.62996, 0.50949, 0.19827), (0.62996, 0.51702, 0.19325), (0.61741, 0.49443, 0.16565), (0.62996, 0.54714, 0.22337), (0.63498, 0.5622, 0.26604), (0.60988, 0.512, 0.19325), (0.60988, 0.512, 0.19325), (0.64, 0.55467, 0.23341), (0.62996, 0.54714, 0.22337), (0.63247, 0.5371, 0.22839), (0.63498, 0.55969, 0.25349), (0.62243, 0.54212, 0.23341), (0.62243, 0.54212, 0.23341), (0.63498, 0.5622, 0.24596), (0.63247, 0.5371, 0.22839), (0.62996, 0.54965, 0.24596), (0.63749, 0.53961, 0.23592), (0.60486, 0.47937, 0.17067), (0.61741, 0.49443, 0.16565), (0.62494, 0.50196, 0.17318), (0.62996, 0.50949, 0.19827), (0.62996, 0.51702, 0.19325), (0.63749, 0.51451, 0.21082), (0.61992, 0.50196, 0.17569), (0.63498, 0.52204, 0.20329), (0.63749, 0.52455, 0.21082), (0.63247, 0.52204, 0.20831), (0.62996, 0.54965, 0.25098), (0.62996, 0.52957, 0.19827), (0.63498, 0.53208, 0.21584), (0.63498, 0.53208, 0.21584), (0.62745, 0.52455, 0.21333), (0.62996, 0.54965, 0.25098), (0.63247, 0.52706, 0.19075), (0.63749, 0.52706, 0.19827), (0.63749, 0.55216, 0.24345), (0.61992, 0.49694, 0.17318), (0.62745, 0.50196, 0.18824), (0.62996, 0.50698, 0.1782), (0.62996, 0.50698, 0.1782), (0.62243, 0.49694, 0.16816), (0.61992, 0.49694, 0.17318), (0.63247, 0.52204, 0.20831), (0.63247, 0.54714, 0.23843), (0.63498, 0.52204, 0.20329), (0.62494, 0.49443, 0.15561), (0.64, 0.55467, 0.22839), (0.62494, 0.51702, 0.16816), (0.62494, 0.51702, 0.16816), (0.63749, 0.52455, 0.2058), (0.62494, 0.49443, 0.15561), (0.63247, 0.54212, 0.23592), (0.62996, 0.53459, 0.22086), (0.62745, 0.52204, 0.22086), (0.64, 0.55718, 0.22839), (0.61239, 0.52706, 0.19325), (0.63247, 0.55969, 0.24345), (0.63247, 0.55969, 0.24345), (0.63749, 0.54965, 0.22337), (0.64, 0.55718, 0.22839), (0.62745, 0.5371, 0.22839), (0.62745, 0.56471, 0.26855), (0.63749, 0.56471, 0.26353), (0.63749, 0.56471, 0.26353), (0.63247, 0.54714, 0.23592), (0.62745, 0.5371, 0.22839), (0.63498, 0.55467, 0.24596), (0.63749, 0.56471, 0.24847), (0.64, 0.54463, 0.22588), (0.64, 0.54463, 0.22588), (0.63749, 0.56471, 0.24847), (0.63498, 0.55467, 0.24596), (0.62745, 0.52204, 0.22086), (0.62996, 0.52455, 0.22086), (0.63247, 0.54212, 0.23592), (0.63749, 0.54463, 0.19325), (0.64, 0.55969, 0.25098), (0.64, 0.55216, 0.2309), (0.63749, 0.54965, 0.24847), (0.62243, 0.54714, 0.24094), (0.63498, 0.5371, 0.23341), (0.63498, 0.5371, 0.23341), (0.63498, 0.55718, 0.24345), (0.63749, 0.54965, 0.24847), (0.62996, 0.54212, 0.24094), (0.63247, 0.51953, 0.19576), (0.64, 0.53961, 0.22839), (0.64, 0.53961, 0.22839), (0.62745, 0.52957, 0.23592), (0.62996, 0.54212, 0.24094), (0.63247, 0.5371, 0.22337), (0.63498, 0.5371, 0.23341), (0.62996, 0.52957, 0.21835), (0.62996, 0.52957, 0.21835), (0.63749, 0.53459, 0.21835), (0.63247, 0.5371, 0.22337), (0.64, 0.55216, 0.2309), (0.61741, 0.52204, 0.18322), (0.63749, 0.54463, 0.19325), (0.63749, 0.54965, 0.25349), (0.62745, 0.54212, 0.2309), (0.62996, 0.53459, 0.22588), (0.62996, 0.55467, 0.26855), (0.63247, 0.54463, 0.25349), (0.62745, 0.51702, 0.1782), (0.62745, 0.51702, 0.1782), (0.63498, 0.52706, 0.20078), (0.62996, 0.55467, 0.26855), (0.63498, 0.55467, 0.24596), (0.63498, 0.5622, 0.24094), (0.62996, 0.56471, 0.26102), (0.62996, 0.54212, 0.25098), (0.63749, 0.53961, 0.21584), (0.63247, 0.55969, 0.26353), (0.63247, 0.55969, 0.26353), (0.64, 0.5622, 0.27106), (0.62996, 0.54212, 0.25098), (0.64, 0.52957, 0.21584), (0.62494, 0.52204, 0.2058), (0.61741, 0.50949, 0.18824), (0.62996, 0.53459, 0.22588), (0.63498, 0.54714, 0.25098), (0.63749, 0.54965, 0.25349), (0.62996, 0.52957, 0.22337), (0.63247, 0.54965, 0.22588), (0.62996, 0.53459, 0.21584), (0.62996, 0.56471, 0.26102), (0.63749, 0.5622, 0.256), (0.63498, 0.55467, 0.24596), (0.64, 0.55969, 0.26855), (0.62745, 0.54965, 0.256), (0.62745, 0.5371, 0.2309), (0.62745, 0.5371, 0.2309), (0.63247, 0.52957, 0.20831), (0.64, 0.55969, 0.26855), (0.62996, 0.53459, 0.21584), (0.62745, 0.52455, 0.21333), (0.62996, 0.52957, 0.22337), (0.63749, 0.54965, 0.23341), (0.64, 0.58478, 0.26855), (0.64, 0.56722, 0.256), (0.64, 0.56722, 0.256), (0.63749, 0.55216, 0.23592), (0.63749, 0.54965, 0.23341), (0.62243, 0.51953, 0.20831), (0.63247, 0.54714, 0.23843), (0.62243, 0.51702, 0.18071), (0.62243, 0.51702, 0.18071), (0.63498, 0.51702, 0.19075), (0.62243, 0.51953, 0.20831), (0.63498, 0.56722, 0.27357), (0.63749, 0.54965, 0.23341), (0.64, 0.54965, 0.24094), (0.64, 0.54965, 0.24094), (0.63498, 0.57224, 0.27357), (0.63498, 0.56722, 0.27357), (0.63498, 0.54965, 0.24094), (0.63247, 0.53459, 0.2058), (0.62996, 0.53459, 0.21584), (0.62996, 0.53459, 0.21584), (0.62996, 0.54965, 0.24596), (0.63498, 0.54965, 0.24094), (0.64, 0.55718, 0.26604), (0.64, 0.55467, 0.25349), (0.64, 0.54965, 0.24094), (0.64, 0.54965, 0.24094), (0.63498, 0.54714, 0.2309), (0.64, 0.55718, 0.26604), (0.63498, 0.56973, 0.26604), (0.64, 0.56471, 0.24847), (0.64, 0.57475, 0.26353), (0.64, 0.57475, 0.26353), (0.62996, 0.5371, 0.20329), (0.63498, 0.56973, 0.26604), (0.62745, 0.512, 0.2058), (0.64, 0.53459, 0.2309), (0.63247, 0.51953, 0.20078), (0.63247, 0.51953, 0.20078), (0.62745, 0.51451, 0.19576), (0.62745, 0.512, 0.2058), (0.63749, 0.56471, 0.26353), (0.63247, 0.5622, 0.25349), (0.62745, 0.57475, 0.2811), (0.63247, 0.54714, 0.23592), (0.64, 0.50698, 0.18573), (0.63749, 0.512, 0.19827), (0.63749, 0.512, 0.19827), (0.64, 0.54714, 0.23843), (0.63247, 0.54714, 0.23592), (0.62996, 0.53459, 0.21584), (0.64, 0.56973, 0.26855), (0.64, 0.55467, 0.24345), (0.64, 0.55467, 0.24345), (0.63247, 0.54463, 0.22839), (0.62996, 0.53459, 0.21584), (0.62996, 0.54965, 0.24596), (0.63498, 0.54714, 0.2309), (0.63247, 0.53208, 0.20078), (0.63247, 0.53208, 0.20078), (0.63749, 0.54714, 0.24094), (0.62996, 0.54965, 0.24596), (0.62996, 0.54212, 0.25098), (0.63749, 0.5622, 0.26102), (0.64, 0.56471, 0.26353), (0.63749, 0.55216, 0.24345), (0.63498, 0.55718, 0.24345), (0.63247, 0.52706, 0.19075), (0.61741, 0.50949, 0.18824), (0.63247, 0.52706, 0.22337), (0.64, 0.52957, 0.21584), (0.63749, 0.52455, 0.20078), (0.62996, 0.5371, 0.21082), (0.62243, 0.5371, 0.22839), (0.62243, 0.5371, 0.22839), (0.64, 0.54463, 0.23592), (0.63749, 0.52455, 0.20078), (0.63749, 0.52455, 0.2058), (0.63498, 0.52204, 0.20329), (0.62243, 0.50949, 0.18573), (0.62243, 0.50949, 0.18573), (0.62996, 0.52706, 0.2058), (0.63749, 0.52455, 0.2058), (0.63749, 0.54714, 0.24094), (0.62745, 0.54714, 0.23843), (0.63749, 0.54965, 0.23341), (0.63749, 0.54965, 0.23341), (0.63498, 0.56722, 0.27357), (0.63749, 0.54714, 0.24094), (0.62494, 0.50698, 0.17569), (0.62494, 0.53459, 0.23341), (0.62996, 0.52455, 0.22086), (0.63498, 0.55467, 0.24596), (0.62996, 0.55467, 0.25349), (0.64, 0.55467, 0.25349), (0.64, 0.55467, 0.25349), (0.64, 0.58478, 0.27859), (0.63498, 0.55467, 0.24596), (0.63749, 0.52706, 0.19827), (0.63247, 0.52706, 0.19075), (0.63749, 0.54463, 0.21835), (0.63749, 0.54463, 0.21835), (0.63247, 0.53208, 0.22086), (0.63749, 0.52706, 0.19827), (0.63247, 0.50949, 0.18573), (0.62494, 0.51451, 0.18071), (0.62243, 0.52455, 0.20078), (0.62243, 0.52455, 0.20078), (0.62494, 0.51702, 0.19075), (0.63247, 0.50949, 0.18573), (0.61992, 0.51953, 0.20831), (0.64, 0.56722, 0.24596), (0.63247, 0.55216, 0.24847), (0.63247, 0.55216, 0.24847), (0.63498, 0.55467, 0.24596), (0.61992, 0.51953, 0.20831), (0.63247, 0.52204, 0.20831), (0.64, 0.53459, 0.23341), (0.64, 0.5371, 0.24094), (0.64, 0.5371, 0.24094), (0.63498, 0.52706, 0.19827), (0.63247, 0.52204, 0.20831), (0.62996, 0.52455, 0.22086), (0.63247, 0.512, 0.19576), (0.62494, 0.50698, 0.17569), (0.63498, 0.52957, 0.22588), (0.63247, 0.50196, 0.19576), (0.61992, 0.49694, 0.17318), (0.61992, 0.49694, 0.17318), (0.62494, 0.51702, 0.19075), (0.63498, 0.52957, 0.22588), (0.63498, 0.5371, 0.21835), (0.64, 0.52957, 0.21584), (0.62996, 0.52204, 0.19325), (0.62996, 0.52204, 0.19325), (0.63498, 0.52455, 0.19576), (0.63498, 0.5371, 0.21835), (0.63498, 0.54714, 0.25098), (0.62996, 0.53208, 0.20329), (0.64, 0.55718, 0.24094), (0.64, 0.55718, 0.24094), (0.63749, 0.54965, 0.25349), (0.63498, 0.54714, 0.25098), (0.63749, 0.56973, 0.2811), (0.63247, 0.54965, 0.26102), (0.63498, 0.53961, 0.22588), (0.63498, 0.53961, 0.22588), (0.63498, 0.5371, 0.20831), (0.63749, 0.56973, 0.2811), (0.63749, 0.53459, 0.21333), (0.64, 0.53208, 0.21082), (0.64, 0.55216, 0.25098), (0.64, 0.55216, 0.25098), (0.64, 0.53961, 0.23592), (0.63749, 0.53459, 0.21333), (0.63749, 0.53459, 0.23843), (0.63749, 0.54463, 0.256), (0.63247, 0.51953, 0.19576), (0.63247, 0.55718, 0.256), (0.64, 0.52957, 0.22086), (0.62996, 0.5371, 0.21082), (0.62996, 0.5371, 0.21082), (0.61992, 0.5371, 0.21333), (0.63247, 0.55718, 0.256), (0.63749, 0.53961, 0.21584), (0.62996, 0.53961, 0.23341), (0.62996, 0.52957, 0.21835), (0.62996, 0.52957, 0.21835), (0.63247, 0.52204, 0.21333), (0.63749, 0.53961, 0.21584), (0.63247, 0.51953, 0.19576), (0.62745, 0.52957, 0.21082), (0.63749, 0.53459, 0.23843), (0.62996, 0.54463, 0.22839), (0.64, 0.54463, 0.22086), (0.62745, 0.50447, 0.20078), (0.64, 0.56471, 0.26353), (0.63498, 0.54965, 0.27357), (0.62996, 0.54212, 0.25098), (0.63498, 0.55969, 0.24847), (0.64, 0.56471, 0.26353), (0.64, 0.57976, 0.28361), (0.64, 0.57976, 0.28361), (0.63749, 0.57224, 0.27357), (0.63498, 0.55969, 0.24847), (0.63498, 0.5371, 0.21835), (0.63247, 0.54463, 0.22839), (0.64, 0.54965, 0.24345), (0.64, 0.54965, 0.24345), (0.62745, 0.55718, 0.24345), (0.63498, 0.5371, 0.21835), (0.63247, 0.53208, 0.22086), (0.62494, 0.51702, 0.19576), (0.62243, 0.50196, 0.19075), (0.62996, 0.50949, 0.19827), (0.62494, 0.48188, 0.1531), (0.63498, 0.54463, 0.23592), (0.64, 0.55969, 0.24847), (0.62494, 0.51702, 0.16816), (0.64, 0.55467, 0.22839), (0.64, 0.55467, 0.22839), (0.63749, 0.55216, 0.24094), (0.64, 0.55969, 0.24847), (0.63749, 0.54212, 0.23341), (0.62745, 0.49945, 0.1782), (0.62243, 0.512, 0.18322), (0.64, 0.54714, 0.25851), (0.64, 0.55969, 0.24345), (0.64, 0.5622, 0.25349), (0.64, 0.5622, 0.25349), (0.62996, 0.52957, 0.22337), (0.64, 0.54714, 0.25851), (0.62243, 0.50196, 0.19075), (0.63749, 0.52706, 0.19827), (0.63247, 0.53208, 0.22086), (0.63247, 0.54212, 0.256), (0.63247, 0.55969, 0.26604), (0.63247, 0.55216, 0.26855), (0.63247, 0.55216, 0.26855), (0.63749, 0.56471, 0.27106), (0.63247, 0.54212, 0.256), (0.63247, 0.53208, 0.22086), (0.62996, 0.51953, 0.2058), (0.62745, 0.52455, 0.21333), (0.62745, 0.52455, 0.21333), (0.63247, 0.55467, 0.24094), (0.63247, 0.53208, 0.22086), (0.62745, 0.50447, 0.20078), (0.63498, 0.52455, 0.21082), (0.62996, 0.54463, 0.22839), (0.62745, 0.57475, 0.2811), (0.63749, 0.56973, 0.2811), (0.63749, 0.56471, 0.26353), (0.63247, 0.52204, 0.20831), (0.62745, 0.49945, 0.1782), (0.64, 0.50698, 0.18573), (0.64, 0.50698, 0.18573), (0.63247, 0.54714, 0.23592), (0.63247, 0.52204, 0.20831), (0.62996, 0.55718, 0.24094), (0.64, 0.56471, 0.27106), (0.62745, 0.53961, 0.21835), (0.62745, 0.53961, 0.21835), (0.62996, 0.52957, 0.19827), (0.62996, 0.55718, 0.24094), (0.63749, 0.55969, 0.26604), (0.63498, 0.57224, 0.2811), (0.62996, 0.55467, 0.25349), (0.62996, 0.55467, 0.25349), (0.63498, 0.55467, 0.24596), (0.63749, 0.55969, 0.26604), (0.63749, 0.52957, 0.20329), (0.62494, 0.50447, 0.16314), (0.62494, 0.51702, 0.16816), (0.62494, 0.51702, 0.16816), (0.63247, 0.53961, 0.20831), (0.63749, 0.52957, 0.20329), (0.63247, 0.55216, 0.24847), (0.62745, 0.52706, 0.19576), (0.63498, 0.52706, 0.20078), (0.63498, 0.52706, 0.20078), (0.62996, 0.54965, 0.24596), (0.63247, 0.55216, 0.24847), (0.62745, 0.5371, 0.22839), (0.63498, 0.55467, 0.24596), (0.62996, 0.52957, 0.22337), (0.62996, 0.52957, 0.22337), (0.62745, 0.52455, 0.21333), (0.62745, 0.5371, 0.22839), (0.61992, 0.52957, 0.22337), (0.61992, 0.50949, 0.20078), (0.62745, 0.52706, 0.19827), (0.63498, 0.54965, 0.23341), (0.62494, 0.53961, 0.2058), (0.64, 0.54212, 0.21082), (0.64, 0.54212, 0.21082), (0.63749, 0.52706, 0.19325), (0.63498, 0.54965, 0.23341), (0.62996, 0.51702, 0.19325), (0.63498, 0.5371, 0.23341), (0.62745, 0.51702, 0.20329), (0.62745, 0.51702, 0.20329), (0.62745, 0.50447, 0.18322), (0.62996, 0.51702, 0.19325), (0.64, 0.56471, 0.26353), (0.64, 0.55718, 0.24847), (0.63749, 0.5898, 0.29365), (0.63749, 0.5898, 0.29365), (0.63498, 0.57224, 0.27357), (0.64, 0.56471, 0.26353), (0.63498, 0.53459, 0.22337), (0.64, 0.55969, 0.25098), (0.64, 0.56471, 0.26102), (0.64, 0.56471, 0.26102), (0.63749, 0.55718, 0.24847), (0.63498, 0.53459, 0.22337), (0.63247, 0.55216, 0.24345), (0.64, 0.55718, 0.24847), (0.64, 0.58478, 0.28612), (0.62745, 0.52706, 0.19827), (0.63498, 0.55467, 0.256), (0.61992, 0.52957, 0.22337), (0.62996, 0.50698, 0.18573), (0.63498, 0.5371, 0.21835), (0.64, 0.54965, 0.24094), (0.64, 0.54965, 0.24094), (0.62243, 0.512, 0.18322), (0.62996, 0.50698, 0.18573), (0.63247, 0.52455, 0.20329), (0.62996, 0.54965, 0.25098), (0.62745, 0.52455, 0.21333), (0.62745, 0.52455, 0.21333), (0.64, 0.53459, 0.2309), (0.63247, 0.52455, 0.20329), (0.63498, 0.54463, 0.23592), (0.64, 0.55718, 0.24596), (0.62996, 0.50949, 0.19827), (0.63247, 0.54212, 0.24094), (0.63247, 0.54212, 0.23341), (0.64, 0.55467, 0.24596), (0.64, 0.55467, 0.24596), (0.62996, 0.52204, 0.20078), (0.63247, 0.54212, 0.24094), (0.63498, 0.54714, 0.22086), (0.64, 0.58729, 0.29616), (0.63498, 0.55467, 0.25098), (0.63498, 0.55467, 0.25098), (0.63498, 0.53459, 0.20329), (0.63498, 0.54714, 0.22086), (0.63749, 0.52455, 0.21082), (0.63498, 0.52204, 0.20831), (0.64, 0.54463, 0.23592), (0.64, 0.54463, 0.23592), (0.62996, 0.52957, 0.22337), (0.63749, 0.52455, 0.21082), (0.63247, 0.53961, 0.24596), (0.63749, 0.54463, 0.256), (0.63749, 0.53459, 0.23843), (0.62494, 0.52455, 0.22086), (0.62243, 0.48941, 0.16816), (0.62494, 0.48188, 0.1531), (0.62494, 0.48188, 0.1531), (0.62243, 0.48941, 0.16816), (0.61992, 0.51953, 0.18824), (0.61992, 0.51953, 0.18824), (0.63498, 0.54463, 0.23592), (0.62494, 0.48188, 0.1531), (0.63749, 0.53459, 0.23843), (0.64, 0.54965, 0.24847), (0.63247, 0.53961, 0.24596), (0.63749, 0.54965, 0.24847), (0.63749, 0.53961, 0.24094), (0.63498, 0.5371, 0.23341), (0.63498, 0.5371, 0.23341), (0.62243, 0.54714, 0.24094), (0.63749, 0.54965, 0.24847), (0.62494, 0.48188, 0.1531), (0.64, 0.55969, 0.24847), (0.62494, 0.52455, 0.22086), (0.63749, 0.55216, 0.24094), (0.64, 0.55969, 0.26855), (0.63498, 0.55216, 0.26102), (0.63749, 0.54714, 0.24094), (0.63247, 0.53459, 0.2309), (0.64, 0.55969, 0.24847), (0.64, 0.55969, 0.24847), (0.64, 0.56973, 0.26855), (0.63749, 0.54714, 0.24094), (0.62996, 0.54965, 0.25098), (0.63749, 0.53961, 0.24094), (0.64, 0.54463, 0.22086), (0.64, 0.54463, 0.22086), (0.64, 0.55216, 0.24345), (0.62996, 0.54965, 0.25098), (0.63749, 0.53961, 0.23592), (0.62996, 0.50447, 0.19576), (0.63498, 0.50698, 0.19325), (0.63749, 0.57475, 0.27859), (0.64, 0.54463, 0.23341), (0.62243, 0.512, 0.19827), (0.61992, 0.49694, 0.17318), (0.62243, 0.49694, 0.16816), (0.62494, 0.51702, 0.19075), (0.63498, 0.51953, 0.21333), (0.63749, 0.512, 0.19827), (0.62243, 0.48439, 0.16063), (0.62243, 0.512, 0.18322), (0.64, 0.54965, 0.24094), (0.63749, 0.54212, 0.23341), (0.62996, 0.54212, 0.24596), (0.62494, 0.52957, 0.22086), (0.63749, 0.52455, 0.21082), (0.62494, 0.51451, 0.18071), (0.64, 0.54212, 0.2309), (0.63247, 0.50447, 0.18322), (0.62996, 0.55718, 0.24094), (0.63247, 0.50447, 0.18322), (0.64, 0.54463, 0.2309), (0.63749, 0.52455, 0.20078), (0.64, 0.55969, 0.256), (0.62996, 0.5371, 0.21082), (0.63498, 0.50698, 0.19325), (0.62243, 0.50447, 0.1782), (0.63749, 0.53961, 0.23592), (0.64, 0.56722, 0.25851), (0.62996, 0.53459, 0.21584), (0.62996, 0.54965, 0.24596), (0.62996, 0.54965, 0.24596), (0.64, 0.54463, 0.21082), (0.64, 0.56722, 0.25851), (0.62494, 0.52455, 0.19576), (0.63498, 0.53961, 0.22086), (0.61741, 0.54212, 0.21082), (0.61741, 0.54212, 0.21082), (0.62745, 0.50196, 0.17318), (0.62494, 0.52455, 0.19576), (0.63247, 0.56973, 0.27106), (0.63749, 0.53961, 0.21584), (0.64, 0.54212, 0.22086), (0.64, 0.54212, 0.22086), (0.63498, 0.55969, 0.25349), (0.63247, 0.56973, 0.27106), (0.62494, 0.52204, 0.20078), (0.63498, 0.5371, 0.23341), (0.62745, 0.51702, 0.18322), (0.62745, 0.51702, 0.18322), (0.63749, 0.53208, 0.19075), (0.62494, 0.52204, 0.20078), (0.63749, 0.5898, 0.29365), (0.63749, 0.54463, 0.21835), (0.62745, 0.52706, 0.19576), (0.62745, 0.52706, 0.19576), (0.63247, 0.55216, 0.24847), (0.63749, 0.5898, 0.29365), (0.63749, 0.54714, 0.23843), (0.63247, 0.54714, 0.23592), (0.63247, 0.55718, 0.24596), (0.63247, 0.55718, 0.24596), (0.64, 0.55969, 0.256), (0.63749, 0.54714, 0.23843), (0.62494, 0.49443, 0.15561), (0.63498, 0.51451, 0.19325), (0.63247, 0.512, 0.17067), (0.63247, 0.512, 0.17067), (0.62745, 0.50698, 0.14557), (0.62494, 0.49443, 0.15561), (0.63498, 0.55216, 0.26102), (0.62745, 0.54212, 0.22588), (0.63749, 0.55216, 0.24094), (0.62243, 0.512, 0.20329), (0.62996, 0.55718, 0.24094), (0.63247, 0.52957, 0.21835), (0.63247, 0.52957, 0.21835), (0.62996, 0.51451, 0.21333), (0.62243, 0.512, 0.20329), (0.64, 0.55969, 0.256), (0.62243, 0.49694, 0.16816), (0.62996, 0.50698, 0.1782), (0.62996, 0.50698, 0.1782), (0.63247, 0.51702, 0.17067), (0.64, 0.55969, 0.256), (0.63247, 0.55216, 0.24345), (0.62745, 0.54212, 0.2309), (0.63247, 0.54463, 0.21835), (0.63247, 0.53208, 0.22086), (0.63498, 0.54463, 0.23843), (0.63749, 0.55216, 0.24345), (0.63247, 0.52957, 0.21835), (0.64, 0.54212, 0.23843), (0.64, 0.55969, 0.256), (0.62494, 0.50196, 0.17318), (0.62243, 0.49694, 0.16816), (0.64, 0.55216, 0.26604), (0.62996, 0.53459, 0.21584), (0.62996, 0.53961, 0.2309), (0.63749, 0.53961, 0.23592), (0.63749, 0.53961, 0.23592), (0.62996, 0.54965, 0.24596), (0.62996, 0.53459, 0.21584), (0.62494, 0.5371, 0.24094), (0.62745, 0.53459, 0.20831), (0.63749, 0.54714, 0.24094), (0.63749, 0.54714, 0.24094), (0.63498, 0.5371, 0.23341), (0.62494, 0.5371, 0.24094), (0.64, 0.55969, 0.256), (0.63247, 0.55718, 0.256), (0.63247, 0.52957, 0.21835), (0.63749, 0.55216, 0.24345), (0.63749, 0.54714, 0.24094), (0.63247, 0.53208, 0.22086), (0.63498, 0.55467, 0.25098), (0.63498, 0.55467, 0.256), (0.63498, 0.53459, 0.20329), (0.61992, 0.48941, 0.15059), (0.62996, 0.49694, 0.17067), (0.63749, 0.5371, 0.2309), (0.63749, 0.52455, 0.21082), (0.63749, 0.53208, 0.22839), (0.62996, 0.54212, 0.24596), (0.63749, 0.56471, 0.27106), (0.62996, 0.53961, 0.2309), (0.62996, 0.54965, 0.24094), (0.63498, 0.52455, 0.19576), (0.62243, 0.48439, 0.16063), (0.63498, 0.512, 0.18824), (0.62745, 0.50196, 0.17318), (0.62996, 0.49192, 0.17318), (0.63498, 0.55467, 0.25098), (0.62243, 0.51953, 0.20329), (0.63749, 0.5371, 0.2309), (0.64, 0.54212, 0.2309), (0.64, 0.54212, 0.2309), (0.60235, 0.47686, 0.14808), (0.62243, 0.51953, 0.20329), (0.63498, 0.53459, 0.20329), (0.62996, 0.52706, 0.2058), (0.62243, 0.52957, 0.20329), (0.62243, 0.52957, 0.20329), (0.62745, 0.53961, 0.21835), (0.63498, 0.53459, 0.20329), (0.63498, 0.53459, 0.22337), (0.63498, 0.52455, 0.22086), (0.63247, 0.52706, 0.19075), (0.63247, 0.52706, 0.19075), (0.64, 0.52204, 0.20078), (0.63498, 0.53459, 0.22337), (0.63247, 0.54463, 0.21835), (0.62996, 0.53961, 0.19827), (0.63247, 0.55216, 0.24345), (0.64, 0.55467, 0.23341), (0.64, 0.53208, 0.19827), (0.63498, 0.5622, 0.26604), (0.63498, 0.5622, 0.26604), (0.63498, 0.55467, 0.25098), (0.64, 0.55467, 0.23341), (0.64, 0.56973, 0.256), (0.63749, 0.55718, 0.25349), (0.64, 0.57725, 0.2811), (0.64, 0.57725, 0.2811), (0.63247, 0.53961, 0.20831), (0.64, 0.56973, 0.256), (0.63247, 0.54965, 0.22588), (0.63247, 0.5371, 0.22337), (0.63247, 0.52455, 0.19827), (0.63498, 0.51702, 0.19075), (0.62494, 0.49945, 0.17067), (0.62745, 0.49443, 0.16314), (0.62745, 0.49443, 0.16314), (0.63498, 0.52204, 0.20329), (0.63498, 0.51702, 0.19075), (0.63498, 0.54212, 0.24847), (0.63749, 0.52706, 0.21333), (0.63749, 0.54965, 0.24847), (0.63247, 0.54965, 0.22086), (0.63247, 0.51702, 0.17067), (0.63749, 0.52706, 0.19827), (0.62996, 0.50698, 0.1782), (0.62745, 0.50196, 0.18824), (0.63498, 0.53208, 0.22086), (0.64, 0.55216, 0.26604), (0.62996, 0.50949, 0.19827), (0.62494, 0.50196, 0.17318), (0.62996, 0.54965, 0.24094), (0.63247, 0.54212, 0.256), (0.63749, 0.56471, 0.27106), (0.64, 0.58478, 0.28612), (0.63247, 0.55467, 0.24094), (0.63247, 0.55216, 0.24345), (0.63498, 0.55467, 0.24596), (0.63247, 0.54965, 0.22086), (0.63749, 0.52706, 0.19827), (0.63498, 0.53459, 0.2058), (0.62996, 0.53208, 0.20329), (0.64, 0.53961, 0.23592), (0.62243, 0.512, 0.19827), (0.64, 0.57976, 0.2811), (0.63749, 0.57475, 0.27859), (0.63247, 0.54212, 0.23341), (0.62745, 0.53208, 0.21835), (0.63498, 0.53459, 0.20329), (0.63498, 0.54463, 0.24345), (0.64, 0.53961, 0.21082), (0.64, 0.56471, 0.27859), (0.62243, 0.51702, 0.21333), (0.63247, 0.52455, 0.19576), (0.62745, 0.53208, 0.22337), (0.63247, 0.53961, 0.20831), (0.64, 0.57725, 0.2811), (0.63749, 0.52957, 0.20329), (0.63498, 0.52957, 0.22588), (0.62243, 0.512, 0.20329), (0.63498, 0.52455, 0.19576), (0.63498, 0.53459, 0.20329), (0.64, 0.55216, 0.25098), (0.63247, 0.54212, 0.23341), (0.64, 0.53961, 0.23592), (0.64, 0.55216, 0.25098), (0.63498, 0.53459, 0.2058), (0.62996, 0.52455, 0.22086), (0.62996, 0.52706, 0.21082), (0.63247, 0.53459, 0.2309), (0.63247, 0.53459, 0.2309), (0.63498, 0.52455, 0.21584), (0.62996, 0.52455, 0.22086), (0.63498, 0.53961, 0.22086), (0.63749, 0.52706, 0.19325), (0.62494, 0.52455, 0.18824), (0.62494, 0.52455, 0.18824), (0.64, 0.54463, 0.23592), (0.63498, 0.53961, 0.22086), (0.64, 0.57475, 0.26604), (0.63247, 0.5622, 0.25349), (0.63498, 0.55467, 0.24596), (0.62996, 0.52706, 0.2058), (0.63498, 0.52455, 0.19576), (0.62494, 0.52957, 0.22086), (0.62494, 0.52957, 0.22086), (0.62243, 0.52957, 0.20329), (0.62996, 0.52706, 0.2058), (0.63498, 0.55467, 0.24596), (0.63247, 0.55216, 0.24847), (0.64, 0.57475, 0.26604), (0.62996, 0.5371, 0.21082), (0.63498, 0.54965, 0.23341), (0.64, 0.56471, 0.27859), (0.63247, 0.53208, 0.22588), (0.63749, 0.55216, 0.24345), (0.63498, 0.53208, 0.22086), (0.63498, 0.53208, 0.22086), (0.63749, 0.54463, 0.21835), (0.63247, 0.53208, 0.22588), (0.62745, 0.48439, 0.16063), (0.62996, 0.50949, 0.19827), (0.64, 0.55718, 0.24596), (0.64, 0.55718, 0.24596), (0.63498, 0.53459, 0.20329), (0.62745, 0.48439, 0.16063), (0.63247, 0.52706, 0.22337), (0.63749, 0.52957, 0.20078), (0.63498, 0.53208, 0.21584), (0.63498, 0.53208, 0.21584), (0.62745, 0.53208, 0.21333), (0.63247, 0.52706, 0.22337), (0.62996, 0.53208, 0.23341), (0.63498, 0.54463, 0.23843), (0.62494, 0.54463, 0.24596), (0.64, 0.52455, 0.21835), (0.62996, 0.51953, 0.2058), (0.62243, 0.52204, 0.21584), (0.62243, 0.52204, 0.21584), (0.63749, 0.55718, 0.24847), (0.64, 0.52455, 0.21835), (0.62494, 0.54463, 0.24596), (0.63498, 0.53961, 0.2309), (0.62996, 0.53208, 0.23341), (0.64, 0.56471, 0.27859), (0.64, 0.53961, 0.21082), (0.62996, 0.5371, 0.21082), (0.63498, 0.52455, 0.21082), (0.63498, 0.52204, 0.20329), (0.63749, 0.52455, 0.2058), (0.63498, 0.51702, 0.19075), (0.62996, 0.51451, 0.20831), (0.62494, 0.49945, 0.17067), (0.64, 0.54463, 0.21082), (0.62996, 0.54965, 0.24596), (0.60486, 0.49192, 0.16816), (0.60486, 0.49192, 0.16816), (0.63247, 0.55467, 0.24094), (0.64, 0.54463, 0.21082), (0.64, 0.56973, 0.27357), (0.63247, 0.52706, 0.22588), (0.64, 0.56722, 0.26604), (0.62745, 0.54212, 0.2309), (0.63247, 0.52204, 0.19325), (0.63498, 0.51451, 0.17318), (0.62745, 0.51953, 0.19827), (0.62745, 0.50447, 0.17569), (0.61992, 0.48941, 0.15059), (0.63749, 0.54212, 0.22839), (0.64, 0.56722, 0.26102), (0.63749, 0.5622, 0.256), (0.63749, 0.54212, 0.22839), (0.63247, 0.52455, 0.20329), (0.62494, 0.49945, 0.17067), (0.62745, 0.52455, 0.21333), (0.63247, 0.52957, 0.21835), (0.63247, 0.55718, 0.256), (0.63247, 0.55718, 0.256), (0.64, 0.55969, 0.256), (0.62745, 0.52455, 0.21333), (0.6149, 0.49192, 0.16314), (0.61992, 0.50196, 0.17569), (0.63749, 0.51451, 0.21082), (0.63749, 0.51451, 0.21082), (0.63247, 0.52204, 0.21835), (0.6149, 0.49192, 0.16314), (0.63247, 0.52455, 0.19827), (0.62996, 0.53459, 0.21584), (0.63247, 0.54965, 0.22588), (0.62494, 0.50196, 0.18071), (0.62243, 0.49443, 0.17569), (0.62996, 0.54965, 0.24094), (0.62996, 0.54965, 0.24094), (0.62996, 0.53961, 0.2309), (0.62494, 0.50196, 0.18071), (0.63498, 0.51451, 0.17318), (0.62996, 0.50949, 0.16816), (0.62745, 0.54212, 0.2309), (0.63749, 0.54965, 0.24847), (0.63247, 0.54463, 0.22839), (0.63498, 0.54212, 0.24847), (0.62996, 0.53459, 0.22588), (0.62996, 0.50698, 0.18573), (0.62243, 0.512, 0.18322), (0.62243, 0.512, 0.18322), (0.63498, 0.54463, 0.23592), (0.62996, 0.53459, 0.22588), (0.63749, 0.52706, 0.19827), (0.61992, 0.51953, 0.20831), (0.63498, 0.55467, 0.24596), (0.62243, 0.54965, 0.24847), (0.63749, 0.54714, 0.24094), (0.63749, 0.55216, 0.24345), (0.63749, 0.55216, 0.24345), (0.63247, 0.53208, 0.22588), (0.62243, 0.54965, 0.24847), (0.64, 0.56722, 0.25349), (0.63247, 0.52455, 0.19827), (0.62996, 0.5371, 0.20329), (0.62494, 0.50196, 0.1782), (0.62745, 0.48188, 0.16565), (0.63247, 0.55216, 0.24847), (0.63498, 0.57976, 0.27859), (0.63498, 0.5622, 0.26604), (0.63749, 0.56722, 0.25851), (0.63247, 0.55467, 0.24094), (0.62745, 0.52455, 0.21333), (0.64, 0.55969, 0.256), (0.64, 0.55969, 0.256), (0.63247, 0.55216, 0.24345), (0.63247, 0.55467, 0.24094), (0.64, 0.55216, 0.24345), (0.62996, 0.54463, 0.22839), (0.62745, 0.5371, 0.22839), (0.63749, 0.53961, 0.24094), (0.63749, 0.52706, 0.21333), (0.62745, 0.52455, 0.20831), (0.62745, 0.52455, 0.20831), (0.63749, 0.53459, 0.22337), (0.63749, 0.53961, 0.24094), (0.61992, 0.50949, 0.2058), (0.62996, 0.52455, 0.22086), (0.62494, 0.53459, 0.23341), (0.62494, 0.53459, 0.23341), (0.63749, 0.5371, 0.2309), (0.61992, 0.50949, 0.2058), (0.62996, 0.5371, 0.20329), (0.64, 0.57475, 0.26353), (0.64, 0.56722, 0.25349), (0.64, 0.53208, 0.21082), (0.63247, 0.52204, 0.20831), (0.63247, 0.54212, 0.23341), (0.63247, 0.54212, 0.23341), (0.64, 0.55216, 0.25098), (0.64, 0.53208, 0.21082), (0.62745, 0.5371, 0.22839), (0.63247, 0.53208, 0.20329), (0.64, 0.55216, 0.24345), (0.63498, 0.53961, 0.22086), (0.62494, 0.51451, 0.18573), (0.62494, 0.50196, 0.18071), (0.62494, 0.50196, 0.18071), (0.62996, 0.49192, 0.17318), (0.63498, 0.53961, 0.22086), (0.63247, 0.53459, 0.2309), (0.63247, 0.53208, 0.22086), (0.63749, 0.54714, 0.24094), (0.63749, 0.54714, 0.24094), (0.63749, 0.54212, 0.23341), (0.63247, 0.53459, 0.2309), (0.63498, 0.5371, 0.21835), (0.62494, 0.52455, 0.19576), (0.63749, 0.55216, 0.24094), (0.63247, 0.54212, 0.24094), (0.63247, 0.55216, 0.24847), (0.62996, 0.51451, 0.20831), (0.63749, 0.52455, 0.21082), (0.62243, 0.50196, 0.16565), (0.61992, 0.52204, 0.20329), (0.61992, 0.52204, 0.20329), (0.61992, 0.52957, 0.22086), (0.63749, 0.52455, 0.21082), (0.63749, 0.55216, 0.24094), (0.63498, 0.53961, 0.22086), (0.63498, 0.5371, 0.21835), (0.64, 0.56722, 0.26604), (0.63498, 0.54965, 0.23843), (0.64, 0.56973, 0.27357), (0.63749, 0.54714, 0.23843), (0.64, 0.55969, 0.256), (0.63247, 0.55216, 0.24345), (0.63247, 0.55216, 0.24345), (0.63247, 0.53459, 0.21584), (0.63749, 0.54714, 0.23843), (0.63498, 0.55969, 0.25349), (0.63247, 0.5371, 0.22839), (0.62996, 0.53459, 0.20078), (0.62996, 0.53459, 0.20078), (0.62745, 0.50698, 0.14557), (0.63498, 0.55969, 0.25349), (0.63749, 0.55718, 0.25349), (0.62996, 0.55216, 0.23843), (0.64, 0.56973, 0.26855), (0.64, 0.56973, 0.26855), (0.63498, 0.55467, 0.24596), (0.63749, 0.55718, 0.25349), (0.63498, 0.55467, 0.256), (0.63498, 0.55467, 0.25098), (0.62996, 0.49192, 0.17318), (0.62996, 0.49192, 0.17318), (0.62494, 0.50196, 0.18071), (0.63498, 0.55467, 0.256), (0.63247, 0.52204, 0.21835), (0.63749, 0.51451, 0.21082), (0.63749, 0.51953, 0.22337), (0.62243, 0.52204, 0.19075), (0.62996, 0.56471, 0.26102), (0.64, 0.54212, 0.21082), (0.63749, 0.55718, 0.24847), (0.62243, 0.52204, 0.21584), (0.64, 0.55467, 0.25851), (0.64, 0.55467, 0.25851), (0.63247, 0.53459, 0.2309), (0.63749, 0.55718, 0.24847), (0.62243, 0.512, 0.18322), (0.62745, 0.49945, 0.1782), (0.63498, 0.54463, 0.23592), (0.64, 0.54463, 0.2309), (0.62996, 0.53961, 0.2309), (0.62996, 0.53459, 0.21584), (0.62745, 0.48188, 0.16565), (0.62494, 0.50196, 0.1782), (0.64, 0.54212, 0.2058), (0.64, 0.54212, 0.2058), (0.64, 0.54463, 0.21082), (0.62745, 0.48188, 0.16565), (0.63247, 0.52455, 0.19827), (0.63247, 0.5371, 0.22337), (0.63749, 0.53459, 0.21835), (0.63749, 0.53459, 0.21835), (0.62494, 0.52706, 0.19827), (0.63247, 0.52455, 0.19827), (0.62745, 0.53208, 0.22337), (0.63749, 0.53961, 0.22086), (0.64, 0.58478, 0.27859), (0.63749, 0.53961, 0.22086), (0.63247, 0.52204, 0.20831), (0.63498, 0.52706, 0.19827), (0.64, 0.5371, 0.24094), (0.64, 0.55467, 0.24596), (0.63498, 0.52706, 0.19827), (0.63749, 0.5622, 0.256), (0.63247, 0.52455, 0.20329), (0.63749, 0.54212, 0.22839), (0.63498, 0.52455, 0.21082), (0.62996, 0.53459, 0.22588), (0.63498, 0.51702, 0.19075), (0.63498, 0.51702, 0.19075), (0.63498, 0.52204, 0.20329), (0.63498, 0.52455, 0.21082), (0.62996, 0.53459, 0.21584), (0.64, 0.54463, 0.23592), (0.64, 0.54463, 0.2309), (0.63498, 0.53459, 0.2309), (0.62745, 0.50949, 0.18322), (0.63247, 0.55467, 0.24094), (0.63247, 0.55467, 0.24094), (0.63749, 0.54212, 0.22337), (0.63498, 0.53459, 0.2309), (0.63247, 0.53459, 0.21584), (0.63749, 0.54965, 0.24847), (0.62745, 0.52455, 0.21333), (0.62745, 0.52455, 0.21333), (0.62996, 0.53208, 0.22839), (0.63247, 0.53459, 0.21584), (0.62996, 0.50447, 0.17067), (0.63749, 0.49443, 0.17067), (0.64, 0.54714, 0.22086), (0.64, 0.54714, 0.22086), (0.63498, 0.5371, 0.21835), (0.62996, 0.50447, 0.17067), (0.62745, 0.50196, 0.19325), (0.62243, 0.49945, 0.17569), (0.62996, 0.50447, 0.19075), (0.62996, 0.50447, 0.19075), (0.62494, 0.50196, 0.18071), (0.62745, 0.50196, 0.19325), (0.64, 0.54212, 0.21082), (0.62996, 0.56471, 0.26102), (0.63498, 0.5622, 0.24094), (0.63498, 0.5622, 0.24094), (0.62745, 0.54212, 0.22588), (0.64, 0.54212, 0.21082), (0.63749, 0.52455, 0.21082), (0.63247, 0.52706, 0.22337), (0.63247, 0.53208, 0.22588), (0.63247, 0.53208, 0.22588), (0.62996, 0.51953, 0.2058), (0.63749, 0.52455, 0.21082), (0.62494, 0.52455, 0.22086), (0.62996, 0.51953, 0.2058), (0.63247, 0.53208, 0.22588), (0.63247, 0.53208, 0.22588), (0.62494, 0.512, 0.19827), (0.62494, 0.52455, 0.22086), (0.63749, 0.56722, 0.25851), (0.64, 0.56722, 0.27106), (0.63498, 0.57976, 0.27859), (0.63247, 0.55216, 0.24847), (0.63247, 0.53459, 0.2309), (0.62494, 0.50196, 0.1782), (0.62996, 0.52455, 0.22086), (0.64, 0.55467, 0.27859), (0.64, 0.54965, 0.26353), (0.64, 0.54965, 0.26353), (0.63749, 0.5371, 0.2309), (0.62996, 0.52455, 0.22086), (0.63498, 0.54714, 0.24596), (0.62996, 0.53961, 0.2309), (0.63247, 0.56973, 0.27357), (0.62243, 0.48941, 0.16816), (0.61741, 0.50949, 0.18824), (0.62494, 0.52204, 0.2058), (0.62494, 0.52204, 0.2058), (0.64, 0.5371, 0.22086), (0.62243, 0.48941, 0.16816), (0.63498, 0.52957, 0.22588), (0.62745, 0.52706, 0.22086), (0.63749, 0.54714, 0.23843), (0.63247, 0.56973, 0.27357), (0.62745, 0.52706, 0.22337), (0.63498, 0.54714, 0.24596), (0.63749, 0.52455, 0.20078), (0.62494, 0.51702, 0.19075), (0.62243, 0.49694, 0.16816), (0.62243, 0.49694, 0.16816), (0.64, 0.55969, 0.256), (0.63749, 0.52455, 0.20078), (0.62996, 0.53459, 0.22588), (0.63749, 0.56722, 0.25851), (0.63749, 0.52455, 0.20078), (0.63749, 0.52455, 0.20078), (0.63498, 0.51702, 0.19075), (0.62996, 0.53459, 0.22588), (0.63247, 0.53208, 0.22086), (0.63749, 0.53961, 0.24094), (0.62996, 0.51953, 0.2058), (0.63749, 0.53961, 0.24094), (0.63749, 0.54965, 0.24847), (0.63749, 0.52706, 0.21333), (0.63498, 0.54212, 0.24847), (0.63247, 0.53208, 0.22839), (0.63749, 0.52706, 0.21333), (0.63247, 0.55216, 0.24847), (0.63498, 0.56471, 0.256), (0.64, 0.56722, 0.26102), (0.64, 0.56722, 0.26102), (0.63749, 0.54212, 0.22839), (0.63247, 0.55216, 0.24847), (0.62243, 0.54714, 0.24094), (0.63247, 0.54463, 0.22839), (0.63749, 0.54965, 0.24847), (0.63498, 0.53459, 0.2309), (0.63247, 0.52706, 0.22588), (0.62745, 0.49192, 0.15561), (0.62745, 0.49192, 0.15561), (0.63498, 0.49945, 0.16314), (0.63498, 0.53459, 0.2309), (0.63498, 0.54463, 0.23843), (0.63498, 0.55467, 0.24596), (0.64, 0.54714, 0.25851), (0.64, 0.54714, 0.25851), (0.64, 0.55216, 0.26102), (0.63498, 0.54463, 0.23843), (0.63749, 0.51953, 0.22337), (0.62745, 0.51953, 0.19827), (0.63247, 0.52204, 0.21835), (0.62243, 0.50196, 0.16565), (0.63498, 0.51451, 0.17318), (0.63247, 0.52204, 0.19325), (0.63247, 0.52204, 0.19325), (0.61992, 0.52204, 0.20329), (0.62243, 0.50196, 0.16565), (0.63749, 0.54965, 0.24847), (0.63749, 0.5622, 0.256), (0.62996, 0.56471, 0.26102), (0.62996, 0.56471, 0.26102), (0.62243, 0.52204, 0.19075), (0.63749, 0.54965, 0.24847), (0.64, 0.54212, 0.21082), (0.63498, 0.55969, 0.25349), (0.62243, 0.52204, 0.19075), (0.62243, 0.49443, 0.17569), (0.62494, 0.50196, 0.18071), (0.64, 0.5371, 0.24094), (0.64, 0.5371, 0.24094), (0.63247, 0.52706, 0.22588), (0.62243, 0.49443, 0.17569), (0.63498, 0.53961, 0.22086), (0.63247, 0.55216, 0.24345), (0.62996, 0.54212, 0.22588), (0.62996, 0.54212, 0.22588), (0.63498, 0.5371, 0.21835), (0.63498, 0.53961, 0.22086), (0.63247, 0.54965, 0.22588), (0.62996, 0.52957, 0.22337), (0.62494, 0.54714, 0.22839), (0.62494, 0.54714, 0.22839), (0.61992, 0.52957, 0.22337), (0.63247, 0.54965, 0.22588), (0.63498, 0.55718, 0.24345), (0.63247, 0.55467, 0.24094), (0.64, 0.58478, 0.28612), (0.64, 0.58478, 0.28612), (0.64, 0.56471, 0.26353), (0.63498, 0.55718, 0.24345), (0.63749, 0.54714, 0.23843), (0.64, 0.56722, 0.24596), (0.63498, 0.52957, 0.22588), (0.63247, 0.52455, 0.20329), (0.63749, 0.54212, 0.23341), (0.63247, 0.52204, 0.20831), (0.63247, 0.52204, 0.20831), (0.63749, 0.53961, 0.22086), (0.63247, 0.52455, 0.20329), (0.61992, 0.50949, 0.2058), (0.62494, 0.512, 0.19827), (0.62996, 0.52706, 0.21082), (0.63749, 0.54714, 0.26102), (0.62996, 0.54965, 0.25098), (0.64, 0.55216, 0.24345), (0.64, 0.55216, 0.24345), (0.63247, 0.53459, 0.21584), (0.63749, 0.54714, 0.26102), (0.62996, 0.50196, 0.18071), (0.62996, 0.52957, 0.22337), (0.64, 0.54463, 0.23592), (0.63247, 0.52706, 0.22588), (0.64, 0.56973, 0.27357), (0.63247, 0.512, 0.17067), (0.63247, 0.512, 0.17067), (0.62745, 0.49192, 0.15561), (0.63247, 0.52706, 0.22588), (0.62996, 0.53961, 0.2309), (0.62996, 0.54965, 0.25098), (0.63498, 0.54714, 0.24596), (0.62996, 0.50698, 0.18322), (0.62996, 0.51702, 0.19325), (0.62996, 0.50949, 0.19827), (0.62996, 0.50949, 0.19827), (0.63749, 0.53208, 0.22839), (0.62996, 0.50698, 0.18322), (0.64, 0.54463, 0.23592), (0.62243, 0.50447, 0.1782), (0.62996, 0.50196, 0.18071), (0.62996, 0.52706, 0.21082), (0.63247, 0.52204, 0.21835), (0.61992, 0.50949, 0.2058), (0.62996, 0.52706, 0.2058), (0.63749, 0.52957, 0.20078), (0.64, 0.56722, 0.26604), (0.63247, 0.52957, 0.20831), (0.63749, 0.56722, 0.29114), (0.63498, 0.55216, 0.26102), (0.62243, 0.53208, 0.22337), (0.63247, 0.52957, 0.23341), (0.62745, 0.52455, 0.22839), (0.63498, 0.5371, 0.21835), (0.64, 0.56471, 0.26353), (0.63247, 0.54463, 0.22839), (0.64, 0.54463, 0.25098), (0.62745, 0.52455, 0.22839), (0.63247, 0.51702, 0.21584), (0.63749, 0.54212, 0.23341), (0.63247, 0.52455, 0.20329), (0.62745, 0.49945, 0.1782), (0.62745, 0.55718, 0.24345), (0.64, 0.56471, 0.25349), (0.62996, 0.55216, 0.23843), (0.62996, 0.55216, 0.23843), (0.63498, 0.55216, 0.22337), (0.62745, 0.55718, 0.24345), (0.63498, 0.55467, 0.24596), (0.62745, 0.5371, 0.22839), (0.62996, 0.55216, 0.23843), (0.62996, 0.55216, 0.23843), (0.62243, 0.54463, 0.2309), (0.63498, 0.55467, 0.24596), (0.63498, 0.55216, 0.26102), (0.64, 0.55969, 0.26855), (0.63247, 0.52957, 0.20831), (0.62494, 0.54714, 0.22839), (0.62996, 0.52957, 0.22337), (0.63498, 0.55467, 0.24596), (0.63498, 0.55467, 0.24596), (0.64, 0.57224, 0.27608), (0.62494, 0.54714, 0.22839), (0.63498, 0.51702, 0.19075), (0.63498, 0.5371, 0.20831), (0.64, 0.55718, 0.24847), (0.63749, 0.54212, 0.23341), (0.64, 0.53459, 0.23341), (0.63247, 0.52204, 0.20831), (0.62996, 0.53961, 0.2309), (0.62996, 0.52204, 0.19325), (0.64, 0.52957, 0.21584), (0.64, 0.52957, 0.21584), (0.63749, 0.54965, 0.25851), (0.63498, 0.5371, 0.21835), (0.63498, 0.55969, 0.24847), (0.63498, 0.57224, 0.27357), (0.63749, 0.54965, 0.24847), (0.63498, 0.55969, 0.24847), (0.63749, 0.57224, 0.27357), (0.64, 0.55467, 0.24596), (0.63749, 0.54212, 0.22839), (0.64, 0.55718, 0.24847), (0.64, 0.56471, 0.26353), (0.62243, 0.53208, 0.22337), (0.63247, 0.512, 0.19576), (0.63749, 0.54212, 0.22839), (0.62996, 0.52706, 0.2058), (0.62745, 0.52706, 0.19827), (0.61992, 0.50949, 0.20078), (0.61992, 0.50949, 0.20078), (0.63498, 0.54714, 0.2309), (0.62996, 0.52706, 0.2058), (0.63498, 0.52706, 0.19827), (0.64, 0.55467, 0.24596), (0.63749, 0.56973, 0.2811), (0.63749, 0.56973, 0.2811), (0.63749, 0.52957, 0.20078), (0.63498, 0.52706, 0.19827), (0.64, 0.55216, 0.256), (0.62745, 0.54212, 0.23341), (0.64, 0.54965, 0.24094), (0.64, 0.54965, 0.24094), (0.64, 0.54463, 0.25098), (0.64, 0.55216, 0.256), (0.62494, 0.50196, 0.18071), (0.60737, 0.51953, 0.20329), (0.62243, 0.5371, 0.22588), (0.62243, 0.5371, 0.22588), (0.63498, 0.50698, 0.18824), (0.62494, 0.50196, 0.18071), (0.64, 0.56722, 0.26604), (0.63247, 0.55216, 0.26855), (0.62996, 0.52706, 0.2058), (0.63749, 0.53961, 0.21082), (0.64, 0.54212, 0.21082), (0.62494, 0.53961, 0.2058), (0.61992, 0.52957, 0.22337), (0.62494, 0.54714, 0.22839), (0.62996, 0.52204, 0.19576), (0.62996, 0.52204, 0.19576), (0.62745, 0.51702, 0.20329), (0.61992, 0.52957, 0.22337), (0.62243, 0.49945, 0.17569), (0.63247, 0.53208, 0.22839), (0.62996, 0.52455, 0.22086), (0.62996, 0.52455, 0.22086), (0.62996, 0.50447, 0.19075), (0.62243, 0.49945, 0.17569), (0.63498, 0.54714, 0.24596), (0.64, 0.5622, 0.27106), (0.62996, 0.53961, 0.2309), (0.63749, 0.56471, 0.24345), (0.62996, 0.53961, 0.19827), (0.63247, 0.54463, 0.21835), (0.63498, 0.55969, 0.25851), (0.64, 0.56722, 0.26353), (0.63749, 0.55216, 0.24345), (0.63749, 0.55216, 0.24345), (0.62996, 0.53459, 0.22086), (0.63498, 0.55969, 0.25851), (0.62494, 0.53961, 0.2058), (0.63498, 0.54714, 0.22086), (0.63749, 0.53961, 0.21082), (0.63247, 0.54463, 0.21835), (0.63498, 0.53961, 0.22086), (0.63749, 0.56471, 0.24345), (0.62996, 0.52706, 0.21082), (0.62996, 0.52706, 0.21082), (0.61992, 0.51451, 0.21082), (0.61992, 0.51451, 0.21082), (0.63247, 0.52957, 0.23341), (0.62996, 0.52706, 0.21082), (0.62996, 0.52455, 0.22086), (0.63749, 0.52455, 0.21082), (0.62996, 0.51953, 0.2058), (0.63247, 0.54212, 0.23592), (0.63749, 0.54714, 0.23843), (0.63498, 0.53961, 0.22086), (0.63498, 0.53961, 0.22086), (0.62996, 0.53208, 0.22839), (0.63247, 0.54212, 0.23592), (0.62494, 0.5371, 0.21584), (0.64, 0.56973, 0.26353), (0.64, 0.5622, 0.24847), (0.64, 0.5622, 0.24847), (0.62996, 0.53961, 0.2309), (0.62494, 0.5371, 0.21584), (0.63498, 0.5622, 0.26855), (0.63498, 0.55969, 0.25851), (0.64, 0.57725, 0.2811), (0.63749, 0.5371, 0.23341), (0.63498, 0.54714, 0.2309), (0.62996, 0.50949, 0.18824), (0.62996, 0.50949, 0.18824), (0.62494, 0.50196, 0.18071), (0.63749, 0.5371, 0.23341), (0.64, 0.54714, 0.24345), (0.64, 0.5371, 0.24094), (0.62745, 0.52204, 0.22086), (0.62996, 0.53459, 0.22086), (0.63498, 0.50698, 0.18824), (0.62243, 0.4869, 0.14808), (0.62243, 0.4869, 0.14808), (0.63749, 0.53459, 0.22337), (0.62996, 0.53459, 0.22086), (0.62745, 0.52706, 0.22337), (0.63498, 0.55969, 0.25851), (0.62996, 0.53459, 0.22086), (0.64, 0.56471, 0.25349), (0.64, 0.54463, 0.23341), (0.63749, 0.57475, 0.27859), (0.63749, 0.57475, 0.27859), (0.64, 0.56471, 0.25349), (0.64, 0.56471, 0.25349), (0.64, 0.57725, 0.2811), (0.63498, 0.55467, 0.256), (0.63498, 0.5622, 0.26855), (0.63247, 0.53459, 0.2309), (0.62996, 0.5371, 0.24847), (0.62745, 0.5371, 0.23592), (0.63247, 0.52957, 0.23341), (0.63749, 0.55718, 0.24847), (0.62996, 0.5371, 0.24847), (0.64, 0.55969, 0.25098), (0.62996, 0.55216, 0.23843), (0.61741, 0.49443, 0.17318), (0.63498, 0.53961, 0.22086), (0.62494, 0.52455, 0.19576), (0.61992, 0.52957, 0.22337), (0.61992, 0.52957, 0.22337), (0.63749, 0.56471, 0.24345), (0.63498, 0.53961, 0.22086), (0.63498, 0.55467, 0.25098), (0.64, 0.58729, 0.29616), (0.62494, 0.52455, 0.19576), (0.62494, 0.52455, 0.19576), (0.62745, 0.50196, 0.17318), (0.63498, 0.55467, 0.25098), (0.61741, 0.49443, 0.17318), (0.62745, 0.50447, 0.17569), (0.64, 0.55969, 0.25098), (0.62243, 0.50447, 0.1782), (0.64, 0.54463, 0.23592), (0.64, 0.5371, 0.23592), (0.64, 0.5371, 0.23592), (0.63749, 0.53961, 0.23592), (0.62243, 0.50447, 0.1782), (0.62996, 0.51953, 0.2058), (0.62996, 0.50447, 0.19576), (0.62996, 0.52455, 0.22086), (0.64, 0.56471, 0.27106), (0.63247, 0.52957, 0.21333), (0.63498, 0.51702, 0.18573), (0.63498, 0.51702, 0.18573), (0.64, 0.57725, 0.28612), (0.64, 0.56471, 0.27106), (0.64, 0.56471, 0.26353), (0.64, 0.58478, 0.28612), (0.63247, 0.56471, 0.27106), (0.63247, 0.56471, 0.27106), (0.63247, 0.54714, 0.23592), (0.64, 0.56471, 0.26353), (0.62494, 0.52455, 0.19576), (0.62996, 0.54463, 0.23341), (0.63749, 0.55216, 0.24094), (0.63749, 0.55216, 0.24094), (0.62996, 0.53459, 0.20078), (0.62494, 0.52455, 0.19576), (0.62745, 0.49192, 0.15561), (0.63247, 0.512, 0.17067), (0.63498, 0.51451, 0.19325), (0.63498, 0.51451, 0.19325), (0.62996, 0.52455, 0.22337), (0.62745, 0.49192, 0.15561), (0.63749, 0.54714, 0.24094), (0.63247, 0.56973, 0.27106), (0.63498, 0.55969, 0.25349), (0.63498, 0.55216, 0.22337), (0.63749, 0.54714, 0.24094), (0.62494, 0.51451, 0.18071), (0.62494, 0.51451, 0.18071), (0.62996, 0.52957, 0.19827), (0.63498, 0.55216, 0.22337), (0.63247, 0.53459, 0.2309), (0.62996, 0.53459, 0.22588), (0.63498, 0.53208, 0.21082), (0.62996, 0.53961, 0.19827), (0.62494, 0.52204, 0.16063), (0.64, 0.54463, 0.23592), (0.64, 0.54463, 0.23592), (0.63247, 0.55216, 0.24345), (0.62996, 0.53961, 0.19827), (0.62243, 0.4869, 0.14808), (0.62996, 0.56722, 0.27608), (0.63247, 0.54714, 0.2309), (0.63247, 0.54714, 0.2309), (0.63247, 0.53208, 0.20329), (0.62243, 0.4869, 0.14808), (0.63247, 0.52957, 0.21333), (0.64, 0.55718, 0.24094), (0.64, 0.56722, 0.25349), (0.64, 0.56722, 0.25349), (0.63498, 0.51702, 0.18573), (0.63247, 0.52957, 0.21333), (0.62996, 0.52706, 0.21082), (0.63498, 0.53961, 0.2309), (0.63498, 0.54463, 0.23843), (0.63498, 0.54463, 0.23843), (0.64, 0.55216, 0.26102), (0.62996, 0.52706, 0.21082), (0.62494, 0.52204, 0.20078), (0.62494, 0.50196, 0.1782), (0.63247, 0.53459, 0.2309), (0.63247, 0.53459, 0.2309), (0.64, 0.57725, 0.29365), (0.62494, 0.52204, 0.20078), (0.62494, 0.49945, 0.17067), (0.63247, 0.52455, 0.20329), (0.64, 0.52706, 0.20329), (0.64, 0.52706, 0.20329), (0.62745, 0.49443, 0.16314), (0.62494, 0.49945, 0.17067), (0.64, 0.55467, 0.24596), (0.64, 0.56471, 0.26353), (0.63247, 0.54714, 0.23592), (0.63247, 0.54714, 0.23592), (0.63498, 0.57224, 0.27608), (0.64, 0.55467, 0.24596), (0.62745, 0.52204, 0.22086), (0.62996, 0.53459, 0.22086), (0.64, 0.54714, 0.24345), (0.64, 0.54714, 0.25851), (0.62996, 0.52957, 0.22337), (0.64, 0.55216, 0.26102), (0.63498, 0.54463, 0.23843), (0.63498, 0.53961, 0.2309), (0.62494, 0.54463, 0.24596), (0.64, 0.56471, 0.26353), (0.64, 0.55718, 0.24847), (0.64, 0.54965, 0.24094), (0.62996, 0.53961, 0.2309), (0.63498, 0.54714, 0.24596), (0.63247, 0.55216, 0.24847), (0.63247, 0.51953, 0.19576), (0.64, 0.55467, 0.24345), (0.63247, 0.55216, 0.24847), (0.63498, 0.55969, 0.25349), (0.63247, 0.52204, 0.20831), (0.63749, 0.54714, 0.24094), (0.63749, 0.54965, 0.22337), (0.62996, 0.54212, 0.22588), (0.63247, 0.55216, 0.24345), (0.63247, 0.55216, 0.24345), (0.64, 0.55718, 0.22839), (0.63749, 0.54965, 0.22337), (0.63247, 0.51953, 0.19576), (0.62494, 0.51451, 0.18573), (0.64, 0.58227, 0.28612), (0.64, 0.58227, 0.28612), (0.64, 0.56973, 0.27357), (0.63247, 0.51953, 0.19576), (0.62996, 0.52957, 0.22337), (0.64, 0.5622, 0.25349), (0.64, 0.55969, 0.25098), (0.64, 0.55969, 0.25098), (0.63498, 0.53459, 0.22337), (0.62996, 0.52957, 0.22337), (0.63247, 0.512, 0.19576), (0.64, 0.56973, 0.27357), (0.64, 0.55216, 0.25098), (0.64, 0.55216, 0.25098), (0.63498, 0.51702, 0.19075), (0.63247, 0.512, 0.19576), (0.62996, 0.51953, 0.2058), (0.62494, 0.52455, 0.22086), (0.64, 0.55969, 0.24847), (0.63247, 0.55718, 0.25098), (0.63749, 0.5622, 0.26102), (0.64, 0.54463, 0.24596), (0.64, 0.52957, 0.21584), (0.63498, 0.52455, 0.21584), (0.63498, 0.54965, 0.24094), (0.63498, 0.54965, 0.24094), (0.63498, 0.54714, 0.2309), (0.64, 0.52957, 0.21584), (0.64, 0.55969, 0.24847), (0.62996, 0.50447, 0.19576), (0.62996, 0.51953, 0.2058), (0.64, 0.56471, 0.26353), (0.63498, 0.55467, 0.24596), (0.63498, 0.54463, 0.23843), (0.62745, 0.54714, 0.23843), (0.64, 0.56471, 0.27106), (0.64, 0.57725, 0.28612), (0.63498, 0.51702, 0.18573), (0.63749, 0.54965, 0.23341), (0.64, 0.57725, 0.28612), (0.63498, 0.54463, 0.23843), (0.63498, 0.55467, 0.24596), (0.63749, 0.56471, 0.24847), (0.63749, 0.56471, 0.24847), (0.62494, 0.54463, 0.24596), (0.63498, 0.54463, 0.23843), (0.64, 0.55969, 0.25098), (0.63498, 0.5371, 0.21333), (0.63749, 0.53961, 0.21584), (0.64, 0.56973, 0.26855), (0.63247, 0.56471, 0.27106), (0.63749, 0.55718, 0.24847), (0.63749, 0.55718, 0.24847), (0.64, 0.55467, 0.24596), (0.64, 0.56973, 0.26855), (0.63498, 0.55969, 0.25349), (0.63247, 0.54212, 0.23341), (0.63247, 0.52204, 0.20831), (0.63247, 0.52204, 0.20831), (0.63498, 0.5371, 0.23341), (0.63749, 0.54714, 0.24094), (0.64, 0.52957, 0.22086), (0.6149, 0.4869, 0.16565), (0.63749, 0.55216, 0.24094), (0.63749, 0.55216, 0.24094), (0.62996, 0.5371, 0.21082), (0.64, 0.52957, 0.22086), (0.62494, 0.53459, 0.23341), (0.62494, 0.50698, 0.17569), (0.62494, 0.50447, 0.16314), (0.62494, 0.50447, 0.16314), (0.63498, 0.52455, 0.19576), (0.62494, 0.53459, 0.23341), (0.63247, 0.53208, 0.22086), (0.63498, 0.54714, 0.25098), (0.62996, 0.53459, 0.22588), (0.62996, 0.53459, 0.22086), (0.63498, 0.54714, 0.24596), (0.62745, 0.52706, 0.22337), (0.63498, 0.55969, 0.25349), (0.64, 0.54212, 0.22086), (0.62745, 0.53208, 0.21835), (0.62745, 0.53208, 0.21835), (0.63247, 0.54212, 0.23341), (0.63498, 0.55969, 0.25349), (0.63498, 0.49945, 0.16314), (0.62996, 0.52455, 0.22337), (0.63247, 0.53208, 0.22839), (0.64, 0.56471, 0.26353), (0.64, 0.55467, 0.24596), (0.63749, 0.54965, 0.24847), (0.63749, 0.54965, 0.24847), (0.63498, 0.55718, 0.24345), (0.64, 0.56471, 0.26353), (0.64, 0.54212, 0.23843), (0.62996, 0.53961, 0.23341), (0.64, 0.56722, 0.27357), (0.64, 0.56722, 0.27357), (0.64, 0.55969, 0.256), (0.64, 0.54212, 0.23843), (0.62745, 0.54965, 0.256), (0.64, 0.53459, 0.2309), (0.62494, 0.52957, 0.22086), (0.62494, 0.52957, 0.22086), (0.62996, 0.54212, 0.24596), (0.62745, 0.54965, 0.256), (0.63749, 0.52957, 0.20078), (0.62494, 0.51702, 0.18824), (0.63749, 0.53961, 0.22086), (0.63498, 0.55467, 0.256), (0.63749, 0.52455, 0.2058), (0.62494, 0.51702, 0.16816), (0.62243, 0.50196, 0.16565), (0.63749, 0.52455, 0.21082), (0.63247, 0.55216, 0.24847), (0.63247, 0.55216, 0.24847), (0.62996, 0.54965, 0.24596), (0.62243, 0.50196, 0.16565), (0.62745, 0.52706, 0.19576), (0.63749, 0.54463, 0.21835), (0.63498, 0.55718, 0.23843), (0.64, 0.54463, 0.24596), (0.63749, 0.54463, 0.256), (0.63247, 0.55718, 0.25098), (0.63749, 0.53961, 0.22086), (0.63498, 0.52706, 0.19827), (0.63749, 0.52957, 0.20078), (0.63247, 0.53459, 0.21584), (0.63498, 0.51451, 0.19827), (0.64, 0.57725, 0.27608), (0.64, 0.57725, 0.27608), (0.64, 0.55467, 0.24345), (0.63247, 0.53459, 0.21584), (0.62494, 0.51702, 0.16816), (0.63247, 0.54714, 0.23592), (0.63498, 0.55467, 0.256), (0.63749, 0.53961, 0.23592), (0.64, 0.5371, 0.23592), (0.64, 0.53459, 0.2309), (0.64, 0.53459, 0.2309), (0.62494, 0.52204, 0.22588), (0.63749, 0.53961, 0.23592), (0.63498, 0.55718, 0.23843), (0.63498, 0.55467, 0.24596), (0.62745, 0.52706, 0.19576), (0.62243, 0.51953, 0.20831), (0.63498, 0.51702, 0.19075), (0.62996, 0.51702, 0.20329), (0.63498, 0.54965, 0.27357), (0.64, 0.56471, 0.26353), (0.64, 0.5622, 0.26855), (0.64, 0.5622, 0.26855), (0.63247, 0.54463, 0.24345), (0.63498, 0.54965, 0.27357), (0.63749, 0.52455, 0.21082), (0.63498, 0.53208, 0.21584), (0.63247, 0.52204, 0.20831), (0.62996, 0.5371, 0.20329), (0.63247, 0.52455, 0.19827), (0.63247, 0.52204, 0.20831), (0.63498, 0.5371, 0.21333), (0.64, 0.55969, 0.25098), (0.63749, 0.54463, 0.19325), (0.63247, 0.53208, 0.22839), (0.62243, 0.49945, 0.17569), (0.63498, 0.49945, 0.16314), (0.63498, 0.54714, 0.2309), (0.64, 0.54965, 0.24345), (0.62745, 0.5371, 0.22839), (0.63498, 0.53208, 0.23592), (0.62996, 0.51702, 0.20329), (0.62996, 0.5371, 0.24345), (0.62996, 0.52455, 0.18824), (0.62996, 0.53459, 0.22588), (0.62996, 0.5371, 0.21082), (0.63749, 0.54463, 0.19325), (0.62996, 0.5371, 0.21082), (0.63498, 0.5371, 0.21333), (0.63749, 0.53961, 0.21584), (0.63247, 0.56973, 0.27106), (0.64, 0.55969, 0.25098), (0.64, 0.55216, 0.2309), (0.64, 0.55969, 0.25098), (0.62745, 0.53459, 0.20831), (0.63498, 0.54714, 0.24596), (0.64, 0.55718, 0.24094), (0.63749, 0.56471, 0.24847), (0.63749, 0.53459, 0.18322), (0.62996, 0.52706, 0.17569), (0.63749, 0.56471, 0.24847), (0.62996, 0.5371, 0.21082), (0.63749, 0.55216, 0.24094), (0.62996, 0.52455, 0.18824), (0.63498, 0.5622, 0.26855), (0.62745, 0.54212, 0.23341), (0.63498, 0.53961, 0.22086), (0.63498, 0.53961, 0.22086), (0.62745, 0.52957, 0.2058), (0.63498, 0.5622, 0.26855), (0.63498, 0.53459, 0.22337), (0.64, 0.57976, 0.2811), (0.63498, 0.56973, 0.26604), (0.63498, 0.56973, 0.26604), (0.63498, 0.53208, 0.21584), (0.63498, 0.53459, 0.22337), (0.63498, 0.55467, 0.256), (0.63749, 0.55467, 0.26353), (0.62745, 0.54212, 0.23341), (0.62745, 0.54212, 0.23341), (0.63498, 0.5622, 0.26855), (0.63498, 0.55467, 0.256), (0.62745, 0.54212, 0.23341), (0.62745, 0.50447, 0.20078), (0.64, 0.54463, 0.22086), (0.64, 0.54965, 0.24094), (0.63749, 0.54965, 0.23341), (0.63749, 0.5622, 0.256), (0.63749, 0.5622, 0.256), (0.64, 0.56471, 0.26353), (0.64, 0.54965, 0.24094), (0.62996, 0.50949, 0.19827), (0.63247, 0.53459, 0.2309), (0.64, 0.55969, 0.24847), (0.64, 0.55969, 0.24847), (0.62494, 0.48188, 0.1531), (0.62996, 0.50949, 0.19827), (0.63247, 0.52957, 0.21835), (0.62996, 0.55718, 0.24094), (0.63498, 0.53961, 0.22086), (0.63498, 0.53961, 0.22086), (0.62243, 0.51953, 0.20831), (0.63247, 0.52957, 0.21835), (0.62996, 0.55467, 0.25349), (0.63498, 0.57224, 0.2811), (0.63247, 0.54463, 0.22337), (0.63247, 0.54463, 0.22337), (0.64, 0.56471, 0.25098), (0.62996, 0.55467, 0.25349), (0.64, 0.56973, 0.26855), (0.64, 0.56722, 0.27357), (0.62996, 0.53961, 0.23341), (0.63749, 0.55216, 0.24094), (0.63749, 0.55216, 0.24094), (0.64, 0.53459, 0.2309), (0.63749, 0.5622, 0.256), (0.64, 0.56471, 0.25349), (0.64, 0.56471, 0.25349), (0.64, 0.56471, 0.25349), (0.63749, 0.57475, 0.27859), (0.63749, 0.55216, 0.24094), (0.63749, 0.51451, 0.21082), (0.64, 0.52706, 0.22839), (0.63749, 0.52957, 0.20329), (0.63749, 0.56722, 0.29114), (0.63247, 0.52957, 0.20831), (0.60737, 0.47937, 0.15812), (0.60737, 0.47937, 0.15812), (0.62996, 0.51702, 0.19827), (0.63749, 0.56722, 0.29114), (0.63247, 0.55216, 0.24345), (0.63498, 0.53961, 0.22086), (0.63247, 0.55467, 0.23592), (0.63749, 0.52957, 0.20329), (0.63247, 0.55216, 0.24345), (0.63749, 0.51451, 0.21082), (0.62243, 0.51953, 0.20831), (0.63498, 0.53961, 0.22086), (0.63749, 0.54463, 0.21333), (0.63749, 0.54463, 0.21333), (0.63498, 0.52455, 0.22086), (0.62243, 0.51953, 0.20831), (0.64, 0.55216, 0.2309), (0.64, 0.5622, 0.26855), (0.64, 0.56471, 0.26353), (0.62745, 0.5371, 0.22839), (0.62996, 0.54463, 0.22839), (0.63498, 0.54714, 0.2309), (0.62494, 0.5371, 0.22086), (0.64, 0.54212, 0.21835), (0.64, 0.56722, 0.27106), (0.62243, 0.51702, 0.21333), (0.62745, 0.53208, 0.22337), (0.63247, 0.53459, 0.2309), (0.63247, 0.53459, 0.2309), (0.63749, 0.54714, 0.24094), (0.62243, 0.51702, 0.21333), (0.63498, 0.54463, 0.24345), (0.62745, 0.53208, 0.22337), (0.63247, 0.52455, 0.19576), (0.63247, 0.52455, 0.19576), (0.64, 0.53961, 0.21082), (0.63498, 0.54463, 0.24345), (0.63749, 0.51702, 0.2058), (0.64, 0.52455, 0.21835), (0.62745, 0.52455, 0.21333), (0.62745, 0.52455, 0.21333), (0.62996, 0.51953, 0.2058), (0.63749, 0.51702, 0.2058), (0.64, 0.56722, 0.27106), (0.64, 0.56722, 0.27106), (0.62494, 0.5371, 0.22086), (0.63247, 0.53208, 0.22588), (0.62745, 0.52957, 0.21082), (0.62243, 0.51702, 0.21333), (0.62243, 0.51702, 0.21333), (0.62745, 0.53208, 0.22337), (0.63247, 0.53208, 0.22588), (0.64, 0.54965, 0.24094), (0.63749, 0.5371, 0.23341), (0.64, 0.53459, 0.23341), (0.64, 0.53459, 0.23341), (0.63749, 0.54212, 0.23341), (0.64, 0.54965, 0.24094), (0.64, 0.54463, 0.22086), (0.63498, 0.53961, 0.22086), (0.62745, 0.54212, 0.23341), (0.62996, 0.53961, 0.23341), (0.63749, 0.54714, 0.24094), (0.64, 0.56973, 0.26855), (0.64, 0.57475, 0.27608), (0.63498, 0.54212, 0.24847), (0.63247, 0.54463, 0.22839), (0.63749, 0.55216, 0.24094), (0.64, 0.55718, 0.22839), (0.62745, 0.54714, 0.23843), (0.64, 0.55467, 0.24345), (0.64, 0.56973, 0.26855), (0.64, 0.55467, 0.24596), (0.64, 0.55467, 0.24596), (0.63498, 0.55467, 0.256), (0.64, 0.55467, 0.24345), (0.62745, 0.51451, 0.19576), (0.62745, 0.52455, 0.20329), (0.63749, 0.55216, 0.23592), (0.63749, 0.55216, 0.23592), (0.63247, 0.512, 0.19075), (0.62745, 0.51451, 0.19576), (0.63247, 0.54463, 0.22839), (0.64, 0.57725, 0.27859), (0.64, 0.57475, 0.27608), (0.62745, 0.54714, 0.23843), (0.63749, 0.54714, 0.24094), (0.63749, 0.55216, 0.24094), (0.63247, 0.52957, 0.23341), (0.64, 0.56471, 0.26353), (0.63498, 0.5371, 0.21835), (0.64, 0.57976, 0.2811), (0.62243, 0.512, 0.19827), (0.64, 0.56471, 0.24847), (0.64, 0.56471, 0.24847), (0.63498, 0.56973, 0.26604), (0.64, 0.57976, 0.2811), (0.62996, 0.50447, 0.17569), (0.62745, 0.50447, 0.18322), (0.63498, 0.52455, 0.21584), (0.63498, 0.52455, 0.21584), (0.62996, 0.52957, 0.22337), (0.62996, 0.50447, 0.17569), (0.62745, 0.55718, 0.24345), (0.64, 0.54965, 0.24345), (0.64, 0.5622, 0.25851), (0.64, 0.5622, 0.25851), (0.63498, 0.53961, 0.22588), (0.62745, 0.55718, 0.24345), (0.62996, 0.55216, 0.25851), (0.63247, 0.55216, 0.25349), (0.63247, 0.52204, 0.20831), (0.63498, 0.5371, 0.21835), (0.63498, 0.52455, 0.21584), (0.63247, 0.52957, 0.23341), (0.63498, 0.53961, 0.22086), (0.62243, 0.54965, 0.24847), (0.63247, 0.53208, 0.22588), (0.63247, 0.53208, 0.22588), (0.63247, 0.52706, 0.19075), (0.63498, 0.53961, 0.22086), (0.62996, 0.52204, 0.20078), (0.64, 0.58729, 0.28863), (0.63247, 0.55216, 0.24847), (0.62996, 0.56722, 0.25098), (0.62745, 0.56471, 0.26855), (0.62745, 0.5371, 0.22839), (0.62996, 0.54463, 0.22839), (0.62745, 0.5371, 0.22839), (0.63247, 0.54714, 0.23592), (0.63247, 0.54714, 0.23592), (0.64, 0.56722, 0.25851), (0.62996, 0.54463, 0.22839), (0.63498, 0.55467, 0.25098), (0.63749, 0.5622, 0.256), (0.64, 0.54463, 0.2309), (0.62996, 0.50949, 0.19827), (0.64, 0.55216, 0.26604), (0.63749, 0.53208, 0.22839), (0.64, 0.54965, 0.24847), (0.63749, 0.53459, 0.23843), (0.62996, 0.51702, 0.21835), (0.62996, 0.51702, 0.21835), (0.63749, 0.55969, 0.26855), (0.64, 0.54965, 0.24847), (0.63247, 0.55467, 0.23592), (0.62745, 0.54965, 0.2309), (0.63247, 0.55216, 0.24345), (0.63749, 0.52455, 0.2058), (0.62996, 0.52706, 0.2058), (0.63498, 0.51451, 0.19325), (0.63498, 0.51451, 0.19325), (0.62494, 0.49443, 0.15561), (0.63749, 0.52455, 0.2058), (0.64, 0.55467, 0.23341), (0.63247, 0.54714, 0.23592), (0.63749, 0.56471, 0.26353), (0.64, 0.54463, 0.2309), (0.64, 0.54463, 0.23592), (0.63498, 0.55467, 0.25098), (0.63498, 0.52455, 0.21082), (0.62745, 0.50447, 0.20078), (0.63749, 0.55969, 0.26604), (0.63498, 0.52455, 0.21584), (0.64, 0.55467, 0.27859), (0.62996, 0.52455, 0.22086), (0.63247, 0.54463, 0.24345), (0.62996, 0.53961, 0.23341), (0.63498, 0.54965, 0.27357), (0.63247, 0.55969, 0.26353), (0.64, 0.56973, 0.27608), (0.64, 0.5622, 0.27106), (0.63247, 0.52204, 0.21835), (0.62996, 0.54965, 0.24596), (0.64, 0.54965, 0.26102), (0.63749, 0.52455, 0.2058), (0.63498, 0.55467, 0.256), (0.62745, 0.52706, 0.19827), (0.62745, 0.52706, 0.19827), (0.62996, 0.52706, 0.2058), (0.63749, 0.52455, 0.2058), (0.63247, 0.55718, 0.25098), (0.63749, 0.54463, 0.256), (0.63247, 0.53961, 0.24596), (0.62996, 0.52455, 0.18824), (0.63247, 0.5371, 0.22839), (0.61992, 0.51953, 0.19075), (0.61992, 0.51953, 0.19075), (0.62996, 0.53459, 0.22588), (0.62996, 0.52455, 0.18824), (0.63749, 0.51953, 0.22337), (0.63749, 0.51451, 0.21082), (0.63498, 0.52204, 0.20831), (0.63498, 0.52455, 0.21584), (0.63247, 0.54965, 0.22086), (0.63247, 0.53459, 0.2058), (0.63247, 0.53459, 0.2058), (0.63498, 0.54965, 0.24094), (0.63498, 0.52455, 0.21584), (0.63247, 0.52957, 0.21333), (0.64, 0.56471, 0.27106), (0.62745, 0.54212, 0.2309), (0.62745, 0.54212, 0.2309), (0.63749, 0.54965, 0.25349), (0.63247, 0.52957, 0.21333), (0.62996, 0.54965, 0.24596), (0.63498, 0.52706, 0.20078), (0.63247, 0.54463, 0.22839), (0.63247, 0.54463, 0.22839), (0.62243, 0.54714, 0.24094), (0.62996, 0.54965, 0.24596), (0.63247, 0.52204, 0.20831), (0.63498, 0.53961, 0.2309), (0.62996, 0.55216, 0.25851), (0.64, 0.56471, 0.26353), (0.63749, 0.5622, 0.26102), (0.61741, 0.52204, 0.18322), (0.61741, 0.52204, 0.18322), (0.64, 0.55216, 0.2309), (0.64, 0.56471, 0.26353), (0.63247, 0.56471, 0.27106), (0.64, 0.58478, 0.28612), (0.64, 0.55718, 0.24847), (0.64, 0.55718, 0.24847), (0.63749, 0.55718, 0.24847), (0.63247, 0.56471, 0.27106), (0.64, 0.56471, 0.25349), (0.64, 0.56471, 0.25349), (0.63247, 0.55969, 0.25851), (0.63247, 0.55969, 0.25851), (0.64, 0.55718, 0.26604), (0.64, 0.56471, 0.25349), (0.63247, 0.51702, 0.21584), (0.63749, 0.53961, 0.24094), (0.62996, 0.54965, 0.25098), (0.62996, 0.54965, 0.25098), (0.64, 0.52957, 0.23592), (0.63247, 0.51702, 0.21584), (0.62243, 0.51953, 0.20831), (0.62996, 0.51702, 0.20329), (0.63498, 0.53208, 0.23592), (0.63498, 0.53208, 0.23592), (0.62745, 0.52455, 0.21333), (0.62243, 0.51953, 0.20831), (0.63749, 0.55969, 0.26855), (0.62996, 0.52957, 0.22588), (0.63247, 0.54212, 0.23341), (0.63247, 0.54212, 0.23341), (0.64, 0.54965, 0.24847), (0.63749, 0.55969, 0.26855), (0.62996, 0.55718, 0.24094), (0.64, 0.55467, 0.23843), (0.62996, 0.55718, 0.24094), (0.62996, 0.55718, 0.24094), (0.63247, 0.52957, 0.21835), (0.62996, 0.55718, 0.24094), (0.63247, 0.50196, 0.19576), (0.62745, 0.49945, 0.1782), (0.62745, 0.50196, 0.18824), (0.62745, 0.50196, 0.18824), (0.61992, 0.49694, 0.17318), (0.63247, 0.50196, 0.19576), (0.62996, 0.51702, 0.19325), (0.62996, 0.50447, 0.17067), (0.63498, 0.5371, 0.21835), (0.64, 0.55969, 0.26855), (0.63749, 0.55216, 0.24094), (0.64, 0.53459, 0.2309), (0.64, 0.53459, 0.2309), (0.62745, 0.54965, 0.256), (0.64, 0.55969, 0.26855), (0.62996, 0.5371, 0.21082), (0.62996, 0.53459, 0.21584), (0.64, 0.53961, 0.22839), (0.64, 0.53961, 0.22839), (0.63247, 0.51953, 0.19576), (0.62996, 0.5371, 0.21082), (0.63498, 0.5371, 0.21835), (0.64, 0.53961, 0.22839), (0.62996, 0.51702, 0.19325), (0.63247, 0.54463, 0.25349), (0.64, 0.56722, 0.26604), (0.63749, 0.52957, 0.20078), (0.63749, 0.52957, 0.20078), (0.62745, 0.51702, 0.1782), (0.63247, 0.54463, 0.25349), (0.63247, 0.53208, 0.20078), (0.63498, 0.54714, 0.2309), (0.62996, 0.54463, 0.22839), (0.64, 0.55467, 0.24345), (0.64, 0.54965, 0.24345), (0.63247, 0.54463, 0.22839), (0.63498, 0.52455, 0.21584), (0.63749, 0.53961, 0.24094), (0.63247, 0.51702, 0.21584), (0.63749, 0.52706, 0.21333), (0.63247, 0.53459, 0.21584), (0.64, 0.55467, 0.24345), (0.64, 0.55467, 0.24345), (0.64, 0.55969, 0.25098), (0.63749, 0.52706, 0.21333), (0.64, 0.54212, 0.23843), (0.63247, 0.52957, 0.21835), (0.62745, 0.5371, 0.23592), (0.63247, 0.53208, 0.22086), (0.63247, 0.55467, 0.24094), (0.63498, 0.55718, 0.24345), (0.64, 0.57725, 0.2811), (0.63498, 0.55969, 0.25851), (0.63498, 0.57224, 0.27357), (0.63749, 0.49443, 0.17067), (0.62996, 0.50447, 0.17067), (0.62996, 0.50447, 0.17569), (0.62996, 0.50447, 0.17569), (0.62996, 0.50196, 0.18071), (0.63749, 0.49443, 0.17067), (0.63749, 0.54463, 0.21835), (0.63749, 0.5898, 0.29365), (0.64, 0.55718, 0.24847), (0.64, 0.55718, 0.24847), (0.63498, 0.5371, 0.20831), (0.63749, 0.54463, 0.21835), (0.63498, 0.55718, 0.26353), (0.63247, 0.54965, 0.26102), (0.63498, 0.52957, 0.23341), (0.63247, 0.55216, 0.24847), (0.63247, 0.54212, 0.24094), (0.62996, 0.52204, 0.20078), (0.63247, 0.53961, 0.25098), (0.63498, 0.55467, 0.27106), (0.62745, 0.53961, 0.24847), (0.63247, 0.55216, 0.26855), (0.64, 0.56722, 0.26604), (0.63749, 0.56471, 0.27106), (0.64, 0.54965, 0.24094), (0.63247, 0.51953, 0.19576), (0.63247, 0.512, 0.19576), (0.63247, 0.512, 0.19576), (0.62243, 0.53208, 0.22337), (0.64, 0.54965, 0.24094), (0.63247, 0.52957, 0.23341), (0.62996, 0.5371, 0.24847), (0.63247, 0.53459, 0.2309), (0.63247, 0.53459, 0.2309), (0.62996, 0.52706, 0.21082), (0.63247, 0.52957, 0.23341), (0.64, 0.52957, 0.22086), (0.63247, 0.55718, 0.256), (0.63749, 0.52455, 0.2058), (0.62996, 0.53459, 0.22588), (0.64, 0.56722, 0.27106), (0.63749, 0.56722, 0.25851), (0.63498, 0.55216, 0.22337), (0.62996, 0.55216, 0.23843), (0.63749, 0.54714, 0.24094), (0.62996, 0.52706, 0.2058), (0.62243, 0.50949, 0.18573), (0.63749, 0.5371, 0.2309), (0.62745, 0.50949, 0.21333), (0.63749, 0.54714, 0.26102), (0.63498, 0.55718, 0.26353), (0.63498, 0.55718, 0.26353), (0.63498, 0.52957, 0.23341), (0.62745, 0.50949, 0.21333), (0.64, 0.55467, 0.25349), (0.64, 0.55718, 0.26604), (0.64, 0.58478, 0.27859), (0.64, 0.53459, 0.23341), (0.64, 0.56471, 0.25349), (0.64, 0.55969, 0.25098), (0.64, 0.55969, 0.25098), (0.64, 0.5371, 0.24094), (0.64, 0.53459, 0.23341), (0.62243, 0.51702, 0.21333), (0.63749, 0.54714, 0.24094), (0.63498, 0.54463, 0.23592), (0.62494, 0.50196, 0.1782), (0.62494, 0.52204, 0.20078), (0.63749, 0.53208, 0.19075), (0.63749, 0.53208, 0.19075), (0.64, 0.54212, 0.2058), (0.62494, 0.50196, 0.1782), (0.62996, 0.53961, 0.2309), (0.63749, 0.52957, 0.20078), (0.63749, 0.54714, 0.24094), (0.62243, 0.52204, 0.21835), (0.62745, 0.53961, 0.23843), (0.63247, 0.54463, 0.25349), (0.63247, 0.54463, 0.25349), (0.62996, 0.55467, 0.26855), (0.62243, 0.52204, 0.21835), (0.63247, 0.55216, 0.24847), (0.63498, 0.57224, 0.27608), (0.63498, 0.57224, 0.27357), (0.63498, 0.57224, 0.27357), (0.63749, 0.5898, 0.29365), (0.63247, 0.55216, 0.24847), (0.64, 0.5371, 0.23592), (0.64, 0.54463, 0.23592), (0.63498, 0.52204, 0.20831), (0.63498, 0.52204, 0.20831), (0.64, 0.52455, 0.21835), (0.64, 0.5371, 0.23592), (0.63498, 0.50698, 0.19325), (0.62996, 0.50447, 0.19576), (0.62996, 0.53459, 0.22086), (0.62996, 0.53459, 0.22086), (0.62745, 0.53459, 0.20831), (0.63498, 0.50698, 0.19325), (0.63498, 0.56973, 0.26102), (0.63749, 0.54714, 0.24094), (0.64, 0.55467, 0.23843), (0.63749, 0.54714, 0.24094), (0.62243, 0.54965, 0.24847), (0.64, 0.57725, 0.29365), (0.62996, 0.54463, 0.22839), (0.63749, 0.55216, 0.24094), (0.63247, 0.53208, 0.20078), (0.63247, 0.54463, 0.24345), (0.64, 0.54965, 0.26102), (0.62996, 0.54965, 0.24596), (0.62996, 0.54965, 0.24596), (0.63247, 0.54965, 0.25851), (0.63247, 0.54463, 0.24345), (0.64, 0.55467, 0.23843), (0.62996, 0.55718, 0.24094), (0.63498, 0.56973, 0.26102), (0.64, 0.55718, 0.22839), (0.63749, 0.55216, 0.24094), (0.63749, 0.5622, 0.26102), (0.63498, 0.5371, 0.21835), (0.62745, 0.54212, 0.23341), (0.64, 0.55216, 0.256), (0.64, 0.55216, 0.256), (0.63247, 0.54463, 0.24847), (0.63498, 0.5371, 0.21835), (0.64, 0.57725, 0.29365), (0.63749, 0.54212, 0.23341), (0.63749, 0.54714, 0.24094), (0.62996, 0.53459, 0.20078), (0.63498, 0.56722, 0.27357), (0.62996, 0.56471, 0.26102), (0.62996, 0.52455, 0.22086), (0.62996, 0.52957, 0.22337), (0.63247, 0.512, 0.19075), (0.63498, 0.54463, 0.23843), (0.63247, 0.54212, 0.23592), (0.63498, 0.53208, 0.22086), (0.63498, 0.53208, 0.22086), (0.63749, 0.55216, 0.24345), (0.63498, 0.54463, 0.23843), (0.63749, 0.53961, 0.24094), (0.62745, 0.55718, 0.24345), (0.63498, 0.53961, 0.22588), (0.63498, 0.53961, 0.22588), (0.64, 0.54463, 0.22086), (0.63749, 0.53961, 0.24094), (0.63749, 0.5622, 0.26102), (0.63498, 0.53208, 0.21082), (0.64, 0.55718, 0.22839), (0.62243, 0.54714, 0.24094), (0.63749, 0.54965, 0.24847), (0.64, 0.55467, 0.24596), (0.64, 0.55467, 0.24596), (0.62996, 0.54965, 0.24596), (0.62243, 0.54714, 0.24094), (0.63498, 0.52455, 0.19576), (0.63498, 0.512, 0.18824), (0.62494, 0.52204, 0.21082), (0.62494, 0.52204, 0.21082), (0.62494, 0.52957, 0.22086), (0.63498, 0.52455, 0.19576), (0.63247, 0.53459, 0.21082), (0.63247, 0.53961, 0.21333), (0.62494, 0.51702, 0.18824), (0.62494, 0.51702, 0.18824), (0.63749, 0.52957, 0.20078), (0.63247, 0.53459, 0.21082), (0.63498, 0.52455, 0.19576), (0.62494, 0.50447, 0.16314), (0.63749, 0.52957, 0.20329), (0.62494, 0.51702, 0.16816), (0.63749, 0.54714, 0.2058), (0.63247, 0.53961, 0.20831), (0.63247, 0.52204, 0.21835), (0.62996, 0.52706, 0.21082), (0.62494, 0.51702, 0.19576), (0.63749, 0.52706, 0.21333), (0.62996, 0.52706, 0.21082), (0.63247, 0.53459, 0.21584), (0.63749, 0.5371, 0.2309), (0.62243, 0.51953, 0.20329), (0.62996, 0.52706, 0.2058), (0.63749, 0.55718, 0.25349), (0.62745, 0.53208, 0.22337), (0.60235, 0.47686, 0.14808), (0.63498, 0.53208, 0.22086), (0.61992, 0.51953, 0.20831), (0.63749, 0.52706, 0.19827), (0.63498, 0.55467, 0.24596), (0.63247, 0.5622, 0.25349), (0.63247, 0.54965, 0.22086), (0.61741, 0.54212, 0.21082), (0.64, 0.54965, 0.24094), (0.63498, 0.53961, 0.22086), (0.63498, 0.53961, 0.2309), (0.63247, 0.52204, 0.20831), (0.62494, 0.51451, 0.18573), (0.63247, 0.55467, 0.23592), (0.64, 0.54463, 0.2309), (0.64, 0.57725, 0.27357), (0.64, 0.57725, 0.27357), (0.63498, 0.55969, 0.25349), (0.63247, 0.55467, 0.23592), (0.63498, 0.52957, 0.22588), (0.63247, 0.52455, 0.19576), (0.62243, 0.51702, 0.21333), (0.64, 0.55969, 0.256), (0.63247, 0.51702, 0.17067), (0.62996, 0.50196, 0.14808), (0.62996, 0.50196, 0.14808), (0.62996, 0.56471, 0.26102), (0.64, 0.55969, 0.256), (0.62996, 0.56471, 0.26102), (0.62996, 0.50196, 0.14808), (0.62996, 0.53459, 0.20078), (0.63247, 0.54463, 0.24345), (0.62494, 0.5371, 0.24094), (0.63498, 0.5371, 0.23341), (0.63498, 0.5371, 0.23341), (0.64, 0.54965, 0.26102), (0.63247, 0.54463, 0.24345), (0.64, 0.55467, 0.27859), (0.62996, 0.55467, 0.26855), (0.63498, 0.52706, 0.20078), (0.63498, 0.52706, 0.20078), (0.62996, 0.52204, 0.19325), (0.64, 0.55467, 0.27859), (0.62243, 0.51702, 0.21333), (0.62243, 0.512, 0.20329), (0.63498, 0.52957, 0.22588), (0.64, 0.56471, 0.256), (0.64, 0.57976, 0.28361), (0.64, 0.55467, 0.24345), (0.63498, 0.57224, 0.2811), (0.63498, 0.57976, 0.27859), (0.64, 0.55718, 0.24094), (0.64, 0.55718, 0.24094), (0.63247, 0.54463, 0.22337), (0.63498, 0.57224, 0.2811), (0.63247, 0.56973, 0.27106), (0.63749, 0.54714, 0.24094), (0.62745, 0.53459, 0.20831), (0.63498, 0.51702, 0.19075), (0.64, 0.5622, 0.25349), (0.62494, 0.51702, 0.18824), (0.62494, 0.51702, 0.18824), (0.63498, 0.5371, 0.21835), (0.63498, 0.51702, 0.19075), (0.62745, 0.53459, 0.20831), (0.64, 0.55969, 0.25098), (0.63247, 0.56973, 0.27106), (0.63749, 0.55969, 0.26855), (0.62996, 0.51702, 0.21835), (0.63247, 0.52204, 0.21835), (0.64, 0.55467, 0.24345), (0.64, 0.56973, 0.25851), (0.64, 0.56471, 0.256), (0.63749, 0.5622, 0.25098), (0.63749, 0.55216, 0.24345), (0.63247, 0.52706, 0.22588), (0.63247, 0.51953, 0.19576), (0.64, 0.56471, 0.25349), (0.64, 0.56973, 0.25851), (0.64, 0.56973, 0.25851), (0.64, 0.55467, 0.24345), (0.63247, 0.51953, 0.19576), (0.63247, 0.53208, 0.20329), (0.63247, 0.54714, 0.2309), (0.64, 0.54212, 0.21835), (0.64, 0.54212, 0.21835), (0.64, 0.55216, 0.24345), (0.63247, 0.53208, 0.20329), (0.63749, 0.5371, 0.2309), (0.62996, 0.52706, 0.21082), (0.62996, 0.52706, 0.21082), (0.62996, 0.52706, 0.21082), (0.62996, 0.52455, 0.22086), (0.63749, 0.5371, 0.2309), (0.63247, 0.52706, 0.22588), (0.61992, 0.51702, 0.20078), (0.63749, 0.5622, 0.25098), (0.63749, 0.54714, 0.23843), (0.64, 0.56973, 0.27608), (0.64, 0.54714, 0.22839), (0.64, 0.54714, 0.22839), (0.62494, 0.512, 0.19325), (0.63749, 0.54714, 0.23843), (0.63749, 0.55718, 0.24847), (0.64, 0.56471, 0.26102), (0.64, 0.56722, 0.26353), (0.64, 0.56722, 0.26353), (0.63498, 0.55969, 0.25851), (0.63749, 0.55718, 0.24847), (0.63247, 0.54714, 0.23592), (0.62996, 0.54212, 0.22086), (0.63247, 0.55216, 0.24345), (0.63247, 0.55216, 0.24345), (0.63498, 0.55467, 0.256), (0.63247, 0.54714, 0.23592), (0.62996, 0.54965, 0.24596), (0.63247, 0.52204, 0.21835), (0.63498, 0.52204, 0.19827), (0.63498, 0.52204, 0.19827), (0.62243, 0.52455, 0.20078), (0.62996, 0.54965, 0.24596), (0.62745, 0.52957, 0.21082), (0.63749, 0.5371, 0.2309), (0.62243, 0.512, 0.20329), (0.62243, 0.512, 0.20329), (0.62243, 0.51702, 0.21333), (0.62745, 0.52957, 0.21082), (0.62996, 0.5371, 0.21082), (0.63247, 0.52957, 0.20831), (0.63498, 0.5622, 0.26604), (0.63498, 0.5622, 0.26604), (0.62243, 0.5371, 0.22839), (0.62996, 0.5371, 0.21082), (0.62745, 0.5371, 0.2309), (0.63247, 0.55467, 0.26102), (0.64, 0.54965, 0.23341), (0.64, 0.54965, 0.23341), (0.63498, 0.52957, 0.22588), (0.62745, 0.5371, 0.2309), (0.63247, 0.54212, 0.23592), (0.63749, 0.5371, 0.23341), (0.62494, 0.50196, 0.18071), (0.62494, 0.50196, 0.18071), (0.63498, 0.50698, 0.18824), (0.63247, 0.54212, 0.23592), (0.63749, 0.5622, 0.26102), (0.63498, 0.54714, 0.24596), (0.63749, 0.56471, 0.24847), (0.63749, 0.56471, 0.24847), (0.61741, 0.52204, 0.18322), (0.63749, 0.5622, 0.26102), (0.63749, 0.54965, 0.23341), (0.62745, 0.54714, 0.23843), (0.64, 0.57725, 0.28612), (0.63247, 0.512, 0.19075), (0.63247, 0.512, 0.19576), (0.62996, 0.52455, 0.22086), (0.64, 0.55718, 0.24847), (0.64, 0.56471, 0.26353), (0.63498, 0.54463, 0.23843), (0.63498, 0.54463, 0.23843), (0.62996, 0.53208, 0.23341), (0.64, 0.55718, 0.24847), (0.63498, 0.50698, 0.18824), (0.62243, 0.48439, 0.16063), (0.63749, 0.512, 0.19827), (0.63749, 0.512, 0.19827), (0.64, 0.50698, 0.18573), (0.63498, 0.50698, 0.18824), (0.62996, 0.49694, 0.17067), (0.61992, 0.48941, 0.15059), (0.62745, 0.50447, 0.17569), (0.62745, 0.50447, 0.17569), (0.61741, 0.49443, 0.17318), (0.62996, 0.49694, 0.17067), (0.63247, 0.52204, 0.21835), (0.64, 0.54965, 0.26102), (0.63749, 0.55969, 0.26855), (0.64, 0.57725, 0.28612), (0.63749, 0.5622, 0.256), (0.63749, 0.54965, 0.23341), (0.63498, 0.52455, 0.19576), (0.62996, 0.52706, 0.2058), (0.63498, 0.51953, 0.21333), (0.63498, 0.51953, 0.21333), (0.62243, 0.48439, 0.16063), (0.63498, 0.52455, 0.19576), (0.64, 0.54463, 0.23592), (0.62745, 0.51451, 0.19576), (0.63749, 0.52706, 0.21835), (0.63247, 0.53208, 0.22588), (0.63749, 0.54463, 0.21835), (0.63247, 0.52706, 0.19075), (0.63749, 0.54463, 0.21835), (0.63498, 0.53208, 0.22086), (0.63247, 0.49694, 0.18573), (0.63498, 0.54463, 0.23843), (0.63749, 0.54714, 0.23843), (0.63247, 0.54212, 0.23592), (0.63749, 0.51702, 0.2058), (0.62996, 0.51953, 0.2058), (0.64, 0.52455, 0.21835), (0.63749, 0.55718, 0.24847), (0.62745, 0.52957, 0.22588), (0.64, 0.52455, 0.21835), (0.62494, 0.52204, 0.22588), (0.64, 0.53459, 0.2309), (0.64, 0.53459, 0.22588), (0.64, 0.53459, 0.22588), (0.63247, 0.55216, 0.24847), (0.62494, 0.52204, 0.22588), (0.63749, 0.53961, 0.23592), (0.62494, 0.52204, 0.22588), (0.62996, 0.50447, 0.19576), (0.64, 0.53459, 0.2309), (0.63749, 0.51702, 0.2058), (0.64, 0.53459, 0.22588), (0.64, 0.55467, 0.25851), (0.63749, 0.54714, 0.24094), (0.63247, 0.53459, 0.2309), (0.62494, 0.52204, 0.20078), (0.64, 0.57725, 0.29365), (0.63498, 0.5371, 0.23341), (0.62996, 0.53459, 0.21584), (0.63498, 0.57224, 0.27357), (0.63498, 0.57224, 0.27608), (0.63498, 0.57224, 0.27608), (0.63247, 0.54714, 0.23592), (0.62996, 0.53459, 0.21584), (0.64, 0.54463, 0.23592), (0.62494, 0.52455, 0.18824), (0.62745, 0.52455, 0.20329), (0.62745, 0.52455, 0.20329), (0.62745, 0.51451, 0.19576), (0.64, 0.54463, 0.23592), (0.62996, 0.55216, 0.23843), (0.64, 0.56471, 0.25349), (0.64, 0.55718, 0.26604), (0.64, 0.55718, 0.26604), (0.64, 0.56973, 0.26855), (0.62996, 0.55216, 0.23843), (0.62996, 0.51953, 0.2058), (0.63749, 0.53961, 0.24094), (0.63749, 0.53459, 0.22337), (0.64, 0.54212, 0.2309), (0.63749, 0.5371, 0.2309), (0.62996, 0.49694, 0.17067), (0.62996, 0.49694, 0.17067), (0.63247, 0.50447, 0.18322), (0.64, 0.54212, 0.2309), (0.63247, 0.52957, 0.20831), (0.62996, 0.56471, 0.26102), (0.63498, 0.56722, 0.27357), (0.63498, 0.56722, 0.27357), (0.62745, 0.54463, 0.22086), (0.63247, 0.52957, 0.20831), (0.63749, 0.53459, 0.22337), (0.62745, 0.5371, 0.23592), (0.62996, 0.51953, 0.2058), (0.62745, 0.55718, 0.24345), (0.62745, 0.53961, 0.21835), (0.62996, 0.53459, 0.20078), (0.62996, 0.53459, 0.20078), (0.64, 0.57976, 0.27357), (0.62745, 0.55718, 0.24345), (0.63749, 0.52957, 0.20329), (0.64, 0.57725, 0.2811), (0.63498, 0.52957, 0.22588), (0.63498, 0.52957, 0.22588), (0.63498, 0.52455, 0.19576), (0.63749, 0.52957, 0.20329), (0.62996, 0.51451, 0.21333), (0.63498, 0.52455, 0.21584), (0.62243, 0.512, 0.20329), (0.61992, 0.52957, 0.22337), (0.62745, 0.51702, 0.20329), (0.63498, 0.5371, 0.23341), (0.62745, 0.51702, 0.20329), (0.62996, 0.52204, 0.19576), (0.63498, 0.53961, 0.2309), (0.63749, 0.52706, 0.21333), (0.63247, 0.53208, 0.22839), (0.61992, 0.51702, 0.20078), (0.61992, 0.51702, 0.20078), (0.62745, 0.52455, 0.20831), (0.63749, 0.52706, 0.21333), (0.64, 0.57224, 0.27608), (0.63498, 0.56973, 0.26102), (0.62745, 0.55216, 0.24596), (0.64, 0.57224, 0.27608), (0.62996, 0.52204, 0.19576), (0.62494, 0.54714, 0.22839), (0.62745, 0.52455, 0.20831), (0.61992, 0.51702, 0.20078), (0.63247, 0.52706, 0.22588), (0.63498, 0.5371, 0.21835), (0.62494, 0.5371, 0.21584), (0.62996, 0.53961, 0.2309), (0.62996, 0.53961, 0.2309), (0.64, 0.52957, 0.21584), (0.63498, 0.5371, 0.21835), (0.63749, 0.52957, 0.20078), (0.62996, 0.53961, 0.2309), (0.63247, 0.53459, 0.21584), (0.63247, 0.53459, 0.21584), (0.63498, 0.53208, 0.21584), (0.63749, 0.52957, 0.20078), (0.62996, 0.52957, 0.22337), (0.62996, 0.50196, 0.18071), (0.62996, 0.50447, 0.17569), (0.63749, 0.49443, 0.17067), (0.62996, 0.50196, 0.18071), (0.62243, 0.48439, 0.16063), (0.62996, 0.52706, 0.2058), (0.6149, 0.4869, 0.16565), (0.64, 0.52957, 0.22086), (0.64, 0.52957, 0.22086), (0.63749, 0.52455, 0.2058), (0.62996, 0.52706, 0.2058), (0.62243, 0.51953, 0.20831), (0.63498, 0.52455, 0.22086), (0.63749, 0.52455, 0.21082), (0.62745, 0.53961, 0.21835), (0.62745, 0.55718, 0.24345), (0.63498, 0.55216, 0.22337), (0.63247, 0.55216, 0.25349), (0.63498, 0.56722, 0.27357), (0.63498, 0.57224, 0.27357), (0.63498, 0.51451, 0.17318), (0.62996, 0.54965, 0.24596), (0.63749, 0.54714, 0.24094), (0.64, 0.53961, 0.21082), (0.64, 0.57725, 0.2811), (0.63749, 0.55718, 0.25349), (0.63749, 0.55718, 0.25349), (0.62996, 0.5371, 0.21082), (0.64, 0.53961, 0.21082), (0.63498, 0.55216, 0.22337), (0.62996, 0.52957, 0.19827), (0.62745, 0.53961, 0.21835), (0.63749, 0.54714, 0.24094), (0.63749, 0.55969, 0.26604), (0.63247, 0.53208, 0.22086), (0.62996, 0.50447, 0.19576), (0.64, 0.55969, 0.24847), (0.63247, 0.53459, 0.2309), (0.63247, 0.53459, 0.2309), (0.64, 0.53961, 0.23592), (0.62996, 0.50447, 0.19576), (0.64, 0.53961, 0.23592), (0.62745, 0.50698, 0.19576), (0.64, 0.53459, 0.2309), (0.64, 0.53459, 0.2309), (0.62745, 0.512, 0.2058), (0.64, 0.53961, 0.23592), (0.63498, 0.57224, 0.27357), (0.63498, 0.55969, 0.25851), (0.63247, 0.55216, 0.25349), (0.64, 0.52706, 0.22839), (0.62745, 0.48439, 0.16063), (0.63498, 0.53459, 0.20329), (0.63498, 0.53459, 0.20329), (0.63749, 0.52957, 0.20329), (0.64, 0.52706, 0.22839), (0.63749, 0.54463, 0.256), (0.64, 0.54463, 0.24596), (0.63498, 0.52706, 0.2058), (0.63498, 0.52706, 0.2058), (0.63247, 0.51953, 0.19576), (0.63749, 0.54463, 0.256), (0.63247, 0.53208, 0.22086), (0.63247, 0.53459, 0.2309), (0.63749, 0.54714, 0.24094), (0.63247, 0.53208, 0.22588), (0.63247, 0.52706, 0.22337), (0.61741, 0.50949, 0.18824), (0.63498, 0.52455, 0.21082), (0.63749, 0.52455, 0.2058), (0.63247, 0.55718, 0.256), (0.63749, 0.52706, 0.21333), (0.62243, 0.50196, 0.19075), (0.62494, 0.51702, 0.19576), (0.62494, 0.51702, 0.19576), (0.62996, 0.52706, 0.21082), (0.63749, 0.52706, 0.21333), (0.63247, 0.53208, 0.22839), (0.64, 0.58478, 0.28361), (0.64, 0.56722, 0.26102), (0.64, 0.56722, 0.26102), (0.61992, 0.51702, 0.20078), (0.63247, 0.53208, 0.22839), (0.63498, 0.52455, 0.21584), (0.63247, 0.53459, 0.2309), (0.62745, 0.5371, 0.23592), (0.62745, 0.5371, 0.23592), (0.62243, 0.52204, 0.21835), (0.63498, 0.52455, 0.21584), (0.63247, 0.55718, 0.256), (0.64, 0.56722, 0.27106), (0.63498, 0.52455, 0.21082), (0.63498, 0.54714, 0.2309), (0.62494, 0.52204, 0.2058), (0.64, 0.52957, 0.21584), (0.62494, 0.52455, 0.22086), (0.62494, 0.512, 0.19827), (0.62243, 0.48941, 0.16816), (0.63749, 0.55467, 0.26353), (0.63749, 0.55969, 0.26604), (0.62745, 0.50447, 0.20078), (0.62745, 0.50447, 0.20078), (0.62745, 0.54212, 0.23341), (0.63749, 0.55467, 0.26353), (0.63247, 0.52706, 0.22588), (0.63498, 0.5371, 0.21835), (0.62745, 0.52455, 0.20831), (0.63498, 0.54463, 0.23843), (0.63247, 0.53208, 0.22086), (0.63749, 0.55969, 0.26604), (0.63749, 0.55969, 0.26604), (0.63749, 0.54714, 0.23843), (0.63498, 0.54463, 0.23843), (0.63749, 0.55216, 0.24094), (0.62745, 0.54212, 0.22588), (0.64, 0.56471, 0.25349), (0.62996, 0.54965, 0.24596), (0.62996, 0.55216, 0.23843), (0.62745, 0.5371, 0.22839), (0.62494, 0.51451, 0.18071), (0.62996, 0.53459, 0.21584), (0.63247, 0.52455, 0.19827), (0.63247, 0.55718, 0.25098), (0.63247, 0.53459, 0.2309), (0.63498, 0.53208, 0.21082), (0.63498, 0.53208, 0.21082), (0.63749, 0.5622, 0.26102), (0.63247, 0.55718, 0.25098), (0.64, 0.54463, 0.2309), (0.61741, 0.49443, 0.17318), (0.62996, 0.55216, 0.23843), (0.62996, 0.55216, 0.23843), (0.64, 0.57725, 0.27357), (0.64, 0.54463, 0.2309), (0.63749, 0.54965, 0.24847), (0.62745, 0.53961, 0.24847), (0.63247, 0.54212, 0.256), (0.62745, 0.54212, 0.23341), (0.63498, 0.5371, 0.21835), (0.63498, 0.52455, 0.19576), (0.63498, 0.52455, 0.19576), (0.62494, 0.51451, 0.18573), (0.62745, 0.54212, 0.23341), (0.62243, 0.50196, 0.19075), (0.63749, 0.52706, 0.21333), (0.64, 0.55969, 0.25098), (0.64, 0.55969, 0.25098), (0.63247, 0.54714, 0.23592), (0.62243, 0.50196, 0.19075), (0.64, 0.52706, 0.22839), (0.62494, 0.52455, 0.22086), (0.62745, 0.48439, 0.16063), (0.62745, 0.52957, 0.22588), (0.62745, 0.50698, 0.19576), (0.62494, 0.52455, 0.22086), (0.64, 0.56471, 0.25349), (0.63749, 0.55216, 0.24094), (0.63749, 0.55216, 0.24094), (0.61741, 0.54212, 0.21082), (0.63498, 0.53961, 0.22086), (0.62996, 0.49192, 0.17318), (0.63247, 0.54212, 0.256), (0.62996, 0.54965, 0.24094), (0.63749, 0.54965, 0.24847), (0.63247, 0.54714, 0.23843), (0.63247, 0.52204, 0.20831), (0.63247, 0.52455, 0.19827), (0.63247, 0.52455, 0.19827), (0.62243, 0.51702, 0.18071), (0.63247, 0.54714, 0.23843), (0.63749, 0.54714, 0.23843), (0.62243, 0.52204, 0.19075), (0.63749, 0.52706, 0.19325), (0.63749, 0.52706, 0.19325), (0.63498, 0.53961, 0.22086), (0.63749, 0.54714, 0.23843), (0.63247, 0.53208, 0.22839), (0.62996, 0.52455, 0.22337), (0.63498, 0.54714, 0.2309), (0.62996, 0.53459, 0.21584), (0.62996, 0.53459, 0.22588), (0.62996, 0.54965, 0.25098), (0.63498, 0.52706, 0.20078), (0.62745, 0.52706, 0.19576), (0.63498, 0.55467, 0.24596), (0.63498, 0.55467, 0.24596), (0.64, 0.57725, 0.27859), (0.63498, 0.52706, 0.20078), (0.62745, 0.48188, 0.16565), (0.62996, 0.50447, 0.19576), (0.62494, 0.52204, 0.22588), (0.62494, 0.52204, 0.22588), (0.63247, 0.55216, 0.24847), (0.62745, 0.48188, 0.16565), (0.63749, 0.54714, 0.24094), (0.62996, 0.50949, 0.16816), (0.63498, 0.51451, 0.17318), (0.63749, 0.55216, 0.24094), (0.62996, 0.5371, 0.21082), (0.63247, 0.51953, 0.19576), (0.62996, 0.54965, 0.25098), (0.63247, 0.52455, 0.20329), (0.62996, 0.53459, 0.21584), (0.64, 0.56471, 0.26353), (0.63247, 0.55216, 0.24847), (0.64, 0.55467, 0.24345), (0.64, 0.55467, 0.24345), (0.64, 0.57976, 0.28361), (0.64, 0.56471, 0.26353), (0.63498, 0.54714, 0.2309), (0.63749, 0.5371, 0.23341), (0.63247, 0.53208, 0.22839), (0.62996, 0.50949, 0.16816), (0.63749, 0.512, 0.18322), (0.64, 0.54212, 0.22337), (0.64, 0.54212, 0.22337), (0.62745, 0.54212, 0.2309), (0.62996, 0.50949, 0.16816), (0.64, 0.54463, 0.24596), (0.63247, 0.52706, 0.22337), (0.62745, 0.53208, 0.21333), (0.62745, 0.53208, 0.21333), (0.63498, 0.52706, 0.2058), (0.64, 0.54463, 0.24596), (0.63247, 0.51953, 0.19576), (0.63247, 0.53208, 0.20078), (0.63749, 0.55216, 0.24094), (0.63749, 0.53208, 0.22839), (0.63749, 0.52455, 0.21082), (0.63498, 0.52204, 0.20329), (0.63498, 0.52204, 0.20329), (0.62996, 0.50698, 0.18322), (0.63749, 0.53208, 0.22839), (0.64, 0.55216, 0.24345), (0.62494, 0.51702, 0.18824), (0.62996, 0.54463, 0.22839), (0.63247, 0.52204, 0.21835), (0.63749, 0.54714, 0.23843), (0.62494, 0.512, 0.19325), (0.62494, 0.512, 0.19325), (0.6149, 0.49192, 0.16314), (0.63247, 0.52204, 0.21835), (0.62243, 0.50196, 0.16565), (0.62996, 0.54965, 0.24596), (0.63498, 0.51451, 0.17318), (0.63247, 0.52706, 0.22588), (0.64, 0.54965, 0.24345), (0.63247, 0.55216, 0.24847), (0.63498, 0.53208, 0.21082), (0.62996, 0.53459, 0.22588), (0.62745, 0.54212, 0.2309), (0.62745, 0.54212, 0.2309), (0.64, 0.55718, 0.22839), (0.63498, 0.53208, 0.21082), (0.63247, 0.55216, 0.24847), (0.64, 0.53459, 0.22588), (0.62745, 0.52957, 0.22588), (0.62745, 0.52957, 0.22588), (0.63247, 0.53459, 0.2309), (0.63247, 0.55216, 0.24847), (0.63749, 0.52455, 0.20078), (0.63247, 0.54212, 0.24094), (0.62996, 0.51451, 0.20831), (0.62996, 0.51451, 0.20831), (0.63498, 0.51702, 0.19075), (0.63749, 0.52455, 0.20078), (0.62745, 0.52455, 0.21333), (0.63247, 0.51953, 0.20078), (0.64, 0.53459, 0.2309), (0.62243, 0.48941, 0.16816), (0.62494, 0.48941, 0.1531), (0.62243, 0.52706, 0.21333), (0.62243, 0.52706, 0.21333), (0.61992, 0.51953, 0.18824), (0.62243, 0.48941, 0.16816), (0.62996, 0.54212, 0.24094), (0.62745, 0.52957, 0.23592), (0.63749, 0.512, 0.18322), (0.62745, 0.52957, 0.23592), (0.64, 0.53961, 0.22839), (0.62996, 0.49694, 0.17569), (0.62996, 0.5371, 0.21082), (0.62996, 0.53459, 0.22588), (0.62996, 0.53459, 0.21584), (0.63749, 0.52455, 0.21082), (0.62996, 0.50196, 0.18322), (0.63247, 0.52706, 0.22337), (0.62996, 0.49192, 0.17318), (0.62745, 0.50196, 0.17318), (0.61741, 0.54212, 0.21082), (0.62494, 0.51702, 0.19075), (0.63749, 0.52455, 0.20078), (0.64, 0.54463, 0.23592), (0.62494, 0.51451, 0.18071), (0.63247, 0.50949, 0.18573), (0.64, 0.5371, 0.22086), (0.64, 0.5371, 0.22086), (0.62996, 0.53459, 0.21584), (0.62494, 0.51451, 0.18071), (0.64, 0.55718, 0.24094), (0.63749, 0.54965, 0.23341), (0.63749, 0.53459, 0.18322), (0.63749, 0.53459, 0.18322), (0.63749, 0.56471, 0.24847), (0.64, 0.55718, 0.24094), (0.64, 0.54463, 0.23592), (0.63247, 0.5371, 0.22337), (0.62494, 0.51702, 0.19075), (0.63247, 0.55467, 0.23592), (0.64, 0.56471, 0.27106), (0.62996, 0.55718, 0.24094), (0.62996, 0.55718, 0.24094), (0.64, 0.54463, 0.2309), (0.63247, 0.55467, 0.23592), (0.63498, 0.54965, 0.23341), (0.62996, 0.5371, 0.21082), (0.63247, 0.54212, 0.23341), (0.63247, 0.54212, 0.23341), (0.62494, 0.53961, 0.2058), (0.63498, 0.54965, 0.23341), (0.64, 0.53961, 0.22839), (0.62996, 0.52957, 0.21835), (0.63498, 0.5371, 0.23341), (0.64, 0.54714, 0.24345), (0.62996, 0.53459, 0.22086), (0.63749, 0.53459, 0.22337), (0.63498, 0.5371, 0.23341), (0.62996, 0.51702, 0.19325), (0.64, 0.53961, 0.22839), (0.63247, 0.53961, 0.20831), (0.63749, 0.54714, 0.2058), (0.62494, 0.52204, 0.16063), (0.62494, 0.52204, 0.16063), (0.64, 0.56973, 0.256), (0.63247, 0.53961, 0.20831), (0.64, 0.52455, 0.21835), (0.62745, 0.52957, 0.22588), (0.64, 0.53459, 0.22588), (0.63498, 0.50698, 0.18824), (0.64, 0.50698, 0.18573), (0.62745, 0.49945, 0.1782), (0.62745, 0.49945, 0.1782), (0.63247, 0.50196, 0.19576), (0.63498, 0.50698, 0.18824), (0.63247, 0.54212, 0.23341), (0.61992, 0.52957, 0.22337), (0.62494, 0.52455, 0.19576), (0.62494, 0.52455, 0.19576), (0.64, 0.58729, 0.29616), (0.63247, 0.54212, 0.23341), (0.63498, 0.53459, 0.2309), (0.63498, 0.49945, 0.16314), (0.62745, 0.50949, 0.18322), (0.61992, 0.50949, 0.20078), (0.62996, 0.50949, 0.18824), (0.63498, 0.54714, 0.2309), (0.63247, 0.51702, 0.17067), (0.63247, 0.54965, 0.22086), (0.63247, 0.56722, 0.26353), (0.64, 0.56973, 0.256), (0.62494, 0.52204, 0.16063), (0.62996, 0.53961, 0.19827), (0.62996, 0.53961, 0.19827), (0.63749, 0.56471, 0.24345), (0.64, 0.56973, 0.256), (0.64, 0.53459, 0.22588), (0.63749, 0.51702, 0.2058), (0.64, 0.52455, 0.21835), (0.63247, 0.5371, 0.22839), (0.62745, 0.52455, 0.21333), (0.63749, 0.54965, 0.24847), (0.63749, 0.54965, 0.24847), (0.62243, 0.52204, 0.19075), (0.63247, 0.5371, 0.22839), (0.62745, 0.5371, 0.22839), (0.64, 0.54965, 0.24345), (0.63749, 0.53459, 0.22337), (0.62996, 0.50447, 0.19075), (0.64, 0.5371, 0.24094), (0.62494, 0.50196, 0.18071), (0.63247, 0.56722, 0.26353), (0.62996, 0.50196, 0.14808), (0.63247, 0.51702, 0.17067), (0.63749, 0.53459, 0.22337), (0.64, 0.54965, 0.24345), (0.64, 0.54714, 0.24345), (0.62996, 0.53459, 0.22086), (0.63749, 0.55216, 0.24345), (0.64, 0.56471, 0.25349), (0.64, 0.56471, 0.25349), (0.63247, 0.51953, 0.19576), (0.62996, 0.53459, 0.22086), (0.62996, 0.49694, 0.17569), (0.62745, 0.50698, 0.19576), (0.62745, 0.52957, 0.22588), (0.62745, 0.52957, 0.22588), (0.62745, 0.52957, 0.23592), (0.62996, 0.49694, 0.17569), (0.63498, 0.57224, 0.27357), (0.63247, 0.53961, 0.25098), (0.62745, 0.53961, 0.24847), (0.63749, 0.54714, 0.24094), (0.63247, 0.53208, 0.20078), (0.63247, 0.51953, 0.19576), (0.63247, 0.51953, 0.19576), (0.62996, 0.54212, 0.24094), (0.63749, 0.54714, 0.24094), (0.62745, 0.55216, 0.24596), (0.63498, 0.56973, 0.26102), (0.62996, 0.55718, 0.24094), (0.62996, 0.55718, 0.24094), (0.62243, 0.512, 0.20329), (0.62745, 0.55216, 0.24596), (0.63247, 0.54212, 0.23592), (0.63498, 0.50698, 0.18824), (0.62996, 0.53459, 0.22086), (0.63498, 0.54714, 0.2309), (0.63498, 0.54965, 0.24094), (0.62996, 0.54965, 0.24596), (0.62996, 0.54965, 0.24596), (0.62745, 0.5371, 0.22839), (0.63498, 0.54714, 0.2309), (0.62996, 0.52455, 0.22337), (0.63498, 0.49945, 0.16314), (0.62745, 0.49192, 0.15561), (0.62745, 0.50698, 0.14557), (0.64, 0.55467, 0.22839), (0.62494, 0.49443, 0.15561), (0.63498, 0.55969, 0.25349), (0.63749, 0.54212, 0.22839), (0.64, 0.55969, 0.24847), (0.63498, 0.52957, 0.23341), (0.63749, 0.54965, 0.25851), (0.63247, 0.54463, 0.24847), (0.63247, 0.54463, 0.24847), (0.62745, 0.50949, 0.21333), (0.63498, 0.52957, 0.23341), (0.62996, 0.52957, 0.22337), (0.63498, 0.52455, 0.21584), (0.62996, 0.51451, 0.21333), (0.62996, 0.51451, 0.21333), (0.63749, 0.52455, 0.21082), (0.62996, 0.52957, 0.22337), (0.64, 0.54463, 0.25098), (0.64, 0.54965, 0.24094), (0.62243, 0.53208, 0.22337), (0.62243, 0.53208, 0.22337), (0.62745, 0.52455, 0.22839), (0.64, 0.54463, 0.25098), (0.62745, 0.53208, 0.22337), (0.63498, 0.54463, 0.24345), (0.62745, 0.53459, 0.20329), (0.62745, 0.53459, 0.20329), (0.64, 0.56973, 0.256), (0.62745, 0.53208, 0.22337), (0.64, 0.57976, 0.27357), (0.64, 0.56471, 0.25349), (0.64, 0.56471, 0.25349), (0.64, 0.56471, 0.25349), (0.62745, 0.55718, 0.24345), (0.64, 0.57976, 0.27357), (0.62494, 0.5371, 0.24094), (0.63247, 0.54463, 0.24345), (0.63247, 0.54463, 0.24345), (0.62494, 0.50698, 0.17569), (0.63247, 0.512, 0.19576), (0.63247, 0.53961, 0.20831), (0.63247, 0.53961, 0.20831), (0.63749, 0.55467, 0.22588), (0.62494, 0.50698, 0.17569), (0.62996, 0.53961, 0.2309), (0.64, 0.5622, 0.24847), (0.64, 0.56471, 0.24596), (0.64, 0.56471, 0.24596), (0.62996, 0.52204, 0.19325), (0.62996, 0.53961, 0.2309), (0.62494, 0.51953, 0.21584), (0.63247, 0.52204, 0.20831), (0.63247, 0.55216, 0.25349), (0.63247, 0.55216, 0.25349), (0.62996, 0.55718, 0.23592), (0.62494, 0.51953, 0.21584), (0.62745, 0.53961, 0.24847), (0.63749, 0.54965, 0.24847), (0.63498, 0.57224, 0.27357), (0.63247, 0.54463, 0.24345), (0.64, 0.5622, 0.26855), (0.62494, 0.5371, 0.24094), (0.62996, 0.52455, 0.22337), (0.63498, 0.51451, 0.19325), (0.62996, 0.52706, 0.2058), (0.62996, 0.52706, 0.2058), (0.63498, 0.54714, 0.2309), (0.62996, 0.52455, 0.22337), (0.63247, 0.49694, 0.18573), (0.63498, 0.53208, 0.22086), (0.63247, 0.54212, 0.23592), (0.63247, 0.54212, 0.23592), (0.62996, 0.53208, 0.22839), (0.63247, 0.49694, 0.18573), (0.62745, 0.52455, 0.21333), (0.62996, 0.54212, 0.22588), (0.63749, 0.54965, 0.22337), (0.64, 0.55969, 0.256), (0.63247, 0.54714, 0.23843), (0.63247, 0.55216, 0.24345), (0.62996, 0.55216, 0.23843), (0.63247, 0.55467, 0.23592), (0.63498, 0.53961, 0.22086), (0.61239, 0.52706, 0.19325), (0.63498, 0.55216, 0.21835), (0.63247, 0.55969, 0.24345), (0.62745, 0.49945, 0.1782), (0.63247, 0.52204, 0.20831), (0.63498, 0.53208, 0.22086), (0.62996, 0.50447, 0.19075), (0.62996, 0.52455, 0.22086), (0.62745, 0.52204, 0.22086), (0.62745, 0.52204, 0.22086), (0.64, 0.5371, 0.24094), (0.62996, 0.50447, 0.19075), (0.63498, 0.55969, 0.25349), (0.64, 0.56973, 0.27357), (0.63498, 0.54965, 0.23843), (0.63498, 0.54965, 0.23843), (0.62243, 0.54212, 0.23341), (0.63498, 0.55969, 0.25349), (0.63247, 0.55216, 0.26855), (0.63247, 0.55969, 0.26604), (0.62745, 0.52706, 0.19576), (0.62745, 0.52706, 0.19576), (0.62996, 0.52706, 0.2058), (0.63247, 0.55216, 0.26855), (0.62494, 0.51451, 0.18573), (0.63247, 0.52204, 0.20831), (0.62494, 0.51953, 0.21584), (0.62494, 0.51953, 0.21584), (0.64, 0.54714, 0.23843), (0.62494, 0.51451, 0.18573), (0.62996, 0.51953, 0.2058), (0.62745, 0.5371, 0.23592), (0.63247, 0.52957, 0.21835), (0.63247, 0.52957, 0.21835), (0.62745, 0.52455, 0.21333), (0.62996, 0.51953, 0.2058), (0.63749, 0.54714, 0.24094), (0.62996, 0.55216, 0.23843), (0.63749, 0.55718, 0.25349), (0.63749, 0.55718, 0.25349), (0.60235, 0.47686, 0.14808), (0.63749, 0.54714, 0.24094), (0.63498, 0.53208, 0.22086), (0.62745, 0.50196, 0.18824), (0.62745, 0.49945, 0.1782), (0.63498, 0.52204, 0.20831), (0.63749, 0.51451, 0.21082), (0.62996, 0.51702, 0.19325), (0.62996, 0.51702, 0.19325), (0.62996, 0.50698, 0.18322), (0.63498, 0.52204, 0.20831), (0.63749, 0.55467, 0.26353), (0.63498, 0.53961, 0.2309), (0.62996, 0.52706, 0.21082), (0.62996, 0.52706, 0.21082), (0.63749, 0.55969, 0.26604), (0.63749, 0.55467, 0.26353), (0.62745, 0.54463, 0.22086), (0.63247, 0.55467, 0.23592), (0.63498, 0.55969, 0.25349), (0.63498, 0.55969, 0.25349), (0.63749, 0.5622, 0.26102), (0.62745, 0.54463, 0.22086), (0.63749, 0.54212, 0.23341), (0.62745, 0.52957, 0.22588), (0.63749, 0.55718, 0.24847), (0.63749, 0.55718, 0.24847), (0.63247, 0.53459, 0.2309), (0.63749, 0.54212, 0.23341), (0.64, 0.54463, 0.23592), (0.62996, 0.53459, 0.21584), (0.64, 0.56722, 0.25851), (0.63498, 0.54714, 0.22086), (0.63498, 0.53459, 0.20329), (0.62745, 0.53961, 0.21835), (0.62745, 0.53961, 0.21835), (0.63749, 0.53961, 0.21082), (0.63498, 0.54714, 0.22086), (0.63498, 0.512, 0.18824), (0.62243, 0.48439, 0.16063), (0.63498, 0.50698, 0.18824), (0.63498, 0.50698, 0.18824), (0.63247, 0.52957, 0.21333), (0.63498, 0.512, 0.18824), (0.62243, 0.54463, 0.2309), (0.63498, 0.56973, 0.26102), (0.64, 0.57224, 0.27608), (0.64, 0.57224, 0.27608), (0.63498, 0.55467, 0.24596), (0.62243, 0.54463, 0.2309), (0.63247, 0.53459, 0.21584), (0.62996, 0.52706, 0.21082), (0.62494, 0.512, 0.19827), (0.62494, 0.512, 0.19827), (0.63498, 0.51451, 0.19827), (0.63247, 0.53459, 0.21584), (0.63247, 0.50949, 0.18573), (0.62494, 0.48941, 0.1531), (0.62243, 0.48941, 0.16816), (0.62243, 0.48941, 0.16816), (0.64, 0.5371, 0.22086), (0.63247, 0.50949, 0.18573), (0.64, 0.56722, 0.25851), (0.63247, 0.54714, 0.23592), (0.64, 0.54463, 0.23592), (0.62745, 0.50949, 0.18322), (0.62745, 0.50196, 0.19325), (0.64, 0.56973, 0.26855), (0.64, 0.56973, 0.26855), (0.63247, 0.55467, 0.24094), (0.62745, 0.50949, 0.18322), (0.64, 0.54965, 0.26102), (0.63498, 0.5371, 0.23341), (0.62996, 0.52957, 0.22588), (0.62494, 0.50196, 0.18071), (0.63749, 0.512, 0.19827), (0.63498, 0.51953, 0.21333), (0.63498, 0.54965, 0.24094), (0.62243, 0.51702, 0.18071), (0.63247, 0.52455, 0.19827), (0.62745, 0.49443, 0.16314), (0.64, 0.52706, 0.20329), (0.63247, 0.52204, 0.19325), (0.63247, 0.52204, 0.19325), (0.62243, 0.49443, 0.17318), (0.62745, 0.49443, 0.16314), (0.64, 0.53961, 0.21082), (0.63247, 0.52455, 0.19576), (0.63498, 0.52957, 0.22588), (0.63498, 0.52957, 0.22588), (0.64, 0.57725, 0.2811), (0.64, 0.53961, 0.21082), (0.63498, 0.51953, 0.21333), (0.63498, 0.55467, 0.256), (0.62494, 0.50196, 0.18071), (0.63498, 0.55216, 0.21835), (0.63247, 0.55718, 0.24596), (0.63247, 0.54714, 0.23592), (0.61741, 0.52204, 0.18322), (0.63749, 0.56471, 0.24847), (0.62996, 0.52706, 0.17569), (0.62996, 0.52706, 0.17569), (0.63749, 0.54463, 0.19325), (0.61741, 0.52204, 0.18322), (0.63247, 0.52455, 0.19827), (0.64, 0.56722, 0.25349), (0.63498, 0.54965, 0.24094), (0.63247, 0.54714, 0.23592), (0.62745, 0.52706, 0.22086), (0.63498, 0.52957, 0.22588), (0.64, 0.52455, 0.21835), (0.63749, 0.51702, 0.2058), (0.64, 0.53459, 0.2309), (0.64, 0.53459, 0.2309), (0.64, 0.5371, 0.23592), (0.64, 0.52455, 0.21835), (0.63749, 0.5622, 0.26102), (0.63749, 0.55216, 0.24094), (0.63247, 0.52706, 0.22337), (0.63247, 0.52706, 0.22337), (0.64, 0.54463, 0.24596), (0.63749, 0.5622, 0.26102), (0.62996, 0.52455, 0.22086), (0.62745, 0.512, 0.2058), (0.62745, 0.51451, 0.19576), (0.62745, 0.51451, 0.19576), (0.64, 0.53459, 0.20831), (0.62996, 0.52455, 0.22086), (0.62745, 0.5371, 0.22839), (0.62996, 0.54463, 0.22839), (0.64, 0.55718, 0.24596), (0.64, 0.55718, 0.24596), (0.62996, 0.56722, 0.25098), (0.62745, 0.5371, 0.22839), (0.63749, 0.52706, 0.19827), (0.63247, 0.51702, 0.17067), (0.62996, 0.50698, 0.1782), (0.62996, 0.50698, 0.1782), (0.63498, 0.53208, 0.22086), (0.63749, 0.52706, 0.19827), (0.63498, 0.52455, 0.21082), (0.64, 0.54965, 0.26353), (0.63247, 0.53208, 0.20329), (0.63247, 0.53208, 0.20329), (0.62996, 0.54463, 0.22839), (0.63498, 0.52455, 0.21082), (0.63749, 0.54965, 0.25349), (0.64, 0.55718, 0.24094), (0.64, 0.55718, 0.24094), (0.64, 0.55718, 0.24094), (0.63247, 0.52957, 0.21333), (0.63749, 0.54965, 0.25349), (0.64, 0.56722, 0.26604), (0.63247, 0.54463, 0.25349), (0.62745, 0.53961, 0.23843), (0.62996, 0.50196, 0.18322), (0.64, 0.53459, 0.20831), (0.63247, 0.53961, 0.20831), (0.63247, 0.53961, 0.20831), (0.63247, 0.54965, 0.22086), (0.62996, 0.50196, 0.18322), (0.63498, 0.55467, 0.256), (0.63247, 0.55216, 0.24345), (0.63498, 0.55467, 0.256), (0.63498, 0.55467, 0.256), (0.62745, 0.52706, 0.19827), (0.63498, 0.55467, 0.256), (0.63498, 0.52455, 0.21584), (0.62243, 0.52204, 0.21835), (0.62996, 0.55467, 0.26855), (0.62996, 0.55467, 0.26855), (0.64, 0.55467, 0.27859), (0.63498, 0.52455, 0.21584), (0.62996, 0.52957, 0.22588), (0.63749, 0.55969, 0.26855), (0.64, 0.54965, 0.26102), (0.62996, 0.51702, 0.21835), (0.63749, 0.53459, 0.23843), (0.62745, 0.52957, 0.21082), (0.62745, 0.52957, 0.21082), (0.63749, 0.52455, 0.2058), (0.62996, 0.51702, 0.21835), (0.64, 0.54965, 0.24094), (0.63247, 0.54463, 0.21835), (0.62745, 0.54212, 0.2309), (0.62745, 0.54212, 0.2309), (0.63498, 0.53961, 0.22588), (0.64, 0.54965, 0.24094), (0.63498, 0.51702, 0.19075), (0.64, 0.55216, 0.25098), (0.62745, 0.55216, 0.22588), (0.62745, 0.55216, 0.22588), (0.63498, 0.5371, 0.20831), (0.63498, 0.51702, 0.19075), (0.62996, 0.51451, 0.20831), (0.63247, 0.55216, 0.24847), (0.63749, 0.54212, 0.22839), (0.63749, 0.54212, 0.22839), (0.62494, 0.49945, 0.17067), (0.62996, 0.51451, 0.20831), (0.63498, 0.52957, 0.22588), (0.63247, 0.52204, 0.20831), (0.63247, 0.54714, 0.23592), (0.63498, 0.5371, 0.23341), (0.64, 0.57725, 0.29365), (0.62243, 0.54965, 0.24847), (0.61741, 0.49443, 0.17318), (0.64, 0.54463, 0.2309), (0.63247, 0.50447, 0.18322), (0.63247, 0.50447, 0.18322), (0.62996, 0.49694, 0.17067), (0.61741, 0.49443, 0.17318), (0.63247, 0.52957, 0.23341), (0.62243, 0.53208, 0.22337), (0.63749, 0.54212, 0.22839), (0.63749, 0.54212, 0.22839), (0.64, 0.56471, 0.26353), (0.63247, 0.52957, 0.23341), (0.62745, 0.51953, 0.19827), (0.63247, 0.52204, 0.19325), (0.64, 0.55969, 0.25098), (0.64, 0.55969, 0.25098), (0.63749, 0.55216, 0.24094), (0.62745, 0.51953, 0.19827), (0.62745, 0.56471, 0.26855), (0.64, 0.54714, 0.22839), (0.63749, 0.5622, 0.256), (0.63749, 0.5622, 0.256), (0.63749, 0.56471, 0.26353), (0.62745, 0.56471, 0.26855), (0.64, 0.55969, 0.24847), (0.63749, 0.54212, 0.22839), (0.63247, 0.54714, 0.23592), (0.63247, 0.54714, 0.23592), (0.62494, 0.51702, 0.16816), (0.64, 0.55969, 0.24847), (0.61992, 0.50949, 0.20078), (0.61992, 0.52957, 0.22337), (0.63247, 0.55216, 0.24345), (0.63247, 0.55216, 0.24345), (0.62996, 0.50949, 0.18824), (0.61992, 0.50949, 0.20078), (0.62745, 0.53961, 0.23843), (0.63749, 0.56471, 0.27106), (0.64, 0.56722, 0.26604), (0.63498, 0.50698, 0.18824), (0.62243, 0.5371, 0.22588), (0.62996, 0.56722, 0.27608), (0.62996, 0.56722, 0.27608), (0.62243, 0.4869, 0.14808), (0.63498, 0.50698, 0.18824), (0.62243, 0.54965, 0.24847), (0.63498, 0.53961, 0.22086), (0.63498, 0.5371, 0.23341), (0.63247, 0.55969, 0.26604), (0.63498, 0.55467, 0.27106), (0.63749, 0.5371, 0.2058), (0.63749, 0.5371, 0.2058), (0.62745, 0.52706, 0.19576), (0.63247, 0.55969, 0.26604), (0.63247, 0.55216, 0.25349), (0.63498, 0.55969, 0.25851), (0.62996, 0.52706, 0.2058), (0.62996, 0.5371, 0.24345), (0.62996, 0.51702, 0.20329), (0.63247, 0.53459, 0.21082), (0.63247, 0.53459, 0.21082), (0.62996, 0.54965, 0.25098), (0.62996, 0.5371, 0.24345), (0.62745, 0.50949, 0.18322), (0.63498, 0.49945, 0.16314), (0.62243, 0.49945, 0.17569), (0.62243, 0.49945, 0.17569), (0.62745, 0.50196, 0.19325), (0.62745, 0.50949, 0.18322), (0.64, 0.56973, 0.27608), (0.63247, 0.55969, 0.26353), (0.62494, 0.512, 0.18824), (0.62494, 0.512, 0.18824), (0.64, 0.54714, 0.22839), (0.64, 0.56973, 0.27608), (0.63749, 0.49443, 0.17067), (0.62243, 0.48439, 0.16063), (0.64, 0.55718, 0.22588), (0.63498, 0.51702, 0.18573), (0.64, 0.56722, 0.25349), (0.64, 0.58478, 0.26855), (0.64, 0.58478, 0.26855), (0.63749, 0.54965, 0.23341), (0.63498, 0.51702, 0.18573), (0.63749, 0.53459, 0.22337), (0.62243, 0.4869, 0.14808), (0.63247, 0.53208, 0.20329), (0.64, 0.53208, 0.19827), (0.63749, 0.5622, 0.256), (0.63498, 0.53208, 0.21584), (0.63498, 0.53208, 0.21584), (0.64, 0.54965, 0.22588), (0.64, 0.53208, 0.19827), (0.63247, 0.53208, 0.20329), (0.62745, 0.5371, 0.22839), (0.63749, 0.53459, 0.22337), (0.64, 0.52455, 0.21835), (0.63498, 0.52204, 0.20831), (0.63498, 0.53459, 0.22337), (0.63498, 0.53459, 0.22337), (0.62745, 0.52455, 0.21333), (0.64, 0.52455, 0.21835), (0.63247, 0.52957, 0.20831), (0.62745, 0.54463, 0.22086), (0.63749, 0.5622, 0.26102), (0.63749, 0.5622, 0.26102), (0.63498, 0.5622, 0.26604), (0.63247, 0.52957, 0.20831), (0.62996, 0.52706, 0.2058), (0.62243, 0.52706, 0.20831), (0.63247, 0.55216, 0.25349), (0.63247, 0.51953, 0.20078), (0.62745, 0.51702, 0.18322), (0.63498, 0.5371, 0.23341), (0.62745, 0.50949, 0.21333), (0.63247, 0.54463, 0.24847), (0.64, 0.55216, 0.256), (0.64, 0.55216, 0.256), (0.64, 0.52957, 0.23592), (0.62745, 0.50949, 0.21333), (0.63498, 0.5371, 0.23341), (0.63498, 0.53961, 0.22086), (0.63247, 0.51953, 0.20078), (0.63498, 0.53961, 0.22086), (0.63749, 0.55216, 0.24094), (0.62996, 0.55216, 0.23843), (0.64, 0.54463, 0.25098), (0.63247, 0.51702, 0.21584), (0.64, 0.52957, 0.23592), (0.64, 0.58729, 0.28863), (0.63498, 0.56471, 0.256), (0.63247, 0.55216, 0.24847), (0.63749, 0.57224, 0.27357), (0.63749, 0.56471, 0.26353), (0.63749, 0.56973, 0.2811), (0.62996, 0.53961, 0.2309), (0.63498, 0.55216, 0.26102), (0.63749, 0.56722, 0.29114), (0.63749, 0.56722, 0.29114), (0.63749, 0.53961, 0.23592), (0.62996, 0.53961, 0.2309), (0.64, 0.52957, 0.23592), (0.64, 0.55216, 0.256), (0.64, 0.54463, 0.25098), (0.62745, 0.51451, 0.19576), (0.63247, 0.512, 0.19075), (0.62996, 0.52957, 0.22337), (0.63749, 0.56471, 0.24847), (0.64, 0.54463, 0.22588), (0.63749, 0.5622, 0.256), (0.63749, 0.5622, 0.256), (0.63498, 0.55467, 0.24596), (0.63749, 0.56471, 0.24847), (0.62243, 0.51702, 0.21333), (0.63498, 0.54463, 0.23592), (0.62745, 0.49945, 0.1782), (0.62745, 0.49945, 0.1782), (0.63247, 0.52455, 0.20329), (0.62243, 0.51702, 0.21333), (0.62745, 0.52957, 0.21082), (0.63247, 0.53208, 0.22588), (0.63498, 0.51451, 0.19827), (0.63247, 0.5622, 0.25349), (0.64, 0.57475, 0.26604), (0.64, 0.57725, 0.27357), (0.64, 0.57725, 0.27357), (0.64, 0.57224, 0.25851), (0.63247, 0.5622, 0.25349), (0.63498, 0.51451, 0.19827), (0.62494, 0.512, 0.19827), (0.62745, 0.52957, 0.21082), (0.62996, 0.52957, 0.22337), (0.63749, 0.52706, 0.21835), (0.62745, 0.51451, 0.19576), (0.63749, 0.54965, 0.23341), (0.64, 0.54714, 0.20831), (0.62996, 0.52957, 0.20078), (0.62996, 0.52957, 0.20078), (0.63749, 0.53459, 0.18322), (0.63749, 0.54965, 0.23341), (0.64, 0.55718, 0.22588), (0.64, 0.54714, 0.22086), (0.63749, 0.49443, 0.17067), (0.63247, 0.54463, 0.24847), (0.63749, 0.55216, 0.24094), (0.6149, 0.4869, 0.16565), (0.62745, 0.54463, 0.22086), (0.63498, 0.56722, 0.27357), (0.64, 0.56471, 0.27106), (0.64, 0.56471, 0.27106), (0.63247, 0.55467, 0.23592), (0.62745, 0.54463, 0.22086), (0.64, 0.55467, 0.24596), (0.63498, 0.5622, 0.26604), (0.63749, 0.55969, 0.26604), (0.64, 0.58478, 0.27859), (0.63749, 0.53961, 0.22086), (0.62494, 0.51702, 0.18824), (0.62494, 0.51702, 0.18824), (0.63498, 0.55467, 0.24596), (0.64, 0.58478, 0.27859), (0.62996, 0.54463, 0.22839), (0.64, 0.56722, 0.25851), (0.64, 0.54463, 0.21082), (0.64, 0.54463, 0.21082), (0.64, 0.5622, 0.23843), (0.62996, 0.54463, 0.22839), (0.64, 0.56973, 0.27608), (0.63749, 0.54714, 0.23843), (0.62996, 0.53961, 0.2309), (0.62996, 0.53961, 0.2309), (0.64, 0.5622, 0.27106), (0.64, 0.56973, 0.27608), (0.62996, 0.51451, 0.21333), (0.63247, 0.52957, 0.21835), (0.62243, 0.51953, 0.20831), (0.62243, 0.51953, 0.20831), (0.63749, 0.52455, 0.21082), (0.62996, 0.51451, 0.21333), (0.63749, 0.55969, 0.26604), (0.63247, 0.53961, 0.21333), (0.64, 0.55467, 0.24596), (0.62996, 0.52706, 0.17569), (0.64, 0.55969, 0.25098), (0.62996, 0.5371, 0.21082), (0.62996, 0.5371, 0.21082), (0.63749, 0.54463, 0.19325), (0.62996, 0.52706, 0.17569), (0.64, 0.58227, 0.28361), (0.64, 0.57725, 0.26855), (0.63498, 0.52455, 0.19576), (0.63247, 0.51953, 0.19576), (0.64, 0.56973, 0.27357), (0.63247, 0.512, 0.19576), (0.63749, 0.5371, 0.23341), (0.64, 0.56471, 0.25349), (0.64, 0.53459, 0.23341), (0.63498, 0.52706, 0.20078), (0.64, 0.57725, 0.27859), (0.63247, 0.54463, 0.22839), (0.62745, 0.53961, 0.21333), (0.63498, 0.55718, 0.23843), (0.63749, 0.54463, 0.21835), (0.63498, 0.5371, 0.20831), (0.62745, 0.55216, 0.22588), (0.62745, 0.53961, 0.21333), (0.64, 0.55467, 0.25349), (0.62996, 0.55467, 0.25349), (0.64, 0.56471, 0.25098), (0.64, 0.56471, 0.25098), (0.64, 0.54965, 0.24094), (0.64, 0.55467, 0.25349), (0.63247, 0.52706, 0.22337), (0.62996, 0.50196, 0.18322), (0.63498, 0.52455, 0.21584), (0.63498, 0.52455, 0.21584), (0.64, 0.52957, 0.21584), (0.63247, 0.52706, 0.22337), (0.63498, 0.54965, 0.27357), (0.62996, 0.53961, 0.23341), (0.63749, 0.53961, 0.21584), (0.63749, 0.53961, 0.21584), (0.62996, 0.54212, 0.25098), (0.63498, 0.54965, 0.27357), (0.60235, 0.47686, 0.14808), (0.62745, 0.53208, 0.22337), (0.63498, 0.52455, 0.21584), (0.63498, 0.52455, 0.21584), (0.62243, 0.51953, 0.20329), (0.60235, 0.47686, 0.14808), (0.63749, 0.5371, 0.2309), (0.62494, 0.53459, 0.23341), (0.63498, 0.52455, 0.19576), (0.63498, 0.52455, 0.19576), (0.62243, 0.512, 0.20329), (0.63749, 0.5371, 0.2309), (0.63247, 0.54463, 0.22839), (0.64, 0.56471, 0.26353), (0.63498, 0.57224, 0.27357), (0.63498, 0.57224, 0.27357), (0.62996, 0.53459, 0.21584), (0.63247, 0.54463, 0.22839), (0.62494, 0.51451, 0.18071), (0.63247, 0.50447, 0.18322), (0.62996, 0.55718, 0.24094), (0.62243, 0.53459, 0.23843), (0.64, 0.55467, 0.24596), (0.63498, 0.5371, 0.21835), (0.63498, 0.5371, 0.21835), (0.63749, 0.54965, 0.25851), (0.62243, 0.53459, 0.23843), (0.62996, 0.55718, 0.24094), (0.62996, 0.52957, 0.19827), (0.62494, 0.51451, 0.18071), (0.63749, 0.53459, 0.21333), (0.63247, 0.53208, 0.22086), (0.62745, 0.53459, 0.24094), (0.6149, 0.4869, 0.16565), (0.63498, 0.52455, 0.21584), (0.63247, 0.54463, 0.24847), (0.63749, 0.5622, 0.256), (0.64, 0.56471, 0.25349), (0.62745, 0.54212, 0.22588), (0.62996, 0.52957, 0.22588), (0.63498, 0.5371, 0.23341), (0.63247, 0.52204, 0.20831), (0.64, 0.53459, 0.2309), (0.63749, 0.55216, 0.24094), (0.63498, 0.53459, 0.22337), (0.63498, 0.53459, 0.22337), (0.62494, 0.52957, 0.22086), (0.64, 0.53459, 0.2309), (0.62745, 0.50447, 0.18322), (0.62996, 0.50447, 0.17569), (0.62996, 0.50447, 0.17067), (0.63247, 0.54463, 0.24345), (0.63247, 0.54463, 0.24345), (0.63247, 0.54965, 0.25851), (0.63247, 0.54965, 0.25851), (0.62996, 0.53961, 0.23341), (0.63247, 0.54463, 0.24345), (0.63247, 0.52204, 0.20831), (0.64, 0.53208, 0.21082), (0.62996, 0.52957, 0.22588), (0.62745, 0.51953, 0.19827), (0.62996, 0.5371, 0.24345), (0.62996, 0.54965, 0.25098), (0.62996, 0.54965, 0.25098), (0.62996, 0.53961, 0.2309), (0.62745, 0.51953, 0.19827), (0.62745, 0.54212, 0.22588), (0.64, 0.54463, 0.2309), (0.63749, 0.5622, 0.256), (0.62494, 0.52455, 0.22086), (0.62745, 0.50698, 0.19576), (0.64, 0.53961, 0.23592), (0.64, 0.53961, 0.23592), (0.63247, 0.53459, 0.2309), (0.62494, 0.52455, 0.22086), (0.62243, 0.51953, 0.20329), (0.63498, 0.52455, 0.21584), (0.6149, 0.4869, 0.16565), (0.6149, 0.4869, 0.16565), (0.62996, 0.52706, 0.2058), (0.62243, 0.51953, 0.20329), (0.62745, 0.54212, 0.22588), (0.62494, 0.51702, 0.18824), (0.64, 0.55216, 0.24345), (0.63749, 0.51451, 0.21082), (0.63749, 0.512, 0.18322), (0.62745, 0.52957, 0.23592), (0.62745, 0.52957, 0.23592), (0.62745, 0.52957, 0.22588), (0.63749, 0.51451, 0.21082), (0.64, 0.55718, 0.22839), (0.62745, 0.54212, 0.2309), (0.64, 0.56471, 0.27106), (0.64, 0.56471, 0.27106), (0.62745, 0.54714, 0.23843), (0.64, 0.55718, 0.22839), (0.62996, 0.5371, 0.21082), (0.63749, 0.55718, 0.25349), (0.61992, 0.52957, 0.22337), (0.61992, 0.52957, 0.22337), (0.63247, 0.54212, 0.23341), (0.62996, 0.5371, 0.21082), (0.63498, 0.55216, 0.22337), (0.64, 0.55467, 0.23843), (0.64, 0.52706, 0.20329), (0.63247, 0.54965, 0.22086), (0.63247, 0.5622, 0.25349), (0.64, 0.57224, 0.25851), (0.64, 0.57224, 0.25851), (0.63247, 0.56722, 0.26353), (0.63247, 0.54965, 0.22086), (0.62745, 0.53961, 0.21333), (0.63749, 0.54463, 0.21835), (0.63498, 0.5371, 0.20831), (0.63247, 0.53459, 0.2309), (0.62996, 0.50949, 0.19827), (0.62745, 0.48439, 0.16063), (0.63247, 0.54965, 0.25851), (0.62996, 0.54965, 0.24596), (0.62243, 0.52455, 0.20078), (0.64, 0.54965, 0.24847), (0.63247, 0.54212, 0.23341), (0.62745, 0.53459, 0.24094), (0.62745, 0.53459, 0.24094), (0.63247, 0.53961, 0.24596), (0.64, 0.54965, 0.24847), (0.62745, 0.53459, 0.24094), (0.63247, 0.54212, 0.23341), (0.63749, 0.53459, 0.21333), (0.62996, 0.50447, 0.17067), (0.62996, 0.51702, 0.19325), (0.62745, 0.50447, 0.18322), (0.63498, 0.55969, 0.25851), (0.63498, 0.5622, 0.26855), (0.62745, 0.52957, 0.2058), (0.62745, 0.52957, 0.2058), (0.62996, 0.52706, 0.2058), (0.63498, 0.55969, 0.25851), (0.63498, 0.55467, 0.27106), (0.63749, 0.56973, 0.2811), (0.63498, 0.5371, 0.20831), (0.63498, 0.5371, 0.20831), (0.63749, 0.5371, 0.2058), (0.63498, 0.55467, 0.27106), (0.64, 0.53459, 0.20831), (0.62745, 0.51451, 0.19576), (0.64, 0.53459, 0.19827), (0.62745, 0.48439, 0.16063), (0.62494, 0.52455, 0.22086), (0.63247, 0.53459, 0.2309), (0.63498, 0.54463, 0.24345), (0.64, 0.56471, 0.27859), (0.63247, 0.50949, 0.18573), (0.63247, 0.50949, 0.18573), (0.62745, 0.53459, 0.20329), (0.63498, 0.54463, 0.24345), (0.63498, 0.56722, 0.27357), (0.63247, 0.55216, 0.25349), (0.62996, 0.53961, 0.2309), (0.62996, 0.53961, 0.2309), (0.63749, 0.54714, 0.24094), (0.63498, 0.56722, 0.27357), (0.62494, 0.51702, 0.18824), (0.62745, 0.54212, 0.22588), (0.63247, 0.5371, 0.22839), (0.63247, 0.5371, 0.22839), (0.62996, 0.52455, 0.18824), (0.62494, 0.51702, 0.18824), (0.63498, 0.53961, 0.2309), (0.63498, 0.52455, 0.21584), (0.62745, 0.50447, 0.18322), (0.62745, 0.50447, 0.18322), (0.62745, 0.51702, 0.20329), (0.63498, 0.53961, 0.2309), (0.63498, 0.53208, 0.21584), (0.63498, 0.56973, 0.26604), (0.62996, 0.5371, 0.20329), (0.62996, 0.5371, 0.20329), (0.63247, 0.52204, 0.20831), (0.63498, 0.53208, 0.21584), (0.63247, 0.53459, 0.21082), (0.63498, 0.5371, 0.21835), (0.63749, 0.54965, 0.23341), (0.63749, 0.54965, 0.23341), (0.64, 0.55718, 0.24094), (0.63247, 0.53459, 0.21082), (0.62745, 0.54965, 0.256), (0.62996, 0.54212, 0.24596), (0.63247, 0.55467, 0.26102), (0.63247, 0.55467, 0.26102), (0.62745, 0.5371, 0.2309), (0.62745, 0.54965, 0.256), (0.62996, 0.53459, 0.22588), (0.61992, 0.51953, 0.19075), (0.62996, 0.52957, 0.19827), (0.62996, 0.52957, 0.19827), (0.62996, 0.54965, 0.25098), (0.62996, 0.53459, 0.22588), (0.62996, 0.56722, 0.25098), (0.64, 0.55718, 0.24596), (0.64, 0.55969, 0.24596), (0.64, 0.55969, 0.24596), (0.6149, 0.49694, 0.17067), (0.62996, 0.56722, 0.25098), (0.63749, 0.54714, 0.2058), (0.64, 0.56471, 0.25851), (0.62996, 0.55216, 0.23843), (0.62996, 0.55216, 0.23843), (0.62494, 0.52204, 0.16063), (0.63749, 0.54714, 0.2058), (0.62494, 0.51702, 0.19075), (0.62243, 0.52706, 0.21333), (0.62494, 0.48941, 0.1531), (0.63498, 0.53459, 0.20329), (0.63498, 0.53459, 0.2058), (0.64, 0.55216, 0.25098), (0.64, 0.53961, 0.23592), (0.62996, 0.53208, 0.20329), (0.63498, 0.54714, 0.25098), (0.64, 0.56722, 0.26102), (0.63749, 0.5622, 0.25098), (0.61992, 0.51702, 0.20078), (0.63247, 0.512, 0.19576), (0.63247, 0.512, 0.19075), (0.64, 0.55969, 0.24345), (0.64, 0.55969, 0.24345), (0.63247, 0.53961, 0.20831), (0.63247, 0.512, 0.19576), (0.62996, 0.53459, 0.22588), (0.63498, 0.52455, 0.21082), (0.64, 0.56722, 0.27106), (0.64, 0.56722, 0.27106), (0.64, 0.56722, 0.27106), (0.62996, 0.53459, 0.22588), (0.62745, 0.56471, 0.26855), (0.62996, 0.56722, 0.25098), (0.6149, 0.49694, 0.17067), (0.64, 0.53459, 0.19827), (0.63247, 0.53961, 0.20831), (0.64, 0.53459, 0.20831), (0.64, 0.56471, 0.26353), (0.63749, 0.5622, 0.256), (0.63749, 0.55216, 0.23592), (0.63749, 0.55216, 0.23592), (0.63498, 0.55467, 0.24596), (0.64, 0.56471, 0.26353), (0.64, 0.58729, 0.29616), (0.63498, 0.54714, 0.22086), (0.62494, 0.53961, 0.2058), (0.62996, 0.53459, 0.20078), (0.63749, 0.55216, 0.24094), (0.64, 0.55467, 0.22839), (0.64, 0.55467, 0.22839), (0.62745, 0.50698, 0.14557), (0.62996, 0.53459, 0.20078), (0.62996, 0.54212, 0.22086), (0.63247, 0.54714, 0.23592), (0.63749, 0.54212, 0.22839), (0.62243, 0.52455, 0.20078), (0.62996, 0.52706, 0.2058), (0.63247, 0.54965, 0.25851), (0.63749, 0.54212, 0.22839), (0.62745, 0.54212, 0.22588), (0.62996, 0.54212, 0.22086), (0.63498, 0.57224, 0.27357), (0.64, 0.54965, 0.24094), (0.64, 0.55718, 0.24847), (0.64, 0.55718, 0.24847), (0.64, 0.57725, 0.2811), (0.63498, 0.57224, 0.27357), (0.62996, 0.5371, 0.24847), (0.63749, 0.55718, 0.24847), (0.63498, 0.55969, 0.25851), (0.63498, 0.55969, 0.25851), (0.62745, 0.52706, 0.22337), (0.62996, 0.5371, 0.24847), (0.63498, 0.55467, 0.256), (0.62996, 0.53208, 0.23341), (0.63498, 0.53961, 0.2309), (0.63498, 0.53961, 0.2309), (0.63749, 0.55467, 0.26353), (0.63498, 0.55467, 0.256), (0.62494, 0.53961, 0.2058), (0.63247, 0.54212, 0.23341), (0.64, 0.58729, 0.29616), (0.62996, 0.50698, 0.18322), (0.63498, 0.52204, 0.20329), (0.62745, 0.52455, 0.21333), (0.62745, 0.52455, 0.21333), (0.63498, 0.52204, 0.20831), (0.62996, 0.50698, 0.18322), (0.62996, 0.52706, 0.2058), (0.63498, 0.53459, 0.20329), (0.63498, 0.55467, 0.256), (0.63498, 0.55467, 0.256), (0.63498, 0.51953, 0.21333), (0.62996, 0.52706, 0.2058), (0.63749, 0.54212, 0.22337), (0.64, 0.56722, 0.26604), (0.63247, 0.52706, 0.22588), (0.64, 0.55467, 0.23341), (0.64, 0.54463, 0.23341), (0.64, 0.56471, 0.25349), (0.64, 0.54714, 0.22839), (0.63498, 0.53208, 0.21584), (0.63749, 0.5622, 0.256), (0.63498, 0.55467, 0.24596), (0.63498, 0.54463, 0.23843), (0.62494, 0.54463, 0.24596), (0.63247, 0.52706, 0.22588), (0.63498, 0.53459, 0.2309), (0.63749, 0.54212, 0.22337), (0.63749, 0.54212, 0.22839), (0.63247, 0.512, 0.19576), (0.63498, 0.51702, 0.19075), (0.63498, 0.51702, 0.19075), (0.64, 0.55718, 0.24847), (0.63749, 0.54212, 0.22839), (0.64, 0.55216, 0.24345), (0.64, 0.54212, 0.21835), (0.62745, 0.54212, 0.22588), (0.63247, 0.53459, 0.2309), (0.62745, 0.52957, 0.22588), (0.63749, 0.54212, 0.23341), (0.63749, 0.54212, 0.23341), (0.64, 0.57725, 0.29365), (0.63247, 0.53459, 0.2309), (0.6149, 0.49694, 0.17067), (0.64, 0.54714, 0.22839), (0.62745, 0.56471, 0.26855), (0.63247, 0.55969, 0.24345), (0.63498, 0.55216, 0.21835), (0.63247, 0.54714, 0.23592), (0.63247, 0.54714, 0.23592), (0.62996, 0.53208, 0.22839), (0.63247, 0.55969, 0.24345), (0.63749, 0.55969, 0.26604), (0.62996, 0.52706, 0.21082), (0.62996, 0.52706, 0.21082), (0.62996, 0.52706, 0.21082), (0.63749, 0.5371, 0.2309), (0.63749, 0.55969, 0.26604), (0.62996, 0.56471, 0.26102), (0.63247, 0.52957, 0.20831), (0.62996, 0.5371, 0.21082), (0.62996, 0.5371, 0.21082), (0.64, 0.55969, 0.256), (0.62996, 0.56471, 0.26102), (0.63247, 0.53208, 0.22086), (0.63749, 0.53459, 0.21333), (0.64, 0.53961, 0.23592), (0.62494, 0.50447, 0.16314), (0.63749, 0.55467, 0.22588), (0.64, 0.55216, 0.22588), (0.64, 0.55216, 0.22588), (0.62494, 0.51702, 0.16816), (0.62494, 0.50447, 0.16314), (0.63247, 0.52957, 0.21333), (0.63498, 0.52957, 0.22588), (0.6149, 0.51451, 0.20831), (0.6149, 0.51451, 0.20831), (0.62745, 0.51953, 0.19827), (0.63247, 0.52957, 0.21333), (0.63247, 0.53961, 0.21333), (0.63749, 0.55969, 0.26604), (0.63498, 0.55467, 0.24596), (0.63498, 0.5371, 0.21835), (0.62996, 0.50698, 0.18573), (0.63749, 0.53459, 0.22337), (0.63749, 0.53459, 0.22337), (0.62745, 0.52455, 0.20831), (0.63498, 0.5371, 0.21835), (0.62996, 0.53459, 0.22588), (0.62996, 0.53961, 0.23341), (0.64, 0.54212, 0.23843), (0.64, 0.54212, 0.23843), (0.62745, 0.5371, 0.23592), (0.62996, 0.53459, 0.22588), (0.62996, 0.52204, 0.19325), (0.64, 0.56471, 0.24596), (0.64, 0.58227, 0.28361), (0.64, 0.58227, 0.28361), (0.63498, 0.52455, 0.19576), (0.62996, 0.52204, 0.19325), (0.63498, 0.55467, 0.24596), (0.62494, 0.51702, 0.18824), (0.63247, 0.53961, 0.21333), (0.64, 0.54212, 0.21835), (0.64, 0.55718, 0.24094), (0.63498, 0.57976, 0.27859), (0.63498, 0.5371, 0.21835), (0.63247, 0.52706, 0.22588), (0.63749, 0.5371, 0.23341), (0.63749, 0.5371, 0.23341), (0.64, 0.54965, 0.24094), (0.63498, 0.5371, 0.21835), (0.63247, 0.56722, 0.26353), (0.64, 0.57224, 0.25851), (0.64, 0.56471, 0.25349), (0.64, 0.56471, 0.25349), (0.64, 0.57976, 0.27357), (0.63247, 0.56722, 0.26353), (0.63498, 0.55718, 0.26353), (0.63749, 0.54714, 0.26102), (0.63247, 0.53459, 0.21584), (0.63247, 0.53459, 0.21584), (0.63247, 0.53459, 0.21082), (0.63498, 0.55718, 0.26353), (0.63498, 0.57976, 0.27859), (0.64, 0.56722, 0.27106), (0.64, 0.54212, 0.21835), (0.62996, 0.50949, 0.16816), (0.63749, 0.54714, 0.24094), (0.62996, 0.54212, 0.24094), (0.62996, 0.54212, 0.24094), (0.63749, 0.512, 0.18322), (0.62996, 0.50949, 0.16816), (0.63498, 0.55467, 0.25098), (0.63498, 0.5622, 0.26604), (0.62996, 0.54714, 0.22337), (0.62494, 0.51702, 0.19576), (0.63247, 0.53208, 0.22086), (0.63749, 0.5371, 0.2309), (0.63749, 0.5371, 0.2309), (0.63247, 0.52204, 0.21835), (0.62494, 0.51702, 0.19576), (0.62996, 0.54714, 0.22337), (0.63749, 0.5622, 0.256), (0.63498, 0.55467, 0.25098), (0.63498, 0.52455, 0.21584), (0.62745, 0.53208, 0.22337), (0.62745, 0.55216, 0.25098), (0.62745, 0.55216, 0.25098), (0.63247, 0.54463, 0.24847), (0.63498, 0.52455, 0.21584), (0.62494, 0.48941, 0.1531), (0.63247, 0.50949, 0.18573), (0.62494, 0.51702, 0.19075), (0.62996, 0.54965, 0.25098), (0.63247, 0.53459, 0.21082), (0.64, 0.55718, 0.24094), (0.64, 0.55718, 0.24094), (0.63498, 0.54714, 0.24596), (0.62996, 0.54965, 0.25098), (0.63247, 0.49694, 0.18573), (0.63749, 0.5371, 0.2309), (0.63247, 0.53208, 0.22086), (0.63247, 0.53208, 0.22086), (0.63749, 0.54463, 0.21835), (0.63247, 0.49694, 0.18573), (0.62745, 0.53459, 0.20831), (0.62494, 0.5371, 0.24094), (0.64, 0.5622, 0.26855), (0.63247, 0.53208, 0.22086), (0.62996, 0.53459, 0.22588), (0.63247, 0.53459, 0.2309), (0.63247, 0.53459, 0.2309), (0.62745, 0.53459, 0.24094), (0.63247, 0.53208, 0.22086), (0.64, 0.53961, 0.23592), (0.63498, 0.54714, 0.25098), (0.63247, 0.53208, 0.22086), (0.63498, 0.54463, 0.23592), (0.63749, 0.54714, 0.24094), (0.62996, 0.53961, 0.23341), (0.62996, 0.53961, 0.23341), (0.62996, 0.53459, 0.22588), (0.63498, 0.54463, 0.23592), (0.64, 0.54714, 0.23843), (0.63749, 0.512, 0.19827), (0.62494, 0.50196, 0.18071), (0.62494, 0.50196, 0.18071), (0.62494, 0.51451, 0.18573), (0.64, 0.54714, 0.23843), (0.64, 0.5622, 0.26855), (0.64, 0.55216, 0.2309), (0.62745, 0.53459, 0.20831), (0.63498, 0.5622, 0.26604), (0.63498, 0.57976, 0.27859), (0.63498, 0.57224, 0.2811), (0.63498, 0.57224, 0.2811), (0.63749, 0.55969, 0.26604), (0.63498, 0.5622, 0.26604), (0.63247, 0.55969, 0.26353), (0.63749, 0.53961, 0.21584), (0.63247, 0.52204, 0.21333), (0.63247, 0.52204, 0.21333), (0.62494, 0.512, 0.18824), (0.63247, 0.55969, 0.26353), (0.6149, 0.48188, 0.15059), (0.64, 0.55969, 0.24596), (0.64, 0.55718, 0.24596), (0.63498, 0.55969, 0.25349), (0.64, 0.55969, 0.24847), (0.63749, 0.55216, 0.24094), (0.62996, 0.51702, 0.19827), (0.60486, 0.47937, 0.17067), (0.63749, 0.53961, 0.23592), (0.62243, 0.54463, 0.2309), (0.62996, 0.55216, 0.23843), (0.63247, 0.53208, 0.22086), (0.63247, 0.52204, 0.21835), (0.62996, 0.51702, 0.21835), (0.63749, 0.52455, 0.2058), (0.63749, 0.52455, 0.2058), (0.63498, 0.52204, 0.19827), (0.63247, 0.52204, 0.21835), (0.63749, 0.55718, 0.25349), (0.64, 0.56973, 0.256), (0.63749, 0.56471, 0.24345), (0.63749, 0.53961, 0.23592), (0.63749, 0.56722, 0.29114), (0.62996, 0.51702, 0.19827), (0.62494, 0.54463, 0.24596), (0.63749, 0.56471, 0.24847), (0.63498, 0.55467, 0.24596), (0.63247, 0.54212, 0.23341), (0.63749, 0.56722, 0.25851), (0.63498, 0.5622, 0.26604), (0.63749, 0.56471, 0.24345), (0.61992, 0.52957, 0.22337), (0.63749, 0.55718, 0.25349), (0.63749, 0.54714, 0.24094), (0.60235, 0.47686, 0.14808), (0.64, 0.54212, 0.2309), (0.64, 0.54212, 0.2309), (0.62494, 0.51451, 0.18071), (0.63749, 0.54714, 0.24094), (0.62745, 0.53208, 0.22337), (0.63749, 0.55718, 0.25349), (0.63498, 0.55467, 0.24596), (0.63498, 0.55467, 0.24596), (0.62745, 0.55216, 0.25098), (0.62745, 0.53208, 0.22337), (0.63498, 0.54714, 0.2309), (0.64, 0.55969, 0.24847), (0.63247, 0.53459, 0.2309), (0.63247, 0.53459, 0.2309), (0.64, 0.55718, 0.26604), (0.63498, 0.54714, 0.2309), (0.63247, 0.54714, 0.23843), (0.63498, 0.55467, 0.24596), (0.63749, 0.5622, 0.256), (0.62996, 0.49694, 0.17569), (0.64, 0.53961, 0.22839), (0.62996, 0.53459, 0.21584), (0.62996, 0.53459, 0.21584), (0.63247, 0.52455, 0.20329), (0.62996, 0.49694, 0.17569), (0.62996, 0.54965, 0.24094), (0.62996, 0.53961, 0.2309), (0.63247, 0.55216, 0.24847), (0.63247, 0.55216, 0.24847), (0.64, 0.56471, 0.26353), (0.62996, 0.54965, 0.24094), (0.63498, 0.5622, 0.26604), (0.64, 0.55467, 0.24596), (0.63247, 0.54212, 0.23341), (0.63498, 0.52455, 0.21584), (0.63247, 0.51702, 0.21584), (0.62745, 0.52455, 0.22839), (0.62745, 0.52455, 0.22839), (0.63247, 0.52957, 0.23341), (0.63498, 0.52455, 0.21584), (0.63498, 0.52204, 0.20329), (0.62745, 0.49443, 0.16314), (0.62243, 0.49443, 0.17318), (0.64, 0.54212, 0.21082), (0.62745, 0.54212, 0.22588), (0.63749, 0.54212, 0.22839), (0.63749, 0.54212, 0.22839), (0.63498, 0.55969, 0.25349), (0.64, 0.54212, 0.21082), (0.62996, 0.54463, 0.23341), (0.62494, 0.52455, 0.19576), (0.63498, 0.5371, 0.21835), (0.62996, 0.51953, 0.2058), (0.64, 0.55467, 0.23843), (0.63749, 0.5371, 0.20831), (0.64, 0.57976, 0.28361), (0.64, 0.56471, 0.256), (0.63749, 0.55969, 0.24596), (0.63749, 0.55969, 0.24596), (0.63749, 0.57224, 0.27357), (0.64, 0.57976, 0.28361), (0.63247, 0.53208, 0.22086), (0.63749, 0.54714, 0.24094), (0.62243, 0.54463, 0.2309), (0.62996, 0.54212, 0.24596), (0.63749, 0.53208, 0.22839), (0.64, 0.55216, 0.26604), (0.64, 0.55216, 0.26604), (0.63247, 0.55467, 0.26102), (0.62996, 0.54212, 0.24596), (0.64, 0.52706, 0.22839), (0.63749, 0.51451, 0.21082), (0.62745, 0.52957, 0.22588), (0.62745, 0.52957, 0.22588), (0.62494, 0.52455, 0.22086), (0.64, 0.52706, 0.22839), (0.62996, 0.50447, 0.19576), (0.62745, 0.48188, 0.16565), (0.64, 0.54463, 0.21082), (0.64, 0.54463, 0.21082), (0.62996, 0.53459, 0.22086), (0.62996, 0.50447, 0.19576), (0.63749, 0.5371, 0.20831), (0.62243, 0.52204, 0.21584), (0.62996, 0.51953, 0.2058), (0.63498, 0.5371, 0.21835), (0.63247, 0.5371, 0.22839), (0.62996, 0.54463, 0.23341), (0.62745, 0.52455, 0.21333), (0.62494, 0.52204, 0.2058), (0.63498, 0.54714, 0.2309), (0.63498, 0.54714, 0.2309), (0.62745, 0.5371, 0.22839), (0.62745, 0.52455, 0.21333), (0.63749, 0.52455, 0.21082), (0.62243, 0.49443, 0.17569), (0.63247, 0.52706, 0.22588), (0.63247, 0.52706, 0.22588), (0.63247, 0.55216, 0.24847), (0.63749, 0.52455, 0.21082), (0.63749, 0.55216, 0.24094), (0.64, 0.55969, 0.25098), (0.62745, 0.50447, 0.17569), (0.63749, 0.51953, 0.22337), (0.63498, 0.53208, 0.23592), (0.62996, 0.5371, 0.24345), (0.62996, 0.5371, 0.24345), (0.62745, 0.51953, 0.19827), (0.63749, 0.51953, 0.22337), (0.63498, 0.53961, 0.2309), (0.62745, 0.55216, 0.24596), (0.62243, 0.512, 0.20329), (0.62243, 0.512, 0.20329), (0.63498, 0.52455, 0.21584), (0.63498, 0.53961, 0.2309), (0.63749, 0.55216, 0.23592), (0.64, 0.56722, 0.256), (0.63749, 0.56471, 0.24847), (0.63749, 0.56471, 0.24847), (0.63498, 0.55467, 0.24596), (0.63749, 0.55216, 0.23592), (0.63247, 0.53961, 0.24596), (0.62745, 0.53459, 0.24094), (0.63247, 0.53459, 0.2309), (0.64, 0.58729, 0.28863), (0.62745, 0.57475, 0.2811), (0.63247, 0.5622, 0.25349), (0.63247, 0.5622, 0.25349), (0.63498, 0.56471, 0.256), (0.64, 0.58729, 0.28863), (0.63749, 0.54965, 0.24847), (0.62996, 0.54965, 0.24094), (0.64, 0.56471, 0.26353), (0.62494, 0.51702, 0.16816), (0.64, 0.55216, 0.22588), (0.64, 0.56471, 0.25851), (0.64, 0.56471, 0.25851), (0.63749, 0.54714, 0.2058), (0.62494, 0.51702, 0.16816), (0.64, 0.57725, 0.27357), (0.63498, 0.5622, 0.26604), (0.64, 0.57224, 0.25851), (0.64, 0.56471, 0.26353), (0.63498, 0.55969, 0.24847), (0.63749, 0.54965, 0.24847), (0.63749, 0.52455, 0.21082), (0.62996, 0.52455, 0.22086), (0.64, 0.53459, 0.20831), (0.64, 0.53459, 0.20831), (0.62996, 0.50196, 0.18322), (0.63749, 0.52455, 0.21082), (0.61992, 0.51451, 0.21082), (0.64, 0.55216, 0.26102), (0.62996, 0.52957, 0.22337), (0.62996, 0.52957, 0.22337), (0.63498, 0.53459, 0.22337), (0.61992, 0.51451, 0.21082), (0.63749, 0.55216, 0.24094), (0.62996, 0.54463, 0.23341), (0.63498, 0.55969, 0.25349), (0.62996, 0.53208, 0.22839), (0.63498, 0.53961, 0.22086), (0.64, 0.54463, 0.23592), (0.64, 0.54463, 0.23592), (0.63749, 0.52706, 0.21835), (0.62996, 0.53208, 0.22839), (0.62996, 0.53208, 0.22839), (0.63749, 0.52706, 0.21835), (0.63749, 0.5371, 0.2309), (0.63749, 0.5371, 0.2309), (0.63247, 0.49694, 0.18573), (0.62996, 0.53208, 0.22839), (0.64, 0.5371, 0.22086), (0.62494, 0.52204, 0.2058), (0.62745, 0.52455, 0.21333), (0.62745, 0.52455, 0.21333), (0.62996, 0.53459, 0.21584), (0.64, 0.5371, 0.22086), (0.63247, 0.54212, 0.23341), (0.63247, 0.54212, 0.24094), (0.63749, 0.52455, 0.20078), (0.63749, 0.52455, 0.20078), (0.63749, 0.56722, 0.25851), (0.63247, 0.54212, 0.23341), (0.62243, 0.49443, 0.17318), (0.62243, 0.50949, 0.18573), (0.63498, 0.52204, 0.20329), (0.64, 0.55718, 0.22839), (0.63247, 0.55216, 0.24345), (0.62745, 0.54965, 0.2309), (0.62745, 0.54965, 0.2309), (0.61239, 0.52706, 0.19325), (0.64, 0.55718, 0.22839), (0.62243, 0.49443, 0.17569), (0.63749, 0.52455, 0.21082), (0.61992, 0.52957, 0.22086), (0.61992, 0.52957, 0.22086), (0.62996, 0.54965, 0.24094), (0.62243, 0.49443, 0.17569), (0.63749, 0.5622, 0.256), (0.63247, 0.55216, 0.24345), (0.63247, 0.54714, 0.23843), (0.62745, 0.50447, 0.17569), (0.62745, 0.51953, 0.19827), (0.63749, 0.55216, 0.24094), (0.62996, 0.53208, 0.22839), (0.63247, 0.54714, 0.23592), (0.63749, 0.54714, 0.23843), (0.63498, 0.52204, 0.20831), (0.63749, 0.52455, 0.21082), (0.63498, 0.52455, 0.22086), (0.63498, 0.52455, 0.22086), (0.63498, 0.53459, 0.22337), (0.63498, 0.52204, 0.20831), (0.63247, 0.53961, 0.25098), (0.62745, 0.5371, 0.23592), (0.63749, 0.56973, 0.2811), (0.63247, 0.53459, 0.2309), (0.63247, 0.55718, 0.25098), (0.63247, 0.53961, 0.24596), (0.63247, 0.53208, 0.22588), (0.62745, 0.53208, 0.22337), (0.64, 0.56973, 0.256), (0.63498, 0.55216, 0.22337), (0.64, 0.52706, 0.20329), (0.63247, 0.52455, 0.20329), (0.62996, 0.55216, 0.23843), (0.64, 0.54463, 0.23592), (0.62494, 0.52204, 0.16063), (0.63498, 0.51451, 0.19827), (0.63247, 0.53208, 0.22588), (0.64, 0.56722, 0.26604), (0.64, 0.56722, 0.26604), (0.64, 0.57725, 0.27608), (0.63498, 0.51451, 0.19827), (0.62745, 0.52706, 0.22086), (0.62494, 0.51953, 0.21584), (0.62996, 0.55718, 0.23592), (0.62996, 0.55718, 0.23592), (0.63749, 0.54714, 0.23843), (0.62745, 0.52706, 0.22086), (0.63247, 0.52455, 0.20329), (0.63749, 0.5622, 0.256), (0.63498, 0.55216, 0.22337), (0.62243, 0.52204, 0.19075), (0.63498, 0.55969, 0.25349), (0.62996, 0.54463, 0.23341), (0.62996, 0.54463, 0.23341), (0.63247, 0.5371, 0.22839), (0.62243, 0.52204, 0.19075), (0.63749, 0.53459, 0.18322), (0.62996, 0.52957, 0.20078), (0.64, 0.55969, 0.25098), (0.64, 0.55969, 0.25098), (0.62996, 0.52706, 0.17569), (0.63749, 0.53459, 0.18322), (0.63498, 0.54714, 0.24596), (0.62996, 0.53459, 0.22086), (0.63247, 0.51953, 0.19576), (0.63247, 0.51953, 0.19576), (0.63247, 0.55216, 0.24847), (0.63498, 0.54714, 0.24596), (0.62745, 0.5371, 0.23592), (0.63498, 0.52957, 0.23341), (0.63247, 0.54965, 0.26102), (0.63247, 0.54965, 0.26102), (0.63749, 0.56973, 0.2811), (0.62745, 0.5371, 0.23592), (0.62745, 0.512, 0.2058), (0.62996, 0.52455, 0.22086), (0.62996, 0.50447, 0.19576), (0.62996, 0.50447, 0.19576), (0.64, 0.53961, 0.23592), (0.62745, 0.512, 0.2058), (0.64, 0.56973, 0.256), (0.64, 0.56722, 0.26604), (0.63247, 0.53208, 0.22588), (0.63498, 0.53961, 0.2309), (0.64, 0.54965, 0.24094), (0.63498, 0.53961, 0.22588), (0.63498, 0.53961, 0.22588), (0.62996, 0.55216, 0.25851), (0.63498, 0.53961, 0.2309), (0.62996, 0.53208, 0.22839), (0.62745, 0.52455, 0.21333), (0.63749, 0.54965, 0.22337), (0.63749, 0.54965, 0.22337), (0.63247, 0.55969, 0.24345), (0.62996, 0.53208, 0.22839), (0.63749, 0.56973, 0.2811), (0.63498, 0.55467, 0.27106), (0.63247, 0.53961, 0.25098), (0.64, 0.56722, 0.27106), (0.63247, 0.55718, 0.256), (0.61992, 0.5371, 0.21333), (0.61992, 0.5371, 0.21333), (0.62494, 0.5371, 0.22086), (0.64, 0.56722, 0.27106), (0.62745, 0.5371, 0.23592), (0.62243, 0.53459, 0.23843), (0.63749, 0.54965, 0.25851), (0.63749, 0.55969, 0.26604), (0.63749, 0.54714, 0.24094), (0.63498, 0.53961, 0.2058), (0.63498, 0.53961, 0.2058), (0.62243, 0.52204, 0.19075), (0.63749, 0.55969, 0.26604), (0.63749, 0.54714, 0.23843), (0.63247, 0.53459, 0.21584), (0.62996, 0.53208, 0.22839), (0.63247, 0.5371, 0.22839), (0.63749, 0.55216, 0.24094), (0.62494, 0.52455, 0.19576), (0.63749, 0.53208, 0.19576), (0.63498, 0.53961, 0.2058), (0.63749, 0.54714, 0.24094), (0.63749, 0.55969, 0.26604), (0.62243, 0.52204, 0.19075), (0.63749, 0.54714, 0.23843), (0.63749, 0.5371, 0.2309), (0.62745, 0.52957, 0.21082), (0.62494, 0.512, 0.19827), (0.63247, 0.53208, 0.22086), (0.63498, 0.55718, 0.24345), (0.63498, 0.5371, 0.23341), (0.63498, 0.5371, 0.23341), (0.63749, 0.53961, 0.24094), (0.63247, 0.53208, 0.22086), (0.63247, 0.52455, 0.20329), (0.64, 0.53459, 0.2309), (0.62745, 0.50698, 0.19576), (0.62745, 0.50698, 0.19576), (0.62996, 0.49694, 0.17569), (0.63247, 0.52455, 0.20329), (0.63749, 0.55216, 0.24094), (0.63749, 0.57475, 0.27859), (0.64, 0.57976, 0.2811), (0.64, 0.57976, 0.2811), (0.63498, 0.53459, 0.22337), (0.63749, 0.55216, 0.24094), (0.62745, 0.51953, 0.19827), (0.62996, 0.53961, 0.2309), (0.63749, 0.54714, 0.23843), (0.63749, 0.54714, 0.23843), (0.63247, 0.52204, 0.21835), (0.62745, 0.51953, 0.19827), (0.62494, 0.50698, 0.17569), (0.63749, 0.55467, 0.22588), (0.62494, 0.50447, 0.16314), (0.64, 0.55467, 0.25851), (0.63749, 0.53459, 0.21333), (0.63749, 0.53208, 0.19576), (0.63749, 0.53208, 0.19576), (0.63749, 0.54714, 0.24094), (0.64, 0.55467, 0.25851), (0.62996, 0.54714, 0.22337), (0.64, 0.55467, 0.23341), (0.64, 0.56471, 0.25349), (0.64, 0.56471, 0.25349), (0.63749, 0.5622, 0.256), (0.62996, 0.54714, 0.22337), (0.62745, 0.50196, 0.19325), (0.62494, 0.50196, 0.18071), (0.62996, 0.53961, 0.2309), (0.62996, 0.53961, 0.2309), (0.64, 0.56973, 0.26855), (0.62745, 0.50196, 0.19325), (0.63749, 0.54965, 0.25851), (0.63498, 0.52957, 0.23341), (0.62745, 0.5371, 0.23592), (0.62996, 0.51702, 0.20329), (0.63498, 0.51702, 0.19075), (0.63498, 0.5371, 0.21835), (0.63498, 0.5371, 0.21835), (0.63247, 0.53459, 0.21082), (0.62996, 0.51702, 0.20329), (0.63749, 0.56471, 0.26353), (0.63749, 0.5622, 0.256), (0.64, 0.53208, 0.19827), (0.64, 0.53208, 0.19827), (0.64, 0.55467, 0.23341), (0.63749, 0.56471, 0.26353), (0.62494, 0.52455, 0.19576), (0.62996, 0.53459, 0.20078), (0.63247, 0.5371, 0.22839), (0.62996, 0.54965, 0.24596), (0.62996, 0.53459, 0.21584), (0.63498, 0.54714, 0.24596), (0.63498, 0.54714, 0.24596), (0.62996, 0.55216, 0.23843), (0.62996, 0.54965, 0.24596), (0.63498, 0.512, 0.18824), (0.63247, 0.52957, 0.21333), (0.62745, 0.51953, 0.19827), (0.62996, 0.52204, 0.19576), (0.64, 0.57224, 0.27608), (0.62745, 0.55216, 0.24596), (0.63247, 0.51953, 0.20078), (0.63247, 0.52957, 0.20831), (0.62745, 0.52706, 0.19576), (0.62745, 0.52706, 0.19576), (0.62745, 0.51451, 0.19576), (0.63247, 0.51953, 0.20078), (0.62996, 0.52455, 0.22086), (0.63247, 0.53208, 0.22839), (0.63749, 0.5371, 0.23341), (0.62745, 0.51953, 0.19827), (0.62494, 0.52204, 0.21082), (0.63498, 0.512, 0.18824), (0.63749, 0.54714, 0.26102), (0.62745, 0.50949, 0.21333), (0.64, 0.52957, 0.23592), (0.64, 0.52957, 0.23592), (0.62996, 0.54965, 0.25098), (0.63749, 0.54714, 0.26102), (0.63498, 0.52957, 0.22588), (0.62494, 0.51702, 0.19075), (0.63247, 0.5371, 0.22337), (0.63247, 0.5371, 0.22337), (0.6149, 0.51451, 0.20831), (0.63498, 0.52957, 0.22588), (0.63749, 0.5371, 0.23341), (0.63247, 0.54212, 0.23592), (0.62996, 0.52455, 0.22086), (0.64, 0.55467, 0.24596), (0.62243, 0.53459, 0.23843), (0.63498, 0.57224, 0.27357), (0.63498, 0.57224, 0.27357), (0.63498, 0.55969, 0.24847), (0.64, 0.55467, 0.24596), (0.62745, 0.55216, 0.24596), (0.63498, 0.53961, 0.2309), (0.62996, 0.52204, 0.19576), (0.63498, 0.53961, 0.22086), (0.64, 0.54965, 0.24094), (0.63498, 0.53961, 0.2309), (0.63498, 0.53961, 0.2309), (0.62494, 0.51451, 0.18573), (0.63498, 0.53961, 0.22086), (0.63498, 0.52204, 0.20831), (0.62745, 0.52455, 0.21333), (0.63498, 0.53208, 0.23592), (0.63498, 0.53208, 0.23592), (0.63749, 0.51953, 0.22337), (0.63498, 0.52204, 0.20831), (0.62494, 0.51451, 0.18071), (0.63247, 0.52455, 0.19827), (0.62494, 0.52706, 0.19827), (0.62494, 0.52706, 0.19827), (0.62243, 0.52455, 0.20078), (0.62494, 0.51451, 0.18071), (0.62745, 0.52455, 0.21333), (0.63498, 0.52204, 0.20329), (0.63247, 0.54714, 0.23843), (0.63247, 0.54714, 0.23843), (0.62243, 0.51953, 0.20831), (0.62745, 0.52455, 0.21333), (0.62494, 0.512, 0.19827), (0.61992, 0.50949, 0.2058), (0.63749, 0.5371, 0.2309), (0.62745, 0.53208, 0.22337), (0.62243, 0.51702, 0.21333), (0.63247, 0.52455, 0.20329), (0.63247, 0.52455, 0.20329), (0.63749, 0.53961, 0.22086), (0.62745, 0.53208, 0.22337), (0.63498, 0.52957, 0.22588), (0.64, 0.56722, 0.24596), (0.61992, 0.51953, 0.20831), (0.63498, 0.57224, 0.27608), (0.63247, 0.55216, 0.24847), (0.62996, 0.54965, 0.24596), (0.62996, 0.54965, 0.24596), (0.64, 0.55467, 0.24596), (0.63498, 0.57224, 0.27608), (0.62745, 0.52455, 0.21333), (0.64, 0.55467, 0.23843), (0.62996, 0.51953, 0.2058), (0.63749, 0.54463, 0.21333), (0.63247, 0.52706, 0.19075), (0.63498, 0.52455, 0.22086), (0.63247, 0.54965, 0.26102), (0.63498, 0.55718, 0.26353), (0.63247, 0.53459, 0.21082), (0.63247, 0.53459, 0.21082), (0.63498, 0.53961, 0.22588), (0.63247, 0.54965, 0.26102), (0.63498, 0.52455, 0.21584), (0.63498, 0.5371, 0.21835), (0.62745, 0.55718, 0.24345), (0.62243, 0.52204, 0.21835), (0.62745, 0.5371, 0.23592), (0.63247, 0.56973, 0.27357), (0.63247, 0.56973, 0.27357), (0.62745, 0.53961, 0.23843), (0.62243, 0.52204, 0.21835), (0.63247, 0.53961, 0.21333), (0.63247, 0.53459, 0.21082), (0.62996, 0.52204, 0.20078), (0.62996, 0.52204, 0.20078), (0.64, 0.55467, 0.24596), (0.63247, 0.53961, 0.21333), (0.63498, 0.5622, 0.26604), (0.63247, 0.55969, 0.25851), (0.64, 0.56471, 0.25349), (0.64, 0.56471, 0.25349), (0.64, 0.57224, 0.25851), (0.63498, 0.5622, 0.26604), (0.63498, 0.54212, 0.24847), (0.64, 0.57475, 0.27608), (0.64, 0.58478, 0.28361), (0.62745, 0.55718, 0.24345), (0.63749, 0.53961, 0.24094), (0.63498, 0.52455, 0.21584), (0.63498, 0.55467, 0.24596), (0.63749, 0.5622, 0.256), (0.64, 0.55969, 0.24345), (0.62996, 0.52204, 0.19325), (0.63247, 0.53208, 0.20329), (0.64, 0.54965, 0.26353), (0.62996, 0.50196, 0.18322), (0.63247, 0.54965, 0.22086), (0.63498, 0.52455, 0.21584), (0.62745, 0.52706, 0.19576), (0.64, 0.53459, 0.19827), (0.62745, 0.51451, 0.19576), (0.64, 0.54463, 0.23592), (0.63247, 0.54714, 0.23592), (0.64, 0.55467, 0.23341), (0.64, 0.55467, 0.23341), (0.63498, 0.55467, 0.25098), (0.64, 0.54463, 0.23592), (0.62243, 0.52204, 0.21584), (0.63749, 0.5371, 0.20831), (0.63749, 0.53459, 0.21333), (0.63498, 0.54714, 0.24596), (0.63247, 0.53208, 0.22086), (0.62996, 0.55216, 0.23843), (0.62243, 0.54463, 0.2309), (0.63749, 0.54714, 0.24094), (0.63498, 0.56973, 0.26102), (0.63247, 0.52957, 0.21333), (0.63498, 0.50698, 0.18824), (0.63247, 0.50196, 0.19576), (0.63247, 0.50196, 0.19576), (0.63498, 0.52957, 0.22588), (0.63247, 0.52957, 0.21333), (0.64, 0.54714, 0.24345), (0.64, 0.54965, 0.24345), (0.63247, 0.52706, 0.22588), (0.63247, 0.52706, 0.22588), (0.64, 0.5371, 0.24094), (0.64, 0.54714, 0.24345), (0.63247, 0.52204, 0.20831), (0.63498, 0.52957, 0.22588), (0.61992, 0.51953, 0.20831), (0.61992, 0.51953, 0.20831), (0.63498, 0.53208, 0.22086), (0.63247, 0.52204, 0.20831), (0.64, 0.54965, 0.26353), (0.64, 0.55467, 0.27859), (0.62996, 0.52204, 0.19325), (0.63247, 0.53961, 0.25098), (0.63498, 0.57224, 0.27357), (0.62243, 0.53459, 0.23843), (0.62243, 0.53459, 0.23843), (0.62745, 0.5371, 0.23592), (0.63247, 0.53961, 0.25098), (0.62745, 0.52706, 0.22086), (0.63247, 0.54714, 0.23592), (0.64, 0.54714, 0.23843), (0.64, 0.58478, 0.28361), (0.63247, 0.53208, 0.22839), (0.63498, 0.54212, 0.24847), (0.64, 0.55969, 0.24345), (0.64, 0.54714, 0.25851), (0.63498, 0.55467, 0.24596), (0.63247, 0.52957, 0.23341), (0.61992, 0.51451, 0.21082), (0.63498, 0.53459, 0.22337), (0.63498, 0.53459, 0.22337), (0.63749, 0.55718, 0.24847), (0.63247, 0.52957, 0.23341), (0.62996, 0.53961, 0.2309), (0.64, 0.54463, 0.2309), (0.62745, 0.54212, 0.22588), (0.62745, 0.54212, 0.22588), (0.63498, 0.55216, 0.26102), (0.62996, 0.53961, 0.2309), (0.64, 0.54965, 0.24345), (0.64, 0.55467, 0.24345), (0.63498, 0.55467, 0.256), (0.63498, 0.55467, 0.256), (0.64, 0.5622, 0.25851), (0.64, 0.54965, 0.24345), (0.64, 0.55467, 0.24596), (0.63749, 0.57224, 0.27357), (0.62494, 0.5371, 0.21584), (0.62494, 0.5371, 0.21584), (0.63498, 0.5371, 0.21835), (0.64, 0.55467, 0.24596), (0.62494, 0.51451, 0.18573), (0.63498, 0.52455, 0.19576), (0.64, 0.57725, 0.26855), (0.64, 0.57725, 0.26855), (0.64, 0.58227, 0.28612), (0.62494, 0.51451, 0.18573), (0.64, 0.5371, 0.24094), (0.64, 0.55969, 0.25098), (0.63749, 0.58478, 0.29114), (0.64, 0.57725, 0.2811), (0.64, 0.55718, 0.24847), (0.62996, 0.53208, 0.23341), (0.62996, 0.53208, 0.23341), (0.63498, 0.55467, 0.256), (0.64, 0.57725, 0.2811), (0.63247, 0.51953, 0.19576), (0.64, 0.54965, 0.24094), (0.62745, 0.54212, 0.23341), (0.62745, 0.5371, 0.23592), (0.62996, 0.5371, 0.24847), (0.62745, 0.52706, 0.22337), (0.63498, 0.5622, 0.26604), (0.64, 0.53208, 0.19827), (0.64, 0.54965, 0.22588), (0.64, 0.54965, 0.22588), (0.60988, 0.512, 0.19325), (0.63498, 0.5622, 0.26604), (0.62494, 0.48941, 0.1531), (0.62243, 0.48941, 0.16816), (0.62494, 0.512, 0.19827), (0.62494, 0.512, 0.19827), (0.62243, 0.48941, 0.16816), (0.62494, 0.48941, 0.1531), (0.64, 0.52204, 0.20078), (0.64, 0.55467, 0.23843), (0.62745, 0.52455, 0.21333), (0.63749, 0.53459, 0.21333), (0.64, 0.55467, 0.25851), (0.62243, 0.52204, 0.21584), (0.63749, 0.55216, 0.23592), (0.64, 0.55969, 0.24345), (0.63247, 0.512, 0.19075), (0.62745, 0.5371, 0.23592), (0.63749, 0.53459, 0.22337), (0.62996, 0.50698, 0.18573), (0.64, 0.54714, 0.23843), (0.62494, 0.51953, 0.21584), (0.62745, 0.52706, 0.22086), (0.63498, 0.56722, 0.27357), (0.62996, 0.53459, 0.20078), (0.62745, 0.53961, 0.21835), (0.62745, 0.53961, 0.21835), (0.64, 0.56471, 0.27106), (0.63498, 0.56722, 0.27357), (0.64, 0.56973, 0.26855), (0.62996, 0.53459, 0.21584), (0.63247, 0.54714, 0.23592), (0.62996, 0.50698, 0.18573), (0.62996, 0.53459, 0.22588), (0.62745, 0.5371, 0.23592), (0.63749, 0.58478, 0.29114), (0.64, 0.55467, 0.24596), (0.64, 0.5371, 0.24094), (0.63749, 0.55216, 0.24094), (0.63749, 0.54714, 0.24094), (0.63749, 0.52957, 0.20078), (0.63749, 0.52957, 0.20078), (0.63247, 0.52706, 0.22337), (0.63749, 0.55216, 0.24094), (0.63247, 0.54714, 0.23592), (0.63247, 0.56471, 0.27106), (0.64, 0.56973, 0.26855), (0.62996, 0.52706, 0.2058), (0.62996, 0.52957, 0.21835), (0.62996, 0.53961, 0.23341), (0.62243, 0.48439, 0.16063), (0.62996, 0.50196, 0.18071), (0.62243, 0.50447, 0.1782), (0.62243, 0.50447, 0.1782), (0.63498, 0.50698, 0.19325), (0.62243, 0.48439, 0.16063), (0.63247, 0.53459, 0.21584), (0.63247, 0.55216, 0.24345), (0.63749, 0.5622, 0.256), (0.63749, 0.5622, 0.256), (0.63749, 0.54965, 0.24847), (0.63247, 0.53459, 0.21584), (0.62745, 0.52455, 0.21333), (0.63498, 0.53459, 0.22337), (0.64, 0.52204, 0.20078), (0.64, 0.57976, 0.27357), (0.62996, 0.53459, 0.20078), (0.62996, 0.50196, 0.14808), (0.62996, 0.50196, 0.14808), (0.63247, 0.56722, 0.26353), (0.64, 0.57976, 0.27357), (0.64, 0.55467, 0.24596), (0.63749, 0.58478, 0.29114), (0.63749, 0.57224, 0.27357), (0.63749, 0.57224, 0.27357), (0.63749, 0.56973, 0.2811), (0.64, 0.55467, 0.24596), (0.62745, 0.52706, 0.22337), (0.63247, 0.56973, 0.27357), (0.62745, 0.5371, 0.23592), (0.63247, 0.5371, 0.22337), (0.63247, 0.54965, 0.22588), (0.61992, 0.52957, 0.22337), (0.61992, 0.52957, 0.22337), (0.63498, 0.5371, 0.23341), (0.63247, 0.5371, 0.22337), (0.62745, 0.54212, 0.23341), (0.62494, 0.51451, 0.18573), (0.63247, 0.51953, 0.19576), (0.63247, 0.54714, 0.23592), (0.63749, 0.55216, 0.24345), (0.63749, 0.52706, 0.19827), (0.62243, 0.51702, 0.18071), (0.63498, 0.54965, 0.24094), (0.64, 0.5622, 0.25349), (0.64, 0.5622, 0.25349), (0.63498, 0.51702, 0.19075), (0.62243, 0.51702, 0.18071), (0.63498, 0.5371, 0.21835), (0.62494, 0.51702, 0.18824), (0.64, 0.54714, 0.20831), (0.64, 0.54714, 0.20831), (0.63749, 0.54965, 0.23341), (0.63498, 0.5371, 0.21835), (0.62996, 0.53961, 0.23341), (0.63247, 0.54965, 0.25851), (0.62996, 0.52706, 0.2058), (0.62996, 0.52706, 0.21082), (0.62996, 0.52706, 0.21082), (0.64, 0.55216, 0.26102), (0.62494, 0.52957, 0.22086), (0.63498, 0.53459, 0.22337), (0.63498, 0.53208, 0.21584), (0.63498, 0.53208, 0.21584), (0.63749, 0.52455, 0.21082), (0.62494, 0.52957, 0.22086), (0.62745, 0.53961, 0.23843), (0.63247, 0.56973, 0.27357), (0.62996, 0.53961, 0.2309), (0.62996, 0.53961, 0.2309), (0.63749, 0.56471, 0.27106), (0.62745, 0.53961, 0.23843), (0.63749, 0.52706, 0.19827), (0.62243, 0.50196, 0.19075), (0.63247, 0.54714, 0.23592), (0.64, 0.58729, 0.28863), (0.62996, 0.52204, 0.20078), (0.63247, 0.53459, 0.21082), (0.62243, 0.48439, 0.16063), (0.63498, 0.50698, 0.19325), (0.62745, 0.53459, 0.20831), (0.62745, 0.53459, 0.20831), (0.64, 0.55718, 0.22588), (0.62243, 0.48439, 0.16063), (0.63749, 0.5371, 0.23341), (0.63247, 0.52706, 0.22588), (0.63749, 0.55216, 0.24345), (0.63749, 0.55216, 0.24345), (0.64, 0.56471, 0.25349), (0.63749, 0.5371, 0.23341), (0.64, 0.55216, 0.26102), (0.61992, 0.51451, 0.21082), (0.62996, 0.52706, 0.21082), (0.64, 0.56471, 0.27859), (0.63498, 0.54965, 0.23341), (0.63749, 0.52706, 0.19325), (0.62996, 0.54212, 0.22588), (0.62745, 0.52455, 0.21333), (0.63247, 0.5371, 0.22839), (0.63247, 0.5371, 0.22839), (0.63498, 0.5371, 0.21835), (0.62996, 0.54212, 0.22588), (0.63247, 0.53459, 0.21082), (0.62745, 0.57475, 0.2811), (0.64, 0.58729, 0.28863), (0.64, 0.5622, 0.25349), (0.63749, 0.55216, 0.24094), (0.62494, 0.54714, 0.23341), (0.62243, 0.53459, 0.21333), (0.63749, 0.57224, 0.26353), (0.64, 0.57725, 0.26855), (0.64, 0.57725, 0.26855), (0.63247, 0.54714, 0.23592), (0.62243, 0.53459, 0.21333), (0.64, 0.55467, 0.24345), (0.62243, 0.53961, 0.21584), (0.62745, 0.54965, 0.2309), (0.62745, 0.54965, 0.2309), (0.64, 0.55718, 0.24094), (0.64, 0.55467, 0.24345), (0.62494, 0.54714, 0.23341), (0.64, 0.56722, 0.25098), (0.64, 0.5622, 0.25349), (0.63498, 0.53961, 0.2058), (0.63749, 0.54212, 0.20831), (0.63749, 0.54463, 0.21333), (0.63749, 0.54463, 0.21333), (0.62494, 0.53208, 0.2058), (0.63498, 0.53961, 0.2058), (0.63749, 0.55216, 0.24345), (0.63498, 0.55467, 0.24596), (0.64, 0.5622, 0.24847), (0.62494, 0.54212, 0.21835), (0.63498, 0.53208, 0.21584), (0.63247, 0.53459, 0.21584), (0.63247, 0.53459, 0.21584), (0.62745, 0.55216, 0.22588), (0.62494, 0.54212, 0.21835), (0.63247, 0.56722, 0.25851), (0.62996, 0.54212, 0.22086), (0.63247, 0.55467, 0.24094), (0.63247, 0.55467, 0.24094), (0.64, 0.5622, 0.25349), (0.63247, 0.56722, 0.25851), (0.63749, 0.55216, 0.21835), (0.63498, 0.56973, 0.26102), (0.64, 0.56973, 0.26102), (0.64, 0.56973, 0.26102), (0.64, 0.55718, 0.24094), (0.63749, 0.55216, 0.21835), (0.64, 0.5622, 0.24847), (0.63749, 0.55216, 0.24345), (0.63749, 0.55216, 0.24345), (0.63498, 0.53208, 0.21082), (0.62243, 0.52706, 0.20831), (0.62745, 0.53208, 0.21333), (0.62745, 0.53208, 0.21333), (0.63247, 0.52957, 0.20831), (0.63498, 0.53208, 0.21082), (0.64, 0.56471, 0.26353), (0.63749, 0.55216, 0.24345), (0.63749, 0.55216, 0.24345), (0.63749, 0.55216, 0.24345), (0.62996, 0.55467, 0.24847), (0.64, 0.56471, 0.26353), (0.62996, 0.56722, 0.24345), (0.63749, 0.54965, 0.22839), (0.63749, 0.54965, 0.22839), (0.63749, 0.54965, 0.22839), (0.62745, 0.56471, 0.24094), (0.62996, 0.56722, 0.24345), (0.63749, 0.55718, 0.24847), (0.63749, 0.55718, 0.25349), (0.63749, 0.55718, 0.25851), (0.63749, 0.55718, 0.25851), (0.64, 0.56471, 0.26353), (0.63749, 0.55718, 0.24847), (0.63498, 0.49443, 0.15059), (0.63749, 0.49694, 0.14808), (0.62996, 0.49443, 0.15561), (0.62996, 0.49443, 0.15561), (0.63247, 0.50196, 0.16063), (0.63498, 0.49443, 0.15059), (0.62745, 0.49443, 0.14808), (0.63247, 0.4869, 0.14557), (0.63749, 0.49694, 0.1531), (0.63749, 0.55467, 0.22086), (0.63749, 0.57475, 0.25851), (0.64, 0.57976, 0.27357), (0.64, 0.57976, 0.27357), (0.63749, 0.54965, 0.22337), (0.63749, 0.55467, 0.22086), (0.64, 0.56722, 0.27106), (0.64, 0.54212, 0.23843), (0.63749, 0.54965, 0.24847), (0.63749, 0.54965, 0.24847), (0.64, 0.56471, 0.25349), (0.64, 0.56722, 0.27106), (0.63247, 0.53961, 0.21333), (0.63247, 0.54965, 0.22588), (0.64, 0.55718, 0.24094), (0.63498, 0.53961, 0.2058), (0.63498, 0.52706, 0.19827), (0.63749, 0.52957, 0.20078), (0.63247, 0.53961, 0.21333), (0.63247, 0.5371, 0.21835), (0.62494, 0.53961, 0.2309), (0.62494, 0.51451, 0.18573), (0.64, 0.57224, 0.27859), (0.64, 0.56471, 0.27357), (0.64, 0.56471, 0.27357), (0.63749, 0.51702, 0.19576), (0.62494, 0.51451, 0.18573), (0.63247, 0.52204, 0.19325), (0.63749, 0.51953, 0.19325), (0.62996, 0.52204, 0.19325), (0.62996, 0.52204, 0.19325), (0.63498, 0.52204, 0.19827), (0.63247, 0.52204, 0.19325), (0.63498, 0.55969, 0.24847), (0.62996, 0.52204, 0.19325), (0.63247, 0.52455, 0.19576), (0.63247, 0.52455, 0.19576), (0.63498, 0.55718, 0.24345), (0.63498, 0.55969, 0.24847), (0.63749, 0.54212, 0.20831), (0.63247, 0.5371, 0.20329), (0.63247, 0.5371, 0.21835), (0.63247, 0.53459, 0.2058), (0.63498, 0.53459, 0.20329), (0.63247, 0.5371, 0.20329), (0.61992, 0.50949, 0.17569), (0.63247, 0.52957, 0.20831), (0.62996, 0.52204, 0.19576), (0.63749, 0.49443, 0.14557), (0.62996, 0.46431, 0.11796), (0.62996, 0.46431, 0.12298), (0.62996, 0.46431, 0.12298), (0.62745, 0.47184, 0.128), (0.63749, 0.49443, 0.14557), (0.62996, 0.512, 0.18071), (0.61992, 0.52204, 0.20329), (0.62494, 0.49192, 0.16063), (0.62494, 0.49192, 0.16063), (0.62494, 0.49192, 0.16063), (0.62996, 0.512, 0.18071), (0.63749, 0.52957, 0.20078), (0.63749, 0.54212, 0.20831), (0.63498, 0.53961, 0.2058), (0.63749, 0.54965, 0.22839), (0.63498, 0.55718, 0.24345), (0.64, 0.55216, 0.23592), (0.63247, 0.52957, 0.20831), (0.61992, 0.50949, 0.17569), (0.62745, 0.52204, 0.18573), (0.63247, 0.5371, 0.21835), (0.63247, 0.53961, 0.21333), (0.63749, 0.54212, 0.20831), (0.64, 0.55216, 0.23592), (0.63247, 0.54463, 0.22337), (0.63749, 0.54965, 0.22839), (0.62996, 0.51953, 0.19075), (0.63247, 0.52204, 0.19325), (0.63247, 0.52204, 0.19325), (0.63247, 0.52204, 0.19325), (0.63247, 0.52204, 0.19325), (0.62996, 0.51953, 0.19075), (0.63247, 0.4869, 0.14557), (0.63498, 0.49443, 0.15059), (0.63498, 0.49443, 0.15059), (0.63498, 0.49443, 0.15059), (0.63247, 0.4869, 0.14557), (0.63247, 0.4869, 0.14557), (0.62745, 0.53961, 0.21835), (0.63498, 0.5622, 0.24596), (0.63247, 0.55969, 0.24345), (0.63247, 0.55969, 0.24345), (0.62745, 0.54212, 0.22588), (0.62745, 0.53961, 0.21835), (0.62745, 0.52204, 0.18573), (0.62996, 0.53208, 0.20831), (0.63247, 0.52957, 0.20831), (0.62996, 0.55969, 0.24596), (0.64, 0.57725, 0.27357), (0.64, 0.57976, 0.27608), (0.64, 0.57976, 0.27608), (0.63247, 0.5622, 0.25349), (0.62996, 0.55969, 0.24596), (0.63749, 0.56471, 0.26855), (0.63749, 0.56471, 0.27106), (0.64, 0.55969, 0.256), (0.64, 0.56722, 0.27357), (0.63498, 0.56722, 0.27357), (0.64, 0.56471, 0.25851), (0.64, 0.56471, 0.25851), (0.64, 0.55718, 0.24847), (0.64, 0.56722, 0.27357), (0.63247, 0.52204, 0.19325), (0.63247, 0.52204, 0.19325), (0.63247, 0.52204, 0.19325), (0.63247, 0.52204, 0.19325), (0.62996, 0.51953, 0.19075), (0.63247, 0.52204, 0.19325), (0.62996, 0.46431, 0.11796), (0.63749, 0.49192, 0.15059), (0.62494, 0.49443, 0.1531), (0.63498, 0.56973, 0.27106), (0.63749, 0.57224, 0.27357), (0.63749, 0.57475, 0.27608), (0.63749, 0.57475, 0.27608), (0.63498, 0.56973, 0.26604), (0.63498, 0.56973, 0.27106), (0.62996, 0.52204, 0.19576), (0.62996, 0.50949, 0.17318), (0.61992, 0.50949, 0.17569), (0.62494, 0.53208, 0.2058), (0.62996, 0.52957, 0.19325), (0.62996, 0.51953, 0.18071), (0.62996, 0.51953, 0.18071), (0.62494, 0.52455, 0.19576), (0.62494, 0.53208, 0.2058), (0.61992, 0.52455, 0.19075), (0.63498, 0.5371, 0.21333), (0.64, 0.54463, 0.22588), (0.64, 0.54463, 0.22588), (0.64, 0.54714, 0.22839), (0.61992, 0.52455, 0.19075), (0.63247, 0.53961, 0.21333), (0.64, 0.54212, 0.21333), (0.63498, 0.5371, 0.21333), (0.63498, 0.5371, 0.21333), (0.62494, 0.5371, 0.21082), (0.63247, 0.53961, 0.21333), (0.62745, 0.50196, 0.16314), (0.63247, 0.50196, 0.16314), (0.63498, 0.52455, 0.19576), (0.63498, 0.52455, 0.19576), (0.62745, 0.50698, 0.17067), (0.62745, 0.50196, 0.16314), (0.63247, 0.53459, 0.2058), (0.63247, 0.55216, 0.24847), (0.63498, 0.55467, 0.24596), (0.63498, 0.55467, 0.24596), (0.63498, 0.53961, 0.2058), (0.63247, 0.53459, 0.2058), (0.62996, 0.52957, 0.19827), (0.63498, 0.52455, 0.19576), (0.63247, 0.52455, 0.19576), (0.63749, 0.55718, 0.24847), (0.63749, 0.56722, 0.25098), (0.63749, 0.56722, 0.25851), (0.63749, 0.52957, 0.20078), (0.62996, 0.52957, 0.19827), (0.62745, 0.52706, 0.19576), (0.62745, 0.52706, 0.19576), (0.63498, 0.52706, 0.19827), (0.63749, 0.52957, 0.20078), (0.64, 0.56722, 0.27357), (0.64, 0.56722, 0.27106), (0.64, 0.56471, 0.27106), (0.64, 0.56471, 0.27106), (0.64, 0.56722, 0.27357), (0.64, 0.56722, 0.27357), (0.63247, 0.55216, 0.24345), (0.63247, 0.56722, 0.26353), (0.63247, 0.56722, 0.26353), (0.63247, 0.56722, 0.26353), (0.62745, 0.55216, 0.24094), (0.63247, 0.55216, 0.24345), (0.62494, 0.52957, 0.19576), (0.62996, 0.52957, 0.19827), (0.62996, 0.52957, 0.19325), (0.62996, 0.52957, 0.19325), (0.64, 0.52957, 0.19075), (0.62494, 0.52957, 0.19576), (0.63749, 0.52957, 0.20831), (0.62494, 0.50196, 0.18071), (0.62996, 0.50447, 0.19075), (0.62996, 0.50447, 0.19075), (0.63498, 0.54212, 0.21584), (0.63749, 0.52957, 0.20831), (0.63749, 0.52706, 0.19827), (0.63247, 0.53208, 0.20078), (0.62996, 0.52957, 0.19325), (0.62996, 0.52957, 0.19325), (0.63498, 0.52455, 0.19576), (0.63749, 0.52706, 0.19827), (0.62494, 0.53961, 0.2309), (0.62494, 0.54714, 0.22839), (0.63247, 0.53961, 0.21333), (0.63247, 0.52455, 0.19576), (0.62996, 0.52957, 0.19827), (0.62996, 0.52957, 0.19827), (0.63498, 0.52706, 0.20078), (0.63498, 0.52706, 0.19827), (0.63498, 0.52706, 0.19827), (0.63247, 0.56722, 0.26353), (0.63498, 0.56973, 0.26102), (0.64, 0.57475, 0.26604), (0.62494, 0.51953, 0.1782), (0.62243, 0.52455, 0.20078), (0.62494, 0.50949, 0.16314), (0.62494, 0.50949, 0.16314), (0.62243, 0.51451, 0.16816), (0.62494, 0.51953, 0.1782), (0.63749, 0.5371, 0.20831), (0.64, 0.53961, 0.21082), (0.63749, 0.54212, 0.20831), (0.63247, 0.5371, 0.20329), (0.63749, 0.54212, 0.20831), (0.64, 0.53961, 0.21082), (0.64, 0.55718, 0.24847), (0.62745, 0.54212, 0.2309), (0.62745, 0.54965, 0.23592), (0.64, 0.56722, 0.27106), (0.64, 0.56722, 0.27106), (0.64, 0.5622, 0.26353), (0.63247, 0.52204, 0.19325), (0.63247, 0.52204, 0.19325), (0.63247, 0.51953, 0.19576), (0.63247, 0.51953, 0.19576), (0.63247, 0.52204, 0.19325), (0.63247, 0.52204, 0.19325), (0.62996, 0.52957, 0.19325), (0.62494, 0.53208, 0.2058), (0.62494, 0.53459, 0.22588), (0.62494, 0.53459, 0.22588), (0.62243, 0.5371, 0.22086), (0.62996, 0.52957, 0.19325), (0.63749, 0.52957, 0.20078), (0.63498, 0.53961, 0.2058), (0.63498, 0.53961, 0.2058), (0.63498, 0.53961, 0.2058), (0.63749, 0.5371, 0.2058), (0.63749, 0.52957, 0.20078), (0.63247, 0.56722, 0.26353), (0.64, 0.55216, 0.22588), (0.62243, 0.53459, 0.21333), (0.63498, 0.52706, 0.19827), (0.63498, 0.52706, 0.19827), (0.63498, 0.52706, 0.20078), (0.64, 0.56722, 0.27106), (0.64, 0.56722, 0.27106), (0.64, 0.56471, 0.27106), (0.64, 0.56471, 0.27106), (0.64, 0.5622, 0.26855), (0.64, 0.56722, 0.27106), (0.62745, 0.50447, 0.15059), (0.63498, 0.50949, 0.17067), (0.63247, 0.512, 0.17067), (0.63247, 0.512, 0.17067), (0.62494, 0.50196, 0.14808), (0.62745, 0.50447, 0.15059), (0.64, 0.56973, 0.26102), (0.63749, 0.55718, 0.24847), (0.62745, 0.54965, 0.23592), (0.63498, 0.53961, 0.22588), (0.63498, 0.55718, 0.24345), (0.63749, 0.56471, 0.24847), (0.63749, 0.56471, 0.24847), (0.63498, 0.54463, 0.23592), (0.63498, 0.53961, 0.22588), (0.64, 0.53961, 0.21082), (0.63749, 0.5371, 0.20831), (0.63247, 0.5371, 0.20329), (0.62996, 0.46933, 0.13804), (0.62243, 0.4869, 0.15059), (0.62494, 0.49945, 0.16063), (0.62494, 0.49945, 0.16063), (0.62996, 0.46933, 0.13804), (0.62996, 0.46933, 0.13804), (0.64, 0.57976, 0.27106), (0.62996, 0.54965, 0.24094), (0.63498, 0.55467, 0.24596), (0.63498, 0.55467, 0.24596), (0.64, 0.57475, 0.25851), (0.64, 0.57976, 0.27106), (0.63247, 0.52204, 0.18824), (0.63498, 0.52455, 0.19576), (0.63498, 0.52455, 0.19576), (0.63247, 0.5371, 0.21835), (0.63498, 0.54212, 0.21584), (0.63247, 0.54714, 0.23592), (0.63247, 0.54714, 0.23592), (0.62494, 0.53961, 0.2309), (0.63247, 0.5371, 0.21835), (0.62745, 0.54965, 0.23592), (0.63498, 0.56973, 0.26604), (0.64, 0.56973, 0.26102), (0.62745, 0.50698, 0.17067), (0.63749, 0.55718, 0.24847), (0.64, 0.55467, 0.24345), (0.64, 0.55467, 0.24345), (0.62745, 0.51953, 0.19827), (0.62745, 0.50698, 0.17067), (0.63749, 0.5622, 0.26102), (0.64, 0.58478, 0.28361), (0.63247, 0.57725, 0.27106), (0.62745, 0.52957, 0.2058), (0.62745, 0.52706, 0.19827), (0.62745, 0.52957, 0.20078), (0.62745, 0.52957, 0.20078), (0.63498, 0.5371, 0.21333), (0.62745, 0.52957, 0.2058), (0.62745, 0.51953, 0.19827), (0.62996, 0.52957, 0.20078), (0.64, 0.52957, 0.20078), (0.64, 0.52957, 0.20078), (0.62745, 0.50698, 0.17067), (0.62745, 0.51953, 0.19827), (0.64, 0.5622, 0.24847), (0.63247, 0.55216, 0.24847), (0.63247, 0.54714, 0.23592), (0.64, 0.53208, 0.19325), (0.63247, 0.53459, 0.19075), (0.63247, 0.5371, 0.20329), (0.63498, 0.5622, 0.23592), (0.63247, 0.55467, 0.23592), (0.64, 0.55969, 0.24847), (0.64, 0.55969, 0.24847), (0.62996, 0.55467, 0.22839), (0.63498, 0.5622, 0.23592), (0.63247, 0.52455, 0.19576), (0.63498, 0.52706, 0.19827), (0.62745, 0.52706, 0.21584), (0.62745, 0.52706, 0.21584), (0.62745, 0.53208, 0.21835), (0.63247, 0.52455, 0.19576), (0.63749, 0.55718, 0.24847), (0.63749, 0.5622, 0.26102), (0.63247, 0.55969, 0.25851), (0.62996, 0.46682, 0.14055), (0.62745, 0.46431, 0.13804), (0.62996, 0.46682, 0.14055), (0.62996, 0.46682, 0.14055), (0.63247, 0.46431, 0.13804), (0.62996, 0.46682, 0.14055), (0.62996, 0.52204, 0.19576), (0.62745, 0.52706, 0.19576), (0.63247, 0.52455, 0.19576), (0.63247, 0.512, 0.17067), (0.63498, 0.52455, 0.19576), (0.63498, 0.52455, 0.19075), (0.63498, 0.52455, 0.19075), (0.62996, 0.50447, 0.17067), (0.63247, 0.512, 0.17067), (0.63247, 0.52455, 0.19576), (0.62996, 0.52204, 0.19576), (0.62996, 0.52204, 0.19576), (0.63247, 0.55969, 0.25851), (0.63498, 0.55969, 0.25349), (0.63749, 0.55718, 0.24847), (0.63247, 0.55216, 0.24345), (0.64, 0.55969, 0.26102), (0.63749, 0.55718, 0.24847), (0.63749, 0.55718, 0.24847), (0.63247, 0.55216, 0.24847), (0.63247, 0.55216, 0.24345), (0.63247, 0.5371, 0.20329), (0.62494, 0.52455, 0.18824), (0.64, 0.53208, 0.19325), (0.64, 0.5622, 0.26353), (0.64, 0.55718, 0.24847), (0.64, 0.56722, 0.27106), (0.63749, 0.54212, 0.20831), (0.63498, 0.53961, 0.2058), (0.63749, 0.5371, 0.20831), (0.62745, 0.54965, 0.23592), (0.64, 0.5622, 0.25851), (0.64, 0.55718, 0.24847), (0.64, 0.55467, 0.24596), (0.64, 0.57725, 0.2811), (0.63749, 0.57976, 0.28863), (0.63749, 0.57976, 0.28863), (0.64, 0.55467, 0.24596), (0.64, 0.55467, 0.24596), (0.63247, 0.44675, 0.10792), (0.62494, 0.45176, 0.1029), (0.62745, 0.45427, 0.11043), (0.62745, 0.45427, 0.11043), (0.62996, 0.44925, 0.1029), (0.63247, 0.44675, 0.10792), (0.63498, 0.52455, 0.19576), (0.63247, 0.52204, 0.19325), (0.63247, 0.52204, 0.18824), (0.64, 0.56973, 0.26855), (0.63749, 0.54965, 0.23341), (0.63749, 0.54965, 0.23341), (0.63498, 0.49443, 0.15059), (0.63498, 0.49443, 0.15059), (0.63749, 0.49694, 0.1531), (0.63749, 0.49694, 0.1531), (0.63498, 0.49443, 0.15059), (0.63498, 0.49443, 0.15059), (0.63498, 0.5622, 0.26102), (0.62745, 0.53961, 0.22337), (0.63498, 0.54714, 0.2309), (0.63498, 0.54714, 0.2309), (0.64, 0.56722, 0.27106), (0.63498, 0.5622, 0.26102), (0.6149, 0.49192, 0.13804), (0.62494, 0.50698, 0.17569), (0.62745, 0.51702, 0.18322), (0.63749, 0.54965, 0.23341), (0.64, 0.55969, 0.26102), (0.64, 0.56973, 0.26855), (0.63749, 0.55718, 0.24847), (0.63498, 0.5622, 0.23592), (0.63498, 0.5622, 0.24094), (0.62996, 0.55467, 0.22839), (0.63247, 0.55467, 0.24094), (0.62996, 0.54212, 0.22086), (0.62745, 0.45929, 0.13051), (0.61741, 0.45678, 0.11545), (0.59482, 0.4618, 0.13051), (0.59482, 0.4618, 0.13051), (0.60988, 0.45929, 0.13302), (0.62745, 0.45929, 0.13051), (0.63498, 0.53961, 0.2058), (0.63749, 0.54212, 0.20831), (0.63247, 0.53961, 0.21333), (0.63247, 0.50949, 0.18824), (0.64, 0.51953, 0.1782), (0.62243, 0.512, 0.17318), (0.62243, 0.512, 0.17318), (0.63247, 0.50949, 0.18824), (0.63247, 0.50949, 0.18824), (0.63247, 0.53208, 0.20329), (0.63247, 0.51702, 0.1782), (0.63247, 0.51702, 0.1782), (0.63247, 0.51702, 0.1782), (0.63749, 0.53961, 0.21584), (0.63247, 0.53208, 0.20329), (0.62745, 0.512, 0.16816), (0.63247, 0.51702, 0.1782), (0.63247, 0.51702, 0.1782), (0.63247, 0.51702, 0.1782), (0.62996, 0.50949, 0.17318), (0.62745, 0.512, 0.16816), (0.62996, 0.54212, 0.22086), (0.64, 0.54714, 0.22839), (0.63498, 0.53208, 0.21584), (0.63498, 0.53208, 0.21584), (0.62494, 0.54212, 0.21835), (0.62996, 0.54212, 0.22086), (0.62494, 0.51953, 0.1782), (0.63247, 0.55467, 0.23592), (0.63498, 0.54965, 0.23341), (0.63498, 0.54965, 0.23341), (0.62243, 0.52455, 0.20078), (0.62494, 0.51953, 0.1782), (0.63247, 0.53961, 0.21333), (0.63247, 0.54463, 0.21835), (0.63498, 0.53961, 0.2058), (0.62996, 0.54212, 0.22086), (0.63498, 0.5622, 0.23592), (0.62996, 0.55467, 0.22839), (0.63247, 0.54714, 0.23592), (0.62996, 0.54212, 0.22086), (0.64, 0.5622, 0.24847), (0.62243, 0.53459, 0.21333), (0.63247, 0.56722, 0.26353), (0.63247, 0.56722, 0.26353), (0.63498, 0.5371, 0.21333), (0.62745, 0.52957, 0.20078), (0.62494, 0.53459, 0.22588), (0.62494, 0.53459, 0.22588), (0.64, 0.54463, 0.22588), (0.63498, 0.5371, 0.21333), (0.63247, 0.57725, 0.27106), (0.63749, 0.5622, 0.26102), (0.63749, 0.5622, 0.26102), (0.62745, 0.55969, 0.2309), (0.63247, 0.55969, 0.24345), (0.63247, 0.55969, 0.23843), (0.62996, 0.52957, 0.19827), (0.62996, 0.52957, 0.19827), (0.62996, 0.52957, 0.19827), (0.62996, 0.52957, 0.19827), (0.63247, 0.53208, 0.20078), (0.62996, 0.52957, 0.19827), (0.63498, 0.5371, 0.20831), (0.63498, 0.53961, 0.2058), (0.63749, 0.54212, 0.20831), (0.64, 0.55718, 0.24596), (0.63247, 0.52204, 0.18824), (0.63247, 0.52455, 0.19827), (0.63247, 0.52455, 0.19827), (0.63247, 0.54212, 0.23341), (0.64, 0.55718, 0.24596), (0.62243, 0.52455, 0.20078), (0.63749, 0.54965, 0.24847), (0.64, 0.54212, 0.23843), (0.63498, 0.56722, 0.27357), (0.64, 0.56722, 0.27106), (0.64, 0.55718, 0.24847), (0.62243, 0.52706, 0.20831), (0.64, 0.55467, 0.23843), (0.64, 0.55216, 0.2309), (0.64, 0.56471, 0.25851), (0.64, 0.55969, 0.26102), (0.63749, 0.5622, 0.26102), (0.64, 0.55718, 0.24847), (0.64, 0.56471, 0.25851), (0.63498, 0.56722, 0.27357), (0.63749, 0.5622, 0.26102), (0.64, 0.56722, 0.26604), (0.64, 0.56471, 0.25851), (0.64, 0.54212, 0.23843), (0.62996, 0.51451, 0.17569), (0.62243, 0.52455, 0.20078), (0.62494, 0.54714, 0.23341), (0.64, 0.56722, 0.27106), (0.64, 0.56722, 0.27357), (0.64, 0.56722, 0.27357), (0.62745, 0.54965, 0.23592), (0.62494, 0.54714, 0.23341), (0.63749, 0.54463, 0.21835), (0.64, 0.55718, 0.23341), (0.64, 0.55467, 0.23843), (0.64, 0.55467, 0.23843), (0.62494, 0.51953, 0.18322), (0.63749, 0.54463, 0.21835), (0.62996, 0.46933, 0.13804), (0.62494, 0.49945, 0.16063), (0.62996, 0.50447, 0.16565), (0.63749, 0.54212, 0.20831), (0.63498, 0.53961, 0.2058), (0.63498, 0.5371, 0.20831), (0.63247, 0.55216, 0.24345), (0.63749, 0.55718, 0.24847), (0.64, 0.56471, 0.26353), (0.63247, 0.52204, 0.19325), (0.63247, 0.52204, 0.19325), (0.63749, 0.51953, 0.19325), (0.63749, 0.51953, 0.19325), (0.63247, 0.52204, 0.19325), (0.63247, 0.52204, 0.19325), (0.62494, 0.51702, 0.19075), (0.62745, 0.52455, 0.21333), (0.63498, 0.53208, 0.22086), (0.63498, 0.53208, 0.22086), (0.62996, 0.52706, 0.2058), (0.62494, 0.51702, 0.19075), (0.63247, 0.55969, 0.23843), (0.62745, 0.56471, 0.24094), (0.62745, 0.55969, 0.2309), (0.64, 0.54714, 0.22839), (0.63498, 0.5371, 0.21333), (0.64, 0.54212, 0.21333), (0.63498, 0.5622, 0.24094), (0.64, 0.56471, 0.25349), (0.63749, 0.55718, 0.24847), (0.64, 0.57475, 0.26604), (0.63749, 0.57224, 0.26353), (0.63247, 0.56722, 0.26353), (0.63498, 0.55969, 0.24847), (0.64, 0.57725, 0.2811), (0.63749, 0.56973, 0.27608), (0.63749, 0.56973, 0.27608), (0.62996, 0.55467, 0.24345), (0.63498, 0.55969, 0.24847), (0.63498, 0.52706, 0.19827), (0.63498, 0.52706, 0.20078), (0.62996, 0.52706, 0.2058), (0.63247, 0.46431, 0.13804), (0.62996, 0.46682, 0.14055), (0.62996, 0.46431, 0.11796), (0.62996, 0.46431, 0.11796), (0.62996, 0.46431, 0.11796), (0.63247, 0.46431, 0.13804), (0.62996, 0.52706, 0.2058), (0.63247, 0.52957, 0.20831), (0.63498, 0.52706, 0.19827), (0.64, 0.56471, 0.26353), (0.63749, 0.5622, 0.256), (0.63247, 0.55216, 0.24345), (0.63498, 0.53961, 0.2058), (0.63247, 0.5371, 0.20329), (0.63498, 0.5371, 0.20831), (0.63498, 0.5371, 0.20831), (0.63498, 0.5371, 0.20831), (0.63498, 0.53961, 0.2058), (0.63498, 0.56973, 0.26604), (0.63498, 0.56722, 0.27357), (0.62494, 0.55969, 0.26102), (0.62745, 0.49694, 0.15561), (0.63247, 0.50196, 0.15561), (0.61741, 0.50698, 0.16816), (0.61741, 0.50698, 0.16816), (0.62243, 0.50698, 0.16816), (0.62745, 0.49694, 0.15561), (0.62745, 0.47184, 0.128), (0.63498, 0.49443, 0.15059), (0.63498, 0.49443, 0.15059), (0.63498, 0.49443, 0.15059), (0.63749, 0.49443, 0.14557), (0.62745, 0.47184, 0.128), (0.62745, 0.53961, 0.23843), (0.63498, 0.53961, 0.22588), (0.63498, 0.54463, 0.23592), (0.60988, 0.47686, 0.14557), (0.6149, 0.46682, 0.14055), (0.62996, 0.4618, 0.128), (0.63247, 0.52204, 0.19325), (0.62996, 0.51953, 0.19075), (0.63247, 0.52204, 0.19325), (0.61741, 0.45929, 0.13051), (0.62996, 0.46431, 0.12298), (0.63247, 0.45176, 0.10541), (0.63247, 0.45176, 0.10541), (0.63247, 0.46431, 0.13051), (0.61741, 0.45929, 0.13051), (0.62996, 0.50447, 0.16565), (0.63498, 0.46682, 0.13804), (0.62996, 0.46933, 0.13804), (0.63247, 0.52204, 0.19325), (0.63247, 0.52204, 0.19325), (0.63247, 0.52204, 0.19325), (0.62745, 0.51702, 0.18322), (0.62745, 0.50447, 0.15561), (0.6149, 0.49192, 0.13804), (0.64, 0.55216, 0.2309), (0.62745, 0.53208, 0.21333), (0.62243, 0.52706, 0.20831), (0.63498, 0.49443, 0.14557), (0.63498, 0.49443, 0.15059), (0.63247, 0.4869, 0.14557), (0.62996, 0.55467, 0.22839), (0.64, 0.56722, 0.25098), (0.64, 0.56973, 0.26102), (0.64, 0.56973, 0.26102), (0.62745, 0.54965, 0.2309), (0.62996, 0.55467, 0.22839), (0.63247, 0.53208, 0.20078), (0.64, 0.55718, 0.24094), (0.63749, 0.5622, 0.23592), (0.63749, 0.5622, 0.23592), (0.62745, 0.53459, 0.20831), (0.63247, 0.53208, 0.20078), (0.63749, 0.58227, 0.30118), (0.64, 0.55969, 0.26102), (0.63247, 0.54714, 0.23843), (0.63247, 0.54714, 0.23843), (0.64, 0.5898, 0.29867), (0.63749, 0.58227, 0.30118), (0.62996, 0.4618, 0.128), (0.63247, 0.46431, 0.13051), (0.60988, 0.47686, 0.14557), (0.64, 0.54212, 0.21333), (0.61992, 0.52455, 0.19075), (0.64, 0.54714, 0.22839), (0.63498, 0.5622, 0.26102), (0.63749, 0.56471, 0.26353), (0.63749, 0.57224, 0.27357), (0.63749, 0.57224, 0.27357), (0.63498, 0.56973, 0.27106), (0.63498, 0.5622, 0.26102), (0.63247, 0.52204, 0.19325), (0.63247, 0.52204, 0.19325), (0.63749, 0.51953, 0.19325), (0.63749, 0.51953, 0.19325), (0.63247, 0.52204, 0.19325), (0.63247, 0.52204, 0.19325), (0.64, 0.56722, 0.27106), (0.62745, 0.54212, 0.23341), (0.63498, 0.54463, 0.23592), (0.63498, 0.54463, 0.23592), (0.63498, 0.5622, 0.26102), (0.64, 0.56722, 0.27106), (0.63247, 0.4869, 0.14557), (0.62745, 0.49443, 0.14808), (0.63498, 0.49443, 0.14557), (0.62996, 0.53459, 0.22086), (0.63498, 0.52706, 0.20078), (0.63247, 0.52455, 0.19827), (0.63749, 0.56722, 0.25349), (0.64, 0.56471, 0.25349), (0.63498, 0.55969, 0.25349), (0.63498, 0.55969, 0.25349), (0.63498, 0.56471, 0.256), (0.63749, 0.56722, 0.25349), (0.63498, 0.54463, 0.23592), (0.64, 0.55969, 0.256), (0.62745, 0.53961, 0.23843), (0.63247, 0.52204, 0.19325), (0.63749, 0.51953, 0.19325), (0.63247, 0.52204, 0.19325), (0.63247, 0.52204, 0.19325), (0.63247, 0.52204, 0.19325), (0.63247, 0.52204, 0.19325), (0.64, 0.57475, 0.27106), (0.63749, 0.56722, 0.25851), (0.63498, 0.56973, 0.26604), (0.62745, 0.52455, 0.20329), (0.63247, 0.52455, 0.19827), (0.62996, 0.52706, 0.2058), (0.63749, 0.56722, 0.25349), (0.63498, 0.56471, 0.256), (0.63498, 0.56973, 0.26604), (0.62996, 0.52204, 0.19325), (0.63498, 0.52706, 0.19827), (0.63749, 0.52455, 0.20078), (0.63749, 0.52455, 0.20078), (0.63749, 0.52706, 0.19827), (0.62996, 0.52204, 0.19325), (0.62243, 0.51451, 0.16565), (0.62494, 0.50949, 0.16314), (0.62243, 0.51702, 0.18071), (0.62243, 0.51702, 0.18071), (0.6149, 0.51953, 0.18573), (0.62243, 0.51451, 0.16565), (0.63498, 0.52455, 0.19576), (0.63247, 0.52204, 0.19325), (0.63247, 0.52204, 0.19325), (0.63247, 0.52204, 0.19325), (0.63498, 0.52455, 0.19576), (0.63498, 0.52455, 0.19576), (0.63247, 0.52455, 0.19827), (0.62243, 0.53208, 0.22337), (0.62996, 0.53459, 0.22086), (0.61992, 0.53208, 0.21584), (0.63247, 0.52957, 0.21835), (0.63498, 0.52706, 0.20078), (0.63498, 0.52706, 0.19827), (0.63247, 0.55216, 0.24847), (0.63247, 0.55216, 0.24847), (0.63247, 0.55216, 0.24847), (0.63247, 0.52455, 0.19576), (0.63498, 0.52706, 0.19827), (0.63498, 0.49443, 0.15059), (0.63247, 0.49192, 0.14808), (0.63247, 0.49192, 0.1531), (0.63247, 0.49192, 0.1531), (0.63749, 0.49694, 0.14808), (0.63498, 0.49443, 0.15059), (0.63247, 0.51953, 0.19576), (0.63498, 0.52455, 0.19576), (0.62996, 0.51953, 0.19075), (0.63247, 0.52204, 0.19325), (0.63247, 0.52204, 0.19325), (0.62243, 0.51451, 0.19325), (0.63498, 0.56973, 0.26604), (0.63498, 0.56973, 0.26102), (0.63749, 0.56722, 0.25349), (0.63749, 0.5622, 0.256), (0.63498, 0.55969, 0.25349), (0.63247, 0.55969, 0.25851), (0.63247, 0.55969, 0.25851), (0.62996, 0.55718, 0.26102), (0.63749, 0.5622, 0.256), (0.62494, 0.55969, 0.26102), (0.63749, 0.57725, 0.27106), (0.63498, 0.56973, 0.26604), (0.63247, 0.52455, 0.19827), (0.62243, 0.52957, 0.20329), (0.63498, 0.54463, 0.23592), (0.63498, 0.54463, 0.23592), (0.62745, 0.52455, 0.20329), (0.63247, 0.52455, 0.19827), (0.63498, 0.46682, 0.13804), (0.62996, 0.50447, 0.16565), (0.63749, 0.51451, 0.18573), (0.63749, 0.51451, 0.18573), (0.62243, 0.46431, 0.14055), (0.63498, 0.46682, 0.13804), (0.63498, 0.52706, 0.20078), (0.63247, 0.53208, 0.20078), (0.61992, 0.53208, 0.21584), (0.63247, 0.52204, 0.19325), (0.63247, 0.51953, 0.19576), (0.63247, 0.52204, 0.19325), (0.63247, 0.52204, 0.19325), (0.63247, 0.52204, 0.19325), (0.63247, 0.52204, 0.19325), (0.64, 0.55718, 0.24094), (0.62745, 0.54714, 0.23843), (0.62996, 0.54965, 0.24094), (0.64, 0.56722, 0.27106), (0.63498, 0.54714, 0.2309), (0.62745, 0.53961, 0.22337), (0.62745, 0.53961, 0.22337), (0.64, 0.56722, 0.27106), (0.64, 0.56722, 0.27106), (0.63498, 0.56471, 0.25098), (0.64, 0.56973, 0.26102), (0.63498, 0.57475, 0.26855), (0.63498, 0.57475, 0.26855), (0.63749, 0.57725, 0.27106), (0.63498, 0.56471, 0.25098), (0.64, 0.56722, 0.27106), (0.63749, 0.5622, 0.256), (0.64, 0.56722, 0.27106), (0.63498, 0.53459, 0.2058), (0.63498, 0.53961, 0.2058), (0.63498, 0.53961, 0.2058), (0.63498, 0.53961, 0.2058), (0.63498, 0.5371, 0.20831), (0.63498, 0.53459, 0.2058), (0.63498, 0.56973, 0.26604), (0.63749, 0.57475, 0.27608), (0.64, 0.57475, 0.27106), (0.63498, 0.53961, 0.2058), (0.63247, 0.5371, 0.20329), (0.63749, 0.5371, 0.20831), (0.62996, 0.55969, 0.25098), (0.62996, 0.55467, 0.24345), (0.62745, 0.55216, 0.24596), (0.62745, 0.55216, 0.24596), (0.62745, 0.5622, 0.25851), (0.62996, 0.55969, 0.25098), (0.64, 0.57475, 0.27608), (0.63247, 0.55216, 0.24345), (0.64, 0.56722, 0.26604), (0.62996, 0.54965, 0.24094), (0.64, 0.55718, 0.24094), (0.64, 0.55718, 0.24094), (0.64, 0.56722, 0.27106), (0.64, 0.56722, 0.27106), (0.63498, 0.56722, 0.27357), (0.62243, 0.51451, 0.19325), (0.63247, 0.52455, 0.19827), (0.63247, 0.52204, 0.19325), (0.63247, 0.52204, 0.19325), (0.63749, 0.52204, 0.18322), (0.63749, 0.51953, 0.18824), (0.63749, 0.51953, 0.18824), (0.63498, 0.52706, 0.19827), (0.63247, 0.52204, 0.19325), (0.63749, 0.54965, 0.22839), (0.63498, 0.55969, 0.24847), (0.63498, 0.55718, 0.24345), (0.63498, 0.55718, 0.24345), (0.63749, 0.54965, 0.22839), (0.63749, 0.54965, 0.22839), (0.62996, 0.50949, 0.17318), (0.63247, 0.51702, 0.1782), (0.62494, 0.51451, 0.17569), (0.64, 0.56722, 0.26604), (0.63749, 0.57224, 0.26855), (0.64, 0.57475, 0.27608), (0.62996, 0.52706, 0.2058), (0.63247, 0.52455, 0.20329), (0.62745, 0.52455, 0.20329), (0.64, 0.57224, 0.27859), (0.64, 0.57224, 0.27608), (0.64, 0.56471, 0.26353), (0.64, 0.56471, 0.26353), (0.64, 0.56471, 0.26353), (0.64, 0.57224, 0.27859), (0.62996, 0.51953, 0.19075), (0.63247, 0.52204, 0.19325), (0.63247, 0.51953, 0.19576), (0.64, 0.55467, 0.22086), (0.63749, 0.57224, 0.26855), (0.64, 0.56471, 0.25851), (0.64, 0.56471, 0.25851), (0.64, 0.56471, 0.23843), (0.64, 0.55467, 0.22086), (0.63247, 0.50196, 0.15561), (0.62494, 0.48941, 0.15059), (0.62494, 0.50698, 0.17569), (0.63498, 0.56722, 0.27357), (0.64, 0.56722, 0.27357), (0.64, 0.56722, 0.27106), (0.63749, 0.5371, 0.20831), (0.63498, 0.5371, 0.20831), (0.63498, 0.53961, 0.2058), (0.63498, 0.52204, 0.19827), (0.62996, 0.52204, 0.19325), (0.62745, 0.53459, 0.20831), (0.62243, 0.52455, 0.19576), (0.63247, 0.52957, 0.21333), (0.64, 0.52957, 0.21584), (0.64, 0.56973, 0.26102), (0.62996, 0.55467, 0.24345), (0.63749, 0.5622, 0.25098), (0.63749, 0.5622, 0.25098), (0.64, 0.57475, 0.27106), (0.64, 0.56973, 0.26102), (0.63498, 0.55467, 0.24596), (0.63498, 0.56973, 0.27106), (0.64, 0.55969, 0.25098), (0.64, 0.55969, 0.25098), (0.64, 0.5622, 0.24847), (0.63498, 0.55467, 0.24596), (0.62745, 0.54714, 0.23843), (0.63247, 0.55969, 0.24345), (0.63498, 0.5622, 0.24596), (0.60988, 0.47937, 0.14055), (0.62494, 0.50196, 0.17318), (0.63247, 0.49192, 0.14808), (0.63498, 0.56973, 0.27106), (0.63749, 0.55216, 0.23592), (0.63247, 0.55216, 0.24345), (0.64, 0.56722, 0.27106), (0.63749, 0.55718, 0.25349), (0.64, 0.56471, 0.26102), (0.64, 0.56471, 0.26102), (0.64, 0.5622, 0.26353), (0.64, 0.56722, 0.27106), (0.64, 0.56973, 0.27608), (0.63749, 0.56471, 0.26855), (0.64, 0.5622, 0.26855), (0.62745, 0.53459, 0.20831), (0.62745, 0.52455, 0.20329), (0.63498, 0.52204, 0.19827), (0.62745, 0.52455, 0.20329), (0.63498, 0.54463, 0.23592), (0.64, 0.54965, 0.24094), (0.64, 0.54965, 0.24094), (0.63749, 0.52957, 0.20831), (0.62745, 0.52455, 0.20329), (0.64, 0.55467, 0.24345), (0.62745, 0.51702, 0.18824), (0.63247, 0.53208, 0.20329), (0.62996, 0.54212, 0.22086), (0.62996, 0.54212, 0.22086), (0.63498, 0.55467, 0.25098), (0.63498, 0.55467, 0.25098), (0.63498, 0.55467, 0.25098), (0.62996, 0.54212, 0.22086), (0.62494, 0.50698, 0.17569), (0.61741, 0.50698, 0.16816), (0.63247, 0.50196, 0.15561), (0.63749, 0.54965, 0.23341), (0.63749, 0.56471, 0.26855), (0.63247, 0.55969, 0.25851), (0.63247, 0.55969, 0.25851), (0.63498, 0.54714, 0.2309), (0.63749, 0.54965, 0.23341), (0.63247, 0.53208, 0.20329), (0.64, 0.5622, 0.24345), (0.64, 0.55467, 0.24345), (0.63247, 0.49192, 0.14808), (0.62494, 0.46431, 0.12298), (0.60988, 0.47937, 0.14055), (0.64, 0.56722, 0.27106), (0.64, 0.56722, 0.27106), (0.64, 0.56722, 0.27106), (0.62996, 0.51953, 0.19075), (0.63247, 0.52204, 0.19325), (0.62996, 0.52204, 0.19576), (0.62494, 0.51451, 0.17569), (0.61992, 0.50949, 0.17569), (0.62996, 0.50949, 0.17318), (0.62996, 0.52204, 0.19576), (0.63247, 0.52455, 0.19827), (0.62996, 0.51953, 0.19075), (0.64, 0.56722, 0.27357), (0.63498, 0.56722, 0.27357), (0.64, 0.56722, 0.27106), (0.64, 0.56722, 0.27106), (0.64, 0.56722, 0.27106), (0.64, 0.56722, 0.27357), (0.63247, 0.52204, 0.19325), (0.63247, 0.52204, 0.19325), (0.62745, 0.51953, 0.19075), (0.62745, 0.51953, 0.19075), (0.63247, 0.52455, 0.19827), (0.63247, 0.52204, 0.19325), (0.64, 0.55467, 0.23843), (0.63749, 0.54965, 0.22839), (0.63749, 0.54965, 0.22337), (0.62243, 0.53459, 0.21835), (0.61992, 0.54212, 0.22337), (0.62494, 0.5371, 0.21082), (0.63498, 0.55718, 0.24345), (0.63498, 0.56973, 0.27106), (0.63498, 0.56973, 0.26604), (0.63749, 0.55718, 0.24847), (0.64, 0.55467, 0.24596), (0.64, 0.5622, 0.25851), (0.64, 0.5622, 0.25851), (0.62745, 0.54965, 0.23592), (0.63749, 0.55718, 0.24847), (0.63247, 0.53961, 0.21333), (0.62745, 0.54212, 0.22588), (0.63247, 0.53961, 0.21333), (0.63498, 0.56973, 0.26604), (0.63498, 0.55718, 0.24345), (0.63498, 0.55718, 0.24345), (0.64, 0.54714, 0.22086), (0.62745, 0.52957, 0.2058), (0.63749, 0.5622, 0.23592), (0.63247, 0.52455, 0.19827), (0.62494, 0.52204, 0.20078), (0.63247, 0.52455, 0.19827), (0.63247, 0.55216, 0.24345), (0.64, 0.55969, 0.25098), (0.63498, 0.56973, 0.27106), (0.63247, 0.53459, 0.19075), (0.63749, 0.51953, 0.19325), (0.64, 0.54714, 0.21333), (0.63498, 0.53459, 0.2058), (0.63247, 0.5371, 0.20329), (0.62745, 0.5371, 0.22839), (0.62745, 0.5371, 0.22839), (0.62745, 0.53208, 0.21835), (0.63498, 0.53459, 0.2058), (0.62494, 0.5371, 0.21082), (0.63498, 0.5371, 0.21333), (0.62243, 0.53459, 0.21835), (0.64, 0.56722, 0.25349), (0.64, 0.56722, 0.26604), (0.64, 0.56973, 0.26855), (0.64, 0.56973, 0.26855), (0.63749, 0.56471, 0.24847), (0.64, 0.56722, 0.25349), (0.64, 0.5622, 0.26855), (0.64, 0.57224, 0.27608), (0.64, 0.56973, 0.27608), (0.62243, 0.52957, 0.20329), (0.63247, 0.52455, 0.19827), (0.63247, 0.52204, 0.18824), (0.63247, 0.52204, 0.18824), (0.62996, 0.52204, 0.19576), (0.62243, 0.52957, 0.20329), (0.62494, 0.53208, 0.20078), (0.62996, 0.53208, 0.20329), (0.62745, 0.53961, 0.21835), (0.62745, 0.53961, 0.21835), (0.62243, 0.53961, 0.21584), (0.62494, 0.53208, 0.20078), (0.63498, 0.55467, 0.25098), (0.63247, 0.54714, 0.23592), (0.63247, 0.55216, 0.24847), (0.63247, 0.55216, 0.24847), (0.64, 0.57224, 0.27608), (0.63498, 0.55467, 0.25098), (0.63247, 0.52455, 0.19827), (0.62745, 0.51953, 0.19075), (0.63247, 0.52455, 0.19827), (0.63247, 0.45176, 0.10541), (0.63247, 0.45176, 0.10541), (0.63247, 0.45176, 0.10541), (0.63498, 0.5622, 0.24596), (0.63498, 0.54463, 0.23592), (0.62745, 0.54714, 0.23843), (0.63247, 0.45176, 0.10541), (0.62996, 0.44925, 0.1029), (0.63247, 0.45176, 0.10541), (0.64, 0.52957, 0.21584), (0.62745, 0.52957, 0.20078), (0.62243, 0.52455, 0.19576), (0.62745, 0.53208, 0.19827), (0.63247, 0.53208, 0.20078), (0.62996, 0.53208, 0.20329), (0.62996, 0.53208, 0.20329), (0.62494, 0.53208, 0.20078), (0.62745, 0.53208, 0.19827), (0.62745, 0.50698, 0.17067), (0.63749, 0.52706, 0.21333), (0.62745, 0.52455, 0.21333), (0.62745, 0.52455, 0.21333), (0.62494, 0.51702, 0.19075), (0.62745, 0.50698, 0.17067), (0.62996, 0.53208, 0.20831), (0.63498, 0.52706, 0.19827), (0.62996, 0.53208, 0.20329), (0.62996, 0.52957, 0.19827), (0.62745, 0.52706, 0.19075), (0.64, 0.52957, 0.21584), (0.64, 0.52957, 0.21584), (0.63247, 0.52957, 0.21333), (0.62996, 0.52957, 0.19827), (0.62996, 0.512, 0.16565), (0.62996, 0.51451, 0.17067), (0.63247, 0.52455, 0.20329), (0.62745, 0.51953, 0.19827), (0.64, 0.55467, 0.24345), (0.64, 0.55467, 0.23843), (0.64, 0.55467, 0.23843), (0.62243, 0.52706, 0.20831), (0.62745, 0.51953, 0.19827), (0.62996, 0.512, 0.16565), (0.62745, 0.49694, 0.15059), (0.62996, 0.52455, 0.18322), (0.62996, 0.52455, 0.18322), (0.63247, 0.52706, 0.18573), (0.62996, 0.512, 0.16565), (0.64, 0.54463, 0.2309), (0.64, 0.5622, 0.25349), (0.63749, 0.5622, 0.26102), (0.61741, 0.47435, 0.14055), (0.62996, 0.46682, 0.14055), (0.62745, 0.46431, 0.13804), (0.62745, 0.46431, 0.13804), (0.62243, 0.4869, 0.15059), (0.61741, 0.47435, 0.14055), (0.62494, 0.50196, 0.18071), (0.63749, 0.52706, 0.19325), (0.63247, 0.50949, 0.18824), (0.63247, 0.50949, 0.18824), (0.62996, 0.50447, 0.19075), (0.62494, 0.50196, 0.18071), (0.63749, 0.54965, 0.22337), (0.64, 0.55216, 0.2309), (0.64, 0.55467, 0.23843), (0.63247, 0.52455, 0.20329), (0.62996, 0.52706, 0.2058), (0.62996, 0.52706, 0.21082), (0.62996, 0.53208, 0.20329), (0.62494, 0.5371, 0.21584), (0.62996, 0.53208, 0.20831), (0.62494, 0.51953, 0.1782), (0.64, 0.55216, 0.22588), (0.63247, 0.52957, 0.21333), (0.63247, 0.52957, 0.21333), (0.62745, 0.52204, 0.18071), (0.62494, 0.51953, 0.1782), (0.63247, 0.45176, 0.10541), (0.62745, 0.45427, 0.10541), (0.62494, 0.45176, 0.1029), (0.62494, 0.45176, 0.1029), (0.63247, 0.44675, 0.10792), (0.63247, 0.45176, 0.10541), (0.63247, 0.53961, 0.21333), (0.63749, 0.5371, 0.2058), (0.63247, 0.53961, 0.21333), (0.63749, 0.5622, 0.26102), (0.62996, 0.54212, 0.22588), (0.64, 0.54463, 0.2309), (0.63498, 0.54212, 0.21082), (0.64, 0.55216, 0.22588), (0.62996, 0.54463, 0.21082), (0.62996, 0.54463, 0.21082), (0.63247, 0.53961, 0.20831), (0.63498, 0.54212, 0.21082), (0.63749, 0.5622, 0.23592), (0.63749, 0.5622, 0.23592), (0.64, 0.54714, 0.22086), (0.63247, 0.52204, 0.19325), (0.63247, 0.52204, 0.19325), (0.63247, 0.52204, 0.19325), (0.63247, 0.52204, 0.19325), (0.63247, 0.51953, 0.19576), (0.63247, 0.52204, 0.19325), (0.64, 0.54714, 0.21333), (0.63247, 0.5371, 0.20329), (0.63247, 0.53459, 0.19075), (0.63749, 0.55216, 0.23592), (0.63247, 0.57224, 0.26604), (0.63247, 0.57725, 0.27608), (0.63247, 0.57725, 0.27608), (0.63247, 0.55467, 0.24094), (0.63749, 0.55216, 0.23592), (0.64, 0.54714, 0.21333), (0.62996, 0.54212, 0.22086), (0.62494, 0.54212, 0.21835), (0.62494, 0.54212, 0.21835), (0.64, 0.55216, 0.22588), (0.64, 0.54714, 0.21333), (0.62243, 0.52455, 0.20078), (0.63247, 0.51451, 0.18322), (0.62745, 0.50698, 0.17067), (0.63247, 0.4869, 0.14557), (0.63247, 0.49192, 0.14808), (0.63498, 0.49443, 0.15059), (0.63498, 0.55216, 0.22839), (0.63247, 0.54463, 0.22337), (0.64, 0.55718, 0.23341), (0.63247, 0.51953, 0.19576), (0.63498, 0.52455, 0.19576), (0.63247, 0.52455, 0.20329), (0.63247, 0.52455, 0.20329), (0.62996, 0.51953, 0.2058), (0.63247, 0.51953, 0.19576), (0.62745, 0.50196, 0.16314), (0.62745, 0.512, 0.16816), (0.62996, 0.51451, 0.17569), (0.63498, 0.5371, 0.20831), (0.63749, 0.5371, 0.20831), (0.63498, 0.5371, 0.20831), (0.63498, 0.5371, 0.20831), (0.63498, 0.53961, 0.2058), (0.63498, 0.5371, 0.20831), (0.62996, 0.55467, 0.24345), (0.64, 0.56973, 0.26102), (0.63498, 0.56471, 0.25098), (0.63247, 0.52455, 0.20329), (0.63749, 0.51953, 0.19325), (0.62996, 0.512, 0.16565), (0.61992, 0.46431, 0.12047), (0.62494, 0.49443, 0.1531), (0.60737, 0.49694, 0.16314), (0.63498, 0.52455, 0.19576), (0.63247, 0.52204, 0.19325), (0.63247, 0.52455, 0.19827), (0.63247, 0.52455, 0.19827), (0.63247, 0.52455, 0.20329), (0.63498, 0.52455, 0.19576), (0.60737, 0.49694, 0.16314), (0.60235, 0.46682, 0.13051), (0.61992, 0.46431, 0.12047), (0.64, 0.55718, 0.23341), (0.63749, 0.54463, 0.21835), (0.63498, 0.55216, 0.22839), (0.62745, 0.50698, 0.17067), (0.63498, 0.52455, 0.19576), (0.62243, 0.52455, 0.20078), (0.63498, 0.5622, 0.24596), (0.63498, 0.55969, 0.25349), (0.64, 0.56471, 0.25349), (0.63247, 0.46431, 0.13051), (0.63498, 0.46431, 0.13051), (0.63247, 0.46431, 0.13051), (0.63247, 0.46431, 0.13051), (0.62996, 0.4618, 0.128), (0.63247, 0.46431, 0.13051), (0.64, 0.55969, 0.26102), (0.64, 0.56722, 0.27106), (0.63749, 0.5622, 0.26102), (0.63498, 0.53459, 0.2058), (0.63749, 0.55718, 0.25349), (0.63247, 0.55216, 0.24847), (0.63247, 0.55216, 0.24847), (0.63247, 0.53459, 0.2058), (0.63498, 0.53459, 0.2058), (0.5898, 0.44424, 0.11043), (0.59482, 0.4618, 0.13051), (0.61741, 0.45678, 0.11545), (0.63498, 0.56471, 0.25098), (0.62745, 0.55216, 0.24596), (0.62996, 0.55467, 0.24345), (0.64, 0.55216, 0.25098), (0.64, 0.55467, 0.24345), (0.63498, 0.55467, 0.24596), (0.63498, 0.55467, 0.24596), (0.63498, 0.55467, 0.256), (0.64, 0.55216, 0.25098), (0.62996, 0.52957, 0.19827), (0.63749, 0.52957, 0.20078), (0.63498, 0.52706, 0.19827), (0.63498, 0.52706, 0.19827), (0.62745, 0.52706, 0.19576), (0.62996, 0.52957, 0.19827), (0.63749, 0.5622, 0.26102), (0.63749, 0.55718, 0.24847), (0.64, 0.55969, 0.26102), (0.62996, 0.56722, 0.24345), (0.62996, 0.5622, 0.23843), (0.64, 0.55718, 0.23341), (0.64, 0.55718, 0.23341), (0.64, 0.56722, 0.24847), (0.62996, 0.56722, 0.24345), (0.64, 0.56471, 0.25349), (0.63498, 0.5622, 0.24094), (0.63498, 0.5622, 0.24596), (0.63498, 0.50949, 0.17067), (0.62745, 0.50447, 0.15059), (0.62494, 0.51451, 0.17569), (0.62494, 0.51451, 0.17569), (0.63498, 0.52455, 0.19075), (0.63498, 0.50949, 0.17067), (0.63749, 0.52706, 0.19827), (0.63247, 0.5371, 0.20329), (0.62996, 0.52957, 0.19827), (0.62996, 0.52957, 0.19827), (0.62996, 0.52204, 0.19325), (0.63749, 0.52706, 0.19827), (0.63498, 0.52706, 0.20078), (0.62996, 0.53459, 0.22086), (0.64, 0.54714, 0.22839), (0.64, 0.54714, 0.22839), (0.62745, 0.53208, 0.21333), (0.63498, 0.52706, 0.20078), (0.62996, 0.44925, 0.1029), (0.62745, 0.45427, 0.11043), (0.59984, 0.46682, 0.13553), (0.59984, 0.46682, 0.13553), (0.59482, 0.4618, 0.13553), (0.62996, 0.44925, 0.1029), (0.63749, 0.54714, 0.23843), (0.64, 0.52455, 0.19325), (0.64, 0.52455, 0.18573), (0.64, 0.52455, 0.18573), (0.63749, 0.55216, 0.24094), (0.63749, 0.54714, 0.23843), (0.63247, 0.54714, 0.23592), (0.63498, 0.55467, 0.25098), (0.64, 0.55718, 0.24847), (0.64, 0.55718, 0.24847), (0.64, 0.54965, 0.23592), (0.63247, 0.54714, 0.23592), (0.64, 0.56722, 0.27106), (0.63749, 0.58478, 0.29616), (0.63749, 0.58478, 0.29616), (0.63749, 0.58478, 0.29616), (0.64, 0.57475, 0.27608), (0.64, 0.56722, 0.27106), (0.63498, 0.52455, 0.19576), (0.63247, 0.52204, 0.18824), (0.63749, 0.52204, 0.18322), (0.63749, 0.52204, 0.18322), (0.63247, 0.52204, 0.19325), (0.63498, 0.52455, 0.19576), (0.63749, 0.51953, 0.19325), (0.63247, 0.52455, 0.19576), (0.62745, 0.51953, 0.19075), (0.62996, 0.46682, 0.14055), (0.63247, 0.46431, 0.13804), (0.62996, 0.46431, 0.11796), (0.62996, 0.46431, 0.11796), (0.61992, 0.46431, 0.12047), (0.62996, 0.46682, 0.14055), (0.62996, 0.52957, 0.19827), (0.62996, 0.52204, 0.19325), (0.62494, 0.52455, 0.19325), (0.61741, 0.45678, 0.11545), (0.62996, 0.46431, 0.12298), (0.5898, 0.44424, 0.11043), (0.62745, 0.52957, 0.20078), (0.62745, 0.50447, 0.15059), (0.62494, 0.50196, 0.14808), (0.63247, 0.52204, 0.19325), (0.63247, 0.52204, 0.19325), (0.63247, 0.51953, 0.19576), (0.63247, 0.51953, 0.19576), (0.63247, 0.52204, 0.19325), (0.63247, 0.52204, 0.19325), (0.62996, 0.51451, 0.17569), (0.62745, 0.51953, 0.17318), (0.62745, 0.50196, 0.16314), (0.63247, 0.57224, 0.26604), (0.63498, 0.56973, 0.26604), (0.63749, 0.57224, 0.27357), (0.63749, 0.57224, 0.27357), (0.63247, 0.57725, 0.27608), (0.63247, 0.57224, 0.26604), (0.62996, 0.54212, 0.22588), (0.63749, 0.5622, 0.26102), (0.63749, 0.5622, 0.256), (0.63749, 0.5622, 0.256), (0.63498, 0.53961, 0.22588), (0.62996, 0.54212, 0.22588), (0.63498, 0.55969, 0.25349), (0.63749, 0.55718, 0.24847), (0.63498, 0.55718, 0.24345), (0.63498, 0.55718, 0.24345), (0.62745, 0.54714, 0.23843), (0.63498, 0.55969, 0.25349), (0.62745, 0.51953, 0.19075), (0.63247, 0.52204, 0.19325), (0.63749, 0.51953, 0.19325), (0.62745, 0.53208, 0.21835), (0.62996, 0.53459, 0.22086), (0.63749, 0.54212, 0.20831), (0.63247, 0.54212, 0.23341), (0.64, 0.55467, 0.24345), (0.63749, 0.55718, 0.24847), (0.63749, 0.55718, 0.24847), (0.64, 0.55718, 0.24596), (0.63247, 0.54212, 0.23341), (0.62494, 0.52455, 0.18824), (0.63247, 0.5371, 0.20329), (0.62494, 0.51953, 0.1782), (0.62494, 0.51953, 0.1782), (0.63498, 0.5371, 0.21835), (0.62494, 0.52455, 0.18824), (0.63749, 0.57725, 0.27106), (0.64, 0.57475, 0.27106), (0.64, 0.57976, 0.27106), (0.62494, 0.48941, 0.15059), (0.63247, 0.49192, 0.14306), (0.64, 0.52455, 0.19325), (0.63498, 0.55467, 0.24596), (0.63498, 0.56471, 0.256), (0.62745, 0.5622, 0.25851), (0.62996, 0.46682, 0.14055), (0.62996, 0.46682, 0.14055), (0.62996, 0.46431, 0.12298), (0.62996, 0.46431, 0.12298), (0.62996, 0.46431, 0.11796), (0.62996, 0.46682, 0.14055), (0.62996, 0.52204, 0.19576), (0.63498, 0.52204, 0.19827), (0.62745, 0.52455, 0.20329), (0.62745, 0.52455, 0.20329), (0.62494, 0.52706, 0.20329), (0.62996, 0.52204, 0.19576), (0.62996, 0.55467, 0.24345), (0.63498, 0.55467, 0.24596), (0.63749, 0.56471, 0.24847), (0.63749, 0.56471, 0.24847), (0.63498, 0.55969, 0.24847), (0.62996, 0.55467, 0.24345), (0.62494, 0.52455, 0.19325), (0.62996, 0.52957, 0.19827), (0.62996, 0.52957, 0.19827), (0.63749, 0.54212, 0.20831), (0.63247, 0.52455, 0.19576), (0.62745, 0.53208, 0.21835), (0.64, 0.56722, 0.27106), (0.64, 0.56722, 0.27357), (0.63749, 0.5622, 0.26102), (0.63749, 0.5622, 0.26102), (0.63749, 0.5622, 0.26102), (0.64, 0.56722, 0.27106), (0.63749, 0.57224, 0.26353), (0.64, 0.57475, 0.26604), (0.63498, 0.57475, 0.26353), (0.63498, 0.57475, 0.26353), (0.63749, 0.57224, 0.26353), (0.63749, 0.57224, 0.26353), (0.62996, 0.4618, 0.128), (0.63247, 0.4618, 0.128), (0.63498, 0.46431, 0.13051), (0.63498, 0.46431, 0.13051), (0.63247, 0.46431, 0.13051), (0.62996, 0.4618, 0.128), (0.64, 0.57475, 0.27608), (0.63247, 0.55467, 0.23592), (0.62745, 0.54965, 0.2309), (0.62745, 0.54965, 0.2309), (0.64, 0.56973, 0.26102), (0.64, 0.57475, 0.27608), (0.63247, 0.5622, 0.25349), (0.64, 0.57976, 0.27608), (0.64, 0.56973, 0.26855), (0.64, 0.56973, 0.26855), (0.63749, 0.5622, 0.256), (0.63247, 0.5622, 0.25349), (0.63498, 0.49443, 0.15059), (0.63749, 0.49694, 0.1531), (0.63247, 0.4869, 0.14557), (0.62996, 0.52706, 0.21082), (0.63749, 0.51953, 0.19325), (0.63247, 0.52455, 0.20329), (0.64, 0.56471, 0.26353), (0.63247, 0.55216, 0.24847), (0.63749, 0.56471, 0.24847), (0.63749, 0.56471, 0.24847), (0.63498, 0.55467, 0.24596), (0.64, 0.56471, 0.26353), (0.64, 0.57725, 0.29867), (0.62494, 0.55969, 0.26102), (0.63498, 0.56722, 0.27357), (0.63498, 0.56722, 0.27357), (0.63749, 0.57475, 0.28361), (0.64, 0.57725, 0.29867), (0.63749, 0.55216, 0.24094), (0.64, 0.52455, 0.18573), (0.63247, 0.52204, 0.18824), (0.63247, 0.52204, 0.18824), (0.64, 0.55718, 0.24596), (0.63749, 0.55216, 0.24094), (0.63749, 0.49694, 0.14808), (0.63247, 0.49192, 0.1531), (0.63247, 0.49694, 0.15812), (0.63498, 0.5371, 0.21835), (0.62494, 0.51953, 0.1782), (0.62745, 0.52204, 0.18071), (0.62745, 0.52204, 0.18071), (0.64, 0.54965, 0.24094), (0.63498, 0.5371, 0.21835), (0.62996, 0.51953, 0.19075), (0.63498, 0.49443, 0.15059), (0.6149, 0.49443, 0.15812), (0.6149, 0.49443, 0.15812), (0.62996, 0.52204, 0.19576), (0.62996, 0.51953, 0.19075), (0.62996, 0.52957, 0.20078), (0.63247, 0.53208, 0.20329), (0.63749, 0.52957, 0.20078), (0.63247, 0.52204, 0.19325), (0.63247, 0.52204, 0.19325), (0.62996, 0.52204, 0.20078), (0.62996, 0.52204, 0.20078), (0.62243, 0.51451, 0.19325), (0.63247, 0.52204, 0.19325), (0.64, 0.52455, 0.19325), (0.62745, 0.52706, 0.19827), (0.62494, 0.48941, 0.15059), (0.64, 0.57976, 0.27106), (0.63498, 0.56973, 0.26604), (0.63749, 0.57725, 0.27106), (0.63749, 0.49443, 0.14557), (0.63498, 0.49443, 0.15059), (0.63498, 0.49443, 0.15059), (0.63247, 0.49694, 0.15812), (0.62996, 0.49443, 0.15561), (0.63749, 0.49694, 0.14808), (0.63498, 0.49443, 0.15059), (0.63749, 0.49192, 0.15059), (0.63749, 0.49443, 0.14557), (0.64, 0.56973, 0.26855), (0.64, 0.55216, 0.24345), (0.62745, 0.54212, 0.23341), (0.63247, 0.46431, 0.13051), (0.63498, 0.46682, 0.13804), (0.62243, 0.46431, 0.14055), (0.63498, 0.53961, 0.2058), (0.63498, 0.55467, 0.24596), (0.64, 0.55467, 0.24345), (0.64, 0.55718, 0.24596), (0.63749, 0.55718, 0.24847), (0.64, 0.55467, 0.23843), (0.63247, 0.4618, 0.128), (0.62996, 0.4618, 0.128), (0.63247, 0.46431, 0.13051), (0.63247, 0.52455, 0.19827), (0.62745, 0.52455, 0.20329), (0.61992, 0.53208, 0.21584), (0.61992, 0.53208, 0.21584), (0.60988, 0.52204, 0.2058), (0.63247, 0.52455, 0.19827), (0.63498, 0.52706, 0.19827), (0.63498, 0.52706, 0.20078), (0.62494, 0.52706, 0.20831), (0.62494, 0.52706, 0.20831), (0.62745, 0.52706, 0.21584), (0.63498, 0.52706, 0.19827), (0.62745, 0.5622, 0.25851), (0.63749, 0.5622, 0.256), (0.63498, 0.55467, 0.24596), (0.62745, 0.47184, 0.13804), (0.61741, 0.45929, 0.13051), (0.63247, 0.46431, 0.13051), (0.63247, 0.46431, 0.13051), (0.63247, 0.46431, 0.13051), (0.62745, 0.47184, 0.13804), (0.63247, 0.46431, 0.13051), (0.63247, 0.46431, 0.13051), (0.63247, 0.4618, 0.128), (0.63749, 0.51953, 0.19325), (0.64, 0.56471, 0.27106), (0.63749, 0.55969, 0.26604), (0.63749, 0.55969, 0.26604), (0.62494, 0.52957, 0.21082), (0.63749, 0.51953, 0.19325), (0.62494, 0.50196, 0.14808), (0.62243, 0.52455, 0.19576), (0.62745, 0.52957, 0.20078), (0.62243, 0.46431, 0.14055), (0.62745, 0.47184, 0.13804), (0.63247, 0.46431, 0.13051), (0.63247, 0.52204, 0.19325), (0.63247, 0.52204, 0.19325), (0.63247, 0.52204, 0.19325), (0.62745, 0.52706, 0.19576), (0.63247, 0.53208, 0.20078), (0.62996, 0.52957, 0.19827), (0.62996, 0.52957, 0.19827), (0.62494, 0.52455, 0.19325), (0.62745, 0.52706, 0.19576), (0.62745, 0.53208, 0.19827), (0.62996, 0.52957, 0.19827), (0.62996, 0.52957, 0.19325), (0.63247, 0.52455, 0.19576), (0.64, 0.55216, 0.23592), (0.63498, 0.55718, 0.24345), (0.63498, 0.55718, 0.24345), (0.63247, 0.52455, 0.19576), (0.63247, 0.52455, 0.19576), (0.63498, 0.52706, 0.20078), (0.63498, 0.52706, 0.19827), (0.63247, 0.52455, 0.19827), (0.63749, 0.52957, 0.20078), (0.62996, 0.52957, 0.19827), (0.62996, 0.52957, 0.20078), (0.62996, 0.44925, 0.1029), (0.63247, 0.45176, 0.10541), (0.63247, 0.44675, 0.10792), (0.64, 0.56471, 0.25349), (0.62996, 0.54212, 0.22086), (0.62996, 0.5371, 0.21082), (0.62996, 0.5371, 0.21082), (0.63749, 0.55718, 0.24847), (0.64, 0.56471, 0.25349), (0.62996, 0.55969, 0.24596), (0.63749, 0.5622, 0.25098), (0.62996, 0.55467, 0.24345), (0.62996, 0.55467, 0.24345), (0.62996, 0.55969, 0.25098), (0.62996, 0.55969, 0.24596), (0.63749, 0.5371, 0.2058), (0.63247, 0.53961, 0.21333), (0.62996, 0.52957, 0.19827), (0.62996, 0.52957, 0.19827), (0.62996, 0.52957, 0.19827), (0.63749, 0.5371, 0.2058), (0.63498, 0.52706, 0.19827), (0.63498, 0.52706, 0.20078), (0.63498, 0.52706, 0.19827), (0.62996, 0.52706, 0.21082), (0.62996, 0.51702, 0.19325), (0.63247, 0.52204, 0.19325), (0.62996, 0.52204, 0.19325), (0.63498, 0.55969, 0.24847), (0.63498, 0.5622, 0.24596), (0.63498, 0.5622, 0.24596), (0.62494, 0.52957, 0.21082), (0.62996, 0.52204, 0.19325), (0.64, 0.55467, 0.24345), (0.63498, 0.53961, 0.2058), (0.63498, 0.53961, 0.2058), (0.63498, 0.54463, 0.24345), (0.62996, 0.54212, 0.22588), (0.63498, 0.53961, 0.22588), (0.63498, 0.53961, 0.22588), (0.62745, 0.53961, 0.23843), (0.63498, 0.54463, 0.24345), (0.63247, 0.44675, 0.10792), (0.62996, 0.44925, 0.10792), (0.62996, 0.44925, 0.1029), (0.63498, 0.52706, 0.19827), (0.62996, 0.52204, 0.19325), (0.63498, 0.52706, 0.19827), (0.62745, 0.54212, 0.23341), (0.64, 0.56722, 0.27106), (0.64, 0.56973, 0.26855), (0.63247, 0.52204, 0.19325), (0.63247, 0.52204, 0.19325), (0.62996, 0.52706, 0.21082), (0.62494, 0.51702, 0.19075), (0.63247, 0.52455, 0.19576), (0.63749, 0.52706, 0.19325), (0.63749, 0.52706, 0.19325), (0.62494, 0.50196, 0.18071), (0.62494, 0.51702, 0.19075), (0.63749, 0.52706, 0.19827), (0.62996, 0.51451, 0.17067), (0.62494, 0.51953, 0.1782), (0.62494, 0.51953, 0.1782), (0.62745, 0.53459, 0.20831), (0.63749, 0.52706, 0.19827), (0.62996, 0.52957, 0.19827), (0.63749, 0.52706, 0.19827), (0.63247, 0.53208, 0.20078), (0.63247, 0.53208, 0.20078), (0.63247, 0.52455, 0.19576), (0.62996, 0.52957, 0.19827), (0.63247, 0.52204, 0.19325), (0.63247, 0.52204, 0.19325), (0.63247, 0.52204, 0.19325), (0.62996, 0.52957, 0.19325), (0.62996, 0.52957, 0.19827), (0.62745, 0.53208, 0.19827), (0.63498, 0.5371, 0.20831), (0.63498, 0.5371, 0.20831), (0.63749, 0.5371, 0.20831), (0.63749, 0.5371, 0.20831), (0.64, 0.53961, 0.21082), (0.63498, 0.5371, 0.20831), (0.63749, 0.55467, 0.22588), (0.63749, 0.54965, 0.22337), (0.64, 0.55718, 0.22337), (0.64, 0.55718, 0.22337), (0.63749, 0.55969, 0.24094), (0.63749, 0.55467, 0.22588), (0.63498, 0.52706, 0.19827), (0.63498, 0.52706, 0.19827), (0.63498, 0.52706, 0.19827), (0.63498, 0.52706, 0.19827), (0.63247, 0.52455, 0.19827), (0.63498, 0.52706, 0.19827), (0.63498, 0.57475, 0.26353), (0.64, 0.55718, 0.22337), (0.63749, 0.54965, 0.22337), (0.63749, 0.54212, 0.20831), (0.63247, 0.53961, 0.21333), (0.63498, 0.53961, 0.2058), (0.62996, 0.52204, 0.19325), (0.61741, 0.49694, 0.17569), (0.62996, 0.52204, 0.19576), (0.64, 0.55718, 0.22337), (0.64, 0.55718, 0.22337), (0.64, 0.5622, 0.24345), (0.64, 0.5622, 0.24345), (0.63749, 0.55969, 0.24094), (0.64, 0.55718, 0.22337), (0.64, 0.56722, 0.26604), (0.63749, 0.57475, 0.25851), (0.64, 0.56722, 0.24596), (0.64, 0.56722, 0.24596), (0.64, 0.56973, 0.26855), (0.64, 0.56722, 0.26604), (0.62996, 0.52204, 0.19576), (0.63498, 0.51702, 0.19075), (0.62996, 0.52204, 0.19325), (0.64, 0.55718, 0.22337), (0.64, 0.57475, 0.26604), (0.63498, 0.56973, 0.26102), (0.63247, 0.52455, 0.19827), (0.63498, 0.52706, 0.20078), (0.63498, 0.52706, 0.20078), (0.63498, 0.53961, 0.2058), (0.63498, 0.53961, 0.2058), (0.63749, 0.54212, 0.20831), (0.63749, 0.55718, 0.24847), (0.63247, 0.55216, 0.24345), (0.63247, 0.55216, 0.24847), (0.63247, 0.55216, 0.24847), (0.62996, 0.55718, 0.24094), (0.63749, 0.55718, 0.24847), (0.63498, 0.55216, 0.22839), (0.62494, 0.52455, 0.18824), (0.63498, 0.5371, 0.21835), (0.63498, 0.5371, 0.21835), (0.64, 0.55216, 0.22588), (0.63498, 0.55216, 0.22839), (0.63749, 0.54965, 0.22337), (0.64, 0.57976, 0.27357), (0.63498, 0.57475, 0.26353), (0.62494, 0.53459, 0.22588), (0.64, 0.55467, 0.25349), (0.64, 0.55216, 0.25098), (0.64, 0.55216, 0.25098), (0.63498, 0.54463, 0.23592), (0.62494, 0.53459, 0.22588), (0.64, 0.55216, 0.24345), (0.64, 0.56973, 0.26855), (0.63498, 0.55969, 0.25349), (0.63498, 0.55969, 0.25349), (0.63498, 0.5371, 0.21835), (0.64, 0.55216, 0.24345), (0.63749, 0.51953, 0.19325), (0.63247, 0.52204, 0.19325), (0.63247, 0.52957, 0.20831), (0.63247, 0.52957, 0.20831), (0.62996, 0.52204, 0.19325), (0.63749, 0.51953, 0.19325), (0.64, 0.55467, 0.23843), (0.63749, 0.55216, 0.24094), (0.64, 0.55718, 0.24596), (0.63498, 0.56973, 0.26102), (0.63749, 0.55216, 0.21835), (0.64, 0.55718, 0.22337), (0.63498, 0.54714, 0.22588), (0.64, 0.55718, 0.24094), (0.62745, 0.54714, 0.23843), (0.63749, 0.5622, 0.256), (0.63498, 0.5622, 0.26102), (0.63498, 0.5622, 0.26102), (0.63498, 0.5622, 0.26102), (0.63749, 0.56471, 0.26353), (0.63749, 0.5622, 0.256), (0.63749, 0.54463, 0.21835), (0.64, 0.53208, 0.19325), (0.62494, 0.52455, 0.18824), (0.62996, 0.54463, 0.21082), (0.62996, 0.54463, 0.21082), (0.62243, 0.54714, 0.22086), (0.63498, 0.52706, 0.19827), (0.63749, 0.52455, 0.20078), (0.63498, 0.52706, 0.19827), (0.63498, 0.56722, 0.27357), (0.63749, 0.56471, 0.27106), (0.64, 0.56722, 0.27106), (0.64, 0.56722, 0.27106), (0.64, 0.56722, 0.27106), (0.63498, 0.56722, 0.27357), (0.62996, 0.52957, 0.19325), (0.62996, 0.51451, 0.17569), (0.63498, 0.51953, 0.18071), (0.63498, 0.51953, 0.18071), (0.62996, 0.51953, 0.18071), (0.62996, 0.52957, 0.19325), (0.63498, 0.56973, 0.27106), (0.63498, 0.55467, 0.24596), (0.62996, 0.55467, 0.24345), (0.62996, 0.55467, 0.24345), (0.63749, 0.56973, 0.27608), (0.63498, 0.56973, 0.27106), (0.63247, 0.52204, 0.18824), (0.62996, 0.51953, 0.19075), (0.63247, 0.52455, 0.19827), (0.63498, 0.5622, 0.26102), (0.63749, 0.56471, 0.26353), (0.63247, 0.55718, 0.24596), (0.63247, 0.55718, 0.24596), (0.63749, 0.56722, 0.25851), (0.63498, 0.5622, 0.26102), (0.62745, 0.54714, 0.23843), (0.64, 0.55718, 0.24094), (0.63498, 0.54714, 0.22588), (0.6149, 0.46682, 0.14055), (0.60235, 0.47435, 0.15561), (0.63498, 0.46682, 0.13804), (0.63247, 0.52455, 0.19827), (0.62494, 0.51451, 0.17569), (0.62243, 0.51451, 0.18824), (0.62243, 0.51451, 0.18824), (0.63749, 0.52957, 0.20329), (0.63247, 0.52455, 0.19827), (0.63247, 0.55216, 0.24847), (0.63749, 0.55718, 0.24847), (0.63498, 0.55969, 0.25349), (0.63498, 0.55969, 0.25349), (0.63749, 0.5622, 0.26102), (0.63247, 0.55216, 0.24847), (0.62745, 0.47184, 0.128), (0.62996, 0.46431, 0.12298), (0.63247, 0.4618, 0.12298), (0.62996, 0.52204, 0.19325), (0.63498, 0.52706, 0.19827), (0.63498, 0.52706, 0.19827), (0.63498, 0.52706, 0.19827), (0.62745, 0.51953, 0.19075), (0.62996, 0.52204, 0.19325), (0.62745, 0.52957, 0.2058), (0.63498, 0.5371, 0.21333), (0.63498, 0.54212, 0.21584), (0.63498, 0.54212, 0.21584), (0.63749, 0.5622, 0.23592), (0.62745, 0.52957, 0.2058), (0.62996, 0.55216, 0.23843), (0.62996, 0.54714, 0.21835), (0.63749, 0.55467, 0.22086), (0.63749, 0.55467, 0.22086), (0.63498, 0.54965, 0.23341), (0.62996, 0.55216, 0.23843), (0.63498, 0.5371, 0.20831), (0.63247, 0.5371, 0.20329), (0.63498, 0.53961, 0.2058), (0.63498, 0.53961, 0.2058), (0.63498, 0.53961, 0.2058), (0.63498, 0.5371, 0.20831), (0.63498, 0.52706, 0.19827), (0.62996, 0.52957, 0.19827), (0.62996, 0.53208, 0.20329), (0.63498, 0.46682, 0.13804), (0.62996, 0.4618, 0.128), (0.6149, 0.46682, 0.14055), (0.63498, 0.52706, 0.19827), (0.63247, 0.52455, 0.19576), (0.63749, 0.52706, 0.19827), (0.63749, 0.52706, 0.19827), (0.63749, 0.52455, 0.20078), (0.63498, 0.52706, 0.19827), (0.62745, 0.50447, 0.15561), (0.62745, 0.51702, 0.18322), (0.62494, 0.51953, 0.18322), (0.62494, 0.51953, 0.18322), (0.64, 0.51953, 0.1782), (0.62745, 0.50447, 0.15561), (0.63498, 0.51953, 0.17569), (0.63749, 0.52706, 0.19827), (0.62745, 0.53459, 0.20831), (0.62745, 0.53459, 0.20831), (0.62494, 0.51451, 0.18071), (0.63498, 0.51953, 0.17569), (0.63247, 0.52706, 0.19075), (0.63247, 0.52455, 0.19576), (0.63498, 0.51702, 0.19075), (0.63498, 0.52706, 0.20078), (0.62996, 0.512, 0.18071), (0.62494, 0.51451, 0.17569), (0.63247, 0.52957, 0.21835), (0.62494, 0.52706, 0.20831), (0.63498, 0.52706, 0.20078), (0.63498, 0.48941, 0.14808), (0.63498, 0.49443, 0.15059), (0.62243, 0.50196, 0.16565), (0.62243, 0.50196, 0.16565), (0.61992, 0.50949, 0.18071), (0.63498, 0.48941, 0.14808), (0.62996, 0.54965, 0.24094), (0.63247, 0.5622, 0.25349), (0.63749, 0.5622, 0.256), (0.63749, 0.5622, 0.256), (0.63498, 0.55467, 0.24596), (0.62996, 0.54965, 0.24094), (0.62996, 0.46682, 0.14055), (0.61741, 0.47435, 0.14055), (0.6149, 0.48188, 0.16063), (0.6149, 0.48188, 0.16063), (0.6149, 0.48188, 0.16063), (0.62996, 0.46682, 0.14055), (0.63498, 0.51702, 0.19075), (0.63749, 0.52455, 0.2058), (0.64, 0.52455, 0.19325), (0.64, 0.52455, 0.19325), (0.62745, 0.50196, 0.16314), (0.63498, 0.51702, 0.19075), (0.62494, 0.51451, 0.17569), (0.62243, 0.51451, 0.16565), (0.6149, 0.51953, 0.18573), (0.6149, 0.51953, 0.18573), (0.62243, 0.51451, 0.18824), (0.62494, 0.51451, 0.17569), (0.63247, 0.4618, 0.12298), (0.62494, 0.46431, 0.12298), (0.62745, 0.47184, 0.128), (0.63498, 0.52706, 0.20078), (0.63498, 0.52706, 0.20078), (0.63247, 0.52957, 0.21835), (0.63749, 0.5622, 0.256), (0.64, 0.56973, 0.25349), (0.63498, 0.56471, 0.256), (0.63498, 0.56471, 0.256), (0.63498, 0.55467, 0.24596), (0.63749, 0.5622, 0.256), (0.62996, 0.53208, 0.20329), (0.63247, 0.52455, 0.19827), (0.63498, 0.52706, 0.19827), (0.63498, 0.5622, 0.26102), (0.63749, 0.56973, 0.27608), (0.63749, 0.56471, 0.26353), (0.63749, 0.56471, 0.26353), (0.63498, 0.5622, 0.26102), (0.63498, 0.5622, 0.26102), (0.64, 0.55467, 0.24345), (0.64, 0.55216, 0.25098), (0.63749, 0.54714, 0.24094), (0.63749, 0.54714, 0.24094), (0.64, 0.55718, 0.24847), (0.64, 0.55467, 0.24345), (0.62745, 0.53961, 0.21835), (0.63498, 0.5622, 0.23592), (0.62745, 0.55969, 0.2309), (0.62745, 0.55969, 0.2309), (0.63247, 0.54463, 0.22337), (0.62745, 0.53961, 0.21835), (0.63498, 0.52706, 0.19827), (0.63498, 0.52706, 0.19827), (0.63498, 0.52706, 0.19827), (0.62494, 0.52455, 0.18824), (0.63498, 0.55216, 0.22839), (0.63749, 0.54463, 0.21835), (0.63247, 0.52204, 0.19325), (0.63247, 0.52204, 0.19325), (0.63247, 0.52204, 0.19325), (0.62996, 0.46431, 0.12298), (0.61741, 0.45678, 0.11545), (0.63247, 0.45176, 0.10541), (0.63247, 0.45176, 0.10541), (0.63247, 0.45176, 0.10541), (0.62996, 0.46431, 0.12298), (0.63247, 0.52204, 0.19325), (0.63247, 0.52204, 0.19325), (0.63247, 0.52204, 0.19325), (0.63247, 0.55216, 0.24345), (0.64, 0.55718, 0.24094), (0.63247, 0.54965, 0.22588), (0.64, 0.56471, 0.27106), (0.64, 0.56471, 0.26353), (0.62996, 0.55467, 0.24847), (0.64, 0.54714, 0.22839), (0.63498, 0.55969, 0.24847), (0.63498, 0.56471, 0.25098), (0.63498, 0.56471, 0.25098), (0.63498, 0.53208, 0.21584), (0.64, 0.54714, 0.22839), (0.63498, 0.55467, 0.25098), (0.63247, 0.53459, 0.21082), (0.63749, 0.53961, 0.22086), (0.63749, 0.53961, 0.22086), (0.64, 0.55718, 0.24847), (0.63498, 0.55467, 0.25098), (0.63247, 0.54965, 0.22588), (0.64, 0.5622, 0.24345), (0.63247, 0.55216, 0.24345), (0.63749, 0.55216, 0.24345), (0.62745, 0.52706, 0.19576), (0.62745, 0.52957, 0.20078), (0.64, 0.52455, 0.19325), (0.63749, 0.54714, 0.23843), (0.63749, 0.55216, 0.24094), (0.63749, 0.55216, 0.24094), (0.63247, 0.53208, 0.20329), (0.64, 0.52455, 0.19325), (0.63498, 0.5622, 0.26102), (0.63749, 0.5622, 0.256), (0.62996, 0.55718, 0.26102), (0.62996, 0.55718, 0.26102), (0.64, 0.57224, 0.27859), (0.63498, 0.5622, 0.26102), (0.61992, 0.50949, 0.17569), (0.62494, 0.51451, 0.17569), (0.62745, 0.51702, 0.1782), (0.63247, 0.5371, 0.22337), (0.61992, 0.53208, 0.21584), (0.63247, 0.53208, 0.20078), (0.63247, 0.46431, 0.13051), (0.63498, 0.45176, 0.10541), (0.60737, 0.46431, 0.13051), (0.64, 0.56973, 0.26855), (0.63749, 0.58478, 0.29616), (0.63749, 0.58478, 0.29616), (0.63749, 0.58478, 0.29616), (0.64, 0.56722, 0.27106), (0.64, 0.56973, 0.26855), (0.61992, 0.46431, 0.12047), (0.60235, 0.46682, 0.13051), (0.62243, 0.47184, 0.14557), (0.62243, 0.47184, 0.14557), (0.62996, 0.46682, 0.14055), (0.61992, 0.46431, 0.12047), (0.62745, 0.52957, 0.20078), (0.62745, 0.54714, 0.23843), (0.63749, 0.55216, 0.24345), (0.63247, 0.54714, 0.23592), (0.62745, 0.57224, 0.26604), (0.63247, 0.56722, 0.26353), (0.63247, 0.56722, 0.26353), (0.62243, 0.53459, 0.21333), (0.63247, 0.54714, 0.23592), (0.62494, 0.50196, 0.14808), (0.63247, 0.512, 0.17067), (0.62494, 0.50698, 0.17569), (0.62494, 0.50698, 0.17569), (0.6149, 0.49192, 0.13804), (0.62494, 0.50196, 0.14808), (0.63247, 0.52455, 0.19827), (0.63749, 0.52204, 0.18322), (0.63247, 0.52204, 0.18824), (0.63749, 0.56973, 0.27608), (0.63749, 0.55216, 0.23592), (0.63749, 0.55216, 0.24094), (0.63749, 0.55216, 0.24094), (0.63749, 0.56471, 0.26353), (0.63749, 0.56973, 0.27608), (0.63247, 0.53208, 0.20078), (0.63247, 0.52455, 0.19576), (0.63247, 0.5371, 0.22337), (0.63247, 0.5622, 0.24596), (0.63247, 0.53208, 0.20078), (0.62996, 0.52204, 0.19576), (0.62996, 0.44925, 0.10792), (0.63247, 0.44675, 0.10792), (0.62996, 0.44925, 0.1029), (0.63498, 0.51702, 0.19075), (0.62996, 0.51953, 0.19075), (0.63247, 0.52706, 0.19075), (0.63247, 0.50196, 0.16063), (0.62996, 0.49443, 0.15561), (0.62243, 0.50447, 0.17318), (0.62243, 0.50447, 0.17318), (0.6149, 0.50447, 0.17569), (0.63247, 0.50196, 0.16063), (0.63498, 0.55467, 0.25098), (0.63247, 0.55216, 0.24847), (0.63498, 0.53961, 0.22086), (0.63498, 0.56973, 0.26604), (0.62745, 0.54965, 0.23592), (0.62745, 0.54212, 0.2309), (0.62745, 0.54212, 0.2309), (0.63749, 0.56471, 0.26353), (0.63498, 0.56973, 0.26604), (0.63498, 0.55718, 0.24345), (0.63498, 0.55718, 0.24345), (0.62996, 0.53961, 0.2309), (0.63247, 0.54463, 0.22337), (0.62996, 0.52204, 0.19576), (0.61741, 0.49694, 0.17569), (0.61741, 0.49694, 0.17569), (0.63749, 0.52957, 0.20831), (0.63247, 0.54463, 0.22337), (0.63498, 0.5371, 0.20831), (0.63498, 0.53961, 0.2058), (0.63498, 0.53961, 0.2058), (0.63498, 0.53961, 0.2058), (0.63498, 0.5371, 0.20831), (0.63498, 0.5371, 0.20831), (0.62996, 0.55467, 0.24847), (0.63749, 0.55969, 0.26604), (0.64, 0.56471, 0.27106), (0.63498, 0.53961, 0.22086), (0.62996, 0.54212, 0.22086), (0.63498, 0.55467, 0.25098), (0.62996, 0.52204, 0.19576), (0.63498, 0.55718, 0.24345), (0.63247, 0.5622, 0.24596), (0.62996, 0.51451, 0.17569), (0.64, 0.54212, 0.23843), (0.63749, 0.54212, 0.23341), (0.63749, 0.54212, 0.23341), (0.63498, 0.51953, 0.18071), (0.62996, 0.51451, 0.17569), (0.60737, 0.46431, 0.13051), (0.60988, 0.47686, 0.14557), (0.63247, 0.46431, 0.13051), (0.63749, 0.5622, 0.25098), (0.62996, 0.55969, 0.24596), (0.63247, 0.5622, 0.25349), (0.63247, 0.5622, 0.25349), (0.62996, 0.54965, 0.24094), (0.63749, 0.5622, 0.25098), (0.63749, 0.54965, 0.22839), (0.62996, 0.56722, 0.24345), (0.64, 0.56722, 0.24847), (0.64, 0.56722, 0.24847), (0.63749, 0.54463, 0.21333), (0.63749, 0.54965, 0.22839), (0.62996, 0.53961, 0.2309), (0.62745, 0.54714, 0.23843), (0.63498, 0.55718, 0.24345), (0.62243, 0.54714, 0.22086), (0.62494, 0.54714, 0.22839), (0.62996, 0.54463, 0.21082), (0.62494, 0.46431, 0.12298), (0.63247, 0.49192, 0.14808), (0.63498, 0.49443, 0.15059), (0.63498, 0.49443, 0.15059), (0.62745, 0.47184, 0.128), (0.62494, 0.46431, 0.12298), (0.63498, 0.46682, 0.13804), (0.61741, 0.47435, 0.14055), (0.62243, 0.4869, 0.15059), (0.62243, 0.4869, 0.15059), (0.62996, 0.46933, 0.13804), (0.63498, 0.46682, 0.13804), (0.62494, 0.51451, 0.17569), (0.63247, 0.52455, 0.19827), (0.63498, 0.52706, 0.20078), (0.63498, 0.50949, 0.17067), (0.62996, 0.51451, 0.17067), (0.63247, 0.512, 0.17067), (0.63247, 0.512, 0.17067), (0.63247, 0.512, 0.17067), (0.63498, 0.50949, 0.17067), (0.64, 0.57976, 0.27608), (0.63749, 0.5622, 0.26102), (0.63749, 0.5622, 0.26102), (0.63749, 0.5622, 0.26102), (0.64, 0.56973, 0.26855), (0.64, 0.57976, 0.27608), (0.63247, 0.4869, 0.14557), (0.63247, 0.49192, 0.14808), (0.62494, 0.50196, 0.17318), (0.63749, 0.54212, 0.20831), (0.63247, 0.54463, 0.21835), (0.62243, 0.54714, 0.22086), (0.64, 0.52455, 0.19325), (0.63247, 0.53208, 0.20078), (0.62996, 0.52204, 0.19325), (0.64, 0.55718, 0.22337), (0.63749, 0.55216, 0.21835), (0.64, 0.55718, 0.24094), (0.64, 0.55718, 0.24094), (0.63247, 0.55467, 0.23592), (0.64, 0.55718, 0.22337), (0.62494, 0.50949, 0.16314), (0.62243, 0.51451, 0.16565), (0.62745, 0.52455, 0.17318), (0.62745, 0.52706, 0.19576), (0.63749, 0.55216, 0.24345), (0.64, 0.55216, 0.23592), (0.64, 0.55216, 0.23592), (0.63247, 0.52455, 0.19576), (0.62745, 0.52706, 0.19576), (0.62996, 0.44925, 0.1029), (0.63247, 0.4618, 0.128), (0.63247, 0.46431, 0.13051), (0.63498, 0.55969, 0.24847), (0.63749, 0.56471, 0.24847), (0.64, 0.5622, 0.24847), (0.62243, 0.54714, 0.22086), (0.62996, 0.5371, 0.2058), (0.63749, 0.54212, 0.20831), (0.63247, 0.53208, 0.20078), (0.63247, 0.5622, 0.24596), (0.63247, 0.56973, 0.25098), (0.63247, 0.56973, 0.25098), (0.62745, 0.53459, 0.20329), (0.63247, 0.53208, 0.20078), (0.62494, 0.50196, 0.17318), (0.62745, 0.50196, 0.16314), (0.63247, 0.4869, 0.14557), (0.63247, 0.52204, 0.19325), (0.63247, 0.52204, 0.19325), (0.63247, 0.52204, 0.19325), (0.63247, 0.52204, 0.19325), (0.63247, 0.52204, 0.19325), (0.63247, 0.52204, 0.19325), (0.62745, 0.52957, 0.21082), (0.62494, 0.5371, 0.21584), (0.62996, 0.52706, 0.2058), (0.62996, 0.52706, 0.2058), (0.63247, 0.52455, 0.19827), (0.62745, 0.52957, 0.21082), (0.63498, 0.5371, 0.21333), (0.64, 0.54714, 0.22839), (0.63247, 0.54463, 0.22839), (0.63247, 0.54463, 0.22839), (0.62243, 0.53459, 0.21835), (0.63498, 0.5371, 0.21333), (0.62745, 0.52706, 0.19576), (0.62996, 0.52204, 0.19576), (0.63247, 0.53208, 0.20078), (0.63247, 0.53208, 0.20078), (0.62745, 0.52957, 0.20078), (0.62745, 0.52706, 0.19576), (0.63247, 0.55969, 0.24345), (0.63749, 0.56722, 0.25851), (0.64, 0.57475, 0.27106), (0.64, 0.57475, 0.27106), (0.63247, 0.55969, 0.23843), (0.63247, 0.55969, 0.24345), (0.62996, 0.44925, 0.1029), (0.63498, 0.45176, 0.10541), (0.62996, 0.44925, 0.10792), (0.63247, 0.51953, 0.19576), (0.63247, 0.52204, 0.19325), (0.63247, 0.52204, 0.19325), (0.63247, 0.52204, 0.19325), (0.63247, 0.52204, 0.19325), (0.63247, 0.51953, 0.19576), (0.62745, 0.51702, 0.1782), (0.62745, 0.52204, 0.18573), (0.61992, 0.50949, 0.17569), (0.62996, 0.53208, 0.20831), (0.62494, 0.5371, 0.22086), (0.63247, 0.52957, 0.20831), (0.63247, 0.52957, 0.20831), (0.63247, 0.52204, 0.19325), (0.62996, 0.53208, 0.20831), (0.63498, 0.5371, 0.20831), (0.63498, 0.5371, 0.20831), (0.63247, 0.5371, 0.20329), (0.63498, 0.54463, 0.23592), (0.63749, 0.56471, 0.24847), (0.63749, 0.56471, 0.24847), (0.63749, 0.56471, 0.24847), (0.62745, 0.54714, 0.23843), (0.63498, 0.54463, 0.23592), (0.62996, 0.51451, 0.17067), (0.62996, 0.512, 0.16565), (0.63247, 0.52706, 0.18573), (0.63498, 0.51953, 0.17569), (0.62494, 0.51451, 0.18071), (0.63247, 0.52706, 0.18573), (0.63749, 0.55216, 0.24094), (0.64, 0.5622, 0.25349), (0.63498, 0.5622, 0.24094), (0.63498, 0.5622, 0.24094), (0.64, 0.56471, 0.25349), (0.63749, 0.55216, 0.24094), (0.63247, 0.53208, 0.20078), (0.63247, 0.55467, 0.23592), (0.64, 0.55467, 0.23843), (0.62996, 0.51702, 0.19325), (0.62745, 0.52706, 0.21584), (0.63247, 0.52204, 0.19325), (0.62996, 0.54463, 0.21082), (0.64, 0.55718, 0.24847), (0.63749, 0.55216, 0.24345), (0.63749, 0.55216, 0.24345), (0.62243, 0.54714, 0.22086), (0.62996, 0.54463, 0.21082), (0.63247, 0.52204, 0.19325), (0.63247, 0.52204, 0.19325), (0.62996, 0.51702, 0.19325), (0.63749, 0.57224, 0.26855), (0.64, 0.55467, 0.22086), (0.64, 0.55216, 0.22588), (0.64, 0.55216, 0.22588), (0.63247, 0.56722, 0.26353), (0.63749, 0.57224, 0.26855), (0.63247, 0.52706, 0.18573), (0.61992, 0.512, 0.18322), (0.62996, 0.51451, 0.17067), (0.63247, 0.5371, 0.20329), (0.63498, 0.53459, 0.2058), (0.63498, 0.5371, 0.20831), (0.63749, 0.58478, 0.29616), (0.64, 0.56722, 0.27106), (0.62494, 0.55969, 0.26102), (0.62996, 0.4618, 0.128), (0.62996, 0.46933, 0.13804), (0.63498, 0.46682, 0.13804), (0.62996, 0.52957, 0.19827), (0.63498, 0.51702, 0.19075), (0.62996, 0.512, 0.18573), (0.63247, 0.52455, 0.19576), (0.63247, 0.52455, 0.19576), (0.62996, 0.52204, 0.19576), (0.62996, 0.52204, 0.19576), (0.63247, 0.52455, 0.19576), (0.63247, 0.52455, 0.19576), (0.63498, 0.46682, 0.13804), (0.63247, 0.46431, 0.13051), (0.62996, 0.4618, 0.128), (0.62996, 0.512, 0.18573), (0.62745, 0.52706, 0.19075), (0.62996, 0.52957, 0.19827), (0.63247, 0.52706, 0.18573), (0.62996, 0.52455, 0.18322), (0.63498, 0.51953, 0.17569), (0.62745, 0.52455, 0.17318), (0.62243, 0.51451, 0.16816), (0.62494, 0.50949, 0.16314), (0.62996, 0.52204, 0.19325), (0.64, 0.52455, 0.18573), (0.64, 0.52455, 0.19325), (0.64, 0.5622, 0.24847), (0.62996, 0.55718, 0.24094), (0.63498, 0.55969, 0.24847), (0.64, 0.55969, 0.256), (0.63498, 0.54463, 0.23592), (0.62745, 0.54212, 0.23341), (0.62745, 0.54212, 0.23341), (0.63498, 0.55969, 0.24847), (0.64, 0.55969, 0.256), (0.63498, 0.49443, 0.15059), (0.63247, 0.4869, 0.14557), (0.62745, 0.50196, 0.16314), (0.62745, 0.50196, 0.16314), (0.62745, 0.50196, 0.16816), (0.63498, 0.49443, 0.15059), (0.62494, 0.55969, 0.26102), (0.64, 0.57725, 0.29867), (0.63749, 0.58478, 0.29616), (0.63247, 0.4618, 0.12298), (0.62996, 0.46431, 0.12298), (0.62996, 0.46682, 0.14055), (0.62996, 0.46431, 0.11796), (0.63749, 0.49443, 0.14557), (0.63749, 0.49192, 0.15059), (0.63498, 0.52706, 0.20078), (0.63498, 0.52706, 0.20078), (0.63498, 0.52706, 0.19827), (0.63498, 0.52706, 0.19827), (0.63498, 0.52706, 0.20078), (0.63498, 0.52706, 0.20078), (0.63247, 0.55216, 0.24345), (0.63749, 0.53961, 0.21584), (0.63749, 0.54212, 0.23341), (0.64, 0.57224, 0.27608), (0.61741, 0.50949, 0.18071), (0.63247, 0.53459, 0.21082), (0.63247, 0.53459, 0.21082), (0.63498, 0.55467, 0.25098), (0.64, 0.57224, 0.27608), (0.63498, 0.52455, 0.19576), (0.63247, 0.52204, 0.19325), (0.63247, 0.52204, 0.19325), (0.62745, 0.50196, 0.16816), (0.61741, 0.49694, 0.16063), (0.63498, 0.49443, 0.15059), (0.62494, 0.49945, 0.16063), (0.62996, 0.46682, 0.14055), (0.62745, 0.46431, 0.13804), (0.63247, 0.55216, 0.24345), (0.64, 0.56973, 0.27608), (0.64, 0.57224, 0.27608), (0.64, 0.57224, 0.27608), (0.64, 0.56722, 0.26604), (0.63247, 0.55216, 0.24345), (0.62996, 0.51953, 0.19075), (0.63247, 0.52204, 0.19325), (0.63247, 0.52204, 0.19325), (0.63247, 0.52204, 0.19325), (0.62745, 0.51953, 0.19075), (0.62996, 0.51953, 0.19075), (0.63749, 0.54714, 0.24094), (0.62745, 0.52957, 0.20078), (0.62745, 0.52706, 0.19827), (0.62745, 0.52706, 0.19827), (0.63247, 0.54463, 0.22337), (0.63749, 0.54714, 0.24094), (0.63749, 0.52455, 0.20078), (0.63498, 0.52706, 0.19827), (0.63498, 0.52706, 0.20078), (0.63247, 0.53961, 0.21333), (0.63749, 0.54212, 0.20831), (0.62996, 0.5371, 0.2058), (0.62996, 0.5371, 0.2058), (0.62745, 0.54212, 0.22588), (0.63247, 0.53961, 0.21333), (0.63749, 0.5622, 0.256), (0.62745, 0.5622, 0.25851), (0.62745, 0.5622, 0.25851), (0.62745, 0.5622, 0.25851), (0.62745, 0.55216, 0.24596), (0.63749, 0.5622, 0.256), (0.64, 0.55718, 0.24847), (0.63749, 0.54714, 0.24094), (0.64, 0.54965, 0.24094), (0.64, 0.54965, 0.24094), (0.63749, 0.55216, 0.24345), (0.64, 0.55718, 0.24847), (0.63498, 0.49443, 0.15059), (0.63498, 0.49443, 0.15059), (0.62745, 0.50196, 0.16816), (0.64, 0.55467, 0.23843), (0.62996, 0.52204, 0.19325), (0.63247, 0.53208, 0.20078), (0.63247, 0.5622, 0.24596), (0.63749, 0.54714, 0.23843), (0.62996, 0.54463, 0.23341), (0.62996, 0.54463, 0.23341), (0.63247, 0.56973, 0.25098), (0.63247, 0.5622, 0.24596), (0.62745, 0.46431, 0.13804), (0.62996, 0.50447, 0.16565), (0.62494, 0.49945, 0.16063), (0.63247, 0.46431, 0.13051), (0.63247, 0.45176, 0.10541), (0.62996, 0.44925, 0.1029), (0.64, 0.55718, 0.23341), (0.64, 0.57475, 0.27106), (0.63749, 0.56722, 0.25851), (0.63749, 0.56722, 0.25851), (0.64, 0.56973, 0.25349), (0.64, 0.55718, 0.23341), (0.63498, 0.52706, 0.20078), (0.63498, 0.52706, 0.19827), (0.63749, 0.52455, 0.20078), (0.64, 0.56722, 0.26102), (0.64, 0.55718, 0.24847), (0.64, 0.5622, 0.25851), (0.63247, 0.54463, 0.22337), (0.64, 0.55216, 0.23592), (0.63749, 0.55216, 0.24345), (0.63749, 0.55216, 0.24345), (0.62745, 0.53961, 0.21835), (0.63247, 0.54463, 0.22337), (0.64, 0.56722, 0.27106), (0.64, 0.56471, 0.27357), (0.64, 0.56722, 0.27357), (0.63498, 0.5371, 0.20831), (0.63498, 0.5371, 0.20831), (0.63749, 0.5371, 0.20831), (0.63749, 0.5371, 0.20831), (0.63498, 0.5371, 0.20831), (0.63498, 0.5371, 0.20831), (0.63749, 0.55216, 0.24094), (0.64, 0.56722, 0.27357), (0.64, 0.56722, 0.27106), (0.64, 0.56722, 0.27106), (0.62494, 0.54714, 0.23341), (0.63749, 0.55216, 0.24094), (0.63749, 0.56471, 0.27106), (0.63498, 0.56722, 0.27357), (0.64, 0.55969, 0.256), (0.64, 0.55969, 0.256), (0.64, 0.55969, 0.256), (0.63749, 0.56471, 0.27106), (0.63247, 0.52204, 0.19325), (0.62996, 0.52204, 0.19325), (0.62745, 0.51953, 0.19075), (0.63247, 0.51702, 0.1782), (0.63498, 0.51953, 0.17569), (0.62996, 0.52455, 0.18322), (0.62996, 0.52455, 0.18322), (0.62745, 0.51953, 0.17318), (0.63247, 0.51702, 0.1782), (0.64, 0.5622, 0.24345), (0.63247, 0.54965, 0.22588), (0.62243, 0.53961, 0.21584), (0.62243, 0.53961, 0.21584), (0.64, 0.55467, 0.24345), (0.64, 0.5622, 0.24345), (0.64, 0.5622, 0.25851), (0.64, 0.57475, 0.27608), (0.64, 0.56722, 0.26102), (0.63749, 0.49192, 0.15059), (0.62996, 0.46431, 0.11796), (0.62996, 0.46431, 0.11796), (0.62745, 0.53961, 0.21835), (0.63749, 0.55216, 0.24345), (0.62745, 0.54714, 0.23843), (0.62745, 0.51702, 0.18824), (0.64, 0.55467, 0.24345), (0.64, 0.55718, 0.24094), (0.64, 0.55718, 0.24094), (0.62745, 0.50949, 0.18322), (0.62745, 0.51702, 0.18824), (0.62745, 0.51953, 0.19075), (0.63247, 0.52455, 0.19576), (0.63498, 0.52706, 0.19827), (0.63498, 0.52706, 0.19827), (0.62996, 0.52204, 0.19325), (0.62745, 0.51953, 0.19075), (0.63247, 0.5371, 0.20329), (0.64, 0.54714, 0.21333), (0.64, 0.55216, 0.22588), (0.64, 0.55216, 0.22588), (0.62494, 0.51953, 0.1782), (0.63247, 0.5371, 0.20329), (0.63749, 0.52706, 0.19827), (0.62996, 0.52957, 0.19827), (0.63247, 0.53208, 0.20078), (0.63247, 0.53208, 0.20078), (0.63749, 0.52706, 0.19827), (0.63749, 0.52706, 0.19827), (0.63247, 0.52455, 0.19827), (0.62996, 0.53208, 0.20329), (0.62243, 0.53459, 0.21835), (0.62243, 0.53459, 0.21835), (0.62745, 0.52957, 0.21082), (0.63247, 0.52455, 0.19827), (0.62745, 0.54714, 0.23843), (0.63247, 0.54714, 0.2309), (0.62745, 0.53961, 0.21835), (0.63749, 0.51451, 0.18573), (0.63247, 0.52706, 0.19075), (0.62494, 0.52455, 0.19325), (0.62494, 0.52455, 0.19325), (0.62996, 0.51953, 0.18573), (0.63749, 0.51451, 0.18573), (0.63749, 0.54212, 0.23341), (0.64, 0.56471, 0.26353), (0.63247, 0.55216, 0.24345), (0.63247, 0.56722, 0.26353), (0.63247, 0.55216, 0.24345), (0.63247, 0.55718, 0.25098), (0.62996, 0.54965, 0.24094), (0.64, 0.56722, 0.27106), (0.64, 0.56471, 0.25349), (0.64, 0.56471, 0.25349), (0.63247, 0.55467, 0.23592), (0.62996, 0.54965, 0.24094), (0.62996, 0.55969, 0.25098), (0.63498, 0.56973, 0.26102), (0.64, 0.57725, 0.27357), (0.64, 0.57725, 0.27357), (0.62996, 0.55969, 0.24596), (0.62996, 0.55969, 0.25098), (0.63498, 0.52455, 0.19576), (0.63247, 0.52204, 0.19325), (0.63247, 0.52204, 0.19325), (0.63247, 0.52204, 0.19325), (0.62996, 0.51953, 0.19075), (0.63498, 0.52455, 0.19576), (0.64, 0.56722, 0.27106), (0.64, 0.56471, 0.27106), (0.64, 0.56722, 0.27106), (0.63247, 0.5371, 0.20329), (0.63749, 0.52706, 0.19827), (0.63247, 0.52455, 0.19576), (0.64, 0.5622, 0.26855), (0.64, 0.56471, 0.27106), (0.63749, 0.55718, 0.25851), (0.63749, 0.55718, 0.25851), (0.63498, 0.55467, 0.256), (0.64, 0.5622, 0.26855), (0.62745, 0.54965, 0.23592), (0.64, 0.56973, 0.26102), (0.64, 0.56722, 0.25098), (0.64, 0.56722, 0.25098), (0.62494, 0.54714, 0.23341), (0.62745, 0.54965, 0.23592), (0.63498, 0.55969, 0.24847), (0.62745, 0.54212, 0.23341), (0.64, 0.55216, 0.24345), (0.64, 0.55216, 0.24345), (0.63498, 0.56471, 0.25098), (0.63498, 0.55969, 0.24847), (0.63247, 0.55718, 0.25098), (0.63749, 0.57224, 0.26855), (0.63247, 0.56722, 0.26353), (0.62745, 0.52706, 0.19827), (0.62745, 0.52957, 0.2058), (0.64, 0.54714, 0.22086), (0.6149, 0.49192, 0.13804), (0.63247, 0.52455, 0.19576), (0.62243, 0.52455, 0.19576), (0.62243, 0.52455, 0.19576), (0.62494, 0.50196, 0.14808), (0.6149, 0.49192, 0.13804), (0.62745, 0.5622, 0.25851), (0.64, 0.56973, 0.256), (0.63498, 0.56973, 0.26102), (0.63498, 0.56973, 0.26102), (0.62996, 0.55969, 0.25098), (0.62745, 0.5622, 0.25851), (0.63498, 0.52455, 0.18573), (0.63498, 0.50196, 0.17067), (0.62996, 0.50447, 0.17067), (0.62996, 0.50447, 0.17067), (0.63498, 0.52455, 0.19075), (0.63498, 0.52455, 0.18573), (0.63247, 0.52455, 0.19576), (0.63749, 0.54212, 0.20831), (0.63247, 0.5371, 0.20329), (0.63247, 0.52204, 0.19325), (0.63247, 0.52706, 0.19075), (0.62996, 0.51953, 0.19075), (0.62996, 0.51953, 0.19075), (0.62745, 0.49694, 0.15561), (0.63247, 0.52455, 0.19576), (0.63749, 0.52204, 0.18322), (0.63247, 0.52455, 0.19827), (0.62243, 0.52455, 0.20078), (0.62243, 0.52455, 0.20078), (0.63749, 0.51953, 0.18824), (0.63749, 0.52204, 0.18322), (0.62996, 0.52957, 0.19827), (0.62494, 0.52957, 0.19576), (0.62996, 0.52957, 0.19827), (0.62996, 0.52957, 0.19827), (0.62996, 0.52957, 0.19827), (0.62996, 0.52957, 0.19827), (0.63247, 0.52204, 0.19325), (0.63498, 0.52455, 0.19576), (0.63498, 0.52455, 0.19576), (0.64, 0.54714, 0.22086), (0.62745, 0.52204, 0.18573), (0.62745, 0.52706, 0.19827), (0.64, 0.55718, 0.24847), (0.64, 0.55969, 0.256), (0.63498, 0.56722, 0.27357), (0.63749, 0.56722, 0.25851), (0.64, 0.57475, 0.27106), (0.63749, 0.57224, 0.26855), (0.63749, 0.57224, 0.26855), (0.63749, 0.5622, 0.25098), (0.63749, 0.56722, 0.25851), (0.63498, 0.55969, 0.24847), (0.64, 0.54714, 0.22839), (0.64, 0.54714, 0.22839), (0.63749, 0.52706, 0.21333), (0.62745, 0.50698, 0.17067), (0.63749, 0.51953, 0.19325), (0.63749, 0.51953, 0.19325), (0.62996, 0.52706, 0.21082), (0.63749, 0.52706, 0.21333), (0.63498, 0.56973, 0.27106), (0.63498, 0.55718, 0.24345), (0.63498, 0.55718, 0.24345), (0.63498, 0.55718, 0.24345), (0.63498, 0.5622, 0.26102), (0.63498, 0.56973, 0.27106), (0.62996, 0.512, 0.18573), (0.62996, 0.512, 0.18071), (0.62494, 0.49192, 0.16063), (0.62494, 0.49192, 0.16063), (0.62745, 0.50698, 0.17067), (0.62996, 0.512, 0.18573), (0.62745, 0.49694, 0.15561), (0.62745, 0.50196, 0.16314), (0.63247, 0.49192, 0.14808), (0.62494, 0.5371, 0.21082), (0.62243, 0.53961, 0.21584), (0.63247, 0.54965, 0.22588), (0.62996, 0.52706, 0.21082), (0.62996, 0.52706, 0.2058), (0.64, 0.52957, 0.20078), (0.64, 0.52957, 0.20078), (0.62996, 0.52957, 0.20078), (0.62996, 0.52706, 0.21082), (0.63247, 0.52455, 0.19576), (0.63498, 0.52706, 0.19827), (0.63498, 0.52706, 0.19827), (0.63498, 0.56722, 0.27357), (0.64, 0.56722, 0.27357), (0.64, 0.55718, 0.24847), (0.62745, 0.52957, 0.20078), (0.62996, 0.53208, 0.20329), (0.62996, 0.52957, 0.19827), (0.63247, 0.54463, 0.21835), (0.63247, 0.53961, 0.21333), (0.62494, 0.54714, 0.22839), (0.62494, 0.54714, 0.22839), (0.62243, 0.54714, 0.22086), (0.63247, 0.54463, 0.21835), (0.64, 0.54714, 0.22839), (0.64, 0.55969, 0.256), (0.63498, 0.55969, 0.24847), (0.63498, 0.53961, 0.22588), (0.63749, 0.5622, 0.256), (0.63498, 0.5622, 0.26102), (0.62745, 0.50447, 0.15561), (0.63749, 0.52706, 0.19325), (0.63247, 0.52455, 0.19576), (0.63247, 0.52455, 0.19576), (0.6149, 0.49192, 0.13804), (0.62745, 0.50447, 0.15561), (0.63498, 0.5622, 0.26102), (0.63498, 0.54463, 0.23592), (0.63498, 0.53961, 0.22588), (0.64, 0.56722, 0.27106), (0.64, 0.55969, 0.26102), (0.64, 0.56722, 0.27106), (0.64, 0.56722, 0.27357), (0.64, 0.56471, 0.27106), (0.64, 0.56722, 0.27106), (0.62745, 0.51953, 0.19075), (0.63247, 0.52204, 0.19325), (0.63247, 0.52204, 0.19325), (0.64, 0.5622, 0.25349), (0.62996, 0.55467, 0.22839), (0.63749, 0.55216, 0.23592), (0.63749, 0.55216, 0.23592), (0.63498, 0.5622, 0.24094), (0.64, 0.5622, 0.25349), (0.63498, 0.50196, 0.17067), (0.63498, 0.52455, 0.18573), (0.63247, 0.52706, 0.19075), (0.63247, 0.52706, 0.19075), (0.63749, 0.51451, 0.18573), (0.63498, 0.50196, 0.17067), (0.62996, 0.52957, 0.19827), (0.63247, 0.52455, 0.19576), (0.62745, 0.52957, 0.20078), (0.63498, 0.53961, 0.2058), (0.63247, 0.53961, 0.21333), (0.63749, 0.5371, 0.2058), (0.64, 0.56471, 0.26353), (0.63749, 0.55718, 0.25851), (0.64, 0.56471, 0.27106), (0.63247, 0.54463, 0.22337), (0.62243, 0.52957, 0.20329), (0.62996, 0.52204, 0.19576), (0.63247, 0.55216, 0.24847), (0.62996, 0.53961, 0.2309), (0.63247, 0.54212, 0.23341), (0.63247, 0.54212, 0.23341), (0.63247, 0.55216, 0.24345), (0.63247, 0.55216, 0.24847), (0.62745, 0.52957, 0.20078), (0.63749, 0.54714, 0.24094), (0.64, 0.55467, 0.25349), (0.64, 0.55467, 0.25349), (0.62494, 0.53459, 0.22588), (0.62745, 0.52957, 0.20078), (0.64, 0.56471, 0.27357), (0.64, 0.56471, 0.26353), (0.64, 0.56471, 0.26353), (0.64, 0.56973, 0.26102), (0.62745, 0.54965, 0.23592), (0.63247, 0.55216, 0.24345), (0.63498, 0.55969, 0.25349), (0.63498, 0.55467, 0.25098), (0.61992, 0.54463, 0.23843), (0.61992, 0.54463, 0.23843), (0.64, 0.56973, 0.26855), (0.63498, 0.55969, 0.25349), (0.64, 0.53961, 0.21082), (0.63749, 0.5371, 0.20831), (0.63498, 0.5371, 0.20831), (0.62745, 0.54965, 0.23592), (0.64, 0.56722, 0.27357), (0.64, 0.56973, 0.27608), (0.63749, 0.5371, 0.2058), (0.62996, 0.52957, 0.19827), (0.63749, 0.52957, 0.20078), (0.63498, 0.54212, 0.21584), (0.62996, 0.54463, 0.21082), (0.62494, 0.54714, 0.22839), (0.62494, 0.54714, 0.22839), (0.63247, 0.54714, 0.23592), (0.63498, 0.54212, 0.21584), (0.62243, 0.52204, 0.19325), (0.62243, 0.52706, 0.19325), (0.62745, 0.52957, 0.20078), (0.63498, 0.53961, 0.2058), (0.63498, 0.53961, 0.2058), (0.63498, 0.5371, 0.20831), (0.63498, 0.5371, 0.20831), (0.63749, 0.5371, 0.20831), (0.63498, 0.53961, 0.2058), (0.62996, 0.52957, 0.19827), (0.62996, 0.52957, 0.19827), (0.62494, 0.52455, 0.19325), (0.63498, 0.53961, 0.2058), (0.63498, 0.53459, 0.2058), (0.63498, 0.53961, 0.22588), (0.63498, 0.53961, 0.22588), (0.62996, 0.53961, 0.2309), (0.63498, 0.53961, 0.2058), (0.64, 0.56973, 0.27608), (0.63247, 0.55216, 0.24345), (0.62745, 0.54965, 0.23592), (0.63247, 0.55216, 0.24345), (0.64, 0.57475, 0.27608), (0.64, 0.56973, 0.26102), (0.63498, 0.52706, 0.19827), (0.63498, 0.52706, 0.19827), (0.62745, 0.51953, 0.19075), (0.63498, 0.52706, 0.19827), (0.63247, 0.53208, 0.20329), (0.63247, 0.52455, 0.19576), (0.63498, 0.56973, 0.26102), (0.63247, 0.56722, 0.26353), (0.64, 0.56973, 0.26102), (0.64, 0.56973, 0.26102), (0.64, 0.56973, 0.26102), (0.63498, 0.56973, 0.26102), (0.62996, 0.52957, 0.19827), (0.62996, 0.52957, 0.19827), (0.63247, 0.53208, 0.20078), (0.63247, 0.53208, 0.20078), (0.62745, 0.53208, 0.19827), (0.62996, 0.52957, 0.19827), (0.63247, 0.54965, 0.22588), (0.63247, 0.53961, 0.21333), (0.62494, 0.5371, 0.21082), (0.62745, 0.52957, 0.20078), (0.64, 0.52957, 0.21584), (0.62243, 0.52204, 0.19325), (0.64, 0.55467, 0.24596), (0.63247, 0.55718, 0.24596), (0.63749, 0.56471, 0.26353), (0.63749, 0.56471, 0.26353), (0.63749, 0.55216, 0.24094), (0.64, 0.55467, 0.24596), (0.63247, 0.5371, 0.20329), (0.63498, 0.53961, 0.2058), (0.64, 0.54463, 0.22588), (0.64, 0.54463, 0.22588), (0.62996, 0.52957, 0.20078), (0.63247, 0.5371, 0.20329), (0.62243, 0.50698, 0.16816), (0.62996, 0.50447, 0.17067), (0.63247, 0.49694, 0.15812), (0.62996, 0.49443, 0.15561), (0.63247, 0.49694, 0.15812), (0.62996, 0.50447, 0.17067), (0.62996, 0.50447, 0.17067), (0.62243, 0.50447, 0.17318), (0.62996, 0.49443, 0.15561), (0.63749, 0.54212, 0.20831), (0.63749, 0.52706, 0.19827), (0.63749, 0.52706, 0.19827), (0.63498, 0.54714, 0.22588), (0.63247, 0.53208, 0.20329), (0.64, 0.54212, 0.21333), (0.63498, 0.55467, 0.256), (0.63498, 0.55467, 0.24596), (0.63247, 0.55216, 0.24847), (0.63247, 0.55216, 0.24847), (0.64, 0.5622, 0.26855), (0.63498, 0.55467, 0.256), (0.64, 0.57475, 0.27106), (0.63749, 0.57725, 0.27106), (0.63749, 0.57725, 0.27106), (0.63749, 0.57725, 0.27106), (0.64, 0.56973, 0.26102), (0.64, 0.57475, 0.27106), (0.63498, 0.53961, 0.2058), (0.63498, 0.53459, 0.20329), (0.63247, 0.5371, 0.20329), (0.63247, 0.5371, 0.20329), (0.63498, 0.5371, 0.20831), (0.63498, 0.53961, 0.2058), (0.63247, 0.49694, 0.15812), (0.62745, 0.49694, 0.15561), (0.62243, 0.50698, 0.16816), (0.63498, 0.55718, 0.24345), (0.63498, 0.56973, 0.26604), (0.63749, 0.56722, 0.25851), (0.63749, 0.53961, 0.21584), (0.63247, 0.55216, 0.24345), (0.64, 0.5622, 0.24345), (0.64, 0.5622, 0.24345), (0.63247, 0.53208, 0.20329), (0.63749, 0.53961, 0.21584), (0.62996, 0.55718, 0.24094), (0.63247, 0.55216, 0.24847), (0.63749, 0.5622, 0.26102), (0.63749, 0.5622, 0.26102), (0.63247, 0.55969, 0.24345), (0.62996, 0.55718, 0.24094), (0.64, 0.56471, 0.27106), (0.64, 0.56722, 0.27106), (0.64, 0.56471, 0.26353), (0.63247, 0.52204, 0.18824), (0.63498, 0.51702, 0.19075), (0.62996, 0.52204, 0.19576), (0.62996, 0.52204, 0.19576), (0.62745, 0.52204, 0.18573), (0.63247, 0.52204, 0.18824), (0.63498, 0.5371, 0.20831), (0.63498, 0.5371, 0.20831), (0.64, 0.53961, 0.21082), (0.63498, 0.52706, 0.19827), (0.63498, 0.52706, 0.19827), (0.63247, 0.52957, 0.20831), (0.64, 0.55467, 0.22839), (0.63247, 0.52204, 0.18824), (0.62745, 0.52204, 0.18573), (0.62745, 0.52204, 0.18573), (0.64, 0.54714, 0.22086), (0.64, 0.55467, 0.22839), (0.63749, 0.56722, 0.25851), (0.63749, 0.56471, 0.24847), (0.63498, 0.55718, 0.24345), (0.63498, 0.55969, 0.24847), (0.63749, 0.54965, 0.22839), (0.63749, 0.54463, 0.21333), (0.63749, 0.54463, 0.21333), (0.63498, 0.5622, 0.24596), (0.63498, 0.55969, 0.24847), (0.62996, 0.52204, 0.19576), (0.64, 0.55718, 0.23341), (0.63247, 0.54463, 0.22337), (0.63749, 0.57725, 0.27106), (0.62494, 0.55969, 0.26102), (0.64, 0.56722, 0.27106), (0.62996, 0.52706, 0.21082), (0.64, 0.54463, 0.2309), (0.62996, 0.54212, 0.22588), (0.62243, 0.51451, 0.16565), (0.62494, 0.51451, 0.17569), (0.62996, 0.512, 0.18071), (0.62996, 0.512, 0.18071), (0.62745, 0.52455, 0.17318), (0.62243, 0.51451, 0.16565), (0.62996, 0.52204, 0.19325), (0.63247, 0.52957, 0.20831), (0.62494, 0.5371, 0.22086), (0.62494, 0.5371, 0.22086), (0.62745, 0.53459, 0.20831), (0.62996, 0.52204, 0.19325), (0.64, 0.56722, 0.27106), (0.63498, 0.54714, 0.2309), (0.63749, 0.54965, 0.23341), (0.63749, 0.54965, 0.23341), (0.64, 0.56973, 0.26855), (0.64, 0.56722, 0.27106), (0.62494, 0.52957, 0.19576), (0.63247, 0.52455, 0.19576), (0.62996, 0.52204, 0.19325), (0.62996, 0.52204, 0.19325), (0.62996, 0.52957, 0.19827), (0.62494, 0.52957, 0.19576), (0.62745, 0.49694, 0.15059), (0.62996, 0.512, 0.16565), (0.63749, 0.51953, 0.19325), (0.63749, 0.51953, 0.19325), (0.62745, 0.50698, 0.17067), (0.62745, 0.49694, 0.15059), (0.63749, 0.55718, 0.24847), (0.63498, 0.55969, 0.25349), (0.63498, 0.5622, 0.26102), (0.63498, 0.5622, 0.26102), (0.63498, 0.55718, 0.24345), (0.63749, 0.55718, 0.24847), (0.64, 0.56471, 0.26353), (0.64, 0.56471, 0.27106), (0.64, 0.56471, 0.27357), (0.64, 0.56722, 0.27106), (0.63749, 0.57725, 0.27106), (0.63749, 0.57725, 0.27106), (0.62996, 0.52957, 0.19827), (0.62996, 0.5371, 0.20329), (0.62745, 0.52706, 0.19576), (0.62996, 0.53961, 0.2309), (0.63247, 0.55216, 0.24847), (0.63247, 0.55216, 0.24847), (0.64, 0.57475, 0.27608), (0.64, 0.56471, 0.25349), (0.63749, 0.55718, 0.24847), (0.63749, 0.55718, 0.24847), (0.64, 0.56722, 0.26102), (0.64, 0.57475, 0.27608), (0.62996, 0.51953, 0.19075), (0.63498, 0.51702, 0.19075), (0.62745, 0.50196, 0.16314), (0.62745, 0.50196, 0.16314), (0.62745, 0.49694, 0.15561), (0.62996, 0.51953, 0.19075), (0.63498, 0.49443, 0.15059), (0.63247, 0.49192, 0.1531), (0.63247, 0.49192, 0.14808), (0.63247, 0.49192, 0.14808), (0.63247, 0.4869, 0.14557), (0.63498, 0.49443, 0.15059), (0.63498, 0.5622, 0.23592), (0.62745, 0.53961, 0.21835), (0.63247, 0.54714, 0.2309), (0.63247, 0.54714, 0.2309), (0.63498, 0.5622, 0.24094), (0.63498, 0.5622, 0.23592), (0.64, 0.54212, 0.21333), (0.63247, 0.53961, 0.21333), (0.63498, 0.54714, 0.22588), (0.64, 0.57725, 0.26855), (0.64, 0.57976, 0.27357), (0.63749, 0.57475, 0.25851), (0.63749, 0.57475, 0.25851), (0.64, 0.56722, 0.26604), (0.64, 0.57725, 0.26855), (0.63749, 0.52706, 0.19827), (0.63498, 0.51953, 0.17569), (0.63247, 0.51702, 0.1782), (0.63247, 0.51702, 0.1782), (0.63498, 0.52455, 0.19576), (0.63749, 0.52706, 0.19827), (0.62745, 0.52706, 0.19576), (0.62494, 0.52455, 0.19325), (0.62996, 0.52957, 0.19827), (0.62745, 0.54965, 0.2309), (0.63247, 0.56471, 0.24094), (0.64, 0.57475, 0.27106), (0.64, 0.57475, 0.27106), (0.62996, 0.55467, 0.22839), (0.62745, 0.54965, 0.2309), (0.63247, 0.55216, 0.24847), (0.63498, 0.53961, 0.22588), (0.63498, 0.54463, 0.23592), (0.63498, 0.54463, 0.23592), (0.63498, 0.5622, 0.24596), (0.63247, 0.55216, 0.24847), (0.63247, 0.4869, 0.14557), (0.63498, 0.49443, 0.15059), (0.63247, 0.49192, 0.14808), (0.63247, 0.49192, 0.14808), (0.63498, 0.49443, 0.15059), (0.63247, 0.4869, 0.14557), (0.63498, 0.54212, 0.21584), (0.64, 0.55467, 0.25349), (0.63749, 0.54714, 0.24094), (0.64, 0.56722, 0.27357), (0.64, 0.56722, 0.27106), (0.64, 0.56722, 0.27357), (0.62996, 0.52204, 0.19325), (0.63498, 0.52706, 0.19827), (0.63247, 0.52455, 0.19576), (0.63247, 0.55467, 0.23592), (0.63247, 0.53208, 0.20078), (0.63498, 0.54212, 0.21082), (0.63498, 0.54212, 0.21082), (0.63498, 0.54965, 0.23341), (0.63247, 0.55467, 0.23592), (0.62243, 0.4869, 0.15059), (0.62745, 0.46431, 0.13804), (0.62996, 0.46682, 0.14055), (0.62996, 0.46682, 0.14055), (0.62494, 0.49945, 0.16063), (0.62243, 0.4869, 0.15059), (0.62996, 0.52204, 0.17569), (0.62745, 0.50698, 0.17067), (0.63247, 0.51451, 0.18322), (0.63247, 0.51451, 0.18322), (0.62494, 0.52706, 0.18322), (0.62996, 0.52204, 0.17569), (0.63247, 0.52957, 0.20831), (0.63247, 0.53208, 0.20329), (0.63498, 0.52706, 0.19827), (0.63749, 0.52706, 0.19827), (0.63247, 0.5371, 0.20329), (0.63749, 0.54212, 0.20831), (0.63749, 0.49694, 0.14808), (0.63498, 0.49443, 0.15059), (0.63498, 0.49443, 0.15059), (0.63498, 0.49443, 0.15059), (0.63498, 0.49443, 0.15059), (0.63749, 0.49694, 0.14808), (0.62745, 0.49443, 0.14808), (0.63247, 0.49192, 0.14808), (0.63247, 0.49192, 0.14306), (0.63749, 0.55216, 0.24094), (0.63749, 0.56973, 0.27608), (0.64, 0.57725, 0.2811), (0.64, 0.57725, 0.2811), (0.64, 0.55467, 0.24596), (0.63749, 0.55216, 0.24094), (0.62996, 0.54212, 0.22086), (0.63247, 0.56722, 0.25851), (0.64, 0.57475, 0.27106), (0.64, 0.57475, 0.27106), (0.64, 0.55718, 0.23341), (0.62996, 0.54212, 0.22086), (0.62996, 0.55467, 0.22839), (0.64, 0.57475, 0.27106), (0.63749, 0.56973, 0.27608), (0.63749, 0.56973, 0.27608), (0.62996, 0.55467, 0.22839), (0.62996, 0.55467, 0.22839), (0.62996, 0.54212, 0.22588), (0.63498, 0.54463, 0.24345), (0.62996, 0.52706, 0.21082), (0.62996, 0.55718, 0.24094), (0.63498, 0.55467, 0.24596), (0.63749, 0.55718, 0.25349), (0.63247, 0.55216, 0.24847), (0.62996, 0.54463, 0.23341), (0.62996, 0.53961, 0.2309), (0.63749, 0.55718, 0.25851), (0.63749, 0.55718, 0.25349), (0.63498, 0.55467, 0.256), (0.63498, 0.53961, 0.2058), (0.63498, 0.53961, 0.2058), (0.63247, 0.54463, 0.21835), (0.63247, 0.54463, 0.21835), (0.63749, 0.54212, 0.20831), (0.63498, 0.53961, 0.2058), (0.64, 0.55467, 0.22839), (0.63749, 0.5622, 0.23592), (0.63498, 0.55718, 0.23843), (0.63498, 0.55718, 0.23843), (0.63749, 0.55216, 0.24094), (0.64, 0.55467, 0.22839), (0.62745, 0.50949, 0.18322), (0.62745, 0.51702, 0.1782), (0.62494, 0.51451, 0.17569), (0.64, 0.56722, 0.27106), (0.63498, 0.56722, 0.27357), (0.64, 0.56722, 0.27106), (0.64, 0.56722, 0.27106), (0.64, 0.56471, 0.27106), (0.64, 0.56722, 0.27106), (0.62494, 0.50196, 0.18071), (0.63749, 0.52957, 0.20831), (0.61741, 0.49694, 0.17569), (0.61741, 0.49694, 0.17569), (0.62494, 0.51702, 0.19075), (0.62494, 0.50196, 0.18071), (0.64, 0.56722, 0.27357), (0.63749, 0.55216, 0.24094), (0.64, 0.56471, 0.25349), (0.63247, 0.49192, 0.14306), (0.63498, 0.49443, 0.14557), (0.62745, 0.49443, 0.14808), (0.63247, 0.56973, 0.25349), (0.62745, 0.5622, 0.25851), (0.63498, 0.56471, 0.256), (0.63498, 0.56471, 0.256), (0.64, 0.56722, 0.25098), (0.63247, 0.56973, 0.25349), (0.62745, 0.51953, 0.19075), (0.63247, 0.52204, 0.19325), (0.62745, 0.52706, 0.21584), (0.62745, 0.52706, 0.21584), (0.63247, 0.52455, 0.20329), (0.62745, 0.51953, 0.19075), (0.63749, 0.55216, 0.21835), (0.64, 0.55718, 0.22337), (0.64, 0.5622, 0.24345), (0.63498, 0.53961, 0.2058), (0.63498, 0.53961, 0.2058), (0.62996, 0.54463, 0.21082), (0.62996, 0.54463, 0.21082), (0.63498, 0.54212, 0.21584), (0.63498, 0.53961, 0.2058), (0.64, 0.55216, 0.22588), (0.62494, 0.54212, 0.21835), (0.62745, 0.55216, 0.22588), (0.62745, 0.55216, 0.22588), (0.63247, 0.52957, 0.21333), (0.64, 0.55216, 0.22588), (0.63247, 0.4618, 0.12298), (0.62996, 0.46682, 0.14055), (0.61741, 0.48188, 0.16565), (0.61741, 0.48188, 0.16565), (0.59231, 0.46682, 0.13302), (0.63247, 0.4618, 0.12298), (0.63498, 0.56471, 0.25098), (0.64, 0.55216, 0.24345), (0.63498, 0.5371, 0.21835), (0.63498, 0.5371, 0.21835), (0.64, 0.56973, 0.26102), (0.63498, 0.56471, 0.25098), (0.63247, 0.54212, 0.23341), (0.63247, 0.52455, 0.19827), (0.62745, 0.52455, 0.20329), (0.62745, 0.52455, 0.20329), (0.63749, 0.54965, 0.22839), (0.63247, 0.54212, 0.23341), (0.64, 0.56722, 0.27357), (0.64, 0.56722, 0.27357), (0.64, 0.56722, 0.27357), (0.63749, 0.55718, 0.25349), (0.63749, 0.55718, 0.24847), (0.62996, 0.55718, 0.24094), (0.63247, 0.52455, 0.19576), (0.63247, 0.52455, 0.19576), (0.62996, 0.52204, 0.19325), (0.63498, 0.55718, 0.24345), (0.62996, 0.52204, 0.19576), (0.62996, 0.52204, 0.19576), (0.62996, 0.52204, 0.19576), (0.63247, 0.55216, 0.24345), (0.63498, 0.55718, 0.24345), (0.63749, 0.56722, 0.25851), (0.63749, 0.56722, 0.25098), (0.64, 0.56973, 0.25349), (0.63247, 0.49192, 0.14306), (0.63247, 0.49192, 0.14808), (0.62745, 0.50196, 0.16314), (0.62745, 0.50196, 0.16314), (0.64, 0.52455, 0.19325), (0.63247, 0.49192, 0.14306), (0.62996, 0.55467, 0.24847), (0.61992, 0.54463, 0.23843), (0.63498, 0.55467, 0.25098), (0.63498, 0.51702, 0.19075), (0.63247, 0.52204, 0.18824), (0.61992, 0.51953, 0.18824), (0.61992, 0.51953, 0.18824), (0.62996, 0.512, 0.18573), (0.63498, 0.51702, 0.19075), (0.62494, 0.52455, 0.19576), (0.63749, 0.51702, 0.19576), (0.63749, 0.51953, 0.19325), (0.63247, 0.55216, 0.24847), (0.63498, 0.52706, 0.19827), (0.62494, 0.52706, 0.20831), (0.62494, 0.52706, 0.20831), (0.62996, 0.55467, 0.25349), (0.63247, 0.55216, 0.24847), (0.63498, 0.55718, 0.24345), (0.63498, 0.55718, 0.24345), (0.62745, 0.54714, 0.23843), (0.64, 0.56471, 0.25349), (0.63498, 0.5622, 0.24094), (0.63498, 0.5622, 0.24596), (0.63247, 0.49192, 0.14808), (0.62745, 0.49443, 0.14808), (0.63498, 0.49443, 0.15059), (0.63498, 0.49443, 0.15059), (0.63247, 0.49192, 0.14808), (0.63247, 0.49192, 0.14808), (0.62745, 0.49694, 0.15059), (0.63247, 0.50196, 0.16314), (0.62745, 0.51953, 0.17318), (0.62745, 0.51953, 0.17318), (0.62996, 0.52455, 0.18322), (0.62745, 0.49694, 0.15059), (0.62996, 0.51451, 0.17067), (0.63498, 0.50949, 0.17067), (0.63498, 0.52455, 0.19075), (0.63498, 0.52455, 0.19075), (0.62494, 0.51953, 0.1782), (0.62996, 0.51451, 0.17067), (0.63498, 0.53459, 0.20329), (0.63247, 0.53459, 0.2058), (0.63498, 0.53961, 0.2058), (0.63498, 0.55467, 0.25098), (0.62996, 0.54212, 0.22086), (0.62996, 0.55467, 0.24847), (0.63749, 0.57475, 0.25851), (0.63749, 0.55467, 0.22086), (0.62996, 0.54714, 0.21835), (0.63247, 0.54463, 0.22337), (0.62745, 0.55969, 0.2309), (0.62745, 0.56471, 0.24094), (0.64, 0.56722, 0.27106), (0.63749, 0.58478, 0.29616), (0.64, 0.57725, 0.29867), (0.64, 0.57725, 0.29867), (0.64, 0.56722, 0.27106), (0.64, 0.56722, 0.27106), (0.62494, 0.51451, 0.17569), (0.62745, 0.51702, 0.18824), (0.62745, 0.50949, 0.18322), (0.62745, 0.512, 0.16816), (0.63498, 0.52455, 0.19576), (0.62494, 0.52455, 0.19576), (0.63498, 0.56973, 0.26102), (0.63749, 0.56973, 0.27608), (0.64, 0.57475, 0.27106), (0.64, 0.57475, 0.27106), (0.64, 0.56973, 0.25349), (0.63498, 0.56973, 0.26102), (0.64, 0.56471, 0.25349), (0.64, 0.56722, 0.26604), (0.64, 0.56722, 0.27357), (0.63749, 0.54714, 0.24094), (0.63749, 0.52957, 0.20831), (0.63498, 0.54212, 0.21584), (0.64, 0.5622, 0.24345), (0.64, 0.55718, 0.22337), (0.63749, 0.55216, 0.21835), (0.64, 0.54463, 0.22588), (0.62494, 0.53459, 0.22588), (0.63498, 0.54463, 0.23592), (0.63498, 0.54463, 0.23592), (0.62745, 0.54212, 0.2309), (0.64, 0.54463, 0.22588), (0.62996, 0.54714, 0.21835), (0.64, 0.56722, 0.24596), (0.63749, 0.57475, 0.25851), (0.64, 0.55216, 0.22588), (0.63749, 0.57224, 0.26353), (0.63749, 0.57224, 0.26353), (0.63749, 0.57224, 0.26353), (0.62243, 0.53459, 0.21333), (0.64, 0.55216, 0.22588), (0.64, 0.5622, 0.25349), (0.63247, 0.5371, 0.21835), (0.63749, 0.54965, 0.23341), (0.62996, 0.46682, 0.14055), (0.62996, 0.46682, 0.14055), (0.6149, 0.48188, 0.16063), (0.6149, 0.48188, 0.16063), (0.61741, 0.48188, 0.16565), (0.62996, 0.46682, 0.14055), (0.63247, 0.52957, 0.21333), (0.62243, 0.52455, 0.19576), (0.63247, 0.52455, 0.19576), (0.63247, 0.52455, 0.19576), (0.62494, 0.51702, 0.19075), (0.63247, 0.52957, 0.21333), (0.63498, 0.53961, 0.2058), (0.63247, 0.5371, 0.20329), (0.63498, 0.53459, 0.20329), (0.62996, 0.54212, 0.22086), (0.62996, 0.54463, 0.23341), (0.62494, 0.54965, 0.24345), (0.62494, 0.54965, 0.24345), (0.62996, 0.55467, 0.24847), (0.62996, 0.54212, 0.22086), (0.62745, 0.46431, 0.13804), (0.62996, 0.46682, 0.14055), (0.63247, 0.46431, 0.13804), (0.62243, 0.52957, 0.20329), (0.63247, 0.54463, 0.22337), (0.63498, 0.54212, 0.21082), (0.63498, 0.54212, 0.21082), (0.63498, 0.54463, 0.23592), (0.62243, 0.52957, 0.20329), (0.63247, 0.46431, 0.13804), (0.62996, 0.46682, 0.14055), (0.62745, 0.46431, 0.13804), (0.62996, 0.52706, 0.2058), (0.63247, 0.52455, 0.19827), (0.62996, 0.512, 0.18573), (0.62996, 0.512, 0.18573), (0.64, 0.52957, 0.20078), (0.62996, 0.52706, 0.2058), (0.62745, 0.56471, 0.24094), (0.63749, 0.54965, 0.22839), (0.63247, 0.54463, 0.22337), (0.63749, 0.54965, 0.23341), (0.63749, 0.5622, 0.26102), (0.64, 0.5622, 0.25349), (0.62494, 0.52455, 0.19576), (0.62996, 0.51953, 0.18071), (0.62745, 0.512, 0.16816), (0.63498, 0.55467, 0.24596), (0.63749, 0.55216, 0.24345), (0.64, 0.56471, 0.26353), (0.63498, 0.53961, 0.22588), (0.63247, 0.55216, 0.24847), (0.63498, 0.55467, 0.25098), (0.63498, 0.55467, 0.25098), (0.62996, 0.53961, 0.2309), (0.63498, 0.53961, 0.22588), (0.64, 0.56471, 0.26353), (0.64, 0.56471, 0.26353), (0.63498, 0.55467, 0.24596), (0.63247, 0.55718, 0.25098), (0.63247, 0.56973, 0.25349), (0.64, 0.56722, 0.25098), (0.62996, 0.52957, 0.19827), (0.62996, 0.52957, 0.19827), (0.63247, 0.52455, 0.19576), (0.63247, 0.52455, 0.19576), (0.62996, 0.52957, 0.19325), (0.62996, 0.52957, 0.19827), (0.63498, 0.5622, 0.24596), (0.64, 0.56471, 0.25349), (0.64, 0.56471, 0.25349), (0.62996, 0.53961, 0.2309), (0.63498, 0.55718, 0.24345), (0.63498, 0.53961, 0.22588), (0.63498, 0.53961, 0.22086), (0.63247, 0.55216, 0.24847), (0.62996, 0.54212, 0.21584), (0.63749, 0.51953, 0.19325), (0.62494, 0.53208, 0.2058), (0.62494, 0.52455, 0.19576), (0.63498, 0.53961, 0.22086), (0.62996, 0.53961, 0.2309), (0.62996, 0.54212, 0.22086), (0.63498, 0.55467, 0.25098), (0.63498, 0.55467, 0.25098), (0.62996, 0.54212, 0.22086), (0.64, 0.55467, 0.24596), (0.63749, 0.55718, 0.24847), (0.63247, 0.55718, 0.24596), (0.63247, 0.55718, 0.24596), (0.64, 0.55467, 0.24596), (0.64, 0.55467, 0.24596), (0.64, 0.54714, 0.22839), (0.62996, 0.54212, 0.22086), (0.62745, 0.53208, 0.21333), (0.64, 0.54965, 0.24094), (0.63247, 0.54212, 0.23341), (0.62996, 0.54212, 0.21584), (0.63498, 0.49443, 0.15059), (0.63498, 0.48941, 0.14808), (0.63247, 0.49192, 0.14808), (0.63247, 0.49192, 0.14808), (0.63498, 0.49443, 0.15059), (0.63498, 0.49443, 0.15059), (0.63247, 0.56471, 0.24094), (0.64, 0.55718, 0.23341), (0.64, 0.56973, 0.25349), (0.63247, 0.53459, 0.19075), (0.64, 0.53208, 0.19325), (0.62243, 0.51451, 0.16816), (0.62243, 0.51451, 0.16816), (0.62745, 0.52455, 0.17318), (0.63247, 0.53459, 0.19075), (0.63498, 0.48941, 0.14808), (0.63498, 0.49443, 0.15059), (0.62494, 0.49192, 0.14557), (0.63498, 0.53961, 0.2058), (0.63498, 0.53961, 0.2058), (0.63247, 0.5371, 0.20329), (0.63247, 0.5371, 0.20329), (0.63498, 0.53961, 0.2058), (0.63498, 0.53961, 0.2058), (0.63498, 0.53961, 0.2058), (0.64, 0.55467, 0.24345), (0.64, 0.55718, 0.24847), (0.63247, 0.52204, 0.19325), (0.63498, 0.52455, 0.19576), (0.62745, 0.52455, 0.20831), (0.62745, 0.52455, 0.20831), (0.62996, 0.52706, 0.21082), (0.63247, 0.52204, 0.19325), (0.63247, 0.51702, 0.1782), (0.62745, 0.512, 0.16816), (0.62996, 0.51953, 0.18071), (0.62996, 0.51953, 0.18071), (0.63498, 0.51953, 0.18071), (0.63247, 0.51702, 0.1782), (0.62745, 0.53208, 0.21333), (0.64, 0.54714, 0.22839), (0.64, 0.54714, 0.22839), (0.63749, 0.51451, 0.18573), (0.62494, 0.47435, 0.14808), (0.59482, 0.45678, 0.13804), (0.59482, 0.45678, 0.13804), (0.61741, 0.50447, 0.18071), (0.63749, 0.51451, 0.18573), (0.64, 0.55718, 0.24847), (0.62996, 0.54463, 0.21082), (0.63498, 0.53961, 0.2058), (0.62745, 0.5622, 0.25851), (0.63247, 0.56973, 0.25349), (0.64, 0.56973, 0.256), (0.64, 0.56973, 0.256), (0.62745, 0.5622, 0.25851), (0.62745, 0.5622, 0.25851), (0.62996, 0.50447, 0.19075), (0.63247, 0.50949, 0.18824), (0.63247, 0.50949, 0.18824), (0.63247, 0.55969, 0.26353), (0.63749, 0.55718, 0.25349), (0.63749, 0.57725, 0.27106), (0.63749, 0.57725, 0.27106), (0.63498, 0.57475, 0.26855), (0.63247, 0.55969, 0.26353), (0.63247, 0.52455, 0.19576), (0.62996, 0.53208, 0.20329), (0.63498, 0.52706, 0.19827), (0.63498, 0.52706, 0.19827), (0.63498, 0.52706, 0.19827), (0.63247, 0.52455, 0.19576), (0.63498, 0.56973, 0.26102), (0.64, 0.56973, 0.25349), (0.63749, 0.56722, 0.25098), (0.63749, 0.56722, 0.25098), (0.63749, 0.56722, 0.25349), (0.63498, 0.56973, 0.26102), (0.63498, 0.56722, 0.27357), (0.63749, 0.56973, 0.27608), (0.63749, 0.57475, 0.28361), (0.63749, 0.57475, 0.28361), (0.63498, 0.56722, 0.27357), (0.63498, 0.56722, 0.27357), (0.63247, 0.50949, 0.18824), (0.64, 0.51451, 0.20078), (0.62996, 0.50447, 0.19075), (0.64, 0.56722, 0.25098), (0.63498, 0.55969, 0.24847), (0.63247, 0.55718, 0.25098), (0.64, 0.56471, 0.27106), (0.63749, 0.51953, 0.19325), (0.63749, 0.51702, 0.19576), (0.63749, 0.51702, 0.19576), (0.64, 0.56471, 0.27357), (0.64, 0.56471, 0.27106), (0.64, 0.5622, 0.24847), (0.63749, 0.56471, 0.24847), (0.63247, 0.55216, 0.24847), (0.63247, 0.52455, 0.19576), (0.63749, 0.51953, 0.19325), (0.63247, 0.52204, 0.19325), (0.63247, 0.52204, 0.19325), (0.62996, 0.51953, 0.19075), (0.63247, 0.52455, 0.19576), (0.64, 0.56471, 0.26353), (0.64, 0.56471, 0.26353), (0.63749, 0.55216, 0.24345), (0.64, 0.56471, 0.27357), (0.64, 0.57224, 0.27859), (0.64, 0.56471, 0.26353), (0.64, 0.56471, 0.27357), (0.64, 0.56722, 0.27357), (0.64, 0.56722, 0.27106), (0.61741, 0.50447, 0.18071), (0.58227, 0.44925, 0.128), (0.62243, 0.46431, 0.14055), (0.63498, 0.52455, 0.19576), (0.62996, 0.52204, 0.19576), (0.62494, 0.51451, 0.18573), (0.62494, 0.52455, 0.19576), (0.63498, 0.52455, 0.19576), (0.63749, 0.51702, 0.19576), (0.62494, 0.51451, 0.18573), (0.62996, 0.52204, 0.19576), (0.61741, 0.50949, 0.18071), (0.64, 0.56471, 0.26353), (0.64, 0.57224, 0.27608), (0.63247, 0.55216, 0.24847), (0.64, 0.56973, 0.25349), (0.64, 0.57475, 0.27106), (0.63247, 0.56471, 0.24094), (0.63749, 0.55216, 0.23592), (0.63498, 0.56973, 0.27106), (0.63749, 0.56973, 0.27608), (0.63749, 0.56973, 0.27608), (0.63749, 0.55216, 0.24094), (0.63749, 0.55216, 0.23592), (0.63498, 0.57475, 0.26855), (0.63749, 0.57725, 0.27106), (0.64, 0.57475, 0.27608), (0.63498, 0.49443, 0.15059), (0.63498, 0.49443, 0.14557), (0.63247, 0.50196, 0.15561), (0.63247, 0.50196, 0.15561), (0.62745, 0.49694, 0.15561), (0.63498, 0.49443, 0.15059), (0.63498, 0.55467, 0.24596), (0.63498, 0.55718, 0.24345), (0.63749, 0.54714, 0.24094), (0.63247, 0.53208, 0.20329), (0.63247, 0.52957, 0.20831), (0.62745, 0.53208, 0.21835), (0.62745, 0.53208, 0.21835), (0.62745, 0.52957, 0.20078), (0.63247, 0.53208, 0.20329), (0.63749, 0.54714, 0.24094), (0.64, 0.55216, 0.25098), (0.63498, 0.55467, 0.24596), (0.62243, 0.46431, 0.14055), (0.63749, 0.51451, 0.18573), (0.61741, 0.50447, 0.18071), (0.63498, 0.53459, 0.22839), (0.63749, 0.55216, 0.24094), (0.63749, 0.54714, 0.23843), (0.63498, 0.49443, 0.15059), (0.63498, 0.49443, 0.15059), (0.63498, 0.49443, 0.15059), (0.63498, 0.49443, 0.15059), (0.63749, 0.49694, 0.1531), (0.63498, 0.49443, 0.15059), (0.62745, 0.55216, 0.24094), (0.63498, 0.56973, 0.26102), (0.64, 0.56973, 0.256), (0.64, 0.56973, 0.256), (0.63247, 0.55216, 0.24345), (0.62745, 0.55216, 0.24094), (0.62745, 0.52706, 0.19576), (0.63749, 0.5622, 0.23592), (0.63498, 0.54212, 0.21584), (0.63498, 0.54212, 0.21584), (0.63247, 0.53208, 0.20329), (0.62745, 0.52706, 0.19576), (0.62494, 0.49192, 0.14557), (0.63247, 0.49192, 0.14808), (0.63498, 0.48941, 0.14808), (0.64, 0.58478, 0.28361), (0.63749, 0.5622, 0.26102), (0.64, 0.56722, 0.26604), (0.62996, 0.46431, 0.12298), (0.61741, 0.45929, 0.13051), (0.60486, 0.46933, 0.13804), (0.63498, 0.53961, 0.2058), (0.63247, 0.5371, 0.20329), (0.63498, 0.53459, 0.20329), (0.63498, 0.53459, 0.20329), (0.63498, 0.53961, 0.2058), (0.63498, 0.53961, 0.2058), (0.62996, 0.52957, 0.19827), (0.62996, 0.52204, 0.19325), (0.63498, 0.51702, 0.19075), (0.61992, 0.52455, 0.19075), (0.63498, 0.54212, 0.21584), (0.63498, 0.5371, 0.21333), (0.64, 0.55216, 0.22588), (0.63498, 0.5371, 0.21835), (0.64, 0.54965, 0.24094), (0.64, 0.54965, 0.24094), (0.62996, 0.54463, 0.21082), (0.64, 0.55216, 0.22588), (0.64, 0.57475, 0.27106), (0.63498, 0.56973, 0.26604), (0.63749, 0.56471, 0.26353), (0.63749, 0.56471, 0.26353), (0.63749, 0.57224, 0.26855), (0.64, 0.57475, 0.27106), (0.62243, 0.53208, 0.22337), (0.63498, 0.5371, 0.21835), (0.63498, 0.54463, 0.24345), (0.63498, 0.54463, 0.24345), (0.62745, 0.53961, 0.23843), (0.62243, 0.53208, 0.22337), (0.59231, 0.46682, 0.13302), (0.60988, 0.47937, 0.14055), (0.62494, 0.46431, 0.12298), (0.62494, 0.51451, 0.18573), (0.63749, 0.51702, 0.19576), (0.63498, 0.52455, 0.19576), (0.60486, 0.46933, 0.13804), (0.5898, 0.44424, 0.11043), (0.62996, 0.46431, 0.12298), (0.64, 0.56722, 0.26604), (0.62745, 0.57224, 0.26604), (0.64, 0.58478, 0.28361), (0.62996, 0.54212, 0.22086), (0.64, 0.56471, 0.25349), (0.62996, 0.55718, 0.24094), (0.62494, 0.53208, 0.2058), (0.64, 0.54463, 0.22588), (0.63498, 0.53961, 0.2058), (0.63247, 0.49192, 0.1531), (0.63498, 0.49443, 0.15059), (0.62745, 0.49694, 0.15561), (0.62745, 0.49694, 0.15561), (0.63247, 0.49694, 0.15812), (0.63247, 0.49192, 0.1531), (0.62996, 0.53208, 0.20329), (0.63749, 0.52957, 0.20329), (0.62996, 0.53208, 0.21333), (0.62996, 0.53208, 0.21333), (0.62745, 0.53961, 0.21835), (0.62996, 0.53208, 0.20329), (0.63498, 0.53961, 0.2058), (0.63498, 0.53961, 0.2058), (0.62494, 0.53208, 0.2058), (0.64, 0.57475, 0.27608), (0.63247, 0.55969, 0.26353), (0.63498, 0.57475, 0.26855), (0.64, 0.56722, 0.27106), (0.64, 0.56722, 0.27357), (0.64, 0.56471, 0.27357), (0.63749, 0.57976, 0.28863), (0.62996, 0.55718, 0.24094), (0.64, 0.56471, 0.25349), (0.64, 0.56471, 0.25349), (0.64, 0.57475, 0.27608), (0.63749, 0.57976, 0.28863), (0.63247, 0.52455, 0.19576), (0.62745, 0.49694, 0.15561), (0.62494, 0.49192, 0.14557), (0.62494, 0.49192, 0.14557), (0.62745, 0.51953, 0.19075), (0.63247, 0.52455, 0.19576), (0.62996, 0.51953, 0.19075), (0.63247, 0.52204, 0.18824), (0.63247, 0.52204, 0.19325), (0.63247, 0.52204, 0.19325), (0.63247, 0.52204, 0.19325), (0.62996, 0.51953, 0.19075), (0.62996, 0.55718, 0.24094), (0.64, 0.5622, 0.24847), (0.62996, 0.54212, 0.22086), (0.62996, 0.55467, 0.25349), (0.62494, 0.54965, 0.24345), (0.62996, 0.54463, 0.23341), (0.62745, 0.54714, 0.23843), (0.62745, 0.52957, 0.20078), (0.62494, 0.53208, 0.20078), (0.63247, 0.53208, 0.20329), (0.63498, 0.54714, 0.22588), (0.64, 0.55718, 0.24094), (0.64, 0.55718, 0.24094), (0.62745, 0.52706, 0.19576), (0.63247, 0.53208, 0.20329), (0.63498, 0.52706, 0.19827), (0.63498, 0.52706, 0.19827), (0.63498, 0.52706, 0.20078), (0.63247, 0.53208, 0.20329), (0.63498, 0.54212, 0.21584), (0.61992, 0.52455, 0.19075), (0.61992, 0.52455, 0.19075), (0.64, 0.54212, 0.21333), (0.63247, 0.53208, 0.20329), (0.62494, 0.49192, 0.16063), (0.64, 0.54463, 0.22588), (0.64, 0.55467, 0.23843), (0.63247, 0.52706, 0.19075), (0.62996, 0.52204, 0.17569), (0.62494, 0.52706, 0.18322), (0.62494, 0.52706, 0.18322), (0.62494, 0.52455, 0.19325), (0.63247, 0.52706, 0.19075), (0.62996, 0.55718, 0.24094), (0.63749, 0.57976, 0.28863), (0.64, 0.57725, 0.2811), (0.64, 0.57725, 0.2811), (0.63498, 0.55969, 0.24847), (0.62996, 0.55718, 0.24094), (0.61741, 0.49694, 0.17569), (0.62996, 0.52204, 0.19325), (0.62494, 0.51702, 0.19075), (0.63247, 0.54463, 0.22337), (0.63749, 0.52957, 0.20831), (0.63749, 0.54714, 0.24094), (0.63247, 0.51702, 0.1782), (0.62745, 0.51953, 0.17318), (0.62996, 0.51451, 0.17569), (0.62996, 0.54463, 0.23341), (0.63247, 0.55216, 0.24847), (0.62996, 0.55467, 0.25349), (0.63749, 0.56471, 0.26855), (0.63749, 0.54965, 0.23341), (0.63498, 0.54714, 0.2309), (0.62996, 0.46933, 0.13804), (0.62996, 0.4618, 0.128), (0.63247, 0.46431, 0.13051), (0.62996, 0.54212, 0.22086), (0.63247, 0.54714, 0.23592), (0.64, 0.54965, 0.23592), (0.63749, 0.56722, 0.25851), (0.63749, 0.57224, 0.27357), (0.63749, 0.56471, 0.26353), (0.63749, 0.56471, 0.26353), (0.63498, 0.5622, 0.26102), (0.63749, 0.56722, 0.25851), (0.63498, 0.49443, 0.15059), (0.63498, 0.49443, 0.15059), (0.61741, 0.49694, 0.16063), (0.64, 0.54965, 0.23592), (0.62996, 0.5371, 0.21082), (0.62996, 0.54212, 0.22086), (0.64, 0.55467, 0.23843), (0.62494, 0.49192, 0.16063), (0.62494, 0.49192, 0.16063), (0.63749, 0.53961, 0.21584), (0.63247, 0.51702, 0.1782), (0.63498, 0.51953, 0.18071), (0.63498, 0.51953, 0.18071), (0.63749, 0.54212, 0.23341), (0.63749, 0.53961, 0.21584), (0.64, 0.55467, 0.22839), (0.64, 0.54714, 0.22086), (0.63749, 0.5622, 0.23592), (0.63247, 0.52455, 0.19576), (0.62996, 0.52957, 0.19827), (0.62494, 0.53208, 0.2058), (0.62494, 0.53208, 0.2058), (0.62745, 0.52957, 0.20078), (0.63247, 0.52455, 0.19576), (0.63749, 0.56722, 0.25851), (0.63247, 0.55718, 0.24596), (0.63749, 0.55718, 0.24847), (0.63749, 0.55718, 0.24847), (0.64, 0.56973, 0.26102), (0.63749, 0.56722, 0.25851), (0.63498, 0.54714, 0.2309), (0.64, 0.56722, 0.27106), (0.63749, 0.56471, 0.26855), (0.63498, 0.53961, 0.2058), (0.63498, 0.5371, 0.20831), (0.63498, 0.53961, 0.2058), (0.62243, 0.51451, 0.16816), (0.64, 0.53208, 0.19325), (0.62494, 0.51953, 0.18322), (0.62996, 0.52957, 0.19827), (0.62494, 0.52455, 0.19325), (0.62996, 0.52204, 0.19325), (0.63247, 0.52204, 0.18824), (0.64, 0.55467, 0.22839), (0.63749, 0.55216, 0.24094), (0.63749, 0.55216, 0.24094), (0.61992, 0.51953, 0.18824), (0.63247, 0.52204, 0.18824), (0.63749, 0.54714, 0.23843), (0.64, 0.54463, 0.22588), (0.63498, 0.53459, 0.22839), (0.62494, 0.53208, 0.20078), (0.63247, 0.55216, 0.24345), (0.62745, 0.54714, 0.23843), (0.62745, 0.52957, 0.20078), (0.63247, 0.53208, 0.20078), (0.62745, 0.53459, 0.20329), (0.62996, 0.512, 0.18071), (0.62996, 0.512, 0.18573), (0.63247, 0.52455, 0.19827), (0.62996, 0.52706, 0.21082), (0.62996, 0.52957, 0.20078), (0.63749, 0.52706, 0.21333), (0.64, 0.52957, 0.20078), (0.62996, 0.512, 0.18573), (0.62745, 0.50698, 0.17067), (0.63498, 0.55969, 0.25349), (0.63749, 0.55718, 0.24847), (0.63247, 0.55718, 0.256), (0.63247, 0.55718, 0.256), (0.63247, 0.55969, 0.25851), (0.63498, 0.55969, 0.25349), (0.62996, 0.5622, 0.23843), (0.63247, 0.56722, 0.25851), (0.64, 0.5622, 0.25349), (0.63498, 0.52706, 0.20078), (0.63498, 0.52706, 0.19827), (0.63498, 0.52706, 0.19827), (0.63498, 0.53961, 0.2058), (0.63498, 0.53961, 0.2058), (0.63498, 0.53961, 0.2058), (0.64, 0.55718, 0.23341), (0.62996, 0.52204, 0.19576), (0.62996, 0.52204, 0.19325), (0.63247, 0.54463, 0.22337), (0.62745, 0.52706, 0.19827), (0.62745, 0.52204, 0.18573), (0.62745, 0.52204, 0.18573), (0.62996, 0.52204, 0.19576), (0.63247, 0.54463, 0.22337), (0.63498, 0.52706, 0.19827), (0.62996, 0.52204, 0.19325), (0.62494, 0.52957, 0.21082), (0.63247, 0.52204, 0.19325), (0.63247, 0.52204, 0.19325), (0.63247, 0.52455, 0.19827), (0.63247, 0.52455, 0.19827), (0.63247, 0.52706, 0.19075), (0.63247, 0.52204, 0.19325), (0.62996, 0.55467, 0.22839), (0.64, 0.5622, 0.25349), (0.64, 0.56722, 0.25098), (0.64, 0.56722, 0.25098), (0.62996, 0.55467, 0.22839), (0.62996, 0.55467, 0.22839), (0.63247, 0.52204, 0.19325), (0.62996, 0.51953, 0.19075), (0.62996, 0.52204, 0.19576), (0.62996, 0.52204, 0.19576), (0.62996, 0.52204, 0.20078), (0.63247, 0.52204, 0.19325), (0.64, 0.51953, 0.1782), (0.62494, 0.51953, 0.18322), (0.62745, 0.52706, 0.19075), (0.62745, 0.52706, 0.19075), (0.62243, 0.512, 0.17318), (0.64, 0.51953, 0.1782), (0.62494, 0.46431, 0.12298), (0.63247, 0.4618, 0.12298), (0.59231, 0.46682, 0.13302), (0.61741, 0.49694, 0.16063), (0.62243, 0.50196, 0.16565), (0.63498, 0.49443, 0.15059), (0.63749, 0.56973, 0.27608), (0.63498, 0.56973, 0.26102), (0.63498, 0.56973, 0.26604), (0.62996, 0.52204, 0.19325), (0.64, 0.55467, 0.23843), (0.64, 0.55718, 0.23341), (0.64, 0.5622, 0.25349), (0.64, 0.55718, 0.23341), (0.62996, 0.5622, 0.23843), (0.64, 0.56722, 0.26604), (0.64, 0.56471, 0.25349), (0.64, 0.56471, 0.25349), (0.62996, 0.52204, 0.19325), (0.62745, 0.52706, 0.19576), (0.62996, 0.52957, 0.19827), (0.64, 0.56471, 0.25349), (0.64, 0.56471, 0.25851), (0.64, 0.56722, 0.26604), (0.62996, 0.51451, 0.17569), (0.63498, 0.52455, 0.19075), (0.63498, 0.52455, 0.19576), (0.63498, 0.52455, 0.19576), (0.63247, 0.51702, 0.1782), (0.62996, 0.51451, 0.17569), (0.63749, 0.52706, 0.21333), (0.62996, 0.52957, 0.20078), (0.63498, 0.53208, 0.21082), (0.63247, 0.53208, 0.20078), (0.63749, 0.5622, 0.23592), (0.63749, 0.5622, 0.23592), (0.62996, 0.46682, 0.14055), (0.62745, 0.46431, 0.13804), (0.62996, 0.46682, 0.14055), (0.62494, 0.51953, 0.18322), (0.63749, 0.51451, 0.18573), (0.62996, 0.51953, 0.18573), (0.62745, 0.51953, 0.19075), (0.63247, 0.52204, 0.19325), (0.63498, 0.52706, 0.19827), (0.63498, 0.52706, 0.19827), (0.63247, 0.52455, 0.19827), (0.62745, 0.51953, 0.19075), (0.62494, 0.51953, 0.18322), (0.64, 0.53208, 0.19325), (0.63749, 0.54463, 0.21835), (0.62494, 0.51953, 0.18322), (0.62494, 0.51953, 0.1782), (0.62243, 0.51451, 0.16816), (0.63247, 0.5371, 0.20329), (0.63749, 0.52706, 0.19827), (0.63498, 0.52455, 0.19576), (0.63498, 0.52455, 0.19576), (0.62996, 0.52957, 0.19827), (0.63247, 0.5371, 0.20329), (0.62996, 0.52957, 0.19827), (0.63247, 0.52455, 0.19576), (0.63498, 0.52706, 0.20078), (0.63498, 0.52706, 0.20078), (0.62996, 0.52957, 0.20078), (0.62996, 0.52957, 0.19827), (0.62494, 0.47435, 0.14808), (0.62243, 0.47184, 0.14557), (0.60235, 0.46933, 0.14306), (0.60235, 0.46933, 0.14306), (0.59482, 0.45678, 0.13804), (0.62494, 0.47435, 0.14808), (0.63498, 0.52455, 0.18573), (0.62745, 0.512, 0.16816), (0.62996, 0.52204, 0.17569), (0.62996, 0.52204, 0.17569), (0.63247, 0.52706, 0.19075), (0.63498, 0.52455, 0.18573), (0.63749, 0.56722, 0.25098), (0.63749, 0.55718, 0.24847), (0.64, 0.56471, 0.25349), (0.64, 0.56471, 0.25349), (0.63749, 0.56722, 0.25349), (0.63749, 0.56722, 0.25098), (0.62745, 0.53459, 0.20329), (0.62494, 0.53208, 0.20078), (0.62745, 0.52957, 0.20078), (0.62745, 0.50196, 0.16314), (0.62745, 0.51953, 0.17318), (0.63247, 0.50196, 0.16314), (0.63498, 0.53961, 0.22086), (0.62996, 0.54212, 0.21584), (0.63247, 0.54212, 0.23341), (0.63247, 0.54212, 0.23341), (0.62996, 0.53961, 0.2309), (0.63498, 0.53961, 0.22086), (0.62745, 0.52455, 0.20329), (0.63247, 0.52455, 0.20329), (0.62996, 0.51451, 0.17067), (0.62745, 0.49694, 0.15059), (0.62745, 0.50698, 0.17067), (0.63247, 0.50196, 0.16314), (0.58227, 0.44925, 0.128), (0.58729, 0.44925, 0.12549), (0.62745, 0.47184, 0.13804), (0.63498, 0.56973, 0.26604), (0.63247, 0.57224, 0.26604), (0.63749, 0.56973, 0.27608), (0.63247, 0.5371, 0.20329), (0.63498, 0.53961, 0.2058), (0.63498, 0.54212, 0.21584), (0.63498, 0.52706, 0.19827), (0.63498, 0.52706, 0.20078), (0.63498, 0.52706, 0.20078), (0.63498, 0.52706, 0.20078), (0.63498, 0.52706, 0.19827), (0.63498, 0.52706, 0.19827), (0.63247, 0.52204, 0.19325), (0.62745, 0.51953, 0.19075), (0.62996, 0.52204, 0.19325), (0.64, 0.55467, 0.22086), (0.63247, 0.56722, 0.26353), (0.63749, 0.57224, 0.26353), (0.63749, 0.57224, 0.26353), (0.64, 0.55216, 0.22588), (0.64, 0.55467, 0.22086), (0.62745, 0.52706, 0.19576), (0.62996, 0.52204, 0.19325), (0.63247, 0.52455, 0.19576), (0.63498, 0.53208, 0.21082), (0.62745, 0.52455, 0.21333), (0.63749, 0.52706, 0.21333), (0.63247, 0.50196, 0.16314), (0.62745, 0.50698, 0.17067), (0.62494, 0.51702, 0.19075), (0.62494, 0.51702, 0.19075), (0.63498, 0.52455, 0.19576), (0.63247, 0.50196, 0.16314), (0.63749, 0.55216, 0.23592), (0.63749, 0.56973, 0.27608), (0.64, 0.57725, 0.2811), (0.63498, 0.53961, 0.2058), (0.63498, 0.53961, 0.2058), (0.62996, 0.54463, 0.21082), (0.62996, 0.54463, 0.21082), (0.62996, 0.54463, 0.21082), (0.63498, 0.53961, 0.2058), (0.62494, 0.49192, 0.16063), (0.64, 0.55467, 0.23843), (0.63749, 0.55718, 0.24847), (0.63749, 0.55718, 0.24847), (0.62745, 0.50698, 0.17067), (0.62494, 0.49192, 0.16063), (0.62996, 0.52204, 0.19325), (0.63247, 0.52204, 0.19325), (0.63247, 0.52204, 0.19325), (0.64, 0.55969, 0.26102), (0.63749, 0.58227, 0.30118), (0.63749, 0.58478, 0.29616), (0.63749, 0.58478, 0.29616), (0.64, 0.56973, 0.26855), (0.64, 0.55969, 0.26102), (0.62996, 0.50949, 0.17318), (0.62996, 0.52204, 0.19576), (0.63498, 0.52455, 0.19576), (0.63498, 0.52455, 0.19576), (0.62745, 0.512, 0.16816), (0.62996, 0.50949, 0.17318), (0.63749, 0.5622, 0.23592), (0.63247, 0.53208, 0.20078), (0.62745, 0.53459, 0.20831), (0.62745, 0.53459, 0.20831), (0.63498, 0.55718, 0.23843), (0.63749, 0.5622, 0.23592), (0.63247, 0.52455, 0.19576), (0.62494, 0.52957, 0.19576), (0.64, 0.52957, 0.19075), (0.64, 0.52957, 0.19075), (0.63498, 0.52706, 0.20078), (0.63247, 0.52455, 0.19576), (0.63749, 0.5622, 0.23592), (0.62745, 0.52706, 0.19576), (0.63247, 0.53208, 0.20078), (0.62996, 0.52957, 0.19827), (0.63247, 0.52455, 0.19576), (0.63498, 0.52455, 0.19576), (0.64, 0.54714, 0.22839), (0.62996, 0.53459, 0.22086), (0.64, 0.55969, 0.256), (0.63498, 0.52455, 0.19576), (0.62996, 0.52957, 0.19325), (0.62996, 0.52957, 0.19827), (0.62996, 0.51953, 0.18573), (0.62745, 0.52706, 0.19075), (0.62494, 0.51953, 0.18322), (0.62745, 0.47184, 0.13804), (0.62243, 0.46431, 0.14055), (0.58227, 0.44925, 0.128), (0.62996, 0.46682, 0.14055), (0.62996, 0.46682, 0.14055), (0.62996, 0.46682, 0.14055), (0.63247, 0.46431, 0.13051), (0.62996, 0.46933, 0.13804), (0.62996, 0.46933, 0.13804), (0.62745, 0.52706, 0.19576), (0.64, 0.55718, 0.24094), (0.64, 0.55718, 0.24094), (0.63498, 0.53459, 0.2058), (0.63247, 0.5371, 0.20329), (0.62996, 0.52957, 0.20078), (0.62996, 0.52957, 0.20078), (0.63498, 0.53961, 0.22588), (0.63498, 0.53459, 0.2058), (0.63749, 0.57725, 0.27106), (0.63498, 0.57475, 0.26855), (0.64, 0.56973, 0.26102), (0.63247, 0.52957, 0.20831), (0.62996, 0.52706, 0.2058), (0.62494, 0.5371, 0.21584), (0.63498, 0.45176, 0.10541), (0.63247, 0.46431, 0.13051), (0.63498, 0.46431, 0.13051), (0.63498, 0.5622, 0.23592), (0.62996, 0.54212, 0.22086), (0.64, 0.55718, 0.23341), (0.64, 0.55718, 0.23341), (0.63247, 0.56471, 0.24094), (0.63498, 0.5622, 0.23592), (0.63247, 0.55467, 0.23592), (0.64, 0.57475, 0.27608), (0.63749, 0.57224, 0.26855), (0.63749, 0.57224, 0.26855), (0.64, 0.55969, 0.24847), (0.63247, 0.55467, 0.23592), (0.63247, 0.55216, 0.24345), (0.62996, 0.52204, 0.19576), (0.63247, 0.52455, 0.19576), (0.64, 0.57725, 0.2811), (0.63247, 0.55216, 0.24345), (0.63749, 0.55216, 0.23592), (0.63247, 0.52455, 0.19576), (0.62996, 0.52957, 0.19827), (0.62745, 0.52706, 0.19576), (0.63498, 0.46431, 0.13051), (0.62996, 0.44925, 0.10792), (0.63498, 0.45176, 0.10541), (0.63498, 0.54212, 0.21584), (0.63247, 0.5371, 0.21835), (0.63247, 0.5371, 0.20329), (0.64, 0.55718, 0.24094), (0.63247, 0.53208, 0.20078), (0.62745, 0.52706, 0.19576), (0.62494, 0.52957, 0.21082), (0.62494, 0.52706, 0.20831), (0.63498, 0.52706, 0.19827), (0.63247, 0.5371, 0.20329), (0.63498, 0.53961, 0.2058), (0.62996, 0.53961, 0.2309), (0.62996, 0.53961, 0.2309), (0.62745, 0.5371, 0.22839), (0.63247, 0.5371, 0.20329), (0.62745, 0.53208, 0.21333), (0.63749, 0.51953, 0.19325), (0.62996, 0.512, 0.18071), (0.62996, 0.512, 0.18071), (0.63498, 0.52706, 0.20078), (0.62745, 0.53208, 0.21333), (0.62494, 0.5371, 0.21584), (0.62745, 0.53208, 0.21835), (0.63247, 0.52957, 0.20831), (0.64, 0.57475, 0.27608), (0.63749, 0.57725, 0.27106), (0.64, 0.56722, 0.27106), (0.63247, 0.52455, 0.19576), (0.63247, 0.55216, 0.24847), (0.63247, 0.55216, 0.24345), (0.62745, 0.52455, 0.17318), (0.62996, 0.512, 0.18071), (0.63749, 0.51953, 0.19325), (0.63749, 0.51953, 0.19325), (0.63247, 0.53459, 0.19075), (0.62745, 0.52455, 0.17318), (0.63498, 0.49443, 0.15059), (0.62996, 0.51953, 0.19075), (0.62745, 0.51953, 0.19075), (0.62745, 0.51953, 0.19075), (0.62494, 0.49192, 0.14557), (0.63498, 0.49443, 0.15059), (0.62745, 0.512, 0.16816), (0.62745, 0.50196, 0.16314), (0.62745, 0.50698, 0.17067), (0.62745, 0.50698, 0.17067), (0.62996, 0.52204, 0.17569), (0.62745, 0.512, 0.16816), (0.62745, 0.512, 0.16816), (0.63498, 0.52455, 0.18573), (0.63498, 0.52455, 0.19075), (0.63498, 0.52455, 0.19075), (0.62996, 0.51451, 0.17569), (0.62745, 0.512, 0.16816), (0.61992, 0.52204, 0.20329), (0.62243, 0.51953, 0.20329), (0.62494, 0.49192, 0.16063), (0.62243, 0.52455, 0.20078), (0.62243, 0.51702, 0.18071), (0.62494, 0.50949, 0.16314), (0.62996, 0.50447, 0.17067), (0.62494, 0.50698, 0.17569), (0.63247, 0.512, 0.17067), (0.62996, 0.52204, 0.19576), (0.63247, 0.52204, 0.18824), (0.64, 0.52455, 0.18573), (0.63498, 0.5371, 0.21835), (0.62996, 0.52706, 0.21082), (0.63498, 0.54463, 0.24345), (0.64, 0.56722, 0.27106), (0.64, 0.56722, 0.27106), (0.64, 0.56471, 0.27106), (0.63749, 0.57475, 0.27608), (0.64, 0.56973, 0.26102), (0.63498, 0.56973, 0.26604), (0.62996, 0.53208, 0.20329), (0.62745, 0.52957, 0.20078), (0.62243, 0.53459, 0.20831), (0.62996, 0.52957, 0.20078), (0.62745, 0.51953, 0.19827), (0.62243, 0.52706, 0.20831), (0.62243, 0.52706, 0.20831), (0.63498, 0.53208, 0.21082), (0.62996, 0.52957, 0.20078), (0.63498, 0.52706, 0.19827), (0.63498, 0.53961, 0.2058), (0.63498, 0.53961, 0.2058), (0.63498, 0.53961, 0.2058), (0.63749, 0.52957, 0.20078), (0.63498, 0.52706, 0.19827), (0.62996, 0.54212, 0.21584), (0.63247, 0.55216, 0.24847), (0.63498, 0.5622, 0.24596), (0.63749, 0.51953, 0.19325), (0.62745, 0.53208, 0.21333), (0.62996, 0.54212, 0.22086), (0.63498, 0.5622, 0.24596), (0.62745, 0.53961, 0.21835), (0.62996, 0.54212, 0.21584), (0.63247, 0.512, 0.17067), (0.63247, 0.512, 0.17067), (0.62996, 0.50447, 0.17067), (0.64, 0.57475, 0.26604), (0.64, 0.55718, 0.22337), (0.64, 0.55718, 0.22337), (0.64, 0.55718, 0.22337), (0.63498, 0.57475, 0.26353), (0.64, 0.57475, 0.26604), (0.64, 0.56471, 0.25349), (0.63498, 0.56471, 0.256), (0.64, 0.56973, 0.25349), (0.61741, 0.47435, 0.14055), (0.63498, 0.46682, 0.13804), (0.60235, 0.47435, 0.15561), (0.60235, 0.47435, 0.15561), (0.6149, 0.48188, 0.16063), (0.61741, 0.47435, 0.14055), (0.63749, 0.55718, 0.25349), (0.64, 0.56471, 0.25349), (0.63749, 0.57725, 0.27106), (0.64, 0.52455, 0.18573), (0.62996, 0.52204, 0.19325), (0.62996, 0.52204, 0.19576), (0.62996, 0.54212, 0.22086), (0.64, 0.54714, 0.21333), (0.63749, 0.51953, 0.19325), (0.64, 0.54463, 0.22588), (0.63749, 0.54714, 0.23843), (0.63749, 0.55216, 0.24094), (0.63749, 0.55216, 0.24094), (0.64, 0.55467, 0.23843), (0.64, 0.54463, 0.22588), (0.63498, 0.52706, 0.19827), (0.63498, 0.52706, 0.20078), (0.63498, 0.52706, 0.19827), (0.63498, 0.52706, 0.19827), (0.63247, 0.52455, 0.19576), (0.63498, 0.52706, 0.19827), (0.63749, 0.55718, 0.25349), (0.63498, 0.53459, 0.2058), (0.62745, 0.53208, 0.21835), (0.62745, 0.53208, 0.21835), (0.64, 0.56471, 0.26102), (0.63749, 0.55718, 0.25349), (0.63247, 0.4618, 0.128), (0.62996, 0.44925, 0.1029), (0.62996, 0.44925, 0.10792), (0.62996, 0.44925, 0.10792), (0.63498, 0.46431, 0.13051), (0.63247, 0.4618, 0.128), (0.61741, 0.50949, 0.18071), (0.62996, 0.52204, 0.19576), (0.63247, 0.52957, 0.20831), (0.63247, 0.52957, 0.20831), (0.63247, 0.53459, 0.21082), (0.61741, 0.50949, 0.18071), (0.63247, 0.51953, 0.19576), (0.63498, 0.52455, 0.19576), (0.63498, 0.52455, 0.19576), (0.63749, 0.56471, 0.26855), (0.64, 0.56973, 0.27608), (0.64, 0.56722, 0.27357), (0.64, 0.56722, 0.27357), (0.64, 0.56471, 0.27357), (0.63749, 0.56471, 0.26855), (0.63247, 0.45176, 0.10541), (0.62745, 0.45427, 0.11043), (0.62745, 0.45427, 0.10541), (0.62494, 0.50698, 0.17569), (0.62996, 0.50447, 0.17067), (0.63498, 0.50196, 0.17067), (0.63498, 0.53208, 0.21584), (0.63498, 0.56471, 0.25098), (0.64, 0.56973, 0.26102), (0.63498, 0.54463, 0.23592), (0.63498, 0.54212, 0.21082), (0.63247, 0.53961, 0.20831), (0.63247, 0.53961, 0.20831), (0.64, 0.54965, 0.24094), (0.63498, 0.54463, 0.23592), (0.62996, 0.46933, 0.13804), (0.63247, 0.46431, 0.13051), (0.62996, 0.4618, 0.128), (0.62996, 0.4618, 0.128), (0.63498, 0.46682, 0.13804), (0.62996, 0.46933, 0.13804), (0.63498, 0.52455, 0.19576), (0.63247, 0.51953, 0.19576), (0.62996, 0.51953, 0.2058), (0.63498, 0.56973, 0.26604), (0.64, 0.57475, 0.27106), (0.63749, 0.57475, 0.27608), (0.62745, 0.52706, 0.19075), (0.62243, 0.52204, 0.19325), (0.64, 0.52957, 0.21584), (0.64, 0.56471, 0.26353), (0.63749, 0.54212, 0.23341), (0.64, 0.54212, 0.23843), (0.62996, 0.52957, 0.19827), (0.62996, 0.52957, 0.19827), (0.62996, 0.52957, 0.19827), (0.62745, 0.45427, 0.11043), (0.63247, 0.45176, 0.10541), (0.61741, 0.45678, 0.11545), (0.62996, 0.55467, 0.22839), (0.63749, 0.56973, 0.27608), (0.63247, 0.57224, 0.26604), (0.63247, 0.57224, 0.26604), (0.63749, 0.55216, 0.23592), (0.62996, 0.55467, 0.22839), (0.61992, 0.512, 0.18322), (0.61992, 0.52706, 0.20078), (0.62996, 0.51451, 0.17067), (0.63247, 0.52204, 0.19325), (0.62745, 0.51953, 0.19075), (0.63498, 0.52706, 0.19827), (0.63498, 0.52706, 0.19827), (0.62996, 0.53208, 0.20831), (0.63247, 0.52204, 0.19325), (0.62996, 0.51953, 0.2058), (0.62745, 0.52455, 0.20831), (0.63498, 0.52455, 0.19576), (0.62243, 0.53459, 0.20831), (0.62243, 0.53459, 0.21835), (0.62996, 0.53208, 0.20329), (0.62494, 0.51451, 0.18071), (0.61992, 0.512, 0.18322), (0.63247, 0.52706, 0.18573), (0.64, 0.56471, 0.27106), (0.64, 0.56722, 0.27106), (0.64, 0.56722, 0.27106), (0.62745, 0.50447, 0.15059), (0.62745, 0.52957, 0.20078), (0.62243, 0.52706, 0.19325), (0.62243, 0.52706, 0.19325), (0.62494, 0.51451, 0.17569), (0.62745, 0.50447, 0.15059), (0.64, 0.55467, 0.24596), (0.63749, 0.57976, 0.28863), (0.64, 0.57475, 0.27608), (0.64, 0.57475, 0.27608), (0.64, 0.5622, 0.25851), (0.64, 0.55467, 0.24596), (0.62996, 0.52957, 0.19827), (0.62996, 0.52957, 0.19827), (0.62996, 0.52957, 0.19827), (0.63247, 0.55467, 0.24094), (0.63498, 0.5622, 0.24596), (0.63498, 0.5622, 0.24094), (0.63498, 0.52455, 0.19576), (0.63247, 0.51953, 0.19576), (0.63247, 0.52204, 0.19325), (0.63247, 0.52204, 0.19325), (0.63498, 0.52455, 0.19576), (0.63498, 0.52455, 0.19576), (0.64, 0.57725, 0.27357), (0.64, 0.56722, 0.26604), (0.63749, 0.5622, 0.26102), (0.63749, 0.5622, 0.26102), (0.64, 0.57976, 0.27608), (0.64, 0.57725, 0.27357), (0.63498, 0.55467, 0.24596), (0.62996, 0.55718, 0.24094), (0.63247, 0.55969, 0.24345), (0.63247, 0.55969, 0.24345), (0.63498, 0.55718, 0.24345), (0.63498, 0.55467, 0.24596), (0.63749, 0.54714, 0.23843), (0.63247, 0.5622, 0.24596), (0.63498, 0.55718, 0.24345), (0.63247, 0.53208, 0.20078), (0.64, 0.52455, 0.19325), (0.63247, 0.53208, 0.20329), (0.64, 0.56722, 0.26604), (0.64, 0.57725, 0.27357), (0.63498, 0.56973, 0.26102), (0.63498, 0.56973, 0.26102), (0.62745, 0.55216, 0.24094), (0.64, 0.56722, 0.26604), (0.63247, 0.54714, 0.2309), (0.62745, 0.54714, 0.23843), (0.63247, 0.55216, 0.24345), (0.63247, 0.55216, 0.24345), (0.63749, 0.55969, 0.24596), (0.63247, 0.54714, 0.2309), (0.62996, 0.5371, 0.20329), (0.62243, 0.53961, 0.21082), (0.63749, 0.52957, 0.20329), (0.63749, 0.52957, 0.20329), (0.62745, 0.52706, 0.19576), (0.62996, 0.5371, 0.20329), (0.63498, 0.5622, 0.24094), (0.63749, 0.55216, 0.23592), (0.63247, 0.55467, 0.24094), (0.64, 0.56471, 0.26353), (0.62745, 0.54714, 0.23843), (0.64, 0.55718, 0.24094), (0.64, 0.55718, 0.24094), (0.63247, 0.55216, 0.24345), (0.64, 0.56471, 0.26353), (0.64, 0.56722, 0.27106), (0.62745, 0.53961, 0.22337), (0.63749, 0.54965, 0.23341), (0.63749, 0.54965, 0.23341), (0.64, 0.56973, 0.26855), (0.64, 0.56722, 0.27106), (0.63247, 0.53208, 0.20329), (0.63498, 0.54212, 0.21082), (0.63247, 0.53208, 0.20078), (0.61741, 0.45678, 0.11545), (0.62745, 0.45929, 0.13051), (0.62745, 0.45427, 0.11043), (0.62996, 0.54463, 0.23341), (0.62996, 0.54212, 0.22086), (0.62996, 0.54212, 0.22086), (0.62996, 0.54212, 0.22086), (0.62996, 0.53961, 0.2309), (0.62996, 0.54463, 0.23341), (0.63498, 0.50196, 0.17067), (0.62745, 0.51702, 0.18322), (0.62494, 0.50698, 0.17569), (0.63498, 0.49443, 0.15059), (0.63498, 0.49443, 0.15059), (0.63498, 0.49443, 0.15059), (0.63498, 0.49443, 0.15059), (0.63247, 0.4869, 0.14557), (0.63498, 0.49443, 0.15059), (0.62745, 0.45427, 0.10541), (0.63247, 0.45176, 0.10541), (0.63247, 0.45176, 0.10541), (0.63498, 0.52455, 0.19576), (0.63247, 0.52204, 0.19325), (0.63247, 0.51953, 0.19576), (0.64, 0.54212, 0.23843), (0.64, 0.56722, 0.27106), (0.64, 0.56471, 0.26353), (0.63749, 0.5622, 0.256), (0.63749, 0.54965, 0.23341), (0.62745, 0.53961, 0.22337), (0.62745, 0.53961, 0.22337), (0.63498, 0.5622, 0.26102), (0.63749, 0.5622, 0.256), (0.64, 0.56973, 0.26855), (0.63749, 0.54965, 0.23341), (0.63498, 0.54714, 0.2309), (0.64, 0.56973, 0.26102), (0.63247, 0.53459, 0.21584), (0.63498, 0.53208, 0.21584), (0.63498, 0.54714, 0.2309), (0.63498, 0.55969, 0.25349), (0.64, 0.56973, 0.26855), (0.63247, 0.53961, 0.21333), (0.62494, 0.5371, 0.21584), (0.62996, 0.5371, 0.20329), (0.62996, 0.5371, 0.20329), (0.62996, 0.52957, 0.19827), (0.63247, 0.53961, 0.21333), (0.63247, 0.56973, 0.25349), (0.63247, 0.55718, 0.25098), (0.63247, 0.55216, 0.24345), (0.63247, 0.55216, 0.24345), (0.64, 0.56973, 0.256), (0.63247, 0.56973, 0.25349), (0.64, 0.56722, 0.27106), (0.64, 0.56722, 0.27106), (0.63749, 0.5622, 0.256), (0.63247, 0.52455, 0.19576), (0.63247, 0.53208, 0.20078), (0.63247, 0.52455, 0.19827), (0.63247, 0.52455, 0.19827), (0.63498, 0.52706, 0.19827), (0.63247, 0.52455, 0.19576), (0.63749, 0.55718, 0.24847), (0.63498, 0.55969, 0.25349), (0.64, 0.56973, 0.26855), (0.63498, 0.52455, 0.19576), (0.63247, 0.51953, 0.19576), (0.63247, 0.52204, 0.19325), (0.63247, 0.52204, 0.19325), (0.63498, 0.52455, 0.19576), (0.63498, 0.52455, 0.19576), (0.63749, 0.56471, 0.24847), (0.63247, 0.57725, 0.27106), (0.64, 0.58478, 0.28361), (0.62745, 0.46431, 0.13804), (0.62996, 0.46682, 0.14055), (0.62243, 0.47184, 0.14557), (0.64, 0.58478, 0.28361), (0.64, 0.56722, 0.25349), (0.63749, 0.56471, 0.24847), (0.62243, 0.53208, 0.22337), (0.63247, 0.52455, 0.19827), (0.63749, 0.52957, 0.20329), (0.63749, 0.52957, 0.20329), (0.63498, 0.5371, 0.21835), (0.62243, 0.53208, 0.22337), (0.63247, 0.53208, 0.20078), (0.62745, 0.52706, 0.19576), (0.63749, 0.52957, 0.20329), (0.63749, 0.52957, 0.20329), (0.62996, 0.53208, 0.20329), (0.63247, 0.53208, 0.20078), (0.63247, 0.55467, 0.23592), (0.63498, 0.5622, 0.23592), (0.63247, 0.56471, 0.24094), (0.63247, 0.56471, 0.24094), (0.62745, 0.54965, 0.2309), (0.63247, 0.55467, 0.23592), (0.63247, 0.51702, 0.1782), (0.63247, 0.53208, 0.20329), (0.62745, 0.51702, 0.18824), (0.62745, 0.51702, 0.18824), (0.62494, 0.51451, 0.17569), (0.63247, 0.51702, 0.1782), (0.62996, 0.5622, 0.23843), (0.62996, 0.56722, 0.24345), (0.62745, 0.56471, 0.24094), (0.62745, 0.56471, 0.24094), (0.63247, 0.55969, 0.23843), (0.62996, 0.5622, 0.23843), (0.63498, 0.55718, 0.24345), (0.64, 0.54965, 0.24094), (0.63749, 0.54714, 0.23843), (0.63498, 0.49443, 0.14557), (0.63247, 0.49192, 0.14306), (0.62494, 0.48941, 0.15059), (0.62494, 0.48941, 0.15059), (0.63247, 0.50196, 0.15561), (0.63498, 0.49443, 0.14557), (0.62243, 0.47184, 0.14557), (0.62494, 0.47435, 0.14808), (0.62745, 0.46431, 0.13804), (0.63247, 0.49192, 0.14808), (0.63247, 0.4869, 0.14557), (0.63247, 0.4869, 0.14557), (0.63247, 0.4869, 0.14557), (0.63498, 0.49443, 0.15059), (0.63247, 0.49192, 0.14808), (0.63247, 0.52204, 0.19325), (0.62745, 0.51953, 0.19075), (0.63247, 0.52204, 0.19325), (0.62745, 0.52455, 0.20329), (0.62996, 0.51451, 0.17067), (0.61992, 0.52706, 0.20078), (0.62745, 0.52706, 0.19827), (0.62494, 0.50698, 0.17569), (0.62494, 0.48941, 0.15059), (0.63247, 0.52455, 0.19576), (0.63749, 0.52455, 0.2058), (0.63498, 0.51702, 0.19075), (0.62243, 0.53961, 0.21082), (0.62996, 0.53208, 0.21333), (0.63749, 0.52957, 0.20329), (0.62494, 0.5371, 0.22086), (0.62494, 0.5371, 0.22086), (0.63247, 0.52957, 0.20831), (0.62745, 0.52957, 0.20078), (0.62494, 0.5371, 0.21584), (0.62996, 0.53208, 0.20329), (0.61992, 0.52706, 0.20078), (0.61992, 0.53208, 0.21584), (0.62745, 0.52455, 0.20329), (0.60235, 0.46682, 0.13051), (0.60235, 0.46933, 0.14306), (0.62243, 0.47184, 0.14557), (0.63749, 0.54965, 0.22839), (0.64, 0.55467, 0.23843), (0.64, 0.55467, 0.24345), (0.64, 0.55467, 0.24345), (0.63247, 0.54212, 0.23341), (0.63749, 0.54965, 0.22839), (0.63247, 0.55969, 0.26353), (0.63749, 0.58227, 0.30118), (0.64, 0.5898, 0.29867), (0.64, 0.5898, 0.29867), (0.63749, 0.55718, 0.25349), (0.63247, 0.55969, 0.26353), (0.62996, 0.50447, 0.16565), (0.62745, 0.46431, 0.13804), (0.62494, 0.47435, 0.14808), (0.62494, 0.47435, 0.14808), (0.63749, 0.51451, 0.18573), (0.62996, 0.50447, 0.16565), (0.63749, 0.52455, 0.2058), (0.62745, 0.52706, 0.19827), (0.64, 0.52455, 0.19325), (0.63749, 0.54965, 0.22839), (0.64, 0.55216, 0.25098), (0.64, 0.55467, 0.25349), (0.63247, 0.49192, 0.14808), (0.62494, 0.49192, 0.14557), (0.62745, 0.49694, 0.15561), (0.62745, 0.49694, 0.15561), (0.63247, 0.49192, 0.14808), (0.63247, 0.49192, 0.14808), (0.63247, 0.52204, 0.19325), (0.63498, 0.52455, 0.19576), (0.63247, 0.52204, 0.19325), (0.63498, 0.56973, 0.26604), (0.64, 0.57976, 0.27106), (0.64, 0.57475, 0.25851), (0.64, 0.57475, 0.25851), (0.64, 0.56973, 0.26855), (0.63498, 0.56973, 0.26604), (0.63498, 0.49443, 0.15059), (0.63498, 0.48941, 0.14808), (0.61992, 0.50949, 0.18071), (0.61992, 0.50949, 0.18071), (0.6149, 0.49443, 0.15812), (0.63498, 0.49443, 0.15059), (0.63749, 0.5622, 0.256), (0.64, 0.56471, 0.26353), (0.64, 0.56722, 0.27106), (0.63247, 0.52957, 0.21333), (0.62494, 0.51702, 0.19075), (0.62996, 0.52204, 0.19325), (0.62996, 0.52204, 0.19325), (0.62996, 0.52957, 0.19827), (0.63247, 0.52957, 0.21333), (0.64, 0.56973, 0.26855), (0.63247, 0.55718, 0.256), (0.63749, 0.55718, 0.24847), (0.63247, 0.52455, 0.19576), (0.62745, 0.51953, 0.19075), (0.63247, 0.52455, 0.20329), (0.63247, 0.52455, 0.20329), (0.63247, 0.5371, 0.22337), (0.63247, 0.52455, 0.19576), (0.63247, 0.54714, 0.23592), (0.64, 0.57725, 0.26855), (0.64, 0.56722, 0.26604), (0.64, 0.56722, 0.26604), (0.64, 0.56722, 0.25349), (0.63247, 0.54714, 0.23592), (0.62494, 0.52204, 0.20078), (0.63247, 0.52455, 0.19576), (0.63247, 0.52706, 0.19075), (0.63749, 0.52706, 0.19325), (0.62745, 0.50447, 0.15561), (0.64, 0.51953, 0.1782), (0.63498, 0.55718, 0.24345), (0.64, 0.54965, 0.24094), (0.63749, 0.54714, 0.24094), (0.61741, 0.50949, 0.18071), (0.64, 0.57224, 0.27608), (0.64, 0.57224, 0.27859), (0.64, 0.57224, 0.27859), (0.62494, 0.51451, 0.18573), (0.61741, 0.50949, 0.18071), (0.62745, 0.54212, 0.22588), (0.62494, 0.5371, 0.21584), (0.63247, 0.53961, 0.21333), (0.62745, 0.52957, 0.20078), (0.62494, 0.53208, 0.2058), (0.62243, 0.5371, 0.22086), (0.62243, 0.5371, 0.22086), (0.62243, 0.53459, 0.20831), (0.62745, 0.52957, 0.20078), (0.64, 0.55467, 0.25349), (0.63498, 0.54212, 0.21584), (0.63749, 0.54965, 0.22839), (0.64, 0.56722, 0.27106), (0.62996, 0.54965, 0.24094), (0.62745, 0.54714, 0.23843), (0.62745, 0.54714, 0.23843), (0.64, 0.56471, 0.26353), (0.64, 0.56722, 0.27106), (0.63749, 0.5622, 0.26102), (0.63749, 0.5622, 0.26102), (0.64, 0.55969, 0.26102), (0.64, 0.55969, 0.26102), (0.63247, 0.55969, 0.25851), (0.63749, 0.5622, 0.26102), (0.63498, 0.55467, 0.25098), (0.63498, 0.55969, 0.25349), (0.62745, 0.54714, 0.23843), (0.62745, 0.54714, 0.23843), (0.63498, 0.55467, 0.25098), (0.63498, 0.55467, 0.25098), (0.63247, 0.52706, 0.19075), (0.63247, 0.52455, 0.19827), (0.62494, 0.52204, 0.20078), (0.63498, 0.56722, 0.27357), (0.63498, 0.56973, 0.26604), (0.64, 0.56973, 0.26855), (0.64, 0.56973, 0.26855), (0.63498, 0.56722, 0.27357), (0.63498, 0.56722, 0.27357), (0.62494, 0.49443, 0.1531), (0.63247, 0.50196, 0.16063), (0.6149, 0.50447, 0.17569), (0.6149, 0.50447, 0.17569), (0.60737, 0.49694, 0.16314), (0.62494, 0.49443, 0.1531), (0.63498, 0.54212, 0.21584), (0.62996, 0.50447, 0.19075), (0.64, 0.51451, 0.20078), (0.64, 0.51451, 0.20078), (0.63749, 0.54965, 0.22839), (0.63498, 0.54212, 0.21584), (0.62745, 0.53961, 0.23843), (0.64, 0.55969, 0.256), (0.62996, 0.53459, 0.22086), (0.62996, 0.53459, 0.22086), (0.62243, 0.53208, 0.22337), (0.62745, 0.53961, 0.23843), (0.64, 0.51953, 0.1782), (0.63247, 0.50949, 0.18824), (0.63749, 0.52706, 0.19325), (0.64, 0.55216, 0.25098), (0.63498, 0.55467, 0.256), (0.63749, 0.55718, 0.25349), (0.63749, 0.55718, 0.25349), (0.63498, 0.55467, 0.24596), (0.64, 0.55216, 0.25098), (0.63247, 0.52455, 0.19827), (0.62996, 0.52204, 0.19576), (0.62494, 0.52706, 0.20329), (0.62494, 0.52706, 0.20329), (0.62243, 0.52455, 0.20078), (0.63247, 0.52455, 0.19827), (0.62494, 0.5371, 0.21584), (0.62494, 0.5371, 0.22086), (0.62996, 0.53208, 0.20831), (0.64, 0.56722, 0.27106), (0.64, 0.57725, 0.29867), (0.63749, 0.57475, 0.28361), (0.63749, 0.57475, 0.28361), (0.63749, 0.56471, 0.26855), (0.64, 0.56722, 0.27106), (0.62243, 0.53961, 0.21584), (0.62243, 0.5371, 0.22086), (0.62494, 0.53208, 0.2058), (0.63749, 0.54965, 0.23341), (0.63749, 0.5622, 0.256), (0.63749, 0.5622, 0.26102), (0.63498, 0.55467, 0.24596), (0.62996, 0.55467, 0.24345), (0.63498, 0.55467, 0.24596), (0.62996, 0.52204, 0.19325), (0.62996, 0.52957, 0.19827), (0.62996, 0.52957, 0.19827), (0.62996, 0.52957, 0.19827), (0.63498, 0.52706, 0.19827), (0.62996, 0.52204, 0.19325), (0.63498, 0.52706, 0.20078), (0.63498, 0.52706, 0.19827), (0.63247, 0.52455, 0.19827), (0.63247, 0.52455, 0.19827), (0.62996, 0.52706, 0.2058), (0.63498, 0.52706, 0.20078), (0.63498, 0.55467, 0.24596), (0.63749, 0.55216, 0.24345), (0.63498, 0.55467, 0.24596), (0.64, 0.5622, 0.26855), (0.63247, 0.55216, 0.24847), (0.63749, 0.55718, 0.25349), (0.62745, 0.57224, 0.26604), (0.64, 0.56722, 0.26604), (0.62745, 0.55216, 0.24094), (0.62494, 0.53208, 0.2058), (0.63749, 0.51953, 0.19325), (0.62494, 0.52957, 0.21082), (0.62494, 0.52957, 0.21082), (0.62494, 0.53459, 0.22588), (0.62494, 0.53208, 0.2058), (0.63498, 0.56471, 0.256), (0.63749, 0.57224, 0.27357), (0.63498, 0.56973, 0.26604), (0.63247, 0.52204, 0.19325), (0.63749, 0.51953, 0.19325), (0.63247, 0.52204, 0.19325), (0.63247, 0.52204, 0.19325), (0.62745, 0.51953, 0.19075), (0.63247, 0.52204, 0.19325), (0.62494, 0.53208, 0.2058), (0.62494, 0.53208, 0.20078), (0.62243, 0.53961, 0.21584), (0.64, 0.56722, 0.25349), (0.64, 0.58478, 0.28361), (0.62745, 0.57224, 0.26604), (0.63247, 0.56722, 0.26353), (0.64, 0.55467, 0.22086), (0.64, 0.56471, 0.23843), (0.64, 0.56471, 0.23843), (0.64, 0.56973, 0.26102), (0.63247, 0.56722, 0.26353), (0.63498, 0.52204, 0.19827), (0.62996, 0.52204, 0.19576), (0.63247, 0.52204, 0.19325), (0.64, 0.56973, 0.25349), (0.63749, 0.5622, 0.256), (0.62745, 0.55216, 0.24596), (0.62745, 0.55216, 0.24596), (0.63498, 0.56471, 0.25098), (0.64, 0.56973, 0.25349), (0.62745, 0.55216, 0.24094), (0.63247, 0.56722, 0.26353), (0.62745, 0.57224, 0.26604), (0.63749, 0.55718, 0.25349), (0.64, 0.56722, 0.27106), (0.64, 0.5622, 0.26855), (0.62494, 0.5371, 0.21584), (0.62243, 0.53961, 0.21082), (0.62996, 0.5371, 0.20329), (0.63247, 0.52204, 0.19325), (0.63247, 0.52204, 0.19325), (0.63247, 0.52204, 0.19325), (0.63247, 0.52204, 0.19325), (0.63247, 0.51953, 0.19576), (0.63247, 0.52204, 0.19325), (0.64, 0.55969, 0.26102), (0.63247, 0.55216, 0.24345), (0.63749, 0.5622, 0.256), (0.63749, 0.5622, 0.256), (0.64, 0.56722, 0.27106), (0.64, 0.55969, 0.26102), (0.63749, 0.56471, 0.26855), (0.63749, 0.57475, 0.28361), (0.63749, 0.56973, 0.27608), (0.63749, 0.56973, 0.27608), (0.63247, 0.55969, 0.25851), (0.63749, 0.56471, 0.26855), (0.62745, 0.57224, 0.26604), (0.63247, 0.54714, 0.23592), (0.64, 0.56722, 0.25349), (0.63749, 0.5622, 0.26102), (0.63749, 0.54965, 0.23341), (0.63749, 0.54965, 0.23341), (0.62996, 0.51451, 0.17067), (0.63749, 0.52706, 0.19827), (0.63498, 0.52455, 0.19576), (0.63498, 0.52455, 0.19576), (0.63247, 0.512, 0.17067), (0.62996, 0.51451, 0.17067), (0.63247, 0.56722, 0.25851), (0.62996, 0.5622, 0.23843), (0.63247, 0.55969, 0.23843), (0.63247, 0.55969, 0.23843), (0.64, 0.57475, 0.27106), (0.63247, 0.56722, 0.25851), (0.64, 0.56722, 0.27357), (0.64, 0.56722, 0.27357), (0.64, 0.56722, 0.26604), (0.64, 0.56722, 0.26604), (0.63749, 0.5622, 0.26102), (0.64, 0.56722, 0.27357), (0.62745, 0.54212, 0.22588), (0.62996, 0.54463, 0.23341), (0.63749, 0.54714, 0.23843), (0.63749, 0.54965, 0.22839), (0.62745, 0.52455, 0.20329), (0.63749, 0.52957, 0.20831), (0.62996, 0.51451, 0.17569), (0.62996, 0.52957, 0.19325), (0.62243, 0.5371, 0.22086), (0.62243, 0.5371, 0.22086), (0.62243, 0.52455, 0.20078), (0.62996, 0.51451, 0.17569), (0.63749, 0.54714, 0.23843), (0.62745, 0.53961, 0.21835), (0.62745, 0.54212, 0.22588), (0.63749, 0.49192, 0.15059), (0.63498, 0.49443, 0.15059), (0.63247, 0.50196, 0.16063), (0.63247, 0.50196, 0.16063), (0.62494, 0.49443, 0.1531), (0.63749, 0.49192, 0.15059), (0.64, 0.55718, 0.24094), (0.62996, 0.54965, 0.24094), (0.63247, 0.55467, 0.23592), (0.63247, 0.55467, 0.23592), (0.63749, 0.5622, 0.23592), (0.64, 0.55718, 0.24094), (0.62996, 0.53459, 0.22086), (0.63247, 0.53208, 0.20078), (0.63749, 0.52706, 0.19827), (0.63749, 0.51451, 0.18573), (0.62494, 0.51953, 0.18322), (0.62745, 0.51702, 0.18322), (0.63498, 0.45176, 0.10541), (0.62996, 0.44925, 0.1029), (0.59482, 0.4618, 0.13553), (0.59482, 0.4618, 0.13553), (0.60737, 0.46431, 0.13051), (0.63498, 0.45176, 0.10541), (0.63247, 0.53459, 0.21082), (0.63247, 0.52957, 0.20831), (0.62996, 0.53208, 0.20831), (0.62996, 0.53208, 0.20831), (0.63749, 0.53961, 0.22086), (0.63247, 0.53459, 0.21082), (0.64, 0.54714, 0.22839), (0.64, 0.54463, 0.22588), (0.62745, 0.54212, 0.2309), (0.62745, 0.54212, 0.2309), (0.63247, 0.54463, 0.22839), (0.64, 0.54714, 0.22839), (0.63247, 0.53208, 0.20329), (0.62745, 0.52957, 0.20078), (0.62996, 0.53208, 0.20329), (0.63247, 0.54463, 0.22337), (0.63498, 0.55216, 0.22839), (0.64, 0.55216, 0.22588), (0.64, 0.55216, 0.22588), (0.63498, 0.54212, 0.21082), (0.63247, 0.54463, 0.22337), (0.64, 0.55969, 0.26102), (0.63749, 0.54965, 0.23341), (0.63247, 0.5371, 0.21835), (0.63247, 0.5371, 0.21835), (0.63247, 0.54714, 0.23843), (0.64, 0.55969, 0.26102), (0.62745, 0.51702, 0.18322), (0.63498, 0.50196, 0.17067), (0.63749, 0.51451, 0.18573), (0.62996, 0.53208, 0.20329), (0.63247, 0.52455, 0.19576), (0.63247, 0.53208, 0.20329), (0.63749, 0.52706, 0.19827), (0.63749, 0.54212, 0.20831), (0.62996, 0.53459, 0.22086), (0.64, 0.55718, 0.24094), (0.63498, 0.54714, 0.22588), (0.63247, 0.53961, 0.21333), (0.63749, 0.57224, 0.26353), (0.63498, 0.57475, 0.26353), (0.64, 0.57976, 0.27357), (0.64, 0.57976, 0.27357), (0.64, 0.57725, 0.26855), (0.63749, 0.57224, 0.26353), (0.63749, 0.56973, 0.27608), (0.63498, 0.5622, 0.26102), (0.64, 0.57224, 0.27859), (0.64, 0.57224, 0.27859), (0.64, 0.57725, 0.2811), (0.63749, 0.56973, 0.27608), (0.63749, 0.49694, 0.1531), (0.63498, 0.49443, 0.15059), (0.62745, 0.49443, 0.14808), (0.63247, 0.52204, 0.19325), (0.63247, 0.52204, 0.19325), (0.63498, 0.52204, 0.19827), (0.63749, 0.57224, 0.27357), (0.63749, 0.56722, 0.25851), (0.64, 0.56973, 0.26102), (0.64, 0.56973, 0.26102), (0.63749, 0.57475, 0.27608), (0.63749, 0.57224, 0.27357), (0.63498, 0.55969, 0.25349), (0.63749, 0.5622, 0.256), (0.63749, 0.56471, 0.26353), (0.63749, 0.56471, 0.26353), (0.63498, 0.5622, 0.26102), (0.63498, 0.55969, 0.25349), (0.62243, 0.53961, 0.21584), (0.62494, 0.5371, 0.21082), (0.61992, 0.54212, 0.22337), (0.61992, 0.54212, 0.22337), (0.62745, 0.54965, 0.2309), (0.62243, 0.53961, 0.21584), (0.63749, 0.54212, 0.20831), (0.63749, 0.52957, 0.20078), (0.63247, 0.53208, 0.20329), (0.63749, 0.57224, 0.26855), (0.63247, 0.55718, 0.25098), (0.63498, 0.55969, 0.24847), (0.63498, 0.55969, 0.24847), (0.64, 0.56471, 0.25851), (0.63749, 0.57224, 0.26855), (0.63749, 0.57725, 0.27106), (0.64, 0.56471, 0.25349), (0.64, 0.56973, 0.25349), (0.63247, 0.53208, 0.20329), (0.63749, 0.54463, 0.21333), (0.63749, 0.54212, 0.20831), (0.63498, 0.52706, 0.20078), (0.63247, 0.52455, 0.19827), (0.63247, 0.53208, 0.20078), (0.63247, 0.53208, 0.20078), (0.63498, 0.52706, 0.20078), (0.63498, 0.52706, 0.20078), (0.61741, 0.45929, 0.13051), (0.62745, 0.47184, 0.13804), (0.58729, 0.44925, 0.12549), (0.58729, 0.44925, 0.12549), (0.60486, 0.46933, 0.13804), (0.61741, 0.45929, 0.13051), (0.64, 0.57475, 0.27106), (0.63749, 0.5622, 0.25098), (0.62996, 0.54965, 0.24094), (0.62996, 0.54965, 0.24094), (0.64, 0.57976, 0.27106), (0.64, 0.57475, 0.27106), (0.62243, 0.51953, 0.20329), (0.63498, 0.53459, 0.22839), (0.64, 0.54463, 0.22588), (0.64, 0.54463, 0.22588), (0.62494, 0.49192, 0.16063), (0.62243, 0.51953, 0.20329), (0.63749, 0.52957, 0.20831), (0.63749, 0.54965, 0.22337), (0.63749, 0.54965, 0.22839), (0.60988, 0.52204, 0.2058), (0.61992, 0.52204, 0.20329), (0.62996, 0.512, 0.18071), (0.64, 0.56973, 0.25349), (0.63498, 0.56471, 0.25098), (0.63749, 0.57725, 0.27106), (0.62996, 0.512, 0.18071), (0.63247, 0.52455, 0.19827), (0.60988, 0.52204, 0.2058), (0.63498, 0.54965, 0.23341), (0.63749, 0.55467, 0.22086), (0.63749, 0.54965, 0.22337), (0.63749, 0.54965, 0.22337), (0.63749, 0.55467, 0.22588), (0.63498, 0.54965, 0.23341), (0.62996, 0.52706, 0.2058), (0.62243, 0.52455, 0.20078), (0.63498, 0.52455, 0.19576), (0.62996, 0.52957, 0.19827), (0.62745, 0.53208, 0.19827), (0.62494, 0.53208, 0.20078), (0.62494, 0.53208, 0.20078), (0.62494, 0.53208, 0.2058), (0.62996, 0.52957, 0.19827), (0.62745, 0.52455, 0.21333), (0.63498, 0.53208, 0.21082), (0.63247, 0.52957, 0.20831), (0.63247, 0.52957, 0.20831), (0.63498, 0.53208, 0.22086), (0.62745, 0.52455, 0.21333), (0.62494, 0.49443, 0.1531), (0.61992, 0.46431, 0.12047), (0.62996, 0.46431, 0.11796), (0.62996, 0.52957, 0.19827), (0.62996, 0.52957, 0.19325), (0.63247, 0.53208, 0.20078), (0.63247, 0.53208, 0.20078), (0.62996, 0.52957, 0.19827), (0.62996, 0.52957, 0.19827), (0.63749, 0.56722, 0.25851), (0.63247, 0.55969, 0.24345), (0.63749, 0.55718, 0.24847), (0.63749, 0.58227, 0.30118), (0.63247, 0.55969, 0.26353), (0.64, 0.57475, 0.27608), (0.64, 0.57475, 0.27608), (0.63749, 0.58478, 0.29616), (0.63749, 0.58227, 0.30118), (0.64, 0.54965, 0.24094), (0.62996, 0.54212, 0.21584), (0.62745, 0.53961, 0.21835), (0.62745, 0.53961, 0.21835), (0.63749, 0.54714, 0.23843), (0.64, 0.54965, 0.24094), (0.63498, 0.53961, 0.2058), (0.63498, 0.53961, 0.2058), (0.63498, 0.5371, 0.20831), (0.63498, 0.5371, 0.20831), (0.63498, 0.5371, 0.20831), (0.63498, 0.53961, 0.2058), (0.63498, 0.52455, 0.19576), (0.62494, 0.51702, 0.19075), (0.62996, 0.52706, 0.2058), (0.64, 0.56471, 0.27357), (0.64, 0.56722, 0.27106), (0.63749, 0.56471, 0.27106), (0.63498, 0.5622, 0.24094), (0.63247, 0.54714, 0.2309), (0.63749, 0.55969, 0.24596), (0.63749, 0.55969, 0.24596), (0.63498, 0.5622, 0.24596), (0.63498, 0.5622, 0.24094), (0.63247, 0.55467, 0.23592), (0.62494, 0.51953, 0.1782), (0.62494, 0.51953, 0.18322), (0.62494, 0.51953, 0.18322), (0.64, 0.55467, 0.23843), (0.63247, 0.55467, 0.23592), (0.63749, 0.56471, 0.24847), (0.63749, 0.56722, 0.25851), (0.63749, 0.5622, 0.25098), (0.63749, 0.5622, 0.25098), (0.63749, 0.56471, 0.24847), (0.63749, 0.56471, 0.24847), (0.64, 0.55969, 0.256), (0.64, 0.5622, 0.26855), (0.63749, 0.56471, 0.26855), (0.62996, 0.53961, 0.2309), (0.63498, 0.55467, 0.25098), (0.63498, 0.55467, 0.25098), (0.63498, 0.55467, 0.25098), (0.62745, 0.54714, 0.23843), (0.62996, 0.53961, 0.2309), (0.63247, 0.55969, 0.24345), (0.62745, 0.55969, 0.2309), (0.63498, 0.5622, 0.23592), (0.63247, 0.5371, 0.20329), (0.63498, 0.53459, 0.2058), (0.63247, 0.53459, 0.2058), (0.63498, 0.5622, 0.23592), (0.63749, 0.55718, 0.24847), (0.63247, 0.55969, 0.24345), (0.63247, 0.55216, 0.24345), (0.63247, 0.54212, 0.23341), (0.64, 0.54965, 0.24094), (0.64, 0.54965, 0.24094), (0.63498, 0.55718, 0.24345), (0.63247, 0.55216, 0.24345), (0.63749, 0.56471, 0.27106), (0.63749, 0.56471, 0.26855), (0.64, 0.56471, 0.27357), (0.63749, 0.57725, 0.27106), (0.63247, 0.55969, 0.26353), (0.63749, 0.55718, 0.25349), (0.64, 0.54212, 0.21333), (0.63247, 0.53961, 0.21333), (0.63498, 0.54714, 0.22588), (0.63749, 0.55718, 0.25349), (0.64, 0.56471, 0.25349), (0.63749, 0.57725, 0.27106), (0.60235, 0.47435, 0.15561), (0.6149, 0.48188, 0.16063), (0.61741, 0.47435, 0.14055), (0.61741, 0.47435, 0.14055), (0.63498, 0.46682, 0.13804), (0.60235, 0.47435, 0.15561), (0.63498, 0.5371, 0.20831), (0.63498, 0.5371, 0.20831), (0.63749, 0.5371, 0.20831), (0.64, 0.55467, 0.24345), (0.62745, 0.51702, 0.18824), (0.63247, 0.53208, 0.20329), (0.63247, 0.53208, 0.20329), (0.64, 0.5622, 0.24345), (0.64, 0.55467, 0.24345), (0.63247, 0.54463, 0.22337), (0.62243, 0.52957, 0.20329), (0.62996, 0.52204, 0.19576), (0.62996, 0.52204, 0.19576), (0.64, 0.55718, 0.23341), (0.63247, 0.54463, 0.22337), (0.63749, 0.5622, 0.26102), (0.63749, 0.5622, 0.26102), (0.64, 0.56722, 0.27106), (0.64, 0.56722, 0.27106), (0.64, 0.56722, 0.27357), (0.63749, 0.5622, 0.26102), (0.63498, 0.52455, 0.19576), (0.63247, 0.52204, 0.18824), (0.63749, 0.52204, 0.18322), (0.62996, 0.52957, 0.19827), (0.62745, 0.52706, 0.19576), (0.62494, 0.52455, 0.19325), (0.62494, 0.52455, 0.19325), (0.62996, 0.52957, 0.19827), (0.62996, 0.52957, 0.19827), (0.63498, 0.57475, 0.26353), (0.64, 0.55718, 0.22337), (0.63749, 0.54965, 0.22337), (0.64, 0.5622, 0.24847), (0.63749, 0.55216, 0.24345), (0.63749, 0.55216, 0.24345), (0.63498, 0.52706, 0.19827), (0.63498, 0.52706, 0.19827), (0.63498, 0.52706, 0.19827), (0.62996, 0.50949, 0.17318), (0.62996, 0.52204, 0.19576), (0.63498, 0.52455, 0.19576), (0.62996, 0.49443, 0.15561), (0.63247, 0.50196, 0.16063), (0.63498, 0.49443, 0.15059), (0.63498, 0.49443, 0.15059), (0.63749, 0.49694, 0.14808), (0.62996, 0.49443, 0.15561), (0.63498, 0.52455, 0.19576), (0.62745, 0.512, 0.16816), (0.62996, 0.50949, 0.17318), (0.62996, 0.51953, 0.19075), (0.62745, 0.50196, 0.16314), (0.62745, 0.49694, 0.15561), (0.62745, 0.49694, 0.15561), (0.63247, 0.52455, 0.19576), (0.62996, 0.51953, 0.19075), (0.63498, 0.55718, 0.24345), (0.62996, 0.53961, 0.2309), (0.62745, 0.54714, 0.23843), (0.63498, 0.5371, 0.20831), (0.63498, 0.5371, 0.20831), (0.63498, 0.53961, 0.2058), (0.63498, 0.53961, 0.2058), (0.63498, 0.53961, 0.2058), (0.63498, 0.5371, 0.20831), (0.62996, 0.52957, 0.19827), (0.63749, 0.52706, 0.19827), (0.63247, 0.53208, 0.20078), (0.64, 0.55718, 0.22337), (0.64, 0.5622, 0.24345), (0.63749, 0.55969, 0.24094), (0.63749, 0.55969, 0.24094), (0.64, 0.55718, 0.22337), (0.64, 0.55718, 0.22337), (0.63247, 0.46431, 0.13051), (0.63247, 0.46431, 0.13051), (0.62745, 0.47184, 0.13804), (0.62745, 0.47184, 0.13804), (0.61741, 0.45929, 0.13051), (0.63247, 0.46431, 0.13051), (0.62996, 0.52204, 0.19576), (0.62996, 0.52204, 0.19325), (0.61741, 0.49694, 0.17569), (0.63247, 0.52204, 0.19325), (0.62745, 0.51953, 0.19075), (0.63247, 0.52204, 0.19325), (0.63498, 0.46431, 0.13051), (0.62996, 0.44925, 0.10792), (0.63498, 0.45176, 0.10541), (0.63498, 0.45176, 0.10541), (0.63247, 0.46431, 0.13051), (0.63498, 0.46431, 0.13051), (0.63247, 0.52455, 0.19827), (0.63498, 0.52706, 0.20078), (0.63498, 0.52706, 0.20078), (0.64, 0.57475, 0.27608), (0.63749, 0.58478, 0.29616), (0.63749, 0.58227, 0.30118), (0.63749, 0.58227, 0.30118), (0.63247, 0.55969, 0.26353), (0.64, 0.57475, 0.27608), (0.62745, 0.5622, 0.25851), (0.63247, 0.56973, 0.25349), (0.64, 0.56973, 0.256), (0.63749, 0.53961, 0.22086), (0.64, 0.55718, 0.24847), (0.63498, 0.55467, 0.25098), (0.64, 0.56973, 0.256), (0.62745, 0.5622, 0.25851), (0.62745, 0.5622, 0.25851), (0.63498, 0.52706, 0.20078), (0.63498, 0.52706, 0.19827), (0.63247, 0.52455, 0.19827), (0.6149, 0.51953, 0.18573), (0.62243, 0.51451, 0.18824), (0.62494, 0.51451, 0.17569), (0.64, 0.56471, 0.27357), (0.64, 0.56471, 0.26353), (0.64, 0.56471, 0.26353), (0.64, 0.56471, 0.26353), (0.64, 0.56471, 0.27106), (0.64, 0.56471, 0.27357), (0.62494, 0.51451, 0.17569), (0.62243, 0.51451, 0.16565), (0.6149, 0.51953, 0.18573), (0.63498, 0.53961, 0.2058), (0.63498, 0.52706, 0.19827), (0.63749, 0.52957, 0.20078), (0.62494, 0.49192, 0.16063), (0.62243, 0.51953, 0.20329), (0.64, 0.54463, 0.22588), (0.63749, 0.55718, 0.24847), (0.64, 0.55718, 0.24596), (0.63247, 0.54212, 0.23341), (0.62243, 0.52455, 0.20078), (0.62243, 0.51702, 0.18071), (0.62494, 0.50949, 0.16314), (0.62745, 0.49694, 0.15561), (0.63247, 0.50196, 0.15561), (0.61741, 0.50698, 0.16816), (0.61741, 0.50698, 0.16816), (0.62243, 0.50698, 0.16816), (0.62745, 0.49694, 0.15561), (0.63749, 0.55718, 0.24847), (0.63749, 0.55718, 0.25349), (0.63749, 0.55718, 0.25851), (0.64, 0.55718, 0.23341), (0.63247, 0.56471, 0.24094), (0.63498, 0.5622, 0.23592), (0.63498, 0.5622, 0.23592), (0.62996, 0.54212, 0.22086), (0.64, 0.55718, 0.23341), (0.63749, 0.55718, 0.24847), (0.63498, 0.55969, 0.25349), (0.63498, 0.5622, 0.26102), (0.63749, 0.54212, 0.20831), (0.63498, 0.53961, 0.2058), (0.63749, 0.5371, 0.20831), (0.63749, 0.5371, 0.20831), (0.64, 0.53961, 0.21082), (0.63749, 0.54212, 0.20831), (0.63498, 0.55467, 0.256), (0.63498, 0.55467, 0.24596), (0.63247, 0.55216, 0.24847), (0.63749, 0.56471, 0.26353), (0.63498, 0.5622, 0.26102), (0.63498, 0.5622, 0.26102), (0.63498, 0.5622, 0.26102), (0.63749, 0.56973, 0.27608), (0.63749, 0.56471, 0.26353), (0.63498, 0.5622, 0.26102), (0.63498, 0.55718, 0.24345), (0.63749, 0.55718, 0.24847), (0.63247, 0.51953, 0.19576), (0.63247, 0.52204, 0.19325), (0.63247, 0.52204, 0.19325), (0.63247, 0.52204, 0.19325), (0.63247, 0.52204, 0.19325), (0.63247, 0.51953, 0.19576), (0.63247, 0.50949, 0.18824), (0.64, 0.51953, 0.1782), (0.62243, 0.512, 0.17318), (0.62243, 0.512, 0.17318), (0.63247, 0.50949, 0.18824), (0.63247, 0.50949, 0.18824), (0.63749, 0.57224, 0.27357), (0.63247, 0.57725, 0.27608), (0.63247, 0.57224, 0.26604), (0.63498, 0.49443, 0.14557), (0.63498, 0.49443, 0.15059), (0.63247, 0.4869, 0.14557), (0.63247, 0.4869, 0.14557), (0.62745, 0.49443, 0.14808), (0.63498, 0.49443, 0.14557), (0.62996, 0.46682, 0.14055), (0.62494, 0.49945, 0.16063), (0.62243, 0.4869, 0.15059), (0.62243, 0.4869, 0.15059), (0.62745, 0.46431, 0.13804), (0.62996, 0.46682, 0.14055), (0.63247, 0.55216, 0.24847), (0.64, 0.5622, 0.26855), (0.63498, 0.55467, 0.256), (0.63247, 0.57224, 0.26604), (0.63498, 0.56973, 0.26604), (0.63749, 0.57224, 0.27357), (0.63749, 0.51953, 0.19325), (0.62996, 0.52706, 0.21082), (0.63749, 0.52706, 0.21333), (0.63749, 0.52706, 0.21333), (0.62996, 0.52957, 0.20078), (0.63498, 0.53208, 0.21082), (0.63498, 0.56973, 0.26604), (0.63498, 0.56722, 0.27357), (0.62494, 0.55969, 0.26102), (0.62494, 0.50949, 0.16314), (0.62494, 0.51953, 0.1782), (0.62243, 0.52455, 0.20078), (0.63247, 0.54212, 0.23341), (0.64, 0.55467, 0.24345), (0.63749, 0.55718, 0.24847), (0.63749, 0.55718, 0.25851), (0.64, 0.56471, 0.26353), (0.63749, 0.55718, 0.24847), (0.64, 0.54463, 0.22588), (0.64, 0.55467, 0.23843), (0.62494, 0.49192, 0.16063), (0.62494, 0.55969, 0.26102), (0.64, 0.57725, 0.29867), (0.63749, 0.58478, 0.29616), (0.63749, 0.58478, 0.29616), (0.64, 0.56722, 0.27106), (0.62494, 0.55969, 0.26102), (0.63749, 0.52957, 0.20078), (0.63749, 0.54212, 0.20831), (0.63498, 0.53961, 0.2058), (0.63247, 0.53459, 0.21082), (0.63247, 0.52957, 0.20831), (0.62996, 0.53208, 0.20831), (0.62996, 0.53208, 0.20831), (0.63749, 0.53961, 0.22086), (0.63247, 0.53459, 0.21082), (0.62745, 0.50698, 0.17067), (0.63247, 0.50196, 0.16314), (0.62745, 0.49694, 0.15059), (0.62745, 0.49694, 0.15059), (0.63749, 0.51953, 0.19325), (0.62745, 0.50698, 0.17067), (0.62996, 0.51953, 0.18071), (0.63498, 0.51953, 0.18071), (0.63247, 0.51702, 0.1782), (0.63498, 0.49443, 0.15059), (0.62745, 0.47184, 0.128), (0.62494, 0.46431, 0.12298), (0.62996, 0.54212, 0.22086), (0.63247, 0.54714, 0.23592), (0.64, 0.54965, 0.23592), (0.64, 0.54965, 0.23592), (0.62996, 0.5371, 0.21082), (0.62996, 0.54212, 0.22086), (0.62494, 0.46431, 0.12298), (0.63247, 0.49192, 0.14808), (0.63498, 0.49443, 0.15059), (0.63247, 0.52204, 0.19325), (0.63498, 0.52455, 0.19576), (0.63247, 0.52204, 0.19325), (0.63247, 0.51702, 0.1782), (0.62745, 0.512, 0.16816), (0.62996, 0.51953, 0.18071), (0.62745, 0.52455, 0.21333), (0.62494, 0.51702, 0.19075), (0.62745, 0.50698, 0.17067), (0.62996, 0.52706, 0.2058), (0.63247, 0.52957, 0.20831), (0.63498, 0.52706, 0.19827), (0.63498, 0.52706, 0.19827), (0.63498, 0.52706, 0.20078), (0.62996, 0.52706, 0.2058), (0.64, 0.55467, 0.23843), (0.64, 0.54463, 0.22588), (0.63749, 0.55216, 0.24094), (0.63749, 0.55216, 0.24094), (0.64, 0.55718, 0.24596), (0.64, 0.55467, 0.23843), (0.63247, 0.53208, 0.20078), (0.63749, 0.52706, 0.19827), (0.63749, 0.52706, 0.19827), (0.63749, 0.52706, 0.19827), (0.62996, 0.52957, 0.19827), (0.63247, 0.53208, 0.20078), (0.63498, 0.55467, 0.25098), (0.63247, 0.53459, 0.21082), (0.63749, 0.53961, 0.22086), (0.63749, 0.54714, 0.23843), (0.62745, 0.53961, 0.21835), (0.62745, 0.54212, 0.22588), (0.62745, 0.54212, 0.22588), (0.62996, 0.54463, 0.23341), (0.63749, 0.54714, 0.23843), (0.63247, 0.54965, 0.22588), (0.64, 0.5622, 0.24345), (0.63247, 0.55216, 0.24345), (0.63247, 0.55216, 0.24345), (0.64, 0.55718, 0.24094), (0.63247, 0.54965, 0.22588), (0.64, 0.56973, 0.26855), (0.63749, 0.54965, 0.23341), (0.63749, 0.54965, 0.23341), (0.63749, 0.54965, 0.23341), (0.64, 0.55969, 0.26102), (0.64, 0.56973, 0.26855), (0.63749, 0.55216, 0.24094), (0.63749, 0.54714, 0.23843), (0.63498, 0.53459, 0.22839), (0.62745, 0.52706, 0.19576), (0.62996, 0.52957, 0.19827), (0.62996, 0.5371, 0.20329), (0.63247, 0.56722, 0.26353), (0.62745, 0.57224, 0.26604), (0.64, 0.56722, 0.26604), (0.64, 0.55718, 0.24847), (0.62996, 0.54463, 0.21082), (0.63498, 0.53961, 0.2058), (0.63498, 0.53961, 0.2058), (0.64, 0.55467, 0.24345), (0.64, 0.55718, 0.24847), (0.63749, 0.56973, 0.27608), (0.63498, 0.56973, 0.26102), (0.63498, 0.56973, 0.26604), (0.63247, 0.52204, 0.19325), (0.63247, 0.52204, 0.19325), (0.63247, 0.52204, 0.19325), (0.64, 0.56722, 0.26604), (0.62745, 0.55216, 0.24094), (0.63247, 0.56722, 0.26353), (0.63498, 0.53961, 0.2058), (0.63498, 0.53961, 0.2058), (0.63498, 0.53961, 0.2058), (0.63498, 0.53961, 0.2058), (0.63498, 0.5371, 0.20831), (0.63498, 0.53961, 0.2058), (0.63498, 0.52455, 0.19576), (0.62494, 0.51702, 0.19075), (0.62996, 0.52706, 0.2058), (0.62996, 0.52706, 0.2058), (0.62243, 0.52455, 0.20078), (0.63498, 0.52455, 0.19576), (0.62745, 0.52957, 0.20078), (0.62243, 0.52455, 0.19576), (0.64, 0.52957, 0.21584), (0.61741, 0.49694, 0.17569), (0.63247, 0.54463, 0.22337), (0.62996, 0.52204, 0.19576), (0.63498, 0.53208, 0.21082), (0.62745, 0.52455, 0.21333), (0.63749, 0.52706, 0.21333), (0.64, 0.52957, 0.21584), (0.62243, 0.52204, 0.19325), (0.62745, 0.52957, 0.20078), (0.63749, 0.54965, 0.23341), (0.63749, 0.56471, 0.26855), (0.63247, 0.55969, 0.25851), (0.63247, 0.55969, 0.25851), (0.63498, 0.54714, 0.2309), (0.63749, 0.54965, 0.23341), (0.62494, 0.55969, 0.26102), (0.63749, 0.57725, 0.27106), (0.63498, 0.56973, 0.26604), (0.63749, 0.51953, 0.18824), (0.63498, 0.52706, 0.19827), (0.63247, 0.52204, 0.19325), (0.64, 0.5622, 0.25349), (0.63749, 0.5622, 0.26102), (0.64, 0.54463, 0.2309), (0.64, 0.54463, 0.2309), (0.62996, 0.54212, 0.22588), (0.62996, 0.52706, 0.21082), (0.63749, 0.56471, 0.26855), (0.63749, 0.57475, 0.28361), (0.63749, 0.56973, 0.27608), (0.64, 0.57224, 0.27859), (0.64, 0.56471, 0.26353), (0.64, 0.56471, 0.26353), (0.64, 0.56471, 0.26353), (0.64, 0.56471, 0.27357), (0.64, 0.57224, 0.27859), (0.63247, 0.55216, 0.24847), (0.62996, 0.54212, 0.21584), (0.63498, 0.53961, 0.22086), (0.63749, 0.56973, 0.27608), (0.63247, 0.55969, 0.25851), (0.63749, 0.56471, 0.26855), (0.63498, 0.56471, 0.256), (0.62745, 0.5622, 0.25851), (0.63498, 0.55467, 0.24596), (0.63247, 0.52204, 0.19325), (0.63749, 0.52204, 0.18322), (0.63749, 0.51953, 0.18824), (0.62745, 0.50698, 0.17067), (0.63749, 0.52706, 0.21333), (0.62745, 0.52455, 0.21333), (0.63498, 0.54212, 0.21584), (0.64, 0.55467, 0.25349), (0.63749, 0.54714, 0.24094), (0.63749, 0.54714, 0.24094), (0.63749, 0.52957, 0.20831), (0.63498, 0.54212, 0.21584), (0.62745, 0.52204, 0.18573), (0.64, 0.54714, 0.22086), (0.64, 0.55467, 0.22839), (0.64, 0.55467, 0.22839), (0.63247, 0.52204, 0.18824), (0.62745, 0.52204, 0.18573), (0.62243, 0.52706, 0.19325), (0.62745, 0.52957, 0.20078), (0.62243, 0.52204, 0.19325), (0.62996, 0.52204, 0.19325), (0.63247, 0.52957, 0.20831), (0.62494, 0.5371, 0.22086), (0.62494, 0.5371, 0.22086), (0.62745, 0.53459, 0.20831), (0.62996, 0.52204, 0.19325), (0.62745, 0.54965, 0.23592), (0.64, 0.56722, 0.27357), (0.64, 0.56973, 0.27608), (0.64, 0.56973, 0.27608), (0.63247, 0.55216, 0.24345), (0.62745, 0.54965, 0.23592), (0.63498, 0.52706, 0.19827), (0.63498, 0.52706, 0.19827), (0.63247, 0.52957, 0.20831), (0.63247, 0.56722, 0.25851), (0.62996, 0.54212, 0.22086), (0.63247, 0.55467, 0.24094), (0.63247, 0.55216, 0.24345), (0.62996, 0.52204, 0.19576), (0.63247, 0.52455, 0.19576), (0.63749, 0.54714, 0.24094), (0.62745, 0.52957, 0.20078), (0.62745, 0.52706, 0.19827), (0.62745, 0.52706, 0.19827), (0.63247, 0.54463, 0.22337), (0.63749, 0.54714, 0.24094), (0.64, 0.56722, 0.27357), (0.64, 0.56471, 0.27357), (0.63749, 0.56471, 0.26855), (0.63749, 0.56471, 0.26855), (0.64, 0.56973, 0.27608), (0.64, 0.56722, 0.27357), (0.62745, 0.52706, 0.19827), (0.62745, 0.52957, 0.2058), (0.64, 0.54714, 0.22086), (0.64, 0.54714, 0.22086), (0.62745, 0.52204, 0.18573), (0.62745, 0.52706, 0.19827), (0.64, 0.57725, 0.27357), (0.62996, 0.55969, 0.24596), (0.62996, 0.55969, 0.25098), (0.63247, 0.54463, 0.22337), (0.63498, 0.55216, 0.22839), (0.64, 0.55216, 0.22588), (0.62745, 0.53208, 0.21835), (0.62996, 0.53459, 0.22086), (0.63749, 0.54212, 0.20831), (0.63749, 0.54212, 0.20831), (0.63247, 0.52455, 0.19576), (0.62745, 0.53208, 0.21835), (0.64, 0.51953, 0.1782), (0.63247, 0.50949, 0.18824), (0.63749, 0.52706, 0.19325), (0.63749, 0.52706, 0.19325), (0.62745, 0.50447, 0.15561), (0.64, 0.51953, 0.1782), (0.63247, 0.52204, 0.19325), (0.63247, 0.51953, 0.19576), (0.63247, 0.52204, 0.19325), (0.63247, 0.52204, 0.19325), (0.63247, 0.52204, 0.19325), (0.63247, 0.52204, 0.19325), (0.62494, 0.51953, 0.18322), (0.64, 0.51953, 0.1782), (0.62745, 0.50447, 0.15561), (0.62745, 0.50447, 0.15561), (0.62745, 0.51702, 0.18322), (0.62494, 0.51953, 0.18322), (0.63247, 0.53208, 0.20329), (0.63498, 0.54714, 0.22588), (0.64, 0.55718, 0.24094), (0.64, 0.55718, 0.24094), (0.62745, 0.52706, 0.19576), (0.63247, 0.53208, 0.20329), (0.63498, 0.56973, 0.26604), (0.63247, 0.57224, 0.26604), (0.63749, 0.56973, 0.27608), (0.62996, 0.55969, 0.25098), (0.63498, 0.56973, 0.26102), (0.64, 0.57725, 0.27357), (0.62996, 0.5371, 0.20329), (0.63749, 0.52957, 0.20329), (0.62745, 0.52706, 0.19576), (0.63247, 0.52204, 0.19325), (0.63247, 0.52204, 0.19325), (0.63247, 0.52204, 0.19325), (0.62494, 0.51451, 0.17569), (0.62745, 0.50447, 0.15059), (0.62243, 0.52706, 0.19325), (0.62243, 0.52204, 0.19325), (0.64, 0.52957, 0.21584), (0.62745, 0.52706, 0.19075), (0.63247, 0.52957, 0.20831), (0.63247, 0.53208, 0.20329), (0.63498, 0.52706, 0.19827), (0.63498, 0.53459, 0.22839), (0.64, 0.54463, 0.22588), (0.62243, 0.51953, 0.20329), (0.62243, 0.51953, 0.20329), (0.62494, 0.49192, 0.16063), (0.61992, 0.52204, 0.20329), (0.63498, 0.53961, 0.22086), (0.63498, 0.55467, 0.25098), (0.63247, 0.55216, 0.24847), (0.64, 0.54714, 0.22839), (0.64, 0.54463, 0.22588), (0.62745, 0.54212, 0.2309), (0.62745, 0.54212, 0.2309), (0.63247, 0.54463, 0.22839), (0.64, 0.54714, 0.22839), (0.62996, 0.52204, 0.17569), (0.63247, 0.52706, 0.19075), (0.63498, 0.52455, 0.18573), (0.63498, 0.52455, 0.18573), (0.62745, 0.512, 0.16816), (0.62996, 0.52204, 0.17569), (0.63498, 0.5371, 0.21333), (0.61992, 0.52455, 0.19075), (0.63498, 0.54212, 0.21584), (0.63749, 0.56722, 0.25851), (0.64, 0.57475, 0.27106), (0.63749, 0.57224, 0.26855), (0.63749, 0.57224, 0.26855), (0.63749, 0.5622, 0.25098), (0.63749, 0.56722, 0.25851), (0.64, 0.56722, 0.26604), (0.64, 0.56722, 0.25349), (0.63247, 0.54714, 0.23592), (0.62996, 0.52957, 0.19827), (0.62996, 0.52957, 0.19325), (0.63247, 0.53208, 0.20078), (0.63247, 0.53208, 0.20078), (0.62996, 0.52957, 0.19827), (0.62996, 0.52957, 0.19827), (0.63247, 0.52204, 0.19325), (0.62996, 0.52204, 0.19325), (0.62745, 0.51953, 0.19075), (0.64, 0.55216, 0.25098), (0.63749, 0.55718, 0.25349), (0.63498, 0.55467, 0.24596), (0.62996, 0.52706, 0.21082), (0.62996, 0.51702, 0.19325), (0.63247, 0.52204, 0.19325), (0.63247, 0.52204, 0.19325), (0.63247, 0.52204, 0.19325), (0.62996, 0.52706, 0.21082), (0.63247, 0.52455, 0.20329), (0.62996, 0.51953, 0.2058), (0.63247, 0.51953, 0.19576), (0.63247, 0.51953, 0.19576), (0.63498, 0.52455, 0.19576), (0.63247, 0.52455, 0.20329), (0.64, 0.55216, 0.22588), (0.63498, 0.54212, 0.21082), (0.63247, 0.54463, 0.22337), (0.64, 0.52957, 0.20078), (0.62996, 0.52706, 0.21082), (0.62996, 0.52706, 0.2058), (0.62996, 0.52706, 0.2058), (0.62996, 0.512, 0.18573), (0.64, 0.52957, 0.20078), (0.63498, 0.55467, 0.24596), (0.63749, 0.54714, 0.24094), (0.64, 0.55216, 0.25098), (0.62745, 0.51953, 0.19075), (0.63247, 0.52204, 0.19325), (0.63247, 0.52204, 0.19325), (0.63498, 0.55969, 0.24847), (0.64, 0.54714, 0.22839), (0.64, 0.54714, 0.22839), (0.64, 0.54714, 0.22839), (0.64, 0.55969, 0.256), (0.63498, 0.55969, 0.24847), (0.63749, 0.52706, 0.19827), (0.63247, 0.5371, 0.20329), (0.63749, 0.54212, 0.20831), (0.63749, 0.54212, 0.20831), (0.63749, 0.52706, 0.19827), (0.63749, 0.52706, 0.19827), (0.63247, 0.55467, 0.24094), (0.64, 0.5622, 0.25349), (0.63247, 0.56722, 0.25851), (0.63247, 0.52204, 0.19325), (0.63247, 0.51953, 0.19576), (0.63247, 0.52204, 0.19325), (0.63247, 0.52455, 0.19576), (0.63247, 0.55216, 0.24847), (0.63247, 0.55216, 0.24345), (0.62996, 0.55467, 0.22839), (0.63247, 0.55467, 0.24094), (0.62996, 0.54212, 0.22086), (0.64, 0.55467, 0.24596), (0.63749, 0.55718, 0.24847), (0.63247, 0.55718, 0.24596), (0.63749, 0.55216, 0.21835), (0.64, 0.55718, 0.22337), (0.64, 0.5622, 0.24345), (0.63247, 0.53208, 0.20329), (0.63247, 0.51702, 0.1782), (0.63247, 0.51702, 0.1782), (0.63247, 0.51702, 0.1782), (0.63749, 0.53961, 0.21584), (0.63247, 0.53208, 0.20329), (0.63247, 0.55718, 0.24596), (0.64, 0.55467, 0.24596), (0.64, 0.55467, 0.24596), (0.64, 0.5622, 0.24345), (0.64, 0.55718, 0.22337), (0.63749, 0.55216, 0.21835), (0.62996, 0.52957, 0.19827), (0.62996, 0.52204, 0.19325), (0.63749, 0.52706, 0.19827), (0.63749, 0.52706, 0.19827), (0.63247, 0.5371, 0.20329), (0.62996, 0.52957, 0.19827), (0.63498, 0.5371, 0.20831), (0.63498, 0.5371, 0.20831), (0.63498, 0.53961, 0.2058), (0.63749, 0.57224, 0.26855), (0.63247, 0.55718, 0.25098), (0.63498, 0.55969, 0.24847), (0.63247, 0.52204, 0.19325), (0.63247, 0.52204, 0.19325), (0.62996, 0.51953, 0.19075), (0.62996, 0.51953, 0.19075), (0.63247, 0.52204, 0.19325), (0.63247, 0.52204, 0.19325), (0.62494, 0.54965, 0.24345), (0.62996, 0.55467, 0.24847), (0.62996, 0.54212, 0.22086), (0.63247, 0.52204, 0.19325), (0.63247, 0.52204, 0.19325), (0.63247, 0.52204, 0.19325), (0.63498, 0.53961, 0.2058), (0.63247, 0.5371, 0.20329), (0.63498, 0.5371, 0.20831), (0.62996, 0.54212, 0.22086), (0.62996, 0.54463, 0.23341), (0.62494, 0.54965, 0.24345), (0.64, 0.56471, 0.27106), (0.64, 0.56722, 0.27106), (0.64, 0.56722, 0.27106), (0.64, 0.56722, 0.27106), (0.64, 0.56722, 0.27106), (0.64, 0.56471, 0.27106), (0.63498, 0.53961, 0.2058), (0.63498, 0.53961, 0.2058), (0.62494, 0.53208, 0.2058), (0.63498, 0.54212, 0.21584), (0.62745, 0.52957, 0.2058), (0.63498, 0.5371, 0.21333), (0.62745, 0.53459, 0.20831), (0.63498, 0.55718, 0.23843), (0.63749, 0.5622, 0.23592), (0.63749, 0.5622, 0.23592), (0.63247, 0.53208, 0.20078), (0.62745, 0.53459, 0.20831), (0.62494, 0.53208, 0.2058), (0.64, 0.54463, 0.22588), (0.63498, 0.53961, 0.2058), (0.64, 0.5622, 0.24345), (0.63247, 0.53208, 0.20329), (0.63749, 0.53961, 0.21584), (0.63749, 0.53961, 0.21584), (0.63247, 0.55216, 0.24345), (0.64, 0.5622, 0.24345), (0.62996, 0.52204, 0.19576), (0.62745, 0.52204, 0.18573), (0.63247, 0.52204, 0.18824), (0.63749, 0.54965, 0.24847), (0.64, 0.56471, 0.25349), (0.64, 0.56722, 0.27106), (0.62996, 0.54212, 0.22086), (0.63498, 0.5622, 0.23592), (0.62996, 0.55467, 0.22839), (0.64, 0.58478, 0.28361), (0.63749, 0.5622, 0.26102), (0.64, 0.56722, 0.26604), (0.64, 0.56722, 0.26604), (0.62745, 0.57224, 0.26604), (0.64, 0.58478, 0.28361), (0.64, 0.57224, 0.27859), (0.62494, 0.51451, 0.18573), (0.61741, 0.50949, 0.18071), (0.63247, 0.55216, 0.24345), (0.64, 0.56973, 0.27608), (0.64, 0.57224, 0.27608), (0.61741, 0.50949, 0.18071), (0.64, 0.57224, 0.27608), (0.64, 0.57224, 0.27859), (0.63498, 0.49443, 0.15059), (0.63247, 0.4869, 0.14557), (0.62745, 0.50196, 0.16314), (0.63247, 0.50196, 0.16063), (0.62494, 0.49443, 0.1531), (0.63749, 0.49192, 0.15059), (0.63749, 0.49192, 0.15059), (0.63498, 0.49443, 0.15059), (0.63247, 0.50196, 0.16063), (0.64, 0.55216, 0.22588), (0.63498, 0.5371, 0.21835), (0.64, 0.54965, 0.24094), (0.64, 0.54965, 0.24094), (0.62996, 0.54463, 0.21082), (0.64, 0.55216, 0.22588), (0.62996, 0.51953, 0.18573), (0.62745, 0.52706, 0.19075), (0.62494, 0.51953, 0.18322), (0.63749, 0.52706, 0.21333), (0.62745, 0.50698, 0.17067), (0.63749, 0.51953, 0.19325), (0.62996, 0.52957, 0.20078), (0.63749, 0.52706, 0.21333), (0.62996, 0.52706, 0.21082), (0.62996, 0.52706, 0.21082), (0.64, 0.52957, 0.20078), (0.62996, 0.52957, 0.20078), (0.62745, 0.50196, 0.16314), (0.62745, 0.50196, 0.16816), (0.63498, 0.49443, 0.15059), (0.63247, 0.52455, 0.19576), (0.62996, 0.52957, 0.19325), (0.62996, 0.52957, 0.19827), (0.62996, 0.52957, 0.19827), (0.62996, 0.52957, 0.19827), (0.63247, 0.52455, 0.19576), (0.64, 0.56471, 0.25349), (0.64, 0.56722, 0.26604), (0.64, 0.56722, 0.27357), (0.64, 0.56722, 0.27357), (0.63749, 0.55216, 0.24094), (0.64, 0.56471, 0.25349), (0.62494, 0.51953, 0.18322), (0.63749, 0.51451, 0.18573), (0.62996, 0.51953, 0.18573), (0.64, 0.56722, 0.27106), (0.64, 0.54212, 0.23843), (0.63749, 0.54965, 0.24847), (0.63247, 0.52204, 0.18824), (0.64, 0.55718, 0.24596), (0.63749, 0.55216, 0.24094), (0.63247, 0.55969, 0.25851), (0.62996, 0.55718, 0.26102), (0.63749, 0.5622, 0.256), (0.63749, 0.5622, 0.256), (0.63498, 0.55969, 0.25349), (0.63247, 0.55969, 0.25851), (0.63749, 0.57224, 0.26855), (0.64, 0.55969, 0.24847), (0.63247, 0.55467, 0.23592), (0.63247, 0.52455, 0.19576), (0.64, 0.55216, 0.23592), (0.63498, 0.55718, 0.24345), (0.63498, 0.5622, 0.24596), (0.63498, 0.54463, 0.23592), (0.62745, 0.54714, 0.23843), (0.63498, 0.52455, 0.19576), (0.63247, 0.52204, 0.19325), (0.63247, 0.52204, 0.18824), (0.63247, 0.53208, 0.20078), (0.63247, 0.5622, 0.24596), (0.63247, 0.56973, 0.25098), (0.63247, 0.56973, 0.25098), (0.62745, 0.53459, 0.20329), (0.63247, 0.53208, 0.20078), (0.64, 0.55718, 0.23341), (0.64, 0.57475, 0.27106), (0.63749, 0.56722, 0.25851), (0.63247, 0.55467, 0.23592), (0.64, 0.57475, 0.27608), (0.63749, 0.57224, 0.26855), (0.63498, 0.51702, 0.19075), (0.62996, 0.52957, 0.19827), (0.62996, 0.52204, 0.19325), (0.63749, 0.56722, 0.25851), (0.64, 0.56973, 0.25349), (0.64, 0.55718, 0.23341), (0.64, 0.56722, 0.27357), (0.64, 0.56471, 0.27106), (0.64, 0.56722, 0.27106), (0.63247, 0.52204, 0.18824), (0.63498, 0.52455, 0.19576), (0.63498, 0.52455, 0.19576), (0.63498, 0.55969, 0.24847), (0.64, 0.56471, 0.25851), (0.63749, 0.57224, 0.26855), (0.64, 0.58478, 0.28361), (0.64, 0.56722, 0.25349), (0.63749, 0.56471, 0.24847), (0.63749, 0.56471, 0.24847), (0.63247, 0.57725, 0.27106), (0.64, 0.58478, 0.28361), (0.64, 0.56722, 0.27106), (0.64, 0.56471, 0.27357), (0.64, 0.56722, 0.27357), (0.62996, 0.49443, 0.15561), (0.63247, 0.49694, 0.15812), (0.62996, 0.50447, 0.17067), (0.62996, 0.50447, 0.17067), (0.62243, 0.50447, 0.17318), (0.62996, 0.49443, 0.15561), (0.64, 0.57224, 0.27608), (0.64, 0.56722, 0.26604), (0.63247, 0.55216, 0.24345), (0.62996, 0.53961, 0.2309), (0.62745, 0.5371, 0.22839), (0.63247, 0.5371, 0.20329), (0.63247, 0.5371, 0.20329), (0.63498, 0.53961, 0.2058), (0.62996, 0.53961, 0.2309), (0.62996, 0.50447, 0.17067), (0.62494, 0.50698, 0.17569), (0.63247, 0.512, 0.17067), (0.63247, 0.512, 0.17067), (0.63247, 0.512, 0.17067), (0.62996, 0.50447, 0.17067), (0.63498, 0.5622, 0.23592), (0.63749, 0.55718, 0.24847), (0.63247, 0.55969, 0.24345), (0.63247, 0.55969, 0.24345), (0.62745, 0.55969, 0.2309), (0.63498, 0.5622, 0.23592), (0.61992, 0.52706, 0.20078), (0.61992, 0.53208, 0.21584), (0.62745, 0.52455, 0.20329), (0.62745, 0.52455, 0.20329), (0.62996, 0.51451, 0.17067), (0.61992, 0.52706, 0.20078), (0.63247, 0.53208, 0.20329), (0.63498, 0.54212, 0.21082), (0.63247, 0.53208, 0.20078), (0.63247, 0.53208, 0.20078), (0.64, 0.52455, 0.19325), (0.63247, 0.53208, 0.20329), (0.63749, 0.51953, 0.19325), (0.63247, 0.52455, 0.19576), (0.62745, 0.51953, 0.19075), (0.62745, 0.51953, 0.19075), (0.63247, 0.52204, 0.19325), (0.63749, 0.51953, 0.19325), (0.64, 0.56471, 0.25349), (0.63498, 0.5622, 0.24094), (0.63498, 0.5622, 0.24596), (0.63498, 0.5622, 0.24596), (0.64, 0.56471, 0.25349), (0.64, 0.56471, 0.25349), (0.62745, 0.46431, 0.13804), (0.62996, 0.50447, 0.16565), (0.62494, 0.49945, 0.16063), (0.62494, 0.49945, 0.16063), (0.62996, 0.46682, 0.14055), (0.62745, 0.46431, 0.13804), (0.63749, 0.49694, 0.1531), (0.63498, 0.49443, 0.15059), (0.63498, 0.49443, 0.15059), (0.63498, 0.49443, 0.15059), (0.63498, 0.49443, 0.15059), (0.63749, 0.49694, 0.1531), (0.64, 0.5898, 0.29867), (0.63749, 0.55718, 0.25349), (0.63247, 0.55969, 0.26353), (0.63247, 0.55969, 0.26353), (0.63749, 0.58227, 0.30118), (0.64, 0.5898, 0.29867), (0.62996, 0.52204, 0.19325), (0.63498, 0.52706, 0.19827), (0.63247, 0.52455, 0.19576), (0.63749, 0.51953, 0.19325), (0.62745, 0.49694, 0.15059), (0.62996, 0.512, 0.16565), (0.62996, 0.512, 0.16565), (0.63247, 0.52455, 0.20329), (0.63749, 0.51953, 0.19325), (0.62745, 0.54714, 0.23843), (0.63247, 0.55969, 0.24345), (0.63498, 0.5622, 0.24596), (0.62996, 0.52204, 0.19325), (0.62996, 0.52204, 0.19576), (0.63498, 0.51702, 0.19075), (0.63498, 0.55718, 0.24345), (0.63247, 0.52455, 0.19576), (0.63247, 0.52455, 0.19576), (0.63247, 0.52455, 0.19576), (0.63247, 0.52455, 0.19576), (0.62996, 0.52204, 0.19325), (0.63247, 0.54714, 0.23592), (0.64, 0.57725, 0.26855), (0.64, 0.56722, 0.26604), (0.63247, 0.55216, 0.24345), (0.63749, 0.55718, 0.24847), (0.64, 0.56471, 0.26353), (0.63247, 0.53208, 0.20329), (0.62996, 0.53208, 0.20329), (0.63247, 0.52455, 0.19576), (0.63749, 0.57475, 0.28361), (0.63749, 0.56471, 0.26855), (0.64, 0.56722, 0.27106), (0.64, 0.56722, 0.27106), (0.64, 0.57725, 0.29867), (0.63749, 0.57475, 0.28361), (0.64, 0.57976, 0.27608), (0.63247, 0.5622, 0.25349), (0.62996, 0.55969, 0.24596), (0.62996, 0.55969, 0.24596), (0.64, 0.57725, 0.27357), (0.64, 0.57976, 0.27608), (0.63247, 0.52455, 0.19576), (0.63498, 0.52706, 0.19827), (0.63247, 0.53208, 0.20329), (0.62996, 0.52957, 0.19827), (0.63498, 0.52706, 0.19827), (0.62996, 0.52204, 0.19325), (0.62996, 0.52204, 0.19325), (0.62996, 0.52957, 0.19827), (0.62996, 0.52957, 0.19827), (0.62996, 0.52957, 0.19325), (0.64, 0.52957, 0.19075), (0.62494, 0.52957, 0.19576), (0.62494, 0.52957, 0.19576), (0.62996, 0.52957, 0.19827), (0.62996, 0.52957, 0.19325), (0.64, 0.56973, 0.25349), (0.63749, 0.5622, 0.256), (0.62745, 0.55216, 0.24596), (0.59984, 0.46682, 0.13553), (0.59482, 0.4618, 0.13553), (0.62996, 0.44925, 0.1029), (0.62996, 0.44925, 0.1029), (0.62745, 0.45427, 0.11043), (0.59984, 0.46682, 0.13553), (0.63247, 0.52957, 0.21333), (0.64, 0.52957, 0.21584), (0.62243, 0.52455, 0.19576), (0.62243, 0.52455, 0.19576), (0.63247, 0.52455, 0.19576), (0.63247, 0.52957, 0.21333), (0.63749, 0.55216, 0.24094), (0.61992, 0.51953, 0.18824), (0.63247, 0.52204, 0.18824), (0.63247, 0.52204, 0.18824), (0.64, 0.55467, 0.22839), (0.63749, 0.55216, 0.24094), (0.62745, 0.55216, 0.24596), (0.63498, 0.56471, 0.25098), (0.64, 0.56973, 0.25349), (0.63749, 0.56471, 0.24847), (0.63498, 0.55969, 0.24847), (0.62996, 0.55467, 0.24345), (0.63749, 0.56973, 0.27608), (0.63749, 0.55216, 0.24094), (0.63749, 0.55216, 0.23592), (0.64, 0.56722, 0.27106), (0.64, 0.56722, 0.27357), (0.64, 0.56471, 0.27357), (0.64, 0.56471, 0.27357), (0.64, 0.56722, 0.27357), (0.64, 0.56722, 0.27106), (0.63749, 0.51702, 0.19576), (0.64, 0.56471, 0.27357), (0.64, 0.56471, 0.27106), (0.64, 0.56471, 0.27106), (0.63749, 0.51953, 0.19325), (0.63749, 0.51702, 0.19576), (0.62745, 0.51702, 0.18824), (0.64, 0.55467, 0.24345), (0.64, 0.55718, 0.24094), (0.64, 0.55718, 0.24094), (0.62745, 0.50949, 0.18322), (0.62745, 0.51702, 0.18824), (0.63749, 0.55216, 0.23592), (0.63498, 0.5622, 0.24094), (0.64, 0.5622, 0.25349), (0.64, 0.5622, 0.25349), (0.62996, 0.55467, 0.22839), (0.63749, 0.55216, 0.23592), (0.63749, 0.55216, 0.23592), (0.63498, 0.56973, 0.27106), (0.63749, 0.56973, 0.27608), (0.62996, 0.51451, 0.17569), (0.63498, 0.52455, 0.19075), (0.63498, 0.52455, 0.19576), (0.63498, 0.52455, 0.19576), (0.63247, 0.51702, 0.1782), (0.62996, 0.51451, 0.17569), (0.64, 0.56973, 0.26855), (0.63247, 0.55718, 0.256), (0.63749, 0.55718, 0.24847), (0.63749, 0.55718, 0.24847), (0.63498, 0.55969, 0.25349), (0.64, 0.56973, 0.26855), (0.63247, 0.52455, 0.19827), (0.62745, 0.51953, 0.19075), (0.63247, 0.52455, 0.19827), (0.63749, 0.55216, 0.24094), (0.64, 0.52455, 0.18573), (0.63247, 0.52204, 0.18824), (0.63247, 0.52204, 0.18824), (0.63498, 0.51702, 0.19075), (0.62996, 0.52204, 0.19576), (0.63247, 0.5622, 0.24596), (0.63247, 0.53208, 0.20078), (0.62996, 0.52204, 0.19576), (0.62996, 0.52204, 0.19576), (0.63498, 0.55718, 0.24345), (0.63247, 0.5622, 0.24596), (0.63247, 0.54463, 0.22337), (0.62745, 0.52706, 0.19827), (0.62745, 0.52204, 0.18573), (0.63498, 0.54463, 0.23592), (0.63498, 0.54212, 0.21082), (0.63247, 0.53961, 0.20831), (0.63247, 0.53961, 0.20831), (0.64, 0.54965, 0.24094), (0.63498, 0.54463, 0.23592), (0.62745, 0.52204, 0.18573), (0.62996, 0.52204, 0.19576), (0.63247, 0.54463, 0.22337), (0.62745, 0.51702, 0.18322), (0.62745, 0.50447, 0.15561), (0.6149, 0.49192, 0.13804), (0.6149, 0.49192, 0.13804), (0.62494, 0.50698, 0.17569), (0.62745, 0.51702, 0.18322), (0.63247, 0.54212, 0.23341), (0.63247, 0.55216, 0.24345), (0.63247, 0.55216, 0.24847), (0.63247, 0.57224, 0.26604), (0.63749, 0.55216, 0.23592), (0.62996, 0.55467, 0.22839), (0.62996, 0.55467, 0.22839), (0.63749, 0.56973, 0.27608), (0.63247, 0.57224, 0.26604), (0.63749, 0.57224, 0.27357), (0.63498, 0.56973, 0.27106), (0.63498, 0.5622, 0.26102), (0.63498, 0.5622, 0.26102), (0.63749, 0.56471, 0.26353), (0.63749, 0.57224, 0.27357), (0.63247, 0.55216, 0.24847), (0.62996, 0.53961, 0.2309), (0.63247, 0.54212, 0.23341), (0.63749, 0.52455, 0.20078), (0.63498, 0.52706, 0.19827), (0.63498, 0.52706, 0.20078), (0.63498, 0.52706, 0.20078), (0.63498, 0.52706, 0.19827), (0.63749, 0.52455, 0.20078), (0.63247, 0.5622, 0.24596), (0.63749, 0.54714, 0.23843), (0.62996, 0.54463, 0.23341), (0.62996, 0.54463, 0.23341), (0.63247, 0.56973, 0.25098), (0.63247, 0.5622, 0.24596), (0.63749, 0.55969, 0.26604), (0.62494, 0.52957, 0.21082), (0.63749, 0.51953, 0.19325), (0.63749, 0.51953, 0.19325), (0.64, 0.56471, 0.27106), (0.63749, 0.55969, 0.26604), (0.64, 0.56471, 0.26353), (0.63749, 0.5622, 0.256), (0.63247, 0.55216, 0.24345), (0.63247, 0.56973, 0.25349), (0.62745, 0.5622, 0.25851), (0.63498, 0.56471, 0.256), (0.62996, 0.44925, 0.1029), (0.63247, 0.4618, 0.128), (0.63247, 0.46431, 0.13051), (0.63749, 0.55216, 0.24345), (0.62745, 0.52706, 0.19576), (0.62745, 0.52957, 0.20078), (0.62745, 0.49694, 0.15561), (0.63247, 0.49694, 0.15812), (0.63247, 0.49192, 0.1531), (0.63247, 0.49192, 0.1531), (0.63498, 0.49443, 0.15059), (0.62745, 0.49694, 0.15561), (0.63498, 0.53961, 0.2058), (0.63498, 0.53961, 0.2058), (0.62996, 0.54463, 0.21082), (0.62745, 0.52957, 0.20078), (0.62745, 0.54714, 0.23843), (0.63749, 0.55216, 0.24345), (0.62996, 0.54463, 0.21082), (0.62996, 0.54463, 0.21082), (0.63498, 0.53961, 0.2058), (0.63247, 0.52957, 0.20831), (0.62996, 0.53208, 0.20831), (0.62494, 0.5371, 0.22086), (0.62494, 0.5371, 0.22086), (0.62494, 0.5371, 0.22086), (0.63247, 0.52957, 0.20831), (0.62745, 0.52957, 0.20078), (0.62494, 0.53208, 0.2058), (0.62243, 0.5371, 0.22086), (0.63247, 0.45176, 0.10541), (0.62745, 0.45427, 0.10541), (0.62494, 0.45176, 0.1029), (0.62494, 0.45176, 0.1029), (0.63247, 0.44675, 0.10792), (0.63247, 0.45176, 0.10541), (0.62996, 0.55467, 0.24847), (0.61992, 0.54463, 0.23843), (0.63498, 0.55467, 0.25098), (0.64, 0.55718, 0.23341), (0.63749, 0.54463, 0.21835), (0.63498, 0.55216, 0.22839), (0.62494, 0.47435, 0.14808), (0.62243, 0.47184, 0.14557), (0.60235, 0.46933, 0.14306), (0.60235, 0.46933, 0.14306), (0.59482, 0.45678, 0.13804), (0.62494, 0.47435, 0.14808), (0.63498, 0.55216, 0.22839), (0.63247, 0.54463, 0.22337), (0.64, 0.55718, 0.23341), (0.64, 0.55969, 0.26102), (0.63247, 0.55216, 0.24345), (0.63749, 0.5622, 0.256), (0.62996, 0.55467, 0.24345), (0.63498, 0.55467, 0.24596), (0.63749, 0.56471, 0.24847), (0.62996, 0.52204, 0.19325), (0.63498, 0.52204, 0.19827), (0.63247, 0.52204, 0.19325), (0.63247, 0.55216, 0.24847), (0.63749, 0.55718, 0.24847), (0.63498, 0.55969, 0.25349), (0.63498, 0.55969, 0.25349), (0.63749, 0.5622, 0.26102), (0.63247, 0.55216, 0.24847), (0.63247, 0.52204, 0.19325), (0.63749, 0.51953, 0.19325), (0.62996, 0.52204, 0.19325), (0.62243, 0.5371, 0.22086), (0.62243, 0.53459, 0.20831), (0.62745, 0.52957, 0.20078), (0.63498, 0.56973, 0.26102), (0.63749, 0.56722, 0.25098), (0.63749, 0.56722, 0.25349), (0.63749, 0.56722, 0.25349), (0.63498, 0.56973, 0.26604), (0.63498, 0.56973, 0.26102), (0.63749, 0.54965, 0.22839), (0.62996, 0.56722, 0.24345), (0.64, 0.56722, 0.24847), (0.63247, 0.46431, 0.13051), (0.63247, 0.45176, 0.10541), (0.62996, 0.44925, 0.1029), (0.63247, 0.52455, 0.19827), (0.62494, 0.52204, 0.20078), (0.63247, 0.52455, 0.19827), (0.63498, 0.56471, 0.256), (0.64, 0.56722, 0.25098), (0.63247, 0.56973, 0.25349), (0.63498, 0.46682, 0.13804), (0.63247, 0.46431, 0.13051), (0.62996, 0.4618, 0.128), (0.62996, 0.4618, 0.128), (0.62996, 0.46933, 0.13804), (0.63498, 0.46682, 0.13804), (0.62243, 0.51451, 0.19325), (0.63247, 0.52455, 0.19827), (0.63247, 0.52204, 0.19325), (0.64, 0.56973, 0.26855), (0.64, 0.55216, 0.24345), (0.62745, 0.54212, 0.23341), (0.62745, 0.54212, 0.23341), (0.64, 0.56722, 0.27106), (0.64, 0.56973, 0.26855), (0.63247, 0.52455, 0.19827), (0.63749, 0.52204, 0.18322), (0.63247, 0.52204, 0.18824), (0.63247, 0.52204, 0.18824), (0.62996, 0.51953, 0.19075), (0.63247, 0.52455, 0.19827), (0.61741, 0.49694, 0.17569), (0.62494, 0.51702, 0.19075), (0.62494, 0.50196, 0.18071), (0.63498, 0.55467, 0.24596), (0.62996, 0.55718, 0.24094), (0.63247, 0.55969, 0.24345), (0.63247, 0.55969, 0.24345), (0.63498, 0.55718, 0.24345), (0.63498, 0.55467, 0.24596), (0.62494, 0.50196, 0.18071), (0.63749, 0.52957, 0.20831), (0.61741, 0.49694, 0.17569), (0.63749, 0.5622, 0.256), (0.64, 0.56722, 0.27106), (0.64, 0.55969, 0.26102), (0.62494, 0.53459, 0.22588), (0.62243, 0.5371, 0.22086), (0.62996, 0.52957, 0.19325), (0.62996, 0.52957, 0.19325), (0.62494, 0.53208, 0.2058), (0.62494, 0.53459, 0.22588), (0.63498, 0.52204, 0.19827), (0.62996, 0.52204, 0.19576), (0.63247, 0.52204, 0.19325), (0.63247, 0.52204, 0.19325), (0.63247, 0.52204, 0.19325), (0.63498, 0.52204, 0.19827), (0.64, 0.55718, 0.24094), (0.63498, 0.54714, 0.22588), (0.63247, 0.53961, 0.21333), (0.63247, 0.52957, 0.20831), (0.62996, 0.52204, 0.19325), (0.63749, 0.51953, 0.19325), (0.64, 0.57725, 0.27357), (0.64, 0.56722, 0.26604), (0.63749, 0.5622, 0.26102), (0.62494, 0.51953, 0.18322), (0.64, 0.55467, 0.23843), (0.63247, 0.55467, 0.23592), (0.63247, 0.55467, 0.23592), (0.62494, 0.51953, 0.1782), (0.62494, 0.51953, 0.18322), (0.63247, 0.53961, 0.21333), (0.63247, 0.54965, 0.22588), (0.64, 0.55718, 0.24094), (0.63247, 0.50196, 0.15561), (0.62745, 0.49694, 0.15561), (0.63498, 0.49443, 0.15059), (0.63498, 0.49443, 0.15059), (0.63498, 0.49443, 0.14557), (0.63247, 0.50196, 0.15561), (0.63498, 0.52706, 0.19827), (0.62745, 0.51953, 0.19075), (0.62996, 0.52204, 0.19325), (0.62996, 0.52204, 0.19325), (0.63498, 0.52706, 0.19827), (0.63498, 0.52706, 0.19827), (0.63749, 0.49192, 0.15059), (0.62996, 0.46431, 0.11796), (0.62996, 0.46431, 0.11796), (0.62996, 0.46431, 0.11796), (0.63749, 0.49443, 0.14557), (0.63749, 0.49192, 0.15059), (0.63247, 0.52455, 0.19827), (0.63247, 0.52455, 0.20329), (0.63498, 0.52455, 0.19576), (0.63498, 0.52455, 0.19576), (0.63247, 0.52204, 0.19325), (0.63247, 0.52455, 0.19827), (0.61992, 0.50949, 0.18071), (0.6149, 0.49443, 0.15812), (0.63498, 0.49443, 0.15059), (0.63498, 0.49443, 0.15059), (0.63498, 0.48941, 0.14808), (0.61992, 0.50949, 0.18071), (0.63498, 0.52455, 0.18573), (0.63498, 0.50196, 0.17067), (0.62996, 0.50447, 0.17067), (0.62996, 0.50447, 0.17067), (0.63498, 0.52455, 0.19075), (0.63498, 0.52455, 0.18573), (0.63247, 0.49192, 0.14808), (0.63498, 0.49443, 0.15059), (0.63247, 0.4869, 0.14557), (0.62996, 0.54212, 0.22086), (0.62996, 0.53961, 0.2309), (0.62996, 0.54463, 0.23341), (0.62996, 0.54463, 0.23341), (0.62996, 0.54212, 0.22086), (0.62996, 0.54212, 0.22086), (0.62745, 0.47184, 0.128), (0.62996, 0.46431, 0.12298), (0.63247, 0.4618, 0.12298), (0.63247, 0.4618, 0.12298), (0.62494, 0.46431, 0.12298), (0.62745, 0.47184, 0.128), (0.63247, 0.54463, 0.21835), (0.63749, 0.54212, 0.20831), (0.63498, 0.53961, 0.2058), (0.63498, 0.53961, 0.2058), (0.63498, 0.53961, 0.2058), (0.63247, 0.54463, 0.21835), (0.64, 0.56722, 0.24847), (0.63749, 0.54463, 0.21333), (0.63749, 0.54965, 0.22839), (0.63247, 0.52204, 0.19325), (0.63247, 0.52204, 0.19325), (0.62243, 0.51451, 0.19325), (0.62996, 0.53208, 0.20329), (0.63749, 0.52957, 0.20329), (0.62996, 0.53208, 0.21333), (0.62996, 0.53208, 0.21333), (0.62745, 0.53961, 0.21835), (0.62996, 0.53208, 0.20329), (0.64, 0.54463, 0.22588), (0.63498, 0.53459, 0.22839), (0.63749, 0.54714, 0.23843), (0.63749, 0.51953, 0.19325), (0.63247, 0.52204, 0.19325), (0.63247, 0.52957, 0.20831), (0.63749, 0.5622, 0.26102), (0.64, 0.57976, 0.27608), (0.64, 0.57725, 0.27357), (0.63498, 0.5371, 0.21333), (0.62494, 0.5371, 0.21082), (0.63247, 0.53961, 0.21333), (0.63247, 0.53961, 0.21333), (0.64, 0.54212, 0.21333), (0.63498, 0.5371, 0.21333), (0.62996, 0.46682, 0.14055), (0.62996, 0.46682, 0.14055), (0.62996, 0.46682, 0.14055), (0.62494, 0.50698, 0.17569), (0.6149, 0.49192, 0.13804), (0.62494, 0.50196, 0.14808), (0.62494, 0.50196, 0.14808), (0.63247, 0.512, 0.17067), (0.62494, 0.50698, 0.17569), (0.62996, 0.46682, 0.14055), (0.62745, 0.46431, 0.13804), (0.62996, 0.46682, 0.14055), (0.63498, 0.52706, 0.19827), (0.63498, 0.52706, 0.19827), (0.63498, 0.52706, 0.20078), (0.63498, 0.52706, 0.20078), (0.63498, 0.52706, 0.19827), (0.63498, 0.52706, 0.19827), (0.64, 0.5622, 0.25851), (0.62745, 0.54965, 0.23592), (0.63749, 0.55718, 0.24847), (0.63749, 0.55718, 0.24847), (0.64, 0.55467, 0.24596), (0.64, 0.5622, 0.25851), (0.63498, 0.49443, 0.15059), (0.63247, 0.49192, 0.14808), (0.63247, 0.49192, 0.1531), (0.62996, 0.54212, 0.21584), (0.64, 0.54965, 0.24094), (0.63247, 0.54212, 0.23341), (0.63247, 0.54212, 0.23341), (0.63498, 0.53961, 0.22086), (0.62996, 0.54212, 0.21584), (0.64, 0.56722, 0.26102), (0.64, 0.55718, 0.24847), (0.64, 0.5622, 0.25851), (0.63749, 0.55216, 0.24345), (0.62243, 0.54714, 0.22086), (0.62996, 0.54463, 0.21082), (0.63247, 0.5371, 0.20329), (0.62494, 0.52455, 0.18824), (0.64, 0.53208, 0.19325), (0.62996, 0.52957, 0.20078), (0.63498, 0.53961, 0.22588), (0.63498, 0.53459, 0.2058), (0.64, 0.55467, 0.23843), (0.62243, 0.52706, 0.20831), (0.62745, 0.51953, 0.19827), (0.62745, 0.51953, 0.19827), (0.64, 0.55467, 0.24345), (0.64, 0.55467, 0.23843), (0.62494, 0.51702, 0.19075), (0.61741, 0.49694, 0.17569), (0.62996, 0.52204, 0.19325), (0.62996, 0.52204, 0.19325), (0.63247, 0.52957, 0.21333), (0.62494, 0.51702, 0.19075), (0.63247, 0.4869, 0.14557), (0.63498, 0.49443, 0.15059), (0.63247, 0.49192, 0.14808), (0.62996, 0.54463, 0.21082), (0.64, 0.55718, 0.24847), (0.63749, 0.55216, 0.24345), (0.63247, 0.53459, 0.19075), (0.63749, 0.51953, 0.19325), (0.64, 0.54714, 0.21333), (0.63498, 0.52204, 0.19827), (0.62996, 0.52204, 0.19325), (0.62745, 0.53459, 0.20831), (0.64, 0.56471, 0.26353), (0.63749, 0.55718, 0.25851), (0.64, 0.56471, 0.27106), (0.63749, 0.54965, 0.23341), (0.64, 0.56973, 0.26855), (0.64, 0.56722, 0.27106), (0.62996, 0.54463, 0.21082), (0.63498, 0.54212, 0.21584), (0.63498, 0.53961, 0.2058), (0.63498, 0.53961, 0.2058), (0.63498, 0.53961, 0.2058), (0.62996, 0.54463, 0.21082), (0.63749, 0.55718, 0.24847), (0.63749, 0.56722, 0.25098), (0.63749, 0.56722, 0.25851), (0.63749, 0.56722, 0.25851), (0.63247, 0.55969, 0.24345), (0.63749, 0.55718, 0.24847), (0.64, 0.55467, 0.24596), (0.64, 0.57725, 0.2811), (0.63749, 0.57976, 0.28863), (0.64, 0.56722, 0.27106), (0.63498, 0.54714, 0.2309), (0.63749, 0.54965, 0.23341), (0.63749, 0.57976, 0.28863), (0.64, 0.55467, 0.24596), (0.64, 0.55467, 0.24596), (0.63749, 0.54965, 0.23341), (0.64, 0.56973, 0.26855), (0.64, 0.56722, 0.27106), (0.63247, 0.52455, 0.19827), (0.62996, 0.53208, 0.20329), (0.62243, 0.53459, 0.21835), (0.62243, 0.53459, 0.21835), (0.62745, 0.52957, 0.21082), (0.63247, 0.52455, 0.19827), (0.62243, 0.52957, 0.20329), (0.63247, 0.52455, 0.19827), (0.63247, 0.52204, 0.18824), (0.63247, 0.52204, 0.18824), (0.62996, 0.52204, 0.19576), (0.62243, 0.52957, 0.20329), (0.63749, 0.54714, 0.23843), (0.63749, 0.55216, 0.24094), (0.64, 0.54463, 0.22588), (0.62745, 0.52706, 0.21584), (0.62745, 0.53208, 0.21835), (0.63247, 0.52455, 0.19576), (0.63247, 0.52455, 0.19576), (0.63498, 0.52706, 0.19827), (0.62745, 0.52706, 0.21584), (0.63749, 0.56471, 0.26855), (0.63749, 0.54965, 0.23341), (0.63498, 0.54714, 0.2309), (0.63498, 0.54714, 0.2309), (0.64, 0.56722, 0.27106), (0.63749, 0.56471, 0.26855), (0.64, 0.54714, 0.22839), (0.62745, 0.53208, 0.21333), (0.63498, 0.52706, 0.20078), (0.63498, 0.52706, 0.20078), (0.62996, 0.53459, 0.22086), (0.64, 0.54714, 0.22839), (0.61992, 0.52455, 0.19075), (0.64, 0.54212, 0.21333), (0.63247, 0.53208, 0.20329), (0.63247, 0.53208, 0.20329), (0.63498, 0.54212, 0.21584), (0.61992, 0.52455, 0.19075), (0.62745, 0.50447, 0.15059), (0.62494, 0.50196, 0.14808), (0.62745, 0.52957, 0.20078), (0.64, 0.54714, 0.21333), (0.63247, 0.5371, 0.20329), (0.63247, 0.53459, 0.19075), (0.62745, 0.52957, 0.20078), (0.62243, 0.52706, 0.19325), (0.62745, 0.50447, 0.15059), (0.63498, 0.53459, 0.2058), (0.63247, 0.5371, 0.20329), (0.62996, 0.52957, 0.20078), (0.64, 0.53208, 0.19325), (0.63247, 0.53459, 0.19075), (0.63247, 0.5371, 0.20329), (0.63247, 0.53961, 0.21333), (0.62996, 0.5371, 0.20329), (0.62996, 0.52957, 0.19827), (0.62996, 0.52957, 0.19827), (0.63749, 0.5371, 0.2058), (0.63247, 0.53961, 0.21333), (0.64, 0.56973, 0.26102), (0.63749, 0.57725, 0.27106), (0.63498, 0.57475, 0.26855), (0.63498, 0.57475, 0.26855), (0.63498, 0.56471, 0.25098), (0.64, 0.56973, 0.26102), (0.63749, 0.55718, 0.24847), (0.63247, 0.55216, 0.24847), (0.63247, 0.55216, 0.24345), (0.63247, 0.55216, 0.24345), (0.64, 0.55969, 0.26102), (0.63749, 0.55718, 0.24847), (0.64, 0.56471, 0.25349), (0.62996, 0.54212, 0.22086), (0.62996, 0.5371, 0.21082), (0.62996, 0.5371, 0.21082), (0.63749, 0.55718, 0.24847), (0.64, 0.56471, 0.25349), (0.63498, 0.55969, 0.25349), (0.63498, 0.55467, 0.25098), (0.61992, 0.54463, 0.23843), (0.63498, 0.5371, 0.20831), (0.63498, 0.5371, 0.20831), (0.63247, 0.5371, 0.20329), (0.63247, 0.5371, 0.20329), (0.63498, 0.53459, 0.2058), (0.63498, 0.5371, 0.20831), (0.63498, 0.52455, 0.19576), (0.62996, 0.52957, 0.19325), (0.62996, 0.52957, 0.19827), (0.63247, 0.512, 0.17067), (0.62494, 0.50196, 0.14808), (0.62745, 0.50447, 0.15059), (0.62745, 0.50447, 0.15059), (0.63498, 0.50949, 0.17067), (0.63247, 0.512, 0.17067), (0.64, 0.55467, 0.23843), (0.62494, 0.51953, 0.18322), (0.63749, 0.54463, 0.21835), (0.63498, 0.53459, 0.20329), (0.63498, 0.53961, 0.2058), (0.63498, 0.53961, 0.2058), (0.63498, 0.53961, 0.2058), (0.63247, 0.5371, 0.20329), (0.63498, 0.53459, 0.20329), (0.63247, 0.53459, 0.21082), (0.63498, 0.55467, 0.25098), (0.64, 0.57224, 0.27608), (0.63247, 0.53208, 0.20078), (0.62745, 0.53208, 0.19827), (0.62996, 0.52957, 0.19827), (0.63498, 0.55467, 0.25098), (0.62996, 0.54212, 0.22086), (0.62996, 0.55467, 0.24847), (0.62745, 0.49443, 0.14808), (0.63247, 0.4869, 0.14557), (0.63749, 0.49694, 0.1531), (0.63749, 0.49694, 0.1531), (0.63498, 0.49443, 0.15059), (0.62745, 0.49443, 0.14808), (0.62996, 0.52957, 0.19827), (0.62996, 0.52957, 0.19827), (0.63247, 0.53208, 0.20078), (0.64, 0.56722, 0.27106), (0.63498, 0.54714, 0.2309), (0.62745, 0.53961, 0.22337), (0.62745, 0.53961, 0.22337), (0.64, 0.56722, 0.27106), (0.64, 0.56722, 0.27106), (0.64, 0.56471, 0.27106), (0.64, 0.56722, 0.27106), (0.64, 0.56471, 0.26353), (0.62494, 0.5371, 0.21082), (0.62243, 0.53961, 0.21584), (0.63247, 0.54965, 0.22588), (0.63247, 0.54965, 0.22588), (0.63247, 0.53961, 0.21333), (0.62494, 0.5371, 0.21082), (0.64, 0.56722, 0.27106), (0.64, 0.55969, 0.26102), (0.64, 0.56722, 0.27106), (0.64, 0.56722, 0.27106), (0.64, 0.56471, 0.27106), (0.64, 0.56722, 0.27106), (0.63749, 0.49443, 0.14557), (0.63498, 0.49443, 0.15059), (0.63498, 0.49443, 0.15059), (0.62996, 0.54212, 0.22086), (0.64, 0.54714, 0.21333), (0.63749, 0.51953, 0.19325), (0.63749, 0.51953, 0.19325), (0.62745, 0.53208, 0.21333), (0.62996, 0.54212, 0.22086), (0.63749, 0.54965, 0.22839), (0.64, 0.55467, 0.23843), (0.64, 0.55467, 0.24345), (0.64, 0.55467, 0.24345), (0.63247, 0.54212, 0.23341), (0.63749, 0.54965, 0.22839), (0.63247, 0.49192, 0.1531), (0.63749, 0.49694, 0.14808), (0.63498, 0.49443, 0.15059), (0.62494, 0.49192, 0.16063), (0.62494, 0.49192, 0.16063), (0.64, 0.55467, 0.23843), (0.64, 0.55467, 0.23843), (0.63749, 0.55718, 0.24847), (0.62494, 0.49192, 0.16063), (0.63247, 0.54714, 0.2309), (0.63498, 0.5622, 0.24094), (0.63498, 0.5622, 0.23592), (0.64, 0.57475, 0.27106), (0.62996, 0.55467, 0.22839), (0.62745, 0.54965, 0.2309), (0.63498, 0.5622, 0.23592), (0.62745, 0.53961, 0.21835), (0.63247, 0.54714, 0.2309), (0.64, 0.55467, 0.24345), (0.62243, 0.53961, 0.21584), (0.62745, 0.54965, 0.2309), (0.62745, 0.54965, 0.2309), (0.64, 0.55718, 0.24094), (0.64, 0.55467, 0.24345), (0.62745, 0.512, 0.16816), (0.63498, 0.52455, 0.18573), (0.63498, 0.52455, 0.19075), (0.63498, 0.52455, 0.19075), (0.62996, 0.51451, 0.17569), (0.62745, 0.512, 0.16816), (0.63749, 0.54212, 0.23341), (0.64, 0.56471, 0.26353), (0.63247, 0.55216, 0.24345), (0.62996, 0.46431, 0.12298), (0.61741, 0.45678, 0.11545), (0.63247, 0.45176, 0.10541), (0.62996, 0.512, 0.18573), (0.62996, 0.512, 0.18071), (0.62494, 0.49192, 0.16063), (0.62494, 0.51451, 0.18071), (0.61992, 0.512, 0.18322), (0.63247, 0.52706, 0.18573), (0.63247, 0.55216, 0.24345), (0.63749, 0.53961, 0.21584), (0.63749, 0.54212, 0.23341), (0.59482, 0.4618, 0.13553), (0.60737, 0.46431, 0.13051), (0.63498, 0.45176, 0.10541), (0.63498, 0.49443, 0.15059), (0.63749, 0.49192, 0.15059), (0.63749, 0.49443, 0.14557), (0.64, 0.56471, 0.25349), (0.64, 0.57475, 0.27608), (0.63749, 0.57976, 0.28863), (0.63749, 0.57976, 0.28863), (0.62996, 0.55718, 0.24094), (0.64, 0.56471, 0.25349), (0.63498, 0.54714, 0.2309), (0.64, 0.56722, 0.27106), (0.63498, 0.5622, 0.26102), (0.63498, 0.5622, 0.26102), (0.62745, 0.53961, 0.22337), (0.63498, 0.54714, 0.2309), (0.61992, 0.54463, 0.23843), (0.64, 0.56973, 0.26855), (0.63498, 0.55969, 0.25349), (0.64, 0.5622, 0.25851), (0.64, 0.57475, 0.27608), (0.64, 0.56722, 0.26102), (0.62745, 0.54714, 0.23843), (0.63247, 0.54714, 0.2309), (0.62745, 0.53961, 0.21835), (0.62745, 0.53961, 0.21835), (0.63749, 0.55216, 0.24345), (0.62745, 0.54714, 0.23843), (0.64, 0.56471, 0.25851), (0.64, 0.55718, 0.24847), (0.64, 0.56722, 0.27357), (0.64, 0.56722, 0.27357), (0.63498, 0.56722, 0.27357), (0.64, 0.56471, 0.25851), (0.62745, 0.52455, 0.21333), (0.63498, 0.53208, 0.21082), (0.63247, 0.52957, 0.20831), (0.63247, 0.52957, 0.20831), (0.63498, 0.53208, 0.22086), (0.62745, 0.52455, 0.21333), (0.62745, 0.52957, 0.20078), (0.62996, 0.53208, 0.20329), (0.62996, 0.52957, 0.19827), (0.63498, 0.54463, 0.24345), (0.62996, 0.52706, 0.21082), (0.62996, 0.54212, 0.22588), (0.62996, 0.54212, 0.22588), (0.63498, 0.53961, 0.22588), (0.63498, 0.54463, 0.24345), (0.63498, 0.50949, 0.17067), (0.62996, 0.51451, 0.17067), (0.63247, 0.512, 0.17067), (0.61992, 0.512, 0.18322), (0.61992, 0.52706, 0.20078), (0.62996, 0.51451, 0.17067), (0.62996, 0.51451, 0.17067), (0.63247, 0.52706, 0.18573), (0.61992, 0.512, 0.18322), (0.63247, 0.5371, 0.21835), (0.63498, 0.54212, 0.21584), (0.63247, 0.54714, 0.23592), (0.63247, 0.54714, 0.23592), (0.62494, 0.53961, 0.2309), (0.63247, 0.5371, 0.21835), (0.62996, 0.52204, 0.19325), (0.64, 0.52455, 0.18573), (0.64, 0.52455, 0.19325), (0.64, 0.52455, 0.19325), (0.63247, 0.53208, 0.20078), (0.62996, 0.52204, 0.19325), (0.63498, 0.55718, 0.24345), (0.64, 0.54965, 0.24094), (0.63749, 0.54714, 0.23843), (0.62996, 0.52957, 0.19827), (0.63247, 0.52455, 0.19576), (0.63498, 0.52455, 0.19576), (0.63749, 0.54463, 0.21835), (0.64, 0.55718, 0.23341), (0.64, 0.55467, 0.23843), (0.62996, 0.51953, 0.19075), (0.63247, 0.52204, 0.19325), (0.63247, 0.51953, 0.19576), (0.63247, 0.51953, 0.19576), (0.63498, 0.52455, 0.19576), (0.62996, 0.51953, 0.19075), (0.64, 0.57224, 0.27608), (0.61741, 0.50949, 0.18071), (0.63247, 0.53459, 0.21082), (0.62996, 0.51953, 0.19075), (0.63247, 0.52204, 0.18824), (0.63247, 0.52204, 0.19325), (0.63247, 0.52204, 0.19325), (0.63247, 0.52204, 0.19325), (0.62996, 0.51953, 0.19075), (0.63247, 0.45176, 0.10541), (0.63247, 0.45176, 0.10541), (0.62996, 0.46431, 0.12298), (0.61992, 0.51953, 0.18824), (0.62996, 0.512, 0.18573), (0.63498, 0.51702, 0.19075), (0.63498, 0.51702, 0.19075), (0.63247, 0.52204, 0.18824), (0.61992, 0.51953, 0.18824), (0.63498, 0.45176, 0.10541), (0.62996, 0.44925, 0.1029), (0.59482, 0.4618, 0.13553), (0.62996, 0.52204, 0.17569), (0.62745, 0.50698, 0.17067), (0.63247, 0.51451, 0.18322), (0.63247, 0.51451, 0.18322), (0.62494, 0.52706, 0.18322), (0.62996, 0.52204, 0.17569), (0.60988, 0.47686, 0.14557), (0.6149, 0.46682, 0.14055), (0.62996, 0.4618, 0.128), (0.62745, 0.54965, 0.2309), (0.63247, 0.56471, 0.24094), (0.64, 0.57475, 0.27106), (0.63247, 0.52204, 0.19325), (0.63498, 0.52455, 0.19576), (0.62745, 0.52455, 0.20831), (0.62996, 0.55467, 0.24847), (0.63749, 0.55969, 0.26604), (0.64, 0.56471, 0.27106), (0.64, 0.56471, 0.27106), (0.64, 0.56471, 0.26353), (0.62996, 0.55467, 0.24847), (0.62996, 0.4618, 0.128), (0.63247, 0.46431, 0.13051), (0.60988, 0.47686, 0.14557), (0.60988, 0.52204, 0.2058), (0.61992, 0.52204, 0.20329), (0.62996, 0.512, 0.18071), (0.62996, 0.512, 0.18071), (0.63247, 0.52455, 0.19827), (0.60988, 0.52204, 0.2058), (0.62745, 0.52455, 0.20831), (0.62996, 0.52706, 0.21082), (0.63247, 0.52204, 0.19325), (0.63498, 0.56973, 0.26102), (0.63749, 0.55216, 0.21835), (0.64, 0.55718, 0.22337), (0.64, 0.56722, 0.27106), (0.62745, 0.53961, 0.22337), (0.63749, 0.54965, 0.23341), (0.63247, 0.55969, 0.24345), (0.63749, 0.56722, 0.25851), (0.64, 0.57475, 0.27106), (0.64, 0.57475, 0.27106), (0.63247, 0.55969, 0.23843), (0.63247, 0.55969, 0.24345), (0.63749, 0.54714, 0.23843), (0.63247, 0.5622, 0.24596), (0.63498, 0.55718, 0.24345), (0.63498, 0.55467, 0.25098), (0.63498, 0.53961, 0.22086), (0.62996, 0.54212, 0.22086), (0.62996, 0.54212, 0.22086), (0.63498, 0.55467, 0.25098), (0.63498, 0.55467, 0.25098), (0.62996, 0.52204, 0.19576), (0.63247, 0.52455, 0.19576), (0.63247, 0.52455, 0.19576), (0.63247, 0.52455, 0.19576), (0.63247, 0.52455, 0.19576), (0.62996, 0.52204, 0.19576), (0.63247, 0.4618, 0.128), (0.62996, 0.44925, 0.1029), (0.62996, 0.44925, 0.10792), (0.62996, 0.44925, 0.10792), (0.63498, 0.46431, 0.13051), (0.63247, 0.4618, 0.128), (0.63247, 0.51702, 0.1782), (0.63498, 0.52455, 0.19576), (0.63749, 0.52706, 0.19827), (0.62745, 0.53459, 0.20831), (0.62745, 0.52455, 0.20329), (0.63498, 0.52204, 0.19827), (0.62996, 0.52957, 0.19827), (0.63247, 0.52455, 0.19576), (0.62745, 0.52957, 0.20078), (0.62745, 0.5622, 0.25851), (0.62996, 0.55969, 0.25098), (0.62745, 0.55216, 0.24596), (0.63498, 0.52455, 0.19576), (0.63247, 0.512, 0.17067), (0.62996, 0.51451, 0.17067), (0.62996, 0.51451, 0.17067), (0.63749, 0.52706, 0.19827), (0.63498, 0.52455, 0.19576), (0.64, 0.57475, 0.26604), (0.63749, 0.57224, 0.26353), (0.63247, 0.56722, 0.26353), (0.63498, 0.55467, 0.24596), (0.62996, 0.55467, 0.24345), (0.63498, 0.55467, 0.24596), (0.63498, 0.55467, 0.24596), (0.63749, 0.55216, 0.24345), (0.63498, 0.55467, 0.24596), (0.62745, 0.55216, 0.24596), (0.63749, 0.5622, 0.256), (0.62745, 0.5622, 0.25851), (0.62996, 0.53459, 0.22086), (0.63247, 0.53208, 0.20078), (0.63749, 0.52706, 0.19827), (0.63749, 0.52706, 0.19827), (0.63749, 0.54212, 0.20831), (0.62996, 0.53459, 0.22086), (0.63247, 0.512, 0.17067), (0.63247, 0.512, 0.17067), (0.63498, 0.50949, 0.17067), (0.64, 0.56471, 0.25349), (0.63498, 0.56471, 0.256), (0.64, 0.56973, 0.25349), (0.64, 0.55467, 0.23843), (0.62996, 0.52204, 0.19325), (0.63247, 0.53208, 0.20078), (0.62996, 0.52204, 0.19325), (0.62996, 0.52957, 0.19827), (0.63247, 0.52957, 0.21333), (0.63247, 0.53208, 0.20078), (0.63247, 0.55467, 0.23592), (0.64, 0.55467, 0.23843), (0.62996, 0.53208, 0.20329), (0.62996, 0.53208, 0.20831), (0.63498, 0.52706, 0.19827), (0.63498, 0.52706, 0.19827), (0.63247, 0.52455, 0.19576), (0.62996, 0.53208, 0.20329), (0.64, 0.56722, 0.27106), (0.64, 0.56722, 0.27106), (0.63749, 0.5622, 0.256), (0.62745, 0.50196, 0.16816), (0.61741, 0.49694, 0.16063), (0.63498, 0.49443, 0.15059), (0.63498, 0.49443, 0.15059), (0.63498, 0.49443, 0.15059), (0.62745, 0.50196, 0.16816), (0.63749, 0.5622, 0.256), (0.64, 0.56471, 0.26353), (0.64, 0.56722, 0.27106), (0.62243, 0.53459, 0.21835), (0.61992, 0.54212, 0.22337), (0.62494, 0.5371, 0.21082), (0.62494, 0.51451, 0.17569), (0.62745, 0.51702, 0.18824), (0.62745, 0.50949, 0.18322), (0.62745, 0.50949, 0.18322), (0.62745, 0.51702, 0.1782), (0.62494, 0.51451, 0.17569), (0.64, 0.55718, 0.22337), (0.64, 0.57475, 0.26604), (0.63498, 0.56973, 0.26102), (0.63498, 0.52455, 0.19576), (0.62996, 0.52957, 0.19827), (0.63247, 0.5371, 0.20329), (0.63247, 0.5371, 0.20329), (0.63749, 0.52706, 0.19827), (0.63498, 0.52455, 0.19576), (0.62996, 0.52204, 0.19325), (0.63247, 0.52204, 0.19325), (0.63247, 0.52204, 0.19325), (0.63247, 0.52204, 0.19325), (0.62745, 0.51953, 0.19075), (0.62996, 0.52204, 0.19325), (0.63247, 0.4869, 0.14557), (0.63247, 0.49192, 0.14808), (0.63498, 0.49443, 0.15059), (0.63498, 0.49443, 0.15059), (0.63749, 0.49694, 0.1531), (0.63247, 0.4869, 0.14557), (0.64, 0.54463, 0.22588), (0.62996, 0.52957, 0.20078), (0.63247, 0.5371, 0.20329), (0.63247, 0.5371, 0.20329), (0.63498, 0.53961, 0.2058), (0.64, 0.54463, 0.22588), (0.63498, 0.53961, 0.2058), (0.63749, 0.52957, 0.20078), (0.63498, 0.52706, 0.19827), (0.63749, 0.55969, 0.24596), (0.63498, 0.5622, 0.24596), (0.63498, 0.5622, 0.24094), (0.62996, 0.46682, 0.14055), (0.62745, 0.46431, 0.13804), (0.62996, 0.46682, 0.14055), (0.62996, 0.46682, 0.14055), (0.63247, 0.46431, 0.13804), (0.62996, 0.46682, 0.14055), (0.63749, 0.52706, 0.19827), (0.63498, 0.51953, 0.17569), (0.63247, 0.51702, 0.1782), (0.63247, 0.56722, 0.26353), (0.63498, 0.56973, 0.26102), (0.64, 0.57475, 0.26604), (0.62494, 0.5371, 0.21082), (0.63498, 0.5371, 0.21333), (0.62243, 0.53459, 0.21835), (0.63749, 0.56722, 0.25851), (0.63749, 0.56471, 0.24847), (0.63498, 0.55718, 0.24345), (0.62745, 0.50698, 0.17067), (0.62996, 0.52204, 0.17569), (0.62745, 0.512, 0.16816), (0.63498, 0.55718, 0.24345), (0.63498, 0.56973, 0.26604), (0.63749, 0.56722, 0.25851), (0.64, 0.57475, 0.27106), (0.64, 0.55718, 0.23341), (0.62996, 0.54212, 0.22086), (0.62996, 0.54212, 0.22086), (0.63247, 0.56722, 0.25851), (0.64, 0.57475, 0.27106), (0.63749, 0.51451, 0.18573), (0.62494, 0.47435, 0.14808), (0.59482, 0.45678, 0.13804), (0.59482, 0.45678, 0.13804), (0.61741, 0.50447, 0.18071), (0.63749, 0.51451, 0.18573), (0.6149, 0.49443, 0.15812), (0.62996, 0.52204, 0.19576), (0.62996, 0.51953, 0.19075), (0.62494, 0.51953, 0.1782), (0.63498, 0.5371, 0.21835), (0.62494, 0.52455, 0.18824), (0.62494, 0.52455, 0.18824), (0.63247, 0.5371, 0.20329), (0.62494, 0.51953, 0.1782), (0.62494, 0.50196, 0.18071), (0.63749, 0.52706, 0.19325), (0.63247, 0.50949, 0.18824), (0.63247, 0.52706, 0.18573), (0.63498, 0.51953, 0.17569), (0.62494, 0.51451, 0.18071), (0.62996, 0.53208, 0.20329), (0.62494, 0.53208, 0.20078), (0.62745, 0.53208, 0.19827), (0.63247, 0.56722, 0.25851), (0.62996, 0.5622, 0.23843), (0.63247, 0.55969, 0.23843), (0.63247, 0.52706, 0.18573), (0.62996, 0.51451, 0.17067), (0.62996, 0.512, 0.16565), (0.63498, 0.5622, 0.24094), (0.63247, 0.54714, 0.2309), (0.63749, 0.55969, 0.24596), (0.63498, 0.52706, 0.19827), (0.63498, 0.52706, 0.20078), (0.63498, 0.52706, 0.19827), (0.63247, 0.55467, 0.23592), (0.63498, 0.5622, 0.23592), (0.63247, 0.56471, 0.24094), (0.62996, 0.46431, 0.12298), (0.62745, 0.47184, 0.128), (0.63749, 0.49443, 0.14557), (0.63498, 0.53961, 0.2058), (0.63498, 0.53961, 0.2058), (0.63247, 0.5371, 0.20329), (0.63498, 0.52706, 0.19827), (0.63247, 0.52455, 0.19576), (0.63498, 0.52706, 0.19827), (0.63247, 0.5371, 0.20329), (0.63498, 0.53961, 0.2058), (0.63498, 0.53961, 0.2058), (0.63749, 0.49443, 0.14557), (0.62996, 0.46431, 0.11796), (0.62996, 0.46431, 0.12298), (0.63749, 0.54463, 0.21333), (0.62494, 0.53208, 0.2058), (0.63498, 0.53961, 0.2058), (0.64, 0.52957, 0.19075), (0.63498, 0.52706, 0.20078), (0.63247, 0.52455, 0.19576), (0.63247, 0.52455, 0.19576), (0.62494, 0.52957, 0.19576), (0.64, 0.52957, 0.19075), (0.62996, 0.54965, 0.24094), (0.63247, 0.5622, 0.25349), (0.63749, 0.5622, 0.256), (0.63749, 0.5622, 0.256), (0.63498, 0.55467, 0.24596), (0.62996, 0.54965, 0.24094), (0.63498, 0.56973, 0.26604), (0.64, 0.57976, 0.27106), (0.64, 0.57475, 0.25851), (0.64, 0.57475, 0.25851), (0.64, 0.56973, 0.26855), (0.63498, 0.56973, 0.26604), (0.64, 0.56973, 0.25349), (0.63749, 0.57725, 0.27106), (0.64, 0.56471, 0.25349), (0.62745, 0.53208, 0.19827), (0.63247, 0.53208, 0.20078), (0.62996, 0.53208, 0.20329), (0.62745, 0.51953, 0.19075), (0.63247, 0.52204, 0.19325), (0.63498, 0.52706, 0.19827), (0.64, 0.56722, 0.27106), (0.64, 0.56722, 0.27106), (0.64, 0.56471, 0.27106), (0.64, 0.55718, 0.23341), (0.64, 0.56722, 0.24847), (0.62996, 0.56722, 0.24345), (0.62996, 0.56722, 0.24345), (0.62996, 0.5622, 0.23843), (0.64, 0.55718, 0.23341), (0.63247, 0.50949, 0.18824), (0.62996, 0.50447, 0.19075), (0.62494, 0.50196, 0.18071), (0.62996, 0.51953, 0.19075), (0.63498, 0.49443, 0.15059), (0.6149, 0.49443, 0.15812), (0.63247, 0.45176, 0.10541), (0.62745, 0.45427, 0.11043), (0.62745, 0.45427, 0.10541), (0.62745, 0.45427, 0.10541), (0.63247, 0.45176, 0.10541), (0.63247, 0.45176, 0.10541), (0.62745, 0.51953, 0.19075), (0.63247, 0.52455, 0.19827), (0.63247, 0.52204, 0.19325), (0.63247, 0.52204, 0.19325), (0.63247, 0.52204, 0.19325), (0.62745, 0.51953, 0.19075), (0.63247, 0.49192, 0.14808), (0.63247, 0.4869, 0.14557), (0.63498, 0.49443, 0.15059), (0.63749, 0.54463, 0.21333), (0.63498, 0.5622, 0.24596), (0.63498, 0.55969, 0.24847), (0.63498, 0.55969, 0.24847), (0.63749, 0.54965, 0.22839), (0.63749, 0.54463, 0.21333), (0.63498, 0.49443, 0.15059), (0.63247, 0.49192, 0.1531), (0.63247, 0.49192, 0.14808), (0.64, 0.55216, 0.23592), (0.63247, 0.54463, 0.22337), (0.63749, 0.54965, 0.22839), (0.63749, 0.54965, 0.22839), (0.63498, 0.55718, 0.24345), (0.64, 0.55216, 0.23592), (0.62996, 0.52204, 0.20078), (0.62243, 0.51451, 0.19325), (0.63247, 0.52204, 0.19325), (0.63247, 0.52204, 0.19325), (0.63247, 0.52204, 0.19325), (0.62996, 0.52204, 0.20078), (0.63749, 0.51451, 0.18573), (0.62243, 0.46431, 0.14055), (0.63498, 0.46682, 0.13804), (0.63498, 0.46682, 0.13804), (0.62996, 0.50447, 0.16565), (0.63749, 0.51451, 0.18573), (0.63498, 0.5371, 0.20831), (0.63498, 0.53961, 0.2058), (0.63498, 0.5371, 0.20831), (0.62996, 0.512, 0.16565), (0.62996, 0.52455, 0.18322), (0.63247, 0.52706, 0.18573), (0.63749, 0.5622, 0.26102), (0.63247, 0.55969, 0.24345), (0.62996, 0.55718, 0.24094), (0.62243, 0.52455, 0.19576), (0.62745, 0.52957, 0.20078), (0.62494, 0.50196, 0.14808), (0.62494, 0.50196, 0.14808), (0.6149, 0.49192, 0.13804), (0.62243, 0.52455, 0.19576), (0.63749, 0.5622, 0.26102), (0.63749, 0.5622, 0.26102), (0.64, 0.55969, 0.26102), (0.64, 0.55969, 0.26102), (0.63247, 0.55969, 0.25851), (0.63749, 0.5622, 0.26102), (0.63498, 0.5371, 0.20831), (0.63749, 0.5371, 0.20831), (0.63498, 0.5371, 0.20831), (0.62745, 0.52957, 0.20078), (0.63749, 0.54714, 0.24094), (0.64, 0.55467, 0.25349), (0.62996, 0.55718, 0.24094), (0.63247, 0.55216, 0.24847), (0.63749, 0.5622, 0.26102), (0.63247, 0.56471, 0.24094), (0.62745, 0.54965, 0.2309), (0.63247, 0.55467, 0.23592), (0.63498, 0.52706, 0.19827), (0.62996, 0.52204, 0.19325), (0.62745, 0.51953, 0.19075), (0.63749, 0.57224, 0.26353), (0.62243, 0.53459, 0.21333), (0.64, 0.55216, 0.22588), (0.64, 0.55467, 0.25349), (0.62494, 0.53459, 0.22588), (0.62745, 0.52957, 0.20078), (0.63247, 0.55969, 0.23843), (0.64, 0.57475, 0.27106), (0.63247, 0.56722, 0.25851), (0.64, 0.56973, 0.26855), (0.63749, 0.54965, 0.23341), (0.63498, 0.54714, 0.2309), (0.63498, 0.54714, 0.2309), (0.63498, 0.55969, 0.25349), (0.64, 0.56973, 0.26855), (0.63498, 0.52706, 0.19827), (0.63247, 0.52455, 0.19827), (0.62745, 0.51953, 0.19075), (0.62996, 0.52957, 0.19827), (0.62996, 0.52957, 0.19827), (0.62996, 0.52957, 0.19827), (0.62996, 0.52957, 0.19827), (0.62494, 0.52957, 0.19576), (0.62996, 0.52957, 0.19827), (0.64, 0.56471, 0.27106), (0.64, 0.5622, 0.26855), (0.64, 0.56722, 0.27106), (0.62745, 0.512, 0.16816), (0.62745, 0.50196, 0.16314), (0.62745, 0.50698, 0.17067), (0.60737, 0.46431, 0.13051), (0.60988, 0.47686, 0.14557), (0.63247, 0.46431, 0.13051), (0.63247, 0.46431, 0.13051), (0.63498, 0.45176, 0.10541), (0.60737, 0.46431, 0.13051), (0.63749, 0.58478, 0.29616), (0.64, 0.56973, 0.26855), (0.64, 0.55969, 0.26102), (0.63247, 0.53961, 0.21333), (0.63247, 0.53961, 0.21333), (0.62745, 0.54212, 0.22588), (0.62745, 0.54212, 0.22588), (0.62494, 0.5371, 0.21584), (0.63247, 0.53961, 0.21333), (0.62745, 0.52455, 0.20329), (0.63749, 0.54965, 0.22839), (0.63247, 0.54212, 0.23341), (0.63247, 0.54212, 0.23341), (0.63247, 0.52455, 0.19827), (0.62745, 0.52455, 0.20329), (0.63247, 0.53961, 0.21333), (0.63247, 0.5371, 0.21835), (0.62494, 0.53961, 0.2309), (0.62494, 0.53961, 0.2309), (0.62494, 0.54714, 0.22839), (0.63247, 0.53961, 0.21333), (0.63749, 0.5371, 0.20831), (0.63498, 0.5371, 0.20831), (0.63498, 0.53961, 0.2058), (0.64, 0.55216, 0.22588), (0.63749, 0.57224, 0.26353), (0.63749, 0.57224, 0.26353), (0.63498, 0.53961, 0.22086), (0.63247, 0.54212, 0.23341), (0.62996, 0.53961, 0.2309), (0.62996, 0.53961, 0.2309), (0.62996, 0.54212, 0.22086), (0.63498, 0.53961, 0.22086), (0.63498, 0.53961, 0.2058), (0.63247, 0.5371, 0.20329), (0.63749, 0.5371, 0.20831), (0.62494, 0.49192, 0.14557), (0.62745, 0.51953, 0.19075), (0.63247, 0.52455, 0.19576), (0.62745, 0.51953, 0.19075), (0.63247, 0.52455, 0.19576), (0.63498, 0.52706, 0.19827), (0.63749, 0.55718, 0.24847), (0.63749, 0.5622, 0.26102), (0.63247, 0.55969, 0.25851), (0.63247, 0.55969, 0.25851), (0.63498, 0.55969, 0.25349), (0.63749, 0.55718, 0.24847), (0.62745, 0.55969, 0.2309), (0.63247, 0.55969, 0.24345), (0.63247, 0.55969, 0.23843), (0.63247, 0.55969, 0.23843), (0.62745, 0.56471, 0.24094), (0.62745, 0.55969, 0.2309), (0.63247, 0.49694, 0.15812), (0.62996, 0.49443, 0.15561), (0.63749, 0.49694, 0.14808), (0.63749, 0.49694, 0.14808), (0.63247, 0.49192, 0.1531), (0.63247, 0.49694, 0.15812), (0.61992, 0.53208, 0.21584), (0.60988, 0.52204, 0.2058), (0.63247, 0.52455, 0.19827), (0.63247, 0.52455, 0.19827), (0.62745, 0.52455, 0.20329), (0.61992, 0.53208, 0.21584), (0.64, 0.55467, 0.22086), (0.63247, 0.56722, 0.26353), (0.63749, 0.57224, 0.26353), (0.63749, 0.57224, 0.26353), (0.64, 0.55216, 0.22588), (0.64, 0.55467, 0.22086), (0.63749, 0.55718, 0.24847), (0.64, 0.56973, 0.26102), (0.63749, 0.56722, 0.25851), (0.63749, 0.54212, 0.20831), (0.63247, 0.54463, 0.21835), (0.62243, 0.54714, 0.22086), (0.62243, 0.54714, 0.22086), (0.62996, 0.5371, 0.2058), (0.63749, 0.54212, 0.20831), (0.63498, 0.52455, 0.19576), (0.63247, 0.52204, 0.19325), (0.63247, 0.52204, 0.19325), (0.62494, 0.51702, 0.19075), (0.63498, 0.52455, 0.19576), (0.63247, 0.50196, 0.16314), (0.63247, 0.50196, 0.16314), (0.62745, 0.50698, 0.17067), (0.62494, 0.51702, 0.19075), (0.63749, 0.54965, 0.23341), (0.63749, 0.5622, 0.256), (0.63749, 0.5622, 0.26102), (0.63749, 0.5622, 0.26102), (0.63749, 0.54965, 0.23341), (0.63749, 0.54965, 0.23341), (0.63247, 0.52204, 0.19325), (0.62996, 0.51953, 0.19075), (0.63498, 0.52455, 0.19576), (0.6149, 0.48188, 0.16063), (0.61741, 0.48188, 0.16565), (0.62996, 0.46682, 0.14055), (0.62996, 0.46682, 0.14055), (0.62996, 0.46682, 0.14055), (0.6149, 0.48188, 0.16063), (0.62745, 0.47184, 0.13804), (0.62243, 0.46431, 0.14055), (0.58227, 0.44925, 0.128), (0.58227, 0.44925, 0.128), (0.58729, 0.44925, 0.12549), (0.62745, 0.47184, 0.13804), (0.62745, 0.53961, 0.21835), (0.63498, 0.5622, 0.23592), (0.62745, 0.55969, 0.2309), (0.62745, 0.55969, 0.2309), (0.63247, 0.54463, 0.22337), (0.62745, 0.53961, 0.21835), (0.64, 0.55718, 0.22337), (0.63749, 0.55216, 0.21835), (0.64, 0.55718, 0.24094), (0.64, 0.55718, 0.24094), (0.63247, 0.55467, 0.23592), (0.64, 0.55718, 0.22337), (0.62745, 0.50698, 0.17067), (0.63498, 0.52455, 0.19576), (0.62243, 0.52455, 0.20078), (0.62243, 0.52455, 0.20078), (0.63247, 0.51451, 0.18322), (0.62745, 0.50698, 0.17067), (0.62996, 0.54463, 0.21082), (0.62996, 0.54463, 0.21082), (0.62243, 0.54714, 0.22086), (0.63247, 0.52455, 0.19576), (0.62745, 0.49694, 0.15561), (0.62494, 0.49192, 0.14557), (0.62996, 0.55467, 0.22839), (0.64, 0.56722, 0.25098), (0.64, 0.56973, 0.26102), (0.62996, 0.52706, 0.2058), (0.63247, 0.52455, 0.20329), (0.62745, 0.52455, 0.20329), (0.62745, 0.52455, 0.20329), (0.63247, 0.52455, 0.19827), (0.62996, 0.52706, 0.2058), (0.63498, 0.52706, 0.19827), (0.63498, 0.53961, 0.2058), (0.63498, 0.53961, 0.2058), (0.63498, 0.5371, 0.20831), (0.63498, 0.53961, 0.2058), (0.63498, 0.53961, 0.2058), (0.64, 0.55969, 0.256), (0.63498, 0.54463, 0.23592), (0.62745, 0.54212, 0.23341), (0.64, 0.55467, 0.24596), (0.63247, 0.55718, 0.24596), (0.63749, 0.56471, 0.26353), (0.63749, 0.56471, 0.26353), (0.63749, 0.55216, 0.24094), (0.64, 0.55467, 0.24596), (0.62494, 0.49945, 0.16063), (0.62996, 0.46933, 0.13804), (0.62996, 0.46933, 0.13804), (0.62996, 0.46933, 0.13804), (0.62243, 0.4869, 0.15059), (0.62494, 0.49945, 0.16063), (0.62745, 0.54212, 0.23341), (0.63498, 0.55969, 0.24847), (0.64, 0.55969, 0.256), (0.63498, 0.56471, 0.256), (0.63498, 0.55467, 0.24596), (0.63749, 0.5622, 0.256), (0.63749, 0.5622, 0.256), (0.64, 0.56973, 0.25349), (0.63498, 0.56471, 0.256), (0.63498, 0.53961, 0.2058), (0.63749, 0.54212, 0.20831), (0.63749, 0.54463, 0.21333), (0.62745, 0.45427, 0.11043), (0.63247, 0.45176, 0.10541), (0.61741, 0.45678, 0.11545), (0.62996, 0.52204, 0.19576), (0.63247, 0.52204, 0.18824), (0.64, 0.52455, 0.18573), (0.64, 0.52455, 0.18573), (0.62996, 0.52204, 0.19325), (0.62996, 0.52204, 0.19576), (0.61741, 0.45678, 0.11545), (0.62745, 0.45929, 0.13051), (0.62745, 0.45427, 0.11043), (0.63749, 0.5622, 0.26102), (0.63749, 0.55718, 0.24847), (0.64, 0.55969, 0.26102), (0.64, 0.55969, 0.26102), (0.64, 0.56722, 0.27106), (0.63749, 0.5622, 0.26102), (0.64, 0.54212, 0.23843), (0.62996, 0.51451, 0.17569), (0.62243, 0.52455, 0.20078), (0.63247, 0.5371, 0.22337), (0.61992, 0.53208, 0.21584), (0.63247, 0.53208, 0.20078), (0.63247, 0.53208, 0.20078), (0.63247, 0.52455, 0.19576), (0.63247, 0.5371, 0.22337), (0.62243, 0.52455, 0.20078), (0.63749, 0.54965, 0.24847), (0.64, 0.54212, 0.23843), (0.62996, 0.52957, 0.19827), (0.63247, 0.53208, 0.20078), (0.62996, 0.52957, 0.19827), (0.62996, 0.52957, 0.19827), (0.62996, 0.52957, 0.19827), (0.62996, 0.52957, 0.19827), (0.63498, 0.52706, 0.19827), (0.63749, 0.52455, 0.20078), (0.63498, 0.52706, 0.19827), (0.62494, 0.51451, 0.18573), (0.64, 0.57224, 0.27859), (0.64, 0.56471, 0.27357), (0.64, 0.56471, 0.27357), (0.63749, 0.51702, 0.19576), (0.62494, 0.51451, 0.18573), (0.64, 0.55718, 0.24094), (0.62745, 0.54714, 0.23843), (0.62996, 0.54965, 0.24094), (0.62996, 0.54965, 0.24094), (0.64, 0.55718, 0.24094), (0.64, 0.55718, 0.24094), (0.64, 0.56973, 0.26102), (0.62745, 0.54965, 0.2309), (0.62996, 0.55467, 0.22839), (0.63749, 0.5622, 0.25098), (0.64, 0.57475, 0.27106), (0.64, 0.56973, 0.26102), (0.64, 0.56973, 0.26102), (0.62996, 0.55467, 0.24345), (0.63749, 0.5622, 0.25098), (0.64, 0.55969, 0.256), (0.64, 0.55969, 0.256), (0.63749, 0.56471, 0.27106), (0.63749, 0.56471, 0.27106), (0.63498, 0.56722, 0.27357), (0.64, 0.55969, 0.256), (0.63498, 0.52455, 0.19576), (0.63247, 0.51953, 0.19576), (0.63247, 0.52204, 0.19325), (0.62996, 0.512, 0.18071), (0.61992, 0.52204, 0.20329), (0.62494, 0.49192, 0.16063), (0.62494, 0.49192, 0.16063), (0.62494, 0.49192, 0.16063), (0.62996, 0.512, 0.18071), (0.63498, 0.53961, 0.22588), (0.62996, 0.54212, 0.22588), (0.63749, 0.5622, 0.256), (0.63749, 0.5622, 0.256), (0.63498, 0.5622, 0.26102), (0.63498, 0.53961, 0.22588), (0.63247, 0.52204, 0.19325), (0.63247, 0.52204, 0.19325), (0.63749, 0.51953, 0.19325), (0.63749, 0.51953, 0.19325), (0.63247, 0.52204, 0.19325), (0.63247, 0.52204, 0.19325), (0.62243, 0.52706, 0.20831), (0.63498, 0.53208, 0.21082), (0.62996, 0.52957, 0.20078), (0.62243, 0.54714, 0.22086), (0.62494, 0.54714, 0.22839), (0.62996, 0.54463, 0.21082), (0.62996, 0.52957, 0.20078), (0.62745, 0.51953, 0.19827), (0.62243, 0.52706, 0.20831), (0.63247, 0.45176, 0.10541), (0.63247, 0.45176, 0.10541), (0.63247, 0.45176, 0.10541), (0.63247, 0.45176, 0.10541), (0.62996, 0.44925, 0.1029), (0.63247, 0.45176, 0.10541), (0.62996, 0.55969, 0.24596), (0.63749, 0.5622, 0.25098), (0.62996, 0.55467, 0.24345), (0.63749, 0.56722, 0.25851), (0.63247, 0.55718, 0.24596), (0.63749, 0.55718, 0.24847), (0.62494, 0.54714, 0.22839), (0.63247, 0.54714, 0.23592), (0.63498, 0.54212, 0.21584), (0.62243, 0.4869, 0.15059), (0.62996, 0.46933, 0.13804), (0.63498, 0.46682, 0.13804), (0.63498, 0.46682, 0.13804), (0.61741, 0.47435, 0.14055), (0.62243, 0.4869, 0.15059), (0.64, 0.55969, 0.26102), (0.63749, 0.58227, 0.30118), (0.63749, 0.58478, 0.29616), (0.63247, 0.51953, 0.19576), (0.63247, 0.52204, 0.19325), (0.63247, 0.52204, 0.19325), (0.64, 0.53961, 0.21082), (0.63749, 0.5371, 0.20831), (0.63498, 0.5371, 0.20831), (0.63247, 0.52204, 0.19325), (0.63498, 0.52455, 0.19576), (0.63498, 0.52455, 0.19576), (0.63498, 0.53961, 0.2058), (0.63498, 0.5371, 0.20831), (0.63498, 0.5371, 0.20831), (0.62745, 0.45427, 0.11043), (0.62996, 0.44925, 0.1029), (0.63247, 0.44675, 0.10792), (0.63247, 0.44675, 0.10792), (0.62494, 0.45176, 0.1029), (0.62745, 0.45427, 0.11043), (0.63749, 0.5371, 0.2058), (0.62996, 0.52957, 0.19827), (0.62996, 0.52957, 0.19827), (0.63749, 0.57475, 0.28361), (0.63498, 0.56722, 0.27357), (0.63498, 0.56722, 0.27357), (0.63498, 0.56722, 0.27357), (0.63749, 0.56973, 0.27608), (0.63749, 0.57475, 0.28361), (0.63247, 0.56722, 0.26353), (0.63247, 0.55216, 0.24345), (0.63247, 0.55718, 0.25098), (0.63247, 0.55718, 0.25098), (0.63749, 0.57224, 0.26855), (0.63247, 0.56722, 0.26353), (0.63498, 0.52706, 0.20078), (0.62996, 0.512, 0.18071), (0.62494, 0.51451, 0.17569), (0.62494, 0.51451, 0.17569), (0.63247, 0.52455, 0.19827), (0.63498, 0.52706, 0.20078), (0.62996, 0.52957, 0.19827), (0.63749, 0.52957, 0.20078), (0.63749, 0.5371, 0.2058), (0.63498, 0.50196, 0.17067), (0.62745, 0.51702, 0.18322), (0.62494, 0.50698, 0.17569), (0.62494, 0.50698, 0.17569), (0.62996, 0.50447, 0.17067), (0.63498, 0.50196, 0.17067), (0.63498, 0.52706, 0.19827), (0.63498, 0.52706, 0.19827), (0.63498, 0.52706, 0.19827), (0.63498, 0.5371, 0.20831), (0.63498, 0.5371, 0.20831), (0.64, 0.53961, 0.21082), (0.62494, 0.48941, 0.15059), (0.64, 0.52455, 0.19325), (0.62745, 0.52706, 0.19827), (0.62745, 0.52706, 0.19827), (0.62494, 0.50698, 0.17569), (0.62494, 0.48941, 0.15059), (0.64, 0.55718, 0.24847), (0.64, 0.56471, 0.25851), (0.63498, 0.56722, 0.27357), (0.63498, 0.56722, 0.27357), (0.64, 0.56722, 0.27106), (0.64, 0.55718, 0.24847), (0.62996, 0.51953, 0.19075), (0.63247, 0.52204, 0.19325), (0.62996, 0.52204, 0.19576), (0.63247, 0.51702, 0.1782), (0.62996, 0.50949, 0.17318), (0.62745, 0.512, 0.16816), (0.63749, 0.52706, 0.19325), (0.62494, 0.50196, 0.18071), (0.62494, 0.51702, 0.19075), (0.63498, 0.51702, 0.19075), (0.63247, 0.52706, 0.19075), (0.63247, 0.52455, 0.19576), (0.63247, 0.52455, 0.19576), (0.63749, 0.52455, 0.2058), (0.63498, 0.51702, 0.19075), (0.63498, 0.5371, 0.20831), (0.63749, 0.5371, 0.20831), (0.63498, 0.53961, 0.2058), (0.62996, 0.52204, 0.19576), (0.63247, 0.52455, 0.19827), (0.62996, 0.51953, 0.19075), (0.64, 0.55467, 0.22086), (0.63749, 0.57224, 0.26855), (0.64, 0.56471, 0.25851), (0.64, 0.56471, 0.25851), (0.64, 0.56471, 0.23843), (0.64, 0.55467, 0.22086), (0.63247, 0.53459, 0.19075), (0.64, 0.53208, 0.19325), (0.62243, 0.51451, 0.16816), (0.62243, 0.51451, 0.16816), (0.62745, 0.52455, 0.17318), (0.63247, 0.53459, 0.19075), (0.63247, 0.51953, 0.19576), (0.63498, 0.52455, 0.19576), (0.63498, 0.52455, 0.19576), (0.63247, 0.55216, 0.24847), (0.63247, 0.53459, 0.2058), (0.63498, 0.53459, 0.2058), (0.64, 0.54965, 0.24094), (0.63498, 0.55718, 0.24345), (0.63247, 0.55216, 0.24345), (0.63247, 0.55216, 0.24345), (0.63247, 0.54212, 0.23341), (0.64, 0.54965, 0.24094), (0.62996, 0.512, 0.18071), (0.62745, 0.52455, 0.17318), (0.62243, 0.51451, 0.16565), (0.62243, 0.51451, 0.16565), (0.62494, 0.51451, 0.17569), (0.62996, 0.512, 0.18071), (0.64, 0.56722, 0.27357), (0.64, 0.56722, 0.27357), (0.64, 0.56722, 0.27357), (0.64, 0.56722, 0.27357), (0.64, 0.56722, 0.27106), (0.64, 0.56722, 0.27357), (0.62996, 0.52204, 0.19576), (0.63498, 0.52204, 0.19827), (0.62745, 0.52455, 0.20329), (0.62745, 0.52455, 0.20329), (0.62494, 0.52706, 0.20329), (0.62996, 0.52204, 0.19576), (0.64, 0.5622, 0.24847), (0.62996, 0.55718, 0.24094), (0.63498, 0.55969, 0.24847), (0.63498, 0.55969, 0.24847), (0.63749, 0.56471, 0.24847), (0.64, 0.5622, 0.24847), (0.62996, 0.46431, 0.11796), (0.62996, 0.46682, 0.14055), (0.63247, 0.46431, 0.13804), (0.63247, 0.46431, 0.13804), (0.62996, 0.46431, 0.11796), (0.62996, 0.46431, 0.11796), (0.63247, 0.52204, 0.19325), (0.63247, 0.52204, 0.19325), (0.63247, 0.51953, 0.19576), (0.62745, 0.54212, 0.2309), (0.63749, 0.56471, 0.26353), (0.63498, 0.56973, 0.26604), (0.63247, 0.55216, 0.24345), (0.64, 0.55969, 0.25098), (0.63498, 0.56973, 0.27106), (0.63498, 0.56973, 0.27106), (0.63749, 0.55216, 0.23592), (0.63247, 0.55216, 0.24345), (0.63498, 0.56973, 0.26604), (0.62745, 0.54965, 0.23592), (0.62745, 0.54212, 0.2309), (0.63247, 0.56471, 0.24094), (0.64, 0.55718, 0.23341), (0.64, 0.56973, 0.25349), (0.63498, 0.54212, 0.21584), (0.62996, 0.54463, 0.21082), (0.62494, 0.54714, 0.22839), (0.64, 0.54714, 0.22086), (0.63749, 0.5622, 0.23592), (0.63749, 0.5622, 0.23592), (0.63749, 0.5622, 0.23592), (0.64, 0.55467, 0.22839), (0.64, 0.54714, 0.22086), (0.62996, 0.55467, 0.24345), (0.62996, 0.55969, 0.25098), (0.62996, 0.55969, 0.24596), (0.63498, 0.53961, 0.2058), (0.63498, 0.53961, 0.2058), (0.63498, 0.5371, 0.20831), (0.62494, 0.51702, 0.19075), (0.63247, 0.52455, 0.19576), (0.63749, 0.52706, 0.19325), (0.6149, 0.50447, 0.17569), (0.60737, 0.49694, 0.16314), (0.62494, 0.49443, 0.1531), (0.63749, 0.54463, 0.21835), (0.64, 0.53208, 0.19325), (0.62494, 0.52455, 0.18824), (0.62494, 0.50196, 0.17318), (0.62745, 0.50196, 0.16314), (0.63247, 0.4869, 0.14557), (0.63247, 0.4869, 0.14557), (0.63247, 0.49192, 0.14808), (0.62494, 0.50196, 0.17318), (0.63247, 0.52455, 0.20329), (0.63247, 0.5371, 0.22337), (0.63247, 0.52455, 0.19576), (0.63247, 0.52455, 0.19576), (0.62745, 0.51953, 0.19075), (0.63247, 0.52455, 0.20329), (0.63498, 0.52706, 0.19827), (0.63247, 0.55216, 0.24847), (0.63247, 0.55216, 0.24847), (0.64, 0.56471, 0.26353), (0.63749, 0.54212, 0.23341), (0.64, 0.54212, 0.23843), (0.64, 0.53208, 0.19325), (0.63749, 0.54463, 0.21835), (0.62494, 0.51953, 0.18322), (0.64, 0.56722, 0.27106), (0.63749, 0.5622, 0.256), (0.64, 0.56722, 0.27106), (0.64, 0.56722, 0.27106), (0.64, 0.56722, 0.27106), (0.64, 0.56722, 0.27106), (0.63247, 0.54714, 0.23592), (0.63498, 0.55467, 0.25098), (0.64, 0.55718, 0.24847), (0.64, 0.55718, 0.24847), (0.64, 0.54965, 0.23592), (0.63247, 0.54714, 0.23592), (0.63498, 0.53459, 0.2058), (0.63749, 0.55718, 0.25349), (0.63247, 0.55216, 0.24847), (0.63498, 0.52455, 0.19576), (0.63247, 0.52204, 0.19325), (0.63247, 0.51953, 0.19576), (0.64, 0.57725, 0.29867), (0.62494, 0.55969, 0.26102), (0.63498, 0.56722, 0.27357), (0.63498, 0.51953, 0.18071), (0.62996, 0.51953, 0.18071), (0.62996, 0.52957, 0.19325), (0.62996, 0.52957, 0.19325), (0.62996, 0.51451, 0.17569), (0.63498, 0.51953, 0.18071), (0.62494, 0.52455, 0.18824), (0.63498, 0.55216, 0.22839), (0.63749, 0.54463, 0.21835), (0.62745, 0.512, 0.16816), (0.63247, 0.51702, 0.1782), (0.63247, 0.51702, 0.1782), (0.63498, 0.52706, 0.19827), (0.62996, 0.52957, 0.19827), (0.62996, 0.53208, 0.20329), (0.63498, 0.53208, 0.21584), (0.62494, 0.54212, 0.21835), (0.62996, 0.54212, 0.22086), (0.62996, 0.54212, 0.22086), (0.64, 0.54714, 0.22839), (0.63498, 0.53208, 0.21584), (0.62494, 0.49443, 0.1531), (0.63247, 0.50196, 0.16063), (0.6149, 0.50447, 0.17569), (0.63498, 0.56722, 0.27357), (0.63749, 0.57475, 0.28361), (0.64, 0.57725, 0.29867), (0.62996, 0.55718, 0.24094), (0.63749, 0.57976, 0.28863), (0.64, 0.57725, 0.2811), (0.64, 0.57725, 0.2811), (0.63498, 0.55969, 0.24847), (0.62996, 0.55718, 0.24094), (0.64, 0.57725, 0.2811), (0.63247, 0.55216, 0.24345), (0.63749, 0.55216, 0.23592), (0.64, 0.56722, 0.27106), (0.64, 0.56722, 0.27106), (0.64, 0.56722, 0.27357), (0.64, 0.56722, 0.27357), (0.63498, 0.56722, 0.27357), (0.64, 0.56722, 0.27106), (0.64, 0.56973, 0.25349), (0.64, 0.57475, 0.27106), (0.63247, 0.56471, 0.24094), (0.62745, 0.53961, 0.23843), (0.62996, 0.53459, 0.22086), (0.62243, 0.53208, 0.22337), (0.63749, 0.55216, 0.23592), (0.63749, 0.56973, 0.27608), (0.64, 0.57725, 0.2811), (0.64, 0.57224, 0.27859), (0.64, 0.57725, 0.2811), (0.63749, 0.56973, 0.27608), (0.63749, 0.56973, 0.27608), (0.63498, 0.5622, 0.26102), (0.64, 0.57224, 0.27859), (0.62243, 0.53208, 0.22337), (0.63498, 0.54463, 0.24345), (0.62745, 0.53961, 0.23843), (0.64, 0.56722, 0.27106), (0.63749, 0.55718, 0.25349), (0.64, 0.56471, 0.26102), (0.64, 0.54212, 0.23843), (0.64, 0.56722, 0.27106), (0.64, 0.56471, 0.26353), (0.63247, 0.51702, 0.1782), (0.63247, 0.53208, 0.20329), (0.62745, 0.51702, 0.18824), (0.63247, 0.55216, 0.24847), (0.63247, 0.52455, 0.19576), (0.63498, 0.52706, 0.19827), (0.63749, 0.57475, 0.25851), (0.63749, 0.55467, 0.22086), (0.62996, 0.54714, 0.21835), (0.62996, 0.54714, 0.21835), (0.64, 0.56722, 0.24596), (0.63749, 0.57475, 0.25851), (0.63247, 0.4618, 0.12298), (0.62996, 0.46682, 0.14055), (0.61741, 0.48188, 0.16565), (0.63247, 0.5622, 0.25349), (0.62996, 0.54965, 0.24094), (0.63749, 0.5622, 0.25098), (0.63749, 0.5622, 0.25098), (0.62996, 0.55969, 0.24596), (0.63247, 0.5622, 0.25349), (0.63498, 0.52706, 0.19827), (0.63498, 0.52706, 0.20078), (0.63498, 0.52706, 0.20078), (0.63498, 0.52706, 0.20078), (0.63498, 0.52706, 0.20078), (0.63498, 0.52706, 0.19827), (0.63247, 0.52204, 0.19325), (0.63247, 0.52204, 0.19325), (0.63247, 0.52204, 0.19325), (0.63247, 0.52204, 0.19325), (0.63247, 0.52204, 0.19325), (0.63247, 0.52204, 0.19325), (0.63498, 0.53961, 0.2058), (0.63498, 0.53459, 0.2058), (0.63498, 0.53961, 0.22588), (0.63498, 0.53961, 0.22588), (0.62996, 0.53961, 0.2309), (0.63498, 0.53961, 0.2058), (0.63498, 0.5371, 0.20831), (0.63498, 0.53961, 0.2058), (0.63749, 0.54212, 0.20831), (0.63749, 0.54212, 0.20831), (0.63498, 0.53961, 0.2058), (0.63498, 0.5371, 0.20831), (0.63498, 0.53459, 0.2058), (0.63247, 0.5371, 0.20329), (0.62745, 0.5371, 0.22839), (0.63749, 0.55216, 0.24094), (0.64, 0.56722, 0.27357), (0.64, 0.56722, 0.27106), (0.63247, 0.52204, 0.19325), (0.63247, 0.52204, 0.19325), (0.63247, 0.51953, 0.19576), (0.63247, 0.52455, 0.19576), (0.63498, 0.55718, 0.24345), (0.63498, 0.55969, 0.24847), (0.63498, 0.55969, 0.24847), (0.62996, 0.52204, 0.19325), (0.63247, 0.52455, 0.19576), (0.62745, 0.52957, 0.2058), (0.63498, 0.54212, 0.21584), (0.63749, 0.5622, 0.23592), (0.63749, 0.5622, 0.23592), (0.64, 0.54714, 0.22086), (0.62745, 0.52957, 0.2058), (0.63247, 0.52204, 0.19325), (0.63749, 0.51953, 0.19325), (0.63247, 0.52204, 0.19325), (0.63247, 0.52204, 0.19325), (0.63247, 0.52204, 0.19325), (0.63247, 0.52204, 0.19325), (0.63247, 0.5371, 0.20329), (0.64, 0.54714, 0.21333), (0.64, 0.55216, 0.22588), (0.63498, 0.54212, 0.21082), (0.64, 0.55216, 0.22588), (0.62996, 0.54463, 0.21082), (0.62996, 0.54463, 0.21082), (0.63247, 0.53961, 0.20831), (0.63498, 0.54212, 0.21082), (0.63247, 0.53961, 0.21333), (0.63247, 0.53961, 0.21333), (0.63749, 0.5371, 0.2058), (0.63749, 0.5371, 0.2058), (0.63498, 0.53961, 0.2058), (0.63247, 0.53961, 0.21333), (0.64, 0.55216, 0.22588), (0.62494, 0.51953, 0.1782), (0.63247, 0.5371, 0.20329), (0.62996, 0.46682, 0.14055), (0.61741, 0.47435, 0.14055), (0.6149, 0.48188, 0.16063), (0.64, 0.56722, 0.25349), (0.64, 0.56722, 0.26604), (0.64, 0.56973, 0.26855), (0.64, 0.56973, 0.26855), (0.63749, 0.56471, 0.24847), (0.64, 0.56722, 0.25349), (0.63247, 0.52957, 0.20831), (0.62996, 0.52706, 0.2058), (0.62494, 0.5371, 0.21584), (0.62494, 0.5371, 0.21584), (0.62745, 0.53208, 0.21835), (0.63247, 0.52957, 0.20831), (0.62494, 0.53208, 0.2058), (0.62494, 0.53208, 0.20078), (0.62243, 0.53961, 0.21584), (0.61992, 0.50949, 0.17569), (0.63247, 0.52957, 0.20831), (0.62996, 0.52204, 0.19576), (0.62996, 0.52204, 0.19576), (0.62996, 0.50949, 0.17318), (0.61992, 0.50949, 0.17569), (0.62745, 0.5371, 0.22839), (0.62745, 0.53208, 0.21835), (0.63498, 0.53459, 0.2058), (0.61741, 0.48188, 0.16565), (0.59231, 0.46682, 0.13302), (0.63247, 0.4618, 0.12298), (0.61741, 0.45929, 0.13051), (0.62996, 0.46431, 0.12298), (0.63247, 0.45176, 0.10541), (0.63247, 0.45176, 0.10541), (0.63247, 0.46431, 0.13051), (0.61741, 0.45929, 0.13051), (0.62996, 0.54965, 0.24094), (0.64, 0.56722, 0.27106), (0.64, 0.56471, 0.25349), (0.64, 0.56722, 0.27106), (0.64, 0.56722, 0.27106), (0.63498, 0.56722, 0.27357), (0.63498, 0.56722, 0.27357), (0.63749, 0.56471, 0.27106), (0.64, 0.56722, 0.27106), (0.62745, 0.53961, 0.21835), (0.63749, 0.54714, 0.23843), (0.64, 0.54965, 0.24094), (0.64, 0.54965, 0.24094), (0.62996, 0.54212, 0.21584), (0.62745, 0.53961, 0.21835), (0.62745, 0.51702, 0.18824), (0.62494, 0.51451, 0.17569), (0.63247, 0.51702, 0.1782), (0.62494, 0.51953, 0.18322), (0.62243, 0.51451, 0.16816), (0.64, 0.53208, 0.19325), (0.63247, 0.52957, 0.20831), (0.61992, 0.50949, 0.17569), (0.62745, 0.52204, 0.18573), (0.62745, 0.52204, 0.18573), (0.62996, 0.53208, 0.20831), (0.63247, 0.52957, 0.20831), (0.63749, 0.55467, 0.22086), (0.63498, 0.54965, 0.23341), (0.62996, 0.55216, 0.23843), (0.62996, 0.55216, 0.23843), (0.62996, 0.54714, 0.21835), (0.63749, 0.55467, 0.22086), (0.63749, 0.57224, 0.26353), (0.63498, 0.57475, 0.26353), (0.64, 0.57976, 0.27357), (0.64, 0.57976, 0.27357), (0.64, 0.57725, 0.26855), (0.63749, 0.57224, 0.26353), (0.63498, 0.55467, 0.25098), (0.63247, 0.54714, 0.23592), (0.63247, 0.55216, 0.24847), (0.63247, 0.55216, 0.24847), (0.64, 0.57224, 0.27608), (0.63498, 0.55467, 0.25098), (0.62243, 0.53961, 0.21584), (0.62243, 0.5371, 0.22086), (0.62494, 0.53208, 0.2058), (0.62996, 0.53208, 0.20329), (0.63247, 0.52455, 0.19827), (0.63498, 0.52706, 0.19827), (0.64, 0.52957, 0.20078), (0.62745, 0.50698, 0.17067), (0.62745, 0.51953, 0.19827), (0.64, 0.56471, 0.26102), (0.64, 0.5622, 0.26353), (0.64, 0.56722, 0.27106), (0.63749, 0.55216, 0.21835), (0.63498, 0.56973, 0.26102), (0.64, 0.56973, 0.26102), (0.64, 0.56973, 0.26102), (0.64, 0.55718, 0.24094), (0.63749, 0.55216, 0.21835), (0.63498, 0.52706, 0.19827), (0.62745, 0.52706, 0.19576), (0.62996, 0.52957, 0.19827), (0.62996, 0.52957, 0.19827), (0.63749, 0.52957, 0.20078), (0.63498, 0.52706, 0.19827), (0.62745, 0.54714, 0.23843), (0.64, 0.56471, 0.26353), (0.64, 0.56722, 0.27106), (0.64, 0.56722, 0.27106), (0.62996, 0.54965, 0.24094), (0.62745, 0.54714, 0.23843), (0.64, 0.56973, 0.27608), (0.63749, 0.56471, 0.26855), (0.64, 0.5622, 0.26855), (0.64, 0.5622, 0.26855), (0.64, 0.57224, 0.27608), (0.64, 0.56973, 0.27608), (0.64, 0.56471, 0.25349), (0.63247, 0.55467, 0.23592), (0.62996, 0.54965, 0.24094), (0.63749, 0.51451, 0.18573), (0.63247, 0.52706, 0.19075), (0.62494, 0.52455, 0.19325), (0.62494, 0.52455, 0.19325), (0.62996, 0.51953, 0.18573), (0.63749, 0.51451, 0.18573), (0.62996, 0.52204, 0.19576), (0.62745, 0.52706, 0.19576), (0.63247, 0.52455, 0.19576), (0.63247, 0.52455, 0.19576), (0.62996, 0.52204, 0.19576), (0.62996, 0.52204, 0.19576), (0.63247, 0.53459, 0.2058), (0.63498, 0.53459, 0.20329), (0.63247, 0.5371, 0.20329), (0.64, 0.55467, 0.24345), (0.62745, 0.51953, 0.19827), (0.62745, 0.50698, 0.17067), (0.62745, 0.50698, 0.17067), (0.63749, 0.55718, 0.24847), (0.64, 0.55467, 0.24345), (0.62494, 0.53459, 0.22588), (0.64, 0.54463, 0.22588), (0.63498, 0.5371, 0.21333), (0.63498, 0.5371, 0.21333), (0.62745, 0.52957, 0.20078), (0.62494, 0.53459, 0.22588), (0.62745, 0.51953, 0.19827), (0.62996, 0.52957, 0.20078), (0.64, 0.52957, 0.20078), (0.62745, 0.54714, 0.23843), (0.63498, 0.55467, 0.25098), (0.63498, 0.55467, 0.25098), (0.6149, 0.48188, 0.16063), (0.6149, 0.48188, 0.16063), (0.62996, 0.46682, 0.14055), (0.63498, 0.55467, 0.25098), (0.63498, 0.55969, 0.25349), (0.62745, 0.54714, 0.23843), (0.63498, 0.49443, 0.15059), (0.63749, 0.49443, 0.14557), (0.62745, 0.47184, 0.128), (0.62745, 0.47184, 0.128), (0.63498, 0.49443, 0.15059), (0.63498, 0.49443, 0.15059), (0.63498, 0.46682, 0.13804), (0.62996, 0.4618, 0.128), (0.6149, 0.46682, 0.14055), (0.60235, 0.46682, 0.13051), (0.60235, 0.46933, 0.14306), (0.62243, 0.47184, 0.14557), (0.63498, 0.49443, 0.15059), (0.63498, 0.49443, 0.15059), (0.63498, 0.49443, 0.15059), (0.63498, 0.49443, 0.15059), (0.63247, 0.4869, 0.14557), (0.63498, 0.49443, 0.15059), (0.64, 0.54714, 0.22839), (0.63498, 0.5371, 0.21333), (0.64, 0.54212, 0.21333), (0.62745, 0.512, 0.16816), (0.63498, 0.52455, 0.19576), (0.62494, 0.52455, 0.19576), (0.62494, 0.52455, 0.19576), (0.62996, 0.51953, 0.18071), (0.62745, 0.512, 0.16816), (0.63247, 0.50196, 0.16063), (0.62996, 0.49443, 0.15561), (0.62243, 0.50447, 0.17318), (0.62243, 0.50447, 0.17318), (0.6149, 0.50447, 0.17569), (0.63247, 0.50196, 0.16063), (0.63247, 0.52204, 0.19325), (0.63749, 0.51953, 0.19325), (0.63247, 0.52204, 0.19325), (0.63247, 0.52204, 0.19325), (0.62745, 0.51953, 0.19075), (0.63247, 0.52204, 0.19325), (0.63498, 0.52706, 0.20078), (0.63498, 0.52706, 0.19827), (0.63498, 0.52706, 0.19827), (0.63498, 0.52706, 0.19827), (0.63498, 0.52706, 0.19827), (0.63498, 0.52706, 0.20078), (0.63749, 0.56471, 0.26353), (0.63498, 0.5622, 0.26102), (0.63498, 0.55969, 0.25349), (0.63498, 0.55969, 0.25349), (0.63749, 0.5622, 0.256), (0.63749, 0.56471, 0.26353), (0.63247, 0.53208, 0.20078), (0.63749, 0.5622, 0.23592), (0.63749, 0.5622, 0.23592), (0.64, 0.56722, 0.27106), (0.62494, 0.54714, 0.23341), (0.63749, 0.55216, 0.24094), (0.63247, 0.51953, 0.19576), (0.63247, 0.52204, 0.19325), (0.63247, 0.52204, 0.19325), (0.63247, 0.55467, 0.23592), (0.63749, 0.5622, 0.23592), (0.64, 0.55718, 0.24094), (0.64, 0.55718, 0.24094), (0.62996, 0.54965, 0.24094), (0.63247, 0.55467, 0.23592), (0.63749, 0.5622, 0.23592), (0.62745, 0.52706, 0.19576), (0.63247, 0.53208, 0.20078), (0.64, 0.51953, 0.1782), (0.62494, 0.51953, 0.18322), (0.62745, 0.52706, 0.19075), (0.62745, 0.52706, 0.19075), (0.62243, 0.512, 0.17318), (0.64, 0.51953, 0.1782), (0.63749, 0.55216, 0.24094), (0.63247, 0.53208, 0.20329), (0.64, 0.52455, 0.19325), (0.64, 0.52455, 0.19325), (0.63749, 0.54714, 0.23843), (0.63749, 0.55216, 0.24094), (0.62996, 0.52957, 0.20078), (0.63247, 0.53208, 0.20329), (0.63749, 0.52957, 0.20078), (0.63749, 0.52957, 0.20078), (0.62996, 0.52957, 0.19827), (0.62996, 0.52957, 0.20078), (0.6149, 0.46682, 0.14055), (0.60235, 0.47435, 0.15561), (0.63498, 0.46682, 0.13804), (0.64, 0.57475, 0.27608), (0.64, 0.5622, 0.25851), (0.64, 0.55467, 0.24596), (0.64, 0.55467, 0.24596), (0.63749, 0.57976, 0.28863), (0.64, 0.57475, 0.27608), (0.63498, 0.54463, 0.23592), (0.63498, 0.5622, 0.24596), (0.63247, 0.55216, 0.24847), (0.63247, 0.55216, 0.24847), (0.63498, 0.53961, 0.22588), (0.63498, 0.54463, 0.23592), (0.63498, 0.53961, 0.2058), (0.63498, 0.5371, 0.20831), (0.63498, 0.53459, 0.2058), (0.63498, 0.53459, 0.2058), (0.63498, 0.53961, 0.2058), (0.63498, 0.53961, 0.2058), (0.63498, 0.55718, 0.24345), (0.63498, 0.53961, 0.22588), (0.62996, 0.53961, 0.2309), (0.63749, 0.52957, 0.20078), (0.63498, 0.53961, 0.2058), (0.63498, 0.53961, 0.2058), (0.62243, 0.51702, 0.18071), (0.6149, 0.51953, 0.18573), (0.62243, 0.51451, 0.16565), (0.62243, 0.51451, 0.16565), (0.62494, 0.50949, 0.16314), (0.62243, 0.51702, 0.18071), (0.62494, 0.46431, 0.12298), (0.63247, 0.4618, 0.12298), (0.59231, 0.46682, 0.13302), (0.63247, 0.49694, 0.15812), (0.62745, 0.49694, 0.15561), (0.62243, 0.50698, 0.16816), (0.62243, 0.50698, 0.16816), (0.62996, 0.50447, 0.17067), (0.63247, 0.49694, 0.15812), (0.64, 0.54714, 0.22839), (0.62996, 0.54212, 0.22086), (0.62745, 0.53208, 0.21333), (0.62745, 0.53208, 0.21333), (0.64, 0.54714, 0.22839), (0.64, 0.54714, 0.22839), (0.63247, 0.50196, 0.16314), (0.62745, 0.50196, 0.16314), (0.62745, 0.51953, 0.17318), (0.64, 0.54212, 0.21333), (0.61992, 0.52455, 0.19075), (0.64, 0.54714, 0.22839), (0.63247, 0.52204, 0.19325), (0.63498, 0.52455, 0.19576), (0.63498, 0.52455, 0.19576), (0.63498, 0.52455, 0.19576), (0.63247, 0.52204, 0.19325), (0.63247, 0.52204, 0.19325), (0.63749, 0.56471, 0.24847), (0.63498, 0.54463, 0.23592), (0.63498, 0.53961, 0.22588), (0.62494, 0.52957, 0.21082), (0.62494, 0.52706, 0.20831), (0.63498, 0.52706, 0.19827), (0.63498, 0.52706, 0.19827), (0.62996, 0.52204, 0.19325), (0.62494, 0.52957, 0.21082), (0.63749, 0.51451, 0.18573), (0.62494, 0.51953, 0.18322), (0.62745, 0.51702, 0.18322), (0.62745, 0.52957, 0.20078), (0.62494, 0.5371, 0.21584), (0.62996, 0.53208, 0.20329), (0.62745, 0.50196, 0.16314), (0.63247, 0.49192, 0.14306), (0.63247, 0.49192, 0.14808), (0.63247, 0.49192, 0.14808), (0.62745, 0.49694, 0.15561), (0.62745, 0.50196, 0.16314), (0.63247, 0.5371, 0.20329), (0.63498, 0.53459, 0.2058), (0.63247, 0.53459, 0.2058), (0.64, 0.57475, 0.27106), (0.63749, 0.56722, 0.25851), (0.63498, 0.56973, 0.26604), (0.63498, 0.56973, 0.26604), (0.63749, 0.57475, 0.27608), (0.64, 0.57475, 0.27106), (0.62745, 0.53208, 0.21835), (0.64, 0.56471, 0.26102), (0.63749, 0.55718, 0.25349), (0.63749, 0.55718, 0.25349), (0.63498, 0.53459, 0.2058), (0.62745, 0.53208, 0.21835), (0.62996, 0.53208, 0.20329), (0.63247, 0.53208, 0.20329), (0.62745, 0.52957, 0.20078), (0.62243, 0.47184, 0.14557), (0.61992, 0.46431, 0.12047), (0.60235, 0.46682, 0.13051), (0.62996, 0.53961, 0.2309), (0.63498, 0.55718, 0.24345), (0.63498, 0.55718, 0.24345), (0.63498, 0.55467, 0.24596), (0.63498, 0.53961, 0.2058), (0.63247, 0.53459, 0.2058), (0.63247, 0.53459, 0.2058), (0.63247, 0.55216, 0.24847), (0.63498, 0.55467, 0.24596), (0.63498, 0.54212, 0.21584), (0.63247, 0.53208, 0.20329), (0.62745, 0.52706, 0.19576), (0.62996, 0.52957, 0.19827), (0.63498, 0.52455, 0.19576), (0.63247, 0.52455, 0.19576), (0.64, 0.56471, 0.26353), (0.63498, 0.55467, 0.24596), (0.63749, 0.55216, 0.24345), (0.63749, 0.55216, 0.24345), (0.64, 0.56471, 0.26353), (0.64, 0.56471, 0.26353), (0.62996, 0.53961, 0.2309), (0.63247, 0.55216, 0.24847), (0.63247, 0.55216, 0.24847), (0.63247, 0.55216, 0.24847), (0.62996, 0.54463, 0.23341), (0.62996, 0.53961, 0.2309), (0.64, 0.56722, 0.26604), (0.63749, 0.57224, 0.26855), (0.64, 0.57475, 0.27608), (0.64, 0.57475, 0.27608), (0.63247, 0.55216, 0.24345), (0.64, 0.56722, 0.26604), (0.63247, 0.52455, 0.19576), (0.62996, 0.52957, 0.19827), (0.62996, 0.52957, 0.19827), (0.64, 0.54463, 0.22588), (0.64, 0.54714, 0.22839), (0.61992, 0.52455, 0.19075), (0.61992, 0.52455, 0.19075), (0.63498, 0.5371, 0.21333), (0.64, 0.54463, 0.22588), (0.63247, 0.52455, 0.19576), (0.63749, 0.51953, 0.19325), (0.63247, 0.52204, 0.19325), (0.63247, 0.52204, 0.19325), (0.63247, 0.51953, 0.19576), (0.63247, 0.52204, 0.19325), (0.63247, 0.52204, 0.19325), (0.62996, 0.51953, 0.19075), (0.63247, 0.52455, 0.19576), (0.62745, 0.52706, 0.19576), (0.63749, 0.5622, 0.23592), (0.63498, 0.54212, 0.21584), (0.63247, 0.46431, 0.13051), (0.63247, 0.46431, 0.13051), (0.63247, 0.4618, 0.128), (0.63247, 0.4618, 0.128), (0.62996, 0.4618, 0.128), (0.63247, 0.46431, 0.13051), (0.63498, 0.55467, 0.256), (0.63749, 0.55718, 0.25851), (0.63749, 0.55718, 0.25349), (0.63749, 0.55718, 0.25349), (0.64, 0.55216, 0.25098), (0.63498, 0.55467, 0.256), (0.63247, 0.52204, 0.19325), (0.63247, 0.52204, 0.19325), (0.63247, 0.52204, 0.19325), (0.63247, 0.52204, 0.19325), (0.63247, 0.52204, 0.19325), (0.63247, 0.52204, 0.19325), (0.62745, 0.50698, 0.17067), (0.64, 0.52957, 0.20078), (0.62996, 0.512, 0.18573), (0.62996, 0.512, 0.18573), (0.62494, 0.49192, 0.16063), (0.62745, 0.50698, 0.17067), (0.63498, 0.52455, 0.19576), (0.62494, 0.51451, 0.18573), (0.63749, 0.51702, 0.19576), (0.63749, 0.51702, 0.19576), (0.62494, 0.52455, 0.19576), (0.63498, 0.52455, 0.19576), (0.64, 0.55969, 0.26102), (0.63749, 0.54965, 0.23341), (0.63247, 0.5371, 0.21835), (0.63247, 0.5371, 0.21835), (0.63247, 0.54714, 0.23843), (0.64, 0.55969, 0.26102), (0.63498, 0.53961, 0.22588), (0.63247, 0.55216, 0.24847), (0.63498, 0.55467, 0.25098), (0.63498, 0.55467, 0.25098), (0.62996, 0.53961, 0.2309), (0.63498, 0.53961, 0.22588), (0.62745, 0.51953, 0.19075), (0.62494, 0.49192, 0.14557), (0.63498, 0.49443, 0.15059), (0.64, 0.57224, 0.27608), (0.63247, 0.55216, 0.24847), (0.64, 0.56471, 0.26353), (0.64, 0.56471, 0.26353), (0.64, 0.57224, 0.27859), (0.64, 0.57224, 0.27608), (0.64, 0.55969, 0.24847), (0.62996, 0.55467, 0.22839), (0.63498, 0.5622, 0.23592), (0.63498, 0.5622, 0.23592), (0.63247, 0.55467, 0.23592), (0.64, 0.55969, 0.24847), (0.64, 0.57475, 0.27608), (0.64, 0.56471, 0.25349), (0.63749, 0.55718, 0.24847), (0.63749, 0.55718, 0.24847), (0.64, 0.56722, 0.26102), (0.64, 0.57475, 0.27608), (0.63498, 0.54463, 0.23592), (0.62745, 0.52455, 0.20329), (0.63247, 0.52455, 0.19827), (0.63498, 0.53961, 0.22588), (0.63498, 0.55718, 0.24345), (0.63749, 0.56471, 0.24847), (0.62745, 0.51702, 0.18322), (0.63498, 0.50196, 0.17067), (0.63749, 0.51451, 0.18573), (0.63247, 0.55216, 0.24847), (0.64, 0.5622, 0.24847), (0.63749, 0.56471, 0.24847), (0.63749, 0.56471, 0.24847), (0.64, 0.56471, 0.26353), (0.63247, 0.55216, 0.24847), (0.64, 0.57976, 0.27106), (0.63498, 0.56973, 0.26604), (0.63749, 0.57725, 0.27106), (0.63749, 0.57725, 0.27106), (0.64, 0.57475, 0.27106), (0.64, 0.57976, 0.27106), (0.62996, 0.54965, 0.24094), (0.64, 0.57976, 0.27106), (0.64, 0.57475, 0.27106), (0.64, 0.57475, 0.27106), (0.63749, 0.5622, 0.25098), (0.62996, 0.54965, 0.24094), (0.64, 0.56973, 0.26102), (0.63247, 0.53459, 0.21584), (0.63498, 0.53208, 0.21584), (0.59231, 0.46682, 0.13302), (0.60988, 0.47937, 0.14055), (0.62494, 0.46431, 0.12298), (0.62745, 0.50196, 0.16314), (0.62745, 0.512, 0.16816), (0.62996, 0.51451, 0.17569), (0.62996, 0.51451, 0.17569), (0.62745, 0.51953, 0.17318), (0.62745, 0.50196, 0.16314), (0.64, 0.52455, 0.19325), (0.63498, 0.51702, 0.19075), (0.63749, 0.52455, 0.2058), (0.63749, 0.52455, 0.2058), (0.62745, 0.52706, 0.19827), (0.64, 0.52455, 0.19325), (0.63498, 0.53208, 0.21584), (0.63498, 0.56471, 0.25098), (0.64, 0.56973, 0.26102), (0.63498, 0.53961, 0.2058), (0.63749, 0.5371, 0.2058), (0.63749, 0.52957, 0.20078), (0.62996, 0.53961, 0.2309), (0.63498, 0.55467, 0.25098), (0.63498, 0.55467, 0.25098), (0.63498, 0.55467, 0.25098), (0.62745, 0.54714, 0.23843), (0.62996, 0.53961, 0.2309), (0.63498, 0.49443, 0.15059), (0.62996, 0.51953, 0.19075), (0.62745, 0.51953, 0.19075), (0.62996, 0.51953, 0.18071), (0.62494, 0.52455, 0.19576), (0.62494, 0.53208, 0.2058), (0.62745, 0.50447, 0.15561), (0.63749, 0.52706, 0.19325), (0.63247, 0.52455, 0.19576), (0.62494, 0.53208, 0.2058), (0.62996, 0.52957, 0.19325), (0.62996, 0.51953, 0.18071), (0.62494, 0.49443, 0.1531), (0.61992, 0.46431, 0.12047), (0.62996, 0.46431, 0.11796), (0.63247, 0.52455, 0.19576), (0.6149, 0.49192, 0.13804), (0.62745, 0.50447, 0.15561), (0.62996, 0.52455, 0.18322), (0.63247, 0.51702, 0.1782), (0.63498, 0.51953, 0.17569), (0.63247, 0.5371, 0.20329), (0.63498, 0.5371, 0.20831), (0.63498, 0.53961, 0.2058), (0.63498, 0.53961, 0.2058), (0.63498, 0.53459, 0.20329), (0.63247, 0.5371, 0.20329), (0.63749, 0.5371, 0.20831), (0.64, 0.53961, 0.21082), (0.63498, 0.5371, 0.20831), (0.63498, 0.5371, 0.20831), (0.63498, 0.5371, 0.20831), (0.63749, 0.5371, 0.20831), (0.62996, 0.46431, 0.11796), (0.63749, 0.49192, 0.15059), (0.62494, 0.49443, 0.1531), (0.63498, 0.5622, 0.24094), (0.64, 0.56471, 0.25349), (0.63749, 0.55718, 0.24847), (0.63749, 0.55718, 0.24847), (0.63498, 0.5622, 0.23592), (0.63498, 0.5622, 0.24094), (0.64, 0.56722, 0.27357), (0.64, 0.56722, 0.27357), (0.64, 0.56722, 0.26604), (0.63247, 0.52204, 0.19325), (0.63247, 0.52204, 0.19325), (0.63247, 0.52204, 0.19325), (0.62745, 0.49694, 0.15561), (0.63247, 0.49192, 0.14808), (0.63247, 0.49192, 0.14808), (0.63247, 0.49192, 0.14808), (0.62494, 0.49192, 0.14557), (0.62745, 0.49694, 0.15561), (0.62243, 0.53459, 0.21333), (0.63749, 0.57224, 0.26353), (0.64, 0.57725, 0.26855), (0.64, 0.56722, 0.27106), (0.62745, 0.54212, 0.23341), (0.63498, 0.54463, 0.23592), (0.63498, 0.54463, 0.23592), (0.63498, 0.5622, 0.26102), (0.64, 0.56722, 0.27106), (0.64, 0.57725, 0.26855), (0.63247, 0.54714, 0.23592), (0.62243, 0.53459, 0.21333), (0.63749, 0.51953, 0.19325), (0.63247, 0.52204, 0.19325), (0.63247, 0.52204, 0.19325), (0.63498, 0.55718, 0.24345), (0.63749, 0.54965, 0.22839), (0.63749, 0.54965, 0.22839), (0.63749, 0.54965, 0.22839), (0.63498, 0.55969, 0.24847), (0.63498, 0.55718, 0.24345), (0.63247, 0.52455, 0.20329), (0.62996, 0.512, 0.16565), (0.62996, 0.51451, 0.17067), (0.64, 0.56722, 0.27106), (0.64, 0.56722, 0.27106), (0.63498, 0.56722, 0.27357), (0.63498, 0.56722, 0.27357), (0.64, 0.56722, 0.27357), (0.64, 0.56722, 0.27106), (0.63247, 0.52204, 0.19325), (0.63247, 0.52204, 0.19325), (0.63749, 0.51953, 0.19325), (0.63749, 0.55718, 0.25349), (0.64, 0.56722, 0.27106), (0.64, 0.5622, 0.26855), (0.62996, 0.51451, 0.17067), (0.62745, 0.52455, 0.20329), (0.63247, 0.52455, 0.20329), (0.63247, 0.52455, 0.19827), (0.62243, 0.52957, 0.20329), (0.63498, 0.54463, 0.23592), (0.64, 0.55718, 0.24847), (0.64, 0.55969, 0.256), (0.63498, 0.56722, 0.27357), (0.63498, 0.56722, 0.27357), (0.64, 0.56722, 0.27357), (0.64, 0.55718, 0.24847), (0.62745, 0.52455, 0.20329), (0.63498, 0.54463, 0.23592), (0.64, 0.54965, 0.24094), (0.64, 0.54965, 0.24094), (0.63749, 0.52957, 0.20831), (0.62745, 0.52455, 0.20329), (0.63498, 0.52706, 0.19827), (0.63247, 0.52204, 0.19325), (0.62745, 0.51953, 0.19075), (0.62745, 0.51953, 0.19075), (0.63498, 0.52706, 0.19827), (0.63498, 0.52706, 0.19827), (0.63247, 0.46431, 0.13804), (0.62996, 0.46682, 0.14055), (0.62745, 0.46431, 0.13804), (0.62745, 0.46431, 0.13804), (0.62996, 0.46682, 0.14055), (0.63247, 0.46431, 0.13804), (0.63749, 0.52957, 0.20329), (0.62996, 0.53208, 0.20329), (0.63247, 0.53208, 0.20078), (0.63498, 0.51953, 0.17569), (0.63247, 0.52706, 0.18573), (0.62996, 0.52455, 0.18322), (0.64, 0.56722, 0.27106), (0.63749, 0.58478, 0.29616), (0.63749, 0.58478, 0.29616), (0.63498, 0.49443, 0.15059), (0.63247, 0.4869, 0.14557), (0.63247, 0.4869, 0.14557), (0.63247, 0.4869, 0.14557), (0.63498, 0.49443, 0.15059), (0.63498, 0.49443, 0.15059), (0.63749, 0.58478, 0.29616), (0.64, 0.57475, 0.27608), (0.64, 0.56722, 0.27106), (0.63247, 0.46431, 0.13051), (0.63498, 0.46431, 0.13051), (0.63247, 0.46431, 0.13051), (0.62996, 0.52204, 0.19325), (0.64, 0.55467, 0.23843), (0.64, 0.55718, 0.23341), (0.63247, 0.5371, 0.21835), (0.63247, 0.53961, 0.21333), (0.63749, 0.54212, 0.20831), (0.64, 0.55718, 0.23341), (0.62996, 0.52204, 0.19576), (0.62996, 0.52204, 0.19325), (0.63749, 0.54212, 0.20831), (0.63247, 0.5371, 0.20329), (0.63247, 0.5371, 0.21835), (0.62745, 0.52957, 0.20078), (0.63247, 0.53208, 0.20078), (0.62745, 0.53459, 0.20329), (0.64, 0.55718, 0.24847), (0.63749, 0.54714, 0.24094), (0.64, 0.54965, 0.24094), (0.64, 0.54965, 0.24094), (0.63749, 0.55216, 0.24345), (0.64, 0.55718, 0.24847), (0.62494, 0.51953, 0.1782), (0.62745, 0.53459, 0.20831), (0.63749, 0.52706, 0.19827), (0.63749, 0.52706, 0.19827), (0.62996, 0.51451, 0.17067), (0.62494, 0.51953, 0.1782), (0.62745, 0.52706, 0.19576), (0.63749, 0.55216, 0.24345), (0.64, 0.55216, 0.23592), (0.64, 0.55216, 0.23592), (0.63247, 0.52455, 0.19576), (0.62745, 0.52706, 0.19576), (0.64, 0.54714, 0.22839), (0.63498, 0.55969, 0.24847), (0.63498, 0.56471, 0.25098), (0.63498, 0.56471, 0.25098), (0.63498, 0.53208, 0.21584), (0.64, 0.54714, 0.22839), (0.62745, 0.51953, 0.17318), (0.62745, 0.49694, 0.15059), (0.63247, 0.50196, 0.16314), (0.64, 0.5622, 0.26855), (0.63247, 0.55216, 0.24847), (0.63749, 0.55718, 0.25349), (0.62243, 0.52455, 0.20078), (0.63749, 0.51953, 0.18824), (0.63749, 0.52204, 0.18322), (0.64, 0.56722, 0.27106), (0.64, 0.56471, 0.27106), (0.64, 0.56722, 0.27106), (0.64, 0.56722, 0.27106), (0.63498, 0.56722, 0.27357), (0.64, 0.56722, 0.27106), (0.63247, 0.5371, 0.20329), (0.63749, 0.54212, 0.20831), (0.64, 0.53961, 0.21082), (0.64, 0.55718, 0.22337), (0.63498, 0.57475, 0.26353), (0.64, 0.57475, 0.26604), (0.64, 0.55969, 0.256), (0.64, 0.54714, 0.22839), (0.62996, 0.53459, 0.22086), (0.62996, 0.53459, 0.22086), (0.62745, 0.53961, 0.23843), (0.64, 0.55969, 0.256), (0.62745, 0.53459, 0.20831), (0.62494, 0.51451, 0.18071), (0.63498, 0.51953, 0.17569), (0.63498, 0.51953, 0.17569), (0.63749, 0.52706, 0.19827), (0.62745, 0.53459, 0.20831), (0.63498, 0.5622, 0.24596), (0.62494, 0.52957, 0.21082), (0.62996, 0.52204, 0.19325), (0.62996, 0.52204, 0.19325), (0.63498, 0.55969, 0.24847), (0.63498, 0.5622, 0.24596), (0.64, 0.53961, 0.21082), (0.63749, 0.5371, 0.20831), (0.63247, 0.5371, 0.20329), (0.64, 0.57475, 0.26604), (0.64, 0.55718, 0.22337), (0.64, 0.55718, 0.22337), (0.62745, 0.55216, 0.22588), (0.63247, 0.52957, 0.21333), (0.64, 0.55216, 0.22588), (0.63247, 0.55969, 0.26353), (0.63749, 0.57725, 0.27106), (0.63498, 0.57475, 0.26855), (0.62745, 0.53459, 0.20329), (0.62494, 0.53208, 0.20078), (0.62745, 0.52957, 0.20078), (0.63247, 0.46431, 0.13051), (0.62996, 0.4618, 0.128), (0.63247, 0.46431, 0.13051), (0.64, 0.55467, 0.25349), (0.63498, 0.54212, 0.21584), (0.63749, 0.54965, 0.22839), (0.63749, 0.54965, 0.22839), (0.64, 0.55216, 0.25098), (0.64, 0.55467, 0.25349), (0.62243, 0.52706, 0.20831), (0.64, 0.55467, 0.23843), (0.64, 0.55216, 0.2309), (0.64, 0.55216, 0.2309), (0.62745, 0.53208, 0.21333), (0.62243, 0.52706, 0.20831), (0.62745, 0.53208, 0.19827), (0.62996, 0.52957, 0.19827), (0.62996, 0.52957, 0.19325), (0.64, 0.56722, 0.26604), (0.64, 0.56471, 0.25349), (0.64, 0.56471, 0.25349), (0.64, 0.56471, 0.25349), (0.64, 0.56471, 0.25851), (0.64, 0.56722, 0.26604), (0.64, 0.56471, 0.27357), (0.64, 0.56722, 0.27106), (0.63749, 0.56471, 0.27106), (0.63247, 0.53208, 0.20078), (0.62745, 0.52706, 0.19576), (0.63749, 0.52957, 0.20329), (0.63749, 0.56471, 0.27106), (0.63749, 0.56471, 0.26855), (0.64, 0.56471, 0.27357), (0.63749, 0.55216, 0.24094), (0.63749, 0.56471, 0.26353), (0.63749, 0.56973, 0.27608), (0.63749, 0.56973, 0.27608), (0.63749, 0.55216, 0.23592), (0.63749, 0.55216, 0.24094), (0.63247, 0.52455, 0.19576), (0.62996, 0.52957, 0.19827), (0.62745, 0.52706, 0.19576), (0.63498, 0.52706, 0.19827), (0.63498, 0.52706, 0.20078), (0.63498, 0.52706, 0.19827), (0.63498, 0.52706, 0.19827), (0.62996, 0.52204, 0.19325), (0.63498, 0.52706, 0.19827), (0.63749, 0.54212, 0.20831), (0.63247, 0.53961, 0.21333), (0.63498, 0.53961, 0.2058), (0.63247, 0.52455, 0.19576), (0.63749, 0.54212, 0.20831), (0.63247, 0.5371, 0.20329), (0.63749, 0.57725, 0.27106), (0.64, 0.56722, 0.27106), (0.64, 0.57475, 0.27608), (0.63498, 0.57475, 0.26855), (0.64, 0.57475, 0.27608), (0.63247, 0.55969, 0.26353), (0.64, 0.57475, 0.27608), (0.63498, 0.57475, 0.26855), (0.63749, 0.57725, 0.27106), (0.62996, 0.5371, 0.20329), (0.63247, 0.53961, 0.21333), (0.62494, 0.5371, 0.21584), (0.63498, 0.53961, 0.2058), (0.63498, 0.53961, 0.2058), (0.63749, 0.54212, 0.20831), (0.63498, 0.49443, 0.15059), (0.63749, 0.49694, 0.1531), (0.63498, 0.49443, 0.15059), (0.63498, 0.49443, 0.15059), (0.63498, 0.49443, 0.15059), (0.63498, 0.49443, 0.15059), (0.64, 0.56722, 0.26604), (0.64, 0.57725, 0.27357), (0.63498, 0.56973, 0.26102), (0.63498, 0.56973, 0.26102), (0.62745, 0.55216, 0.24094), (0.64, 0.56722, 0.26604), (0.64, 0.56722, 0.26604), (0.63749, 0.5622, 0.26102), (0.64, 0.56722, 0.27357), (0.62996, 0.51451, 0.17067), (0.63498, 0.50949, 0.17067), (0.63498, 0.52455, 0.19075), (0.62996, 0.52957, 0.19325), (0.62996, 0.52957, 0.19827), (0.62745, 0.53208, 0.19827), (0.64, 0.55467, 0.23843), (0.63749, 0.54965, 0.22839), (0.63749, 0.54965, 0.22337), (0.63749, 0.54965, 0.22337), (0.64, 0.55216, 0.2309), (0.64, 0.55467, 0.23843), (0.63498, 0.52455, 0.19075), (0.62494, 0.51953, 0.1782), (0.62996, 0.51451, 0.17067), (0.62494, 0.47435, 0.14808), (0.63749, 0.51451, 0.18573), (0.62996, 0.50447, 0.16565), (0.62996, 0.50447, 0.16565), (0.62745, 0.46431, 0.13804), (0.62494, 0.47435, 0.14808), (0.63749, 0.5622, 0.256), (0.63498, 0.55467, 0.24596), (0.62745, 0.5622, 0.25851), (0.62745, 0.5622, 0.25851), (0.62745, 0.5622, 0.25851), (0.63749, 0.5622, 0.256), (0.62494, 0.51451, 0.17569), (0.63498, 0.52455, 0.19075), (0.63498, 0.50949, 0.17067), (0.63498, 0.50949, 0.17067), (0.62745, 0.50447, 0.15059), (0.62494, 0.51451, 0.17569), (0.62996, 0.54463, 0.23341), (0.63247, 0.55216, 0.24847), (0.62996, 0.55467, 0.25349), (0.62996, 0.52706, 0.21082), (0.63749, 0.51953, 0.19325), (0.63247, 0.52455, 0.20329), (0.63247, 0.52455, 0.20329), (0.62996, 0.52706, 0.2058), (0.62996, 0.52706, 0.21082), (0.64, 0.55216, 0.24345), (0.64, 0.56973, 0.26855), (0.63498, 0.55969, 0.25349), (0.63498, 0.55969, 0.25349), (0.63498, 0.5371, 0.21835), (0.64, 0.55216, 0.24345), (0.64, 0.5622, 0.24345), (0.63247, 0.54965, 0.22588), (0.62243, 0.53961, 0.21584), (0.62494, 0.52706, 0.20831), (0.62996, 0.55467, 0.25349), (0.63247, 0.55216, 0.24847), (0.63247, 0.55216, 0.24847), (0.63498, 0.52706, 0.19827), (0.62494, 0.52706, 0.20831), (0.63247, 0.55216, 0.24345), (0.63247, 0.56722, 0.26353), (0.63247, 0.56722, 0.26353), (0.63247, 0.56722, 0.26353), (0.62745, 0.55216, 0.24094), (0.63247, 0.55216, 0.24345), (0.63247, 0.54463, 0.21835), (0.63247, 0.53961, 0.21333), (0.62494, 0.54714, 0.22839), (0.64, 0.56722, 0.27106), (0.63749, 0.58478, 0.29616), (0.64, 0.57725, 0.29867), (0.63498, 0.56973, 0.26102), (0.62996, 0.55969, 0.25098), (0.62745, 0.5622, 0.25851), (0.63247, 0.5371, 0.20329), (0.63749, 0.52706, 0.19827), (0.63247, 0.52455, 0.19576), (0.62745, 0.5622, 0.25851), (0.64, 0.56973, 0.256), (0.63498, 0.56973, 0.26102), (0.62494, 0.5371, 0.21584), (0.62243, 0.53961, 0.21082), (0.62996, 0.5371, 0.20329), (0.62996, 0.53208, 0.20831), (0.62996, 0.53208, 0.20329), (0.62494, 0.5371, 0.21584), (0.62494, 0.5371, 0.21584), (0.62494, 0.5371, 0.22086), (0.62996, 0.53208, 0.20831), (0.63498, 0.52455, 0.19576), (0.63247, 0.52204, 0.19325), (0.63247, 0.52204, 0.19325), (0.63247, 0.52204, 0.19325), (0.63498, 0.52455, 0.19576), (0.63498, 0.52455, 0.19576), (0.64, 0.57725, 0.29867), (0.64, 0.56722, 0.27106), (0.64, 0.56722, 0.27106), (0.62745, 0.52706, 0.19576), (0.62996, 0.52204, 0.19325), (0.63247, 0.52455, 0.19576), (0.64, 0.55216, 0.22588), (0.62494, 0.54212, 0.21835), (0.62745, 0.55216, 0.22588), (0.63498, 0.52706, 0.20078), (0.63247, 0.52455, 0.19827), (0.63247, 0.53208, 0.20078), (0.63247, 0.53208, 0.20078), (0.63498, 0.52706, 0.20078), (0.63498, 0.52706, 0.20078), (0.62996, 0.55467, 0.25349), (0.62494, 0.54965, 0.24345), (0.62996, 0.54463, 0.23341), (0.62745, 0.45929, 0.13051), (0.61741, 0.45678, 0.11545), (0.59482, 0.4618, 0.13051), (0.59482, 0.4618, 0.13051), (0.60988, 0.45929, 0.13302), (0.62745, 0.45929, 0.13051), (0.63749, 0.52957, 0.20329), (0.63498, 0.5371, 0.21835), (0.62243, 0.53208, 0.22337), (0.62243, 0.53208, 0.22337), (0.63247, 0.52455, 0.19827), (0.63749, 0.52957, 0.20329), (0.64, 0.56471, 0.27106), (0.64, 0.56722, 0.27357), (0.64, 0.56722, 0.27357), (0.62996, 0.4618, 0.128), (0.63247, 0.4618, 0.128), (0.63498, 0.46431, 0.13051), (0.63498, 0.46431, 0.13051), (0.63247, 0.46431, 0.13051), (0.62996, 0.4618, 0.128), (0.64, 0.56722, 0.26604), (0.63749, 0.57475, 0.25851), (0.64, 0.56722, 0.24596), (0.64, 0.56722, 0.24596), (0.64, 0.56973, 0.26855), (0.64, 0.56722, 0.26604), (0.62996, 0.46933, 0.13804), (0.62996, 0.4618, 0.128), (0.63247, 0.46431, 0.13051), (0.64, 0.56722, 0.27357), (0.64, 0.56722, 0.27106), (0.64, 0.56471, 0.27106), (0.63247, 0.46431, 0.13051), (0.62996, 0.46933, 0.13804), (0.62996, 0.46933, 0.13804), (0.63247, 0.52455, 0.19827), (0.62243, 0.53208, 0.22337), (0.62996, 0.53459, 0.22086), (0.64, 0.56973, 0.26102), (0.63749, 0.55718, 0.24847), (0.62745, 0.54965, 0.23592), (0.63749, 0.52706, 0.19827), (0.63749, 0.52455, 0.20078), (0.63498, 0.52706, 0.19827), (0.63498, 0.52706, 0.19827), (0.63247, 0.52455, 0.19576), (0.63749, 0.52706, 0.19827), (0.62996, 0.52957, 0.19827), (0.62745, 0.52706, 0.19075), (0.64, 0.52957, 0.21584), (0.64, 0.52957, 0.21584), (0.63247, 0.52957, 0.21333), (0.62996, 0.52957, 0.19827), (0.62996, 0.53459, 0.22086), (0.63498, 0.52706, 0.20078), (0.63247, 0.52455, 0.19827), (0.63749, 0.54212, 0.23341), (0.63498, 0.51953, 0.18071), (0.62996, 0.51451, 0.17569), (0.62996, 0.51451, 0.17569), (0.64, 0.54212, 0.23843), (0.63749, 0.54212, 0.23341), (0.62745, 0.54965, 0.23592), (0.63498, 0.56973, 0.26604), (0.64, 0.56973, 0.26102), (0.63247, 0.49192, 0.14808), (0.63498, 0.49443, 0.15059), (0.63498, 0.49443, 0.15059), (0.63498, 0.49443, 0.15059), (0.63498, 0.48941, 0.14808), (0.63247, 0.49192, 0.14808), (0.63749, 0.56471, 0.24847), (0.62745, 0.54714, 0.23843), (0.63498, 0.54463, 0.23592), (0.62494, 0.54714, 0.22839), (0.62243, 0.54714, 0.22086), (0.63247, 0.54463, 0.21835), (0.62745, 0.52957, 0.21082), (0.62494, 0.5371, 0.21584), (0.62996, 0.52706, 0.2058), (0.62745, 0.52706, 0.21584), (0.63247, 0.52455, 0.20329), (0.62745, 0.51953, 0.19075), (0.61992, 0.46431, 0.12047), (0.62494, 0.49443, 0.1531), (0.60737, 0.49694, 0.16314), (0.60737, 0.49694, 0.16314), (0.60235, 0.46682, 0.13051), (0.61992, 0.46431, 0.12047), (0.62745, 0.51953, 0.19075), (0.63247, 0.52204, 0.19325), (0.62745, 0.52706, 0.21584), (0.62745, 0.54714, 0.23843), (0.62745, 0.52957, 0.20078), (0.62494, 0.53208, 0.20078), (0.62494, 0.53208, 0.20078), (0.63247, 0.55216, 0.24345), (0.62745, 0.54714, 0.23843), (0.63749, 0.58478, 0.29616), (0.64, 0.56722, 0.27106), (0.64, 0.56973, 0.26855), (0.62494, 0.49192, 0.14557), (0.63247, 0.49192, 0.14808), (0.63498, 0.48941, 0.14808), (0.64, 0.56973, 0.26855), (0.63749, 0.58478, 0.29616), (0.63749, 0.58478, 0.29616), (0.63247, 0.53208, 0.20329), (0.63247, 0.52957, 0.20831), (0.62745, 0.53208, 0.21835), (0.62745, 0.53208, 0.21835), (0.62745, 0.52957, 0.20078), (0.63247, 0.53208, 0.20329), (0.62996, 0.52706, 0.2058), (0.63247, 0.52455, 0.19827), (0.62745, 0.52957, 0.21082), (0.63498, 0.48941, 0.14808), (0.63498, 0.49443, 0.15059), (0.62494, 0.49192, 0.14557), (0.62996, 0.5622, 0.23843), (0.62996, 0.56722, 0.24345), (0.62745, 0.56471, 0.24094), (0.63498, 0.56973, 0.26604), (0.63749, 0.56722, 0.25349), (0.63498, 0.56471, 0.256), (0.63498, 0.56471, 0.256), (0.63749, 0.57224, 0.27357), (0.63498, 0.56973, 0.26604), (0.64, 0.56471, 0.26353), (0.63749, 0.56471, 0.24847), (0.63498, 0.55467, 0.24596), (0.63498, 0.55467, 0.24596), (0.64, 0.56471, 0.26353), (0.64, 0.56471, 0.26353), (0.62745, 0.46431, 0.13804), (0.62243, 0.4869, 0.15059), (0.61741, 0.47435, 0.14055), (0.61741, 0.47435, 0.14055), (0.62996, 0.46682, 0.14055), (0.62745, 0.46431, 0.13804), (0.62243, 0.51451, 0.18824), (0.63749, 0.52957, 0.20329), (0.63247, 0.52455, 0.19827), (0.63247, 0.52455, 0.19827), (0.62494, 0.51451, 0.17569), (0.62243, 0.51451, 0.18824), (0.62745, 0.56471, 0.24094), (0.63247, 0.55969, 0.23843), (0.62996, 0.5622, 0.23843), (0.61992, 0.50949, 0.17569), (0.62494, 0.51451, 0.17569), (0.62745, 0.51702, 0.1782), (0.63247, 0.52455, 0.19827), (0.62996, 0.52204, 0.19576), (0.62494, 0.52706, 0.20329), (0.62494, 0.52706, 0.20329), (0.62243, 0.52455, 0.20078), (0.63247, 0.52455, 0.19827), (0.62243, 0.46431, 0.14055), (0.63749, 0.51451, 0.18573), (0.61741, 0.50447, 0.18071), (0.61741, 0.50447, 0.18071), (0.58227, 0.44925, 0.128), (0.62243, 0.46431, 0.14055), (0.63498, 0.5622, 0.26102), (0.63749, 0.56471, 0.26353), (0.63749, 0.5622, 0.256), (0.63749, 0.5622, 0.256), (0.63498, 0.5622, 0.26102), (0.63498, 0.5622, 0.26102), (0.64, 0.55467, 0.22839), (0.63749, 0.5622, 0.23592), (0.63498, 0.55718, 0.23843), (0.62745, 0.52706, 0.19576), (0.63247, 0.53208, 0.20078), (0.62996, 0.52957, 0.19827), (0.62996, 0.52957, 0.19827), (0.62494, 0.52455, 0.19325), (0.62745, 0.52706, 0.19576), (0.62243, 0.53961, 0.21584), (0.64, 0.55467, 0.24345), (0.64, 0.5622, 0.24345), (0.63247, 0.54463, 0.22337), (0.62745, 0.55969, 0.2309), (0.62745, 0.56471, 0.24094), (0.62745, 0.56471, 0.24094), (0.63749, 0.54965, 0.22839), (0.63247, 0.54463, 0.22337), (0.63498, 0.55718, 0.23843), (0.63749, 0.55216, 0.24094), (0.64, 0.55467, 0.22839), (0.62745, 0.52706, 0.19576), (0.62996, 0.52204, 0.19576), (0.63247, 0.53208, 0.20078), (0.62745, 0.53208, 0.21333), (0.63749, 0.51953, 0.19325), (0.62996, 0.512, 0.18071), (0.62996, 0.512, 0.18071), (0.63498, 0.52706, 0.20078), (0.62745, 0.53208, 0.21333), (0.63247, 0.53961, 0.21333), (0.63247, 0.54463, 0.21835), (0.63498, 0.53961, 0.2058), (0.63498, 0.53961, 0.2058), (0.63749, 0.54212, 0.20831), (0.63247, 0.53961, 0.21333), (0.63247, 0.56722, 0.26353), (0.64, 0.55216, 0.22588), (0.62243, 0.53459, 0.21333), (0.62996, 0.512, 0.18573), (0.62745, 0.52706, 0.19075), (0.62996, 0.52957, 0.19827), (0.62996, 0.52957, 0.19827), (0.63498, 0.51702, 0.19075), (0.62996, 0.512, 0.18573), (0.64, 0.57725, 0.2811), (0.64, 0.55467, 0.24596), (0.63749, 0.55216, 0.24094), (0.63498, 0.5371, 0.21333), (0.64, 0.54714, 0.22839), (0.63247, 0.54463, 0.22839), (0.63247, 0.54463, 0.22839), (0.62243, 0.53459, 0.21835), (0.63498, 0.5371, 0.21333), (0.64, 0.55718, 0.22337), (0.63749, 0.55969, 0.24094), (0.63749, 0.55467, 0.22588), (0.63247, 0.52455, 0.19827), (0.62996, 0.52706, 0.2058), (0.63498, 0.52706, 0.20078), (0.63498, 0.52706, 0.20078), (0.63498, 0.52706, 0.19827), (0.63247, 0.52455, 0.19827), (0.63749, 0.55467, 0.22588), (0.63749, 0.54965, 0.22337), (0.64, 0.55718, 0.22337), (0.62996, 0.512, 0.18573), (0.62996, 0.52706, 0.2058), (0.63247, 0.52455, 0.19827), (0.63247, 0.52455, 0.19827), (0.62996, 0.512, 0.18071), (0.62996, 0.512, 0.18573), (0.63749, 0.55718, 0.25851), (0.63498, 0.55467, 0.256), (0.64, 0.5622, 0.26855), (0.64, 0.5622, 0.26855), (0.64, 0.56471, 0.27106), (0.63749, 0.55718, 0.25851), (0.62745, 0.53961, 0.21835), (0.63498, 0.5622, 0.24596), (0.63247, 0.55969, 0.24345), (0.64, 0.56722, 0.25098), (0.62494, 0.54714, 0.23341), (0.62745, 0.54965, 0.23592), (0.62745, 0.54965, 0.23592), (0.64, 0.56973, 0.26102), (0.64, 0.56722, 0.25098), (0.63749, 0.55216, 0.24345), (0.62996, 0.55467, 0.24847), (0.64, 0.56471, 0.26353), (0.64, 0.56471, 0.26353), (0.63749, 0.55216, 0.24345), (0.63749, 0.55216, 0.24345), (0.64, 0.54463, 0.22588), (0.62494, 0.53459, 0.22588), (0.63498, 0.54463, 0.23592), (0.63498, 0.54463, 0.23592), (0.62745, 0.54212, 0.2309), (0.64, 0.54463, 0.22588), (0.63247, 0.5622, 0.25349), (0.64, 0.57976, 0.27608), (0.64, 0.56973, 0.26855), (0.64, 0.56973, 0.26855), (0.63749, 0.5622, 0.256), (0.63247, 0.5622, 0.25349), (0.64, 0.52455, 0.19325), (0.62494, 0.48941, 0.15059), (0.63247, 0.49192, 0.14306), (0.63247, 0.49192, 0.14306), (0.62745, 0.50196, 0.16314), (0.64, 0.52455, 0.19325), (0.64, 0.57976, 0.27106), (0.62996, 0.54965, 0.24094), (0.63498, 0.55467, 0.24596), (0.63749, 0.55216, 0.24094), (0.63749, 0.56973, 0.27608), (0.64, 0.57725, 0.2811), (0.63749, 0.55216, 0.23592), (0.63247, 0.57224, 0.26604), (0.63247, 0.57725, 0.27608), (0.63749, 0.58227, 0.30118), (0.64, 0.55969, 0.26102), (0.63247, 0.54714, 0.23843), (0.63498, 0.55718, 0.24345), (0.62745, 0.54714, 0.23843), (0.63498, 0.55969, 0.25349), (0.62996, 0.52957, 0.19827), (0.62494, 0.52455, 0.19325), (0.62996, 0.52204, 0.19325), (0.63498, 0.54212, 0.21082), (0.63498, 0.54965, 0.23341), (0.63247, 0.55467, 0.23592), (0.63247, 0.55467, 0.23592), (0.63247, 0.53208, 0.20078), (0.63498, 0.54212, 0.21082), (0.63498, 0.55969, 0.25349), (0.63749, 0.55718, 0.24847), (0.63498, 0.55718, 0.24345), (0.63247, 0.52455, 0.19827), (0.63247, 0.52706, 0.19075), (0.63247, 0.52204, 0.19325), (0.63247, 0.52204, 0.19325), (0.63247, 0.52204, 0.19325), (0.63247, 0.52455, 0.19827), (0.63498, 0.54212, 0.21082), (0.63498, 0.54463, 0.23592), (0.62243, 0.52957, 0.20329), (0.62243, 0.52957, 0.20329), (0.63247, 0.54463, 0.22337), (0.63498, 0.54212, 0.21082), (0.63498, 0.54463, 0.23592), (0.63749, 0.56471, 0.24847), (0.63749, 0.56471, 0.24847), (0.62243, 0.47184, 0.14557), (0.62494, 0.47435, 0.14808), (0.62745, 0.46431, 0.13804), (0.62996, 0.51953, 0.2058), (0.62745, 0.52455, 0.20831), (0.63498, 0.52455, 0.19576), (0.63498, 0.52455, 0.19576), (0.63247, 0.51953, 0.19576), (0.62996, 0.51953, 0.2058), (0.63247, 0.52204, 0.19325), (0.62745, 0.51953, 0.19075), (0.62996, 0.51953, 0.19075), (0.62996, 0.51953, 0.19075), (0.63247, 0.52204, 0.19325), (0.63247, 0.52204, 0.19325), (0.63498, 0.52706, 0.20078), (0.62996, 0.52957, 0.20078), (0.62996, 0.52957, 0.19827), (0.63749, 0.52204, 0.18322), (0.63247, 0.52455, 0.19827), (0.62243, 0.52455, 0.20078), (0.63247, 0.52204, 0.19325), (0.63498, 0.52455, 0.19576), (0.63498, 0.52455, 0.19576), (0.63498, 0.52455, 0.19576), (0.63247, 0.51953, 0.19576), (0.63247, 0.52204, 0.19325), (0.63498, 0.55467, 0.24596), (0.64, 0.57475, 0.25851), (0.64, 0.57976, 0.27106), (0.62745, 0.52204, 0.18071), (0.64, 0.54965, 0.24094), (0.63498, 0.5371, 0.21835), (0.63498, 0.48941, 0.14808), (0.63498, 0.49443, 0.15059), (0.62243, 0.50196, 0.16565), (0.62745, 0.51702, 0.1782), (0.62745, 0.52204, 0.18573), (0.61992, 0.50949, 0.17569), (0.63498, 0.5371, 0.21835), (0.62494, 0.51953, 0.1782), (0.62745, 0.52204, 0.18071), (0.63498, 0.56973, 0.26604), (0.64, 0.57475, 0.27106), (0.63749, 0.57475, 0.27608), (0.63749, 0.57475, 0.27608), (0.64, 0.56973, 0.26102), (0.63498, 0.56973, 0.26604), (0.63498, 0.51702, 0.19075), (0.64, 0.52455, 0.19325), (0.62745, 0.50196, 0.16314), (0.62745, 0.50196, 0.16314), (0.62996, 0.51953, 0.19075), (0.63498, 0.51702, 0.19075), (0.62745, 0.52455, 0.17318), (0.62243, 0.51451, 0.16816), (0.62494, 0.50949, 0.16314), (0.62494, 0.50949, 0.16314), (0.62243, 0.51451, 0.16565), (0.62745, 0.52455, 0.17318), (0.62745, 0.53961, 0.23843), (0.63498, 0.54463, 0.24345), (0.63498, 0.53961, 0.22588), (0.63498, 0.53961, 0.22588), (0.63498, 0.54463, 0.23592), (0.62745, 0.53961, 0.23843), (0.62243, 0.53459, 0.21333), (0.63247, 0.56722, 0.26353), (0.63247, 0.56722, 0.26353), (0.63749, 0.52957, 0.20329), (0.62996, 0.5371, 0.20329), (0.62243, 0.53961, 0.21082), (0.62243, 0.53961, 0.21082), (0.62996, 0.53208, 0.21333), (0.63749, 0.52957, 0.20329), (0.63498, 0.53961, 0.2058), (0.63498, 0.53961, 0.2058), (0.63498, 0.5371, 0.20831), (0.63498, 0.5371, 0.20831), (0.63247, 0.5371, 0.20329), (0.63498, 0.53961, 0.2058), (0.63498, 0.49443, 0.15059), (0.63498, 0.49443, 0.15059), (0.61741, 0.49694, 0.16063), (0.62996, 0.46933, 0.13804), (0.63247, 0.46431, 0.13051), (0.62996, 0.4618, 0.128), (0.62996, 0.4618, 0.128), (0.63498, 0.46682, 0.13804), (0.62996, 0.46933, 0.13804), (0.62494, 0.51953, 0.1782), (0.64, 0.55216, 0.22588), (0.63247, 0.52957, 0.21333), (0.63247, 0.52957, 0.21333), (0.62745, 0.52204, 0.18071), (0.62494, 0.51953, 0.1782), (0.62996, 0.52204, 0.19325), (0.62745, 0.52706, 0.19576), (0.62996, 0.52957, 0.19827), (0.63247, 0.54714, 0.23843), (0.64, 0.5898, 0.29867), (0.63749, 0.58227, 0.30118), (0.63247, 0.57725, 0.27608), (0.63247, 0.55467, 0.24094), (0.63749, 0.55216, 0.23592), (0.63247, 0.53208, 0.20078), (0.62745, 0.52957, 0.20078), (0.62745, 0.52706, 0.19576), (0.64, 0.56722, 0.25098), (0.62996, 0.55467, 0.22839), (0.62996, 0.55467, 0.22839), (0.63498, 0.56973, 0.27106), (0.63498, 0.55718, 0.24345), (0.63498, 0.55718, 0.24345), (0.63498, 0.55718, 0.24345), (0.63498, 0.5622, 0.26102), (0.63498, 0.56973, 0.27106), (0.63498, 0.52706, 0.19827), (0.63498, 0.52706, 0.20078), (0.63498, 0.52706, 0.20078), (0.63247, 0.52706, 0.19075), (0.63498, 0.51702, 0.19075), (0.62996, 0.51953, 0.19075), (0.62996, 0.55467, 0.24345), (0.63749, 0.56973, 0.27608), (0.63498, 0.56973, 0.27106), (0.63498, 0.56973, 0.27106), (0.63498, 0.55467, 0.24596), (0.62996, 0.55467, 0.24345), (0.63498, 0.5622, 0.26102), (0.63749, 0.5622, 0.256), (0.62996, 0.55718, 0.26102), (0.62996, 0.55467, 0.22839), (0.64, 0.5622, 0.25349), (0.64, 0.56722, 0.25098), (0.62996, 0.55718, 0.26102), (0.64, 0.57224, 0.27859), (0.63498, 0.5622, 0.26102), (0.63498, 0.52706, 0.20078), (0.63498, 0.52706, 0.19827), (0.63498, 0.52706, 0.19827), (0.64, 0.56471, 0.25349), (0.63498, 0.5622, 0.24094), (0.63498, 0.5622, 0.24596), (0.63498, 0.5622, 0.24596), (0.63498, 0.55969, 0.25349), (0.64, 0.56471, 0.25349), (0.64, 0.55969, 0.256), (0.64, 0.5622, 0.26855), (0.63749, 0.56471, 0.26855), (0.63749, 0.56471, 0.26855), (0.63749, 0.56471, 0.27106), (0.64, 0.55969, 0.256), (0.64, 0.56471, 0.25349), (0.63749, 0.56722, 0.25349), (0.63749, 0.56722, 0.25098), (0.63749, 0.5622, 0.23592), (0.62745, 0.53459, 0.20831), (0.63247, 0.53208, 0.20078), (0.63498, 0.5371, 0.21835), (0.64, 0.55216, 0.22588), (0.63498, 0.55216, 0.22839), (0.63498, 0.55216, 0.22839), (0.62494, 0.52455, 0.18824), (0.63498, 0.5371, 0.21835), (0.62996, 0.44925, 0.10792), (0.63247, 0.44675, 0.10792), (0.62996, 0.44925, 0.1029), (0.62996, 0.44925, 0.1029), (0.63498, 0.45176, 0.10541), (0.62996, 0.44925, 0.10792), (0.63247, 0.52706, 0.19075), (0.63749, 0.51451, 0.18573), (0.63498, 0.50196, 0.17067), (0.63498, 0.50196, 0.17067), (0.63498, 0.52455, 0.18573), (0.63247, 0.52706, 0.19075), (0.62745, 0.46431, 0.13804), (0.62996, 0.46682, 0.14055), (0.62243, 0.47184, 0.14557), (0.62494, 0.53208, 0.20078), (0.62996, 0.53208, 0.20329), (0.62745, 0.53961, 0.21835), (0.61741, 0.49694, 0.16063), (0.62243, 0.50196, 0.16565), (0.63498, 0.49443, 0.15059), (0.60988, 0.47937, 0.14055), (0.62494, 0.50196, 0.17318), (0.63247, 0.49192, 0.14808), (0.63247, 0.49192, 0.14808), (0.62494, 0.46431, 0.12298), (0.60988, 0.47937, 0.14055), (0.62996, 0.52204, 0.19576), (0.61741, 0.50949, 0.18071), (0.62494, 0.51451, 0.18573), (0.62494, 0.51451, 0.18573), (0.63498, 0.52455, 0.19576), (0.62996, 0.52204, 0.19576), (0.62996, 0.46431, 0.12298), (0.62996, 0.46682, 0.14055), (0.62996, 0.46682, 0.14055), (0.62996, 0.46682, 0.14055), (0.63247, 0.4618, 0.12298), (0.62996, 0.46431, 0.12298), (0.63247, 0.55467, 0.24094), (0.63498, 0.5622, 0.24596), (0.63498, 0.5622, 0.24094), (0.63247, 0.55969, 0.24345), (0.62745, 0.54212, 0.22588), (0.62745, 0.53961, 0.21835), (0.62996, 0.51953, 0.19075), (0.63247, 0.52204, 0.19325), (0.63247, 0.52706, 0.19075), (0.62243, 0.50196, 0.16565), (0.61992, 0.50949, 0.18071), (0.63498, 0.48941, 0.14808), (0.64, 0.56973, 0.26102), (0.63749, 0.57475, 0.27608), (0.63749, 0.57224, 0.27357), (0.63749, 0.57224, 0.27357), (0.63749, 0.56722, 0.25851), (0.64, 0.56973, 0.26102), (0.63749, 0.54714, 0.24094), (0.64, 0.55718, 0.24847), (0.64, 0.55467, 0.24345), (0.64, 0.55467, 0.24345), (0.64, 0.55216, 0.25098), (0.63749, 0.54714, 0.24094), (0.63749, 0.55216, 0.24345), (0.62745, 0.53961, 0.21835), (0.63247, 0.54463, 0.22337), (0.63247, 0.54463, 0.22337), (0.64, 0.55216, 0.23592), (0.63749, 0.55216, 0.24345), (0.62494, 0.52957, 0.21082), (0.62494, 0.53459, 0.22588), (0.62494, 0.53208, 0.2058), (0.62494, 0.53208, 0.2058), (0.63749, 0.51953, 0.19325), (0.62494, 0.52957, 0.21082), (0.63749, 0.55216, 0.24094), (0.64, 0.5622, 0.25349), (0.63498, 0.5622, 0.24094), (0.63749, 0.57224, 0.26353), (0.64, 0.57475, 0.26604), (0.63498, 0.57475, 0.26353), (0.62996, 0.55467, 0.22839), (0.64, 0.57475, 0.27106), (0.63749, 0.56973, 0.27608), (0.63247, 0.55216, 0.24345), (0.64, 0.56973, 0.256), (0.63247, 0.56973, 0.25349), (0.63247, 0.56973, 0.25349), (0.63247, 0.55718, 0.25098), (0.63247, 0.55216, 0.24345), (0.63749, 0.57224, 0.26855), (0.64, 0.55467, 0.22086), (0.64, 0.55216, 0.22588), (0.64, 0.55216, 0.22588), (0.63247, 0.56722, 0.26353), (0.63749, 0.57224, 0.26855), (0.63749, 0.54714, 0.23843), (0.64, 0.52455, 0.19325), (0.64, 0.52455, 0.18573), (0.62243, 0.46431, 0.14055), (0.62745, 0.47184, 0.13804), (0.63247, 0.46431, 0.13051), (0.63247, 0.46431, 0.13051), (0.63498, 0.46682, 0.13804), (0.62243, 0.46431, 0.14055), (0.62745, 0.53961, 0.21835), (0.62243, 0.53961, 0.21584), (0.62494, 0.53208, 0.20078), (0.63247, 0.54714, 0.23592), (0.62745, 0.57224, 0.26604), (0.63247, 0.56722, 0.26353), (0.64, 0.52455, 0.18573), (0.63749, 0.55216, 0.24094), (0.63749, 0.54714, 0.23843), (0.62745, 0.55216, 0.24094), (0.63498, 0.56973, 0.26102), (0.64, 0.56973, 0.256), (0.64, 0.56973, 0.256), (0.63247, 0.55216, 0.24345), (0.62745, 0.55216, 0.24094), (0.62494, 0.51702, 0.19075), (0.62745, 0.52455, 0.21333), (0.63498, 0.53208, 0.22086), (0.63498, 0.53208, 0.22086), (0.62996, 0.52706, 0.2058), (0.62494, 0.51702, 0.19075), (0.63498, 0.54212, 0.21584), (0.62996, 0.50447, 0.19075), (0.64, 0.51451, 0.20078), (0.64, 0.51451, 0.20078), (0.63749, 0.54965, 0.22839), (0.63498, 0.54212, 0.21584), (0.63498, 0.56471, 0.25098), (0.63498, 0.57475, 0.26855), (0.63749, 0.57725, 0.27106), (0.63247, 0.56722, 0.26353), (0.62243, 0.53459, 0.21333), (0.63247, 0.54714, 0.23592), (0.63749, 0.56973, 0.27608), (0.62996, 0.55467, 0.22839), (0.62996, 0.55467, 0.22839), (0.62996, 0.52957, 0.19827), (0.63247, 0.52455, 0.19576), (0.63498, 0.52706, 0.20078), (0.63498, 0.57475, 0.26353), (0.63749, 0.57224, 0.26353), (0.63749, 0.57224, 0.26353), (0.63498, 0.5622, 0.24094), (0.64, 0.56471, 0.25349), (0.63749, 0.55216, 0.24094), (0.63749, 0.57475, 0.25851), (0.64, 0.56722, 0.26604), (0.64, 0.57725, 0.26855), (0.63498, 0.56973, 0.26604), (0.63498, 0.55718, 0.24345), (0.63498, 0.55718, 0.24345), (0.62494, 0.52455, 0.19325), (0.62996, 0.52957, 0.19827), (0.62996, 0.52957, 0.19827), (0.62996, 0.52957, 0.19827), (0.62996, 0.52204, 0.19325), (0.62494, 0.52455, 0.19325), (0.62996, 0.55718, 0.24094), (0.63498, 0.55467, 0.24596), (0.63749, 0.55718, 0.25349), (0.63749, 0.55718, 0.25349), (0.63749, 0.55718, 0.24847), (0.62996, 0.55718, 0.24094), (0.63498, 0.5622, 0.24094), (0.63749, 0.55216, 0.23592), (0.63247, 0.55467, 0.24094), (0.63247, 0.53208, 0.20078), (0.64, 0.55718, 0.24094), (0.63749, 0.5622, 0.23592), (0.62745, 0.53961, 0.22337), (0.63498, 0.5622, 0.26102), (0.63749, 0.5622, 0.256), (0.63749, 0.5622, 0.256), (0.63749, 0.54965, 0.23341), (0.62745, 0.53961, 0.22337), (0.64, 0.5622, 0.25349), (0.63749, 0.55216, 0.24094), (0.62494, 0.54714, 0.23341), (0.62494, 0.54714, 0.23341), (0.64, 0.56722, 0.25098), (0.64, 0.5622, 0.25349), (0.62745, 0.49443, 0.14808), (0.63247, 0.49192, 0.14808), (0.63247, 0.49192, 0.14306), (0.63247, 0.54714, 0.2309), (0.62745, 0.54714, 0.23843), (0.63247, 0.55216, 0.24345), (0.63247, 0.55216, 0.24345), (0.63749, 0.55969, 0.24596), (0.63247, 0.54714, 0.2309), (0.62996, 0.52957, 0.19325), (0.63498, 0.52455, 0.19576), (0.63749, 0.52706, 0.19827), (0.63749, 0.52706, 0.19827), (0.63247, 0.53208, 0.20078), (0.62996, 0.52957, 0.19325), (0.64, 0.55216, 0.25098), (0.64, 0.55467, 0.24345), (0.63498, 0.55467, 0.24596), (0.63498, 0.55467, 0.24596), (0.63498, 0.55467, 0.256), (0.64, 0.55216, 0.25098), (0.62996, 0.46431, 0.12298), (0.61741, 0.45929, 0.13051), (0.60486, 0.46933, 0.13804), (0.60486, 0.46933, 0.13804), (0.5898, 0.44424, 0.11043), (0.62996, 0.46431, 0.12298), (0.63498, 0.53961, 0.2058), (0.63247, 0.5371, 0.20329), (0.63498, 0.53459, 0.20329), (0.63498, 0.53459, 0.20329), (0.63247, 0.53459, 0.2058), (0.63498, 0.53961, 0.2058), (0.63247, 0.49192, 0.14306), (0.63498, 0.49443, 0.14557), (0.62745, 0.49443, 0.14808), (0.64, 0.5622, 0.25349), (0.63247, 0.5371, 0.21835), (0.63749, 0.54965, 0.23341), (0.63749, 0.54965, 0.23341), (0.63749, 0.5622, 0.26102), (0.64, 0.5622, 0.25349), (0.62996, 0.54212, 0.22588), (0.64, 0.54463, 0.2309), (0.63749, 0.5622, 0.26102), (0.63749, 0.5622, 0.26102), (0.63749, 0.5622, 0.256), (0.62996, 0.54212, 0.22588), (0.62494, 0.48941, 0.15059), (0.63247, 0.50196, 0.15561), (0.63498, 0.49443, 0.14557), (0.63498, 0.49443, 0.14557), (0.63247, 0.49192, 0.14306), (0.62494, 0.48941, 0.15059), (0.63749, 0.5622, 0.26102), (0.64, 0.58478, 0.28361), (0.63247, 0.57725, 0.27106), (0.63247, 0.57725, 0.27106), (0.63749, 0.5622, 0.26102), (0.63749, 0.5622, 0.26102), (0.64, 0.57976, 0.27608), (0.63749, 0.5622, 0.26102), (0.63749, 0.5622, 0.26102), (0.63247, 0.53459, 0.21584), (0.62745, 0.55216, 0.22588), (0.62494, 0.54212, 0.21835), (0.62996, 0.50447, 0.19075), (0.63498, 0.54212, 0.21584), (0.63749, 0.52957, 0.20831), (0.63749, 0.52957, 0.20831), (0.62494, 0.50196, 0.18071), (0.62996, 0.50447, 0.19075), (0.62996, 0.52204, 0.19576), (0.62996, 0.52204, 0.20078), (0.63247, 0.52204, 0.19325), (0.63247, 0.52204, 0.19325), (0.62996, 0.51953, 0.19075), (0.62996, 0.52204, 0.19576), (0.63749, 0.49694, 0.14808), (0.63498, 0.49443, 0.15059), (0.63498, 0.49443, 0.15059), (0.63498, 0.49443, 0.15059), (0.63498, 0.49443, 0.15059), (0.63749, 0.49694, 0.14808), (0.63749, 0.56722, 0.25098), (0.63749, 0.55718, 0.24847), (0.64, 0.56471, 0.25349), (0.62745, 0.54965, 0.2309), (0.64, 0.56973, 0.26102), (0.64, 0.57475, 0.27608), (0.64, 0.57475, 0.27608), (0.63247, 0.55467, 0.23592), (0.62745, 0.54965, 0.2309), (0.63749, 0.54965, 0.22337), (0.63749, 0.55467, 0.22588), (0.63498, 0.54965, 0.23341), (0.63498, 0.54965, 0.23341), (0.63749, 0.55467, 0.22086), (0.63749, 0.54965, 0.22337), (0.63749, 0.54965, 0.22839), (0.62745, 0.56471, 0.24094), (0.62996, 0.56722, 0.24345), (0.62996, 0.56722, 0.24345), (0.63749, 0.54965, 0.22839), (0.63749, 0.54965, 0.22839), (0.63749, 0.52957, 0.20831), (0.63749, 0.54965, 0.22337), (0.63749, 0.54965, 0.22839), (0.64, 0.57725, 0.26855), (0.64, 0.57976, 0.27357), (0.63749, 0.57475, 0.25851), (0.63247, 0.49192, 0.14808), (0.62745, 0.49443, 0.14808), (0.63498, 0.49443, 0.15059), (0.62494, 0.54714, 0.23341), (0.64, 0.56722, 0.27106), (0.64, 0.56722, 0.27357), (0.62745, 0.54965, 0.23592), (0.64, 0.5622, 0.25851), (0.64, 0.55718, 0.24847), (0.64, 0.55718, 0.24847), (0.62745, 0.54212, 0.2309), (0.62745, 0.54965, 0.23592), (0.61992, 0.53208, 0.21584), (0.63247, 0.52957, 0.21835), (0.63498, 0.52706, 0.20078), (0.63498, 0.52706, 0.20078), (0.63247, 0.53208, 0.20078), (0.61992, 0.53208, 0.21584), (0.61992, 0.46431, 0.12047), (0.62243, 0.47184, 0.14557), (0.62996, 0.46682, 0.14055), (0.62996, 0.46682, 0.14055), (0.62996, 0.46431, 0.11796), (0.61992, 0.46431, 0.12047), (0.63247, 0.52455, 0.19576), (0.63498, 0.52706, 0.19827), (0.63498, 0.52706, 0.19827), (0.63498, 0.56973, 0.26102), (0.63247, 0.56722, 0.26353), (0.64, 0.56973, 0.26102), (0.64, 0.56973, 0.26102), (0.64, 0.56973, 0.26102), (0.63498, 0.56973, 0.26102), (0.63498, 0.55969, 0.24847), (0.64, 0.57725, 0.2811), (0.63749, 0.56973, 0.27608), (0.63749, 0.56973, 0.27608), (0.62996, 0.55467, 0.24345), (0.63498, 0.55969, 0.24847), (0.63247, 0.55718, 0.24596), (0.63749, 0.56722, 0.25851), (0.63498, 0.5622, 0.26102), (0.63498, 0.5622, 0.26102), (0.63749, 0.56471, 0.26353), (0.63247, 0.55718, 0.24596), (0.62745, 0.52957, 0.20078), (0.63498, 0.5371, 0.21333), (0.62745, 0.52957, 0.2058), (0.63749, 0.57725, 0.27106), (0.64, 0.56973, 0.25349), (0.63498, 0.56471, 0.25098), (0.62996, 0.46431, 0.11796), (0.63247, 0.46431, 0.13804), (0.62996, 0.46682, 0.14055), (0.62996, 0.46682, 0.14055), (0.62996, 0.46431, 0.12298), (0.62996, 0.46431, 0.11796), (0.62996, 0.44925, 0.1029), (0.63247, 0.45176, 0.10541), (0.63247, 0.44675, 0.10792), (0.63247, 0.44675, 0.10792), (0.62996, 0.44925, 0.10792), (0.62996, 0.44925, 0.1029), (0.63498, 0.55718, 0.24345), (0.63498, 0.56973, 0.27106), (0.63498, 0.56973, 0.26604), (0.64, 0.56722, 0.27357), (0.62745, 0.54965, 0.23592), (0.62494, 0.54714, 0.23341), (0.62745, 0.49694, 0.15059), (0.62745, 0.51953, 0.17318), (0.62996, 0.52455, 0.18322), (0.62996, 0.52455, 0.18322), (0.62996, 0.512, 0.16565), (0.62745, 0.49694, 0.15059), (0.62494, 0.52706, 0.20831), (0.62745, 0.52706, 0.21584), (0.63498, 0.52706, 0.19827), (0.63498, 0.52706, 0.19827), (0.63498, 0.52706, 0.20078), (0.62494, 0.52706, 0.20831), (0.63498, 0.56973, 0.26102), (0.63749, 0.56973, 0.27608), (0.64, 0.57475, 0.27106), (0.64, 0.57475, 0.27106), (0.64, 0.56973, 0.25349), (0.63498, 0.56973, 0.26102), (0.63247, 0.52455, 0.19827), (0.63498, 0.52706, 0.19827), (0.63247, 0.52455, 0.19576), (0.63247, 0.52455, 0.19576), (0.63247, 0.53208, 0.20078), (0.63247, 0.52455, 0.19827), (0.63247, 0.55216, 0.24345), (0.64, 0.57475, 0.27608), (0.64, 0.56973, 0.26102), (0.62996, 0.52204, 0.19325), (0.63498, 0.52706, 0.19827), (0.63749, 0.52455, 0.20078), (0.63749, 0.52455, 0.20078), (0.63749, 0.52706, 0.19827), (0.62996, 0.52204, 0.19325), (0.63749, 0.56471, 0.24847), (0.63749, 0.56722, 0.25851), (0.63749, 0.5622, 0.25098), (0.63749, 0.5622, 0.25098), (0.63749, 0.56471, 0.24847), (0.63749, 0.56471, 0.24847), (0.62243, 0.53961, 0.21584), (0.62494, 0.5371, 0.21082), (0.61992, 0.54212, 0.22337), (0.64, 0.55467, 0.24345), (0.63498, 0.53961, 0.2058), (0.63498, 0.53961, 0.2058), (0.63498, 0.53961, 0.2058), (0.63498, 0.55467, 0.24596), (0.64, 0.55467, 0.24345), (0.64, 0.55718, 0.24596), (0.63247, 0.52204, 0.18824), (0.63247, 0.52455, 0.19827), (0.63247, 0.55216, 0.24847), (0.62996, 0.55718, 0.24094), (0.63749, 0.55718, 0.24847), (0.63749, 0.55718, 0.24847), (0.63247, 0.55216, 0.24345), (0.63247, 0.55216, 0.24847), (0.63247, 0.55718, 0.256), (0.63247, 0.55969, 0.25851), (0.63498, 0.55969, 0.25349), (0.63498, 0.55969, 0.25349), (0.63749, 0.55718, 0.24847), (0.63247, 0.55718, 0.256), (0.63498, 0.52706, 0.19827), (0.63498, 0.52706, 0.19827), (0.63247, 0.52455, 0.19576), (0.63749, 0.51953, 0.19325), (0.63247, 0.53459, 0.19075), (0.62745, 0.52455, 0.17318), (0.64, 0.55969, 0.25098), (0.64, 0.5622, 0.24847), (0.63498, 0.55467, 0.24596), (0.63749, 0.5622, 0.26102), (0.64, 0.56973, 0.26855), (0.64, 0.57976, 0.27608), (0.62494, 0.54212, 0.21835), (0.63498, 0.53208, 0.21584), (0.63247, 0.53459, 0.21584), (0.63498, 0.55467, 0.24596), (0.63498, 0.56973, 0.27106), (0.64, 0.55969, 0.25098), (0.64, 0.56973, 0.26102), (0.62745, 0.54965, 0.23592), (0.63247, 0.55216, 0.24345), (0.63498, 0.49443, 0.15059), (0.63247, 0.49192, 0.14808), (0.63247, 0.49192, 0.14808), (0.63498, 0.5622, 0.24596), (0.62745, 0.53961, 0.21835), (0.62996, 0.54212, 0.21584), (0.62996, 0.54212, 0.21584), (0.63247, 0.55216, 0.24847), (0.63498, 0.5622, 0.24596), (0.63749, 0.54965, 0.22839), (0.62745, 0.52455, 0.20329), (0.63749, 0.52957, 0.20831), (0.64, 0.56722, 0.27106), (0.63749, 0.57725, 0.27106), (0.63749, 0.57725, 0.27106), (0.61992, 0.54212, 0.22337), (0.62745, 0.54965, 0.2309), (0.62243, 0.53961, 0.21584), (0.63749, 0.56722, 0.25098), (0.63498, 0.56973, 0.26102), (0.64, 0.56973, 0.25349), (0.62996, 0.5622, 0.23843), (0.63247, 0.56722, 0.25851), (0.64, 0.5622, 0.25349), (0.62996, 0.53208, 0.20831), (0.63247, 0.52957, 0.20831), (0.63247, 0.52204, 0.19325), (0.63247, 0.52204, 0.19325), (0.63498, 0.52706, 0.19827), (0.62996, 0.53208, 0.20831), (0.62996, 0.52204, 0.19325), (0.62996, 0.52957, 0.19827), (0.62494, 0.52957, 0.19576), (0.62494, 0.52957, 0.19576), (0.63247, 0.52455, 0.19576), (0.62996, 0.52204, 0.19325), (0.63749, 0.57725, 0.27106), (0.62494, 0.55969, 0.26102), (0.64, 0.56722, 0.27106), (0.62243, 0.51451, 0.16816), (0.62494, 0.51953, 0.18322), (0.62494, 0.51953, 0.1782), (0.62494, 0.51953, 0.1782), (0.62494, 0.50949, 0.16314), (0.62243, 0.51451, 0.16816), (0.62494, 0.51451, 0.17569), (0.61992, 0.50949, 0.17569), (0.62996, 0.50949, 0.17318), (0.62996, 0.50949, 0.17318), (0.63247, 0.51702, 0.1782), (0.62494, 0.51451, 0.17569), (0.5898, 0.44424, 0.11043), (0.59482, 0.4618, 0.13051), (0.61741, 0.45678, 0.11545), (0.64, 0.57475, 0.27106), (0.63498, 0.56973, 0.26604), (0.63749, 0.56471, 0.26353), (0.63749, 0.56471, 0.26353), (0.63749, 0.57224, 0.26855), (0.64, 0.57475, 0.27106), (0.63247, 0.52455, 0.19576), (0.62996, 0.52957, 0.19827), (0.62494, 0.53208, 0.2058), (0.61741, 0.45678, 0.11545), (0.62996, 0.46431, 0.12298), (0.5898, 0.44424, 0.11043), (0.62996, 0.51451, 0.17569), (0.62996, 0.52957, 0.19325), (0.62243, 0.5371, 0.22086), (0.63247, 0.52706, 0.19075), (0.62996, 0.52204, 0.17569), (0.62494, 0.52706, 0.18322), (0.62494, 0.52706, 0.18322), (0.62494, 0.52455, 0.19325), (0.63247, 0.52706, 0.19075), (0.62996, 0.55467, 0.24345), (0.64, 0.56973, 0.26102), (0.63498, 0.56471, 0.25098), (0.63498, 0.56471, 0.25098), (0.62745, 0.55216, 0.24596), (0.62996, 0.55467, 0.24345), (0.62745, 0.52957, 0.2058), (0.62745, 0.52706, 0.19827), (0.62745, 0.52957, 0.20078), (0.64, 0.55718, 0.24094), (0.63247, 0.55216, 0.24345), (0.64, 0.56471, 0.26353), (0.64, 0.56471, 0.26353), (0.62745, 0.54714, 0.23843), (0.64, 0.55718, 0.24094), (0.63247, 0.52455, 0.19827), (0.63247, 0.54212, 0.23341), (0.64, 0.55718, 0.24596), (0.63749, 0.57725, 0.27106), (0.64, 0.56973, 0.26102), (0.64, 0.57475, 0.27106), (0.63749, 0.52957, 0.20078), (0.62996, 0.52957, 0.19827), (0.62745, 0.52706, 0.19576), (0.62996, 0.52957, 0.19827), (0.62996, 0.52957, 0.19827), (0.62996, 0.52957, 0.19827), (0.62745, 0.52706, 0.19576), (0.63498, 0.52706, 0.19827), (0.63749, 0.52957, 0.20078), (0.63247, 0.54714, 0.23592), (0.62996, 0.54212, 0.22086), (0.64, 0.5622, 0.24847), (0.64, 0.5622, 0.24847), (0.63247, 0.55216, 0.24847), (0.63247, 0.54714, 0.23592), (0.62494, 0.52455, 0.19576), (0.63749, 0.51702, 0.19576), (0.63749, 0.51953, 0.19325), (0.64, 0.5622, 0.26353), (0.64, 0.55718, 0.24847), (0.64, 0.56722, 0.27106), (0.64, 0.56722, 0.27106), (0.64, 0.56722, 0.27106), (0.64, 0.5622, 0.26353), (0.62745, 0.52706, 0.19576), (0.64, 0.55718, 0.24094), (0.64, 0.55718, 0.24094), (0.64, 0.55718, 0.24094), (0.63247, 0.53208, 0.20078), (0.62745, 0.52706, 0.19576), (0.63749, 0.51953, 0.19325), (0.62494, 0.53208, 0.2058), (0.62494, 0.52455, 0.19576), (0.63498, 0.52455, 0.19576), (0.62745, 0.50698, 0.17067), (0.62745, 0.50196, 0.16314), (0.62745, 0.50196, 0.16314), (0.63247, 0.50196, 0.16314), (0.63498, 0.52455, 0.19576), (0.63498, 0.52455, 0.19075), (0.62996, 0.50447, 0.17067), (0.63247, 0.512, 0.17067), (0.63247, 0.512, 0.17067), (0.63498, 0.52455, 0.19576), (0.63498, 0.52455, 0.19075), (0.63247, 0.56722, 0.26353), (0.64, 0.55467, 0.22086), (0.64, 0.56471, 0.23843), (0.64, 0.56471, 0.23843), (0.64, 0.56973, 0.26102), (0.63247, 0.56722, 0.26353), (0.62996, 0.51702, 0.19325), (0.62745, 0.52706, 0.21584), (0.63247, 0.52204, 0.19325), (0.63247, 0.52204, 0.19325), (0.63247, 0.52204, 0.19325), (0.62996, 0.51702, 0.19325), (0.62494, 0.53208, 0.2058), (0.62745, 0.52957, 0.20078), (0.63247, 0.52455, 0.19576), (0.63247, 0.50196, 0.15561), (0.62494, 0.48941, 0.15059), (0.62494, 0.50698, 0.17569), (0.62494, 0.50698, 0.17569), (0.61741, 0.50698, 0.16816), (0.63247, 0.50196, 0.15561), (0.63247, 0.4869, 0.14557), (0.63498, 0.49443, 0.15059), (0.63247, 0.49192, 0.14808), (0.63247, 0.49192, 0.14808), (0.63247, 0.4869, 0.14557), (0.63247, 0.4869, 0.14557), (0.63749, 0.52204, 0.18322), (0.63247, 0.52204, 0.19325), (0.63498, 0.52455, 0.19576), (0.63749, 0.53961, 0.21584), (0.63247, 0.51702, 0.1782), (0.63498, 0.51953, 0.18071), (0.63498, 0.51953, 0.18071), (0.63749, 0.54212, 0.23341), (0.63749, 0.53961, 0.21584), (0.63498, 0.53208, 0.21082), (0.62243, 0.52706, 0.20831), (0.62745, 0.53208, 0.21333), (0.62745, 0.53208, 0.21333), (0.63247, 0.52957, 0.20831), (0.63498, 0.53208, 0.21082), (0.62745, 0.52455, 0.17318), (0.62996, 0.512, 0.18071), (0.63749, 0.51953, 0.19325), (0.63749, 0.54714, 0.24094), (0.63498, 0.55467, 0.24596), (0.63498, 0.55718, 0.24345), (0.63498, 0.55718, 0.24345), (0.64, 0.54965, 0.24094), (0.63749, 0.54714, 0.24094), (0.63247, 0.53961, 0.21333), (0.63749, 0.54212, 0.20831), (0.62996, 0.5371, 0.2058), (0.62996, 0.5371, 0.2058), (0.62745, 0.54212, 0.22588), (0.63247, 0.53961, 0.21333), (0.62745, 0.50698, 0.17067), (0.62494, 0.49192, 0.16063), (0.63749, 0.55718, 0.24847), (0.63749, 0.55718, 0.24847), (0.64, 0.55467, 0.23843), (0.64, 0.55718, 0.24596), (0.63247, 0.52204, 0.19325), (0.62996, 0.51953, 0.19075), (0.63247, 0.52204, 0.19325), (0.63749, 0.52957, 0.20831), (0.63749, 0.54714, 0.24094), (0.63247, 0.54463, 0.22337), (0.64, 0.57475, 0.27106), (0.63749, 0.57725, 0.27106), (0.63749, 0.57725, 0.27106), (0.64, 0.56973, 0.25349), (0.63749, 0.56722, 0.25851), (0.63749, 0.56722, 0.25098), (0.63749, 0.5622, 0.26102), (0.64, 0.56722, 0.26604), (0.64, 0.56471, 0.25851), (0.62494, 0.51702, 0.19075), (0.63247, 0.52957, 0.21333), (0.63247, 0.52455, 0.19576), (0.63247, 0.52455, 0.19576), (0.62243, 0.52455, 0.19576), (0.6149, 0.49192, 0.13804), (0.63247, 0.52204, 0.19325), (0.63247, 0.52204, 0.19325), (0.63247, 0.52204, 0.19325), (0.63247, 0.52204, 0.19325), (0.62996, 0.51953, 0.19075), (0.63247, 0.52204, 0.19325), (0.63749, 0.56722, 0.25851), (0.63749, 0.57224, 0.27357), (0.63749, 0.56471, 0.26353), (0.62494, 0.51953, 0.1782), (0.63247, 0.55467, 0.23592), (0.63498, 0.54965, 0.23341), (0.63247, 0.52706, 0.19075), (0.63247, 0.52455, 0.19827), (0.62494, 0.52204, 0.20078), (0.62494, 0.52204, 0.20078), (0.63247, 0.52455, 0.19576), (0.63247, 0.52706, 0.19075), (0.63749, 0.57475, 0.27608), (0.63498, 0.56973, 0.26604), (0.63498, 0.56973, 0.27106), (0.63498, 0.56973, 0.27106), (0.63749, 0.57224, 0.27357), (0.63749, 0.57475, 0.27608), (0.63498, 0.54965, 0.23341), (0.62243, 0.52455, 0.20078), (0.62494, 0.51953, 0.1782), (0.64, 0.56722, 0.25349), (0.64, 0.58478, 0.28361), (0.62745, 0.57224, 0.26604), (0.62996, 0.53208, 0.20329), (0.62745, 0.52957, 0.20078), (0.62243, 0.53459, 0.20831), (0.62243, 0.53459, 0.20831), (0.62243, 0.53459, 0.21835), (0.62996, 0.53208, 0.20329), (0.62996, 0.50447, 0.19075), (0.63247, 0.50949, 0.18824), (0.63247, 0.50949, 0.18824), (0.63247, 0.50949, 0.18824), (0.64, 0.51451, 0.20078), (0.62996, 0.50447, 0.19075), (0.62494, 0.53208, 0.20078), (0.62494, 0.53208, 0.2058), (0.62996, 0.52957, 0.19827), (0.63247, 0.52204, 0.19325), (0.63247, 0.52204, 0.19325), (0.63247, 0.52204, 0.19325), (0.62996, 0.52957, 0.19827), (0.62745, 0.53208, 0.19827), (0.62494, 0.53208, 0.20078), (0.62996, 0.52957, 0.19827), (0.62996, 0.52957, 0.19827), (0.62996, 0.52957, 0.19827), (0.62745, 0.57224, 0.26604), (0.63247, 0.54714, 0.23592), (0.64, 0.56722, 0.25349), (0.63247, 0.54463, 0.22337), (0.61741, 0.49694, 0.17569), (0.63749, 0.52957, 0.20831), (0.62745, 0.51953, 0.17318), (0.62996, 0.51451, 0.17569), (0.63247, 0.51702, 0.1782), (0.63247, 0.51702, 0.1782), (0.62996, 0.52455, 0.18322), (0.62745, 0.51953, 0.17318), (0.64, 0.5622, 0.25349), (0.64, 0.55718, 0.23341), (0.62996, 0.5622, 0.23843), (0.63247, 0.52957, 0.20831), (0.63247, 0.53459, 0.21082), (0.61741, 0.50949, 0.18071), (0.61741, 0.50949, 0.18071), (0.62996, 0.52204, 0.19576), (0.63247, 0.52957, 0.20831), (0.63498, 0.54714, 0.22588), (0.64, 0.55718, 0.24094), (0.62745, 0.54714, 0.23843), (0.64, 0.57976, 0.27357), (0.63749, 0.54965, 0.22337), (0.63749, 0.55467, 0.22086), (0.63749, 0.55467, 0.22086), (0.63749, 0.57475, 0.25851), (0.64, 0.57976, 0.27357), (0.63247, 0.52957, 0.21835), (0.62494, 0.52706, 0.20831), (0.63498, 0.52706, 0.20078), (0.63498, 0.52706, 0.20078), (0.63498, 0.52706, 0.20078), (0.63247, 0.52957, 0.21835), (0.63749, 0.56722, 0.25349), (0.64, 0.56471, 0.25349), (0.63498, 0.55969, 0.25349), (0.63498, 0.56722, 0.27357), (0.63498, 0.56973, 0.26604), (0.64, 0.56973, 0.26855), (0.64, 0.56973, 0.26855), (0.63498, 0.56722, 0.27357), (0.63498, 0.56722, 0.27357), (0.61741, 0.45929, 0.13051), (0.62745, 0.47184, 0.13804), (0.58729, 0.44925, 0.12549), (0.58729, 0.44925, 0.12549), (0.60486, 0.46933, 0.13804), (0.61741, 0.45929, 0.13051), (0.63498, 0.56471, 0.25098), (0.64, 0.55216, 0.24345), (0.63498, 0.5371, 0.21835), (0.63498, 0.5371, 0.21835), (0.64, 0.56973, 0.26102), (0.63498, 0.56471, 0.25098), (0.63498, 0.5371, 0.21835), (0.62996, 0.52706, 0.21082), (0.63498, 0.54463, 0.24345), (0.63498, 0.54463, 0.24345), (0.62243, 0.53208, 0.22337), (0.63498, 0.5371, 0.21835), (0.62243, 0.5371, 0.22086), (0.62243, 0.52455, 0.20078), (0.62996, 0.51451, 0.17569), (0.62494, 0.54212, 0.21835), (0.64, 0.55216, 0.22588), (0.64, 0.54714, 0.21333), (0.64, 0.54714, 0.21333), (0.62996, 0.54212, 0.22086), (0.62494, 0.54212, 0.21835), (0.63749, 0.55216, 0.24345), (0.63498, 0.55467, 0.24596), (0.64, 0.5622, 0.24847), (0.62996, 0.54212, 0.22086), (0.64, 0.56471, 0.25349), (0.62996, 0.55718, 0.24094), (0.62996, 0.55718, 0.24094), (0.64, 0.5622, 0.24847), (0.62996, 0.54212, 0.22086), (0.63749, 0.54965, 0.22337), (0.64, 0.57976, 0.27357), (0.63498, 0.57475, 0.26353), (0.63749, 0.5371, 0.20831), (0.63498, 0.5371, 0.20831), (0.63498, 0.5371, 0.20831), (0.63247, 0.53208, 0.20329), (0.63749, 0.54463, 0.21333), (0.63749, 0.54212, 0.20831), (0.63749, 0.54212, 0.20831), (0.63749, 0.52957, 0.20078), (0.63247, 0.53208, 0.20329), (0.63498, 0.55467, 0.25098), (0.62996, 0.54212, 0.22086), (0.62996, 0.54212, 0.22086), (0.63498, 0.55969, 0.25349), (0.63498, 0.56471, 0.256), (0.63749, 0.56722, 0.25349), (0.62745, 0.54714, 0.23843), (0.64, 0.55718, 0.24094), (0.63498, 0.54714, 0.22588), (0.62996, 0.54212, 0.22086), (0.63498, 0.55467, 0.25098), (0.63498, 0.55467, 0.25098), (0.62996, 0.50447, 0.16565), (0.63498, 0.46682, 0.13804), (0.62996, 0.46933, 0.13804), (0.62996, 0.46933, 0.13804), (0.62494, 0.49945, 0.16063), (0.62996, 0.50447, 0.16565), (0.62494, 0.53459, 0.22588), (0.64, 0.55467, 0.25349), (0.64, 0.55216, 0.25098), (0.64, 0.55216, 0.25098), (0.63498, 0.54463, 0.23592), (0.62494, 0.53459, 0.22588), (0.64, 0.56471, 0.25851), (0.64, 0.55969, 0.26102), (0.63749, 0.5622, 0.26102), (0.63498, 0.54212, 0.21584), (0.63247, 0.5371, 0.21835), (0.63247, 0.5371, 0.20329), (0.63247, 0.5371, 0.20329), (0.63498, 0.53961, 0.2058), (0.63498, 0.54212, 0.21584), (0.62996, 0.52204, 0.19576), (0.63247, 0.55216, 0.24345), (0.63498, 0.55718, 0.24345), (0.63498, 0.55718, 0.24345), (0.62996, 0.52204, 0.19576), (0.62996, 0.52204, 0.19576), (0.64, 0.56722, 0.25098), (0.63498, 0.55969, 0.24847), (0.63247, 0.55718, 0.25098), (0.63247, 0.55718, 0.25098), (0.63247, 0.56973, 0.25349), (0.64, 0.56722, 0.25098), (0.63749, 0.56471, 0.26353), (0.63498, 0.5622, 0.26102), (0.63749, 0.56722, 0.25851), (0.62745, 0.54714, 0.23843), (0.63498, 0.55718, 0.24345), (0.63498, 0.55718, 0.24345), (0.64, 0.55969, 0.256), (0.62745, 0.53961, 0.23843), (0.63498, 0.54463, 0.23592), (0.63498, 0.54463, 0.23592), (0.63498, 0.53961, 0.22588), (0.63498, 0.5622, 0.26102), (0.64, 0.55216, 0.24345), (0.63498, 0.56471, 0.25098), (0.63498, 0.55969, 0.24847), (0.63498, 0.55969, 0.24847), (0.62745, 0.54212, 0.23341), (0.64, 0.55216, 0.24345), (0.63498, 0.52706, 0.19827), (0.63247, 0.52455, 0.19827), (0.63498, 0.52706, 0.19827), (0.62996, 0.55467, 0.24345), (0.62745, 0.55216, 0.24596), (0.62996, 0.55969, 0.25098), (0.63247, 0.53208, 0.20078), (0.63247, 0.52455, 0.19576), (0.62996, 0.52957, 0.19827), (0.63498, 0.54714, 0.22588), (0.63247, 0.53208, 0.20329), (0.64, 0.54212, 0.21333)] (
            interpolation = "faceVarying"
        )
        uniform token subdivisionScheme = "none"
    }
}
