#usda 1.0
(
    defaultPrim = "chip_curved_large_visual"
    metersPerUnit = 1
    upAxis = "Z"
)

def Xform "chip_curved_large_visual"
{
    def Mesh "scan"
    {
        uniform bool doubleSided = 1
        int[] faceVertexCounts = [3, 3, 3, 3, 3, 3, 3, 3, 3, 3, 3, 3, 3, 3, 3, 3, 3, 3, 3, 3, 3, 3, 3, 3, 3, 3, 3, 3, 3, 3, 3, 3, 3, 3, 3, 3, 3, 3, 3, 3, 3, 3, 3, 3, 3, 3, 3, 3, 3, 3, 3, 3, 3, 3, 3, 3, 3, 3, 3, 3, 3, 3, 3, 3, 3, 3, 3, 3, 3, 3, 3, 3, 3, 3, 3, 3, 3, 3, 3, 3, 3, 3, 3, 3, 3, 3, 3, 3, 3, 3, 3, 3, 3, 3, 3, 3, 3, 3, 3, 3, 3, 3, 3, 3, 3, 3, 3, 3, 3, 3, 3, 3, 3, 3, 3, 3, 3, 3, 3, 3, 3, 3, 3, 3, 3, 3, 3, 3, 3, 3, 3, 3, 3, 3, 3, 3, 3, 3, 3, 3, 3, 3, 3, 3, 3, 3, 3, 3, 3, 3, 3, 3, 3, 3, 3, 3, 3, 3, 3, 3, 3, 3, 3, 3, 3, 3, 3, 3, 3, 3, 3, 3, 3, 3, 3, 3, 3, 3, 3, 3, 3, 3, 3, 3, 3, 3, 3, 3, 3, 3, 3, 3, 3, 3, 3, 3, 3, 3, 3, 3, 3, 3, 3, 3, 3, 3, 3, 3, 3, 3, 3, 3, 3, 3, 3, 3, 3, 3, 3, 3, 3, 3, 3, 3, 3, 3, 3, 3, 3, 3, 3, 3, 3, 3, 3, 3, 3, 3, 3, 3, 3, 3, 3, 3, 3, 3, 3, 3, 3, 3, 3, 3, 3, 3, 3, 3, 3, 3, 3, 3, 3, 3, 3, 3, 3, 3, 3, 3, 3, 3, 3, 3, 3, 3, 3, 3, 3, 3, 3, 3, 3, 3, 3, 3, 3, 3, 3, 3, 3, 3, 3, 3, 3, 3, 3, 3, 3, 3, 3, 3, 3, 3, 3, 3, 3, 3, 3, 3, 3, 3, 3, 3, 3, 3, 3, 3, 3, 3, 3, 3, 3, 3, 3, 3, 3, 3, 3, 3, 3, 3, 3, 3, 3, 3, 3, 3, 3, 3, 3, 3, 3, 3, 3, 3, 3, 3, 3, 3, 3, 3, 3, 3, 3, 3, 3, 3, 3, 3, 3, 3, 3, 3, 3, 3, 3, 3, 3, 3, 3, 3, 3, 3, 3, 3, 3, 3, 3, 3, 3, 3, 3, 3, 3, 3, 3, 3, 3, 3, 3, 3, 3, 3, 3, 3, 3, 3, 3, 3, 3, 3, 3, 3, 3, 3, 3, 3, 3, 3, 3, 3, 3, 3, 3, 3, 3, 3, 3, 3, 3, 3, 3, 3, 3, 3, 3, 3, 3, 3, 3, 3, 3, 3, 3, 3, 3, 3, 3, 3, 3, 3, 3, 3, 3, 3, 3, 3, 3, 3, 3, 3, 3, 3, 3, 3, 3, 3, 3, 3, 3, 3, 3, 3, 3, 3, 3, 3, 3, 3, 3, 3, 3, 3, 3, 3, 3, 3, 3, 3, 3, 3, 3, 3, 3, 3, 3, 3, 3, 3, 3, 3, 3, 3, 3, 3, 3, 3, 3, 3, 3, 3, 3, 3, 3, 3, 3, 3, 3, 3, 3, 3, 3, 3, 3, 3, 3, 3, 3, 3, 3, 3, 3, 3, 3, 3, 3, 3, 3, 3, 3, 3, 3, 3, 3, 3, 3, 3, 3, 3, 3, 3, 3, 3, 3, 3, 3, 3, 3, 3, 3, 3, 3, 3, 3, 3, 3, 3, 3, 3, 3, 3, 3, 3, 3, 3, 3, 3, 3, 3, 3, 3, 3, 3, 3, 3, 3, 3, 3, 3, 3, 3, 3, 3, 3, 3, 3, 3, 3, 3, 3, 3, 3, 3, 3, 3, 3, 3, 3, 3, 3, 3, 3, 3, 3, 3, 3, 3, 3, 3, 3, 3, 3, 3, 3, 3, 3, 3, 3, 3, 3, 3, 3, 3, 3, 3, 3, 3, 3, 3, 3, 3, 3, 3, 3, 3, 3, 3, 3, 3, 3, 3, 3, 3, 3, 3, 3, 3, 3, 3, 3, 3, 3, 3, 3, 3, 3, 3, 3, 3, 3, 3, 3, 3, 3, 3, 3, 3, 3, 3, 3, 3, 3, 3, 3, 3, 3, 3, 3, 3, 3, 3, 3, 3, 3, 3, 3, 3, 3, 3, 3, 3, 3, 3, 3, 3, 3, 3, 3, 3, 3, 3, 3, 3, 3, 3, 3, 3, 3, 3, 3, 3, 3, 3, 3, 3, 3, 3, 3, 3, 3, 3, 3, 3, 3, 3, 3, 3, 3, 3, 3, 3, 3, 3, 3, 3, 3, 3, 3, 3, 3, 3, 3, 3, 3, 3, 3, 3, 3, 3, 3, 3, 3, 3, 3, 3, 3, 3, 3, 3, 3, 3, 3, 3, 3, 3, 3, 3, 3, 3, 3, 3, 3, 3, 3, 3, 3, 3, 3, 3, 3, 3, 3, 3, 3, 3, 3, 3, 3, 3, 3, 3, 3, 3, 3, 3, 3, 3, 3, 3, 3, 3, 3, 3, 3, 3, 3, 3, 3, 3, 3, 3, 3, 3, 3, 3, 3, 3, 3, 3, 3, 3, 3, 3, 3, 3, 3, 3, 3, 3, 3, 3, 3, 3, 3, 3, 3, 3, 3, 3, 3, 3, 3, 3, 3, 3, 3, 3, 3, 3, 3, 3, 3, 3, 3, 3, 3, 3, 3, 3, 3, 3, 3, 3, 3, 3, 3, 3, 3, 3, 3, 3, 3, 3, 3, 3, 3, 3, 3, 3, 3, 3, 3, 3, 3, 3, 3, 3, 3, 3, 3, 3, 3, 3, 3, 3, 3, 3, 3, 3, 3, 3, 3, 3, 3, 3, 3, 3, 3, 3, 3, 3, 3, 3, 3, 3, 3, 3, 3, 3, 3, 3, 3, 3, 3, 3, 3, 3, 3, 3, 3, 3, 3, 3, 3, 3, 3, 3, 3, 3, 3, 3, 3, 3, 3, 3, 3, 3, 3, 3, 3, 3, 3, 3, 3, 3, 3, 3, 3, 3, 3, 3, 3, 3, 3, 3, 3, 3, 3, 3, 3, 3, 3, 3, 3, 3, 3, 3, 3, 3, 3, 3, 3, 3, 3, 3, 3, 3, 3, 3, 3, 3, 3, 3, 3, 3, 3, 3, 3, 3, 3, 3, 3, 3, 3, 3, 3, 3, 3, 3, 3, 3, 3, 3, 3, 3, 3, 3, 3, 3, 3, 3, 3, 3, 3, 3, 3, 3, 3, 3, 3, 3, 3, 3, 3, 3, 3, 3, 3, 3, 3, 3, 3, 3, 3, 3, 3, 3, 3, 3, 3, 3, 3, 3, 3, 3, 3, 3, 3, 3, 3, 3, 3, 3, 3, 3, 3, 3, 3, 3, 3, 3, 3, 3, 3, 3, 3, 3, 3, 3, 3, 3, 3, 3, 3, 3, 3, 3, 3, 3, 3, 3, 3, 3, 3, 3, 3, 3, 3, 3, 3, 3, 3, 3, 3, 3, 3, 3, 3, 3, 3, 3, 3, 3, 3, 3, 3, 3, 3, 3, 3, 3, 3, 3, 3, 3, 3, 3, 3, 3, 3, 3, 3, 3, 3, 3, 3, 3, 3, 3, 3, 3, 3, 3, 3, 3, 3, 3, 3, 3, 3, 3, 3, 3, 3, 3, 3, 3, 3, 3, 3, 3, 3, 3, 3, 3, 3, 3, 3, 3, 3, 3, 3, 3, 3, 3, 3, 3, 3, 3, 3, 3, 3, 3, 3, 3, 3, 3, 3, 3, 3, 3, 3, 3, 3, 3, 3, 3, 3, 3, 3, 3, 3, 3, 3, 3, 3, 3, 3, 3, 3, 3, 3, 3, 3, 3, 3, 3, 3, 3, 3, 3, 3, 3, 3, 3, 3, 3, 3, 3, 3, 3, 3, 3, 3, 3, 3, 3, 3, 3, 3, 3, 3, 3, 3, 3, 3, 3, 3, 3, 3, 3, 3, 3, 3, 3, 3, 3, 3, 3, 3, 3, 3, 3, 3, 3, 3, 3, 3, 3, 3, 3, 3, 3, 3, 3, 3, 3, 3, 3, 3, 3, 3, 3, 3, 3, 3, 3, 3, 3, 3, 3, 3, 3, 3, 3, 3, 3, 3, 3, 3, 3, 3, 3, 3, 3, 3, 3, 3, 3, 3, 3, 3, 3, 3, 3, 3, 3, 3, 3, 3, 3, 3, 3, 3, 3, 3, 3, 3, 3, 3, 3, 3, 3, 3, 3, 3, 3, 3, 3, 3, 3, 3, 3, 3, 3, 3, 3, 3, 3, 3, 3, 3, 3, 3, 3, 3, 3, 3, 3, 3, 3, 3, 3, 3, 3, 3, 3, 3, 3, 3, 3, 3, 3, 3, 3, 3, 3, 3, 3, 3, 3, 3, 3, 3, 3, 3, 3, 3, 3, 3, 3, 3, 3, 3, 3, 3, 3, 3, 3, 3, 3, 3, 3, 3, 3, 3, 3, 3, 3, 3, 3, 3, 3, 3, 3, 3, 3, 3, 3, 3, 3, 3, 3, 3, 3, 3, 3, 3, 3, 3, 3, 3, 3, 3, 3, 3, 3, 3, 3, 3, 3, 3, 3, 3, 3, 3, 3, 3, 3, 3, 3, 3, 3, 3, 3, 3, 3, 3, 3, 3, 3, 3, 3, 3, 3, 3, 3, 3, 3, 3, 3, 3, 3, 3, 3, 3, 3, 3, 3, 3, 3, 3, 3, 3, 3, 3, 3, 3, 3, 3, 3, 3, 3, 3, 3, 3, 3, 3, 3, 3, 3, 3, 3, 3, 3, 3, 3, 3, 3, 3, 3, 3, 3, 3, 3, 3, 3, 3, 3, 3, 3, 3, 3, 3, 3, 3, 3, 3, 3, 3, 3, 3, 3, 3, 3, 3, 3, 3, 3, 3, 3, 3, 3, 3, 3, 3, 3, 3, 3, 3, 3, 3, 3, 3, 3, 3, 3, 3, 3, 3, 3, 3, 3, 3, 3, 3, 3, 3, 3, 3, 3, 3, 3, 3, 3, 3, 3, 3, 3, 3, 3, 3, 3, 3, 3, 3, 3, 3, 3, 3, 3, 3, 3, 3, 3, 3, 3, 3, 3, 3, 3, 3, 3, 3, 3, 3, 3, 3, 3, 3, 3, 3, 3, 3, 3, 3, 3, 3, 3, 3, 3, 3, 3, 3, 3, 3, 3, 3, 3, 3, 3, 3, 3, 3, 3, 3, 3, 3, 3, 3, 3, 3, 3, 3, 3, 3, 3, 3, 3, 3, 3, 3, 3, 3, 3, 3, 3, 3, 3, 3, 3, 3, 3, 3, 3, 3, 3, 3, 3, 3, 3, 3, 3, 3, 3, 3, 3, 3, 3, 3, 3, 3, 3, 3, 3, 3, 3, 3, 3, 3, 3, 3, 3, 3, 3, 3, 3, 3, 3, 3, 3, 3, 3, 3, 3, 3, 3, 3, 3, 3, 3, 3, 3, 3, 3, 3, 3, 3, 3, 3, 3, 3, 3, 3, 3, 3, 3, 3, 3, 3, 3, 3, 3, 3, 3, 3, 3, 3, 3, 3, 3, 3, 3, 3, 3, 3, 3, 3, 3, 3, 3, 3, 3, 3, 3, 3, 3, 3, 3, 3, 3, 3, 3, 3, 3, 3, 3, 3, 3, 3, 3, 3, 3, 3, 3, 3, 3, 3, 3, 3, 3, 3, 3, 3, 3, 3, 3, 3, 3, 3, 3, 3, 3, 3, 3, 3, 3, 3, 3, 3, 3, 3, 3, 3, 3, 3, 3, 3, 3, 3, 3, 3, 3, 3, 3, 3, 3, 3, 3, 3, 3, 3, 3, 3, 3, 3, 3, 3, 3, 3, 3, 3, 3, 3, 3, 3, 3, 3, 3, 3, 3, 3, 3, 3, 3, 3, 3, 3, 3, 3, 3, 3, 3, 3, 3, 3, 3, 3, 3, 3, 3, 3, 3, 3, 3, 3, 3, 3, 3, 3, 3, 3, 3, 3, 3, 3, 3, 3, 3, 3, 3, 3, 3, 3, 3, 3, 3, 3, 3, 3, 3, 3, 3, 3, 3, 3, 3, 3, 3, 3, 3, 3, 3, 3, 3, 3, 3, 3, 3, 3, 3, 3, 3, 3, 3, 3, 3, 3, 3, 3, 3, 3, 3, 3, 3, 3, 3, 3, 3, 3, 3, 3, 3, 3, 3, 3, 3, 3, 3, 3, 3, 3, 3, 3, 3, 3, 3, 3, 3, 3, 3, 3, 3, 3, 3, 3, 3, 3, 3, 3, 3, 3, 3, 3, 3, 3, 3, 3, 3, 3, 3, 3, 3, 3, 3, 3, 3, 3, 3, 3, 3, 3, 3, 3, 3, 3, 3, 3, 3, 3, 3, 3, 3, 3, 3, 3, 3, 3, 3, 3, 3, 3, 3, 3, 3, 3, 3, 3, 3, 3, 3, 3, 3, 3, 3, 3, 3, 3, 3, 3, 3, 3, 3, 3, 3, 3, 3, 3, 3, 3, 3, 3, 3, 3, 3, 3, 3, 3, 3, 3, 3, 3, 3, 3, 3, 3, 3, 3, 3, 3, 3, 3, 3, 3, 3, 3, 3, 3, 3, 3, 3, 3, 3, 3, 3, 3, 3, 3, 3, 3, 3, 3, 3, 3, 3, 3, 3, 3, 3, 3, 3, 3, 3, 3, 3, 3, 3, 3, 3, 3, 3, 3, 3, 3, 3, 3, 3, 3, 3, 3, 3, 3, 3, 3, 3, 3, 3, 3, 3, 3, 3, 3, 3, 3, 3, 3, 3, 3, 3, 3, 3, 3, 3, 3, 3, 3, 3, 3, 3, 3, 3, 3, 3, 3, 3, 3, 3, 3, 3, 3, 3, 3, 3, 3, 3, 3, 3, 3, 3, 3, 3, 3, 3, 3, 3, 3, 3, 3, 3, 3, 3, 3, 3, 3, 3, 3, 3, 3, 3, 3, 3, 3, 3, 3, 3, 3, 3, 3, 3, 3, 3, 3, 3, 3, 3, 3, 3, 3, 3, 3, 3, 3, 3, 3, 3, 3, 3, 3, 3, 3, 3, 3, 3, 3, 3, 3, 3, 3, 3, 3, 3, 3, 3, 3, 3, 3, 3, 3, 3, 3, 3, 3, 3, 3, 3, 3, 3, 3, 3, 3, 3, 3, 3, 3, 3, 3, 3, 3, 3, 3, 3, 3, 3, 3, 3, 3, 3, 3, 3, 3, 3, 3, 3, 3, 3, 3, 3, 3, 3, 3, 3, 3, 3, 3, 3, 3, 3, 3, 3, 3, 3, 3, 3, 3, 3, 3, 3, 3, 3, 3, 3, 3, 3, 3, 3, 3, 3, 3, 3, 3, 3, 3, 3, 3, 3, 3, 3, 3, 3, 3, 3, 3, 3, 3, 3, 3, 3, 3, 3, 3, 3, 3, 3, 3, 3, 3, 3, 3, 3, 3, 3, 3, 3, 3, 3, 3, 3, 3, 3, 3, 3, 3, 3, 3, 3, 3, 3, 3, 3, 3, 3, 3, 3, 3, 3, 3, 3, 3, 3, 3, 3, 3, 3, 3, 3, 3, 3, 3, 3, 3, 3, 3, 3, 3, 3, 3, 3, 3, 3, 3, 3, 3, 3, 3, 3, 3, 3, 3, 3, 3, 3, 3, 3, 3, 3, 3, 3, 3, 3, 3, 3, 3, 3, 3, 3, 3, 3, 3, 3, 3, 3, 3, 3, 3, 3, 3, 3, 3, 3, 3, 3, 3, 3, 3, 3, 3, 3, 3, 3, 3, 3, 3, 3, 3, 3, 3, 3, 3, 3, 3, 3, 3, 3, 3, 3, 3, 3, 3, 3, 3, 3, 3, 3, 3, 3, 3, 3, 3, 3, 3, 3, 3, 3, 3, 3, 3, 3, 3, 3, 3, 3, 3, 3, 3, 3, 3, 3, 3, 3, 3, 3, 3, 3, 3, 3, 3, 3, 3, 3, 3, 3, 3, 3, 3, 3, 3, 3, 3, 3, 3, 3, 3, 3, 3, 3, 3, 3, 3, 3, 3, 3, 3, 3, 3, 3, 3, 3, 3, 3, 3, 3, 3, 3, 3, 3, 3, 3, 3, 3, 3, 3, 3, 3, 3, 3, 3, 3, 3, 3, 3, 3, 3, 3, 3, 3, 3, 3, 3, 3, 3, 3, 3, 3, 3, 3, 3, 3, 3, 3, 3, 3, 3, 3, 3, 3, 3, 3, 3, 3, 3, 3, 3, 3, 3, 3, 3, 3, 3, 3, 3, 3, 3, 3, 3, 3, 3, 3, 3, 3, 3, 3, 3, 3, 3, 3, 3, 3, 3, 3, 3, 3, 3, 3, 3, 3, 3, 3, 3, 3, 3, 3, 3, 3, 3, 3, 3, 3, 3, 3, 3, 3, 3, 3, 3, 3, 3, 3, 3, 3, 3, 3, 3, 3, 3, 3, 3, 3, 3, 3, 3, 3, 3, 3, 3, 3, 3, 3, 3, 3, 3, 3, 3, 3, 3, 3, 3, 3, 3, 3, 3, 3, 3, 3, 3, 3, 3, 3, 3, 3, 3, 3, 3, 3, 3, 3, 3, 3, 3, 3, 3, 3, 3, 3, 3, 3, 3, 3, 3, 3, 3, 3, 3, 3, 3, 3, 3, 3, 3, 3, 3, 3, 3, 3, 3, 3, 3, 3, 3, 3, 3, 3, 3, 3, 3, 3, 3, 3, 3, 3, 3, 3, 3, 3, 3, 3, 3, 3, 3, 3, 3, 3, 3, 3, 3, 3, 3, 3, 3, 3, 3, 3, 3, 3, 3, 3, 3, 3, 3, 3, 3, 3, 3, 3, 3, 3, 3, 3, 3, 3, 3, 3, 3, 3, 3, 3, 3, 3, 3, 3, 3, 3, 3, 3, 3, 3, 3, 3, 3, 3, 3, 3, 3, 3, 3, 3, 3, 3, 3, 3, 3, 3, 3, 3, 3, 3, 3, 3, 3, 3, 3, 3, 3, 3, 3, 3, 3, 3, 3, 3, 3, 3, 3, 3, 3, 3, 3, 3, 3, 3, 3, 3, 3, 3, 3, 3, 3, 3, 3, 3, 3, 3, 3, 3, 3, 3, 3, 3, 3, 3, 3, 3, 3, 3, 3, 3, 3, 3, 3, 3, 3, 3, 3, 3, 3, 3, 3, 3, 3, 3, 3, 3, 3, 3, 3, 3, 3, 3, 3, 3, 3, 3, 3, 3, 3, 3, 3, 3, 3, 3, 3, 3, 3, 3, 3, 3, 3, 3, 3, 3, 3, 3, 3, 3, 3, 3, 3, 3, 3, 3, 3, 3, 3, 3, 3, 3, 3, 3, 3, 3, 3, 3, 3, 3, 3, 3, 3, 3, 3, 3, 3, 3, 3, 3, 3, 3, 3, 3, 3, 3, 3, 3, 3, 3, 3, 3, 3, 3, 3, 3, 3, 3, 3, 3, 3, 3, 3, 3, 3, 3, 3, 3, 3, 3, 3, 3, 3, 3, 3, 3, 3, 3, 3, 3, 3, 3, 3, 3, 3, 3, 3, 3, 3, 3, 3, 3, 3, 3, 3, 3, 3, 3, 3, 3, 3, 3, 3, 3, 3, 3, 3, 3, 3, 3, 3, 3, 3, 3, 3, 3, 3, 3, 3, 3, 3, 3, 3, 3, 3, 3, 3, 3, 3, 3, 3, 3, 3, 3, 3, 3, 3, 3, 3, 3, 3, 3, 3, 3, 3, 3, 3, 3, 3, 3, 3, 3, 3, 3, 3, 3, 3, 3, 3, 3, 3, 3, 3, 3, 3, 3, 3, 3, 3, 3, 3, 3, 3, 3, 3, 3, 3, 3, 3, 3, 3, 3, 3, 3, 3, 3, 3, 3, 3, 3, 3, 3, 3, 3, 3, 3, 3, 3, 3, 3, 3, 3, 3, 3, 3, 3, 3, 3, 3, 3, 3, 3, 3, 3, 3, 3, 3, 3, 3, 3, 3, 3, 3, 3, 3, 3, 3, 3, 3, 3, 3, 3, 3, 3, 3, 3, 3, 3, 3, 3, 3, 3, 3, 3, 3, 3, 3, 3, 3, 3, 3, 3, 3, 3, 3, 3, 3, 3, 3, 3, 3, 3, 3, 3, 3, 3, 3, 3, 3, 3, 3, 3, 3, 3, 3, 3, 3, 3, 3, 3, 3, 3, 3, 3, 3, 3, 3, 3, 3, 3, 3, 3, 3, 3, 3, 3, 3, 3, 3, 3, 3, 3, 3, 3, 3, 3, 3, 3, 3, 3, 3, 3, 3, 3, 3, 3, 3, 3, 3, 3, 3, 3, 3, 3, 3, 3, 3, 3, 3, 3, 3, 3, 3, 3, 3, 3, 3, 3, 3, 3, 3, 3, 3, 3, 3, 3, 3, 3, 3, 3, 3, 3, 3, 3, 3, 3, 3, 3, 3, 3, 3, 3, 3, 3, 3, 3, 3, 3, 3, 3, 3, 3, 3, 3, 3, 3, 3, 3, 3, 3, 3, 3, 3, 3, 3, 3, 3, 3, 3, 3, 3, 3, 3, 3, 3, 3, 3, 3, 3, 3, 3, 3, 3, 3, 3, 3, 3, 3, 3, 3, 3, 3, 3, 3, 3, 3, 3, 3, 3, 3, 3, 3, 3, 3, 3, 3, 3, 3, 3, 3, 3, 3, 3, 3, 3, 3, 3, 3, 3, 3, 3, 3, 3, 3, 3, 3, 3, 3, 3, 3, 3, 3, 3, 3, 3, 3, 3, 3, 3, 3, 3, 3, 3, 3, 3, 3, 3, 3, 3, 3, 3, 3, 3, 3, 3, 3, 3, 3, 3, 3, 3, 3, 3, 3, 3, 3, 3, 3, 3, 3, 3, 3, 3, 3, 3, 3, 3, 3, 3, 3, 3, 3, 3, 3, 3, 3, 3, 3, 3, 3, 3, 3, 3, 3, 3, 3, 3, 3, 3, 3, 3, 3, 3, 3, 3, 3, 3, 3, 3, 3, 3, 3, 3, 3, 3, 3, 3, 3, 3, 3, 3, 3, 3, 3, 3, 3, 3, 3, 3, 3, 3, 3, 3, 3, 3, 3, 3, 3, 3, 3, 3, 3, 3, 3, 3, 3, 3, 3, 3, 3, 3, 3, 3, 3, 3, 3, 3, 3, 3, 3, 3, 3, 3, 3, 3, 3, 3, 3, 3, 3, 3, 3, 3, 3, 3, 3, 3, 3, 3, 3, 3, 3, 3, 3, 3, 3, 3, 3, 3, 3, 3, 3, 3, 3, 3, 3, 3, 3, 3, 3, 3, 3, 3, 3, 3, 3, 3, 3, 3, 3, 3, 3, 3, 3, 3, 3, 3, 3, 3, 3, 3, 3, 3, 3, 3, 3, 3, 3, 3, 3, 3, 3, 3, 3, 3, 3, 3, 3, 3, 3, 3, 3, 3, 3, 3, 3, 3, 3, 3, 3, 3, 3, 3, 3, 3, 3, 3, 3, 3, 3, 3, 3, 3, 3, 3, 3, 3, 3, 3, 3, 3, 3, 3, 3, 3, 3, 3, 3, 3, 3, 3, 3, 3, 3, 3, 3, 3, 3, 3, 3, 3, 3, 3, 3, 3, 3, 3, 3, 3, 3, 3, 3, 3, 3, 3, 3, 3, 3, 3, 3, 3, 3, 3, 3, 3, 3, 3, 3, 3, 3, 3, 3, 3, 3, 3, 3, 3, 3, 3, 3, 3, 3, 3, 3, 3, 3, 3, 3, 3, 3, 3, 3, 3, 3, 3, 3, 3, 3, 3, 3, 3, 3, 3, 3, 3, 3, 3, 3, 3, 3, 3, 3, 3, 3, 3, 3, 3, 3, 3, 3, 3, 3, 3, 3, 3, 3, 3, 3, 3, 3, 3, 3, 3, 3, 3, 3, 3, 3, 3, 3, 3, 3, 3, 3, 3, 3, 3, 3, 3, 3, 3, 3, 3, 3, 3, 3, 3, 3, 3, 3, 3, 3, 3, 3, 3, 3, 3, 3, 3, 3, 3, 3, 3, 3, 3, 3, 3, 3, 3, 3, 3, 3, 3, 3, 3, 3, 3, 3, 3, 3, 3, 3, 3, 3, 3, 3, 3, 3, 3, 3, 3, 3, 3, 3, 3, 3, 3, 3, 3, 3, 3, 3, 3, 3, 3, 3, 3, 3, 3, 3, 3, 3, 3, 3, 3, 3, 3, 3, 3, 3, 3, 3, 3, 3, 3, 3, 3, 3, 3, 3, 3, 3, 3, 3, 3, 3, 3, 3, 3, 3, 3, 3, 3, 3, 3, 3, 3, 3, 3, 3, 3, 3, 3, 3, 3, 3, 3, 3, 3, 3, 3, 3, 3, 3, 3, 3, 3, 3, 3, 3, 3, 3, 3, 3, 3, 3, 3, 3, 3, 3, 3, 3, 3, 3, 3, 3, 3, 3, 3, 3, 3, 3, 3, 3, 3, 3, 3, 3, 3, 3, 3, 3, 3, 3, 3, 3, 3, 3, 3, 3, 3, 3, 3, 3, 3, 3, 3, 3, 3, 3, 3, 3, 3, 3, 3, 3, 3, 3, 3, 3, 3, 3, 3, 3, 3, 3, 3, 3, 3, 3, 3, 3, 3, 3, 3, 3, 3, 3, 3, 3, 3, 3, 3, 3, 3, 3, 3, 3, 3, 3, 3, 3, 3, 3, 3, 3, 3, 3, 3, 3, 3, 3, 3, 3, 3, 3, 3, 3, 3, 3, 3, 3, 3, 3, 3, 3, 3, 3, 3, 3, 3, 3, 3, 3, 3, 3, 3, 3, 3, 3, 3, 3, 3, 3, 3, 3, 3, 3, 3, 3, 3, 3, 3, 3, 3, 3, 3, 3, 3, 3, 3, 3, 3, 3, 3, 3, 3, 3, 3, 3, 3, 3, 3, 3, 3, 3, 3, 3, 3, 3, 3, 3, 3, 3, 3, 3, 3, 3, 3, 3, 3, 3, 3, 3, 3, 3, 3, 3, 3, 3, 3, 3, 3, 3, 3, 3, 3, 3, 3, 3, 3, 3, 3, 3, 3, 3, 3, 3, 3, 3, 3, 3, 3, 3, 3, 3, 3, 3, 3, 3, 3, 3, 3, 3, 3, 3, 3, 3, 3, 3, 3, 3, 3, 3, 3, 3, 3, 3, 3, 3, 3, 3, 3, 3, 3, 3, 3, 3, 3, 3, 3, 3, 3, 3, 3, 3, 3, 3, 3, 3, 3, 3, 3, 3, 3, 3, 3, 3, 3, 3, 3, 3, 3, 3, 3, 3, 3, 3, 3, 3, 3, 3, 3, 3, 3, 3, 3, 3, 3, 3, 3, 3, 3, 3, 3, 3, 3, 3, 3, 3, 3, 3, 3, 3, 3, 3, 3, 3, 3, 3, 3, 3, 3, 3, 3, 3, 3, 3, 3, 3, 3, 3, 3, 3, 3, 3, 3, 3, 3, 3, 3, 3, 3, 3, 3, 3, 3, 3, 3, 3, 3, 3, 3, 3, 3, 3, 3, 3, 3, 3, 3, 3, 3, 3, 3, 3, 3, 3, 3, 3, 3, 3, 3, 3, 3, 3, 3, 3, 3, 3, 3, 3, 3, 3, 3, 3, 3, 3, 3, 3, 3, 3, 3, 3, 3, 3, 3, 3, 3, 3, 3, 3, 3, 3, 3, 3, 3, 3, 3, 3, 3, 3, 3, 3, 3, 3, 3, 3, 3, 3, 3, 3, 3, 3, 3, 3, 3, 3, 3, 3, 3, 3, 3, 3, 3, 3, 3, 3, 3, 3, 3, 3, 3, 3, 3, 3, 3, 3, 3, 3, 3, 3, 3, 3, 3, 3, 3, 3, 3, 3, 3, 3, 3, 3, 3, 3, 3, 3, 3, 3, 3, 3, 3, 3, 3, 3, 3, 3, 3, 3, 3, 3, 3, 3, 3, 3, 3, 3, 3, 3, 3, 3, 3, 3, 3, 3, 3, 3, 3, 3, 3, 3, 3, 3, 3, 3, 3, 3, 3, 3, 3, 3, 3, 3, 3, 3, 3, 3, 3, 3, 3, 3, 3, 3, 3, 3, 3, 3, 3, 3, 3, 3, 3, 3, 3, 3, 3, 3, 3, 3, 3, 3, 3, 3, 3, 3, 3, 3, 3, 3, 3, 3, 3, 3, 3, 3, 3, 3, 3, 3, 3, 3, 3, 3, 3, 3, 3, 3, 3, 3, 3, 3, 3, 3, 3, 3, 3, 3, 3, 3, 3, 3, 3, 3, 3, 3, 3, 3, 3, 3, 3, 3, 3, 3, 3, 3, 3, 3, 3, 3, 3, 3, 3, 3, 3, 3, 3, 3, 3, 3, 3, 3, 3, 3, 3, 3, 3, 3, 3, 3, 3, 3, 3, 3, 3, 3, 3, 3, 3, 3, 3, 3, 3, 3, 3, 3, 3, 3, 3, 3, 3, 3, 3, 3, 3, 3, 3, 3, 3, 3, 3, 3, 3, 3, 3, 3, 3, 3, 3, 3, 3, 3, 3, 3, 3, 3, 3, 3, 3, 3, 3, 3, 3, 3, 3, 3, 3, 3, 3, 3, 3, 3, 3, 3, 3, 3, 3, 3, 3, 3, 3, 3, 3, 3, 3, 3, 3, 3, 3, 3, 3, 3, 3, 3, 3, 3, 3, 3, 3, 3, 3, 3, 3, 3, 3, 3, 3, 3, 3, 3, 3, 3, 3, 3, 3, 3, 3, 3, 3, 3, 3, 3, 3, 3, 3, 3, 3, 3, 3, 3, 3, 3, 3, 3, 3, 3, 3, 3, 3, 3, 3, 3, 3, 3, 3, 3, 3, 3, 3, 3, 3, 3, 3, 3, 3, 3, 3, 3, 3, 3, 3, 3, 3, 3, 3, 3, 3, 3, 3, 3, 3, 3, 3, 3, 3, 3, 3, 3, 3, 3, 3, 3, 3, 3, 3, 3, 3, 3, 3, 3, 3, 3, 3, 3, 3, 3, 3, 3, 3, 3, 3, 3, 3, 3, 3, 3, 3, 3, 3, 3, 3, 3, 3, 3, 3, 3, 3, 3, 3, 3, 3, 3, 3, 3, 3, 3, 3, 3, 3, 3, 3, 3, 3, 3, 3, 3, 3, 3, 3, 3, 3, 3, 3, 3, 3, 3, 3, 3, 3, 3, 3, 3, 3, 3, 3, 3, 3, 3, 3, 3, 3, 3, 3, 3, 3, 3, 3, 3, 3, 3, 3, 3, 3, 3, 3, 3, 3, 3, 3, 3, 3, 3, 3, 3, 3, 3, 3, 3, 3, 3, 3, 3, 3, 3, 3, 3, 3, 3, 3, 3, 3, 3, 3, 3, 3, 3, 3, 3, 3, 3, 3, 3, 3, 3, 3, 3, 3, 3, 3, 3, 3, 3, 3, 3, 3, 3, 3, 3, 3, 3, 3, 3, 3, 3, 3, 3, 3, 3, 3, 3, 3, 3, 3, 3, 3, 3, 3, 3, 3, 3, 3, 3, 3, 3, 3, 3, 3, 3, 3, 3, 3, 3, 3, 3, 3, 3, 3, 3, 3, 3, 3, 3, 3, 3, 3, 3, 3, 3, 3, 3, 3, 3, 3, 3, 3, 3, 3, 3, 3, 3, 3, 3, 3, 3, 3, 3, 3, 3, 3, 3, 3, 3, 3, 3, 3, 3, 3, 3, 3, 3, 3, 3, 3, 3, 3, 3, 3, 3, 3, 3, 3, 3, 3, 3, 3, 3, 3, 3, 3, 3, 3, 3, 3, 3, 3, 3, 3, 3, 3, 3, 3, 3, 3, 3, 3, 3, 3, 3, 3, 3, 3, 3, 3, 3, 3, 3, 3, 3, 3, 3, 3, 3, 3, 3, 3, 3, 3, 3, 3, 3, 3, 3, 3, 3, 3, 3, 3, 3, 3, 3, 3, 3, 3, 3, 3, 3, 3, 3, 3, 3, 3, 3, 3, 3, 3, 3, 3, 3, 3, 3, 3, 3, 3, 3, 3, 3, 3, 3, 3, 3, 3, 3, 3, 3, 3, 3, 3, 3, 3, 3, 3, 3, 3, 3, 3, 3, 3, 3, 3, 3, 3, 3, 3, 3, 3, 3, 3, 3, 3, 3, 3, 3, 3, 3, 3, 3, 3, 3, 3, 3, 3, 3, 3, 3, 3, 3, 3, 3, 3, 3, 3, 3, 3, 3, 3, 3, 3, 3, 3, 3, 3, 3, 3, 3, 3, 3, 3, 3, 3, 3, 3, 3, 3, 3, 3, 3, 3, 3, 3, 3, 3, 3, 3, 3, 3, 3, 3, 3, 3, 3, 3, 3, 3, 3, 3, 3, 3, 3, 3, 3, 3, 3, 3, 3, 3, 3, 3, 3, 3, 3, 3, 3, 3, 3, 3, 3, 3, 3, 3, 3, 3, 3, 3, 3, 3, 3, 3, 3, 3, 3, 3, 3, 3, 3, 3, 3, 3, 3, 3, 3, 3, 3, 3, 3, 3, 3, 3, 3, 3, 3, 3, 3, 3, 3, 3, 3, 3, 3, 3, 3, 3, 3, 3, 3, 3, 3, 3, 3, 3, 3, 3, 3, 3, 3, 3, 3, 3, 3, 3, 3, 3, 3, 3, 3, 3, 3, 3, 3, 3, 3, 3, 3, 3, 3, 3, 3, 3, 3, 3, 3, 3, 3, 3, 3, 3, 3, 3, 3, 3, 3, 3, 3, 3, 3, 3, 3, 3, 3, 3, 3, 3, 3, 3, 3, 3, 3, 3, 3, 3, 3, 3, 3, 3, 3, 3, 3, 3, 3, 3, 3, 3, 3, 3, 3, 3, 3, 3, 3, 3, 3, 3, 3, 3, 3, 3, 3, 3, 3, 3, 3, 3, 3, 3, 3, 3, 3, 3, 3, 3, 3, 3, 3, 3, 3, 3, 3, 3, 3, 3, 3, 3, 3, 3, 3, 3, 3, 3, 3, 3, 3, 3, 3, 3, 3, 3, 3, 3, 3, 3, 3, 3, 3, 3, 3, 3, 3, 3, 3, 3, 3, 3, 3, 3, 3, 3, 3, 3, 3, 3, 3, 3, 3, 3, 3, 3, 3, 3, 3, 3, 3, 3, 3, 3, 3, 3, 3, 3, 3, 3, 3, 3, 3, 3, 3, 3, 3, 3, 3, 3, 3, 3, 3, 3, 3, 3, 3, 3, 3, 3, 3, 3, 3, 3, 3, 3, 3, 3, 3, 3, 3, 3, 3, 3, 3, 3, 3, 3, 3, 3, 3, 3, 3, 3, 3, 3, 3, 3, 3, 3, 3, 3, 3, 3, 3, 3, 3, 3, 3, 3, 3, 3, 3, 3, 3, 3, 3, 3, 3, 3, 3, 3, 3, 3, 3, 3, 3, 3, 3, 3, 3, 3, 3, 3, 3, 3, 3, 3, 3, 3, 3, 3, 3, 3, 3, 3, 3, 3, 3, 3, 3, 3, 3, 3, 3, 3, 3, 3, 3, 3, 3, 3, 3, 3, 3, 3, 3, 3, 3, 3, 3, 3, 3, 3, 3, 3, 3, 3, 3, 3, 3, 3, 3, 3, 3, 3, 3, 3, 3, 3, 3, 3, 3, 3, 3, 3, 3, 3, 3, 3, 3, 3, 3, 3, 3, 3, 3, 3, 3, 3, 3, 3, 3, 3, 3, 3, 3, 3, 3, 3, 3, 3, 3, 3, 3, 3, 3, 3, 3, 3, 3, 3, 3, 3, 3, 3, 3, 3, 3, 3, 3, 3, 3, 3, 3, 3, 3, 3, 3, 3, 3, 3, 3, 3, 3, 3, 3, 3, 3, 3, 3, 3, 3, 3, 3, 3, 3, 3, 3, 3, 3, 3, 3, 3, 3, 3, 3, 3, 3, 3, 3, 3, 3, 3, 3, 3, 3, 3, 3, 3, 3, 3, 3, 3, 3, 3, 3, 3, 3, 3, 3, 3, 3, 3, 3, 3, 3, 3, 3, 3, 3, 3, 3, 3, 3, 3, 3, 3, 3, 3, 3, 3, 3, 3, 3, 3, 3, 3, 3, 3, 3, 3, 3, 3, 3, 3, 3, 3, 3, 3, 3, 3, 3, 3, 3, 3, 3, 3, 3, 3, 3, 3, 3, 3, 3, 3, 3, 3, 3, 3, 3, 3, 3, 3, 3, 3, 3, 3, 3, 3, 3, 3, 3, 3, 3, 3, 3, 3, 3, 3, 3, 3, 3, 3, 3, 3, 3, 3, 3, 3, 3, 3, 3, 3, 3, 3, 3, 3, 3, 3, 3, 3, 3, 3, 3, 3, 3, 3, 3, 3, 3, 3, 3, 3, 3, 3, 3, 3, 3, 3, 3, 3, 3, 3, 3, 3, 3, 3, 3, 3, 3, 3, 3, 3, 3, 3, 3, 3, 3, 3, 3, 3, 3, 3, 3, 3, 3, 3, 3, 3, 3, 3, 3, 3, 3, 3, 3, 3, 3, 3, 3, 3, 3, 3, 3, 3, 3, 3, 3, 3, 3, 3, 3, 3, 3, 3, 3, 3, 3, 3, 3, 3, 3, 3, 3, 3, 3, 3, 3, 3, 3, 3, 3, 3, 3, 3, 3, 3, 3, 3, 3, 3, 3, 3, 3, 3, 3, 3, 3, 3, 3, 3, 3, 3, 3, 3, 3, 3, 3, 3, 3, 3, 3, 3, 3, 3, 3, 3, 3, 3, 3, 3, 3, 3, 3, 3, 3, 3, 3, 3, 3, 3, 3, 3, 3, 3, 3, 3, 3, 3, 3, 3, 3, 3, 3, 3, 3, 3, 3, 3, 3, 3, 3, 3, 3, 3, 3, 3, 3, 3, 3, 3, 3, 3, 3, 3, 3, 3, 3, 3, 3, 3, 3, 3, 3, 3, 3, 3, 3, 3, 3, 3, 3, 3, 3, 3, 3, 3, 3, 3, 3, 3, 3, 3, 3, 3, 3, 3, 3, 3, 3, 3, 3, 3, 3, 3, 3, 3, 3, 3, 3, 3, 3, 3, 3, 3, 3, 3, 3, 3, 3, 3, 3, 3, 3, 3, 3, 3, 3, 3, 3, 3, 3, 3, 3, 3, 3, 3, 3, 3, 3, 3, 3, 3, 3, 3, 3, 3, 3, 3, 3, 3, 3, 3, 3, 3, 3, 3, 3, 3, 3, 3, 3, 3, 3, 3, 3, 3, 3, 3, 3, 3, 3, 3, 3, 3, 3, 3, 3, 3, 3, 3, 3, 3, 3, 3, 3, 3, 3, 3, 3, 3, 3, 3, 3, 3, 3, 3, 3, 3, 3, 3, 3, 3, 3, 3, 3, 3, 3, 3, 3, 3, 3, 3, 3, 3, 3, 3, 3, 3, 3, 3, 3, 3, 3, 3, 3, 3, 3, 3, 3, 3, 3, 3, 3, 3, 3, 3, 3, 3, 3, 3, 3, 3, 3, 3, 3, 3, 3, 3, 3, 3, 3, 3, 3, 3, 3, 3, 3, 3, 3, 3, 3, 3, 3, 3, 3, 3, 3, 3, 3, 3, 3, 3, 3, 3, 3, 3, 3, 3, 3, 3, 3, 3, 3, 3, 3, 3, 3, 3, 3, 3, 3, 3, 3, 3, 3, 3, 3, 3, 3, 3, 3, 3, 3, 3, 3, 3, 3, 3, 3, 3, 3, 3, 3, 3, 3, 3, 3, 3, 3, 3, 3, 3, 3, 3, 3, 3, 3, 3, 3, 3, 3, 3, 3, 3, 3, 3, 3, 3, 3, 3, 3, 3, 3, 3, 3, 3, 3, 3, 3, 3, 3, 3, 3, 3, 3, 3, 3, 3, 3, 3, 3, 3, 3, 3, 3, 3, 3, 3, 3, 3, 3, 3, 3, 3, 3, 3, 3, 3, 3, 3, 3, 3, 3, 3, 3, 3, 3, 3, 3, 3, 3, 3, 3, 3, 3, 3, 3, 3, 3, 3, 3, 3, 3, 3, 3, 3, 3, 3, 3, 3, 3, 3, 3, 3, 3, 3, 3, 3, 3, 3, 3, 3, 3, 3, 3, 3, 3, 3, 3, 3, 3, 3, 3, 3, 3, 3, 3, 3, 3, 3, 3, 3, 3, 3, 3, 3, 3, 3, 3, 3, 3, 3, 3, 3, 3, 3, 3, 3, 3, 3, 3, 3, 3, 3, 3, 3, 3, 3, 3, 3, 3, 3, 3, 3, 3, 3, 3, 3, 3, 3, 3, 3, 3, 3, 3, 3, 3, 3, 3, 3, 3, 3, 3, 3, 3, 3, 3, 3, 3, 3, 3, 3, 3, 3, 3, 3, 3, 3, 3, 3, 3, 3, 3, 3, 3, 3, 3, 3, 3, 3, 3, 3, 3, 3, 3, 3, 3, 3, 3, 3, 3, 3, 3, 3, 3, 3, 3, 3, 3, 3, 3, 3, 3, 3, 3, 3, 3, 3, 3, 3, 3, 3, 3, 3, 3, 3, 3, 3, 3, 3, 3, 3, 3, 3, 3, 3, 3, 3, 3, 3, 3, 3, 3, 3, 3, 3, 3, 3, 3, 3, 3, 3, 3, 3, 3, 3, 3, 3, 3, 3, 3, 3, 3, 3, 3, 3, 3, 3, 3, 3, 3, 3, 3, 3, 3, 3, 3, 3, 3, 3, 3, 3, 3, 3, 3, 3, 3, 3, 3, 3, 3, 3, 3, 3, 3, 3, 3, 3, 3, 3, 3, 3, 3, 3, 3, 3, 3, 3, 3, 3, 3, 3, 3, 3, 3, 3, 3, 3, 3, 3, 3, 3, 3, 3, 3, 3, 3, 3, 3, 3, 3, 3, 3, 3, 3, 3, 3, 3, 3, 3, 3, 3, 3, 3, 3, 3, 3, 3, 3, 3, 3, 3, 3, 3, 3, 3, 3, 3, 3, 3, 3, 3, 3, 3, 3, 3, 3, 3, 3, 3, 3, 3, 3, 3, 3, 3, 3, 3, 3, 3, 3, 3, 3, 3, 3, 3, 3, 3, 3, 3, 3, 3, 3, 3, 3, 3, 3, 3, 3, 3, 3, 3, 3, 3, 3, 3, 3, 3, 3, 3, 3, 3, 3, 3, 3, 3, 3, 3, 3, 3, 3, 3, 3, 3, 3, 3, 3, 3, 3, 3, 3, 3, 3, 3, 3, 3, 3, 3, 3, 3, 3, 3, 3, 3, 3, 3, 3, 3, 3, 3, 3, 3, 3, 3, 3, 3, 3, 3, 3, 3, 3, 3, 3, 3, 3, 3, 3, 3, 3, 3, 3, 3, 3, 3, 3, 3, 3, 3, 3, 3, 3, 3, 3, 3, 3, 3, 3, 3, 3, 3, 3, 3, 3, 3, 3, 3, 3, 3, 3, 3, 3, 3, 3, 3, 3, 3, 3, 3, 3, 3, 3, 3, 3, 3, 3, 3, 3, 3, 3, 3, 3, 3, 3, 3, 3, 3, 3, 3, 3, 3, 3, 3, 3, 3, 3, 3, 3, 3, 3, 3, 3, 3, 3, 3, 3, 3, 3, 3, 3, 3, 3, 3, 3, 3, 3, 3, 3, 3, 3, 3, 3, 3, 3, 3, 3, 3, 3, 3, 3, 3, 3, 3, 3, 3, 3, 3, 3, 3, 3, 3, 3, 3, 3, 3, 3, 3, 3, 3, 3, 3, 3, 3, 3, 3, 3, 3, 3, 3, 3, 3, 3, 3, 3, 3, 3, 3, 3, 3, 3, 3, 3, 3, 3, 3, 3, 3, 3, 3, 3, 3, 3, 3, 3, 3, 3, 3, 3, 3, 3, 3, 3, 3, 3, 3, 3, 3, 3, 3, 3, 3, 3, 3, 3, 3, 3, 3, 3, 3, 3, 3, 3, 3, 3, 3, 3, 3, 3, 3, 3, 3, 3, 3, 3, 3, 3, 3, 3, 3, 3, 3, 3, 3, 3, 3, 3, 3, 3, 3, 3, 3, 3, 3, 3, 3, 3, 3, 3, 3, 3, 3, 3, 3, 3, 3, 3, 3, 3, 3, 3, 3, 3, 3, 3, 3, 3, 3, 3, 3, 3, 3, 3, 3, 3, 3, 3, 3, 3, 3, 3, 3, 3, 3, 3, 3, 3, 3, 3, 3, 3, 3, 3, 3, 3, 3, 3, 3, 3, 3, 3, 3, 3, 3, 3, 3, 3, 3, 3, 3, 3, 3, 3, 3, 3, 3, 3, 3, 3, 3, 3, 3, 3, 3, 3, 3, 3, 3, 3, 3, 3, 3, 3, 3, 3, 3, 3, 3, 3, 3, 3, 3, 3, 3, 3, 3, 3]
        int[] faceVertexIndices = [4, 5, 6, 6, 7, 4, 10, 11, 12, 12, 13, 10, 14, 11, 10, 10, 15, 14, 861, 760, 921, 921, 864, 861, 123, 819, 818, 716, 641, 946, 946, 900, 716, 66, 65, 899, 899, 893, 66, 823, 372, 722, 0, 1, 2, 2, 3, 0, 24, 25, 26, 26, 27, 24, 28, 29, 30, 30, 31, 28, 30, 29, 32, 32, 33, 30, 34, 35, 36, 36, 37, 34, 915, 810, 811, 811, 822, 915, 972, 412, 936, 936, 161, 972, 16, 17, 18, 18, 19, 16, 20, 21, 22, 22, 23, 20, 781, 728, 745, 788, 823, 824, 824, 446, 788, 831, 832, 833, 833, 834, 831, 588, 578, 579, 579, 351, 588, 756, 281, 835, 70, 581, 668, 668, 667, 70, 67, 70, 667, 667, 499, 67, 339, 555, 636, 636, 635, 339, 722, 824, 823, 745, 744, 781, 560, 416, 826, 826, 827, 560, 828, 815, 204, 204, 206, 828, 552, 829, 14, 14, 15, 552, 25, 24, 212, 212, 469, 25, 42, 43, 44, 44, 45, 42, 823, 788, 791, 791, 373, 823, 990, 817, 820, 820, 48, 990, 69, 137, 634, 634, 582, 69, 435, 453, 848, 192, 216, 219, 219, 845, 192, 358, 357, 792, 792, 652, 358, 137, 756, 836, 836, 634, 137, 849, 650, 301, 482, 816, 697, 6, 5, 471, 471, 42, 6, 50, 49, 842, 842, 376, 50, 813, 701, 702, 702, 503, 813, 848, 432, 435, 353, 352, 414, 414, 578, 353, 832, 291, 313, 846, 77, 76, 76, 572, 846, 618, 484, 814, 814, 815, 618, 697, 481, 482, 894, 948, 427, 427, 426, 894, 284, 910, 672, 672, 669, 284, 55, 56, 57, 57, 58, 55, 59, 60, 61, 61, 62, 59, 802, 850, 532, 321, 498, 592, 541, 693, 692, 692, 808, 541, 531, 706, 708, 708, 532, 531, 764, 680, 679, 679, 809, 764, 281, 756, 755, 59, 496, 151, 151, 150, 59, 810, 76, 79, 79, 811, 810, 640, 23, 231, 231, 230, 640, 532, 708, 802, 63, 64, 65, 65, 66, 63, 649, 967, 965, 965, 302, 649, 851, 852, 775, 775, 549, 851, 74, 559, 52, 755, 794, 281, 301, 270, 849, 273, 272, 666, 666, 433, 273, 313, 833, 832, 914, 752, 698, 698, 571, 914, 221, 423, 246, 246, 222, 221, 561, 560, 827, 715, 714, 856, 856, 857, 715, 858, 348, 351, 351, 502, 858, 592, 318, 321, 327, 864, 865, 865, 328, 327, 548, 547, 567, 739, 732, 731, 731, 740, 739, 882, 917, 932, 932, 295, 882, 586, 585, 853, 853, 854, 586, 827, 855, 561, 69, 70, 67, 904, 945, 584, 584, 583, 904, 707, 695, 697, 697, 984, 707, 705, 696, 695, 695, 706, 705, 567, 566, 548, 612, 699, 754, 754, 786, 612, 52, 51, 74, 801, 707, 984, 984, 956, 801, 404, 403, 449, 449, 72, 404, 67, 68, 69, 985, 450, 973, 973, 743, 985, 163, 152, 151, 493, 866, 867, 867, 868, 493, 554, 314, 317, 317, 869, 554, 876, 720, 80, 488, 680, 297, 297, 296, 488, 73, 74, 51, 51, 75, 73, 76, 77, 78, 78, 79, 76, 790, 959, 990, 990, 791, 790, 652, 379, 861, 861, 653, 652, 862, 477, 463, 463, 462, 862, 262, 116, 685, 685, 177, 262, 593, 867, 62, 62, 61, 593, 803, 799, 804, 804, 805, 803, 361, 730, 806, 806, 362, 361, 126, 710, 704, 704, 127, 126, 729, 611, 859, 859, 860, 729, 455, 287, 286, 911, 910, 143, 143, 142, 911, 827, 826, 303, 303, 576, 827, 151, 160, 163, 278, 794, 795, 795, 796, 278, 77, 83, 84, 84, 78, 77, 85, 86, 87, 87, 88, 85, 89, 90, 91, 91, 92, 89, 93, 94, 95, 286, 341, 455, 708, 707, 801, 801, 802, 708, 367, 547, 396, 396, 364, 367, 577, 870, 871, 871, 576, 577, 872, 577, 873, 873, 874, 872, 80, 750, 876, 720, 734, 735, 735, 168, 720, 842, 877, 377, 377, 376, 842, 753, 458, 878, 353, 587, 240, 240, 239, 353, 111, 112, 113, 255, 846, 572, 735, 623, 701, 701, 793, 735, 56, 55, 102, 102, 101, 56, 883, 131, 884, 884, 885, 883, 97, 98, 99, 99, 100, 97, 101, 102, 103, 103, 104, 101, 105, 101, 104, 104, 106, 105, 107, 108, 109, 109, 110, 107, 437, 436, 879, 875, 745, 728, 728, 727, 875, 197, 991, 992, 992, 195, 197, 195, 992, 638, 638, 230, 195, 95, 96, 93, 200, 797, 688, 688, 201, 200, 878, 830, 753, 116, 115, 207, 207, 685, 116, 878, 458, 461, 461, 190, 878, 879, 880, 437, 800, 637, 2, 786, 787, 613, 613, 612, 786, 788, 789, 790, 632, 631, 387, 387, 887, 632, 619, 622, 430, 430, 429, 619, 813, 889, 793, 790, 791, 788, 357, 47, 50, 50, 792, 357, 491, 886, 655, 655, 492, 491, 572, 256, 255, 2, 812, 800, 117, 118, 115, 119, 111, 114, 114, 120, 119, 218, 217, 828, 828, 244, 218, 884, 746, 448, 448, 888, 884, 793, 701, 813, 295, 294, 658, 658, 882, 295, 909, 911, 142, 142, 147, 909, 659, 658, 294, 294, 969, 659, 113, 114, 111, 115, 116, 117, 832, 831, 895, 483, 539, 542, 542, 484, 483, 381, 380, 396, 396, 547, 381, 854, 853, 901, 901, 405, 854, 403, 417, 420, 876, 564, 893, 893, 734, 876, 593, 332, 805, 805, 898, 593, 893, 899, 624, 426, 569, 83, 83, 894, 426, 895, 292, 832, 124, 125, 126, 126, 127, 124, 128, 129, 130, 130, 131, 128, 896, 897, 761, 761, 261, 896, 487, 737, 678, 678, 488, 487, 620, 221, 220, 220, 621, 620, 700, 135, 444, 444, 890, 700, 661, 844, 891, 891, 662, 661, 439, 359, 906, 906, 958, 439, 775, 485, 776, 776, 777, 775, 740, 731, 778, 778, 247, 740, 576, 871, 855, 855, 827, 576, 906, 651, 326, 326, 737, 906, 525, 780, 779, 555, 554, 869, 869, 636, 555, 867, 593, 898, 898, 904, 867, 902, 903, 422, 422, 421, 902, 425, 548, 566, 68, 136, 137, 137, 69, 68, 138, 139, 140, 140, 141, 138, 418, 417, 986, 908, 909, 147, 147, 146, 908, 779, 522, 525, 420, 449, 403, 624, 734, 893, 900, 872, 874, 874, 717, 900, 70, 69, 582, 582, 581, 70, 132, 133, 134, 134, 135, 132, 914, 570, 915, 915, 459, 914, 252, 251, 765, 765, 766, 252, 767, 535, 538, 538, 46, 767, 269, 896, 261, 261, 209, 269, 774, 250, 265, 910, 911, 647, 647, 672, 910, 451, 150, 153, 153, 360, 451, 335, 908, 897, 897, 896, 335, 566, 426, 425, 454, 453, 591, 768, 769, 770, 770, 771, 768, 328, 772, 773, 773, 325, 328, 180, 198, 199, 199, 181, 180, 265, 264, 774, 142, 143, 144, 144, 145, 142, 146, 147, 148, 148, 149, 146, 953, 952, 808, 986, 275, 418, 617, 213, 344, 344, 628, 617, 276, 920, 874, 874, 873, 276, 158, 21, 575, 575, 918, 158, 342, 213, 215, 215, 57, 342, 777, 776, 919, 919, 382, 777, 913, 917, 916, 591, 913, 454, 374, 47, 357, 357, 356, 374, 621, 220, 758, 758, 759, 621, 866, 496, 59, 59, 62, 866, 424, 977, 536, 56, 343, 342, 342, 57, 56, 978, 980, 521, 521, 409, 978, 680, 764, 500, 500, 297, 680, 916, 454, 913, 899, 780, 912, 912, 624, 899, 806, 730, 935, 935, 883, 806, 808, 692, 953, 150, 151, 152, 152, 153, 150, 536, 421, 424, 217, 618, 815, 815, 828, 217, 752, 914, 459, 459, 458, 752, 409, 751, 630, 630, 410, 409, 752, 753, 754, 754, 698, 752, 436, 128, 860, 136, 755, 756, 756, 137, 136, 923, 829, 924, 515, 4, 17, 17, 16, 515, 929, 930, 816, 931, 523, 522, 809, 679, 773, 773, 966, 809, 863, 12, 11, 829, 552, 505, 366, 365, 925, 868, 904, 583, 583, 922, 868, 860, 859, 436, 992, 991, 885, 885, 981, 992, 154, 155, 156, 156, 157, 154, 21, 158, 159, 159, 22, 21, 160, 161, 162, 162, 163, 160, 864, 327, 653, 933, 312, 290, 23, 22, 602, 602, 600, 23, 497, 258, 625, 625, 643, 497, 210, 939, 466, 474, 611, 729, 654, 934, 655, 657, 656, 733, 273, 433, 432, 147, 142, 145, 145, 148, 147, 590, 807, 591, 917, 783, 932, 653, 861, 864, 549, 775, 777, 777, 381, 549, 182, 262, 177, 177, 176, 182, 699, 132, 135, 135, 700, 699, 841, 821, 927, 927, 539, 841, 516, 518, 228, 228, 229, 516, 925, 514, 366, 543, 926, 553, 229, 119, 470, 470, 471, 229, 192, 845, 940, 940, 193, 192, 506, 553, 926, 926, 928, 506, 748, 386, 711, 711, 614, 748, 749, 31, 30, 30, 33, 749, 94, 363, 690, 690, 95, 94, 305, 277, 873, 873, 306, 305, 883, 885, 991, 991, 806, 883, 470, 119, 120, 120, 442, 470, 941, 34, 37, 37, 863, 941, 271, 772, 664, 664, 272, 271, 168, 169, 39, 39, 38, 168, 172, 173, 174, 174, 175, 172, 850, 802, 63, 63, 563, 850, 729, 473, 474, 936, 354, 616, 616, 615, 936, 860, 935, 730, 730, 729, 860, 118, 618, 217, 217, 216, 118, 857, 308, 307, 100, 103, 102, 740, 246, 738, 390, 107, 110, 110, 512, 390, 603, 942, 725, 942, 87, 86, 88, 113, 112, 943, 629, 604, 40, 392, 206, 466, 211, 210, 379, 378, 760, 760, 861, 379, 727, 925, 365, 919, 944, 382, 383, 472, 1, 102, 97, 100, 307, 964, 963, 34, 941, 923, 923, 924, 34, 528, 170, 741, 741, 529, 528, 742, 743, 744, 744, 745, 742, 206, 41, 40, 125, 124, 9, 9, 8, 125, 789, 788, 446, 446, 445, 789, 158, 937, 938, 938, 159, 158, 35, 178, 179, 963, 857, 307, 295, 932, 290, 290, 289, 295, 905, 798, 949, 804, 825, 805, 898, 945, 904, 901, 457, 405, 502, 370, 858, 946, 907, 900, 939, 987, 954, 954, 125, 939, 738, 739, 740, 872, 870, 577, 562, 847, 415, 265, 250, 249, 947, 428, 427, 427, 948, 947, 191, 192, 193, 193, 194, 191, 195, 196, 90, 90, 197, 195, 198, 28, 31, 31, 199, 198, 976, 878, 190, 190, 189, 976, 604, 603, 943, 179, 36, 35, 178, 35, 180, 180, 181, 178, 182, 183, 184, 184, 185, 182, 186, 187, 121, 121, 188, 186, 737, 326, 325, 325, 678, 737, 622, 789, 445, 445, 430, 622, 248, 950, 763, 763, 951, 248, 702, 224, 227, 227, 138, 702, 418, 595, 598, 598, 419, 418, 664, 733, 656, 656, 665, 664, 734, 624, 623, 623, 735, 734, 718, 717, 736, 736, 349, 718, 599, 401, 196, 608, 607, 486, 384, 385, 797, 797, 839, 384, 684, 228, 518, 518, 726, 684, 373, 48, 47, 47, 374, 373, 365, 875, 727, 200, 201, 202, 202, 203, 200, 204, 205, 41, 41, 206, 204, 849, 273, 432, 432, 848, 849, 196, 231, 599, 559, 558, 52, 462, 53, 52, 718, 719, 716, 720, 168, 38, 38, 80, 720, 45, 44, 235, 235, 384, 45, 77, 846, 894, 31, 927, 821, 724, 725, 726, 726, 518, 724, 542, 541, 808, 808, 814, 542, 31, 749, 927, 841, 539, 483, 894, 83, 77, 85, 684, 726, 115, 191, 194, 194, 207, 115, 24, 210, 211, 211, 212, 24, 837, 951, 818, 818, 817, 837, 821, 199, 31, 375, 374, 356, 356, 438, 375, 372, 375, 723, 723, 722, 372, 473, 729, 730, 730, 361, 473, 486, 852, 608, 726, 86, 85, 35, 34, 924, 168, 735, 793, 793, 169, 168, 24, 27, 210, 851, 548, 425, 876, 734, 720, 624, 912, 225, 550, 226, 225, 258, 497, 304, 304, 259, 258, 714, 715, 323, 323, 676, 714, 716, 717, 718, 219, 544, 845, 243, 245, 545, 924, 180, 35, 668, 580, 282, 402, 986, 417, 417, 403, 402, 75, 186, 609, 952, 953, 205, 205, 204, 952, 954, 126, 125, 480, 482, 481, 115, 118, 191, 542, 814, 484, 952, 204, 815, 385, 238, 694, 694, 527, 385, 244, 392, 245, 213, 214, 172, 172, 215, 213, 64, 779, 65, 425, 428, 851, 439, 958, 713, 713, 440, 439, 223, 951, 837, 704, 710, 609, 609, 479, 704, 215, 172, 175, 605, 608, 947, 702, 138, 503, 793, 889, 169, 813, 503, 903, 682, 508, 507, 507, 201, 682, 780, 899, 65, 63, 66, 563, 759, 758, 959, 959, 790, 759, 980, 978, 639, 949, 319, 646, 646, 645, 949, 508, 105, 106, 106, 509, 508, 947, 254, 605, 614, 711, 133, 133, 132, 614, 955, 705, 686, 347, 404, 72, 72, 71, 347, 956, 522, 779, 65, 779, 780, 282, 669, 668, 423, 738, 246, 740, 247, 246, 435, 591, 453, 916, 917, 882, 280, 324, 835, 701, 623, 224, 224, 702, 701, 136, 68, 311, 961, 912, 780, 758, 837, 959, 823, 373, 372, 48, 820, 49, 840, 842, 49, 257, 681, 269, 269, 268, 257, 535, 421, 536, 632, 979, 411, 216, 217, 218, 218, 219, 216, 220, 221, 222, 222, 223, 220, 224, 225, 226, 226, 227, 224, 780, 525, 961, 175, 232, 215, 613, 957, 748, 748, 614, 613, 858, 370, 642, 642, 719, 858, 340, 968, 649, 649, 341, 340, 411, 410, 632, 196, 195, 230, 232, 175, 233, 233, 234, 232, 235, 236, 237, 237, 238, 235, 57, 215, 232, 232, 58, 57, 239, 240, 241, 791, 990, 48, 48, 373, 791, 903, 503, 504, 504, 422, 903, 639, 638, 980, 228, 111, 119, 119, 229, 228, 230, 231, 196, 888, 448, 447, 447, 519, 888, 961, 757, 551, 551, 550, 961, 358, 652, 651, 759, 790, 789, 406, 502, 579, 579, 407, 406, 311, 703, 136, 127, 704, 696, 696, 705, 127, 706, 695, 707, 707, 708, 706, 143, 709, 298, 298, 144, 143, 792, 379, 652, 809, 299, 965, 324, 323, 715, 238, 237, 171, 171, 694, 238, 695, 696, 481, 481, 697, 695, 835, 281, 280, 291, 832, 292, 865, 733, 328, 554, 556, 659, 659, 314, 554, 270, 273, 849, 766, 645, 962, 962, 252, 766, 964, 835, 963, 965, 764, 809, 251, 252, 249, 25, 475, 546, 546, 26, 25, 244, 828, 206, 283, 709, 284, 698, 699, 700, 700, 571, 698, 653, 327, 326, 241, 242, 239, 979, 632, 887, 887, 957, 979, 243, 218, 244, 244, 245, 243, 222, 246, 247, 247, 248, 222, 249, 250, 251, 844, 661, 674, 674, 673, 844, 284, 669, 282, 668, 581, 580, 967, 649, 968, 299, 302, 965, 85, 88, 112, 112, 684, 85, 202, 507, 510, 510, 691, 202, 146, 897, 908, 916, 882, 594, 594, 288, 916, 335, 334, 908, 910, 284, 709, 709, 143, 910, 257, 258, 259, 259, 260, 257, 880, 879, 233, 963, 835, 324, 324, 715, 963, 301, 300, 270, 567, 367, 689, 689, 568, 567, 715, 857, 963, 310, 655, 886, 490, 155, 580, 206, 392, 244, 532, 850, 167, 167, 166, 532, 253, 254, 255, 255, 256, 253, 260, 677, 681, 682, 683, 628, 628, 627, 682, 772, 271, 966, 966, 773, 772, 646, 671, 672, 672, 647, 646, 660, 315, 969, 185, 263, 262, 264, 265, 266, 266, 267, 264, 268, 269, 209, 209, 208, 268, 252, 962, 337, 337, 249, 252, 681, 257, 260, 848, 650, 849, 474, 93, 98, 98, 610, 474, 183, 178, 181, 181, 184, 183, 271, 270, 300, 300, 966, 271, 262, 182, 185, 227, 468, 139, 139, 138, 227, 686, 531, 533, 533, 687, 686, 527, 526, 683, 683, 688, 527, 292, 293, 289, 658, 594, 882, 335, 896, 336, 643, 596, 497, 161, 160, 972, 495, 494, 972, 667, 668, 669, 669, 670, 667, 671, 670, 669, 669, 672, 671, 673, 674, 675, 675, 676, 673, 355, 677, 266, 266, 338, 355, 488, 678, 679, 679, 680, 488, 949, 645, 766, 962, 334, 337, 276, 277, 274, 924, 829, 198, 198, 180, 924, 830, 878, 976, 976, 937, 830, 844, 279, 960, 960, 891, 844, 826, 304, 303, 969, 970, 660, 322, 280, 279, 278, 281, 794, 299, 809, 966, 966, 300, 299, 270, 271, 272, 272, 273, 270, 274, 275, 276, 589, 494, 922, 276, 873, 277, 718, 349, 348, 345, 240, 587, 762, 818, 951, 20, 23, 640, 90, 89, 197, 361, 94, 473, 840, 122, 877, 877, 842, 840, 566, 569, 426, 76, 810, 572, 272, 664, 665, 665, 666, 272, 351, 579, 502, 405, 408, 854, 881, 540, 749, 233, 843, 880, 278, 279, 280, 280, 281, 278, 282, 154, 283, 283, 284, 282, 285, 286, 287, 287, 288, 285, 431, 595, 274, 404, 347, 346, 345, 349, 346, 306, 873, 577, 900, 717, 716, 338, 266, 265, 415, 416, 560, 749, 33, 881, 976, 938, 937, 951, 763, 762, 526, 529, 617, 341, 649, 650, 650, 455, 341, 651, 652, 653, 653, 326, 651, 310, 309, 654, 658, 659, 556, 556, 594, 658, 98, 97, 610, 343, 105, 627, 507, 202, 201, 771, 770, 606, 606, 605, 771, 752, 458, 753, 247, 778, 950, 950, 248, 247, 444, 443, 769, 769, 768, 444, 289, 290, 291, 291, 292, 289, 183, 182, 176, 176, 511, 183, 660, 661, 662, 662, 663, 660, 495, 151, 496, 973, 744, 743, 974, 875, 975, 366, 689, 367, 846, 255, 948, 948, 894, 846, 860, 128, 935, 977, 424, 620, 620, 619, 977, 884, 888, 885, 359, 358, 651, 651, 906, 359, 230, 638, 639, 639, 640, 230, 233, 879, 234, 596, 643, 644, 644, 597, 596, 645, 646, 647, 647, 648, 645, 694, 528, 527, 814, 808, 952, 952, 815, 814, 354, 936, 412, 289, 293, 294, 294, 295, 289, 564, 563, 66, 66, 893, 564, 920, 736, 717, 717, 874, 920, 58, 232, 234, 654, 655, 310, 564, 876, 750, 750, 565, 564, 938, 976, 189, 189, 534, 938, 724, 518, 517, 471, 43, 42, 412, 352, 354, 158, 918, 937, 887, 748, 957, 397, 1, 0, 395, 982, 975, 982, 0, 983, 3, 2, 637, 637, 331, 3, 768, 771, 253, 693, 541, 540, 612, 132, 699, 786, 754, 753, 754, 699, 698, 890, 571, 700, 914, 571, 570, 978, 409, 400, 979, 575, 411, 305, 306, 303, 307, 308, 309, 309, 310, 307, 710, 73, 75, 75, 609, 710, 393, 478, 477, 519, 521, 980, 540, 881, 693, 55, 58, 610, 175, 174, 843, 843, 233, 175, 964, 886, 836, 836, 835, 964, 299, 300, 301, 301, 302, 299, 303, 304, 305, 349, 736, 402, 549, 548, 851, 567, 547, 367, 777, 382, 381, 43, 442, 721, 721, 44, 43, 694, 171, 170, 170, 528, 694, 889, 813, 903, 903, 902, 889, 424, 423, 221, 221, 620, 424, 867, 904, 868, 493, 496, 866, 866, 62, 867, 402, 346, 349, 316, 317, 314, 318, 319, 320, 320, 321, 318, 322, 323, 324, 324, 280, 322, 941, 863, 11, 11, 923, 941, 203, 202, 691, 967, 968, 574, 574, 573, 967, 947, 608, 428, 980, 981, 519, 477, 862, 393, 291, 290, 312, 312, 313, 291, 314, 315, 316, 826, 416, 259, 259, 304, 826, 766, 765, 905, 905, 949, 766, 322, 673, 676, 676, 323, 322, 256, 571, 890, 890, 253, 256, 929, 816, 482, 637, 803, 331, 331, 330, 3, 742, 330, 743, 688, 797, 385, 385, 527, 688, 214, 633, 173, 173, 172, 214, 122, 840, 819, 984, 697, 816, 816, 931, 984, 491, 490, 582, 582, 634, 491, 859, 234, 879, 879, 436, 859, 482, 81, 929, 691, 465, 203, 325, 326, 327, 327, 328, 325, 329, 330, 331, 331, 332, 329, 412, 972, 494, 494, 413, 412, 819, 123, 122, 935, 128, 131, 131, 883, 935, 627, 628, 344, 344, 343, 627, 517, 515, 16, 16, 629, 517, 887, 387, 386, 386, 748, 887, 854, 408, 589, 589, 586, 854, 332, 331, 803, 803, 805, 332, 389, 200, 203, 203, 108, 389, 234, 859, 611, 611, 58, 234, 857, 856, 971, 971, 308, 857, 569, 568, 369, 369, 368, 569, 410, 630, 631, 631, 632, 410, 681, 336, 896, 896, 269, 681, 495, 972, 160, 160, 151, 495, 333, 334, 335, 335, 336, 333, 249, 337, 338, 338, 265, 249, 339, 340, 341, 341, 286, 339, 117, 484, 618, 618, 118, 117, 955, 686, 687, 687, 391, 955, 568, 689, 513, 513, 369, 568, 939, 125, 8, 610, 58, 611, 187, 186, 54, 53, 464, 747, 747, 54, 53, 627, 105, 508, 508, 682, 627, 633, 214, 529, 617, 529, 214, 214, 213, 617, 8, 466, 939, 619, 620, 621, 621, 622, 619, 623, 624, 225, 225, 224, 623, 625, 268, 208, 208, 626, 625, 54, 747, 187, 342, 343, 344, 344, 213, 342, 684, 112, 111, 111, 228, 684, 364, 396, 395, 395, 975, 364, 362, 806, 991, 991, 197, 362, 628, 683, 526, 742, 974, 983, 983, 330, 742, 438, 356, 359, 359, 439, 438, 605, 606, 607, 607, 608, 605, 609, 186, 188, 42, 45, 838, 838, 6, 42, 345, 346, 347, 347, 240, 345, 454, 916, 288, 288, 287, 454, 406, 405, 457, 457, 371, 406, 329, 985, 743, 719, 642, 641, 641, 716, 719, 525, 524, 757, 757, 961, 525, 529, 741, 633, 917, 913, 784, 784, 783, 917, 611, 474, 610, 612, 613, 614, 614, 132, 612, 543, 553, 552, 552, 15, 543, 986, 402, 736, 736, 920, 986, 743, 330, 329, 19, 604, 629, 29, 506, 928, 928, 32, 29, 686, 705, 706, 706, 531, 686, 956, 984, 931, 931, 522, 956, 7, 6, 838, 394, 393, 862, 332, 593, 61, 61, 329, 332, 288, 594, 556, 556, 285, 288, 595, 596, 597, 597, 598, 595, 629, 16, 19, 886, 491, 634, 634, 836, 886, 124, 955, 391, 391, 9, 124, 22, 159, 601, 601, 602, 22, 64, 801, 956, 956, 779, 64, 188, 479, 609, 526, 617, 628, 348, 349, 350, 350, 351, 348, 352, 353, 239, 239, 354, 352, 422, 504, 738, 738, 423, 422, 927, 749, 540, 540, 539, 927, 27, 559, 74, 74, 987, 27, 398, 400, 411, 411, 575, 398, 576, 303, 306, 306, 577, 576, 578, 588, 587, 589, 408, 413, 413, 494, 589, 363, 89, 92, 92, 690, 363, 558, 862, 462, 462, 52, 558, 862, 558, 394, 355, 338, 333, 356, 357, 358, 358, 359, 356, 677, 260, 267, 267, 266, 677, 981, 885, 888, 888, 519, 981, 587, 353, 578, 838, 388, 7, 435, 434, 590, 590, 591, 435, 499, 592, 498, 498, 165, 499, 975, 875, 365, 365, 364, 975, 333, 336, 355, 785, 537, 536, 898, 805, 825, 825, 945, 898, 414, 413, 408, 408, 407, 414, 68, 67, 164, 164, 311, 68, 848, 453, 455, 185, 841, 483, 483, 263, 185, 948, 255, 254, 254, 947, 948, 968, 340, 988, 988, 574, 968, 931, 816, 930, 930, 523, 931, 546, 545, 557, 557, 26, 546, 897, 146, 149, 149, 761, 897, 965, 967, 573, 573, 501, 965, 361, 362, 363, 363, 94, 361, 578, 414, 407, 407, 579, 578, 490, 580, 581, 581, 582, 490, 583, 584, 585, 585, 586, 583, 850, 563, 456, 456, 167, 850, 565, 456, 563, 566, 567, 568, 568, 569, 566, 985, 329, 61, 61, 60, 985, 275, 986, 920, 920, 276, 275, 932, 783, 933, 372, 373, 374, 374, 375, 372, 334, 648, 909, 911, 909, 648, 648, 647, 911, 560, 561, 562, 562, 415, 560, 563, 564, 565, 677, 355, 336, 340, 339, 635, 635, 988, 340, 536, 977, 785, 724, 517, 629, 629, 943, 724, 364, 365, 366, 366, 367, 364, 455, 650, 848, 865, 989, 657, 657, 733, 865, 570, 571, 256, 256, 572, 570, 744, 973, 782, 782, 781, 744, 336, 681, 677, 285, 556, 554, 555, 339, 286, 286, 285, 555, 557, 394, 558, 558, 559, 557, 428, 608, 852, 852, 851, 428, 696, 704, 479, 310, 886, 964, 219, 218, 243, 243, 544, 219, 397, 0, 982, 982, 395, 397, 552, 553, 506, 506, 505, 552, 554, 555, 285, 238, 385, 384, 388, 389, 108, 108, 107, 388, 4, 7, 390, 390, 17, 4, 7, 388, 107, 107, 390, 7, 964, 307, 310, 933, 290, 932, 772, 328, 733, 733, 664, 772, 376, 377, 378, 378, 379, 376, 380, 381, 382, 382, 383, 380, 384, 235, 238, 505, 28, 198, 159, 938, 534, 534, 601, 159, 535, 536, 537, 537, 538, 535, 539, 540, 541, 541, 542, 539, 15, 10, 13, 467, 226, 550, 845, 475, 476, 476, 940, 845, 343, 56, 101, 101, 105, 343, 955, 124, 127, 429, 785, 977, 198, 829, 505, 768, 253, 890, 943, 603, 725, 725, 724, 943, 44, 721, 236, 236, 235, 44, 547, 548, 549, 549, 381, 547, 550, 551, 467, 479, 481, 696, 912, 961, 550, 550, 225, 912, 977, 619, 429, 909, 908, 334, 275, 274, 595, 595, 418, 275, 890, 444, 768, 822, 460, 459, 974, 975, 982, 982, 983, 974, 530, 156, 155, 531, 532, 166, 166, 533, 531, 354, 239, 242, 242, 616, 354, 21, 20, 398, 398, 575, 21, 802, 801, 64, 64, 63, 802, 154, 282, 580, 392, 40, 478, 478, 393, 392, 459, 915, 822, 245, 392, 393, 393, 394, 245, 191, 118, 216, 216, 192, 191, 395, 396, 380, 380, 397, 395, 767, 169, 889, 889, 902, 767, 13, 543, 15, 544, 243, 545, 545, 546, 544, 492, 655, 934, 934, 530, 492, 127, 705, 955, 161, 936, 615, 615, 162, 161, 279, 278, 796, 796, 960, 279, 983, 0, 3, 3, 330, 983, 794, 755, 892, 987, 74, 73, 73, 954, 987, 922, 583, 586, 520, 521, 519, 522, 523, 524, 524, 525, 522, 526, 527, 528, 528, 529, 526, 155, 492, 530, 499, 667, 670, 670, 592, 499, 401, 91, 90, 397, 380, 383, 383, 1, 397, 954, 73, 710, 710, 126, 954, 517, 518, 516, 516, 515, 517, 519, 447, 520, 958, 906, 737, 737, 487, 958, 431, 497, 596, 596, 595, 431, 580, 155, 154, 398, 20, 399, 399, 400, 398, 90, 196, 401, 348, 858, 719, 505, 506, 29, 29, 28, 505, 773, 679, 678, 350, 349, 345, 345, 587, 350, 674, 970, 293, 293, 675, 674, 178, 183, 511, 511, 179, 178, 17, 390, 512, 350, 587, 588, 588, 351, 350, 962, 645, 648, 586, 589, 922, 719, 718, 348, 314, 659, 969, 969, 315, 314, 223, 222, 248, 248, 951, 223, 671, 646, 319, 678, 325, 773, 507, 508, 509, 509, 510, 507, 512, 18, 17, 116, 262, 263, 263, 117, 116, 188, 121, 82, 82, 480, 188, 515, 516, 5, 5, 4, 515, 892, 795, 794, 141, 504, 503, 318, 592, 670, 670, 671, 318, 864, 921, 989, 989, 865, 864, 661, 660, 970, 970, 674, 661, 872, 900, 907, 400, 409, 410, 410, 411, 400, 352, 412, 413, 413, 414, 352, 600, 599, 231, 502, 406, 371, 371, 370, 502, 503, 138, 141, 676, 675, 895, 319, 318, 671, 389, 839, 797, 797, 200, 389, 346, 402, 403, 403, 404, 346, 405, 406, 407, 407, 408, 405, 856, 831, 834, 834, 971, 856, 648, 334, 962, 709, 283, 712, 712, 298, 709, 292, 895, 675, 675, 293, 292, 895, 714, 676, 304, 497, 431, 431, 305, 304, 792, 50, 376, 376, 379, 792, 714, 895, 831, 831, 856, 714, 315, 660, 663, 663, 316, 315, 260, 259, 416, 416, 267, 260, 337, 334, 333, 333, 338, 337, 490, 491, 492, 492, 155, 490, 493, 494, 495, 495, 496, 493, 746, 884, 131, 689, 366, 514, 514, 513, 689, 622, 621, 759, 759, 789, 622, 231, 23, 600, 201, 688, 683, 683, 682, 201, 907, 870, 872, 67, 499, 165, 165, 164, 67, 923, 11, 14, 14, 829, 923, 504, 141, 739, 739, 738, 504, 131, 130, 746, 81, 482, 480, 263, 483, 484, 484, 117, 263, 725, 942, 86, 86, 726, 725, 383, 382, 944, 944, 472, 383, 362, 197, 89, 296, 489, 487, 521, 520, 751, 751, 409, 521, 913, 591, 807, 807, 784, 913, 479, 188, 480, 480, 481, 479, 480, 82, 81, 421, 422, 423, 423, 424, 421, 425, 426, 427, 427, 428, 425, 89, 363, 362, 26, 557, 559, 559, 27, 26, 487, 488, 296, 839, 838, 45, 45, 384, 839, 570, 572, 810, 810, 915, 570, 415, 264, 267, 267, 416, 415, 417, 418, 419, 419, 420, 417, 812, 2, 1, 55, 610, 97, 97, 102, 55, 375, 438, 441, 441, 723, 375, 226, 467, 468, 468, 227, 226, 470, 442, 43, 46, 39, 169, 637, 800, 799, 799, 803, 637, 210, 27, 987, 987, 939, 210, 75, 51, 54, 54, 186, 75, 1, 472, 812, 157, 712, 283, 98, 93, 96, 96, 99, 98, 473, 94, 93, 93, 474, 473, 475, 25, 469, 469, 476, 475, 169, 767, 46, 957, 613, 787, 787, 918, 957, 643, 625, 626, 626, 644, 643, 852, 486, 485, 485, 775, 852, 535, 767, 902, 283, 154, 157, 771, 605, 254, 764, 965, 501, 501, 500, 764, 937, 918, 787, 787, 830, 937, 970, 969, 294, 974, 742, 745, 745, 875, 974, 493, 868, 922, 302, 301, 650, 650, 649, 302, 264, 415, 847, 847, 774, 264, 141, 140, 732, 732, 739, 141, 254, 253, 771, 294, 293, 970, 458, 459, 460, 460, 461, 458, 462, 463, 464, 464, 53, 462, 108, 203, 465, 465, 109, 108, 922, 494, 493, 43, 471, 470, 902, 421, 535, 305, 431, 274, 274, 277, 305, 240, 347, 71, 71, 241, 240, 432, 433, 434, 434, 435, 432, 135, 134, 443, 443, 444, 135, 973, 450, 452, 452, 782, 973, 958, 487, 489, 489, 713, 958, 60, 451, 450, 450, 985, 60, 229, 471, 5, 5, 516, 229, 978, 400, 399, 399, 639, 978, 475, 845, 544, 544, 546, 475, 755, 136, 703, 703, 892, 755, 545, 245, 394, 394, 557, 545, 640, 639, 399, 399, 20, 640, 450, 451, 360, 360, 452, 450, 453, 454, 287, 287, 455, 453, 436, 437, 129, 129, 128, 436, 438, 439, 440, 440, 441, 438, 83, 569, 368, 368, 84, 83, 959, 837, 817, 817, 990, 959, 279, 844, 673, 673, 322, 279, 817, 818, 819, 819, 820, 817, 181, 199, 821, 821, 184, 181, 388, 838, 839, 839, 389, 388, 820, 819, 840, 840, 49, 820, 184, 821, 841, 841, 185, 184, 258, 257, 268, 268, 625, 258, 60, 59, 150, 150, 451, 60, 51, 52, 53, 53, 54, 51, 981, 980, 638, 638, 992, 981, 319, 949, 798, 798, 320, 319, 918, 575, 979, 979, 957, 918, 835, 836, 756, 758, 220, 223, 223, 837, 758, 830, 787, 786, 786, 753, 830, 818, 762, 123, 47, 48, 49, 49, 50, 47, 1856, 1210, 1611, 1003, 1004, 1005, 1005, 1006, 1003, 997, 998, 999, 999, 1000, 997, 1770, 1186, 1823, 1218, 1217, 1976, 1976, 1803, 1218, 1611, 1610, 1856, 993, 994, 995, 995, 996, 993, 1090, 1673, 1672, 1672, 1300, 1090, 1604, 1234, 1621, 1384, 1383, 1253, 1253, 1252, 1384, 1011, 1012, 1013, 1013, 1014, 1011, 1007, 1008, 1009, 1009, 1010, 1007, 1621, 1104, 1604, 1572, 1554, 1553, 1553, 1531, 1572, 1639, 1653, 1330, 1416, 1417, 1414, 993, 1418, 1419, 1419, 994, 993, 1610, 1422, 1800, 1234, 1233, 1595, 1595, 1621, 1234, 1756, 1136, 1135, 1135, 1896, 1756, 1330, 1329, 1639, 1781, 1777, 1893, 1893, 1891, 1781, 1712, 1713, 1714, 1714, 1556, 1712, 1708, 1709, 1710, 1701, 1717, 1643, 1643, 1774, 1701, 1533, 1743, 1744, 1592, 1895, 1718, 1718, 1376, 1592, 1744, 1894, 1533, 1710, 1711, 1708, 1422, 1423, 1424, 1424, 1425, 1422, 1420, 1411, 1413, 1413, 1421, 1420, 1800, 1856, 1610, 1913, 1950, 1301, 1301, 1316, 1913, 1511, 1514, 1096, 1096, 1440, 1511, 1403, 1400, 1336, 1404, 1405, 1406, 1406, 1302, 1404, 1393, 1394, 1395, 1395, 1396, 1393, 1397, 1398, 1389, 1389, 1399, 1397, 1337, 1336, 1400, 1407, 1408, 1409, 1409, 1410, 1407, 1411, 1012, 1412, 1412, 1413, 1411, 1414, 1415, 1416, 1400, 1401, 1337, 1336, 1402, 1403, 1108, 1018, 1564, 1700, 1716, 1717, 1717, 1701, 1700, 1514, 1446, 1097, 1266, 1265, 1372, 1372, 1371, 1266, 1564, 1715, 1108, 1954, 1899, 1295, 1295, 1298, 1954, 1058, 1499, 1507, 1085, 1088, 1796, 1796, 1795, 1085, 1705, 1706, 1707, 1707, 1153, 1705, 1436, 1437, 1438, 1438, 1439, 1436, 1507, 1055, 1058, 1126, 1430, 1428, 1897, 1886, 1598, 1598, 1597, 1897, 1434, 1250, 1249, 1249, 1435, 1434, 1431, 1432, 1433, 1433, 1095, 1431, 1428, 1429, 1126, 1143, 1651, 1650, 1551, 1833, 1785, 1785, 1784, 1551, 1084, 1355, 1354, 1556, 1391, 1898, 1898, 1712, 1556, 1734, 1614, 1710, 1650, 1949, 1143, 1342, 1341, 1171, 1354, 1081, 1084, 1243, 1246, 1950, 1950, 1913, 1243, 1171, 1615, 1342, 1976, 1980, 1804, 1804, 1803, 1976, 1259, 1715, 1031, 1031, 1034, 1259, 1758, 1219, 1762, 1762, 1761, 1758, 1736, 1892, 1173, 1173, 1772, 1736, 1718, 1719, 1720, 1720, 1721, 1718, 1291, 1292, 1076, 1076, 1563, 1291, 1148, 1702, 1774, 1774, 1149, 1148, 1697, 1062, 1781, 1044, 1222, 1100, 1100, 1041, 1044, 1201, 1271, 1270, 1270, 1449, 1201, 1300, 1672, 1742, 1742, 1753, 1300, 1556, 1714, 1863, 1097, 1096, 1514, 1710, 1879, 1734, 1180, 1227, 1230, 1230, 1181, 1180, 1958, 1612, 1611, 1611, 1634, 1958, 1759, 1220, 1219, 1219, 1758, 1759, 1162, 1915, 1233, 1890, 1889, 1719, 1719, 1895, 1890, 1446, 1514, 1106, 1106, 1105, 1446, 1169, 1168, 1091, 1091, 1791, 1169, 1590, 1626, 1625, 1625, 1688, 1590, 1347, 1864, 1789, 1789, 1978, 1347, 1233, 1163, 1162, 1442, 1263, 1266, 1266, 1179, 1442, 1743, 1533, 1842, 1842, 1786, 1743, 1949, 1074, 1073, 1073, 1143, 1949, 1602, 1047, 1050, 1050, 1783, 1602, 1383, 1384, 1385, 1385, 1386, 1383, 1387, 1388, 1318, 1768, 1967, 1977, 1977, 1769, 1768, 1391, 1027, 1030, 1030, 1392, 1391, 1318, 1317, 1387, 1142, 1382, 1381, 1863, 1555, 1556, 1946, 1846, 1570, 1570, 1572, 1946, 1448, 1449, 1450, 1450, 1451, 1448, 1105, 1447, 1445, 1278, 1281, 1661, 1573, 1295, 1899, 1899, 1314, 1573, 1346, 1903, 1901, 1902, 1802, 1309, 1309, 1308, 1902, 1445, 1446, 1105, 1896, 1135, 1491, 1491, 1832, 1896, 1596, 1926, 1878, 1878, 1692, 1596, 1381, 1009, 1142, 1781, 1891, 1697, 1588, 1264, 1222, 1222, 1044, 1588, 1175, 1038, 1037, 1037, 1874, 1175, 1888, 1857, 1889, 1889, 1890, 1888, 1191, 1817, 1819, 1819, 1543, 1191, 1455, 1454, 1750, 1750, 1945, 1455, 1767, 1836, 1342, 1342, 1615, 1767, 1696, 1494, 1493, 1177, 1111, 1335, 1335, 1770, 1177, 1703, 1432, 1334, 1334, 1704, 1703, 1698, 1631, 1452, 1452, 1202, 1698, 1311, 1310, 1669, 1669, 1668, 1311, 1693, 1694, 1691, 1493, 1695, 1696, 1900, 1811, 1814, 1814, 1901, 1900, 1699, 1700, 1701, 1701, 1702, 1699, 1661, 1660, 1278, 1518, 1607, 1619, 1619, 1515, 1518, 1114, 1113, 1679, 1679, 1373, 1114, 1070, 1069, 1876, 1876, 1646, 1070, 1972, 1388, 1387, 1722, 1723, 1281, 1281, 1723, 1955, 1955, 1661, 1281, 1387, 1254, 1972, 1887, 1599, 1598, 1598, 1886, 1887, 1281, 1280, 1722, 1244, 1243, 1558, 1375, 1376, 1377, 1377, 1099, 1375, 1257, 1256, 1378, 1378, 1379, 1257, 1463, 1464, 1461, 1465, 1466, 1293, 1266, 1371, 1179, 1215, 1100, 1216, 1901, 1814, 1346, 1907, 1015, 1018, 1873, 1209, 1212, 1175, 1212, 1176, 1180, 1239, 1227, 1461, 1462, 1463, 1152, 1155, 1414, 1414, 1418, 1152, 1678, 1330, 1653, 1653, 1656, 1678, 1305, 1127, 1456, 1456, 1306, 1305, 1457, 1458, 1459, 1459, 1460, 1457, 1452, 1453, 1454, 1454, 1455, 1452, 1473, 1799, 1855, 1855, 1474, 1473, 1954, 1157, 1014, 1014, 1013, 1954, 1558, 1779, 1244, 1966, 1981, 1826, 1826, 1648, 1966, 1239, 1371, 1372, 1372, 1240, 1239, 1885, 1444, 1329, 1848, 1861, 1730, 1904, 1815, 1905, 1401, 1406, 1405, 1155, 1557, 1415, 1415, 1414, 1155, 1161, 1906, 1304, 1304, 1548, 1161, 1905, 1586, 1904, 1730, 1729, 1848, 1679, 1821, 1373, 1856, 1211, 1210, 1018, 1338, 1907, 1832, 1877, 1908, 1213, 1216, 1839, 1656, 1655, 1679, 1632, 1210, 1209, 1209, 1635, 1632, 1373, 1214, 1374, 1374, 1242, 1373, 1072, 1071, 1941, 1941, 1167, 1072, 1329, 1328, 1885, 1793, 1129, 1408, 1408, 1939, 1793, 1546, 1196, 1192, 1192, 1543, 1546, 1341, 1431, 1686, 1924, 1928, 1613, 1613, 1612, 1924, 1979, 1965, 1887, 1540, 1240, 1687, 1372, 1265, 1591, 1405, 1337, 1401, 1908, 1896, 1832, 1691, 1692, 1693, 1688, 1540, 1687, 1470, 1074, 1386, 1293, 1290, 1465, 1467, 1468, 1469, 1822, 1195, 1823, 1226, 1238, 1866, 1543, 1192, 1191, 1193, 1225, 1194, 1469, 1385, 1467, 1386, 1385, 1470, 1969, 1325, 1961, 1961, 1549, 1969, 1369, 1370, 1206, 1206, 1205, 1369, 1882, 1883, 1688, 1214, 1213, 1881, 1881, 1374, 1214, 1688, 1625, 1882, 1178, 1177, 1823, 1513, 1730, 1840, 1840, 1106, 1513, 1853, 1278, 1660, 1660, 1771, 1853, 1982, 1658, 1659, 1659, 1917, 1982, 1579, 1973, 1565, 1726, 1285, 1727, 1727, 1728, 1726, 1565, 1760, 1579, 1823, 1195, 1178, 1931, 1612, 1958, 1924, 1923, 1928, 1418, 1414, 1417, 1417, 1419, 1418, 1011, 1475, 1476, 1685, 1479, 1478, 1800, 1677, 1856, 1927, 1322, 1441, 1927, 1600, 1928, 1878, 1904, 1586, 1586, 1585, 1878, 1909, 1403, 1402, 1402, 1487, 1909, 1686, 1171, 1341, 1368, 1077, 1080, 1080, 1683, 1368, 1478, 1684, 1685, 1887, 1952, 1979, 1766, 1900, 1901, 1901, 1764, 1766, 1687, 1590, 1688, 1512, 1729, 1730, 1730, 1513, 1512, 1075, 1642, 1563, 1910, 1747, 1749, 1807, 1618, 1609, 1692, 1878, 1585, 1585, 1693, 1692, 1560, 998, 1674, 1599, 1965, 1963, 1963, 1983, 1599, 1595, 1233, 1915, 1915, 1224, 1595, 1563, 1076, 1075, 1384, 1307, 1467, 1467, 1385, 1384, 1674, 1509, 1560, 1654, 1102, 1101, 1101, 1655, 1654, 1849, 1848, 1729, 1729, 1741, 1849, 1484, 1312, 1420, 1518, 1517, 1923, 1078, 1299, 1146, 1146, 1079, 1078, 1420, 1482, 1484, 1476, 1477, 1011, 1473, 1474, 1082, 1082, 1349, 1473, 1012, 1411, 1315, 1315, 1013, 1012, 1925, 1197, 1200, 1200, 1868, 1925, 1821, 1679, 1655, 1655, 1101, 1821, 1487, 1402, 1485, 1480, 1354, 1353, 1728, 1727, 1575, 1575, 1849, 1728, 1901, 1903, 1764, 1682, 1557, 1155, 1747, 1910, 1911, 1911, 1725, 1747, 1686, 1431, 1095, 1095, 1092, 1686, 1592, 1348, 1895, 1348, 1347, 1978, 1789, 1790, 1978, 1441, 1600, 1927, 1931, 1930, 1924, 1924, 1612, 1931, 1155, 1154, 1682, 1357, 1358, 1359, 1359, 1360, 1357, 1349, 1350, 1351, 1351, 1352, 1349, 1361, 1362, 1363, 1363, 1364, 1361, 1365, 1366, 1367, 1367, 1368, 1365, 1353, 1354, 1355, 1355, 1356, 1353, 1321, 1879, 1709, 1709, 1319, 1321, 1722, 1319, 1709, 1709, 1708, 1722, 1609, 1274, 1807, 1749, 1922, 1910, 1969, 1552, 1008, 1008, 1007, 1969, 1505, 1877, 1584, 1711, 1710, 1614, 1614, 1170, 1711, 1589, 1043, 1820, 1584, 1502, 1505, 1180, 1179, 1371, 1371, 1239, 1180, 1930, 1609, 1608, 1608, 1924, 1930, 1596, 1599, 1926, 1599, 1887, 1965, 1979, 1536, 1965, 1517, 1061, 1322, 1322, 1927, 1517, 1886, 1952, 1887, 1357, 1475, 1303, 1303, 1912, 1357, 1567, 1566, 1902, 1902, 1019, 1567, 1485, 1486, 1487, 1299, 1478, 1479, 1479, 1146, 1299, 1350, 1081, 1354, 1354, 1480, 1350, 1353, 1488, 1480, 1077, 1368, 1481, 1481, 1089, 1077, 1482, 1086, 1483, 1483, 1484, 1482, 1341, 1342, 1332, 1332, 1331, 1341, 1597, 1692, 1691, 1691, 1875, 1597, 1820, 1626, 1589, 1345, 1346, 1347, 1347, 1348, 1345, 1595, 1594, 1535, 1524, 1257, 1379, 1379, 1809, 1524, 1671, 1646, 1876, 1475, 1011, 1014, 1014, 1303, 1475, 1825, 1140, 1713, 1107, 1336, 1337, 1337, 1338, 1107, 1876, 1462, 1671, 1535, 1621, 1595, 1151, 1492, 1490, 1913, 1559, 1558, 1522, 1617, 1542, 1448, 1698, 1449, 1541, 1542, 1255, 1346, 1345, 1903, 1189, 1198, 1197, 1197, 1871, 1189, 1836, 1767, 1773, 1773, 1837, 1836, 1558, 1243, 1913, 1332, 1342, 1836, 1836, 1835, 1332, 1630, 1638, 1631, 1346, 1864, 1347, 1532, 1842, 1533, 1533, 1894, 1530, 1946, 1052, 1757, 1946, 1572, 1778, 1629, 1631, 1698, 1522, 1521, 1629, 1158, 1493, 1494, 1494, 1159, 1158, 1978, 1790, 1891, 1891, 1893, 1978, 1636, 1580, 1519, 1519, 1541, 1636, 1396, 1395, 1427, 1427, 1489, 1396, 1490, 1491, 1151, 1241, 1335, 1111, 1331, 1332, 1333, 1333, 1334, 1331, 1366, 1056, 1055, 1055, 1367, 1366, 1713, 1712, 1825, 1327, 1328, 1329, 1503, 1118, 1117, 1117, 1504, 1503, 1111, 1114, 1241, 1329, 1330, 1327, 1325, 1021, 1020, 1020, 1326, 1325, 1147, 1321, 1319, 1732, 1733, 1369, 1369, 1603, 1732, 1531, 1553, 1841, 1841, 1532, 1531, 1286, 1133, 1497, 1057, 1159, 1393, 1393, 1396, 1057, 1506, 1481, 1507, 1499, 1489, 1500, 1500, 1501, 1499, 1502, 1503, 1504, 1495, 1466, 1465, 1465, 1496, 1495, 1497, 1498, 1286, 1961, 1583, 1582, 1326, 1668, 1583, 1236, 1188, 1538, 1330, 1678, 1620, 1620, 1327, 1330, 1679, 1113, 1678, 1678, 1656, 1679, 1538, 1677, 1236, 1462, 1876, 1984, 1984, 1463, 1462, 1319, 1320, 1147, 1916, 1145, 1676, 1676, 1217, 1916, 1875, 1691, 1738, 1738, 1204, 1875, 1312, 1313, 1314, 1314, 1315, 1312, 1303, 1014, 1157, 1157, 1156, 1303, 1304, 1305, 1306, 1871, 1872, 1873, 1873, 1874, 1871, 1960, 1650, 1649, 1328, 1545, 1943, 1943, 1885, 1328, 1500, 1426, 1508, 1508, 1509, 1500, 1145, 1144, 1675, 1675, 1676, 1145, 1022, 1760, 1567, 1567, 1019, 1022, 1457, 1910, 1922, 1922, 1740, 1457, 1928, 1600, 1423, 1423, 1613, 1928, 1914, 1875, 1204, 1204, 1203, 1914, 1507, 1499, 1506, 1902, 1308, 1019, 1567, 1760, 1565, 1869, 1578, 1762, 1877, 1505, 1847, 1526, 1529, 1847, 1306, 1307, 1304, 1795, 1483, 1086, 1086, 1085, 1795, 1520, 1581, 1788, 1788, 1340, 1520, 1308, 1309, 1310, 1310, 1311, 1308, 1521, 1340, 1339, 1339, 1630, 1521, 1319, 1722, 1280, 1959, 1859, 1850, 1734, 1735, 1736, 1736, 1737, 1734, 1280, 1320, 1319, 1869, 1436, 1973, 1220, 1916, 1217, 1676, 1976, 1217, 1973, 1436, 1439, 1439, 1565, 1973, 1430, 1128, 1127, 1271, 1738, 1739, 1739, 1272, 1271, 1306, 1467, 1307, 1307, 1548, 1304, 1967, 1633, 1343, 1343, 1977, 1967, 1915, 1162, 1817, 1817, 1194, 1915, 1975, 1949, 1650, 1504, 1505, 1502, 1306, 1456, 1468, 1468, 1467, 1306, 1912, 1156, 1056, 1875, 1914, 1897, 1897, 1597, 1875, 1815, 1765, 1098, 1098, 1905, 1815, 1246, 1245, 1015, 1015, 1907, 1246, 1893, 1971, 1348, 1297, 1298, 1295, 1299, 1078, 1090, 1090, 1300, 1299, 1454, 1453, 1689, 1850, 1388, 1959, 1348, 1978, 1893, 1970, 1944, 1929, 1929, 1962, 1970, 1295, 1296, 1297, 1463, 1984, 1968, 1968, 1748, 1463, 1689, 1751, 1454, 1259, 1034, 1067, 1555, 1863, 1160, 1160, 1119, 1555, 1018, 1017, 1564, 1563, 1642, 1564, 1128, 1430, 1126, 1056, 1366, 1912, 1672, 1673, 1674, 1260, 1067, 1139, 1000, 1510, 1247, 1126, 1125, 1128, 1127, 1305, 1430, 1428, 1430, 1906, 1713, 1562, 1644, 1936, 1123, 1644, 1247, 997, 1000, 1286, 1287, 1288, 1288, 1289, 1286, 1016, 1290, 1291, 1291, 1017, 1016, 1498, 1657, 1287, 1287, 1286, 1498, 1287, 1381, 1382, 1762, 1219, 1218, 1218, 1869, 1762, 1278, 1279, 1280, 1280, 1281, 1278, 1826, 1471, 1974, 1974, 1827, 1826, 1889, 1857, 1858, 1858, 1880, 1889, 1099, 1098, 1765, 1244, 1937, 1245, 1797, 1495, 1496, 1496, 1465, 1937, 1398, 1852, 1390, 1559, 1913, 1316, 1316, 1645, 1559, 1086, 1482, 1854, 1390, 1389, 1398, 1827, 1974, 1940, 1940, 1071, 1827, 1428, 1160, 1863, 1674, 998, 1672, 1276, 1277, 1274, 1593, 1592, 1376, 1376, 1375, 1593, 1822, 1866, 1238, 1238, 1195, 1822, 1282, 1283, 1284, 1284, 1285, 1282, 1274, 1275, 1276, 1865, 1223, 1226, 1226, 1866, 1865, 1814, 1813, 1864, 1864, 1346, 1814, 1382, 1288, 1287, 1765, 1375, 1099, 1870, 1979, 1952, 1860, 1652, 1220, 1270, 1271, 1272, 1272, 1273, 1270, 1208, 1207, 1269, 1269, 1235, 1208, 1952, 1752, 1870, 1220, 1759, 1860, 1617, 1698, 1448, 1290, 1293, 1292, 1292, 1291, 1290, 1670, 1704, 1647, 1647, 1646, 1670, 1451, 1450, 1627, 1627, 1628, 1451, 1746, 1002, 1843, 1448, 1616, 1617, 1511, 1512, 1513, 1513, 1514, 1511, 1515, 1516, 1517, 1948, 1706, 1705, 996, 1705, 1153, 1153, 1152, 996, 1939, 1797, 1682, 1337, 1405, 1338, 1254, 1387, 1569, 1569, 1251, 1254, 1854, 1087, 1086, 1298, 1158, 1157, 1157, 1954, 1298, 1793, 1153, 1707, 1682, 1154, 1939, 1009, 1381, 1010, 1549, 1552, 1969, 1119, 1027, 1555, 1898, 1663, 1712, 1568, 1918, 1547, 1298, 1297, 1493, 1493, 1158, 1298, 1959, 1388, 1972, 1000, 1116, 1294, 1294, 1510, 1000, 1485, 1402, 1110, 1735, 1794, 1892, 1892, 1736, 1735, 1145, 1916, 1651, 1651, 1143, 1145, 1945, 1750, 1952, 1952, 1886, 1945, 1843, 1862, 1746, 1863, 1714, 1429, 1429, 1428, 1863, 1738, 1691, 1694, 1694, 1739, 1738, 1198, 1261, 1262, 1262, 1199, 1198, 1255, 1256, 1257, 1257, 1258, 1255, 1259, 1067, 1260, 1260, 1109, 1259, 1251, 1252, 1253, 1253, 1254, 1251, 1981, 1472, 1471, 1471, 1826, 1981, 1263, 1264, 1265, 1265, 1266, 1263, 1703, 1361, 1364, 1243, 1244, 1245, 1245, 1246, 1243, 1247, 1248, 1249, 1249, 1250, 1247, 1364, 1834, 1703, 1833, 1490, 1492, 1492, 1785, 1833, 1742, 1672, 998, 1270, 1450, 1449, 1616, 1256, 1255, 1534, 1970, 1962, 1962, 1956, 1534, 1815, 1904, 1816, 1596, 1692, 1597, 1497, 1133, 1761, 1362, 1361, 1670, 1670, 1671, 1362, 1453, 1452, 1631, 1631, 1638, 1453, 1048, 1047, 1525, 1517, 1518, 1515, 1051, 1136, 1756, 1491, 1490, 1832, 1519, 1520, 1521, 1521, 1522, 1519, 1326, 1583, 1961, 1961, 1325, 1326, 1967, 1768, 1958, 1930, 1274, 1609, 1871, 1197, 1872, 1634, 1611, 1210, 1523, 1524, 1048, 1048, 1525, 1523, 1719, 1718, 1895, 1864, 1060, 1059, 1059, 1789, 1864, 1593, 1375, 1764, 1910, 1457, 1460, 1460, 1911, 1910, 1003, 1658, 1759, 1550, 1831, 1833, 1833, 1551, 1550, 1455, 1203, 1202, 1202, 1452, 1455, 1984, 1876, 1069, 1069, 1283, 1984, 1461, 1464, 1724, 1724, 1641, 1461, 1838, 1935, 1472, 1729, 1512, 1740, 998, 997, 1742, 1120, 1547, 1918, 1918, 1028, 1120, 1472, 1981, 1838, 1652, 1860, 1859, 1743, 1580, 1636, 1636, 1744, 1743, 1740, 1741, 1729, 1036, 1035, 1231, 1233, 1234, 1235, 1861, 1732, 1840, 1840, 1730, 1861, 1256, 1451, 1628, 1628, 1378, 1256, 1859, 1649, 1652, 1886, 1897, 1914, 1914, 1945, 1886, 1213, 1839, 1754, 1754, 1881, 1213, 1777, 1776, 1971, 1971, 1893, 1777, 1194, 1817, 1191, 1819, 1544, 1543, 1621, 1535, 1447, 1534, 1535, 1970, 1210, 1632, 1634, 1925, 1623, 1635, 1591, 1590, 1687, 1688, 1883, 1540, 1653, 1639, 1654, 1862, 1843, 1102, 1174, 1176, 1187, 1187, 1046, 1174, 1193, 1238, 1226, 1239, 1240, 1232, 1232, 1231, 1239, 1231, 1232, 1036, 1120, 1161, 1548, 1548, 1547, 1120, 1552, 1551, 1784, 1784, 1775, 1552, 1226, 1225, 1193, 1571, 1570, 1529, 1857, 1807, 1808, 1808, 1858, 1857, 1305, 1304, 1906, 1034, 1033, 1024, 1024, 1023, 1034, 1906, 1430, 1305, 1251, 1569, 1568, 1529, 1528, 1571, 1953, 1867, 1812, 1526, 1527, 1528, 1528, 1529, 1526, 1509, 1508, 1561, 1561, 1560, 1509, 1007, 1021, 1325, 1325, 1969, 1007, 1812, 1537, 1953, 1662, 1663, 1664, 1664, 1665, 1662, 1668, 1669, 1118, 1118, 1503, 1668, 1296, 1666, 1667, 1667, 1297, 1296, 1918, 1568, 1122, 1122, 1121, 1918, 1223, 1224, 1225, 1225, 1226, 1223, 1227, 1228, 1229, 1229, 1230, 1227, 1950, 1404, 1302, 1302, 1301, 1950, 1058, 1057, 1396, 1396, 1489, 1058, 1714, 1713, 1644, 1644, 1429, 1714, 1219, 1220, 1217, 1235, 1163, 1233, 1578, 1869, 1973, 1973, 1579, 1578, 1221, 1216, 1100, 1100, 1222, 1221, 1211, 1856, 1677, 1677, 1538, 1211, 1568, 1547, 1251, 1217, 1218, 1219, 1213, 1214, 1215, 1215, 1216, 1213, 1205, 1208, 1604, 1513, 1106, 1514, 1106, 1840, 1103, 1861, 1733, 1732, 1282, 1285, 1726, 1728, 1921, 1726, 1748, 1968, 1920, 1920, 1749, 1748, 1463, 1748, 1464, 1968, 1282, 1920, 1575, 1064, 1849, 1457, 1740, 1458, 1201, 1202, 1203, 1203, 1204, 1201, 1205, 1206, 1207, 1207, 1208, 1205, 1197, 1198, 1199, 1199, 1200, 1197, 1926, 1599, 1983, 1209, 1210, 1211, 1211, 1212, 1209, 1228, 1231, 1035, 1035, 1745, 1228, 1983, 1816, 1926, 1189, 1037, 1036, 1036, 1190, 1189, 1191, 1192, 1193, 1193, 1194, 1191, 1648, 1647, 1966, 1331, 1334, 1432, 1334, 1333, 1824, 1965, 1536, 1537, 1537, 1963, 1965, 1835, 1838, 1964, 1835, 1333, 1332, 1963, 1537, 1812, 1530, 1531, 1532, 1532, 1533, 1530, 1658, 1003, 1006, 1006, 1659, 1658, 1646, 1671, 1670, 1362, 1671, 1780, 1634, 1633, 1967, 1967, 1958, 1634, 1827, 1071, 1070, 1037, 1189, 1871, 1004, 1758, 1761, 1478, 1300, 1753, 1195, 1192, 1196, 1196, 1178, 1195, 1871, 1874, 1037, 1064, 1063, 1848, 1320, 1280, 1279, 1279, 1951, 1320, 1951, 1844, 1702, 1702, 1148, 1951, 1761, 1133, 1004, 1852, 1853, 1771, 1771, 1390, 1852, 1388, 1850, 1851, 1851, 1318, 1388, 1848, 1849, 1064, 1709, 1879, 1710, 1931, 1958, 1768, 1534, 1445, 1447, 1447, 1535, 1534, 1536, 1324, 1323, 1323, 1537, 1536, 1549, 1961, 1582, 1582, 1550, 1549, 1768, 1275, 1931, 1737, 1614, 1734, 1722, 1708, 1723, 1657, 1010, 1381, 1381, 1287, 1657, 1812, 1811, 1963, 1861, 1848, 1063, 1063, 1733, 1861, 1244, 1779, 1496, 1772, 1773, 1767, 1168, 1171, 1686, 1959, 1960, 1649, 1649, 1859, 1959, 1176, 1538, 1188, 1188, 1187, 1176, 1757, 1756, 1896, 1580, 1743, 1786, 1786, 1581, 1580, 1445, 1534, 1956, 1956, 1957, 1445, 1852, 1947, 1853, 1845, 1844, 1947, 1496, 1937, 1244, 1653, 1654, 1655, 1896, 1908, 1757, 1715, 1564, 1642, 1642, 1031, 1715, 1733, 1066, 1370, 1370, 1369, 1733, 1056, 1156, 1159, 1248, 1510, 1700, 1750, 1454, 1751, 1751, 1752, 1750, 1747, 1464, 1748, 1748, 1749, 1747, 1753, 1684, 1478, 997, 1247, 1250, 1700, 1699, 1248, 1846, 1847, 1529, 1529, 1570, 1846, 1159, 1057, 1056, 1684, 1397, 1399, 1399, 1685, 1684, 1850, 1982, 1917, 1917, 1851, 1850, 1250, 1742, 997, 1338, 1018, 1108, 1108, 1107, 1338, 1560, 999, 998, 1487, 1662, 1665, 1665, 1909, 1487, 1299, 1300, 1478, 1089, 1673, 1090, 1649, 1650, 1651, 1651, 1652, 1649, 1749, 1920, 1921, 1921, 1922, 1749, 1608, 1518, 1923, 1923, 1924, 1608, 1701, 1774, 1702, 1723, 1938, 1806, 1806, 1955, 1723, 1434, 1435, 1397, 1435, 1249, 1805, 1247, 1510, 1248, 1321, 1574, 1879, 1655, 1656, 1653, 1179, 1180, 1181, 1168, 1169, 1170, 1170, 1171, 1168, 1562, 1026, 1936, 1936, 1644, 1562, 1181, 1182, 1179, 1174, 1038, 1175, 1175, 1176, 1174, 1177, 1178, 1112, 1112, 1111, 1177, 1834, 1433, 1432, 1506, 1499, 1501, 1432, 1703, 1834, 1543, 1544, 1545, 1545, 1546, 1543, 1726, 1921, 1920, 1221, 1222, 1264, 1264, 1263, 1221, 1112, 1620, 1678, 1678, 1113, 1112, 1357, 1912, 1358, 1494, 1393, 1159, 1240, 1540, 1539, 1546, 1545, 1328, 1328, 1327, 1546, 1920, 1282, 1726, 1782, 1351, 1350, 1350, 1480, 1782, 1674, 1673, 1501, 1367, 1481, 1368, 1539, 1232, 1240, 1501, 1673, 1506, 1504, 1117, 1527, 1527, 1526, 1504, 1805, 1844, 1845, 1845, 1435, 1805, 1052, 1051, 1756, 1753, 1742, 1250, 1250, 1434, 1753, 1964, 1838, 1981, 1981, 1966, 1964, 1058, 1489, 1499, 1737, 1736, 1772, 1772, 1767, 1737, 1156, 1912, 1303, 1013, 1899, 1954, 1488, 1829, 1573, 1525, 1894, 1744, 1744, 1523, 1525, 1646, 1647, 1648, 1648, 1070, 1646, 1541, 1519, 1522, 1522, 1542, 1541, 1866, 1822, 1185, 1185, 1040, 1866, 1190, 1261, 1198, 1198, 1189, 1190, 1161, 1120, 1119, 1162, 1163, 1164, 1164, 1165, 1162, 1532, 1841, 1681, 1681, 1842, 1532, 1042, 1843, 1002, 1002, 1001, 1042, 1756, 1757, 1052, 1119, 1160, 1161, 1156, 1157, 1158, 1158, 1159, 1156, 1103, 1840, 1732, 1732, 1603, 1103, 1351, 1483, 1795, 1474, 1083, 1082, 1421, 1854, 1482, 1088, 1884, 1796, 1264, 1588, 1591, 1367, 1055, 1507, 1507, 1481, 1367, 1012, 1011, 1477, 1477, 1412, 1012, 1491, 1135, 1138, 1138, 1151, 1491, 1102, 1843, 1042, 1042, 1041, 1102, 1926, 1816, 1904, 1904, 1878, 1926, 1872, 1197, 1925, 1925, 1635, 1872, 1591, 1265, 1264, 1110, 1402, 1336, 1336, 1107, 1110, 1657, 1760, 1022, 1022, 1010, 1657, 1745, 1174, 1046, 1046, 1045, 1745, 1741, 1921, 1728, 1728, 1849, 1741, 1154, 1155, 1152, 1114, 1373, 1242, 1242, 1241, 1114, 1839, 1216, 1221, 1221, 1587, 1839, 1837, 1838, 1835, 1835, 1836, 1837, 1970, 1535, 1594, 1594, 1944, 1970, 1169, 1938, 1711, 1711, 1170, 1169, 1152, 1153, 1154, 1358, 1365, 1798, 1798, 1359, 1358, 1547, 1548, 1252, 1101, 1100, 1215, 1032, 1031, 1642, 1613, 1423, 1422, 1422, 1610, 1613, 1195, 1238, 1193, 1193, 1192, 1195, 1215, 1821, 1101, 1884, 1855, 1799, 1429, 1644, 1123, 1123, 1126, 1429, 1642, 1075, 1032, 1044, 1043, 1589, 1283, 1282, 1968, 1968, 1984, 1283, 1859, 1860, 1982, 1982, 1850, 1859, 1147, 1148, 1149, 1149, 1150, 1147, 1705, 996, 995, 995, 1948, 1705, 1687, 1240, 1372, 1372, 1591, 1687, 1009, 1008, 1141, 1141, 1142, 1009, 1143, 1073, 1144, 1144, 1145, 1143, 1490, 1833, 1831, 1574, 1150, 1792, 1792, 1794, 1574, 1297, 1667, 1695, 1695, 1493, 1297, 1549, 1550, 1551, 1551, 1552, 1549, 1252, 1251, 1547, 1569, 1387, 1317, 1317, 1380, 1569, 1639, 1329, 1444, 1444, 1443, 1639, 1630, 1339, 1637, 1637, 1638, 1630, 1923, 1517, 1927, 1927, 1928, 1923, 1589, 1588, 1044, 1458, 1740, 1512, 1538, 1176, 1212, 1212, 1211, 1538, 1617, 1522, 1629, 1629, 1698, 1617, 1800, 1422, 1425, 1425, 1237, 1800, 1706, 1605, 1130, 1130, 1707, 1706, 1573, 1829, 1296, 1296, 1295, 1573, 1494, 1696, 1394, 1394, 1393, 1494, 1831, 1832, 1490, 1489, 1427, 1426, 1426, 1500, 1489, 1512, 1511, 1458, 1135, 1136, 1137, 1137, 1138, 1135, 1004, 1133, 1134, 1139, 1067, 1068, 1068, 1140, 1139, 1358, 1912, 1366, 1366, 1365, 1358, 1663, 1898, 1830, 1830, 1664, 1663, 1362, 1780, 1640, 1676, 1675, 1980, 1980, 1976, 1676, 1501, 1500, 1509, 1129, 1130, 1131, 1131, 1132, 1129, 1509, 1674, 1501, 1283, 1069, 1072, 1072, 1284, 1283, 1228, 1745, 1045, 1045, 1229, 1228, 1134, 1005, 1004, 1440, 1459, 1458, 1523, 1744, 1636, 1636, 1258, 1523, 1458, 1511, 1440, 1482, 1420, 1421, 1541, 1255, 1258, 1516, 1061, 1517, 1267, 1697, 1891, 1557, 1558, 1559, 1559, 1415, 1557, 1258, 1636, 1541, 1208, 1235, 1234, 1439, 1438, 1801, 1801, 1566, 1439, 1593, 1764, 1903, 1903, 1345, 1593, 1223, 1865, 1944, 1883, 1882, 1184, 1184, 1763, 1883, 1944, 1594, 1223, 1234, 1604, 1208, 1026, 1025, 1919, 1919, 1936, 1026, 1640, 1363, 1362, 1344, 1343, 1633, 1745, 1035, 1038, 1038, 1174, 1745, 1619, 1618, 1888, 1895, 1348, 1971, 1971, 1890, 1895, 996, 1152, 1418, 1418, 993, 996, 1663, 1662, 1825, 1825, 1712, 1663, 1648, 1826, 1827, 1827, 1070, 1648, 1888, 1776, 1619, 1123, 1124, 1125, 1125, 1126, 1123, 1680, 1787, 1786, 1520, 1340, 1521, 1813, 1060, 1864, 1750, 1752, 1952, 1690, 1689, 1453, 1638, 1637, 1690, 1719, 1889, 1880, 1880, 1720, 1719, 1879, 1574, 1735, 1735, 1734, 1879, 1555, 1027, 1391, 1391, 1556, 1555, 1635, 1623, 1622, 1622, 1632, 1635, 1224, 1915, 1194, 1194, 1225, 1224, 1449, 1698, 1202, 1202, 1201, 1449, 1873, 1212, 1175, 1053, 1778, 1530, 1530, 1894, 1053, 1175, 1874, 1873, 1383, 1975, 1985, 1633, 1622, 1344, 1797, 1496, 1779, 1252, 1548, 1307, 1245, 1937, 1016, 1016, 1015, 1245, 1704, 1670, 1361, 1119, 1120, 1028, 1028, 1027, 1119, 1307, 1384, 1252, 1486, 1139, 1140, 1140, 1825, 1486, 1779, 1682, 1797, 1947, 1844, 1951, 1951, 1279, 1947, 1632, 1622, 1633, 1633, 1634, 1632, 1115, 999, 1560, 1398, 1397, 1435, 1435, 1845, 1398, 1652, 1651, 1916, 1916, 1220, 1652, 1178, 1196, 1620, 1620, 1112, 1178, 1601, 1424, 1423, 1540, 1883, 1763, 1763, 1539, 1540, 1690, 1453, 1638, 1279, 1278, 1853, 1028, 1918, 1121, 1254, 1253, 1985, 1985, 1972, 1254, 1985, 1253, 1383, 1361, 1703, 1704, 1133, 1286, 1289, 1289, 1134, 1133, 1136, 1602, 1783, 1783, 1137, 1136, 1150, 1149, 1093, 1853, 1947, 1279, 1822, 1823, 1186, 1186, 1185, 1822, 1758, 1004, 1003, 1003, 1759, 1758, 999, 1115, 1116, 1116, 1000, 999, 1824, 1647, 1704, 1704, 1334, 1824, 1017, 1291, 1563, 1563, 1564, 1017, 1068, 1023, 1026, 1026, 1562, 1068, 1246, 1907, 1404, 1404, 1950, 1246, 1510, 1294, 1716, 1716, 1700, 1510, 1948, 995, 1828, 1828, 1606, 1948, 1544, 1933, 1934, 1934, 1545, 1544, 1791, 1806, 1938, 1469, 1470, 1385, 1386, 1074, 1949, 1323, 1953, 1537, 1163, 1235, 1932, 1932, 1164, 1163, 1930, 1931, 1275, 1275, 1274, 1930, 1706, 1948, 1606, 1093, 1792, 1150, 1869, 1218, 1803, 1803, 1436, 1869, 1113, 1114, 1111, 1315, 1314, 1899, 1899, 1013, 1315, 1666, 1296, 1829, 1121, 1029, 1028, 1829, 1356, 1666, 1761, 1762, 1578, 1578, 1497, 1761, 1583, 1668, 1503, 1503, 1502, 1583, 1498, 1579, 1760, 1760, 1657, 1498, 1111, 1112, 1113, 1107, 1108, 1109, 1109, 1110, 1107, 1214, 1373, 1821, 1821, 1215, 1214, 1360, 1476, 1475, 1410, 1466, 1495, 1605, 1131, 1130, 1566, 1567, 1565, 1475, 1357, 1360, 1629, 1521, 1630, 1630, 1631, 1629, 1560, 1561, 1115, 1922, 1921, 1741, 1741, 1740, 1922, 1606, 1605, 1706, 1796, 1884, 1799, 1799, 1352, 1796, 1010, 1022, 1021, 1021, 1007, 1010, 1231, 1228, 1227, 1227, 1239, 1231, 1975, 1383, 1386, 1817, 1165, 1818, 1818, 1819, 1817, 1587, 1442, 1810, 1810, 1755, 1587, 1776, 1888, 1890, 1811, 1900, 1983, 1983, 1963, 1811, 1766, 1765, 1815, 1815, 1816, 1766, 1842, 1681, 1680, 1680, 1786, 1842, 1890, 1971, 1776, 1277, 1808, 1807, 1811, 1812, 1813, 1813, 1814, 1811, 1539, 1763, 1261, 1261, 1190, 1539, 1048, 1524, 1809, 1809, 1049, 1048, 1807, 1274, 1277, 1684, 1753, 1434, 1434, 1397, 1684, 1939, 1408, 1407, 1447, 1105, 1104, 1104, 1621, 1447, 1407, 1797, 1939, 1622, 1623, 1624, 1624, 1344, 1622, 1938, 1169, 1791, 1140, 1068, 1562, 1562, 1713, 1140, 1103, 1104, 1105, 1105, 1106, 1103, 1906, 1161, 1160, 1975, 1650, 1960, 1960, 1985, 1975, 1386, 1949, 1975, 1764, 1375, 1765, 1765, 1766, 1764, 1041, 1100, 1101, 1101, 1102, 1041, 1160, 1428, 1906, 1618, 1807, 1857, 1857, 1888, 1618, 1898, 1391, 1392, 1392, 1830, 1898, 994, 1828, 995, 1488, 1573, 1314, 1645, 1416, 1415, 1837, 1773, 1731, 1568, 1569, 1380, 1380, 1122, 1568, 1196, 1546, 1327, 1415, 1559, 1645, 1565, 1439, 1566, 1607, 1609, 1618, 1327, 1620, 1196, 1872, 1635, 1209, 1209, 1873, 1872, 1623, 1925, 1868, 1868, 1624, 1623, 1721, 1377, 1376, 1376, 1718, 1721, 1083, 1084, 1081, 1805, 1249, 1248, 1248, 1699, 1805, 1908, 1877, 1847, 1847, 1846, 1908, 1618, 1619, 1607, 1616, 1255, 1542, 1542, 1617, 1616, 1612, 1613, 1610, 1353, 1356, 1829, 1829, 1488, 1353, 1313, 1312, 1484, 1285, 1166, 1942, 1570, 1571, 1554, 1554, 1572, 1570, 1731, 1935, 1837, 1907, 1338, 1405, 1405, 1404, 1907, 1852, 1398, 1845, 1845, 1947, 1852, 1464, 1747, 1725, 1725, 1724, 1464, 1942, 1727, 1285, 1484, 1782, 1313, 1615, 1614, 1737, 1737, 1767, 1615, 1078, 1077, 1089, 1089, 1090, 1078, 1237, 1236, 1677, 1485, 1260, 1139, 1139, 1486, 1485, 1824, 1964, 1966, 1966, 1647, 1824, 1803, 1804, 1437, 1437, 1436, 1803, 1972, 1985, 1960, 1516, 1781, 1062, 1062, 1061, 1516, 1757, 1908, 1846, 1819, 1818, 1933, 1933, 1544, 1819, 1184, 1183, 1763, 1846, 1946, 1757, 1321, 1147, 1150, 1150, 1574, 1321, 1020, 1019, 1308, 1308, 1311, 1020, 1314, 1313, 1488, 1603, 1369, 1205, 1205, 1604, 1603, 1603, 1604, 1104, 1104, 1103, 1603, 1170, 1614, 1615, 1615, 1171, 1170, 1607, 1518, 1608, 1608, 1609, 1607, 1610, 1611, 1612, 1085, 1086, 1087, 1087, 1088, 1085, 1077, 1078, 1079, 1079, 1080, 1077, 1081, 1082, 1083, 1677, 1800, 1237, 1352, 1799, 1473, 1069, 1070, 1071, 1071, 1072, 1069, 1051, 1054, 1602, 1960, 1959, 1972, 1865, 1866, 1040, 1601, 1423, 1600, 1934, 1943, 1545, 1944, 1865, 1039, 1039, 1929, 1944, 1043, 1042, 1001, 1001, 1820, 1043, 1600, 1441, 1601, 1480, 1488, 1313, 1313, 1782, 1480, 1936, 1919, 1124, 1124, 1123, 1936, 1505, 1504, 1526, 1526, 1847, 1505, 1054, 1525, 1047, 1047, 1602, 1054, 1148, 1147, 1320, 1320, 1951, 1148, 1040, 1039, 1865, 1862, 1639, 1443, 1443, 1746, 1862, 1352, 1351, 1795, 1795, 1796, 1352, 1602, 1136, 1051, 1275, 1768, 1769, 1769, 1276, 1275, 1054, 1053, 1894, 1063, 1064, 1065, 1065, 1066, 1063, 1473, 1349, 1352, 1411, 1420, 1312, 1577, 1065, 1064, 1063, 1066, 1733, 1224, 1223, 1594, 1596, 1597, 1598, 1598, 1599, 1596, 1699, 1702, 1844, 1844, 1805, 1699, 1937, 1465, 1290, 1290, 1016, 1937, 1486, 1825, 1662, 1662, 1487, 1486, 1162, 1165, 1817, 1575, 1576, 1577, 1577, 1064, 1575, 1407, 1410, 1495, 1495, 1797, 1407, 1365, 1368, 1683, 1683, 1798, 1365, 1894, 1525, 1054, 1067, 1034, 1023, 1023, 1068, 1067, 1707, 1130, 1129, 1129, 1793, 1707, 1312, 1315, 1411, 1772, 1173, 1172, 1172, 1773, 1772, 1839, 1587, 1755, 1333, 1835, 1964, 1774, 1643, 1094, 1094, 1149, 1774, 1055, 1056, 1057, 1755, 1754, 1839, 1524, 1523, 1258, 1258, 1257, 1524, 1442, 1179, 1182, 1182, 1810, 1442, 1057, 1058, 1055, 1778, 1053, 1052, 1052, 1946, 1778, 1964, 1824, 1333, 1654, 1639, 1862, 1862, 1102, 1654, 1110, 1109, 1260, 1260, 1485, 1110, 1168, 1686, 1092, 1092, 1091, 1168, 1109, 1108, 1715, 1715, 1259, 1109, 1594, 1595, 1224, 1592, 1593, 1345, 1345, 1348, 1592, 1589, 1626, 1590, 1203, 1455, 1945, 1945, 1914, 1203, 1284, 1166, 1285, 1940, 1941, 1071, 1047, 1048, 1049, 1049, 1050, 1047, 1616, 1448, 1451, 1550, 1582, 1584, 1584, 1831, 1550, 1776, 1777, 1515, 1515, 1619, 1776, 1183, 1262, 1261, 1261, 1763, 1183, 1979, 1870, 1324, 1451, 1256, 1616, 1566, 1801, 1802, 1775, 1141, 1008, 1574, 1794, 1735, 1094, 1093, 1149, 1154, 1153, 1793, 1793, 1939, 1154, 1727, 1942, 1576, 1172, 1731, 1773, 1837, 1935, 1838, 1587, 1221, 1263, 1263, 1442, 1587, 1506, 1673, 1089, 1089, 1481, 1506, 1588, 1589, 1590, 1590, 1591, 1588, 1008, 1552, 1775, 1051, 1052, 1053, 1053, 1054, 1051, 1043, 1044, 1041, 1324, 1536, 1979, 1802, 1902, 1566, 1326, 1020, 1311, 1311, 1668, 1326, 1557, 1682, 1779, 1779, 1558, 1557, 1450, 1270, 1273, 1273, 1627, 1450, 1778, 1572, 1531, 1531, 1530, 1778, 1581, 1786, 1787, 1787, 1788, 1581, 1789, 1059, 1268, 1497, 1578, 1579, 1579, 1498, 1497, 1520, 1519, 1580, 1582, 1583, 1502, 1408, 1129, 1132, 1132, 1409, 1408, 1938, 1723, 1708, 1708, 1711, 1938, 1167, 1166, 1284, 1576, 1575, 1727, 1269, 1932, 1235, 1816, 1983, 1900, 1041, 1042, 1043, 1035, 1036, 1037, 1037, 1038, 1035, 1271, 1201, 1204, 1900, 1766, 1816, 1268, 1790, 1789, 1860, 1759, 1658, 1658, 1982, 1860, 1204, 1738, 1271, 1029, 1030, 1027, 1780, 1671, 1462, 1462, 1461, 1780, 1349, 1082, 1081, 1081, 1350, 1349, 1284, 1072, 1167, 1190, 1036, 1232, 1232, 1539, 1190, 1790, 1268, 1267, 1267, 1891, 1790, 1502, 1584, 1582, 1431, 1341, 1331, 1331, 1432, 1431, 1580, 1581, 1520, 1957, 1097, 1446, 1031, 1032, 1033, 1033, 1034, 1031, 1023, 1024, 1025, 1025, 1026, 1023, 1027, 1028, 1029, 1021, 1022, 1019, 1015, 1016, 1017, 1017, 1018, 1015, 1831, 1584, 1877, 1877, 1832, 1831, 1446, 1445, 1957, 1516, 1515, 1777, 1780, 1461, 1641, 1641, 1640, 1780, 1813, 1812, 1867, 1867, 1060, 1813, 1019, 1020, 1021, 1823, 1177, 1770, 1483, 1351, 1782, 1782, 1484, 1483, 1777, 1781, 1516, 2230, 2229, 2240, 2829, 2985, 2481, 2481, 2683, 2829, 2502, 2449, 2452, 2452, 2503, 2502, 2240, 2590, 2230, 2816, 2692, 2145, 2145, 2817, 2816, 2000, 2864, 2865, 1987, 1988, 1989, 1989, 1990, 1987, 2437, 2353, 2707, 2707, 2920, 2437, 2604, 2603, 2069, 2069, 2458, 2604, 2865, 2001, 2000, 1995, 1996, 1997, 1997, 1998, 1995, 1999, 2000, 2001, 2001, 2002, 1999, 2003, 2004, 2005, 2005, 2006, 2003, 2552, 2414, 2961, 2961, 2549, 2552, 2942, 2153, 2156, 2156, 2898, 2942, 2959, 2980, 2055, 2965, 2483, 2482, 2482, 2998, 2965, 2933, 2207, 2969, 2969, 2968, 2933, 2490, 2963, 2464, 2719, 2563, 2167, 2814, 2345, 2815, 2818, 2819, 2820, 2820, 2821, 2818, 2542, 2416, 2272, 2272, 2784, 2542, 2257, 2822, 2173, 2173, 2172, 2257, 2975, 2344, 2345, 2580, 2581, 2578, 2572, 2571, 2954, 2761, 2760, 2609, 2609, 2608, 2761, 2453, 2455, 2916, 2916, 2335, 2453, 2167, 2692, 2719, 2005, 2172, 2171, 2571, 2572, 2573, 2345, 2814, 2975, 2171, 2748, 2005, 2911, 2698, 2697, 2697, 2802, 2911, 2576, 2053, 2056, 2056, 2577, 2576, 2021, 2107, 2109, 2109, 2441, 2021, 2573, 2574, 2571, 2575, 2374, 2138, 2138, 2137, 2575, 2567, 2568, 2569, 2528, 2537, 2751, 2751, 2689, 2528, 2802, 2082, 2081, 2081, 2911, 2802, 2759, 2758, 2126, 2544, 2543, 2854, 2854, 2792, 2544, 2954, 2559, 2572, 2429, 2779, 2780, 2780, 3000, 2429, 2915, 2046, 2588, 2588, 2217, 2915, 2490, 2489, 2216, 2216, 2450, 2490, 2995, 2289, 2952, 2952, 2740, 2995, 2580, 2425, 2517, 2517, 2516, 2580, 2723, 2722, 2498, 2811, 2812, 2813, 2560, 2561, 2562, 2562, 2563, 2560, 2443, 2564, 2565, 2565, 2305, 2443, 2398, 2566, 2427, 2427, 2426, 2398, 2235, 2234, 2823, 2823, 2824, 2235, 2213, 2825, 2654, 2654, 2826, 2213, 2643, 2556, 2174, 2174, 2722, 2643, 2815, 2781, 2814, 2498, 2497, 2723, 2836, 2837, 2834, 2459, 2603, 2606, 2726, 2831, 2077, 2077, 2727, 2726, 2754, 2179, 2975, 2344, 2975, 2179, 2964, 2766, 2794, 2827, 2423, 2247, 2296, 2866, 2628, 2628, 2698, 2296, 2779, 2429, 2432, 2432, 2926, 2779, 2560, 2720, 2833, 2833, 2791, 2560, 2566, 2830, 2829, 2834, 2835, 2836, 2423, 2827, 2828, 2828, 2424, 2423, 2025, 2026, 2027, 2027, 2028, 2025, 2809, 2793, 2794, 2035, 2036, 2037, 2037, 2038, 2035, 2179, 2178, 2344, 2367, 2895, 2806, 2806, 2669, 2367, 2402, 2616, 2617, 2617, 2161, 2402, 2887, 2704, 2083, 2345, 2287, 2947, 2947, 2815, 2345, 2794, 2810, 2809, 2338, 2337, 2940, 2940, 2718, 2338, 2376, 2664, 2141, 2043, 2044, 2045, 2045, 2046, 2043, 2718, 2717, 2990, 2990, 2338, 2718, 2764, 2832, 2668, 2185, 2584, 2507, 2352, 2929, 2361, 2361, 2708, 2352, 2620, 2619, 2266, 2266, 2371, 2620, 2583, 2585, 2586, 2624, 2406, 2480, 2480, 2479, 2624, 2774, 2971, 2170, 2205, 2442, 2923, 2923, 2972, 2205, 2170, 2927, 2774, 2586, 2587, 2583, 2551, 2582, 2583, 2583, 2263, 2551, 2507, 2186, 2185, 2247, 2246, 2827, 2975, 2646, 2754, 2794, 2712, 2964, 2039, 2040, 2041, 2041, 2042, 2039, 2031, 2032, 2033, 2033, 2034, 2031, 2083, 2082, 2887, 2511, 2948, 2693, 2053, 2054, 2055, 2055, 2056, 2053, 2057, 2058, 2059, 2059, 2060, 2057, 2061, 2062, 2063, 2693, 2670, 2511, 2811, 2973, 2974, 2708, 2707, 2353, 2949, 2191, 2068, 2068, 2067, 2949, 2646, 2975, 2814, 2411, 2410, 2808, 2808, 2655, 2411, 2047, 2048, 2049, 2049, 2050, 2047, 2558, 2049, 2048, 2048, 2559, 2558, 2357, 2839, 1988, 1988, 1987, 2357, 2726, 2840, 2841, 2841, 2831, 2726, 2814, 2647, 2646, 2353, 2352, 2708, 2668, 2667, 2764, 2829, 2427, 2566, 2046, 2045, 2250, 2250, 2588, 2046, 2141, 2461, 2376, 2547, 2548, 2439, 2555, 2234, 2237, 2237, 2556, 2555, 2752, 2719, 2692, 2160, 2159, 2842, 2842, 2843, 2160, 2979, 2969, 2207, 2537, 2827, 2246, 1996, 2065, 2066, 2921, 2950, 2445, 2246, 2751, 2537, 2445, 2444, 2921, 2207, 2206, 2979, 2240, 2239, 2304, 2304, 2962, 2240, 2184, 2259, 2476, 2476, 2725, 2184, 2669, 2806, 2405, 2692, 2816, 2752, 2551, 2552, 2549, 2541, 2417, 2416, 2416, 2542, 2541, 2106, 2009, 2010, 2010, 2475, 2106, 2439, 2006, 2547, 2217, 2216, 2489, 2974, 2852, 2811, 2606, 2838, 2459, 2762, 2040, 2884, 2884, 2785, 2762, 2834, 2433, 2436, 2479, 2322, 2760, 2760, 2759, 2479, 2436, 2662, 2834, 2549, 2550, 2551, 2845, 2846, 2176, 2176, 2753, 2845, 2401, 2524, 2523, 2639, 2659, 2844, 2844, 2132, 2639, 2608, 2711, 2710, 2710, 2761, 2608, 2800, 2243, 2242, 2391, 2390, 2369, 2803, 2804, 2802, 2663, 2190, 2110, 2110, 2148, 2663, 2405, 2521, 2669, 2802, 2697, 2803, 2063, 2064, 2061, 2066, 1997, 1996, 2658, 2657, 2980, 2589, 2590, 2591, 2591, 2592, 2589, 2347, 2346, 2181, 2181, 2180, 2347, 2015, 2670, 2469, 2469, 2403, 2015, 2369, 2351, 2391, 2489, 2915, 2217, 2448, 2447, 2543, 2543, 2544, 2448, 2101, 2545, 2546, 2546, 2098, 2101, 2060, 2162, 2242, 2242, 2057, 2060, 2980, 2959, 2658, 2849, 2850, 2847, 2851, 2852, 2721, 2721, 2853, 2851, 2242, 2801, 2800, 2098, 2546, 2857, 2857, 2858, 2098, 2855, 2856, 2792, 2084, 2085, 2086, 2851, 2853, 2472, 2966, 2917, 2622, 2622, 2621, 2966, 2076, 2077, 2078, 2078, 2079, 2076, 2080, 2081, 2082, 2082, 2083, 2080, 2847, 2848, 2849, 2007, 2142, 2904, 2981, 2311, 2251, 2251, 2928, 2981, 2709, 2746, 2154, 2154, 2153, 2709, 2365, 2297, 2911, 2134, 2873, 2023, 2472, 2471, 2851, 2201, 2446, 2241, 2241, 2202, 2201, 2523, 2744, 2401, 2842, 2261, 2372, 2372, 2686, 2842, 2521, 2405, 2408, 2408, 2320, 2521, 2904, 2674, 2007, 2098, 2099, 2100, 2100, 2101, 2098, 2349, 2467, 2996, 2652, 2059, 2058, 2058, 2513, 2652, 2129, 2130, 2477, 2477, 2456, 2129, 2699, 2550, 2531, 2797, 2798, 2799, 2799, 2177, 2797, 2792, 2854, 2855, 2284, 2344, 2178, 2094, 2095, 2096, 2096, 2097, 2094, 2090, 2091, 2092, 2996, 2346, 2349, 2531, 2538, 2537, 2023, 2135, 2134, 2330, 2889, 2463, 2463, 2331, 2330, 2004, 2257, 2172, 2172, 2005, 2004, 2559, 2048, 2678, 2092, 2093, 2090, 2086, 2087, 2084, 2819, 2983, 2957, 2957, 2913, 2819, 2911, 2081, 2365, 2460, 2982, 2316, 2316, 2315, 2460, 2659, 2875, 2899, 2537, 2528, 2531, 2178, 2514, 2284, 2784, 2272, 2275, 2631, 2936, 2960, 2130, 2095, 2861, 2861, 2862, 2130, 2864, 2597, 2600, 2600, 2865, 2864, 2108, 2109, 2107, 2387, 2385, 2894, 2597, 2598, 2599, 2423, 2422, 2601, 2601, 2247, 2423, 2930, 2567, 2570, 2275, 2540, 2784, 2686, 2372, 2373, 2373, 2488, 2686, 2502, 2501, 2047, 2533, 2534, 2535, 2535, 2536, 2533, 2899, 2844, 2659, 2268, 2939, 2400, 2400, 2388, 2268, 2047, 2532, 2502, 2894, 2607, 2387, 2531, 2530, 2699, 2804, 2803, 2783, 2678, 2572, 2559, 2783, 2888, 2804, 2528, 2529, 2530, 2530, 2531, 2528, 2101, 2100, 2329, 2329, 2527, 2101, 2065, 2685, 2687, 2219, 2451, 2450, 2627, 2544, 2792, 2793, 2042, 2712, 2712, 2794, 2793, 2789, 2790, 2392, 2792, 2036, 2627, 2795, 2043, 2738, 2332, 2682, 2527, 2599, 2600, 2597, 2584, 2359, 2358, 2579, 2578, 2362, 2362, 2602, 2579, 2450, 2216, 2219, 2684, 2484, 1994, 1994, 1993, 2684, 2570, 2941, 2930, 2261, 2842, 2159, 2159, 2258, 2261, 2013, 2103, 2724, 2724, 2419, 2013, 2984, 2668, 2832, 2832, 2983, 2984, 2527, 2329, 2332, 2110, 2111, 2112, 2107, 2038, 2108, 2112, 2113, 2110, 2960, 2713, 2631, 2012, 2102, 2103, 2103, 2013, 2012, 2104, 2105, 2009, 2009, 2106, 2104, 2987, 2991, 2694, 2938, 2339, 2960, 2960, 2936, 2938, 2122, 2123, 2087, 2718, 2940, 2065, 2065, 1996, 2718, 2122, 2288, 2291, 2291, 2788, 2122, 2115, 2114, 2116, 2611, 2294, 2323, 2323, 2895, 2611, 2825, 2409, 2411, 2411, 2654, 2825, 2687, 2066, 2065, 2087, 2086, 2747, 2694, 2088, 2987, 2508, 2278, 2279, 2279, 2618, 2508, 2112, 2932, 2032, 2032, 2031, 2112, 2392, 2791, 2789, 2116, 2117, 2115, 2118, 2119, 2120, 2120, 2121, 2118, 2738, 2796, 2795, 2866, 2340, 2343, 2343, 2628, 2866, 2358, 2507, 2584, 2496, 2473, 2486, 2486, 2871, 2496, 2358, 2357, 1987, 1987, 2278, 2358, 2474, 2741, 2740, 2980, 2746, 2056, 2187, 2260, 2259, 2365, 2133, 2136, 2136, 2366, 2365, 2995, 2671, 2922, 2514, 2178, 2177, 2177, 2799, 2514, 2095, 2130, 2129, 2087, 2124, 2122, 2125, 2126, 2127, 2133, 2134, 2135, 2135, 2136, 2133, 2127, 2128, 2125, 2259, 2184, 2187, 2740, 2952, 2474, 2188, 2721, 2852, 2368, 2350, 2351, 2351, 2369, 2368, 2582, 2564, 2585, 2579, 2422, 2425, 2425, 2580, 2579, 2071, 2068, 2191, 2129, 2096, 2095, 2412, 2518, 2517, 2517, 2413, 2412, 2168, 2167, 2563, 2563, 2562, 2168, 2585, 2583, 2582, 2003, 2438, 2903, 2903, 2859, 2003, 2852, 2974, 2188, 2026, 2025, 2554, 2554, 2553, 2026, 2621, 2633, 2723, 2723, 2966, 2621, 2850, 2849, 2910, 2910, 2360, 2850, 2034, 2033, 2593, 2593, 2869, 2034, 2197, 2196, 2158, 2158, 2157, 2197, 2668, 2984, 2226, 2226, 2225, 2668, 2743, 2512, 2018, 2018, 2017, 2743, 2704, 2887, 2889, 2889, 2330, 2704, 2546, 2868, 2867, 2624, 2479, 2759, 2759, 2125, 2624, 2236, 2728, 2729, 2191, 2190, 2071, 2713, 2025, 2028, 2858, 2882, 2099, 2099, 2098, 2858, 2922, 2290, 2995, 2473, 2472, 2487, 2487, 2486, 2473, 2117, 2116, 2244, 2244, 2243, 2117, 2677, 2676, 2745, 2745, 2626, 2677, 2867, 2857, 2546, 2371, 2152, 2632, 2843, 2940, 2337, 2337, 2160, 2843, 2186, 2507, 2508, 2508, 2782, 2186, 2744, 2862, 2402, 2875, 2876, 2614, 2691, 2690, 2956, 2322, 2281, 2609, 2609, 2760, 2322, 2783, 2784, 2540, 2540, 2539, 2783, 2785, 2786, 2763, 2763, 2762, 2785, 2729, 2787, 2236, 2632, 2620, 2371, 2564, 2443, 2445, 2445, 2585, 2564, 2838, 2606, 2951, 2951, 2985, 2838, 2150, 2149, 2350, 2350, 2368, 2150, 2090, 2929, 2592, 2592, 2591, 2090, 2137, 2138, 2139, 2139, 2140, 2137, 2056, 2055, 2980, 2747, 2124, 2087, 2957, 2832, 2763, 2763, 2786, 2957, 2522, 2523, 2524, 2524, 2525, 2522, 2157, 2158, 2159, 2159, 2160, 2157, 2153, 2154, 2155, 2782, 2508, 2618, 2618, 2468, 2782, 2877, 2734, 2878, 2878, 2379, 2877, 2169, 2146, 2167, 2873, 2874, 2024, 2024, 2023, 2873, 2614, 2314, 2875, 2402, 2401, 2744, 2761, 2710, 2942, 2155, 2156, 2153, 2942, 2758, 2761, 2163, 2164, 2162, 2147, 2521, 2320, 2516, 2517, 2518, 2160, 2337, 2336, 2149, 2150, 2147, 2085, 2084, 2992, 2992, 2454, 2085, 2619, 2879, 2267, 2267, 2266, 2619, 2956, 2944, 2691, 2319, 2663, 2148, 2148, 2147, 2319, 2147, 2148, 2149, 2430, 2772, 2773, 2773, 2431, 2430, 2028, 2631, 2713, 2320, 2319, 2147, 2882, 2858, 2873, 2672, 2102, 2787, 2787, 2729, 2672, 2012, 2011, 2174, 2170, 2171, 2172, 2172, 2173, 2170, 2836, 2994, 2675, 2167, 2168, 2169, 2113, 2112, 2031, 2301, 2667, 2595, 2595, 2594, 2301, 2575, 2861, 2095, 2095, 2094, 2575, 2791, 2392, 2395, 2395, 2561, 2791, 2434, 2433, 2917, 2299, 2897, 2866, 2822, 2257, 2255, 2255, 2805, 2822, 2518, 2333, 2516, 2276, 2117, 2243, 2243, 2800, 2276, 2031, 2214, 2113, 2917, 2966, 2434, 2162, 2060, 2163, 2866, 2296, 2299, 2937, 2630, 2409, 2409, 2825, 2937, 2193, 2204, 2978, 2978, 2194, 2193, 2555, 2642, 2151, 2151, 2807, 2555, 2873, 2134, 2882, 2174, 2175, 2012, 2176, 2177, 2178, 2178, 2179, 2176, 2900, 2998, 2885, 2885, 2886, 2900, 2994, 2778, 2506, 2506, 2675, 2994, 2951, 2885, 2998, 2648, 2789, 2833, 2881, 2212, 2211, 2885, 2605, 2650, 2650, 2886, 2885, 2484, 2483, 2880, 2880, 1994, 2484, 2211, 2292, 2881, 2605, 2606, 2603, 2675, 2906, 2836, 2833, 2645, 2648, 2552, 2551, 2263, 2263, 2262, 2552, 2187, 2186, 2782, 2782, 2119, 2187, 2998, 2482, 2951, 2250, 2249, 2317, 2317, 2651, 2250, 2164, 2163, 2166, 2166, 2165, 2164, 2416, 2415, 2273, 2273, 2272, 2416, 2336, 2157, 2160, 2603, 2604, 2605, 2491, 2464, 2467, 2201, 2200, 2666, 2666, 2447, 2201, 2184, 2185, 2186, 2286, 2334, 2510, 2905, 2622, 2917, 2529, 2568, 2907, 2907, 2530, 2529, 2779, 2206, 2209, 2209, 2780, 2779, 2597, 2864, 2785, 2785, 2884, 2597, 2887, 2804, 2888, 2666, 2776, 2777, 2777, 2665, 2666, 2467, 2349, 2491, 2390, 2389, 2370, 2847, 2269, 2610, 2610, 2706, 2847, 2263, 2583, 2587, 2587, 2264, 2263, 2608, 2609, 2280, 2342, 2506, 2778, 2778, 2418, 2342, 2043, 2046, 2739, 2739, 2738, 2043, 1992, 1991, 2965, 2965, 2872, 1992, 2514, 2515, 2285, 2285, 2284, 2514, 2434, 2497, 2500, 2370, 2369, 2390, 2619, 2620, 2621, 2621, 2622, 2619, 2064, 2063, 2325, 2325, 2410, 2064, 2192, 2193, 2194, 2194, 2195, 2192, 2681, 2075, 2613, 2850, 2270, 2269, 2142, 2267, 2879, 2733, 2735, 2638, 2638, 2637, 2733, 2616, 2137, 2140, 2140, 2617, 2616, 2294, 2611, 2612, 2612, 2295, 2294, 2613, 2074, 2614, 2614, 2615, 2613, 2269, 2076, 2079, 2079, 2610, 2269, 2280, 2607, 2608, 2879, 2904, 2142, 2944, 2457, 2382, 2382, 2691, 2944, 2500, 2435, 2434, 2200, 2892, 2776, 2776, 2666, 2200, 2518, 2412, 2660, 2660, 2955, 2518, 2750, 2973, 2547, 2547, 2748, 2750, 2917, 2837, 2905, 2186, 2187, 2184, 2874, 2873, 2858, 2190, 2191, 2111, 2111, 2110, 2190, 2858, 2857, 2874, 2465, 2464, 2963, 2772, 1999, 2002, 2839, 2634, 2380, 2380, 1988, 2839, 2984, 2997, 2883, 2883, 2226, 2984, 2963, 2532, 2465, 2749, 2971, 2918, 2196, 2197, 2198, 2198, 2199, 2196, 2200, 2201, 2202, 2202, 2203, 2200, 2572, 2678, 2986, 2008, 2007, 2674, 2351, 2215, 1986, 2511, 2018, 2512, 2512, 2513, 2511, 2125, 2128, 2623, 2623, 2624, 2125, 2918, 2756, 2749, 2683, 2428, 2427, 2427, 2829, 2683, 2028, 2027, 2062, 2062, 2061, 2028, 2888, 2889, 2887, 2892, 2598, 2893, 2893, 2776, 2892, 2674, 2505, 2008, 2233, 2767, 2774, 2214, 2031, 2034, 2613, 2896, 2681, 2898, 2156, 2557, 2557, 2679, 2898, 2536, 2364, 2771, 2810, 2794, 2766, 2766, 2765, 2810, 2627, 2036, 2625, 2210, 2211, 2212, 2212, 2213, 2210, 2755, 2720, 2719, 2719, 2752, 2755, 2002, 2773, 2772, 2771, 2533, 2536, 2774, 2775, 2233, 2206, 2207, 2208, 2208, 2209, 2206, 1986, 2391, 2351, 2861, 2575, 2137, 2137, 2616, 2861, 2004, 2003, 2859, 2859, 2256, 2004, 2625, 2626, 2627, 2510, 2509, 2286, 2607, 2894, 2711, 2711, 2608, 2607, 2370, 2611, 2895, 2895, 2367, 2370, 2269, 2847, 2850, 2026, 2204, 2205, 2205, 2027, 2026, 2138, 2376, 2461, 2461, 2139, 2138, 2576, 2894, 2385, 2648, 2647, 2769, 2196, 2901, 2356, 2649, 2604, 2458, 2458, 2902, 2649, 2077, 2076, 2271, 2971, 2749, 2171, 2171, 2170, 2971, 2113, 2149, 2148, 2762, 2763, 2764, 2769, 2770, 2648, 2767, 2233, 2227, 2227, 2768, 2767, 2385, 2384, 2576, 2542, 2803, 2697, 2697, 2541, 2542, 2716, 2715, 2436, 2436, 2435, 2716, 2216, 2217, 2218, 2218, 2219, 2216, 2971, 2774, 2767, 2767, 2918, 2971, 2548, 2813, 2440, 2440, 2439, 2548, 2034, 2215, 2214, 2628, 2343, 2417, 2417, 2541, 2628, 2986, 2573, 2572, 2987, 2644, 2273, 2273, 2415, 2987, 2177, 2176, 2846, 2038, 2037, 2224, 2224, 2108, 2038, 2123, 2122, 2788, 2192, 2195, 2788, 2229, 2230, 2231, 2231, 2232, 2229, 2901, 2840, 2476, 2897, 2958, 2340, 2334, 2955, 2870, 2870, 2510, 2334, 2340, 2866, 2897, 2982, 2460, 2830, 2830, 2566, 2982, 2788, 2977, 2123, 2846, 2797, 2177, 2512, 2743, 2523, 2150, 2669, 2521, 2938, 2292, 2222, 2173, 2928, 2927, 2927, 2170, 2173, 2521, 2147, 2150, 2222, 2339, 2938, 2788, 2291, 2192, 2271, 2727, 2077, 2356, 2158, 2196, 2764, 2300, 2762, 2801, 2242, 2162, 2162, 2634, 2801, 2053, 2576, 2384, 2384, 2386, 2053, 2523, 2522, 2512, 2280, 2609, 2281, 2760, 2761, 2758, 2904, 2879, 2905, 2905, 2906, 2904, 2465, 2050, 2208, 2983, 2999, 2997, 2997, 2984, 2983, 2080, 2882, 2134, 2386, 2943, 2054, 2806, 2480, 2406, 2091, 2930, 2941, 2941, 2092, 2091, 2877, 2874, 2857, 2857, 2867, 2877, 2248, 2045, 2044, 2044, 2210, 2248, 2622, 2905, 2879, 2789, 2648, 2770, 2770, 2790, 2789, 2944, 2956, 2097, 2097, 2096, 2944, 2955, 2660, 2914, 2914, 2870, 2955, 2054, 2053, 2386, 2476, 2356, 2901, 2233, 2022, 2228, 2228, 2227, 2233, 2406, 2405, 2806, 2148, 2110, 2113, 2354, 2440, 2813, 2813, 2988, 2354, 2879, 2619, 2622, 2908, 2964, 2712, 2748, 2171, 2749, 2749, 2750, 2748, 2907, 2303, 2305, 2752, 2753, 2754, 2754, 2755, 2752, 2229, 2238, 2239, 2239, 2240, 2229, 2568, 2529, 2688, 2688, 2569, 2568, 2343, 2342, 2418, 2485, 2192, 2291, 2291, 2290, 2485, 2532, 2963, 2449, 2449, 2502, 2532, 2712, 2302, 2908, 2758, 2759, 2760, 2750, 2749, 2756, 2501, 2502, 2503, 2503, 2504, 2501, 2341, 2505, 2506, 2506, 2342, 2341, 2507, 2358, 2278, 2278, 2508, 2507, 2642, 2555, 2556, 2556, 2643, 2642, 2435, 2500, 2519, 2519, 2716, 2435, 2756, 2757, 2750, 2326, 2306, 2309, 2309, 2327, 2326, 2208, 2466, 2465, 2566, 2398, 2397, 2996, 2933, 2968, 2968, 2863, 2996, 2094, 2737, 2374, 2374, 2575, 2094, 2297, 2296, 2698, 2698, 2911, 2297, 2699, 2565, 2564, 2633, 2621, 2620, 2424, 2828, 2961, 2961, 2413, 2424, 2962, 2591, 2590, 2590, 2240, 2962, 2634, 2162, 2164, 2164, 2380, 2634, 2397, 2982, 2566, 2044, 2043, 2795, 2061, 2630, 2631, 2631, 2028, 2061, 2097, 2399, 2737, 2737, 2094, 2097, 2494, 2493, 2972, 2972, 2923, 2494, 2620, 2632, 2633, 2545, 2681, 2896, 2896, 2702, 2868, 2889, 2888, 2696, 2696, 2463, 2889, 2234, 2235, 2236, 2236, 2237, 2234, 2134, 2133, 2080, 2795, 2636, 2044, 2689, 2688, 2529, 2856, 2855, 2909, 2909, 2629, 2856, 2634, 2839, 2910, 2105, 2104, 2124, 2124, 2747, 2105, 2544, 2627, 2745, 2745, 2448, 2544, 2989, 2453, 2335, 2335, 2338, 2989, 2702, 2615, 2703, 2450, 2449, 2963, 2747, 2086, 2990, 2990, 2717, 2747, 2695, 2778, 2994, 2529, 2528, 2689, 2499, 2500, 2497, 2647, 2814, 2781, 2781, 2769, 2647, 2910, 2801, 2634, 2243, 2244, 2057, 2064, 2409, 2630, 2630, 2061, 2064, 2057, 2242, 2243, 2564, 2582, 2699, 2305, 2565, 2907, 2418, 2417, 2343, 2230, 2495, 2496, 2496, 2231, 2230, 2493, 2494, 2306, 2306, 2326, 2493, 2497, 2498, 2499, 2833, 2789, 2791, 2549, 2961, 2828, 2260, 2261, 2258, 2251, 2252, 2253, 2253, 2254, 2251, 2045, 2248, 2249, 2249, 2250, 2045, 2820, 2913, 1999, 2591, 2962, 2091, 2677, 2680, 2912, 2912, 2221, 2677, 2179, 2754, 2753, 2962, 2304, 2930, 2791, 2561, 2560, 2287, 2286, 2509, 2509, 2947, 2287, 2052, 2051, 2713, 2646, 2645, 2755, 2755, 2754, 2646, 2561, 2395, 2729, 2798, 2797, 2860, 2860, 2363, 2798, 2930, 2091, 2962, 2091, 2090, 2591, 2778, 2991, 2418, 2835, 2661, 2695, 2603, 2459, 2070, 2070, 2069, 2603, 2175, 2787, 2102, 2102, 2012, 2175, 2963, 2490, 2450, 2713, 2960, 2052, 2039, 2777, 2776, 2776, 2893, 2039, 2846, 2845, 2030, 2030, 2029, 2846, 2132, 2131, 2155, 2156, 2155, 2131, 2131, 2557, 2156, 2632, 2642, 2643, 2491, 2492, 2489, 2413, 2517, 2425, 2425, 2424, 2413, 2862, 2744, 2478, 2478, 2130, 2862, 2799, 2581, 2515, 2515, 2514, 2799, 2155, 2639, 2132, 2036, 2792, 2856, 2050, 2465, 2532, 2532, 2047, 2050, 2262, 2263, 2264, 2264, 2265, 2262, 2828, 2538, 2549, 2293, 2292, 2211, 2211, 2636, 2293, 2753, 2176, 2179, 2835, 2834, 2662, 2730, 2293, 2636, 2636, 2795, 2730, 2856, 2037, 2036, 2257, 2004, 2256, 2256, 2255, 2257, 2258, 2259, 2260, 2744, 2523, 2743, 2277, 2115, 2117, 2076, 2269, 2270, 2270, 2271, 2076, 2272, 2273, 2274, 2274, 2275, 2272, 2060, 2059, 2268, 2268, 2163, 2060, 2235, 2925, 2728, 2728, 2236, 2235, 2288, 2122, 2124, 2124, 2104, 2288, 2676, 2446, 2448, 2448, 2745, 2676, 1999, 2772, 2820, 2743, 2478, 2744, 2395, 2394, 2672, 2252, 2251, 2311, 2302, 2301, 2594, 2594, 2908, 2302, 2896, 2613, 2615, 2615, 2702, 2896, 2657, 2154, 2746, 2746, 2980, 2657, 2973, 2750, 2757, 2757, 2974, 2973, 2489, 2490, 2491, 2481, 2482, 2483, 2483, 2484, 2481, 2193, 2192, 2485, 2485, 2442, 2193, 2672, 2729, 2395, 2592, 2355, 2742, 2742, 2589, 2592, 2364, 2035, 2038, 2038, 2107, 2364, 2577, 2056, 2746, 2746, 2709, 2577, 2826, 2249, 2248, 2305, 2239, 2238, 2822, 2981, 2928, 2840, 2901, 2935, 2935, 2841, 2840, 2895, 2323, 2480, 2480, 2806, 2895, 2307, 2740, 2741, 2741, 2308, 2307, 2662, 2661, 2835, 2643, 2633, 2632, 2153, 2942, 2710, 2710, 2709, 2153, 2959, 2703, 2876, 2893, 2884, 2040, 2040, 2039, 2893, 2353, 2437, 2440, 2440, 2354, 2353, 2589, 2742, 2470, 2470, 2495, 2589, 2117, 2276, 2277, 2262, 2377, 2414, 2311, 2310, 2252, 2961, 2414, 2413, 2645, 2646, 2647, 2647, 2648, 2645, 2730, 2796, 2967, 2967, 2245, 2730, 2504, 2986, 2678, 2827, 2537, 2538, 2538, 2828, 2827, 2825, 2213, 2212, 2212, 2937, 2825, 2238, 2229, 2232, 2876, 2658, 2959, 2396, 2956, 2690, 2690, 2641, 2396, 2341, 2340, 2958, 2958, 2635, 2341, 2604, 2649, 2650, 2284, 2285, 2286, 2286, 2287, 2284, 2278, 1987, 1990, 1990, 2279, 2278, 2280, 2281, 2282, 2282, 2283, 2280, 2380, 2164, 2165, 2165, 2381, 2380, 2843, 2842, 2686, 2686, 2685, 2843, 2238, 2443, 2305, 2414, 2552, 2262, 2928, 2173, 2822, 2775, 2774, 2927, 2927, 2254, 2775, 2813, 2812, 2988, 2876, 2703, 2615, 2615, 2614, 2876, 2596, 2912, 2680, 2292, 2293, 2223, 2223, 2222, 2292, 3000, 2821, 2430, 2311, 2981, 2993, 2993, 2312, 2311, 2745, 2627, 2626, 2232, 2231, 2891, 2703, 2959, 2736, 2736, 2700, 2703, 2288, 2289, 2290, 2290, 2291, 2288, 2204, 2026, 2553, 2553, 2978, 2204, 2581, 2580, 2516, 2680, 2534, 2596, 2483, 2965, 1991, 2748, 2547, 2006, 2513, 2512, 2522, 2522, 2652, 2513, 2678, 2501, 2504, 2558, 2953, 3000, 2471, 2470, 2742, 2742, 2988, 2471, 2232, 2444, 2238, 2248, 2213, 2826, 2650, 2605, 2604, 2588, 2250, 2651, 2651, 2421, 2588, 1991, 2880, 2483, 2830, 2838, 2985, 2985, 2829, 2830, 2114, 2526, 2693, 2281, 2294, 2295, 2295, 2282, 2281, 2936, 2631, 2630, 2630, 2937, 2936, 2516, 2515, 2581, 2534, 2310, 2313, 2313, 2596, 2534, 2323, 2322, 2479, 2261, 2260, 2118, 2118, 2372, 2261, 2479, 2480, 2323, 2086, 2085, 2989, 2989, 2990, 2086, 2006, 2005, 2748, 2693, 2116, 2114, 3000, 2780, 2558, 2786, 2000, 2913, 2035, 2364, 2536, 2536, 2625, 2035, 2913, 2957, 2786, 2397, 2396, 2641, 2234, 2555, 2807, 2807, 2823, 2234, 2891, 2890, 2232, 2625, 2036, 2035, 2771, 2364, 2020, 2430, 2429, 3000, 2771, 2252, 2533, 2680, 2535, 2534, 2042, 2793, 2777, 2777, 2039, 2042, 2839, 2357, 2360, 2019, 2253, 2020, 2735, 2733, 2700, 2700, 2736, 2735, 2355, 2354, 2988, 2584, 2185, 2727, 2727, 2271, 2584, 2733, 2734, 2701, 2333, 2285, 2515, 2515, 2516, 2333, 2333, 2518, 2955, 2296, 2297, 2298, 2298, 2299, 2296, 2049, 2558, 2780, 2780, 2209, 2049, 2360, 2910, 2839, 2408, 2407, 2182, 2182, 2653, 2408, 2955, 2334, 2333, 2956, 2396, 2399, 2399, 2097, 2956, 2654, 2411, 2655, 2016, 2404, 2456, 2456, 2477, 2016, 2695, 2694, 2991, 2991, 2778, 2695, 2471, 2988, 2812, 2812, 2851, 2471, 2143, 2945, 2525, 2525, 2524, 2143, 2655, 2656, 2654, 2641, 2640, 2397, 2772, 2430, 2821, 2821, 2820, 2772, 2764, 2763, 2832, 2868, 2546, 2545, 2545, 2896, 2868, 1999, 2913, 2000, 2820, 2819, 2913, 2303, 2304, 2239, 2653, 2321, 2320, 2953, 2954, 2818, 3000, 2953, 2821, 2818, 2954, 2999, 2957, 2983, 2832, 2988, 2742, 2355, 2598, 2597, 2884, 2884, 2893, 2598, 2477, 2478, 2017, 2657, 2658, 2659, 2659, 2639, 2657, 2377, 2378, 2660, 2661, 2662, 2324, 2324, 2089, 2661, 2660, 2412, 2377, 2320, 2408, 2653, 2732, 2198, 2197, 2054, 2735, 2736, 2736, 2055, 2054, 2426, 2737, 2399, 2399, 2398, 2426, 2348, 2738, 2739, 2739, 2492, 2348, 2701, 2700, 2733, 2664, 2376, 2375, 2190, 2663, 2072, 2798, 2578, 2581, 2581, 2799, 2798, 2938, 2881, 2292, 2915, 2739, 2046, 2119, 2782, 2468, 2468, 2120, 2119, 2855, 2810, 2765, 2765, 2909, 2855, 2848, 2705, 2276, 2276, 2800, 2848, 2283, 2387, 2607, 2818, 2821, 2953, 2072, 2071, 2190, 2375, 2428, 2664, 2667, 2301, 2300, 2817, 2030, 2845, 2154, 2657, 2639, 2639, 2155, 2154, 2103, 2673, 2934, 2934, 2724, 2103, 2845, 2816, 2817, 2017, 2016, 2477, 2239, 2305, 2303, 2041, 2300, 2301, 2301, 2302, 2041, 2868, 2702, 2701, 2701, 2867, 2868, 2804, 2887, 2082, 2082, 2802, 2804, 2300, 2764, 2667, 2312, 2313, 2310, 2756, 2918, 2919, 2492, 2491, 2349, 2349, 2348, 2492, 2837, 2917, 2433, 2492, 2739, 2915, 2915, 2489, 2492, 2916, 2731, 2336, 2306, 2307, 2308, 2308, 2309, 2306, 2300, 2041, 2040, 2040, 2762, 2300, 2212, 2881, 2937, 2210, 2213, 2248, 2485, 2290, 2922, 2310, 2311, 2312, 2939, 2268, 2059, 2669, 2150, 2368, 2667, 2668, 2225, 2665, 2543, 2447, 2447, 2666, 2665, 2735, 2054, 2943, 2225, 2595, 2667, 2336, 2335, 2916, 2050, 2049, 2209, 2209, 2208, 2050, 2730, 2795, 2796, 2498, 2011, 2014, 2014, 2499, 2498, 2665, 2777, 2793, 2793, 2809, 2665, 2059, 2652, 2939, 2720, 2755, 2645, 2727, 2185, 2725, 2561, 2729, 2728, 2293, 2730, 2245, 2245, 2223, 2293, 2197, 2731, 2732, 2919, 2714, 2756, 2918, 2767, 2768, 2453, 2989, 2085, 2747, 2717, 2105, 2990, 2989, 2338, 2446, 2676, 2220, 2220, 2241, 2446, 2438, 2437, 2920, 2433, 2834, 2837, 2645, 2833, 2720, 2259, 2258, 2356, 2210, 2044, 2636, 2636, 2211, 2210, 2981, 2822, 2805, 2545, 2101, 2527, 2527, 2681, 2545, 2495, 2230, 2590, 2590, 2589, 2495, 2874, 2877, 2379, 2379, 2024, 2874, 2410, 2325, 2328, 2328, 2808, 2410, 2607, 2280, 2283, 2943, 2638, 2735, 2470, 2471, 2472, 2356, 2476, 2259, 2920, 2903, 2438, 2444, 2232, 2890, 2728, 2562, 2561, 2890, 2921, 2444, 2922, 2923, 2442, 2442, 2485, 2922, 2105, 2717, 1995, 2347, 2796, 2738, 2322, 2323, 2294, 2325, 2326, 2327, 2329, 2330, 2331, 2331, 2332, 2329, 2725, 2185, 2184, 2725, 2726, 2727, 2633, 2643, 2722, 2722, 2723, 2633, 2168, 2925, 2462, 2462, 2169, 2168, 2407, 2623, 2183, 2183, 2182, 2407, 2494, 2671, 2307, 2307, 2306, 2494, 2812, 2811, 2852, 2852, 2851, 2812, 2768, 2919, 2918, 2995, 2290, 2289, 2771, 2020, 2253, 2253, 2252, 2771, 2084, 2087, 2123, 2288, 2104, 2289, 2321, 2073, 2319, 2472, 2473, 2470, 2344, 2284, 2287, 2837, 2836, 2906, 2906, 2905, 2837, 2340, 2341, 2342, 2460, 2459, 2838, 2838, 2830, 2460, 2562, 2728, 2925, 1995, 2009, 2105, 2289, 2104, 2106, 2106, 2952, 2289, 2598, 2892, 2924, 2285, 2333, 2334, 2334, 2286, 2285, 2335, 2336, 2337, 2337, 2338, 2335, 2342, 2343, 2340, 2670, 2015, 2018, 2018, 2511, 2670, 2559, 2954, 2953, 2953, 2558, 2559, 2796, 2347, 2180, 2180, 2967, 2796, 2925, 2235, 2824, 2824, 2462, 2925, 2738, 2348, 2347, 2011, 2498, 2722, 2910, 2849, 2801, 2722, 2174, 2011, 2327, 2328, 2325, 2319, 2320, 2321, 2294, 2281, 2322, 2368, 2367, 2669, 2348, 2349, 2346, 2797, 2846, 2029, 2029, 2860, 2797, 2478, 2477, 2130, 2662, 2436, 2715, 2215, 2351, 2350, 2352, 2353, 2354, 2354, 2355, 2352, 2929, 2090, 2093, 2093, 2361, 2929, 2254, 2927, 2928, 2924, 2599, 2598, 2925, 2168, 2562, 2350, 2214, 2215, 2287, 2345, 2344, 2346, 2347, 2348, 2805, 2993, 2981, 2578, 2798, 2363, 2363, 2362, 2578, 2360, 2359, 2270, 2270, 2850, 2360, 2715, 2324, 2662, 2017, 2478, 2743, 2928, 2251, 2254, 2271, 2270, 2359, 2359, 2584, 2271, 2734, 2877, 2867, 2867, 2701, 2734, 2671, 2995, 2740, 2740, 2307, 2671, 2671, 2494, 2923, 2923, 2922, 2671, 2455, 2970, 2916, 2831, 2078, 2077, 2972, 2062, 2027, 2258, 2159, 2158, 2705, 2277, 2276, 2530, 2907, 2565, 2854, 2809, 2810, 2500, 2499, 2520, 2717, 2718, 1996, 1996, 1995, 2717, 2563, 2719, 2720, 2720, 2560, 2563, 2020, 2364, 2107, 2359, 2360, 2357, 2107, 2021, 2020, 2027, 2205, 2972, 2606, 2605, 2885, 2885, 2951, 2606, 2383, 2382, 2457, 2611, 2370, 2389, 2389, 2612, 2611, 2404, 2383, 2456, 2158, 2356, 2258, 2357, 2358, 2359, 2731, 2197, 2157, 2157, 2336, 2731, 2994, 2836, 2835, 2835, 2695, 2994, 2422, 2579, 2602, 2602, 2601, 2422, 2149, 2113, 2214, 2214, 2350, 2149, 2999, 2954, 2571, 2571, 2997, 2999, 2099, 2083, 2704, 2567, 2930, 2304, 2304, 2303, 2567, 2111, 2931, 2932, 2062, 2972, 2493, 1988, 2380, 2381, 2372, 2118, 2121, 2121, 2373, 2372, 2367, 2368, 2369, 2369, 2370, 2367, 2297, 2365, 2366, 2810, 2855, 2854, 2339, 2052, 2960, 2466, 2208, 2207, 2787, 2175, 2237, 2931, 2111, 2191, 2495, 2470, 2473, 2473, 2496, 2495, 2977, 2976, 2123, 2415, 2418, 2991, 2991, 2987, 2415, 2366, 2298, 2297, 2520, 2519, 2500, 2195, 2977, 2788, 2565, 2699, 2530, 2025, 2713, 2051, 2051, 2554, 2025, 2042, 2041, 2302, 2302, 2712, 2042, 2237, 2236, 2787, 2871, 2891, 2231, 2133, 2365, 2081, 2081, 2080, 2133, 2374, 2375, 2376, 2376, 2138, 2374, 2377, 2262, 2265, 2265, 2378, 2377, 2022, 2233, 2775, 2901, 2196, 2199, 2375, 2374, 2737, 2737, 2426, 2375, 2757, 2756, 2714, 2714, 2189, 2757, 2394, 2946, 2673, 2673, 2672, 2394, 2231, 2496, 2871, 2466, 2467, 2464, 2464, 2465, 2466, 2513, 2058, 2948, 2948, 2511, 2513, 2199, 2935, 2901, 2191, 2949, 2931, 2310, 2534, 2533, 2533, 2252, 2310, 2493, 2063, 2062, 2709, 2710, 2711, 2711, 2577, 2709, 2932, 2112, 2111, 2704, 2100, 2099, 2207, 2933, 2466, 2244, 2948, 2058, 2058, 2057, 2244, 2163, 2268, 2388, 2381, 1989, 1988, 2388, 2166, 2163, 2392, 2393, 2394, 2394, 2395, 2392, 2396, 2397, 2398, 2398, 2399, 2396, 2538, 2531, 2550, 2505, 2674, 2675, 2675, 2506, 2505, 2676, 2677, 2221, 2083, 2099, 2882, 2882, 2080, 2083, 1993, 2141, 2664, 2406, 2624, 2623, 2664, 2684, 1993, 2848, 2847, 2706, 2706, 2705, 2848, 2102, 2672, 2673, 2673, 2103, 2102, 2929, 2352, 2355, 2355, 2592, 2929, 2048, 2047, 2501, 2501, 2678, 2048, 2438, 2003, 2006, 2006, 2439, 2438, 2775, 2019, 2022, 2658, 2876, 2875, 2875, 2659, 2658, 2623, 2407, 2406, 2894, 2576, 2577, 2577, 2711, 2894, 2330, 2329, 2100, 2084, 2123, 2976, 2314, 2899, 2875, 2075, 2074, 2613, 2946, 2934, 2673, 2644, 2274, 2273, 2089, 2088, 2694, 2976, 2992, 2084, 2128, 2183, 2623, 2685, 2065, 2940, 2940, 2843, 2685, 2016, 2015, 2403, 2403, 2404, 2016, 2405, 2406, 2407, 2407, 2408, 2405, 2074, 2314, 2614, 2318, 2317, 2249, 2700, 2701, 2702, 2702, 2703, 2700, 2100, 2704, 2330, 2401, 2402, 2161, 2161, 2144, 2401, 2734, 2733, 2637, 2637, 2878, 2734, 2550, 2549, 2538, 2936, 2937, 2881, 2881, 2938, 2936, 2221, 2220, 2676, 2505, 2341, 2635, 2635, 2008, 2505, 2683, 2481, 2484, 2484, 2684, 2683, 2682, 2075, 2681, 2409, 2064, 2410, 2378, 2914, 2660, 2999, 2983, 2819, 2819, 2818, 2999, 2790, 2393, 2392, 2499, 2014, 2420, 2420, 2520, 2499, 2249, 2826, 2318, 2933, 2996, 2467, 2467, 2466, 2933, 2585, 2445, 2950, 2950, 2586, 2585, 2680, 2677, 2626, 2626, 2535, 2680, 2681, 2527, 2682, 2524, 2401, 2144, 2144, 2143, 2524, 2126, 2898, 2679, 2679, 2127, 2126, 2826, 2654, 2656, 2656, 2318, 2826, 2800, 2801, 2849, 2849, 2848, 2800, 2410, 2411, 2409, 2412, 2413, 2414, 2414, 2377, 2412, 2888, 2783, 2539, 2539, 2696, 2888, 2088, 2644, 2987, 2652, 2522, 2525, 2525, 2939, 2652, 2419, 2420, 2014, 2948, 2244, 2116, 2786, 2785, 2864, 2966, 2723, 2497, 2497, 2434, 2966, 2433, 2434, 2435, 2435, 2436, 2433, 2864, 2000, 2786, 2424, 2425, 2422, 2428, 2375, 2426, 2429, 2430, 2431, 2431, 2432, 2429, 2853, 2487, 2472, 2415, 2416, 2417, 2417, 2418, 2415, 2014, 2013, 2419, 2684, 2664, 2428, 2459, 2460, 2315, 2315, 2070, 2459, 2784, 2783, 2803, 2457, 2944, 2096, 2096, 2129, 2457, 2426, 2427, 2428, 2422, 2423, 2424, 2393, 2946, 2394, 2541, 2697, 2698, 2698, 2628, 2541, 2582, 2551, 2550, 2550, 2699, 2582, 2939, 2525, 2945, 2945, 2400, 2939, 2428, 2683, 2684, 2116, 2693, 2948, 2204, 2193, 2442, 2442, 2205, 2204, 2437, 2438, 2439, 2439, 2440, 2437, 2443, 2238, 2444, 2444, 2445, 2443, 2441, 2228, 2022, 2685, 2686, 2488, 2206, 2779, 2926, 2926, 2979, 2206, 2022, 2021, 2441, 2758, 2942, 2898, 2898, 2126, 2758, 2346, 2996, 2863, 2863, 2181, 2346, 2152, 2151, 2642, 2326, 2325, 2063, 2215, 2034, 2869, 2869, 1986, 2215, 2997, 2571, 2574, 2574, 2883, 2997, 2217, 2588, 2421, 2421, 2218, 2217, 2661, 2089, 2694, 2260, 2187, 2119, 2119, 2118, 2260, 2670, 2693, 2526, 2526, 2469, 2670, 2063, 2493, 2326, 2694, 2695, 2661, 2642, 2632, 2152, 2464, 2491, 2490, 2985, 2951, 2482, 2482, 2481, 2985, 2892, 2200, 2203, 2203, 2924, 2892, 2055, 2736, 2959, 2803, 2542, 2784, 2543, 2665, 2809, 2809, 2854, 2543, 2446, 2201, 2447, 2447, 2448, 2446, 2449, 2450, 2451, 2451, 2452, 2449, 2692, 2167, 2146, 2982, 2397, 2640, 2640, 2316, 2982, 2456, 2383, 2457, 2146, 2145, 2692, 2906, 2675, 2674, 2674, 2904, 2906, 2663, 2319, 2073, 2073, 2072, 2663, 2862, 2861, 2616, 2616, 2402, 2862, 2970, 2732, 2731, 2731, 2916, 2970, 2488, 2687, 2685, 2454, 2455, 2453, 2457, 2129, 2456, 2453, 2085, 2454, 2872, 2965, 2998, 2998, 2900, 2872, 2475, 2474, 2952, 2011, 2012, 2013, 2013, 2014, 2011, 2009, 1995, 1998, 1998, 2010, 2009, 2126, 2125, 2759, 2175, 2174, 2556, 2556, 2237, 2175, 2813, 2548, 2811, 2015, 2016, 2017, 2017, 2018, 2015, 2019, 2020, 2021, 2021, 2022, 2019, 2816, 2845, 2753, 2753, 2752, 2816, 2952, 2106, 2475, 2303, 2907, 2568, 2974, 2757, 2189, 2189, 2188, 2974, 2840, 2726, 2725, 2725, 2476, 2840, 2037, 2856, 2629, 2629, 2224, 2037, 2569, 2570, 2567, 2625, 2536, 2535, 2535, 2626, 2625, 2548, 2547, 2973, 2578, 2579, 2580, 2973, 2811, 2548, 2254, 2253, 2019, 2019, 2775, 2254, 2568, 2567, 2303, 3008, 3009, 3006, 3460, 3987, 3514, 3006, 3007, 3008, 3002, 3529, 3059, 3059, 3611, 3002, 3543, 3666, 3317, 3258, 3257, 3578, 3578, 3309, 3258, 3346, 3707, 3708, 3708, 3959, 3346, 3387, 3386, 3848, 3848, 3810, 3387, 3948, 3976, 3535, 3847, 3646, 3649, 3649, 3777, 3847, 3637, 3799, 3975, 3877, 3876, 3378, 3766, 3765, 3406, 3873, 3775, 3446, 3721, 3164, 3221, 3221, 3722, 3721, 3446, 3445, 3873, 3620, 3619, 3409, 3409, 3408, 3620, 3631, 3632, 3633, 3666, 3543, 3546, 3546, 3817, 3666, 3836, 3373, 3055, 3798, 3926, 3919, 3919, 3799, 3798, 3437, 3677, 3911, 3911, 3434, 3437, 3577, 3235, 3234, 3912, 3681, 3852, 3858, 3883, 3598, 3598, 3597, 3858, 3831, 3427, 3830, 3795, 3605, 3487, 3487, 3009, 3795, 3685, 3684, 3753, 3315, 3442, 3136, 3753, 3934, 3685, 3830, 3766, 3831, 3970, 3061, 3064, 3268, 3294, 3668, 3668, 3269, 3268, 3064, 3624, 3970, 3544, 3612, 3614, 3933, 3110, 3835, 3992, 3509, 3508, 3539, 3971, 3623, 3985, 3979, 3989, 3989, 3023, 3985, 3505, 3693, 3694, 3996, 3394, 3397, 3397, 3828, 3996, 3686, 3972, 3562, 3316, 3248, 3317, 3317, 3115, 3316, 3322, 3323, 3324, 3318, 3319, 3320, 3320, 3321, 3318, 3562, 3634, 3686, 3665, 3182, 3185, 3185, 3829, 3665, 3203, 3990, 3517, 3517, 3516, 3203, 3326, 3327, 3325, 3328, 3329, 3330, 3330, 3331, 3328, 3381, 3017, 3058, 3058, 3057, 3381, 3324, 3200, 3322, 3325, 3237, 3326, 3658, 3657, 3699, 3699, 3145, 3697, 3695, 3156, 3159, 3623, 3986, 3539, 3508, 3232, 3992, 3694, 3558, 3505, 3835, 3834, 3933, 3159, 3158, 3832, 3832, 3833, 3159, 3614, 3545, 3544, 3312, 3313, 3314, 3314, 3315, 3312, 3189, 3188, 3036, 3036, 3658, 3189, 3448, 3783, 3930, 3456, 3392, 3922, 3841, 3137, 3950, 3950, 3842, 3841, 3922, 3977, 3456, 3852, 3948, 3912, 3930, 3445, 3448, 3698, 3186, 3189, 3897, 3895, 3739, 3739, 3738, 3897, 3834, 3835, 3771, 3771, 3509, 3834, 3501, 3500, 3373, 3373, 3836, 3501, 3136, 3312, 3315, 3304, 3305, 3306, 3306, 3307, 3304, 3308, 3309, 3310, 3310, 3311, 3308, 3606, 3178, 3181, 3181, 3488, 3606, 3476, 3772, 3477, 3646, 3847, 3846, 3334, 3335, 3332, 3336, 3251, 3254, 3254, 3337, 3336, 3869, 3238, 3237, 3664, 3837, 3182, 3332, 3333, 3334, 3247, 3449, 3452, 3452, 3942, 3247, 3187, 3186, 3425, 3425, 3424, 3187, 3574, 3575, 3573, 3234, 3576, 3577, 3697, 3698, 3699, 3573, 3361, 3574, 3192, 3569, 3085, 3085, 3084, 3192, 3159, 3696, 3695, 3521, 3520, 3912, 3470, 3180, 3752, 3752, 3715, 3173, 3569, 3157, 3755, 3292, 3293, 3294, 3294, 3268, 3292, 3134, 3295, 3296, 3755, 3085, 3569, 3682, 3685, 3984, 3912, 3535, 3521, 3189, 3699, 3698, 3107, 3106, 3931, 3931, 3932, 3107, 3298, 3299, 3300, 3300, 3301, 3298, 3360, 3574, 3361, 3826, 3988, 4008, 4008, 3732, 3826, 3285, 3266, 3286, 3286, 3287, 3285, 3567, 3739, 3895, 3827, 3828, 3641, 3554, 3630, 3281, 3931, 3143, 3342, 3342, 3576, 3931, 3266, 3265, 3050, 3050, 3286, 3266, 3342, 3343, 3299, 3299, 3298, 3342, 3338, 3339, 3340, 3346, 3347, 3344, 3851, 3056, 3374, 3374, 3790, 3851, 3990, 3203, 3206, 3206, 4014, 3990, 3350, 3665, 3829, 3829, 3553, 3350, 3958, 3990, 4014, 4014, 3943, 3958, 3905, 3514, 3415, 3415, 3734, 3905, 3237, 3325, 3869, 3340, 3341, 3338, 3846, 3673, 3646, 3820, 3819, 3837, 3923, 3999, 3360, 3361, 3573, 3792, 3895, 3564, 3567, 3477, 3835, 3110, 3110, 3933, 3111, 3296, 3297, 3134, 3458, 3141, 4003, 4003, 4005, 3458, 3594, 3806, 3583, 3583, 3582, 3594, 3142, 3461, 3692, 3031, 3955, 3302, 3302, 3032, 3031, 3860, 3874, 3875, 3095, 3094, 3501, 3501, 3196, 3095, 3350, 3351, 3348, 3502, 3693, 3760, 3590, 3592, 3829, 3829, 3185, 3590, 3071, 3370, 3369, 3369, 3747, 3071, 3344, 3345, 3346, 3146, 3657, 3660, 3660, 3963, 3146, 3760, 3638, 3502, 3348, 3349, 3350, 3012, 3163, 3465, 3465, 3728, 3012, 3500, 3552, 3374, 3374, 3373, 3500, 3641, 3615, 3827, 3182, 3665, 3664, 3281, 3555, 3554, 3586, 3641, 3828, 3927, 3788, 3731, 3909, 3908, 3926, 3578, 3929, 3930, 3930, 3579, 3578, 3731, 3730, 3927, 3926, 3798, 3909, 3551, 3568, 3789, 3789, 3552, 3551, 3116, 3666, 3817, 3751, 3754, 3924, 3837, 3838, 3183, 3183, 3182, 3837, 3112, 3284, 3242, 3837, 3664, 3820, 3817, 3816, 3116, 3242, 3241, 3112, 3856, 3825, 3441, 3441, 3440, 3856, 3817, 3546, 3719, 3692, 3343, 3142, 3662, 3650, 3652, 3652, 3735, 3662, 3719, 3814, 3817, 3309, 3578, 3579, 3579, 3310, 3309, 3577, 3298, 3301, 3580, 3420, 3439, 3828, 3397, 3586, 3526, 3523, 3332, 3332, 3335, 3526, 3292, 3421, 3776, 3287, 3286, 3443, 3776, 3139, 3292, 3212, 3978, 3524, 3164, 3078, 3222, 3222, 3221, 3164, 3344, 3700, 3701, 3701, 3702, 3344, 3808, 3981, 3958, 3699, 3189, 3658, 3145, 3699, 3657, 3657, 3146, 3145, 3524, 3083, 3212, 3069, 3358, 3197, 3197, 3836, 3069, 3625, 3902, 3809, 3809, 3626, 3625, 3958, 3805, 3808, 3439, 3785, 3580, 3510, 3509, 3771, 3541, 3974, 3862, 3862, 3972, 3541, 3402, 3587, 3396, 3277, 3278, 3279, 3133, 3132, 3275, 3463, 3462, 3976, 3689, 3688, 3484, 3484, 3483, 3689, 3996, 3940, 3938, 3396, 3906, 3402, 3691, 3791, 3235, 3938, 3871, 3996, 3264, 3856, 3440, 3976, 3948, 3463, 3924, 3005, 3751, 3526, 3874, 3925, 3925, 3482, 3526, 3440, 3265, 3264, 3721, 3720, 3022, 3022, 3025, 3721, 3443, 3403, 3287, 3356, 3125, 3357, 3357, 3131, 3356, 3352, 3353, 3354, 3354, 3355, 3352, 3588, 3043, 3939, 3939, 3642, 3588, 3811, 3724, 3727, 3727, 3384, 3811, 3550, 3779, 3781, 3781, 3773, 3550, 3903, 3408, 3411, 3411, 3431, 3903, 3625, 3044, 3047, 3047, 3935, 3625, 3380, 3014, 3017, 3017, 3381, 3380, 3537, 3813, 3212, 3212, 3211, 3537, 3486, 3006, 3009, 3009, 3487, 3486, 3282, 3283, 3281, 3658, 3036, 3039, 3039, 3659, 3658, 3275, 3276, 3133, 3235, 3577, 3691, 3279, 3280, 3277, 3281, 3280, 3282, 3875, 3886, 3860, 3506, 3505, 3558, 3564, 3565, 3566, 3157, 3569, 3570, 3570, 3158, 3157, 3522, 3703, 3339, 3339, 3338, 3522, 3566, 3567, 3564, 3155, 3154, 3568, 3568, 3551, 3155, 3358, 3359, 3198, 3198, 3197, 3358, 3494, 3998, 3513, 3070, 3980, 4007, 4007, 3982, 3070, 3236, 3573, 3575, 3575, 4015, 3236, 3651, 4006, 3301, 3301, 3300, 3651, 3513, 3492, 3494, 3936, 3767, 3376, 3271, 3272, 3273, 3263, 3264, 3265, 3265, 3266, 3263, 3267, 3268, 3269, 3269, 3270, 3267, 3257, 3258, 3259, 3259, 3260, 3257, 3045, 3044, 3261, 3261, 3262, 3045, 3273, 3274, 3271, 3585, 3584, 3635, 3635, 3690, 3585, 3127, 3126, 3686, 3686, 3687, 3127, 3680, 3681, 3519, 3771, 3770, 3510, 3301, 3691, 3577, 3688, 3689, 3629, 3629, 3628, 3688, 3576, 3342, 3298, 3900, 3345, 4002, 4002, 3901, 3900, 3298, 3577, 3576, 3943, 4014, 4013, 4013, 3353, 3943, 3404, 3554, 3555, 3325, 3045, 3262, 3262, 3869, 3325, 3560, 3561, 3562, 3562, 3563, 3560, 3555, 3240, 3404, 3556, 3426, 3429, 3429, 3557, 3556, 3688, 3304, 3307, 3307, 3484, 3688, 3290, 3973, 3270, 3270, 3269, 3290, 3558, 3559, 3506, 3684, 3685, 3682, 3880, 3857, 3437, 3216, 3256, 3255, 3985, 3720, 3723, 3723, 3329, 3985, 3253, 3254, 3251, 3255, 3213, 3216, 3251, 3252, 3253, 3988, 4009, 3899, 3899, 4008, 3988, 3872, 3148, 3151, 3881, 3962, 3961, 3961, 3882, 3881, 3284, 3705, 3706, 3959, 3951, 3347, 3362, 3363, 3364, 3364, 3365, 3362, 3347, 3346, 3959, 3824, 3506, 3559, 3376, 3375, 3936, 3826, 3818, 3820, 3503, 3845, 3937, 3937, 3840, 3503, 3820, 3737, 3826, 3151, 3704, 3872, 3238, 3042, 3041, 3041, 3237, 3238, 3244, 3209, 3208, 3437, 3436, 3880, 3519, 3515, 3680, 3682, 3683, 3684, 3015, 3677, 3678, 3678, 3016, 3015, 3674, 3072, 3675, 3191, 3010, 3013, 3013, 3679, 3191, 3065, 3535, 3976, 3976, 4001, 3065, 3234, 3233, 3205, 3760, 3504, 3839, 3839, 3761, 3760, 3205, 3932, 3234, 3559, 3825, 3824, 3821, 3822, 3823, 3823, 3627, 3821, 3818, 3066, 3819, 3819, 3820, 3818, 3311, 3514, 3987, 3988, 3826, 3737, 3338, 3332, 3523, 3952, 3960, 3780, 3780, 3986, 3952, 3987, 3308, 3311, 3979, 3985, 3329, 3329, 3328, 3979, 3765, 3348, 3351, 3351, 3406, 3765, 3222, 3581, 3390, 3390, 3223, 3222, 3072, 3071, 3747, 3747, 3675, 3072, 3076, 3075, 3616, 3616, 3749, 3076, 3583, 3921, 3352, 3352, 3584, 3583, 3812, 3455, 3457, 3239, 3240, 3241, 3241, 3242, 3239, 3392, 3391, 3774, 3774, 3922, 3392, 3245, 3246, 3247, 3247, 3248, 3245, 3208, 3243, 3244, 3675, 3433, 3674, 3672, 3673, 3572, 3572, 3571, 3672, 3835, 3477, 3772, 3737, 3736, 3988, 3523, 3522, 3338, 3459, 3027, 3987, 3987, 3460, 3459, 3060, 3367, 3366, 3353, 4013, 4012, 4012, 3354, 3353, 3366, 3057, 3060, 3739, 3567, 3830, 3830, 3740, 3739, 3758, 3757, 3788, 3788, 3927, 3758, 3455, 3812, 3723, 3295, 3438, 3404, 3404, 3296, 3295, 3904, 3250, 3758, 3667, 3412, 3251, 3230, 3750, 3920, 3815, 3444, 3130, 3096, 3104, 3144, 3144, 3232, 3096, 3233, 3234, 3235, 3235, 3236, 3233, 3457, 3813, 3812, 3251, 3336, 3667, 3231, 3226, 3225, 3818, 3826, 3732, 3558, 3694, 3199, 3178, 3606, 3713, 3252, 3018, 3021, 3021, 3253, 3252, 3043, 3042, 3938, 3938, 3939, 3043, 3730, 3768, 3219, 3679, 3711, 3192, 3219, 3927, 3730, 3192, 3191, 3679, 3153, 3152, 3372, 3372, 3371, 3153, 3707, 3507, 3510, 3510, 3708, 3707, 3772, 3771, 3835, 3868, 3851, 3790, 3790, 3557, 3868, 3569, 3192, 3711, 3711, 3570, 3569, 3465, 3227, 3794, 3794, 3793, 3465, 3461, 3460, 3905, 3905, 3692, 3461, 3999, 4012, 3574, 3225, 3230, 3231, 3574, 3360, 3999, 3130, 3816, 3815, 3920, 3231, 3230, 3599, 3846, 3847, 3847, 3450, 3599, 3512, 3844, 3493, 3493, 3492, 3512, 3845, 3503, 3506, 3506, 3824, 3845, 3217, 3841, 3842, 3842, 3843, 3217, 3687, 3706, 3705, 3117, 3116, 3816, 3816, 3130, 3117, 3499, 3094, 3093, 3354, 4012, 3999, 3999, 3103, 3354, 3960, 3952, 3951, 3123, 3122, 3131, 3131, 3357, 3123, 3312, 3136, 3139, 3647, 3092, 3095, 3706, 3242, 3284, 3331, 3330, 3537, 3537, 3536, 3331, 3095, 3648, 3647, 3570, 3711, 3712, 3712, 3713, 3570, 3199, 3915, 3558, 3027, 3026, 3308, 3308, 3987, 3027, 3848, 3824, 3825, 3825, 3856, 3848, 3223, 3224, 3221, 3162, 3225, 3226, 3226, 3227, 3162, 3097, 3096, 3232, 3232, 3508, 3097, 3723, 3722, 3455, 3991, 3933, 3834, 3834, 3992, 3991, 3214, 3052, 3588, 3870, 3945, 3395, 3588, 3215, 3214, 3258, 3026, 3029, 3029, 3259, 3258, 3582, 3583, 3584, 3584, 3585, 3582, 3782, 3949, 3310, 3435, 3653, 3910, 3963, 3964, 3991, 3802, 3983, 3383, 3310, 3579, 3782, 3980, 3595, 3598, 3221, 3222, 3223, 3217, 3218, 3219, 3219, 3220, 3217, 3711, 3679, 3917, 3917, 3712, 3711, 3705, 3127, 3687, 3758, 3218, 3904, 3213, 3214, 3215, 3215, 3216, 3213, 3608, 3229, 3914, 3914, 3609, 3608, 3698, 3697, 3489, 3489, 3913, 3698, 3872, 3152, 3155, 3714, 3173, 3715, 3715, 3716, 3714, 3103, 3102, 3355, 3983, 3811, 3384, 3384, 3383, 3983, 3019, 3018, 3879, 3879, 3878, 3019, 3850, 3770, 3773, 3773, 3781, 3850, 3628, 3438, 3304, 3093, 3907, 3499, 3951, 3959, 3960, 3183, 3368, 3369, 3369, 3184, 3183, 3139, 3776, 3312, 4001, 3976, 3462, 3462, 3838, 4001, 3910, 3436, 3435, 4006, 3965, 3691, 3691, 3301, 4006, 3598, 4007, 3980, 3594, 3593, 3669, 3669, 3670, 3594, 3596, 3003, 3671, 3395, 3394, 3870, 3185, 3184, 3589, 3291, 3290, 3269, 3269, 3668, 3291, 3671, 3597, 3596, 3725, 3111, 3964, 3964, 3726, 3725, 3589, 3590, 3185, 3968, 3909, 3798, 3713, 3712, 3178, 3939, 3938, 3940, 3940, 3941, 3939, 3304, 3688, 3628, 3297, 3296, 3239, 3239, 3661, 3297, 3630, 3277, 3280, 3280, 3281, 3630, 3857, 3880, 3883, 3883, 3858, 3857, 3690, 3635, 3804, 3732, 3190, 3818, 3155, 3907, 3872, 3934, 3340, 3513, 3635, 3355, 3102, 3102, 3804, 3635, 3636, 3401, 3549, 3375, 3376, 3377, 3377, 3378, 3375, 3513, 3998, 3934, 3056, 3055, 3373, 3373, 3374, 3056, 3355, 3354, 3103, 3007, 3194, 3494, 3960, 3850, 3781, 3235, 3791, 3236, 3781, 3780, 3960, 3565, 4009, 3764, 3764, 3566, 3565, 3915, 3916, 3559, 3083, 3082, 3211, 3211, 3212, 3083, 3559, 3558, 3915, 3993, 3028, 3027, 3864, 3257, 3260, 3260, 3865, 3864, 3798, 3636, 3968, 3499, 3551, 3552, 3552, 3500, 3499, 3351, 3350, 3553, 3553, 3407, 3351, 3330, 3812, 3813, 3813, 3537, 3330, 3814, 3815, 3816, 3816, 3817, 3814, 3452, 3451, 3612, 3385, 3053, 3052, 3379, 3380, 3381, 3381, 3382, 3379, 3804, 3803, 3690, 3549, 3968, 3636, 3027, 3459, 3993, 3031, 3030, 3889, 3593, 3594, 3582, 3889, 3888, 3031, 3940, 3996, 3828, 3828, 3827, 3940, 3894, 3362, 3365, 3365, 3518, 3894, 3075, 3074, 3617, 3866, 3700, 3750, 3750, 3230, 3866, 3205, 3206, 3203, 3383, 3803, 3802, 3672, 3149, 3092, 3827, 3210, 3941, 3383, 3384, 3039, 3052, 3214, 3385, 3766, 3830, 3567, 3396, 3397, 3394, 3391, 3392, 3223, 3254, 3253, 3120, 3567, 3566, 3766, 3120, 3393, 3254, 3223, 3390, 3391, 3718, 3719, 3546, 3359, 3530, 3533, 3533, 3198, 3359, 3717, 3703, 3528, 3528, 3527, 3717, 3695, 3892, 3423, 3423, 3422, 3695, 3494, 3008, 3007, 3092, 3647, 3672, 3681, 3912, 3520, 3201, 3202, 3199, 3207, 3208, 3209, 3209, 3210, 3207, 3203, 3204, 3205, 3617, 3616, 3075, 3910, 3034, 3962, 3962, 3881, 3910, 3681, 3680, 3853, 3853, 3852, 3681, 3812, 3330, 3329, 3243, 3796, 3797, 3797, 3244, 3243, 3329, 3723, 3812, 3278, 3639, 3644, 3644, 3279, 3278, 3073, 3674, 3433, 3433, 3432, 3073, 3894, 3893, 3015, 3015, 3014, 3894, 3117, 3122, 3121, 3039, 3038, 3383, 3840, 3839, 3504, 3575, 3574, 4012, 4012, 4013, 3575, 3386, 3387, 3388, 3388, 3389, 3386, 3121, 3114, 3117, 3143, 3931, 3106, 3504, 3503, 3840, 3394, 3395, 3396, 3406, 3351, 3407, 3398, 3399, 3400, 3106, 3140, 3143, 3941, 3940, 3827, 3191, 3192, 3084, 3084, 3193, 3191, 3520, 3519, 3681, 3195, 3196, 3197, 3197, 3198, 3195, 3199, 3200, 3201, 3582, 3466, 3593, 3595, 3596, 3597, 3597, 3598, 3595, 3605, 3606, 3488, 3599, 3600, 3601, 3601, 3602, 3599, 3884, 3097, 3508, 3508, 3507, 3884, 3744, 3019, 3878, 3878, 3745, 3744, 3114, 3121, 3021, 3400, 3401, 3398, 3296, 3404, 3240, 3240, 3239, 3296, 3021, 3020, 3114, 3410, 3411, 3408, 3407, 3177, 3406, 3845, 3386, 3389, 3389, 3937, 3845, 3642, 3939, 3941, 3941, 3643, 3642, 3720, 3721, 3722, 3722, 3723, 3720, 3724, 3725, 3726, 3726, 3727, 3724, 3548, 3549, 3401, 3401, 3400, 3548, 3788, 3787, 3994, 3246, 3245, 3746, 3746, 3918, 3246, 3184, 3185, 3182, 3186, 3187, 3188, 3188, 3189, 3186, 3178, 3179, 3180, 3180, 3181, 3178, 3182, 3183, 3184, 3087, 3086, 3367, 3367, 3060, 3087, 3911, 3893, 3479, 3479, 3478, 3911, 3215, 3588, 3642, 3642, 3639, 3215, 3908, 3909, 3547, 3547, 3001, 3908, 3593, 3187, 3424, 3424, 3669, 3593, 3252, 3251, 3412, 3408, 3409, 3410, 3945, 3946, 3947, 3660, 3659, 3727, 3727, 3726, 3660, 3612, 3544, 3452, 3942, 3452, 3544, 3728, 3729, 3013, 3730, 3731, 3318, 3318, 3272, 3730, 3017, 3016, 3610, 3610, 3058, 3017, 3013, 3012, 3728, 3194, 3984, 3998, 3998, 3494, 3194, 3546, 3545, 3718, 3034, 3910, 3653, 3708, 3510, 3770, 3770, 3850, 3708, 3653, 3035, 3034, 3386, 3845, 3824, 3824, 3848, 3386, 3785, 3784, 3849, 3174, 3175, 3176, 3176, 3177, 3174, 3849, 3580, 3785, 3196, 3501, 3836, 3836, 3197, 3196, 3426, 3556, 3741, 3421, 3292, 3268, 3268, 3267, 3421, 3415, 3416, 3417, 3417, 3418, 3415, 3947, 3395, 3945, 4011, 4010, 3512, 3512, 3511, 4011, 3228, 3048, 3051, 3051, 3414, 3228, 3463, 3855, 3944, 3964, 3111, 3933, 3933, 3991, 3964, 3716, 3715, 3179, 3179, 3917, 3716, 3853, 3890, 3903, 3903, 3854, 3853, 3104, 3697, 3145, 3412, 3413, 3252, 3145, 3144, 3104, 3436, 3910, 3881, 3881, 3880, 3436, 3339, 4011, 3511, 3994, 3731, 3788, 3413, 3879, 3018, 3058, 3610, 3611, 3611, 3059, 3058, 3488, 3487, 3605, 3665, 3350, 3349, 3115, 3317, 3666, 3944, 3464, 3463, 3544, 3543, 3942, 3982, 4007, 3882, 3882, 3961, 3982, 3450, 3847, 3777, 3157, 3156, 3891, 3891, 3755, 3157, 3743, 3742, 3754, 3754, 3751, 3743, 3794, 3759, 3064, 3064, 3063, 3794, 3777, 3451, 3450, 3921, 3943, 3353, 3353, 3352, 3921, 3741, 3740, 3426, 3666, 3116, 3115, 3603, 3604, 3166, 3166, 3165, 3603, 3607, 3608, 3609, 3609, 3202, 3607, 4001, 3819, 3066, 3929, 3873, 3445, 3206, 3205, 3233, 3167, 3168, 3169, 3169, 3170, 3167, 3942, 3317, 3248, 3066, 3065, 4001, 3548, 3751, 3005, 3005, 3004, 3548, 3231, 3920, 3622, 3622, 3621, 3231, 3855, 3463, 3948, 3324, 3769, 3454, 3438, 3628, 3554, 3554, 3404, 3438, 3759, 3621, 3624, 3624, 3064, 3759, 3809, 3810, 3264, 3264, 3263, 3809, 3066, 3818, 3190, 3190, 3067, 3066, 3957, 3220, 3767, 3767, 3936, 3957, 3581, 3379, 3382, 3382, 3390, 3581, 3349, 3664, 3665, 3249, 3303, 3786, 3288, 3995, 3274, 3274, 3273, 3288, 3786, 3757, 3249, 3394, 3996, 3871, 3018, 3252, 3413, 3299, 3733, 3652, 3652, 3300, 3299, 3511, 3340, 3339, 3248, 3247, 3942, 3233, 4015, 3206, 3024, 3079, 3078, 3951, 3920, 3750, 3525, 3524, 3978, 3978, 3977, 3525, 3542, 3174, 3177, 3177, 3407, 3542, 3283, 3656, 3555, 3949, 3782, 3785, 3920, 3951, 3952, 3825, 3559, 3916, 3916, 3441, 3825, 3137, 3136, 3442, 3442, 3950, 3137, 3454, 3453, 3324, 3948, 3852, 3855, 3158, 3159, 3156, 3783, 3448, 3823, 3823, 3784, 3783, 3750, 3347, 3951, 3445, 3930, 3929, 3154, 3155, 3152, 3160, 3161, 3162, 3162, 3163, 3160, 3078, 3164, 3024, 3156, 3157, 3158, 3220, 3219, 3768, 3768, 3767, 3220, 3289, 3288, 3273, 3441, 3916, 3914, 3914, 3414, 3441, 3871, 3870, 3394, 3800, 3793, 3091, 3273, 3321, 3289, 3645, 3289, 3321, 3321, 3320, 3645, 3091, 3714, 3800, 3201, 3453, 3129, 3785, 3439, 3949, 3929, 3578, 3257, 3555, 3281, 3283, 3861, 3953, 3954, 3954, 3089, 3861, 3774, 3367, 3086, 3703, 3717, 4011, 4011, 3339, 3703, 3426, 3427, 3428, 3428, 3429, 3426, 3430, 3431, 3432, 3432, 3433, 3430, 3131, 3130, 3444, 3444, 3356, 3131, 3543, 3544, 3545, 3545, 3546, 3543, 3454, 3357, 3125, 3626, 3809, 3263, 3430, 3944, 3855, 3280, 3279, 3797, 3797, 3282, 3280, 3343, 3692, 3733, 3733, 3299, 3343, 3854, 3903, 3431, 3431, 3430, 3854, 3230, 3225, 3471, 3345, 3344, 3702, 3702, 4002, 3345, 3600, 3599, 3450, 3450, 3449, 3600, 3471, 3866, 3230, 3060, 3059, 3529, 3874, 3860, 3088, 3088, 3925, 3874, 3895, 3897, 3898, 3898, 3896, 3895, 3148, 3149, 3150, 3863, 3313, 3775, 3775, 3873, 3863, 3125, 3124, 3454, 3086, 3474, 3774, 3434, 3435, 3436, 3436, 3437, 3434, 3417, 3439, 3420, 3440, 3441, 3414, 3414, 3051, 3440, 3305, 3304, 3438, 3438, 3295, 3305, 3257, 3864, 3929, 3952, 3622, 3920, 3313, 3863, 3405, 3405, 3314, 3313, 3953, 3709, 3928, 3928, 3954, 3953, 3398, 3637, 3887, 3887, 3886, 3398, 3136, 3137, 3138, 3138, 3139, 3136, 3150, 3151, 3148, 3152, 3153, 3154, 3146, 3147, 3144, 3129, 3128, 3201, 3909, 3968, 3967, 3967, 3547, 3909, 3612, 3613, 3532, 3532, 3614, 3612, 3416, 3949, 3439, 3439, 3417, 3416, 3286, 3050, 3049, 3049, 3443, 3286, 3420, 3419, 3417, 3805, 3806, 3807, 3807, 3808, 3805, 3629, 3256, 3277, 3277, 3630, 3629, 3769, 3123, 3357, 3232, 3144, 3147, 3147, 3992, 3232, 3140, 3141, 3142, 3142, 3143, 3140, 3144, 3145, 3146, 3633, 3661, 3706, 3529, 3087, 3060, 3706, 3687, 3633, 3224, 3223, 3392, 3392, 3456, 3224, 3611, 3671, 3003, 3080, 3364, 3363, 3455, 3224, 3456, 3456, 3457, 3455, 3458, 3459, 3460, 3445, 3446, 3447, 3447, 3448, 3445, 3164, 3721, 3025, 3025, 3024, 3164, 3736, 3737, 3349, 3349, 3348, 3736, 3738, 3739, 3740, 3740, 3741, 3738, 3563, 3562, 3972, 3972, 3862, 3563, 3735, 3652, 3733, 3263, 3997, 3626, 3855, 3854, 3430, 3419, 3663, 3418, 3418, 3417, 3419, 3733, 3734, 3735, 3990, 3958, 3981, 3981, 3517, 3990, 3476, 3550, 3773, 3773, 3772, 3476, 3531, 3966, 3614, 3614, 3532, 3531, 3003, 3002, 3611, 3218, 3758, 3927, 3927, 3219, 3218, 3132, 3133, 3134, 3134, 3135, 3132, 3122, 3117, 3130, 3130, 3131, 3122, 3889, 3135, 3632, 3451, 3452, 3449, 3971, 3970, 3624, 3624, 3623, 3971, 3922, 3774, 3474, 3720, 3985, 3023, 3023, 3022, 3720, 3163, 3162, 3227, 3227, 3465, 3163, 3188, 3466, 3037, 3460, 3461, 3458, 3462, 3463, 3464, 3464, 3368, 3462, 3030, 3132, 3135, 3119, 3118, 3283, 3283, 3282, 3119, 3805, 3958, 3943, 3491, 3490, 3565, 3619, 3496, 3497, 3497, 3409, 3619, 3357, 3454, 3769, 3955, 3031, 3888, 3888, 3956, 3955, 3124, 3129, 3453, 3453, 3454, 3124, 3565, 3564, 3491, 3363, 3077, 3080, 3632, 3631, 3889, 3323, 3393, 3769, 3769, 3324, 3323, 3692, 3905, 3734, 3551, 3499, 3907, 3294, 3375, 3378, 3378, 3668, 3294, 3240, 3555, 3656, 3656, 3241, 3240, 3403, 3402, 3906, 3906, 3287, 3403, 3907, 3155, 3551, 3141, 3458, 3461, 3461, 3142, 3141, 3408, 3903, 3890, 3854, 3855, 3852, 3890, 3620, 3408, 3734, 3733, 3692, 3677, 3437, 3857, 3857, 3678, 3677, 3322, 3694, 3693, 3693, 3502, 3322, 3944, 3430, 3433, 3433, 3675, 3944, 3147, 3146, 3963, 3963, 3991, 3147, 3446, 3421, 3267, 3267, 3447, 3446, 3488, 3181, 3469, 3469, 3485, 3488, 3135, 3134, 3297, 3297, 3632, 3135, 3411, 3410, 3616, 3139, 3138, 3293, 3293, 3292, 3139, 3587, 3586, 3397, 3397, 3396, 3587, 3218, 3217, 3843, 3843, 3904, 3218, 3900, 3884, 3507, 3135, 3889, 3030, 3943, 3921, 3805, 3138, 3957, 3936, 3936, 3293, 3138, 3892, 3695, 3696, 3696, 4010, 3892, 3717, 3892, 4010, 4010, 4011, 3717, 3756, 3475, 3160, 3474, 3676, 3922, 3466, 3582, 3585, 3585, 3037, 3466, 3604, 3167, 3170, 3170, 3166, 3604, 3160, 3011, 3756, 3449, 3450, 3451, 3632, 3297, 3661, 3661, 3633, 3632, 3616, 3617, 3411, 3448, 3447, 3627, 4014, 3206, 4015, 3627, 3823, 3448, 3078, 3077, 3581, 4015, 4013, 4014, 3038, 3690, 3803, 3120, 3121, 3122, 3122, 3123, 3120, 3114, 3115, 3116, 3116, 3117, 3114, 3581, 3222, 3078, 3052, 3040, 3043, 3043, 3588, 3052, 3810, 3809, 3902, 3852, 3853, 3854, 3409, 3497, 3748, 3748, 3410, 3409, 3399, 3398, 3886, 3679, 3013, 3729, 3729, 3917, 3679, 3886, 3875, 3399, 3737, 3820, 3664, 3279, 3644, 3244, 3244, 3797, 3279, 3659, 3039, 3384, 3916, 3915, 3609, 3609, 3914, 3916, 3664, 3349, 3737, 3453, 3201, 3200, 3384, 3727, 3659, 3507, 3707, 3900, 3229, 3228, 3414, 3414, 3914, 3229, 3884, 3900, 3901, 3901, 3885, 3884, 3764, 3736, 3348, 3348, 3765, 3764, 3382, 3381, 3057, 3057, 3366, 3382, 3673, 3672, 3647, 3803, 3383, 3038, 3833, 3832, 3605, 3813, 3457, 3978, 3978, 3212, 3813, 3605, 3795, 3833, 3859, 3858, 3597, 3850, 3960, 3959, 3019, 3744, 3316, 3959, 3708, 3850, 3316, 3020, 3019, 3255, 3689, 3483, 3336, 3638, 3762, 3762, 3667, 3336, 3101, 3801, 3804, 3804, 3102, 3101, 3256, 3216, 3278, 3278, 3277, 3256, 3163, 3012, 3011, 3011, 3160, 3163, 3037, 3036, 3188, 3200, 3324, 3453, 3068, 3521, 3535, 3915, 3199, 3202, 3202, 3609, 3915, 3020, 3316, 3115, 3799, 3637, 3636, 3728, 3465, 3793, 3793, 3800, 3728, 3801, 3802, 3803, 3803, 3804, 3801, 3796, 3119, 3282, 3282, 3797, 3796, 3115, 3114, 3020, 3636, 3798, 3799, 3472, 3473, 3471, 3009, 3008, 3493, 3483, 3640, 3255, 3597, 3671, 3859, 3106, 3107, 3108, 3108, 3109, 3106, 3104, 3096, 3099, 3099, 3105, 3104, 3092, 3093, 3094, 3902, 3625, 3935, 3935, 4000, 3902, 3265, 3440, 3051, 3647, 3646, 3673, 3051, 3050, 3265, 3272, 3318, 3321, 3321, 3273, 3272, 3533, 3532, 3613, 3154, 3738, 3741, 3741, 3568, 3154, 3246, 3600, 3449, 3790, 3374, 3552, 3844, 3833, 3795, 3493, 3795, 3009, 3795, 3493, 3844, 3846, 3599, 3602, 3449, 3247, 3246, 3536, 3537, 3211, 3211, 3538, 3536, 3332, 3338, 3341, 3341, 3333, 3332, 3902, 3387, 3810, 3102, 3103, 3100, 3094, 3095, 3092, 3096, 3097, 3098, 3098, 3099, 3096, 3100, 3101, 3102, 3362, 3894, 3014, 3014, 3380, 3362, 3998, 3984, 3685, 3685, 3934, 3998, 3923, 3100, 3103, 3103, 3999, 3923, 3241, 3656, 3113, 3657, 3658, 3659, 3659, 3660, 3657, 3010, 3191, 3193, 3193, 3534, 3010, 3309, 3308, 3026, 3118, 3113, 3656, 3656, 3283, 3118, 3742, 3743, 3334, 3334, 3333, 3742, 3245, 3744, 3745, 3713, 3832, 3158, 3341, 3340, 3934, 3552, 3789, 3790, 3934, 3753, 3341, 3602, 3618, 3846, 4009, 3565, 3490, 3490, 3899, 4009, 3464, 3944, 3675, 3675, 3747, 3464, 3158, 3570, 3713, 3613, 3778, 3533, 3471, 3161, 3472, 3427, 3831, 3176, 3176, 3428, 3427, 3113, 3112, 3241, 3035, 3653, 3654, 3654, 3655, 3035, 3062, 3090, 3091, 3091, 3063, 3062, 3856, 3264, 3810, 3678, 3857, 3858, 3858, 3859, 3678, 3860, 3861, 3089, 3089, 3088, 3860, 3016, 3678, 3859, 3810, 3848, 3856, 3859, 3610, 3016, 3063, 3091, 3793, 3787, 3788, 3757, 3789, 3556, 3557, 3557, 3790, 3789, 3791, 3792, 3573, 3573, 3236, 3791, 3793, 3794, 3063, 3782, 3783, 3784, 3784, 3785, 3782, 3757, 3786, 3787, 3748, 3536, 3538, 3538, 3749, 3748, 3033, 3275, 3132, 3745, 3746, 3245, 3371, 3898, 3897, 3591, 3542, 3407, 3077, 3078, 3079, 3079, 3080, 3077, 3407, 3553, 3591, 3213, 3255, 3640, 3640, 3498, 3213, 3832, 3713, 3606, 3410, 3748, 3749, 3606, 3605, 3832, 3564, 3895, 3896, 3896, 3491, 3564, 3897, 3153, 3371, 3749, 3616, 3410, 3210, 3209, 3643, 3237, 3041, 3763, 3763, 3326, 3237, 3293, 3936, 3375, 3375, 3294, 3293, 3057, 3058, 3059, 3059, 3060, 3057, 3061, 3062, 3063, 3063, 3064, 3061, 3643, 3941, 3210, 3863, 3864, 3865, 3065, 3066, 3067, 3067, 3068, 3065, 3893, 3894, 3518, 3518, 3479, 3893, 3319, 3563, 3862, 3862, 3320, 3319, 3300, 3652, 3650, 3646, 3647, 3648, 3648, 3649, 3646, 3026, 3258, 3309, 3639, 3642, 3643, 3643, 3644, 3639, 3650, 3651, 3300, 3256, 3629, 3689, 3227, 3226, 3759, 3759, 3794, 3227, 3744, 3245, 3248, 3248, 3316, 3744, 3743, 3400, 3399, 3965, 3792, 3791, 3791, 3691, 3965, 3768, 3730, 3272, 3459, 3458, 4005, 4005, 3993, 3459, 3799, 3919, 3710, 3153, 3897, 3738, 3738, 3154, 3153, 3710, 3975, 3799, 3963, 3660, 3726, 3726, 3964, 3963, 3694, 3322, 3200, 3200, 3199, 3694, 3305, 3133, 3276, 3946, 3997, 3285, 3285, 3947, 3946, 3876, 3291, 3668, 3668, 3378, 3876, 3141, 3140, 4004, 4004, 4003, 3141, 3703, 3522, 3480, 3480, 3528, 3703, 3604, 3603, 3496, 3496, 3619, 3604, 3892, 3717, 3527, 3272, 3271, 3768, 3045, 3325, 3327, 3487, 3488, 3485, 3634, 3633, 3687, 3777, 3649, 3778, 3779, 3540, 3780, 3780, 3781, 3779, 3687, 3686, 3634, 3680, 3168, 3890, 3890, 3853, 3680, 3345, 3900, 3707, 3707, 3346, 3345, 3132, 3030, 3033, 3363, 3362, 3380, 3370, 3589, 3184, 3184, 3369, 3370, 3431, 3411, 3617, 3617, 3432, 3431, 3530, 3531, 3532, 3535, 3065, 3068, 3368, 3464, 3747, 3747, 3369, 3368, 3527, 3423, 3892, 3867, 3701, 3700, 3749, 3538, 3081, 3865, 3405, 3863, 3700, 3866, 3867, 3786, 3955, 3956, 3956, 3787, 3786, 3167, 3604, 3619, 3619, 3620, 3167, 3621, 3622, 3623, 3623, 3624, 3621, 3800, 3714, 3716, 3716, 3729, 3800, 3399, 3334, 3743, 3673, 3846, 3618, 3618, 3572, 3673, 3253, 3021, 3121, 3121, 3120, 3253, 3538, 3211, 3082, 3610, 3859, 3671, 3671, 3611, 3610, 3866, 3471, 3473, 3473, 3867, 3866, 3778, 3613, 3777, 3485, 3486, 3487, 3327, 3046, 3045, 3689, 3255, 3256, 3946, 3945, 3262, 3561, 3631, 3634, 3634, 3562, 3561, 3740, 3830, 3427, 3168, 3167, 3620, 3376, 3271, 3274, 3274, 3377, 3376, 3320, 3862, 3974, 3262, 3261, 3946, 3974, 3645, 3320, 3427, 3426, 3740, 3040, 3052, 3053, 3053, 3054, 3040, 3048, 3049, 3050, 3050, 3051, 3048, 3040, 3041, 3042, 3663, 3662, 3735, 3700, 3344, 3347, 3347, 3750, 3700, 3883, 3882, 4007, 4007, 3598, 3883, 3806, 3805, 3921, 3921, 3583, 3806, 3380, 3379, 3363, 3149, 3672, 3571, 3082, 3081, 3538, 3676, 3525, 3977, 3977, 3922, 3676, 3775, 3776, 3421, 3421, 3446, 3775, 3391, 3366, 3367, 3367, 3774, 3391, 3046, 3047, 3044, 3276, 3306, 3305, 3620, 3890, 3168, 3081, 3076, 3749, 3787, 3956, 3560, 3560, 3994, 3787, 3638, 3336, 3337, 3337, 3502, 3638, 3216, 3215, 3639, 3639, 3278, 3216, 3973, 3821, 3627, 3627, 3270, 3973, 3626, 3261, 3044, 3401, 3636, 3637, 3945, 3870, 3869, 3742, 3753, 3684, 3684, 3754, 3742, 3751, 3548, 3400, 3400, 3743, 3751, 3772, 3773, 3770, 3893, 3911, 3677, 3677, 3015, 3893, 3571, 3150, 3149, 3875, 3335, 3334, 3770, 3771, 3772, 3333, 3341, 3753, 3753, 3742, 3333, 3186, 3698, 3913, 3913, 3425, 3186, 3107, 3204, 3495, 3495, 3108, 3107, 3492, 3493, 3008, 3334, 3399, 3875, 3869, 3262, 3945, 3532, 3533, 3530, 3637, 3398, 3401, 3044, 3625, 3626, 3861, 3860, 3886, 3888, 3889, 3631, 3649, 3648, 3195, 3195, 3778, 3649, 3504, 3760, 3693, 3693, 3505, 3504, 3044, 3045, 3046, 3735, 3418, 3663, 3712, 3917, 3179, 3179, 3178, 3712, 3261, 3626, 3997, 3997, 3946, 3261, 3331, 3497, 3496, 3214, 3213, 3498, 3498, 3385, 3214, 3094, 3499, 3500, 3500, 3501, 3094, 3502, 3337, 3323, 3323, 3322, 3502, 3435, 3434, 3172, 3172, 3171, 3435, 3393, 3120, 3123, 3123, 3769, 3393, 3496, 3328, 3331, 3470, 3469, 3181, 3181, 3180, 3470, 3715, 3752, 3180, 3180, 3179, 3715, 3603, 3979, 3328, 3328, 3496, 3603, 3523, 3526, 3482, 3482, 3481, 3523, 3522, 3523, 3481, 3475, 3472, 3161, 3204, 3107, 3932, 3932, 3205, 3204, 3074, 3073, 3432, 3432, 3617, 3074, 3722, 3221, 3224, 3224, 3455, 3722, 3042, 3043, 3040, 3395, 3947, 3906, 3906, 3396, 3395, 3975, 3710, 3709, 3709, 3953, 3975, 3644, 3643, 3209, 3209, 3244, 3644, 3885, 3098, 3097, 3886, 3887, 3861, 3497, 3331, 3536, 3997, 3263, 3266, 3757, 3758, 3250, 3250, 3249, 3757, 3175, 3468, 3428, 3428, 3176, 3175, 3077, 3363, 3379, 3379, 3581, 3077, 3566, 3764, 3765, 3968, 3549, 3969, 3969, 3967, 3968, 3767, 3768, 3271, 3271, 3376, 3767, 3731, 3994, 3319, 3319, 3318, 3731, 3143, 3142, 3343, 3008, 3494, 3492, 3390, 3382, 3366, 3366, 3391, 3390, 3880, 3881, 3882, 3882, 3883, 3880, 3631, 3561, 3888, 3266, 3285, 3997, 3036, 3037, 3038, 3038, 3039, 3036, 3467, 3868, 3557, 3557, 3429, 3467, 3238, 3869, 3870, 3870, 3871, 3238, 3831, 3406, 3177, 3177, 3176, 3831, 3287, 3906, 3947, 3568, 3741, 3556, 3556, 3789, 3568, 3030, 3031, 3032, 3032, 3033, 3030, 3026, 3027, 3028, 3337, 3254, 3393, 3393, 3323, 3337, 3509, 3510, 3507, 3503, 3504, 3505, 3505, 3506, 3503, 3126, 3541, 3972, 3972, 3686, 3126, 3765, 3766, 3566, 3226, 3231, 3621, 3995, 3877, 3377, 3481, 3480, 3522, 3161, 3160, 3475, 3377, 3274, 3995, 3947, 3285, 3287, 3536, 3748, 3497, 3133, 3305, 3295, 3295, 3134, 3133, 3097, 3884, 3885, 3833, 3844, 3696, 3028, 3029, 3026, 3042, 3238, 3871, 3210, 3827, 3615, 4009, 3988, 3736, 3736, 3764, 4009, 3778, 3195, 3198, 3198, 3533, 3778, 3696, 3159, 3833, 3622, 3952, 3986, 3986, 3623, 3622, 3864, 3863, 3873, 3873, 3929, 3864, 3171, 3654, 3653, 3955, 3786, 3303, 3303, 3302, 3955, 3907, 3093, 3148, 3653, 3435, 3171, 3784, 3823, 3822, 3806, 3594, 3670, 3670, 3807, 3806, 3511, 3512, 3492, 3492, 3513, 3511, 3343, 3342, 3143, 3311, 3310, 3949, 3949, 3416, 3311, 3507, 3508, 3509, 3844, 3512, 4010, 3451, 3777, 3613, 3196, 3195, 3648, 3613, 3612, 3451, 3137, 3841, 3957, 3957, 3138, 3137, 3447, 3267, 3270, 3128, 3607, 3202, 3202, 3201, 3128, 3734, 3415, 3418, 3418, 3735, 3734, 3270, 3627, 3447, 3187, 3593, 3466, 3466, 3188, 3187, 3584, 3352, 3355, 3355, 3635, 3584, 3549, 3548, 3004, 3004, 3969, 3549, 3592, 3591, 3553, 3553, 3829, 3592, 3148, 3872, 3907, 3979, 3603, 3165, 3165, 3989, 3979, 3457, 3456, 3977, 3977, 3978, 3457, 3535, 3912, 3948, 3579, 3930, 3783, 3783, 3782, 3579, 3697, 3104, 3105, 3105, 3489, 3697, 3621, 3759, 3226, 3638, 3760, 3761, 3761, 3762, 3638, 3600, 3246, 3918, 3918, 3601, 3600, 3147, 3991, 3992, 3992, 3834, 3509, 3819, 4001, 3838, 3932, 3931, 3576, 4010, 3696, 3844, 3871, 3938, 3042, 3387, 3902, 4000, 3233, 3236, 4015, 4015, 3575, 4013, 3838, 3462, 3368, 3368, 3183, 3838, 3994, 3560, 3563, 3986, 3780, 3540, 3168, 3680, 3515, 3515, 3169, 3168, 3956, 3888, 3561, 3561, 3560, 3956, 3540, 3539, 3986, 3874, 3526, 3335, 3152, 3872, 3704, 3704, 3372, 3152, 3204, 3203, 3516, 3516, 3495, 3204, 3149, 3148, 3093, 3838, 3837, 3819, 3093, 3092, 3149, 3648, 3095, 3196, 3335, 3875, 3874, 3576, 3234, 3932, 3037, 3585, 3690, 3690, 3038, 3037, 3615, 3207, 3210, 3313, 3312, 3776, 3776, 3775, 3313, 3514, 3311, 3416, 3887, 3975, 3953, 3953, 3861, 3887, 3468, 3467, 3429, 3429, 3428, 3468, 3041, 3040, 3054, 3156, 3695, 3422, 3422, 3891, 3156, 3434, 3911, 3478, 3478, 3172, 3434, 3011, 3010, 3534, 3534, 3756, 3011, 3090, 3173, 3714, 3714, 3091, 3090, 3822, 3849, 3784, 3161, 3471, 3225, 3225, 3162, 3161, 3378, 3377, 3877, 3841, 3217, 3220, 3220, 3957, 3841, 3975, 3887, 3637, 3317, 3942, 3543, 3966, 3718, 3545, 3545, 3614, 3966, 3661, 3239, 3242, 3054, 3763, 3041, 3416, 3415, 3514, 3242, 3706, 3661, 3014, 3015, 3016, 3016, 3017, 3014, 3140, 3106, 3109, 3109, 4004, 3140, 4000, 3388, 3387, 3018, 3019, 3020, 3020, 3021, 3018, 3630, 3554, 3628, 3628, 3629, 3630, 3683, 3924, 3754, 3754, 3684, 3683, 3563, 3319, 3994, 3633, 3634, 3631, 3728, 3800, 3729, 3729, 3716, 3917, 3010, 3011, 3012, 3012, 3013, 3010, 3406, 3831, 3766, 3511, 3513, 3340, 3055, 3069, 3836, 3514, 3905, 3460]
        point3f[] points = [(-0.0163359, -0.0097827, 0.00662481), (-0.0278965, -0.00925379, 0.012913726), (-0.0281001, -0.00896057, 0.012945946), (-0.0164133, -0.00928616, 0.0063868165), (0.00290388, -0.0259019, 0.0022577592), (-0.00238622, -0.0255116, 0.0018700613), (-0.00234619, -0.0252897, 0.001882977), (0.00371771, -0.0256914, 0.002398444), (-0.0243016, 0.0197099, 0.011633018), (-0.0248225, 0.0194339, 0.011860158), (-0.00370696, 0.0264313, 0.0020229116), (-0.00486174, 0.0263327, 0.0022535517), (-0.00453644, 0.0265012, 0.0021581906), (-0.00374846, 0.0265791, 0.0019936126), (-0.00362182, 0.0261893, 0.0020966516), (-0.00253889, 0.026541, 0.0018412621), (0.00316818, -0.0265296, 0.0020429404), (0.00515365, -0.026394, 0.0025472874), (0.0063258, -0.0265113, 0.0028100947), (0.00404795, -0.0266546, 0.0021844697), (0.0118703, -0.0174743, 0.004753699), (0.0120921, -0.0169903, 0.005225518), (0.02168, -0.0176407, 0.009439478), (0.021362, -0.0181569, 0.008966804), (-0.0201363, 0.0204061, 0.008783942), (-0.0194673, 0.0207269, 0.008066718), (-0.0125927, 0.0207744, 0.005192658), (-0.0128809, 0.0205732, 0.0054783467), (0.00136829, 0.0261446, 0.0017017035), (0.00293897, 0.0266788, 0.001562087), (0.0050394, 0.0265665, 0.0016859571), (0.00230746, 0.0259503, 0.0017136427), (0.00394747, 0.0268267, 0.0015754368), (0.00635322, 0.0267232, 0.0017823356), (-0.00759982, 0.0259635, 0.0029824006), (-0.00993963, 0.0255478, 0.00376748), (-0.0109364, 0.0255181, 0.004121496), (-0.00822448, 0.025975, 0.0031643983), (-0.0286904, 0.0157683, 0.015085614), (-0.0289427, 0.0156219, 0.015261156), (0.0139609, 0.0243656, 0.0025457204), (0.0132173, 0.0247674, 0.0023186742), (-0.00836008, -0.0247205, 0.0023206214), (-0.0115972, -0.0246841, 0.0029085001), (-0.0128885, -0.0242284, 0.0032814546), (-0.00890251, -0.0243211, 0.002323843), (-0.0292255, 0.0153921, 0.015341652), (-0.00108585, 0.0123462, 0.00385304), (-0.00110792, 0.0124924, 0.0038097224), (0.0143064, 0.013552, 0.005782531), (0.0144688, 0.0134119, 0.0058901077), (0.00822027, 0.0220044, 0.0029290742), (0.0078886, 0.0221216, 0.0028181302), (0.0157228, 0.022914, 0.004621139), (0.0162773, 0.02281, 0.004883748), (0.00841662, -0.02157, 0.0038991105), (0.00794744, -0.0219292, 0.0034082704), (-0.00166722, -0.0210516, 0.0024679152), (-0.00165667, -0.0208277, 0.0026542773), (0.0159952, -0.00794924, 0.006619828), (0.0159381, -0.00846412, 0.006487902), (-0.000387377, -0.00844363, 0.00287152), (-0.00037502, -0.00796366, 0.002999647), (-0.014714, 0.0172334, 0.005771809), (-0.00199308, 0.0178196, 0.002448094), (-0.00187559, 0.0174285, 0.0028452973), (-0.0148086, 0.016833, 0.0061997166), (-0.0302626, 0.00320867, 0.015897026), (-0.0302019, 0.00341094, 0.016014438), (-0.0174407, 0.00309436, 0.008224337), (-0.0174735, 0.00287196, 0.008082805), (0.0334936, -0.00445509, 0.01859631), (0.0336038, -0.0039013, 0.018310135), (-0.00242584, 0.0209136, 0.0028661813), (-0.00246437, 0.0210746, 0.0028758824), (0.0085134, 0.021852, 0.0029771512), (0.0247788, -0.0140311, 0.011326447), (0.0250677, -0.0134873, 0.011448457), (0.0288591, -0.0134855, 0.014238049), (0.0285358, -0.0140251, 0.014065799), (-0.0284422, 0.0159182, 0.014848672), (0.0211605, 0.0222567, 0.0066078044), (0.0202778, 0.0226816, 0.0064355643), (0.0253473, -0.0129466, 0.011754649), (0.0291736, -0.0129413, 0.014592824), (-0.00355644, -0.0261877, 0.0012114919), (-0.00243401, -0.026275, 0.0011920499), (-0.00244035, -0.0263818, 0.0010809636), (-0.00327573, -0.0262984, 0.0011005913), (0.0194451, -0.0204198, 0.008280775), (0.0202705, -0.0197828, 0.008432468), (0.0234617, -0.0198483, 0.010412049), (0.0225369, -0.0204885, 0.010135121), (0.0172881, -0.0214359, 0.0075604278), (0.0178684, -0.0212631, 0.007848704), (0.0207563, -0.0213441, 0.009465579), (0.0200949, -0.0215262, 0.009087928), (0.0160549, -0.0218614, 0.006729299), (0.0167116, -0.0216156, 0.007219247), (0.0194384, -0.021717, 0.008659142), (0.0186885, -0.0219736, 0.008072143), (0.0144073, -0.022675, 0.005241812), (0.0152336, -0.0222316, 0.006000741), (0.017749, -0.0223515, 0.0072296383), (0.0168051, -0.0227973, 0.0063635283), (0.0137354, -0.0231396, 0.0046488964), (0.0160378, -0.0232626, 0.0056885905), (0.0083186, -0.0259326, 0.0034371451), (0.00949993, -0.025603, 0.003697488), (0.0112919, -0.025682, 0.0043219775), (0.00994801, -0.0260192, 0.003953837), (-0.00594331, -0.0259848, 0.0015127908), (-0.00464373, -0.0261217, 0.0012912552), (-0.00450061, -0.0261799, 0.0012198274), (-0.00650083, -0.0260067, 0.0015423367), (-0.0168824, 0.0228811, 0.00606625), (-0.0160944, 0.0234091, 0.005984275), (-0.0110207, 0.0232515, 0.003575232), (-0.0113171, 0.0227449, 0.0035115294), (-0.00795954, -0.0257005, 0.0019344244), (-0.00883712, -0.0256952, 0.0020573922), (0.0196249, 0.0229428, 0.006231047), (0.0290096, 0.0154222, 0.012751643), (0.0284822, 0.0157804, 0.011960562), (-0.0219341, 0.0195743, 0.009950117), (-0.0214825, 0.0198467, 0.009798796), (-0.0135536, 0.0199759, 0.005675208), (-0.0139642, 0.0195215, 0.005560724), (-0.0207508, -0.0188767, 0.007147437), (-0.0229898, -0.0188442, 0.008292301), (-0.0235708, -0.018611, 0.00862138), (-0.0212947, -0.0185197, 0.0073182383), (-0.0248613, -0.0139481, 0.010223817), (-0.0280983, -0.0138496, 0.012302486), (-0.0283462, -0.0136568, 0.012476375), (-0.0250799, -0.013641, 0.010253568), (-0.0301374, 0.00354696, 0.016004724), (-0.0174064, 0.00324179, 0.008242986), (0.0222461, 0.0186595, 0.008389256), (0.0254639, 0.0191368, 0.010196671), (0.0257652, 0.0189945, 0.010382275), (0.0225453, 0.0183956, 0.008447047), (0.0302996, 0.00214448, 0.014770904), (0.0302601, 0.0026778, 0.014787428), (0.0347429, 0.0029255, 0.01852344), (0.0347831, 0.00239195, 0.018519795), (0.0302365, 0.00112091, 0.015149651), (0.0302841, 0.00163195, 0.014898317), (0.0347662, 0.00188176, 0.018649535), (0.0347094, 0.00137364, 0.018891823), (0.0283911, -0.00766933, 0.01394046), (0.0284895, -0.00711273, 0.0142482845), (0.032726, -0.00701448, 0.017688975), (0.0326113, -0.00757694, 0.01736344), (0.0299765, 0.00435507, 0.015331943), (0.0298877, 0.00464303, 0.01538616), (0.0343237, 0.00493053, 0.019013992), (0.0344236, 0.00463055, 0.018984277), (0.01231, -0.0165866, 0.005656137), (0.0220658, -0.0171258, 0.010050664), (0.0286133, -0.00653644, 0.0146772275), (0.028733, -0.00604606, 0.015071465), (0.0330043, -0.00591975, 0.01855675), (0.032868, -0.00642423, 0.018139854), (-0.0346134, 0.00331472, 0.01954251), (-0.0346887, 0.00298648, 0.019254679), (-0.0271192, 0.0176618, 0.012599342), (-0.0273143, 0.0172585, 0.01287414), (-0.0252386, 0.0158629, 0.012533829), (-0.0254568, 0.01572, 0.012665459), (-0.017408, -0.0222839, 0.0041978736), (-0.0166179, -0.0229306, 0.0041678674), (-0.0175308, -0.0203979, 0.00466014), (-0.0191898, -0.0206408, 0.005024224), (-0.0198871, -0.0201818, 0.0056740805), (-0.0183189, -0.0199529, 0.0054025836), (-0.016192, 0.0241616, 0.0064573535), (-0.0170436, 0.0237658, 0.006765641), (-0.0119621, 0.0250939, 0.0045571146), (-0.0132629, 0.0250222, 0.005091728), (-0.00830902, 0.025306, 0.0033395444), (-0.00918341, 0.0249651, 0.0036355786), (-0.0145087, 0.0242905, 0.005646709), (-0.0135287, 0.024658, 0.0052274), (-0.00972467, 0.0246592, 0.0037944196), (-0.0101319, 0.0242991, 0.0038164153), (0.016775, 0.0226599, 0.005077837), (0.0190542, 0.023095, 0.0059669414), (0.0173476, 0.0224016, 0.005200095), (0.0262606, -0.0164522, 0.013362819), (0.0265596, -0.0162479, 0.0136239), (-0.017452, 0.0223905, 0.0061750175), (-0.0179001, 0.0219361, 0.006381334), (-0.020105, 0.0218209, 0.0076184715), (-0.0195796, 0.0222691, 0.0073438007), (0.0112892, -0.0189869, 0.0041451612), (0.0207598, -0.0192099, 0.008517006), (0.0109687, -0.0195521, 0.004221877), (-0.00347471, 0.025658, 0.0022430762), (-0.00343387, 0.0254147, 0.002269471), (0.00573542, -0.0243029, 0.0021613794), (0.00625649, -0.0237761, 0.0021102943), (0.0115838, -0.0245822, 0.003841783), (0.0106015, -0.0251207, 0.0037909546), (0.0110825, 0.0245641, 0.0017996562), (0.0123898, 0.0252075, 0.002238417), (0.0117455, 0.0241474, 0.0019638694), (-0.0189208, 0.0227492, 0.007158705), (0.0343943, -0.000070405, 0.01960332), (0.0344717, 0.000123581, 0.01962395), (-0.0206887, 0.0201949, 0.009275556), (-0.0233771, 0.0200745, 0.010965323), (-0.0227381, 0.0202933, 0.010379769), (-0.0107412, -0.0210647, 0.0025793076), (-0.0169245, -0.0208568, 0.0040866416), (-0.0111882, -0.020631, 0.0031061394), (-0.011536, 0.0222818, 0.0035723785), (-0.00308734, 0.0228288, 0.0014321352), (-0.00297266, 0.0224176, 0.0015925983), (-0.0117311, 0.02186, 0.003810139), (-0.00139937, 0.0139028, 0.002623827), (-0.00147249, 0.0143446, 0.0024841197), (0.0130165, 0.0153295, 0.0039491737), (0.0132385, 0.0148853, 0.0041821026), (0.0118048, 0.0178225, 0.0044317544), (0.0116361, 0.0179561, 0.004331814), (0.0217041, 0.0189223, 0.008046004), (0.0219824, 0.0187963, 0.008253562), (-0.00557387, -0.0257669, 0.0017214664), (-0.00667523, -0.0254245, 0.001980181), (0.0114986, -0.0184603, 0.0041802865), (0.0210697, -0.0186779, 0.008651469), (-0.0116391, -0.0202653, 0.0035933864), (-0.0191097, -0.0195737, 0.0061140964), (-0.0119879, -0.0200217, 0.0038705254), (-0.0138923, -0.0237492, 0.0034903202), (-0.0144949, -0.0240576, 0.0037671009), (-0.0156564, -0.0235502, 0.0040745297), (-0.0147194, -0.0231464, 0.0034986204), (0.0289808, -0.00537618, 0.01539004), (0.0290649, -0.00509919, 0.015296049), (0.0333801, -0.00492788, 0.01884327), (0.0332856, -0.00521176, 0.018924868), (-0.00283807, 0.0220431, 0.0018929435), (0.00580154, 0.0231541, 0.001273442), (0.00629437, 0.0228114, 0.0016468039), (0.0128169, 0.0158144, 0.0039092456), (0.0236364, 0.0167554, 0.008409527), (0.0239467, 0.0162723, 0.008586527), (-0.0301637, -0.000250852, 0.015533759), (-0.0344353, -0.000328422, 0.019183086), (-0.0345103, -0.0000658089, 0.019124705), (-0.0302349, 0.000195909, 0.015304607), (-0.0150395, -0.0128108, 0.0048257336), (-0.0151225, -0.0123101, 0.0048330617), (-0.000679502, -0.0131917, 0.0024740307), (-0.000733205, -0.0137035, 0.0025146815), (0.0169277, -0.000966811, 0.008050725), (0.0168881, -0.00114564, 0.008008615), (-0.000295867, -0.00162284, 0.004308993), (-0.000294889, -0.00145907, 0.004342706), (0.0345494, 0.000399784, 0.019517815), (-0.0152483, 0.023905, 0.0058676936), (-0.0105938, 0.0238006, 0.0037096029), (-0.0300308, -0.000665313, 0.015573022), (-0.0300981, -0.000507378, 0.015609366), (-0.0173523, -0.00101478, 0.007998385), (-0.017314, -0.00117407, 0.008003294), (0.0299603, -0.000302458, 0.01590413), (0.0300279, -0.000119137, 0.015912456), (0.0154686, 0.00995657, 0.005816608), (0.0153472, 0.0104082, 0.0054735257), (0.0275822, 0.011351, 0.0117959995), (0.0277551, 0.0109042, 0.012230127), (0.016717, -0.00244438, 0.0071563045), (0.0166687, -0.0029782, 0.006903693), (-0.000266566, -0.00327342, 0.003215298), (-0.000273774, -0.00278975, 0.003471039), (-0.0298822, 0.00433493, 0.0153577365), (-0.0297777, 0.00481178, 0.014957697), (-0.0172784, 0.00403881, 0.007708588), (-0.0173283, 0.00363195, 0.008037764), (0.0169774, 0.00304959, 0.007373134), (0.0300832, 0.00384434, 0.015140184), (0.0170411, 0.00248438, 0.0070813876), (-0.0170798, 0.00743772, 0.008114185), (-0.0170507, 0.00758463, 0.008130212), (-0.000651196, 0.00781955, 0.0041652685), (-0.000641136, 0.00766218, 0.004141629), (0.0161441, 0.00724997, 0.006352663), (0.0286616, 0.00874215, 0.01352355), (0.0287819, 0.00813127, 0.013332489), (0.016215, 0.00671074, 0.0061853183), (-0.000558522, 0.00593523, 0.0031581742), (-0.000585098, 0.00643355, 0.0033801112), (0.0160666, 0.00782491, 0.006620657), (-0.0330163, 0.0101731, 0.01758346), (-0.0330563, 0.00976758, 0.017519988), (0.0346593, 0.00349235, 0.01863358), (-0.0169506, 0.00880493, 0.007221678), (-0.000804195, 0.00904465, 0.0032449272), (-0.000742359, 0.00858603, 0.003623308), (-0.0169672, 0.00834689, 0.0075856317), (-0.0171331, -0.00192216, 0.0073781926), (-0.00029041, -0.0018717, 0.0041574417), (-0.000283495, -0.00229106, 0.0038307698), (-0.0170485, -0.00236726, 0.0069618626), (0.0294417, 0.00560913, 0.014474938), (0.0336224, 0.00638176, 0.017406426), (0.0338182, 0.00591838, 0.01798256), (0.0296066, 0.0052209, 0.014960456), (-0.0345425, 0.00351289, 0.019648759), (0.0329522, 0.00904586, 0.016836738), (0.0330857, 0.00842648, 0.016676025), (-0.0295156, 0.00695888, 0.015203145), (-0.0295721, 0.00653061, 0.014875899), (-0.0337944, 0.00658803, 0.01837361), (-0.0337261, 0.0070013, 0.018689048), (-0.0304113, 0.00205961, 0.015001866), (-0.0304085, 0.00164608, 0.014870032), (-0.0347883, 0.00181405, 0.01854079), (-0.034789, 0.0022134, 0.018673066), (-0.0172326, 0.00452059, 0.007349594), (-0.000464254, 0.00451105, 0.0034516752), (-0.000433251, 0.00402658, 0.0038136218), (-0.000958156, 0.0104316, 0.002904521), (-0.000995673, 0.0109383, 0.0031105285), (0.0150541, 0.0119234, 0.005421982), (0.0151524, 0.0113807, 0.005280745), (-0.000415653, -0.00894465, 0.0029297567), (-0.00046183, -0.00947642, 0.0031346257), (-0.0164603, -0.00871085, 0.0061156973), (-0.0164723, -0.0081866, 0.005935299), (-0.000291202, -0.000600253, 0.0038526675), (-0.000293551, -0.0000817871, 0.0035036055), (0.0170513, -0.0000934997, 0.0075702495), (0.0170082, -0.000534397, 0.007890786), (-0.0174274, -0.0003177, 0.00760013), (-0.0173874, -0.000759515, 0.007880311), (-0.0293306, 0.00767176, 0.015586494), (-0.029269, 0.00781901, 0.015510056), (-0.0170207, 0.00773414, 0.008083042), (-0.00167337, -0.0214072, 0.0020884336), (0.0074721, -0.0223629, 0.002876388), (-0.00168178, -0.0218333, 0.0016635922), (0.0164609, -0.00508634, 0.007431535), (0.0165309, -0.00453783, 0.007106399), (0.029167, -0.00462985, 0.015033086), (-0.0168893, -0.00477972, 0.0070530144), (-0.00029464, -0.00476434, 0.0034065838), (-0.000325998, -0.00530729, 0.0037356482), (-0.0168765, -0.00524332, 0.007328139), (0.0162871, -0.00599556, 0.007856486), (0.0163343, -0.00581904, 0.007846137), (0.0289045, -0.0055609, 0.015368543), (-0.000293224, -0.00103917, 0.004168603), (-0.0166682, 0.0117439, 0.007820296), (-0.00106902, 0.0121921, 0.0038342963), (-0.00105232, 0.0119347, 0.0037063938), (-0.0167801, 0.0115098, 0.007732082), (0.0325127, -0.00811913, 0.017196352), (0.00989041, -0.0207074, 0.004441322), (0.0104462, -0.0201742, 0.004345021), (0.0185537, -0.0209655, 0.008084683), (0.0150806, -0.0110687, 0.0072406027), (0.0269772, -0.0108806, 0.014012778), (0.0267189, -0.0110828, 0.013792323), (0.0149288, -0.0112489, 0.0071384627), (0.0295268, -0.0123891, 0.015122772), (0.0299639, -0.0118215, 0.015816228), (-0.033354, -0.00459604, 0.017728193), (-0.0332831, -0.00476292, 0.017676253), (-0.0279206, 0.0119176, 0.014528417), (-0.0164297, 0.0120333, 0.0076972824), (-0.016547, 0.0118891, 0.007790075), (-0.0281401, 0.0117762, 0.014729139), (0.0262051, 0.0144474, 0.011501987), (0.0298974, 0.0149468, 0.013959334), (0.030207, 0.0148094, 0.014252413), (0.0264654, 0.0143058, 0.011663708), (-0.0161128, -0.010242, 0.006664646), (-0.0159828, -0.0104068, 0.006562388), (-0.0274438, -0.00960347, 0.01254839), (-0.0276772, -0.00943347, 0.012767516), (-0.00931762, -0.0237494, 0.0021571799), (-0.0096395, -0.0231164, 0.0019579253), (-0.0275158, -0.0142576, 0.011646545), (-0.0270932, -0.0145863, 0.010988961), (0.00442182, -0.0253757, 0.0024259696), (0.00510915, -0.0248753, 0.0023071726), (0.0069167, -0.0261724, 0.0030374085), (-0.0256802, 0.0190053, 0.01215287), (0.01242, 0.023781, 0.0023279944), (0.0131816, 0.0234677, 0.0028627405), (0.00688971, 0.0225078, 0.0021305017), (-0.000610913, -0.0108125, 0.0038557546), (-0.000627082, -0.0109863, 0.003873046), (-0.0162328, -0.0100675, 0.006701142), (-0.0010716, -0.0165808, 0.0027824484), (-0.00107825, -0.0170267, 0.0023715952), (-0.0138509, -0.0161134, 0.0042046523), (0.024004, -0.0192797, 0.010569623), (0.0165844, -0.00401252, 0.0068812896), (0.0293457, -0.00354537, 0.014527016), (0.0292678, -0.00407699, 0.014734258), (-0.0290322, -0.00514308, 0.014291377), (-0.029102, -0.00499381, 0.014395526), (-0.0168197, -0.00567088, 0.0074460907), (-0.0167818, -0.00582332, 0.007383067), (-0.0231209, -0.0156692, 0.007839261), (-0.0233995, -0.0152567, 0.008322708), (-0.0140593, -0.0156986, 0.0046901326), (0.0162422, -0.00617264, 0.0078045893), (-0.000381281, -0.00636498, 0.004154289), (-0.000378056, -0.00620164, 0.004193227), (-0.0299566, -0.000815436, 0.015469635), (-0.0172707, -0.00132681, 0.007943134), (0.0294119, -0.00301803, 0.014458282), (0.0294849, -0.00247125, 0.0145814875), (0.0338472, -0.00230122, 0.018188521), (0.0337653, -0.00284897, 0.018056365), (-0.0157, 0.0148044, 0.006387941), (-0.00157987, 0.0153257, 0.0027211907), (-0.0015304, 0.0148175, 0.0025296109), (-0.0158074, 0.014329, 0.006226219), (-0.000641129, -0.0117814, 0.0033046987), (0.014323, -0.0124631, 0.006028008), (-0.000642081, -0.0122454, 0.0029106946), (-0.0153978, -0.011418, 0.0054008053), (-0.0303921, 0.0136851, 0.015304008), (-0.0306053, 0.0132783, 0.015585965), (0.0167773, -0.0018911, 0.0075173345), (0.0279584, 0.0104663, 0.012789516), (0.031939, 0.0112464, 0.015324092), (0.0321613, 0.0108136, 0.015925776), (0.028145, 0.0101046, 0.013294832), (-0.0202453, -0.0190972, 0.0068988428), (-0.0223941, -0.0190724, 0.007898028), (-0.0283625, 0.0116418, 0.014868218), (-0.0285688, 0.0114269, 0.014876773), (-0.0325845, 0.0113923, 0.01815227), (-0.0323465, 0.0116049, 0.018099697), (-0.0110657, -0.0251595, 0.0026681933), (-0.0286019, -0.0133411, 0.012554359), (-0.0253159, -0.0130974, 0.01015307), (-0.0308615, 0.0128682, 0.01604483), (-0.0312019, 0.0124543, 0.016667608), (-0.0255696, -0.0168844, 0.009206456), (-0.0249357, -0.0175968, 0.009075927), (0.0336902, -0.00337341, 0.018114585), (0.028211, -0.00874481, 0.013812993), (0.028302, -0.0082106, 0.013784093), (0.0324132, -0.00865116, 0.017212085), (0.0158236, 0.00890947, 0.006889732), (0.0158825, 0.00875386, 0.0069607534), (-0.000665568, 0.00797522, 0.0041248756), (-0.0275432, 0.0168609, 0.013314689), (-0.0332048, -0.00491818, 0.01755401), (0.0232795, -0.0160405, 0.011339325), (0.0235992, -0.0157419, 0.011410086), (0.0272218, -0.0157418, 0.013951093), (0.0268626, -0.01605, 0.013824871), (0.01503, 0.0230291, 0.0042011323), (0.0166123, 0.0234803, 0.004364652), (0.0176355, 0.0233085, 0.005118963), (0.0125335, -0.0252026, 0.0045164595), (-0.0238928, 0.0199001, 0.011364168), (0.0247616, 0.0194367, 0.009511798), (0.0251509, 0.019268, 0.00993846), (-0.0219566, 0.0206197, 0.009551886), (-0.00989862, -0.0252222, 0.0024252336), (-0.00763682, -0.0250541, 0.0021904039), (-0.0316191, -0.00915872, 0.015661469), (0.00947461, -0.0209992, 0.004431453), (0.0091293, -0.0211697, 0.0043354062), (-0.0188198, 0.0211119, 0.007329608), (-0.0211956, 0.0210039, 0.00871177), (0.0155655, 0.0237152, 0.00358173), (0.0147118, 0.0240125, 0.00297304), (0.00931152, 0.0211354, 0.0027641356), (0.018124, 0.0219706, 0.0052624405), (0.00975346, 0.0206015, 0.002580574), (0.0188617, 0.0214608, 0.005307669), (-0.00330989, 0.0243565, 0.0018835606), (-0.00325447, 0.0238013, 0.0016161789), (-0.0301784, -0.0102894, 0.013529945), (-0.0298512, -0.010695, 0.012970711), (-0.028877, 0.0105957, 0.014429058), (-0.0289361, 0.0101674, 0.014230765), (-0.032943, 0.0105858, 0.017769018), (0.0168571, 0.0037984, 0.0077444618), (0.0168094, 0.00396456, 0.007744436), (0.0298082, 0.0048162, 0.015339205), (-0.000376414, -0.00700923, 0.0036521005), (-0.000380519, -0.00660679, 0.003992821), (0.0161217, -0.00689285, 0.007281383), (0.0160514, -0.00742793, 0.0068962113), (0.0168402, -0.00142255, 0.007848344), (-0.034752, 0.0025957, 0.01892062), (-0.0303282, 0.00286792, 0.01559868), (-0.0331021, 0.00935315, 0.017647022), (-0.0331643, 0.00892302, 0.017931469), (-0.0291617, -0.00483264, 0.014428677), (0.0121432, 0.0174122, 0.004405513), (0.0123722, 0.0169212, 0.004216719), (0.000144671, 0.026312, 0.0017035333), (0.000408327, 0.0266728, 0.0015869876), (0.0124009, -0.0240878, 0.0039697452), (0.0131043, -0.023614, 0.0042215283), (0.0153275, -0.0237313, 0.0051913033), (0.0145424, -0.0241943, 0.0048665362), (-0.0150612, 0.0245514, 0.005924455), (0.00834204, -0.0262748, 0.0034320557), (0.030397, -0.0113385, 0.01647858), (0.0307384, -0.0110286, 0.016904788), (0.00188869, -0.0260914, 0.0020446912), (-0.00240912, -0.0257289, 0.0017944555), (0.000751687, -0.0262381, 0.0017804101), (-0.00242123, -0.0259328, 0.0016451395), (-0.0227431, -0.0166129, 0.007435994), (-0.0258998, -0.0163041, 0.009272329), (-0.0229088, -0.0161147, 0.0075326664), (0.0199854, 0.0200731, 0.005877805), (0.0228515, 0.0207997, 0.007092498), (0.0232381, 0.0203917, 0.007499397), (0.020394, 0.0196999, 0.006402774), (-0.0101361, -0.0219926, 0.0019228031), (-0.00989625, -0.02253, 0.0018660811), (-0.015936, -0.0219029, 0.0035020807), (-0.016421, -0.021353, 0.00369448), (0.034231, 0.00511359, 0.018943949), (-0.0237565, 0.0181882, 0.01027535), (-0.0239263, 0.0177599, 0.010334332), (-0.026914, 0.0180788, 0.012502014), (0.0259141, -0.0167393, 0.012951943), (-0.026006, 0.015079, 0.012599753), (-0.0262988, 0.0145977, 0.012466624), (-0.0299143, 0.014521, 0.015225718), (-0.0295759, 0.0149891, 0.015301605), (0.0034137, 0.0254495, 0.001602157), (0.00770033, 0.0261958, 0.0019666064), (0.00852853, 0.0259226, 0.001980509), (0.00396347, 0.0249905, 0.0013733701), (-0.00295168, 0.0266427, 0.0018731349), (-0.0119562, 0.0214677, 0.0041991114), (-0.00269406, 0.0216871, 0.002293218), (-0.0122636, 0.021089, 0.0047122044), (-0.00063744, -0.011152, 0.0038267772), (-0.00064151, -0.0113897, 0.003657435), (-0.0158244, -0.0106321, 0.0063251327), (0.0213613, 0.0190915, 0.0076820343), (0.0242369, 0.0196986, 0.00882416), (-0.00133252, 0.026437, 0.0017560517), (-0.00127658, 0.0266463, 0.0016964753), (-0.0294502, 0.00731994, 0.0154873775), (-0.0293909, 0.0075326, 0.0155974915), (-0.0171112, 0.00720485, 0.007981418), (-0.00257158, 0.0213977, 0.0026488442), (0.0074651, 0.0222698, 0.0025738622), (-0.00250384, 0.0212141, 0.0028230634), (-0.0298611, -0.00102403, 0.015226322), (-0.0340077, -0.00118279, 0.018240934), (-0.0341632, -0.000854665, 0.01873262), (-0.0242713, 0.0169439, 0.010973086), (-0.0245249, 0.0165469, 0.011511673), (-0.0278492, 0.0164644, 0.013907897), (0.0145421, -0.0119482, 0.006488852), (0.014758, -0.0115162, 0.006910006), (0.0260402, -0.0118466, 0.012844102), (0.0256589, -0.0124005, 0.012227128), (0.0135596, -0.0145741, 0.005594223), (-0.000805616, -0.0142525, 0.0027004068), (0.013783, -0.0140156, 0.0054739453), (-0.033259, 0.00847183, 0.01834618), (-0.0333569, 0.00808535, 0.01873452), (-0.00107227, -0.0162101, 0.0031511975), (-0.0295824, -0.00176535, 0.0142716775), (-0.0294757, -0.00217011, 0.0139017925), (-0.000369012, -0.00603429, 0.0041710585), (-0.016851, -0.00550753, 0.007442596), (0.0169112, 0.00352638, 0.007635332), (-0.000371656, 0.00281068, 0.004157194), (-0.000380296, 0.00306028, 0.0043016993), (-0.0286643, -0.00606149, 0.013078622), (-0.0326679, -0.0061939, 0.01584519), (-0.0327836, -0.00581015, 0.01624565), (-0.0288024, -0.00567295, 0.013583678), (0.0163901, -0.00554899, 0.007721617), (-0.000355252, -0.00576879, 0.0040347283), (-0.0167277, -0.00604177, 0.0071899993), (0.0323702, 0.0104536, 0.0164747), (0.0282732, 0.00988106, 0.013569172), (-0.0303826, 0.00246098, 0.015255197), (-0.0164782, -0.00770538, 0.005898978), (-0.000627637, 0.00740388, 0.004006385), (0.029574, -0.00190261, 0.014862177), (0.0296869, -0.00130485, 0.015261424), (0.0340803, -0.00111595, 0.01890296), (0.0339492, -0.00172537, 0.01848199), (0.0243486, -0.0187512, 0.010749533), (0.0246763, -0.0182306, 0.011108188), (0.0254784, -0.0171854, 0.01231048), (0.0250379, -0.0177088, 0.011631775), (-0.000373111, -0.0265147, 0.0012510583), (0.00166408, -0.02662, 0.0016210086), (-0.0259098, -0.0114288, 0.010095832), (-0.0293758, -0.0116119, 0.0124510825), (-0.0295944, -0.0111291, 0.012604304), (-0.0261305, -0.0109838, 0.010411603), (0.00884999, 0.0215872, 0.0029322654), (0.00879416, -0.0213391, 0.004183699), (-0.0016378, -0.0206613, 0.0027131552), (-0.0146689, -0.014788, 0.00550336), (-0.0145552, -0.0149635, 0.0054690805), (-0.0246449, -0.0141319, 0.01009287), (0.0331123, -0.00561239, 0.018788565), (0.0332, -0.00540796, 0.018890293), (-0.0104023, -0.0215112, 0.002171833), (-0.00317989, 0.0232912, 0.0014521312), (-0.0267013, 0.013732, 0.012455673), (-0.0158867, 0.0138827, 0.006199356), (-0.0159579, 0.013451, 0.0063578202), (-0.0268798, 0.0133148, 0.012697124), (-0.00169416, 0.0167609, 0.0034216181), (-0.00172242, 0.0169029, 0.0033728092), (0.0298864, -0.000495587, 0.015828436), (0.0343116, -0.000274368, 0.019511465), (0.00707935, -0.0228127, 0.0024620718), (-0.00170695, -0.0222741, 0.0013380962), (0.00111043, -0.0265126, 0.0015812153), (-0.0263508, -0.0153795, 0.009759225), (-0.0266719, -0.0149767, 0.010293317), (-0.0237671, -0.014861, 0.00895226), (-0.0186058, -0.0211338, 0.0045682862), (-0.000386599, 0.00322071, 0.004330092), (-0.0335115, 0.00770429, 0.019039206), (-0.0335805, 0.00756127, 0.01906186), (-0.0282771, -0.0084497, 0.012812401), (-0.00113503, -0.0179505, 0.0018984467), (-0.00109645, -0.0174773, 0.0020636122), (0.0116804, -0.0179606, 0.004393656), (-0.0334733, -0.00385197, 0.017447995), (-0.0334155, -0.00432291, 0.017664047), (0.0298002, -0.000796932, 0.015632756), (0.0342117, -0.000591822, 0.019297564), (-0.0175073, 0.00069037, 0.0070908377), (-0.0175336, 0.0011535, 0.007029595), (-0.000308413, 0.000896459, 0.0031655324), (-0.000299099, 0.000413485, 0.0032617683), (-0.0169917, 0.0079621, 0.007920009), (-0.000691997, 0.00820283, 0.003963894), (-0.00102654, 0.0114783, 0.0034211937), (0.0147761, 0.0129977, 0.0058690184), (0.0149236, 0.0125068, 0.0056581753), (0.0340026, 0.00552897, 0.018510953), (0.029721, 0.00498202, 0.015222004), (0.0314585, 0.012672, 0.014454095), (0.0312983, 0.0132386, 0.01447781), (-0.000608466, 0.00696054, 0.0037076157), (-0.017138, 0.00680794, 0.007674186), (-0.0296147, 0.00611439, 0.0146490615), (-0.0296559, 0.00569792, 0.014569166), (-0.0338964, 0.00579083, 0.018083364), (-0.0338459, 0.0061903, 0.018154431), (0.0274376, 0.0118261, 0.011523855), (0.0315929, 0.0121579, 0.014553398), (0.0317515, 0.0116873, 0.014856343), (-0.0175045, 0.00249368, 0.0077621974), (-0.000358597, 0.00237855, 0.0038427897), (-0.000340788, 0.00186971, 0.0034969768), (-0.0175301, 0.00204016, 0.007404062), (-0.0175421, 0.00159821, 0.0071481587), (-0.000323627, 0.00137792, 0.0032587678), (-0.0172048, 0.00498493, 0.00710042), (-0.0171871, 0.00543792, 0.0070022186), (-0.000530013, 0.00545499, 0.0030815892), (-0.000497667, 0.00498463, 0.003193935), (-0.000294516, -0.00129538, 0.004313673), (-0.0169535, 0.0101406, 0.0069404724), (-0.0169526, 0.00969178, 0.0068611237), (-0.0289659, 0.00974626, 0.014158722), (0.0169674, -0.000794254, 0.008031171), (0.00669709, -0.023284, 0.002196629), (-0.00176162, -0.0227418, 0.001153923), (-0.0044283, -0.0260161, 0.0014370885), (-0.0180149, 0.0232719, 0.0069808457), (-0.0234, 0.0186448, 0.010246864), (-0.0264998, 0.0185218, 0.012408577), (-0.00185601, -0.0232573, 0.001155863), (0.0264195, -0.0113767, 0.013427954), (0.0215339, -0.0210399, 0.009806446), (0.0136311, -0.0246744, 0.0046575153), (0.0103333, 0.0260892, 0.0022913765), (0.00939079, 0.0263585, 0.0022196195), (-0.0153938, -0.0225025, 0.0034526803), (-0.0022681, 0.0191193, 0.0020331505), (-0.00232157, 0.0196285, 0.0022083158), (0.0100372, 0.0200917, 0.002484958), (-0.000898663, -0.014847, 0.0029890581), (-0.0147752, -0.0144928, 0.0054314905), (-0.014875, -0.0139682, 0.00521137), (-0.00167254, 0.0166058, 0.0034085575), (0.0119647, 0.017678, 0.0044674072), (-0.0344693, 0.00365276, 0.019626487), (-0.00235921, 0.0201758, 0.0024911673), (-0.0143577, 0.0189957, 0.0054197772), (-0.0145365, 0.0185105, 0.0053044055), (-0.00219541, 0.0186497, 0.0020017128), (-0.0146031, 0.0180593, 0.005292213), (0.0301853, 0.00324151, 0.014921236), (-0.00238789, 0.0206446, 0.0027529153), (-0.0278363, -0.0140312, 0.012054926), (0.0345432, 0.00410608, 0.018820731), (-0.0327918, 0.0110206, 0.018000333), (0.0163725, 0.00571845, 0.0063361353), (0.0164693, 0.00524206, 0.006659698), (-0.0293026, -0.00355188, 0.013855591), (-0.016914, -0.00373112, 0.0065539195), (-0.0169016, -0.00423595, 0.0067511625), (-0.0292607, -0.00409575, 0.014115921), (-0.0250247, 0.0160072, 0.012343135), (-0.0130092, -0.0245594, 0.0032787723), (-0.0318351, 0.011888, 0.017657448), (-0.0320898, 0.0117426, 0.017910255), (-0.000418428, -0.026315, 0.0014739768), (-0.00131006, -0.0263705, 0.0012270164), (-0.00242808, -0.0261197, 0.0014131134), (0.0313287, -0.0106069, 0.017398149), (0.0316356, -0.0103018, 0.01750251), (-0.00160786, -0.0204825, 0.002709526), (-0.00154563, -0.0201815, 0.0026037127), (0.0265319, 0.0182138, 0.01052967), (0.0261032, 0.0187256, 0.010492959), (0.0273143, 0.0123419, 0.011452811), (-0.0150312, 0.0162937, 0.0068092234), (-0.0151404, 0.0161487, 0.006902707), (-0.00027686, -0.00425034, 0.003181741), (-0.0169335, 0.0106033, 0.0071599605), (0.0126098, 0.0163426, 0.004014357), (0.0229237, 0.0178893, 0.008413182), (0.0233109, 0.0172922, 0.008372674), (-0.0180397, -0.0216837, 0.0043127337), (0.0155955, -0.010109, 0.0069884965), (0.0157681, -0.00953, 0.0067248507), (0.0278077, -0.00988625, 0.014118879), (0.0275086, -0.0103916, 0.014224339), (-0.0241994, -0.018239, 0.008882756), (0.0184215, 0.0232, 0.0056264987), (-0.0244173, -0.0143046, 0.009893311), (0.00664596, 0.0263878, 0.0018527583), (-0.0281729, 0.0161298, 0.014481025), (-0.0261051, -0.0158154, 0.0094121555), (0.0130034, -0.0156909, 0.0059861415), (0.0128019, -0.0159818, 0.006036676), (-0.000983029, -0.0153536, 0.0032555917), (-0.0300714, 0.0036941, 0.015930412), (-0.0173707, 0.00339337, 0.00819887), (0.0236897, 0.0200273, 0.008084327), (-0.00131376, 0.013478, 0.0029089232), (-0.0160431, 0.0130277, 0.006665442), (0.030505, 0.0146623, 0.014472008), (0.0346331, 0.000847354, 0.019228356), (0.0280502, 0.0161712, 0.01133762), (0.0276764, 0.0166014, 0.010898078), (-0.0289985, 0.00932102, 0.014276253), (-0.0345899, 0.000384574, 0.01891572), (-0.0303046, 0.000719536, 0.01504857), (-0.0257039, 0.0154888, 0.012699646), (-0.025542, -0.0124716, 0.010029222), (-0.0288841, -0.0127881, 0.012509915), (-0.0291541, -0.0121596, 0.012443058), (-0.0257254, -0.0119189, 0.009987539), (0.0152419, 0.010877, 0.005280625), (-0.000913957, 0.00995296, 0.0028445302), (-0.0343576, -0.000491896, 0.019128364), (-0.0267898, -0.0101668, 0.011564314), (-0.0306053, -0.00989791, 0.014260825), (-0.0271616, -0.00982734, 0.012176012), (0.0269695, 0.0176128, 0.010565213), (0.0107711, 0.018803, 0.003143419), (0.0111036, 0.0184383, 0.0036415975), (0.0319691, -0.00979053, 0.017450597), (0.0322536, -0.0091992, 0.017328123), (0.0327182, 0.0098793, 0.017002948), (0.0326201, 0.0100595, 0.016928429), (-0.0301748, 0.0140925, 0.015205926), (-0.00102894, -0.0156424, 0.003372318), (-0.00105074, -0.0158166, 0.0033815904), (-0.0273778, 0.0124801, 0.013662261), (-0.027093, 0.0128974, 0.013106479), (-0.0161687, 0.0126024, 0.0070903352), (-0.0163053, 0.0122485, 0.0074833436), (0.0146254, 0.013264, 0.0059324466), (-0.0152573, 0.0160018, 0.0069361), (-0.029988, 0.00392932, 0.01573174), (-0.0342946, 0.00404307, 0.019317804), (-0.0341703, 0.00444931, 0.018920809), (-0.00198409, -0.0238206, 0.001303017), (-0.0347435, 0.00138121, 0.018551504), (-0.0323185, -0.0081529, 0.015855838), (-0.0321092, -0.00866918, 0.015941354), (-0.0021022, 0.0182226, 0.0021534509), (-0.0146542, 0.0176383, 0.00545889), (-0.0284046, -0.00786409, 0.012623805), (-0.0324726, -0.00756519, 0.015707416), (-0.02846, -0.00734499, 0.012492971), (-0.00143199, -0.0196495, 0.0023535332), (0.0325145, 0.0102263, 0.016781382), (0.00945115, 0.0255004, 0.0018803319), (-0.0169463, 0.00925049, 0.0069659348), (0.024443, -0.0145978, 0.011324572), (0.0281609, -0.0145906, 0.014005405), (-0.0318737, -0.00897085, 0.015860865), (-0.00165069, 0.0163451, 0.0032878388), (0.00449833, 0.0244686, 0.0011384395), (0.00495084, 0.023984, 0.0010183293), (0.0193122, 0.0209604, 0.005364279), (0.0138056, 0.0140753, 0.005076069), (0.0246699, 0.0154315, 0.009517574), (0.025142, 0.0150641, 0.010219812), (0.0140963, 0.0137509, 0.0055342396), (-0.00339482, 0.025175, 0.002247988), (0.0276879, -0.0152076, 0.013987754), (-0.0276735, 0.0121319, 0.014194051), (-0.03155, 0.0121043, 0.017268317), (-0.0325422, -0.00705218, 0.015599438), (-0.0172143, -0.00155116, 0.0077555007), (-0.0297222, -0.00136171, 0.014768576), (0.00536723, 0.0235431, 0.0010498578), (-0.00353188, 0.0259126, 0.0021826678), (0.012641, -0.0161609, 0.0059931767), (0.0289948, 0.00704152, 0.013284171), (0.0288868, 0.00756744, 0.013234443), (0.0332036, 0.00785956, 0.016608968), (0.0333223, 0.00733477, 0.016686337), (-0.000407395, 0.00361864, 0.0041426974), (-0.000394842, 0.00337752, 0.0042946064), (0.0134966, 0.0144718, 0.004570219), (-0.00227036, -0.0249622, 0.0017909945), (-0.00213569, -0.0244304, 0.0015571445), (0.0255971, 0.0147665, 0.010872015), (-0.00335409, 0.0248488, 0.0021348377), (0.0259336, 0.0145814, 0.011269267), (-0.0207874, -0.019736, 0.0065180925), (-0.0297062, 0.00526448, 0.014682947), (-0.0183248, 0.0215115, 0.006767227), (0.0139701, -0.013487, 0.005487627), (-0.034273, -0.000645991, 0.019003466), (0.0157388, 0.00913644, 0.006683034), (0.0156107, 0.00950927, 0.0062729013), (-0.0240839, 0.0173471, 0.010573717), (-0.0156085, -0.0109903, 0.0058826143), (-0.0264165, -0.0105683, 0.010911093), (-0.0329416, -0.00543667, 0.016785903), (-0.028938, -0.00534754, 0.014045522), (-0.0338484, -0.00156969, 0.017706761), (0.0291203, 0.00655087, 0.013532522), (0.0292672, 0.00607805, 0.013941919), (-0.0292159, -0.00456454, 0.014351284), (-0.0122782, -0.0198352, 0.0040120445), (-0.0125558, -0.0196373, 0.0040874076), (0.0267202, 0.0140365, 0.01172231), (0.0141178, 0.023216, 0.0035489174), (-0.00584902, 0.0263273, 0.002479928), (0.0269621, 0.0135202, 0.0116354), (0.0271683, 0.0129076, 0.011510836), (-0.000372249, -0.00749048, 0.00327291), (-0.0165128, -0.00725774, 0.0060600676), (-0.0165679, -0.00682878, 0.006374285), (-0.0336505, 0.00735205, 0.018963076), (-0.033636, -0.00236828, 0.017084885), (-0.0337266, -0.00196092, 0.017311176), (-0.0293953, -0.00259418, 0.013697051), (-0.016985, -0.0028072, 0.006659435), (-0.0169388, -0.0032563, 0.006508045), (0.0272356, -0.0106863, 0.014172687), (-0.0247944, 0.0162123, 0.012025477), (0.0295193, 0.0151329, 0.013492069), (0.0230127, -0.016227, 0.01118681), (-0.019725, -0.0193095, 0.0065848143), (-0.0216912, -0.0193492, 0.007338092), (0.00818701, 0.0265478, 0.0020375163), (0.0159934, 0.00831239, 0.0068674153), (-0.0131553, -0.0187328, 0.0039126305), (-0.0219244, -0.0178941, 0.007398861), (-0.0134129, -0.0180756, 0.0037287413), (0.0167577, 0.00412732, 0.00767822), (-0.0241361, -0.0145268, 0.009539673), (-0.0224639, -0.0171946, 0.0074278996), (-0.0153885, 0.0157554, 0.0068635154), (-0.0149659, -0.0133599, 0.004968419), (-0.0339593, 0.00536889, 0.018208208), (-0.0343902, 0.00380458, 0.019534575), (-0.0149207, 0.0164992, 0.0065948954), (0.0141401, -0.0129725, 0.005683253), (0.0162881, 0.00620258, 0.0061651017), (0.0300967, 0.000147661, 0.015797036), (0.0301697, 0.000593927, 0.015495017), (-0.0284943, -0.00688072, 0.012493786), (-0.0017762, 0.0171032, 0.0032011366), (-0.0293442, -0.00305244, 0.013700236), (-0.0330968, -0.00512179, 0.017282773), (-0.0155492, 0.0153176, 0.0066414317), (-0.00161836, 0.0158766, 0.0030168884), (-0.0285623, -0.00645914, 0.012701962), (-0.0346701, 0.000906828, 0.018682918), (-0.0168731, 0.0110946, 0.0074686506), (-0.0335751, -0.00281579, 0.017069371), (0.0170882, 0.000428844, 0.007210824), (0.017114, 0.000935509, 0.006952899), (0.0170917, 0.00194961, 0.0068903062), (0.0171178, 0.00143661, 0.006835438), (0.0114156, 0.0181409, 0.0040912456), (0.0283676, 0.00972233, 0.013691437), (0.0132764, -0.0151767, 0.005800678), (0.0240182, -0.0152129, 0.01137699), (0.015936, 0.00858897, 0.006966978), (0.0284538, 0.00955185, 0.013744732), (-0.00106546, -0.0159807, 0.0033291571), (-0.0310314, -0.0095647, 0.014953477), (-0.00026764, -0.00375636, 0.0031047156), (0.0307912, 0.0143852, 0.014583131), (-0.0166493, -0.00639908, 0.006802801), (-0.00588843, 0.0260338, 0.0025533198), (-0.00718351, 0.0256678, 0.002960456), (0.0310333, -0.0108127, 0.017183347), (-0.00155618, 0.02671, 0.0017171003), (0.00292535, 0.025744, 0.0017004537), (0.00102938, 0.0267966, 0.0015496099), (0.0219902, 0.0217529, 0.0067600403), (0.0224954, 0.0212601, 0.0068863896), (0.0196335, 0.0204921, 0.0055212686), (0.0285474, 0.00926131, 0.013699258), (0.0328233, 0.00957678, 0.01698075), (0.034133, 0.00528662, 0.018804401), (-0.0128422, -0.0193109, 0.0040665343), (0.0288259, -0.00575383, 0.015282815), (0.0124841, -0.0163363, 0.005888918), (0.0224476, -0.0166929, 0.010624632), (-0.021135, 0.0200296, 0.009595796), (-0.0206106, 0.0214014, 0.008070597), (-0.0060666, 0.026221, 0.0025425204), (-0.00160648, -0.026445, 0.0011104482), (-0.000213772, -0.0264674, 0.0013275669), (-0.0313537, -0.00933628, 0.015389666), (-0.0325882, -0.00660066, 0.015617499), (-0.0335256, -0.00330731, 0.017207172), (-0.0152384, -0.0118513, 0.0050372714), (-0.000653366, -0.0127115, 0.0026209056), (-0.0303677, 0.00120155, 0.014895415), (0.0273354, 0.0170798, 0.01066463), (0.0242804, 0.015832, 0.008964045), (0.0103436, 0.0250176, 0.0017855503), (0.0113802, 0.0256768, 0.0022622216), (-0.013309, 0.0202472, 0.0056961877), (-0.0226813, 0.0191408, 0.010113604), (0.0104919, 0.0191934, 0.0027583593), (-0.014428, -0.0151286, 0.0053682085), (-0.0287479, 0.0110465, 0.014688141), (-0.0012241, 0.0130566, 0.0032951212), (-0.0340478, 0.00492214, 0.018498251), (0.0208875, 0.0193611, 0.007067131), (-0.0174666, 0.000202623, 0.0072928155), (0.0165816, 0.0047649, 0.007092217), (0.0166877, 0.00436614, 0.0074836216), (-0.0290456, 0.0088837, 0.014549161), (-0.00086196, 0.00949435, 0.0029724143), (-0.0291194, 0.00842805, 0.014945447), (-0.0292019, 0.00804576, 0.015315383), (-0.0171639, 0.00633571, 0.00733343), (-0.0171772, 0.00588212, 0.0070951954), (0.0334594, 0.00684972, 0.01696256), (0.0161891, -0.00643997, 0.0076313666), (0.0280642, -0.00929486, 0.013950032), (0.015404, -0.0106007, 0.007214079), (0.0152337, -0.0108857, 0.007281231), (0.0227492, -0.0164189, 0.010976595), (-0.0265192, 0.0141548, 0.01239829), (-0.013699, -0.0165406, 0.0038373733), (-0.014271, -0.0153512, 0.005131538), (-0.0135946, -0.0169979, 0.0036266763), (-0.0135287, -0.0175038, 0.0036118), (-0.000580849, -0.0105332, 0.0037287665), (-0.000524694, -0.0100466, 0.003444576), (0.0102512, 0.019618, 0.0025251962), (0.0158728, -0.00898695, 0.0065412205), (0.0166268, -0.00349841, 0.0067988513), (-0.01312, 0.020419, 0.005627646), (-0.0334392, 0.00785579, 0.018947951), (0.0310649, 0.0138589, 0.014552698), (-0.00114827, 0.0127049, 0.0036425616), (-0.00130596, -0.0190274, 0.0020834764), (-0.00120526, -0.0184635, 0.0019182333), (-0.00476988, -0.0265651, 0.0015176057), (-0.00461626, -0.026597, 0.0014216929), (-0.00368374, -0.026653, 0.00142879), (-0.00456304, -0.0264725, 0.0016975622), (-0.0131041, 0.0205198, 0.00606255), (-0.0128624, 0.0208076, 0.0058689965), (-0.0206754, 0.0203988, 0.00966409), (-0.0211475, 0.0201115, 0.010033449), (-0.0338614, 0.00603446, 0.018530546), (-0.0337988, 0.00634484, 0.018691884), (-0.0245181, -0.0145694, 0.010324448), (-0.0247378, -0.0142613, 0.01057264), (-0.0281864, -0.0139729, 0.012747832), (-0.0279326, -0.0142738, 0.012457), (-0.0151959, -0.0124195, 0.0052988376), (-0.0259954, -0.0115548, 0.010573303), (-0.0257965, -0.0119004, 0.010458524), (-0.0150964, -0.0127614, 0.00528296), (0.00884712, 0.0258931, 0.0023968222), (0.00795966, 0.0262202, 0.0023877693), (0.00365382, 0.0253659, 0.0019997726), (0.00418896, 0.024868, 0.0017792603), (-0.00200939, -0.0236656, 0.0017157366), (0.00520972, -0.0247403, 0.002708297), (0.00580231, -0.0241795, 0.0025803598), (-0.00191077, -0.0232265, 0.001593937), (0.0137625, -0.0138978, 0.0058949697), (0.0139371, -0.013539, 0.005920968), (-0.000733595, -0.0132715, 0.002916759), (-0.000770232, -0.0136158, 0.0029456986), (0.0143158, -0.0230624, 0.0054995553), (0.0159671, -0.0235064, 0.005986007), (0.0167254, -0.0231493, 0.006594014), (0.015144, -0.0226352, 0.0062531405), (-0.0208228, -0.0188464, 0.0075977435), (-0.0213402, -0.0183579, 0.007732876), (-0.0242438, -0.0180949, 0.0092617795), (-0.0236403, -0.0185873, 0.009036215), (0.0130582, -0.0237307, 0.0046300855), (0.014594, -0.0241889, 0.0052716625), (0.015293, -0.0238361, 0.0055649653), (0.0136523, -0.0234096, 0.00497863), (0.016832, 0.00401347, 0.008199437), (-0.000384287, 0.00323169, 0.0047764587), (-0.000372148, 0.00290919, 0.0047190893), (0.016886, 0.00366984, 0.008181548), (0.0317786, 0.0119416, 0.015209812), (0.0319481, 0.0116029, 0.015603356), (-0.0171739, 0.0057274, 0.0075094844), (-0.0296256, 0.00594784, 0.015056846), (-0.0296775, 0.00566642, 0.0150196655), (-0.017197, 0.00542864, 0.007454145), (0.0342673, 0.00518804, 0.019369334), (0.0343674, 0.00483786, 0.019433782), (-0.0283201, -0.0082459, 0.013220939), (-0.0284545, -0.00770843, 0.013052972), (-0.032522, -0.00743493, 0.016104832), (-0.0323609, -0.00797749, 0.016233748), (-0.0163715, -0.00958049, 0.007034178), (-0.000596563, -0.0102905, 0.004117138), (-0.000537515, -0.00976211, 0.0038205737), (-0.0164431, -0.00904495, 0.0067853555), (-0.00294923, 0.0226952, 0.001964736), (-0.00302314, 0.0229658, 0.0018603315), (-0.01148, 0.0224026, 0.003992734), (-0.011712, 0.0221184, 0.0041819005), (0.0339706, -0.00197195, 0.018841086), (0.0338674, -0.0024258, 0.018582435), (0.0344903, 0.000335197, 0.01999047), (0.034418, -0.0000160144, 0.02001821), (-0.0281374, 0.0117842, 0.015160855), (-0.0279296, 0.0120622, 0.014942032), (-0.0318492, 0.012009, 0.018043196), (-0.0320922, 0.0117407, 0.018308595), (0.00737221, -0.0227568, 0.0031598909), (0.00784755, -0.0223495, 0.003679283), (-0.0158623, 0.0139343, 0.006635898), (-0.0157644, 0.014234, 0.0066372277), (-0.0264895, 0.0140484, 0.012794338), (-0.0266895, 0.0137623, 0.012881064), (0.0246342, -0.0184391, 0.011427713), (0.0243165, -0.0188069, 0.011124451), (0.0137737, -0.0246132, 0.005061448), (0.0127253, -0.025162, 0.004898627), (0.0131756, 0.023885, 0.0031288841), (0.0141044, 0.0236508, 0.003805433), (0.0166018, 0.0238815, 0.004593528), (0.0155565, 0.0241015, 0.0038168028), (-0.00754472, 0.0261467, 0.0033607315), (-0.00601176, 0.0264167, 0.002907869), (-0.00579829, 0.0265121, 0.0028185004), (-0.00817321, 0.0261381, 0.0035060274), (-0.00123295, 0.0268509, 0.0020667054), (0.000458607, 0.0268731, 0.001970847), (0.00107433, 0.0269747, 0.0018984851), (-0.00151713, 0.0269007, 0.0020597929), (0.00687696, 0.022936, 0.002407019), (0.00746661, 0.0226544, 0.0028864967), (0.0247684, 0.0197945, 0.009785157), (0.0251847, 0.0195302, 0.010292632), (-0.0268696, 0.0180135, 0.012856494), (-0.026497, 0.0183731, 0.012757209), (0.0255264, 0.0192668, 0.010620097), (0.0305773, 0.0146084, 0.01491171), (0.0308723, 0.014201, 0.015007369), (-0.0336913, -0.00245363, 0.017524403), (-0.033777, -0.00216331, 0.017697982), (-0.000536508, 0.0058024, 0.0035803295), (-0.000554336, 0.00618069, 0.0037608135), (-0.0171508, 0.00607001, 0.007698019), (-0.000968581, 0.0112096, 0.0037953234), (-0.000943181, 0.0107123, 0.0034976492), (0.0149997, 0.0122476, 0.0060778377), (0.0148493, 0.012781, 0.006295142), (-0.0102437, -0.0221404, 0.0023793087), (-0.00184891, -0.0228739, 0.0015911494), (-0.00180918, -0.0225578, 0.001710711), (-0.0105173, -0.0218078, 0.0025616891), (0.0284147, 0.00981802, 0.01415375), (0.0159187, 0.00882731, 0.00741888), (0.0159822, 0.00848648, 0.0074144676), (0.0285122, 0.0094689, 0.014207074), (-0.0227469, 0.0205571, 0.0106988475), (-0.0233658, 0.0202533, 0.011322584), (0.0295025, -0.0126901, 0.015413297), (0.029154, -0.0131247, 0.014936063), (-0.0128799, -0.01913, 0.0044832504), (-0.0131898, -0.0185209, 0.004326012), (-0.0249764, -0.0174389, 0.0094573), (-0.0256264, -0.0167869, 0.009614298), (0.0166418, -0.0218418, 0.0075765494), (0.018618, -0.0222788, 0.008336051), (0.0193774, -0.021917, 0.008982846), (0.017237, -0.0215029, 0.007965945), (0.0207382, -0.0212255, 0.009824319), (0.0200515, -0.021583, 0.00945711), (0.000982206, -0.0269387, 0.0018240506), (-0.000341551, -0.0269083, 0.0015417436), (-0.000490699, -0.0269308, 0.0014423149), (0.00155075, -0.027, 0.0018416101), (-0.0249299, -0.0139154, 0.01068174), (-0.0284137, -0.0136349, 0.012901518), (-0.0277546, -0.00954567, 0.013246533), (-0.0279597, -0.00920583, 0.013372285), (-0.0319345, -0.00893633, 0.016286137), (-0.031697, -0.00926692, 0.01611117), (-0.00178274, -0.0218319, 0.0023767906), (-0.00177427, -0.0214337, 0.002784097), (-0.0296767, -0.0112512, 0.013050686), (-0.0294459, -0.0116044, 0.012889808), (0.021621, -0.0179966, 0.0097269695), (0.0249881, -0.0180312, 0.011892576), (0.0220072, -0.0175092, 0.010328762), (0.0176442, 0.0236636, 0.005395462), (-0.0145636, 0.0181436, 0.005719995), (-0.0144737, 0.0184495, 0.00571311), (-0.0237051, 0.0181187, 0.010665577), (-0.0238972, 0.017824, 0.010750234), (-0.0314352, -0.0095648, 0.015796263), (-0.00570731, -0.0261657, 0.0020392884), (-0.00255207, -0.0263357, 0.0019447085), (-0.00252748, -0.0260184, 0.0021713572), (-0.00680151, -0.0257174, 0.0023762393), (-0.00308008, 0.0232753, 0.0018758905), (-0.00313025, 0.02367, 0.00201176), (-0.0109322, 0.0231217, 0.003955386), (-0.011233, 0.0227209, 0.003921589), (-0.00157069, -0.0199782, 0.0030078827), (-0.00145143, -0.0194041, 0.0027500754), (-0.0290158, 0.00945558, 0.014693462), (-0.0289705, 0.00974331, 0.014598143), (-0.0330644, 0.0097576, 0.017924203), (-0.0331213, 0.00946729, 0.01803188), (-0.0306172, 0.0134237, 0.015954752), (-0.0303844, 0.0137052, 0.015696017), (0.0213657, 0.0194805, 0.00798306), (0.0208809, 0.0197938, 0.007330781), (0.0114185, 0.0185204, 0.0044093207), (0.0116647, 0.0182289, 0.0047216187), (-0.0281905, 0.0163696, 0.014814841), (-0.0278743, 0.016745, 0.014219736), (0.0299313, 0.00453595, 0.015836125), (0.016943, 0.00326259, 0.008034794), (0.0300218, 0.00410815, 0.015751231), (0.0283012, 0.0101388, 0.0139641315), (0.0158421, 0.00914699, 0.0072922837), (0.0292762, 0.00644587, 0.014264491), (0.0294493, 0.00601283, 0.014781115), (0.0338252, 0.00629367, 0.018257024), (0.0336332, 0.00672554, 0.017698964), (-0.0344255, 0.00388224, 0.019943334), (-0.0343284, 0.00422315, 0.019687869), (0.0321666, 0.011201, 0.0161847), (0.0323831, 0.0108016, 0.01676497), (0.0344692, 0.00441039, 0.019374905), (0.0345881, 0.00384561, 0.019202441), (-0.0174517, 0.00291853, 0.008637411), (-0.017424, 0.00322011, 0.008697123), (-0.0169897, 0.00865819, 0.0079421615), (-0.000699205, 0.0085183, 0.0043145856), (-0.000753298, 0.00894237, 0.0039534816), (-0.0169694, 0.00908235, 0.007589867), (0.0157444, 0.00949146, 0.007019976), (-0.000660348, 0.00817258, 0.0045300056), (-0.0302853, 0.00291524, 0.016250608), (-0.0302261, 0.0032215, 0.016423598), (-0.0345704, 0.00333644, 0.020025933), (-0.0346373, 0.00304759, 0.019864086), (-0.0168353, -0.00604628, 0.007803398), (-0.00041354, -0.00656781, 0.004559984), (-0.0004047, -0.00624019, 0.004639219), (-0.0168685, -0.00574159, 0.007909213), (-0.0287217, 0.0107654, 0.015009224), (-0.0325641, 0.011161, 0.018449131), (-0.0327699, 0.0107648, 0.01828659), (-0.0288556, 0.0103548, 0.014774261), (-0.000333041, 0.00159033, 0.0038688786), (-0.000321703, 0.00121878, 0.0036754317), (0.0170704, 0.0022232, 0.007480472), (0.0170088, 0.00274176, 0.0077590127), (0.0288426, 0.00791523, 0.013769595), (0.0287292, 0.0084777, 0.013955103), (0.016194, 0.00701435, 0.0067676795), (0.0162568, 0.00660437, 0.0066325865), (0.0124267, -0.0165647, 0.006269692), (0.012597, -0.016221, 0.0064221825), (-0.00111315, -0.0159056, 0.0038231043), (-0.00114045, -0.0162296, 0.0037204179), (0.016318, 0.00626627, 0.0066225757), (-0.000516601, 0.00548157, 0.0035293656), (0.0153675, 0.0106546, 0.005871449), (-0.000855269, 0.00970303, 0.0033736841), (-0.000810748, 0.00936241, 0.0035928355), (0.0154705, 0.0103177, 0.006147326), (0.0296175, 0.00557828, 0.015293027), (0.0297444, 0.00521963, 0.0156245185), (0.034158, 0.00551175, 0.01917387), (0.0340163, 0.00586445, 0.018812057), (0.0167702, 0.00434269, 0.008086664), (-0.000396929, 0.00355384, 0.0047069076), (-0.0169435, 0.00971227, 0.0073050046), (-0.01693, 0.010013, 0.0073525826), (-0.0289288, 0.0100274, 0.014632648), (0.0347018, 0.00327868, 0.019024223), (0.0347817, 0.00283202, 0.018941551), (0.0156072, 0.00990614, 0.0065837544), (0.0166908, 0.00470522, 0.007831923), (-0.00041553, 0.00391578, 0.004503045), (0.0327759, 0.00981107, 0.017434077), (0.0328856, 0.00938043, 0.017390408), (-0.009059, -0.0242435, 0.0027327456), (-0.00230494, -0.0248353, 0.002190551), (-0.00215458, -0.0242486, 0.001952923), (-0.00945525, -0.0236062, 0.0025717963), (-0.01336, 0.0202041, 0.0061363727), (-0.0136523, 0.0198183, 0.0060995803), (-0.002318, 0.0204936, 0.0031424896), (-0.00236058, 0.0208853, 0.0032878914), (-0.0135958, -0.0174749, 0.004072072), (-0.00125297, -0.0184026, 0.002353995), (-0.00120497, -0.0180551, 0.0023379943), (-0.0136833, -0.0171275, 0.0040908884), (-0.0165691, -0.00748922, 0.006475774), (-0.0286336, -0.00669913, 0.0131265065), (-0.0285654, -0.00698643, 0.0129714245), (-0.0165356, -0.00778997, 0.0063647493), (0.00698721, -0.0230928, 0.0028176834), (-0.00179228, -0.0222283, 0.0019682962), (-0.0301706, 0.00349986, 0.016462967), (-0.0345025, 0.00360108, 0.020050395), (0.0163893, 0.00594464, 0.006742054), (-0.000497401, 0.00516901, 0.0036032414), (-0.000471462, 0.00481264, 0.0038094732), (0.016473, 0.00558969, 0.0070016105), (0.0342374, -0.000825409, 0.01966517), (0.0341037, -0.00139639, 0.019253267), (-0.0329263, 0.0103648, 0.018079001), (-0.0290016, -0.00567504, 0.014411791), (-0.0290984, -0.00537348, 0.01472119), (-0.0332683, -0.0051306, 0.017951848), (-0.0331578, -0.0054207, 0.017620338), (-0.0302017, -0.000054753, 0.01593915), (-0.0302715, 0.000427975, 0.015698493), (-0.0346276, 0.000583049, 0.019282972), (-0.0345469, 0.000100953, 0.01949928), (0.0194075, 0.020963, 0.00583768), (0.0101247, 0.0200709, 0.0029430403), (0.0103139, 0.0197568, 0.002976748), (0.0197023, 0.0206494, 0.0059739384), (-0.0160603, 0.0133304, 0.007018594), (-0.0159564, 0.0136483, 0.0067586354), (-0.0268872, 0.0134832, 0.013094941), (-0.0271152, 0.0131681, 0.013463517), (-0.0251278, -0.013481, 0.01067333), (-0.0253601, -0.0129081, 0.010567976), (-0.0289271, -0.0126259, 0.012892474), (-0.0286483, -0.0132036, 0.012940715), (0.0096673, -0.0255958, 0.004093779), (0.0107855, -0.0250528, 0.0042037033), (0.0114669, -0.0256981, 0.0046848776), (0.0100167, -0.0260848, 0.0043222983), (-0.0239137, 0.0199719, 0.011771388), (-0.0101141, 0.0241963, 0.004194118), (-0.0145208, 0.0242677, 0.0060322066), (-0.0153031, 0.0238409, 0.0062439614), (-0.0105439, 0.0236555, 0.004081416), (0.0150338, 0.0234142, 0.0045034247), (0.00792026, 0.022407, 0.0032030472), (-0.0158967, -0.0235677, 0.004456998), (-0.0168349, -0.0228753, 0.004571781), (0.00467856, 0.0243646, 0.0015650461), (0.010441, -0.019898, 0.0047308225), (0.0185558, -0.0206987, 0.008457091), (0.019451, -0.0201276, 0.008650372), (0.0109563, -0.0193341, 0.004621086), (0.0247725, -0.0138956, 0.01173722), (0.0281673, -0.0143445, 0.014347234), (0.0285345, -0.0138965, 0.01444128), (0.02505, -0.0135195, 0.011871961), (0.00244755, 0.0260083, 0.0021423532), (-0.00333633, 0.0254499, 0.0026851557), (-0.00328254, 0.0251215, 0.0026469156), (0.00312572, 0.0257264, 0.0021128298), (-0.0146888, -0.0241444, 0.004168291), (-0.0261989, -0.0159545, 0.00985515), (-0.0264505, -0.0156381, 0.0101413205), (-0.00208225, 0.0184754, 0.0025367304), (-0.0021442, 0.018759, 0.0024376402), (-0.0146449, 0.0178613, 0.0058469814), (0.0345636, 0.00072664, 0.019824954), (0.0336193, -0.00359946, 0.018633984), (0.0335066, -0.00411115, 0.018899884), (-0.000713845, -0.0129491, 0.0030132157), (0.0141008, -0.0131939, 0.0060680667), (-0.0170509, 0.00759063, 0.008577801), (-0.0293445, 0.007652, 0.016031265), (-0.0293959, 0.00736969, 0.015998362), (-0.0170716, 0.00728749, 0.0085260365), (0.0120443, 0.0176227, 0.0049222587), (-0.00160854, 0.0165348, 0.0038331547), (-0.00157358, 0.0161431, 0.0036798716), (0.0122361, 0.0172204, 0.0048394245), (0.0326667, 0.0101546, 0.017356398), (-0.0165394, -0.0215086, 0.004156712), (-0.0160667, -0.0219058, 0.0039808354), (-0.0100004, -0.022514, 0.002329027), (0.0327253, -0.00728311, 0.018016618), (0.0326137, -0.00772672, 0.017735565), (0.0118637, 0.0179436, 0.004886163), (-0.00164734, 0.0168532, 0.0038606448), (-0.0348302, 0.00175086, 0.018973682), (-0.0348237, 0.00203195, 0.019059578), (-0.000294729, -0.00263247, 0.0041757943), (0.0167214, -0.0027393, 0.007531836), (0.0167844, -0.00222374, 0.007880197), (-0.000302326, -0.00217061, 0.0045194738), (-0.00583373, 0.0262353, 0.0029431349), (-0.00712378, 0.0258306, 0.0033580943), (-0.0034726, 0.0260887, 0.0025821247), (-0.00356951, 0.0264004, 0.0024877083), (-0.0118959, 0.0251798, 0.0049481457), (-0.00988337, 0.0256931, 0.0041514337), (-0.0108826, 0.0256446, 0.004467594), (-0.0132042, 0.0250964, 0.005444886), (0.0105674, 0.0249456, 0.002240298), (0.011232, 0.0245897, 0.0022651756), (0.0133622, 0.0247993, 0.0027524915), (0.012606, 0.025152, 0.0026672161), (0.0230278, 0.0176744, 0.0088692205), (0.0234089, 0.0171371, 0.008836985), (0.0270603, 0.0174765, 0.01099847), (0.0266298, 0.0180222, 0.010956388), (0.011829, 0.0243208, 0.002401812), (0.00544466, 0.0237032, 0.0014899811), (0.00582652, 0.0234554, 0.0016396767), (0.0124459, 0.0240973, 0.002676588), (-0.0285448, 0.0111758, 0.015211149), (-0.0323352, 0.0114729, 0.01845121), (0.0165838, 0.00514829, 0.00741812), (-0.000442354, 0.00436557, 0.004156456), (0.0286124, 0.00903926, 0.014138205), (0.033017, 0.00881097, 0.017239861), (-0.0295263, -0.00238935, 0.0143213775), (-0.0296279, -0.00208147, 0.014629326), (-0.0338925, -0.0018593, 0.01803458), (-0.0327362, -0.00641612, 0.016239608), (-0.032658, -0.00670492, 0.016063213), (-0.0259795, -0.0163156, 0.009715069), (-0.0255934, -0.012335, 0.010462781), (-0.029207, -0.0120449, 0.012846393), (0.011445, -0.0185441, 0.004607014), (0.0112575, -0.0188987, 0.0045698965), (0.0207371, -0.0191123, 0.008926254), (0.0210304, -0.0187446, 0.009062518), (-0.0230088, -0.0162613, 0.008009805), (-0.0232267, -0.0159505, 0.008252844), (0.0205207, 0.0226485, 0.0068847705), (0.0213605, 0.022164, 0.007052787), (-0.0203473, -0.0192357, 0.0073689725), (-0.023087, -0.018976, 0.008730118), (-0.0173765, 0.0223636, 0.006566582), (-0.0188662, 0.0226483, 0.0074894177), (-0.0195145, 0.0222416, 0.007699279), (-0.0178525, 0.0220417, 0.006786286), (0.0169618, 0.0227068, 0.005551309), (0.017594, 0.0223471, 0.005672857), (0.0198062, 0.0229968, 0.00667626), (-0.0187184, -0.0212812, 0.004997015), (-0.0181699, -0.021692, 0.0047595445), (-0.0170429, -0.0211555, 0.004474682), (-0.0193003, -0.020914, 0.005380838), (-0.0149342, -0.0230647, 0.0039334693), (-0.0155553, -0.0224046, 0.00391422), (-0.0175691, -0.0222045, 0.0046297763), (0.00505004, -0.0266469, 0.0029067593), (0.00305038, -0.0268867, 0.0023354422), (0.00394322, -0.0269735, 0.002450439), (0.00623248, -0.0267371, 0.0031374577), (0.00681716, 0.0264678, 0.002281833), (0.0096447, 0.0263939, 0.0026091784), (0.00835237, 0.0266281, 0.0024296981), (-0.00809277, -0.0260787, 0.0022637679), (-0.0100249, -0.0255027, 0.002827215), (-0.0111816, -0.025415, 0.0030402911), (-0.00896078, -0.0260354, 0.0023631286), (-0.00607418, -0.0264188, 0.0017781325), (-0.00662195, -0.0263983, 0.0017866076), (0.00514946, 0.0266989, 0.0021022637), (0.00645842, 0.0268472, 0.0021617992), (0.0303282, 0.00220642, 0.01522744), (0.0303063, 0.0018559, 0.015305516), (0.0347881, 0.00209349, 0.019021418), (0.0348146, 0.00245719, 0.01894293), (-0.0206027, 0.0216159, 0.008400104), (-0.0200649, 0.0219147, 0.007986352), (0.00944009, -0.0209019, 0.0048477747), (0.00906601, -0.0212602, 0.004760735), (0.0178467, -0.0211408, 0.008246471), (0.0220475, 0.0189312, 0.00871119), (0.0223346, 0.0186159, 0.008859587), (0.0258491, 0.0189609, 0.010819687), (0.00865979, 0.0218615, 0.0034252468), (0.00903913, 0.0214822, 0.0033607187), (0.02327, -0.015892, 0.011739531), (0.0265379, -0.0162748, 0.0140046505), (0.0268574, -0.0159075, 0.014189621), (0.0236051, -0.0154534, 0.011778325), (0.0302633, 0.0149228, 0.014683168), (0.0346436, 0.00120813, 0.01951601), (0.0291439, 0.00680237, 0.013927592), (-0.0336529, 0.00710545, 0.019276239), (-0.0335896, 0.00740828, 0.019429015), (0.0270474, 0.0132772, 0.012083423), (0.0268047, 0.0138302, 0.012175215), (0.0151266, 0.0117152, 0.0058516315), (-0.0167022, -0.00677117, 0.0071407845), (-0.0167794, -0.00637473, 0.0075501255), (-0.028867, -0.0060365, 0.013926017), (-0.0287306, -0.00639751, 0.013438093), (0.0162297, -0.00635069, 0.008214238), (0.0288299, -0.00590697, 0.015693469), (0.0289109, -0.00553967, 0.015807025), (0.0162792, -0.00600051, 0.008299866), (0.021538, -0.0207896, 0.010141162), (0.0256061, 0.0151467, 0.011186004), (0.0259655, 0.0148539, 0.011662732), (0.0299317, 0.0152005, 0.014323558), (0.0295297, 0.0154836, 0.01377718), (0.0240054, 0.0164075, 0.009044741), (0.0130701, 0.0154453, 0.0044056466), (0.0132628, 0.0151566, 0.004570094), (0.024308, 0.016123, 0.009337882), (0.00838042, -0.0259903, 0.0038427885), (0.00829662, -0.0264045, 0.0038021652), (0.0202666, -0.0195559, 0.008817983), (0.0225443, -0.0202164, 0.010469338), (0.0234612, -0.019638, 0.010762382), (0.023989, -0.0191872, 0.01094295), (-0.0291855, 0.0151865, 0.015634395), (-0.0289088, 0.0155175, 0.0156008005), (-0.00480903, 0.0265472, 0.002626264), (-0.00449151, 0.0267002, 0.002493373), (0.00974322, 0.0254244, 0.0023145066), (0.0116683, 0.0256231, 0.0026702536), (0.0106482, 0.026081, 0.002681256), (0.0157596, 0.0232025, 0.005002091), (0.0184587, 0.023467, 0.005977107), (-0.00823735, 0.0254053, 0.0037461855), (0.00628743, 0.0232145, 0.0019384933), (0.00301021, 0.0268523, 0.0019593525), (0.000211297, 0.0264914, 0.0021083232), (0.00146484, 0.0262705, 0.0021224963), (-0.0108583, -0.0214644, 0.0028973634), (-0.0113068, -0.0210562, 0.0034138656), (-0.0176533, -0.0207925, 0.004977944), (-0.00911366, 0.0249896, 0.0040448694), (-0.018317, 0.0217506, 0.0071300636), (-0.0272464, -0.0101687, 0.012547914), (-0.0275288, -0.00985041, 0.012984671), (-0.0311118, -0.00987554, 0.015300645), (-0.0160962, 0.0232992, 0.006349752), (-0.0168157, 0.0227659, 0.0064310534), (0.00686211, -0.0263144, 0.0034452043), (0.00372629, -0.0257108, 0.0028178582), (-0.0148119, -0.0143028, 0.005845723), (-0.0149084, -0.0137434, 0.005618033), (-0.0119685, 0.0218209, 0.004517055), (-0.0188368, 0.0214438, 0.007642349), (-0.0122839, 0.0214666, 0.005022963), (0.0144973, -0.0123274, 0.0068018096), (0.0256268, -0.0127337, 0.012544845), (0.0260103, -0.0122077, 0.013154734), (0.0147157, -0.0118442, 0.0072478224), (-0.00271027, 0.0220895, 0.002585502), (-0.00284758, 0.0224172, 0.0022025898), (-0.0212126, 0.0213019, 0.008997037), (-0.0194892, 0.0210757, 0.008380711), (-0.0216316, 0.0198028, 0.0102886185), (0.0262614, 0.0145653, 0.011964949), (0.0145165, 0.0135117, 0.0063476856), (0.014688, 0.013184, 0.006386124), (0.0265423, 0.0142412, 0.01213601), (0.0169735, -0.00059707, 0.008440915), (0.0300455, 0.000103285, 0.016314376), (0.030108, 0.000496457, 0.01613554), (0.0170116, -0.000208546, 0.008246067), (0.0159769, -0.00813999, 0.007023486), (0.028387, -0.00784024, 0.0143425), (0.0284845, -0.00741416, 0.014604002), (0.0160324, -0.00774624, 0.007248979), (-0.0165196, -0.00811486, 0.006386202), (-0.0285223, -0.00730655, 0.012959358), (-0.0164955, -0.00851569, 0.006527989), (0.0263946, -0.0116794, 0.013766217), (0.0299399, -0.0121478, 0.01609916), (0.0303779, -0.0116092, 0.016788688), (0.0267001, -0.0112566, 0.014182746), (0.0155983, -0.00977941, 0.007351157), (0.0275201, -0.0100762, 0.0145831155), (0.0278201, -0.00953399, 0.014465758), (0.0157693, -0.00924947, 0.007104045), (0.0272496, 0.0127179, 0.011965981), (0.0152121, 0.0113042, 0.0057356115), (0.0292804, -0.00375321, 0.015089444), (0.0293584, -0.00334684, 0.014934174), (0.0301271, 0.00355505, 0.015546719), (-0.0173909, 0.00352576, 0.008628921), (-0.0173516, 0.00388148, 0.008424527), (-0.000411027, -0.00817428, 0.0034019765), (-0.000409091, -0.00781858, 0.003621376), (-0.017012, 0.00823365, 0.008293714), (-0.0292282, 0.00827531, 0.015700022), (-0.029291, 0.00794052, 0.015935073), (-0.0170316, 0.0078904, 0.00850335), (-0.0134579, -0.017919, 0.0041575744), (-0.0013325, -0.0188338, 0.0024919708), (-0.0154738, -0.0117786, 0.00574687), (-0.0156858, -0.0113826, 0.0062155304), (-0.0265013, -0.0109269, 0.011261425), (-0.0262199, -0.0112466, 0.010830563), (0.0313338, -0.0104361, 0.017762743), (0.031031, -0.0108083, 0.017576952), (-0.0126217, -0.0195945, 0.0045372583), (-0.0123737, -0.0199675, 0.004473974), (-0.00776082, -0.0252159, 0.002639382), (-0.00850471, -0.024752, 0.0027575595), (-0.0117364, -0.0248561, 0.0033572435), (-0.020146, 0.0207069, 0.009129135), (-0.0219776, 0.0209275, 0.009841476), (0.00832241, -0.0219376, 0.0042029135), (0.0117193, -0.0245007, 0.004275675), (0.00625745, -0.0237517, 0.0025481912), (0.0132752, -0.0148765, 0.0061762915), (0.024028, -0.0148934, 0.01173954), (0.013553, -0.0143246, 0.0059837257), (-0.0225212, -0.017074, 0.007867961), (-0.0228219, -0.016613, 0.007908566), (0.0269686, -0.0108844, 0.014440819), (0.0307271, -0.0111799, 0.017266436), (0.0272382, -0.0105083, 0.014573747), (-0.00968775, 0.0246138, 0.0041900584), (-0.024083, 0.0175456, 0.010957641), (-0.027696, 0.0123793, 0.014570544), (-0.0312276, 0.012711, 0.016995464), (-0.0315725, 0.0123194, 0.017617544), (-0.00100416, -0.0151325, 0.00365208), (-0.000913999, -0.0145822, 0.0033755114), (0.0159241, -0.00848568, 0.0069303657), (0.0283022, -0.00820599, 0.014219531), (-0.000701148, -0.0121668, 0.003621461), (0.0142771, -0.0128095, 0.006355142), (-0.000700066, -0.0117323, 0.003997361), (-0.0335133, -0.00366704, 0.01782256), (-0.0335681, -0.00315967, 0.017595023), (0.029038, 0.00713012, 0.013746287), (-0.0172205, 0.00512815, 0.007524079), (-0.029736, 0.0053751, 0.015113482), (-0.0298113, 0.00502955, 0.015349808), (-0.0172535, 0.00477828, 0.007729278), (-0.0171624, -0.00227329, 0.007719047), (-0.017081, -0.00268374, 0.0073211403), (0.0152848, 0.010967, 0.00573935), (-0.000888492, 0.0100075, 0.0032905408), (-0.0169171, -0.00452409, 0.0074425195), (-0.0169052, -0.00502604, 0.007730092), (-0.000337256, -0.00500523, 0.0041009355), (-0.000307387, -0.0045036, 0.003785754), (0.0302486, 0.00146488, 0.01549204), (0.0347235, 0.00169431, 0.01920278), (-0.028146, -0.00878774, 0.013362007), (-0.0168318, 0.0108143, 0.007811789), (-0.0168987, 0.0103653, 0.007523352), (-0.00172611, -0.0268719, 0.0012929053), (-0.00255755, -0.0268099, 0.0012656644), (-0.00030392, -0.00075872, 0.0045372564), (-0.000301834, -0.000278919, 0.0042060497), (-0.0174136, -0.000524154, 0.008272219), (0.0171351, 0.00147417, 0.007289658), (-0.000313429, 0.000897105, 0.0036138531), (-0.000306011, 0.000573715, 0.0036772431), (0.017124, 0.00113503, 0.0073667304), (-0.00178016, 0.0174515, 0.0035306306), (-0.00170151, 0.0171447, 0.003763264), (-0.0166239, -0.00716707, 0.006731002), (-0.000412053, -0.00737387, 0.0039827875), (-0.017382, -0.000902204, 0.008434069), (-0.000304867, -0.0011416, 0.004730874), (-0.000633348, 0.0078601, 0.0046096994), (-0.000916285, 0.0103276, 0.0033301557), (-0.0304439, 0.00186621, 0.015419878), (-0.0304073, 0.00217085, 0.015613679), (-0.034779, 0.00233052, 0.019249042), (-0.0340796, 0.00511123, 0.018861165), (-0.0339906, 0.00545897, 0.018607607), (-0.0330038, -0.00576859, 0.017100789), (-0.0328488, -0.00611816, 0.016579363), (0.0161043, -0.00724937, 0.0076211086), (0.0286089, -0.00687451, 0.015021229), (0.0161728, -0.00674972, 0.007990727), (-0.017559, 0.00141555, 0.0075653465), (-0.0304489, 0.00158487, 0.015335475), (-0.0175584, 0.00111764, 0.0074883616), (-0.017542, 0.00174902, 0.0077681234), (-0.000420779, -0.00849552, 0.0033170325), (0.0328658, -0.00672915, 0.018456353), (0.0287318, -0.00633455, 0.015435794), (-0.0294492, 0.00705068, 0.015833138), (0.0274146, 0.0170644, 0.011110097), (0.0277366, 0.0167341, 0.0113240685), (0.0124449, -0.0240772, 0.004408344), (-0.0258309, 0.0188392, 0.012584251), (0.00871134, -0.0215891, 0.004554083), (-0.0131413, -0.0247217, 0.0036938118), (-0.00147182, 0.014742, 0.002959094), (-0.00150527, 0.0151287, 0.0031156647), (-0.0156413, 0.0145964, 0.006754252), (-0.00115769, -0.0169868, 0.003085575), (0.0117995, -0.0178422, 0.0050588506), (0.0120219, -0.0173916, 0.005516438), (-0.00115429, -0.0165729, 0.0034777927), (-0.0170947, 0.00694021, 0.0083417855), (-0.0171223, 0.00650388, 0.008019811), (-0.00057406, 0.00666598, 0.004074194), (-0.000593912, 0.00715214, 0.0043870974), (-0.0150044, -0.013185, 0.00538958), (-0.0242415, -0.0148875, 0.009907583), (-0.0276145, -0.0145836, 0.011988576), (0.0225848, 0.0212698, 0.007327666), (0.0229158, 0.0209494, 0.0075111194), (-0.018443, -0.0203684, 0.0057189805), (-0.0192331, -0.0199444, 0.0064747655), (-0.021804, -0.0196835, 0.007672164), (-0.0209009, -0.0201108, 0.0068092444), (-0.0150175, 0.0245715, 0.0062773568), (-0.0162168, 0.0241487, 0.006805991), (0.0253213, -0.0131518, 0.012129622), (0.0288457, -0.0135076, 0.01462421), (0.0126986, 0.0161652, 0.0044512604), (0.012892, 0.0157651, 0.0043682936), (-0.00247957, 0.0214753, 0.003205884), (-0.00257539, 0.0217615, 0.0029687902), (-0.0126006, 0.0211095, 0.0055304277), (0.02543, -0.0175309, 0.012562976), (0.0223924, -0.0170215, 0.010932064), (0.0302281, 0.00299876, 0.015339978), (-0.000612705, 0.00753521, 0.0045644236), (0.0160463, 0.00807394, 0.007283023), (0.0322655, -0.00891924, 0.01765981), (0.0319834, -0.00946311, 0.017765373), (-0.00248406, -0.025658, 0.002305595), (0.0147347, 0.0243062, 0.0032872458), (0.016372, 0.0229775, 0.005336742), (0.0191446, 0.0232566, 0.006385134), (0.02174, 0.0192065, 0.008431835), (-0.0173011, 0.00433226, 0.008076491), (-0.0299163, 0.00458441, 0.01574056), (0.0331184, -0.00574686, 0.019168323), (0.0330099, -0.00617653, 0.01889552), (-0.0292167, -0.00477155, 0.014883974), (-0.0292578, -0.00438554, 0.014765535), (-0.0334585, -0.00416974, 0.018048747), (-0.0334072, -0.00455056, 0.018149992), (-0.0171156, 0.0237208, 0.007108454), (-0.0180305, 0.0231813, 0.0073113), (0.0343388, -0.000383373, 0.019915562), (-0.000415534, -0.00692983, 0.0043444154), (-0.0140018, 0.0193199, 0.005957268), (-0.0221714, 0.0194297, 0.010454639), (-0.0228135, 0.018954, 0.010558231), (-0.0143073, 0.0188242, 0.0058001373), (0.0226476, 0.0182123, 0.008904243), (0.0124676, 0.0166916, 0.0046455204), (-0.00256264, -0.0265799, 0.0016616347), (-0.00144191, -0.0268343, 0.0014394256), (-0.000551187, -0.0267664, 0.0017220981), (0.0107687, 0.0191944, 0.0034469438), (-0.00199884, 0.0181761, 0.0027706944), (-0.00188857, 0.017814, 0.0031512955), (0.0110956, 0.0188586, 0.003927048), (-0.0121001, -0.0203024, 0.0042827553), (-0.0017553, -0.0210977, 0.0030378727), (-0.00171654, -0.0207735, 0.003152445), (0.00663363, -0.0234072, 0.00262163), (-0.0244654, 0.01967, 0.012106612), (-0.0250835, 0.0193055, 0.012363478), (-0.0297643, -0.00170721, 0.015107836), (-0.029904, -0.00133382, 0.01558926), (-0.0342061, -0.00113611, 0.01906668), (-0.0340498, -0.00149614, 0.01855184), (0.0105167, 0.0194792, 0.0031372344), (0.0200156, 0.0203762, 0.006242973), (0.0280763, 0.0164449, 0.011678314), (0.028485, 0.016152, 0.012220565), (-0.0161903, 0.0129344, 0.007433314), (-0.0274048, 0.0127739, 0.014016071), (-0.0163208, 0.0125384, 0.007847169), (-0.00105545, 0.0124114, 0.00429609), (-0.00102177, 0.0120926, 0.004258206), (-0.0284455, 0.0160665, 0.015219284), (-0.0167404, 0.0112663, 0.008089261), (-0.0283458, 0.0115012, 0.015255679), (-0.0148289, 0.0171858, 0.0065273345), (-0.0242904, 0.0172405, 0.011313999), (-0.0245481, 0.016865, 0.011846924), (-0.0149316, 0.0168123, 0.006944345), (-0.0291669, -0.00508674, 0.014871849), (-0.033348, -0.00485427, 0.018120667), (0.0143296, 0.0138071, 0.0061806384), (-0.00109537, 0.0127125, 0.0042080013), (-0.00241182, 0.0211968, 0.0033080655), (0.0158654, -0.00883605, 0.006959173), (-0.000442124, -0.00883201, 0.0033573431), (0.0298432, 0.00488854, 0.015796794), (-0.0337279, 0.00672514, 0.018986803), (0.0246732, 0.0158322, 0.0098092), (0.0134957, 0.0148521, 0.004885752), (0.0137999, 0.0144874, 0.0053733336), (0.0289902, -0.00517778, 0.015792446), (0.0332118, -0.00538069, 0.01929657), (0.0333008, -0.00502346, 0.019295827), (0.00830024, 0.0221542, 0.00337529), (0.0332564, 0.00779058, 0.01703883), (0.0333654, 0.00742504, 0.017114267), (-0.0162803, -0.00999416, 0.007147744), (-0.000641689, -0.0107029, 0.004281498), (-0.0146343, -0.0150788, 0.0059352876), (-0.0145218, -0.0153934, 0.005785076), (-0.000826284, -0.0140353, 0.0030978573), (-0.0147262, -0.0147329, 0.0059537), (-0.00106887, -0.0155558, 0.003800752), (-0.0301037, 0.00379197, 0.01636763), (-0.0170229, -0.00301511, 0.00707466), (-0.0294525, -0.00267927, 0.014170746), (-0.0169814, -0.00331667, 0.0069708587), (-0.0150206, 0.0165017, 0.0072078127), (-0.0303427, 0.000910948, 0.015458591), (-0.0347097, 0.00106784, 0.019064683), (0.0325409, 0.0104689, 0.017143331), (0.0221165, 0.0216642, 0.0071995733), (-0.0248109, 0.0164881, 0.012384489), (-0.0250245, 0.0161818, 0.012743723), (-0.0233832, 0.0184815, 0.010624369), (-0.029935, -0.0109372, 0.013357649), (-0.000307572, -0.00147246, 0.0047892453), (0.0169373, -0.000942512, 0.008500622), (0.0154014, -0.0103126, 0.0075875134), (-0.00241078, -0.0252854, 0.00231026), (0.0237206, 0.0167292, 0.008887588), (0.0299817, -0.000252271, 0.016353136), (-0.00339768, 0.0257718, 0.002656282), (-0.032154, -0.00852336, 0.016325796), (-0.0302587, -0.0106174, 0.013852432), (-0.0306848, -0.0102435, 0.014574258), (0.0282159, -0.00857258, 0.014222914), (0.032422, -0.00848652, 0.017587626), (0.0325187, -0.00810927, 0.0175983), (0.0297064, -0.0016189, 0.015636422), (0.0298214, -0.00106033, 0.016026044), (0.0242308, 0.0200982, 0.009057159), (-0.0270954, 0.0177139, 0.012979037), (0.000627369, -0.0266262, 0.002077601), (-0.0273131, 0.0174316, 0.013224064), (-0.00128171, 0.0266468, 0.0021507668), (-0.00249504, 0.0267585, 0.0022167591), (0.00282906, -0.0260461, 0.0026824365), (0.0140396, 0.0245291, 0.0029494269), (-0.00366111, 0.0266515, 0.002395569), (0.0302993, 0.00256903, 0.015235776), (0.0272308, -0.0154722, 0.0142849125), (0.0276993, -0.0149115, 0.01431469), (0.0229848, -0.0162643, 0.011603119), (0.0262242, -0.0166328, 0.013700717), (-0.00227515, 0.0199789, 0.0028753988), (0.0236894, 0.0204051, 0.008333138), (-0.0301415, -0.000428283, 0.016055753), (-0.0344782, -0.000266981, 0.01959693), (-0.0326051, -0.00702818, 0.016035141), (0.0334854, 0.00708551, 0.017326146), (0.0166277, -0.00349108, 0.0072461623), (0.029429, -0.0029848, 0.014905953), (0.0295035, -0.00261544, 0.015007058), (0.0166712, -0.00314277, 0.0073221317), (-0.0293949, -0.00299286, 0.014155974), (-0.016951, -0.00363652, 0.0069977455), (-0.0290743, 0.00912224, 0.014929358), (-0.0331936, 0.00913092, 0.018283173), (-0.0291506, 0.0087002, 0.015314853), (-0.0339219, 0.00575312, 0.01850174), (0.0161201, 0.00754376, 0.007025489), (0.0279603, 0.0108818, 0.013078073), (0.0281559, 0.0104769, 0.013614878), (-0.00153914, 0.0156355, 0.0033972913), (-0.0117577, -0.0206484, 0.0039359992), (-0.0259544, 0.014827, 0.012918053), (-0.026255, 0.0143896, 0.012811899), (-0.00339293, -0.0267264, 0.0012878506), (-0.0134768, 0.0246812, 0.0056200037), (-0.0225045, -0.0193242, 0.008295709), (-0.0158984, -0.0109818, 0.006683944), (-0.016057, -0.0106498, 0.0069833696), (-0.0268732, -0.0105483, 0.01190287), (0.0261998, 0.0185624, 0.01092008), (-0.0152076, 0.0159065, 0.0073379637), (-0.0151091, 0.016213, 0.0073336107), (-0.0252186, 0.0159018, 0.012953829), (-0.0254179, 0.0156109, 0.01304254), (0.0289432, 0.00748484, 0.013698203), (-0.000995887, 0.0117073, 0.004092304), (0.0316495, -0.0100051, 0.01782712), (0.0280732, -0.0089961, 0.01431545), (-0.0295747, 0.00626333, 0.015228158), (-0.00223321, 0.0194643, 0.0026066892), (0.00947748, 0.0209761, 0.0031914536), (0.0150568, -0.0110985, 0.007676594), (0.0148945, -0.0114508, 0.0075337226), (-0.0165322, 0.0119233, 0.00822876), (-0.0164313, 0.0122134, 0.008108049), (-0.0235044, -0.0156316, 0.008666653), (-0.0267693, -0.0153177, 0.010609824), (0.0183326, 0.021855, 0.0057324218), (0.0189961, 0.0213532, 0.0057764472), (0.00401492, 0.0269849, 0.0019361716), (-0.00370893, 0.0267843, 0.0023294725), (0.0171143, 0.00181743, 0.007325453), (-0.0300793, -0.000735086, 0.016041989), (-0.0344066, -0.000563755, 0.019563612), (-0.0141587, -0.0161075, 0.0050128577), (-0.0143679, -0.0157205, 0.005483864), (-0.0166368, 0.0116211, 0.008225046), (-0.0295111, 0.00665641, 0.015531266), (-0.00165888, -0.0204171, 0.003142373), (0.029592, -0.00217837, 0.015246668), (0.0276118, 0.0116217, 0.012185398), (0.0277628, 0.0112855, 0.012539741), (0.0337852, -0.00281157, 0.018470023), (-0.0347106, 0.00268941, 0.01956011), (0.0127802, -0.0158584, 0.0064541353), (0.0333956, -0.00461915, 0.01916424), (-0.0174815, 0.00258022, 0.008443417), (-0.0175137, 0.00216416, 0.008107236), (-0.000347188, 0.00206136, 0.0041995943), (-0.000360879, 0.0025323, 0.0045290412), (-0.0168903, -0.00541789, 0.007885486), (-0.00143339, 0.0144268, 0.0029253757), (-0.00069042, -0.0113773, 0.004226156), (-0.0293012, -0.00388073, 0.014518729), (-0.0147272, 0.0175563, 0.0061110547), (-0.0343218, -0.000838842, 0.019397158), (0.033145, 0.00823516, 0.017085543), (-0.034203, 0.00466543, 0.01927475), (-0.0300217, 0.00413934, 0.016130343), (-0.00291367, 0.0268443, 0.0022103128), (-0.0335283, 0.00767893, 0.019449903), (0.0163909, -0.00524432, 0.008088439), (0.0164633, -0.00473879, 0.007782778), (-0.0173454, -0.001221, 0.008462968), (-0.0300035, -0.00102312, 0.015892364), (-0.017303, -0.00152509, 0.008361629), (0.0299111, -0.000622459, 0.016261337), (-0.0275609, 0.0171211, 0.013626769), (0.0168967, -0.00129681, 0.00843296), (-0.00048006, -0.00923725, 0.00352459), (-0.0172445, -0.00186194, 0.008118172), (-0.0161776, -0.010336, 0.007132815), (-0.000366575, -0.00550761, 0.004415305), (-0.0198419, -0.0195838, 0.007009767), (-0.00323208, 0.0247251, 0.002514862), (-0.000283641, -0.00378298, 0.0035514508), (-0.000283875, -0.00345975, 0.0036242027), (0.0244465, -0.0143329, 0.0117010875), (-0.00028655, -0.00309304, 0.0038298224), (-0.0293481, -0.00337762, 0.014274916), (-0.0336244, -0.00277107, 0.017492363), (0.00987941, -0.0204657, 0.0048326915), (-0.00974791, -0.0229836, 0.0023970003), (-0.000670611, -0.0110487, 0.004315854), (-0.0199987, -0.0205423, 0.005964781), (0.0251406, 0.0154905, 0.010495724), (0.0290096, 0.0158182, 0.012998033), (0.00508021, 0.0239908, 0.001467361), (-0.0130858, -0.024307, 0.0037194802), (-0.000390066, -0.00590253, 0.0045923376), (-0.0169551, 0.0094172, 0.007380651), (0.0122433, -0.0169393, 0.0059737265), (-0.0271903, -0.0149487, 0.011296325), (-0.0219681, -0.0177112, 0.007815054), (0.0176713, -0.0227145, 0.007456232), (-0.0012348, 0.013427, 0.003613785), (-0.00115235, 0.0130362, 0.003984034), (0.0141022, 0.0141191, 0.0058643124), (0.0170528, 0.000272858, 0.007907768), (-0.000301792, 0.000198281, 0.0038731496), (-0.0303477, 0.00254293, 0.015933694), (-0.0169323, -0.0040222, 0.0071542594), (0.030179, 0.00098088, 0.015814979), (0.0170926, 0.000753004, 0.0075678583), (0.0316447, 0.012269, 0.014982959), (-0.0174528, -0.0000447683, 0.007980122), (-0.0174928, 0.00043488, 0.007686739), (-0.033014, 0.0100417, 0.017951744), (-0.0332892, 0.00870537, 0.018688409), (-0.0333867, 0.00828482, 0.019093458), (-0.0286738, 0.015797, 0.015469476), (0.0159742, -0.0222038, 0.0070219184), (0.00450766, -0.0252979, 0.002823791), (0.0203933, 0.0201069, 0.00668111), (0.00177648, -0.0263676, 0.0024148095), (-0.0298786, 0.014331, 0.015536556), (-0.0301515, 0.0139941, 0.015565518), (-0.0308856, 0.0131055, 0.016374948), (-0.0334648, 0.00795571, 0.019344542), (0.027491, 0.0119399, 0.011988427), (0.0163323, -0.00564747, 0.008259014), (0.0152234, -0.0107358, 0.0076951836), (0.00987326, 0.0204641, 0.0030200647), (-0.00256476, -0.0267404, 0.0014065666), (0.02131, -0.0183903, 0.009318252), (-0.0141319, -0.023744, 0.003907365), (-0.00219212, 0.0190745, 0.0024600143), (0.0290774, -0.00476994, 0.015647752), (0.0337064, -0.00318455, 0.018487887), (-0.00318064, 0.0241963, 0.0022641835), (0.0232678, 0.020675, 0.00783244), (0.0313759, 0.0130717, 0.014904615), (0.0311498, 0.0136404, 0.014975108), (-0.0175321, 0.000806682, 0.0075261584), (-0.0139489, -0.0164922, 0.004542966), (-0.001162, -0.0173982, 0.0026916456), (-0.000702909, -0.0125974, 0.0032444333), (0.0315263, 0.012628, 0.014896321), (0.0165857, -0.00383614, 0.0072962926), (-0.0153282, 0.0155374, 0.007221783), (0.0165328, -0.004235, 0.0074750097), (-0.015485, 0.0150654, 0.0069893985), (-0.0304083, 0.0012816, 0.015342784), (-0.00131968, 0.0138166, 0.003242537), (-0.0153151, -0.0121082, 0.00544837), (0.0273852, 0.0122882, 0.011925965), (-0.000306452, -0.0017997, 0.0047222367), (-0.0137965, -0.0168175, 0.004243098), (0.0129984, -0.0154286, 0.006370044), (-0.0295325, 0.0147584, 0.015585789), (0.0116166, -0.0182091, 0.004762832), (0.0227055, -0.0166227, 0.0113451695), (-0.0347851, 0.00144314, 0.018968863), (0.0168483, -0.00170597, 0.008227917), (0.0291776, -0.00426173, 0.015368774), (0.0258714, -0.0170327, 0.01323501), (-0.0256543, 0.0152654, 0.013027744), (-0.0238724, -0.0152585, 0.009285131), (-0.000291601, -0.00411351, 0.0036041606), (-0.00138435, 0.0141341, 0.0030170109), (-0.00117573, -0.0177369, 0.002447545), (-0.00461626, -0.026597, 0.0014216929), (-0.0249563, 0.0194189, 0.011985152), (-0.0244258, 0.0197024, 0.011753504), (-0.0243016, 0.0197099, 0.011633018), (-0.0248225, 0.0194339, 0.011860158), (-0.00453644, 0.0265012, 0.0021581906), (-0.00374846, 0.0265791, 0.0019936126), (-0.0109364, 0.0255181, 0.004121496), (-0.00822448, 0.025975, 0.0031643983), (-0.0290448, 0.0156115, 0.015378084), (-0.0287976, 0.0157716, 0.015209047), (-0.0286904, 0.0157683, 0.015085614), (-0.0289427, 0.0156219, 0.015261156), (-0.0339064, 0.00637755, 0.018751739), (-0.0339672, 0.00605853, 0.018584529), (-0.0338614, 0.00603446, 0.018530546), (-0.0337988, 0.00634484, 0.018691884), (-0.034581, -0.000263274, 0.019645808), (-0.0346515, 0.0000926059, 0.019554107), (-0.0347076, 0.0000673692, 0.019541899), (-0.0346365, -0.000269364, 0.019626895), (-0.0281864, -0.0139729, 0.012747832), (-0.0279326, -0.0142738, 0.012457), (-0.0293305, 0.0153708, 0.015457517), (-0.0292255, 0.0153921, 0.015341652), (-0.0300454, -0.0107421, 0.013204478), (-0.0303716, -0.0103615, 0.01374698), (-0.0302936, -0.0103125, 0.013642055), (-0.0299667, -0.0107075, 0.013088501), (-0.02071, 0.0215902, 0.008427093), (-0.0201751, 0.0219018, 0.0080090305), (-0.0202467, 0.0218823, 0.007979413), (-0.0207764, 0.0215505, 0.008406612), (-0.0349685, 0.00217665, 0.018931562), (-0.0349306, 0.00253523, 0.019163953), (-0.0348616, 0.00257754, 0.019048372), (-0.0348993, 0.00220225, 0.018807275), (-0.0242438, -0.0180949, 0.0092617795), (-0.0236403, -0.0185873, 0.009036215), (-0.0316772, 0.0122996, 0.017668702), (-0.0313324, 0.0126873, 0.017048117), (-0.0313929, 0.0126411, 0.017043691), (-0.0317377, 0.0122635, 0.017659971), (-0.032522, -0.00743493, 0.016104832), (-0.0323609, -0.00797749, 0.016233748), (-0.00336646, -0.0266703, 0.0011383776), (-0.00252234, -0.0267569, 0.0011172481), (-0.00254358, -0.0268067, 0.0011857436), (-0.00338325, -0.0267218, 0.0012075037), (-0.0347904, 0.00325025, 0.01978368), (-0.034722, 0.00347534, 0.019905169), (-0.0346528, 0.00350246, 0.019781783), (-0.034723, 0.00329198, 0.019671215), (-0.0342565, 0.00502974, 0.018847479), (-0.034168, 0.00542775, 0.018575627), (-0.0341396, 0.00540552, 0.018470058), (-0.0342271, 0.00498799, 0.01875041), (-0.0331269, 0.0104833, 0.018088898), (-0.0329739, 0.010902, 0.018308103), (-0.0329557, 0.0109553, 0.01822678), (-0.033109, 0.01053, 0.018003203), (-0.0335368, 0.00815049, 0.01898429), (-0.0336185, 0.00789231, 0.019208292), (-0.0336444, 0.0079149, 0.019311637), (-0.0335631, 0.00819476, 0.01907866), (-0.0318492, 0.012009, 0.018043196), (-0.0320922, 0.0117407, 0.018308595), (-0.0193971, -0.0208724, 0.0053914273), (-0.0200957, -0.02049, 0.005983693), (-0.0201392, -0.0204174, 0.005959773), (-0.0194422, -0.0208146, 0.0053559938), (-0.0229366, 0.0204198, 0.010662029), (-0.0221598, 0.0207672, 0.009815682), (-0.0221348, 0.0207023, 0.009739438), (-0.0229126, 0.0203637, 0.010578856), (-0.0317538, 0.0122172, 0.017602094), (-0.0314071, 0.0125874, 0.016989108), (-0.0313808, 0.0125324, 0.01690155), (-0.0317273, 0.0121705, 0.0175088), (-0.0285505, 0.0159348, 0.01496957), (-0.0284422, 0.0159182, 0.014848672), (-0.00244035, -0.0263818, 0.0010809636), (-0.00327573, -0.0262984, 0.0011005913), (-0.00579829, 0.0265121, 0.0028185004), (-0.00817321, 0.0261381, 0.0035060274), (-0.00450061, -0.0261799, 0.0012198274), (-0.00650083, -0.0260067, 0.0015423367), (-0.00883712, -0.0256952, 0.0020573922), (-0.0229898, -0.0188442, 0.008292301), (-0.0235708, -0.018611, 0.00862138), (-0.026603, 0.0183878, 0.0127967745), (-0.0269823, 0.0180195, 0.012898363), (-0.0268696, 0.0180135, 0.012856494), (-0.026497, 0.0183731, 0.012757209), (-0.0257806, -0.0167929, 0.009602306), (-0.0261281, -0.0162904, 0.009695612), (-0.026133, -0.0162847, 0.009612452), (-0.0257918, -0.0168108, 0.009527778), (-0.029644, 0.0147848, 0.01563968), (-0.0292955, 0.0152095, 0.015685637), (-0.0293688, 0.0152452, 0.01568483), (-0.0297165, 0.0148265, 0.01563984), (-0.0280983, -0.0138496, 0.012302486), (-0.0283462, -0.0136568, 0.012476375), (-0.0338787, -0.00213241, 0.017749172), (-0.0337942, -0.00243465, 0.017570414), (-0.0336913, -0.00245363, 0.017524403), (-0.033777, -0.00216331, 0.017697982), (-0.0172722, 0.0237327, 0.0070340107), (-0.0182167, 0.0232158, 0.007248253), (-0.0181976, 0.0231989, 0.007306789), (-0.0172649, 0.0237247, 0.007094398), (-0.0244162, -0.0181432, 0.009183), (-0.0251482, -0.0174917, 0.009378586), (-0.0251187, -0.0175296, 0.009284588), (-0.0243839, -0.0181761, 0.009088352), (-0.0307989, -0.00997689, 0.014478575), (-0.0307207, -0.00992107, 0.01437433), (-0.0297351, 0.0149259, 0.015517753), (-0.0293873, 0.0153347, 0.015559979), (-0.0296778, 0.0149649, 0.015415559), (-0.0347968, 0.0029628, 0.019380346), (-0.0346134, 0.00331472, 0.01954251), (-0.0346887, 0.00298648, 0.019254679), (-0.0045689, -0.026353, 0.0011944211), (-0.00331723, -0.0264864, 0.0010585039), (-0.00334338, -0.0265867, 0.0010865718), (-0.00459772, -0.0264498, 0.0012267546), (-0.0227469, 0.0205571, 0.0106988475), (-0.0233658, 0.0202533, 0.011322584), (-0.0228527, 0.0205264, 0.010732881), (-0.023474, 0.0202324, 0.01135462), (-0.0274211, 0.0172757, 0.012989333), (-0.0272234, 0.017667, 0.0127173), (-0.0271192, 0.0176618, 0.012599342), (-0.0273143, 0.0172585, 0.01287414), (-0.0300608, 0.0143882, 0.015584827), (-0.0299895, 0.0143527, 0.015588164), (-0.0297461, 0.0148766, 0.015593939), (-0.0167511, -0.0229118, 0.0042516557), (-0.0175317, -0.0222621, 0.0042849337), (-0.017408, -0.0222839, 0.0041978736), (-0.0166179, -0.0229306, 0.0041678674), (-0.0190521, 0.0226693, 0.007488436), (-0.0190857, 0.0226896, 0.007429133), (-0.0191898, -0.0206408, 0.005024224), (-0.0198871, -0.0201818, 0.0056740805), (-0.0257271, -0.0167835, 0.009635699), (-0.0250791, -0.0174413, 0.009478644), (-0.0249764, -0.0174389, 0.0094573), (-0.0256264, -0.0167869, 0.009614298), (-0.0171619, 0.0237534, 0.006859983), (-0.0163025, 0.0241532, 0.0065479013), (-0.016192, 0.0241616, 0.0064573535), (-0.0170436, 0.0237658, 0.006765641), (-0.0132629, 0.0250222, 0.005091728), (-0.0284137, -0.0136349, 0.012901518), (-0.020105, 0.0218209, 0.0076184715), (-0.0195796, 0.0222691, 0.0073438007), (-0.0319345, -0.00893633, 0.016286137), (-0.031697, -0.00926692, 0.01611117), (-0.0090284, -0.0257926, 0.0021532667), (-0.00663296, -0.0261468, 0.0015705398), (-0.00667096, -0.0262347, 0.0016187668), (-0.00907362, -0.0258666, 0.002221448), (-0.0296767, -0.0112512, 0.013050686), (-0.0294459, -0.0116044, 0.012889808), (-0.0188103, -0.0211534, 0.004761198), (-0.0193941, -0.0206967, 0.005200592), (-0.01931, -0.0206555, 0.005108118), (-0.0187239, -0.0211361, 0.0046566366), (-0.0283561, 0.0163021, 0.014848568), (-0.0280386, 0.0166641, 0.014259813), (-0.0280548, 0.0166054, 0.014208222), (-0.0283733, 0.0162505, 0.014793102), (-0.0189208, 0.0227492, 0.007158705), (-0.0235454, 0.020122, 0.011177688), (-0.0228453, 0.0203191, 0.010479904), (-0.0234838, 0.0200908, 0.01107143), (-0.0233771, 0.0200745, 0.010965323), (-0.0227381, 0.0202933, 0.010379769), (-0.031795, -0.00924413, 0.016146518), (-0.0315333, -0.00952905, 0.015836056), (-0.0314352, -0.0095648, 0.015796263), (-0.0348821, 0.00100341, 0.019041715), (-0.0348, 0.000501702, 0.019265845), (-0.0347868, 0.000541576, 0.01932549), (-0.0348694, 0.00103639, 0.019105965), (-0.0300858, -0.0107918, 0.013304638), (-0.0304104, -0.0104304, 0.013832111), (-0.0326772, -0.00745233, 0.016126938), (-0.032758, -0.00701531, 0.016048845), (-0.0327648, -0.00701849, 0.015970334), (-0.0326895, -0.00747855, 0.01606042), (-0.0330644, 0.0097576, 0.017924203), (-0.0331213, 0.00946729, 0.01803188), (-0.0144949, -0.0240576, 0.0037671009), (-0.0156564, -0.0235502, 0.0040745297), (-0.0273011, 0.0176882, 0.012931064), (-0.0270852, 0.0180446, 0.01282037), (-0.0270711, 0.01806, 0.012726585), (-0.0272844, 0.0176766, 0.012832538), (-0.0344353, -0.000328422, 0.019183086), (-0.0345103, -0.0000658089, 0.019124705), (-0.00453538, -0.0262583, 0.0011888191), (-0.00329266, -0.0263865, 0.0010610787), (-0.0304935, 0.0137061, 0.015742145), (-0.030723, 0.0134108, 0.016002376), (-0.0306172, 0.0134237, 0.015954752), (-0.0303844, 0.0137052, 0.015696017), (-0.0279785, 0.0167157, 0.014266341), (-0.0282941, 0.0163441, 0.014859582), (-0.0281905, 0.0163696, 0.014814841), (-0.0278743, 0.016745, 0.014219736), (-0.0344326, 0.0042109, 0.01974286), (-0.0345282, 0.00388127, 0.019993387), (-0.0344255, 0.00388224, 0.019943334), (-0.0343284, 0.00422315, 0.019687869), (-0.030991, 0.0130825, 0.01642795), (-0.0310514, 0.0130411, 0.016421454), (-0.033568, 0.00794943, 0.019394225), (-0.0334895, 0.00826844, 0.019147582), (-0.0335505, 0.0082355, 0.019140106), (-0.0336275, 0.00793481, 0.019378847), (-0.0327688, 0.0112831, 0.01846622), (-0.0327431, 0.0112336, 0.018511727), (-0.0325336, 0.011543, 0.01843865), (-0.032513, 0.0115726, 0.018343247), (-0.00461881, -0.0265323, 0.0012802305), (-0.00462578, -0.0265861, 0.001348122), (-0.0331644, 0.00977349, 0.017653257), (-0.0331242, 0.0101644, 0.017713832), (-0.0330163, 0.0101731, 0.01758346), (-0.0330563, 0.00976758, 0.017519988), (-0.0345704, 0.00333644, 0.020025933), (-0.0346373, 0.00304759, 0.019864086), (-0.0325641, 0.011161, 0.018449131), (-0.0327699, 0.0107648, 0.01828659), (-0.0345425, 0.00351289, 0.019648759), (-0.0337944, 0.00658803, 0.01837361), (-0.0337261, 0.0070013, 0.018689048), (-0.0347883, 0.00181405, 0.01854079), (-0.034789, 0.0022134, 0.018673066), (-0.0338217, -0.00237512, 0.017351), (-0.0339109, -0.00200143, 0.017564313), (-0.0338374, -0.00197054, 0.017440185), (-0.0337469, -0.00236644, 0.017218187), (-0.0348997, 0.00181675, 0.018678749), (-0.030358, -0.0105686, 0.0138977505), (-0.0307828, -0.0101942, 0.014621115), (-0.030833, -0.0101242, 0.014613436), (-0.0304083, -0.0105032, 0.013888034), (-0.0337592, -0.00278613, 0.017331952), (-0.0337915, -0.00277395, 0.017441703), (-0.0338549, -0.002392, 0.01746494), (-0.0345025, 0.00360108, 0.020050395), (-0.0235666, 0.020159, 0.0112706935), (-0.0235408, 0.0201983, 0.01133276), (-0.0229151, 0.0204784, 0.010715453), (-0.0329263, 0.0103648, 0.018079001), (-0.0332683, -0.0051306, 0.017951848), (-0.0331578, -0.0054207, 0.017620338), (-0.03275, 0.0113318, 0.01838314), (-0.0326894, 0.0113703, 0.018274784), (-0.032896, 0.0109985, 0.018121542), (-0.0349877, 0.00178366, 0.019000115), (-0.0349852, 0.0020981, 0.019101541), (-0.0349974, 0.00213934, 0.019034432), (-0.035, 0.00180055, 0.01892497), (-0.0346276, 0.000583049, 0.019282972), (-0.0345469, 0.000100953, 0.01949928), (-0.0347303, 0.000571402, 0.019335978), (-0.027744, 0.0169918, 0.013612951), (-0.0275075, 0.0173455, 0.013191991), (-0.0274849, 0.0173073, 0.013099777), (-0.0277181, 0.0169352, 0.013528959), (-0.033396, -0.00476074, 0.017809598), (-0.0334665, -0.0045794, 0.017859768), (-0.033354, -0.00459604, 0.017728193), (-0.0332831, -0.00476292, 0.017676253), (-0.0289271, -0.0126259, 0.012892474), (-0.0286483, -0.0132036, 0.012940715), (-0.0220662, 0.0206481, 0.009648925), (-0.0259228, 0.0188554, 0.012614832), (-0.0259594, 0.0188834, 0.012582885), (-0.0266693, 0.0184149, 0.012781346), (-0.0272103, -0.0146122, 0.011091437), (-0.0276336, -0.0142796, 0.011752668), (-0.0275158, -0.0142576, 0.011646545), (-0.0270932, -0.0145863, 0.010988961), (-0.0240194, 0.0199621, 0.011801412), (-0.0239137, 0.0199719, 0.011771388), (-0.0258014, 0.0189866, 0.012271767), (-0.0256802, 0.0190053, 0.01215287), (-0.0169176, -0.0228681, 0.004566906), (-0.0159767, -0.0235527, 0.004450542), (-0.0158967, -0.0235677, 0.004456998), (-0.0168349, -0.0228753, 0.004571781), (-0.0327783, -0.00661057, 0.015880352), (-0.0328575, -0.00623729, 0.016093967), (-0.0327802, -0.00620399, 0.015970938), (-0.0327016, -0.00659834, 0.015749114), (-0.0300888, 0.0144297, 0.015533514), (-0.0300756, 0.0144688, 0.015450713), (-0.030356, 0.0140471, 0.015539724), (-0.0303279, 0.0140261, 0.0155999325), (-0.0326746, 0.0111896, 0.018509887), (-0.0328791, 0.010797, 0.018346412), (-0.014776, -0.0241234, 0.0041581593), (-0.0146888, -0.0241444, 0.004168291), (-0.0265463, -0.0155966, 0.010168172), (-0.0262959, -0.0159272, 0.00987618), (-0.0261989, -0.0159545, 0.00985515), (-0.0264505, -0.0156381, 0.0101413205), (-0.0340755, 0.00579042, 0.018351216), (-0.0340049, 0.00579375, 0.018218098), (-0.0340694, 0.00538589, 0.018342698), (-0.0337279, -0.00318484, 0.017627722), (-0.0337813, -0.00276595, 0.01751474), (-0.0337396, -0.00321498, 0.017562153), (-0.0307145, 0.0132959, 0.015711434), (-0.0304988, 0.0136891, 0.015431538), (-0.0303921, 0.0136851, 0.015304008), (-0.0306053, 0.0132783, 0.015585965), (-0.0349248, 0.00206049, 0.01911175), (-0.0349315, 0.00176733, 0.019021792), (-0.0348302, 0.00175086, 0.018973682), (-0.0348237, 0.00203195, 0.019059578), (-0.0223941, -0.0190724, 0.007898028), (-0.0108826, 0.0256446, 0.004467594), (-0.0132042, 0.0250964, 0.005444886), (-0.0325845, 0.0113923, 0.01815227), (-0.0323465, 0.0116049, 0.018099697), (-0.0089477, -0.0257318, 0.0020947491), (-0.0111859, -0.0251772, 0.0027284874), (-0.0110657, -0.0251595, 0.0026681933), (-0.015998, -0.0235403, 0.004404368), (-0.0148061, -0.0241003, 0.0041073496), (-0.0286019, -0.0133411, 0.012554359), (-0.0313107, 0.0124841, 0.016789861), (-0.0309726, 0.0128963, 0.016167108), (-0.0308615, 0.0128682, 0.01604483), (-0.0312019, 0.0124543, 0.016667608), (-0.0250462, -0.0175651, 0.009178331), (-0.025682, -0.0168616, 0.009314171), (-0.0255696, -0.0168844, 0.009206456), (-0.0249357, -0.0175968, 0.009075927), (-0.0329712, -0.00587956, 0.016477847), (-0.032896, -0.00583224, 0.016366092), (-0.0288503, 0.0157892, 0.015492737), (-0.0286156, 0.0160253, 0.015244397), (-0.028638, 0.015994, 0.015181977), (-0.0288772, 0.0157833, 0.01542722), (-0.0323352, 0.0114729, 0.01845121), (-0.0272873, -0.0148964, 0.011333455), (-0.027709, -0.0145355, 0.01202088), (-0.0277572, -0.0144703, 0.012003879), (-0.0273342, -0.014824, 0.011320985), (-0.032731, -0.00702554, 0.01586023), (-0.0326556, -0.0070369, 0.015730036), (-0.033226, 0.00946048, 0.01808335), (-0.0331721, 0.00976202, 0.017976299), (-0.0332351, 0.00976722, 0.01795895), (-0.0332874, 0.00944159, 0.018069882), (-0.00668476, -0.0263147, 0.0016766442), (-0.00667014, -0.0263752, 0.0017357239), (-0.0341511, -0.00145311, 0.018609084), (-0.0343088, -0.00109749, 0.019123565), (-0.0343647, -0.0010394, 0.019118495), (-0.0342087, -0.00139031, 0.018609274), (-0.0277273, 0.0170466, 0.013665431), (-0.0250676, 0.019395, 0.012119782), (-0.025892, 0.0189562, 0.012393569), (-0.0259488, 0.0189198, 0.012504328), (-0.0251478, 0.0193665, 0.012244523), (-0.0338925, -0.0018593, 0.01803458), (-0.0327362, -0.00641612, 0.016239608), (-0.032658, -0.00670492, 0.016063213), (-0.0348665, 0.00291453, 0.019492676), (-0.0260785, -0.016301, 0.009735591), (-0.0259795, -0.0163156, 0.009715069), (-0.0113251, -0.0253288, 0.0029717654), (-0.00908291, -0.0259407, 0.0022867012), (-0.0090451, -0.026001, 0.0023374588), (-0.0112797, -0.0253799, 0.003024271), (-0.029207, -0.0120449, 0.012846393), (-0.0276523, 0.0168886, 0.013426522), (-0.0275432, 0.0168609, 0.013314689), (-0.0163714, 0.0241467, 0.006641225), (-0.0152213, 0.0245477, 0.006103148), (-0.0151649, 0.0245473, 0.0060109543), (-0.0333169, -0.00492749, 0.017682126), (-0.0332048, -0.00491818, 0.01755401), (-0.023087, -0.018976, 0.008730118), (-0.0240025, 0.0199054, 0.011476832), (-0.0238928, 0.0199001, 0.011364168), (-0.0188662, 0.0226483, 0.0074894177), (-0.0195145, 0.0222416, 0.007699279), (-0.0187184, -0.0212812, 0.004997015), (-0.0181699, -0.021692, 0.0047595445), (-0.0193003, -0.020914, 0.005380838), (-0.0175691, -0.0222045, 0.0046297763), (-0.0219566, 0.0206197, 0.009551886), (-0.0111816, -0.025415, 0.0030402911), (-0.00896078, -0.0260354, 0.0023631286), (-0.00662195, -0.0263983, 0.0017866076), (-0.0317333, -0.00915701, 0.015789544), (-0.0316191, -0.00915872, 0.015661469), (-0.0314683, -0.00934904, 0.015513057), (-0.0315466, -0.00938138, 0.015634943), (-0.0163221, 0.0241442, 0.006818753), (-0.0151302, 0.0245644, 0.0062882043), (-0.0152031, 0.0245574, 0.006254786), (-0.0163805, 0.024143, 0.006787008), (-0.0211956, 0.0210039, 0.00871177), (-0.0196799, 0.0222605, 0.007441412), (-0.0190225, 0.0227333, 0.007252266), (-0.0206027, 0.0216159, 0.008400104), (-0.0200649, 0.0219147, 0.007986352), (-0.0132205, -0.0245869, 0.003443172), (-0.0147258, -0.0240618, 0.003936796), (-0.0146263, -0.0240529, 0.0038447801), (-0.0131307, -0.0245647, 0.0033507647), (-0.0320101, 0.0119276, 0.017908689), (-0.03166, 0.0121306, 0.017392972), (-0.0319448, 0.0119042, 0.017787632), (-0.0332825, -0.00518773, 0.017516073), (-0.033319, -0.00524951, 0.017608464), (-0.0333939, -0.00496095, 0.017807659), (-0.027713, -0.0143291, 0.011854556), (-0.0272914, -0.014669, 0.011187558), (-0.0273351, -0.0147438, 0.011268417), (-0.0277569, -0.014398, 0.011943981), (-0.0301784, -0.0102894, 0.013529945), (-0.0298512, -0.010695, 0.012970711), (-0.032943, 0.0105858, 0.017769018), (-0.0331038, -0.00572041, 0.017154185), (-0.0332572, -0.00537794, 0.017671335), (-0.0333102, -0.00531659, 0.017663807), (-0.033156, -0.00565468, 0.01714907), (-0.015235, 0.0245513, 0.0061892685), (-0.0134272, 0.0250511, 0.0053467043), (-0.0134174, 0.0250358, 0.005263138), (-0.0336946, 0.00743054, 0.019482868), (-0.033758, 0.00713772, 0.019334314), (-0.0336529, 0.00710545, 0.019276239), (-0.0335896, 0.00740828, 0.019429015), (-0.0290672, -0.0127209, 0.012737496), (-0.0293397, -0.0121065, 0.012677836), (-0.0292671, -0.0121343, 0.012560104), (-0.0289961, -0.0127584, 0.012625796), (-0.0344229, -0.0008095, 0.019447517), (-0.034509, -0.000547172, 0.019612703), (-0.0345643, -0.000527929, 0.019589517), (-0.0344788, -0.000768061, 0.01943252), (-0.034752, 0.0025957, 0.01892062), (-0.0307873, 0.0133855, 0.015990514), (-0.0337088, -0.0032477, 0.017460389), (-0.0336857, -0.00279944, 0.017200654), (-0.0336362, -0.00328016, 0.01733593), (-0.0346058, 0.00361406, 0.02010125), (-0.0345877, 0.00387131, 0.01997817), (-0.0346648, 0.0036286, 0.020080578), (-0.0332734, 0.00895065, 0.01805933), (-0.0332103, 0.00937053, 0.017777618), (-0.0331021, 0.00935315, 0.017647022), (-0.0331643, 0.00892302, 0.017931469), (-0.0290216, 0.0155288, 0.0156498), (-0.0291855, 0.0151865, 0.015634395), (-0.0289088, 0.0155175, 0.0156008005), (-0.0196291, 0.022241, 0.0077227405), (-0.0189785, 0.0226541, 0.0075120972), (-0.00449151, 0.0267002, 0.002493373), (-0.00824912, 0.026155, 0.00347651), (-0.0109879, 0.025637, 0.0044617034), (-0.0150612, 0.0245514, 0.005924455), (-0.0311118, -0.00987554, 0.015300645), (-0.0258998, -0.0163041, 0.009272329), (-0.0333719, 0.00903657, 0.018272873), (-0.0334657, 0.00859915, 0.018681977), (-0.033452, 0.00864664, 0.018738436), (-0.0333563, 0.00908003, 0.018329358), (-0.026914, 0.0180788, 0.012502014), (-0.0212126, 0.0213019, 0.008997037), (-0.0341903, -0.00125691, 0.018475916), (-0.0343466, -0.000920332, 0.018975282), (-0.0342753, -0.000874556, 0.018860018), (-0.0341181, -0.00120531, 0.01836393), (-0.0299143, 0.014521, 0.015225718), (-0.0295759, 0.0149891, 0.015301605), (-0.0274851, 0.0173822, 0.013251671), (-0.0197025, 0.0222439, 0.007693207), (-0.0197403, 0.0222474, 0.0076301107), (-0.0159702, -0.0235345, 0.00433282), (-0.0147879, -0.0240773, 0.0040288847), (-0.00832022, 0.0260774, 0.0032725772), (-0.00589832, 0.0264797, 0.0025546723), (-0.00588284, 0.0264092, 0.0025019804), (-0.00828916, 0.0260274, 0.003207879), (-0.0305569, 0.0137045, 0.01572195), (-0.0340077, -0.00118279, 0.018240934), (-0.0341632, -0.000854665, 0.01873262), (-0.0278492, 0.0164644, 0.013907897), (-0.0332296, 0.00977384, 0.017780516), (-0.033279, 0.00939457, 0.01790262), (-0.033303, 0.00941992, 0.018002821), (-0.0332527, 0.00977211, 0.017886786), (-0.0310397, 0.0129408, 0.016277226), (-0.0307813, 0.0133243, 0.0158297), (-0.0340326, -0.00163678, 0.017946351), (-0.0339579, -0.00159087, 0.017830797), (-0.0295657, -0.0115889, 0.012696316), (-0.0297884, -0.0111414, 0.012852961), (-0.0297087, -0.0111274, 0.012726417), (-0.0294897, -0.0115973, 0.012573064), (-0.033466, 0.00811298, 0.018862931), (-0.0333691, 0.00850119, 0.018473964), (-0.033259, 0.00847183, 0.01834618), (-0.0333569, 0.00808535, 0.01873452), (-0.0280288, -0.0142361, 0.012487145), (-0.0280762, -0.0141847, 0.01245827), (-0.0266706, 0.0184772, 0.012630502), (-0.0266057, 0.0185059, 0.012521271), (-0.0326679, -0.0061939, 0.01584519), (-0.0327836, -0.00581015, 0.01624565), (-0.02138, 0.0212107, 0.009019023), (-0.0207988, 0.0215014, 0.008347796), (-0.0213963, 0.0211472, 0.00896897), (-0.0328144, -0.00663147, 0.015994767), (-0.0328931, -0.00628261, 0.016197119), (-0.0330072, -0.00594286, 0.016567662), (-0.0331641, -0.00558172, 0.017099835), (-0.0331295, -0.00551212, 0.017014015), (-0.0293758, -0.0116119, 0.0124510825), (-0.0295944, -0.0111291, 0.012604304), (-0.0112721, -0.0252183, 0.0028089522), (-0.0207806, 0.021457, 0.008264752), (-0.0202645, 0.0218421, 0.007819992), (-0.0202093, 0.021826, 0.0077173), (-0.0207168, 0.0214222, 0.008167451), (-0.0219776, 0.0209275, 0.009841476), (-0.0243128, -0.0182098, 0.0089844), (-0.0335094, -0.00454471, 0.018195676), (-0.0335603, -0.00417549, 0.018095763), (-0.0336173, -0.00419672, 0.018081378), (-0.033564, -0.00454702, 0.01817381), (-0.0334387, 0.00854701, 0.018590605), (-0.0349405, 0.00242008, 0.019303886), (-0.0348827, 0.00236707, 0.019308012), (-0.0348748, 0.00278781, 0.019622747), (-0.034891, 0.00285379, 0.019576397), (-0.0334479, -0.00483417, 0.018163221), (-0.0334998, -0.00481171, 0.018135734), (-0.0263508, -0.0153795, 0.009759225), (-0.0266719, -0.0149767, 0.010293317), (-0.0269121, -0.0151224, 0.010573617), (-0.0268699, -0.0150518, 0.010492244), (-0.0346018, 0.00385783, 0.019908363), (-0.0346786, 0.00364116, 0.020007519), (-0.0237626, -0.0185831, 0.008833926), (-0.0237997, -0.0185762, 0.008936034), (-0.0346482, -0.000280987, 0.019555839), (-0.0345751, -0.000512064, 0.01951376), (-0.0335097, -0.00478984, 0.01805981), (-0.0335734, -0.00455524, 0.018098833), (-0.0335405, -0.00456519, 0.01798889), (-0.0334736, -0.00477195, 0.017943665), (-0.0312276, 0.012711, 0.016995464), (-0.0315725, 0.0123194, 0.017617544), (-0.0300318, -0.0108987, 0.013394127), (-0.0300811, -0.0108477, 0.013371934), (-0.0186058, -0.0211338, 0.0045682862), (-0.0337132, 0.00770205, 0.019411534), (-0.0336883, 0.00770575, 0.019304113), (-0.0318496, -0.00919111, 0.016035048), (-0.0315857, -0.00942846, 0.015739966), (-0.0315836, -0.00948015, 0.015813371), (-0.0318464, -0.00921787, 0.016117055), (-0.0336568, -0.00378156, 0.017698735), (-0.0336843, -0.00373869, 0.017794853), (-0.0133935, 0.0250675, 0.005414339), (-0.0336705, -0.00316456, 0.017643724), (-0.0336155, -0.00367654, 0.017872317), (-0.0335133, -0.00366704, 0.01782256), (-0.0335681, -0.00315967, 0.017595023), (-0.033688, 0.00755184, 0.01919263), (-0.0336206, 0.00770728, 0.019174727), (-0.0335115, 0.00770429, 0.019039206), (-0.0335805, 0.00756127, 0.01906186), (-0.017238, 0.0237421, 0.006953535), (-0.0188156, -0.0212524, 0.0049996595), (-0.0188586, -0.0212176, 0.004948096), (-0.0328352, -0.00638091, 0.016283624), (-0.0329472, -0.00607325, 0.016628925), (-0.0329993, -0.00601134, 0.016621549), (-0.0328866, -0.00633268, 0.016265174), (-0.0335997, -0.00426161, 0.017916327), (-0.0335281, -0.00429541, 0.01779356), (-0.0266902, 0.018446, 0.012720413), (-0.0335828, -0.00382044, 0.017575966), (-0.0334733, -0.00385197, 0.017447995), (-0.0334155, -0.00432291, 0.017664047), (-0.0330473, 0.0105668, 0.017891677), (-0.0340614, -0.00169595, 0.018032806), (-0.0339436, -0.00204191, 0.017666366), (-0.0339332, -0.00208966, 0.017733185), (-0.0340516, -0.00176017, 0.01808695), (-0.00255755, -0.0268099, 0.0012656644), (-0.0338964, 0.00579083, 0.018083364), (-0.0338459, 0.0061903, 0.018154431), (-0.034779, 0.00233052, 0.019249042), (-0.0340939, 0.00545578, 0.0186598), (-0.0341853, 0.00509687, 0.018917792), (-0.0340796, 0.00511123, 0.018861165), (-0.0339906, 0.00545897, 0.018607607), (-0.0330038, -0.00576859, 0.017100789), (-0.0328488, -0.00611816, 0.016579363), (-0.00584573, 0.0265542, 0.0027678953), (-0.00452225, 0.0267503, 0.0024351117), (-0.00454653, 0.0267582, 0.0023616676), (-0.00587677, 0.0265595, 0.002697808), (-0.017659, -0.0221998, 0.0046253446), (-0.0176951, -0.0222069, 0.0045737335), (-0.0169436, -0.0228702, 0.0045180744), (-0.0258309, 0.0188392, 0.012584251), (-0.0132359, -0.0246925, 0.0036788133), (-0.0131413, -0.0247217, 0.0036938118), (-0.0231084, -0.0188457, 0.0083952695), (-0.022514, -0.019085, 0.007994906), (-0.0225972, -0.0191219, 0.008100138), (-0.0181235, 0.0232564, 0.007073406), (-0.0180149, 0.0232719, 0.0069808457), (-0.0264998, 0.0185218, 0.012408577), (-0.0290293, -0.0126292, 0.012926107), (-0.0293077, -0.0120447, 0.012879185), (-0.0293628, -0.0120569, 0.012851908), (-0.0290853, -0.012652, 0.012902695), (-0.0157912, -0.023538, 0.004155063), (-0.0159004, -0.0235328, 0.00424599), (-0.0348184, 0.00319545, 0.019873306), (-0.0348013, 0.00313527, 0.019922728), (-0.0347475, 0.00343975, 0.020004466), (-0.0269122, -0.0151992, 0.010628957), (-0.0344693, 0.00365276, 0.019626487), (-0.0320351, 0.0119546, 0.01801058), (-0.0320176, 0.0119791, 0.01807824), (-0.0295452, -0.0115928, 0.012921308), (-0.029596, -0.0115858, 0.01288738), (-0.0240723, 0.0199164, 0.011593902), (-0.0276145, -0.0145836, 0.011988576), (-0.0329476, 0.0108456, 0.018350128), (-0.021804, -0.0196835, 0.007672164), (-0.0209009, -0.0201108, 0.0068092444), (-0.0200062, -0.0202065, 0.0057529504), (-0.0150175, 0.0245715, 0.0062773568), (-0.0162168, 0.0241487, 0.006805991), (-0.0297742, -0.0112269, 0.013081174), (-0.0298241, -0.0111947, 0.013047389), (-0.0278363, -0.0140312, 0.012054926), (-0.0322913, -0.00860667, 0.016183866), (-0.0325006, -0.00808267, 0.016098876), (-0.032429, -0.00812113, 0.015979555), (-0.0322202, -0.00863957, 0.016064707), (-0.00373528, 0.0268344, 0.0022682243), (-0.00375514, 0.026841, 0.0021943473), (-0.0327918, 0.0110206, 0.018000333), (-0.0213724, 0.021084, 0.00889554), (-0.0130092, -0.0245594, 0.0032787723), (-0.032198, 0.0117446, 0.018041769), (-0.0318351, 0.011888, 0.017657448), (-0.0320898, 0.0117426, 0.017910255), (-0.0200912, -0.0202626, 0.00583453), (-0.020993, -0.0198212, 0.0066836625), (-0.0209065, -0.0197615, 0.006598798), (-0.0332087, -0.00514168, 0.017403962), (-0.0284605, -0.0136413, 0.012593413), (-0.0287144, -0.0133136, 0.012669588), (-0.00657444, -0.0260652, 0.0015421157), (-0.0133653, 0.0250263, 0.0051739328), (-0.0345042, 0.00414615, 0.01967178), (-0.0344901, 0.00418441, 0.019732032), (-0.0339553, 0.00618121, 0.01828699), (-0.0339017, 0.00656875, 0.018499255), (-0.0113197, -0.025273, 0.0028941678), (-0.0213179, 0.0212666, 0.0090311), (-0.0305627, 0.0136945, 0.015553251), (-0.0312238, -0.00963249, 0.015180384), (-0.0311453, -0.00958425, 0.015069577), (-0.0282849, -0.0139477, 0.012775974), (-0.0283323, -0.013919, 0.012738226), (-0.0346739, 0.00336233, 0.02008062), (-0.034742, 0.00308282, 0.019924175), (-0.0335502, 0.00787149, 0.01908243), (-0.0180397, -0.0216837, 0.0043127337), (-0.0348144, 0.00273059, 0.019620428), (-0.0236872, -0.0185952, 0.008724807), (-0.0241994, -0.018239, 0.008882756), (-0.0110782, 0.0255634, 0.0042702286), (-0.0110285, 0.025538, 0.004188368), (-0.0282815, 0.0161566, 0.014596432), (-0.0279597, 0.0164945, 0.014021165), (-0.0281729, 0.0161298, 0.014481025), (-0.0334585, -0.00416974, 0.018048747), (-0.0334072, -0.00455056, 0.018149992), (-0.0171156, 0.0237208, 0.007108454), (-0.0180305, 0.0231813, 0.0073113), (-0.0320353, -0.00892829, 0.016325766), (-0.0220825, 0.0208914, 0.009876584), (-0.0282151, -0.0138498, 0.012421134), (-0.0282942, -0.0138639, 0.012544237), (-0.0261051, -0.0158154, 0.0094121555), (-0.0265931, -0.0154834, 0.01007081), (-0.0265924, -0.0155409, 0.0101400195), (-0.0336296, -0.00422747, 0.018016562), (-0.0219447, -0.019566, 0.007663872), (-0.0226466, -0.0192307, 0.008273301), (-0.0226434, -0.0191745, 0.008197668), (-0.0219415, -0.0194926, 0.007602358), (-0.025757, -0.0168349, 0.009425369), (-0.0244654, 0.01967, 0.012106612), (-0.0250835, 0.0193055, 0.012363478), (-0.0342061, -0.00113611, 0.01906668), (-0.0340498, -0.00149614, 0.01855184), (-0.0188569, -0.0211832, 0.0048648543), (-0.0182985, -0.0216622, 0.004614397), (-0.0183063, -0.0216688, 0.0047036647), (-0.0341569, 0.0049499, 0.01862865), (-0.0319548, 0.0119992, 0.018092137), (-0.0345899, 0.000384574, 0.01891572), (-0.0288841, -0.0127881, 0.012509915), (-0.0291541, -0.0121596, 0.012443058), (-0.0291036, 0.0155933, 0.015489141), (-0.0288565, 0.0157778, 0.01532489), (-0.032088, -0.00892719, 0.016299946), (-0.0320963, -0.00893013, 0.016223574), (-0.0343576, -0.000491896, 0.019128364), (-0.0298278, -0.0111671, 0.01296644), (-0.0296033, -0.0115843, 0.012807135), (-0.0306053, -0.00989791, 0.014260825), (-0.0272748, 0.0176989, 0.012997988), (-0.0272055, 0.0177087, 0.013018535), (-0.0270533, 0.0180306, 0.012881213), (-0.0312594, -0.00976607, 0.015331256), (-0.0312628, -0.00969607, 0.015271993), (-0.0330353, 0.010394, 0.01813807), (-0.0285522, 0.0160523, 0.015262187), (-0.0284455, 0.0160665, 0.015219284), (-0.0219008, -0.0196343, 0.007691591), (-0.0226003, -0.0192834, 0.008310168), (-0.0209969, -0.0200571, 0.0068292497), (-0.021041, -0.0199829, 0.0068085333), (-0.0163965, 0.0241441, 0.006723648), (-0.0331856, 0.0100866, 0.017994089), (-0.0332074, 0.0101165, 0.017932234), (-0.0302795, 0.0140848, 0.015328869), (-0.0301748, 0.0140925, 0.015205926), (-0.0342201, -0.0013205, 0.018560052), (-0.0202779, 0.0218618, 0.007912387), (-0.0197324, 0.0222541, 0.007540498), (-0.0347333, 0.00339897, 0.020068519), (-0.0194382, -0.0207527, 0.005287037), (-0.0293989, 0.0152909, 0.015638884), (-0.0347213, 0.0000352211, 0.019479163), (-0.0347716, 0.000456958, 0.019169377), (-0.0346914, -0.00000344964, 0.019379467), (-0.033348, -0.00485427, 0.018120667), (-0.0323114, -0.00854436, 0.016350023), (-0.0325202, -0.00800894, 0.016262084), (-0.0325314, -0.00804229, 0.016196238), (-0.032324, -0.00857358, 0.016285334), (-0.0347014, 0.000415003, 0.019047508), (-0.0346208, -0.0000386612, 0.01925622), (-0.0176267, -0.0222397, 0.004387257), (-0.0168538, -0.022894, 0.0043478403), (-0.0169214, -0.0228794, 0.004441832), (-0.0176829, -0.0222196, 0.0044882568), (-0.0341014, 0.00578451, 0.01845949), (-0.0340471, 0.0061256, 0.018510327), (-0.0340212, 0.00615731, 0.018409299), (-0.0342946, 0.00404307, 0.019317804), (-0.0341703, 0.00444931, 0.018920809), (-0.0348531, 0.0013974, 0.018686984), (-0.0347435, 0.00138121, 0.018551504), (-0.0323185, -0.0081529, 0.015855838), (-0.0321092, -0.00866918, 0.015941354), (-0.0349565, 0.00248006, 0.019252473), (-0.0338336, 0.00676196, 0.019046986), (-0.0337279, 0.00672514, 0.018986803), (-0.0349257, 0.00141364, 0.01881953), (-0.0349697, 0.00181182, 0.018811148), (-0.0343643, 0.00461503, 0.019322468), (-0.0343808, 0.00456948, 0.019266883), (-0.0280769, -0.0141295, 0.012386125), (-0.0336341, 0.00768536, 0.019500915), (-0.0336956, 0.0076942, 0.01948251), (-0.0324726, -0.00756519, 0.015707416), (-0.0270158, 0.0180721, 0.01261697), (-0.0264682, -0.0153933, 0.009866595), (-0.0267872, -0.0149982, 0.010392484), (-0.0340848, 0.00577533, 0.018531756), (-0.0340281, 0.00609002, 0.018572595), (-0.0308373, -0.0100481, 0.014562518), (-0.0302603, 0.0140056, 0.015614417), (-0.0319866, -0.00895486, 0.015988747), (-0.0318737, -0.00897085, 0.015860865), (-0.0318116, -0.00917048, 0.01592058), (-0.0346493, 0.00365102, 0.019895507), (-0.0343511, 0.00452303, 0.01917106), (-0.0342799, 0.00447932, 0.019050397), (-0.0331032, 0.0104342, 0.018138207), (-0.0331204, 0.0100612, 0.018003684), (-0.0327048, -0.00701888, 0.016074967), (-0.0327569, -0.00668202, 0.016102912), (-0.0328088, -0.00665647, 0.016075497), (-0.0240804, 0.0199471, 0.011770715), (-0.0240979, 0.0199319, 0.011696548), (-0.0263437, -0.01586, 0.009752211), (-0.0265504, -0.015431, 0.0099746445), (-0.0263018, -0.0158333, 0.009643416), (-0.0347097, 0.00106784, 0.019064683), (-0.01327, -0.02462, 0.003538029), (-0.029935, -0.0109372, 0.013357649), (-0.03155, 0.0121043, 0.017268317), (-0.0344768, 0.00410789, 0.019573772), (-0.0344057, 0.0040711, 0.019450044), (-0.0345424, -0.00049741, 0.019399498), (-0.0344584, -0.000684876, 0.019261872), (-0.0344901, -0.000724767, 0.019366313), (-0.0325832, -0.00753802, 0.015833093), (-0.0325422, -0.00705218, 0.015599438), (-0.0322567, -0.00852579, 0.016369345), (-0.032154, -0.00852336, 0.016325796), (-0.0338445, 0.00723911, 0.019286323), (-0.0339193, 0.00687536, 0.019004237), (-0.0338973, 0.00681446, 0.019049898), (-0.0338241, 0.00718447, 0.019336373), (-0.034812, 0.00105985, 0.019118285), (-0.0302587, -0.0106174, 0.013852432), (-0.0306848, -0.0102435, 0.014574258), (-0.0322627, 0.0117471, 0.018167142), (-0.032452, 0.0115943, 0.018226486), (-0.0333679, -0.00509689, 0.017998595), (-0.033421, -0.00505215, 0.017979717), (-0.0110871, 0.0255916, 0.004350955), (-0.0110567, 0.0256177, 0.004419083), (-0.0270954, 0.0177139, 0.012979037), (-0.0339672, 0.00652958, 0.018613199), (-0.0320616, -0.00894042, 0.016114045), (-0.0287869, -0.0132796, 0.012782249), (-0.0285375, -0.0136305, 0.012715086), (-0.0285741, -0.0136228, 0.012821117), (-0.0288192, -0.0132489, 0.012882121), (-0.00829784, 0.0261463, 0.0034183695), (-0.0245197, 0.0196946, 0.0118810935), (-0.0274208, 0.017413, 0.013267169), (-0.0273131, 0.0174316, 0.013224064), (-0.0280294, 0.016545, 0.014126626), (-0.0283502, 0.0161983, 0.014705929), (-0.0207874, -0.019736, 0.0065180925), (-0.0324632, -0.00798472, 0.016279005), (-0.0326217, -0.0074363, 0.016146842), (-0.0251646, 0.0193175, 0.012385903), (-0.0245576, 0.019671, 0.012131867), (-0.0245923, 0.0196774, 0.012089404), (-0.0251836, 0.0193395, 0.012340797), (-0.0343842, -0.000657041, 0.019135194), (-0.0344691, -0.000489196, 0.019265149), (-0.034273, -0.000645991, 0.019003466), (-0.034572, 0.00383909, 0.01980077), (-0.0345004, 0.00382078, 0.019669443), (-0.0345793, 0.003656, 0.019763742), (-0.0237922, -0.018573, 0.009012891), (-0.0244035, -0.0181147, 0.009252162), (-0.0344782, -0.000266981, 0.01959693), (-0.0326051, -0.00702818, 0.016035141), (-0.0181908, 0.0232365, 0.007166187), (-0.0190753, 0.0227132, 0.0073459395), (-0.0331936, 0.00913092, 0.018283173), (-0.0340262, 0.00576391, 0.018551545), (-0.0339219, 0.00575312, 0.01850174), (-0.0268653, -0.0152671, 0.010643534), (-0.0232325, -0.0189183, 0.008698603), (-0.0232328, -0.0188875, 0.008615106), (-0.00339293, -0.0267264, 0.0012878506), (-0.0329416, -0.00543667, 0.016785903), (-0.0338484, -0.00156969, 0.017706761), (-0.003766, 0.0266745, 0.0020046842), (-0.0243474, -0.0180972, 0.00928286), (-0.023742, -0.0185776, 0.009053304), (-0.0218108, -0.0193708, 0.007426618), (-0.0218946, -0.0194227, 0.007517965), (-0.023186, -0.0189499, 0.008743262), (-0.0225045, -0.0193242, 0.008295709), (-0.0287524, -0.013205, 0.012974851), (-0.00584902, 0.0263273, 0.002479928), (-0.0325088, 0.0115158, 0.018495891), (-0.0251361, -0.0174618, 0.009449699), (-0.0336505, 0.00735205, 0.018963076), (-0.0341519, 0.00544558, 0.018643), (-0.00456113, 0.0267301, 0.0022855045), (-0.00376773, 0.0268118, 0.0021173945), (-0.0260935, -0.016285, 0.009502977), (-0.0262208, -0.0158157, 0.009522832), (-0.0260165, -0.016292, 0.009385242), (-0.033636, -0.00236828, 0.017084885), (-0.0337266, -0.00196092, 0.017311176), (-0.0343078, 0.00464939, 0.01933218), (-0.0342423, 0.00506793, 0.018907713), (-0.0182643, -0.0216781, 0.0047577177), (-0.0132775, -0.0246572, 0.0036219994), (-0.0231905, -0.0188614, 0.008508657), (-0.0267693, -0.0153177, 0.010609824), (-0.0181619, -0.0216698, 0.0044020405), (-0.0216912, -0.0193492, 0.007338092), (-0.00377055, 0.026754, 0.002049402), (-0.0276672, 0.0170936, 0.013673867), (-0.00370893, 0.0267843, 0.0023294725), (-0.0344066, -0.000563755, 0.019563612), (-0.028514, -0.0136232, 0.0129293045), (-0.0288075, -0.0132203, 0.012948715), (-0.0285662, -0.0136198, 0.012898382), (-0.0336736, -0.0037022, 0.01785864), (-0.0339593, 0.00536889, 0.018208208), (-0.0343902, 0.00380458, 0.019534575), (-0.0245764, 0.0196856, 0.011998952), (-0.0263429, -0.0158933, 0.0098369075), (-0.0347106, 0.00268941, 0.01956011), (-0.0339705, 0.00642475, 0.018750947), (-0.0330968, -0.00512179, 0.017282773), (-0.0331862, 0.0101444, 0.01783417), (-0.0287844, 0.015795, 0.015513259), (-0.0290971, -0.0126837, 0.012835192), (-0.0347821, 0.000933447, 0.018817667), (-0.0346701, 0.000906828, 0.018682918), (-0.0343218, -0.000838842, 0.019397158), (-0.0335751, -0.00281579, 0.017069371), (-0.0305813, 0.0136997, 0.015655505), (-0.0308049, 0.0133564, 0.015926722), (-0.034203, 0.00466543, 0.01927475), (-0.0312092, -0.00982858, 0.015343888), (-0.0335283, 0.00767893, 0.019449903), (-0.0349556, 0.00142999, 0.01892753), (-0.0349439, 0.00144003, 0.01900091), (-0.0339947, -0.0018176, 0.018089889), (-0.0337267, -0.00276517, 0.017538775), (-0.00247121, -0.0265748, 0.0010385113), (-0.00249686, -0.0266744, 0.0010656457), (-0.0333909, 0.00868729, 0.0187426), (-0.0310314, -0.0095647, 0.014953477), (-0.0275609, 0.0171211, 0.013626769), (-0.0322628, 0.0117458, 0.018340355), (-0.0322853, 0.0117468, 0.018273134), (-0.0324436, 0.0114888, 0.018506229), (-0.0213027, 0.0210312, 0.00880509), (-0.0286153, 0.0159604, 0.015084643), (-0.0336244, -0.00277107, 0.017492363), (-0.0182496, -0.0216641, 0.004508792), (-0.0199987, -0.0205423, 0.005964781), (-0.0181351, 0.0231857, 0.00733061), (-0.0206106, 0.0214014, 0.008070597), (-0.0313537, -0.00933628, 0.015389666), (-0.0325882, -0.00660066, 0.015617499), (-0.0221435, 0.0208353, 0.00986388), (-0.00245091, -0.026471, 0.0010399183), (-0.0335256, -0.00330731, 0.017207172), (-0.00589489, 0.026532, 0.002623004), (-0.0300191, 0.0145027, 0.015344346), (-0.0337774, 0.00749497, 0.01941304), (-0.0337538, 0.00752637, 0.019313872), (-0.0330531, -0.00546051, 0.016904416), (-0.0172137, 0.0237204, 0.0071224705), (-0.0339895, 0.00647913, 0.018700242), (-0.0271903, -0.0149487, 0.011296325), (-0.0210385, -0.0198988, 0.0067567048), (-0.0321989, 0.0117435, 0.018358454), (-0.0334299, -0.00500539, 0.017912427), (-0.033846, -0.00241212, 0.017543277), (-0.0333446, 0.00899054, 0.018179094), (-0.0340478, 0.00492214, 0.018498251), (-0.00455838, 0.0265935, 0.002171017), (-0.029374, -0.0120786, 0.012780921), (-0.033014, 0.0100417, 0.017951744), (-0.0332892, 0.00870537, 0.018688409), (-0.0333867, 0.00828482, 0.019093458), (-0.0286738, 0.015797, 0.015469476), (-0.0348523, 0.000966968, 0.018942095), (-0.0310662, 0.0129928, 0.016366683), (-0.0346174, -0.000294422, 0.019447178), (-0.0345458, -0.000312006, 0.019316737), (-0.0326567, -0.00750852, 0.015956534), (-0.0298786, 0.014331, 0.015536556), (-0.0301515, 0.0139941, 0.015565518), (-0.0308856, 0.0131055, 0.016374948), (-0.0334648, 0.00795571, 0.019344542), (-0.0201367, -0.0203371, 0.0059075), (-0.0348859, 0.00144643, 0.019017449), (-0.0133162, 0.0250838, 0.005450682), (-0.0338972, 0.0069327, 0.018921899), (-0.0338327, 0.0069781, 0.01881212), (-0.00832369, 0.0261201, 0.0033466215), (-0.0334392, 0.00785579, 0.018947951), (-0.0279523, -0.0140429, 0.012167801), (-0.0343765, -0.000977895, 0.01906463), (-0.0290897, 0.0155485, 0.015636768), (-0.0291189, 0.0155712, 0.0155810565), (-0.0280345, -0.0140791, 0.01228246), (-0.0295325, 0.0147584, 0.015585789), (-0.0347851, 0.00144314, 0.018968863), (-0.0283345, -0.0138878, 0.012655615), (-0.0303401, 0.0140675, 0.01544504), (-0.0332962, 0.00911451, 0.018336637), (-0.0337588, 0.00733136, 0.019089852), (-0.00456683, 0.0266735, 0.0022178842), (-0.0338219, 0.00728954, 0.019200718), (-0.0337588, 0.00746196, 0.0194742), (-0.00374846, 0.0265791, 0.0019936126), (0.0063258, -0.0265113, 0.0028100947), (0.00404795, -0.0266546, 0.0021844697), (0.00394747, 0.0268267, 0.0015754368), (0.00635322, 0.0267232, 0.0017823356), (0.0139609, 0.0243656, 0.0025457204), (0.0132173, 0.0247674, 0.0023186742), (0.0133397, 0.0247837, 0.0023897982), (0.014077, 0.0243945, 0.002616317), (0.0185606, 0.0234523, 0.0059819375), (0.0192436, 0.0232539, 0.0063864924), (0.0192919, 0.0232327, 0.0063374527), (0.0186212, 0.0234129, 0.005945018), (0.00848844, -0.0263767, 0.0037474583), (0.00643768, -0.0266872, 0.0030844759), (0.00647868, -0.026642, 0.0030186726), (0.00852094, -0.0263499, 0.0036739488), (0.0326301, -0.00810189, 0.017651763), (0.0325341, -0.00849688, 0.017643813), (0.0325999, -0.00852193, 0.017634401), (0.0326963, -0.00810083, 0.017636886), (0.0159671, -0.0235064, 0.005986007), (0.0167254, -0.0231493, 0.006594014), (0.014594, -0.0241889, 0.0052716625), (0.015293, -0.0238361, 0.0055649653), (0.0320567, 0.0115761, 0.015658803), (0.0318878, 0.0119286, 0.015258228), (0.0317786, 0.0119416, 0.015209812), (0.0319481, 0.0116029, 0.015603356), (0.0344735, 0.00486073, 0.01948414), (0.0343765, 0.00519204, 0.01942152), (0.0342673, 0.00518804, 0.019369334), (0.0343674, 0.00483786, 0.019433782), (-0.00252234, -0.0267569, 0.0011172481), (-0.00254358, -0.0268067, 0.0011857436), (0.0272116, 0.0175708, 0.010903971), (0.0275709, 0.0170953, 0.0110117085), (0.0275313, 0.0170953, 0.010900969), (0.0271701, 0.0175963, 0.010796373), (0.0345291, -0.0000108559, 0.02007378), (0.0344473, -0.000360871, 0.019970305), (0.0345089, -0.000335403, 0.019955553), (0.0345924, -0.0000138216, 0.020058548), (0.0339788, -0.00240309, 0.018638944), (0.0340799, -0.00193593, 0.018898891), (0.0339706, -0.00197195, 0.018841086), (0.0338674, -0.0024258, 0.018582435), (0.0334936, -0.00445509, 0.01859631), (0.0336038, -0.0039013, 0.018310135), (0.0337188, -0.00386005, 0.018441536), (0.033608, -0.00440987, 0.018725773), (0.0346009, 0.000325089, 0.020049447), (0.0344903, 0.000335197, 0.01999047), (0.034418, -0.0000160144, 0.02001821), (0.0288591, -0.0134855, 0.014238049), (0.0285358, -0.0140251, 0.014065799), (0.0101472, -0.0260436, 0.0041175177), (0.00850795, -0.0263205, 0.0035869796), (0.00845066, -0.0262949, 0.0035025398), (0.0100664, -0.0260293, 0.0040289955), (0.0211605, 0.0222567, 0.0066078044), (0.0202778, 0.0226816, 0.0064355643), (0.0204127, 0.0226905, 0.0065317093), (0.0212896, 0.0222589, 0.0067052036), (0.0244317, -0.0187995, 0.011160229), (0.0247522, -0.0184138, 0.011471839), (0.0246342, -0.0184391, 0.011427713), (0.0243165, -0.0188069, 0.011124451), (0.0291736, -0.0129413, 0.014592824), (-0.00244035, -0.0263818, 0.0010809636), (0.0234617, -0.0198483, 0.010412049), (0.0225369, -0.0204885, 0.010135121), (0.0207563, -0.0213441, 0.009465579), (0.0200949, -0.0215262, 0.009087928), (0.0194384, -0.021717, 0.008659142), (0.0186885, -0.0219736, 0.008072143), (0.0128152, -0.0251704, 0.0048992964), (0.013869, -0.0246239, 0.0050634956), (0.0137737, -0.0246132, 0.005061448), (0.0127253, -0.025162, 0.004898627), (0.017749, -0.0223515, 0.0072296383), (0.0168051, -0.0227973, 0.0063635283), (0.0160378, -0.0232626, 0.0056885905), (0.0166018, 0.0238815, 0.004593528), (0.0155565, 0.0241015, 0.0038168028), (0.0112919, -0.025682, 0.0043219775), (0.00994801, -0.0260192, 0.003953837), (0.00107433, 0.0269747, 0.0018984851), (-0.00151713, 0.0269007, 0.0020597929), (0.0196249, 0.0229428, 0.006231047), (0.0197529, 0.022962, 0.00632347), (0.0296906, -0.0125959, 0.015472323), (0.0293389, -0.0130649, 0.014978054), (0.0293667, -0.0130251, 0.01492264), (0.0297191, -0.0125296, 0.015427568), (0.0252895, 0.0195165, 0.010317401), (0.0248785, 0.0197706, 0.009818321), (0.0247684, 0.0197945, 0.009785157), (0.0251847, 0.0195302, 0.010292632), (0.0290096, 0.0154222, 0.012751643), (0.0284822, 0.0157804, 0.011960562), (0.0285923, 0.0158334, 0.012061607), (0.0291193, 0.0154767, 0.012852761), (0.0256288, 0.0192682, 0.010640014), (0.0255264, 0.0192668, 0.010620097), (0.0309745, 0.0142337, 0.015043675), (0.0306796, 0.0146282, 0.014945239), (0.0305773, 0.0146084, 0.01491171), (0.0308723, 0.014201, 0.015007369), (0.0254639, 0.0191368, 0.010196671), (0.0257652, 0.0189945, 0.010382275), (0.0347429, 0.0029255, 0.01852344), (0.0347831, 0.00239195, 0.018519795), (0.0326216, -0.00855685, 0.017573116), (0.0324615, -0.00904613, 0.017664254), (0.0324373, -0.00910801, 0.017574428), (0.0325963, -0.00859229, 0.017471388), (0.0347662, 0.00188176, 0.018649535), (0.0347094, 0.00137364, 0.018891823), (0.032815, -0.0076373, 0.017720671), (0.0327183, -0.0081012, 0.017569033), (0.0326949, -0.00810465, 0.01746249), (0.0327931, -0.00760665, 0.017622117), (0.032726, -0.00701448, 0.017688975), (0.0326113, -0.00757694, 0.01736344), (0.0343237, 0.00493053, 0.019013992), (0.0344236, 0.00463055, 0.018984277), (0.0330043, -0.00591975, 0.01855675), (0.032868, -0.00642423, 0.018139854), (0.0325271, -0.00862515, 0.017346835), (0.0326252, -0.00811208, 0.017331494), (0.0345756, 0.00444462, 0.01942904), (0.034696, 0.0038865, 0.019258806), (0.0347542, 0.00393854, 0.019247489), (0.034635, 0.00449187, 0.019416016), (0.0331204, 0.00884876, 0.017285854), (0.0332509, 0.00826876, 0.017132903), (0.033306, 0.00830995, 0.01711392), (0.0331749, 0.00889765, 0.017267093), (0.03125, 0.0136782, 0.015011372), (0.0314789, 0.013102, 0.014943214), (0.0315312, 0.0131398, 0.014916446), (0.031302, 0.0137243, 0.0149860075), (0.0256835, 0.0192537, 0.010602174), (0.025998, 0.018992, 0.010797209), (0.0260033, 0.0190027, 0.010716368), (0.025692, 0.019228, 0.0105222175), (0.0292677, -0.0130995, 0.014986873), (0.0296188, -0.0126516, 0.015471203), (0.0295025, -0.0126901, 0.015413297), (0.029154, -0.0131247, 0.014936063), (0.028646, -0.013906, 0.014486513), (0.0282813, -0.0143668, 0.014397373), (0.0283476, -0.0144081, 0.014386913), (0.0287146, -0.0139254, 0.014471088), (0.0141386, 0.0245257, 0.0029365849), (0.014842, 0.024289, 0.0032871063), (0.014901, 0.0242435, 0.0032484247), (0.0141899, 0.0245032, 0.0028822501), (0.0198953, 0.0230064, 0.0066744126), (0.0206024, 0.0226656, 0.0068831025), (0.0206243, 0.0226801, 0.0068325056), (0.0199282, 0.0230039, 0.0066233655), (0.0147006, -0.0241939, 0.0052776802), (0.018618, -0.0222788, 0.008336051), (0.0193774, -0.021917, 0.008982846), (0.0201702, -0.021577, 0.009483519), (0.020855, -0.0212384, 0.009854452), (0.0207382, -0.0212255, 0.009824319), (0.0200515, -0.021583, 0.00945711), (-0.000490699, -0.0269308, 0.0014423149), (0.00155075, -0.027, 0.0018416101), (0.0190542, 0.023095, 0.0059669414), (0.0262606, -0.0164522, 0.013362819), (0.0265596, -0.0162479, 0.0136239), (0.0266716, -0.0162479, 0.013745438), (0.0263679, -0.0164681, 0.013477398), (0.0167818, 0.0236153, 0.004487359), (0.0178109, 0.0234301, 0.005261618), (0.0177464, 0.0233583, 0.005188303), (0.0167182, 0.0235356, 0.0044242674), (0.0248451, -0.0182865, 0.011320839), (0.0245192, -0.0187656, 0.010975893), (0.0244577, -0.0187568, 0.010864072), (0.0247842, -0.0182504, 0.011216823), (0.02673, 0.0180568, 0.010979772), (0.0271615, 0.0175064, 0.01102109), (0.0272109, 0.0175386, 0.010984813), (0.0267772, 0.0180985, 0.010943729), (0.0249881, -0.0180312, 0.011892576), (0.0177505, 0.0236396, 0.0054040737), (0.0167099, 0.0238525, 0.0046050446), (0.0176442, 0.0236636, 0.005395462), (0.0123898, 0.0252075, 0.002238417), (0.0301382, -0.0119072, 0.016041365), (0.0297, -0.0124645, 0.015345746), (0.0296369, -0.012416, 0.015241553), (0.030074, -0.0118523, 0.015935756), (0.0332955, -0.00563701, 0.019050848), (0.0331876, -0.00597865, 0.018807894), (0.0331197, -0.00593841, 0.018690577), (0.0332259, -0.00561774, 0.018924177), (0.030037, 0.0151882, 0.014362366), (0.0303666, 0.0149247, 0.014716322), (0.0304237, 0.0149129, 0.0146875), (0.0300975, 0.0151511, 0.014343504), (0.0343943, -0.000070405, 0.01960332), (0.0344717, 0.000123581, 0.01962395), (0.0345846, 0.000155901, 0.01975824), (0.0345092, -0.0000530331, 0.019743105), (0.0169069, -0.0228373, 0.006441073), (0.0161428, -0.0232911, 0.0057720845), (0.0347561, 0.00118064, 0.019583985), (0.0346747, 0.000701711, 0.019890925), (0.0347385, 0.000649198, 0.019894257), (0.0348209, 0.00112185, 0.01959101), (0.0334716, 0.00742874, 0.017160837), (0.0335931, 0.00707284, 0.017379073), (0.0336555, 0.00703765, 0.017369682), (0.0335292, 0.00741909, 0.017137272), (0.0147583, -0.0241954, 0.0052339216), (0.0139115, -0.0246359, 0.0050204364), (0.0139026, -0.0246513, 0.0049429033), (0.0147705, -0.024198, 0.005156957), (0.0214772, 0.0222125, 0.0070069605), (0.0214552, 0.0222345, 0.0069202064), (0.020595, 0.0226888, 0.0067460504), (0.0333801, -0.00492788, 0.01884327), (0.0332856, -0.00521176, 0.018924868), (0.0222555, 0.0217123, 0.007158437), (0.0222488, 0.0217327, 0.0070745484), (0.025349, 0.0194788, 0.010291965), (0.0304332, 0.0148916, 0.014609811), (0.0307378, 0.0146592, 0.014834247), (0.0307029, 0.014669, 0.014724749), (0.0303991, 0.014863, 0.014500547), (0.0343476, -0.000790289, 0.01972393), (0.0344098, -0.000742079, 0.019715957), (0.0348502, 0.00345058, 0.018899461), (0.0349329, 0.00291658, 0.01879739), (0.0348575, 0.00292609, 0.01866275), (0.0347761, 0.00348193, 0.018771775), (0.0345494, 0.000399784, 0.019517815), (0.0346625, 0.000444472, 0.019647757), (0.0320946, -0.00949109, 0.01782593), (0.0317611, -0.0100309, 0.017887197), (0.0318254, -0.0100796, 0.017883772), (0.0321588, -0.00954604, 0.017826837), (0.0338252, 0.00629367, 0.018257024), (0.0336332, 0.00672554, 0.017698964), (0.0328394, -0.00724644, 0.018078646), (0.0327259, -0.00770274, 0.01779147), (0.0327933, -0.00767206, 0.017782986), (0.0329064, -0.00719444, 0.01807707), (0.0348341, 0.00167183, 0.019267192), (0.034897, 0.00162108, 0.019268597), (0.0324913, 0.0107765, 0.016820194), (0.0322762, 0.0111725, 0.01624291), (0.0321666, 0.011201, 0.0161847), (0.0323831, 0.0108016, 0.01676497), (0.0340423, -0.00237487, 0.018626817), (0.0341445, -0.00188579, 0.018893516), (0.0339006, -0.00326239, 0.01847589), (0.0338129, -0.00373449, 0.018646246), (0.0337866, -0.00380137, 0.018556446), (0.0338728, -0.00330589, 0.018374134), (0.0330182, 0.00954204, 0.017238889), (0.0331482, 0.0089987, 0.017094275), (0.0330705, 0.00903295, 0.016968584), (0.0329406, 0.00957017, 0.017111514), (0.0336446, 0.00693616, 0.017212093), (0.0338023, 0.00649854, 0.017636238), (0.0337345, 0.0064298, 0.017528988), (0.0335729, 0.00688588, 0.017092215), (0.0344692, 0.00441039, 0.019374905), (0.0345881, 0.00384561, 0.019202441), (0.0349166, 0.00155404, 0.019221889), (0.03484, 0.00104717, 0.019547058), (0.0348154, 0.000967511, 0.019466499), (0.0348918, 0.001483, 0.019135656), (0.0349502, 0.00195983, 0.018909251), (0.0348224, 0.00141833, 0.019022146), (0.0348791, 0.00191413, 0.018784754), (0.0346593, 0.00349235, 0.01863358), (0.0339515, -0.00282286, 0.018328529), (0.0338032, -0.00334419, 0.01824861), (0.0338808, -0.00283633, 0.018196471), (0.0336224, 0.00638176, 0.017406426), (0.0338182, 0.00591838, 0.01798256), (0.0329522, 0.00904586, 0.016836738), (0.0330857, 0.00842648, 0.016676025), (0.0331845, 0.00895126, 0.017198894), (0.0333158, 0.00835359, 0.01704347), (0.033282, 0.00839226, 0.016938237), (0.034867, 0.00335809, 0.01906554), (0.0348812, 0.0034063, 0.019002018), (0.0347662, 0.00399697, 0.019183764), (0.0312661, 0.0138194, 0.014804319), (0.0314976, 0.0132123, 0.014731967), (0.0314171, 0.0132333, 0.014606176), (0.0311845, 0.0138496, 0.014679318), (0.034158, 0.00551175, 0.01917387), (0.0340163, 0.00586445, 0.018812057), (0.0348896, 0.00285455, 0.018995354), (0.0348081, 0.00331292, 0.01907887), (0.0347018, 0.00327868, 0.019024223), (0.0347817, 0.00283202, 0.018941551), (0.0321226, 0.011521, 0.015660124), (0.0323415, 0.0111112, 0.016247822), (0.0323634, 0.0110298, 0.01621128), (0.0321412, 0.0114472, 0.015615267), (0.0329916, 0.00941403, 0.017437143), (0.0328815, 0.00983019, 0.017478975), (0.0327759, 0.00981107, 0.017434077), (0.0328856, 0.00938043, 0.017390408), (0.0324428, -0.00898781, 0.01771862), (0.0321795, -0.00961478, 0.017778052), (0.0339986, 0.00604508, 0.018210582), (0.034183, 0.00564335, 0.018744616), (0.0341147, 0.00557698, 0.01863467), (0.0339298, 0.00597037, 0.0181042), (0.0332109, -0.00603157, 0.018900128), (0.0330713, -0.00656215, 0.018471861), (0.0330474, -0.00649778, 0.018383564), (0.0342135, -0.00135737, 0.019313082), (0.0342374, -0.000825409, 0.01966517), (0.0341037, -0.00139639, 0.019253267), (0.0178727, -0.0226138, 0.0074828016), (0.0169277, -0.0230525, 0.006615775), (0.0169671, -0.0229769, 0.0065776273), (0.0179116, -0.0225364, 0.0074456627), (0.00847595, 0.0266244, 0.002339161), (0.00846174, 0.0266107, 0.0022564672), (0.00659884, 0.0268109, 0.001985667), (0.00659974, 0.0268335, 0.0020653622), (0.0329813, -0.00668742, 0.018520117), (0.0330488, -0.00662871, 0.018520853), (0.00974605, 0.0264035, 0.002525367), (0.0107298, 0.0261031, 0.0025997106), (0.0106848, 0.0261075, 0.0025213042), (0.00971151, 0.0263986, 0.0024443886), (0.0313054, 0.0137744, 0.014910156), (0.0315347, 0.0131777, 0.0148395505), (0.0230174, 0.0209486, 0.0075217723), (0.023373, 0.0206581, 0.007854233), (0.0234321, 0.0206158, 0.007826871), (0.023071, 0.0209289, 0.007481081), (0.0260969, -0.01688, 0.013237294), (0.0256573, -0.0173535, 0.012578106), (0.0256465, -0.0172799, 0.012509229), (0.0260833, -0.0168181, 0.013159894), (0.0286819, 0.0159909, 0.012223555), (0.0292064, 0.0156424, 0.013009845), (0.0291848, 0.0155561, 0.012941491), (0.0286583, 0.015908, 0.01215137), (0.0325127, -0.00811913, 0.017196352), (0.032726, -0.00758479, 0.017498866), (0.0295268, -0.0123891, 0.015122772), (0.0299639, -0.0118215, 0.015816228), (0.0298974, 0.0149468, 0.013959334), (0.030207, 0.0148094, 0.014252413), (0.0101196, -0.0260824, 0.004317862), (0.0115581, -0.0257006, 0.0046840045), (0.0114669, -0.0256981, 0.0046848776), (0.0100167, -0.0260848, 0.0043222983), (0.0115226, -0.0256931, 0.004492383), (0.011425, -0.0256877, 0.0044034), (0.0241792, -0.0192519, 0.010793992), (0.0241163, -0.0192697, 0.010683605), (0.024004, -0.0192797, 0.010569623), (0.0281673, -0.0143445, 0.014347234), (0.0285345, -0.0138965, 0.01444128), (0.0289701, -0.0134837, 0.01436423), (0.0286482, -0.0140074, 0.014189799), (0.0333956, 0.00785814, 0.016874311), (0.0335123, 0.00738028, 0.016952906), (0.0334367, 0.00735688, 0.016819479), (0.0333207, 0.00786366, 0.016744312), (0.011595, -0.0257003, 0.0046438035), (0.0101738, -0.0260735, 0.004273608), (0.0101827, -0.0260596, 0.004202234), (0.0115813, -0.0256975, 0.004576206), (0.027453, 0.0170915, 0.010780687), (0.0270887, 0.0176128, 0.010678656), (0.0345636, 0.00072664, 0.019824954), (0.0336188, -0.00413772, 0.018965106), (0.0337279, -0.00362318, 0.018695183), (0.0336193, -0.00359946, 0.018633984), (0.0335066, -0.00411115, 0.018899884), (0.0128302, -0.025188, 0.004785971), (0.0127683, -0.0251968, 0.0046964847), (0.0138491, -0.0246629, 0.004846711), (0.0329296, -0.00713482, 0.0180258), (0.0342681, -0.00117931, 0.0191599), (0.0341359, -0.001781, 0.018740969), (0.034063, -0.00174147, 0.018616792), (0.0341948, -0.00113589, 0.019036947), (0.00113736, 0.0269669, 0.0016935559), (0.00414549, 0.0269455, 0.0017510183), (0.00411379, 0.0269073, 0.0016735386), (0.00111881, 0.0269195, 0.0016218893), (0.0338472, -0.00230122, 0.018188521), (0.0337653, -0.00284897, 0.018056365), (0.0349624, 0.00289993, 0.018905872), (0.0326667, 0.0101546, 0.017356398), (0.0264317, -0.0164986, 0.013587476), (0.0260226, -0.0167675, 0.013061164), (0.0202773, -0.0215543, 0.00938888), (0.019611, -0.0218196, 0.008933454), (0.0196018, -0.0217751, 0.008850521), (0.0202636, -0.0215426, 0.009295055), (0.0327253, -0.00728311, 0.018016618), (0.0326137, -0.00772672, 0.017735565), (0.0334941, -0.00488652, 0.018974256), (0.0319368, 0.0117808, 0.015091824), (0.0321177, 0.0113673, 0.015539061), (0.0320492, 0.0112964, 0.015436984), (0.0318641, 0.0117268, 0.014976413), (0.031939, 0.0112464, 0.015324092), (0.0321613, 0.0108136, 0.015925776), (0.0330544, 0.00950223, 0.017345807), (0.0133622, 0.0247993, 0.0027524915), (0.012606, 0.025152, 0.0026672161), (0.0270603, 0.0174765, 0.01099847), (0.0266298, 0.0180222, 0.010956388), (0.0274048, -0.0156598, 0.014178391), (0.0270438, -0.0160031, 0.0140604), (0.0269745, -0.0160314, 0.0139443455), (0.0273362, -0.015709, 0.014069553), (0.0217155, -0.0209685, 0.010010529), (0.0209336, -0.021309, 0.009673533), (0.0208673, -0.0213316, 0.009568854), (0.0216468, -0.0210138, 0.00990938), (0.0016257, -0.0269886, 0.0017952995), (-0.000452373, -0.0269266, 0.0013707129), (-0.000415057, -0.0268756, 0.0013063501), (0.00168339, -0.0269359, 0.001740353), (0.0349489, 0.00287668, 0.018977905), (0.0322739, 0.0108685, 0.016040381), (0.0336778, -0.00434153, 0.018838087), (0.0335648, -0.00482454, 0.01908993), (0.033017, 0.00881097, 0.017239861), (0.0336902, -0.00337341, 0.018114585), (0.0324132, -0.00865116, 0.017212085), (0.0328424, 0.0101301, 0.017300142), (0.032946, 0.00986781, 0.017377093), (0.0329111, 0.00987923, 0.01726602), (0.0328107, 0.0101073, 0.017189266), (0.0315145, -0.0104721, 0.017809214), (0.031213, -0.0107975, 0.017613215), (0.031235, -0.0107987, 0.017545), (0.0315362, -0.0105086, 0.017749785), (0.0329804, -0.00644847, 0.018269094), (0.0328384, -0.00703559, 0.0178189), (0.0155112, -0.0237895, 0.0054686153), (0.0147358, -0.0241973, 0.005059074), (0.0154967, -0.0237661, 0.005377673), (0.0316295, 0.0126468, 0.014932478), (0.0317486, 0.0122701, 0.0150224), (0.0318051, 0.0122575, 0.014995471), (0.0316829, 0.0126623, 0.014903489), (0.0241997, -0.019231, 0.010890726), (0.0236656, -0.019741, 0.010719697), (0.0236412, -0.0197873, 0.010628622), (0.019911, 0.0229938, 0.0065363655), (0.027565, 0.0170884, 0.01109374), (0.0272218, -0.0157418, 0.013951093), (0.0268626, -0.01605, 0.013824871), (0.0166123, 0.0234803, 0.004364652), (0.0176355, 0.0233085, 0.005118963), (0.0214455, 0.0221866, 0.007054921), (0.0205207, 0.0226485, 0.0068847705), (0.0213605, 0.022164, 0.007052787), (0.0125335, -0.0252026, 0.0045164595), (0.0198062, 0.0229968, 0.00667626), (0.0247616, 0.0194367, 0.009511798), (0.0251509, 0.019268, 0.00993846), (0.00394322, -0.0269735, 0.002450439), (0.00623248, -0.0267371, 0.0031374577), (0.0096447, 0.0263939, 0.0026091784), (0.00835237, 0.0266281, 0.0024296981), (0.00645842, 0.0268472, 0.0021617992), (0.0347881, 0.00209349, 0.019021418), (0.0348146, 0.00245719, 0.01894293), (0.0155655, 0.0237152, 0.00358173), (0.0147118, 0.0240125, 0.00297304), (0.014823, 0.0240553, 0.0030370816), (0.0156724, 0.0237688, 0.003640243), (0.0258491, 0.0189609, 0.010819687), (0.0265379, -0.0162748, 0.0140046505), (0.0268574, -0.0159075, 0.014189621), (0.012624, 0.0252122, 0.002400373), (0.0134311, 0.024796, 0.0024850385), (0.0125182, 0.0252144, 0.0023073975), (0.0302633, 0.0149228, 0.014683168), (0.0188186, -0.0221932, 0.008357398), (0.0188563, -0.0221277, 0.00831324), (0.0346436, 0.00120813, 0.01951601), (0.0290551, -0.0134882, 0.014587191), (0.0290351, -0.0134846, 0.0144846765), (0.0293476, -0.0129866, 0.014829813), (0.0331886, -0.00608899, 0.018952388), (0.0334115, -0.00503515, 0.019353865), (0.0333233, -0.00537563, 0.019350676), (0.03339, -0.00537386, 0.019337116), (0.0334772, -0.0050625, 0.019345872), (0.0244066, 0.0200069, 0.009085919), (0.0249428, 0.0197141, 0.009806723), (0.0249608, 0.0196396, 0.0097582145), (0.0244291, 0.019923, 0.009046869), (0.011717, 0.0256714, 0.0025056666), (0.0126909, 0.0252031, 0.002497671), (0.0116348, 0.0256806, 0.0024133972), (0.0319642, 0.0118375, 0.015184936), (0.021538, -0.0207896, 0.010141162), (0.0299317, 0.0152005, 0.014323558), (0.0295297, 0.0154836, 0.01377718), (0.00829662, -0.0264045, 0.0038021652), (0.0225443, -0.0202164, 0.010469338), (0.0234612, -0.019638, 0.010762382), (0.023989, -0.0191872, 0.01094295), (0.00972599, 0.0264033, 0.002584355), (0.00844147, 0.0266317, 0.0024021221), (0.0153275, -0.0237313, 0.0051913033), (0.0145424, -0.0241943, 0.0048665362), (0.00655348, 0.0268468, 0.0021288747), (0.0116683, 0.0256231, 0.0026702536), (0.0106482, 0.026081, 0.002681256), (0.00834204, -0.0262748, 0.0034320557), (0.030397, -0.0113385, 0.01647858), (0.0307384, -0.0110286, 0.016904788), (0.0308515, -0.0110378, 0.01703522), (0.0305084, -0.011361, 0.016601458), (0.0184587, 0.023467, 0.005977107), (0.0241034, -0.0191965, 0.01097873), (0.0179068, -0.022457, 0.0073855473), (0.016962, -0.0229012, 0.0065168273), (0.0178532, -0.0223918, 0.007311642), (0.0228515, 0.0207997, 0.007092498), (0.0232381, 0.0203917, 0.007499397), (0.034231, 0.00511359, 0.018943949), (0.0259141, -0.0167393, 0.012951943), (0.0318207, -0.0102077, 0.017745543), (0.0315113, -0.0105464, 0.01765072), (0.0314432, -0.0105803, 0.017529784), (0.0317495, -0.0102635, 0.017630126), (-0.00295168, 0.0266427, 0.0018731349), (0.00404593, 0.0268664, 0.0016103464), (0.00108079, 0.0268611, 0.001569517), (0.0242369, 0.0196986, 0.00882416), (0.0287368, -0.0139535, 0.014406737), (0.0287149, -0.0139825, 0.0143084545), (0.025587, -0.0172198, 0.012416572), (0.035, 0.00244332, 0.01890698), (0.0349702, 0.00242862, 0.018794298), (0.0278728, -0.0151176, 0.014216934), (0.0278037, -0.0151727, 0.014107645), (0.0334087, -0.00537824, 0.019267052), (0.0334955, -0.00510224, 0.019284332), (0.0343458, 0.00542192, 0.019158632), (0.0344498, 0.00517154, 0.019327475), (0.03442, 0.00515301, 0.019216197), (0.0343177, 0.00537079, 0.019059442), (0.0269713, -0.015919, 0.014233381), (0.0266543, -0.0162676, 0.014046859), (0.0267253, -0.0162613, 0.01402719), (0.02704, -0.0159423, 0.0142175155), (0.0283677, -0.0144606, 0.014329703), (0.0156642, 0.0240733, 0.0038260014), (0.0157318, 0.0240123, 0.0038038786), (0.0299399, -0.0121478, 0.01609916), (0.0303779, -0.0116092, 0.016788688), (0.030322, 0.0148353, 0.01437444), (0.030011, 0.0149876, 0.014074034), (0.0300827, 0.0150402, 0.014185782), (0.0310301, 0.014317, 0.014941613), (0.0309909, 0.0143551, 0.014833089), (0.032557, 0.0107237, 0.016822122), (0.0325746, 0.0106515, 0.016775265), (0.0323702, 0.0104536, 0.0164747), (0.0128482, -0.0251795, 0.004858068), (0.0278946, 0.0167177, 0.011316612), (0.0282452, 0.0163872, 0.011698292), (0.0282615, 0.0163317, 0.011637841), (0.0279032, 0.016692, 0.01123725), (0.0340803, -0.00111595, 0.01890296), (0.0339492, -0.00172537, 0.01848199), (0.0346648, 0.00029339, 0.020042628), (0.0243486, -0.0187512, 0.010749533), (0.0246763, -0.0182306, 0.011108188), (0.0254784, -0.0171854, 0.01231048), (0.0250379, -0.0177088, 0.011631775), (0.027514, 0.0170778, 0.0111320205), (0.0278395, 0.0167339, 0.011349923), (-0.000373111, -0.0265147, 0.0012510583), (0.00166408, -0.02662, 0.0016210086), (0.00171456, -0.0266882, 0.0016206363), (-0.000358475, -0.0265985, 0.0012204784), (0.0311439, -0.0108012, 0.017627766), (0.0314463, -0.0104466, 0.0178177), (0.0313338, -0.0104361, 0.017762743), (0.031031, -0.0108083, 0.017576952), (0.0187376, -0.0222479, 0.008367985), (0.0194964, -0.0218973, 0.009012027), (0.0148928, 0.0241168, 0.0031121986), (0.015736, 0.0238454, 0.003703422), (0.0331123, -0.00561239, 0.018788565), (0.0332, -0.00540796, 0.018890293), (0.0333141, -0.00539735, 0.01902838), (0.00647658, -0.0265911, 0.0029422173), (0.00642685, -0.0265453, 0.0028689061), (0.0312145, -0.0107996, 0.017442279), (0.0309163, -0.0110623, 0.017154438), (0.0311473, -0.0108051, 0.017316863), (0.0343116, -0.000274368, 0.019511465), (0.0195449, -0.0217396, 0.008755278), (0.0202035, -0.0215317, 0.009189898), (0.0307271, -0.0111799, 0.017266436), (0.0195753, -0.0218619, 0.008991651), (0.0202461, -0.0215669, 0.009456135), (0.0222006, 0.0217509, 0.006968451), (0.0226947, 0.0212858, 0.007097237), (0.022614, 0.0212755, 0.00698602), (0.0221123, 0.0217578, 0.006858802), (0.0338953, -0.00280551, 0.018523486), (0.0339591, -0.00280634, 0.01850788), (0.0328357, 0.00988405, 0.017136853), (0.0349837, 0.00245493, 0.01897884), (0.0349612, 0.00205129, 0.019072147), (0.0349775, 0.0020073, 0.019010244), (0.0345457, 0.00490613, 0.019394627), (0.0346471, 0.00454195, 0.019350294), (0.0346146, 0.00458648, 0.019247575), (0.0345146, 0.00492305, 0.019285992), (0.0282326, 0.0162697, 0.011549187), (-0.00154067, 0.0268708, 0.0017759929), (-0.00153045, 0.0269258, 0.001844393), (0.033121, -0.00614092, 0.018955773), (0.0347577, 0.000582298, 0.019846946), (0.0347235, 0.00169431, 0.01920278), (0.0342117, -0.000591822, 0.019297564), (0.0346831, 0.00024905, 0.019983096), (0.0346578, 0.000201315, 0.01988474), (0.0347342, 0.000509394, 0.019763365), (0.0340026, 0.00552897, 0.018510953), (0.0305643, -0.0115208, 0.016845088), (0.030128, -0.0120459, 0.016162897), (0.0301563, -0.0119736, 0.016120289), (0.0305908, -0.0114618, 0.016796196), (0.0314585, 0.012672, 0.014454095), (0.0312983, 0.0132386, 0.01447781), (0.0315766, 0.0126805, 0.014582347), (-0.00170424, -0.0268709, 0.0012146154), (-0.00172611, -0.0268719, 0.0012929053), (-0.00255755, -0.0268099, 0.0012656644), (0.0348986, 0.0024092, 0.018661598), (0.0263474, 0.0186696, 0.010823903), (0.0267772, 0.0181431, 0.010863359), (0.0267347, 0.0181817, 0.010758694), (0.0263074, 0.0187024, 0.010719753), (0.0347357, 0.00405116, 0.019084495), (0.0315929, 0.0121579, 0.014553398), (0.0317515, 0.0116873, 0.014856343), (0.0252171, -0.017867, 0.01190314), (0.0252053, -0.0177978, 0.011830449), (0.0321551, -0.00968666, 0.01769303), (0.0328658, -0.00672915, 0.018456353), (0.0332029, 0.00841827, 0.01681), (0.0274146, 0.0170644, 0.011110097), (0.0277366, 0.0167341, 0.0113240685), (0.0041353, -0.0267036, 0.0022199561), (0.0300553, -0.0121076, 0.01615939), (0.0304933, -0.0115722, 0.016846247), (0.0215339, -0.0210399, 0.009806446), (0.0226503, -0.0204587, 0.0102419695), (0.0136311, -0.0246744, 0.0046575153), (0.00413006, -0.0269076, 0.0023878906), (0.00417294, -0.0268424, 0.0023326406), (0.0178153, 0.0235838, 0.005380445), (0.02165, -0.0208162, 0.010174139), (0.0226568, -0.0202439, 0.010504706), (0.0103333, 0.0260892, 0.0022913765), (0.00939079, 0.0263585, 0.0022196195), (0.00952658, 0.0263733, 0.0022785708), (0.010475, 0.0261, 0.0023533262), (0.0344394, 0.00493254, 0.019152386), (0.0345385, 0.00461897, 0.019118879), (0.0349223, 0.00246066, 0.018996801), (0.0348968, 0.00208373, 0.019078843), (0.0278701, 0.016661, 0.011131271), (0.0309104, 0.014379, 0.014709394), (0.0316897, 0.0126737, 0.014823286), (0.0332985, -0.00569378, 0.019216707), (0.0333188, -0.00566324, 0.019151429), (0.0134562, 0.0248097, 0.0027350741), (0.0134942, 0.0248103, 0.0026737612), (0.025949, 0.018978, 0.010838593), (0.0262991, 0.0185934, 0.0109408405), (0.0263474, 0.0186319, 0.010902873), (0.0226828, 0.0212827, 0.0073347404), (0.0225848, 0.0212698, 0.007327666), (0.0229158, 0.0209494, 0.0075111194), (0.0107201, 0.0260928, 0.0026581532), (0.0288457, -0.0135076, 0.01462421), (0.0345432, 0.00410608, 0.018820731), (0.0346594, 0.00409049, 0.01895687), (0.0238618, 0.0203173, 0.008354164), (0.0238852, 0.0202395, 0.008313293), (-0.00373528, 0.0268344, 0.0022682243), (-0.00375514, 0.026841, 0.0021943473), (0.0167771, 0.0237878, 0.004586828), (0.0168015, 0.0237037, 0.0045447797), (0.0157547, 0.0239308, 0.0037600659), (0.0191717, 0.0231253, 0.0060532265), (0.0185335, 0.0232403, 0.0057049682), (0.0186053, 0.0232961, 0.0057933363), (0.011743, 0.0256405, 0.0026485743), (0.0313287, -0.0106069, 0.017398149), (0.0316356, -0.0103018, 0.01750251), (0.0160865, -0.0234839, 0.006007425), (0.0154076, -0.0238303, 0.0055770786), (0.0154815, -0.0238122, 0.005541303), (0.0161662, -0.0234417, 0.0059851496), (0.0265319, 0.0182138, 0.01052967), (0.0261032, 0.0187256, 0.010492959), (0.0262234, 0.0187231, 0.01060329), (0.0266521, 0.0182075, 0.010642277), (0.0192941, 0.0232012, 0.0062550614), (0.018634, 0.0233564, 0.0058770864), (0.0338273, 0.00657423, 0.01771765), (0.0340221, 0.00612643, 0.01828836), (0.02543, -0.0175309, 0.012562976), (0.0316543, 0.0126798, 0.014711796), (0.0317845, 0.0122086, 0.014809831), (0.0317088, 0.0121822, 0.014681651), (0.0260636, -0.0169439, 0.013281747), (0.0256237, -0.0174287, 0.012616631), (0.0278789, -0.0149889, 0.0143572055), (0.0274081, -0.0155431, 0.014321853), (0.0274306, -0.0155998, 0.014267629), (0.0278987, -0.0150536, 0.01430421), (0.00840692, 0.026591, 0.002169439), (0.00655285, 0.0267819, 0.0019018869), (0.0323776, -0.00894125, 0.017719869), (0.0322655, -0.00891924, 0.01765981), (0.0319834, -0.00946311, 0.017765373), (0.0235745, -0.0198253, 0.010522577), (0.0188494, -0.0220624, 0.008244082), (0.0187941, -0.0220067, 0.008160442), (0.0227328, 0.0212889, 0.0072890013), (0.00647127, 0.0267502, 0.0018303194), (0.0184215, 0.0232, 0.0056264987), (0.00963735, 0.026388, 0.0023579872), (0.00831191, 0.0265684, 0.0020910217), (0.0147347, 0.0243062, 0.0032872458), (0.0191446, 0.0232566, 0.006385134), (0.0339359, 0.00626658, 0.018320318), (0.0337429, 0.00670015, 0.017759522), (0.0213901, 0.0222508, 0.0068146116), (0.0332302, -0.00572424, 0.019224688), (0.0331184, -0.00574686, 0.019168323), (0.0330099, -0.00617653, 0.01889552), (0.0343388, -0.000383373, 0.019915562), (0.0264154, -0.0165749, 0.013734034), (0.0264462, -0.0165364, 0.013677111), (0.0267541, -0.0162535, 0.013961648), (0.033544, 0.00740301, 0.017064389), (0.0336718, 0.00698903, 0.017308697), (0.0329058, -0.00707812, 0.017935084), (0.0244099, 0.0198354, 0.008985512), (0.0249393, 0.0195609, 0.009688943), (0.0248714, 0.0194875, 0.009601777), (0.0243443, 0.0197545, 0.008907319), (0.012665, -0.025202, 0.0046017393), (0.0329364, 0.00985086, 0.017453091), (0.0330462, 0.0094568, 0.017416257), (0.0309357, -0.0110917, 0.017249981), (0.030573, -0.0114045, 0.016711324), (0.0236897, 0.0200273, 0.008084327), (0.0233497, 0.0204337, 0.0075905626), (0.0237975, 0.0200793, 0.00816735), (0.0325517, 0.0105732, 0.016697124), (0.0326987, 0.0103168, 0.017022645), (0.0326275, 0.0102648, 0.016906125), (0.0324823, 0.0105039, 0.016592186), (0.0341255, 0.00583987, 0.018874055), (0.0341913, 0.00578861, 0.018876448), (0.0340016, 0.0062053, 0.018328607), (0.0283444, -0.0145133, 0.014239163), (0.0282737, -0.0145598, 0.01412639), (0.0306222, 0.0146694, 0.014597209), (0.030505, 0.0146623, 0.014472008), (0.0198502, 0.0229804, 0.0064303502), (0.0205211, 0.0226927, 0.006639985), (0.014155, 0.0244322, 0.0027055368), (0.0346331, 0.000847354, 0.019228356), (0.0347467, 0.000895835, 0.01935676), (-0.00296758, 0.0268181, 0.001929124), (-0.00296364, 0.0268749, 0.001996439), (0.0192536, 0.0231622, 0.0061561405), (0.0280502, 0.0161712, 0.01133762), (0.0276764, 0.0166014, 0.010898078), (0.027793, 0.0166279, 0.011012221), (0.0281619, 0.0162124, 0.011444851), (0.0285952, 0.0161273, 0.012266424), (0.0281841, 0.0164292, 0.011715098), (0.0280763, 0.0164449, 0.011678314), (0.028485, 0.016152, 0.012220565), (0.0338813, -0.00322406, 0.018536994), (0.0337933, -0.00367054, 0.01869542), (0.0269695, 0.0176128, 0.010565213), (0.0162061, -0.023388, 0.0059325), (0.016198, -0.0233369, 0.0058573713), (0.0319691, -0.00979053, 0.017450597), (0.0322536, -0.0091992, 0.017328123), (0.0323666, -0.00916228, 0.017457467), (0.0320834, -0.00975005, 0.017579779), (0.0251068, -0.0179955, 0.011943562), (0.0248266, -0.0183761, 0.0114598265), (0.0251844, -0.0179363, 0.0119435545), (0.0327182, 0.0098793, 0.017002948), (0.0326201, 0.0100595, 0.016928429), (0.0327362, 0.0100822, 0.017059466), (0.0335705, -0.0046919, 0.019226708), (0.0335916, -0.00475691, 0.019179747), (0.0255468, -0.0174918, 0.012614414), (0.0344267, -0.000276101, 0.019651573), (0.0343271, -0.000605803, 0.019433612), (0.0251455, -0.0177414, 0.011737543), (0.0270645, -0.0159723, 0.014155629), (0.0267351, -0.0162509, 0.013861904), (0.0149182, 0.0241824, 0.0031863905), (0.014194, 0.0244698, 0.002800448), (0.0253342, 0.0193648, 0.010138107), (0.0252625, 0.0193091, 0.010037163), (0.0292834, -0.0129553, 0.014715389), (0.0248588, -0.018331, 0.011406044), (0.0245359, -0.0187764, 0.011073153), (0.0332118, -0.00538069, 0.01929657), (0.0333008, -0.00502346, 0.019295827), (0.033363, 0.00781112, 0.017085275), (0.0332564, 0.00779058, 0.01703883), (0.0333654, 0.00742504, 0.017114267), (0.0134831, 0.0248055, 0.002584035), (0.0335067, -0.00464256, 0.019227292), (0.0308408, -0.0111578, 0.017320918), (0.0309121, -0.0111262, 0.017311186), (0.0336825, -0.00419489, 0.018967979), (0.0325145, 0.0102263, 0.016781382), (0.0238622, 0.0201557, 0.008246603), (0.0281609, -0.0145906, 0.014005405), (0.0227226, -0.0202936, 0.010487856), (0.0217172, -0.02086, 0.010154494), (0.021738, -0.0209141, 0.01009533), (0.0227433, -0.0203501, 0.010429189), (0.0337037, -0.0042668, 0.018923959), (0.00171979, -0.0268612, 0.001689261), (0.00173281, -0.0267745, 0.001646018), (0.00417576, -0.0267712, 0.0022730383), (0.0011174, 0.027, 0.001844338), (-0.00151808, 0.0269473, 0.0019983705), (0.0342465, 0.00532279, 0.018936051), (0.0327729, 0.0101576, 0.017401487), (0.0326506, 0.0104575, 0.017193582), (0.0325409, 0.0104689, 0.017143331), (0.0222134, 0.021688, 0.0072064917), (0.0221165, 0.0216642, 0.0071995733), (0.0276879, -0.0152076, 0.013987754), (0.034278, -0.00129959, 0.019310346), (0.0342943, -0.00123733, 0.019253394), (0.0344254, -0.00068952, 0.019655515), (0.028959, -0.0135013, 0.014670992), (0.032832, 0.0101499, 0.01737714), (0.00410014, 0.0269907, 0.0018942741), (0.00414344, 0.0269757, 0.0018279064), (0.0332036, 0.00785956, 0.016608968), (0.0333223, 0.00733477, 0.016686337), (0.032422, -0.00848652, 0.017587626), (0.0325187, -0.00810927, 0.0175983), (-0.000384158, -0.026794, 0.0012549675), (-0.00165024, -0.0267389, 0.0010957696), (-0.00162747, -0.026638, 0.0010678347), (-0.000364657, -0.0266978, 0.0012241268), (0.0243404, 0.0200698, 0.009092699), (0.0242308, 0.0200982, 0.009057159), (0.00113731, 0.0269967, 0.0017713443), (-0.00152319, 0.0269544, 0.0019214035), (0.0344369, 0.00518497, 0.019402398), (0.0345322, 0.00488374, 0.019466337), (0.0209261, -0.021259, 0.009829261), (0.0140396, 0.0245291, 0.0029494269), (0.0126901, 0.025171, 0.0026473426), (0.00635291, -0.0267223, 0.003127914), (0.00841375, -0.0263952, 0.0037952496), (0.0273427, -0.0154973, 0.014331995), (0.0272308, -0.0154722, 0.0142849125), (0.0278118, -0.014939, 0.014365197), (0.0276993, -0.0149115, 0.01431469), (0.0262242, -0.0166328, 0.013700717), (0.0237971, 0.0203777, 0.008363328), (0.0236894, 0.0204051, 0.008333138), (0.033816, -0.00319456, 0.018544834), (0.0209501, -0.0212843, 0.009763058), (0.0334854, 0.00708551, 0.017326146), (0.031818, 0.0122357, 0.014920648), (0.033962, -0.00230518, 0.018326765), (0.0290297, -0.0134942, 0.014653261), (-0.003766, 0.0266745, 0.0020046842), (-0.00296393, 0.026738, 0.0018832913), (-0.00167715, -0.0268205, 0.0011459291), (0.00405242, -0.0269537, 0.0024297128), (0.0235747, -0.0196596, 0.010798971), (0.0261998, 0.0185624, 0.01092008), (0.0333995, -0.00518416, 0.019059803), (0.0333843, -0.00538612, 0.019158835), (0.0334712, -0.00514401, 0.019185558), (0.0178344, 0.0235099, 0.0053289793), (0.0316495, -0.0100051, 0.01782712), (-0.00376773, 0.0268118, 0.0021173945), (0.0227348, 0.0212904, 0.00720358), (0.0286594, 0.0160693, 0.012263463), (0.0137578, -0.0246722, 0.0047486), (0.0295193, 0.0151329, 0.013492069), (0.00818701, 0.0265478, 0.0020375163), (0.00401492, 0.0269849, 0.0019361716), (-0.00377055, 0.026754, 0.002049402), (0.0338071, 0.0066475, 0.017761784), (-0.00370893, 0.0267843, 0.0023294725), (0.0327107, 0.0104219, 0.017180368), (0.0327289, 0.0103714, 0.017120723), (0.0310267, 0.0142746, 0.0150170475), (0.030732, 0.0146461, 0.01491383), (0.0255784, 0.0191636, 0.010302026), (0.0105957, 0.0261071, 0.0024337037), (0.0337852, -0.00281157, 0.018470023), (0.0334299, 0.00784753, 0.016986098), (0.0333956, -0.00461915, 0.01916424), (0.0345268, -0.000311415, 0.019889344), (0.0346091, -0.0000232745, 0.019987073), (0.0344982, -0.000289589, 0.0197819), (0.0345795, -0.0000379958, 0.019874902), (0.031846, -0.0101421, 0.017833835), (0.0291859, 0.0157259, 0.0130483005), (0.022719, -0.0204088, 0.01034348), (0.0341625, -0.00183063, 0.018836956), (0.0340606, -0.00234714, 0.018561417), (0.034033, -0.00232083, 0.01845561), (0.0236415, -0.0196956, 0.010778937), (0.0323388, 0.0109454, 0.016136663), (0.033145, 0.00823516, 0.017085543), (0.0230776, 0.020899, 0.0074001527), (0.0230426, 0.0208636, 0.0072980006), (-0.00293517, 0.0268952, 0.0021488855), (-0.00291367, 0.0268443, 0.0022103128), (0.0342666, 0.00550192, 0.019229447), (0.0343281, 0.00546847, 0.019219058), (0.0334188, 0.00782999, 0.017062107), (0.0291197, 0.0157889, 0.013046786), (0.0234478, 0.0205572, 0.0077672508), (0.0234205, 0.0204927, 0.007683662), (-0.00247121, -0.0265748, 0.0010385113), (-0.00249686, -0.0266744, 0.0010656457), (0.0259636, 0.0190066, 0.010609143), (0.0258824, 0.0190048, 0.010491077), (0.0307912, 0.0143852, 0.014583131), (0.0310333, -0.0108127, 0.017183347), (-0.00155618, 0.02671, 0.0017171003), (-0.0015478, 0.0267964, 0.0017290106), (0.00102938, 0.0267966, 0.0015496099), (0.0219902, 0.0217529, 0.0067600403), (0.0224954, 0.0212601, 0.0068863896), (0.0343449, 0.0051319, 0.019081637), (0.0328233, 0.00957678, 0.01698075), (0.034133, 0.00528662, 0.018804401), (-0.00295054, 0.0269048, 0.002073297), (0.0241741, -0.0192108, 0.010956732), (0.0146597, -0.0241952, 0.0049567563), (0.0154357, -0.0237459, 0.0052808085), (0.0177904, -0.0226766, 0.0074878954), (-0.00160648, -0.026445, 0.0011104482), (0.0290096, 0.0158182, 0.012998033), (-0.00245091, -0.026471, 0.0010399183), (0.0273354, 0.0170798, 0.01066463), (0.0113802, 0.0256768, 0.0022622216), (0.0168459, -0.023114, 0.006623791), (0.0229664, 0.0208288, 0.007190476), (0.0319483, 0.0118914, 0.01524527), (0.0259878, -0.0169988, 0.013283394), (0.0176713, -0.0227145, 0.007456232), (0.0296395, 0.0154606, 0.013824604), (0.025655, 0.0191961, 0.010416624), (0.0253654, 0.019424, 0.010228448), (0.0316447, 0.012269, 0.014982959), (0.0342093, 0.00571957, 0.01882895), (0.0334594, 0.00684972, 0.01696256), (0.0343992, -0.000641481, 0.019559363), (0.0339763, -0.00281355, 0.018436674), (0.0115186, 0.0256844, 0.0023268012), (0.0296295, 0.0151843, 0.013598595), (0.0337064, -0.00318455, 0.018487887), (0.0245061, -0.0187884, 0.011139334), (0.0232678, 0.020675, 0.00783244), (0.0313759, 0.0130717, 0.014904615), (0.0311498, 0.0136404, 0.014975108), (0.0315263, 0.012628, 0.014896321), (0.0310649, 0.0138589, 0.014552698), (-0.00161167, -0.0265352, 0.0010707962), (0.0258714, -0.0170327, 0.01323501), (0.0263413, -0.0166105, 0.013746265), (0.0127176, 0.0251878, 0.0025866257), (0.0117571, 0.0256571, 0.0025888972), (0.0296974, 0.0152531, 0.013695698), (0.0297224, 0.0153334, 0.013773051), (0.0297028, 0.0154059, 0.013818927), (0.0301124, 0.0150988, 0.014280313)]
        color3f[] primvars:displayColor = [(0.63247, 0.52204, 0.20831), (0.63749, 0.54212, 0.22839), (0.63247, 0.5371, 0.22839), (0.63247, 0.5371, 0.22839), (0.63247, 0.53208, 0.22588), (0.63247, 0.52204, 0.20831), (0.63498, 0.55969, 0.24847), (0.63749, 0.5622, 0.25098), (0.63247, 0.54714, 0.23592), (0.63247, 0.54714, 0.23592), (0.63749, 0.57224, 0.27357), (0.63498, 0.55969, 0.24847), (0.64, 0.54212, 0.23843), (0.63749, 0.5622, 0.25098), (0.63498, 0.55969, 0.24847), (0.63498, 0.55969, 0.24847), (0.64, 0.54965, 0.21835), (0.64, 0.54212, 0.23843), (0.62745, 0.50196, 0.19325), (0.63498, 0.52706, 0.2058), (0.63247, 0.51953, 0.19576), (0.63247, 0.51953, 0.19576), (0.63498, 0.51953, 0.21835), (0.62745, 0.50196, 0.19325), (0.63498, 0.53961, 0.2309), (0.62996, 0.53459, 0.22086), (0.62996, 0.54965, 0.24596), (0.63749, 0.54965, 0.24847), (0.63749, 0.54965, 0.23341), (0.64, 0.55969, 0.26102), (0.64, 0.55969, 0.26102), (0.63498, 0.55969, 0.24847), (0.63749, 0.54965, 0.24847), (0.62745, 0.50196, 0.19325), (0.63749, 0.52455, 0.21082), (0.64, 0.52204, 0.21082), (0.64, 0.52204, 0.21082), (0.62745, 0.49192, 0.17569), (0.62745, 0.50196, 0.19325), (0.63247, 0.51702, 0.21082), (0.63247, 0.51702, 0.21082), (0.63247, 0.52957, 0.21333), (0.63247, 0.55216, 0.24847), (0.63498, 0.52204, 0.20329), (0.63247, 0.52204, 0.20831), (0.63247, 0.52204, 0.20831), (0.64, 0.54965, 0.24094), (0.63247, 0.55216, 0.24847), (0.63247, 0.49443, 0.17067), (0.64, 0.53208, 0.22337), (0.62745, 0.51702, 0.21333), (0.62745, 0.51702, 0.21333), (0.63749, 0.52455, 0.22588), (0.63247, 0.49443, 0.17067), (0.62494, 0.5371, 0.23592), (0.63749, 0.5622, 0.256), (0.63749, 0.5622, 0.25098), (0.63749, 0.5622, 0.25098), (0.63247, 0.53208, 0.22588), (0.62494, 0.5371, 0.23592), (0.63749, 0.5622, 0.25098), (0.63749, 0.5622, 0.256), (0.63498, 0.54212, 0.21584), (0.63498, 0.54212, 0.21584), (0.64, 0.55467, 0.23843), (0.63749, 0.5622, 0.25098), (0.62996, 0.54965, 0.24094), (0.63247, 0.53961, 0.21333), (0.63749, 0.5622, 0.256), (0.63749, 0.5622, 0.256), (0.64, 0.57224, 0.26353), (0.62996, 0.54965, 0.24094), (0.63498, 0.53459, 0.22839), (0.63498, 0.53208, 0.21584), (0.62494, 0.50196, 0.1782), (0.62494, 0.50196, 0.1782), (0.63749, 0.52706, 0.22337), (0.63498, 0.53459, 0.22839), (0.63498, 0.53459, 0.22337), (0.63498, 0.53208, 0.22086), (0.63247, 0.53208, 0.22839), (0.63247, 0.53208, 0.22839), (0.62494, 0.51451, 0.21082), (0.63498, 0.53459, 0.22337), (0.64, 0.56722, 0.26102), (0.63247, 0.53459, 0.21082), (0.64, 0.56722, 0.27106), (0.64, 0.56722, 0.27106), (0.64, 0.56722, 0.256), (0.64, 0.56722, 0.26102), (0.63498, 0.53459, 0.22839), (0.63247, 0.512, 0.20078), (0.64, 0.56722, 0.27106), (0.64, 0.56722, 0.27106), (0.63749, 0.55216, 0.23592), (0.63498, 0.53459, 0.22839), (0.63498, 0.49694, 0.1782), (0.62494, 0.48188, 0.14808), (0.62243, 0.51953, 0.22337), (0.62745, 0.49192, 0.17569), (0.63247, 0.51702, 0.21082), (0.64, 0.54714, 0.22086), (0.64, 0.54714, 0.22086), (0.63749, 0.5371, 0.2058), (0.62745, 0.49192, 0.17569), (0.62996, 0.55216, 0.23843), (0.63247, 0.55467, 0.24094), (0.62996, 0.52957, 0.22588), (0.62996, 0.52957, 0.22588), (0.64, 0.54463, 0.24094), (0.62996, 0.55216, 0.23843), (0.63247, 0.50949, 0.18824), (0.63498, 0.52204, 0.20831), (0.62996, 0.54212, 0.24094), (0.62996, 0.54212, 0.24094), (0.62494, 0.54463, 0.24596), (0.63247, 0.50949, 0.18824), (0.64, 0.51702, 0.19576), (0.63247, 0.49945, 0.1782), (0.62243, 0.4869, 0.15059), (0.64, 0.55467, 0.26353), (0.63749, 0.50196, 0.16314), (0.64, 0.53961, 0.21082), (0.64, 0.53961, 0.21082), (0.62494, 0.52706, 0.22839), (0.64, 0.55467, 0.26353), (0.63749, 0.512, 0.19827), (0.64, 0.55467, 0.26353), (0.62494, 0.52706, 0.22839), (0.62494, 0.52706, 0.22839), (0.62996, 0.52706, 0.2058), (0.63749, 0.512, 0.19827), (0.64, 0.54714, 0.24847), (0.64, 0.53961, 0.24345), (0.63247, 0.4869, 0.17067), (0.63247, 0.4869, 0.17067), (0.63247, 0.4869, 0.17067), (0.64, 0.54714, 0.24847), (0.63247, 0.52957, 0.21333), (0.64, 0.54714, 0.22086), (0.63247, 0.51702, 0.21082), (0.62243, 0.51953, 0.22337), (0.63247, 0.51953, 0.22588), (0.63498, 0.49694, 0.1782), (0.62243, 0.50196, 0.18071), (0.63247, 0.51953, 0.2058), (0.62745, 0.51451, 0.20078), (0.62745, 0.51451, 0.20078), (0.63498, 0.53459, 0.22337), (0.62243, 0.50196, 0.18071), (0.63247, 0.53459, 0.2058), (0.62745, 0.51953, 0.17318), (0.62996, 0.54212, 0.22086), (0.62996, 0.54212, 0.22086), (0.63498, 0.54965, 0.23843), (0.63247, 0.53459, 0.2058), (0.63749, 0.53961, 0.21584), (0.63498, 0.55467, 0.25098), (0.64, 0.54212, 0.23843), (0.64, 0.54212, 0.23843), (0.64, 0.54965, 0.21835), (0.63749, 0.53961, 0.21584), (0.64, 0.53208, 0.22337), (0.63247, 0.49443, 0.17067), (0.63247, 0.54714, 0.23843), (0.63247, 0.54714, 0.23843), (0.62745, 0.5371, 0.22839), (0.64, 0.53208, 0.22337), (0.63498, 0.54463, 0.23843), (0.63498, 0.56722, 0.27357), (0.64, 0.56722, 0.27106), (0.64, 0.56722, 0.27106), (0.62996, 0.53459, 0.22086), (0.63498, 0.54463, 0.23843), (0.63247, 0.51702, 0.21082), (0.62745, 0.49192, 0.17569), (0.6149, 0.50196, 0.20329), (0.6149, 0.50196, 0.20329), (0.62494, 0.51451, 0.21082), (0.63247, 0.51702, 0.21082), (0.64, 0.54212, 0.2309), (0.63749, 0.54212, 0.23341), (0.63247, 0.51702, 0.21082), (0.63247, 0.51702, 0.21082), (0.62494, 0.51953, 0.21584), (0.64, 0.54212, 0.2309), (0.63247, 0.50949, 0.18824), (0.61992, 0.48188, 0.16314), (0.62494, 0.49945, 0.17067), (0.62494, 0.49945, 0.17067), (0.62996, 0.50949, 0.16816), (0.63247, 0.50949, 0.18824), (0.62996, 0.512, 0.16565), (0.63498, 0.512, 0.18322), (0.63247, 0.52204, 0.19325), (0.62996, 0.52957, 0.22337), (0.62996, 0.52957, 0.22337), (0.63749, 0.5371, 0.23341), (0.63749, 0.5371, 0.23341), (0.63498, 0.54965, 0.23843), (0.62996, 0.52957, 0.22337), (0.62996, 0.53208, 0.23341), (0.62996, 0.51953, 0.21584), (0.64, 0.51702, 0.20831), (0.64, 0.51702, 0.20831), (0.63247, 0.52706, 0.22337), (0.62996, 0.53208, 0.23341), (0.61992, 0.48188, 0.16314), (0.64, 0.51702, 0.19576), (0.61992, 0.49694, 0.16816), (0.61992, 0.49694, 0.16816), (0.62494, 0.49945, 0.17067), (0.61992, 0.48188, 0.16314), (0.64, 0.54965, 0.24345), (0.62494, 0.51451, 0.21082), (0.62243, 0.512, 0.20329), (0.63247, 0.51451, 0.18322), (0.63247, 0.54714, 0.23592), (0.62996, 0.5371, 0.21082), (0.63247, 0.5371, 0.22839), (0.63749, 0.54212, 0.22839), (0.63498, 0.53961, 0.2309), (0.63498, 0.53961, 0.2309), (0.63498, 0.54463, 0.23843), (0.63247, 0.5371, 0.22839), (0.62745, 0.50196, 0.19827), (0.63247, 0.50447, 0.20831), (0.62745, 0.512, 0.21082), (0.62745, 0.512, 0.21082), (0.62996, 0.51953, 0.21584), (0.62745, 0.50196, 0.19827), (0.63498, 0.51702, 0.19075), (0.62745, 0.50447, 0.17569), (0.62996, 0.51953, 0.21584), (0.62996, 0.51953, 0.21584), (0.63247, 0.51451, 0.21835), (0.63498, 0.51702, 0.19075), (0.63247, 0.52204, 0.19325), (0.63247, 0.52204, 0.19325), (0.62996, 0.512, 0.16565), (0.61741, 0.50447, 0.18071), (0.63749, 0.53459, 0.22337), (0.63247, 0.53208, 0.22588), (0.63247, 0.53208, 0.22588), (0.63498, 0.52204, 0.20831), (0.61741, 0.50447, 0.18071), (0.63247, 0.55467, 0.24094), (0.63247, 0.54714, 0.2309), (0.64, 0.5371, 0.23592), (0.64, 0.57976, 0.28361), (0.63247, 0.52957, 0.21835), (0.62996, 0.53459, 0.22588), (0.62996, 0.53459, 0.22588), (0.63498, 0.54463, 0.23592), (0.64, 0.57976, 0.28361), (0.62996, 0.51953, 0.19075), (0.63247, 0.53208, 0.20329), (0.64, 0.54714, 0.22086), (0.64, 0.54714, 0.22086), (0.62745, 0.51953, 0.17318), (0.62996, 0.51953, 0.19075), (0.62996, 0.5371, 0.21082), (0.63498, 0.52455, 0.19576), (0.63247, 0.51451, 0.18322), (0.63498, 0.54965, 0.23843), (0.63749, 0.55216, 0.24345), (0.63749, 0.54212, 0.22839), (0.63749, 0.54212, 0.22839), (0.62996, 0.54463, 0.23592), (0.63498, 0.54965, 0.23843), (0.63498, 0.54965, 0.21584), (0.64, 0.56722, 0.26102), (0.62494, 0.51953, 0.18322), (0.62494, 0.51953, 0.18322), (0.62745, 0.52957, 0.20078), (0.63498, 0.54965, 0.21584), (0.63247, 0.53459, 0.2309), (0.62996, 0.54714, 0.256), (0.63749, 0.53208, 0.22839), (0.63749, 0.53208, 0.22839), (0.63498, 0.53208, 0.22086), (0.63247, 0.53459, 0.2309), (0.63247, 0.55216, 0.24847), (0.64, 0.55467, 0.24596), (0.62745, 0.54212, 0.23341), (0.62745, 0.54212, 0.23341), (0.64, 0.56722, 0.27106), (0.63247, 0.55216, 0.24847), (0.63749, 0.53459, 0.22337), (0.63749, 0.53961, 0.21082), (0.63498, 0.53459, 0.20329), (0.63247, 0.52957, 0.23341), (0.63247, 0.52706, 0.22337), (0.63247, 0.54714, 0.23592), (0.62996, 0.52455, 0.18322), (0.63247, 0.56471, 0.2309), (0.64, 0.56722, 0.256), (0.64, 0.56722, 0.256), (0.63247, 0.54212, 0.19576), (0.62996, 0.52455, 0.18322), (0.62996, 0.52204, 0.19325), (0.62996, 0.51702, 0.20329), (0.63247, 0.52204, 0.21333), (0.63247, 0.52204, 0.21333), (0.63498, 0.53459, 0.20329), (0.62996, 0.52204, 0.19325), (0.62494, 0.53459, 0.22588), (0.63749, 0.5622, 0.25098), (0.64, 0.57224, 0.26353), (0.64, 0.57224, 0.26353), (0.63247, 0.55216, 0.24345), (0.62494, 0.53459, 0.22588), (0.63247, 0.49945, 0.1782), (0.64, 0.51702, 0.19576), (0.61741, 0.49443, 0.17067), (0.63247, 0.55216, 0.24847), (0.63498, 0.5371, 0.21333), (0.63498, 0.54714, 0.25098), (0.63498, 0.54714, 0.25098), (0.63749, 0.56973, 0.27608), (0.63247, 0.55216, 0.24847), (0.63498, 0.53208, 0.21584), (0.62996, 0.53459, 0.22588), (0.62745, 0.512, 0.2058), (0.62745, 0.512, 0.2058), (0.62494, 0.50196, 0.1782), (0.63498, 0.53208, 0.21584), (0.63749, 0.54965, 0.25349), (0.63749, 0.55216, 0.23592), (0.63749, 0.53961, 0.21584), (0.63749, 0.53961, 0.21584), (0.63749, 0.54965, 0.24847), (0.63749, 0.54965, 0.25349), (0.63498, 0.53459, 0.20329), (0.63247, 0.52204, 0.21333), (0.63749, 0.53459, 0.22337), (0.63749, 0.512, 0.19827), (0.63749, 0.52957, 0.20831), (0.63749, 0.52455, 0.21082), (0.63749, 0.52455, 0.21082), (0.62745, 0.50196, 0.19325), (0.63749, 0.512, 0.19827), (0.63498, 0.52706, 0.2058), (0.62494, 0.53459, 0.22588), (0.63247, 0.56722, 0.26353), (0.63247, 0.56722, 0.26353), (0.63498, 0.51451, 0.19827), (0.63498, 0.52706, 0.2058), (0.62494, 0.52204, 0.2058), (0.64, 0.56471, 0.23843), (0.62494, 0.51702, 0.18824), (0.62494, 0.51702, 0.18824), (0.62494, 0.52204, 0.20078), (0.62494, 0.52204, 0.2058), (0.62745, 0.51451, 0.19576), (0.63247, 0.51953, 0.2058), (0.63247, 0.52706, 0.22337), (0.61741, 0.49443, 0.17067), (0.63749, 0.51953, 0.19325), (0.63247, 0.49945, 0.1782), (0.62243, 0.512, 0.20329), (0.63498, 0.55467, 0.24596), (0.64, 0.54965, 0.24345), (0.63247, 0.53459, 0.2058), (0.63247, 0.53459, 0.21584), (0.63498, 0.5371, 0.23341), (0.63498, 0.5371, 0.23341), (0.64, 0.53961, 0.24345), (0.63247, 0.53459, 0.2058), (0.64, 0.5371, 0.23592), (0.62996, 0.52957, 0.22588), (0.63247, 0.55467, 0.24094), (0.63247, 0.52706, 0.22337), (0.63498, 0.53208, 0.24094), (0.63247, 0.50698, 0.20329), (0.63247, 0.50698, 0.20329), (0.63749, 0.54965, 0.24847), (0.63247, 0.52706, 0.22337), (0.63498, 0.54463, 0.23592), (0.63498, 0.54714, 0.24596), (0.63749, 0.54965, 0.24847), (0.63749, 0.54965, 0.24847), (0.62243, 0.5371, 0.22588), (0.63498, 0.54463, 0.23592), (0.63498, 0.54714, 0.24596), (0.62243, 0.50196, 0.18071), (0.63498, 0.53459, 0.22337), (0.62745, 0.55467, 0.23843), (0.63749, 0.56471, 0.24847), (0.63247, 0.55969, 0.24345), (0.63247, 0.55969, 0.24345), (0.63247, 0.55216, 0.24345), (0.62745, 0.55467, 0.23843), (0.62745, 0.52455, 0.22839), (0.63498, 0.54212, 0.24847), (0.62494, 0.54463, 0.24596), (0.62494, 0.54463, 0.24596), (0.63498, 0.53459, 0.2309), (0.62745, 0.52455, 0.22839), (0.63247, 0.54714, 0.23592), (0.63498, 0.5622, 0.24596), (0.63247, 0.52957, 0.23341), (0.63247, 0.53208, 0.22086), (0.63498, 0.51953, 0.21835), (0.62996, 0.55969, 0.25098), (0.62996, 0.55969, 0.25098), (0.63498, 0.5371, 0.23341), (0.63247, 0.53208, 0.22086), (0.61992, 0.51451, 0.21333), (0.62745, 0.512, 0.2058), (0.62745, 0.512, 0.2058), (0.63498, 0.53459, 0.22839), (0.63247, 0.51953, 0.20078), (0.63749, 0.51953, 0.22337), (0.63749, 0.51953, 0.22337), (0.63498, 0.55718, 0.24345), (0.63498, 0.53459, 0.22839), (0.63247, 0.51451, 0.18824), (0.63247, 0.53208, 0.20329), (0.62996, 0.50949, 0.17318), (0.62996, 0.50949, 0.17318), (0.63749, 0.53961, 0.21082), (0.63247, 0.51451, 0.18824), (0.62996, 0.53459, 0.22588), (0.64, 0.54212, 0.23843), (0.63247, 0.53208, 0.22086), (0.63247, 0.53208, 0.22086), (0.62494, 0.52204, 0.2058), (0.62996, 0.53459, 0.22588), (0.63498, 0.53459, 0.22337), (0.63498, 0.53961, 0.2309), (0.63498, 0.54714, 0.24596), (0.63247, 0.50949, 0.18824), (0.64, 0.55467, 0.26353), (0.63749, 0.512, 0.19827), (0.63247, 0.54714, 0.23843), (0.63749, 0.54212, 0.22839), (0.63247, 0.54212, 0.23341), (0.63247, 0.54212, 0.23341), (0.64, 0.56722, 0.27106), (0.63247, 0.54714, 0.23843), (0.63247, 0.51953, 0.19576), (0.64, 0.54965, 0.23592), (0.62996, 0.5371, 0.21082), (0.62996, 0.5371, 0.21082), (0.63247, 0.53961, 0.21333), (0.63247, 0.51953, 0.19576), (0.63498, 0.53459, 0.22337), (0.63247, 0.51953, 0.19576), (0.64, 0.54965, 0.23592), (0.64, 0.54965, 0.23592), (0.62996, 0.51702, 0.20329), (0.63498, 0.53459, 0.22337), (0.62745, 0.512, 0.2058), (0.62494, 0.52455, 0.21835), (0.61992, 0.51451, 0.21333), (0.63749, 0.52706, 0.21835), (0.63247, 0.53459, 0.2309), (0.63247, 0.52204, 0.20831), (0.63247, 0.52204, 0.20831), (0.63498, 0.51451, 0.19325), (0.63749, 0.52706, 0.21835), (0.63247, 0.52706, 0.22337), (0.63498, 0.53208, 0.22086), (0.62745, 0.51451, 0.19576), (0.64, 0.54463, 0.22588), (0.63247, 0.51953, 0.19576), (0.63247, 0.53961, 0.21333), (0.63247, 0.53961, 0.21333), (0.63749, 0.55216, 0.24345), (0.64, 0.54463, 0.22588), (0.62996, 0.53459, 0.21584), (0.60988, 0.49192, 0.16565), (0.62243, 0.512, 0.18322), (0.62243, 0.512, 0.18322), (0.62996, 0.49443, 0.15812), (0.62996, 0.53459, 0.21584), (0.63749, 0.512, 0.19827), (0.62996, 0.51702, 0.19325), (0.63247, 0.50949, 0.18824), (0.63498, 0.54714, 0.24596), (0.63247, 0.57725, 0.29616), (0.63247, 0.55467, 0.26353), (0.63247, 0.55467, 0.26353), (0.62494, 0.54463, 0.24094), (0.63498, 0.54714, 0.24596), (0.62745, 0.50196, 0.16816), (0.63498, 0.512, 0.18824), (0.63498, 0.54714, 0.25098), (0.64, 0.54212, 0.23592), (0.64, 0.55467, 0.24596), (0.63749, 0.55718, 0.24847), (0.63749, 0.55718, 0.24847), (0.63498, 0.54463, 0.23592), (0.64, 0.54212, 0.23592), (0.63498, 0.52455, 0.22086), (0.63749, 0.52957, 0.20329), (0.62745, 0.50196, 0.17318), (0.62745, 0.50196, 0.17318), (0.63247, 0.49945, 0.1782), (0.63498, 0.52455, 0.22086), (0.63498, 0.50447, 0.19827), (0.63247, 0.50698, 0.20329), (0.63749, 0.54965, 0.24847), (0.63247, 0.54212, 0.23592), (0.63749, 0.5622, 0.25098), (0.63498, 0.53459, 0.22839), (0.63498, 0.53459, 0.22839), (0.63749, 0.5371, 0.23341), (0.63247, 0.54212, 0.23592), (0.61992, 0.49443, 0.16565), (0.62745, 0.51451, 0.19576), (0.63498, 0.53208, 0.22086), (0.63498, 0.53208, 0.22086), (0.62996, 0.53961, 0.2309), (0.61992, 0.49443, 0.16565), (0.62996, 0.53459, 0.22588), (0.63247, 0.52957, 0.21835), (0.63498, 0.54212, 0.25349), (0.63498, 0.54212, 0.25349), (0.62745, 0.512, 0.2058), (0.62996, 0.53459, 0.22588), (0.64, 0.5371, 0.24094), (0.63498, 0.51953, 0.21835), (0.64, 0.54212, 0.2309), (0.64, 0.54212, 0.2309), (0.6149, 0.50196, 0.20329), (0.64, 0.5371, 0.24094), (0.63247, 0.52706, 0.22337), (0.62494, 0.512, 0.19827), (0.62745, 0.50196, 0.19325), (0.62745, 0.50196, 0.19325), (0.62745, 0.50698, 0.19075), (0.63247, 0.52706, 0.22337), (0.62996, 0.51953, 0.21584), (0.64, 0.54965, 0.24847), (0.63247, 0.54212, 0.23592), (0.63247, 0.54212, 0.23592), (0.63749, 0.53208, 0.2309), (0.62996, 0.51953, 0.21584), (0.63498, 0.51702, 0.19075), (0.62745, 0.51702, 0.18824), (0.62494, 0.53459, 0.23341), (0.62494, 0.53459, 0.23341), (0.64, 0.56471, 0.25349), (0.63498, 0.51702, 0.19075), (0.63498, 0.56471, 0.256), (0.63749, 0.55718, 0.24847), (0.64, 0.56722, 0.27106), (0.64, 0.56722, 0.27106), (0.62745, 0.54212, 0.23341), (0.63498, 0.56471, 0.256), (0.63749, 0.54463, 0.21333), (0.62745, 0.51953, 0.19827), (0.63749, 0.53459, 0.21333), (0.63749, 0.53459, 0.21333), (0.64, 0.53208, 0.20329), (0.63749, 0.54463, 0.21333), (0.62494, 0.51451, 0.2058), (0.63749, 0.5371, 0.2309), (0.63749, 0.53208, 0.22839), (0.63749, 0.53208, 0.22839), (0.61992, 0.51953, 0.21333), (0.62494, 0.51451, 0.2058), (0.63749, 0.51451, 0.21584), (0.63247, 0.52204, 0.20831), (0.62243, 0.50949, 0.19576), (0.62243, 0.50949, 0.19576), (0.63247, 0.50698, 0.20329), (0.63749, 0.51451, 0.21584), (0.62996, 0.52957, 0.22337), (0.63498, 0.53208, 0.22086), (0.63498, 0.52455, 0.19576), (0.63498, 0.52455, 0.19576), (0.63749, 0.52455, 0.21082), (0.62996, 0.52957, 0.22337), (0.63247, 0.53961, 0.24596), (0.64, 0.54463, 0.25098), (0.64, 0.52957, 0.21584), (0.63498, 0.54714, 0.22588), (0.64, 0.56722, 0.26102), (0.63749, 0.5622, 0.25098), (0.63749, 0.5622, 0.25098), (0.63749, 0.55969, 0.24596), (0.63498, 0.54714, 0.22588), (0.63498, 0.53459, 0.22337), (0.62745, 0.51451, 0.20078), (0.63749, 0.53961, 0.23592), (0.63749, 0.53961, 0.23592), (0.63498, 0.53961, 0.22588), (0.63498, 0.53459, 0.22337), (0.63498, 0.54714, 0.25098), (0.62494, 0.52455, 0.21835), (0.62745, 0.50196, 0.16816), (0.61992, 0.52455, 0.21082), (0.63749, 0.51953, 0.19325), (0.62996, 0.50196, 0.2058), (0.62996, 0.50196, 0.2058), (0.62494, 0.49694, 0.18322), (0.61992, 0.52455, 0.21082), (0.63247, 0.52957, 0.21835), (0.62745, 0.53961, 0.22337), (0.63749, 0.54965, 0.25851), (0.63749, 0.54965, 0.25851), (0.63498, 0.54212, 0.25349), (0.63247, 0.52957, 0.21835), (0.63498, 0.57224, 0.25349), (0.64, 0.5622, 0.24345), (0.63247, 0.56973, 0.25349), (0.63247, 0.56973, 0.25349), (0.63247, 0.55969, 0.24345), (0.63498, 0.57224, 0.25349), (0.63498, 0.54714, 0.25098), (0.63247, 0.55216, 0.24345), (0.63498, 0.54714, 0.24596), (0.63498, 0.54714, 0.24596), (0.63498, 0.54463, 0.23843), (0.63498, 0.54714, 0.25098), (0.63498, 0.54212, 0.24847), (0.63749, 0.5371, 0.2309), (0.62996, 0.53961, 0.23341), (0.64, 0.52957, 0.21584), (0.63498, 0.52455, 0.21082), (0.63247, 0.53961, 0.24596), (0.63247, 0.52204, 0.21333), (0.63247, 0.51953, 0.19576), (0.64, 0.54463, 0.22588), (0.64, 0.54463, 0.22588), (0.63749, 0.53459, 0.22337), (0.63247, 0.52204, 0.21333), (0.62996, 0.52455, 0.22337), (0.62745, 0.512, 0.2058), (0.63749, 0.53208, 0.2309), (0.63749, 0.53208, 0.2309), (0.63498, 0.52957, 0.22588), (0.62996, 0.52455, 0.22337), (0.63247, 0.54463, 0.24345), (0.64, 0.55216, 0.26102), (0.62494, 0.53459, 0.22839), (0.62494, 0.53459, 0.22839), (0.63498, 0.53961, 0.22588), (0.63247, 0.54463, 0.24345), (0.64, 0.5622, 0.26855), (0.63247, 0.54463, 0.24345), (0.62996, 0.53208, 0.20329), (0.62996, 0.53208, 0.20329), (0.64, 0.54965, 0.24094), (0.64, 0.5622, 0.26855), (0.63749, 0.54965, 0.24847), (0.64, 0.54965, 0.256), (0.63498, 0.50447, 0.19827), (0.63247, 0.50698, 0.20329), (0.63247, 0.50196, 0.19576), (0.63498, 0.51953, 0.21333), (0.63498, 0.51953, 0.21333), (0.62996, 0.49945, 0.19325), (0.63247, 0.50698, 0.20329), (0.62745, 0.512, 0.21082), (0.62745, 0.50196, 0.18824), (0.62745, 0.52706, 0.22086), (0.62745, 0.52706, 0.22086), (0.62996, 0.51953, 0.21584), (0.62745, 0.512, 0.21082), (0.63498, 0.53459, 0.22839), (0.63247, 0.52204, 0.21835), (0.62745, 0.52706, 0.22086), (0.61741, 0.50447, 0.18071), (0.62745, 0.52706, 0.22086), (0.62996, 0.53208, 0.21333), (0.62996, 0.53208, 0.21333), (0.64, 0.54212, 0.23843), (0.61741, 0.50447, 0.18071), (0.63498, 0.57224, 0.27357), (0.64, 0.56973, 0.256), (0.63749, 0.56471, 0.24345), (0.63247, 0.56722, 0.26855), (0.64, 0.57976, 0.28361), (0.63498, 0.54463, 0.23592), (0.63498, 0.51953, 0.21333), (0.62243, 0.49945, 0.17569), (0.62745, 0.50447, 0.17569), (0.62745, 0.50447, 0.17569), (0.62996, 0.50447, 0.19576), (0.63498, 0.51953, 0.21333), (0.62996, 0.54714, 0.256), (0.63247, 0.53459, 0.2309), (0.62745, 0.53208, 0.21333), (0.62745, 0.53208, 0.21333), (0.63498, 0.53208, 0.21082), (0.62996, 0.54714, 0.256), (0.63749, 0.55216, 0.24345), (0.63498, 0.53459, 0.22839), (0.63749, 0.55969, 0.24596), (0.63749, 0.55969, 0.24596), (0.64, 0.54463, 0.2309), (0.63749, 0.55216, 0.24345), (0.62243, 0.49443, 0.17569), (0.63247, 0.50949, 0.21082), (0.63498, 0.54965, 0.23843), (0.63498, 0.54965, 0.23843), (0.63498, 0.54212, 0.21082), (0.62243, 0.49443, 0.17569), (0.63498, 0.53208, 0.21082), (0.62745, 0.53208, 0.21333), (0.63498, 0.55718, 0.24345), (0.63498, 0.55718, 0.24345), (0.63498, 0.55467, 0.256), (0.63498, 0.53208, 0.21082), (0.62494, 0.52957, 0.21082), (0.63498, 0.53208, 0.21082), (0.63498, 0.55467, 0.256), (0.63498, 0.55467, 0.256), (0.63749, 0.54965, 0.24847), (0.62494, 0.52957, 0.21082), (0.63498, 0.52204, 0.20329), (0.63498, 0.5371, 0.23843), (0.62996, 0.54965, 0.24596), (0.62996, 0.54965, 0.24596), (0.63498, 0.54463, 0.23843), (0.63498, 0.52204, 0.20329), (0.63749, 0.56722, 0.25851), (0.62494, 0.50196, 0.1782), (0.63749, 0.53459, 0.23843), (0.63749, 0.54714, 0.26102), (0.62243, 0.51953, 0.22337), (0.62494, 0.48188, 0.14808), (0.62494, 0.48188, 0.14808), (0.63247, 0.50196, 0.16314), (0.63749, 0.54714, 0.26102), (0.64, 0.55969, 0.27106), (0.62996, 0.53459, 0.22588), (0.63749, 0.53961, 0.21082), (0.63749, 0.53961, 0.21082), (0.62996, 0.5371, 0.24345), (0.64, 0.55969, 0.27106), (0.62996, 0.5371, 0.24345), (0.63749, 0.53961, 0.21082), (0.62745, 0.53961, 0.21333), (0.62745, 0.53961, 0.21333), (0.63749, 0.54965, 0.24847), (0.62996, 0.5371, 0.24345), (0.62996, 0.53961, 0.23341), (0.64, 0.54714, 0.23341), (0.63498, 0.54212, 0.24847), (0.63749, 0.55216, 0.24094), (0.63247, 0.56722, 0.26353), (0.62745, 0.5371, 0.22839), (0.62745, 0.5371, 0.22839), (0.63247, 0.54463, 0.21835), (0.63749, 0.55216, 0.24094), (0.62745, 0.52706, 0.22086), (0.62745, 0.54212, 0.23341), (0.63498, 0.53459, 0.22839), (0.62745, 0.51702, 0.18824), (0.64, 0.55969, 0.256), (0.64, 0.56722, 0.27106), (0.64, 0.56722, 0.27106), (0.62494, 0.53459, 0.23341), (0.62745, 0.51702, 0.18824), (0.62745, 0.52706, 0.22086), (0.63247, 0.52204, 0.21835), (0.62745, 0.50698, 0.19075), (0.62745, 0.50698, 0.19075), (0.62996, 0.50698, 0.18322), (0.62745, 0.52706, 0.22086), (0.63749, 0.53459, 0.23843), (0.63498, 0.55969, 0.25349), (0.63749, 0.56722, 0.25851), (0.63247, 0.52957, 0.21333), (0.63247, 0.51451, 0.18824), (0.63247, 0.52204, 0.20831), (0.63498, 0.51451, 0.19325), (0.63247, 0.51953, 0.19576), (0.63247, 0.52706, 0.22337), (0.63247, 0.52706, 0.22337), (0.63749, 0.52706, 0.21835), (0.63498, 0.51451, 0.19325), (0.62745, 0.49192, 0.17569), (0.62996, 0.51702, 0.19827), (0.64, 0.5371, 0.24094), (0.63498, 0.54965, 0.24094), (0.63247, 0.54463, 0.24847), (0.63749, 0.54463, 0.25098), (0.63749, 0.54463, 0.25098), (0.64, 0.55969, 0.26102), (0.63498, 0.54965, 0.24094), (0.63498, 0.53208, 0.22086), (0.63749, 0.51702, 0.2058), (0.63247, 0.55467, 0.24094), (0.63247, 0.55467, 0.24094), (0.64, 0.5622, 0.27106), (0.63498, 0.53208, 0.22086), (0.63498, 0.51702, 0.19075), (0.63749, 0.50949, 0.19576), (0.62996, 0.50447, 0.19576), (0.64, 0.5371, 0.24094), (0.6149, 0.50196, 0.20329), (0.62745, 0.49192, 0.17569), (0.62996, 0.51953, 0.21584), (0.63247, 0.512, 0.20078), (0.62745, 0.50196, 0.19827), (0.62745, 0.50196, 0.19827), (0.64, 0.51702, 0.20831), (0.62996, 0.51953, 0.21584), (0.62745, 0.52706, 0.19827), (0.62243, 0.52204, 0.19325), (0.62745, 0.53208, 0.21333), (0.62745, 0.53208, 0.21333), (0.63247, 0.5371, 0.22839), (0.62745, 0.52706, 0.19827), (0.63498, 0.54463, 0.23592), (0.62996, 0.55216, 0.25851), (0.63247, 0.56722, 0.26855), (0.63247, 0.52204, 0.20831), (0.63247, 0.53459, 0.2309), (0.63247, 0.52957, 0.21333), (0.62745, 0.50949, 0.1782), (0.62494, 0.51953, 0.1782), (0.64, 0.55969, 0.256), (0.63749, 0.56722, 0.23341), (0.63498, 0.57224, 0.27357), (0.62996, 0.55969, 0.25098), (0.62996, 0.55969, 0.25098), (0.63498, 0.56471, 0.24847), (0.63749, 0.56722, 0.23341), (0.63498, 0.50949, 0.18071), (0.62745, 0.512, 0.16816), (0.63247, 0.53459, 0.2058), (0.63247, 0.53459, 0.2058), (0.62745, 0.53459, 0.20831), (0.63498, 0.50949, 0.18071), (0.63749, 0.55969, 0.24596), (0.62996, 0.57475, 0.27357), (0.64, 0.57475, 0.27106), (0.64, 0.57475, 0.27106), (0.63749, 0.55969, 0.24094), (0.63749, 0.55969, 0.24596), (0.62996, 0.50447, 0.19576), (0.62745, 0.50447, 0.17569), (0.63498, 0.51702, 0.19075), (0.63749, 0.53961, 0.21082), (0.62745, 0.51702, 0.18824), (0.64, 0.5371, 0.24094), (0.64, 0.5371, 0.24094), (0.63247, 0.51451, 0.18824), (0.63749, 0.53961, 0.21082), (0.63498, 0.5622, 0.24094), (0.63498, 0.54714, 0.22588), (0.63749, 0.55969, 0.24596), (0.63749, 0.55969, 0.24596), (0.63749, 0.56471, 0.24847), (0.63498, 0.5622, 0.24094), (0.62996, 0.512, 0.18573), (0.64, 0.5371, 0.24094), (0.62745, 0.51702, 0.18824), (0.62745, 0.51702, 0.18824), (0.63749, 0.54965, 0.25349), (0.62996, 0.512, 0.18573), (0.63749, 0.56471, 0.24345), (0.62996, 0.55969, 0.25098), (0.63498, 0.57224, 0.27357), (0.64, 0.55969, 0.256), (0.62745, 0.51702, 0.18824), (0.62745, 0.50949, 0.1782), (0.63247, 0.55467, 0.24094), (0.62996, 0.55216, 0.23843), (0.63498, 0.54714, 0.22086), (0.63247, 0.51451, 0.18824), (0.62745, 0.51702, 0.20329), (0.62494, 0.52957, 0.21584), (0.62494, 0.52957, 0.21584), (0.63247, 0.53208, 0.20329), (0.63247, 0.51451, 0.18824), (0.63498, 0.53961, 0.22588), (0.63498, 0.53459, 0.22839), (0.63749, 0.53208, 0.2309), (0.63749, 0.53208, 0.2309), (0.62745, 0.512, 0.2058), (0.63498, 0.53961, 0.22588), (0.62494, 0.52204, 0.2058), (0.63247, 0.53208, 0.22086), (0.62745, 0.52706, 0.21584), (0.62745, 0.52706, 0.21584), (0.63498, 0.52204, 0.20831), (0.62494, 0.52204, 0.2058), (0.60988, 0.49192, 0.16565), (0.63247, 0.55718, 0.24596), (0.63247, 0.51953, 0.2058), (0.63498, 0.50447, 0.19827), (0.61992, 0.49443, 0.18071), (0.62745, 0.49192, 0.17569), (0.62745, 0.49192, 0.17569), (0.63247, 0.50196, 0.19576), (0.63498, 0.50447, 0.19827), (0.63498, 0.56471, 0.256), (0.63498, 0.55467, 0.24596), (0.64, 0.53208, 0.20329), (0.64, 0.53208, 0.20329), (0.63498, 0.52706, 0.19827), (0.63498, 0.56471, 0.256), (0.62745, 0.49192, 0.17569), (0.64, 0.52204, 0.21082), (0.6149, 0.49443, 0.1782), (0.62996, 0.54463, 0.23592), (0.62996, 0.53208, 0.21333), (0.62745, 0.53961, 0.22337), (0.62745, 0.53961, 0.22337), (0.63498, 0.54965, 0.23843), (0.62996, 0.54463, 0.23592), (0.63498, 0.54714, 0.22086), (0.63498, 0.5622, 0.24094), (0.63247, 0.55467, 0.24094), (0.63247, 0.49443, 0.17569), (0.62996, 0.49694, 0.17067), (0.63749, 0.51451, 0.21584), (0.63749, 0.51451, 0.21584), (0.63247, 0.50698, 0.20329), (0.63247, 0.49443, 0.17569), (0.62494, 0.49945, 0.17067), (0.64, 0.55467, 0.24596), (0.63749, 0.57475, 0.27608), (0.63749, 0.57475, 0.27608), (0.63498, 0.53459, 0.22839), (0.62494, 0.49945, 0.17067), (0.63247, 0.54965, 0.25851), (0.63247, 0.54212, 0.23592), (0.63498, 0.51702, 0.19075), (0.63498, 0.51702, 0.19075), (0.62745, 0.50698, 0.19075), (0.63247, 0.54965, 0.25851), (0.64, 0.54965, 0.24847), (0.62745, 0.52706, 0.19576), (0.64, 0.56973, 0.26855), (0.64, 0.56973, 0.26855), (0.63247, 0.54212, 0.23592), (0.64, 0.54965, 0.24847), (0.62494, 0.53459, 0.22588), (0.63498, 0.54463, 0.23592), (0.64, 0.5371, 0.22086), (0.64, 0.5371, 0.22086), (0.62996, 0.53961, 0.23341), (0.62494, 0.53459, 0.22588), (0.63247, 0.52204, 0.21333), (0.62996, 0.52957, 0.21835), (0.62996, 0.51953, 0.2058), (0.62996, 0.51953, 0.2058), (0.63247, 0.5371, 0.22839), (0.63247, 0.52204, 0.21333), (0.63498, 0.54212, 0.20831), (0.63498, 0.54212, 0.21584), (0.63247, 0.50698, 0.20329), (0.63247, 0.50698, 0.20329), (0.63749, 0.512, 0.20329), (0.63498, 0.54212, 0.20831), (0.63498, 0.51451, 0.20329), (0.64, 0.54463, 0.23843), (0.62996, 0.52706, 0.21584), (0.62996, 0.52706, 0.21584), (0.62494, 0.51702, 0.19576), (0.63498, 0.51451, 0.20329), (0.62494, 0.51702, 0.18824), (0.63749, 0.5371, 0.2309), (0.62745, 0.53208, 0.21835), (0.62745, 0.53208, 0.21835), (0.63247, 0.52455, 0.19827), (0.62494, 0.51702, 0.18824), (0.63498, 0.55718, 0.24345), (0.63749, 0.51953, 0.22337), (0.63749, 0.54714, 0.24596), (0.63749, 0.54714, 0.24596), (0.63247, 0.55467, 0.24094), (0.63498, 0.55718, 0.24345), (0.63498, 0.53961, 0.22588), (0.62494, 0.53459, 0.22839), (0.63498, 0.53961, 0.2309), (0.63498, 0.53961, 0.2309), (0.63498, 0.53459, 0.22337), (0.63498, 0.53961, 0.22588), (0.62996, 0.52706, 0.21584), (0.63749, 0.52204, 0.21584), (0.63498, 0.53208, 0.22086), (0.63498, 0.53208, 0.22086), (0.62745, 0.52706, 0.19576), (0.62996, 0.52706, 0.21584), (0.62745, 0.52706, 0.22086), (0.62996, 0.50196, 0.18322), (0.63498, 0.54463, 0.23592), (0.64, 0.53961, 0.24345), (0.63498, 0.52455, 0.22086), (0.63247, 0.49945, 0.1782), (0.63247, 0.49945, 0.1782), (0.63247, 0.4869, 0.17067), (0.64, 0.53961, 0.24345), (0.63749, 0.55718, 0.24847), (0.63498, 0.56471, 0.256), (0.63498, 0.52706, 0.19827), (0.63498, 0.52706, 0.19827), (0.63247, 0.54714, 0.23843), (0.63749, 0.55718, 0.24847), (0.62745, 0.51702, 0.20831), (0.64, 0.51702, 0.19325), (0.63247, 0.54463, 0.24847), (0.63247, 0.54463, 0.24847), (0.62996, 0.51451, 0.21333), (0.62745, 0.51702, 0.20831), (0.64, 0.52957, 0.2309), (0.61992, 0.51451, 0.21333), (0.62494, 0.52455, 0.21835), (0.62996, 0.51702, 0.19325), (0.62996, 0.50698, 0.18573), (0.61992, 0.48188, 0.16314), (0.61992, 0.48188, 0.16314), (0.63247, 0.50949, 0.18824), (0.62996, 0.51702, 0.19325), (0.62996, 0.50949, 0.18824), (0.62494, 0.51451, 0.18573), (0.63498, 0.52204, 0.19827), (0.63498, 0.52204, 0.19827), (0.63749, 0.53208, 0.22839), (0.62996, 0.50949, 0.18824), (0.64, 0.56722, 0.26604), (0.63247, 0.55718, 0.24596), (0.62996, 0.55467, 0.24847), (0.62243, 0.53459, 0.21835), (0.63498, 0.5622, 0.24094), (0.63749, 0.56471, 0.24847), (0.63749, 0.56471, 0.24847), (0.63498, 0.58227, 0.28361), (0.62243, 0.53459, 0.21835), (0.63498, 0.54463, 0.23592), (0.62996, 0.54212, 0.24094), (0.62745, 0.52706, 0.22086), (0.63247, 0.51953, 0.2058), (0.62243, 0.512, 0.18322), (0.60988, 0.49192, 0.16565), (0.6149, 0.49443, 0.1782), (0.63247, 0.50196, 0.19576), (0.62745, 0.49192, 0.17569), (0.63498, 0.55969, 0.24847), (0.64, 0.5622, 0.26855), (0.64, 0.54965, 0.24094), (0.64, 0.54965, 0.24094), (0.63749, 0.55216, 0.24094), (0.63498, 0.55969, 0.24847), (0.64, 0.55467, 0.26353), (0.63247, 0.50949, 0.18824), (0.62996, 0.50949, 0.16816), (0.62996, 0.50949, 0.16816), (0.63749, 0.50196, 0.16314), (0.64, 0.55467, 0.26353), (0.63749, 0.5371, 0.23341), (0.62996, 0.54714, 0.256), (0.63498, 0.55216, 0.26102), (0.63498, 0.55216, 0.26102), (0.62996, 0.52957, 0.21835), (0.63749, 0.5371, 0.23341), (0.63247, 0.52706, 0.22337), (0.63749, 0.53961, 0.23592), (0.63498, 0.53459, 0.22839), (0.63498, 0.53459, 0.22839), (0.62494, 0.52957, 0.22086), (0.63247, 0.52706, 0.22337), (0.63498, 0.53208, 0.21082), (0.62243, 0.54212, 0.23843), (0.63247, 0.54212, 0.24094), (0.63247, 0.54212, 0.24094), (0.64, 0.55216, 0.23592), (0.63498, 0.53208, 0.21082), (0.62745, 0.512, 0.2058), (0.63247, 0.512, 0.19576), (0.62745, 0.50447, 0.20078), (0.62745, 0.50447, 0.20078), (0.63498, 0.52455, 0.21584), (0.62745, 0.512, 0.2058), (0.63247, 0.54463, 0.24847), (0.63247, 0.54965, 0.25851), (0.62745, 0.50698, 0.19075), (0.62745, 0.50698, 0.19075), (0.64, 0.53459, 0.2309), (0.63247, 0.54463, 0.24847), (0.63498, 0.54714, 0.2309), (0.63498, 0.54463, 0.23843), (0.63247, 0.50949, 0.18071), (0.64, 0.56722, 0.26102), (0.63498, 0.54714, 0.22588), (0.63498, 0.55969, 0.24847), (0.63498, 0.55969, 0.24847), (0.62494, 0.51953, 0.18322), (0.64, 0.56722, 0.26102), (0.64, 0.56973, 0.27608), (0.63749, 0.56973, 0.27608), (0.63749, 0.51451, 0.19075), (0.63749, 0.51451, 0.19075), (0.63247, 0.50949, 0.18071), (0.64, 0.56973, 0.27608), (0.63247, 0.52706, 0.22588), (0.62243, 0.53459, 0.21835), (0.63247, 0.54212, 0.23592), (0.63247, 0.54212, 0.23592), (0.63247, 0.54965, 0.25851), (0.63247, 0.52706, 0.22588), (0.62494, 0.52455, 0.21835), (0.62996, 0.54463, 0.23592), (0.64, 0.52957, 0.2309), (0.63247, 0.512, 0.17569), (0.63498, 0.512, 0.18322), (0.63498, 0.51451, 0.17318), (0.64, 0.56471, 0.25851), (0.63498, 0.53459, 0.22839), (0.64, 0.53961, 0.23341), (0.64, 0.53961, 0.23341), (0.63749, 0.56471, 0.27106), (0.64, 0.56471, 0.25851), (0.63498, 0.5371, 0.23341), (0.62243, 0.53208, 0.22337), (0.63498, 0.53961, 0.22588), (0.63498, 0.53961, 0.22588), (0.62745, 0.52706, 0.21584), (0.63498, 0.5371, 0.23341), (0.63498, 0.53208, 0.21584), (0.63498, 0.52706, 0.2058), (0.62494, 0.52204, 0.2058), (0.62494, 0.52204, 0.2058), (0.63247, 0.52204, 0.20831), (0.63498, 0.53208, 0.21584), (0.63247, 0.50949, 0.18071), (0.62494, 0.49945, 0.17067), (0.63498, 0.54714, 0.2309), (0.63749, 0.55969, 0.24596), (0.63749, 0.5622, 0.25098), (0.62243, 0.52455, 0.22086), (0.62243, 0.52455, 0.22086), (0.62745, 0.51702, 0.20831), (0.63749, 0.55969, 0.24596), (0.63498, 0.58227, 0.28361), (0.63749, 0.56471, 0.24847), (0.63498, 0.52455, 0.22086), (0.63498, 0.52455, 0.22086), (0.62745, 0.52455, 0.21333), (0.63498, 0.58227, 0.28361), (0.63749, 0.56471, 0.24345), (0.63247, 0.5371, 0.22337), (0.63247, 0.54212, 0.19576), (0.62996, 0.55467, 0.24847), (0.63498, 0.55467, 0.25098), (0.64, 0.56722, 0.26604), (0.62996, 0.54463, 0.21082), (0.63247, 0.5371, 0.20329), (0.64, 0.53961, 0.22839), (0.64, 0.53961, 0.22839), (0.64, 0.55718, 0.24596), (0.62996, 0.54463, 0.21082), (0.62745, 0.51953, 0.19075), (0.63247, 0.512, 0.17569), (0.64, 0.54965, 0.24094), (0.64, 0.54965, 0.24094), (0.62996, 0.53208, 0.20329), (0.62745, 0.51953, 0.19075), (0.62745, 0.53459, 0.24094), (0.63247, 0.512, 0.20078), (0.63247, 0.54212, 0.23592), (0.63247, 0.54212, 0.23592), (0.63247, 0.53208, 0.22086), (0.62745, 0.53459, 0.24094), (0.62996, 0.53459, 0.22588), (0.63247, 0.5371, 0.20329), (0.62494, 0.50196, 0.1782), (0.62494, 0.50196, 0.1782), (0.63749, 0.53208, 0.22839), (0.62996, 0.53459, 0.22588), (0.63247, 0.52455, 0.19827), (0.62745, 0.53208, 0.21835), (0.63749, 0.55467, 0.26353), (0.63749, 0.55467, 0.26353), (0.62996, 0.51953, 0.19075), (0.63247, 0.52455, 0.19827), (0.63749, 0.51953, 0.18824), (0.63247, 0.53208, 0.20329), (0.63749, 0.51953, 0.19325), (0.63498, 0.51451, 0.17318), (0.63749, 0.51953, 0.18824), (0.63247, 0.512, 0.17569), (0.62996, 0.50196, 0.2058), (0.63247, 0.512, 0.20078), (0.62996, 0.51953, 0.21584), (0.62996, 0.51953, 0.21584), (0.62494, 0.49945, 0.19075), (0.62996, 0.50196, 0.2058), (0.62996, 0.53961, 0.23341), (0.64, 0.5371, 0.22086), (0.62996, 0.50949, 0.18824), (0.62996, 0.50949, 0.18824), (0.62996, 0.53208, 0.23341), (0.62996, 0.53961, 0.23341), (0.64, 0.55467, 0.24596), (0.63498, 0.5371, 0.21333), (0.63247, 0.55216, 0.24847), (0.63247, 0.55216, 0.24847), (0.64, 0.56722, 0.27106), (0.64, 0.55467, 0.24596), (0.64, 0.5622, 0.25349), (0.63247, 0.52204, 0.21333), (0.63749, 0.55718, 0.25851), (0.62996, 0.54714, 0.256), (0.63247, 0.56973, 0.27859), (0.62996, 0.53459, 0.22588), (0.62996, 0.53459, 0.22588), (0.63749, 0.53208, 0.22839), (0.62996, 0.54714, 0.256), (0.64, 0.54714, 0.23843), (0.64, 0.55718, 0.24847), (0.62745, 0.55467, 0.23341), (0.62745, 0.55467, 0.23341), (0.63749, 0.57224, 0.26855), (0.64, 0.54714, 0.23843), (0.63749, 0.5622, 0.25098), (0.62494, 0.53459, 0.22588), (0.63749, 0.54714, 0.24094), (0.63749, 0.54714, 0.24094), (0.63498, 0.53459, 0.22839), (0.63749, 0.5622, 0.25098), (0.63749, 0.51953, 0.19325), (0.63247, 0.512, 0.17569), (0.63749, 0.51953, 0.18824), (0.64, 0.52204, 0.21082), (0.62996, 0.50196, 0.18322), (0.63247, 0.50949, 0.18824), (0.63247, 0.50949, 0.18824), (0.6149, 0.49443, 0.1782), (0.64, 0.52204, 0.21082), (0.63749, 0.53208, 0.22839), (0.63749, 0.5371, 0.2309), (0.64, 0.55467, 0.25851), (0.64, 0.55467, 0.25851), (0.63749, 0.55216, 0.24345), (0.63749, 0.53208, 0.22839), (0.63247, 0.54212, 0.19576), (0.64, 0.56722, 0.256), (0.63749, 0.56471, 0.24345), (0.63749, 0.56973, 0.27608), (0.63498, 0.54714, 0.25098), (0.63498, 0.512, 0.18824), (0.63498, 0.512, 0.18824), (0.63749, 0.51451, 0.19075), (0.63749, 0.56973, 0.27608), (0.63749, 0.55718, 0.25851), (0.62996, 0.51451, 0.21333), (0.64, 0.5622, 0.25349), (0.62745, 0.512, 0.16816), (0.62996, 0.51953, 0.19075), (0.62745, 0.51953, 0.17318), (0.62745, 0.51953, 0.17318), (0.63247, 0.53459, 0.2058), (0.62745, 0.512, 0.16816), (0.63498, 0.53208, 0.24094), (0.63247, 0.52706, 0.22337), (0.62494, 0.52957, 0.22086), (0.62494, 0.52957, 0.22086), (0.63247, 0.52204, 0.21835), (0.63498, 0.53208, 0.24094), (0.63749, 0.57224, 0.26855), (0.63498, 0.5371, 0.23843), (0.63247, 0.54463, 0.24345), (0.63247, 0.54463, 0.24345), (0.63247, 0.54212, 0.23592), (0.63749, 0.57224, 0.26855), (0.63498, 0.53208, 0.24094), (0.63498, 0.53459, 0.22839), (0.63247, 0.52204, 0.20831), (0.63247, 0.52204, 0.20831), (0.63247, 0.50698, 0.20329), (0.63498, 0.53208, 0.24094), (0.62494, 0.50196, 0.1782), (0.62494, 0.49945, 0.17067), (0.63749, 0.52455, 0.21082), (0.62996, 0.50698, 0.18573), (0.61741, 0.49443, 0.17067), (0.64, 0.51702, 0.19576), (0.64, 0.51702, 0.19576), (0.61992, 0.48188, 0.16314), (0.62996, 0.50698, 0.18573), (0.62996, 0.54965, 0.24094), (0.63498, 0.55467, 0.25098), (0.64, 0.55467, 0.24596), (0.62996, 0.50949, 0.16816), (0.63247, 0.52204, 0.20831), (0.63247, 0.53459, 0.21082), (0.63247, 0.53459, 0.21082), (0.64, 0.56722, 0.26102), (0.62996, 0.50949, 0.16816), (0.62243, 0.50949, 0.19576), (0.63498, 0.51451, 0.19325), (0.63247, 0.54714, 0.23592), (0.63498, 0.54965, 0.24094), (0.62996, 0.512, 0.21584), (0.62996, 0.54212, 0.24094), (0.63247, 0.55216, 0.24345), (0.64, 0.57224, 0.26353), (0.63498, 0.53961, 0.22588), (0.63498, 0.53961, 0.22588), (0.64, 0.55216, 0.25098), (0.63247, 0.55216, 0.24345), (0.62745, 0.55216, 0.24094), (0.63247, 0.54714, 0.23592), (0.63749, 0.5622, 0.25098), (0.63498, 0.55467, 0.25098), (0.63749, 0.53961, 0.21584), (0.62996, 0.53961, 0.23843), (0.63749, 0.54965, 0.25851), (0.61992, 0.52706, 0.23341), (0.63247, 0.50949, 0.18573), (0.63498, 0.54463, 0.23592), (0.63247, 0.54714, 0.23843), (0.64, 0.56722, 0.27106), (0.64, 0.56722, 0.27106), (0.63498, 0.53961, 0.22588), (0.63498, 0.54463, 0.23592), (0.63749, 0.52455, 0.21082), (0.63498, 0.52455, 0.19576), (0.62494, 0.50196, 0.1782), (0.63749, 0.53961, 0.21082), (0.62996, 0.53459, 0.22588), (0.64, 0.54463, 0.2309), (0.64, 0.54463, 0.2309), (0.64, 0.54212, 0.21835), (0.63749, 0.53961, 0.21082), (0.62745, 0.52455, 0.20831), (0.64, 0.54463, 0.23592), (0.63247, 0.54463, 0.24847), (0.63247, 0.54463, 0.24847), (0.62996, 0.53961, 0.23843), (0.62745, 0.52455, 0.20831), (0.63247, 0.512, 0.20078), (0.62745, 0.53459, 0.24094), (0.62745, 0.53961, 0.24345), (0.62745, 0.53961, 0.24345), (0.64, 0.56722, 0.27106), (0.63247, 0.512, 0.20078), (0.62494, 0.52455, 0.21835), (0.62494, 0.51451, 0.21082), (0.63247, 0.52455, 0.20329), (0.63247, 0.52455, 0.20329), (0.62745, 0.50196, 0.16816), (0.62494, 0.52455, 0.21835), (0.63498, 0.51953, 0.21835), (0.63247, 0.53208, 0.22086), (0.62745, 0.50698, 0.19075), (0.63498, 0.53961, 0.2309), (0.63498, 0.53459, 0.22839), (0.64, 0.51953, 0.18322), (0.63749, 0.55216, 0.23592), (0.64, 0.56722, 0.27106), (0.62745, 0.51702, 0.21333), (0.62745, 0.51702, 0.21333), (0.63247, 0.52706, 0.22588), (0.63749, 0.55216, 0.23592), (0.63498, 0.52455, 0.21082), (0.63498, 0.53961, 0.2309), (0.62996, 0.52455, 0.22086), (0.62996, 0.52455, 0.22086), (0.62745, 0.52204, 0.22086), (0.63498, 0.52455, 0.21082), (0.62996, 0.49192, 0.17318), (0.62996, 0.49694, 0.17569), (0.63247, 0.52957, 0.21333), (0.62745, 0.52706, 0.22086), (0.63498, 0.53208, 0.22086), (0.62996, 0.52957, 0.22337), (0.63749, 0.55467, 0.26353), (0.63498, 0.55216, 0.26102), (0.62745, 0.53208, 0.21333), (0.63498, 0.52706, 0.2058), (0.62996, 0.512, 0.18573), (0.63498, 0.54714, 0.2309), (0.63247, 0.53459, 0.2058), (0.64, 0.53961, 0.24345), (0.63247, 0.52204, 0.19325), (0.63749, 0.56471, 0.24847), (0.63749, 0.55969, 0.24596), (0.62745, 0.51702, 0.20831), (0.62745, 0.51702, 0.20831), (0.63498, 0.52455, 0.22086), (0.63749, 0.56471, 0.24847), (0.62996, 0.52204, 0.19576), (0.63498, 0.52706, 0.2058), (0.63498, 0.51451, 0.17318), (0.63247, 0.53208, 0.20329), (0.64, 0.52957, 0.22588), (0.62996, 0.50949, 0.17318), (0.62745, 0.50698, 0.19075), (0.62745, 0.50196, 0.19325), (0.63498, 0.51953, 0.21835), (0.62494, 0.52204, 0.20078), (0.62494, 0.51702, 0.18824), (0.63247, 0.52455, 0.19827), (0.63247, 0.52455, 0.19827), (0.63498, 0.53961, 0.22588), (0.62494, 0.52204, 0.20078), (0.63498, 0.53459, 0.22839), (0.63498, 0.51702, 0.19075), (0.64, 0.56471, 0.25349), (0.64, 0.56471, 0.25349), (0.63247, 0.55969, 0.24345), (0.63498, 0.53459, 0.22839), (0.63247, 0.53459, 0.2309), (0.63749, 0.5371, 0.23341), (0.62996, 0.52957, 0.21835), (0.62996, 0.52957, 0.21835), (0.63247, 0.52204, 0.21333), (0.63247, 0.53459, 0.2309), (0.63247, 0.50698, 0.19325), (0.63498, 0.52706, 0.2058), (0.62494, 0.51451, 0.21082), (0.62494, 0.51451, 0.21082), (0.62745, 0.51702, 0.20329), (0.63247, 0.50698, 0.19325), (0.63247, 0.51953, 0.19576), (0.62745, 0.52455, 0.20831), (0.63749, 0.54212, 0.23341), (0.63749, 0.54212, 0.23341), (0.63247, 0.52204, 0.20831), (0.63247, 0.51953, 0.19576), (0.63247, 0.50949, 0.18573), (0.62745, 0.51451, 0.19075), (0.63749, 0.54965, 0.25851), (0.62996, 0.5371, 0.21082), (0.63498, 0.54463, 0.23843), (0.64, 0.5622, 0.25098), (0.63247, 0.52204, 0.20831), (0.63749, 0.56722, 0.23341), (0.63247, 0.56471, 0.24094), (0.63247, 0.56471, 0.24094), (0.63498, 0.53961, 0.2309), (0.63247, 0.52204, 0.20831), (0.62996, 0.52957, 0.22337), (0.63498, 0.54965, 0.23843), (0.63749, 0.54212, 0.23341), (0.63749, 0.54212, 0.23341), (0.62494, 0.53459, 0.22839), (0.62996, 0.52957, 0.22337), (0.63247, 0.55969, 0.25851), (0.64, 0.5622, 0.25098), (0.63498, 0.54463, 0.23843), (0.63498, 0.54463, 0.23843), (0.63749, 0.56722, 0.25851), (0.63247, 0.55969, 0.25851), (0.63749, 0.55718, 0.25851), (0.64, 0.55718, 0.26604), (0.63498, 0.54212, 0.24847), (0.63498, 0.54212, 0.24847), (0.63498, 0.55467, 0.256), (0.63749, 0.55718, 0.25851), (0.63498, 0.54965, 0.21584), (0.63247, 0.53208, 0.22588), (0.63749, 0.5622, 0.25098), (0.63749, 0.5622, 0.25098), (0.64, 0.55467, 0.23843), (0.63498, 0.54965, 0.21584), (0.63749, 0.5371, 0.2309), (0.63498, 0.53459, 0.22839), (0.62745, 0.53961, 0.23843), (0.62745, 0.53961, 0.23843), (0.62996, 0.53961, 0.23341), (0.63749, 0.5371, 0.2309), (0.63247, 0.53208, 0.22588), (0.62996, 0.54463, 0.23341), (0.62996, 0.53208, 0.20329), (0.62996, 0.53208, 0.20329), (0.63247, 0.5371, 0.21835), (0.63247, 0.53208, 0.22588), (0.63749, 0.55216, 0.24345), (0.64, 0.54463, 0.2309), (0.62996, 0.53459, 0.22588), (0.62996, 0.53459, 0.22588), (0.63749, 0.53208, 0.22839), (0.63749, 0.55216, 0.24345), (0.63247, 0.56471, 0.24094), (0.63749, 0.56722, 0.23341), (0.63498, 0.56471, 0.24847), (0.63498, 0.56471, 0.24847), (0.64, 0.57725, 0.27859), (0.63247, 0.56471, 0.24094), (0.64, 0.57224, 0.27859), (0.62996, 0.54965, 0.24094), (0.64, 0.57224, 0.26353), (0.64, 0.57224, 0.26353), (0.62745, 0.55216, 0.24094), (0.64, 0.57224, 0.27859), (0.64, 0.57725, 0.26855), (0.62243, 0.53208, 0.22337), (0.63498, 0.55969, 0.25349), (0.63498, 0.55969, 0.25349), (0.63247, 0.53459, 0.21584), (0.64, 0.57725, 0.26855), (0.62996, 0.49945, 0.19325), (0.64, 0.52706, 0.2309), (0.62996, 0.53459, 0.22588), (0.62996, 0.53459, 0.22588), (0.63498, 0.55467, 0.25098), (0.62996, 0.49945, 0.19325), (0.63749, 0.57224, 0.26855), (0.63247, 0.54212, 0.23341), (0.64, 0.55969, 0.26102), (0.64, 0.55969, 0.26102), (0.63749, 0.5622, 0.256), (0.63749, 0.57224, 0.26855), (0.63749, 0.53961, 0.21082), (0.63749, 0.53459, 0.22337), (0.63749, 0.512, 0.19827), (0.63749, 0.512, 0.19827), (0.64, 0.54965, 0.22588), (0.63749, 0.53961, 0.21082), (0.62996, 0.52957, 0.22337), (0.62745, 0.512, 0.2058), (0.62745, 0.52706, 0.22086), (0.63247, 0.53208, 0.22839), (0.63498, 0.53459, 0.22839), (0.63749, 0.51451, 0.19325), (0.63749, 0.51451, 0.19325), (0.62996, 0.51702, 0.19325), (0.63247, 0.53208, 0.22839), (0.63749, 0.52455, 0.21082), (0.64, 0.55467, 0.25851), (0.63749, 0.5371, 0.2309), (0.63749, 0.5371, 0.2309), (0.62996, 0.52957, 0.22337), (0.63749, 0.52455, 0.21082), (0.62494, 0.51953, 0.1782), (0.62996, 0.51953, 0.19075), (0.62745, 0.512, 0.16816), (0.62745, 0.512, 0.16816), (0.62996, 0.52957, 0.22337), (0.62494, 0.51953, 0.1782), (0.63247, 0.55216, 0.24345), (0.63749, 0.53459, 0.22337), (0.63498, 0.53459, 0.22337), (0.63498, 0.54212, 0.21082), (0.63498, 0.55718, 0.24345), (0.62745, 0.53208, 0.21333), (0.63498, 0.55718, 0.24345), (0.63749, 0.54965, 0.24847), (0.63498, 0.53459, 0.22839), (0.63498, 0.53208, 0.22086), (0.63498, 0.52204, 0.20329), (0.63498, 0.54463, 0.23843), (0.63498, 0.54463, 0.23843), (0.63749, 0.54714, 0.24094), (0.63498, 0.53208, 0.22086), (0.64, 0.55718, 0.24847), (0.64, 0.55718, 0.24596), (0.64, 0.57475, 0.27106), (0.64, 0.55718, 0.24596), (0.63247, 0.56973, 0.25349), (0.64, 0.5622, 0.24345), (0.63247, 0.55969, 0.24345), (0.63749, 0.56471, 0.24345), (0.64, 0.56973, 0.256), (0.63247, 0.54714, 0.23592), (0.63247, 0.55718, 0.25098), (0.64, 0.56471, 0.25851), (0.63498, 0.56722, 0.28361), (0.63749, 0.5622, 0.26102), (0.63498, 0.54965, 0.23843), (0.63247, 0.52957, 0.21333), (0.64, 0.55216, 0.25098), (0.62996, 0.49192, 0.17318), (0.62494, 0.512, 0.19827), (0.63498, 0.52957, 0.22588), (0.63498, 0.52706, 0.2058), (0.63498, 0.52706, 0.2058), (0.62745, 0.50196, 0.19325), (0.62494, 0.512, 0.19827), (0.63247, 0.50196, 0.16314), (0.63247, 0.50949, 0.18573), (0.61992, 0.52706, 0.23341), (0.63749, 0.55467, 0.26353), (0.63247, 0.55467, 0.26102), (0.62996, 0.51953, 0.19075), (0.62494, 0.512, 0.18824), (0.63498, 0.55718, 0.26353), (0.63498, 0.52204, 0.20329), (0.62745, 0.53208, 0.21333), (0.62243, 0.49443, 0.17569), (0.63498, 0.54212, 0.21082), (0.63498, 0.53459, 0.22337), (0.62745, 0.52455, 0.20329), (0.63247, 0.52957, 0.21835), (0.62996, 0.54965, 0.24094), (0.64, 0.57224, 0.27859), (0.62996, 0.54965, 0.24094), (0.62996, 0.54965, 0.24094), (0.64, 0.55467, 0.24596), (0.62996, 0.54965, 0.24094), (0.64, 0.56973, 0.27357), (0.62745, 0.5371, 0.22839), (0.63247, 0.53208, 0.19576), (0.63247, 0.53208, 0.19576), (0.63498, 0.55467, 0.25098), (0.64, 0.56973, 0.27357), (0.62745, 0.52204, 0.21835), (0.62494, 0.54463, 0.24094), (0.63247, 0.51953, 0.22588), (0.63247, 0.51953, 0.22588), (0.62243, 0.51953, 0.22337), (0.62745, 0.52204, 0.21835), (0.63498, 0.54965, 0.23843), (0.63749, 0.54965, 0.23341), (0.63498, 0.56722, 0.28361), (0.62996, 0.49694, 0.17067), (0.63247, 0.49443, 0.17569), (0.62494, 0.54463, 0.23592), (0.62494, 0.54463, 0.23592), (0.63498, 0.53459, 0.22839), (0.62996, 0.49694, 0.17067), (0.62996, 0.51702, 0.19827), (0.62745, 0.49192, 0.17569), (0.63749, 0.5371, 0.2058), (0.63749, 0.5371, 0.2058), (0.63498, 0.52706, 0.19827), (0.62996, 0.51702, 0.19827), (0.62745, 0.53459, 0.24094), (0.63749, 0.55969, 0.26604), (0.64, 0.54965, 0.24847), (0.64, 0.54965, 0.24847), (0.62745, 0.53961, 0.24345), (0.62745, 0.53459, 0.24094), (0.63247, 0.53961, 0.21333), (0.62996, 0.52957, 0.19827), (0.63749, 0.55216, 0.24094), (0.63247, 0.52957, 0.21835), (0.63247, 0.55216, 0.24345), (0.63498, 0.53459, 0.22337), (0.63749, 0.53961, 0.21082), (0.62996, 0.50949, 0.17318), (0.64, 0.51953, 0.18322), (0.64, 0.51953, 0.18322), (0.64, 0.54965, 0.22337), (0.63749, 0.53961, 0.21082), (0.62745, 0.5371, 0.22839), (0.63498, 0.53961, 0.2309), (0.62745, 0.52706, 0.19576), (0.63749, 0.53459, 0.21333), (0.64, 0.53961, 0.23341), (0.64, 0.53208, 0.20329), (0.63498, 0.52706, 0.19827), (0.63749, 0.54212, 0.22839), (0.63247, 0.54714, 0.23843), (0.62745, 0.52706, 0.21584), (0.63749, 0.52706, 0.21835), (0.63498, 0.52204, 0.20831), (0.63498, 0.53459, 0.2309), (0.64, 0.55216, 0.256), (0.62745, 0.52455, 0.22839), (0.64, 0.55969, 0.26102), (0.63749, 0.5622, 0.2811), (0.63498, 0.55969, 0.24847), (0.62996, 0.49694, 0.17569), (0.62745, 0.512, 0.2058), (0.62996, 0.50698, 0.20831), (0.62996, 0.50698, 0.20831), (0.62996, 0.49694, 0.17067), (0.62996, 0.49694, 0.17569), (0.63498, 0.53459, 0.22839), (0.63498, 0.53459, 0.22839), (0.63498, 0.55718, 0.24345), (0.64, 0.5622, 0.26855), (0.64, 0.55216, 0.26102), (0.63247, 0.54463, 0.24345), (0.63247, 0.53459, 0.2309), (0.63498, 0.53961, 0.2309), (0.62745, 0.50447, 0.18322), (0.63247, 0.50949, 0.18071), (0.63498, 0.54463, 0.23843), (0.62745, 0.51953, 0.19075), (0.63498, 0.54463, 0.23592), (0.63749, 0.54965, 0.22839), (0.63749, 0.54212, 0.22839), (0.63749, 0.54212, 0.22839), (0.63749, 0.55216, 0.24345), (0.63498, 0.54463, 0.23592), (0.62745, 0.53961, 0.22337), (0.62996, 0.52957, 0.22337), (0.62494, 0.53459, 0.22839), (0.62494, 0.53459, 0.22839), (0.62996, 0.54463, 0.22839), (0.62745, 0.53961, 0.22337), (0.62996, 0.5371, 0.24345), (0.63749, 0.55467, 0.26353), (0.63247, 0.55216, 0.24345), (0.63247, 0.55216, 0.24345), (0.64, 0.55969, 0.27106), (0.62996, 0.5371, 0.24345), (0.63498, 0.52706, 0.2058), (0.62494, 0.5371, 0.23592), (0.63247, 0.53208, 0.22588), (0.63247, 0.53208, 0.22588), (0.62494, 0.52204, 0.2058), (0.63498, 0.52706, 0.2058), (0.63247, 0.54212, 0.23592), (0.62745, 0.52706, 0.22086), (0.62996, 0.50698, 0.18322), (0.62996, 0.50698, 0.18322), (0.62494, 0.51702, 0.19576), (0.63247, 0.54212, 0.23592), (0.64, 0.56471, 0.25851), (0.64, 0.55718, 0.24847), (0.63247, 0.54714, 0.23592), (0.63749, 0.55216, 0.24094), (0.63749, 0.5622, 0.256), (0.63247, 0.53961, 0.21333), (0.62996, 0.52957, 0.19827), (0.63247, 0.53961, 0.21333), (0.63498, 0.53208, 0.21584), (0.63498, 0.53208, 0.21584), (0.63247, 0.52204, 0.20831), (0.62996, 0.52957, 0.19827), (0.63498, 0.53459, 0.22839), (0.63749, 0.55216, 0.24345), (0.62494, 0.50196, 0.1782), (0.62494, 0.50196, 0.1782), (0.62996, 0.50698, 0.18322), (0.63498, 0.53459, 0.22839), (0.62494, 0.49694, 0.17569), (0.62745, 0.53208, 0.21333), (0.63749, 0.54965, 0.23341), (0.63749, 0.54965, 0.23341), (0.63247, 0.52957, 0.23341), (0.62494, 0.49694, 0.17569), (0.62745, 0.52706, 0.19576), (0.63498, 0.53208, 0.22086), (0.62745, 0.52706, 0.21584), (0.62745, 0.52706, 0.21584), (0.64, 0.56973, 0.26855), (0.62745, 0.52706, 0.19576), (0.63749, 0.51702, 0.2058), (0.62996, 0.51702, 0.19827), (0.63498, 0.52706, 0.19827), (0.63498, 0.52706, 0.19827), (0.63247, 0.55467, 0.24094), (0.63749, 0.51702, 0.2058), (0.63749, 0.55216, 0.24094), (0.64, 0.54965, 0.24345), (0.62996, 0.53459, 0.22588), (0.62996, 0.53459, 0.22588), (0.63749, 0.55216, 0.24094), (0.63749, 0.55216, 0.24094), (0.62996, 0.51953, 0.21584), (0.63247, 0.53208, 0.22588), (0.62243, 0.49945, 0.17569), (0.62243, 0.49945, 0.17569), (0.62996, 0.50949, 0.18824), (0.62996, 0.51953, 0.21584), (0.64, 0.56722, 0.26604), (0.62996, 0.54965, 0.24094), (0.63749, 0.5371, 0.2309), (0.63749, 0.5371, 0.2309), (0.64, 0.5371, 0.23592), (0.64, 0.56722, 0.26604), (0.63498, 0.55969, 0.25349), (0.63498, 0.54714, 0.2309), (0.62996, 0.512, 0.18573), (0.62996, 0.512, 0.18573), (0.63247, 0.50447, 0.18322), (0.63498, 0.55969, 0.25349), (0.63247, 0.50196, 0.19576), (0.6149, 0.49443, 0.1782), (0.62243, 0.49945, 0.17569), (0.62243, 0.49945, 0.17569), (0.63498, 0.51953, 0.21333), (0.63247, 0.50196, 0.19576), (0.63749, 0.5622, 0.25098), (0.63749, 0.55216, 0.24094), (0.64, 0.54714, 0.22086), (0.64, 0.54714, 0.22086), (0.64, 0.54212, 0.21333), (0.63749, 0.5622, 0.25098), (0.62745, 0.54965, 0.25851), (0.63498, 0.54212, 0.24847), (0.63749, 0.55467, 0.26353), (0.63247, 0.54965, 0.21584), (0.64, 0.54463, 0.24596), (0.62745, 0.512, 0.21082), (0.63749, 0.55718, 0.25851), (0.63498, 0.56722, 0.27859), (0.63247, 0.56722, 0.26353), (0.63247, 0.56722, 0.26353), (0.63498, 0.53961, 0.2309), (0.63749, 0.55718, 0.25851), (0.63749, 0.53961, 0.21082), (0.63749, 0.54212, 0.23341), (0.62745, 0.52455, 0.20831), (0.62745, 0.52455, 0.20831), (0.63247, 0.54463, 0.22337), (0.63749, 0.53961, 0.21082), (0.62494, 0.51451, 0.21082), (0.62494, 0.51953, 0.21584), (0.63247, 0.512, 0.20078), (0.63247, 0.512, 0.20078), (0.62996, 0.50196, 0.2058), (0.62494, 0.51451, 0.21082), (0.61992, 0.52706, 0.23341), (0.63749, 0.54714, 0.26102), (0.63247, 0.50196, 0.16314), (0.63749, 0.55216, 0.24094), (0.63247, 0.54463, 0.21835), (0.62745, 0.55969, 0.27106), (0.62745, 0.55969, 0.27106), (0.62745, 0.52455, 0.22839), (0.63749, 0.55216, 0.24094), (0.62996, 0.54212, 0.22086), (0.63498, 0.54212, 0.21082), (0.63749, 0.54965, 0.23341), (0.63749, 0.54965, 0.23341), (0.63498, 0.54965, 0.23843), (0.62996, 0.54212, 0.22086), (0.64, 0.54965, 0.24345), (0.63247, 0.53459, 0.2058), (0.63247, 0.52204, 0.19325), (0.63247, 0.52204, 0.19325), (0.63247, 0.52204, 0.19325), (0.64, 0.54965, 0.24345), (0.63749, 0.55467, 0.26353), (0.63749, 0.53961, 0.21584), (0.62745, 0.54965, 0.25851), (0.63247, 0.51953, 0.2058), (0.63749, 0.55216, 0.24345), (0.63247, 0.52706, 0.22337), (0.63749, 0.53208, 0.2309), (0.64, 0.53961, 0.23592), (0.63247, 0.52706, 0.22337), (0.63749, 0.5622, 0.25098), (0.62996, 0.52957, 0.22337), (0.63749, 0.54965, 0.24847), (0.63247, 0.50698, 0.20329), (0.62996, 0.49945, 0.19325), (0.63498, 0.55467, 0.25098), (0.63498, 0.55467, 0.25098), (0.63749, 0.54965, 0.24847), (0.63247, 0.50698, 0.20329), (0.62996, 0.53459, 0.22086), (0.64, 0.56722, 0.27106), (0.64, 0.54714, 0.23341), (0.64, 0.54714, 0.23341), (0.63749, 0.55718, 0.25851), (0.62996, 0.53459, 0.22086), (0.63247, 0.52957, 0.21835), (0.64, 0.57976, 0.28361), (0.63498, 0.54965, 0.23843), (0.63247, 0.53208, 0.22588), (0.62494, 0.51451, 0.21082), (0.63498, 0.52706, 0.2058), (0.64, 0.53961, 0.22839), (0.64, 0.57475, 0.27106), (0.63247, 0.54463, 0.22337), (0.63247, 0.54463, 0.22337), (0.62745, 0.52455, 0.20831), (0.64, 0.53961, 0.22839), (0.62494, 0.52957, 0.21584), (0.62996, 0.52455, 0.18322), (0.63247, 0.54212, 0.19576), (0.63247, 0.54212, 0.19576), (0.64, 0.54714, 0.22086), (0.62494, 0.52957, 0.21584), (0.63247, 0.53208, 0.22588), (0.63498, 0.54965, 0.21584), (0.62494, 0.51451, 0.21082), (0.63247, 0.50698, 0.19325), (0.62745, 0.51702, 0.20329), (0.63247, 0.51451, 0.18824), (0.63498, 0.54965, 0.23843), (0.62745, 0.53961, 0.22337), (0.63247, 0.52957, 0.21835), (0.63498, 0.57224, 0.25349), (0.63749, 0.53961, 0.21082), (0.63247, 0.54463, 0.22337), (0.64, 0.55969, 0.256), (0.62745, 0.53961, 0.22337), (0.62996, 0.54463, 0.22839), (0.62996, 0.54463, 0.22839), (0.64, 0.56722, 0.27106), (0.64, 0.55969, 0.256), (0.63247, 0.49443, 0.17067), (0.62996, 0.49192, 0.17318), (0.64, 0.55216, 0.25098), (0.64, 0.55216, 0.25098), (0.63247, 0.54714, 0.23843), (0.63247, 0.49443, 0.17067), (0.64, 0.54714, 0.24847), (0.63749, 0.55216, 0.24094), (0.62996, 0.54965, 0.24596), (0.62996, 0.54965, 0.24596), (0.63749, 0.54212, 0.23341), (0.64, 0.54714, 0.24847), (0.63498, 0.52706, 0.2058), (0.62494, 0.52204, 0.2058), (0.63247, 0.53208, 0.22588), (0.62494, 0.49694, 0.17569), (0.62996, 0.50196, 0.2058), (0.62494, 0.49945, 0.19075), (0.62494, 0.49945, 0.19075), (0.63498, 0.512, 0.19075), (0.62494, 0.49694, 0.17569), (0.63247, 0.51702, 0.21082), (0.62494, 0.49694, 0.17569), (0.62996, 0.52957, 0.21835), (0.62996, 0.52957, 0.21835), (0.63247, 0.52957, 0.21333), (0.63247, 0.51702, 0.21082), (0.62745, 0.512, 0.2058), (0.62996, 0.52957, 0.22337), (0.63749, 0.5371, 0.2309), (0.63749, 0.5371, 0.2309), (0.62494, 0.51451, 0.2058), (0.62745, 0.512, 0.2058), (0.62745, 0.512, 0.21082), (0.64, 0.56471, 0.23843), (0.63247, 0.54965, 0.21584), (0.63247, 0.54463, 0.22337), (0.64, 0.5622, 0.24345), (0.63498, 0.57224, 0.25349), (0.63247, 0.53961, 0.21333), (0.62996, 0.54965, 0.24094), (0.64, 0.55467, 0.24596), (0.62996, 0.49945, 0.19325), (0.63498, 0.51953, 0.21333), (0.62996, 0.50447, 0.19576), (0.62996, 0.50447, 0.19576), (0.64, 0.52706, 0.2309), (0.62996, 0.49945, 0.19325), (0.63247, 0.49443, 0.17067), (0.63749, 0.52455, 0.22588), (0.62996, 0.49192, 0.17318), (0.62494, 0.52204, 0.2058), (0.61992, 0.51451, 0.21333), (0.64, 0.52957, 0.2309), (0.63498, 0.50447, 0.19827), (0.63247, 0.50196, 0.19576), (0.63247, 0.50698, 0.20329), (0.6149, 0.49443, 0.1782), (0.63247, 0.50949, 0.18824), (0.63498, 0.51451, 0.19827), (0.62996, 0.50949, 0.18824), (0.63749, 0.52455, 0.20078), (0.63498, 0.51451, 0.19827), (0.63498, 0.53961, 0.2309), (0.63498, 0.52455, 0.21082), (0.63749, 0.51451, 0.21082), (0.63749, 0.51451, 0.21082), (0.63749, 0.50698, 0.20078), (0.63498, 0.53961, 0.2309), (0.63749, 0.56471, 0.24847), (0.62745, 0.55467, 0.23843), (0.63498, 0.51451, 0.19325), (0.63498, 0.51451, 0.19325), (0.63247, 0.54463, 0.24345), (0.63749, 0.56471, 0.24847), (0.63749, 0.54965, 0.24847), (0.63749, 0.55216, 0.24094), (0.63749, 0.5622, 0.25098), (0.63749, 0.5371, 0.23341), (0.64, 0.54463, 0.23592), (0.63498, 0.54965, 0.23843), (0.63247, 0.53208, 0.22588), (0.62745, 0.52957, 0.20078), (0.63247, 0.50949, 0.18824), (0.64, 0.55467, 0.24596), (0.63498, 0.53208, 0.21584), (0.63247, 0.53961, 0.21333), (0.64, 0.53961, 0.21082), (0.63247, 0.5371, 0.22839), (0.62494, 0.52455, 0.21333), (0.63247, 0.55969, 0.25851), (0.62996, 0.55467, 0.24847), (0.63247, 0.55718, 0.24596), (0.63247, 0.55718, 0.24596), (0.60988, 0.49192, 0.16565), (0.63247, 0.55969, 0.25851), (0.62996, 0.53961, 0.2309), (0.62494, 0.49694, 0.17569), (0.64, 0.53961, 0.23592), (0.63247, 0.5371, 0.22337), (0.63749, 0.56471, 0.24345), (0.63498, 0.54212, 0.21082), (0.63498, 0.54212, 0.21082), (0.62996, 0.54212, 0.22086), (0.63247, 0.5371, 0.22337), (0.62996, 0.50698, 0.20831), (0.63749, 0.51451, 0.21584), (0.62996, 0.49694, 0.17067), (0.63247, 0.54212, 0.24094), (0.63247, 0.51451, 0.18322), (0.63498, 0.52455, 0.19576), (0.64, 0.55969, 0.256), (0.62494, 0.51953, 0.1782), (0.62745, 0.53961, 0.22337), (0.62494, 0.52957, 0.21584), (0.64, 0.54714, 0.22086), (0.63247, 0.53208, 0.20329), (0.63247, 0.5371, 0.22337), (0.62996, 0.54212, 0.22086), (0.62745, 0.51953, 0.17318), (0.63498, 0.56722, 0.27859), (0.64, 0.55467, 0.24345), (0.63498, 0.55718, 0.24345), (0.63498, 0.55718, 0.24345), (0.63749, 0.55969, 0.24596), (0.63498, 0.56722, 0.27859), (0.62745, 0.53459, 0.20831), (0.63749, 0.5622, 0.26102), (0.62745, 0.52957, 0.20078), (0.63247, 0.5371, 0.20329), (0.63749, 0.56722, 0.25851), (0.63749, 0.57224, 0.26855), (0.63749, 0.57224, 0.26855), (0.62494, 0.50196, 0.1782), (0.63247, 0.5371, 0.20329), (0.63749, 0.52957, 0.20831), (0.63498, 0.54463, 0.23592), (0.63749, 0.52455, 0.21082), (0.64, 0.52957, 0.2309), (0.63749, 0.54965, 0.22839), (0.62494, 0.52204, 0.2058), (0.63498, 0.51451, 0.20329), (0.62494, 0.51702, 0.19576), (0.63247, 0.53208, 0.22588), (0.63247, 0.53208, 0.22588), (0.63498, 0.52455, 0.22086), (0.63498, 0.51451, 0.20329), (0.63749, 0.5622, 0.26102), (0.63749, 0.55216, 0.24094), (0.64, 0.54714, 0.24847), (0.62243, 0.50949, 0.19576), (0.63247, 0.52204, 0.20831), (0.64, 0.53961, 0.23592), (0.64, 0.53961, 0.23592), (0.64, 0.54212, 0.22337), (0.62243, 0.50949, 0.19576), (0.62494, 0.50196, 0.1782), (0.63749, 0.57224, 0.26855), (0.63749, 0.5622, 0.256), (0.63247, 0.55467, 0.24094), (0.63247, 0.54965, 0.21584), (0.63498, 0.54463, 0.23592), (0.62996, 0.51953, 0.21584), (0.62996, 0.50949, 0.18824), (0.63247, 0.51451, 0.21835), (0.62996, 0.50447, 0.19576), (0.63749, 0.50949, 0.19576), (0.64, 0.52706, 0.2309), (0.63498, 0.51702, 0.19075), (0.63247, 0.51451, 0.21835), (0.64, 0.51702, 0.19325), (0.63749, 0.54212, 0.22839), (0.63498, 0.52455, 0.21082), (0.63498, 0.57224, 0.27608), (0.63498, 0.57224, 0.27608), (0.63247, 0.54463, 0.21835), (0.63749, 0.54212, 0.22839), (0.62996, 0.50196, 0.18322), (0.64, 0.52204, 0.21082), (0.63749, 0.52455, 0.21082), (0.63749, 0.512, 0.19827), (0.62745, 0.50196, 0.19325), (0.64, 0.54965, 0.22588), (0.62996, 0.53208, 0.23341), (0.62996, 0.50949, 0.18824), (0.63498, 0.51953, 0.21835), (0.63498, 0.51953, 0.21835), (0.64, 0.5371, 0.24094), (0.62996, 0.53208, 0.23341), (0.64, 0.55718, 0.24847), (0.64, 0.54714, 0.23843), (0.62745, 0.53961, 0.21333), (0.62745, 0.52706, 0.19576), (0.62996, 0.54212, 0.22588), (0.63749, 0.55216, 0.23592), (0.63749, 0.55216, 0.23592), (0.62745, 0.52957, 0.2058), (0.62745, 0.52706, 0.19576), (0.63498, 0.52455, 0.21082), (0.62494, 0.52957, 0.21082), (0.63749, 0.54965, 0.24847), (0.63749, 0.54965, 0.24847), (0.64, 0.54965, 0.24094), (0.63498, 0.52455, 0.21082), (0.63498, 0.54463, 0.23592), (0.63498, 0.54463, 0.23592), (0.63247, 0.55467, 0.24094), (0.63498, 0.55467, 0.256), (0.63498, 0.54212, 0.24847), (0.62996, 0.54714, 0.256), (0.62996, 0.54714, 0.256), (0.63749, 0.5371, 0.23341), (0.63498, 0.55467, 0.256), (0.62996, 0.52204, 0.19576), (0.63498, 0.53459, 0.22337), (0.63498, 0.53208, 0.21082), (0.63498, 0.54714, 0.25098), (0.62996, 0.53459, 0.21584), (0.62996, 0.49443, 0.15812), (0.62996, 0.49443, 0.15812), (0.62745, 0.51451, 0.19075), (0.63498, 0.54714, 0.25098), (0.63749, 0.55216, 0.24345), (0.62996, 0.54212, 0.24094), (0.63498, 0.54463, 0.23592), (0.63749, 0.52455, 0.21082), (0.63498, 0.54463, 0.23592), (0.62996, 0.50196, 0.18322), (0.62494, 0.52455, 0.21333), (0.62745, 0.52957, 0.20078), (0.64, 0.53961, 0.21082), (0.63498, 0.54714, 0.24596), (0.63498, 0.53459, 0.22839), (0.63749, 0.54965, 0.24847), (0.63498, 0.55718, 0.24345), (0.63247, 0.55467, 0.24094), (0.63749, 0.54965, 0.24847), (0.62996, 0.512, 0.16565), (0.63498, 0.51451, 0.17318), (0.63498, 0.512, 0.18322), (0.63749, 0.51953, 0.19325), (0.63247, 0.53208, 0.20329), (0.63247, 0.51451, 0.18824), (0.62494, 0.49694, 0.1782), (0.62494, 0.512, 0.19325), (0.62243, 0.4869, 0.15059), (0.62745, 0.50447, 0.17569), (0.62243, 0.49945, 0.17569), (0.63247, 0.53208, 0.22588), (0.63247, 0.53208, 0.22588), (0.62996, 0.51953, 0.21584), (0.62745, 0.50447, 0.17569), (0.62996, 0.50698, 0.18573), (0.62996, 0.51702, 0.19325), (0.63498, 0.51953, 0.21835), (0.63498, 0.52957, 0.22588), (0.63247, 0.50949, 0.18824), (0.62996, 0.50196, 0.18322), (0.62996, 0.50949, 0.18824), (0.64, 0.54714, 0.24847), (0.63498, 0.51953, 0.21835), (0.63247, 0.51702, 0.21082), (0.62494, 0.51451, 0.21082), (0.63247, 0.51702, 0.21082), (0.62494, 0.51953, 0.21584), (0.63247, 0.51702, 0.21082), (0.63247, 0.50447, 0.20831), (0.63498, 0.512, 0.20831), (0.62745, 0.512, 0.21082), (0.63247, 0.50447, 0.20831), (0.63498, 0.5371, 0.23341), (0.63498, 0.5371, 0.23843), (0.63247, 0.54463, 0.24847), (0.63247, 0.54463, 0.24847), (0.63247, 0.54212, 0.23592), (0.63498, 0.5371, 0.23341), (0.63247, 0.512, 0.19576), (0.62996, 0.51451, 0.21333), (0.63749, 0.55718, 0.25851), (0.63498, 0.54965, 0.24094), (0.63498, 0.53208, 0.23592), (0.62996, 0.52957, 0.22337), (0.62996, 0.52957, 0.22337), (0.62745, 0.512, 0.16816), (0.63498, 0.50949, 0.18071), (0.63498, 0.50949, 0.18071), (0.63749, 0.5371, 0.23341), (0.62996, 0.52957, 0.22337), (0.64, 0.5371, 0.22086), (0.63498, 0.54463, 0.23592), (0.62243, 0.5371, 0.22588), (0.62243, 0.5371, 0.22588), (0.63749, 0.5622, 0.26102), (0.64, 0.5371, 0.22086), (0.63247, 0.53208, 0.22588), (0.63498, 0.51451, 0.19827), (0.63749, 0.52455, 0.20078), (0.63749, 0.52455, 0.20078), (0.62243, 0.49945, 0.17569), (0.63247, 0.53208, 0.22588), (0.62996, 0.50196, 0.18322), (0.62745, 0.52706, 0.22086), (0.63498, 0.52957, 0.22588), (0.63749, 0.5622, 0.256), (0.62996, 0.49694, 0.16565), (0.62494, 0.50196, 0.1782), (0.63247, 0.52706, 0.22337), (0.62745, 0.52706, 0.21584), (0.63749, 0.55718, 0.25851), (0.63749, 0.55718, 0.25851), (0.63498, 0.55467, 0.256), (0.63247, 0.52706, 0.22337), (0.62745, 0.52455, 0.22839), (0.64, 0.55216, 0.256), (0.64, 0.54714, 0.25349), (0.64, 0.54714, 0.25349), (0.62996, 0.52957, 0.22337), (0.62745, 0.52455, 0.22839), (0.62996, 0.53961, 0.23341), (0.63247, 0.53459, 0.23592), (0.63498, 0.52706, 0.2058), (0.63498, 0.52706, 0.2058), (0.63498, 0.52455, 0.21082), (0.62996, 0.53961, 0.23341), (0.62996, 0.52957, 0.22337), (0.63247, 0.54212, 0.23592), (0.63498, 0.54965, 0.24094), (0.63749, 0.55467, 0.26353), (0.62996, 0.5371, 0.24345), (0.63749, 0.54965, 0.24847), (0.62996, 0.49694, 0.16565), (0.63749, 0.5622, 0.256), (0.63749, 0.54965, 0.24847), (0.63749, 0.54965, 0.24847), (0.61741, 0.49694, 0.15561), (0.62996, 0.49694, 0.16565), (0.64, 0.54714, 0.23341), (0.63247, 0.55718, 0.24596), (0.63749, 0.5622, 0.25098), (0.63749, 0.5622, 0.25098), (0.64, 0.55467, 0.24345), (0.64, 0.54714, 0.23341), (0.63749, 0.53208, 0.22839), (0.62494, 0.50196, 0.1782), (0.62996, 0.49694, 0.16565), (0.62996, 0.49694, 0.16565), (0.63498, 0.53208, 0.22086), (0.63749, 0.53208, 0.22839), (0.64, 0.54212, 0.23843), (0.62996, 0.53208, 0.21333), (0.62494, 0.50949, 0.20831), (0.6149, 0.50196, 0.20329), (0.64, 0.54212, 0.2309), (0.62494, 0.51953, 0.21584), (0.62494, 0.51953, 0.21584), (0.62494, 0.51451, 0.21082), (0.6149, 0.50196, 0.20329), (0.64, 0.51702, 0.19325), (0.63247, 0.51451, 0.21835), (0.64, 0.53961, 0.24345), (0.64, 0.53961, 0.24345), (0.63247, 0.54463, 0.24847), (0.64, 0.51702, 0.19325), (0.62745, 0.53961, 0.21333), (0.62745, 0.53961, 0.21333), (0.64, 0.55718, 0.24847), (0.63749, 0.54212, 0.23341), (0.63498, 0.57224, 0.27357), (0.63749, 0.56722, 0.23341), (0.63749, 0.56722, 0.23341), (0.63247, 0.52204, 0.20831), (0.63749, 0.54212, 0.23341), (0.63749, 0.54965, 0.24847), (0.63749, 0.53961, 0.21584), (0.63749, 0.55467, 0.26353), (0.63749, 0.55969, 0.24094), (0.64, 0.57475, 0.27106), (0.63749, 0.55969, 0.24596), (0.63749, 0.55969, 0.24596), (0.63247, 0.55718, 0.2309), (0.63749, 0.55969, 0.24094), (0.63498, 0.52957, 0.22588), (0.63247, 0.54463, 0.24345), (0.63498, 0.55467, 0.25098), (0.63498, 0.55467, 0.25098), (0.62996, 0.50949, 0.18824), (0.63498, 0.52957, 0.22588), (0.62996, 0.53208, 0.23341), (0.63247, 0.52706, 0.22337), (0.63749, 0.52204, 0.21584), (0.62996, 0.53208, 0.23341), (0.64, 0.5371, 0.24094), (0.62996, 0.51702, 0.19827), (0.62996, 0.52455, 0.22086), (0.63498, 0.53459, 0.2309), (0.62996, 0.54212, 0.24094), (0.62996, 0.54212, 0.24094), (0.63498, 0.53961, 0.2309), (0.62996, 0.52455, 0.22086), (0.63498, 0.51953, 0.21835), (0.63498, 0.512, 0.20831), (0.62996, 0.50698, 0.18573), (0.63247, 0.50698, 0.20329), (0.62243, 0.50949, 0.19576), (0.63247, 0.51953, 0.19576), (0.63247, 0.51953, 0.19576), (0.63498, 0.53459, 0.22337), (0.63247, 0.50698, 0.20329), (0.62996, 0.51702, 0.20329), (0.64, 0.54965, 0.23592), (0.63247, 0.51953, 0.19576), (0.63247, 0.51953, 0.19576), (0.63247, 0.52204, 0.21333), (0.62996, 0.51702, 0.20329), (0.63749, 0.5622, 0.25098), (0.64, 0.55718, 0.256), (0.63498, 0.52957, 0.22588), (0.63498, 0.52957, 0.22588), (0.62243, 0.52455, 0.22086), (0.63749, 0.5622, 0.25098), (0.64, 0.51702, 0.20831), (0.62494, 0.512, 0.19827), (0.63247, 0.52706, 0.22337), (0.63247, 0.55216, 0.24345), (0.63498, 0.55969, 0.24847), (0.63247, 0.56722, 0.26353), (0.62494, 0.512, 0.19325), (0.63498, 0.51451, 0.19325), (0.62745, 0.55467, 0.23843), (0.64, 0.55467, 0.24345), (0.63749, 0.5622, 0.25098), (0.63749, 0.55969, 0.26604), (0.63749, 0.55969, 0.26604), (0.63498, 0.55718, 0.24345), (0.64, 0.55467, 0.24345), (0.64, 0.54965, 0.23592), (0.63247, 0.51953, 0.19576), (0.63498, 0.52455, 0.19576), (0.63498, 0.52455, 0.19576), (0.62996, 0.5371, 0.21082), (0.64, 0.54965, 0.23592), (0.62243, 0.4869, 0.15059), (0.63247, 0.49945, 0.1782), (0.62494, 0.49694, 0.1782), (0.63247, 0.54714, 0.2309), (0.63247, 0.55467, 0.24094), (0.63498, 0.5622, 0.24094), (0.62996, 0.55969, 0.25098), (0.63498, 0.54714, 0.2309), (0.63498, 0.5371, 0.23341), (0.63498, 0.52455, 0.22086), (0.63498, 0.512, 0.18824), (0.62996, 0.512, 0.18573), (0.62996, 0.512, 0.18573), (0.63749, 0.52957, 0.20329), (0.63498, 0.52455, 0.22086), (0.63498, 0.55467, 0.24596), (0.63247, 0.53459, 0.2058), (0.64, 0.54965, 0.24345), (0.64, 0.55216, 0.23592), (0.62745, 0.52957, 0.2058), (0.63247, 0.52706, 0.19075), (0.63247, 0.52706, 0.19075), (0.63498, 0.53208, 0.21082), (0.64, 0.55216, 0.23592), (0.62745, 0.52455, 0.20329), (0.62243, 0.4869, 0.15059), (0.63247, 0.52957, 0.21835), (0.63247, 0.56722, 0.26353), (0.62494, 0.53459, 0.22588), (0.63247, 0.55216, 0.24345), (0.62243, 0.54212, 0.23843), (0.63498, 0.53208, 0.21082), (0.62745, 0.51953, 0.19075), (0.64, 0.53208, 0.22337), (0.63247, 0.53459, 0.21082), (0.63498, 0.50698, 0.21082), (0.63498, 0.50698, 0.21082), (0.62745, 0.51702, 0.21333), (0.64, 0.53208, 0.22337), (0.62745, 0.53459, 0.20831), (0.63247, 0.53459, 0.2058), (0.63498, 0.54965, 0.23843), (0.62996, 0.52204, 0.20078), (0.64, 0.55718, 0.256), (0.63498, 0.54965, 0.21584), (0.63247, 0.50698, 0.20329), (0.63247, 0.53459, 0.2309), (0.63247, 0.52204, 0.21333), (0.63247, 0.52204, 0.21333), (0.63749, 0.54965, 0.24847), (0.63247, 0.50698, 0.20329), (0.62745, 0.50698, 0.19075), (0.63247, 0.53208, 0.22086), (0.63498, 0.53208, 0.22086), (0.62494, 0.50949, 0.20831), (0.62996, 0.50949, 0.19827), (0.64, 0.54212, 0.23843), (0.63498, 0.53208, 0.23592), (0.63498, 0.54965, 0.24094), (0.64, 0.55969, 0.26102), (0.64, 0.55969, 0.26102), (0.62745, 0.52706, 0.21584), (0.63498, 0.53208, 0.23592), (0.63247, 0.53208, 0.22588), (0.63498, 0.50949, 0.18071), (0.62745, 0.53459, 0.20831), (0.62745, 0.53459, 0.20831), (0.62745, 0.52957, 0.20078), (0.63247, 0.53208, 0.22588), (0.62243, 0.5371, 0.22588), (0.63749, 0.54965, 0.24847), (0.63247, 0.55467, 0.24094), (0.63247, 0.55467, 0.24094), (0.63749, 0.55216, 0.24094), (0.62243, 0.5371, 0.22588), (0.62745, 0.51953, 0.19075), (0.63498, 0.54463, 0.23843), (0.62243, 0.54212, 0.23843), (0.63498, 0.54212, 0.21584), (0.63498, 0.54212, 0.20831), (0.64, 0.54965, 0.24345), (0.64, 0.54965, 0.24345), (0.64, 0.54212, 0.23592), (0.63498, 0.54212, 0.21584), (0.63498, 0.54965, 0.21584), (0.62745, 0.52957, 0.20078), (0.62494, 0.52455, 0.21333), (0.64, 0.53961, 0.21082), (0.63749, 0.50196, 0.16314), (0.63247, 0.5371, 0.22839), (0.62494, 0.53459, 0.22588), (0.63498, 0.52706, 0.2058), (0.63247, 0.53459, 0.23592), (0.63498, 0.55969, 0.24847), (0.63498, 0.51451, 0.19827), (0.63247, 0.56722, 0.26353), (0.63498, 0.57224, 0.25349), (0.63247, 0.55969, 0.24345), (0.64, 0.56973, 0.256), (0.64, 0.56973, 0.256), (0.63749, 0.53961, 0.21082), (0.63498, 0.57224, 0.25349), (0.62745, 0.55969, 0.27106), (0.63498, 0.57224, 0.27608), (0.64, 0.53961, 0.22839), (0.64, 0.53961, 0.22839), (0.63498, 0.55216, 0.22839), (0.62745, 0.55969, 0.27106), (0.63498, 0.58227, 0.28361), (0.63247, 0.54212, 0.23592), (0.62243, 0.53459, 0.21835), (0.63749, 0.51953, 0.19325), (0.63247, 0.51451, 0.18824), (0.64, 0.55718, 0.26102), (0.64, 0.55718, 0.26102), (0.63498, 0.52957, 0.23341), (0.63749, 0.51953, 0.19325), (0.63247, 0.52706, 0.22588), (0.6149, 0.51953, 0.20078), (0.62243, 0.53459, 0.21835), (0.64, 0.56722, 0.26102), (0.63498, 0.54965, 0.21584), (0.64, 0.55718, 0.256), (0.64, 0.55718, 0.256), (0.63749, 0.5622, 0.25098), (0.64, 0.56722, 0.26102), (0.63498, 0.5371, 0.23341), (0.63498, 0.53961, 0.2309), (0.63749, 0.50698, 0.20078), (0.63749, 0.50698, 0.20078), (0.62745, 0.51451, 0.19576), (0.63498, 0.5371, 0.23341), (0.63498, 0.55969, 0.25349), (0.63749, 0.53459, 0.23843), (0.63749, 0.54965, 0.24847), (0.63247, 0.52957, 0.21835), (0.62243, 0.4869, 0.15059), (0.62494, 0.512, 0.19325), (0.62494, 0.512, 0.19325), (0.62745, 0.55467, 0.23843), (0.63247, 0.52957, 0.21835), (0.62243, 0.512, 0.20329), (0.64, 0.54714, 0.23843), (0.63498, 0.55467, 0.24596), (0.62745, 0.512, 0.2058), (0.62996, 0.52455, 0.22337), (0.63498, 0.52455, 0.22086), (0.63498, 0.52455, 0.22086), (0.62243, 0.51702, 0.21584), (0.62745, 0.512, 0.2058), (0.62745, 0.55467, 0.23843), (0.63247, 0.55216, 0.24345), (0.63247, 0.52957, 0.21835), (0.63498, 0.53459, 0.22839), (0.62745, 0.53208, 0.21333), (0.62243, 0.52204, 0.19325), (0.63247, 0.52204, 0.20831), (0.64, 0.54463, 0.23592), (0.63247, 0.5371, 0.22839), (0.63498, 0.54965, 0.23843), (0.63749, 0.5622, 0.26102), (0.62745, 0.53459, 0.20831), (0.63498, 0.53459, 0.20329), (0.63749, 0.53961, 0.21082), (0.62996, 0.54965, 0.24596), (0.62996, 0.54965, 0.24596), (0.64, 0.53961, 0.21082), (0.63498, 0.53459, 0.20329), (0.63247, 0.53208, 0.22086), (0.63498, 0.54463, 0.23592), (0.63247, 0.56722, 0.26855), (0.63247, 0.56722, 0.26855), (0.62996, 0.55216, 0.25851), (0.63247, 0.53208, 0.22086), (0.62745, 0.51451, 0.19576), (0.63498, 0.51451, 0.19325), (0.63498, 0.5371, 0.23843), (0.63749, 0.54212, 0.22839), (0.63749, 0.54965, 0.23341), (0.64, 0.55718, 0.24596), (0.64, 0.55718, 0.24596), (0.63247, 0.55216, 0.24345), (0.63749, 0.54212, 0.22839), (0.62243, 0.53208, 0.22337), (0.64, 0.57725, 0.26855), (0.64, 0.55216, 0.25098), (0.64, 0.55216, 0.25098), (0.63498, 0.53961, 0.22588), (0.62243, 0.53208, 0.22337), (0.63749, 0.55216, 0.23592), (0.63247, 0.55216, 0.24345), (0.62494, 0.51953, 0.18322), (0.62494, 0.51953, 0.18322), (0.63498, 0.55969, 0.24847), (0.63749, 0.55216, 0.23592), (0.62996, 0.55467, 0.22839), (0.63749, 0.5371, 0.2058), (0.63749, 0.54965, 0.25349), (0.62996, 0.50698, 0.18322), (0.63749, 0.52706, 0.19325), (0.63498, 0.51702, 0.19075), (0.62494, 0.49945, 0.17067), (0.63247, 0.50949, 0.18071), (0.62745, 0.49945, 0.18071), (0.62745, 0.49945, 0.18071), (0.63498, 0.51451, 0.19325), (0.62494, 0.49945, 0.17067), (0.63247, 0.54212, 0.23592), (0.63247, 0.54463, 0.24847), (0.64, 0.53459, 0.2309), (0.64, 0.53459, 0.2309), (0.62243, 0.52957, 0.23592), (0.63247, 0.54212, 0.23592), (0.63498, 0.53208, 0.21082), (0.63247, 0.52706, 0.19075), (0.62996, 0.49694, 0.17569), (0.62996, 0.49694, 0.17569), (0.62745, 0.51953, 0.19075), (0.63498, 0.53208, 0.21082), (0.63498, 0.5371, 0.23843), (0.63498, 0.5371, 0.23341), (0.62745, 0.51451, 0.19576), (0.63247, 0.52204, 0.19325), (0.62494, 0.51451, 0.21082), (0.64, 0.54965, 0.24345), (0.62745, 0.52706, 0.22086), (0.63498, 0.54212, 0.24847), (0.63247, 0.50949, 0.21082), (0.63247, 0.50949, 0.21082), (0.63247, 0.53208, 0.22588), (0.62745, 0.52706, 0.22086), (0.63749, 0.55216, 0.24345), (0.62996, 0.52957, 0.19827), (0.63247, 0.52204, 0.20831), (0.63247, 0.52204, 0.20831), (0.62494, 0.50196, 0.1782), (0.63749, 0.55216, 0.24345), (0.64, 0.57725, 0.26855), (0.63498, 0.55467, 0.24596), (0.64, 0.54714, 0.23843), (0.64, 0.54714, 0.23843), (0.64, 0.55216, 0.25098), (0.64, 0.57725, 0.26855), (0.63498, 0.51702, 0.19075), (0.63498, 0.53459, 0.22839), (0.62996, 0.50698, 0.18322), (0.62243, 0.49945, 0.17569), (0.63749, 0.52706, 0.19827), (0.62494, 0.51451, 0.18573), (0.62494, 0.51451, 0.18573), (0.62996, 0.50949, 0.18824), (0.62243, 0.49945, 0.17569), (0.63498, 0.53208, 0.21082), (0.62996, 0.52204, 0.19325), (0.64, 0.57475, 0.2811), (0.64, 0.57475, 0.2811), (0.64, 0.57725, 0.28612), (0.63498, 0.53208, 0.21082), (0.63749, 0.55969, 0.24596), (0.63749, 0.54212, 0.22839), (0.63749, 0.54965, 0.23341), (0.63749, 0.54965, 0.23341), (0.62745, 0.5371, 0.22839), (0.63749, 0.55969, 0.24596), (0.63498, 0.5622, 0.24094), (0.62996, 0.51702, 0.19325), (0.64, 0.54965, 0.22337), (0.64, 0.5371, 0.24094), (0.64, 0.55718, 0.26102), (0.63247, 0.51451, 0.18824), (0.63247, 0.52706, 0.22588), (0.63247, 0.54965, 0.25851), (0.62243, 0.51702, 0.21584), (0.62745, 0.52204, 0.22086), (0.62745, 0.5371, 0.2309), (0.63498, 0.52455, 0.21082), (0.62494, 0.51451, 0.21082), (0.62494, 0.52455, 0.21835), (0.63498, 0.53459, 0.22337), (0.62996, 0.52706, 0.21584), (0.63749, 0.53961, 0.24094), (0.63498, 0.53459, 0.22337), (0.62494, 0.52706, 0.22839), (0.64, 0.53961, 0.21082), (0.62745, 0.52957, 0.20078), (0.62745, 0.52957, 0.20078), (0.62996, 0.55467, 0.24847), (0.62494, 0.52706, 0.22839), (0.63247, 0.55216, 0.24345), (0.62996, 0.55467, 0.24847), (0.62745, 0.52957, 0.20078), (0.62745, 0.52957, 0.20078), (0.62494, 0.51953, 0.18322), (0.63247, 0.55216, 0.24345), (0.64, 0.54212, 0.23592), (0.64, 0.54965, 0.24345), (0.62745, 0.52706, 0.19827), (0.62745, 0.52706, 0.19827), (0.63247, 0.54463, 0.24345), (0.64, 0.54212, 0.23592), (0.62745, 0.50698, 0.18573), (0.63498, 0.51451, 0.19325), (0.62745, 0.49945, 0.18071), (0.62745, 0.49945, 0.18071), (0.63498, 0.50196, 0.17569), (0.62745, 0.50698, 0.18573), (0.63247, 0.54212, 0.23592), (0.64, 0.56973, 0.26855), (0.64, 0.57224, 0.26353), (0.64, 0.57224, 0.26353), (0.63749, 0.5622, 0.25098), (0.63247, 0.54212, 0.23592), (0.62745, 0.52706, 0.19576), (0.62745, 0.52957, 0.2058), (0.64, 0.55216, 0.23592), (0.63247, 0.52706, 0.19075), (0.6149, 0.51953, 0.20078), (0.62996, 0.49694, 0.17569), (0.62745, 0.51953, 0.19075), (0.62996, 0.54463, 0.23341), (0.63498, 0.55467, 0.25098), (0.64, 0.55467, 0.24596), (0.63498, 0.55467, 0.25098), (0.63498, 0.52706, 0.2058), (0.63498, 0.52706, 0.2058), (0.63498, 0.53208, 0.21584), (0.64, 0.55467, 0.24596), (0.62745, 0.54212, 0.23341), (0.62745, 0.52706, 0.22086), (0.63247, 0.54212, 0.23592), (0.63247, 0.54212, 0.23592), (0.63749, 0.55969, 0.26604), (0.62745, 0.54212, 0.23341), (0.63498, 0.54212, 0.21584), (0.63498, 0.5371, 0.20831), (0.62494, 0.49945, 0.19576), (0.62494, 0.49945, 0.19576), (0.63247, 0.50698, 0.20329), (0.63498, 0.54212, 0.21584), (0.62745, 0.51451, 0.20078), (0.63749, 0.51451, 0.21082), (0.63749, 0.53961, 0.23592), (0.63749, 0.54965, 0.25349), (0.63498, 0.5622, 0.26102), (0.62996, 0.55467, 0.22839), (0.62996, 0.51953, 0.19075), (0.62494, 0.49694, 0.1782), (0.63498, 0.5371, 0.20831), (0.61992, 0.52455, 0.21082), (0.63247, 0.49945, 0.1782), (0.63749, 0.51953, 0.19325), (0.63498, 0.55969, 0.24847), (0.63247, 0.55216, 0.24345), (0.64, 0.55216, 0.25098), (0.64, 0.55216, 0.25098), (0.64, 0.54714, 0.23843), (0.63498, 0.55969, 0.24847), (0.63498, 0.55467, 0.24596), (0.64, 0.57725, 0.26855), (0.63247, 0.53459, 0.21584), (0.63247, 0.53459, 0.21584), (0.63247, 0.53459, 0.2058), (0.63498, 0.55467, 0.24596), (0.63498, 0.55467, 0.25098), (0.63498, 0.55467, 0.25098), (0.62745, 0.51953, 0.19075), (0.62494, 0.52204, 0.2058), (0.63749, 0.53961, 0.24094), (0.63498, 0.53961, 0.22588), (0.62745, 0.51953, 0.19075), (0.62996, 0.53208, 0.20329), (0.62996, 0.54463, 0.23341), (0.63749, 0.5622, 0.25098), (0.64, 0.54212, 0.21333), (0.63498, 0.54212, 0.24847), (0.63247, 0.53208, 0.22588), (0.62996, 0.53208, 0.21333), (0.62745, 0.52706, 0.22086), (0.62745, 0.52706, 0.22086), (0.62996, 0.54965, 0.24596), (0.63749, 0.55216, 0.24094), (0.63498, 0.53459, 0.22839), (0.63749, 0.55216, 0.23592), (0.63749, 0.54965, 0.25349), (0.63247, 0.55216, 0.24345), (0.63498, 0.54714, 0.25098), (0.64, 0.55969, 0.27106), (0.62494, 0.51451, 0.2058), (0.63749, 0.5371, 0.2309), (0.62745, 0.512, 0.2058), (0.63498, 0.512, 0.20831), (0.63247, 0.52706, 0.19075), (0.62745, 0.50196, 0.18824), (0.62745, 0.50196, 0.18824), (0.62745, 0.512, 0.21082), (0.63498, 0.512, 0.20831), (0.62494, 0.52455, 0.21835), (0.62996, 0.53208, 0.21333), (0.62996, 0.54463, 0.23592), (0.62996, 0.53459, 0.22588), (0.63498, 0.53208, 0.21584), (0.63498, 0.54463, 0.23592), (0.63247, 0.53459, 0.21584), (0.63498, 0.55969, 0.25349), (0.63247, 0.50447, 0.18322), (0.63247, 0.50447, 0.18322), (0.63498, 0.5371, 0.23341), (0.63247, 0.53459, 0.21584), (0.62494, 0.54463, 0.24596), (0.62996, 0.54212, 0.24094), (0.63498, 0.53459, 0.2309), (0.63498, 0.52204, 0.20831), (0.62745, 0.52706, 0.22086), (0.62494, 0.52204, 0.2058), (0.63498, 0.54965, 0.20831), (0.63498, 0.53961, 0.20078), (0.63498, 0.54965, 0.21584), (0.63749, 0.54965, 0.24847), (0.62996, 0.54965, 0.24094), (0.63498, 0.55969, 0.25349), (0.61992, 0.52455, 0.21082), (0.63498, 0.5371, 0.20831), (0.62494, 0.49694, 0.1782), (0.62494, 0.49694, 0.1782), (0.63247, 0.49945, 0.1782), (0.61992, 0.52455, 0.21082), (0.62494, 0.52455, 0.21333), (0.62745, 0.52455, 0.20831), (0.62996, 0.52204, 0.20078), (0.62996, 0.52204, 0.20078), (0.63498, 0.54965, 0.21584), (0.62494, 0.52455, 0.21333), (0.62996, 0.52204, 0.20078), (0.64, 0.52957, 0.21584), (0.64, 0.54463, 0.25098), (0.64, 0.54463, 0.25098), (0.63498, 0.52957, 0.23341), (0.62996, 0.52204, 0.20078), (0.63498, 0.53961, 0.2309), (0.62996, 0.54965, 0.24094), (0.63498, 0.55467, 0.25098), (0.62996, 0.53459, 0.21584), (0.63498, 0.54714, 0.25098), (0.64, 0.56471, 0.26353), (0.63247, 0.53208, 0.22588), (0.64, 0.54212, 0.21333), (0.64, 0.56471, 0.26353), (0.63247, 0.5371, 0.21835), (0.62996, 0.53208, 0.20329), (0.63247, 0.54463, 0.24345), (0.63498, 0.55969, 0.24847), (0.63749, 0.55216, 0.24094), (0.63749, 0.54965, 0.24847), (0.63498, 0.50196, 0.17569), (0.62745, 0.49945, 0.18071), (0.63247, 0.50949, 0.18071), (0.62745, 0.50447, 0.18322), (0.63247, 0.51953, 0.2058), (0.62243, 0.50196, 0.18071), (0.63498, 0.54965, 0.21584), (0.64, 0.55467, 0.23843), (0.63498, 0.54965, 0.20831), (0.63247, 0.54212, 0.23592), (0.64, 0.54965, 0.24847), (0.63749, 0.55969, 0.26604), (0.63749, 0.55216, 0.24094), (0.62996, 0.53459, 0.22588), (0.62745, 0.52706, 0.22086), (0.63749, 0.54212, 0.22839), (0.63498, 0.55467, 0.25098), (0.62996, 0.54463, 0.21082), (0.63498, 0.52455, 0.21082), (0.63498, 0.52706, 0.2058), (0.62494, 0.51451, 0.21082), (0.62494, 0.51451, 0.21082), (0.63247, 0.53961, 0.24596), (0.63498, 0.52455, 0.21082), (0.63749, 0.52204, 0.21584), (0.63247, 0.52706, 0.22337), (0.62745, 0.50698, 0.19075), (0.62745, 0.50698, 0.19075), (0.63498, 0.53208, 0.22086), (0.63749, 0.52204, 0.21584), (0.63498, 0.53459, 0.22839), (0.63247, 0.51702, 0.21584), (0.63749, 0.55467, 0.26353), (0.64, 0.5371, 0.24094), (0.62996, 0.512, 0.18573), (0.63498, 0.512, 0.18824), (0.63498, 0.512, 0.18824), (0.64, 0.55718, 0.26102), (0.64, 0.5371, 0.24094), (0.63247, 0.50949, 0.21082), (0.62243, 0.49443, 0.17569), (0.63247, 0.53208, 0.22588), (0.63247, 0.56973, 0.27859), (0.62494, 0.52957, 0.21082), (0.63247, 0.55216, 0.24345), (0.63498, 0.57224, 0.27608), (0.62745, 0.55969, 0.27106), (0.63247, 0.54463, 0.21835), (0.63749, 0.56471, 0.27106), (0.64, 0.53961, 0.23341), (0.63247, 0.55718, 0.25098), (0.63247, 0.55718, 0.25098), (0.63247, 0.55467, 0.24094), (0.63749, 0.56471, 0.27106), (0.63498, 0.53208, 0.24094), (0.63247, 0.52204, 0.21835), (0.63498, 0.53459, 0.22839), (0.63247, 0.55467, 0.24094), (0.63749, 0.54714, 0.24596), (0.64, 0.54965, 0.24345), (0.64, 0.54965, 0.24345), (0.63749, 0.55216, 0.24094), (0.63247, 0.55467, 0.24094), (0.62996, 0.51953, 0.2058), (0.63498, 0.5371, 0.23843), (0.63498, 0.53459, 0.22839), (0.63498, 0.53459, 0.22839), (0.64, 0.56471, 0.25851), (0.62996, 0.51953, 0.2058), (0.64, 0.54965, 0.22337), (0.64, 0.51953, 0.18322), (0.63247, 0.54714, 0.2309), (0.63247, 0.54714, 0.2309), (0.63498, 0.5622, 0.24094), (0.64, 0.54965, 0.22337), (0.63749, 0.55216, 0.24345), (0.63498, 0.53459, 0.22839), (0.63247, 0.55969, 0.24345), (0.63247, 0.55969, 0.24345), (0.62745, 0.52706, 0.19827), (0.63749, 0.55216, 0.24345), (0.62996, 0.55467, 0.22839), (0.63498, 0.54212, 0.20831), (0.63749, 0.512, 0.20329), (0.63749, 0.512, 0.20329), (0.63247, 0.512, 0.19075), (0.62996, 0.55467, 0.22839), (0.62996, 0.52706, 0.21584), (0.63498, 0.54714, 0.25098), (0.63498, 0.5371, 0.21333), (0.63247, 0.55467, 0.26353), (0.63247, 0.51953, 0.22588), (0.62494, 0.54463, 0.24094), (0.63247, 0.50949, 0.2058), (0.63749, 0.54714, 0.26102), (0.64, 0.53961, 0.23592), (0.63749, 0.54965, 0.25851), (0.63498, 0.52455, 0.22086), (0.62996, 0.52455, 0.22337), (0.64, 0.57976, 0.28361), (0.63247, 0.56722, 0.26855), (0.63749, 0.55216, 0.24345), (0.63749, 0.55216, 0.24345), (0.63498, 0.54965, 0.23843), (0.64, 0.57976, 0.28361), (0.63749, 0.52455, 0.21082), (0.62494, 0.49945, 0.17067), (0.64, 0.55467, 0.25851), (0.63247, 0.52204, 0.21333), (0.64, 0.5622, 0.25349), (0.62494, 0.53459, 0.22588), (0.62494, 0.53459, 0.22588), (0.63498, 0.53208, 0.22086), (0.63247, 0.52204, 0.21333), (0.63749, 0.55969, 0.24596), (0.63749, 0.55969, 0.24094), (0.64, 0.54463, 0.2309), (0.64, 0.54463, 0.23843), (0.62996, 0.53208, 0.23341), (0.63749, 0.52204, 0.21584), (0.63749, 0.52204, 0.21584), (0.62996, 0.52706, 0.21584), (0.64, 0.54463, 0.23843), (0.63749, 0.54965, 0.24847), (0.62745, 0.53961, 0.21333), (0.62745, 0.53961, 0.21333), (0.62745, 0.53961, 0.21333), (0.63749, 0.54965, 0.25349), (0.63749, 0.54965, 0.24847), (0.63749, 0.54965, 0.24847), (0.63749, 0.53459, 0.23843), (0.61741, 0.49694, 0.15561), (0.62745, 0.5371, 0.2309), (0.62745, 0.52204, 0.22086), (0.63247, 0.50949, 0.21082), (0.63247, 0.50949, 0.21082), (0.63247, 0.52706, 0.22337), (0.62745, 0.5371, 0.2309), (0.62745, 0.52957, 0.2058), (0.63749, 0.55216, 0.23592), (0.63498, 0.55969, 0.24847), (0.63498, 0.55969, 0.24847), (0.64, 0.55969, 0.256), (0.62745, 0.52957, 0.2058), (0.63498, 0.55718, 0.24345), (0.64, 0.56973, 0.27357), (0.63749, 0.55969, 0.24596), (0.64, 0.54714, 0.22086), (0.63247, 0.54212, 0.19576), (0.63247, 0.5371, 0.22337), (0.63247, 0.5371, 0.22337), (0.62745, 0.51953, 0.17318), (0.64, 0.54714, 0.22086), (0.63498, 0.53459, 0.22839), (0.63247, 0.53208, 0.22839), (0.63498, 0.53208, 0.22086), (0.64, 0.54965, 0.22337), (0.62996, 0.51702, 0.19325), (0.62745, 0.51702, 0.18824), (0.62745, 0.51702, 0.18824), (0.63749, 0.53961, 0.21082), (0.64, 0.54965, 0.22337), (0.61992, 0.49443, 0.18071), (0.64, 0.54965, 0.22588), (0.62745, 0.50196, 0.19325), (0.62745, 0.50196, 0.19325), (0.62745, 0.49192, 0.17569), (0.61992, 0.49443, 0.18071), (0.63247, 0.512, 0.17569), (0.64, 0.54714, 0.22086), (0.63749, 0.55216, 0.24094), (0.63749, 0.55216, 0.24094), (0.64, 0.54965, 0.24094), (0.63247, 0.512, 0.17569), (0.63498, 0.53208, 0.22086), (0.62996, 0.49694, 0.16565), (0.61741, 0.49694, 0.15561), (0.63749, 0.55467, 0.26353), (0.62745, 0.53208, 0.21333), (0.63498, 0.53459, 0.22839), (0.61992, 0.49443, 0.18071), (0.63498, 0.50447, 0.19827), (0.64, 0.54965, 0.256), (0.64, 0.54965, 0.256), (0.62996, 0.52957, 0.21835), (0.61992, 0.49443, 0.18071), (0.64, 0.54965, 0.24847), (0.63247, 0.54212, 0.23592), (0.62494, 0.51702, 0.19576), (0.62494, 0.51702, 0.19576), (0.62996, 0.51953, 0.21082), (0.64, 0.54965, 0.24847), (0.64, 0.53961, 0.22839), (0.62745, 0.52455, 0.20831), (0.62494, 0.53459, 0.23341), (0.63498, 0.53961, 0.2309), (0.63498, 0.56722, 0.27357), (0.63498, 0.54463, 0.23843), (0.63498, 0.53208, 0.22086), (0.63749, 0.53459, 0.22337), (0.63498, 0.53459, 0.22839), (0.62745, 0.53459, 0.24094), (0.63247, 0.53208, 0.22086), (0.63749, 0.55969, 0.26604), (0.64, 0.55969, 0.26102), (0.63749, 0.55718, 0.25851), (0.62745, 0.52706, 0.21584), (0.62996, 0.54463, 0.23341), (0.63498, 0.52204, 0.20329), (0.63247, 0.55216, 0.24847), (0.64, 0.5371, 0.24094), (0.62243, 0.51953, 0.20831), (0.64, 0.53961, 0.23592), (0.62243, 0.51953, 0.20831), (0.63247, 0.55216, 0.24847), (0.62243, 0.51702, 0.21584), (0.64, 0.54965, 0.24094), (0.63247, 0.52204, 0.20831), (0.63247, 0.51451, 0.18824), (0.63247, 0.51451, 0.18824), (0.63749, 0.5622, 0.256), (0.64, 0.54965, 0.24094), (0.64, 0.56471, 0.25851), (0.63749, 0.56471, 0.27106), (0.63247, 0.53208, 0.22086), (0.63247, 0.56471, 0.2309), (0.62996, 0.52455, 0.18322), (0.63498, 0.53961, 0.20078), (0.63749, 0.52706, 0.21835), (0.63749, 0.5371, 0.23341), (0.63247, 0.53459, 0.2309), (0.63498, 0.51451, 0.19325), (0.63247, 0.52204, 0.20831), (0.63498, 0.53459, 0.22839), (0.63247, 0.52204, 0.20831), (0.63247, 0.53459, 0.2309), (0.63247, 0.50698, 0.20329), (0.63247, 0.5371, 0.22839), (0.63749, 0.54965, 0.24847), (0.63247, 0.52204, 0.21333), (0.63247, 0.52706, 0.22337), (0.63749, 0.54965, 0.24847), (0.63749, 0.53961, 0.23592), (0.64, 0.54714, 0.23843), (0.63749, 0.57224, 0.26855), (0.63498, 0.53961, 0.2309), (0.63498, 0.53208, 0.23592), (0.63247, 0.54212, 0.23592), (0.62996, 0.52957, 0.22337), (0.63247, 0.53208, 0.22588), (0.63247, 0.5371, 0.21835), (0.63749, 0.53961, 0.23592), (0.63498, 0.53459, 0.22337), (0.63749, 0.53459, 0.22337), (0.63247, 0.51702, 0.21584), (0.63247, 0.51702, 0.21584), (0.63498, 0.53459, 0.22839), (0.63498, 0.53459, 0.22337), (0.63247, 0.52204, 0.20831), (0.61992, 0.49443, 0.16565), (0.62996, 0.53961, 0.2309), (0.62996, 0.53961, 0.2309), (0.64, 0.53961, 0.23592), (0.63247, 0.52204, 0.20831), (0.62745, 0.51953, 0.19827), (0.63498, 0.54714, 0.2309), (0.64, 0.54965, 0.24847), (0.63247, 0.55718, 0.2309), (0.62745, 0.55467, 0.23341), (0.64, 0.55718, 0.24847), (0.63498, 0.53961, 0.20078), (0.63498, 0.54965, 0.20831), (0.63247, 0.56471, 0.2309), (0.63247, 0.53459, 0.2309), (0.63498, 0.53208, 0.22086), (0.63247, 0.53208, 0.22588), (0.63749, 0.5622, 0.256), (0.64, 0.55969, 0.26102), (0.62996, 0.54965, 0.24094), (0.62996, 0.54965, 0.24094), (0.63749, 0.54965, 0.24847), (0.63749, 0.5622, 0.256), (0.62745, 0.52455, 0.20329), (0.62243, 0.52204, 0.19325), (0.61992, 0.49694, 0.16816), (0.61992, 0.49694, 0.16816), (0.62243, 0.4869, 0.15059), (0.62745, 0.52455, 0.20329), (0.63498, 0.55969, 0.24847), (0.64, 0.54714, 0.23843), (0.62243, 0.512, 0.20329), (0.62243, 0.512, 0.20329), (0.63498, 0.51451, 0.19827), (0.63498, 0.55969, 0.24847), (0.63749, 0.53961, 0.23592), (0.63749, 0.51451, 0.21082), (0.63247, 0.53208, 0.22588), (0.64, 0.54212, 0.21333), (0.64, 0.54714, 0.22086), (0.63247, 0.55969, 0.25851), (0.62494, 0.52204, 0.20078), (0.61992, 0.51451, 0.21333), (0.62494, 0.52204, 0.2058), (0.62745, 0.512, 0.2058), (0.62745, 0.512, 0.2058), (0.62996, 0.52455, 0.22337), (0.63247, 0.52455, 0.19827), (0.62996, 0.51953, 0.19075), (0.63498, 0.53961, 0.22588), (0.63498, 0.56722, 0.27357), (0.64, 0.57725, 0.27859), (0.64, 0.57725, 0.28612), (0.64, 0.57725, 0.28612), (0.64, 0.56722, 0.27106), (0.63498, 0.56722, 0.27357), (0.63498, 0.55718, 0.24345), (0.63749, 0.55969, 0.26604), (0.62745, 0.5371, 0.22839), (0.62745, 0.5371, 0.22839), (0.64, 0.56973, 0.27357), (0.63498, 0.55718, 0.24345), (0.63749, 0.50949, 0.19576), (0.63498, 0.51702, 0.19075), (0.64, 0.51702, 0.19325), (0.64, 0.51702, 0.19325), (0.62745, 0.51702, 0.20831), (0.63749, 0.50949, 0.19576), (0.64, 0.5622, 0.25349), (0.63498, 0.54714, 0.24596), (0.63498, 0.54463, 0.23592), (0.63498, 0.54463, 0.23592), (0.62494, 0.53459, 0.22588), (0.64, 0.5622, 0.25349), (0.63749, 0.55718, 0.24847), (0.63247, 0.54714, 0.23843), (0.63498, 0.54463, 0.23592), (0.64, 0.54212, 0.23592), (0.63498, 0.5371, 0.21333), (0.64, 0.55467, 0.24596), (0.64, 0.55467, 0.24596), (0.64, 0.56722, 0.27106), (0.63749, 0.55718, 0.24847), (0.63247, 0.55969, 0.25851), (0.64, 0.56471, 0.26353), (0.64, 0.54212, 0.21333), (0.62243, 0.50949, 0.19075), (0.62745, 0.50196, 0.17318), (0.63749, 0.52957, 0.20329), (0.63498, 0.5622, 0.24596), (0.62996, 0.54212, 0.22588), (0.63498, 0.55467, 0.25098), (0.63498, 0.55467, 0.25098), (0.63247, 0.52957, 0.23341), (0.63498, 0.5622, 0.24596), (0.62996, 0.51953, 0.19075), (0.63498, 0.51451, 0.19325), (0.62494, 0.512, 0.19325), (0.62494, 0.512, 0.19325), (0.62494, 0.49694, 0.1782), (0.62996, 0.51953, 0.19075), (0.64, 0.57224, 0.27859), (0.62745, 0.55216, 0.24094), (0.63749, 0.5622, 0.25098), (0.63749, 0.5622, 0.25098), (0.62996, 0.54965, 0.24094), (0.64, 0.57224, 0.27859), (0.62745, 0.52455, 0.22839), (0.62745, 0.55969, 0.27106), (0.63498, 0.55216, 0.22839), (0.62494, 0.53459, 0.22588), (0.63247, 0.53459, 0.23592), (0.63247, 0.49945, 0.1782), (0.63247, 0.49945, 0.1782), (0.63247, 0.49945, 0.1782), (0.62494, 0.53459, 0.22588), (0.63498, 0.54463, 0.23592), (0.63247, 0.54965, 0.21584), (0.63749, 0.54965, 0.22839), (0.64, 0.55718, 0.24847), (0.64, 0.54212, 0.21835), (0.63247, 0.55718, 0.2309), (0.64, 0.54965, 0.24847), (0.62996, 0.51953, 0.21584), (0.62745, 0.51953, 0.19827), (0.63247, 0.54714, 0.2309), (0.64, 0.51953, 0.18322), (0.63498, 0.53459, 0.22839), (0.63498, 0.53459, 0.22839), (0.64, 0.5371, 0.23592), (0.63247, 0.54714, 0.2309), (0.63749, 0.52957, 0.20329), (0.63749, 0.5371, 0.2058), (0.62243, 0.50949, 0.19075), (0.62745, 0.51451, 0.20078), (0.63247, 0.51953, 0.2058), (0.63749, 0.50698, 0.20078), (0.63749, 0.50698, 0.20078), (0.63749, 0.51451, 0.21082), (0.62745, 0.51451, 0.20078), (0.64, 0.55216, 0.23592), (0.63247, 0.54212, 0.24094), (0.62745, 0.5371, 0.22839), (0.62745, 0.5371, 0.22839), (0.62745, 0.52706, 0.19576), (0.64, 0.55216, 0.23592), (0.62996, 0.51953, 0.19075), (0.64, 0.54212, 0.23592), (0.63247, 0.54463, 0.24345), (0.63247, 0.54463, 0.24345), (0.63498, 0.51451, 0.19325), (0.62996, 0.51953, 0.19075), (0.62996, 0.55216, 0.25851), (0.63749, 0.54965, 0.24847), (0.63247, 0.5371, 0.22839), (0.63247, 0.5371, 0.22839), (0.63247, 0.53208, 0.22086), (0.62996, 0.55216, 0.25851), (0.62243, 0.50949, 0.19576), (0.63247, 0.54714, 0.23592), (0.63247, 0.51451, 0.18322), (0.63247, 0.51451, 0.18824), (0.63749, 0.54463, 0.21333), (0.63749, 0.5622, 0.256), (0.63749, 0.5622, 0.256), (0.63247, 0.5371, 0.22839), (0.64, 0.54965, 0.24094), (0.62745, 0.52204, 0.21835), (0.63247, 0.5371, 0.22839), (0.62494, 0.54463, 0.24094), (0.62745, 0.5371, 0.22839), (0.63247, 0.56722, 0.26353), (0.63498, 0.56722, 0.27859), (0.63498, 0.56722, 0.27859), (0.63749, 0.55969, 0.24596), (0.62745, 0.5371, 0.22839), (0.63749, 0.56722, 0.25851), (0.63247, 0.54463, 0.22839), (0.63247, 0.54212, 0.23341), (0.63247, 0.54212, 0.23341), (0.63749, 0.57224, 0.26855), (0.63749, 0.56722, 0.25851), (0.63247, 0.52706, 0.19075), (0.63498, 0.512, 0.20831), (0.62996, 0.53459, 0.22086), (0.63247, 0.53961, 0.21333), (0.62996, 0.5371, 0.21082), (0.63247, 0.54714, 0.23592), (0.63247, 0.54714, 0.23592), (0.63498, 0.54965, 0.24094), (0.63247, 0.53961, 0.21333), (0.62745, 0.52706, 0.19827), (0.63247, 0.52204, 0.20831), (0.62996, 0.50949, 0.16816), (0.62996, 0.50949, 0.16816), (0.62494, 0.49945, 0.17067), (0.62745, 0.52706, 0.19827), (0.63498, 0.52455, 0.19576), (0.61741, 0.49694, 0.15561), (0.63749, 0.53459, 0.23843), (0.63749, 0.53459, 0.23843), (0.62494, 0.50196, 0.1782), (0.63498, 0.52455, 0.19576), (0.63247, 0.51451, 0.18322), (0.63247, 0.53459, 0.21082), (0.62243, 0.50949, 0.19576), (0.63498, 0.55216, 0.22839), (0.64, 0.56722, 0.27357), (0.62745, 0.52455, 0.22839), (0.62745, 0.52706, 0.21584), (0.63498, 0.53208, 0.22086), (0.63247, 0.53208, 0.22086), (0.63247, 0.53208, 0.22086), (0.63498, 0.5371, 0.23341), (0.62745, 0.52706, 0.21584), (0.63749, 0.5371, 0.22588), (0.63247, 0.5371, 0.22839), (0.63749, 0.5622, 0.256), (0.63749, 0.5622, 0.256), (0.63498, 0.55467, 0.24596), (0.63749, 0.5371, 0.22588), (0.63498, 0.53208, 0.22086), (0.63498, 0.53459, 0.22337), (0.63749, 0.53961, 0.24094), (0.63749, 0.53961, 0.24094), (0.62996, 0.53961, 0.23341), (0.63498, 0.53208, 0.22086), (0.62996, 0.53459, 0.22086), (0.63498, 0.53961, 0.2309), (0.63247, 0.52706, 0.19075), (0.64, 0.55467, 0.25851), (0.62494, 0.49945, 0.17067), (0.63498, 0.53459, 0.22839), (0.63498, 0.53459, 0.22839), (0.63749, 0.55216, 0.24345), (0.64, 0.55467, 0.25851), (0.63247, 0.55216, 0.24345), (0.64, 0.55718, 0.24596), (0.64, 0.53961, 0.22839), (0.64, 0.53961, 0.22839), (0.63247, 0.56973, 0.27859), (0.63247, 0.55216, 0.24345), (0.62494, 0.53459, 0.23341), (0.62996, 0.50949, 0.16816), (0.64, 0.56722, 0.26102), (0.64, 0.56722, 0.26102), (0.63247, 0.55718, 0.25098), (0.62494, 0.53459, 0.23341), (0.64, 0.55969, 0.26102), (0.63749, 0.54463, 0.25098), (0.64, 0.55718, 0.26604), (0.64, 0.55718, 0.26604), (0.63749, 0.55718, 0.25851), (0.64, 0.55969, 0.26102), (0.62494, 0.52204, 0.2058), (0.62745, 0.52706, 0.22086), (0.62494, 0.52204, 0.2058), (0.62494, 0.52204, 0.2058), (0.62996, 0.53459, 0.22588), (0.62494, 0.52204, 0.2058), (0.63498, 0.55467, 0.24596), (0.63749, 0.5622, 0.256), (0.63749, 0.54463, 0.21333), (0.63749, 0.54463, 0.21333), (0.64, 0.53208, 0.20329), (0.63498, 0.55467, 0.24596), (0.62745, 0.52957, 0.22588), (0.63749, 0.55216, 0.24094), (0.62745, 0.52455, 0.22839), (0.62745, 0.52455, 0.22839), (0.63498, 0.5371, 0.23843), (0.62745, 0.52957, 0.22588), (0.61741, 0.49694, 0.15561), (0.63498, 0.52455, 0.19576), (0.63498, 0.53208, 0.22086), (0.63498, 0.53208, 0.22086), (0.63498, 0.53208, 0.22086), (0.61741, 0.49694, 0.15561), (0.63247, 0.55216, 0.24345), (0.63247, 0.55969, 0.24345), (0.63498, 0.52455, 0.21584), (0.63498, 0.52455, 0.21584), (0.63749, 0.53459, 0.22337), (0.63247, 0.55216, 0.24345), (0.62996, 0.53208, 0.21333), (0.62243, 0.51702, 0.21584), (0.63247, 0.52204, 0.21835), (0.63247, 0.52204, 0.21835), (0.63498, 0.52957, 0.22839), (0.62996, 0.53208, 0.21333), (0.63247, 0.54212, 0.23592), (0.63247, 0.54463, 0.24345), (0.63247, 0.54463, 0.24847), (0.63247, 0.54463, 0.24847), (0.63498, 0.54965, 0.24094), (0.63247, 0.54212, 0.23592), (0.63498, 0.5371, 0.23843), (0.62243, 0.51702, 0.21584), (0.63247, 0.54965, 0.25851), (0.63247, 0.54965, 0.25851), (0.63247, 0.54463, 0.24847), (0.63498, 0.5371, 0.23843), (0.62996, 0.52706, 0.21584), (0.63498, 0.53459, 0.22337), (0.62494, 0.52455, 0.21835), (0.62494, 0.52455, 0.21835), (0.63498, 0.54714, 0.25098), (0.62996, 0.52706, 0.21584), (0.63247, 0.51953, 0.2058), (0.6149, 0.51953, 0.20078), (0.63247, 0.52706, 0.22588), (0.63247, 0.52706, 0.22588), (0.62243, 0.51702, 0.21584), (0.63247, 0.51953, 0.2058), (0.62745, 0.51953, 0.19075), (0.62996, 0.49694, 0.17569), (0.63498, 0.50196, 0.17569), (0.63498, 0.50196, 0.17569), (0.63247, 0.50949, 0.18071), (0.62745, 0.51953, 0.19075), (0.64, 0.54714, 0.24847), (0.62996, 0.53961, 0.23341), (0.63498, 0.52455, 0.21082), (0.63498, 0.52455, 0.21082), (0.64, 0.52957, 0.21584), (0.64, 0.54714, 0.24847), (0.62745, 0.50949, 0.1782), (0.63247, 0.53208, 0.20329), (0.62996, 0.51953, 0.19075), (0.62996, 0.51953, 0.19075), (0.62494, 0.51953, 0.1782), (0.62745, 0.50949, 0.1782), (0.62996, 0.52204, 0.19576), (0.63498, 0.53208, 0.21082), (0.64, 0.57725, 0.28612), (0.64, 0.57725, 0.28612), (0.63247, 0.55718, 0.25098), (0.62996, 0.52204, 0.19576), (0.62243, 0.51702, 0.21584), (0.63498, 0.52455, 0.22086), (0.62996, 0.50949, 0.18824), (0.62996, 0.50949, 0.18824), (0.63247, 0.52204, 0.21835), (0.62243, 0.51702, 0.21584), (0.62996, 0.49694, 0.17569), (0.62996, 0.49694, 0.17067), (0.63498, 0.53459, 0.22839), (0.63247, 0.53208, 0.22588), (0.63498, 0.53208, 0.22086), (0.63498, 0.53208, 0.22086), (0.62745, 0.53208, 0.21333), (0.62494, 0.49694, 0.17569), (0.62494, 0.50447, 0.18824), (0.64, 0.53961, 0.23592), (0.63749, 0.53961, 0.22086), (0.64, 0.54965, 0.24094), (0.64, 0.54965, 0.24094), (0.62494, 0.50447, 0.18824), (0.64, 0.53961, 0.23592), (0.63247, 0.55216, 0.24345), (0.62494, 0.52957, 0.21082), (0.63498, 0.52455, 0.21082), (0.63498, 0.52455, 0.21082), (0.63749, 0.54212, 0.22839), (0.63247, 0.55216, 0.24345), (0.63247, 0.54463, 0.22839), (0.63749, 0.56722, 0.25851), (0.63498, 0.55467, 0.25098), (0.62996, 0.54463, 0.21082), (0.63498, 0.55467, 0.25098), (0.63749, 0.56722, 0.25851), (0.63749, 0.56722, 0.25851), (0.63247, 0.5371, 0.20329), (0.62996, 0.54463, 0.21082), (0.63498, 0.53459, 0.22839), (0.63247, 0.52957, 0.21333), (0.62996, 0.49694, 0.17569), (0.63498, 0.53208, 0.22086), (0.62494, 0.53459, 0.22588), (0.62996, 0.53961, 0.23341), (0.62996, 0.53961, 0.23341), (0.63749, 0.51702, 0.2058), (0.63498, 0.53208, 0.22086), (0.62243, 0.49945, 0.17569), (0.6149, 0.49443, 0.1782), (0.63498, 0.51451, 0.19827), (0.63498, 0.51451, 0.19827), (0.63247, 0.53208, 0.22588), (0.62243, 0.49945, 0.17569), (0.62996, 0.52455, 0.22086), (0.63247, 0.54212, 0.23592), (0.62243, 0.52957, 0.23592), (0.62243, 0.52957, 0.23592), (0.63498, 0.54212, 0.24847), (0.62996, 0.52455, 0.22086), (0.62494, 0.50447, 0.18824), (0.64, 0.54965, 0.24094), (0.62745, 0.53208, 0.21333), (0.62996, 0.53459, 0.22588), (0.63247, 0.56973, 0.27859), (0.64, 0.53961, 0.22839), (0.64, 0.53961, 0.22839), (0.63247, 0.5371, 0.20329), (0.62996, 0.53459, 0.22588), (0.63749, 0.53961, 0.21082), (0.64, 0.56973, 0.256), (0.63498, 0.57224, 0.27357), (0.63498, 0.57224, 0.27357), (0.63749, 0.54212, 0.23341), (0.63749, 0.53961, 0.21082), (0.63498, 0.52957, 0.22588), (0.63749, 0.53208, 0.2309), (0.64, 0.5371, 0.24094), (0.64, 0.5371, 0.24094), (0.64, 0.53961, 0.23592), (0.63498, 0.52957, 0.22588), (0.61992, 0.51953, 0.21333), (0.63749, 0.53208, 0.22839), (0.62996, 0.53459, 0.22588), (0.62996, 0.53459, 0.22588), (0.64, 0.55969, 0.27106), (0.61992, 0.51953, 0.21333), (0.64, 0.55718, 0.24596), (0.63749, 0.54965, 0.23341), (0.63749, 0.54212, 0.22839), (0.62745, 0.52204, 0.21835), (0.63247, 0.50949, 0.2058), (0.62243, 0.51702, 0.21584), (0.62243, 0.51702, 0.21584), (0.63247, 0.5371, 0.22839), (0.62745, 0.52204, 0.21835), (0.63498, 0.512, 0.19075), (0.62494, 0.49945, 0.19075), (0.64, 0.54463, 0.23843), (0.64, 0.54463, 0.23843), (0.63498, 0.51451, 0.20329), (0.63498, 0.512, 0.19075), (0.63247, 0.55467, 0.24094), (0.63247, 0.55718, 0.25098), (0.64, 0.54463, 0.24596), (0.64, 0.54463, 0.24596), (0.63247, 0.54965, 0.21584), (0.63247, 0.55467, 0.24094), (0.64, 0.53961, 0.23592), (0.62494, 0.49694, 0.17569), (0.63247, 0.52957, 0.23341), (0.63498, 0.54463, 0.23843), (0.62996, 0.53459, 0.22086), (0.63247, 0.54463, 0.22839), (0.63247, 0.54463, 0.22839), (0.63247, 0.5371, 0.22839), (0.63498, 0.54463, 0.23843), (0.63247, 0.53208, 0.22588), (0.64, 0.56471, 0.26353), (0.63498, 0.54714, 0.25098), (0.63498, 0.54714, 0.25098), (0.62996, 0.53208, 0.21333), (0.63247, 0.53208, 0.22588), (0.63247, 0.512, 0.17569), (0.63749, 0.51953, 0.19325), (0.63498, 0.52957, 0.23341), (0.63498, 0.52957, 0.23341), (0.64, 0.54463, 0.25098), (0.63247, 0.512, 0.17569), (0.62996, 0.52455, 0.22086), (0.63498, 0.52204, 0.20831), (0.63749, 0.52706, 0.21835), (0.63749, 0.52706, 0.21835), (0.63498, 0.5371, 0.23341), (0.62996, 0.52455, 0.22086), (0.63749, 0.5371, 0.22588), (0.63498, 0.54714, 0.24596), (0.62494, 0.54463, 0.24094), (0.62996, 0.52957, 0.22337), (0.64, 0.54714, 0.25349), (0.63749, 0.54965, 0.23341), (0.63749, 0.54965, 0.23341), (0.63749, 0.54965, 0.24847), (0.62996, 0.52957, 0.22337), (0.62745, 0.52706, 0.22086), (0.62745, 0.51451, 0.19576), (0.63247, 0.54463, 0.24345), (0.63247, 0.54463, 0.24345), (0.63498, 0.52957, 0.22588), (0.62745, 0.52706, 0.22086), (0.63498, 0.55467, 0.25098), (0.63247, 0.53208, 0.19576), (0.63247, 0.54463, 0.22839), (0.63247, 0.53208, 0.20329), (0.63749, 0.51953, 0.18824), (0.64, 0.53961, 0.23341), (0.64, 0.53961, 0.23341), (0.64, 0.52957, 0.22588), (0.63247, 0.53208, 0.20329), (0.63498, 0.53208, 0.22086), (0.62745, 0.52706, 0.22086), (0.63247, 0.53208, 0.22588), (0.63749, 0.52706, 0.21835), (0.63247, 0.52706, 0.22337), (0.63498, 0.55467, 0.256), (0.63498, 0.55467, 0.256), (0.63749, 0.5371, 0.23341), (0.63749, 0.52706, 0.21835), (0.62996, 0.5371, 0.21082), (0.64, 0.5622, 0.25098), (0.63749, 0.53961, 0.21584), (0.63749, 0.53961, 0.21584), (0.64, 0.54965, 0.21835), (0.62996, 0.5371, 0.21082), (0.62996, 0.55467, 0.24847), (0.63247, 0.55969, 0.25851), (0.64, 0.54714, 0.22086), (0.64, 0.54714, 0.22086), (0.63247, 0.512, 0.17569), (0.62996, 0.55467, 0.24847), (0.62494, 0.54463, 0.24094), (0.63247, 0.5371, 0.22839), (0.63749, 0.5371, 0.22588), (0.64, 0.56722, 0.256), (0.64, 0.56471, 0.25851), (0.63247, 0.55718, 0.25098), (0.63749, 0.5622, 0.256), (0.63247, 0.55969, 0.25851), (0.63749, 0.56722, 0.25851), (0.63749, 0.56722, 0.25851), (0.63498, 0.54212, 0.21584), (0.63749, 0.5622, 0.256), (0.63498, 0.53208, 0.21082), (0.63498, 0.53459, 0.22337), (0.62996, 0.51702, 0.20329), (0.62996, 0.51702, 0.20329), (0.62996, 0.52204, 0.19325), (0.63498, 0.53208, 0.21082), (0.63749, 0.55216, 0.24345), (0.63247, 0.53961, 0.21333), (0.63498, 0.54965, 0.24094), (0.63498, 0.54965, 0.24094), (0.62996, 0.54212, 0.24094), (0.63749, 0.55216, 0.24345), (0.63247, 0.53208, 0.22588), (0.63247, 0.5371, 0.22839), (0.63247, 0.54463, 0.22839), (0.62745, 0.52455, 0.20329), (0.62745, 0.51953, 0.19827), (0.62996, 0.51953, 0.21584), (0.63498, 0.55467, 0.24596), (0.63498, 0.56471, 0.256), (0.62745, 0.54212, 0.23341), (0.62745, 0.54212, 0.23341), (0.63749, 0.5371, 0.22588), (0.63498, 0.55467, 0.24596), (0.63498, 0.52957, 0.23341), (0.64, 0.55718, 0.26102), (0.63498, 0.512, 0.18824), (0.63498, 0.512, 0.18824), (0.62996, 0.52204, 0.20078), (0.63498, 0.52957, 0.23341), (0.62996, 0.54965, 0.24094), (0.62745, 0.5371, 0.2309), (0.63247, 0.52706, 0.22337), (0.63247, 0.52706, 0.22337), (0.63749, 0.5371, 0.2309), (0.62996, 0.54965, 0.24094), (0.63247, 0.55718, 0.25098), (0.64, 0.56722, 0.26102), (0.64, 0.56722, 0.256), (0.62243, 0.52204, 0.19325), (0.62745, 0.52706, 0.19827), (0.62494, 0.49945, 0.17067), (0.62494, 0.49945, 0.17067), (0.61992, 0.49694, 0.16816), (0.62243, 0.52204, 0.19325), (0.63247, 0.49443, 0.17569), (0.62996, 0.52204, 0.19576), (0.63247, 0.55718, 0.25098), (0.63247, 0.55718, 0.25098), (0.62494, 0.54463, 0.23592), (0.63247, 0.49443, 0.17569), (0.64, 0.56722, 0.27106), (0.62745, 0.53961, 0.24345), (0.64, 0.54212, 0.25098), (0.64, 0.54212, 0.25098), (0.62745, 0.51702, 0.21333), (0.64, 0.56722, 0.27106), (0.63749, 0.52957, 0.20831), (0.64, 0.54463, 0.22588), (0.63749, 0.55216, 0.24345), (0.63749, 0.55216, 0.24345), (0.63498, 0.54463, 0.23592), (0.63749, 0.52957, 0.20831), (0.63247, 0.52957, 0.23341), (0.64, 0.54212, 0.22337), (0.64, 0.53961, 0.23592), (0.63749, 0.54212, 0.22839), (0.62996, 0.54463, 0.21082), (0.64, 0.55718, 0.24596), (0.63498, 0.54212, 0.24847), (0.64, 0.54212, 0.21333), (0.63247, 0.512, 0.19576), (0.63247, 0.512, 0.19576), (0.62494, 0.54463, 0.24596), (0.63498, 0.54212, 0.24847), (0.63749, 0.53459, 0.22337), (0.61741, 0.50447, 0.18071), (0.64, 0.54212, 0.23843), (0.64, 0.54212, 0.23843), (0.63498, 0.53459, 0.22839), (0.63749, 0.53459, 0.22337), (0.63247, 0.54463, 0.24847), (0.64, 0.53961, 0.24345), (0.63498, 0.53459, 0.22839), (0.63498, 0.53459, 0.22839), (0.63498, 0.54714, 0.24596), (0.63247, 0.54463, 0.24847), (0.62494, 0.51451, 0.21082), (0.63498, 0.54965, 0.21584), (0.63498, 0.53961, 0.20078), (0.63498, 0.53961, 0.20078), (0.62745, 0.51702, 0.20329), (0.62494, 0.51451, 0.21082), (0.63749, 0.52455, 0.22588), (0.63247, 0.51953, 0.2058), (0.62745, 0.51451, 0.19576), (0.62745, 0.51451, 0.19576), (0.62745, 0.512, 0.2058), (0.63749, 0.52455, 0.22588), (0.62996, 0.51953, 0.21082), (0.63498, 0.53961, 0.2309), (0.62996, 0.52957, 0.22337), (0.62996, 0.52957, 0.22337), (0.63247, 0.54212, 0.23592), (0.62996, 0.51953, 0.21082), (0.63498, 0.53961, 0.22588), (0.63749, 0.53961, 0.23592), (0.63247, 0.5371, 0.21835), (0.63247, 0.5371, 0.21835), (0.63247, 0.54463, 0.24345), (0.63498, 0.53961, 0.22588), (0.63498, 0.52204, 0.20831), (0.63247, 0.50949, 0.18824), (0.62745, 0.52706, 0.22086), (0.62494, 0.52204, 0.2058), (0.62745, 0.52706, 0.22086), (0.62996, 0.53961, 0.23341), (0.62996, 0.53961, 0.23341), (0.63749, 0.53961, 0.24094), (0.62494, 0.52204, 0.2058), (0.63498, 0.53459, 0.22839), (0.63498, 0.54714, 0.25098), (0.63498, 0.54463, 0.23843), (0.63498, 0.54463, 0.23843), (0.62745, 0.53961, 0.23843), (0.63498, 0.53459, 0.22839), (0.63749, 0.55216, 0.24345), (0.62996, 0.51953, 0.21584), (0.63749, 0.53208, 0.2309), (0.63749, 0.53208, 0.2309), (0.63247, 0.52706, 0.22337), (0.63749, 0.55216, 0.24345), (0.62996, 0.51953, 0.21584), (0.63749, 0.55216, 0.24345), (0.62745, 0.52455, 0.20329), (0.62745, 0.50698, 0.18573), (0.63498, 0.50196, 0.17569), (0.63247, 0.51953, 0.2058), (0.62494, 0.49945, 0.19075), (0.62996, 0.51953, 0.21584), (0.62996, 0.53208, 0.23341), (0.62996, 0.53208, 0.23341), (0.64, 0.54463, 0.23843), (0.62494, 0.49945, 0.19075), (0.63498, 0.51451, 0.19325), (0.62745, 0.51451, 0.19576), (0.63498, 0.51451, 0.19325), (0.63498, 0.51451, 0.19325), (0.62745, 0.49945, 0.18071), (0.63498, 0.51451, 0.19325), (0.64, 0.54212, 0.21835), (0.64, 0.54463, 0.2309), (0.63749, 0.55969, 0.24094), (0.63749, 0.55969, 0.24094), (0.63247, 0.55718, 0.2309), (0.64, 0.54212, 0.21835), (0.62745, 0.52706, 0.22086), (0.61741, 0.50447, 0.18071), (0.63498, 0.52204, 0.20831), (0.63247, 0.54463, 0.22839), (0.62745, 0.53208, 0.22337), (0.63247, 0.53208, 0.22588), (0.62996, 0.512, 0.16565), (0.62745, 0.52706, 0.19827), (0.62996, 0.52204, 0.19576), (0.62996, 0.52204, 0.19576), (0.63498, 0.51451, 0.17318), (0.62996, 0.512, 0.16565), (0.62996, 0.52706, 0.2058), (0.63247, 0.54714, 0.23592), (0.63247, 0.52706, 0.22337), (0.63247, 0.52706, 0.22337), (0.63749, 0.52204, 0.22086), (0.62996, 0.52706, 0.2058), (0.64, 0.53961, 0.23592), (0.63749, 0.54714, 0.26102), (0.61992, 0.52706, 0.23341), (0.61992, 0.52706, 0.23341), (0.63498, 0.52957, 0.22588), (0.64, 0.53961, 0.23592), (0.63247, 0.51953, 0.2058), (0.62243, 0.51702, 0.21584), (0.62745, 0.50698, 0.18573), (0.63247, 0.54714, 0.23592), (0.62494, 0.51702, 0.19075), (0.63749, 0.55718, 0.25851), (0.63498, 0.52706, 0.19827), (0.64, 0.53208, 0.20329), (0.64, 0.53961, 0.23341), (0.64, 0.53961, 0.23341), (0.63749, 0.54212, 0.22839), (0.63498, 0.52706, 0.19827), (0.63247, 0.53208, 0.22588), (0.62996, 0.53961, 0.23341), (0.62745, 0.52706, 0.22086), (0.62745, 0.52706, 0.22086), (0.63498, 0.53961, 0.2309), (0.63247, 0.53208, 0.22588), (0.62996, 0.51702, 0.19325), (0.63749, 0.512, 0.19827), (0.62745, 0.51451, 0.19576), (0.62745, 0.51451, 0.19576), (0.63498, 0.51953, 0.21835), (0.62996, 0.51702, 0.19325), (0.63247, 0.52204, 0.19325), (0.63498, 0.512, 0.18322), (0.63247, 0.53961, 0.24596), (0.62996, 0.50698, 0.18322), (0.63247, 0.50698, 0.19325), (0.63247, 0.51451, 0.18824), (0.63247, 0.51451, 0.18824), (0.63749, 0.52706, 0.19325), (0.62996, 0.50698, 0.18322), (0.63749, 0.55216, 0.24345), (0.63247, 0.56722, 0.26855), (0.63498, 0.54463, 0.23592), (0.63498, 0.54463, 0.23592), (0.63498, 0.54463, 0.23592), (0.63749, 0.55216, 0.24345), (0.63247, 0.53459, 0.23592), (0.62996, 0.53961, 0.23341), (0.63247, 0.48439, 0.15812), (0.63247, 0.48439, 0.15812), (0.63247, 0.49945, 0.1782), (0.63247, 0.53459, 0.23592), (0.63498, 0.54965, 0.24094), (0.63247, 0.54714, 0.23592), (0.63498, 0.51451, 0.19325), (0.63498, 0.51451, 0.19325), (0.62996, 0.512, 0.21584), (0.63498, 0.54965, 0.24094), (0.63498, 0.50698, 0.21082), (0.63247, 0.50949, 0.18824), (0.62745, 0.49443, 0.16816), (0.62745, 0.49443, 0.16816), (0.62745, 0.51702, 0.21333), (0.63498, 0.50698, 0.21082), (0.63247, 0.54212, 0.23592), (0.63498, 0.58227, 0.28361), (0.62745, 0.52455, 0.21333), (0.62745, 0.52455, 0.21333), (0.63498, 0.51702, 0.19075), (0.63247, 0.54212, 0.23592), (0.63247, 0.56722, 0.26353), (0.62494, 0.53459, 0.22588), (0.63247, 0.49945, 0.1782), (0.63247, 0.49945, 0.1782), (0.64, 0.55467, 0.26353), (0.63247, 0.56722, 0.26353), (0.62494, 0.51451, 0.2058), (0.61992, 0.51953, 0.21333), (0.63498, 0.53459, 0.22839), (0.63498, 0.53459, 0.22839), (0.63749, 0.5371, 0.2309), (0.62494, 0.51451, 0.2058), (0.63498, 0.52204, 0.20831), (0.63247, 0.53208, 0.22588), (0.63498, 0.53961, 0.2309), (0.63498, 0.53961, 0.2309), (0.62996, 0.54212, 0.24094), (0.63498, 0.52204, 0.20831), (0.63247, 0.52204, 0.20831), (0.63247, 0.5371, 0.22839), (0.63749, 0.50196, 0.16314), (0.63749, 0.50196, 0.16314), (0.62996, 0.50949, 0.16816), (0.63247, 0.52204, 0.20831), (0.64, 0.56722, 0.27106), (0.63247, 0.54212, 0.23341), (0.64, 0.54212, 0.23843), (0.64, 0.54212, 0.23843), (0.62996, 0.53459, 0.22588), (0.64, 0.56722, 0.27106), (0.63749, 0.53961, 0.21082), (0.64, 0.54965, 0.22588), (0.62996, 0.53459, 0.22588), (0.62996, 0.53459, 0.22588), (0.62996, 0.54965, 0.24596), (0.63749, 0.53961, 0.21082), (0.62996, 0.52957, 0.21835), (0.62996, 0.53459, 0.22588), (0.64, 0.54965, 0.22588), (0.62494, 0.52455, 0.21835), (0.62745, 0.512, 0.2058), (0.62243, 0.51702, 0.21584), (0.62243, 0.51702, 0.21584), (0.62996, 0.53208, 0.21333), (0.62494, 0.52455, 0.21835), (0.63498, 0.54714, 0.24596), (0.63749, 0.5371, 0.22588), (0.62745, 0.54212, 0.23341), (0.62745, 0.54212, 0.23341), (0.64, 0.55467, 0.24596), (0.63498, 0.54714, 0.24596), (0.63498, 0.55467, 0.25098), (0.62996, 0.55467, 0.24847), (0.63247, 0.512, 0.17569), (0.63247, 0.512, 0.17569), (0.62745, 0.51953, 0.19075), (0.63498, 0.55467, 0.25098), (0.62996, 0.50949, 0.17318), (0.64, 0.52957, 0.22588), (0.63498, 0.53961, 0.2309), (0.63247, 0.51702, 0.21082), (0.62494, 0.51451, 0.21082), (0.62996, 0.50196, 0.2058), (0.62996, 0.50196, 0.2058), (0.62494, 0.49694, 0.17569), (0.63247, 0.51702, 0.21082), (0.6149, 0.51953, 0.20078), (0.64, 0.55969, 0.256), (0.63498, 0.5622, 0.24094), (0.63498, 0.54714, 0.22588), (0.63498, 0.5622, 0.24094), (0.64, 0.55969, 0.256), (0.64, 0.55969, 0.256), (0.63498, 0.55969, 0.24847), (0.63498, 0.54714, 0.22588), (0.62243, 0.50196, 0.18071), (0.63498, 0.54714, 0.24596), (0.63247, 0.53459, 0.2309), (0.63247, 0.53459, 0.2309), (0.62745, 0.50447, 0.18322), (0.62243, 0.50196, 0.18071), (0.64, 0.54965, 0.22588), (0.61992, 0.49443, 0.18071), (0.62996, 0.52957, 0.21835), (0.63498, 0.51451, 0.19325), (0.62745, 0.50698, 0.18573), (0.62243, 0.51702, 0.21584), (0.62996, 0.53961, 0.23341), (0.64, 0.54714, 0.24847), (0.63247, 0.4869, 0.17067), (0.63247, 0.4869, 0.17067), (0.63247, 0.48439, 0.15812), (0.62996, 0.53961, 0.23341), (0.63749, 0.55718, 0.25851), (0.63247, 0.52204, 0.21333), (0.63247, 0.54714, 0.23592), (0.64, 0.53961, 0.22839), (0.62494, 0.53459, 0.23341), (0.63247, 0.55718, 0.25098), (0.63247, 0.55718, 0.25098), (0.63247, 0.54714, 0.23592), (0.64, 0.53961, 0.22839), (0.63498, 0.52957, 0.22588), (0.61992, 0.52706, 0.23341), (0.63749, 0.54965, 0.25851), (0.63749, 0.54965, 0.25851), (0.62996, 0.52455, 0.22337), (0.63498, 0.52957, 0.22588), (0.63247, 0.53961, 0.24596), (0.62494, 0.51451, 0.21082), (0.63247, 0.52204, 0.19325), (0.62996, 0.55969, 0.25098), (0.63749, 0.51702, 0.19576), (0.63498, 0.52706, 0.2058), (0.63498, 0.52706, 0.2058), (0.63498, 0.54714, 0.2309), (0.62996, 0.55969, 0.25098), (0.63749, 0.53961, 0.23592), (0.63749, 0.54965, 0.24847), (0.62996, 0.55216, 0.25851), (0.62996, 0.55216, 0.25851), (0.63498, 0.54463, 0.23592), (0.63749, 0.53961, 0.23592), (0.63247, 0.51953, 0.22588), (0.63247, 0.55467, 0.26353), (0.62243, 0.49443, 0.17318), (0.62243, 0.49443, 0.17318), (0.63498, 0.49694, 0.1782), (0.63247, 0.51953, 0.22588), (0.62243, 0.51702, 0.21584), (0.63498, 0.5371, 0.23843), (0.63498, 0.51451, 0.19325), (0.62996, 0.52204, 0.20078), (0.63498, 0.512, 0.18824), (0.63498, 0.52455, 0.22086), (0.64, 0.53961, 0.24345), (0.64, 0.54714, 0.24847), (0.64, 0.52957, 0.21584), (0.64, 0.52957, 0.21584), (0.62996, 0.52204, 0.20078), (0.64, 0.53961, 0.24345), (0.62745, 0.49443, 0.16816), (0.62745, 0.52455, 0.20329), (0.63749, 0.55216, 0.24345), (0.63749, 0.55216, 0.24345), (0.63247, 0.51953, 0.2058), (0.62745, 0.49443, 0.16816), (0.63749, 0.54965, 0.22839), (0.63247, 0.54965, 0.21584), (0.64, 0.56471, 0.23843), (0.64, 0.56471, 0.23843), (0.62494, 0.52204, 0.2058), (0.63749, 0.54965, 0.22839), (0.63247, 0.51953, 0.19576), (0.62243, 0.50949, 0.19576), (0.64, 0.54212, 0.22337), (0.63498, 0.53459, 0.22839), (0.62243, 0.52204, 0.19325), (0.62745, 0.52455, 0.20329), (0.63749, 0.5371, 0.23341), (0.63498, 0.50949, 0.18071), (0.63247, 0.53208, 0.22588), (0.63247, 0.53208, 0.22588), (0.64, 0.54463, 0.23592), (0.63749, 0.5371, 0.23341), (0.62996, 0.54463, 0.23341), (0.63247, 0.55216, 0.24847), (0.62243, 0.51953, 0.20831), (0.62243, 0.51953, 0.20831), (0.64, 0.5371, 0.24094), (0.62996, 0.54463, 0.23341), (0.63749, 0.53961, 0.21584), (0.64, 0.5622, 0.25098), (0.63247, 0.55969, 0.25851), (0.63247, 0.55969, 0.25851), (0.62996, 0.53961, 0.23843), (0.63749, 0.53961, 0.21584), (0.63498, 0.52455, 0.22086), (0.64, 0.53961, 0.24345), (0.62996, 0.52204, 0.20078), (0.64, 0.55467, 0.24345), (0.63498, 0.56722, 0.27859), (0.63749, 0.55718, 0.25851), (0.62745, 0.53208, 0.22337), (0.62745, 0.52957, 0.22588), (0.63498, 0.5371, 0.23843), (0.63498, 0.5371, 0.23843), (0.63498, 0.52204, 0.20329), (0.62745, 0.53208, 0.22337), (0.63247, 0.52204, 0.20831), (0.63247, 0.53208, 0.22588), (0.63498, 0.53208, 0.22086), (0.63498, 0.53208, 0.22086), (0.63247, 0.53459, 0.21082), (0.63247, 0.52204, 0.20831), (0.63247, 0.53208, 0.22588), (0.62745, 0.53208, 0.22337), (0.63498, 0.52204, 0.20329), (0.63498, 0.52204, 0.20329), (0.63498, 0.53208, 0.22086), (0.63247, 0.53208, 0.22588), (0.62745, 0.52455, 0.20329), (0.63498, 0.53459, 0.22337), (0.63498, 0.53459, 0.22839), (0.63498, 0.53961, 0.2309), (0.64, 0.51953, 0.18322), (0.62996, 0.50949, 0.17318), (0.62243, 0.53208, 0.22337), (0.63498, 0.5371, 0.23341), (0.63498, 0.54714, 0.2309), (0.63498, 0.54714, 0.2309), (0.63498, 0.55969, 0.25349), (0.62243, 0.53208, 0.22337), (0.62996, 0.51953, 0.21584), (0.62745, 0.52706, 0.22086), (0.63498, 0.52957, 0.22588), (0.63498, 0.52957, 0.22588), (0.62494, 0.512, 0.19827), (0.62996, 0.51953, 0.21584), (0.63498, 0.53459, 0.22839), (0.63498, 0.53961, 0.22588), (0.62996, 0.51953, 0.19075), (0.62996, 0.51953, 0.19075), (0.62494, 0.512, 0.18824), (0.63498, 0.53459, 0.22839), (0.63749, 0.55718, 0.25851), (0.64, 0.54714, 0.23341), (0.64, 0.55467, 0.24345), (0.62996, 0.53961, 0.23843), (0.62494, 0.5371, 0.23592), (0.63498, 0.52706, 0.2058), (0.62745, 0.53961, 0.24345), (0.64, 0.54965, 0.24847), (0.62996, 0.51953, 0.21082), (0.62996, 0.51953, 0.21082), (0.64, 0.54212, 0.25098), (0.62745, 0.53961, 0.24345), (0.63247, 0.512, 0.19576), (0.63749, 0.55718, 0.25851), (0.62494, 0.51702, 0.19075), (0.62494, 0.51702, 0.19075), (0.62745, 0.50447, 0.20078), (0.63247, 0.512, 0.19576), (0.62745, 0.51702, 0.20329), (0.63498, 0.53961, 0.20078), (0.62996, 0.52455, 0.18322), (0.62996, 0.52455, 0.18322), (0.62494, 0.52957, 0.21584), (0.62745, 0.51702, 0.20329), (0.64, 0.54965, 0.21835), (0.63498, 0.55969, 0.24847), (0.63749, 0.57224, 0.27357), (0.63498, 0.53459, 0.22337), (0.63749, 0.52455, 0.20078), (0.62996, 0.50949, 0.18824), (0.63498, 0.54965, 0.23843), (0.63247, 0.53459, 0.21082), (0.63247, 0.53208, 0.22086), (0.63247, 0.53208, 0.22086), (0.63749, 0.54212, 0.23341), (0.63498, 0.54965, 0.23843), (0.63247, 0.56973, 0.27859), (0.62996, 0.54714, 0.256), (0.63498, 0.53208, 0.21082), (0.63498, 0.53208, 0.21082), (0.62494, 0.52957, 0.21082), (0.63247, 0.56973, 0.27859), (0.62996, 0.52204, 0.19576), (0.63247, 0.49443, 0.17569), (0.63247, 0.50698, 0.20329), (0.64, 0.5622, 0.27106), (0.63247, 0.54714, 0.23592), (0.63247, 0.52204, 0.21333), (0.63498, 0.52706, 0.2058), (0.63498, 0.55467, 0.25098), (0.62996, 0.53961, 0.23843), (0.64, 0.56471, 0.25851), (0.63247, 0.53208, 0.22086), (0.63247, 0.5371, 0.22839), (0.63247, 0.54714, 0.23592), (0.64, 0.55718, 0.24847), (0.64, 0.57475, 0.27106), (0.64, 0.57475, 0.27106), (0.64, 0.53961, 0.22839), (0.63247, 0.54714, 0.23592), (0.64, 0.56722, 0.27106), (0.64, 0.57725, 0.28612), (0.63247, 0.55718, 0.24596), (0.63247, 0.55718, 0.24596), (0.64, 0.54714, 0.23341), (0.64, 0.56722, 0.27106), (0.62745, 0.512, 0.2058), (0.61992, 0.51451, 0.21333), (0.62494, 0.52204, 0.20078), (0.62494, 0.52204, 0.20078), (0.63498, 0.53961, 0.22588), (0.62745, 0.512, 0.2058), (0.62996, 0.50949, 0.18824), (0.63498, 0.55467, 0.25098), (0.63498, 0.53459, 0.22337), (0.64, 0.54212, 0.22337), (0.63498, 0.52455, 0.19576), (0.63247, 0.51953, 0.19576), (0.63247, 0.50949, 0.18824), (0.63498, 0.52957, 0.22588), (0.62996, 0.50949, 0.18824), (0.62996, 0.50949, 0.18824), (0.63498, 0.51451, 0.19827), (0.63247, 0.50949, 0.18824), (0.63247, 0.52204, 0.21333), (0.63498, 0.53208, 0.22086), (0.64, 0.5622, 0.27106), (0.63498, 0.5622, 0.24094), (0.62243, 0.53459, 0.21835), (0.6149, 0.51953, 0.20078), (0.63498, 0.55467, 0.25098), (0.63498, 0.55467, 0.25098), (0.62996, 0.54965, 0.24094), (0.62996, 0.54965, 0.24094), (0.64, 0.56722, 0.26604), (0.63498, 0.55467, 0.25098), (0.63247, 0.5371, 0.22839), (0.62996, 0.51953, 0.2058), (0.64, 0.56471, 0.25851), (0.63749, 0.52706, 0.22337), (0.62745, 0.51451, 0.19576), (0.62494, 0.52957, 0.22086), (0.63247, 0.50949, 0.2058), (0.64, 0.53961, 0.23592), (0.62243, 0.51953, 0.20831), (0.62243, 0.51953, 0.20831), (0.62243, 0.51702, 0.21584), (0.63247, 0.50949, 0.2058), (0.63498, 0.54463, 0.23843), (0.63247, 0.54463, 0.24847), (0.64, 0.54463, 0.23592), (0.62996, 0.52204, 0.19325), (0.63498, 0.53459, 0.20329), (0.64, 0.53961, 0.21082), (0.64, 0.53961, 0.21082), (0.64, 0.57475, 0.2811), (0.62996, 0.52204, 0.19325), (0.63498, 0.53459, 0.22839), (0.64, 0.54212, 0.23843), (0.62996, 0.50949, 0.19827), (0.62996, 0.50949, 0.19827), (0.63749, 0.51451, 0.19325), (0.63498, 0.53459, 0.22839), (0.63247, 0.512, 0.20078), (0.63498, 0.53459, 0.22839), (0.62996, 0.51953, 0.21082), (0.62996, 0.51953, 0.21082), (0.63247, 0.54212, 0.23592), (0.63247, 0.512, 0.20078), (0.63749, 0.53459, 0.22337), (0.64, 0.54463, 0.22588), (0.63749, 0.52957, 0.20831), (0.63749, 0.52957, 0.20831), (0.63749, 0.512, 0.19827), (0.63749, 0.53459, 0.22337), (0.62745, 0.52455, 0.20831), (0.62494, 0.52455, 0.21333), (0.63247, 0.5371, 0.22839), (0.63749, 0.5622, 0.26102), (0.63498, 0.56722, 0.28361), (0.63498, 0.54714, 0.2309), (0.63498, 0.54714, 0.2309), (0.62745, 0.51953, 0.19827), (0.63749, 0.5622, 0.26102), (0.62494, 0.52957, 0.22086), (0.63498, 0.53459, 0.22839), (0.63749, 0.52706, 0.22337), (0.62745, 0.52957, 0.20078), (0.63749, 0.5622, 0.26102), (0.62745, 0.51953, 0.19827), (0.62745, 0.51953, 0.19827), (0.62745, 0.52455, 0.20329), (0.62745, 0.52957, 0.20078), (0.62745, 0.53961, 0.22337), (0.62494, 0.51953, 0.1782), (0.62996, 0.52957, 0.22337), (0.62996, 0.52957, 0.22337), (0.62996, 0.52957, 0.22337), (0.62745, 0.53961, 0.22337), (0.64, 0.5371, 0.24094), (0.63749, 0.53208, 0.2309), (0.63498, 0.53459, 0.22839), (0.63498, 0.53459, 0.22839), (0.62996, 0.54463, 0.23341), (0.64, 0.5371, 0.24094), (0.62745, 0.512, 0.2058), (0.64, 0.52706, 0.2309), (0.63749, 0.50949, 0.19576), (0.63749, 0.50949, 0.19576), (0.62745, 0.51702, 0.20831), (0.62745, 0.512, 0.2058), (0.63749, 0.57224, 0.27357), (0.62996, 0.5371, 0.21082), (0.64, 0.54965, 0.21835), (0.64, 0.54463, 0.23592), (0.63247, 0.53208, 0.22588), (0.63247, 0.50949, 0.18824), (0.63247, 0.50949, 0.18824), (0.63498, 0.50698, 0.21082), (0.64, 0.54463, 0.23592), (0.63247, 0.5371, 0.22839), (0.62745, 0.53208, 0.21333), (0.63498, 0.55216, 0.26102), (0.63498, 0.55216, 0.26102), (0.63498, 0.54463, 0.23843), (0.63247, 0.5371, 0.22839), (0.63247, 0.50698, 0.20329), (0.63498, 0.53459, 0.22337), (0.62996, 0.52204, 0.19576), (0.62494, 0.51451, 0.21082), (0.63247, 0.53208, 0.22839), (0.62996, 0.51702, 0.19325), (0.62996, 0.51702, 0.19325), (0.63247, 0.52455, 0.20329), (0.62494, 0.51451, 0.21082), (0.63498, 0.5371, 0.20831), (0.61992, 0.52455, 0.21082), (0.62494, 0.49694, 0.18322), (0.62494, 0.49694, 0.18322), (0.62494, 0.49945, 0.19576), (0.63498, 0.5371, 0.20831), (0.62243, 0.51702, 0.21584), (0.63247, 0.55216, 0.24847), (0.64, 0.54965, 0.24094), (0.64, 0.54965, 0.24094), (0.63247, 0.5371, 0.22839), (0.62243, 0.51702, 0.21584), (0.63749, 0.51953, 0.19325), (0.61741, 0.49443, 0.17067), (0.62996, 0.50196, 0.18824), (0.62745, 0.512, 0.2058), (0.62745, 0.51451, 0.19576), (0.61992, 0.49443, 0.16565), (0.61992, 0.49443, 0.16565), (0.62996, 0.50698, 0.20831), (0.62745, 0.512, 0.2058), (0.63498, 0.53961, 0.22588), (0.64, 0.56722, 0.27106), (0.62996, 0.53459, 0.22588), (0.63247, 0.52706, 0.22337), (0.62745, 0.55467, 0.23341), (0.63247, 0.55718, 0.2309), (0.62996, 0.54212, 0.24094), (0.62996, 0.512, 0.21584), (0.62745, 0.51451, 0.19576), (0.62745, 0.51451, 0.19576), (0.62745, 0.52706, 0.22086), (0.62996, 0.54212, 0.24094), (0.63749, 0.54212, 0.22839), (0.63749, 0.55969, 0.24596), (0.64, 0.56973, 0.27357), (0.64, 0.56973, 0.27357), (0.63498, 0.55467, 0.25098), (0.63749, 0.54212, 0.22839), (0.64, 0.54463, 0.23592), (0.63247, 0.5371, 0.22839), (0.63498, 0.54463, 0.23843), (0.62996, 0.52706, 0.2058), (0.62494, 0.52706, 0.22839), (0.62996, 0.55467, 0.24847), (0.62996, 0.55467, 0.24847), (0.63247, 0.54714, 0.23592), (0.62996, 0.52706, 0.2058), (0.63498, 0.54212, 0.24847), (0.63498, 0.54714, 0.24596), (0.63247, 0.55216, 0.24345), (0.62996, 0.54463, 0.23341), (0.63498, 0.53459, 0.22839), (0.62494, 0.512, 0.18824), (0.62494, 0.512, 0.18824), (0.63498, 0.52204, 0.20329), (0.62996, 0.54463, 0.23341), (0.62996, 0.50698, 0.20831), (0.61992, 0.49443, 0.16565), (0.63247, 0.52204, 0.20831), (0.63247, 0.52204, 0.20831), (0.63749, 0.51451, 0.21584), (0.62996, 0.50698, 0.20831), (0.62494, 0.53459, 0.23341), (0.62745, 0.52455, 0.20831), (0.63247, 0.51953, 0.19576), (0.63247, 0.51953, 0.19576), (0.62996, 0.50949, 0.16816), (0.62494, 0.53459, 0.23341), (0.63247, 0.55718, 0.2309), (0.63749, 0.55969, 0.24596), (0.63247, 0.52706, 0.22337), (0.62494, 0.51702, 0.19576), (0.62996, 0.52706, 0.21584), (0.62745, 0.52706, 0.19576), (0.62745, 0.52706, 0.19576), (0.64, 0.54965, 0.24847), (0.62494, 0.51702, 0.19576), (0.63498, 0.53961, 0.2309), (0.63498, 0.52455, 0.21082), (0.62745, 0.5371, 0.2309), (0.62745, 0.5371, 0.2309), (0.62996, 0.54965, 0.24094), (0.63498, 0.53961, 0.2309), (0.63247, 0.5371, 0.22839), (0.64, 0.54463, 0.23592), (0.62745, 0.52455, 0.20831), (0.62996, 0.51953, 0.21082), (0.63498, 0.53459, 0.22839), (0.63498, 0.54714, 0.24596), (0.63498, 0.54714, 0.24596), (0.63498, 0.53961, 0.2309), (0.62996, 0.51953, 0.21082), (0.63247, 0.55216, 0.24345), (0.63749, 0.55467, 0.26353), (0.63498, 0.54212, 0.24847), (0.63498, 0.54212, 0.24847), (0.62745, 0.52455, 0.22839), (0.62996, 0.52957, 0.22337), (0.62996, 0.53961, 0.23843), (0.63247, 0.55969, 0.25851), (0.63749, 0.5622, 0.256), (0.63749, 0.5622, 0.256), (0.62494, 0.5371, 0.23592), (0.62996, 0.53961, 0.23843), (0.63498, 0.53961, 0.22588), (0.64, 0.57224, 0.26353), (0.64, 0.56973, 0.26855), (0.63247, 0.512, 0.19576), (0.64, 0.54212, 0.21333), (0.63247, 0.53208, 0.22588), (0.63247, 0.53208, 0.22588), (0.62745, 0.52706, 0.22086), (0.63247, 0.512, 0.19576), (0.64, 0.54965, 0.24345), (0.63498, 0.5622, 0.26102), (0.62996, 0.51702, 0.19325), (0.62996, 0.51702, 0.19325), (0.62745, 0.52706, 0.19827), (0.64, 0.54965, 0.24345), (0.62996, 0.52957, 0.19827), (0.63749, 0.55216, 0.24345), (0.62745, 0.52706, 0.19827), (0.62745, 0.52706, 0.19827), (0.63749, 0.55216, 0.24094), (0.62996, 0.52957, 0.19827), (0.63247, 0.53459, 0.21082), (0.63498, 0.53208, 0.22086), (0.63749, 0.54714, 0.24094), (0.63247, 0.512, 0.19576), (0.62745, 0.52706, 0.22086), (0.63247, 0.50949, 0.18824), (0.63247, 0.50949, 0.18824), (0.62494, 0.54463, 0.24596), (0.63247, 0.512, 0.19576), (0.63247, 0.52706, 0.19075), (0.62745, 0.52957, 0.2058), (0.64, 0.55969, 0.256), (0.62996, 0.53459, 0.22588), (0.62494, 0.52204, 0.2058), (0.63498, 0.53961, 0.22588), (0.62996, 0.52957, 0.22337), (0.63749, 0.5622, 0.25098), (0.63498, 0.54212, 0.24847), (0.63749, 0.52957, 0.20329), (0.62996, 0.512, 0.18573), (0.63749, 0.54965, 0.25349), (0.63749, 0.54965, 0.25349), (0.63749, 0.5371, 0.2058), (0.63749, 0.52957, 0.20329), (0.63749, 0.5622, 0.26102), (0.62243, 0.5371, 0.22588), (0.63749, 0.55216, 0.24094), (0.63749, 0.55216, 0.24094), (0.63749, 0.55216, 0.24094), (0.63749, 0.5622, 0.26102), (0.63247, 0.55216, 0.24345), (0.63749, 0.55216, 0.23592), (0.62996, 0.54212, 0.22588), (0.64, 0.56973, 0.26855), (0.62745, 0.52706, 0.21584), (0.63498, 0.53961, 0.22588), (0.63498, 0.57224, 0.27608), (0.63498, 0.52455, 0.21082), (0.64, 0.54965, 0.24094), (0.64, 0.54965, 0.24094), (0.64, 0.53961, 0.22839), (0.63498, 0.57224, 0.27608), (0.63749, 0.54714, 0.24094), (0.64, 0.56722, 0.27106), (0.63247, 0.53459, 0.21082), (0.62745, 0.51702, 0.18824), (0.63498, 0.51702, 0.19075), (0.63749, 0.52706, 0.19325), (0.63749, 0.52706, 0.19325), (0.62745, 0.50949, 0.1782), (0.62745, 0.51702, 0.18824), (0.63247, 0.52957, 0.23341), (0.63749, 0.54965, 0.23341), (0.63247, 0.54463, 0.21835), (0.63247, 0.54463, 0.21835), (0.63247, 0.54212, 0.24094), (0.63247, 0.52957, 0.23341), (0.62996, 0.50949, 0.16816), (0.63247, 0.51953, 0.19576), (0.63749, 0.54212, 0.22839), (0.63749, 0.54212, 0.22839), (0.63247, 0.52204, 0.20831), (0.62996, 0.50949, 0.16816), (0.62996, 0.50196, 0.18824), (0.62996, 0.50196, 0.2058), (0.63749, 0.51953, 0.19325), (0.63749, 0.53208, 0.22839), (0.64, 0.53961, 0.24345), (0.63247, 0.51451, 0.21835), (0.63498, 0.5622, 0.24596), (0.63247, 0.54714, 0.23592), (0.62996, 0.55467, 0.24847), (0.62996, 0.55467, 0.24847), (0.63247, 0.55216, 0.24345), (0.63498, 0.5622, 0.24596), (0.63498, 0.51953, 0.21835), (0.63247, 0.51953, 0.19576), (0.63749, 0.51702, 0.19576), (0.63749, 0.51702, 0.19576), (0.62996, 0.55969, 0.25098), (0.63498, 0.51953, 0.21835), (0.63498, 0.54212, 0.20831), (0.62996, 0.55467, 0.22839), (0.63498, 0.5622, 0.26102), (0.63498, 0.5622, 0.26102), (0.64, 0.54965, 0.24345), (0.63498, 0.54212, 0.20831), (0.64, 0.5622, 0.26855), (0.63498, 0.55969, 0.24847), (0.63749, 0.5622, 0.2811), (0.63498, 0.53961, 0.2309), (0.63749, 0.57224, 0.26855), (0.63247, 0.54212, 0.23592), (0.63247, 0.54212, 0.23592), (0.62996, 0.52957, 0.22337), (0.63498, 0.53961, 0.2309), (0.63749, 0.53459, 0.22337), (0.63498, 0.53208, 0.22086), (0.62996, 0.53961, 0.23341), (0.62996, 0.53961, 0.23341), (0.63247, 0.53208, 0.22588), (0.63749, 0.53459, 0.22337), (0.63247, 0.52706, 0.22588), (0.62745, 0.54965, 0.25851), (0.63749, 0.53961, 0.21584), (0.63498, 0.53459, 0.2309), (0.62996, 0.52455, 0.22086), (0.63498, 0.5371, 0.23341), (0.63498, 0.5371, 0.23341), (0.64, 0.55216, 0.256), (0.63498, 0.53459, 0.2309), (0.63247, 0.51451, 0.21835), (0.62996, 0.50949, 0.18824), (0.63749, 0.53208, 0.22839), (0.63247, 0.54463, 0.24345), (0.62745, 0.52706, 0.19827), (0.63498, 0.54714, 0.22086), (0.62996, 0.54212, 0.22588), (0.63498, 0.5622, 0.24596), (0.63247, 0.55216, 0.24345), (0.62745, 0.52957, 0.22588), (0.63498, 0.53961, 0.2309), (0.63247, 0.56722, 0.26353), (0.63247, 0.56722, 0.26353), (0.63749, 0.55216, 0.24094), (0.62745, 0.52957, 0.22588), (0.64, 0.56471, 0.26353), (0.63247, 0.55969, 0.25851), (0.60988, 0.49192, 0.16565), (0.60988, 0.49192, 0.16565), (0.62996, 0.53459, 0.21584), (0.64, 0.56471, 0.26353), (0.63498, 0.52204, 0.20831), (0.62996, 0.52455, 0.22086), (0.63498, 0.53961, 0.2309), (0.63498, 0.53961, 0.2309), (0.62745, 0.52706, 0.22086), (0.63498, 0.52204, 0.20831), (0.63247, 0.55969, 0.24345), (0.62996, 0.55216, 0.23843), (0.64, 0.54463, 0.24094), (0.64, 0.54463, 0.24094), (0.63498, 0.52455, 0.21584), (0.63247, 0.55969, 0.24345), (0.64, 0.55969, 0.256), (0.6149, 0.51953, 0.20078), (0.63247, 0.52706, 0.19075), (0.64, 0.55718, 0.256), (0.62996, 0.52204, 0.20078), (0.62996, 0.52455, 0.22086), (0.62996, 0.52455, 0.22086), (0.63498, 0.52957, 0.22588), (0.64, 0.55718, 0.256), (0.63498, 0.5622, 0.24094), (0.63498, 0.54714, 0.22086), (0.62745, 0.52706, 0.19827), (0.62745, 0.52706, 0.19827), (0.62996, 0.51702, 0.19325), (0.63498, 0.5622, 0.24094), (0.63498, 0.54714, 0.22086), (0.63749, 0.56471, 0.24847), (0.63247, 0.54463, 0.24345), (0.63749, 0.51451, 0.21082), (0.63498, 0.52455, 0.21082), (0.63498, 0.53961, 0.2309), (0.63498, 0.53961, 0.2309), (0.63247, 0.53208, 0.22588), (0.63749, 0.51451, 0.21082), (0.64, 0.51702, 0.20831), (0.62745, 0.50196, 0.19827), (0.62996, 0.51953, 0.21584), (0.62996, 0.51953, 0.21584), (0.62494, 0.512, 0.19827), (0.64, 0.51702, 0.20831), (0.63749, 0.56471, 0.24847), (0.63498, 0.54714, 0.22086), (0.62996, 0.55216, 0.23843), (0.62996, 0.55216, 0.23843), (0.63247, 0.55969, 0.24345), (0.63749, 0.56471, 0.24847), (0.63749, 0.5371, 0.2058), (0.62996, 0.55467, 0.22839), (0.63247, 0.512, 0.19075), (0.63247, 0.512, 0.19075), (0.62243, 0.50949, 0.19075), (0.63749, 0.5371, 0.2058), (0.62745, 0.51451, 0.19576), (0.63749, 0.50698, 0.20078), (0.63247, 0.51953, 0.2058), (0.63247, 0.51953, 0.2058), (0.63498, 0.51451, 0.19325), (0.62745, 0.51451, 0.19576), (0.62996, 0.49694, 0.17569), (0.6149, 0.51953, 0.20078), (0.63247, 0.51953, 0.2058), (0.63247, 0.51953, 0.2058), (0.63498, 0.50196, 0.17569), (0.62996, 0.49694, 0.17569), (0.63247, 0.52204, 0.20831), (0.62745, 0.52706, 0.19827), (0.63247, 0.5371, 0.22839), (0.63247, 0.5371, 0.22839), (0.64, 0.54463, 0.23592), (0.63247, 0.52204, 0.20831), (0.64, 0.54212, 0.23592), (0.63749, 0.53961, 0.24094), (0.62996, 0.52706, 0.21584), (0.62996, 0.52706, 0.21584), (0.63498, 0.5371, 0.21333), (0.64, 0.54212, 0.23592), (0.62996, 0.57475, 0.27357), (0.63749, 0.55969, 0.24596), (0.63498, 0.53459, 0.22839), (0.63498, 0.52455, 0.22086), (0.63749, 0.54965, 0.25851), (0.62745, 0.51451, 0.19075), (0.62745, 0.51451, 0.19075), (0.62996, 0.50949, 0.18824), (0.63498, 0.52455, 0.22086), (0.63749, 0.51702, 0.2058), (0.62996, 0.53961, 0.23341), (0.62996, 0.53208, 0.23341), (0.62996, 0.53208, 0.23341), (0.62996, 0.51702, 0.19827), (0.63749, 0.51702, 0.2058), (0.63749, 0.53961, 0.21584), (0.63749, 0.55216, 0.23592), (0.63247, 0.52706, 0.22588), (0.63247, 0.54463, 0.21835), (0.62745, 0.5371, 0.22839), (0.63749, 0.54965, 0.23341), (0.63749, 0.54965, 0.23341), (0.63749, 0.54212, 0.22839), (0.63247, 0.54463, 0.21835), (0.63749, 0.5622, 0.2811), (0.64, 0.55216, 0.26102), (0.64, 0.5622, 0.26855), (0.63749, 0.512, 0.19827), (0.62996, 0.52706, 0.2058), (0.63749, 0.52204, 0.22086), (0.63749, 0.52204, 0.22086), (0.62745, 0.51451, 0.19576), (0.63749, 0.512, 0.19827), (0.62996, 0.54965, 0.24094), (0.63749, 0.5622, 0.25098), (0.64, 0.54212, 0.23843), (0.64, 0.54212, 0.23843), (0.63498, 0.55467, 0.25098), (0.62996, 0.54965, 0.24094), (0.64, 0.53961, 0.24345), (0.63749, 0.53208, 0.22839), (0.63498, 0.53459, 0.22839), (0.63498, 0.53459, 0.22839), (0.63498, 0.53459, 0.22839), (0.64, 0.53961, 0.24345), (0.63498, 0.53459, 0.22839), (0.63749, 0.57475, 0.27608), (0.62996, 0.57475, 0.27357), (0.63247, 0.53459, 0.21082), (0.63247, 0.51451, 0.18322), (0.63247, 0.54212, 0.24094), (0.63749, 0.52706, 0.19325), (0.63247, 0.51451, 0.18824), (0.63247, 0.53208, 0.20329), (0.63247, 0.53208, 0.20329), (0.62745, 0.50949, 0.1782), (0.63749, 0.52706, 0.19325), (0.64, 0.57475, 0.27106), (0.64, 0.55718, 0.24596), (0.64, 0.5622, 0.24345), (0.64, 0.5622, 0.24345), (0.63247, 0.54463, 0.22337), (0.64, 0.57475, 0.27106), (0.62494, 0.512, 0.18824), (0.62996, 0.51953, 0.19075), (0.63247, 0.55467, 0.26102), (0.63247, 0.55467, 0.26102), (0.63498, 0.55718, 0.26353), (0.62494, 0.512, 0.18824), (0.61992, 0.51953, 0.21333), (0.64, 0.55969, 0.27106), (0.63498, 0.54714, 0.25098), (0.63749, 0.5371, 0.23341), (0.63749, 0.53961, 0.24094), (0.64, 0.54965, 0.24847), (0.62745, 0.55467, 0.23341), (0.63247, 0.52706, 0.22337), (0.63498, 0.5371, 0.23843), (0.63498, 0.5371, 0.23843), (0.63749, 0.57224, 0.26855), (0.62745, 0.55467, 0.23341), (0.63749, 0.51953, 0.18824), (0.63498, 0.51451, 0.17318), (0.63498, 0.52706, 0.2058), (0.63498, 0.52706, 0.2058), (0.64, 0.53961, 0.23341), (0.63749, 0.51953, 0.18824), (0.64, 0.54212, 0.22337), (0.63247, 0.52957, 0.23341), (0.63247, 0.54212, 0.24094), (0.63247, 0.54212, 0.24094), (0.63498, 0.52455, 0.19576), (0.64, 0.54212, 0.22337), (0.63247, 0.54212, 0.24094), (0.63247, 0.54463, 0.21835), (0.63247, 0.53459, 0.21082), (0.62996, 0.51451, 0.21333), (0.63247, 0.54463, 0.24847), (0.63498, 0.54714, 0.24596), (0.63498, 0.54714, 0.24596), (0.64, 0.5622, 0.25349), (0.62996, 0.51451, 0.21333), (0.64, 0.52957, 0.2309), (0.62996, 0.54463, 0.23592), (0.63749, 0.54212, 0.22839), (0.63749, 0.54212, 0.22839), (0.63749, 0.54965, 0.22839), (0.64, 0.52957, 0.2309), (0.63498, 0.54714, 0.25098), (0.63498, 0.53459, 0.22839), (0.61992, 0.51953, 0.21333), (0.62745, 0.51702, 0.21333), (0.62745, 0.49443, 0.16816), (0.63247, 0.51953, 0.2058), (0.63247, 0.51953, 0.2058), (0.63749, 0.52455, 0.22588), (0.62745, 0.51702, 0.21333), (0.64, 0.54965, 0.24847), (0.63247, 0.54212, 0.23592), (0.63749, 0.5371, 0.23341), (0.63498, 0.53961, 0.2309), (0.63247, 0.54463, 0.22839), (0.62996, 0.53459, 0.22086), (0.62996, 0.53459, 0.22086), (0.63749, 0.55718, 0.25851), (0.63498, 0.53961, 0.2309), (0.63749, 0.53961, 0.23592), (0.63498, 0.54463, 0.23592), (0.63498, 0.53208, 0.21584), (0.63498, 0.53208, 0.21584), (0.63498, 0.53459, 0.22839), (0.63749, 0.53961, 0.23592), (0.62745, 0.50447, 0.18322), (0.62494, 0.49945, 0.17067), (0.63498, 0.51451, 0.19325), (0.63498, 0.51451, 0.19325), (0.63247, 0.51953, 0.2058), (0.62745, 0.50447, 0.18322), (0.63247, 0.55718, 0.24596), (0.64, 0.56722, 0.26604), (0.64, 0.5371, 0.23592), (0.64, 0.5371, 0.23592), (0.63247, 0.51953, 0.2058), (0.63247, 0.55718, 0.24596), (0.63247, 0.53459, 0.2309), (0.63247, 0.52204, 0.20831), (0.63498, 0.52204, 0.20329), (0.63247, 0.53459, 0.2309), (0.63247, 0.53208, 0.22588), (0.62243, 0.49443, 0.17569), (0.62243, 0.49443, 0.17569), (0.62745, 0.53208, 0.21333), (0.63247, 0.53459, 0.2309), (0.62494, 0.49694, 0.17569), (0.63498, 0.512, 0.19075), (0.62243, 0.51953, 0.20831), (0.62243, 0.51953, 0.20831), (0.62996, 0.52957, 0.21835), (0.62494, 0.49694, 0.17569), (0.63749, 0.52455, 0.20078), (0.63498, 0.53459, 0.22337), (0.63749, 0.52706, 0.19827), (0.63749, 0.52706, 0.19827), (0.62243, 0.49945, 0.17569), (0.63749, 0.52455, 0.20078), (0.63247, 0.56471, 0.24094), (0.64, 0.57725, 0.27859), (0.63498, 0.56722, 0.27357), (0.63498, 0.52455, 0.21584), (0.62996, 0.53459, 0.22588), (0.64, 0.52706, 0.2309), (0.63247, 0.51451, 0.18824), (0.63247, 0.52957, 0.21333), (0.62745, 0.51953, 0.19827), (0.62745, 0.51953, 0.19827), (0.63749, 0.54463, 0.21333), (0.63247, 0.51451, 0.18824), (0.62996, 0.49192, 0.17318), (0.63749, 0.52455, 0.22588), (0.62745, 0.512, 0.2058), (0.62745, 0.512, 0.2058), (0.62996, 0.49694, 0.17569), (0.62996, 0.49192, 0.17318), (0.62996, 0.53961, 0.2309), (0.63498, 0.53208, 0.22086), (0.62494, 0.50447, 0.18824), (0.62494, 0.50447, 0.18824), (0.62494, 0.49694, 0.17569), (0.62996, 0.53961, 0.2309), (0.63498, 0.52204, 0.20329), (0.63498, 0.55718, 0.26353), (0.63247, 0.53459, 0.2309), (0.62996, 0.53961, 0.23843), (0.62996, 0.52455, 0.22086), (0.62996, 0.52204, 0.20078), (0.63247, 0.50949, 0.21082), (0.63498, 0.54212, 0.24847), (0.64, 0.54714, 0.23341), (0.64, 0.54714, 0.23341), (0.63498, 0.54965, 0.23843), (0.63247, 0.50949, 0.21082), (0.62745, 0.512, 0.2058), (0.63749, 0.5371, 0.2309), (0.63498, 0.54212, 0.24847), (0.63498, 0.54212, 0.24847), (0.62745, 0.52706, 0.22086), (0.62745, 0.512, 0.2058), (0.63247, 0.53459, 0.21082), (0.64, 0.53208, 0.22337), (0.62745, 0.5371, 0.22839), (0.62745, 0.5371, 0.22839), (0.63247, 0.53208, 0.22086), (0.63247, 0.53459, 0.21082), (0.64, 0.52706, 0.2309), (0.62745, 0.512, 0.2058), (0.63498, 0.52455, 0.21584), (0.62745, 0.52706, 0.21584), (0.63247, 0.52706, 0.22337), (0.63247, 0.51953, 0.19576), (0.63247, 0.51953, 0.19576), (0.63247, 0.53208, 0.22086), (0.62745, 0.52706, 0.21584), (0.62745, 0.52204, 0.22086), (0.62996, 0.52455, 0.22086), (0.63498, 0.54212, 0.24847), (0.63498, 0.54212, 0.24847), (0.63247, 0.50949, 0.21082), (0.62745, 0.52204, 0.22086), (0.64, 0.56471, 0.23843), (0.62745, 0.512, 0.21082), (0.63749, 0.5371, 0.2309), (0.63749, 0.5371, 0.2309), (0.62494, 0.51702, 0.18824), (0.64, 0.56471, 0.23843), (0.63247, 0.512, 0.19576), (0.62745, 0.512, 0.2058), (0.62745, 0.51702, 0.20831), (0.62996, 0.52204, 0.20078), (0.62745, 0.52455, 0.20831), (0.62996, 0.53961, 0.23843), (0.63749, 0.56471, 0.27106), (0.63247, 0.55467, 0.24094), (0.63498, 0.54463, 0.23592), (0.62494, 0.53459, 0.22588), (0.63247, 0.56722, 0.26353), (0.64, 0.55467, 0.26353), (0.64, 0.55467, 0.26353), (0.63749, 0.54714, 0.24094), (0.62494, 0.53459, 0.22588), (0.63749, 0.55969, 0.26604), (0.63247, 0.53208, 0.22086), (0.63247, 0.51953, 0.19576), (0.63247, 0.51953, 0.19576), (0.62745, 0.54212, 0.23341), (0.63749, 0.55969, 0.26604), (0.63498, 0.5622, 0.26102), (0.63749, 0.54965, 0.25349), (0.62745, 0.51702, 0.18824), (0.63247, 0.50949, 0.2058), (0.62745, 0.52204, 0.21835), (0.62243, 0.51953, 0.22337), (0.62243, 0.51953, 0.22337), (0.63749, 0.54714, 0.26102), (0.63247, 0.50949, 0.2058), (0.64, 0.54212, 0.23592), (0.63498, 0.54463, 0.23592), (0.63498, 0.53961, 0.22588), (0.63498, 0.51451, 0.19827), (0.62243, 0.512, 0.20329), (0.62494, 0.51451, 0.21082), (0.62494, 0.51451, 0.21082), (0.63498, 0.52706, 0.2058), (0.63498, 0.51451, 0.19827), (0.62494, 0.49945, 0.17067), (0.62745, 0.50447, 0.18322), (0.63498, 0.53961, 0.2309), (0.63498, 0.53961, 0.2309), (0.63498, 0.54714, 0.2309), (0.62494, 0.49945, 0.17067), (0.63749, 0.53208, 0.22839), (0.63498, 0.52204, 0.19827), (0.63247, 0.51953, 0.20078), (0.63247, 0.51953, 0.20078), (0.63498, 0.53459, 0.22839), (0.63749, 0.53208, 0.22839), (0.63498, 0.54463, 0.23592), (0.63247, 0.53208, 0.22086), (0.63749, 0.56471, 0.27106), (0.62745, 0.51702, 0.18824), (0.62996, 0.51702, 0.19325), (0.63498, 0.5622, 0.26102), (0.63247, 0.52204, 0.21835), (0.62494, 0.52957, 0.22086), (0.62745, 0.51451, 0.19576), (0.62745, 0.51451, 0.19576), (0.62745, 0.50698, 0.19075), (0.63247, 0.52204, 0.21835), (0.63749, 0.53208, 0.2309), (0.63247, 0.54212, 0.23592), (0.63749, 0.53961, 0.22086), (0.63749, 0.53961, 0.22086), (0.64, 0.53961, 0.23592), (0.63749, 0.53208, 0.2309), (0.63498, 0.5371, 0.23843), (0.62745, 0.52455, 0.22839), (0.64, 0.56722, 0.27357), (0.64, 0.56722, 0.27357), (0.62996, 0.54965, 0.24596), (0.63498, 0.5371, 0.23843), (0.63498, 0.53961, 0.22588), (0.63749, 0.53961, 0.24094), (0.64, 0.54212, 0.23592), (0.63498, 0.56722, 0.27357), (0.63498, 0.53961, 0.2309), (0.63247, 0.56471, 0.24094), (0.62745, 0.51702, 0.20831), (0.62996, 0.51451, 0.21333), (0.63247, 0.512, 0.19576), (0.63247, 0.53208, 0.22588), (0.63498, 0.53961, 0.2309), (0.63498, 0.55467, 0.25098), (0.63498, 0.55467, 0.25098), (0.62996, 0.54463, 0.23341), (0.63247, 0.53208, 0.22588), (0.62996, 0.53208, 0.21333), (0.63498, 0.54714, 0.25098), (0.62745, 0.51451, 0.19075), (0.62745, 0.51451, 0.19075), (0.62494, 0.50949, 0.20831), (0.62996, 0.53208, 0.21333), (0.63247, 0.52204, 0.19325), (0.64, 0.53961, 0.24345), (0.62745, 0.52706, 0.19827), (0.62745, 0.52706, 0.19827), (0.62996, 0.512, 0.16565), (0.63247, 0.52204, 0.19325), (0.62996, 0.52957, 0.21835), (0.63498, 0.55216, 0.26102), (0.63498, 0.5371, 0.23843), (0.63498, 0.5371, 0.23843), (0.62996, 0.51953, 0.2058), (0.62996, 0.52957, 0.21835), (0.63247, 0.55467, 0.26353), (0.63247, 0.57725, 0.29616), (0.63247, 0.49945, 0.1782), (0.63247, 0.49945, 0.1782), (0.62243, 0.49443, 0.17318), (0.63247, 0.55467, 0.26353), (0.62494, 0.51702, 0.19576), (0.64, 0.54965, 0.24847), (0.63749, 0.53961, 0.24094), (0.63749, 0.53961, 0.24094), (0.63247, 0.53208, 0.22588), (0.62494, 0.51702, 0.19576), (0.64, 0.55467, 0.24596), (0.64, 0.56973, 0.27608), (0.63247, 0.57725, 0.29616), (0.63247, 0.57725, 0.29616), (0.63498, 0.54714, 0.24596), (0.64, 0.55467, 0.24596), (0.63247, 0.52204, 0.20831), (0.63498, 0.53961, 0.2309), (0.63749, 0.54212, 0.22839), (0.63749, 0.54212, 0.22839), (0.63247, 0.51953, 0.19576), (0.63247, 0.52204, 0.20831), (0.64, 0.54714, 0.23843), (0.63498, 0.53961, 0.2309), (0.63498, 0.54714, 0.24596), (0.63498, 0.54714, 0.24596), (0.62745, 0.53961, 0.21333), (0.64, 0.54714, 0.23843), (0.63247, 0.53459, 0.21082), (0.63498, 0.54965, 0.23843), (0.64, 0.54463, 0.23592), (0.64, 0.54463, 0.23592), (0.63498, 0.50698, 0.21082), (0.63247, 0.53459, 0.21082), (0.61741, 0.49443, 0.17067), (0.62996, 0.50698, 0.18573), (0.63498, 0.512, 0.20831), (0.63498, 0.512, 0.20831), (0.62996, 0.50196, 0.18824), (0.61741, 0.49443, 0.17067), (0.63247, 0.50949, 0.18824), (0.62745, 0.52957, 0.20078), (0.62745, 0.52455, 0.20329), (0.62745, 0.52455, 0.20329), (0.62745, 0.49443, 0.16816), (0.63247, 0.50949, 0.18824), (0.63749, 0.54965, 0.25349), (0.62745, 0.53961, 0.21333), (0.63498, 0.54714, 0.24596), (0.63498, 0.54714, 0.24596), (0.63498, 0.53459, 0.22839), (0.63749, 0.54965, 0.25349), (0.63247, 0.57725, 0.29616), (0.64, 0.56973, 0.27608), (0.63247, 0.50949, 0.18071), (0.63247, 0.50949, 0.18071), (0.63247, 0.49945, 0.1782), (0.63247, 0.57725, 0.29616), (0.63498, 0.512, 0.18322), (0.63247, 0.512, 0.17569), (0.64, 0.54463, 0.25098), (0.64, 0.54463, 0.25098), (0.63247, 0.53961, 0.24596), (0.63498, 0.512, 0.18322), (0.62494, 0.50196, 0.1782), (0.63749, 0.56722, 0.25851), (0.64, 0.55467, 0.24596), (0.64, 0.55467, 0.24596), (0.62494, 0.49945, 0.17067), (0.62494, 0.50196, 0.1782), (0.63498, 0.512, 0.19075), (0.63498, 0.51451, 0.20329), (0.63498, 0.52455, 0.22086), (0.63498, 0.52455, 0.22086), (0.62243, 0.51953, 0.20831), (0.63498, 0.512, 0.19075), (0.62745, 0.53961, 0.22337), (0.62996, 0.53208, 0.21333), (0.63498, 0.52957, 0.22839), (0.63498, 0.52957, 0.22839), (0.63749, 0.54965, 0.25851), (0.62745, 0.53961, 0.22337), (0.63498, 0.51953, 0.21835), (0.64, 0.54714, 0.24847), (0.63749, 0.54212, 0.23341), (0.63749, 0.54212, 0.23341), (0.64, 0.54212, 0.2309), (0.63498, 0.51953, 0.21835), (0.63498, 0.5371, 0.20831), (0.63498, 0.54212, 0.21584), (0.64, 0.54212, 0.23592), (0.64, 0.54212, 0.23592), (0.62996, 0.51953, 0.19075), (0.63498, 0.5371, 0.20831), (0.63749, 0.54212, 0.23341), (0.62996, 0.54965, 0.24596), (0.62996, 0.53459, 0.22086), (0.62996, 0.53459, 0.22086), (0.63247, 0.51702, 0.21082), (0.63749, 0.54212, 0.23341), (0.63247, 0.52204, 0.20831), (0.62494, 0.52204, 0.2058), (0.63498, 0.52706, 0.2058), (0.63498, 0.52706, 0.2058), (0.62494, 0.50196, 0.1782), (0.63247, 0.52204, 0.20831), (0.62745, 0.53208, 0.22337), (0.63247, 0.54463, 0.22839), (0.63498, 0.53961, 0.2309), (0.63498, 0.53961, 0.2309), (0.62745, 0.52957, 0.22588), (0.62745, 0.53208, 0.22337), (0.63247, 0.51702, 0.21082), (0.62996, 0.53459, 0.22086), (0.63498, 0.512, 0.20831), (0.63498, 0.512, 0.20831), (0.63247, 0.50447, 0.20831), (0.63247, 0.51702, 0.21082), (0.62494, 0.50196, 0.1782), (0.63498, 0.52706, 0.2058), (0.63247, 0.50698, 0.19325), (0.63247, 0.50698, 0.19325), (0.62996, 0.50698, 0.18322), (0.62494, 0.50196, 0.1782), (0.63498, 0.53961, 0.2309), (0.63498, 0.5371, 0.23341), (0.63247, 0.54212, 0.23592), (0.63247, 0.54212, 0.23592), (0.62996, 0.52455, 0.22086), (0.63498, 0.53961, 0.2309), (0.64, 0.55467, 0.24596), (0.63247, 0.55216, 0.24847), (0.63749, 0.56973, 0.27608), (0.63749, 0.56973, 0.27608), (0.64, 0.56973, 0.27608), (0.64, 0.55467, 0.24596), (0.63498, 0.53208, 0.22086), (0.63247, 0.52706, 0.22337), (0.64, 0.53961, 0.23592), (0.64, 0.53961, 0.23592), (0.62494, 0.50447, 0.18824), (0.63498, 0.53208, 0.22086), (0.64, 0.54212, 0.21835), (0.64, 0.55718, 0.24847), (0.62745, 0.53961, 0.21333), (0.62745, 0.53961, 0.21333), (0.63749, 0.53961, 0.21082), (0.64, 0.54212, 0.21835), (0.62996, 0.54212, 0.22588), (0.62745, 0.52706, 0.19576), (0.63498, 0.53961, 0.2309), (0.63498, 0.53961, 0.2309), (0.63498, 0.55467, 0.25098), (0.62996, 0.54212, 0.22588), (0.63247, 0.53208, 0.22086), (0.63247, 0.54212, 0.23592), (0.63498, 0.53208, 0.23592), (0.63498, 0.53208, 0.23592), (0.62745, 0.52706, 0.21584), (0.63247, 0.53208, 0.22086), (0.62243, 0.4869, 0.15059), (0.61992, 0.49694, 0.16816), (0.64, 0.51702, 0.19576), (0.62996, 0.50949, 0.18824), (0.64, 0.5371, 0.22086), (0.63749, 0.5622, 0.26102), (0.63749, 0.5622, 0.26102), (0.64, 0.54714, 0.24847), (0.62996, 0.50949, 0.18824), (0.62745, 0.54212, 0.23341), (0.63247, 0.51953, 0.19576), (0.63498, 0.51451, 0.19325), (0.63498, 0.51451, 0.19325), (0.63498, 0.53459, 0.22839), (0.62745, 0.54212, 0.23341), (0.62996, 0.54965, 0.24596), (0.62745, 0.52706, 0.22086), (0.63498, 0.53961, 0.2309), (0.63247, 0.512, 0.20078), (0.62494, 0.51953, 0.21584), (0.63247, 0.50447, 0.20831), (0.63247, 0.50447, 0.20831), (0.62745, 0.50196, 0.19827), (0.63247, 0.512, 0.20078), (0.61992, 0.48941, 0.15059), (0.63749, 0.5371, 0.2309), (0.62243, 0.50949, 0.18573), (0.62996, 0.53961, 0.2309), (0.63247, 0.55216, 0.25349), (0.62243, 0.52706, 0.20831), (0.62243, 0.52706, 0.20831), (0.63247, 0.53459, 0.21584), (0.62996, 0.53961, 0.2309), (0.63749, 0.55216, 0.24094), (0.62996, 0.54463, 0.22839), (0.62494, 0.51702, 0.18824), (0.62494, 0.51702, 0.18824), (0.62996, 0.52455, 0.18824), (0.63749, 0.55216, 0.24094), (0.63749, 0.52706, 0.19325), (0.63247, 0.50949, 0.18573), (0.64, 0.56471, 0.27859), (0.63749, 0.5622, 0.256), (0.64, 0.57725, 0.28612), (0.63749, 0.54965, 0.23341), (0.63749, 0.54965, 0.23341), (0.63749, 0.55216, 0.23592), (0.63749, 0.5622, 0.256), (0.62243, 0.50949, 0.18573), (0.62243, 0.49443, 0.17318), (0.61992, 0.48941, 0.15059), (0.64, 0.5622, 0.23843), (0.6149, 0.48188, 0.15059), (0.64, 0.55718, 0.24596), (0.64, 0.55718, 0.24596), (0.62996, 0.54463, 0.22839), (0.64, 0.5622, 0.23843), (0.63247, 0.55216, 0.24847), (0.64, 0.54965, 0.24345), (0.63498, 0.54714, 0.2309), (0.63498, 0.54714, 0.2309), (0.62996, 0.54965, 0.24596), (0.63247, 0.55216, 0.24847), (0.63749, 0.52706, 0.21835), (0.62996, 0.52957, 0.22337), (0.63247, 0.52204, 0.21835), (0.64, 0.53208, 0.21082), (0.63749, 0.53459, 0.21333), (0.63247, 0.54212, 0.23341), (0.63247, 0.54212, 0.23341), (0.62996, 0.52957, 0.22588), (0.64, 0.53208, 0.21082), (0.64, 0.56973, 0.27357), (0.63498, 0.55969, 0.25349), (0.62745, 0.50698, 0.14557), (0.62745, 0.50698, 0.14557), (0.63247, 0.512, 0.17067), (0.64, 0.56973, 0.27357), (0.63749, 0.5371, 0.2309), (0.64, 0.54965, 0.26353), (0.63498, 0.52455, 0.21082), (0.63498, 0.52455, 0.21082), (0.63749, 0.55969, 0.26604), (0.63749, 0.5371, 0.2309), (0.63247, 0.52204, 0.21835), (0.63749, 0.5371, 0.2309), (0.63749, 0.52706, 0.21835), (0.63749, 0.57224, 0.27357), (0.63749, 0.55969, 0.24596), (0.64, 0.56973, 0.26353), (0.64, 0.56973, 0.26353), (0.62494, 0.5371, 0.21584), (0.63749, 0.57224, 0.27357), (0.64, 0.54965, 0.24094), (0.61741, 0.54212, 0.21082), (0.63498, 0.53961, 0.22086), (0.60486, 0.47937, 0.17067), (0.60486, 0.49192, 0.16816), (0.62996, 0.54965, 0.24596), (0.64, 0.5622, 0.23843), (0.64, 0.54463, 0.21082), (0.63247, 0.55467, 0.24094), (0.63247, 0.55467, 0.24094), (0.6149, 0.48188, 0.15059), (0.64, 0.5622, 0.23843), (0.62243, 0.49443, 0.17318), (0.63247, 0.52204, 0.19325), (0.62745, 0.51953, 0.19827), (0.62996, 0.52957, 0.22337), (0.62996, 0.52455, 0.22086), (0.61992, 0.50949, 0.2058), (0.61992, 0.50949, 0.2058), (0.63247, 0.52204, 0.21835), (0.62996, 0.52957, 0.22337), (0.62745, 0.53961, 0.24847), (0.63498, 0.55467, 0.27106), (0.63247, 0.55969, 0.26604), (0.63247, 0.55969, 0.26604), (0.63247, 0.54212, 0.256), (0.62745, 0.53961, 0.24847), (0.63498, 0.53961, 0.22086), (0.63247, 0.54463, 0.21835), (0.64, 0.54965, 0.24094), (0.62745, 0.57475, 0.2811), (0.63247, 0.53459, 0.21082), (0.63749, 0.52957, 0.20078), (0.63749, 0.52957, 0.20078), (0.63749, 0.56973, 0.2811), (0.62745, 0.57475, 0.2811), (0.64, 0.5622, 0.27106), (0.63498, 0.54714, 0.24596), (0.63749, 0.5622, 0.26102), (0.63749, 0.5622, 0.26102), (0.62996, 0.54212, 0.25098), (0.64, 0.5622, 0.27106), (0.62494, 0.512, 0.19827), (0.63247, 0.53208, 0.22588), (0.61741, 0.50949, 0.18824), (0.62745, 0.52455, 0.21333), (0.63498, 0.53208, 0.21584), (0.63247, 0.52957, 0.20831), (0.63247, 0.52957, 0.20831), (0.63247, 0.51953, 0.20078), (0.62745, 0.52455, 0.21333), (0.64, 0.52957, 0.21584), (0.63498, 0.5371, 0.21835), (0.63247, 0.54463, 0.24847), (0.62745, 0.53208, 0.22337), (0.64, 0.58478, 0.27859), (0.64, 0.55718, 0.26604), (0.64, 0.55718, 0.26604), (0.63247, 0.53459, 0.2309), (0.62745, 0.53208, 0.22337), (0.63247, 0.54463, 0.24847), (0.63749, 0.54965, 0.25851), (0.64, 0.52957, 0.21584), (0.61741, 0.50949, 0.18824), (0.62243, 0.48941, 0.16816), (0.62494, 0.512, 0.19827), (0.63247, 0.52204, 0.19325), (0.64, 0.52706, 0.20329), (0.64, 0.55467, 0.23843), (0.64, 0.55467, 0.23843), (0.64, 0.55969, 0.25098), (0.63247, 0.52204, 0.19325), (0.63749, 0.55216, 0.24094), (0.63247, 0.5371, 0.22839), (0.63498, 0.5622, 0.24596), (0.63498, 0.5622, 0.24596), (0.62996, 0.55216, 0.23843), (0.63749, 0.55216, 0.24094), (0.62745, 0.51953, 0.19827), (0.61992, 0.48941, 0.15059), (0.62243, 0.49443, 0.17318), (0.63247, 0.52957, 0.20831), (0.62745, 0.5371, 0.2309), (0.63498, 0.52957, 0.22588), (0.63498, 0.52957, 0.22588), (0.60737, 0.47937, 0.15812), (0.63247, 0.52957, 0.20831), (0.63498, 0.53961, 0.22086), (0.63247, 0.52706, 0.19075), (0.63498, 0.55718, 0.24345), (0.63498, 0.55718, 0.24345), (0.63247, 0.51953, 0.20078), (0.63498, 0.53961, 0.22086), (0.61992, 0.50196, 0.17569), (0.61741, 0.49443, 0.16565), (0.62996, 0.51702, 0.19325), (0.63247, 0.55467, 0.26102), (0.64, 0.55216, 0.26604), (0.62243, 0.49694, 0.16816), (0.62243, 0.49694, 0.16816), (0.64, 0.54965, 0.23341), (0.63247, 0.55467, 0.26102), (0.62996, 0.50949, 0.18824), (0.63247, 0.55216, 0.24345), (0.60737, 0.51953, 0.20329), (0.60737, 0.51953, 0.20329), (0.62494, 0.50196, 0.18071), (0.62996, 0.50949, 0.18824), (0.63749, 0.512, 0.18322), (0.63749, 0.51451, 0.21082), (0.63247, 0.55216, 0.24345), (0.63247, 0.55216, 0.24345), (0.64, 0.54212, 0.22337), (0.63749, 0.512, 0.18322), (0.62996, 0.50949, 0.19827), (0.62996, 0.51702, 0.19325), (0.61741, 0.49443, 0.16565), (0.62996, 0.54714, 0.22337), (0.63498, 0.5622, 0.26604), (0.60988, 0.512, 0.19325), (0.60988, 0.512, 0.19325), (0.64, 0.55467, 0.23341), (0.62996, 0.54714, 0.22337), (0.63247, 0.5371, 0.22839), (0.63498, 0.55969, 0.25349), (0.62243, 0.54212, 0.23341), (0.62243, 0.54212, 0.23341), (0.63498, 0.5622, 0.24596), (0.63247, 0.5371, 0.22839), (0.62996, 0.54965, 0.24596), (0.63749, 0.53961, 0.23592), (0.60486, 0.47937, 0.17067), (0.61741, 0.49443, 0.16565), (0.62494, 0.50196, 0.17318), (0.62996, 0.50949, 0.19827), (0.62996, 0.51702, 0.19325), (0.63749, 0.51451, 0.21082), (0.61992, 0.50196, 0.17569), (0.63498, 0.52204, 0.20329), (0.63749, 0.52455, 0.21082), (0.63247, 0.52204, 0.20831), (0.62996, 0.54965, 0.25098), (0.62996, 0.52957, 0.19827), (0.63498, 0.53208, 0.21584), (0.63498, 0.53208, 0.21584), (0.62745, 0.52455, 0.21333), (0.62996, 0.54965, 0.25098), (0.63247, 0.52706, 0.19075), (0.63749, 0.52706, 0.19827), (0.63749, 0.55216, 0.24345), (0.61992, 0.49694, 0.17318), (0.62745, 0.50196, 0.18824), (0.62996, 0.50698, 0.1782), (0.62996, 0.50698, 0.1782), (0.62243, 0.49694, 0.16816), (0.61992, 0.49694, 0.17318), (0.63247, 0.52204, 0.20831), (0.63247, 0.54714, 0.23843), (0.63498, 0.52204, 0.20329), (0.62494, 0.49443, 0.15561), (0.64, 0.55467, 0.22839), (0.62494, 0.51702, 0.16816), (0.62494, 0.51702, 0.16816), (0.63749, 0.52455, 0.2058), (0.62494, 0.49443, 0.15561), (0.63247, 0.54212, 0.23592), (0.62996, 0.53459, 0.22086), (0.62745, 0.52204, 0.22086), (0.64, 0.55718, 0.22839), (0.61239, 0.52706, 0.19325), (0.63247, 0.55969, 0.24345), (0.63247, 0.55969, 0.24345), (0.63749, 0.54965, 0.22337), (0.64, 0.55718, 0.22839), (0.62745, 0.5371, 0.22839), (0.62745, 0.56471, 0.26855), (0.63749, 0.56471, 0.26353), (0.63749, 0.56471, 0.26353), (0.63247, 0.54714, 0.23592), (0.62745, 0.5371, 0.22839), (0.63498, 0.55467, 0.24596), (0.63749, 0.56471, 0.24847), (0.64, 0.54463, 0.22588), (0.64, 0.54463, 0.22588), (0.63749, 0.56471, 0.24847), (0.63498, 0.55467, 0.24596), (0.62745, 0.52204, 0.22086), (0.62996, 0.52455, 0.22086), (0.63247, 0.54212, 0.23592), (0.63749, 0.54463, 0.19325), (0.64, 0.55969, 0.25098), (0.64, 0.55216, 0.2309), (0.63749, 0.54965, 0.24847), (0.62243, 0.54714, 0.24094), (0.63498, 0.5371, 0.23341), (0.63498, 0.5371, 0.23341), (0.63498, 0.55718, 0.24345), (0.63749, 0.54965, 0.24847), (0.62996, 0.54212, 0.24094), (0.63247, 0.51953, 0.19576), (0.64, 0.53961, 0.22839), (0.64, 0.53961, 0.22839), (0.62745, 0.52957, 0.23592), (0.62996, 0.54212, 0.24094), (0.63247, 0.5371, 0.22337), (0.63498, 0.5371, 0.23341), (0.62996, 0.52957, 0.21835), (0.62996, 0.52957, 0.21835), (0.63749, 0.53459, 0.21835), (0.63247, 0.5371, 0.22337), (0.64, 0.55216, 0.2309), (0.61741, 0.52204, 0.18322), (0.63749, 0.54463, 0.19325), (0.63749, 0.54965, 0.25349), (0.62745, 0.54212, 0.2309), (0.62996, 0.53459, 0.22588), (0.62996, 0.55467, 0.26855), (0.63247, 0.54463, 0.25349), (0.62745, 0.51702, 0.1782), (0.62745, 0.51702, 0.1782), (0.63498, 0.52706, 0.20078), (0.62996, 0.55467, 0.26855), (0.63498, 0.55467, 0.24596), (0.63498, 0.5622, 0.24094), (0.62996, 0.56471, 0.26102), (0.62996, 0.54212, 0.25098), (0.63749, 0.53961, 0.21584), (0.63247, 0.55969, 0.26353), (0.63247, 0.55969, 0.26353), (0.64, 0.5622, 0.27106), (0.62996, 0.54212, 0.25098), (0.64, 0.52957, 0.21584), (0.62494, 0.52204, 0.2058), (0.61741, 0.50949, 0.18824), (0.62996, 0.53459, 0.22588), (0.63498, 0.54714, 0.25098), (0.63749, 0.54965, 0.25349), (0.62996, 0.52957, 0.22337), (0.63247, 0.54965, 0.22588), (0.62996, 0.53459, 0.21584), (0.62996, 0.56471, 0.26102), (0.63749, 0.5622, 0.256), (0.63498, 0.55467, 0.24596), (0.64, 0.55969, 0.26855), (0.62745, 0.54965, 0.256), (0.62745, 0.5371, 0.2309), (0.62745, 0.5371, 0.2309), (0.63247, 0.52957, 0.20831), (0.64, 0.55969, 0.26855), (0.62996, 0.53459, 0.21584), (0.62745, 0.52455, 0.21333), (0.62996, 0.52957, 0.22337), (0.63749, 0.54965, 0.23341), (0.64, 0.58478, 0.26855), (0.64, 0.56722, 0.256), (0.64, 0.56722, 0.256), (0.63749, 0.55216, 0.23592), (0.63749, 0.54965, 0.23341), (0.62243, 0.51953, 0.20831), (0.63247, 0.54714, 0.23843), (0.62243, 0.51702, 0.18071), (0.62243, 0.51702, 0.18071), (0.63498, 0.51702, 0.19075), (0.62243, 0.51953, 0.20831), (0.63498, 0.56722, 0.27357), (0.63749, 0.54965, 0.23341), (0.64, 0.54965, 0.24094), (0.64, 0.54965, 0.24094), (0.63498, 0.57224, 0.27357), (0.63498, 0.56722, 0.27357), (0.63498, 0.54965, 0.24094), (0.63247, 0.53459, 0.2058), (0.62996, 0.53459, 0.21584), (0.62996, 0.53459, 0.21584), (0.62996, 0.54965, 0.24596), (0.63498, 0.54965, 0.24094), (0.64, 0.55718, 0.26604), (0.64, 0.55467, 0.25349), (0.64, 0.54965, 0.24094), (0.64, 0.54965, 0.24094), (0.63498, 0.54714, 0.2309), (0.64, 0.55718, 0.26604), (0.63498, 0.56973, 0.26604), (0.64, 0.56471, 0.24847), (0.64, 0.57475, 0.26353), (0.64, 0.57475, 0.26353), (0.62996, 0.5371, 0.20329), (0.63498, 0.56973, 0.26604), (0.62745, 0.512, 0.2058), (0.64, 0.53459, 0.2309), (0.63247, 0.51953, 0.20078), (0.63247, 0.51953, 0.20078), (0.62745, 0.51451, 0.19576), (0.62745, 0.512, 0.2058), (0.63749, 0.56471, 0.26353), (0.63247, 0.5622, 0.25349), (0.62745, 0.57475, 0.2811), (0.63247, 0.54714, 0.23592), (0.64, 0.50698, 0.18573), (0.63749, 0.512, 0.19827), (0.63749, 0.512, 0.19827), (0.64, 0.54714, 0.23843), (0.63247, 0.54714, 0.23592), (0.62996, 0.53459, 0.21584), (0.64, 0.56973, 0.26855), (0.64, 0.55467, 0.24345), (0.64, 0.55467, 0.24345), (0.63247, 0.54463, 0.22839), (0.62996, 0.53459, 0.21584), (0.62996, 0.54965, 0.24596), (0.63498, 0.54714, 0.2309), (0.63247, 0.53208, 0.20078), (0.63247, 0.53208, 0.20078), (0.63749, 0.54714, 0.24094), (0.62996, 0.54965, 0.24596), (0.62996, 0.54212, 0.25098), (0.63749, 0.5622, 0.26102), (0.64, 0.56471, 0.26353), (0.63749, 0.55216, 0.24345), (0.63498, 0.55718, 0.24345), (0.63247, 0.52706, 0.19075), (0.61741, 0.50949, 0.18824), (0.63247, 0.52706, 0.22337), (0.64, 0.52957, 0.21584), (0.63749, 0.52455, 0.20078), (0.62996, 0.5371, 0.21082), (0.62243, 0.5371, 0.22839), (0.62243, 0.5371, 0.22839), (0.64, 0.54463, 0.23592), (0.63749, 0.52455, 0.20078), (0.63749, 0.52455, 0.2058), (0.63498, 0.52204, 0.20329), (0.62243, 0.50949, 0.18573), (0.62243, 0.50949, 0.18573), (0.62996, 0.52706, 0.2058), (0.63749, 0.52455, 0.2058), (0.63749, 0.54714, 0.24094), (0.62745, 0.54714, 0.23843), (0.63749, 0.54965, 0.23341), (0.63749, 0.54965, 0.23341), (0.63498, 0.56722, 0.27357), (0.63749, 0.54714, 0.24094), (0.62494, 0.50698, 0.17569), (0.62494, 0.53459, 0.23341), (0.62996, 0.52455, 0.22086), (0.63498, 0.55467, 0.24596), (0.62996, 0.55467, 0.25349), (0.64, 0.55467, 0.25349), (0.64, 0.55467, 0.25349), (0.64, 0.58478, 0.27859), (0.63498, 0.55467, 0.24596), (0.63749, 0.52706, 0.19827), (0.63247, 0.52706, 0.19075), (0.63749, 0.54463, 0.21835), (0.63749, 0.54463, 0.21835), (0.63247, 0.53208, 0.22086), (0.63749, 0.52706, 0.19827), (0.63247, 0.50949, 0.18573), (0.62494, 0.51451, 0.18071), (0.62243, 0.52455, 0.20078), (0.62243, 0.52455, 0.20078), (0.62494, 0.51702, 0.19075), (0.63247, 0.50949, 0.18573), (0.61992, 0.51953, 0.20831), (0.64, 0.56722, 0.24596), (0.63247, 0.55216, 0.24847), (0.63247, 0.55216, 0.24847), (0.63498, 0.55467, 0.24596), (0.61992, 0.51953, 0.20831), (0.63247, 0.52204, 0.20831), (0.64, 0.53459, 0.23341), (0.64, 0.5371, 0.24094), (0.64, 0.5371, 0.24094), (0.63498, 0.52706, 0.19827), (0.63247, 0.52204, 0.20831), (0.62996, 0.52455, 0.22086), (0.63247, 0.512, 0.19576), (0.62494, 0.50698, 0.17569), (0.63498, 0.52957, 0.22588), (0.63247, 0.50196, 0.19576), (0.61992, 0.49694, 0.17318), (0.61992, 0.49694, 0.17318), (0.62494, 0.51702, 0.19075), (0.63498, 0.52957, 0.22588), (0.63498, 0.5371, 0.21835), (0.64, 0.52957, 0.21584), (0.62996, 0.52204, 0.19325), (0.62996, 0.52204, 0.19325), (0.63498, 0.52455, 0.19576), (0.63498, 0.5371, 0.21835), (0.63498, 0.54714, 0.25098), (0.62996, 0.53208, 0.20329), (0.64, 0.55718, 0.24094), (0.64, 0.55718, 0.24094), (0.63749, 0.54965, 0.25349), (0.63498, 0.54714, 0.25098), (0.63749, 0.56973, 0.2811), (0.63247, 0.54965, 0.26102), (0.63498, 0.53961, 0.22588), (0.63498, 0.53961, 0.22588), (0.63498, 0.5371, 0.20831), (0.63749, 0.56973, 0.2811), (0.63749, 0.53459, 0.21333), (0.64, 0.53208, 0.21082), (0.64, 0.55216, 0.25098), (0.64, 0.55216, 0.25098), (0.64, 0.53961, 0.23592), (0.63749, 0.53459, 0.21333), (0.63749, 0.53459, 0.23843), (0.63749, 0.54463, 0.256), (0.63247, 0.51953, 0.19576), (0.63247, 0.55718, 0.256), (0.64, 0.52957, 0.22086), (0.62996, 0.5371, 0.21082), (0.62996, 0.5371, 0.21082), (0.61992, 0.5371, 0.21333), (0.63247, 0.55718, 0.256), (0.63749, 0.53961, 0.21584), (0.62996, 0.53961, 0.23341), (0.62996, 0.52957, 0.21835), (0.62996, 0.52957, 0.21835), (0.63247, 0.52204, 0.21333), (0.63749, 0.53961, 0.21584), (0.63247, 0.51953, 0.19576), (0.62745, 0.52957, 0.21082), (0.63749, 0.53459, 0.23843), (0.62996, 0.54463, 0.22839), (0.64, 0.54463, 0.22086), (0.62745, 0.50447, 0.20078), (0.64, 0.56471, 0.26353), (0.63498, 0.54965, 0.27357), (0.62996, 0.54212, 0.25098), (0.63498, 0.55969, 0.24847), (0.64, 0.56471, 0.26353), (0.64, 0.57976, 0.28361), (0.64, 0.57976, 0.28361), (0.63749, 0.57224, 0.27357), (0.63498, 0.55969, 0.24847), (0.63498, 0.5371, 0.21835), (0.63247, 0.54463, 0.22839), (0.64, 0.54965, 0.24345), (0.64, 0.54965, 0.24345), (0.62745, 0.55718, 0.24345), (0.63498, 0.5371, 0.21835), (0.63247, 0.53208, 0.22086), (0.62494, 0.51702, 0.19576), (0.62243, 0.50196, 0.19075), (0.62996, 0.50949, 0.19827), (0.62494, 0.48188, 0.1531), (0.63498, 0.54463, 0.23592), (0.64, 0.55969, 0.24847), (0.62494, 0.51702, 0.16816), (0.64, 0.55467, 0.22839), (0.64, 0.55467, 0.22839), (0.63749, 0.55216, 0.24094), (0.64, 0.55969, 0.24847), (0.63749, 0.54212, 0.23341), (0.62745, 0.49945, 0.1782), (0.62243, 0.512, 0.18322), (0.64, 0.54714, 0.25851), (0.64, 0.55969, 0.24345), (0.64, 0.5622, 0.25349), (0.64, 0.5622, 0.25349), (0.62996, 0.52957, 0.22337), (0.64, 0.54714, 0.25851), (0.62243, 0.50196, 0.19075), (0.63749, 0.52706, 0.19827), (0.63247, 0.53208, 0.22086), (0.63247, 0.54212, 0.256), (0.63247, 0.55969, 0.26604), (0.63247, 0.55216, 0.26855), (0.63247, 0.55216, 0.26855), (0.63749, 0.56471, 0.27106), (0.63247, 0.54212, 0.256), (0.63247, 0.53208, 0.22086), (0.62996, 0.51953, 0.2058), (0.62745, 0.52455, 0.21333), (0.62745, 0.52455, 0.21333), (0.63247, 0.55467, 0.24094), (0.63247, 0.53208, 0.22086), (0.62745, 0.50447, 0.20078), (0.63498, 0.52455, 0.21082), (0.62996, 0.54463, 0.22839), (0.62745, 0.57475, 0.2811), (0.63749, 0.56973, 0.2811), (0.63749, 0.56471, 0.26353), (0.63247, 0.52204, 0.20831), (0.62745, 0.49945, 0.1782), (0.64, 0.50698, 0.18573), (0.64, 0.50698, 0.18573), (0.63247, 0.54714, 0.23592), (0.63247, 0.52204, 0.20831), (0.62996, 0.55718, 0.24094), (0.64, 0.56471, 0.27106), (0.62745, 0.53961, 0.21835), (0.62745, 0.53961, 0.21835), (0.62996, 0.52957, 0.19827), (0.62996, 0.55718, 0.24094), (0.63749, 0.55969, 0.26604), (0.63498, 0.57224, 0.2811), (0.62996, 0.55467, 0.25349), (0.62996, 0.55467, 0.25349), (0.63498, 0.55467, 0.24596), (0.63749, 0.55969, 0.26604), (0.63749, 0.52957, 0.20329), (0.62494, 0.50447, 0.16314), (0.62494, 0.51702, 0.16816), (0.62494, 0.51702, 0.16816), (0.63247, 0.53961, 0.20831), (0.63749, 0.52957, 0.20329), (0.63247, 0.55216, 0.24847), (0.62745, 0.52706, 0.19576), (0.63498, 0.52706, 0.20078), (0.63498, 0.52706, 0.20078), (0.62996, 0.54965, 0.24596), (0.63247, 0.55216, 0.24847), (0.62745, 0.5371, 0.22839), (0.63498, 0.55467, 0.24596), (0.62996, 0.52957, 0.22337), (0.62996, 0.52957, 0.22337), (0.62745, 0.52455, 0.21333), (0.62745, 0.5371, 0.22839), (0.61992, 0.52957, 0.22337), (0.61992, 0.50949, 0.20078), (0.62745, 0.52706, 0.19827), (0.63498, 0.54965, 0.23341), (0.62494, 0.53961, 0.2058), (0.64, 0.54212, 0.21082), (0.64, 0.54212, 0.21082), (0.63749, 0.52706, 0.19325), (0.63498, 0.54965, 0.23341), (0.62996, 0.51702, 0.19325), (0.63498, 0.5371, 0.23341), (0.62745, 0.51702, 0.20329), (0.62745, 0.51702, 0.20329), (0.62745, 0.50447, 0.18322), (0.62996, 0.51702, 0.19325), (0.64, 0.56471, 0.26353), (0.64, 0.55718, 0.24847), (0.63749, 0.5898, 0.29365), (0.63749, 0.5898, 0.29365), (0.63498, 0.57224, 0.27357), (0.64, 0.56471, 0.26353), (0.63498, 0.53459, 0.22337), (0.64, 0.55969, 0.25098), (0.64, 0.56471, 0.26102), (0.64, 0.56471, 0.26102), (0.63749, 0.55718, 0.24847), (0.63498, 0.53459, 0.22337), (0.63247, 0.55216, 0.24345), (0.64, 0.55718, 0.24847), (0.64, 0.58478, 0.28612), (0.62745, 0.52706, 0.19827), (0.63498, 0.55467, 0.256), (0.61992, 0.52957, 0.22337), (0.62996, 0.50698, 0.18573), (0.63498, 0.5371, 0.21835), (0.64, 0.54965, 0.24094), (0.64, 0.54965, 0.24094), (0.62243, 0.512, 0.18322), (0.62996, 0.50698, 0.18573), (0.63247, 0.52455, 0.20329), (0.62996, 0.54965, 0.25098), (0.62745, 0.52455, 0.21333), (0.62745, 0.52455, 0.21333), (0.64, 0.53459, 0.2309), (0.63247, 0.52455, 0.20329), (0.63498, 0.54463, 0.23592), (0.64, 0.55718, 0.24596), (0.62996, 0.50949, 0.19827), (0.63247, 0.54212, 0.24094), (0.63247, 0.54212, 0.23341), (0.64, 0.55467, 0.24596), (0.64, 0.55467, 0.24596), (0.62996, 0.52204, 0.20078), (0.63247, 0.54212, 0.24094), (0.63498, 0.54714, 0.22086), (0.64, 0.58729, 0.29616), (0.63498, 0.55467, 0.25098), (0.63498, 0.55467, 0.25098), (0.63498, 0.53459, 0.20329), (0.63498, 0.54714, 0.22086), (0.63749, 0.52455, 0.21082), (0.63498, 0.52204, 0.20831), (0.64, 0.54463, 0.23592), (0.64, 0.54463, 0.23592), (0.62996, 0.52957, 0.22337), (0.63749, 0.52455, 0.21082), (0.63247, 0.53961, 0.24596), (0.63749, 0.54463, 0.256), (0.63749, 0.53459, 0.23843), (0.62494, 0.52455, 0.22086), (0.62243, 0.48941, 0.16816), (0.62494, 0.48188, 0.1531), (0.62494, 0.48188, 0.1531), (0.62243, 0.48941, 0.16816), (0.61992, 0.51953, 0.18824), (0.61992, 0.51953, 0.18824), (0.63498, 0.54463, 0.23592), (0.62494, 0.48188, 0.1531), (0.63749, 0.53459, 0.23843), (0.64, 0.54965, 0.24847), (0.63247, 0.53961, 0.24596), (0.63749, 0.54965, 0.24847), (0.63749, 0.53961, 0.24094), (0.63498, 0.5371, 0.23341), (0.63498, 0.5371, 0.23341), (0.62243, 0.54714, 0.24094), (0.63749, 0.54965, 0.24847), (0.62494, 0.48188, 0.1531), (0.64, 0.55969, 0.24847), (0.62494, 0.52455, 0.22086), (0.63749, 0.55216, 0.24094), (0.64, 0.55969, 0.26855), (0.63498, 0.55216, 0.26102), (0.63749, 0.54714, 0.24094), (0.63247, 0.53459, 0.2309), (0.64, 0.55969, 0.24847), (0.64, 0.55969, 0.24847), (0.64, 0.56973, 0.26855), (0.63749, 0.54714, 0.24094), (0.62996, 0.54965, 0.25098), (0.63749, 0.53961, 0.24094), (0.64, 0.54463, 0.22086), (0.64, 0.54463, 0.22086), (0.64, 0.55216, 0.24345), (0.62996, 0.54965, 0.25098), (0.63749, 0.53961, 0.23592), (0.62996, 0.50447, 0.19576), (0.63498, 0.50698, 0.19325), (0.63749, 0.57475, 0.27859), (0.64, 0.54463, 0.23341), (0.62243, 0.512, 0.19827), (0.61992, 0.49694, 0.17318), (0.62243, 0.49694, 0.16816), (0.62494, 0.51702, 0.19075), (0.63498, 0.51953, 0.21333), (0.63749, 0.512, 0.19827), (0.62243, 0.48439, 0.16063), (0.62243, 0.512, 0.18322), (0.64, 0.54965, 0.24094), (0.63749, 0.54212, 0.23341), (0.62996, 0.54212, 0.24596), (0.62494, 0.52957, 0.22086), (0.63749, 0.52455, 0.21082), (0.62494, 0.51451, 0.18071), (0.64, 0.54212, 0.2309), (0.63247, 0.50447, 0.18322), (0.62996, 0.55718, 0.24094), (0.63247, 0.50447, 0.18322), (0.64, 0.54463, 0.2309), (0.63749, 0.52455, 0.20078), (0.64, 0.55969, 0.256), (0.62996, 0.5371, 0.21082), (0.63498, 0.50698, 0.19325), (0.62243, 0.50447, 0.1782), (0.63749, 0.53961, 0.23592), (0.64, 0.56722, 0.25851), (0.62996, 0.53459, 0.21584), (0.62996, 0.54965, 0.24596), (0.62996, 0.54965, 0.24596), (0.64, 0.54463, 0.21082), (0.64, 0.56722, 0.25851), (0.62494, 0.52455, 0.19576), (0.63498, 0.53961, 0.22086), (0.61741, 0.54212, 0.21082), (0.61741, 0.54212, 0.21082), (0.62745, 0.50196, 0.17318), (0.62494, 0.52455, 0.19576), (0.63247, 0.56973, 0.27106), (0.63749, 0.53961, 0.21584), (0.64, 0.54212, 0.22086), (0.64, 0.54212, 0.22086), (0.63498, 0.55969, 0.25349), (0.63247, 0.56973, 0.27106), (0.62494, 0.52204, 0.20078), (0.63498, 0.5371, 0.23341), (0.62745, 0.51702, 0.18322), (0.62745, 0.51702, 0.18322), (0.63749, 0.53208, 0.19075), (0.62494, 0.52204, 0.20078), (0.63749, 0.5898, 0.29365), (0.63749, 0.54463, 0.21835), (0.62745, 0.52706, 0.19576), (0.62745, 0.52706, 0.19576), (0.63247, 0.55216, 0.24847), (0.63749, 0.5898, 0.29365), (0.63749, 0.54714, 0.23843), (0.63247, 0.54714, 0.23592), (0.63247, 0.55718, 0.24596), (0.63247, 0.55718, 0.24596), (0.64, 0.55969, 0.256), (0.63749, 0.54714, 0.23843), (0.62494, 0.49443, 0.15561), (0.63498, 0.51451, 0.19325), (0.63247, 0.512, 0.17067), (0.63247, 0.512, 0.17067), (0.62745, 0.50698, 0.14557), (0.62494, 0.49443, 0.15561), (0.63498, 0.55216, 0.26102), (0.62745, 0.54212, 0.22588), (0.63749, 0.55216, 0.24094), (0.62243, 0.512, 0.20329), (0.62996, 0.55718, 0.24094), (0.63247, 0.52957, 0.21835), (0.63247, 0.52957, 0.21835), (0.62996, 0.51451, 0.21333), (0.62243, 0.512, 0.20329), (0.64, 0.55969, 0.256), (0.62243, 0.49694, 0.16816), (0.62996, 0.50698, 0.1782), (0.62996, 0.50698, 0.1782), (0.63247, 0.51702, 0.17067), (0.64, 0.55969, 0.256), (0.63247, 0.55216, 0.24345), (0.62745, 0.54212, 0.2309), (0.63247, 0.54463, 0.21835), (0.63247, 0.53208, 0.22086), (0.63498, 0.54463, 0.23843), (0.63749, 0.55216, 0.24345), (0.63247, 0.52957, 0.21835), (0.64, 0.54212, 0.23843), (0.64, 0.55969, 0.256), (0.62494, 0.50196, 0.17318), (0.62243, 0.49694, 0.16816), (0.64, 0.55216, 0.26604), (0.62996, 0.53459, 0.21584), (0.62996, 0.53961, 0.2309), (0.63749, 0.53961, 0.23592), (0.63749, 0.53961, 0.23592), (0.62996, 0.54965, 0.24596), (0.62996, 0.53459, 0.21584), (0.62494, 0.5371, 0.24094), (0.62745, 0.53459, 0.20831), (0.63749, 0.54714, 0.24094), (0.63749, 0.54714, 0.24094), (0.63498, 0.5371, 0.23341), (0.62494, 0.5371, 0.24094), (0.64, 0.55969, 0.256), (0.63247, 0.55718, 0.256), (0.63247, 0.52957, 0.21835), (0.63749, 0.55216, 0.24345), (0.63749, 0.54714, 0.24094), (0.63247, 0.53208, 0.22086), (0.63498, 0.55467, 0.25098), (0.63498, 0.55467, 0.256), (0.63498, 0.53459, 0.20329), (0.61992, 0.48941, 0.15059), (0.62996, 0.49694, 0.17067), (0.63749, 0.5371, 0.2309), (0.63749, 0.52455, 0.21082), (0.63749, 0.53208, 0.22839), (0.62996, 0.54212, 0.24596), (0.63749, 0.56471, 0.27106), (0.62996, 0.53961, 0.2309), (0.62996, 0.54965, 0.24094), (0.63498, 0.52455, 0.19576), (0.62243, 0.48439, 0.16063), (0.63498, 0.512, 0.18824), (0.62745, 0.50196, 0.17318), (0.62996, 0.49192, 0.17318), (0.63498, 0.55467, 0.25098), (0.62243, 0.51953, 0.20329), (0.63749, 0.5371, 0.2309), (0.64, 0.54212, 0.2309), (0.64, 0.54212, 0.2309), (0.60235, 0.47686, 0.14808), (0.62243, 0.51953, 0.20329), (0.63498, 0.53459, 0.20329), (0.62996, 0.52706, 0.2058), (0.62243, 0.52957, 0.20329), (0.62243, 0.52957, 0.20329), (0.62745, 0.53961, 0.21835), (0.63498, 0.53459, 0.20329), (0.63498, 0.53459, 0.22337), (0.63498, 0.52455, 0.22086), (0.63247, 0.52706, 0.19075), (0.63247, 0.52706, 0.19075), (0.64, 0.52204, 0.20078), (0.63498, 0.53459, 0.22337), (0.63247, 0.54463, 0.21835), (0.62996, 0.53961, 0.19827), (0.63247, 0.55216, 0.24345), (0.64, 0.55467, 0.23341), (0.64, 0.53208, 0.19827), (0.63498, 0.5622, 0.26604), (0.63498, 0.5622, 0.26604), (0.63498, 0.55467, 0.25098), (0.64, 0.55467, 0.23341), (0.64, 0.56973, 0.256), (0.63749, 0.55718, 0.25349), (0.64, 0.57725, 0.2811), (0.64, 0.57725, 0.2811), (0.63247, 0.53961, 0.20831), (0.64, 0.56973, 0.256), (0.63247, 0.54965, 0.22588), (0.63247, 0.5371, 0.22337), (0.63247, 0.52455, 0.19827), (0.63498, 0.51702, 0.19075), (0.62494, 0.49945, 0.17067), (0.62745, 0.49443, 0.16314), (0.62745, 0.49443, 0.16314), (0.63498, 0.52204, 0.20329), (0.63498, 0.51702, 0.19075), (0.63498, 0.54212, 0.24847), (0.63749, 0.52706, 0.21333), (0.63749, 0.54965, 0.24847), (0.63247, 0.54965, 0.22086), (0.63247, 0.51702, 0.17067), (0.63749, 0.52706, 0.19827), (0.62996, 0.50698, 0.1782), (0.62745, 0.50196, 0.18824), (0.63498, 0.53208, 0.22086), (0.64, 0.55216, 0.26604), (0.62996, 0.50949, 0.19827), (0.62494, 0.50196, 0.17318), (0.62996, 0.54965, 0.24094), (0.63247, 0.54212, 0.256), (0.63749, 0.56471, 0.27106), (0.64, 0.58478, 0.28612), (0.63247, 0.55467, 0.24094), (0.63247, 0.55216, 0.24345), (0.63498, 0.55467, 0.24596), (0.63247, 0.54965, 0.22086), (0.63749, 0.52706, 0.19827), (0.63498, 0.53459, 0.2058), (0.62996, 0.53208, 0.20329), (0.64, 0.53961, 0.23592), (0.62243, 0.512, 0.19827), (0.64, 0.57976, 0.2811), (0.63749, 0.57475, 0.27859), (0.63247, 0.54212, 0.23341), (0.62745, 0.53208, 0.21835), (0.63498, 0.53459, 0.20329), (0.63498, 0.54463, 0.24345), (0.64, 0.53961, 0.21082), (0.64, 0.56471, 0.27859), (0.62243, 0.51702, 0.21333), (0.63247, 0.52455, 0.19576), (0.62745, 0.53208, 0.22337), (0.63247, 0.53961, 0.20831), (0.64, 0.57725, 0.2811), (0.63749, 0.52957, 0.20329), (0.63498, 0.52957, 0.22588), (0.62243, 0.512, 0.20329), (0.63498, 0.52455, 0.19576), (0.63498, 0.53459, 0.20329), (0.64, 0.55216, 0.25098), (0.63247, 0.54212, 0.23341), (0.64, 0.53961, 0.23592), (0.64, 0.55216, 0.25098), (0.63498, 0.53459, 0.2058), (0.62996, 0.52455, 0.22086), (0.62996, 0.52706, 0.21082), (0.63247, 0.53459, 0.2309), (0.63247, 0.53459, 0.2309), (0.63498, 0.52455, 0.21584), (0.62996, 0.52455, 0.22086), (0.63498, 0.53961, 0.22086), (0.63749, 0.52706, 0.19325), (0.62494, 0.52455, 0.18824), (0.62494, 0.52455, 0.18824), (0.64, 0.54463, 0.23592), (0.63498, 0.53961, 0.22086), (0.64, 0.57475, 0.26604), (0.63247, 0.5622, 0.25349), (0.63498, 0.55467, 0.24596), (0.62996, 0.52706, 0.2058), (0.63498, 0.52455, 0.19576), (0.62494, 0.52957, 0.22086), (0.62494, 0.52957, 0.22086), (0.62243, 0.52957, 0.20329), (0.62996, 0.52706, 0.2058), (0.63498, 0.55467, 0.24596), (0.63247, 0.55216, 0.24847), (0.64, 0.57475, 0.26604), (0.62996, 0.5371, 0.21082), (0.63498, 0.54965, 0.23341), (0.64, 0.56471, 0.27859), (0.63247, 0.53208, 0.22588), (0.63749, 0.55216, 0.24345), (0.63498, 0.53208, 0.22086), (0.63498, 0.53208, 0.22086), (0.63749, 0.54463, 0.21835), (0.63247, 0.53208, 0.22588), (0.62745, 0.48439, 0.16063), (0.62996, 0.50949, 0.19827), (0.64, 0.55718, 0.24596), (0.64, 0.55718, 0.24596), (0.63498, 0.53459, 0.20329), (0.62745, 0.48439, 0.16063), (0.63247, 0.52706, 0.22337), (0.63749, 0.52957, 0.20078), (0.63498, 0.53208, 0.21584), (0.63498, 0.53208, 0.21584), (0.62745, 0.53208, 0.21333), (0.63247, 0.52706, 0.22337), (0.62996, 0.53208, 0.23341), (0.63498, 0.54463, 0.23843), (0.62494, 0.54463, 0.24596), (0.64, 0.52455, 0.21835), (0.62996, 0.51953, 0.2058), (0.62243, 0.52204, 0.21584), (0.62243, 0.52204, 0.21584), (0.63749, 0.55718, 0.24847), (0.64, 0.52455, 0.21835), (0.62494, 0.54463, 0.24596), (0.63498, 0.53961, 0.2309), (0.62996, 0.53208, 0.23341), (0.64, 0.56471, 0.27859), (0.64, 0.53961, 0.21082), (0.62996, 0.5371, 0.21082), (0.63498, 0.52455, 0.21082), (0.63498, 0.52204, 0.20329), (0.63749, 0.52455, 0.2058), (0.63498, 0.51702, 0.19075), (0.62996, 0.51451, 0.20831), (0.62494, 0.49945, 0.17067), (0.64, 0.54463, 0.21082), (0.62996, 0.54965, 0.24596), (0.60486, 0.49192, 0.16816), (0.60486, 0.49192, 0.16816), (0.63247, 0.55467, 0.24094), (0.64, 0.54463, 0.21082), (0.64, 0.56973, 0.27357), (0.63247, 0.52706, 0.22588), (0.64, 0.56722, 0.26604), (0.62745, 0.54212, 0.2309), (0.63247, 0.52204, 0.19325), (0.63498, 0.51451, 0.17318), (0.62745, 0.51953, 0.19827), (0.62745, 0.50447, 0.17569), (0.61992, 0.48941, 0.15059), (0.63749, 0.54212, 0.22839), (0.64, 0.56722, 0.26102), (0.63749, 0.5622, 0.256), (0.63749, 0.54212, 0.22839), (0.63247, 0.52455, 0.20329), (0.62494, 0.49945, 0.17067), (0.62745, 0.52455, 0.21333), (0.63247, 0.52957, 0.21835), (0.63247, 0.55718, 0.256), (0.63247, 0.55718, 0.256), (0.64, 0.55969, 0.256), (0.62745, 0.52455, 0.21333), (0.6149, 0.49192, 0.16314), (0.61992, 0.50196, 0.17569), (0.63749, 0.51451, 0.21082), (0.63749, 0.51451, 0.21082), (0.63247, 0.52204, 0.21835), (0.6149, 0.49192, 0.16314), (0.63247, 0.52455, 0.19827), (0.62996, 0.53459, 0.21584), (0.63247, 0.54965, 0.22588), (0.62494, 0.50196, 0.18071), (0.62243, 0.49443, 0.17569), (0.62996, 0.54965, 0.24094), (0.62996, 0.54965, 0.24094), (0.62996, 0.53961, 0.2309), (0.62494, 0.50196, 0.18071), (0.63498, 0.51451, 0.17318), (0.62996, 0.50949, 0.16816), (0.62745, 0.54212, 0.2309), (0.63749, 0.54965, 0.24847), (0.63247, 0.54463, 0.22839), (0.63498, 0.54212, 0.24847), (0.62996, 0.53459, 0.22588), (0.62996, 0.50698, 0.18573), (0.62243, 0.512, 0.18322), (0.62243, 0.512, 0.18322), (0.63498, 0.54463, 0.23592), (0.62996, 0.53459, 0.22588), (0.63749, 0.52706, 0.19827), (0.61992, 0.51953, 0.20831), (0.63498, 0.55467, 0.24596), (0.62243, 0.54965, 0.24847), (0.63749, 0.54714, 0.24094), (0.63749, 0.55216, 0.24345), (0.63749, 0.55216, 0.24345), (0.63247, 0.53208, 0.22588), (0.62243, 0.54965, 0.24847), (0.64, 0.56722, 0.25349), (0.63247, 0.52455, 0.19827), (0.62996, 0.5371, 0.20329), (0.62494, 0.50196, 0.1782), (0.62745, 0.48188, 0.16565), (0.63247, 0.55216, 0.24847), (0.63498, 0.57976, 0.27859), (0.63498, 0.5622, 0.26604), (0.63749, 0.56722, 0.25851), (0.63247, 0.55467, 0.24094), (0.62745, 0.52455, 0.21333), (0.64, 0.55969, 0.256), (0.64, 0.55969, 0.256), (0.63247, 0.55216, 0.24345), (0.63247, 0.55467, 0.24094), (0.64, 0.55216, 0.24345), (0.62996, 0.54463, 0.22839), (0.62745, 0.5371, 0.22839), (0.63749, 0.53961, 0.24094), (0.63749, 0.52706, 0.21333), (0.62745, 0.52455, 0.20831), (0.62745, 0.52455, 0.20831), (0.63749, 0.53459, 0.22337), (0.63749, 0.53961, 0.24094), (0.61992, 0.50949, 0.2058), (0.62996, 0.52455, 0.22086), (0.62494, 0.53459, 0.23341), (0.62494, 0.53459, 0.23341), (0.63749, 0.5371, 0.2309), (0.61992, 0.50949, 0.2058), (0.62996, 0.5371, 0.20329), (0.64, 0.57475, 0.26353), (0.64, 0.56722, 0.25349), (0.64, 0.53208, 0.21082), (0.63247, 0.52204, 0.20831), (0.63247, 0.54212, 0.23341), (0.63247, 0.54212, 0.23341), (0.64, 0.55216, 0.25098), (0.64, 0.53208, 0.21082), (0.62745, 0.5371, 0.22839), (0.63247, 0.53208, 0.20329), (0.64, 0.55216, 0.24345), (0.63498, 0.53961, 0.22086), (0.62494, 0.51451, 0.18573), (0.62494, 0.50196, 0.18071), (0.62494, 0.50196, 0.18071), (0.62996, 0.49192, 0.17318), (0.63498, 0.53961, 0.22086), (0.63247, 0.53459, 0.2309), (0.63247, 0.53208, 0.22086), (0.63749, 0.54714, 0.24094), (0.63749, 0.54714, 0.24094), (0.63749, 0.54212, 0.23341), (0.63247, 0.53459, 0.2309), (0.63498, 0.5371, 0.21835), (0.62494, 0.52455, 0.19576), (0.63749, 0.55216, 0.24094), (0.63247, 0.54212, 0.24094), (0.63247, 0.55216, 0.24847), (0.62996, 0.51451, 0.20831), (0.63749, 0.52455, 0.21082), (0.62243, 0.50196, 0.16565), (0.61992, 0.52204, 0.20329), (0.61992, 0.52204, 0.20329), (0.61992, 0.52957, 0.22086), (0.63749, 0.52455, 0.21082), (0.63749, 0.55216, 0.24094), (0.63498, 0.53961, 0.22086), (0.63498, 0.5371, 0.21835), (0.64, 0.56722, 0.26604), (0.63498, 0.54965, 0.23843), (0.64, 0.56973, 0.27357), (0.63749, 0.54714, 0.23843), (0.64, 0.55969, 0.256), (0.63247, 0.55216, 0.24345), (0.63247, 0.55216, 0.24345), (0.63247, 0.53459, 0.21584), (0.63749, 0.54714, 0.23843), (0.63498, 0.55969, 0.25349), (0.63247, 0.5371, 0.22839), (0.62996, 0.53459, 0.20078), (0.62996, 0.53459, 0.20078), (0.62745, 0.50698, 0.14557), (0.63498, 0.55969, 0.25349), (0.63749, 0.55718, 0.25349), (0.62996, 0.55216, 0.23843), (0.64, 0.56973, 0.26855), (0.64, 0.56973, 0.26855), (0.63498, 0.55467, 0.24596), (0.63749, 0.55718, 0.25349), (0.63498, 0.55467, 0.256), (0.63498, 0.55467, 0.25098), (0.62996, 0.49192, 0.17318), (0.62996, 0.49192, 0.17318), (0.62494, 0.50196, 0.18071), (0.63498, 0.55467, 0.256), (0.63247, 0.52204, 0.21835), (0.63749, 0.51451, 0.21082), (0.63749, 0.51953, 0.22337), (0.62243, 0.52204, 0.19075), (0.62996, 0.56471, 0.26102), (0.64, 0.54212, 0.21082), (0.63749, 0.55718, 0.24847), (0.62243, 0.52204, 0.21584), (0.64, 0.55467, 0.25851), (0.64, 0.55467, 0.25851), (0.63247, 0.53459, 0.2309), (0.63749, 0.55718, 0.24847), (0.62243, 0.512, 0.18322), (0.62745, 0.49945, 0.1782), (0.63498, 0.54463, 0.23592), (0.64, 0.54463, 0.2309), (0.62996, 0.53961, 0.2309), (0.62996, 0.53459, 0.21584), (0.62745, 0.48188, 0.16565), (0.62494, 0.50196, 0.1782), (0.64, 0.54212, 0.2058), (0.64, 0.54212, 0.2058), (0.64, 0.54463, 0.21082), (0.62745, 0.48188, 0.16565), (0.63247, 0.52455, 0.19827), (0.63247, 0.5371, 0.22337), (0.63749, 0.53459, 0.21835), (0.63749, 0.53459, 0.21835), (0.62494, 0.52706, 0.19827), (0.63247, 0.52455, 0.19827), (0.62745, 0.53208, 0.22337), (0.63749, 0.53961, 0.22086), (0.64, 0.58478, 0.27859), (0.63749, 0.53961, 0.22086), (0.63247, 0.52204, 0.20831), (0.63498, 0.52706, 0.19827), (0.64, 0.5371, 0.24094), (0.64, 0.55467, 0.24596), (0.63498, 0.52706, 0.19827), (0.63749, 0.5622, 0.256), (0.63247, 0.52455, 0.20329), (0.63749, 0.54212, 0.22839), (0.63498, 0.52455, 0.21082), (0.62996, 0.53459, 0.22588), (0.63498, 0.51702, 0.19075), (0.63498, 0.51702, 0.19075), (0.63498, 0.52204, 0.20329), (0.63498, 0.52455, 0.21082), (0.62996, 0.53459, 0.21584), (0.64, 0.54463, 0.23592), (0.64, 0.54463, 0.2309), (0.63498, 0.53459, 0.2309), (0.62745, 0.50949, 0.18322), (0.63247, 0.55467, 0.24094), (0.63247, 0.55467, 0.24094), (0.63749, 0.54212, 0.22337), (0.63498, 0.53459, 0.2309), (0.63247, 0.53459, 0.21584), (0.63749, 0.54965, 0.24847), (0.62745, 0.52455, 0.21333), (0.62745, 0.52455, 0.21333), (0.62996, 0.53208, 0.22839), (0.63247, 0.53459, 0.21584), (0.62996, 0.50447, 0.17067), (0.63749, 0.49443, 0.17067), (0.64, 0.54714, 0.22086), (0.64, 0.54714, 0.22086), (0.63498, 0.5371, 0.21835), (0.62996, 0.50447, 0.17067), (0.62745, 0.50196, 0.19325), (0.62243, 0.49945, 0.17569), (0.62996, 0.50447, 0.19075), (0.62996, 0.50447, 0.19075), (0.62494, 0.50196, 0.18071), (0.62745, 0.50196, 0.19325), (0.64, 0.54212, 0.21082), (0.62996, 0.56471, 0.26102), (0.63498, 0.5622, 0.24094), (0.63498, 0.5622, 0.24094), (0.62745, 0.54212, 0.22588), (0.64, 0.54212, 0.21082), (0.63749, 0.52455, 0.21082), (0.63247, 0.52706, 0.22337), (0.63247, 0.53208, 0.22588), (0.63247, 0.53208, 0.22588), (0.62996, 0.51953, 0.2058), (0.63749, 0.52455, 0.21082), (0.62494, 0.52455, 0.22086), (0.62996, 0.51953, 0.2058), (0.63247, 0.53208, 0.22588), (0.63247, 0.53208, 0.22588), (0.62494, 0.512, 0.19827), (0.62494, 0.52455, 0.22086), (0.63749, 0.56722, 0.25851), (0.64, 0.56722, 0.27106), (0.63498, 0.57976, 0.27859), (0.63247, 0.55216, 0.24847), (0.63247, 0.53459, 0.2309), (0.62494, 0.50196, 0.1782), (0.62996, 0.52455, 0.22086), (0.64, 0.55467, 0.27859), (0.64, 0.54965, 0.26353), (0.64, 0.54965, 0.26353), (0.63749, 0.5371, 0.2309), (0.62996, 0.52455, 0.22086), (0.63498, 0.54714, 0.24596), (0.62996, 0.53961, 0.2309), (0.63247, 0.56973, 0.27357), (0.62243, 0.48941, 0.16816), (0.61741, 0.50949, 0.18824), (0.62494, 0.52204, 0.2058), (0.62494, 0.52204, 0.2058), (0.64, 0.5371, 0.22086), (0.62243, 0.48941, 0.16816), (0.63498, 0.52957, 0.22588), (0.62745, 0.52706, 0.22086), (0.63749, 0.54714, 0.23843), (0.63247, 0.56973, 0.27357), (0.62745, 0.52706, 0.22337), (0.63498, 0.54714, 0.24596), (0.63749, 0.52455, 0.20078), (0.62494, 0.51702, 0.19075), (0.62243, 0.49694, 0.16816), (0.62243, 0.49694, 0.16816), (0.64, 0.55969, 0.256), (0.63749, 0.52455, 0.20078), (0.62996, 0.53459, 0.22588), (0.63749, 0.56722, 0.25851), (0.63749, 0.52455, 0.20078), (0.63749, 0.52455, 0.20078), (0.63498, 0.51702, 0.19075), (0.62996, 0.53459, 0.22588), (0.63247, 0.53208, 0.22086), (0.63749, 0.53961, 0.24094), (0.62996, 0.51953, 0.2058), (0.63749, 0.53961, 0.24094), (0.63749, 0.54965, 0.24847), (0.63749, 0.52706, 0.21333), (0.63498, 0.54212, 0.24847), (0.63247, 0.53208, 0.22839), (0.63749, 0.52706, 0.21333), (0.63247, 0.55216, 0.24847), (0.63498, 0.56471, 0.256), (0.64, 0.56722, 0.26102), (0.64, 0.56722, 0.26102), (0.63749, 0.54212, 0.22839), (0.63247, 0.55216, 0.24847), (0.62243, 0.54714, 0.24094), (0.63247, 0.54463, 0.22839), (0.63749, 0.54965, 0.24847), (0.63498, 0.53459, 0.2309), (0.63247, 0.52706, 0.22588), (0.62745, 0.49192, 0.15561), (0.62745, 0.49192, 0.15561), (0.63498, 0.49945, 0.16314), (0.63498, 0.53459, 0.2309), (0.63498, 0.54463, 0.23843), (0.63498, 0.55467, 0.24596), (0.64, 0.54714, 0.25851), (0.64, 0.54714, 0.25851), (0.64, 0.55216, 0.26102), (0.63498, 0.54463, 0.23843), (0.63749, 0.51953, 0.22337), (0.62745, 0.51953, 0.19827), (0.63247, 0.52204, 0.21835), (0.62243, 0.50196, 0.16565), (0.63498, 0.51451, 0.17318), (0.63247, 0.52204, 0.19325), (0.63247, 0.52204, 0.19325), (0.61992, 0.52204, 0.20329), (0.62243, 0.50196, 0.16565), (0.63749, 0.54965, 0.24847), (0.63749, 0.5622, 0.256), (0.62996, 0.56471, 0.26102), (0.62996, 0.56471, 0.26102), (0.62243, 0.52204, 0.19075), (0.63749, 0.54965, 0.24847), (0.64, 0.54212, 0.21082), (0.63498, 0.55969, 0.25349), (0.62243, 0.52204, 0.19075), (0.62243, 0.49443, 0.17569), (0.62494, 0.50196, 0.18071), (0.64, 0.5371, 0.24094), (0.64, 0.5371, 0.24094), (0.63247, 0.52706, 0.22588), (0.62243, 0.49443, 0.17569), (0.63498, 0.53961, 0.22086), (0.63247, 0.55216, 0.24345), (0.62996, 0.54212, 0.22588), (0.62996, 0.54212, 0.22588), (0.63498, 0.5371, 0.21835), (0.63498, 0.53961, 0.22086), (0.63247, 0.54965, 0.22588), (0.62996, 0.52957, 0.22337), (0.62494, 0.54714, 0.22839), (0.62494, 0.54714, 0.22839), (0.61992, 0.52957, 0.22337), (0.63247, 0.54965, 0.22588), (0.63498, 0.55718, 0.24345), (0.63247, 0.55467, 0.24094), (0.64, 0.58478, 0.28612), (0.64, 0.58478, 0.28612), (0.64, 0.56471, 0.26353), (0.63498, 0.55718, 0.24345), (0.63749, 0.54714, 0.23843), (0.64, 0.56722, 0.24596), (0.63498, 0.52957, 0.22588), (0.63247, 0.52455, 0.20329), (0.63749, 0.54212, 0.23341), (0.63247, 0.52204, 0.20831), (0.63247, 0.52204, 0.20831), (0.63749, 0.53961, 0.22086), (0.63247, 0.52455, 0.20329), (0.61992, 0.50949, 0.2058), (0.62494, 0.512, 0.19827), (0.62996, 0.52706, 0.21082), (0.63749, 0.54714, 0.26102), (0.62996, 0.54965, 0.25098), (0.64, 0.55216, 0.24345), (0.64, 0.55216, 0.24345), (0.63247, 0.53459, 0.21584), (0.63749, 0.54714, 0.26102), (0.62996, 0.50196, 0.18071), (0.62996, 0.52957, 0.22337), (0.64, 0.54463, 0.23592), (0.63247, 0.52706, 0.22588), (0.64, 0.56973, 0.27357), (0.63247, 0.512, 0.17067), (0.63247, 0.512, 0.17067), (0.62745, 0.49192, 0.15561), (0.63247, 0.52706, 0.22588), (0.62996, 0.53961, 0.2309), (0.62996, 0.54965, 0.25098), (0.63498, 0.54714, 0.24596), (0.62996, 0.50698, 0.18322), (0.62996, 0.51702, 0.19325), (0.62996, 0.50949, 0.19827), (0.62996, 0.50949, 0.19827), (0.63749, 0.53208, 0.22839), (0.62996, 0.50698, 0.18322), (0.64, 0.54463, 0.23592), (0.62243, 0.50447, 0.1782), (0.62996, 0.50196, 0.18071), (0.62996, 0.52706, 0.21082), (0.63247, 0.52204, 0.21835), (0.61992, 0.50949, 0.2058), (0.62996, 0.52706, 0.2058), (0.63749, 0.52957, 0.20078), (0.64, 0.56722, 0.26604), (0.63247, 0.52957, 0.20831), (0.63749, 0.56722, 0.29114), (0.63498, 0.55216, 0.26102), (0.62243, 0.53208, 0.22337), (0.63247, 0.52957, 0.23341), (0.62745, 0.52455, 0.22839), (0.63498, 0.5371, 0.21835), (0.64, 0.56471, 0.26353), (0.63247, 0.54463, 0.22839), (0.64, 0.54463, 0.25098), (0.62745, 0.52455, 0.22839), (0.63247, 0.51702, 0.21584), (0.63749, 0.54212, 0.23341), (0.63247, 0.52455, 0.20329), (0.62745, 0.49945, 0.1782), (0.62745, 0.55718, 0.24345), (0.64, 0.56471, 0.25349), (0.62996, 0.55216, 0.23843), (0.62996, 0.55216, 0.23843), (0.63498, 0.55216, 0.22337), (0.62745, 0.55718, 0.24345), (0.63498, 0.55467, 0.24596), (0.62745, 0.5371, 0.22839), (0.62996, 0.55216, 0.23843), (0.62996, 0.55216, 0.23843), (0.62243, 0.54463, 0.2309), (0.63498, 0.55467, 0.24596), (0.63498, 0.55216, 0.26102), (0.64, 0.55969, 0.26855), (0.63247, 0.52957, 0.20831), (0.62494, 0.54714, 0.22839), (0.62996, 0.52957, 0.22337), (0.63498, 0.55467, 0.24596), (0.63498, 0.55467, 0.24596), (0.64, 0.57224, 0.27608), (0.62494, 0.54714, 0.22839), (0.63498, 0.51702, 0.19075), (0.63498, 0.5371, 0.20831), (0.64, 0.55718, 0.24847), (0.63749, 0.54212, 0.23341), (0.64, 0.53459, 0.23341), (0.63247, 0.52204, 0.20831), (0.62996, 0.53961, 0.2309), (0.62996, 0.52204, 0.19325), (0.64, 0.52957, 0.21584), (0.64, 0.52957, 0.21584), (0.63749, 0.54965, 0.25851), (0.63498, 0.5371, 0.21835), (0.63498, 0.55969, 0.24847), (0.63498, 0.57224, 0.27357), (0.63749, 0.54965, 0.24847), (0.63498, 0.55969, 0.24847), (0.63749, 0.57224, 0.27357), (0.64, 0.55467, 0.24596), (0.63749, 0.54212, 0.22839), (0.64, 0.55718, 0.24847), (0.64, 0.56471, 0.26353), (0.62243, 0.53208, 0.22337), (0.63247, 0.512, 0.19576), (0.63749, 0.54212, 0.22839), (0.62996, 0.52706, 0.2058), (0.62745, 0.52706, 0.19827), (0.61992, 0.50949, 0.20078), (0.61992, 0.50949, 0.20078), (0.63498, 0.54714, 0.2309), (0.62996, 0.52706, 0.2058), (0.63498, 0.52706, 0.19827), (0.64, 0.55467, 0.24596), (0.63749, 0.56973, 0.2811), (0.63749, 0.56973, 0.2811), (0.63749, 0.52957, 0.20078), (0.63498, 0.52706, 0.19827), (0.64, 0.55216, 0.256), (0.62745, 0.54212, 0.23341), (0.64, 0.54965, 0.24094), (0.64, 0.54965, 0.24094), (0.64, 0.54463, 0.25098), (0.64, 0.55216, 0.256), (0.62494, 0.50196, 0.18071), (0.60737, 0.51953, 0.20329), (0.62243, 0.5371, 0.22588), (0.62243, 0.5371, 0.22588), (0.63498, 0.50698, 0.18824), (0.62494, 0.50196, 0.18071), (0.64, 0.56722, 0.26604), (0.63247, 0.55216, 0.26855), (0.62996, 0.52706, 0.2058), (0.63749, 0.53961, 0.21082), (0.64, 0.54212, 0.21082), (0.62494, 0.53961, 0.2058), (0.61992, 0.52957, 0.22337), (0.62494, 0.54714, 0.22839), (0.62996, 0.52204, 0.19576), (0.62996, 0.52204, 0.19576), (0.62745, 0.51702, 0.20329), (0.61992, 0.52957, 0.22337), (0.62243, 0.49945, 0.17569), (0.63247, 0.53208, 0.22839), (0.62996, 0.52455, 0.22086), (0.62996, 0.52455, 0.22086), (0.62996, 0.50447, 0.19075), (0.62243, 0.49945, 0.17569), (0.63498, 0.54714, 0.24596), (0.64, 0.5622, 0.27106), (0.62996, 0.53961, 0.2309), (0.63749, 0.56471, 0.24345), (0.62996, 0.53961, 0.19827), (0.63247, 0.54463, 0.21835), (0.63498, 0.55969, 0.25851), (0.64, 0.56722, 0.26353), (0.63749, 0.55216, 0.24345), (0.63749, 0.55216, 0.24345), (0.62996, 0.53459, 0.22086), (0.63498, 0.55969, 0.25851), (0.62494, 0.53961, 0.2058), (0.63498, 0.54714, 0.22086), (0.63749, 0.53961, 0.21082), (0.63247, 0.54463, 0.21835), (0.63498, 0.53961, 0.22086), (0.63749, 0.56471, 0.24345), (0.62996, 0.52706, 0.21082), (0.62996, 0.52706, 0.21082), (0.61992, 0.51451, 0.21082), (0.61992, 0.51451, 0.21082), (0.63247, 0.52957, 0.23341), (0.62996, 0.52706, 0.21082), (0.62996, 0.52455, 0.22086), (0.63749, 0.52455, 0.21082), (0.62996, 0.51953, 0.2058), (0.63247, 0.54212, 0.23592), (0.63749, 0.54714, 0.23843), (0.63498, 0.53961, 0.22086), (0.63498, 0.53961, 0.22086), (0.62996, 0.53208, 0.22839), (0.63247, 0.54212, 0.23592), (0.62494, 0.5371, 0.21584), (0.64, 0.56973, 0.26353), (0.64, 0.5622, 0.24847), (0.64, 0.5622, 0.24847), (0.62996, 0.53961, 0.2309), (0.62494, 0.5371, 0.21584), (0.63498, 0.5622, 0.26855), (0.63498, 0.55969, 0.25851), (0.64, 0.57725, 0.2811), (0.63749, 0.5371, 0.23341), (0.63498, 0.54714, 0.2309), (0.62996, 0.50949, 0.18824), (0.62996, 0.50949, 0.18824), (0.62494, 0.50196, 0.18071), (0.63749, 0.5371, 0.23341), (0.64, 0.54714, 0.24345), (0.64, 0.5371, 0.24094), (0.62745, 0.52204, 0.22086), (0.62996, 0.53459, 0.22086), (0.63498, 0.50698, 0.18824), (0.62243, 0.4869, 0.14808), (0.62243, 0.4869, 0.14808), (0.63749, 0.53459, 0.22337), (0.62996, 0.53459, 0.22086), (0.62745, 0.52706, 0.22337), (0.63498, 0.55969, 0.25851), (0.62996, 0.53459, 0.22086), (0.64, 0.56471, 0.25349), (0.64, 0.54463, 0.23341), (0.63749, 0.57475, 0.27859), (0.63749, 0.57475, 0.27859), (0.64, 0.56471, 0.25349), (0.64, 0.56471, 0.25349), (0.64, 0.57725, 0.2811), (0.63498, 0.55467, 0.256), (0.63498, 0.5622, 0.26855), (0.63247, 0.53459, 0.2309), (0.62996, 0.5371, 0.24847), (0.62745, 0.5371, 0.23592), (0.63247, 0.52957, 0.23341), (0.63749, 0.55718, 0.24847), (0.62996, 0.5371, 0.24847), (0.64, 0.55969, 0.25098), (0.62996, 0.55216, 0.23843), (0.61741, 0.49443, 0.17318), (0.63498, 0.53961, 0.22086), (0.62494, 0.52455, 0.19576), (0.61992, 0.52957, 0.22337), (0.61992, 0.52957, 0.22337), (0.63749, 0.56471, 0.24345), (0.63498, 0.53961, 0.22086), (0.63498, 0.55467, 0.25098), (0.64, 0.58729, 0.29616), (0.62494, 0.52455, 0.19576), (0.62494, 0.52455, 0.19576), (0.62745, 0.50196, 0.17318), (0.63498, 0.55467, 0.25098), (0.61741, 0.49443, 0.17318), (0.62745, 0.50447, 0.17569), (0.64, 0.55969, 0.25098), (0.62243, 0.50447, 0.1782), (0.64, 0.54463, 0.23592), (0.64, 0.5371, 0.23592), (0.64, 0.5371, 0.23592), (0.63749, 0.53961, 0.23592), (0.62243, 0.50447, 0.1782), (0.62996, 0.51953, 0.2058), (0.62996, 0.50447, 0.19576), (0.62996, 0.52455, 0.22086), (0.64, 0.56471, 0.27106), (0.63247, 0.52957, 0.21333), (0.63498, 0.51702, 0.18573), (0.63498, 0.51702, 0.18573), (0.64, 0.57725, 0.28612), (0.64, 0.56471, 0.27106), (0.64, 0.56471, 0.26353), (0.64, 0.58478, 0.28612), (0.63247, 0.56471, 0.27106), (0.63247, 0.56471, 0.27106), (0.63247, 0.54714, 0.23592), (0.64, 0.56471, 0.26353), (0.62494, 0.52455, 0.19576), (0.62996, 0.54463, 0.23341), (0.63749, 0.55216, 0.24094), (0.63749, 0.55216, 0.24094), (0.62996, 0.53459, 0.20078), (0.62494, 0.52455, 0.19576), (0.62745, 0.49192, 0.15561), (0.63247, 0.512, 0.17067), (0.63498, 0.51451, 0.19325), (0.63498, 0.51451, 0.19325), (0.62996, 0.52455, 0.22337), (0.62745, 0.49192, 0.15561), (0.63749, 0.54714, 0.24094), (0.63247, 0.56973, 0.27106), (0.63498, 0.55969, 0.25349), (0.63498, 0.55216, 0.22337), (0.63749, 0.54714, 0.24094), (0.62494, 0.51451, 0.18071), (0.62494, 0.51451, 0.18071), (0.62996, 0.52957, 0.19827), (0.63498, 0.55216, 0.22337), (0.63247, 0.53459, 0.2309), (0.62996, 0.53459, 0.22588), (0.63498, 0.53208, 0.21082), (0.62996, 0.53961, 0.19827), (0.62494, 0.52204, 0.16063), (0.64, 0.54463, 0.23592), (0.64, 0.54463, 0.23592), (0.63247, 0.55216, 0.24345), (0.62996, 0.53961, 0.19827), (0.62243, 0.4869, 0.14808), (0.62996, 0.56722, 0.27608), (0.63247, 0.54714, 0.2309), (0.63247, 0.54714, 0.2309), (0.63247, 0.53208, 0.20329), (0.62243, 0.4869, 0.14808), (0.63247, 0.52957, 0.21333), (0.64, 0.55718, 0.24094), (0.64, 0.56722, 0.25349), (0.64, 0.56722, 0.25349), (0.63498, 0.51702, 0.18573), (0.63247, 0.52957, 0.21333), (0.62996, 0.52706, 0.21082), (0.63498, 0.53961, 0.2309), (0.63498, 0.54463, 0.23843), (0.63498, 0.54463, 0.23843), (0.64, 0.55216, 0.26102), (0.62996, 0.52706, 0.21082), (0.62494, 0.52204, 0.20078), (0.62494, 0.50196, 0.1782), (0.63247, 0.53459, 0.2309), (0.63247, 0.53459, 0.2309), (0.64, 0.57725, 0.29365), (0.62494, 0.52204, 0.20078), (0.62494, 0.49945, 0.17067), (0.63247, 0.52455, 0.20329), (0.64, 0.52706, 0.20329), (0.64, 0.52706, 0.20329), (0.62745, 0.49443, 0.16314), (0.62494, 0.49945, 0.17067), (0.64, 0.55467, 0.24596), (0.64, 0.56471, 0.26353), (0.63247, 0.54714, 0.23592), (0.63247, 0.54714, 0.23592), (0.63498, 0.57224, 0.27608), (0.64, 0.55467, 0.24596), (0.62745, 0.52204, 0.22086), (0.62996, 0.53459, 0.22086), (0.64, 0.54714, 0.24345), (0.64, 0.54714, 0.25851), (0.62996, 0.52957, 0.22337), (0.64, 0.55216, 0.26102), (0.63498, 0.54463, 0.23843), (0.63498, 0.53961, 0.2309), (0.62494, 0.54463, 0.24596), (0.64, 0.56471, 0.26353), (0.64, 0.55718, 0.24847), (0.64, 0.54965, 0.24094), (0.62996, 0.53961, 0.2309), (0.63498, 0.54714, 0.24596), (0.63247, 0.55216, 0.24847), (0.63247, 0.51953, 0.19576), (0.64, 0.55467, 0.24345), (0.63247, 0.55216, 0.24847), (0.63498, 0.55969, 0.25349), (0.63247, 0.52204, 0.20831), (0.63749, 0.54714, 0.24094), (0.63749, 0.54965, 0.22337), (0.62996, 0.54212, 0.22588), (0.63247, 0.55216, 0.24345), (0.63247, 0.55216, 0.24345), (0.64, 0.55718, 0.22839), (0.63749, 0.54965, 0.22337), (0.63247, 0.51953, 0.19576), (0.62494, 0.51451, 0.18573), (0.64, 0.58227, 0.28612), (0.64, 0.58227, 0.28612), (0.64, 0.56973, 0.27357), (0.63247, 0.51953, 0.19576), (0.62996, 0.52957, 0.22337), (0.64, 0.5622, 0.25349), (0.64, 0.55969, 0.25098), (0.64, 0.55969, 0.25098), (0.63498, 0.53459, 0.22337), (0.62996, 0.52957, 0.22337), (0.63247, 0.512, 0.19576), (0.64, 0.56973, 0.27357), (0.64, 0.55216, 0.25098), (0.64, 0.55216, 0.25098), (0.63498, 0.51702, 0.19075), (0.63247, 0.512, 0.19576), (0.62996, 0.51953, 0.2058), (0.62494, 0.52455, 0.22086), (0.64, 0.55969, 0.24847), (0.63247, 0.55718, 0.25098), (0.63749, 0.5622, 0.26102), (0.64, 0.54463, 0.24596), (0.64, 0.52957, 0.21584), (0.63498, 0.52455, 0.21584), (0.63498, 0.54965, 0.24094), (0.63498, 0.54965, 0.24094), (0.63498, 0.54714, 0.2309), (0.64, 0.52957, 0.21584), (0.64, 0.55969, 0.24847), (0.62996, 0.50447, 0.19576), (0.62996, 0.51953, 0.2058), (0.64, 0.56471, 0.26353), (0.63498, 0.55467, 0.24596), (0.63498, 0.54463, 0.23843), (0.62745, 0.54714, 0.23843), (0.64, 0.56471, 0.27106), (0.64, 0.57725, 0.28612), (0.63498, 0.51702, 0.18573), (0.63749, 0.54965, 0.23341), (0.64, 0.57725, 0.28612), (0.63498, 0.54463, 0.23843), (0.63498, 0.55467, 0.24596), (0.63749, 0.56471, 0.24847), (0.63749, 0.56471, 0.24847), (0.62494, 0.54463, 0.24596), (0.63498, 0.54463, 0.23843), (0.64, 0.55969, 0.25098), (0.63498, 0.5371, 0.21333), (0.63749, 0.53961, 0.21584), (0.64, 0.56973, 0.26855), (0.63247, 0.56471, 0.27106), (0.63749, 0.55718, 0.24847), (0.63749, 0.55718, 0.24847), (0.64, 0.55467, 0.24596), (0.64, 0.56973, 0.26855), (0.63498, 0.55969, 0.25349), (0.63247, 0.54212, 0.23341), (0.63247, 0.52204, 0.20831), (0.63247, 0.52204, 0.20831), (0.63498, 0.5371, 0.23341), (0.63749, 0.54714, 0.24094), (0.64, 0.52957, 0.22086), (0.6149, 0.4869, 0.16565), (0.63749, 0.55216, 0.24094), (0.63749, 0.55216, 0.24094), (0.62996, 0.5371, 0.21082), (0.64, 0.52957, 0.22086), (0.62494, 0.53459, 0.23341), (0.62494, 0.50698, 0.17569), (0.62494, 0.50447, 0.16314), (0.62494, 0.50447, 0.16314), (0.63498, 0.52455, 0.19576), (0.62494, 0.53459, 0.23341), (0.63247, 0.53208, 0.22086), (0.63498, 0.54714, 0.25098), (0.62996, 0.53459, 0.22588), (0.62996, 0.53459, 0.22086), (0.63498, 0.54714, 0.24596), (0.62745, 0.52706, 0.22337), (0.63498, 0.55969, 0.25349), (0.64, 0.54212, 0.22086), (0.62745, 0.53208, 0.21835), (0.62745, 0.53208, 0.21835), (0.63247, 0.54212, 0.23341), (0.63498, 0.55969, 0.25349), (0.63498, 0.49945, 0.16314), (0.62996, 0.52455, 0.22337), (0.63247, 0.53208, 0.22839), (0.64, 0.56471, 0.26353), (0.64, 0.55467, 0.24596), (0.63749, 0.54965, 0.24847), (0.63749, 0.54965, 0.24847), (0.63498, 0.55718, 0.24345), (0.64, 0.56471, 0.26353), (0.64, 0.54212, 0.23843), (0.62996, 0.53961, 0.23341), (0.64, 0.56722, 0.27357), (0.64, 0.56722, 0.27357), (0.64, 0.55969, 0.256), (0.64, 0.54212, 0.23843), (0.62745, 0.54965, 0.256), (0.64, 0.53459, 0.2309), (0.62494, 0.52957, 0.22086), (0.62494, 0.52957, 0.22086), (0.62996, 0.54212, 0.24596), (0.62745, 0.54965, 0.256), (0.63749, 0.52957, 0.20078), (0.62494, 0.51702, 0.18824), (0.63749, 0.53961, 0.22086), (0.63498, 0.55467, 0.256), (0.63749, 0.52455, 0.2058), (0.62494, 0.51702, 0.16816), (0.62243, 0.50196, 0.16565), (0.63749, 0.52455, 0.21082), (0.63247, 0.55216, 0.24847), (0.63247, 0.55216, 0.24847), (0.62996, 0.54965, 0.24596), (0.62243, 0.50196, 0.16565), (0.62745, 0.52706, 0.19576), (0.63749, 0.54463, 0.21835), (0.63498, 0.55718, 0.23843), (0.64, 0.54463, 0.24596), (0.63749, 0.54463, 0.256), (0.63247, 0.55718, 0.25098), (0.63749, 0.53961, 0.22086), (0.63498, 0.52706, 0.19827), (0.63749, 0.52957, 0.20078), (0.63247, 0.53459, 0.21584), (0.63498, 0.51451, 0.19827), (0.64, 0.57725, 0.27608), (0.64, 0.57725, 0.27608), (0.64, 0.55467, 0.24345), (0.63247, 0.53459, 0.21584), (0.62494, 0.51702, 0.16816), (0.63247, 0.54714, 0.23592), (0.63498, 0.55467, 0.256), (0.63749, 0.53961, 0.23592), (0.64, 0.5371, 0.23592), (0.64, 0.53459, 0.2309), (0.64, 0.53459, 0.2309), (0.62494, 0.52204, 0.22588), (0.63749, 0.53961, 0.23592), (0.63498, 0.55718, 0.23843), (0.63498, 0.55467, 0.24596), (0.62745, 0.52706, 0.19576), (0.62243, 0.51953, 0.20831), (0.63498, 0.51702, 0.19075), (0.62996, 0.51702, 0.20329), (0.63498, 0.54965, 0.27357), (0.64, 0.56471, 0.26353), (0.64, 0.5622, 0.26855), (0.64, 0.5622, 0.26855), (0.63247, 0.54463, 0.24345), (0.63498, 0.54965, 0.27357), (0.63749, 0.52455, 0.21082), (0.63498, 0.53208, 0.21584), (0.63247, 0.52204, 0.20831), (0.62996, 0.5371, 0.20329), (0.63247, 0.52455, 0.19827), (0.63247, 0.52204, 0.20831), (0.63498, 0.5371, 0.21333), (0.64, 0.55969, 0.25098), (0.63749, 0.54463, 0.19325), (0.63247, 0.53208, 0.22839), (0.62243, 0.49945, 0.17569), (0.63498, 0.49945, 0.16314), (0.63498, 0.54714, 0.2309), (0.64, 0.54965, 0.24345), (0.62745, 0.5371, 0.22839), (0.63498, 0.53208, 0.23592), (0.62996, 0.51702, 0.20329), (0.62996, 0.5371, 0.24345), (0.62996, 0.52455, 0.18824), (0.62996, 0.53459, 0.22588), (0.62996, 0.5371, 0.21082), (0.63749, 0.54463, 0.19325), (0.62996, 0.5371, 0.21082), (0.63498, 0.5371, 0.21333), (0.63749, 0.53961, 0.21584), (0.63247, 0.56973, 0.27106), (0.64, 0.55969, 0.25098), (0.64, 0.55216, 0.2309), (0.64, 0.55969, 0.25098), (0.62745, 0.53459, 0.20831), (0.63498, 0.54714, 0.24596), (0.64, 0.55718, 0.24094), (0.63749, 0.56471, 0.24847), (0.63749, 0.53459, 0.18322), (0.62996, 0.52706, 0.17569), (0.63749, 0.56471, 0.24847), (0.62996, 0.5371, 0.21082), (0.63749, 0.55216, 0.24094), (0.62996, 0.52455, 0.18824), (0.63498, 0.5622, 0.26855), (0.62745, 0.54212, 0.23341), (0.63498, 0.53961, 0.22086), (0.63498, 0.53961, 0.22086), (0.62745, 0.52957, 0.2058), (0.63498, 0.5622, 0.26855), (0.63498, 0.53459, 0.22337), (0.64, 0.57976, 0.2811), (0.63498, 0.56973, 0.26604), (0.63498, 0.56973, 0.26604), (0.63498, 0.53208, 0.21584), (0.63498, 0.53459, 0.22337), (0.63498, 0.55467, 0.256), (0.63749, 0.55467, 0.26353), (0.62745, 0.54212, 0.23341), (0.62745, 0.54212, 0.23341), (0.63498, 0.5622, 0.26855), (0.63498, 0.55467, 0.256), (0.62745, 0.54212, 0.23341), (0.62745, 0.50447, 0.20078), (0.64, 0.54463, 0.22086), (0.64, 0.54965, 0.24094), (0.63749, 0.54965, 0.23341), (0.63749, 0.5622, 0.256), (0.63749, 0.5622, 0.256), (0.64, 0.56471, 0.26353), (0.64, 0.54965, 0.24094), (0.62996, 0.50949, 0.19827), (0.63247, 0.53459, 0.2309), (0.64, 0.55969, 0.24847), (0.64, 0.55969, 0.24847), (0.62494, 0.48188, 0.1531), (0.62996, 0.50949, 0.19827), (0.63247, 0.52957, 0.21835), (0.62996, 0.55718, 0.24094), (0.63498, 0.53961, 0.22086), (0.63498, 0.53961, 0.22086), (0.62243, 0.51953, 0.20831), (0.63247, 0.52957, 0.21835), (0.62996, 0.55467, 0.25349), (0.63498, 0.57224, 0.2811), (0.63247, 0.54463, 0.22337), (0.63247, 0.54463, 0.22337), (0.64, 0.56471, 0.25098), (0.62996, 0.55467, 0.25349), (0.64, 0.56973, 0.26855), (0.64, 0.56722, 0.27357), (0.62996, 0.53961, 0.23341), (0.63749, 0.55216, 0.24094), (0.63749, 0.55216, 0.24094), (0.64, 0.53459, 0.2309), (0.63749, 0.5622, 0.256), (0.64, 0.56471, 0.25349), (0.64, 0.56471, 0.25349), (0.64, 0.56471, 0.25349), (0.63749, 0.57475, 0.27859), (0.63749, 0.55216, 0.24094), (0.63749, 0.51451, 0.21082), (0.64, 0.52706, 0.22839), (0.63749, 0.52957, 0.20329), (0.63749, 0.56722, 0.29114), (0.63247, 0.52957, 0.20831), (0.60737, 0.47937, 0.15812), (0.60737, 0.47937, 0.15812), (0.62996, 0.51702, 0.19827), (0.63749, 0.56722, 0.29114), (0.63247, 0.55216, 0.24345), (0.63498, 0.53961, 0.22086), (0.63247, 0.55467, 0.23592), (0.63749, 0.52957, 0.20329), (0.63247, 0.55216, 0.24345), (0.63749, 0.51451, 0.21082), (0.62243, 0.51953, 0.20831), (0.63498, 0.53961, 0.22086), (0.63749, 0.54463, 0.21333), (0.63749, 0.54463, 0.21333), (0.63498, 0.52455, 0.22086), (0.62243, 0.51953, 0.20831), (0.64, 0.55216, 0.2309), (0.64, 0.5622, 0.26855), (0.64, 0.56471, 0.26353), (0.62745, 0.5371, 0.22839), (0.62996, 0.54463, 0.22839), (0.63498, 0.54714, 0.2309), (0.62494, 0.5371, 0.22086), (0.64, 0.54212, 0.21835), (0.64, 0.56722, 0.27106), (0.62243, 0.51702, 0.21333), (0.62745, 0.53208, 0.22337), (0.63247, 0.53459, 0.2309), (0.63247, 0.53459, 0.2309), (0.63749, 0.54714, 0.24094), (0.62243, 0.51702, 0.21333), (0.63498, 0.54463, 0.24345), (0.62745, 0.53208, 0.22337), (0.63247, 0.52455, 0.19576), (0.63247, 0.52455, 0.19576), (0.64, 0.53961, 0.21082), (0.63498, 0.54463, 0.24345), (0.63749, 0.51702, 0.2058), (0.64, 0.52455, 0.21835), (0.62745, 0.52455, 0.21333), (0.62745, 0.52455, 0.21333), (0.62996, 0.51953, 0.2058), (0.63749, 0.51702, 0.2058), (0.64, 0.56722, 0.27106), (0.64, 0.56722, 0.27106), (0.62494, 0.5371, 0.22086), (0.63247, 0.53208, 0.22588), (0.62745, 0.52957, 0.21082), (0.62243, 0.51702, 0.21333), (0.62243, 0.51702, 0.21333), (0.62745, 0.53208, 0.22337), (0.63247, 0.53208, 0.22588), (0.64, 0.54965, 0.24094), (0.63749, 0.5371, 0.23341), (0.64, 0.53459, 0.23341), (0.64, 0.53459, 0.23341), (0.63749, 0.54212, 0.23341), (0.64, 0.54965, 0.24094), (0.64, 0.54463, 0.22086), (0.63498, 0.53961, 0.22086), (0.62745, 0.54212, 0.23341), (0.62996, 0.53961, 0.23341), (0.63749, 0.54714, 0.24094), (0.64, 0.56973, 0.26855), (0.64, 0.57475, 0.27608), (0.63498, 0.54212, 0.24847), (0.63247, 0.54463, 0.22839), (0.63749, 0.55216, 0.24094), (0.64, 0.55718, 0.22839), (0.62745, 0.54714, 0.23843), (0.64, 0.55467, 0.24345), (0.64, 0.56973, 0.26855), (0.64, 0.55467, 0.24596), (0.64, 0.55467, 0.24596), (0.63498, 0.55467, 0.256), (0.64, 0.55467, 0.24345), (0.62745, 0.51451, 0.19576), (0.62745, 0.52455, 0.20329), (0.63749, 0.55216, 0.23592), (0.63749, 0.55216, 0.23592), (0.63247, 0.512, 0.19075), (0.62745, 0.51451, 0.19576), (0.63247, 0.54463, 0.22839), (0.64, 0.57725, 0.27859), (0.64, 0.57475, 0.27608), (0.62745, 0.54714, 0.23843), (0.63749, 0.54714, 0.24094), (0.63749, 0.55216, 0.24094), (0.63247, 0.52957, 0.23341), (0.64, 0.56471, 0.26353), (0.63498, 0.5371, 0.21835), (0.64, 0.57976, 0.2811), (0.62243, 0.512, 0.19827), (0.64, 0.56471, 0.24847), (0.64, 0.56471, 0.24847), (0.63498, 0.56973, 0.26604), (0.64, 0.57976, 0.2811), (0.62996, 0.50447, 0.17569), (0.62745, 0.50447, 0.18322), (0.63498, 0.52455, 0.21584), (0.63498, 0.52455, 0.21584), (0.62996, 0.52957, 0.22337), (0.62996, 0.50447, 0.17569), (0.62745, 0.55718, 0.24345), (0.64, 0.54965, 0.24345), (0.64, 0.5622, 0.25851), (0.64, 0.5622, 0.25851), (0.63498, 0.53961, 0.22588), (0.62745, 0.55718, 0.24345), (0.62996, 0.55216, 0.25851), (0.63247, 0.55216, 0.25349), (0.63247, 0.52204, 0.20831), (0.63498, 0.5371, 0.21835), (0.63498, 0.52455, 0.21584), (0.63247, 0.52957, 0.23341), (0.63498, 0.53961, 0.22086), (0.62243, 0.54965, 0.24847), (0.63247, 0.53208, 0.22588), (0.63247, 0.53208, 0.22588), (0.63247, 0.52706, 0.19075), (0.63498, 0.53961, 0.22086), (0.62996, 0.52204, 0.20078), (0.64, 0.58729, 0.28863), (0.63247, 0.55216, 0.24847), (0.62996, 0.56722, 0.25098), (0.62745, 0.56471, 0.26855), (0.62745, 0.5371, 0.22839), (0.62996, 0.54463, 0.22839), (0.62745, 0.5371, 0.22839), (0.63247, 0.54714, 0.23592), (0.63247, 0.54714, 0.23592), (0.64, 0.56722, 0.25851), (0.62996, 0.54463, 0.22839), (0.63498, 0.55467, 0.25098), (0.63749, 0.5622, 0.256), (0.64, 0.54463, 0.2309), (0.62996, 0.50949, 0.19827), (0.64, 0.55216, 0.26604), (0.63749, 0.53208, 0.22839), (0.64, 0.54965, 0.24847), (0.63749, 0.53459, 0.23843), (0.62996, 0.51702, 0.21835), (0.62996, 0.51702, 0.21835), (0.63749, 0.55969, 0.26855), (0.64, 0.54965, 0.24847), (0.63247, 0.55467, 0.23592), (0.62745, 0.54965, 0.2309), (0.63247, 0.55216, 0.24345), (0.63749, 0.52455, 0.2058), (0.62996, 0.52706, 0.2058), (0.63498, 0.51451, 0.19325), (0.63498, 0.51451, 0.19325), (0.62494, 0.49443, 0.15561), (0.63749, 0.52455, 0.2058), (0.64, 0.55467, 0.23341), (0.63247, 0.54714, 0.23592), (0.63749, 0.56471, 0.26353), (0.64, 0.54463, 0.2309), (0.64, 0.54463, 0.23592), (0.63498, 0.55467, 0.25098), (0.63498, 0.52455, 0.21082), (0.62745, 0.50447, 0.20078), (0.63749, 0.55969, 0.26604), (0.63498, 0.52455, 0.21584), (0.64, 0.55467, 0.27859), (0.62996, 0.52455, 0.22086), (0.63247, 0.54463, 0.24345), (0.62996, 0.53961, 0.23341), (0.63498, 0.54965, 0.27357), (0.63247, 0.55969, 0.26353), (0.64, 0.56973, 0.27608), (0.64, 0.5622, 0.27106), (0.63247, 0.52204, 0.21835), (0.62996, 0.54965, 0.24596), (0.64, 0.54965, 0.26102), (0.63749, 0.52455, 0.2058), (0.63498, 0.55467, 0.256), (0.62745, 0.52706, 0.19827), (0.62745, 0.52706, 0.19827), (0.62996, 0.52706, 0.2058), (0.63749, 0.52455, 0.2058), (0.63247, 0.55718, 0.25098), (0.63749, 0.54463, 0.256), (0.63247, 0.53961, 0.24596), (0.62996, 0.52455, 0.18824), (0.63247, 0.5371, 0.22839), (0.61992, 0.51953, 0.19075), (0.61992, 0.51953, 0.19075), (0.62996, 0.53459, 0.22588), (0.62996, 0.52455, 0.18824), (0.63749, 0.51953, 0.22337), (0.63749, 0.51451, 0.21082), (0.63498, 0.52204, 0.20831), (0.63498, 0.52455, 0.21584), (0.63247, 0.54965, 0.22086), (0.63247, 0.53459, 0.2058), (0.63247, 0.53459, 0.2058), (0.63498, 0.54965, 0.24094), (0.63498, 0.52455, 0.21584), (0.63247, 0.52957, 0.21333), (0.64, 0.56471, 0.27106), (0.62745, 0.54212, 0.2309), (0.62745, 0.54212, 0.2309), (0.63749, 0.54965, 0.25349), (0.63247, 0.52957, 0.21333), (0.62996, 0.54965, 0.24596), (0.63498, 0.52706, 0.20078), (0.63247, 0.54463, 0.22839), (0.63247, 0.54463, 0.22839), (0.62243, 0.54714, 0.24094), (0.62996, 0.54965, 0.24596), (0.63247, 0.52204, 0.20831), (0.63498, 0.53961, 0.2309), (0.62996, 0.55216, 0.25851), (0.64, 0.56471, 0.26353), (0.63749, 0.5622, 0.26102), (0.61741, 0.52204, 0.18322), (0.61741, 0.52204, 0.18322), (0.64, 0.55216, 0.2309), (0.64, 0.56471, 0.26353), (0.63247, 0.56471, 0.27106), (0.64, 0.58478, 0.28612), (0.64, 0.55718, 0.24847), (0.64, 0.55718, 0.24847), (0.63749, 0.55718, 0.24847), (0.63247, 0.56471, 0.27106), (0.64, 0.56471, 0.25349), (0.64, 0.56471, 0.25349), (0.63247, 0.55969, 0.25851), (0.63247, 0.55969, 0.25851), (0.64, 0.55718, 0.26604), (0.64, 0.56471, 0.25349), (0.63247, 0.51702, 0.21584), (0.63749, 0.53961, 0.24094), (0.62996, 0.54965, 0.25098), (0.62996, 0.54965, 0.25098), (0.64, 0.52957, 0.23592), (0.63247, 0.51702, 0.21584), (0.62243, 0.51953, 0.20831), (0.62996, 0.51702, 0.20329), (0.63498, 0.53208, 0.23592), (0.63498, 0.53208, 0.23592), (0.62745, 0.52455, 0.21333), (0.62243, 0.51953, 0.20831), (0.63749, 0.55969, 0.26855), (0.62996, 0.52957, 0.22588), (0.63247, 0.54212, 0.23341), (0.63247, 0.54212, 0.23341), (0.64, 0.54965, 0.24847), (0.63749, 0.55969, 0.26855), (0.62996, 0.55718, 0.24094), (0.64, 0.55467, 0.23843), (0.62996, 0.55718, 0.24094), (0.62996, 0.55718, 0.24094), (0.63247, 0.52957, 0.21835), (0.62996, 0.55718, 0.24094), (0.63247, 0.50196, 0.19576), (0.62745, 0.49945, 0.1782), (0.62745, 0.50196, 0.18824), (0.62745, 0.50196, 0.18824), (0.61992, 0.49694, 0.17318), (0.63247, 0.50196, 0.19576), (0.62996, 0.51702, 0.19325), (0.62996, 0.50447, 0.17067), (0.63498, 0.5371, 0.21835), (0.64, 0.55969, 0.26855), (0.63749, 0.55216, 0.24094), (0.64, 0.53459, 0.2309), (0.64, 0.53459, 0.2309), (0.62745, 0.54965, 0.256), (0.64, 0.55969, 0.26855), (0.62996, 0.5371, 0.21082), (0.62996, 0.53459, 0.21584), (0.64, 0.53961, 0.22839), (0.64, 0.53961, 0.22839), (0.63247, 0.51953, 0.19576), (0.62996, 0.5371, 0.21082), (0.63498, 0.5371, 0.21835), (0.64, 0.53961, 0.22839), (0.62996, 0.51702, 0.19325), (0.63247, 0.54463, 0.25349), (0.64, 0.56722, 0.26604), (0.63749, 0.52957, 0.20078), (0.63749, 0.52957, 0.20078), (0.62745, 0.51702, 0.1782), (0.63247, 0.54463, 0.25349), (0.63247, 0.53208, 0.20078), (0.63498, 0.54714, 0.2309), (0.62996, 0.54463, 0.22839), (0.64, 0.55467, 0.24345), (0.64, 0.54965, 0.24345), (0.63247, 0.54463, 0.22839), (0.63498, 0.52455, 0.21584), (0.63749, 0.53961, 0.24094), (0.63247, 0.51702, 0.21584), (0.63749, 0.52706, 0.21333), (0.63247, 0.53459, 0.21584), (0.64, 0.55467, 0.24345), (0.64, 0.55467, 0.24345), (0.64, 0.55969, 0.25098), (0.63749, 0.52706, 0.21333), (0.64, 0.54212, 0.23843), (0.63247, 0.52957, 0.21835), (0.62745, 0.5371, 0.23592), (0.63247, 0.53208, 0.22086), (0.63247, 0.55467, 0.24094), (0.63498, 0.55718, 0.24345), (0.64, 0.57725, 0.2811), (0.63498, 0.55969, 0.25851), (0.63498, 0.57224, 0.27357), (0.63749, 0.49443, 0.17067), (0.62996, 0.50447, 0.17067), (0.62996, 0.50447, 0.17569), (0.62996, 0.50447, 0.17569), (0.62996, 0.50196, 0.18071), (0.63749, 0.49443, 0.17067), (0.63749, 0.54463, 0.21835), (0.63749, 0.5898, 0.29365), (0.64, 0.55718, 0.24847), (0.64, 0.55718, 0.24847), (0.63498, 0.5371, 0.20831), (0.63749, 0.54463, 0.21835), (0.63498, 0.55718, 0.26353), (0.63247, 0.54965, 0.26102), (0.63498, 0.52957, 0.23341), (0.63247, 0.55216, 0.24847), (0.63247, 0.54212, 0.24094), (0.62996, 0.52204, 0.20078), (0.63247, 0.53961, 0.25098), (0.63498, 0.55467, 0.27106), (0.62745, 0.53961, 0.24847), (0.63247, 0.55216, 0.26855), (0.64, 0.56722, 0.26604), (0.63749, 0.56471, 0.27106), (0.64, 0.54965, 0.24094), (0.63247, 0.51953, 0.19576), (0.63247, 0.512, 0.19576), (0.63247, 0.512, 0.19576), (0.62243, 0.53208, 0.22337), (0.64, 0.54965, 0.24094), (0.63247, 0.52957, 0.23341), (0.62996, 0.5371, 0.24847), (0.63247, 0.53459, 0.2309), (0.63247, 0.53459, 0.2309), (0.62996, 0.52706, 0.21082), (0.63247, 0.52957, 0.23341), (0.64, 0.52957, 0.22086), (0.63247, 0.55718, 0.256), (0.63749, 0.52455, 0.2058), (0.62996, 0.53459, 0.22588), (0.64, 0.56722, 0.27106), (0.63749, 0.56722, 0.25851), (0.63498, 0.55216, 0.22337), (0.62996, 0.55216, 0.23843), (0.63749, 0.54714, 0.24094), (0.62996, 0.52706, 0.2058), (0.62243, 0.50949, 0.18573), (0.63749, 0.5371, 0.2309), (0.62745, 0.50949, 0.21333), (0.63749, 0.54714, 0.26102), (0.63498, 0.55718, 0.26353), (0.63498, 0.55718, 0.26353), (0.63498, 0.52957, 0.23341), (0.62745, 0.50949, 0.21333), (0.64, 0.55467, 0.25349), (0.64, 0.55718, 0.26604), (0.64, 0.58478, 0.27859), (0.64, 0.53459, 0.23341), (0.64, 0.56471, 0.25349), (0.64, 0.55969, 0.25098), (0.64, 0.55969, 0.25098), (0.64, 0.5371, 0.24094), (0.64, 0.53459, 0.23341), (0.62243, 0.51702, 0.21333), (0.63749, 0.54714, 0.24094), (0.63498, 0.54463, 0.23592), (0.62494, 0.50196, 0.1782), (0.62494, 0.52204, 0.20078), (0.63749, 0.53208, 0.19075), (0.63749, 0.53208, 0.19075), (0.64, 0.54212, 0.2058), (0.62494, 0.50196, 0.1782), (0.62996, 0.53961, 0.2309), (0.63749, 0.52957, 0.20078), (0.63749, 0.54714, 0.24094), (0.62243, 0.52204, 0.21835), (0.62745, 0.53961, 0.23843), (0.63247, 0.54463, 0.25349), (0.63247, 0.54463, 0.25349), (0.62996, 0.55467, 0.26855), (0.62243, 0.52204, 0.21835), (0.63247, 0.55216, 0.24847), (0.63498, 0.57224, 0.27608), (0.63498, 0.57224, 0.27357), (0.63498, 0.57224, 0.27357), (0.63749, 0.5898, 0.29365), (0.63247, 0.55216, 0.24847), (0.64, 0.5371, 0.23592), (0.64, 0.54463, 0.23592), (0.63498, 0.52204, 0.20831), (0.63498, 0.52204, 0.20831), (0.64, 0.52455, 0.21835), (0.64, 0.5371, 0.23592), (0.63498, 0.50698, 0.19325), (0.62996, 0.50447, 0.19576), (0.62996, 0.53459, 0.22086), (0.62996, 0.53459, 0.22086), (0.62745, 0.53459, 0.20831), (0.63498, 0.50698, 0.19325), (0.63498, 0.56973, 0.26102), (0.63749, 0.54714, 0.24094), (0.64, 0.55467, 0.23843), (0.63749, 0.54714, 0.24094), (0.62243, 0.54965, 0.24847), (0.64, 0.57725, 0.29365), (0.62996, 0.54463, 0.22839), (0.63749, 0.55216, 0.24094), (0.63247, 0.53208, 0.20078), (0.63247, 0.54463, 0.24345), (0.64, 0.54965, 0.26102), (0.62996, 0.54965, 0.24596), (0.62996, 0.54965, 0.24596), (0.63247, 0.54965, 0.25851), (0.63247, 0.54463, 0.24345), (0.64, 0.55467, 0.23843), (0.62996, 0.55718, 0.24094), (0.63498, 0.56973, 0.26102), (0.64, 0.55718, 0.22839), (0.63749, 0.55216, 0.24094), (0.63749, 0.5622, 0.26102), (0.63498, 0.5371, 0.21835), (0.62745, 0.54212, 0.23341), (0.64, 0.55216, 0.256), (0.64, 0.55216, 0.256), (0.63247, 0.54463, 0.24847), (0.63498, 0.5371, 0.21835), (0.64, 0.57725, 0.29365), (0.63749, 0.54212, 0.23341), (0.63749, 0.54714, 0.24094), (0.62996, 0.53459, 0.20078), (0.63498, 0.56722, 0.27357), (0.62996, 0.56471, 0.26102), (0.62996, 0.52455, 0.22086), (0.62996, 0.52957, 0.22337), (0.63247, 0.512, 0.19075), (0.63498, 0.54463, 0.23843), (0.63247, 0.54212, 0.23592), (0.63498, 0.53208, 0.22086), (0.63498, 0.53208, 0.22086), (0.63749, 0.55216, 0.24345), (0.63498, 0.54463, 0.23843), (0.63749, 0.53961, 0.24094), (0.62745, 0.55718, 0.24345), (0.63498, 0.53961, 0.22588), (0.63498, 0.53961, 0.22588), (0.64, 0.54463, 0.22086), (0.63749, 0.53961, 0.24094), (0.63749, 0.5622, 0.26102), (0.63498, 0.53208, 0.21082), (0.64, 0.55718, 0.22839), (0.62243, 0.54714, 0.24094), (0.63749, 0.54965, 0.24847), (0.64, 0.55467, 0.24596), (0.64, 0.55467, 0.24596), (0.62996, 0.54965, 0.24596), (0.62243, 0.54714, 0.24094), (0.63498, 0.52455, 0.19576), (0.63498, 0.512, 0.18824), (0.62494, 0.52204, 0.21082), (0.62494, 0.52204, 0.21082), (0.62494, 0.52957, 0.22086), (0.63498, 0.52455, 0.19576), (0.63247, 0.53459, 0.21082), (0.63247, 0.53961, 0.21333), (0.62494, 0.51702, 0.18824), (0.62494, 0.51702, 0.18824), (0.63749, 0.52957, 0.20078), (0.63247, 0.53459, 0.21082), (0.63498, 0.52455, 0.19576), (0.62494, 0.50447, 0.16314), (0.63749, 0.52957, 0.20329), (0.62494, 0.51702, 0.16816), (0.63749, 0.54714, 0.2058), (0.63247, 0.53961, 0.20831), (0.63247, 0.52204, 0.21835), (0.62996, 0.52706, 0.21082), (0.62494, 0.51702, 0.19576), (0.63749, 0.52706, 0.21333), (0.62996, 0.52706, 0.21082), (0.63247, 0.53459, 0.21584), (0.63749, 0.5371, 0.2309), (0.62243, 0.51953, 0.20329), (0.62996, 0.52706, 0.2058), (0.63749, 0.55718, 0.25349), (0.62745, 0.53208, 0.22337), (0.60235, 0.47686, 0.14808), (0.63498, 0.53208, 0.22086), (0.61992, 0.51953, 0.20831), (0.63749, 0.52706, 0.19827), (0.63498, 0.55467, 0.24596), (0.63247, 0.5622, 0.25349), (0.63247, 0.54965, 0.22086), (0.61741, 0.54212, 0.21082), (0.64, 0.54965, 0.24094), (0.63498, 0.53961, 0.22086), (0.63498, 0.53961, 0.2309), (0.63247, 0.52204, 0.20831), (0.62494, 0.51451, 0.18573), (0.63247, 0.55467, 0.23592), (0.64, 0.54463, 0.2309), (0.64, 0.57725, 0.27357), (0.64, 0.57725, 0.27357), (0.63498, 0.55969, 0.25349), (0.63247, 0.55467, 0.23592), (0.63498, 0.52957, 0.22588), (0.63247, 0.52455, 0.19576), (0.62243, 0.51702, 0.21333), (0.64, 0.55969, 0.256), (0.63247, 0.51702, 0.17067), (0.62996, 0.50196, 0.14808), (0.62996, 0.50196, 0.14808), (0.62996, 0.56471, 0.26102), (0.64, 0.55969, 0.256), (0.62996, 0.56471, 0.26102), (0.62996, 0.50196, 0.14808), (0.62996, 0.53459, 0.20078), (0.63247, 0.54463, 0.24345), (0.62494, 0.5371, 0.24094), (0.63498, 0.5371, 0.23341), (0.63498, 0.5371, 0.23341), (0.64, 0.54965, 0.26102), (0.63247, 0.54463, 0.24345), (0.64, 0.55467, 0.27859), (0.62996, 0.55467, 0.26855), (0.63498, 0.52706, 0.20078), (0.63498, 0.52706, 0.20078), (0.62996, 0.52204, 0.19325), (0.64, 0.55467, 0.27859), (0.62243, 0.51702, 0.21333), (0.62243, 0.512, 0.20329), (0.63498, 0.52957, 0.22588), (0.64, 0.56471, 0.256), (0.64, 0.57976, 0.28361), (0.64, 0.55467, 0.24345), (0.63498, 0.57224, 0.2811), (0.63498, 0.57976, 0.27859), (0.64, 0.55718, 0.24094), (0.64, 0.55718, 0.24094), (0.63247, 0.54463, 0.22337), (0.63498, 0.57224, 0.2811), (0.63247, 0.56973, 0.27106), (0.63749, 0.54714, 0.24094), (0.62745, 0.53459, 0.20831), (0.63498, 0.51702, 0.19075), (0.64, 0.5622, 0.25349), (0.62494, 0.51702, 0.18824), (0.62494, 0.51702, 0.18824), (0.63498, 0.5371, 0.21835), (0.63498, 0.51702, 0.19075), (0.62745, 0.53459, 0.20831), (0.64, 0.55969, 0.25098), (0.63247, 0.56973, 0.27106), (0.63749, 0.55969, 0.26855), (0.62996, 0.51702, 0.21835), (0.63247, 0.52204, 0.21835), (0.64, 0.55467, 0.24345), (0.64, 0.56973, 0.25851), (0.64, 0.56471, 0.256), (0.63749, 0.5622, 0.25098), (0.63749, 0.55216, 0.24345), (0.63247, 0.52706, 0.22588), (0.63247, 0.51953, 0.19576), (0.64, 0.56471, 0.25349), (0.64, 0.56973, 0.25851), (0.64, 0.56973, 0.25851), (0.64, 0.55467, 0.24345), (0.63247, 0.51953, 0.19576), (0.63247, 0.53208, 0.20329), (0.63247, 0.54714, 0.2309), (0.64, 0.54212, 0.21835), (0.64, 0.54212, 0.21835), (0.64, 0.55216, 0.24345), (0.63247, 0.53208, 0.20329), (0.63749, 0.5371, 0.2309), (0.62996, 0.52706, 0.21082), (0.62996, 0.52706, 0.21082), (0.62996, 0.52706, 0.21082), (0.62996, 0.52455, 0.22086), (0.63749, 0.5371, 0.2309), (0.63247, 0.52706, 0.22588), (0.61992, 0.51702, 0.20078), (0.63749, 0.5622, 0.25098), (0.63749, 0.54714, 0.23843), (0.64, 0.56973, 0.27608), (0.64, 0.54714, 0.22839), (0.64, 0.54714, 0.22839), (0.62494, 0.512, 0.19325), (0.63749, 0.54714, 0.23843), (0.63749, 0.55718, 0.24847), (0.64, 0.56471, 0.26102), (0.64, 0.56722, 0.26353), (0.64, 0.56722, 0.26353), (0.63498, 0.55969, 0.25851), (0.63749, 0.55718, 0.24847), (0.63247, 0.54714, 0.23592), (0.62996, 0.54212, 0.22086), (0.63247, 0.55216, 0.24345), (0.63247, 0.55216, 0.24345), (0.63498, 0.55467, 0.256), (0.63247, 0.54714, 0.23592), (0.62996, 0.54965, 0.24596), (0.63247, 0.52204, 0.21835), (0.63498, 0.52204, 0.19827), (0.63498, 0.52204, 0.19827), (0.62243, 0.52455, 0.20078), (0.62996, 0.54965, 0.24596), (0.62745, 0.52957, 0.21082), (0.63749, 0.5371, 0.2309), (0.62243, 0.512, 0.20329), (0.62243, 0.512, 0.20329), (0.62243, 0.51702, 0.21333), (0.62745, 0.52957, 0.21082), (0.62996, 0.5371, 0.21082), (0.63247, 0.52957, 0.20831), (0.63498, 0.5622, 0.26604), (0.63498, 0.5622, 0.26604), (0.62243, 0.5371, 0.22839), (0.62996, 0.5371, 0.21082), (0.62745, 0.5371, 0.2309), (0.63247, 0.55467, 0.26102), (0.64, 0.54965, 0.23341), (0.64, 0.54965, 0.23341), (0.63498, 0.52957, 0.22588), (0.62745, 0.5371, 0.2309), (0.63247, 0.54212, 0.23592), (0.63749, 0.5371, 0.23341), (0.62494, 0.50196, 0.18071), (0.62494, 0.50196, 0.18071), (0.63498, 0.50698, 0.18824), (0.63247, 0.54212, 0.23592), (0.63749, 0.5622, 0.26102), (0.63498, 0.54714, 0.24596), (0.63749, 0.56471, 0.24847), (0.63749, 0.56471, 0.24847), (0.61741, 0.52204, 0.18322), (0.63749, 0.5622, 0.26102), (0.63749, 0.54965, 0.23341), (0.62745, 0.54714, 0.23843), (0.64, 0.57725, 0.28612), (0.63247, 0.512, 0.19075), (0.63247, 0.512, 0.19576), (0.62996, 0.52455, 0.22086), (0.64, 0.55718, 0.24847), (0.64, 0.56471, 0.26353), (0.63498, 0.54463, 0.23843), (0.63498, 0.54463, 0.23843), (0.62996, 0.53208, 0.23341), (0.64, 0.55718, 0.24847), (0.63498, 0.50698, 0.18824), (0.62243, 0.48439, 0.16063), (0.63749, 0.512, 0.19827), (0.63749, 0.512, 0.19827), (0.64, 0.50698, 0.18573), (0.63498, 0.50698, 0.18824), (0.62996, 0.49694, 0.17067), (0.61992, 0.48941, 0.15059), (0.62745, 0.50447, 0.17569), (0.62745, 0.50447, 0.17569), (0.61741, 0.49443, 0.17318), (0.62996, 0.49694, 0.17067), (0.63247, 0.52204, 0.21835), (0.64, 0.54965, 0.26102), (0.63749, 0.55969, 0.26855), (0.64, 0.57725, 0.28612), (0.63749, 0.5622, 0.256), (0.63749, 0.54965, 0.23341), (0.63498, 0.52455, 0.19576), (0.62996, 0.52706, 0.2058), (0.63498, 0.51953, 0.21333), (0.63498, 0.51953, 0.21333), (0.62243, 0.48439, 0.16063), (0.63498, 0.52455, 0.19576), (0.64, 0.54463, 0.23592), (0.62745, 0.51451, 0.19576), (0.63749, 0.52706, 0.21835), (0.63247, 0.53208, 0.22588), (0.63749, 0.54463, 0.21835), (0.63247, 0.52706, 0.19075), (0.63749, 0.54463, 0.21835), (0.63498, 0.53208, 0.22086), (0.63247, 0.49694, 0.18573), (0.63498, 0.54463, 0.23843), (0.63749, 0.54714, 0.23843), (0.63247, 0.54212, 0.23592), (0.63749, 0.51702, 0.2058), (0.62996, 0.51953, 0.2058), (0.64, 0.52455, 0.21835), (0.63749, 0.55718, 0.24847), (0.62745, 0.52957, 0.22588), (0.64, 0.52455, 0.21835), (0.62494, 0.52204, 0.22588), (0.64, 0.53459, 0.2309), (0.64, 0.53459, 0.22588), (0.64, 0.53459, 0.22588), (0.63247, 0.55216, 0.24847), (0.62494, 0.52204, 0.22588), (0.63749, 0.53961, 0.23592), (0.62494, 0.52204, 0.22588), (0.62996, 0.50447, 0.19576), (0.64, 0.53459, 0.2309), (0.63749, 0.51702, 0.2058), (0.64, 0.53459, 0.22588), (0.64, 0.55467, 0.25851), (0.63749, 0.54714, 0.24094), (0.63247, 0.53459, 0.2309), (0.62494, 0.52204, 0.20078), (0.64, 0.57725, 0.29365), (0.63498, 0.5371, 0.23341), (0.62996, 0.53459, 0.21584), (0.63498, 0.57224, 0.27357), (0.63498, 0.57224, 0.27608), (0.63498, 0.57224, 0.27608), (0.63247, 0.54714, 0.23592), (0.62996, 0.53459, 0.21584), (0.64, 0.54463, 0.23592), (0.62494, 0.52455, 0.18824), (0.62745, 0.52455, 0.20329), (0.62745, 0.52455, 0.20329), (0.62745, 0.51451, 0.19576), (0.64, 0.54463, 0.23592), (0.62996, 0.55216, 0.23843), (0.64, 0.56471, 0.25349), (0.64, 0.55718, 0.26604), (0.64, 0.55718, 0.26604), (0.64, 0.56973, 0.26855), (0.62996, 0.55216, 0.23843), (0.62996, 0.51953, 0.2058), (0.63749, 0.53961, 0.24094), (0.63749, 0.53459, 0.22337), (0.64, 0.54212, 0.2309), (0.63749, 0.5371, 0.2309), (0.62996, 0.49694, 0.17067), (0.62996, 0.49694, 0.17067), (0.63247, 0.50447, 0.18322), (0.64, 0.54212, 0.2309), (0.63247, 0.52957, 0.20831), (0.62996, 0.56471, 0.26102), (0.63498, 0.56722, 0.27357), (0.63498, 0.56722, 0.27357), (0.62745, 0.54463, 0.22086), (0.63247, 0.52957, 0.20831), (0.63749, 0.53459, 0.22337), (0.62745, 0.5371, 0.23592), (0.62996, 0.51953, 0.2058), (0.62745, 0.55718, 0.24345), (0.62745, 0.53961, 0.21835), (0.62996, 0.53459, 0.20078), (0.62996, 0.53459, 0.20078), (0.64, 0.57976, 0.27357), (0.62745, 0.55718, 0.24345), (0.63749, 0.52957, 0.20329), (0.64, 0.57725, 0.2811), (0.63498, 0.52957, 0.22588), (0.63498, 0.52957, 0.22588), (0.63498, 0.52455, 0.19576), (0.63749, 0.52957, 0.20329), (0.62996, 0.51451, 0.21333), (0.63498, 0.52455, 0.21584), (0.62243, 0.512, 0.20329), (0.61992, 0.52957, 0.22337), (0.62745, 0.51702, 0.20329), (0.63498, 0.5371, 0.23341), (0.62745, 0.51702, 0.20329), (0.62996, 0.52204, 0.19576), (0.63498, 0.53961, 0.2309), (0.63749, 0.52706, 0.21333), (0.63247, 0.53208, 0.22839), (0.61992, 0.51702, 0.20078), (0.61992, 0.51702, 0.20078), (0.62745, 0.52455, 0.20831), (0.63749, 0.52706, 0.21333), (0.64, 0.57224, 0.27608), (0.63498, 0.56973, 0.26102), (0.62745, 0.55216, 0.24596), (0.64, 0.57224, 0.27608), (0.62996, 0.52204, 0.19576), (0.62494, 0.54714, 0.22839), (0.62745, 0.52455, 0.20831), (0.61992, 0.51702, 0.20078), (0.63247, 0.52706, 0.22588), (0.63498, 0.5371, 0.21835), (0.62494, 0.5371, 0.21584), (0.62996, 0.53961, 0.2309), (0.62996, 0.53961, 0.2309), (0.64, 0.52957, 0.21584), (0.63498, 0.5371, 0.21835), (0.63749, 0.52957, 0.20078), (0.62996, 0.53961, 0.2309), (0.63247, 0.53459, 0.21584), (0.63247, 0.53459, 0.21584), (0.63498, 0.53208, 0.21584), (0.63749, 0.52957, 0.20078), (0.62996, 0.52957, 0.22337), (0.62996, 0.50196, 0.18071), (0.62996, 0.50447, 0.17569), (0.63749, 0.49443, 0.17067), (0.62996, 0.50196, 0.18071), (0.62243, 0.48439, 0.16063), (0.62996, 0.52706, 0.2058), (0.6149, 0.4869, 0.16565), (0.64, 0.52957, 0.22086), (0.64, 0.52957, 0.22086), (0.63749, 0.52455, 0.2058), (0.62996, 0.52706, 0.2058), (0.62243, 0.51953, 0.20831), (0.63498, 0.52455, 0.22086), (0.63749, 0.52455, 0.21082), (0.62745, 0.53961, 0.21835), (0.62745, 0.55718, 0.24345), (0.63498, 0.55216, 0.22337), (0.63247, 0.55216, 0.25349), (0.63498, 0.56722, 0.27357), (0.63498, 0.57224, 0.27357), (0.63498, 0.51451, 0.17318), (0.62996, 0.54965, 0.24596), (0.63749, 0.54714, 0.24094), (0.64, 0.53961, 0.21082), (0.64, 0.57725, 0.2811), (0.63749, 0.55718, 0.25349), (0.63749, 0.55718, 0.25349), (0.62996, 0.5371, 0.21082), (0.64, 0.53961, 0.21082), (0.63498, 0.55216, 0.22337), (0.62996, 0.52957, 0.19827), (0.62745, 0.53961, 0.21835), (0.63749, 0.54714, 0.24094), (0.63749, 0.55969, 0.26604), (0.63247, 0.53208, 0.22086), (0.62996, 0.50447, 0.19576), (0.64, 0.55969, 0.24847), (0.63247, 0.53459, 0.2309), (0.63247, 0.53459, 0.2309), (0.64, 0.53961, 0.23592), (0.62996, 0.50447, 0.19576), (0.64, 0.53961, 0.23592), (0.62745, 0.50698, 0.19576), (0.64, 0.53459, 0.2309), (0.64, 0.53459, 0.2309), (0.62745, 0.512, 0.2058), (0.64, 0.53961, 0.23592), (0.63498, 0.57224, 0.27357), (0.63498, 0.55969, 0.25851), (0.63247, 0.55216, 0.25349), (0.64, 0.52706, 0.22839), (0.62745, 0.48439, 0.16063), (0.63498, 0.53459, 0.20329), (0.63498, 0.53459, 0.20329), (0.63749, 0.52957, 0.20329), (0.64, 0.52706, 0.22839), (0.63749, 0.54463, 0.256), (0.64, 0.54463, 0.24596), (0.63498, 0.52706, 0.2058), (0.63498, 0.52706, 0.2058), (0.63247, 0.51953, 0.19576), (0.63749, 0.54463, 0.256), (0.63247, 0.53208, 0.22086), (0.63247, 0.53459, 0.2309), (0.63749, 0.54714, 0.24094), (0.63247, 0.53208, 0.22588), (0.63247, 0.52706, 0.22337), (0.61741, 0.50949, 0.18824), (0.63498, 0.52455, 0.21082), (0.63749, 0.52455, 0.2058), (0.63247, 0.55718, 0.256), (0.63749, 0.52706, 0.21333), (0.62243, 0.50196, 0.19075), (0.62494, 0.51702, 0.19576), (0.62494, 0.51702, 0.19576), (0.62996, 0.52706, 0.21082), (0.63749, 0.52706, 0.21333), (0.63247, 0.53208, 0.22839), (0.64, 0.58478, 0.28361), (0.64, 0.56722, 0.26102), (0.64, 0.56722, 0.26102), (0.61992, 0.51702, 0.20078), (0.63247, 0.53208, 0.22839), (0.63498, 0.52455, 0.21584), (0.63247, 0.53459, 0.2309), (0.62745, 0.5371, 0.23592), (0.62745, 0.5371, 0.23592), (0.62243, 0.52204, 0.21835), (0.63498, 0.52455, 0.21584), (0.63247, 0.55718, 0.256), (0.64, 0.56722, 0.27106), (0.63498, 0.52455, 0.21082), (0.63498, 0.54714, 0.2309), (0.62494, 0.52204, 0.2058), (0.64, 0.52957, 0.21584), (0.62494, 0.52455, 0.22086), (0.62494, 0.512, 0.19827), (0.62243, 0.48941, 0.16816), (0.63749, 0.55467, 0.26353), (0.63749, 0.55969, 0.26604), (0.62745, 0.50447, 0.20078), (0.62745, 0.50447, 0.20078), (0.62745, 0.54212, 0.23341), (0.63749, 0.55467, 0.26353), (0.63247, 0.52706, 0.22588), (0.63498, 0.5371, 0.21835), (0.62745, 0.52455, 0.20831), (0.63498, 0.54463, 0.23843), (0.63247, 0.53208, 0.22086), (0.63749, 0.55969, 0.26604), (0.63749, 0.55969, 0.26604), (0.63749, 0.54714, 0.23843), (0.63498, 0.54463, 0.23843), (0.63749, 0.55216, 0.24094), (0.62745, 0.54212, 0.22588), (0.64, 0.56471, 0.25349), (0.62996, 0.54965, 0.24596), (0.62996, 0.55216, 0.23843), (0.62745, 0.5371, 0.22839), (0.62494, 0.51451, 0.18071), (0.62996, 0.53459, 0.21584), (0.63247, 0.52455, 0.19827), (0.63247, 0.55718, 0.25098), (0.63247, 0.53459, 0.2309), (0.63498, 0.53208, 0.21082), (0.63498, 0.53208, 0.21082), (0.63749, 0.5622, 0.26102), (0.63247, 0.55718, 0.25098), (0.64, 0.54463, 0.2309), (0.61741, 0.49443, 0.17318), (0.62996, 0.55216, 0.23843), (0.62996, 0.55216, 0.23843), (0.64, 0.57725, 0.27357), (0.64, 0.54463, 0.2309), (0.63749, 0.54965, 0.24847), (0.62745, 0.53961, 0.24847), (0.63247, 0.54212, 0.256), (0.62745, 0.54212, 0.23341), (0.63498, 0.5371, 0.21835), (0.63498, 0.52455, 0.19576), (0.63498, 0.52455, 0.19576), (0.62494, 0.51451, 0.18573), (0.62745, 0.54212, 0.23341), (0.62243, 0.50196, 0.19075), (0.63749, 0.52706, 0.21333), (0.64, 0.55969, 0.25098), (0.64, 0.55969, 0.25098), (0.63247, 0.54714, 0.23592), (0.62243, 0.50196, 0.19075), (0.64, 0.52706, 0.22839), (0.62494, 0.52455, 0.22086), (0.62745, 0.48439, 0.16063), (0.62745, 0.52957, 0.22588), (0.62745, 0.50698, 0.19576), (0.62494, 0.52455, 0.22086), (0.64, 0.56471, 0.25349), (0.63749, 0.55216, 0.24094), (0.63749, 0.55216, 0.24094), (0.61741, 0.54212, 0.21082), (0.63498, 0.53961, 0.22086), (0.62996, 0.49192, 0.17318), (0.63247, 0.54212, 0.256), (0.62996, 0.54965, 0.24094), (0.63749, 0.54965, 0.24847), (0.63247, 0.54714, 0.23843), (0.63247, 0.52204, 0.20831), (0.63247, 0.52455, 0.19827), (0.63247, 0.52455, 0.19827), (0.62243, 0.51702, 0.18071), (0.63247, 0.54714, 0.23843), (0.63749, 0.54714, 0.23843), (0.62243, 0.52204, 0.19075), (0.63749, 0.52706, 0.19325), (0.63749, 0.52706, 0.19325), (0.63498, 0.53961, 0.22086), (0.63749, 0.54714, 0.23843), (0.63247, 0.53208, 0.22839), (0.62996, 0.52455, 0.22337), (0.63498, 0.54714, 0.2309), (0.62996, 0.53459, 0.21584), (0.62996, 0.53459, 0.22588), (0.62996, 0.54965, 0.25098), (0.63498, 0.52706, 0.20078), (0.62745, 0.52706, 0.19576), (0.63498, 0.55467, 0.24596), (0.63498, 0.55467, 0.24596), (0.64, 0.57725, 0.27859), (0.63498, 0.52706, 0.20078), (0.62745, 0.48188, 0.16565), (0.62996, 0.50447, 0.19576), (0.62494, 0.52204, 0.22588), (0.62494, 0.52204, 0.22588), (0.63247, 0.55216, 0.24847), (0.62745, 0.48188, 0.16565), (0.63749, 0.54714, 0.24094), (0.62996, 0.50949, 0.16816), (0.63498, 0.51451, 0.17318), (0.63749, 0.55216, 0.24094), (0.62996, 0.5371, 0.21082), (0.63247, 0.51953, 0.19576), (0.62996, 0.54965, 0.25098), (0.63247, 0.52455, 0.20329), (0.62996, 0.53459, 0.21584), (0.64, 0.56471, 0.26353), (0.63247, 0.55216, 0.24847), (0.64, 0.55467, 0.24345), (0.64, 0.55467, 0.24345), (0.64, 0.57976, 0.28361), (0.64, 0.56471, 0.26353), (0.63498, 0.54714, 0.2309), (0.63749, 0.5371, 0.23341), (0.63247, 0.53208, 0.22839), (0.62996, 0.50949, 0.16816), (0.63749, 0.512, 0.18322), (0.64, 0.54212, 0.22337), (0.64, 0.54212, 0.22337), (0.62745, 0.54212, 0.2309), (0.62996, 0.50949, 0.16816), (0.64, 0.54463, 0.24596), (0.63247, 0.52706, 0.22337), (0.62745, 0.53208, 0.21333), (0.62745, 0.53208, 0.21333), (0.63498, 0.52706, 0.2058), (0.64, 0.54463, 0.24596), (0.63247, 0.51953, 0.19576), (0.63247, 0.53208, 0.20078), (0.63749, 0.55216, 0.24094), (0.63749, 0.53208, 0.22839), (0.63749, 0.52455, 0.21082), (0.63498, 0.52204, 0.20329), (0.63498, 0.52204, 0.20329), (0.62996, 0.50698, 0.18322), (0.63749, 0.53208, 0.22839), (0.64, 0.55216, 0.24345), (0.62494, 0.51702, 0.18824), (0.62996, 0.54463, 0.22839), (0.63247, 0.52204, 0.21835), (0.63749, 0.54714, 0.23843), (0.62494, 0.512, 0.19325), (0.62494, 0.512, 0.19325), (0.6149, 0.49192, 0.16314), (0.63247, 0.52204, 0.21835), (0.62243, 0.50196, 0.16565), (0.62996, 0.54965, 0.24596), (0.63498, 0.51451, 0.17318), (0.63247, 0.52706, 0.22588), (0.64, 0.54965, 0.24345), (0.63247, 0.55216, 0.24847), (0.63498, 0.53208, 0.21082), (0.62996, 0.53459, 0.22588), (0.62745, 0.54212, 0.2309), (0.62745, 0.54212, 0.2309), (0.64, 0.55718, 0.22839), (0.63498, 0.53208, 0.21082), (0.63247, 0.55216, 0.24847), (0.64, 0.53459, 0.22588), (0.62745, 0.52957, 0.22588), (0.62745, 0.52957, 0.22588), (0.63247, 0.53459, 0.2309), (0.63247, 0.55216, 0.24847), (0.63749, 0.52455, 0.20078), (0.63247, 0.54212, 0.24094), (0.62996, 0.51451, 0.20831), (0.62996, 0.51451, 0.20831), (0.63498, 0.51702, 0.19075), (0.63749, 0.52455, 0.20078), (0.62745, 0.52455, 0.21333), (0.63247, 0.51953, 0.20078), (0.64, 0.53459, 0.2309), (0.62243, 0.48941, 0.16816), (0.62494, 0.48941, 0.1531), (0.62243, 0.52706, 0.21333), (0.62243, 0.52706, 0.21333), (0.61992, 0.51953, 0.18824), (0.62243, 0.48941, 0.16816), (0.62996, 0.54212, 0.24094), (0.62745, 0.52957, 0.23592), (0.63749, 0.512, 0.18322), (0.62745, 0.52957, 0.23592), (0.64, 0.53961, 0.22839), (0.62996, 0.49694, 0.17569), (0.62996, 0.5371, 0.21082), (0.62996, 0.53459, 0.22588), (0.62996, 0.53459, 0.21584), (0.63749, 0.52455, 0.21082), (0.62996, 0.50196, 0.18322), (0.63247, 0.52706, 0.22337), (0.62996, 0.49192, 0.17318), (0.62745, 0.50196, 0.17318), (0.61741, 0.54212, 0.21082), (0.62494, 0.51702, 0.19075), (0.63749, 0.52455, 0.20078), (0.64, 0.54463, 0.23592), (0.62494, 0.51451, 0.18071), (0.63247, 0.50949, 0.18573), (0.64, 0.5371, 0.22086), (0.64, 0.5371, 0.22086), (0.62996, 0.53459, 0.21584), (0.62494, 0.51451, 0.18071), (0.64, 0.55718, 0.24094), (0.63749, 0.54965, 0.23341), (0.63749, 0.53459, 0.18322), (0.63749, 0.53459, 0.18322), (0.63749, 0.56471, 0.24847), (0.64, 0.55718, 0.24094), (0.64, 0.54463, 0.23592), (0.63247, 0.5371, 0.22337), (0.62494, 0.51702, 0.19075), (0.63247, 0.55467, 0.23592), (0.64, 0.56471, 0.27106), (0.62996, 0.55718, 0.24094), (0.62996, 0.55718, 0.24094), (0.64, 0.54463, 0.2309), (0.63247, 0.55467, 0.23592), (0.63498, 0.54965, 0.23341), (0.62996, 0.5371, 0.21082), (0.63247, 0.54212, 0.23341), (0.63247, 0.54212, 0.23341), (0.62494, 0.53961, 0.2058), (0.63498, 0.54965, 0.23341), (0.64, 0.53961, 0.22839), (0.62996, 0.52957, 0.21835), (0.63498, 0.5371, 0.23341), (0.64, 0.54714, 0.24345), (0.62996, 0.53459, 0.22086), (0.63749, 0.53459, 0.22337), (0.63498, 0.5371, 0.23341), (0.62996, 0.51702, 0.19325), (0.64, 0.53961, 0.22839), (0.63247, 0.53961, 0.20831), (0.63749, 0.54714, 0.2058), (0.62494, 0.52204, 0.16063), (0.62494, 0.52204, 0.16063), (0.64, 0.56973, 0.256), (0.63247, 0.53961, 0.20831), (0.64, 0.52455, 0.21835), (0.62745, 0.52957, 0.22588), (0.64, 0.53459, 0.22588), (0.63498, 0.50698, 0.18824), (0.64, 0.50698, 0.18573), (0.62745, 0.49945, 0.1782), (0.62745, 0.49945, 0.1782), (0.63247, 0.50196, 0.19576), (0.63498, 0.50698, 0.18824), (0.63247, 0.54212, 0.23341), (0.61992, 0.52957, 0.22337), (0.62494, 0.52455, 0.19576), (0.62494, 0.52455, 0.19576), (0.64, 0.58729, 0.29616), (0.63247, 0.54212, 0.23341), (0.63498, 0.53459, 0.2309), (0.63498, 0.49945, 0.16314), (0.62745, 0.50949, 0.18322), (0.61992, 0.50949, 0.20078), (0.62996, 0.50949, 0.18824), (0.63498, 0.54714, 0.2309), (0.63247, 0.51702, 0.17067), (0.63247, 0.54965, 0.22086), (0.63247, 0.56722, 0.26353), (0.64, 0.56973, 0.256), (0.62494, 0.52204, 0.16063), (0.62996, 0.53961, 0.19827), (0.62996, 0.53961, 0.19827), (0.63749, 0.56471, 0.24345), (0.64, 0.56973, 0.256), (0.64, 0.53459, 0.22588), (0.63749, 0.51702, 0.2058), (0.64, 0.52455, 0.21835), (0.63247, 0.5371, 0.22839), (0.62745, 0.52455, 0.21333), (0.63749, 0.54965, 0.24847), (0.63749, 0.54965, 0.24847), (0.62243, 0.52204, 0.19075), (0.63247, 0.5371, 0.22839), (0.62745, 0.5371, 0.22839), (0.64, 0.54965, 0.24345), (0.63749, 0.53459, 0.22337), (0.62996, 0.50447, 0.19075), (0.64, 0.5371, 0.24094), (0.62494, 0.50196, 0.18071), (0.63247, 0.56722, 0.26353), (0.62996, 0.50196, 0.14808), (0.63247, 0.51702, 0.17067), (0.63749, 0.53459, 0.22337), (0.64, 0.54965, 0.24345), (0.64, 0.54714, 0.24345), (0.62996, 0.53459, 0.22086), (0.63749, 0.55216, 0.24345), (0.64, 0.56471, 0.25349), (0.64, 0.56471, 0.25349), (0.63247, 0.51953, 0.19576), (0.62996, 0.53459, 0.22086), (0.62996, 0.49694, 0.17569), (0.62745, 0.50698, 0.19576), (0.62745, 0.52957, 0.22588), (0.62745, 0.52957, 0.22588), (0.62745, 0.52957, 0.23592), (0.62996, 0.49694, 0.17569), (0.63498, 0.57224, 0.27357), (0.63247, 0.53961, 0.25098), (0.62745, 0.53961, 0.24847), (0.63749, 0.54714, 0.24094), (0.63247, 0.53208, 0.20078), (0.63247, 0.51953, 0.19576), (0.63247, 0.51953, 0.19576), (0.62996, 0.54212, 0.24094), (0.63749, 0.54714, 0.24094), (0.62745, 0.55216, 0.24596), (0.63498, 0.56973, 0.26102), (0.62996, 0.55718, 0.24094), (0.62996, 0.55718, 0.24094), (0.62243, 0.512, 0.20329), (0.62745, 0.55216, 0.24596), (0.63247, 0.54212, 0.23592), (0.63498, 0.50698, 0.18824), (0.62996, 0.53459, 0.22086), (0.63498, 0.54714, 0.2309), (0.63498, 0.54965, 0.24094), (0.62996, 0.54965, 0.24596), (0.62996, 0.54965, 0.24596), (0.62745, 0.5371, 0.22839), (0.63498, 0.54714, 0.2309), (0.62996, 0.52455, 0.22337), (0.63498, 0.49945, 0.16314), (0.62745, 0.49192, 0.15561), (0.62745, 0.50698, 0.14557), (0.64, 0.55467, 0.22839), (0.62494, 0.49443, 0.15561), (0.63498, 0.55969, 0.25349), (0.63749, 0.54212, 0.22839), (0.64, 0.55969, 0.24847), (0.63498, 0.52957, 0.23341), (0.63749, 0.54965, 0.25851), (0.63247, 0.54463, 0.24847), (0.63247, 0.54463, 0.24847), (0.62745, 0.50949, 0.21333), (0.63498, 0.52957, 0.23341), (0.62996, 0.52957, 0.22337), (0.63498, 0.52455, 0.21584), (0.62996, 0.51451, 0.21333), (0.62996, 0.51451, 0.21333), (0.63749, 0.52455, 0.21082), (0.62996, 0.52957, 0.22337), (0.64, 0.54463, 0.25098), (0.64, 0.54965, 0.24094), (0.62243, 0.53208, 0.22337), (0.62243, 0.53208, 0.22337), (0.62745, 0.52455, 0.22839), (0.64, 0.54463, 0.25098), (0.62745, 0.53208, 0.22337), (0.63498, 0.54463, 0.24345), (0.62745, 0.53459, 0.20329), (0.62745, 0.53459, 0.20329), (0.64, 0.56973, 0.256), (0.62745, 0.53208, 0.22337), (0.64, 0.57976, 0.27357), (0.64, 0.56471, 0.25349), (0.64, 0.56471, 0.25349), (0.64, 0.56471, 0.25349), (0.62745, 0.55718, 0.24345), (0.64, 0.57976, 0.27357), (0.62494, 0.5371, 0.24094), (0.63247, 0.54463, 0.24345), (0.63247, 0.54463, 0.24345), (0.62494, 0.50698, 0.17569), (0.63247, 0.512, 0.19576), (0.63247, 0.53961, 0.20831), (0.63247, 0.53961, 0.20831), (0.63749, 0.55467, 0.22588), (0.62494, 0.50698, 0.17569), (0.62996, 0.53961, 0.2309), (0.64, 0.5622, 0.24847), (0.64, 0.56471, 0.24596), (0.64, 0.56471, 0.24596), (0.62996, 0.52204, 0.19325), (0.62996, 0.53961, 0.2309), (0.62494, 0.51953, 0.21584), (0.63247, 0.52204, 0.20831), (0.63247, 0.55216, 0.25349), (0.63247, 0.55216, 0.25349), (0.62996, 0.55718, 0.23592), (0.62494, 0.51953, 0.21584), (0.62745, 0.53961, 0.24847), (0.63749, 0.54965, 0.24847), (0.63498, 0.57224, 0.27357), (0.63247, 0.54463, 0.24345), (0.64, 0.5622, 0.26855), (0.62494, 0.5371, 0.24094), (0.62996, 0.52455, 0.22337), (0.63498, 0.51451, 0.19325), (0.62996, 0.52706, 0.2058), (0.62996, 0.52706, 0.2058), (0.63498, 0.54714, 0.2309), (0.62996, 0.52455, 0.22337), (0.63247, 0.49694, 0.18573), (0.63498, 0.53208, 0.22086), (0.63247, 0.54212, 0.23592), (0.63247, 0.54212, 0.23592), (0.62996, 0.53208, 0.22839), (0.63247, 0.49694, 0.18573), (0.62745, 0.52455, 0.21333), (0.62996, 0.54212, 0.22588), (0.63749, 0.54965, 0.22337), (0.64, 0.55969, 0.256), (0.63247, 0.54714, 0.23843), (0.63247, 0.55216, 0.24345), (0.62996, 0.55216, 0.23843), (0.63247, 0.55467, 0.23592), (0.63498, 0.53961, 0.22086), (0.61239, 0.52706, 0.19325), (0.63498, 0.55216, 0.21835), (0.63247, 0.55969, 0.24345), (0.62745, 0.49945, 0.1782), (0.63247, 0.52204, 0.20831), (0.63498, 0.53208, 0.22086), (0.62996, 0.50447, 0.19075), (0.62996, 0.52455, 0.22086), (0.62745, 0.52204, 0.22086), (0.62745, 0.52204, 0.22086), (0.64, 0.5371, 0.24094), (0.62996, 0.50447, 0.19075), (0.63498, 0.55969, 0.25349), (0.64, 0.56973, 0.27357), (0.63498, 0.54965, 0.23843), (0.63498, 0.54965, 0.23843), (0.62243, 0.54212, 0.23341), (0.63498, 0.55969, 0.25349), (0.63247, 0.55216, 0.26855), (0.63247, 0.55969, 0.26604), (0.62745, 0.52706, 0.19576), (0.62745, 0.52706, 0.19576), (0.62996, 0.52706, 0.2058), (0.63247, 0.55216, 0.26855), (0.62494, 0.51451, 0.18573), (0.63247, 0.52204, 0.20831), (0.62494, 0.51953, 0.21584), (0.62494, 0.51953, 0.21584), (0.64, 0.54714, 0.23843), (0.62494, 0.51451, 0.18573), (0.62996, 0.51953, 0.2058), (0.62745, 0.5371, 0.23592), (0.63247, 0.52957, 0.21835), (0.63247, 0.52957, 0.21835), (0.62745, 0.52455, 0.21333), (0.62996, 0.51953, 0.2058), (0.63749, 0.54714, 0.24094), (0.62996, 0.55216, 0.23843), (0.63749, 0.55718, 0.25349), (0.63749, 0.55718, 0.25349), (0.60235, 0.47686, 0.14808), (0.63749, 0.54714, 0.24094), (0.63498, 0.53208, 0.22086), (0.62745, 0.50196, 0.18824), (0.62745, 0.49945, 0.1782), (0.63498, 0.52204, 0.20831), (0.63749, 0.51451, 0.21082), (0.62996, 0.51702, 0.19325), (0.62996, 0.51702, 0.19325), (0.62996, 0.50698, 0.18322), (0.63498, 0.52204, 0.20831), (0.63749, 0.55467, 0.26353), (0.63498, 0.53961, 0.2309), (0.62996, 0.52706, 0.21082), (0.62996, 0.52706, 0.21082), (0.63749, 0.55969, 0.26604), (0.63749, 0.55467, 0.26353), (0.62745, 0.54463, 0.22086), (0.63247, 0.55467, 0.23592), (0.63498, 0.55969, 0.25349), (0.63498, 0.55969, 0.25349), (0.63749, 0.5622, 0.26102), (0.62745, 0.54463, 0.22086), (0.63749, 0.54212, 0.23341), (0.62745, 0.52957, 0.22588), (0.63749, 0.55718, 0.24847), (0.63749, 0.55718, 0.24847), (0.63247, 0.53459, 0.2309), (0.63749, 0.54212, 0.23341), (0.64, 0.54463, 0.23592), (0.62996, 0.53459, 0.21584), (0.64, 0.56722, 0.25851), (0.63498, 0.54714, 0.22086), (0.63498, 0.53459, 0.20329), (0.62745, 0.53961, 0.21835), (0.62745, 0.53961, 0.21835), (0.63749, 0.53961, 0.21082), (0.63498, 0.54714, 0.22086), (0.63498, 0.512, 0.18824), (0.62243, 0.48439, 0.16063), (0.63498, 0.50698, 0.18824), (0.63498, 0.50698, 0.18824), (0.63247, 0.52957, 0.21333), (0.63498, 0.512, 0.18824), (0.62243, 0.54463, 0.2309), (0.63498, 0.56973, 0.26102), (0.64, 0.57224, 0.27608), (0.64, 0.57224, 0.27608), (0.63498, 0.55467, 0.24596), (0.62243, 0.54463, 0.2309), (0.63247, 0.53459, 0.21584), (0.62996, 0.52706, 0.21082), (0.62494, 0.512, 0.19827), (0.62494, 0.512, 0.19827), (0.63498, 0.51451, 0.19827), (0.63247, 0.53459, 0.21584), (0.63247, 0.50949, 0.18573), (0.62494, 0.48941, 0.1531), (0.62243, 0.48941, 0.16816), (0.62243, 0.48941, 0.16816), (0.64, 0.5371, 0.22086), (0.63247, 0.50949, 0.18573), (0.64, 0.56722, 0.25851), (0.63247, 0.54714, 0.23592), (0.64, 0.54463, 0.23592), (0.62745, 0.50949, 0.18322), (0.62745, 0.50196, 0.19325), (0.64, 0.56973, 0.26855), (0.64, 0.56973, 0.26855), (0.63247, 0.55467, 0.24094), (0.62745, 0.50949, 0.18322), (0.64, 0.54965, 0.26102), (0.63498, 0.5371, 0.23341), (0.62996, 0.52957, 0.22588), (0.62494, 0.50196, 0.18071), (0.63749, 0.512, 0.19827), (0.63498, 0.51953, 0.21333), (0.63498, 0.54965, 0.24094), (0.62243, 0.51702, 0.18071), (0.63247, 0.52455, 0.19827), (0.62745, 0.49443, 0.16314), (0.64, 0.52706, 0.20329), (0.63247, 0.52204, 0.19325), (0.63247, 0.52204, 0.19325), (0.62243, 0.49443, 0.17318), (0.62745, 0.49443, 0.16314), (0.64, 0.53961, 0.21082), (0.63247, 0.52455, 0.19576), (0.63498, 0.52957, 0.22588), (0.63498, 0.52957, 0.22588), (0.64, 0.57725, 0.2811), (0.64, 0.53961, 0.21082), (0.63498, 0.51953, 0.21333), (0.63498, 0.55467, 0.256), (0.62494, 0.50196, 0.18071), (0.63498, 0.55216, 0.21835), (0.63247, 0.55718, 0.24596), (0.63247, 0.54714, 0.23592), (0.61741, 0.52204, 0.18322), (0.63749, 0.56471, 0.24847), (0.62996, 0.52706, 0.17569), (0.62996, 0.52706, 0.17569), (0.63749, 0.54463, 0.19325), (0.61741, 0.52204, 0.18322), (0.63247, 0.52455, 0.19827), (0.64, 0.56722, 0.25349), (0.63498, 0.54965, 0.24094), (0.63247, 0.54714, 0.23592), (0.62745, 0.52706, 0.22086), (0.63498, 0.52957, 0.22588), (0.64, 0.52455, 0.21835), (0.63749, 0.51702, 0.2058), (0.64, 0.53459, 0.2309), (0.64, 0.53459, 0.2309), (0.64, 0.5371, 0.23592), (0.64, 0.52455, 0.21835), (0.63749, 0.5622, 0.26102), (0.63749, 0.55216, 0.24094), (0.63247, 0.52706, 0.22337), (0.63247, 0.52706, 0.22337), (0.64, 0.54463, 0.24596), (0.63749, 0.5622, 0.26102), (0.62996, 0.52455, 0.22086), (0.62745, 0.512, 0.2058), (0.62745, 0.51451, 0.19576), (0.62745, 0.51451, 0.19576), (0.64, 0.53459, 0.20831), (0.62996, 0.52455, 0.22086), (0.62745, 0.5371, 0.22839), (0.62996, 0.54463, 0.22839), (0.64, 0.55718, 0.24596), (0.64, 0.55718, 0.24596), (0.62996, 0.56722, 0.25098), (0.62745, 0.5371, 0.22839), (0.63749, 0.52706, 0.19827), (0.63247, 0.51702, 0.17067), (0.62996, 0.50698, 0.1782), (0.62996, 0.50698, 0.1782), (0.63498, 0.53208, 0.22086), (0.63749, 0.52706, 0.19827), (0.63498, 0.52455, 0.21082), (0.64, 0.54965, 0.26353), (0.63247, 0.53208, 0.20329), (0.63247, 0.53208, 0.20329), (0.62996, 0.54463, 0.22839), (0.63498, 0.52455, 0.21082), (0.63749, 0.54965, 0.25349), (0.64, 0.55718, 0.24094), (0.64, 0.55718, 0.24094), (0.64, 0.55718, 0.24094), (0.63247, 0.52957, 0.21333), (0.63749, 0.54965, 0.25349), (0.64, 0.56722, 0.26604), (0.63247, 0.54463, 0.25349), (0.62745, 0.53961, 0.23843), (0.62996, 0.50196, 0.18322), (0.64, 0.53459, 0.20831), (0.63247, 0.53961, 0.20831), (0.63247, 0.53961, 0.20831), (0.63247, 0.54965, 0.22086), (0.62996, 0.50196, 0.18322), (0.63498, 0.55467, 0.256), (0.63247, 0.55216, 0.24345), (0.63498, 0.55467, 0.256), (0.63498, 0.55467, 0.256), (0.62745, 0.52706, 0.19827), (0.63498, 0.55467, 0.256), (0.63498, 0.52455, 0.21584), (0.62243, 0.52204, 0.21835), (0.62996, 0.55467, 0.26855), (0.62996, 0.55467, 0.26855), (0.64, 0.55467, 0.27859), (0.63498, 0.52455, 0.21584), (0.62996, 0.52957, 0.22588), (0.63749, 0.55969, 0.26855), (0.64, 0.54965, 0.26102), (0.62996, 0.51702, 0.21835), (0.63749, 0.53459, 0.23843), (0.62745, 0.52957, 0.21082), (0.62745, 0.52957, 0.21082), (0.63749, 0.52455, 0.2058), (0.62996, 0.51702, 0.21835), (0.64, 0.54965, 0.24094), (0.63247, 0.54463, 0.21835), (0.62745, 0.54212, 0.2309), (0.62745, 0.54212, 0.2309), (0.63498, 0.53961, 0.22588), (0.64, 0.54965, 0.24094), (0.63498, 0.51702, 0.19075), (0.64, 0.55216, 0.25098), (0.62745, 0.55216, 0.22588), (0.62745, 0.55216, 0.22588), (0.63498, 0.5371, 0.20831), (0.63498, 0.51702, 0.19075), (0.62996, 0.51451, 0.20831), (0.63247, 0.55216, 0.24847), (0.63749, 0.54212, 0.22839), (0.63749, 0.54212, 0.22839), (0.62494, 0.49945, 0.17067), (0.62996, 0.51451, 0.20831), (0.63498, 0.52957, 0.22588), (0.63247, 0.52204, 0.20831), (0.63247, 0.54714, 0.23592), (0.63498, 0.5371, 0.23341), (0.64, 0.57725, 0.29365), (0.62243, 0.54965, 0.24847), (0.61741, 0.49443, 0.17318), (0.64, 0.54463, 0.2309), (0.63247, 0.50447, 0.18322), (0.63247, 0.50447, 0.18322), (0.62996, 0.49694, 0.17067), (0.61741, 0.49443, 0.17318), (0.63247, 0.52957, 0.23341), (0.62243, 0.53208, 0.22337), (0.63749, 0.54212, 0.22839), (0.63749, 0.54212, 0.22839), (0.64, 0.56471, 0.26353), (0.63247, 0.52957, 0.23341), (0.62745, 0.51953, 0.19827), (0.63247, 0.52204, 0.19325), (0.64, 0.55969, 0.25098), (0.64, 0.55969, 0.25098), (0.63749, 0.55216, 0.24094), (0.62745, 0.51953, 0.19827), (0.62745, 0.56471, 0.26855), (0.64, 0.54714, 0.22839), (0.63749, 0.5622, 0.256), (0.63749, 0.5622, 0.256), (0.63749, 0.56471, 0.26353), (0.62745, 0.56471, 0.26855), (0.64, 0.55969, 0.24847), (0.63749, 0.54212, 0.22839), (0.63247, 0.54714, 0.23592), (0.63247, 0.54714, 0.23592), (0.62494, 0.51702, 0.16816), (0.64, 0.55969, 0.24847), (0.61992, 0.50949, 0.20078), (0.61992, 0.52957, 0.22337), (0.63247, 0.55216, 0.24345), (0.63247, 0.55216, 0.24345), (0.62996, 0.50949, 0.18824), (0.61992, 0.50949, 0.20078), (0.62745, 0.53961, 0.23843), (0.63749, 0.56471, 0.27106), (0.64, 0.56722, 0.26604), (0.63498, 0.50698, 0.18824), (0.62243, 0.5371, 0.22588), (0.62996, 0.56722, 0.27608), (0.62996, 0.56722, 0.27608), (0.62243, 0.4869, 0.14808), (0.63498, 0.50698, 0.18824), (0.62243, 0.54965, 0.24847), (0.63498, 0.53961, 0.22086), (0.63498, 0.5371, 0.23341), (0.63247, 0.55969, 0.26604), (0.63498, 0.55467, 0.27106), (0.63749, 0.5371, 0.2058), (0.63749, 0.5371, 0.2058), (0.62745, 0.52706, 0.19576), (0.63247, 0.55969, 0.26604), (0.63247, 0.55216, 0.25349), (0.63498, 0.55969, 0.25851), (0.62996, 0.52706, 0.2058), (0.62996, 0.5371, 0.24345), (0.62996, 0.51702, 0.20329), (0.63247, 0.53459, 0.21082), (0.63247, 0.53459, 0.21082), (0.62996, 0.54965, 0.25098), (0.62996, 0.5371, 0.24345), (0.62745, 0.50949, 0.18322), (0.63498, 0.49945, 0.16314), (0.62243, 0.49945, 0.17569), (0.62243, 0.49945, 0.17569), (0.62745, 0.50196, 0.19325), (0.62745, 0.50949, 0.18322), (0.64, 0.56973, 0.27608), (0.63247, 0.55969, 0.26353), (0.62494, 0.512, 0.18824), (0.62494, 0.512, 0.18824), (0.64, 0.54714, 0.22839), (0.64, 0.56973, 0.27608), (0.63749, 0.49443, 0.17067), (0.62243, 0.48439, 0.16063), (0.64, 0.55718, 0.22588), (0.63498, 0.51702, 0.18573), (0.64, 0.56722, 0.25349), (0.64, 0.58478, 0.26855), (0.64, 0.58478, 0.26855), (0.63749, 0.54965, 0.23341), (0.63498, 0.51702, 0.18573), (0.63749, 0.53459, 0.22337), (0.62243, 0.4869, 0.14808), (0.63247, 0.53208, 0.20329), (0.64, 0.53208, 0.19827), (0.63749, 0.5622, 0.256), (0.63498, 0.53208, 0.21584), (0.63498, 0.53208, 0.21584), (0.64, 0.54965, 0.22588), (0.64, 0.53208, 0.19827), (0.63247, 0.53208, 0.20329), (0.62745, 0.5371, 0.22839), (0.63749, 0.53459, 0.22337), (0.64, 0.52455, 0.21835), (0.63498, 0.52204, 0.20831), (0.63498, 0.53459, 0.22337), (0.63498, 0.53459, 0.22337), (0.62745, 0.52455, 0.21333), (0.64, 0.52455, 0.21835), (0.63247, 0.52957, 0.20831), (0.62745, 0.54463, 0.22086), (0.63749, 0.5622, 0.26102), (0.63749, 0.5622, 0.26102), (0.63498, 0.5622, 0.26604), (0.63247, 0.52957, 0.20831), (0.62996, 0.52706, 0.2058), (0.62243, 0.52706, 0.20831), (0.63247, 0.55216, 0.25349), (0.63247, 0.51953, 0.20078), (0.62745, 0.51702, 0.18322), (0.63498, 0.5371, 0.23341), (0.62745, 0.50949, 0.21333), (0.63247, 0.54463, 0.24847), (0.64, 0.55216, 0.256), (0.64, 0.55216, 0.256), (0.64, 0.52957, 0.23592), (0.62745, 0.50949, 0.21333), (0.63498, 0.5371, 0.23341), (0.63498, 0.53961, 0.22086), (0.63247, 0.51953, 0.20078), (0.63498, 0.53961, 0.22086), (0.63749, 0.55216, 0.24094), (0.62996, 0.55216, 0.23843), (0.64, 0.54463, 0.25098), (0.63247, 0.51702, 0.21584), (0.64, 0.52957, 0.23592), (0.64, 0.58729, 0.28863), (0.63498, 0.56471, 0.256), (0.63247, 0.55216, 0.24847), (0.63749, 0.57224, 0.27357), (0.63749, 0.56471, 0.26353), (0.63749, 0.56973, 0.2811), (0.62996, 0.53961, 0.2309), (0.63498, 0.55216, 0.26102), (0.63749, 0.56722, 0.29114), (0.63749, 0.56722, 0.29114), (0.63749, 0.53961, 0.23592), (0.62996, 0.53961, 0.2309), (0.64, 0.52957, 0.23592), (0.64, 0.55216, 0.256), (0.64, 0.54463, 0.25098), (0.62745, 0.51451, 0.19576), (0.63247, 0.512, 0.19075), (0.62996, 0.52957, 0.22337), (0.63749, 0.56471, 0.24847), (0.64, 0.54463, 0.22588), (0.63749, 0.5622, 0.256), (0.63749, 0.5622, 0.256), (0.63498, 0.55467, 0.24596), (0.63749, 0.56471, 0.24847), (0.62243, 0.51702, 0.21333), (0.63498, 0.54463, 0.23592), (0.62745, 0.49945, 0.1782), (0.62745, 0.49945, 0.1782), (0.63247, 0.52455, 0.20329), (0.62243, 0.51702, 0.21333), (0.62745, 0.52957, 0.21082), (0.63247, 0.53208, 0.22588), (0.63498, 0.51451, 0.19827), (0.63247, 0.5622, 0.25349), (0.64, 0.57475, 0.26604), (0.64, 0.57725, 0.27357), (0.64, 0.57725, 0.27357), (0.64, 0.57224, 0.25851), (0.63247, 0.5622, 0.25349), (0.63498, 0.51451, 0.19827), (0.62494, 0.512, 0.19827), (0.62745, 0.52957, 0.21082), (0.62996, 0.52957, 0.22337), (0.63749, 0.52706, 0.21835), (0.62745, 0.51451, 0.19576), (0.63749, 0.54965, 0.23341), (0.64, 0.54714, 0.20831), (0.62996, 0.52957, 0.20078), (0.62996, 0.52957, 0.20078), (0.63749, 0.53459, 0.18322), (0.63749, 0.54965, 0.23341), (0.64, 0.55718, 0.22588), (0.64, 0.54714, 0.22086), (0.63749, 0.49443, 0.17067), (0.63247, 0.54463, 0.24847), (0.63749, 0.55216, 0.24094), (0.6149, 0.4869, 0.16565), (0.62745, 0.54463, 0.22086), (0.63498, 0.56722, 0.27357), (0.64, 0.56471, 0.27106), (0.64, 0.56471, 0.27106), (0.63247, 0.55467, 0.23592), (0.62745, 0.54463, 0.22086), (0.64, 0.55467, 0.24596), (0.63498, 0.5622, 0.26604), (0.63749, 0.55969, 0.26604), (0.64, 0.58478, 0.27859), (0.63749, 0.53961, 0.22086), (0.62494, 0.51702, 0.18824), (0.62494, 0.51702, 0.18824), (0.63498, 0.55467, 0.24596), (0.64, 0.58478, 0.27859), (0.62996, 0.54463, 0.22839), (0.64, 0.56722, 0.25851), (0.64, 0.54463, 0.21082), (0.64, 0.54463, 0.21082), (0.64, 0.5622, 0.23843), (0.62996, 0.54463, 0.22839), (0.64, 0.56973, 0.27608), (0.63749, 0.54714, 0.23843), (0.62996, 0.53961, 0.2309), (0.62996, 0.53961, 0.2309), (0.64, 0.5622, 0.27106), (0.64, 0.56973, 0.27608), (0.62996, 0.51451, 0.21333), (0.63247, 0.52957, 0.21835), (0.62243, 0.51953, 0.20831), (0.62243, 0.51953, 0.20831), (0.63749, 0.52455, 0.21082), (0.62996, 0.51451, 0.21333), (0.63749, 0.55969, 0.26604), (0.63247, 0.53961, 0.21333), (0.64, 0.55467, 0.24596), (0.62996, 0.52706, 0.17569), (0.64, 0.55969, 0.25098), (0.62996, 0.5371, 0.21082), (0.62996, 0.5371, 0.21082), (0.63749, 0.54463, 0.19325), (0.62996, 0.52706, 0.17569), (0.64, 0.58227, 0.28361), (0.64, 0.57725, 0.26855), (0.63498, 0.52455, 0.19576), (0.63247, 0.51953, 0.19576), (0.64, 0.56973, 0.27357), (0.63247, 0.512, 0.19576), (0.63749, 0.5371, 0.23341), (0.64, 0.56471, 0.25349), (0.64, 0.53459, 0.23341), (0.63498, 0.52706, 0.20078), (0.64, 0.57725, 0.27859), (0.63247, 0.54463, 0.22839), (0.62745, 0.53961, 0.21333), (0.63498, 0.55718, 0.23843), (0.63749, 0.54463, 0.21835), (0.63498, 0.5371, 0.20831), (0.62745, 0.55216, 0.22588), (0.62745, 0.53961, 0.21333), (0.64, 0.55467, 0.25349), (0.62996, 0.55467, 0.25349), (0.64, 0.56471, 0.25098), (0.64, 0.56471, 0.25098), (0.64, 0.54965, 0.24094), (0.64, 0.55467, 0.25349), (0.63247, 0.52706, 0.22337), (0.62996, 0.50196, 0.18322), (0.63498, 0.52455, 0.21584), (0.63498, 0.52455, 0.21584), (0.64, 0.52957, 0.21584), (0.63247, 0.52706, 0.22337), (0.63498, 0.54965, 0.27357), (0.62996, 0.53961, 0.23341), (0.63749, 0.53961, 0.21584), (0.63749, 0.53961, 0.21584), (0.62996, 0.54212, 0.25098), (0.63498, 0.54965, 0.27357), (0.60235, 0.47686, 0.14808), (0.62745, 0.53208, 0.22337), (0.63498, 0.52455, 0.21584), (0.63498, 0.52455, 0.21584), (0.62243, 0.51953, 0.20329), (0.60235, 0.47686, 0.14808), (0.63749, 0.5371, 0.2309), (0.62494, 0.53459, 0.23341), (0.63498, 0.52455, 0.19576), (0.63498, 0.52455, 0.19576), (0.62243, 0.512, 0.20329), (0.63749, 0.5371, 0.2309), (0.63247, 0.54463, 0.22839), (0.64, 0.56471, 0.26353), (0.63498, 0.57224, 0.27357), (0.63498, 0.57224, 0.27357), (0.62996, 0.53459, 0.21584), (0.63247, 0.54463, 0.22839), (0.62494, 0.51451, 0.18071), (0.63247, 0.50447, 0.18322), (0.62996, 0.55718, 0.24094), (0.62243, 0.53459, 0.23843), (0.64, 0.55467, 0.24596), (0.63498, 0.5371, 0.21835), (0.63498, 0.5371, 0.21835), (0.63749, 0.54965, 0.25851), (0.62243, 0.53459, 0.23843), (0.62996, 0.55718, 0.24094), (0.62996, 0.52957, 0.19827), (0.62494, 0.51451, 0.18071), (0.63749, 0.53459, 0.21333), (0.63247, 0.53208, 0.22086), (0.62745, 0.53459, 0.24094), (0.6149, 0.4869, 0.16565), (0.63498, 0.52455, 0.21584), (0.63247, 0.54463, 0.24847), (0.63749, 0.5622, 0.256), (0.64, 0.56471, 0.25349), (0.62745, 0.54212, 0.22588), (0.62996, 0.52957, 0.22588), (0.63498, 0.5371, 0.23341), (0.63247, 0.52204, 0.20831), (0.64, 0.53459, 0.2309), (0.63749, 0.55216, 0.24094), (0.63498, 0.53459, 0.22337), (0.63498, 0.53459, 0.22337), (0.62494, 0.52957, 0.22086), (0.64, 0.53459, 0.2309), (0.62745, 0.50447, 0.18322), (0.62996, 0.50447, 0.17569), (0.62996, 0.50447, 0.17067), (0.63247, 0.54463, 0.24345), (0.63247, 0.54463, 0.24345), (0.63247, 0.54965, 0.25851), (0.63247, 0.54965, 0.25851), (0.62996, 0.53961, 0.23341), (0.63247, 0.54463, 0.24345), (0.63247, 0.52204, 0.20831), (0.64, 0.53208, 0.21082), (0.62996, 0.52957, 0.22588), (0.62745, 0.51953, 0.19827), (0.62996, 0.5371, 0.24345), (0.62996, 0.54965, 0.25098), (0.62996, 0.54965, 0.25098), (0.62996, 0.53961, 0.2309), (0.62745, 0.51953, 0.19827), (0.62745, 0.54212, 0.22588), (0.64, 0.54463, 0.2309), (0.63749, 0.5622, 0.256), (0.62494, 0.52455, 0.22086), (0.62745, 0.50698, 0.19576), (0.64, 0.53961, 0.23592), (0.64, 0.53961, 0.23592), (0.63247, 0.53459, 0.2309), (0.62494, 0.52455, 0.22086), (0.62243, 0.51953, 0.20329), (0.63498, 0.52455, 0.21584), (0.6149, 0.4869, 0.16565), (0.6149, 0.4869, 0.16565), (0.62996, 0.52706, 0.2058), (0.62243, 0.51953, 0.20329), (0.62745, 0.54212, 0.22588), (0.62494, 0.51702, 0.18824), (0.64, 0.55216, 0.24345), (0.63749, 0.51451, 0.21082), (0.63749, 0.512, 0.18322), (0.62745, 0.52957, 0.23592), (0.62745, 0.52957, 0.23592), (0.62745, 0.52957, 0.22588), (0.63749, 0.51451, 0.21082), (0.64, 0.55718, 0.22839), (0.62745, 0.54212, 0.2309), (0.64, 0.56471, 0.27106), (0.64, 0.56471, 0.27106), (0.62745, 0.54714, 0.23843), (0.64, 0.55718, 0.22839), (0.62996, 0.5371, 0.21082), (0.63749, 0.55718, 0.25349), (0.61992, 0.52957, 0.22337), (0.61992, 0.52957, 0.22337), (0.63247, 0.54212, 0.23341), (0.62996, 0.5371, 0.21082), (0.63498, 0.55216, 0.22337), (0.64, 0.55467, 0.23843), (0.64, 0.52706, 0.20329), (0.63247, 0.54965, 0.22086), (0.63247, 0.5622, 0.25349), (0.64, 0.57224, 0.25851), (0.64, 0.57224, 0.25851), (0.63247, 0.56722, 0.26353), (0.63247, 0.54965, 0.22086), (0.62745, 0.53961, 0.21333), (0.63749, 0.54463, 0.21835), (0.63498, 0.5371, 0.20831), (0.63247, 0.53459, 0.2309), (0.62996, 0.50949, 0.19827), (0.62745, 0.48439, 0.16063), (0.63247, 0.54965, 0.25851), (0.62996, 0.54965, 0.24596), (0.62243, 0.52455, 0.20078), (0.64, 0.54965, 0.24847), (0.63247, 0.54212, 0.23341), (0.62745, 0.53459, 0.24094), (0.62745, 0.53459, 0.24094), (0.63247, 0.53961, 0.24596), (0.64, 0.54965, 0.24847), (0.62745, 0.53459, 0.24094), (0.63247, 0.54212, 0.23341), (0.63749, 0.53459, 0.21333), (0.62996, 0.50447, 0.17067), (0.62996, 0.51702, 0.19325), (0.62745, 0.50447, 0.18322), (0.63498, 0.55969, 0.25851), (0.63498, 0.5622, 0.26855), (0.62745, 0.52957, 0.2058), (0.62745, 0.52957, 0.2058), (0.62996, 0.52706, 0.2058), (0.63498, 0.55969, 0.25851), (0.63498, 0.55467, 0.27106), (0.63749, 0.56973, 0.2811), (0.63498, 0.5371, 0.20831), (0.63498, 0.5371, 0.20831), (0.63749, 0.5371, 0.2058), (0.63498, 0.55467, 0.27106), (0.64, 0.53459, 0.20831), (0.62745, 0.51451, 0.19576), (0.64, 0.53459, 0.19827), (0.62745, 0.48439, 0.16063), (0.62494, 0.52455, 0.22086), (0.63247, 0.53459, 0.2309), (0.63498, 0.54463, 0.24345), (0.64, 0.56471, 0.27859), (0.63247, 0.50949, 0.18573), (0.63247, 0.50949, 0.18573), (0.62745, 0.53459, 0.20329), (0.63498, 0.54463, 0.24345), (0.63498, 0.56722, 0.27357), (0.63247, 0.55216, 0.25349), (0.62996, 0.53961, 0.2309), (0.62996, 0.53961, 0.2309), (0.63749, 0.54714, 0.24094), (0.63498, 0.56722, 0.27357), (0.62494, 0.51702, 0.18824), (0.62745, 0.54212, 0.22588), (0.63247, 0.5371, 0.22839), (0.63247, 0.5371, 0.22839), (0.62996, 0.52455, 0.18824), (0.62494, 0.51702, 0.18824), (0.63498, 0.53961, 0.2309), (0.63498, 0.52455, 0.21584), (0.62745, 0.50447, 0.18322), (0.62745, 0.50447, 0.18322), (0.62745, 0.51702, 0.20329), (0.63498, 0.53961, 0.2309), (0.63498, 0.53208, 0.21584), (0.63498, 0.56973, 0.26604), (0.62996, 0.5371, 0.20329), (0.62996, 0.5371, 0.20329), (0.63247, 0.52204, 0.20831), (0.63498, 0.53208, 0.21584), (0.63247, 0.53459, 0.21082), (0.63498, 0.5371, 0.21835), (0.63749, 0.54965, 0.23341), (0.63749, 0.54965, 0.23341), (0.64, 0.55718, 0.24094), (0.63247, 0.53459, 0.21082), (0.62745, 0.54965, 0.256), (0.62996, 0.54212, 0.24596), (0.63247, 0.55467, 0.26102), (0.63247, 0.55467, 0.26102), (0.62745, 0.5371, 0.2309), (0.62745, 0.54965, 0.256), (0.62996, 0.53459, 0.22588), (0.61992, 0.51953, 0.19075), (0.62996, 0.52957, 0.19827), (0.62996, 0.52957, 0.19827), (0.62996, 0.54965, 0.25098), (0.62996, 0.53459, 0.22588), (0.62996, 0.56722, 0.25098), (0.64, 0.55718, 0.24596), (0.64, 0.55969, 0.24596), (0.64, 0.55969, 0.24596), (0.6149, 0.49694, 0.17067), (0.62996, 0.56722, 0.25098), (0.63749, 0.54714, 0.2058), (0.64, 0.56471, 0.25851), (0.62996, 0.55216, 0.23843), (0.62996, 0.55216, 0.23843), (0.62494, 0.52204, 0.16063), (0.63749, 0.54714, 0.2058), (0.62494, 0.51702, 0.19075), (0.62243, 0.52706, 0.21333), (0.62494, 0.48941, 0.1531), (0.63498, 0.53459, 0.20329), (0.63498, 0.53459, 0.2058), (0.64, 0.55216, 0.25098), (0.64, 0.53961, 0.23592), (0.62996, 0.53208, 0.20329), (0.63498, 0.54714, 0.25098), (0.64, 0.56722, 0.26102), (0.63749, 0.5622, 0.25098), (0.61992, 0.51702, 0.20078), (0.63247, 0.512, 0.19576), (0.63247, 0.512, 0.19075), (0.64, 0.55969, 0.24345), (0.64, 0.55969, 0.24345), (0.63247, 0.53961, 0.20831), (0.63247, 0.512, 0.19576), (0.62996, 0.53459, 0.22588), (0.63498, 0.52455, 0.21082), (0.64, 0.56722, 0.27106), (0.64, 0.56722, 0.27106), (0.64, 0.56722, 0.27106), (0.62996, 0.53459, 0.22588), (0.62745, 0.56471, 0.26855), (0.62996, 0.56722, 0.25098), (0.6149, 0.49694, 0.17067), (0.64, 0.53459, 0.19827), (0.63247, 0.53961, 0.20831), (0.64, 0.53459, 0.20831), (0.64, 0.56471, 0.26353), (0.63749, 0.5622, 0.256), (0.63749, 0.55216, 0.23592), (0.63749, 0.55216, 0.23592), (0.63498, 0.55467, 0.24596), (0.64, 0.56471, 0.26353), (0.64, 0.58729, 0.29616), (0.63498, 0.54714, 0.22086), (0.62494, 0.53961, 0.2058), (0.62996, 0.53459, 0.20078), (0.63749, 0.55216, 0.24094), (0.64, 0.55467, 0.22839), (0.64, 0.55467, 0.22839), (0.62745, 0.50698, 0.14557), (0.62996, 0.53459, 0.20078), (0.62996, 0.54212, 0.22086), (0.63247, 0.54714, 0.23592), (0.63749, 0.54212, 0.22839), (0.62243, 0.52455, 0.20078), (0.62996, 0.52706, 0.2058), (0.63247, 0.54965, 0.25851), (0.63749, 0.54212, 0.22839), (0.62745, 0.54212, 0.22588), (0.62996, 0.54212, 0.22086), (0.63498, 0.57224, 0.27357), (0.64, 0.54965, 0.24094), (0.64, 0.55718, 0.24847), (0.64, 0.55718, 0.24847), (0.64, 0.57725, 0.2811), (0.63498, 0.57224, 0.27357), (0.62996, 0.5371, 0.24847), (0.63749, 0.55718, 0.24847), (0.63498, 0.55969, 0.25851), (0.63498, 0.55969, 0.25851), (0.62745, 0.52706, 0.22337), (0.62996, 0.5371, 0.24847), (0.63498, 0.55467, 0.256), (0.62996, 0.53208, 0.23341), (0.63498, 0.53961, 0.2309), (0.63498, 0.53961, 0.2309), (0.63749, 0.55467, 0.26353), (0.63498, 0.55467, 0.256), (0.62494, 0.53961, 0.2058), (0.63247, 0.54212, 0.23341), (0.64, 0.58729, 0.29616), (0.62996, 0.50698, 0.18322), (0.63498, 0.52204, 0.20329), (0.62745, 0.52455, 0.21333), (0.62745, 0.52455, 0.21333), (0.63498, 0.52204, 0.20831), (0.62996, 0.50698, 0.18322), (0.62996, 0.52706, 0.2058), (0.63498, 0.53459, 0.20329), (0.63498, 0.55467, 0.256), (0.63498, 0.55467, 0.256), (0.63498, 0.51953, 0.21333), (0.62996, 0.52706, 0.2058), (0.63749, 0.54212, 0.22337), (0.64, 0.56722, 0.26604), (0.63247, 0.52706, 0.22588), (0.64, 0.55467, 0.23341), (0.64, 0.54463, 0.23341), (0.64, 0.56471, 0.25349), (0.64, 0.54714, 0.22839), (0.63498, 0.53208, 0.21584), (0.63749, 0.5622, 0.256), (0.63498, 0.55467, 0.24596), (0.63498, 0.54463, 0.23843), (0.62494, 0.54463, 0.24596), (0.63247, 0.52706, 0.22588), (0.63498, 0.53459, 0.2309), (0.63749, 0.54212, 0.22337), (0.63749, 0.54212, 0.22839), (0.63247, 0.512, 0.19576), (0.63498, 0.51702, 0.19075), (0.63498, 0.51702, 0.19075), (0.64, 0.55718, 0.24847), (0.63749, 0.54212, 0.22839), (0.64, 0.55216, 0.24345), (0.64, 0.54212, 0.21835), (0.62745, 0.54212, 0.22588), (0.63247, 0.53459, 0.2309), (0.62745, 0.52957, 0.22588), (0.63749, 0.54212, 0.23341), (0.63749, 0.54212, 0.23341), (0.64, 0.57725, 0.29365), (0.63247, 0.53459, 0.2309), (0.6149, 0.49694, 0.17067), (0.64, 0.54714, 0.22839), (0.62745, 0.56471, 0.26855), (0.63247, 0.55969, 0.24345), (0.63498, 0.55216, 0.21835), (0.63247, 0.54714, 0.23592), (0.63247, 0.54714, 0.23592), (0.62996, 0.53208, 0.22839), (0.63247, 0.55969, 0.24345), (0.63749, 0.55969, 0.26604), (0.62996, 0.52706, 0.21082), (0.62996, 0.52706, 0.21082), (0.62996, 0.52706, 0.21082), (0.63749, 0.5371, 0.2309), (0.63749, 0.55969, 0.26604), (0.62996, 0.56471, 0.26102), (0.63247, 0.52957, 0.20831), (0.62996, 0.5371, 0.21082), (0.62996, 0.5371, 0.21082), (0.64, 0.55969, 0.256), (0.62996, 0.56471, 0.26102), (0.63247, 0.53208, 0.22086), (0.63749, 0.53459, 0.21333), (0.64, 0.53961, 0.23592), (0.62494, 0.50447, 0.16314), (0.63749, 0.55467, 0.22588), (0.64, 0.55216, 0.22588), (0.64, 0.55216, 0.22588), (0.62494, 0.51702, 0.16816), (0.62494, 0.50447, 0.16314), (0.63247, 0.52957, 0.21333), (0.63498, 0.52957, 0.22588), (0.6149, 0.51451, 0.20831), (0.6149, 0.51451, 0.20831), (0.62745, 0.51953, 0.19827), (0.63247, 0.52957, 0.21333), (0.63247, 0.53961, 0.21333), (0.63749, 0.55969, 0.26604), (0.63498, 0.55467, 0.24596), (0.63498, 0.5371, 0.21835), (0.62996, 0.50698, 0.18573), (0.63749, 0.53459, 0.22337), (0.63749, 0.53459, 0.22337), (0.62745, 0.52455, 0.20831), (0.63498, 0.5371, 0.21835), (0.62996, 0.53459, 0.22588), (0.62996, 0.53961, 0.23341), (0.64, 0.54212, 0.23843), (0.64, 0.54212, 0.23843), (0.62745, 0.5371, 0.23592), (0.62996, 0.53459, 0.22588), (0.62996, 0.52204, 0.19325), (0.64, 0.56471, 0.24596), (0.64, 0.58227, 0.28361), (0.64, 0.58227, 0.28361), (0.63498, 0.52455, 0.19576), (0.62996, 0.52204, 0.19325), (0.63498, 0.55467, 0.24596), (0.62494, 0.51702, 0.18824), (0.63247, 0.53961, 0.21333), (0.64, 0.54212, 0.21835), (0.64, 0.55718, 0.24094), (0.63498, 0.57976, 0.27859), (0.63498, 0.5371, 0.21835), (0.63247, 0.52706, 0.22588), (0.63749, 0.5371, 0.23341), (0.63749, 0.5371, 0.23341), (0.64, 0.54965, 0.24094), (0.63498, 0.5371, 0.21835), (0.63247, 0.56722, 0.26353), (0.64, 0.57224, 0.25851), (0.64, 0.56471, 0.25349), (0.64, 0.56471, 0.25349), (0.64, 0.57976, 0.27357), (0.63247, 0.56722, 0.26353), (0.63498, 0.55718, 0.26353), (0.63749, 0.54714, 0.26102), (0.63247, 0.53459, 0.21584), (0.63247, 0.53459, 0.21584), (0.63247, 0.53459, 0.21082), (0.63498, 0.55718, 0.26353), (0.63498, 0.57976, 0.27859), (0.64, 0.56722, 0.27106), (0.64, 0.54212, 0.21835), (0.62996, 0.50949, 0.16816), (0.63749, 0.54714, 0.24094), (0.62996, 0.54212, 0.24094), (0.62996, 0.54212, 0.24094), (0.63749, 0.512, 0.18322), (0.62996, 0.50949, 0.16816), (0.63498, 0.55467, 0.25098), (0.63498, 0.5622, 0.26604), (0.62996, 0.54714, 0.22337), (0.62494, 0.51702, 0.19576), (0.63247, 0.53208, 0.22086), (0.63749, 0.5371, 0.2309), (0.63749, 0.5371, 0.2309), (0.63247, 0.52204, 0.21835), (0.62494, 0.51702, 0.19576), (0.62996, 0.54714, 0.22337), (0.63749, 0.5622, 0.256), (0.63498, 0.55467, 0.25098), (0.63498, 0.52455, 0.21584), (0.62745, 0.53208, 0.22337), (0.62745, 0.55216, 0.25098), (0.62745, 0.55216, 0.25098), (0.63247, 0.54463, 0.24847), (0.63498, 0.52455, 0.21584), (0.62494, 0.48941, 0.1531), (0.63247, 0.50949, 0.18573), (0.62494, 0.51702, 0.19075), (0.62996, 0.54965, 0.25098), (0.63247, 0.53459, 0.21082), (0.64, 0.55718, 0.24094), (0.64, 0.55718, 0.24094), (0.63498, 0.54714, 0.24596), (0.62996, 0.54965, 0.25098), (0.63247, 0.49694, 0.18573), (0.63749, 0.5371, 0.2309), (0.63247, 0.53208, 0.22086), (0.63247, 0.53208, 0.22086), (0.63749, 0.54463, 0.21835), (0.63247, 0.49694, 0.18573), (0.62745, 0.53459, 0.20831), (0.62494, 0.5371, 0.24094), (0.64, 0.5622, 0.26855), (0.63247, 0.53208, 0.22086), (0.62996, 0.53459, 0.22588), (0.63247, 0.53459, 0.2309), (0.63247, 0.53459, 0.2309), (0.62745, 0.53459, 0.24094), (0.63247, 0.53208, 0.22086), (0.64, 0.53961, 0.23592), (0.63498, 0.54714, 0.25098), (0.63247, 0.53208, 0.22086), (0.63498, 0.54463, 0.23592), (0.63749, 0.54714, 0.24094), (0.62996, 0.53961, 0.23341), (0.62996, 0.53961, 0.23341), (0.62996, 0.53459, 0.22588), (0.63498, 0.54463, 0.23592), (0.64, 0.54714, 0.23843), (0.63749, 0.512, 0.19827), (0.62494, 0.50196, 0.18071), (0.62494, 0.50196, 0.18071), (0.62494, 0.51451, 0.18573), (0.64, 0.54714, 0.23843), (0.64, 0.5622, 0.26855), (0.64, 0.55216, 0.2309), (0.62745, 0.53459, 0.20831), (0.63498, 0.5622, 0.26604), (0.63498, 0.57976, 0.27859), (0.63498, 0.57224, 0.2811), (0.63498, 0.57224, 0.2811), (0.63749, 0.55969, 0.26604), (0.63498, 0.5622, 0.26604), (0.63247, 0.55969, 0.26353), (0.63749, 0.53961, 0.21584), (0.63247, 0.52204, 0.21333), (0.63247, 0.52204, 0.21333), (0.62494, 0.512, 0.18824), (0.63247, 0.55969, 0.26353), (0.6149, 0.48188, 0.15059), (0.64, 0.55969, 0.24596), (0.64, 0.55718, 0.24596), (0.63498, 0.55969, 0.25349), (0.64, 0.55969, 0.24847), (0.63749, 0.55216, 0.24094), (0.62996, 0.51702, 0.19827), (0.60486, 0.47937, 0.17067), (0.63749, 0.53961, 0.23592), (0.62243, 0.54463, 0.2309), (0.62996, 0.55216, 0.23843), (0.63247, 0.53208, 0.22086), (0.63247, 0.52204, 0.21835), (0.62996, 0.51702, 0.21835), (0.63749, 0.52455, 0.2058), (0.63749, 0.52455, 0.2058), (0.63498, 0.52204, 0.19827), (0.63247, 0.52204, 0.21835), (0.63749, 0.55718, 0.25349), (0.64, 0.56973, 0.256), (0.63749, 0.56471, 0.24345), (0.63749, 0.53961, 0.23592), (0.63749, 0.56722, 0.29114), (0.62996, 0.51702, 0.19827), (0.62494, 0.54463, 0.24596), (0.63749, 0.56471, 0.24847), (0.63498, 0.55467, 0.24596), (0.63247, 0.54212, 0.23341), (0.63749, 0.56722, 0.25851), (0.63498, 0.5622, 0.26604), (0.63749, 0.56471, 0.24345), (0.61992, 0.52957, 0.22337), (0.63749, 0.55718, 0.25349), (0.63749, 0.54714, 0.24094), (0.60235, 0.47686, 0.14808), (0.64, 0.54212, 0.2309), (0.64, 0.54212, 0.2309), (0.62494, 0.51451, 0.18071), (0.63749, 0.54714, 0.24094), (0.62745, 0.53208, 0.22337), (0.63749, 0.55718, 0.25349), (0.63498, 0.55467, 0.24596), (0.63498, 0.55467, 0.24596), (0.62745, 0.55216, 0.25098), (0.62745, 0.53208, 0.22337), (0.63498, 0.54714, 0.2309), (0.64, 0.55969, 0.24847), (0.63247, 0.53459, 0.2309), (0.63247, 0.53459, 0.2309), (0.64, 0.55718, 0.26604), (0.63498, 0.54714, 0.2309), (0.63247, 0.54714, 0.23843), (0.63498, 0.55467, 0.24596), (0.63749, 0.5622, 0.256), (0.62996, 0.49694, 0.17569), (0.64, 0.53961, 0.22839), (0.62996, 0.53459, 0.21584), (0.62996, 0.53459, 0.21584), (0.63247, 0.52455, 0.20329), (0.62996, 0.49694, 0.17569), (0.62996, 0.54965, 0.24094), (0.62996, 0.53961, 0.2309), (0.63247, 0.55216, 0.24847), (0.63247, 0.55216, 0.24847), (0.64, 0.56471, 0.26353), (0.62996, 0.54965, 0.24094), (0.63498, 0.5622, 0.26604), (0.64, 0.55467, 0.24596), (0.63247, 0.54212, 0.23341), (0.63498, 0.52455, 0.21584), (0.63247, 0.51702, 0.21584), (0.62745, 0.52455, 0.22839), (0.62745, 0.52455, 0.22839), (0.63247, 0.52957, 0.23341), (0.63498, 0.52455, 0.21584), (0.63498, 0.52204, 0.20329), (0.62745, 0.49443, 0.16314), (0.62243, 0.49443, 0.17318), (0.64, 0.54212, 0.21082), (0.62745, 0.54212, 0.22588), (0.63749, 0.54212, 0.22839), (0.63749, 0.54212, 0.22839), (0.63498, 0.55969, 0.25349), (0.64, 0.54212, 0.21082), (0.62996, 0.54463, 0.23341), (0.62494, 0.52455, 0.19576), (0.63498, 0.5371, 0.21835), (0.62996, 0.51953, 0.2058), (0.64, 0.55467, 0.23843), (0.63749, 0.5371, 0.20831), (0.64, 0.57976, 0.28361), (0.64, 0.56471, 0.256), (0.63749, 0.55969, 0.24596), (0.63749, 0.55969, 0.24596), (0.63749, 0.57224, 0.27357), (0.64, 0.57976, 0.28361), (0.63247, 0.53208, 0.22086), (0.63749, 0.54714, 0.24094), (0.62243, 0.54463, 0.2309), (0.62996, 0.54212, 0.24596), (0.63749, 0.53208, 0.22839), (0.64, 0.55216, 0.26604), (0.64, 0.55216, 0.26604), (0.63247, 0.55467, 0.26102), (0.62996, 0.54212, 0.24596), (0.64, 0.52706, 0.22839), (0.63749, 0.51451, 0.21082), (0.62745, 0.52957, 0.22588), (0.62745, 0.52957, 0.22588), (0.62494, 0.52455, 0.22086), (0.64, 0.52706, 0.22839), (0.62996, 0.50447, 0.19576), (0.62745, 0.48188, 0.16565), (0.64, 0.54463, 0.21082), (0.64, 0.54463, 0.21082), (0.62996, 0.53459, 0.22086), (0.62996, 0.50447, 0.19576), (0.63749, 0.5371, 0.20831), (0.62243, 0.52204, 0.21584), (0.62996, 0.51953, 0.2058), (0.63498, 0.5371, 0.21835), (0.63247, 0.5371, 0.22839), (0.62996, 0.54463, 0.23341), (0.62745, 0.52455, 0.21333), (0.62494, 0.52204, 0.2058), (0.63498, 0.54714, 0.2309), (0.63498, 0.54714, 0.2309), (0.62745, 0.5371, 0.22839), (0.62745, 0.52455, 0.21333), (0.63749, 0.52455, 0.21082), (0.62243, 0.49443, 0.17569), (0.63247, 0.52706, 0.22588), (0.63247, 0.52706, 0.22588), (0.63247, 0.55216, 0.24847), (0.63749, 0.52455, 0.21082), (0.63749, 0.55216, 0.24094), (0.64, 0.55969, 0.25098), (0.62745, 0.50447, 0.17569), (0.63749, 0.51953, 0.22337), (0.63498, 0.53208, 0.23592), (0.62996, 0.5371, 0.24345), (0.62996, 0.5371, 0.24345), (0.62745, 0.51953, 0.19827), (0.63749, 0.51953, 0.22337), (0.63498, 0.53961, 0.2309), (0.62745, 0.55216, 0.24596), (0.62243, 0.512, 0.20329), (0.62243, 0.512, 0.20329), (0.63498, 0.52455, 0.21584), (0.63498, 0.53961, 0.2309), (0.63749, 0.55216, 0.23592), (0.64, 0.56722, 0.256), (0.63749, 0.56471, 0.24847), (0.63749, 0.56471, 0.24847), (0.63498, 0.55467, 0.24596), (0.63749, 0.55216, 0.23592), (0.63247, 0.53961, 0.24596), (0.62745, 0.53459, 0.24094), (0.63247, 0.53459, 0.2309), (0.64, 0.58729, 0.28863), (0.62745, 0.57475, 0.2811), (0.63247, 0.5622, 0.25349), (0.63247, 0.5622, 0.25349), (0.63498, 0.56471, 0.256), (0.64, 0.58729, 0.28863), (0.63749, 0.54965, 0.24847), (0.62996, 0.54965, 0.24094), (0.64, 0.56471, 0.26353), (0.62494, 0.51702, 0.16816), (0.64, 0.55216, 0.22588), (0.64, 0.56471, 0.25851), (0.64, 0.56471, 0.25851), (0.63749, 0.54714, 0.2058), (0.62494, 0.51702, 0.16816), (0.64, 0.57725, 0.27357), (0.63498, 0.5622, 0.26604), (0.64, 0.57224, 0.25851), (0.64, 0.56471, 0.26353), (0.63498, 0.55969, 0.24847), (0.63749, 0.54965, 0.24847), (0.63749, 0.52455, 0.21082), (0.62996, 0.52455, 0.22086), (0.64, 0.53459, 0.20831), (0.64, 0.53459, 0.20831), (0.62996, 0.50196, 0.18322), (0.63749, 0.52455, 0.21082), (0.61992, 0.51451, 0.21082), (0.64, 0.55216, 0.26102), (0.62996, 0.52957, 0.22337), (0.62996, 0.52957, 0.22337), (0.63498, 0.53459, 0.22337), (0.61992, 0.51451, 0.21082), (0.63749, 0.55216, 0.24094), (0.62996, 0.54463, 0.23341), (0.63498, 0.55969, 0.25349), (0.62996, 0.53208, 0.22839), (0.63498, 0.53961, 0.22086), (0.64, 0.54463, 0.23592), (0.64, 0.54463, 0.23592), (0.63749, 0.52706, 0.21835), (0.62996, 0.53208, 0.22839), (0.62996, 0.53208, 0.22839), (0.63749, 0.52706, 0.21835), (0.63749, 0.5371, 0.2309), (0.63749, 0.5371, 0.2309), (0.63247, 0.49694, 0.18573), (0.62996, 0.53208, 0.22839), (0.64, 0.5371, 0.22086), (0.62494, 0.52204, 0.2058), (0.62745, 0.52455, 0.21333), (0.62745, 0.52455, 0.21333), (0.62996, 0.53459, 0.21584), (0.64, 0.5371, 0.22086), (0.63247, 0.54212, 0.23341), (0.63247, 0.54212, 0.24094), (0.63749, 0.52455, 0.20078), (0.63749, 0.52455, 0.20078), (0.63749, 0.56722, 0.25851), (0.63247, 0.54212, 0.23341), (0.62243, 0.49443, 0.17318), (0.62243, 0.50949, 0.18573), (0.63498, 0.52204, 0.20329), (0.64, 0.55718, 0.22839), (0.63247, 0.55216, 0.24345), (0.62745, 0.54965, 0.2309), (0.62745, 0.54965, 0.2309), (0.61239, 0.52706, 0.19325), (0.64, 0.55718, 0.22839), (0.62243, 0.49443, 0.17569), (0.63749, 0.52455, 0.21082), (0.61992, 0.52957, 0.22086), (0.61992, 0.52957, 0.22086), (0.62996, 0.54965, 0.24094), (0.62243, 0.49443, 0.17569), (0.63749, 0.5622, 0.256), (0.63247, 0.55216, 0.24345), (0.63247, 0.54714, 0.23843), (0.62745, 0.50447, 0.17569), (0.62745, 0.51953, 0.19827), (0.63749, 0.55216, 0.24094), (0.62996, 0.53208, 0.22839), (0.63247, 0.54714, 0.23592), (0.63749, 0.54714, 0.23843), (0.63498, 0.52204, 0.20831), (0.63749, 0.52455, 0.21082), (0.63498, 0.52455, 0.22086), (0.63498, 0.52455, 0.22086), (0.63498, 0.53459, 0.22337), (0.63498, 0.52204, 0.20831), (0.63247, 0.53961, 0.25098), (0.62745, 0.5371, 0.23592), (0.63749, 0.56973, 0.2811), (0.63247, 0.53459, 0.2309), (0.63247, 0.55718, 0.25098), (0.63247, 0.53961, 0.24596), (0.63247, 0.53208, 0.22588), (0.62745, 0.53208, 0.22337), (0.64, 0.56973, 0.256), (0.63498, 0.55216, 0.22337), (0.64, 0.52706, 0.20329), (0.63247, 0.52455, 0.20329), (0.62996, 0.55216, 0.23843), (0.64, 0.54463, 0.23592), (0.62494, 0.52204, 0.16063), (0.63498, 0.51451, 0.19827), (0.63247, 0.53208, 0.22588), (0.64, 0.56722, 0.26604), (0.64, 0.56722, 0.26604), (0.64, 0.57725, 0.27608), (0.63498, 0.51451, 0.19827), (0.62745, 0.52706, 0.22086), (0.62494, 0.51953, 0.21584), (0.62996, 0.55718, 0.23592), (0.62996, 0.55718, 0.23592), (0.63749, 0.54714, 0.23843), (0.62745, 0.52706, 0.22086), (0.63247, 0.52455, 0.20329), (0.63749, 0.5622, 0.256), (0.63498, 0.55216, 0.22337), (0.62243, 0.52204, 0.19075), (0.63498, 0.55969, 0.25349), (0.62996, 0.54463, 0.23341), (0.62996, 0.54463, 0.23341), (0.63247, 0.5371, 0.22839), (0.62243, 0.52204, 0.19075), (0.63749, 0.53459, 0.18322), (0.62996, 0.52957, 0.20078), (0.64, 0.55969, 0.25098), (0.64, 0.55969, 0.25098), (0.62996, 0.52706, 0.17569), (0.63749, 0.53459, 0.18322), (0.63498, 0.54714, 0.24596), (0.62996, 0.53459, 0.22086), (0.63247, 0.51953, 0.19576), (0.63247, 0.51953, 0.19576), (0.63247, 0.55216, 0.24847), (0.63498, 0.54714, 0.24596), (0.62745, 0.5371, 0.23592), (0.63498, 0.52957, 0.23341), (0.63247, 0.54965, 0.26102), (0.63247, 0.54965, 0.26102), (0.63749, 0.56973, 0.2811), (0.62745, 0.5371, 0.23592), (0.62745, 0.512, 0.2058), (0.62996, 0.52455, 0.22086), (0.62996, 0.50447, 0.19576), (0.62996, 0.50447, 0.19576), (0.64, 0.53961, 0.23592), (0.62745, 0.512, 0.2058), (0.64, 0.56973, 0.256), (0.64, 0.56722, 0.26604), (0.63247, 0.53208, 0.22588), (0.63498, 0.53961, 0.2309), (0.64, 0.54965, 0.24094), (0.63498, 0.53961, 0.22588), (0.63498, 0.53961, 0.22588), (0.62996, 0.55216, 0.25851), (0.63498, 0.53961, 0.2309), (0.62996, 0.53208, 0.22839), (0.62745, 0.52455, 0.21333), (0.63749, 0.54965, 0.22337), (0.63749, 0.54965, 0.22337), (0.63247, 0.55969, 0.24345), (0.62996, 0.53208, 0.22839), (0.63749, 0.56973, 0.2811), (0.63498, 0.55467, 0.27106), (0.63247, 0.53961, 0.25098), (0.64, 0.56722, 0.27106), (0.63247, 0.55718, 0.256), (0.61992, 0.5371, 0.21333), (0.61992, 0.5371, 0.21333), (0.62494, 0.5371, 0.22086), (0.64, 0.56722, 0.27106), (0.62745, 0.5371, 0.23592), (0.62243, 0.53459, 0.23843), (0.63749, 0.54965, 0.25851), (0.63749, 0.55969, 0.26604), (0.63749, 0.54714, 0.24094), (0.63498, 0.53961, 0.2058), (0.63498, 0.53961, 0.2058), (0.62243, 0.52204, 0.19075), (0.63749, 0.55969, 0.26604), (0.63749, 0.54714, 0.23843), (0.63247, 0.53459, 0.21584), (0.62996, 0.53208, 0.22839), (0.63247, 0.5371, 0.22839), (0.63749, 0.55216, 0.24094), (0.62494, 0.52455, 0.19576), (0.63749, 0.53208, 0.19576), (0.63498, 0.53961, 0.2058), (0.63749, 0.54714, 0.24094), (0.63749, 0.55969, 0.26604), (0.62243, 0.52204, 0.19075), (0.63749, 0.54714, 0.23843), (0.63749, 0.5371, 0.2309), (0.62745, 0.52957, 0.21082), (0.62494, 0.512, 0.19827), (0.63247, 0.53208, 0.22086), (0.63498, 0.55718, 0.24345), (0.63498, 0.5371, 0.23341), (0.63498, 0.5371, 0.23341), (0.63749, 0.53961, 0.24094), (0.63247, 0.53208, 0.22086), (0.63247, 0.52455, 0.20329), (0.64, 0.53459, 0.2309), (0.62745, 0.50698, 0.19576), (0.62745, 0.50698, 0.19576), (0.62996, 0.49694, 0.17569), (0.63247, 0.52455, 0.20329), (0.63749, 0.55216, 0.24094), (0.63749, 0.57475, 0.27859), (0.64, 0.57976, 0.2811), (0.64, 0.57976, 0.2811), (0.63498, 0.53459, 0.22337), (0.63749, 0.55216, 0.24094), (0.62745, 0.51953, 0.19827), (0.62996, 0.53961, 0.2309), (0.63749, 0.54714, 0.23843), (0.63749, 0.54714, 0.23843), (0.63247, 0.52204, 0.21835), (0.62745, 0.51953, 0.19827), (0.62494, 0.50698, 0.17569), (0.63749, 0.55467, 0.22588), (0.62494, 0.50447, 0.16314), (0.64, 0.55467, 0.25851), (0.63749, 0.53459, 0.21333), (0.63749, 0.53208, 0.19576), (0.63749, 0.53208, 0.19576), (0.63749, 0.54714, 0.24094), (0.64, 0.55467, 0.25851), (0.62996, 0.54714, 0.22337), (0.64, 0.55467, 0.23341), (0.64, 0.56471, 0.25349), (0.64, 0.56471, 0.25349), (0.63749, 0.5622, 0.256), (0.62996, 0.54714, 0.22337), (0.62745, 0.50196, 0.19325), (0.62494, 0.50196, 0.18071), (0.62996, 0.53961, 0.2309), (0.62996, 0.53961, 0.2309), (0.64, 0.56973, 0.26855), (0.62745, 0.50196, 0.19325), (0.63749, 0.54965, 0.25851), (0.63498, 0.52957, 0.23341), (0.62745, 0.5371, 0.23592), (0.62996, 0.51702, 0.20329), (0.63498, 0.51702, 0.19075), (0.63498, 0.5371, 0.21835), (0.63498, 0.5371, 0.21835), (0.63247, 0.53459, 0.21082), (0.62996, 0.51702, 0.20329), (0.63749, 0.56471, 0.26353), (0.63749, 0.5622, 0.256), (0.64, 0.53208, 0.19827), (0.64, 0.53208, 0.19827), (0.64, 0.55467, 0.23341), (0.63749, 0.56471, 0.26353), (0.62494, 0.52455, 0.19576), (0.62996, 0.53459, 0.20078), (0.63247, 0.5371, 0.22839), (0.62996, 0.54965, 0.24596), (0.62996, 0.53459, 0.21584), (0.63498, 0.54714, 0.24596), (0.63498, 0.54714, 0.24596), (0.62996, 0.55216, 0.23843), (0.62996, 0.54965, 0.24596), (0.63498, 0.512, 0.18824), (0.63247, 0.52957, 0.21333), (0.62745, 0.51953, 0.19827), (0.62996, 0.52204, 0.19576), (0.64, 0.57224, 0.27608), (0.62745, 0.55216, 0.24596), (0.63247, 0.51953, 0.20078), (0.63247, 0.52957, 0.20831), (0.62745, 0.52706, 0.19576), (0.62745, 0.52706, 0.19576), (0.62745, 0.51451, 0.19576), (0.63247, 0.51953, 0.20078), (0.62996, 0.52455, 0.22086), (0.63247, 0.53208, 0.22839), (0.63749, 0.5371, 0.23341), (0.62745, 0.51953, 0.19827), (0.62494, 0.52204, 0.21082), (0.63498, 0.512, 0.18824), (0.63749, 0.54714, 0.26102), (0.62745, 0.50949, 0.21333), (0.64, 0.52957, 0.23592), (0.64, 0.52957, 0.23592), (0.62996, 0.54965, 0.25098), (0.63749, 0.54714, 0.26102), (0.63498, 0.52957, 0.22588), (0.62494, 0.51702, 0.19075), (0.63247, 0.5371, 0.22337), (0.63247, 0.5371, 0.22337), (0.6149, 0.51451, 0.20831), (0.63498, 0.52957, 0.22588), (0.63749, 0.5371, 0.23341), (0.63247, 0.54212, 0.23592), (0.62996, 0.52455, 0.22086), (0.64, 0.55467, 0.24596), (0.62243, 0.53459, 0.23843), (0.63498, 0.57224, 0.27357), (0.63498, 0.57224, 0.27357), (0.63498, 0.55969, 0.24847), (0.64, 0.55467, 0.24596), (0.62745, 0.55216, 0.24596), (0.63498, 0.53961, 0.2309), (0.62996, 0.52204, 0.19576), (0.63498, 0.53961, 0.22086), (0.64, 0.54965, 0.24094), (0.63498, 0.53961, 0.2309), (0.63498, 0.53961, 0.2309), (0.62494, 0.51451, 0.18573), (0.63498, 0.53961, 0.22086), (0.63498, 0.52204, 0.20831), (0.62745, 0.52455, 0.21333), (0.63498, 0.53208, 0.23592), (0.63498, 0.53208, 0.23592), (0.63749, 0.51953, 0.22337), (0.63498, 0.52204, 0.20831), (0.62494, 0.51451, 0.18071), (0.63247, 0.52455, 0.19827), (0.62494, 0.52706, 0.19827), (0.62494, 0.52706, 0.19827), (0.62243, 0.52455, 0.20078), (0.62494, 0.51451, 0.18071), (0.62745, 0.52455, 0.21333), (0.63498, 0.52204, 0.20329), (0.63247, 0.54714, 0.23843), (0.63247, 0.54714, 0.23843), (0.62243, 0.51953, 0.20831), (0.62745, 0.52455, 0.21333), (0.62494, 0.512, 0.19827), (0.61992, 0.50949, 0.2058), (0.63749, 0.5371, 0.2309), (0.62745, 0.53208, 0.22337), (0.62243, 0.51702, 0.21333), (0.63247, 0.52455, 0.20329), (0.63247, 0.52455, 0.20329), (0.63749, 0.53961, 0.22086), (0.62745, 0.53208, 0.22337), (0.63498, 0.52957, 0.22588), (0.64, 0.56722, 0.24596), (0.61992, 0.51953, 0.20831), (0.63498, 0.57224, 0.27608), (0.63247, 0.55216, 0.24847), (0.62996, 0.54965, 0.24596), (0.62996, 0.54965, 0.24596), (0.64, 0.55467, 0.24596), (0.63498, 0.57224, 0.27608), (0.62745, 0.52455, 0.21333), (0.64, 0.55467, 0.23843), (0.62996, 0.51953, 0.2058), (0.63749, 0.54463, 0.21333), (0.63247, 0.52706, 0.19075), (0.63498, 0.52455, 0.22086), (0.63247, 0.54965, 0.26102), (0.63498, 0.55718, 0.26353), (0.63247, 0.53459, 0.21082), (0.63247, 0.53459, 0.21082), (0.63498, 0.53961, 0.22588), (0.63247, 0.54965, 0.26102), (0.63498, 0.52455, 0.21584), (0.63498, 0.5371, 0.21835), (0.62745, 0.55718, 0.24345), (0.62243, 0.52204, 0.21835), (0.62745, 0.5371, 0.23592), (0.63247, 0.56973, 0.27357), (0.63247, 0.56973, 0.27357), (0.62745, 0.53961, 0.23843), (0.62243, 0.52204, 0.21835), (0.63247, 0.53961, 0.21333), (0.63247, 0.53459, 0.21082), (0.62996, 0.52204, 0.20078), (0.62996, 0.52204, 0.20078), (0.64, 0.55467, 0.24596), (0.63247, 0.53961, 0.21333), (0.63498, 0.5622, 0.26604), (0.63247, 0.55969, 0.25851), (0.64, 0.56471, 0.25349), (0.64, 0.56471, 0.25349), (0.64, 0.57224, 0.25851), (0.63498, 0.5622, 0.26604), (0.63498, 0.54212, 0.24847), (0.64, 0.57475, 0.27608), (0.64, 0.58478, 0.28361), (0.62745, 0.55718, 0.24345), (0.63749, 0.53961, 0.24094), (0.63498, 0.52455, 0.21584), (0.63498, 0.55467, 0.24596), (0.63749, 0.5622, 0.256), (0.64, 0.55969, 0.24345), (0.62996, 0.52204, 0.19325), (0.63247, 0.53208, 0.20329), (0.64, 0.54965, 0.26353), (0.62996, 0.50196, 0.18322), (0.63247, 0.54965, 0.22086), (0.63498, 0.52455, 0.21584), (0.62745, 0.52706, 0.19576), (0.64, 0.53459, 0.19827), (0.62745, 0.51451, 0.19576), (0.64, 0.54463, 0.23592), (0.63247, 0.54714, 0.23592), (0.64, 0.55467, 0.23341), (0.64, 0.55467, 0.23341), (0.63498, 0.55467, 0.25098), (0.64, 0.54463, 0.23592), (0.62243, 0.52204, 0.21584), (0.63749, 0.5371, 0.20831), (0.63749, 0.53459, 0.21333), (0.63498, 0.54714, 0.24596), (0.63247, 0.53208, 0.22086), (0.62996, 0.55216, 0.23843), (0.62243, 0.54463, 0.2309), (0.63749, 0.54714, 0.24094), (0.63498, 0.56973, 0.26102), (0.63247, 0.52957, 0.21333), (0.63498, 0.50698, 0.18824), (0.63247, 0.50196, 0.19576), (0.63247, 0.50196, 0.19576), (0.63498, 0.52957, 0.22588), (0.63247, 0.52957, 0.21333), (0.64, 0.54714, 0.24345), (0.64, 0.54965, 0.24345), (0.63247, 0.52706, 0.22588), (0.63247, 0.52706, 0.22588), (0.64, 0.5371, 0.24094), (0.64, 0.54714, 0.24345), (0.63247, 0.52204, 0.20831), (0.63498, 0.52957, 0.22588), (0.61992, 0.51953, 0.20831), (0.61992, 0.51953, 0.20831), (0.63498, 0.53208, 0.22086), (0.63247, 0.52204, 0.20831), (0.64, 0.54965, 0.26353), (0.64, 0.55467, 0.27859), (0.62996, 0.52204, 0.19325), (0.63247, 0.53961, 0.25098), (0.63498, 0.57224, 0.27357), (0.62243, 0.53459, 0.23843), (0.62243, 0.53459, 0.23843), (0.62745, 0.5371, 0.23592), (0.63247, 0.53961, 0.25098), (0.62745, 0.52706, 0.22086), (0.63247, 0.54714, 0.23592), (0.64, 0.54714, 0.23843), (0.64, 0.58478, 0.28361), (0.63247, 0.53208, 0.22839), (0.63498, 0.54212, 0.24847), (0.64, 0.55969, 0.24345), (0.64, 0.54714, 0.25851), (0.63498, 0.55467, 0.24596), (0.63247, 0.52957, 0.23341), (0.61992, 0.51451, 0.21082), (0.63498, 0.53459, 0.22337), (0.63498, 0.53459, 0.22337), (0.63749, 0.55718, 0.24847), (0.63247, 0.52957, 0.23341), (0.62996, 0.53961, 0.2309), (0.64, 0.54463, 0.2309), (0.62745, 0.54212, 0.22588), (0.62745, 0.54212, 0.22588), (0.63498, 0.55216, 0.26102), (0.62996, 0.53961, 0.2309), (0.64, 0.54965, 0.24345), (0.64, 0.55467, 0.24345), (0.63498, 0.55467, 0.256), (0.63498, 0.55467, 0.256), (0.64, 0.5622, 0.25851), (0.64, 0.54965, 0.24345), (0.64, 0.55467, 0.24596), (0.63749, 0.57224, 0.27357), (0.62494, 0.5371, 0.21584), (0.62494, 0.5371, 0.21584), (0.63498, 0.5371, 0.21835), (0.64, 0.55467, 0.24596), (0.62494, 0.51451, 0.18573), (0.63498, 0.52455, 0.19576), (0.64, 0.57725, 0.26855), (0.64, 0.57725, 0.26855), (0.64, 0.58227, 0.28612), (0.62494, 0.51451, 0.18573), (0.64, 0.5371, 0.24094), (0.64, 0.55969, 0.25098), (0.63749, 0.58478, 0.29114), (0.64, 0.57725, 0.2811), (0.64, 0.55718, 0.24847), (0.62996, 0.53208, 0.23341), (0.62996, 0.53208, 0.23341), (0.63498, 0.55467, 0.256), (0.64, 0.57725, 0.2811), (0.63247, 0.51953, 0.19576), (0.64, 0.54965, 0.24094), (0.62745, 0.54212, 0.23341), (0.62745, 0.5371, 0.23592), (0.62996, 0.5371, 0.24847), (0.62745, 0.52706, 0.22337), (0.63498, 0.5622, 0.26604), (0.64, 0.53208, 0.19827), (0.64, 0.54965, 0.22588), (0.64, 0.54965, 0.22588), (0.60988, 0.512, 0.19325), (0.63498, 0.5622, 0.26604), (0.62494, 0.48941, 0.1531), (0.62243, 0.48941, 0.16816), (0.62494, 0.512, 0.19827), (0.62494, 0.512, 0.19827), (0.62243, 0.48941, 0.16816), (0.62494, 0.48941, 0.1531), (0.64, 0.52204, 0.20078), (0.64, 0.55467, 0.23843), (0.62745, 0.52455, 0.21333), (0.63749, 0.53459, 0.21333), (0.64, 0.55467, 0.25851), (0.62243, 0.52204, 0.21584), (0.63749, 0.55216, 0.23592), (0.64, 0.55969, 0.24345), (0.63247, 0.512, 0.19075), (0.62745, 0.5371, 0.23592), (0.63749, 0.53459, 0.22337), (0.62996, 0.50698, 0.18573), (0.64, 0.54714, 0.23843), (0.62494, 0.51953, 0.21584), (0.62745, 0.52706, 0.22086), (0.63498, 0.56722, 0.27357), (0.62996, 0.53459, 0.20078), (0.62745, 0.53961, 0.21835), (0.62745, 0.53961, 0.21835), (0.64, 0.56471, 0.27106), (0.63498, 0.56722, 0.27357), (0.64, 0.56973, 0.26855), (0.62996, 0.53459, 0.21584), (0.63247, 0.54714, 0.23592), (0.62996, 0.50698, 0.18573), (0.62996, 0.53459, 0.22588), (0.62745, 0.5371, 0.23592), (0.63749, 0.58478, 0.29114), (0.64, 0.55467, 0.24596), (0.64, 0.5371, 0.24094), (0.63749, 0.55216, 0.24094), (0.63749, 0.54714, 0.24094), (0.63749, 0.52957, 0.20078), (0.63749, 0.52957, 0.20078), (0.63247, 0.52706, 0.22337), (0.63749, 0.55216, 0.24094), (0.63247, 0.54714, 0.23592), (0.63247, 0.56471, 0.27106), (0.64, 0.56973, 0.26855), (0.62996, 0.52706, 0.2058), (0.62996, 0.52957, 0.21835), (0.62996, 0.53961, 0.23341), (0.62243, 0.48439, 0.16063), (0.62996, 0.50196, 0.18071), (0.62243, 0.50447, 0.1782), (0.62243, 0.50447, 0.1782), (0.63498, 0.50698, 0.19325), (0.62243, 0.48439, 0.16063), (0.63247, 0.53459, 0.21584), (0.63247, 0.55216, 0.24345), (0.63749, 0.5622, 0.256), (0.63749, 0.5622, 0.256), (0.63749, 0.54965, 0.24847), (0.63247, 0.53459, 0.21584), (0.62745, 0.52455, 0.21333), (0.63498, 0.53459, 0.22337), (0.64, 0.52204, 0.20078), (0.64, 0.57976, 0.27357), (0.62996, 0.53459, 0.20078), (0.62996, 0.50196, 0.14808), (0.62996, 0.50196, 0.14808), (0.63247, 0.56722, 0.26353), (0.64, 0.57976, 0.27357), (0.64, 0.55467, 0.24596), (0.63749, 0.58478, 0.29114), (0.63749, 0.57224, 0.27357), (0.63749, 0.57224, 0.27357), (0.63749, 0.56973, 0.2811), (0.64, 0.55467, 0.24596), (0.62745, 0.52706, 0.22337), (0.63247, 0.56973, 0.27357), (0.62745, 0.5371, 0.23592), (0.63247, 0.5371, 0.22337), (0.63247, 0.54965, 0.22588), (0.61992, 0.52957, 0.22337), (0.61992, 0.52957, 0.22337), (0.63498, 0.5371, 0.23341), (0.63247, 0.5371, 0.22337), (0.62745, 0.54212, 0.23341), (0.62494, 0.51451, 0.18573), (0.63247, 0.51953, 0.19576), (0.63247, 0.54714, 0.23592), (0.63749, 0.55216, 0.24345), (0.63749, 0.52706, 0.19827), (0.62243, 0.51702, 0.18071), (0.63498, 0.54965, 0.24094), (0.64, 0.5622, 0.25349), (0.64, 0.5622, 0.25349), (0.63498, 0.51702, 0.19075), (0.62243, 0.51702, 0.18071), (0.63498, 0.5371, 0.21835), (0.62494, 0.51702, 0.18824), (0.64, 0.54714, 0.20831), (0.64, 0.54714, 0.20831), (0.63749, 0.54965, 0.23341), (0.63498, 0.5371, 0.21835), (0.62996, 0.53961, 0.23341), (0.63247, 0.54965, 0.25851), (0.62996, 0.52706, 0.2058), (0.62996, 0.52706, 0.21082), (0.62996, 0.52706, 0.21082), (0.64, 0.55216, 0.26102), (0.62494, 0.52957, 0.22086), (0.63498, 0.53459, 0.22337), (0.63498, 0.53208, 0.21584), (0.63498, 0.53208, 0.21584), (0.63749, 0.52455, 0.21082), (0.62494, 0.52957, 0.22086), (0.62745, 0.53961, 0.23843), (0.63247, 0.56973, 0.27357), (0.62996, 0.53961, 0.2309), (0.62996, 0.53961, 0.2309), (0.63749, 0.56471, 0.27106), (0.62745, 0.53961, 0.23843), (0.63749, 0.52706, 0.19827), (0.62243, 0.50196, 0.19075), (0.63247, 0.54714, 0.23592), (0.64, 0.58729, 0.28863), (0.62996, 0.52204, 0.20078), (0.63247, 0.53459, 0.21082), (0.62243, 0.48439, 0.16063), (0.63498, 0.50698, 0.19325), (0.62745, 0.53459, 0.20831), (0.62745, 0.53459, 0.20831), (0.64, 0.55718, 0.22588), (0.62243, 0.48439, 0.16063), (0.63749, 0.5371, 0.23341), (0.63247, 0.52706, 0.22588), (0.63749, 0.55216, 0.24345), (0.63749, 0.55216, 0.24345), (0.64, 0.56471, 0.25349), (0.63749, 0.5371, 0.23341), (0.64, 0.55216, 0.26102), (0.61992, 0.51451, 0.21082), (0.62996, 0.52706, 0.21082), (0.64, 0.56471, 0.27859), (0.63498, 0.54965, 0.23341), (0.63749, 0.52706, 0.19325), (0.62996, 0.54212, 0.22588), (0.62745, 0.52455, 0.21333), (0.63247, 0.5371, 0.22839), (0.63247, 0.5371, 0.22839), (0.63498, 0.5371, 0.21835), (0.62996, 0.54212, 0.22588), (0.63247, 0.53459, 0.21082), (0.62745, 0.57475, 0.2811), (0.64, 0.58729, 0.28863), (0.64, 0.5622, 0.25349), (0.63749, 0.55216, 0.24094), (0.62494, 0.54714, 0.23341), (0.62243, 0.53459, 0.21333), (0.63749, 0.57224, 0.26353), (0.64, 0.57725, 0.26855), (0.64, 0.57725, 0.26855), (0.63247, 0.54714, 0.23592), (0.62243, 0.53459, 0.21333), (0.64, 0.55467, 0.24345), (0.62243, 0.53961, 0.21584), (0.62745, 0.54965, 0.2309), (0.62745, 0.54965, 0.2309), (0.64, 0.55718, 0.24094), (0.64, 0.55467, 0.24345), (0.62494, 0.54714, 0.23341), (0.64, 0.56722, 0.25098), (0.64, 0.5622, 0.25349), (0.63498, 0.53961, 0.2058), (0.63749, 0.54212, 0.20831), (0.63749, 0.54463, 0.21333), (0.63749, 0.54463, 0.21333), (0.62494, 0.53208, 0.2058), (0.63498, 0.53961, 0.2058), (0.63749, 0.55216, 0.24345), (0.63498, 0.55467, 0.24596), (0.64, 0.5622, 0.24847), (0.62494, 0.54212, 0.21835), (0.63498, 0.53208, 0.21584), (0.63247, 0.53459, 0.21584), (0.63247, 0.53459, 0.21584), (0.62745, 0.55216, 0.22588), (0.62494, 0.54212, 0.21835), (0.63247, 0.56722, 0.25851), (0.62996, 0.54212, 0.22086), (0.63247, 0.55467, 0.24094), (0.63247, 0.55467, 0.24094), (0.64, 0.5622, 0.25349), (0.63247, 0.56722, 0.25851), (0.63749, 0.55216, 0.21835), (0.63498, 0.56973, 0.26102), (0.64, 0.56973, 0.26102), (0.64, 0.56973, 0.26102), (0.64, 0.55718, 0.24094), (0.63749, 0.55216, 0.21835), (0.64, 0.5622, 0.24847), (0.63749, 0.55216, 0.24345), (0.63749, 0.55216, 0.24345), (0.63498, 0.53208, 0.21082), (0.62243, 0.52706, 0.20831), (0.62745, 0.53208, 0.21333), (0.62745, 0.53208, 0.21333), (0.63247, 0.52957, 0.20831), (0.63498, 0.53208, 0.21082), (0.64, 0.56471, 0.26353), (0.63749, 0.55216, 0.24345), (0.63749, 0.55216, 0.24345), (0.63749, 0.55216, 0.24345), (0.62996, 0.55467, 0.24847), (0.64, 0.56471, 0.26353), (0.62996, 0.56722, 0.24345), (0.63749, 0.54965, 0.22839), (0.63749, 0.54965, 0.22839), (0.63749, 0.54965, 0.22839), (0.62745, 0.56471, 0.24094), (0.62996, 0.56722, 0.24345), (0.63749, 0.55718, 0.24847), (0.63749, 0.55718, 0.25349), (0.63749, 0.55718, 0.25851), (0.63749, 0.55718, 0.25851), (0.64, 0.56471, 0.26353), (0.63749, 0.55718, 0.24847), (0.63498, 0.49443, 0.15059), (0.63749, 0.49694, 0.14808), (0.62996, 0.49443, 0.15561), (0.62996, 0.49443, 0.15561), (0.63247, 0.50196, 0.16063), (0.63498, 0.49443, 0.15059), (0.62745, 0.49443, 0.14808), (0.63247, 0.4869, 0.14557), (0.63749, 0.49694, 0.1531), (0.63749, 0.55467, 0.22086), (0.63749, 0.57475, 0.25851), (0.64, 0.57976, 0.27357), (0.64, 0.57976, 0.27357), (0.63749, 0.54965, 0.22337), (0.63749, 0.55467, 0.22086), (0.64, 0.56722, 0.27106), (0.64, 0.54212, 0.23843), (0.63749, 0.54965, 0.24847), (0.63749, 0.54965, 0.24847), (0.64, 0.56471, 0.25349), (0.64, 0.56722, 0.27106), (0.63247, 0.53961, 0.21333), (0.63247, 0.54965, 0.22588), (0.64, 0.55718, 0.24094), (0.63498, 0.53961, 0.2058), (0.63498, 0.52706, 0.19827), (0.63749, 0.52957, 0.20078), (0.63247, 0.53961, 0.21333), (0.63247, 0.5371, 0.21835), (0.62494, 0.53961, 0.2309), (0.62494, 0.51451, 0.18573), (0.64, 0.57224, 0.27859), (0.64, 0.56471, 0.27357), (0.64, 0.56471, 0.27357), (0.63749, 0.51702, 0.19576), (0.62494, 0.51451, 0.18573), (0.63247, 0.52204, 0.19325), (0.63749, 0.51953, 0.19325), (0.62996, 0.52204, 0.19325), (0.62996, 0.52204, 0.19325), (0.63498, 0.52204, 0.19827), (0.63247, 0.52204, 0.19325), (0.63498, 0.55969, 0.24847), (0.62996, 0.52204, 0.19325), (0.63247, 0.52455, 0.19576), (0.63247, 0.52455, 0.19576), (0.63498, 0.55718, 0.24345), (0.63498, 0.55969, 0.24847), (0.63749, 0.54212, 0.20831), (0.63247, 0.5371, 0.20329), (0.63247, 0.5371, 0.21835), (0.63247, 0.53459, 0.2058), (0.63498, 0.53459, 0.20329), (0.63247, 0.5371, 0.20329), (0.61992, 0.50949, 0.17569), (0.63247, 0.52957, 0.20831), (0.62996, 0.52204, 0.19576), (0.63749, 0.49443, 0.14557), (0.62996, 0.46431, 0.11796), (0.62996, 0.46431, 0.12298), (0.62996, 0.46431, 0.12298), (0.62745, 0.47184, 0.128), (0.63749, 0.49443, 0.14557), (0.62996, 0.512, 0.18071), (0.61992, 0.52204, 0.20329), (0.62494, 0.49192, 0.16063), (0.62494, 0.49192, 0.16063), (0.62494, 0.49192, 0.16063), (0.62996, 0.512, 0.18071), (0.63749, 0.52957, 0.20078), (0.63749, 0.54212, 0.20831), (0.63498, 0.53961, 0.2058), (0.63749, 0.54965, 0.22839), (0.63498, 0.55718, 0.24345), (0.64, 0.55216, 0.23592), (0.63247, 0.52957, 0.20831), (0.61992, 0.50949, 0.17569), (0.62745, 0.52204, 0.18573), (0.63247, 0.5371, 0.21835), (0.63247, 0.53961, 0.21333), (0.63749, 0.54212, 0.20831), (0.64, 0.55216, 0.23592), (0.63247, 0.54463, 0.22337), (0.63749, 0.54965, 0.22839), (0.62996, 0.51953, 0.19075), (0.63247, 0.52204, 0.19325), (0.63247, 0.52204, 0.19325), (0.63247, 0.52204, 0.19325), (0.63247, 0.52204, 0.19325), (0.62996, 0.51953, 0.19075), (0.63247, 0.4869, 0.14557), (0.63498, 0.49443, 0.15059), (0.63498, 0.49443, 0.15059), (0.63498, 0.49443, 0.15059), (0.63247, 0.4869, 0.14557), (0.63247, 0.4869, 0.14557), (0.62745, 0.53961, 0.21835), (0.63498, 0.5622, 0.24596), (0.63247, 0.55969, 0.24345), (0.63247, 0.55969, 0.24345), (0.62745, 0.54212, 0.22588), (0.62745, 0.53961, 0.21835), (0.62745, 0.52204, 0.18573), (0.62996, 0.53208, 0.20831), (0.63247, 0.52957, 0.20831), (0.62996, 0.55969, 0.24596), (0.64, 0.57725, 0.27357), (0.64, 0.57976, 0.27608), (0.64, 0.57976, 0.27608), (0.63247, 0.5622, 0.25349), (0.62996, 0.55969, 0.24596), (0.63749, 0.56471, 0.26855), (0.63749, 0.56471, 0.27106), (0.64, 0.55969, 0.256), (0.64, 0.56722, 0.27357), (0.63498, 0.56722, 0.27357), (0.64, 0.56471, 0.25851), (0.64, 0.56471, 0.25851), (0.64, 0.55718, 0.24847), (0.64, 0.56722, 0.27357), (0.63247, 0.52204, 0.19325), (0.63247, 0.52204, 0.19325), (0.63247, 0.52204, 0.19325), (0.63247, 0.52204, 0.19325), (0.62996, 0.51953, 0.19075), (0.63247, 0.52204, 0.19325), (0.62996, 0.46431, 0.11796), (0.63749, 0.49192, 0.15059), (0.62494, 0.49443, 0.1531), (0.63498, 0.56973, 0.27106), (0.63749, 0.57224, 0.27357), (0.63749, 0.57475, 0.27608), (0.63749, 0.57475, 0.27608), (0.63498, 0.56973, 0.26604), (0.63498, 0.56973, 0.27106), (0.62996, 0.52204, 0.19576), (0.62996, 0.50949, 0.17318), (0.61992, 0.50949, 0.17569), (0.62494, 0.53208, 0.2058), (0.62996, 0.52957, 0.19325), (0.62996, 0.51953, 0.18071), (0.62996, 0.51953, 0.18071), (0.62494, 0.52455, 0.19576), (0.62494, 0.53208, 0.2058), (0.61992, 0.52455, 0.19075), (0.63498, 0.5371, 0.21333), (0.64, 0.54463, 0.22588), (0.64, 0.54463, 0.22588), (0.64, 0.54714, 0.22839), (0.61992, 0.52455, 0.19075), (0.63247, 0.53961, 0.21333), (0.64, 0.54212, 0.21333), (0.63498, 0.5371, 0.21333), (0.63498, 0.5371, 0.21333), (0.62494, 0.5371, 0.21082), (0.63247, 0.53961, 0.21333), (0.62745, 0.50196, 0.16314), (0.63247, 0.50196, 0.16314), (0.63498, 0.52455, 0.19576), (0.63498, 0.52455, 0.19576), (0.62745, 0.50698, 0.17067), (0.62745, 0.50196, 0.16314), (0.63247, 0.53459, 0.2058), (0.63247, 0.55216, 0.24847), (0.63498, 0.55467, 0.24596), (0.63498, 0.55467, 0.24596), (0.63498, 0.53961, 0.2058), (0.63247, 0.53459, 0.2058), (0.62996, 0.52957, 0.19827), (0.63498, 0.52455, 0.19576), (0.63247, 0.52455, 0.19576), (0.63749, 0.55718, 0.24847), (0.63749, 0.56722, 0.25098), (0.63749, 0.56722, 0.25851), (0.63749, 0.52957, 0.20078), (0.62996, 0.52957, 0.19827), (0.62745, 0.52706, 0.19576), (0.62745, 0.52706, 0.19576), (0.63498, 0.52706, 0.19827), (0.63749, 0.52957, 0.20078), (0.64, 0.56722, 0.27357), (0.64, 0.56722, 0.27106), (0.64, 0.56471, 0.27106), (0.64, 0.56471, 0.27106), (0.64, 0.56722, 0.27357), (0.64, 0.56722, 0.27357), (0.63247, 0.55216, 0.24345), (0.63247, 0.56722, 0.26353), (0.63247, 0.56722, 0.26353), (0.63247, 0.56722, 0.26353), (0.62745, 0.55216, 0.24094), (0.63247, 0.55216, 0.24345), (0.62494, 0.52957, 0.19576), (0.62996, 0.52957, 0.19827), (0.62996, 0.52957, 0.19325), (0.62996, 0.52957, 0.19325), (0.64, 0.52957, 0.19075), (0.62494, 0.52957, 0.19576), (0.63749, 0.52957, 0.20831), (0.62494, 0.50196, 0.18071), (0.62996, 0.50447, 0.19075), (0.62996, 0.50447, 0.19075), (0.63498, 0.54212, 0.21584), (0.63749, 0.52957, 0.20831), (0.63749, 0.52706, 0.19827), (0.63247, 0.53208, 0.20078), (0.62996, 0.52957, 0.19325), (0.62996, 0.52957, 0.19325), (0.63498, 0.52455, 0.19576), (0.63749, 0.52706, 0.19827), (0.62494, 0.53961, 0.2309), (0.62494, 0.54714, 0.22839), (0.63247, 0.53961, 0.21333), (0.63247, 0.52455, 0.19576), (0.62996, 0.52957, 0.19827), (0.62996, 0.52957, 0.19827), (0.63498, 0.52706, 0.20078), (0.63498, 0.52706, 0.19827), (0.63498, 0.52706, 0.19827), (0.63247, 0.56722, 0.26353), (0.63498, 0.56973, 0.26102), (0.64, 0.57475, 0.26604), (0.62494, 0.51953, 0.1782), (0.62243, 0.52455, 0.20078), (0.62494, 0.50949, 0.16314), (0.62494, 0.50949, 0.16314), (0.62243, 0.51451, 0.16816), (0.62494, 0.51953, 0.1782), (0.63749, 0.5371, 0.20831), (0.64, 0.53961, 0.21082), (0.63749, 0.54212, 0.20831), (0.63247, 0.5371, 0.20329), (0.63749, 0.54212, 0.20831), (0.64, 0.53961, 0.21082), (0.64, 0.55718, 0.24847), (0.62745, 0.54212, 0.2309), (0.62745, 0.54965, 0.23592), (0.64, 0.56722, 0.27106), (0.64, 0.56722, 0.27106), (0.64, 0.5622, 0.26353), (0.63247, 0.52204, 0.19325), (0.63247, 0.52204, 0.19325), (0.63247, 0.51953, 0.19576), (0.63247, 0.51953, 0.19576), (0.63247, 0.52204, 0.19325), (0.63247, 0.52204, 0.19325), (0.62996, 0.52957, 0.19325), (0.62494, 0.53208, 0.2058), (0.62494, 0.53459, 0.22588), (0.62494, 0.53459, 0.22588), (0.62243, 0.5371, 0.22086), (0.62996, 0.52957, 0.19325), (0.63749, 0.52957, 0.20078), (0.63498, 0.53961, 0.2058), (0.63498, 0.53961, 0.2058), (0.63498, 0.53961, 0.2058), (0.63749, 0.5371, 0.2058), (0.63749, 0.52957, 0.20078), (0.63247, 0.56722, 0.26353), (0.64, 0.55216, 0.22588), (0.62243, 0.53459, 0.21333), (0.63498, 0.52706, 0.19827), (0.63498, 0.52706, 0.19827), (0.63498, 0.52706, 0.20078), (0.64, 0.56722, 0.27106), (0.64, 0.56722, 0.27106), (0.64, 0.56471, 0.27106), (0.64, 0.56471, 0.27106), (0.64, 0.5622, 0.26855), (0.64, 0.56722, 0.27106), (0.62745, 0.50447, 0.15059), (0.63498, 0.50949, 0.17067), (0.63247, 0.512, 0.17067), (0.63247, 0.512, 0.17067), (0.62494, 0.50196, 0.14808), (0.62745, 0.50447, 0.15059), (0.64, 0.56973, 0.26102), (0.63749, 0.55718, 0.24847), (0.62745, 0.54965, 0.23592), (0.63498, 0.53961, 0.22588), (0.63498, 0.55718, 0.24345), (0.63749, 0.56471, 0.24847), (0.63749, 0.56471, 0.24847), (0.63498, 0.54463, 0.23592), (0.63498, 0.53961, 0.22588), (0.64, 0.53961, 0.21082), (0.63749, 0.5371, 0.20831), (0.63247, 0.5371, 0.20329), (0.62996, 0.46933, 0.13804), (0.62243, 0.4869, 0.15059), (0.62494, 0.49945, 0.16063), (0.62494, 0.49945, 0.16063), (0.62996, 0.46933, 0.13804), (0.62996, 0.46933, 0.13804), (0.64, 0.57976, 0.27106), (0.62996, 0.54965, 0.24094), (0.63498, 0.55467, 0.24596), (0.63498, 0.55467, 0.24596), (0.64, 0.57475, 0.25851), (0.64, 0.57976, 0.27106), (0.63247, 0.52204, 0.18824), (0.63498, 0.52455, 0.19576), (0.63498, 0.52455, 0.19576), (0.63247, 0.5371, 0.21835), (0.63498, 0.54212, 0.21584), (0.63247, 0.54714, 0.23592), (0.63247, 0.54714, 0.23592), (0.62494, 0.53961, 0.2309), (0.63247, 0.5371, 0.21835), (0.62745, 0.54965, 0.23592), (0.63498, 0.56973, 0.26604), (0.64, 0.56973, 0.26102), (0.62745, 0.50698, 0.17067), (0.63749, 0.55718, 0.24847), (0.64, 0.55467, 0.24345), (0.64, 0.55467, 0.24345), (0.62745, 0.51953, 0.19827), (0.62745, 0.50698, 0.17067), (0.63749, 0.5622, 0.26102), (0.64, 0.58478, 0.28361), (0.63247, 0.57725, 0.27106), (0.62745, 0.52957, 0.2058), (0.62745, 0.52706, 0.19827), (0.62745, 0.52957, 0.20078), (0.62745, 0.52957, 0.20078), (0.63498, 0.5371, 0.21333), (0.62745, 0.52957, 0.2058), (0.62745, 0.51953, 0.19827), (0.62996, 0.52957, 0.20078), (0.64, 0.52957, 0.20078), (0.64, 0.52957, 0.20078), (0.62745, 0.50698, 0.17067), (0.62745, 0.51953, 0.19827), (0.64, 0.5622, 0.24847), (0.63247, 0.55216, 0.24847), (0.63247, 0.54714, 0.23592), (0.64, 0.53208, 0.19325), (0.63247, 0.53459, 0.19075), (0.63247, 0.5371, 0.20329), (0.63498, 0.5622, 0.23592), (0.63247, 0.55467, 0.23592), (0.64, 0.55969, 0.24847), (0.64, 0.55969, 0.24847), (0.62996, 0.55467, 0.22839), (0.63498, 0.5622, 0.23592), (0.63247, 0.52455, 0.19576), (0.63498, 0.52706, 0.19827), (0.62745, 0.52706, 0.21584), (0.62745, 0.52706, 0.21584), (0.62745, 0.53208, 0.21835), (0.63247, 0.52455, 0.19576), (0.63749, 0.55718, 0.24847), (0.63749, 0.5622, 0.26102), (0.63247, 0.55969, 0.25851), (0.62996, 0.46682, 0.14055), (0.62745, 0.46431, 0.13804), (0.62996, 0.46682, 0.14055), (0.62996, 0.46682, 0.14055), (0.63247, 0.46431, 0.13804), (0.62996, 0.46682, 0.14055), (0.62996, 0.52204, 0.19576), (0.62745, 0.52706, 0.19576), (0.63247, 0.52455, 0.19576), (0.63247, 0.512, 0.17067), (0.63498, 0.52455, 0.19576), (0.63498, 0.52455, 0.19075), (0.63498, 0.52455, 0.19075), (0.62996, 0.50447, 0.17067), (0.63247, 0.512, 0.17067), (0.63247, 0.52455, 0.19576), (0.62996, 0.52204, 0.19576), (0.62996, 0.52204, 0.19576), (0.63247, 0.55969, 0.25851), (0.63498, 0.55969, 0.25349), (0.63749, 0.55718, 0.24847), (0.63247, 0.55216, 0.24345), (0.64, 0.55969, 0.26102), (0.63749, 0.55718, 0.24847), (0.63749, 0.55718, 0.24847), (0.63247, 0.55216, 0.24847), (0.63247, 0.55216, 0.24345), (0.63247, 0.5371, 0.20329), (0.62494, 0.52455, 0.18824), (0.64, 0.53208, 0.19325), (0.64, 0.5622, 0.26353), (0.64, 0.55718, 0.24847), (0.64, 0.56722, 0.27106), (0.63749, 0.54212, 0.20831), (0.63498, 0.53961, 0.2058), (0.63749, 0.5371, 0.20831), (0.62745, 0.54965, 0.23592), (0.64, 0.5622, 0.25851), (0.64, 0.55718, 0.24847), (0.64, 0.55467, 0.24596), (0.64, 0.57725, 0.2811), (0.63749, 0.57976, 0.28863), (0.63749, 0.57976, 0.28863), (0.64, 0.55467, 0.24596), (0.64, 0.55467, 0.24596), (0.63247, 0.44675, 0.10792), (0.62494, 0.45176, 0.1029), (0.62745, 0.45427, 0.11043), (0.62745, 0.45427, 0.11043), (0.62996, 0.44925, 0.1029), (0.63247, 0.44675, 0.10792), (0.63498, 0.52455, 0.19576), (0.63247, 0.52204, 0.19325), (0.63247, 0.52204, 0.18824), (0.64, 0.56973, 0.26855), (0.63749, 0.54965, 0.23341), (0.63749, 0.54965, 0.23341), (0.63498, 0.49443, 0.15059), (0.63498, 0.49443, 0.15059), (0.63749, 0.49694, 0.1531), (0.63749, 0.49694, 0.1531), (0.63498, 0.49443, 0.15059), (0.63498, 0.49443, 0.15059), (0.63498, 0.5622, 0.26102), (0.62745, 0.53961, 0.22337), (0.63498, 0.54714, 0.2309), (0.63498, 0.54714, 0.2309), (0.64, 0.56722, 0.27106), (0.63498, 0.5622, 0.26102), (0.6149, 0.49192, 0.13804), (0.62494, 0.50698, 0.17569), (0.62745, 0.51702, 0.18322), (0.63749, 0.54965, 0.23341), (0.64, 0.55969, 0.26102), (0.64, 0.56973, 0.26855), (0.63749, 0.55718, 0.24847), (0.63498, 0.5622, 0.23592), (0.63498, 0.5622, 0.24094), (0.62996, 0.55467, 0.22839), (0.63247, 0.55467, 0.24094), (0.62996, 0.54212, 0.22086), (0.62745, 0.45929, 0.13051), (0.61741, 0.45678, 0.11545), (0.59482, 0.4618, 0.13051), (0.59482, 0.4618, 0.13051), (0.60988, 0.45929, 0.13302), (0.62745, 0.45929, 0.13051), (0.63498, 0.53961, 0.2058), (0.63749, 0.54212, 0.20831), (0.63247, 0.53961, 0.21333), (0.63247, 0.50949, 0.18824), (0.64, 0.51953, 0.1782), (0.62243, 0.512, 0.17318), (0.62243, 0.512, 0.17318), (0.63247, 0.50949, 0.18824), (0.63247, 0.50949, 0.18824), (0.63247, 0.53208, 0.20329), (0.63247, 0.51702, 0.1782), (0.63247, 0.51702, 0.1782), (0.63247, 0.51702, 0.1782), (0.63749, 0.53961, 0.21584), (0.63247, 0.53208, 0.20329), (0.62745, 0.512, 0.16816), (0.63247, 0.51702, 0.1782), (0.63247, 0.51702, 0.1782), (0.63247, 0.51702, 0.1782), (0.62996, 0.50949, 0.17318), (0.62745, 0.512, 0.16816), (0.62996, 0.54212, 0.22086), (0.64, 0.54714, 0.22839), (0.63498, 0.53208, 0.21584), (0.63498, 0.53208, 0.21584), (0.62494, 0.54212, 0.21835), (0.62996, 0.54212, 0.22086), (0.62494, 0.51953, 0.1782), (0.63247, 0.55467, 0.23592), (0.63498, 0.54965, 0.23341), (0.63498, 0.54965, 0.23341), (0.62243, 0.52455, 0.20078), (0.62494, 0.51953, 0.1782), (0.63247, 0.53961, 0.21333), (0.63247, 0.54463, 0.21835), (0.63498, 0.53961, 0.2058), (0.62996, 0.54212, 0.22086), (0.63498, 0.5622, 0.23592), (0.62996, 0.55467, 0.22839), (0.63247, 0.54714, 0.23592), (0.62996, 0.54212, 0.22086), (0.64, 0.5622, 0.24847), (0.62243, 0.53459, 0.21333), (0.63247, 0.56722, 0.26353), (0.63247, 0.56722, 0.26353), (0.63498, 0.5371, 0.21333), (0.62745, 0.52957, 0.20078), (0.62494, 0.53459, 0.22588), (0.62494, 0.53459, 0.22588), (0.64, 0.54463, 0.22588), (0.63498, 0.5371, 0.21333), (0.63247, 0.57725, 0.27106), (0.63749, 0.5622, 0.26102), (0.63749, 0.5622, 0.26102), (0.62745, 0.55969, 0.2309), (0.63247, 0.55969, 0.24345), (0.63247, 0.55969, 0.23843), (0.62996, 0.52957, 0.19827), (0.62996, 0.52957, 0.19827), (0.62996, 0.52957, 0.19827), (0.62996, 0.52957, 0.19827), (0.63247, 0.53208, 0.20078), (0.62996, 0.52957, 0.19827), (0.63498, 0.5371, 0.20831), (0.63498, 0.53961, 0.2058), (0.63749, 0.54212, 0.20831), (0.64, 0.55718, 0.24596), (0.63247, 0.52204, 0.18824), (0.63247, 0.52455, 0.19827), (0.63247, 0.52455, 0.19827), (0.63247, 0.54212, 0.23341), (0.64, 0.55718, 0.24596), (0.62243, 0.52455, 0.20078), (0.63749, 0.54965, 0.24847), (0.64, 0.54212, 0.23843), (0.63498, 0.56722, 0.27357), (0.64, 0.56722, 0.27106), (0.64, 0.55718, 0.24847), (0.62243, 0.52706, 0.20831), (0.64, 0.55467, 0.23843), (0.64, 0.55216, 0.2309), (0.64, 0.56471, 0.25851), (0.64, 0.55969, 0.26102), (0.63749, 0.5622, 0.26102), (0.64, 0.55718, 0.24847), (0.64, 0.56471, 0.25851), (0.63498, 0.56722, 0.27357), (0.63749, 0.5622, 0.26102), (0.64, 0.56722, 0.26604), (0.64, 0.56471, 0.25851), (0.64, 0.54212, 0.23843), (0.62996, 0.51451, 0.17569), (0.62243, 0.52455, 0.20078), (0.62494, 0.54714, 0.23341), (0.64, 0.56722, 0.27106), (0.64, 0.56722, 0.27357), (0.64, 0.56722, 0.27357), (0.62745, 0.54965, 0.23592), (0.62494, 0.54714, 0.23341), (0.63749, 0.54463, 0.21835), (0.64, 0.55718, 0.23341), (0.64, 0.55467, 0.23843), (0.64, 0.55467, 0.23843), (0.62494, 0.51953, 0.18322), (0.63749, 0.54463, 0.21835), (0.62996, 0.46933, 0.13804), (0.62494, 0.49945, 0.16063), (0.62996, 0.50447, 0.16565), (0.63749, 0.54212, 0.20831), (0.63498, 0.53961, 0.2058), (0.63498, 0.5371, 0.20831), (0.63247, 0.55216, 0.24345), (0.63749, 0.55718, 0.24847), (0.64, 0.56471, 0.26353), (0.63247, 0.52204, 0.19325), (0.63247, 0.52204, 0.19325), (0.63749, 0.51953, 0.19325), (0.63749, 0.51953, 0.19325), (0.63247, 0.52204, 0.19325), (0.63247, 0.52204, 0.19325), (0.62494, 0.51702, 0.19075), (0.62745, 0.52455, 0.21333), (0.63498, 0.53208, 0.22086), (0.63498, 0.53208, 0.22086), (0.62996, 0.52706, 0.2058), (0.62494, 0.51702, 0.19075), (0.63247, 0.55969, 0.23843), (0.62745, 0.56471, 0.24094), (0.62745, 0.55969, 0.2309), (0.64, 0.54714, 0.22839), (0.63498, 0.5371, 0.21333), (0.64, 0.54212, 0.21333), (0.63498, 0.5622, 0.24094), (0.64, 0.56471, 0.25349), (0.63749, 0.55718, 0.24847), (0.64, 0.57475, 0.26604), (0.63749, 0.57224, 0.26353), (0.63247, 0.56722, 0.26353), (0.63498, 0.55969, 0.24847), (0.64, 0.57725, 0.2811), (0.63749, 0.56973, 0.27608), (0.63749, 0.56973, 0.27608), (0.62996, 0.55467, 0.24345), (0.63498, 0.55969, 0.24847), (0.63498, 0.52706, 0.19827), (0.63498, 0.52706, 0.20078), (0.62996, 0.52706, 0.2058), (0.63247, 0.46431, 0.13804), (0.62996, 0.46682, 0.14055), (0.62996, 0.46431, 0.11796), (0.62996, 0.46431, 0.11796), (0.62996, 0.46431, 0.11796), (0.63247, 0.46431, 0.13804), (0.62996, 0.52706, 0.2058), (0.63247, 0.52957, 0.20831), (0.63498, 0.52706, 0.19827), (0.64, 0.56471, 0.26353), (0.63749, 0.5622, 0.256), (0.63247, 0.55216, 0.24345), (0.63498, 0.53961, 0.2058), (0.63247, 0.5371, 0.20329), (0.63498, 0.5371, 0.20831), (0.63498, 0.5371, 0.20831), (0.63498, 0.5371, 0.20831), (0.63498, 0.53961, 0.2058), (0.63498, 0.56973, 0.26604), (0.63498, 0.56722, 0.27357), (0.62494, 0.55969, 0.26102), (0.62745, 0.49694, 0.15561), (0.63247, 0.50196, 0.15561), (0.61741, 0.50698, 0.16816), (0.61741, 0.50698, 0.16816), (0.62243, 0.50698, 0.16816), (0.62745, 0.49694, 0.15561), (0.62745, 0.47184, 0.128), (0.63498, 0.49443, 0.15059), (0.63498, 0.49443, 0.15059), (0.63498, 0.49443, 0.15059), (0.63749, 0.49443, 0.14557), (0.62745, 0.47184, 0.128), (0.62745, 0.53961, 0.23843), (0.63498, 0.53961, 0.22588), (0.63498, 0.54463, 0.23592), (0.60988, 0.47686, 0.14557), (0.6149, 0.46682, 0.14055), (0.62996, 0.4618, 0.128), (0.63247, 0.52204, 0.19325), (0.62996, 0.51953, 0.19075), (0.63247, 0.52204, 0.19325), (0.61741, 0.45929, 0.13051), (0.62996, 0.46431, 0.12298), (0.63247, 0.45176, 0.10541), (0.63247, 0.45176, 0.10541), (0.63247, 0.46431, 0.13051), (0.61741, 0.45929, 0.13051), (0.62996, 0.50447, 0.16565), (0.63498, 0.46682, 0.13804), (0.62996, 0.46933, 0.13804), (0.63247, 0.52204, 0.19325), (0.63247, 0.52204, 0.19325), (0.63247, 0.52204, 0.19325), (0.62745, 0.51702, 0.18322), (0.62745, 0.50447, 0.15561), (0.6149, 0.49192, 0.13804), (0.64, 0.55216, 0.2309), (0.62745, 0.53208, 0.21333), (0.62243, 0.52706, 0.20831), (0.63498, 0.49443, 0.14557), (0.63498, 0.49443, 0.15059), (0.63247, 0.4869, 0.14557), (0.62996, 0.55467, 0.22839), (0.64, 0.56722, 0.25098), (0.64, 0.56973, 0.26102), (0.64, 0.56973, 0.26102), (0.62745, 0.54965, 0.2309), (0.62996, 0.55467, 0.22839), (0.63247, 0.53208, 0.20078), (0.64, 0.55718, 0.24094), (0.63749, 0.5622, 0.23592), (0.63749, 0.5622, 0.23592), (0.62745, 0.53459, 0.20831), (0.63247, 0.53208, 0.20078), (0.63749, 0.58227, 0.30118), (0.64, 0.55969, 0.26102), (0.63247, 0.54714, 0.23843), (0.63247, 0.54714, 0.23843), (0.64, 0.5898, 0.29867), (0.63749, 0.58227, 0.30118), (0.62996, 0.4618, 0.128), (0.63247, 0.46431, 0.13051), (0.60988, 0.47686, 0.14557), (0.64, 0.54212, 0.21333), (0.61992, 0.52455, 0.19075), (0.64, 0.54714, 0.22839), (0.63498, 0.5622, 0.26102), (0.63749, 0.56471, 0.26353), (0.63749, 0.57224, 0.27357), (0.63749, 0.57224, 0.27357), (0.63498, 0.56973, 0.27106), (0.63498, 0.5622, 0.26102), (0.63247, 0.52204, 0.19325), (0.63247, 0.52204, 0.19325), (0.63749, 0.51953, 0.19325), (0.63749, 0.51953, 0.19325), (0.63247, 0.52204, 0.19325), (0.63247, 0.52204, 0.19325), (0.64, 0.56722, 0.27106), (0.62745, 0.54212, 0.23341), (0.63498, 0.54463, 0.23592), (0.63498, 0.54463, 0.23592), (0.63498, 0.5622, 0.26102), (0.64, 0.56722, 0.27106), (0.63247, 0.4869, 0.14557), (0.62745, 0.49443, 0.14808), (0.63498, 0.49443, 0.14557), (0.62996, 0.53459, 0.22086), (0.63498, 0.52706, 0.20078), (0.63247, 0.52455, 0.19827), (0.63749, 0.56722, 0.25349), (0.64, 0.56471, 0.25349), (0.63498, 0.55969, 0.25349), (0.63498, 0.55969, 0.25349), (0.63498, 0.56471, 0.256), (0.63749, 0.56722, 0.25349), (0.63498, 0.54463, 0.23592), (0.64, 0.55969, 0.256), (0.62745, 0.53961, 0.23843), (0.63247, 0.52204, 0.19325), (0.63749, 0.51953, 0.19325), (0.63247, 0.52204, 0.19325), (0.63247, 0.52204, 0.19325), (0.63247, 0.52204, 0.19325), (0.63247, 0.52204, 0.19325), (0.64, 0.57475, 0.27106), (0.63749, 0.56722, 0.25851), (0.63498, 0.56973, 0.26604), (0.62745, 0.52455, 0.20329), (0.63247, 0.52455, 0.19827), (0.62996, 0.52706, 0.2058), (0.63749, 0.56722, 0.25349), (0.63498, 0.56471, 0.256), (0.63498, 0.56973, 0.26604), (0.62996, 0.52204, 0.19325), (0.63498, 0.52706, 0.19827), (0.63749, 0.52455, 0.20078), (0.63749, 0.52455, 0.20078), (0.63749, 0.52706, 0.19827), (0.62996, 0.52204, 0.19325), (0.62243, 0.51451, 0.16565), (0.62494, 0.50949, 0.16314), (0.62243, 0.51702, 0.18071), (0.62243, 0.51702, 0.18071), (0.6149, 0.51953, 0.18573), (0.62243, 0.51451, 0.16565), (0.63498, 0.52455, 0.19576), (0.63247, 0.52204, 0.19325), (0.63247, 0.52204, 0.19325), (0.63247, 0.52204, 0.19325), (0.63498, 0.52455, 0.19576), (0.63498, 0.52455, 0.19576), (0.63247, 0.52455, 0.19827), (0.62243, 0.53208, 0.22337), (0.62996, 0.53459, 0.22086), (0.61992, 0.53208, 0.21584), (0.63247, 0.52957, 0.21835), (0.63498, 0.52706, 0.20078), (0.63498, 0.52706, 0.19827), (0.63247, 0.55216, 0.24847), (0.63247, 0.55216, 0.24847), (0.63247, 0.55216, 0.24847), (0.63247, 0.52455, 0.19576), (0.63498, 0.52706, 0.19827), (0.63498, 0.49443, 0.15059), (0.63247, 0.49192, 0.14808), (0.63247, 0.49192, 0.1531), (0.63247, 0.49192, 0.1531), (0.63749, 0.49694, 0.14808), (0.63498, 0.49443, 0.15059), (0.63247, 0.51953, 0.19576), (0.63498, 0.52455, 0.19576), (0.62996, 0.51953, 0.19075), (0.63247, 0.52204, 0.19325), (0.63247, 0.52204, 0.19325), (0.62243, 0.51451, 0.19325), (0.63498, 0.56973, 0.26604), (0.63498, 0.56973, 0.26102), (0.63749, 0.56722, 0.25349), (0.63749, 0.5622, 0.256), (0.63498, 0.55969, 0.25349), (0.63247, 0.55969, 0.25851), (0.63247, 0.55969, 0.25851), (0.62996, 0.55718, 0.26102), (0.63749, 0.5622, 0.256), (0.62494, 0.55969, 0.26102), (0.63749, 0.57725, 0.27106), (0.63498, 0.56973, 0.26604), (0.63247, 0.52455, 0.19827), (0.62243, 0.52957, 0.20329), (0.63498, 0.54463, 0.23592), (0.63498, 0.54463, 0.23592), (0.62745, 0.52455, 0.20329), (0.63247, 0.52455, 0.19827), (0.63498, 0.46682, 0.13804), (0.62996, 0.50447, 0.16565), (0.63749, 0.51451, 0.18573), (0.63749, 0.51451, 0.18573), (0.62243, 0.46431, 0.14055), (0.63498, 0.46682, 0.13804), (0.63498, 0.52706, 0.20078), (0.63247, 0.53208, 0.20078), (0.61992, 0.53208, 0.21584), (0.63247, 0.52204, 0.19325), (0.63247, 0.51953, 0.19576), (0.63247, 0.52204, 0.19325), (0.63247, 0.52204, 0.19325), (0.63247, 0.52204, 0.19325), (0.63247, 0.52204, 0.19325), (0.64, 0.55718, 0.24094), (0.62745, 0.54714, 0.23843), (0.62996, 0.54965, 0.24094), (0.64, 0.56722, 0.27106), (0.63498, 0.54714, 0.2309), (0.62745, 0.53961, 0.22337), (0.62745, 0.53961, 0.22337), (0.64, 0.56722, 0.27106), (0.64, 0.56722, 0.27106), (0.63498, 0.56471, 0.25098), (0.64, 0.56973, 0.26102), (0.63498, 0.57475, 0.26855), (0.63498, 0.57475, 0.26855), (0.63749, 0.57725, 0.27106), (0.63498, 0.56471, 0.25098), (0.64, 0.56722, 0.27106), (0.63749, 0.5622, 0.256), (0.64, 0.56722, 0.27106), (0.63498, 0.53459, 0.2058), (0.63498, 0.53961, 0.2058), (0.63498, 0.53961, 0.2058), (0.63498, 0.53961, 0.2058), (0.63498, 0.5371, 0.20831), (0.63498, 0.53459, 0.2058), (0.63498, 0.56973, 0.26604), (0.63749, 0.57475, 0.27608), (0.64, 0.57475, 0.27106), (0.63498, 0.53961, 0.2058), (0.63247, 0.5371, 0.20329), (0.63749, 0.5371, 0.20831), (0.62996, 0.55969, 0.25098), (0.62996, 0.55467, 0.24345), (0.62745, 0.55216, 0.24596), (0.62745, 0.55216, 0.24596), (0.62745, 0.5622, 0.25851), (0.62996, 0.55969, 0.25098), (0.64, 0.57475, 0.27608), (0.63247, 0.55216, 0.24345), (0.64, 0.56722, 0.26604), (0.62996, 0.54965, 0.24094), (0.64, 0.55718, 0.24094), (0.64, 0.55718, 0.24094), (0.64, 0.56722, 0.27106), (0.64, 0.56722, 0.27106), (0.63498, 0.56722, 0.27357), (0.62243, 0.51451, 0.19325), (0.63247, 0.52455, 0.19827), (0.63247, 0.52204, 0.19325), (0.63247, 0.52204, 0.19325), (0.63749, 0.52204, 0.18322), (0.63749, 0.51953, 0.18824), (0.63749, 0.51953, 0.18824), (0.63498, 0.52706, 0.19827), (0.63247, 0.52204, 0.19325), (0.63749, 0.54965, 0.22839), (0.63498, 0.55969, 0.24847), (0.63498, 0.55718, 0.24345), (0.63498, 0.55718, 0.24345), (0.63749, 0.54965, 0.22839), (0.63749, 0.54965, 0.22839), (0.62996, 0.50949, 0.17318), (0.63247, 0.51702, 0.1782), (0.62494, 0.51451, 0.17569), (0.64, 0.56722, 0.26604), (0.63749, 0.57224, 0.26855), (0.64, 0.57475, 0.27608), (0.62996, 0.52706, 0.2058), (0.63247, 0.52455, 0.20329), (0.62745, 0.52455, 0.20329), (0.64, 0.57224, 0.27859), (0.64, 0.57224, 0.27608), (0.64, 0.56471, 0.26353), (0.64, 0.56471, 0.26353), (0.64, 0.56471, 0.26353), (0.64, 0.57224, 0.27859), (0.62996, 0.51953, 0.19075), (0.63247, 0.52204, 0.19325), (0.63247, 0.51953, 0.19576), (0.64, 0.55467, 0.22086), (0.63749, 0.57224, 0.26855), (0.64, 0.56471, 0.25851), (0.64, 0.56471, 0.25851), (0.64, 0.56471, 0.23843), (0.64, 0.55467, 0.22086), (0.63247, 0.50196, 0.15561), (0.62494, 0.48941, 0.15059), (0.62494, 0.50698, 0.17569), (0.63498, 0.56722, 0.27357), (0.64, 0.56722, 0.27357), (0.64, 0.56722, 0.27106), (0.63749, 0.5371, 0.20831), (0.63498, 0.5371, 0.20831), (0.63498, 0.53961, 0.2058), (0.63498, 0.52204, 0.19827), (0.62996, 0.52204, 0.19325), (0.62745, 0.53459, 0.20831), (0.62243, 0.52455, 0.19576), (0.63247, 0.52957, 0.21333), (0.64, 0.52957, 0.21584), (0.64, 0.56973, 0.26102), (0.62996, 0.55467, 0.24345), (0.63749, 0.5622, 0.25098), (0.63749, 0.5622, 0.25098), (0.64, 0.57475, 0.27106), (0.64, 0.56973, 0.26102), (0.63498, 0.55467, 0.24596), (0.63498, 0.56973, 0.27106), (0.64, 0.55969, 0.25098), (0.64, 0.55969, 0.25098), (0.64, 0.5622, 0.24847), (0.63498, 0.55467, 0.24596), (0.62745, 0.54714, 0.23843), (0.63247, 0.55969, 0.24345), (0.63498, 0.5622, 0.24596), (0.60988, 0.47937, 0.14055), (0.62494, 0.50196, 0.17318), (0.63247, 0.49192, 0.14808), (0.63498, 0.56973, 0.27106), (0.63749, 0.55216, 0.23592), (0.63247, 0.55216, 0.24345), (0.64, 0.56722, 0.27106), (0.63749, 0.55718, 0.25349), (0.64, 0.56471, 0.26102), (0.64, 0.56471, 0.26102), (0.64, 0.5622, 0.26353), (0.64, 0.56722, 0.27106), (0.64, 0.56973, 0.27608), (0.63749, 0.56471, 0.26855), (0.64, 0.5622, 0.26855), (0.62745, 0.53459, 0.20831), (0.62745, 0.52455, 0.20329), (0.63498, 0.52204, 0.19827), (0.62745, 0.52455, 0.20329), (0.63498, 0.54463, 0.23592), (0.64, 0.54965, 0.24094), (0.64, 0.54965, 0.24094), (0.63749, 0.52957, 0.20831), (0.62745, 0.52455, 0.20329), (0.64, 0.55467, 0.24345), (0.62745, 0.51702, 0.18824), (0.63247, 0.53208, 0.20329), (0.62996, 0.54212, 0.22086), (0.62996, 0.54212, 0.22086), (0.63498, 0.55467, 0.25098), (0.63498, 0.55467, 0.25098), (0.63498, 0.55467, 0.25098), (0.62996, 0.54212, 0.22086), (0.62494, 0.50698, 0.17569), (0.61741, 0.50698, 0.16816), (0.63247, 0.50196, 0.15561), (0.63749, 0.54965, 0.23341), (0.63749, 0.56471, 0.26855), (0.63247, 0.55969, 0.25851), (0.63247, 0.55969, 0.25851), (0.63498, 0.54714, 0.2309), (0.63749, 0.54965, 0.23341), (0.63247, 0.53208, 0.20329), (0.64, 0.5622, 0.24345), (0.64, 0.55467, 0.24345), (0.63247, 0.49192, 0.14808), (0.62494, 0.46431, 0.12298), (0.60988, 0.47937, 0.14055), (0.64, 0.56722, 0.27106), (0.64, 0.56722, 0.27106), (0.64, 0.56722, 0.27106), (0.62996, 0.51953, 0.19075), (0.63247, 0.52204, 0.19325), (0.62996, 0.52204, 0.19576), (0.62494, 0.51451, 0.17569), (0.61992, 0.50949, 0.17569), (0.62996, 0.50949, 0.17318), (0.62996, 0.52204, 0.19576), (0.63247, 0.52455, 0.19827), (0.62996, 0.51953, 0.19075), (0.64, 0.56722, 0.27357), (0.63498, 0.56722, 0.27357), (0.64, 0.56722, 0.27106), (0.64, 0.56722, 0.27106), (0.64, 0.56722, 0.27106), (0.64, 0.56722, 0.27357), (0.63247, 0.52204, 0.19325), (0.63247, 0.52204, 0.19325), (0.62745, 0.51953, 0.19075), (0.62745, 0.51953, 0.19075), (0.63247, 0.52455, 0.19827), (0.63247, 0.52204, 0.19325), (0.64, 0.55467, 0.23843), (0.63749, 0.54965, 0.22839), (0.63749, 0.54965, 0.22337), (0.62243, 0.53459, 0.21835), (0.61992, 0.54212, 0.22337), (0.62494, 0.5371, 0.21082), (0.63498, 0.55718, 0.24345), (0.63498, 0.56973, 0.27106), (0.63498, 0.56973, 0.26604), (0.63749, 0.55718, 0.24847), (0.64, 0.55467, 0.24596), (0.64, 0.5622, 0.25851), (0.64, 0.5622, 0.25851), (0.62745, 0.54965, 0.23592), (0.63749, 0.55718, 0.24847), (0.63247, 0.53961, 0.21333), (0.62745, 0.54212, 0.22588), (0.63247, 0.53961, 0.21333), (0.63498, 0.56973, 0.26604), (0.63498, 0.55718, 0.24345), (0.63498, 0.55718, 0.24345), (0.64, 0.54714, 0.22086), (0.62745, 0.52957, 0.2058), (0.63749, 0.5622, 0.23592), (0.63247, 0.52455, 0.19827), (0.62494, 0.52204, 0.20078), (0.63247, 0.52455, 0.19827), (0.63247, 0.55216, 0.24345), (0.64, 0.55969, 0.25098), (0.63498, 0.56973, 0.27106), (0.63247, 0.53459, 0.19075), (0.63749, 0.51953, 0.19325), (0.64, 0.54714, 0.21333), (0.63498, 0.53459, 0.2058), (0.63247, 0.5371, 0.20329), (0.62745, 0.5371, 0.22839), (0.62745, 0.5371, 0.22839), (0.62745, 0.53208, 0.21835), (0.63498, 0.53459, 0.2058), (0.62494, 0.5371, 0.21082), (0.63498, 0.5371, 0.21333), (0.62243, 0.53459, 0.21835), (0.64, 0.56722, 0.25349), (0.64, 0.56722, 0.26604), (0.64, 0.56973, 0.26855), (0.64, 0.56973, 0.26855), (0.63749, 0.56471, 0.24847), (0.64, 0.56722, 0.25349), (0.64, 0.5622, 0.26855), (0.64, 0.57224, 0.27608), (0.64, 0.56973, 0.27608), (0.62243, 0.52957, 0.20329), (0.63247, 0.52455, 0.19827), (0.63247, 0.52204, 0.18824), (0.63247, 0.52204, 0.18824), (0.62996, 0.52204, 0.19576), (0.62243, 0.52957, 0.20329), (0.62494, 0.53208, 0.20078), (0.62996, 0.53208, 0.20329), (0.62745, 0.53961, 0.21835), (0.62745, 0.53961, 0.21835), (0.62243, 0.53961, 0.21584), (0.62494, 0.53208, 0.20078), (0.63498, 0.55467, 0.25098), (0.63247, 0.54714, 0.23592), (0.63247, 0.55216, 0.24847), (0.63247, 0.55216, 0.24847), (0.64, 0.57224, 0.27608), (0.63498, 0.55467, 0.25098), (0.63247, 0.52455, 0.19827), (0.62745, 0.51953, 0.19075), (0.63247, 0.52455, 0.19827), (0.63247, 0.45176, 0.10541), (0.63247, 0.45176, 0.10541), (0.63247, 0.45176, 0.10541), (0.63498, 0.5622, 0.24596), (0.63498, 0.54463, 0.23592), (0.62745, 0.54714, 0.23843), (0.63247, 0.45176, 0.10541), (0.62996, 0.44925, 0.1029), (0.63247, 0.45176, 0.10541), (0.64, 0.52957, 0.21584), (0.62745, 0.52957, 0.20078), (0.62243, 0.52455, 0.19576), (0.62745, 0.53208, 0.19827), (0.63247, 0.53208, 0.20078), (0.62996, 0.53208, 0.20329), (0.62996, 0.53208, 0.20329), (0.62494, 0.53208, 0.20078), (0.62745, 0.53208, 0.19827), (0.62745, 0.50698, 0.17067), (0.63749, 0.52706, 0.21333), (0.62745, 0.52455, 0.21333), (0.62745, 0.52455, 0.21333), (0.62494, 0.51702, 0.19075), (0.62745, 0.50698, 0.17067), (0.62996, 0.53208, 0.20831), (0.63498, 0.52706, 0.19827), (0.62996, 0.53208, 0.20329), (0.62996, 0.52957, 0.19827), (0.62745, 0.52706, 0.19075), (0.64, 0.52957, 0.21584), (0.64, 0.52957, 0.21584), (0.63247, 0.52957, 0.21333), (0.62996, 0.52957, 0.19827), (0.62996, 0.512, 0.16565), (0.62996, 0.51451, 0.17067), (0.63247, 0.52455, 0.20329), (0.62745, 0.51953, 0.19827), (0.64, 0.55467, 0.24345), (0.64, 0.55467, 0.23843), (0.64, 0.55467, 0.23843), (0.62243, 0.52706, 0.20831), (0.62745, 0.51953, 0.19827), (0.62996, 0.512, 0.16565), (0.62745, 0.49694, 0.15059), (0.62996, 0.52455, 0.18322), (0.62996, 0.52455, 0.18322), (0.63247, 0.52706, 0.18573), (0.62996, 0.512, 0.16565), (0.64, 0.54463, 0.2309), (0.64, 0.5622, 0.25349), (0.63749, 0.5622, 0.26102), (0.61741, 0.47435, 0.14055), (0.62996, 0.46682, 0.14055), (0.62745, 0.46431, 0.13804), (0.62745, 0.46431, 0.13804), (0.62243, 0.4869, 0.15059), (0.61741, 0.47435, 0.14055), (0.62494, 0.50196, 0.18071), (0.63749, 0.52706, 0.19325), (0.63247, 0.50949, 0.18824), (0.63247, 0.50949, 0.18824), (0.62996, 0.50447, 0.19075), (0.62494, 0.50196, 0.18071), (0.63749, 0.54965, 0.22337), (0.64, 0.55216, 0.2309), (0.64, 0.55467, 0.23843), (0.63247, 0.52455, 0.20329), (0.62996, 0.52706, 0.2058), (0.62996, 0.52706, 0.21082), (0.62996, 0.53208, 0.20329), (0.62494, 0.5371, 0.21584), (0.62996, 0.53208, 0.20831), (0.62494, 0.51953, 0.1782), (0.64, 0.55216, 0.22588), (0.63247, 0.52957, 0.21333), (0.63247, 0.52957, 0.21333), (0.62745, 0.52204, 0.18071), (0.62494, 0.51953, 0.1782), (0.63247, 0.45176, 0.10541), (0.62745, 0.45427, 0.10541), (0.62494, 0.45176, 0.1029), (0.62494, 0.45176, 0.1029), (0.63247, 0.44675, 0.10792), (0.63247, 0.45176, 0.10541), (0.63247, 0.53961, 0.21333), (0.63749, 0.5371, 0.2058), (0.63247, 0.53961, 0.21333), (0.63749, 0.5622, 0.26102), (0.62996, 0.54212, 0.22588), (0.64, 0.54463, 0.2309), (0.63498, 0.54212, 0.21082), (0.64, 0.55216, 0.22588), (0.62996, 0.54463, 0.21082), (0.62996, 0.54463, 0.21082), (0.63247, 0.53961, 0.20831), (0.63498, 0.54212, 0.21082), (0.63749, 0.5622, 0.23592), (0.63749, 0.5622, 0.23592), (0.64, 0.54714, 0.22086), (0.63247, 0.52204, 0.19325), (0.63247, 0.52204, 0.19325), (0.63247, 0.52204, 0.19325), (0.63247, 0.52204, 0.19325), (0.63247, 0.51953, 0.19576), (0.63247, 0.52204, 0.19325), (0.64, 0.54714, 0.21333), (0.63247, 0.5371, 0.20329), (0.63247, 0.53459, 0.19075), (0.63749, 0.55216, 0.23592), (0.63247, 0.57224, 0.26604), (0.63247, 0.57725, 0.27608), (0.63247, 0.57725, 0.27608), (0.63247, 0.55467, 0.24094), (0.63749, 0.55216, 0.23592), (0.64, 0.54714, 0.21333), (0.62996, 0.54212, 0.22086), (0.62494, 0.54212, 0.21835), (0.62494, 0.54212, 0.21835), (0.64, 0.55216, 0.22588), (0.64, 0.54714, 0.21333), (0.62243, 0.52455, 0.20078), (0.63247, 0.51451, 0.18322), (0.62745, 0.50698, 0.17067), (0.63247, 0.4869, 0.14557), (0.63247, 0.49192, 0.14808), (0.63498, 0.49443, 0.15059), (0.63498, 0.55216, 0.22839), (0.63247, 0.54463, 0.22337), (0.64, 0.55718, 0.23341), (0.63247, 0.51953, 0.19576), (0.63498, 0.52455, 0.19576), (0.63247, 0.52455, 0.20329), (0.63247, 0.52455, 0.20329), (0.62996, 0.51953, 0.2058), (0.63247, 0.51953, 0.19576), (0.62745, 0.50196, 0.16314), (0.62745, 0.512, 0.16816), (0.62996, 0.51451, 0.17569), (0.63498, 0.5371, 0.20831), (0.63749, 0.5371, 0.20831), (0.63498, 0.5371, 0.20831), (0.63498, 0.5371, 0.20831), (0.63498, 0.53961, 0.2058), (0.63498, 0.5371, 0.20831), (0.62996, 0.55467, 0.24345), (0.64, 0.56973, 0.26102), (0.63498, 0.56471, 0.25098), (0.63247, 0.52455, 0.20329), (0.63749, 0.51953, 0.19325), (0.62996, 0.512, 0.16565), (0.61992, 0.46431, 0.12047), (0.62494, 0.49443, 0.1531), (0.60737, 0.49694, 0.16314), (0.63498, 0.52455, 0.19576), (0.63247, 0.52204, 0.19325), (0.63247, 0.52455, 0.19827), (0.63247, 0.52455, 0.19827), (0.63247, 0.52455, 0.20329), (0.63498, 0.52455, 0.19576), (0.60737, 0.49694, 0.16314), (0.60235, 0.46682, 0.13051), (0.61992, 0.46431, 0.12047), (0.64, 0.55718, 0.23341), (0.63749, 0.54463, 0.21835), (0.63498, 0.55216, 0.22839), (0.62745, 0.50698, 0.17067), (0.63498, 0.52455, 0.19576), (0.62243, 0.52455, 0.20078), (0.63498, 0.5622, 0.24596), (0.63498, 0.55969, 0.25349), (0.64, 0.56471, 0.25349), (0.63247, 0.46431, 0.13051), (0.63498, 0.46431, 0.13051), (0.63247, 0.46431, 0.13051), (0.63247, 0.46431, 0.13051), (0.62996, 0.4618, 0.128), (0.63247, 0.46431, 0.13051), (0.64, 0.55969, 0.26102), (0.64, 0.56722, 0.27106), (0.63749, 0.5622, 0.26102), (0.63498, 0.53459, 0.2058), (0.63749, 0.55718, 0.25349), (0.63247, 0.55216, 0.24847), (0.63247, 0.55216, 0.24847), (0.63247, 0.53459, 0.2058), (0.63498, 0.53459, 0.2058), (0.5898, 0.44424, 0.11043), (0.59482, 0.4618, 0.13051), (0.61741, 0.45678, 0.11545), (0.63498, 0.56471, 0.25098), (0.62745, 0.55216, 0.24596), (0.62996, 0.55467, 0.24345), (0.64, 0.55216, 0.25098), (0.64, 0.55467, 0.24345), (0.63498, 0.55467, 0.24596), (0.63498, 0.55467, 0.24596), (0.63498, 0.55467, 0.256), (0.64, 0.55216, 0.25098), (0.62996, 0.52957, 0.19827), (0.63749, 0.52957, 0.20078), (0.63498, 0.52706, 0.19827), (0.63498, 0.52706, 0.19827), (0.62745, 0.52706, 0.19576), (0.62996, 0.52957, 0.19827), (0.63749, 0.5622, 0.26102), (0.63749, 0.55718, 0.24847), (0.64, 0.55969, 0.26102), (0.62996, 0.56722, 0.24345), (0.62996, 0.5622, 0.23843), (0.64, 0.55718, 0.23341), (0.64, 0.55718, 0.23341), (0.64, 0.56722, 0.24847), (0.62996, 0.56722, 0.24345), (0.64, 0.56471, 0.25349), (0.63498, 0.5622, 0.24094), (0.63498, 0.5622, 0.24596), (0.63498, 0.50949, 0.17067), (0.62745, 0.50447, 0.15059), (0.62494, 0.51451, 0.17569), (0.62494, 0.51451, 0.17569), (0.63498, 0.52455, 0.19075), (0.63498, 0.50949, 0.17067), (0.63749, 0.52706, 0.19827), (0.63247, 0.5371, 0.20329), (0.62996, 0.52957, 0.19827), (0.62996, 0.52957, 0.19827), (0.62996, 0.52204, 0.19325), (0.63749, 0.52706, 0.19827), (0.63498, 0.52706, 0.20078), (0.62996, 0.53459, 0.22086), (0.64, 0.54714, 0.22839), (0.64, 0.54714, 0.22839), (0.62745, 0.53208, 0.21333), (0.63498, 0.52706, 0.20078), (0.62996, 0.44925, 0.1029), (0.62745, 0.45427, 0.11043), (0.59984, 0.46682, 0.13553), (0.59984, 0.46682, 0.13553), (0.59482, 0.4618, 0.13553), (0.62996, 0.44925, 0.1029), (0.63749, 0.54714, 0.23843), (0.64, 0.52455, 0.19325), (0.64, 0.52455, 0.18573), (0.64, 0.52455, 0.18573), (0.63749, 0.55216, 0.24094), (0.63749, 0.54714, 0.23843), (0.63247, 0.54714, 0.23592), (0.63498, 0.55467, 0.25098), (0.64, 0.55718, 0.24847), (0.64, 0.55718, 0.24847), (0.64, 0.54965, 0.23592), (0.63247, 0.54714, 0.23592), (0.64, 0.56722, 0.27106), (0.63749, 0.58478, 0.29616), (0.63749, 0.58478, 0.29616), (0.63749, 0.58478, 0.29616), (0.64, 0.57475, 0.27608), (0.64, 0.56722, 0.27106), (0.63498, 0.52455, 0.19576), (0.63247, 0.52204, 0.18824), (0.63749, 0.52204, 0.18322), (0.63749, 0.52204, 0.18322), (0.63247, 0.52204, 0.19325), (0.63498, 0.52455, 0.19576), (0.63749, 0.51953, 0.19325), (0.63247, 0.52455, 0.19576), (0.62745, 0.51953, 0.19075), (0.62996, 0.46682, 0.14055), (0.63247, 0.46431, 0.13804), (0.62996, 0.46431, 0.11796), (0.62996, 0.46431, 0.11796), (0.61992, 0.46431, 0.12047), (0.62996, 0.46682, 0.14055), (0.62996, 0.52957, 0.19827), (0.62996, 0.52204, 0.19325), (0.62494, 0.52455, 0.19325), (0.61741, 0.45678, 0.11545), (0.62996, 0.46431, 0.12298), (0.5898, 0.44424, 0.11043), (0.62745, 0.52957, 0.20078), (0.62745, 0.50447, 0.15059), (0.62494, 0.50196, 0.14808), (0.63247, 0.52204, 0.19325), (0.63247, 0.52204, 0.19325), (0.63247, 0.51953, 0.19576), (0.63247, 0.51953, 0.19576), (0.63247, 0.52204, 0.19325), (0.63247, 0.52204, 0.19325), (0.62996, 0.51451, 0.17569), (0.62745, 0.51953, 0.17318), (0.62745, 0.50196, 0.16314), (0.63247, 0.57224, 0.26604), (0.63498, 0.56973, 0.26604), (0.63749, 0.57224, 0.27357), (0.63749, 0.57224, 0.27357), (0.63247, 0.57725, 0.27608), (0.63247, 0.57224, 0.26604), (0.62996, 0.54212, 0.22588), (0.63749, 0.5622, 0.26102), (0.63749, 0.5622, 0.256), (0.63749, 0.5622, 0.256), (0.63498, 0.53961, 0.22588), (0.62996, 0.54212, 0.22588), (0.63498, 0.55969, 0.25349), (0.63749, 0.55718, 0.24847), (0.63498, 0.55718, 0.24345), (0.63498, 0.55718, 0.24345), (0.62745, 0.54714, 0.23843), (0.63498, 0.55969, 0.25349), (0.62745, 0.51953, 0.19075), (0.63247, 0.52204, 0.19325), (0.63749, 0.51953, 0.19325), (0.62745, 0.53208, 0.21835), (0.62996, 0.53459, 0.22086), (0.63749, 0.54212, 0.20831), (0.63247, 0.54212, 0.23341), (0.64, 0.55467, 0.24345), (0.63749, 0.55718, 0.24847), (0.63749, 0.55718, 0.24847), (0.64, 0.55718, 0.24596), (0.63247, 0.54212, 0.23341), (0.62494, 0.52455, 0.18824), (0.63247, 0.5371, 0.20329), (0.62494, 0.51953, 0.1782), (0.62494, 0.51953, 0.1782), (0.63498, 0.5371, 0.21835), (0.62494, 0.52455, 0.18824), (0.63749, 0.57725, 0.27106), (0.64, 0.57475, 0.27106), (0.64, 0.57976, 0.27106), (0.62494, 0.48941, 0.15059), (0.63247, 0.49192, 0.14306), (0.64, 0.52455, 0.19325), (0.63498, 0.55467, 0.24596), (0.63498, 0.56471, 0.256), (0.62745, 0.5622, 0.25851), (0.62996, 0.46682, 0.14055), (0.62996, 0.46682, 0.14055), (0.62996, 0.46431, 0.12298), (0.62996, 0.46431, 0.12298), (0.62996, 0.46431, 0.11796), (0.62996, 0.46682, 0.14055), (0.62996, 0.52204, 0.19576), (0.63498, 0.52204, 0.19827), (0.62745, 0.52455, 0.20329), (0.62745, 0.52455, 0.20329), (0.62494, 0.52706, 0.20329), (0.62996, 0.52204, 0.19576), (0.62996, 0.55467, 0.24345), (0.63498, 0.55467, 0.24596), (0.63749, 0.56471, 0.24847), (0.63749, 0.56471, 0.24847), (0.63498, 0.55969, 0.24847), (0.62996, 0.55467, 0.24345), (0.62494, 0.52455, 0.19325), (0.62996, 0.52957, 0.19827), (0.62996, 0.52957, 0.19827), (0.63749, 0.54212, 0.20831), (0.63247, 0.52455, 0.19576), (0.62745, 0.53208, 0.21835), (0.64, 0.56722, 0.27106), (0.64, 0.56722, 0.27357), (0.63749, 0.5622, 0.26102), (0.63749, 0.5622, 0.26102), (0.63749, 0.5622, 0.26102), (0.64, 0.56722, 0.27106), (0.63749, 0.57224, 0.26353), (0.64, 0.57475, 0.26604), (0.63498, 0.57475, 0.26353), (0.63498, 0.57475, 0.26353), (0.63749, 0.57224, 0.26353), (0.63749, 0.57224, 0.26353), (0.62996, 0.4618, 0.128), (0.63247, 0.4618, 0.128), (0.63498, 0.46431, 0.13051), (0.63498, 0.46431, 0.13051), (0.63247, 0.46431, 0.13051), (0.62996, 0.4618, 0.128), (0.64, 0.57475, 0.27608), (0.63247, 0.55467, 0.23592), (0.62745, 0.54965, 0.2309), (0.62745, 0.54965, 0.2309), (0.64, 0.56973, 0.26102), (0.64, 0.57475, 0.27608), (0.63247, 0.5622, 0.25349), (0.64, 0.57976, 0.27608), (0.64, 0.56973, 0.26855), (0.64, 0.56973, 0.26855), (0.63749, 0.5622, 0.256), (0.63247, 0.5622, 0.25349), (0.63498, 0.49443, 0.15059), (0.63749, 0.49694, 0.1531), (0.63247, 0.4869, 0.14557), (0.62996, 0.52706, 0.21082), (0.63749, 0.51953, 0.19325), (0.63247, 0.52455, 0.20329), (0.64, 0.56471, 0.26353), (0.63247, 0.55216, 0.24847), (0.63749, 0.56471, 0.24847), (0.63749, 0.56471, 0.24847), (0.63498, 0.55467, 0.24596), (0.64, 0.56471, 0.26353), (0.64, 0.57725, 0.29867), (0.62494, 0.55969, 0.26102), (0.63498, 0.56722, 0.27357), (0.63498, 0.56722, 0.27357), (0.63749, 0.57475, 0.28361), (0.64, 0.57725, 0.29867), (0.63749, 0.55216, 0.24094), (0.64, 0.52455, 0.18573), (0.63247, 0.52204, 0.18824), (0.63247, 0.52204, 0.18824), (0.64, 0.55718, 0.24596), (0.63749, 0.55216, 0.24094), (0.63749, 0.49694, 0.14808), (0.63247, 0.49192, 0.1531), (0.63247, 0.49694, 0.15812), (0.63498, 0.5371, 0.21835), (0.62494, 0.51953, 0.1782), (0.62745, 0.52204, 0.18071), (0.62745, 0.52204, 0.18071), (0.64, 0.54965, 0.24094), (0.63498, 0.5371, 0.21835), (0.62996, 0.51953, 0.19075), (0.63498, 0.49443, 0.15059), (0.6149, 0.49443, 0.15812), (0.6149, 0.49443, 0.15812), (0.62996, 0.52204, 0.19576), (0.62996, 0.51953, 0.19075), (0.62996, 0.52957, 0.20078), (0.63247, 0.53208, 0.20329), (0.63749, 0.52957, 0.20078), (0.63247, 0.52204, 0.19325), (0.63247, 0.52204, 0.19325), (0.62996, 0.52204, 0.20078), (0.62996, 0.52204, 0.20078), (0.62243, 0.51451, 0.19325), (0.63247, 0.52204, 0.19325), (0.64, 0.52455, 0.19325), (0.62745, 0.52706, 0.19827), (0.62494, 0.48941, 0.15059), (0.64, 0.57976, 0.27106), (0.63498, 0.56973, 0.26604), (0.63749, 0.57725, 0.27106), (0.63749, 0.49443, 0.14557), (0.63498, 0.49443, 0.15059), (0.63498, 0.49443, 0.15059), (0.63247, 0.49694, 0.15812), (0.62996, 0.49443, 0.15561), (0.63749, 0.49694, 0.14808), (0.63498, 0.49443, 0.15059), (0.63749, 0.49192, 0.15059), (0.63749, 0.49443, 0.14557), (0.64, 0.56973, 0.26855), (0.64, 0.55216, 0.24345), (0.62745, 0.54212, 0.23341), (0.63247, 0.46431, 0.13051), (0.63498, 0.46682, 0.13804), (0.62243, 0.46431, 0.14055), (0.63498, 0.53961, 0.2058), (0.63498, 0.55467, 0.24596), (0.64, 0.55467, 0.24345), (0.64, 0.55718, 0.24596), (0.63749, 0.55718, 0.24847), (0.64, 0.55467, 0.23843), (0.63247, 0.4618, 0.128), (0.62996, 0.4618, 0.128), (0.63247, 0.46431, 0.13051), (0.63247, 0.52455, 0.19827), (0.62745, 0.52455, 0.20329), (0.61992, 0.53208, 0.21584), (0.61992, 0.53208, 0.21584), (0.60988, 0.52204, 0.2058), (0.63247, 0.52455, 0.19827), (0.63498, 0.52706, 0.19827), (0.63498, 0.52706, 0.20078), (0.62494, 0.52706, 0.20831), (0.62494, 0.52706, 0.20831), (0.62745, 0.52706, 0.21584), (0.63498, 0.52706, 0.19827), (0.62745, 0.5622, 0.25851), (0.63749, 0.5622, 0.256), (0.63498, 0.55467, 0.24596), (0.62745, 0.47184, 0.13804), (0.61741, 0.45929, 0.13051), (0.63247, 0.46431, 0.13051), (0.63247, 0.46431, 0.13051), (0.63247, 0.46431, 0.13051), (0.62745, 0.47184, 0.13804), (0.63247, 0.46431, 0.13051), (0.63247, 0.46431, 0.13051), (0.63247, 0.4618, 0.128), (0.63749, 0.51953, 0.19325), (0.64, 0.56471, 0.27106), (0.63749, 0.55969, 0.26604), (0.63749, 0.55969, 0.26604), (0.62494, 0.52957, 0.21082), (0.63749, 0.51953, 0.19325), (0.62494, 0.50196, 0.14808), (0.62243, 0.52455, 0.19576), (0.62745, 0.52957, 0.20078), (0.62243, 0.46431, 0.14055), (0.62745, 0.47184, 0.13804), (0.63247, 0.46431, 0.13051), (0.63247, 0.52204, 0.19325), (0.63247, 0.52204, 0.19325), (0.63247, 0.52204, 0.19325), (0.62745, 0.52706, 0.19576), (0.63247, 0.53208, 0.20078), (0.62996, 0.52957, 0.19827), (0.62996, 0.52957, 0.19827), (0.62494, 0.52455, 0.19325), (0.62745, 0.52706, 0.19576), (0.62745, 0.53208, 0.19827), (0.62996, 0.52957, 0.19827), (0.62996, 0.52957, 0.19325), (0.63247, 0.52455, 0.19576), (0.64, 0.55216, 0.23592), (0.63498, 0.55718, 0.24345), (0.63498, 0.55718, 0.24345), (0.63247, 0.52455, 0.19576), (0.63247, 0.52455, 0.19576), (0.63498, 0.52706, 0.20078), (0.63498, 0.52706, 0.19827), (0.63247, 0.52455, 0.19827), (0.63749, 0.52957, 0.20078), (0.62996, 0.52957, 0.19827), (0.62996, 0.52957, 0.20078), (0.62996, 0.44925, 0.1029), (0.63247, 0.45176, 0.10541), (0.63247, 0.44675, 0.10792), (0.64, 0.56471, 0.25349), (0.62996, 0.54212, 0.22086), (0.62996, 0.5371, 0.21082), (0.62996, 0.5371, 0.21082), (0.63749, 0.55718, 0.24847), (0.64, 0.56471, 0.25349), (0.62996, 0.55969, 0.24596), (0.63749, 0.5622, 0.25098), (0.62996, 0.55467, 0.24345), (0.62996, 0.55467, 0.24345), (0.62996, 0.55969, 0.25098), (0.62996, 0.55969, 0.24596), (0.63749, 0.5371, 0.2058), (0.63247, 0.53961, 0.21333), (0.62996, 0.52957, 0.19827), (0.62996, 0.52957, 0.19827), (0.62996, 0.52957, 0.19827), (0.63749, 0.5371, 0.2058), (0.63498, 0.52706, 0.19827), (0.63498, 0.52706, 0.20078), (0.63498, 0.52706, 0.19827), (0.62996, 0.52706, 0.21082), (0.62996, 0.51702, 0.19325), (0.63247, 0.52204, 0.19325), (0.62996, 0.52204, 0.19325), (0.63498, 0.55969, 0.24847), (0.63498, 0.5622, 0.24596), (0.63498, 0.5622, 0.24596), (0.62494, 0.52957, 0.21082), (0.62996, 0.52204, 0.19325), (0.64, 0.55467, 0.24345), (0.63498, 0.53961, 0.2058), (0.63498, 0.53961, 0.2058), (0.63498, 0.54463, 0.24345), (0.62996, 0.54212, 0.22588), (0.63498, 0.53961, 0.22588), (0.63498, 0.53961, 0.22588), (0.62745, 0.53961, 0.23843), (0.63498, 0.54463, 0.24345), (0.63247, 0.44675, 0.10792), (0.62996, 0.44925, 0.10792), (0.62996, 0.44925, 0.1029), (0.63498, 0.52706, 0.19827), (0.62996, 0.52204, 0.19325), (0.63498, 0.52706, 0.19827), (0.62745, 0.54212, 0.23341), (0.64, 0.56722, 0.27106), (0.64, 0.56973, 0.26855), (0.63247, 0.52204, 0.19325), (0.63247, 0.52204, 0.19325), (0.62996, 0.52706, 0.21082), (0.62494, 0.51702, 0.19075), (0.63247, 0.52455, 0.19576), (0.63749, 0.52706, 0.19325), (0.63749, 0.52706, 0.19325), (0.62494, 0.50196, 0.18071), (0.62494, 0.51702, 0.19075), (0.63749, 0.52706, 0.19827), (0.62996, 0.51451, 0.17067), (0.62494, 0.51953, 0.1782), (0.62494, 0.51953, 0.1782), (0.62745, 0.53459, 0.20831), (0.63749, 0.52706, 0.19827), (0.62996, 0.52957, 0.19827), (0.63749, 0.52706, 0.19827), (0.63247, 0.53208, 0.20078), (0.63247, 0.53208, 0.20078), (0.63247, 0.52455, 0.19576), (0.62996, 0.52957, 0.19827), (0.63247, 0.52204, 0.19325), (0.63247, 0.52204, 0.19325), (0.63247, 0.52204, 0.19325), (0.62996, 0.52957, 0.19325), (0.62996, 0.52957, 0.19827), (0.62745, 0.53208, 0.19827), (0.63498, 0.5371, 0.20831), (0.63498, 0.5371, 0.20831), (0.63749, 0.5371, 0.20831), (0.63749, 0.5371, 0.20831), (0.64, 0.53961, 0.21082), (0.63498, 0.5371, 0.20831), (0.63749, 0.55467, 0.22588), (0.63749, 0.54965, 0.22337), (0.64, 0.55718, 0.22337), (0.64, 0.55718, 0.22337), (0.63749, 0.55969, 0.24094), (0.63749, 0.55467, 0.22588), (0.63498, 0.52706, 0.19827), (0.63498, 0.52706, 0.19827), (0.63498, 0.52706, 0.19827), (0.63498, 0.52706, 0.19827), (0.63247, 0.52455, 0.19827), (0.63498, 0.52706, 0.19827), (0.63498, 0.57475, 0.26353), (0.64, 0.55718, 0.22337), (0.63749, 0.54965, 0.22337), (0.63749, 0.54212, 0.20831), (0.63247, 0.53961, 0.21333), (0.63498, 0.53961, 0.2058), (0.62996, 0.52204, 0.19325), (0.61741, 0.49694, 0.17569), (0.62996, 0.52204, 0.19576), (0.64, 0.55718, 0.22337), (0.64, 0.55718, 0.22337), (0.64, 0.5622, 0.24345), (0.64, 0.5622, 0.24345), (0.63749, 0.55969, 0.24094), (0.64, 0.55718, 0.22337), (0.64, 0.56722, 0.26604), (0.63749, 0.57475, 0.25851), (0.64, 0.56722, 0.24596), (0.64, 0.56722, 0.24596), (0.64, 0.56973, 0.26855), (0.64, 0.56722, 0.26604), (0.62996, 0.52204, 0.19576), (0.63498, 0.51702, 0.19075), (0.62996, 0.52204, 0.19325), (0.64, 0.55718, 0.22337), (0.64, 0.57475, 0.26604), (0.63498, 0.56973, 0.26102), (0.63247, 0.52455, 0.19827), (0.63498, 0.52706, 0.20078), (0.63498, 0.52706, 0.20078), (0.63498, 0.53961, 0.2058), (0.63498, 0.53961, 0.2058), (0.63749, 0.54212, 0.20831), (0.63749, 0.55718, 0.24847), (0.63247, 0.55216, 0.24345), (0.63247, 0.55216, 0.24847), (0.63247, 0.55216, 0.24847), (0.62996, 0.55718, 0.24094), (0.63749, 0.55718, 0.24847), (0.63498, 0.55216, 0.22839), (0.62494, 0.52455, 0.18824), (0.63498, 0.5371, 0.21835), (0.63498, 0.5371, 0.21835), (0.64, 0.55216, 0.22588), (0.63498, 0.55216, 0.22839), (0.63749, 0.54965, 0.22337), (0.64, 0.57976, 0.27357), (0.63498, 0.57475, 0.26353), (0.62494, 0.53459, 0.22588), (0.64, 0.55467, 0.25349), (0.64, 0.55216, 0.25098), (0.64, 0.55216, 0.25098), (0.63498, 0.54463, 0.23592), (0.62494, 0.53459, 0.22588), (0.64, 0.55216, 0.24345), (0.64, 0.56973, 0.26855), (0.63498, 0.55969, 0.25349), (0.63498, 0.55969, 0.25349), (0.63498, 0.5371, 0.21835), (0.64, 0.55216, 0.24345), (0.63749, 0.51953, 0.19325), (0.63247, 0.52204, 0.19325), (0.63247, 0.52957, 0.20831), (0.63247, 0.52957, 0.20831), (0.62996, 0.52204, 0.19325), (0.63749, 0.51953, 0.19325), (0.64, 0.55467, 0.23843), (0.63749, 0.55216, 0.24094), (0.64, 0.55718, 0.24596), (0.63498, 0.56973, 0.26102), (0.63749, 0.55216, 0.21835), (0.64, 0.55718, 0.22337), (0.63498, 0.54714, 0.22588), (0.64, 0.55718, 0.24094), (0.62745, 0.54714, 0.23843), (0.63749, 0.5622, 0.256), (0.63498, 0.5622, 0.26102), (0.63498, 0.5622, 0.26102), (0.63498, 0.5622, 0.26102), (0.63749, 0.56471, 0.26353), (0.63749, 0.5622, 0.256), (0.63749, 0.54463, 0.21835), (0.64, 0.53208, 0.19325), (0.62494, 0.52455, 0.18824), (0.62996, 0.54463, 0.21082), (0.62996, 0.54463, 0.21082), (0.62243, 0.54714, 0.22086), (0.63498, 0.52706, 0.19827), (0.63749, 0.52455, 0.20078), (0.63498, 0.52706, 0.19827), (0.63498, 0.56722, 0.27357), (0.63749, 0.56471, 0.27106), (0.64, 0.56722, 0.27106), (0.64, 0.56722, 0.27106), (0.64, 0.56722, 0.27106), (0.63498, 0.56722, 0.27357), (0.62996, 0.52957, 0.19325), (0.62996, 0.51451, 0.17569), (0.63498, 0.51953, 0.18071), (0.63498, 0.51953, 0.18071), (0.62996, 0.51953, 0.18071), (0.62996, 0.52957, 0.19325), (0.63498, 0.56973, 0.27106), (0.63498, 0.55467, 0.24596), (0.62996, 0.55467, 0.24345), (0.62996, 0.55467, 0.24345), (0.63749, 0.56973, 0.27608), (0.63498, 0.56973, 0.27106), (0.63247, 0.52204, 0.18824), (0.62996, 0.51953, 0.19075), (0.63247, 0.52455, 0.19827), (0.63498, 0.5622, 0.26102), (0.63749, 0.56471, 0.26353), (0.63247, 0.55718, 0.24596), (0.63247, 0.55718, 0.24596), (0.63749, 0.56722, 0.25851), (0.63498, 0.5622, 0.26102), (0.62745, 0.54714, 0.23843), (0.64, 0.55718, 0.24094), (0.63498, 0.54714, 0.22588), (0.6149, 0.46682, 0.14055), (0.60235, 0.47435, 0.15561), (0.63498, 0.46682, 0.13804), (0.63247, 0.52455, 0.19827), (0.62494, 0.51451, 0.17569), (0.62243, 0.51451, 0.18824), (0.62243, 0.51451, 0.18824), (0.63749, 0.52957, 0.20329), (0.63247, 0.52455, 0.19827), (0.63247, 0.55216, 0.24847), (0.63749, 0.55718, 0.24847), (0.63498, 0.55969, 0.25349), (0.63498, 0.55969, 0.25349), (0.63749, 0.5622, 0.26102), (0.63247, 0.55216, 0.24847), (0.62745, 0.47184, 0.128), (0.62996, 0.46431, 0.12298), (0.63247, 0.4618, 0.12298), (0.62996, 0.52204, 0.19325), (0.63498, 0.52706, 0.19827), (0.63498, 0.52706, 0.19827), (0.63498, 0.52706, 0.19827), (0.62745, 0.51953, 0.19075), (0.62996, 0.52204, 0.19325), (0.62745, 0.52957, 0.2058), (0.63498, 0.5371, 0.21333), (0.63498, 0.54212, 0.21584), (0.63498, 0.54212, 0.21584), (0.63749, 0.5622, 0.23592), (0.62745, 0.52957, 0.2058), (0.62996, 0.55216, 0.23843), (0.62996, 0.54714, 0.21835), (0.63749, 0.55467, 0.22086), (0.63749, 0.55467, 0.22086), (0.63498, 0.54965, 0.23341), (0.62996, 0.55216, 0.23843), (0.63498, 0.5371, 0.20831), (0.63247, 0.5371, 0.20329), (0.63498, 0.53961, 0.2058), (0.63498, 0.53961, 0.2058), (0.63498, 0.53961, 0.2058), (0.63498, 0.5371, 0.20831), (0.63498, 0.52706, 0.19827), (0.62996, 0.52957, 0.19827), (0.62996, 0.53208, 0.20329), (0.63498, 0.46682, 0.13804), (0.62996, 0.4618, 0.128), (0.6149, 0.46682, 0.14055), (0.63498, 0.52706, 0.19827), (0.63247, 0.52455, 0.19576), (0.63749, 0.52706, 0.19827), (0.63749, 0.52706, 0.19827), (0.63749, 0.52455, 0.20078), (0.63498, 0.52706, 0.19827), (0.62745, 0.50447, 0.15561), (0.62745, 0.51702, 0.18322), (0.62494, 0.51953, 0.18322), (0.62494, 0.51953, 0.18322), (0.64, 0.51953, 0.1782), (0.62745, 0.50447, 0.15561), (0.63498, 0.51953, 0.17569), (0.63749, 0.52706, 0.19827), (0.62745, 0.53459, 0.20831), (0.62745, 0.53459, 0.20831), (0.62494, 0.51451, 0.18071), (0.63498, 0.51953, 0.17569), (0.63247, 0.52706, 0.19075), (0.63247, 0.52455, 0.19576), (0.63498, 0.51702, 0.19075), (0.63498, 0.52706, 0.20078), (0.62996, 0.512, 0.18071), (0.62494, 0.51451, 0.17569), (0.63247, 0.52957, 0.21835), (0.62494, 0.52706, 0.20831), (0.63498, 0.52706, 0.20078), (0.63498, 0.48941, 0.14808), (0.63498, 0.49443, 0.15059), (0.62243, 0.50196, 0.16565), (0.62243, 0.50196, 0.16565), (0.61992, 0.50949, 0.18071), (0.63498, 0.48941, 0.14808), (0.62996, 0.54965, 0.24094), (0.63247, 0.5622, 0.25349), (0.63749, 0.5622, 0.256), (0.63749, 0.5622, 0.256), (0.63498, 0.55467, 0.24596), (0.62996, 0.54965, 0.24094), (0.62996, 0.46682, 0.14055), (0.61741, 0.47435, 0.14055), (0.6149, 0.48188, 0.16063), (0.6149, 0.48188, 0.16063), (0.6149, 0.48188, 0.16063), (0.62996, 0.46682, 0.14055), (0.63498, 0.51702, 0.19075), (0.63749, 0.52455, 0.2058), (0.64, 0.52455, 0.19325), (0.64, 0.52455, 0.19325), (0.62745, 0.50196, 0.16314), (0.63498, 0.51702, 0.19075), (0.62494, 0.51451, 0.17569), (0.62243, 0.51451, 0.16565), (0.6149, 0.51953, 0.18573), (0.6149, 0.51953, 0.18573), (0.62243, 0.51451, 0.18824), (0.62494, 0.51451, 0.17569), (0.63247, 0.4618, 0.12298), (0.62494, 0.46431, 0.12298), (0.62745, 0.47184, 0.128), (0.63498, 0.52706, 0.20078), (0.63498, 0.52706, 0.20078), (0.63247, 0.52957, 0.21835), (0.63749, 0.5622, 0.256), (0.64, 0.56973, 0.25349), (0.63498, 0.56471, 0.256), (0.63498, 0.56471, 0.256), (0.63498, 0.55467, 0.24596), (0.63749, 0.5622, 0.256), (0.62996, 0.53208, 0.20329), (0.63247, 0.52455, 0.19827), (0.63498, 0.52706, 0.19827), (0.63498, 0.5622, 0.26102), (0.63749, 0.56973, 0.27608), (0.63749, 0.56471, 0.26353), (0.63749, 0.56471, 0.26353), (0.63498, 0.5622, 0.26102), (0.63498, 0.5622, 0.26102), (0.64, 0.55467, 0.24345), (0.64, 0.55216, 0.25098), (0.63749, 0.54714, 0.24094), (0.63749, 0.54714, 0.24094), (0.64, 0.55718, 0.24847), (0.64, 0.55467, 0.24345), (0.62745, 0.53961, 0.21835), (0.63498, 0.5622, 0.23592), (0.62745, 0.55969, 0.2309), (0.62745, 0.55969, 0.2309), (0.63247, 0.54463, 0.22337), (0.62745, 0.53961, 0.21835), (0.63498, 0.52706, 0.19827), (0.63498, 0.52706, 0.19827), (0.63498, 0.52706, 0.19827), (0.62494, 0.52455, 0.18824), (0.63498, 0.55216, 0.22839), (0.63749, 0.54463, 0.21835), (0.63247, 0.52204, 0.19325), (0.63247, 0.52204, 0.19325), (0.63247, 0.52204, 0.19325), (0.62996, 0.46431, 0.12298), (0.61741, 0.45678, 0.11545), (0.63247, 0.45176, 0.10541), (0.63247, 0.45176, 0.10541), (0.63247, 0.45176, 0.10541), (0.62996, 0.46431, 0.12298), (0.63247, 0.52204, 0.19325), (0.63247, 0.52204, 0.19325), (0.63247, 0.52204, 0.19325), (0.63247, 0.55216, 0.24345), (0.64, 0.55718, 0.24094), (0.63247, 0.54965, 0.22588), (0.64, 0.56471, 0.27106), (0.64, 0.56471, 0.26353), (0.62996, 0.55467, 0.24847), (0.64, 0.54714, 0.22839), (0.63498, 0.55969, 0.24847), (0.63498, 0.56471, 0.25098), (0.63498, 0.56471, 0.25098), (0.63498, 0.53208, 0.21584), (0.64, 0.54714, 0.22839), (0.63498, 0.55467, 0.25098), (0.63247, 0.53459, 0.21082), (0.63749, 0.53961, 0.22086), (0.63749, 0.53961, 0.22086), (0.64, 0.55718, 0.24847), (0.63498, 0.55467, 0.25098), (0.63247, 0.54965, 0.22588), (0.64, 0.5622, 0.24345), (0.63247, 0.55216, 0.24345), (0.63749, 0.55216, 0.24345), (0.62745, 0.52706, 0.19576), (0.62745, 0.52957, 0.20078), (0.64, 0.52455, 0.19325), (0.63749, 0.54714, 0.23843), (0.63749, 0.55216, 0.24094), (0.63749, 0.55216, 0.24094), (0.63247, 0.53208, 0.20329), (0.64, 0.52455, 0.19325), (0.63498, 0.5622, 0.26102), (0.63749, 0.5622, 0.256), (0.62996, 0.55718, 0.26102), (0.62996, 0.55718, 0.26102), (0.64, 0.57224, 0.27859), (0.63498, 0.5622, 0.26102), (0.61992, 0.50949, 0.17569), (0.62494, 0.51451, 0.17569), (0.62745, 0.51702, 0.1782), (0.63247, 0.5371, 0.22337), (0.61992, 0.53208, 0.21584), (0.63247, 0.53208, 0.20078), (0.63247, 0.46431, 0.13051), (0.63498, 0.45176, 0.10541), (0.60737, 0.46431, 0.13051), (0.64, 0.56973, 0.26855), (0.63749, 0.58478, 0.29616), (0.63749, 0.58478, 0.29616), (0.63749, 0.58478, 0.29616), (0.64, 0.56722, 0.27106), (0.64, 0.56973, 0.26855), (0.61992, 0.46431, 0.12047), (0.60235, 0.46682, 0.13051), (0.62243, 0.47184, 0.14557), (0.62243, 0.47184, 0.14557), (0.62996, 0.46682, 0.14055), (0.61992, 0.46431, 0.12047), (0.62745, 0.52957, 0.20078), (0.62745, 0.54714, 0.23843), (0.63749, 0.55216, 0.24345), (0.63247, 0.54714, 0.23592), (0.62745, 0.57224, 0.26604), (0.63247, 0.56722, 0.26353), (0.63247, 0.56722, 0.26353), (0.62243, 0.53459, 0.21333), (0.63247, 0.54714, 0.23592), (0.62494, 0.50196, 0.14808), (0.63247, 0.512, 0.17067), (0.62494, 0.50698, 0.17569), (0.62494, 0.50698, 0.17569), (0.6149, 0.49192, 0.13804), (0.62494, 0.50196, 0.14808), (0.63247, 0.52455, 0.19827), (0.63749, 0.52204, 0.18322), (0.63247, 0.52204, 0.18824), (0.63749, 0.56973, 0.27608), (0.63749, 0.55216, 0.23592), (0.63749, 0.55216, 0.24094), (0.63749, 0.55216, 0.24094), (0.63749, 0.56471, 0.26353), (0.63749, 0.56973, 0.27608), (0.63247, 0.53208, 0.20078), (0.63247, 0.52455, 0.19576), (0.63247, 0.5371, 0.22337), (0.63247, 0.5622, 0.24596), (0.63247, 0.53208, 0.20078), (0.62996, 0.52204, 0.19576), (0.62996, 0.44925, 0.10792), (0.63247, 0.44675, 0.10792), (0.62996, 0.44925, 0.1029), (0.63498, 0.51702, 0.19075), (0.62996, 0.51953, 0.19075), (0.63247, 0.52706, 0.19075), (0.63247, 0.50196, 0.16063), (0.62996, 0.49443, 0.15561), (0.62243, 0.50447, 0.17318), (0.62243, 0.50447, 0.17318), (0.6149, 0.50447, 0.17569), (0.63247, 0.50196, 0.16063), (0.63498, 0.55467, 0.25098), (0.63247, 0.55216, 0.24847), (0.63498, 0.53961, 0.22086), (0.63498, 0.56973, 0.26604), (0.62745, 0.54965, 0.23592), (0.62745, 0.54212, 0.2309), (0.62745, 0.54212, 0.2309), (0.63749, 0.56471, 0.26353), (0.63498, 0.56973, 0.26604), (0.63498, 0.55718, 0.24345), (0.63498, 0.55718, 0.24345), (0.62996, 0.53961, 0.2309), (0.63247, 0.54463, 0.22337), (0.62996, 0.52204, 0.19576), (0.61741, 0.49694, 0.17569), (0.61741, 0.49694, 0.17569), (0.63749, 0.52957, 0.20831), (0.63247, 0.54463, 0.22337), (0.63498, 0.5371, 0.20831), (0.63498, 0.53961, 0.2058), (0.63498, 0.53961, 0.2058), (0.63498, 0.53961, 0.2058), (0.63498, 0.5371, 0.20831), (0.63498, 0.5371, 0.20831), (0.62996, 0.55467, 0.24847), (0.63749, 0.55969, 0.26604), (0.64, 0.56471, 0.27106), (0.63498, 0.53961, 0.22086), (0.62996, 0.54212, 0.22086), (0.63498, 0.55467, 0.25098), (0.62996, 0.52204, 0.19576), (0.63498, 0.55718, 0.24345), (0.63247, 0.5622, 0.24596), (0.62996, 0.51451, 0.17569), (0.64, 0.54212, 0.23843), (0.63749, 0.54212, 0.23341), (0.63749, 0.54212, 0.23341), (0.63498, 0.51953, 0.18071), (0.62996, 0.51451, 0.17569), (0.60737, 0.46431, 0.13051), (0.60988, 0.47686, 0.14557), (0.63247, 0.46431, 0.13051), (0.63749, 0.5622, 0.25098), (0.62996, 0.55969, 0.24596), (0.63247, 0.5622, 0.25349), (0.63247, 0.5622, 0.25349), (0.62996, 0.54965, 0.24094), (0.63749, 0.5622, 0.25098), (0.63749, 0.54965, 0.22839), (0.62996, 0.56722, 0.24345), (0.64, 0.56722, 0.24847), (0.64, 0.56722, 0.24847), (0.63749, 0.54463, 0.21333), (0.63749, 0.54965, 0.22839), (0.62996, 0.53961, 0.2309), (0.62745, 0.54714, 0.23843), (0.63498, 0.55718, 0.24345), (0.62243, 0.54714, 0.22086), (0.62494, 0.54714, 0.22839), (0.62996, 0.54463, 0.21082), (0.62494, 0.46431, 0.12298), (0.63247, 0.49192, 0.14808), (0.63498, 0.49443, 0.15059), (0.63498, 0.49443, 0.15059), (0.62745, 0.47184, 0.128), (0.62494, 0.46431, 0.12298), (0.63498, 0.46682, 0.13804), (0.61741, 0.47435, 0.14055), (0.62243, 0.4869, 0.15059), (0.62243, 0.4869, 0.15059), (0.62996, 0.46933, 0.13804), (0.63498, 0.46682, 0.13804), (0.62494, 0.51451, 0.17569), (0.63247, 0.52455, 0.19827), (0.63498, 0.52706, 0.20078), (0.63498, 0.50949, 0.17067), (0.62996, 0.51451, 0.17067), (0.63247, 0.512, 0.17067), (0.63247, 0.512, 0.17067), (0.63247, 0.512, 0.17067), (0.63498, 0.50949, 0.17067), (0.64, 0.57976, 0.27608), (0.63749, 0.5622, 0.26102), (0.63749, 0.5622, 0.26102), (0.63749, 0.5622, 0.26102), (0.64, 0.56973, 0.26855), (0.64, 0.57976, 0.27608), (0.63247, 0.4869, 0.14557), (0.63247, 0.49192, 0.14808), (0.62494, 0.50196, 0.17318), (0.63749, 0.54212, 0.20831), (0.63247, 0.54463, 0.21835), (0.62243, 0.54714, 0.22086), (0.64, 0.52455, 0.19325), (0.63247, 0.53208, 0.20078), (0.62996, 0.52204, 0.19325), (0.64, 0.55718, 0.22337), (0.63749, 0.55216, 0.21835), (0.64, 0.55718, 0.24094), (0.64, 0.55718, 0.24094), (0.63247, 0.55467, 0.23592), (0.64, 0.55718, 0.22337), (0.62494, 0.50949, 0.16314), (0.62243, 0.51451, 0.16565), (0.62745, 0.52455, 0.17318), (0.62745, 0.52706, 0.19576), (0.63749, 0.55216, 0.24345), (0.64, 0.55216, 0.23592), (0.64, 0.55216, 0.23592), (0.63247, 0.52455, 0.19576), (0.62745, 0.52706, 0.19576), (0.62996, 0.44925, 0.1029), (0.63247, 0.4618, 0.128), (0.63247, 0.46431, 0.13051), (0.63498, 0.55969, 0.24847), (0.63749, 0.56471, 0.24847), (0.64, 0.5622, 0.24847), (0.62243, 0.54714, 0.22086), (0.62996, 0.5371, 0.2058), (0.63749, 0.54212, 0.20831), (0.63247, 0.53208, 0.20078), (0.63247, 0.5622, 0.24596), (0.63247, 0.56973, 0.25098), (0.63247, 0.56973, 0.25098), (0.62745, 0.53459, 0.20329), (0.63247, 0.53208, 0.20078), (0.62494, 0.50196, 0.17318), (0.62745, 0.50196, 0.16314), (0.63247, 0.4869, 0.14557), (0.63247, 0.52204, 0.19325), (0.63247, 0.52204, 0.19325), (0.63247, 0.52204, 0.19325), (0.63247, 0.52204, 0.19325), (0.63247, 0.52204, 0.19325), (0.63247, 0.52204, 0.19325), (0.62745, 0.52957, 0.21082), (0.62494, 0.5371, 0.21584), (0.62996, 0.52706, 0.2058), (0.62996, 0.52706, 0.2058), (0.63247, 0.52455, 0.19827), (0.62745, 0.52957, 0.21082), (0.63498, 0.5371, 0.21333), (0.64, 0.54714, 0.22839), (0.63247, 0.54463, 0.22839), (0.63247, 0.54463, 0.22839), (0.62243, 0.53459, 0.21835), (0.63498, 0.5371, 0.21333), (0.62745, 0.52706, 0.19576), (0.62996, 0.52204, 0.19576), (0.63247, 0.53208, 0.20078), (0.63247, 0.53208, 0.20078), (0.62745, 0.52957, 0.20078), (0.62745, 0.52706, 0.19576), (0.63247, 0.55969, 0.24345), (0.63749, 0.56722, 0.25851), (0.64, 0.57475, 0.27106), (0.64, 0.57475, 0.27106), (0.63247, 0.55969, 0.23843), (0.63247, 0.55969, 0.24345), (0.62996, 0.44925, 0.1029), (0.63498, 0.45176, 0.10541), (0.62996, 0.44925, 0.10792), (0.63247, 0.51953, 0.19576), (0.63247, 0.52204, 0.19325), (0.63247, 0.52204, 0.19325), (0.63247, 0.52204, 0.19325), (0.63247, 0.52204, 0.19325), (0.63247, 0.51953, 0.19576), (0.62745, 0.51702, 0.1782), (0.62745, 0.52204, 0.18573), (0.61992, 0.50949, 0.17569), (0.62996, 0.53208, 0.20831), (0.62494, 0.5371, 0.22086), (0.63247, 0.52957, 0.20831), (0.63247, 0.52957, 0.20831), (0.63247, 0.52204, 0.19325), (0.62996, 0.53208, 0.20831), (0.63498, 0.5371, 0.20831), (0.63498, 0.5371, 0.20831), (0.63247, 0.5371, 0.20329), (0.63498, 0.54463, 0.23592), (0.63749, 0.56471, 0.24847), (0.63749, 0.56471, 0.24847), (0.63749, 0.56471, 0.24847), (0.62745, 0.54714, 0.23843), (0.63498, 0.54463, 0.23592), (0.62996, 0.51451, 0.17067), (0.62996, 0.512, 0.16565), (0.63247, 0.52706, 0.18573), (0.63498, 0.51953, 0.17569), (0.62494, 0.51451, 0.18071), (0.63247, 0.52706, 0.18573), (0.63749, 0.55216, 0.24094), (0.64, 0.5622, 0.25349), (0.63498, 0.5622, 0.24094), (0.63498, 0.5622, 0.24094), (0.64, 0.56471, 0.25349), (0.63749, 0.55216, 0.24094), (0.63247, 0.53208, 0.20078), (0.63247, 0.55467, 0.23592), (0.64, 0.55467, 0.23843), (0.62996, 0.51702, 0.19325), (0.62745, 0.52706, 0.21584), (0.63247, 0.52204, 0.19325), (0.62996, 0.54463, 0.21082), (0.64, 0.55718, 0.24847), (0.63749, 0.55216, 0.24345), (0.63749, 0.55216, 0.24345), (0.62243, 0.54714, 0.22086), (0.62996, 0.54463, 0.21082), (0.63247, 0.52204, 0.19325), (0.63247, 0.52204, 0.19325), (0.62996, 0.51702, 0.19325), (0.63749, 0.57224, 0.26855), (0.64, 0.55467, 0.22086), (0.64, 0.55216, 0.22588), (0.64, 0.55216, 0.22588), (0.63247, 0.56722, 0.26353), (0.63749, 0.57224, 0.26855), (0.63247, 0.52706, 0.18573), (0.61992, 0.512, 0.18322), (0.62996, 0.51451, 0.17067), (0.63247, 0.5371, 0.20329), (0.63498, 0.53459, 0.2058), (0.63498, 0.5371, 0.20831), (0.63749, 0.58478, 0.29616), (0.64, 0.56722, 0.27106), (0.62494, 0.55969, 0.26102), (0.62996, 0.4618, 0.128), (0.62996, 0.46933, 0.13804), (0.63498, 0.46682, 0.13804), (0.62996, 0.52957, 0.19827), (0.63498, 0.51702, 0.19075), (0.62996, 0.512, 0.18573), (0.63247, 0.52455, 0.19576), (0.63247, 0.52455, 0.19576), (0.62996, 0.52204, 0.19576), (0.62996, 0.52204, 0.19576), (0.63247, 0.52455, 0.19576), (0.63247, 0.52455, 0.19576), (0.63498, 0.46682, 0.13804), (0.63247, 0.46431, 0.13051), (0.62996, 0.4618, 0.128), (0.62996, 0.512, 0.18573), (0.62745, 0.52706, 0.19075), (0.62996, 0.52957, 0.19827), (0.63247, 0.52706, 0.18573), (0.62996, 0.52455, 0.18322), (0.63498, 0.51953, 0.17569), (0.62745, 0.52455, 0.17318), (0.62243, 0.51451, 0.16816), (0.62494, 0.50949, 0.16314), (0.62996, 0.52204, 0.19325), (0.64, 0.52455, 0.18573), (0.64, 0.52455, 0.19325), (0.64, 0.5622, 0.24847), (0.62996, 0.55718, 0.24094), (0.63498, 0.55969, 0.24847), (0.64, 0.55969, 0.256), (0.63498, 0.54463, 0.23592), (0.62745, 0.54212, 0.23341), (0.62745, 0.54212, 0.23341), (0.63498, 0.55969, 0.24847), (0.64, 0.55969, 0.256), (0.63498, 0.49443, 0.15059), (0.63247, 0.4869, 0.14557), (0.62745, 0.50196, 0.16314), (0.62745, 0.50196, 0.16314), (0.62745, 0.50196, 0.16816), (0.63498, 0.49443, 0.15059), (0.62494, 0.55969, 0.26102), (0.64, 0.57725, 0.29867), (0.63749, 0.58478, 0.29616), (0.63247, 0.4618, 0.12298), (0.62996, 0.46431, 0.12298), (0.62996, 0.46682, 0.14055), (0.62996, 0.46431, 0.11796), (0.63749, 0.49443, 0.14557), (0.63749, 0.49192, 0.15059), (0.63498, 0.52706, 0.20078), (0.63498, 0.52706, 0.20078), (0.63498, 0.52706, 0.19827), (0.63498, 0.52706, 0.19827), (0.63498, 0.52706, 0.20078), (0.63498, 0.52706, 0.20078), (0.63247, 0.55216, 0.24345), (0.63749, 0.53961, 0.21584), (0.63749, 0.54212, 0.23341), (0.64, 0.57224, 0.27608), (0.61741, 0.50949, 0.18071), (0.63247, 0.53459, 0.21082), (0.63247, 0.53459, 0.21082), (0.63498, 0.55467, 0.25098), (0.64, 0.57224, 0.27608), (0.63498, 0.52455, 0.19576), (0.63247, 0.52204, 0.19325), (0.63247, 0.52204, 0.19325), (0.62745, 0.50196, 0.16816), (0.61741, 0.49694, 0.16063), (0.63498, 0.49443, 0.15059), (0.62494, 0.49945, 0.16063), (0.62996, 0.46682, 0.14055), (0.62745, 0.46431, 0.13804), (0.63247, 0.55216, 0.24345), (0.64, 0.56973, 0.27608), (0.64, 0.57224, 0.27608), (0.64, 0.57224, 0.27608), (0.64, 0.56722, 0.26604), (0.63247, 0.55216, 0.24345), (0.62996, 0.51953, 0.19075), (0.63247, 0.52204, 0.19325), (0.63247, 0.52204, 0.19325), (0.63247, 0.52204, 0.19325), (0.62745, 0.51953, 0.19075), (0.62996, 0.51953, 0.19075), (0.63749, 0.54714, 0.24094), (0.62745, 0.52957, 0.20078), (0.62745, 0.52706, 0.19827), (0.62745, 0.52706, 0.19827), (0.63247, 0.54463, 0.22337), (0.63749, 0.54714, 0.24094), (0.63749, 0.52455, 0.20078), (0.63498, 0.52706, 0.19827), (0.63498, 0.52706, 0.20078), (0.63247, 0.53961, 0.21333), (0.63749, 0.54212, 0.20831), (0.62996, 0.5371, 0.2058), (0.62996, 0.5371, 0.2058), (0.62745, 0.54212, 0.22588), (0.63247, 0.53961, 0.21333), (0.63749, 0.5622, 0.256), (0.62745, 0.5622, 0.25851), (0.62745, 0.5622, 0.25851), (0.62745, 0.5622, 0.25851), (0.62745, 0.55216, 0.24596), (0.63749, 0.5622, 0.256), (0.64, 0.55718, 0.24847), (0.63749, 0.54714, 0.24094), (0.64, 0.54965, 0.24094), (0.64, 0.54965, 0.24094), (0.63749, 0.55216, 0.24345), (0.64, 0.55718, 0.24847), (0.63498, 0.49443, 0.15059), (0.63498, 0.49443, 0.15059), (0.62745, 0.50196, 0.16816), (0.64, 0.55467, 0.23843), (0.62996, 0.52204, 0.19325), (0.63247, 0.53208, 0.20078), (0.63247, 0.5622, 0.24596), (0.63749, 0.54714, 0.23843), (0.62996, 0.54463, 0.23341), (0.62996, 0.54463, 0.23341), (0.63247, 0.56973, 0.25098), (0.63247, 0.5622, 0.24596), (0.62745, 0.46431, 0.13804), (0.62996, 0.50447, 0.16565), (0.62494, 0.49945, 0.16063), (0.63247, 0.46431, 0.13051), (0.63247, 0.45176, 0.10541), (0.62996, 0.44925, 0.1029), (0.64, 0.55718, 0.23341), (0.64, 0.57475, 0.27106), (0.63749, 0.56722, 0.25851), (0.63749, 0.56722, 0.25851), (0.64, 0.56973, 0.25349), (0.64, 0.55718, 0.23341), (0.63498, 0.52706, 0.20078), (0.63498, 0.52706, 0.19827), (0.63749, 0.52455, 0.20078), (0.64, 0.56722, 0.26102), (0.64, 0.55718, 0.24847), (0.64, 0.5622, 0.25851), (0.63247, 0.54463, 0.22337), (0.64, 0.55216, 0.23592), (0.63749, 0.55216, 0.24345), (0.63749, 0.55216, 0.24345), (0.62745, 0.53961, 0.21835), (0.63247, 0.54463, 0.22337), (0.64, 0.56722, 0.27106), (0.64, 0.56471, 0.27357), (0.64, 0.56722, 0.27357), (0.63498, 0.5371, 0.20831), (0.63498, 0.5371, 0.20831), (0.63749, 0.5371, 0.20831), (0.63749, 0.5371, 0.20831), (0.63498, 0.5371, 0.20831), (0.63498, 0.5371, 0.20831), (0.63749, 0.55216, 0.24094), (0.64, 0.56722, 0.27357), (0.64, 0.56722, 0.27106), (0.64, 0.56722, 0.27106), (0.62494, 0.54714, 0.23341), (0.63749, 0.55216, 0.24094), (0.63749, 0.56471, 0.27106), (0.63498, 0.56722, 0.27357), (0.64, 0.55969, 0.256), (0.64, 0.55969, 0.256), (0.64, 0.55969, 0.256), (0.63749, 0.56471, 0.27106), (0.63247, 0.52204, 0.19325), (0.62996, 0.52204, 0.19325), (0.62745, 0.51953, 0.19075), (0.63247, 0.51702, 0.1782), (0.63498, 0.51953, 0.17569), (0.62996, 0.52455, 0.18322), (0.62996, 0.52455, 0.18322), (0.62745, 0.51953, 0.17318), (0.63247, 0.51702, 0.1782), (0.64, 0.5622, 0.24345), (0.63247, 0.54965, 0.22588), (0.62243, 0.53961, 0.21584), (0.62243, 0.53961, 0.21584), (0.64, 0.55467, 0.24345), (0.64, 0.5622, 0.24345), (0.64, 0.5622, 0.25851), (0.64, 0.57475, 0.27608), (0.64, 0.56722, 0.26102), (0.63749, 0.49192, 0.15059), (0.62996, 0.46431, 0.11796), (0.62996, 0.46431, 0.11796), (0.62745, 0.53961, 0.21835), (0.63749, 0.55216, 0.24345), (0.62745, 0.54714, 0.23843), (0.62745, 0.51702, 0.18824), (0.64, 0.55467, 0.24345), (0.64, 0.55718, 0.24094), (0.64, 0.55718, 0.24094), (0.62745, 0.50949, 0.18322), (0.62745, 0.51702, 0.18824), (0.62745, 0.51953, 0.19075), (0.63247, 0.52455, 0.19576), (0.63498, 0.52706, 0.19827), (0.63498, 0.52706, 0.19827), (0.62996, 0.52204, 0.19325), (0.62745, 0.51953, 0.19075), (0.63247, 0.5371, 0.20329), (0.64, 0.54714, 0.21333), (0.64, 0.55216, 0.22588), (0.64, 0.55216, 0.22588), (0.62494, 0.51953, 0.1782), (0.63247, 0.5371, 0.20329), (0.63749, 0.52706, 0.19827), (0.62996, 0.52957, 0.19827), (0.63247, 0.53208, 0.20078), (0.63247, 0.53208, 0.20078), (0.63749, 0.52706, 0.19827), (0.63749, 0.52706, 0.19827), (0.63247, 0.52455, 0.19827), (0.62996, 0.53208, 0.20329), (0.62243, 0.53459, 0.21835), (0.62243, 0.53459, 0.21835), (0.62745, 0.52957, 0.21082), (0.63247, 0.52455, 0.19827), (0.62745, 0.54714, 0.23843), (0.63247, 0.54714, 0.2309), (0.62745, 0.53961, 0.21835), (0.63749, 0.51451, 0.18573), (0.63247, 0.52706, 0.19075), (0.62494, 0.52455, 0.19325), (0.62494, 0.52455, 0.19325), (0.62996, 0.51953, 0.18573), (0.63749, 0.51451, 0.18573), (0.63749, 0.54212, 0.23341), (0.64, 0.56471, 0.26353), (0.63247, 0.55216, 0.24345), (0.63247, 0.56722, 0.26353), (0.63247, 0.55216, 0.24345), (0.63247, 0.55718, 0.25098), (0.62996, 0.54965, 0.24094), (0.64, 0.56722, 0.27106), (0.64, 0.56471, 0.25349), (0.64, 0.56471, 0.25349), (0.63247, 0.55467, 0.23592), (0.62996, 0.54965, 0.24094), (0.62996, 0.55969, 0.25098), (0.63498, 0.56973, 0.26102), (0.64, 0.57725, 0.27357), (0.64, 0.57725, 0.27357), (0.62996, 0.55969, 0.24596), (0.62996, 0.55969, 0.25098), (0.63498, 0.52455, 0.19576), (0.63247, 0.52204, 0.19325), (0.63247, 0.52204, 0.19325), (0.63247, 0.52204, 0.19325), (0.62996, 0.51953, 0.19075), (0.63498, 0.52455, 0.19576), (0.64, 0.56722, 0.27106), (0.64, 0.56471, 0.27106), (0.64, 0.56722, 0.27106), (0.63247, 0.5371, 0.20329), (0.63749, 0.52706, 0.19827), (0.63247, 0.52455, 0.19576), (0.64, 0.5622, 0.26855), (0.64, 0.56471, 0.27106), (0.63749, 0.55718, 0.25851), (0.63749, 0.55718, 0.25851), (0.63498, 0.55467, 0.256), (0.64, 0.5622, 0.26855), (0.62745, 0.54965, 0.23592), (0.64, 0.56973, 0.26102), (0.64, 0.56722, 0.25098), (0.64, 0.56722, 0.25098), (0.62494, 0.54714, 0.23341), (0.62745, 0.54965, 0.23592), (0.63498, 0.55969, 0.24847), (0.62745, 0.54212, 0.23341), (0.64, 0.55216, 0.24345), (0.64, 0.55216, 0.24345), (0.63498, 0.56471, 0.25098), (0.63498, 0.55969, 0.24847), (0.63247, 0.55718, 0.25098), (0.63749, 0.57224, 0.26855), (0.63247, 0.56722, 0.26353), (0.62745, 0.52706, 0.19827), (0.62745, 0.52957, 0.2058), (0.64, 0.54714, 0.22086), (0.6149, 0.49192, 0.13804), (0.63247, 0.52455, 0.19576), (0.62243, 0.52455, 0.19576), (0.62243, 0.52455, 0.19576), (0.62494, 0.50196, 0.14808), (0.6149, 0.49192, 0.13804), (0.62745, 0.5622, 0.25851), (0.64, 0.56973, 0.256), (0.63498, 0.56973, 0.26102), (0.63498, 0.56973, 0.26102), (0.62996, 0.55969, 0.25098), (0.62745, 0.5622, 0.25851), (0.63498, 0.52455, 0.18573), (0.63498, 0.50196, 0.17067), (0.62996, 0.50447, 0.17067), (0.62996, 0.50447, 0.17067), (0.63498, 0.52455, 0.19075), (0.63498, 0.52455, 0.18573), (0.63247, 0.52455, 0.19576), (0.63749, 0.54212, 0.20831), (0.63247, 0.5371, 0.20329), (0.63247, 0.52204, 0.19325), (0.63247, 0.52706, 0.19075), (0.62996, 0.51953, 0.19075), (0.62996, 0.51953, 0.19075), (0.62745, 0.49694, 0.15561), (0.63247, 0.52455, 0.19576), (0.63749, 0.52204, 0.18322), (0.63247, 0.52455, 0.19827), (0.62243, 0.52455, 0.20078), (0.62243, 0.52455, 0.20078), (0.63749, 0.51953, 0.18824), (0.63749, 0.52204, 0.18322), (0.62996, 0.52957, 0.19827), (0.62494, 0.52957, 0.19576), (0.62996, 0.52957, 0.19827), (0.62996, 0.52957, 0.19827), (0.62996, 0.52957, 0.19827), (0.62996, 0.52957, 0.19827), (0.63247, 0.52204, 0.19325), (0.63498, 0.52455, 0.19576), (0.63498, 0.52455, 0.19576), (0.64, 0.54714, 0.22086), (0.62745, 0.52204, 0.18573), (0.62745, 0.52706, 0.19827), (0.64, 0.55718, 0.24847), (0.64, 0.55969, 0.256), (0.63498, 0.56722, 0.27357), (0.63749, 0.56722, 0.25851), (0.64, 0.57475, 0.27106), (0.63749, 0.57224, 0.26855), (0.63749, 0.57224, 0.26855), (0.63749, 0.5622, 0.25098), (0.63749, 0.56722, 0.25851), (0.63498, 0.55969, 0.24847), (0.64, 0.54714, 0.22839), (0.64, 0.54714, 0.22839), (0.63749, 0.52706, 0.21333), (0.62745, 0.50698, 0.17067), (0.63749, 0.51953, 0.19325), (0.63749, 0.51953, 0.19325), (0.62996, 0.52706, 0.21082), (0.63749, 0.52706, 0.21333), (0.63498, 0.56973, 0.27106), (0.63498, 0.55718, 0.24345), (0.63498, 0.55718, 0.24345), (0.63498, 0.55718, 0.24345), (0.63498, 0.5622, 0.26102), (0.63498, 0.56973, 0.27106), (0.62996, 0.512, 0.18573), (0.62996, 0.512, 0.18071), (0.62494, 0.49192, 0.16063), (0.62494, 0.49192, 0.16063), (0.62745, 0.50698, 0.17067), (0.62996, 0.512, 0.18573), (0.62745, 0.49694, 0.15561), (0.62745, 0.50196, 0.16314), (0.63247, 0.49192, 0.14808), (0.62494, 0.5371, 0.21082), (0.62243, 0.53961, 0.21584), (0.63247, 0.54965, 0.22588), (0.62996, 0.52706, 0.21082), (0.62996, 0.52706, 0.2058), (0.64, 0.52957, 0.20078), (0.64, 0.52957, 0.20078), (0.62996, 0.52957, 0.20078), (0.62996, 0.52706, 0.21082), (0.63247, 0.52455, 0.19576), (0.63498, 0.52706, 0.19827), (0.63498, 0.52706, 0.19827), (0.63498, 0.56722, 0.27357), (0.64, 0.56722, 0.27357), (0.64, 0.55718, 0.24847), (0.62745, 0.52957, 0.20078), (0.62996, 0.53208, 0.20329), (0.62996, 0.52957, 0.19827), (0.63247, 0.54463, 0.21835), (0.63247, 0.53961, 0.21333), (0.62494, 0.54714, 0.22839), (0.62494, 0.54714, 0.22839), (0.62243, 0.54714, 0.22086), (0.63247, 0.54463, 0.21835), (0.64, 0.54714, 0.22839), (0.64, 0.55969, 0.256), (0.63498, 0.55969, 0.24847), (0.63498, 0.53961, 0.22588), (0.63749, 0.5622, 0.256), (0.63498, 0.5622, 0.26102), (0.62745, 0.50447, 0.15561), (0.63749, 0.52706, 0.19325), (0.63247, 0.52455, 0.19576), (0.63247, 0.52455, 0.19576), (0.6149, 0.49192, 0.13804), (0.62745, 0.50447, 0.15561), (0.63498, 0.5622, 0.26102), (0.63498, 0.54463, 0.23592), (0.63498, 0.53961, 0.22588), (0.64, 0.56722, 0.27106), (0.64, 0.55969, 0.26102), (0.64, 0.56722, 0.27106), (0.64, 0.56722, 0.27357), (0.64, 0.56471, 0.27106), (0.64, 0.56722, 0.27106), (0.62745, 0.51953, 0.19075), (0.63247, 0.52204, 0.19325), (0.63247, 0.52204, 0.19325), (0.64, 0.5622, 0.25349), (0.62996, 0.55467, 0.22839), (0.63749, 0.55216, 0.23592), (0.63749, 0.55216, 0.23592), (0.63498, 0.5622, 0.24094), (0.64, 0.5622, 0.25349), (0.63498, 0.50196, 0.17067), (0.63498, 0.52455, 0.18573), (0.63247, 0.52706, 0.19075), (0.63247, 0.52706, 0.19075), (0.63749, 0.51451, 0.18573), (0.63498, 0.50196, 0.17067), (0.62996, 0.52957, 0.19827), (0.63247, 0.52455, 0.19576), (0.62745, 0.52957, 0.20078), (0.63498, 0.53961, 0.2058), (0.63247, 0.53961, 0.21333), (0.63749, 0.5371, 0.2058), (0.64, 0.56471, 0.26353), (0.63749, 0.55718, 0.25851), (0.64, 0.56471, 0.27106), (0.63247, 0.54463, 0.22337), (0.62243, 0.52957, 0.20329), (0.62996, 0.52204, 0.19576), (0.63247, 0.55216, 0.24847), (0.62996, 0.53961, 0.2309), (0.63247, 0.54212, 0.23341), (0.63247, 0.54212, 0.23341), (0.63247, 0.55216, 0.24345), (0.63247, 0.55216, 0.24847), (0.62745, 0.52957, 0.20078), (0.63749, 0.54714, 0.24094), (0.64, 0.55467, 0.25349), (0.64, 0.55467, 0.25349), (0.62494, 0.53459, 0.22588), (0.62745, 0.52957, 0.20078), (0.64, 0.56471, 0.27357), (0.64, 0.56471, 0.26353), (0.64, 0.56471, 0.26353), (0.64, 0.56973, 0.26102), (0.62745, 0.54965, 0.23592), (0.63247, 0.55216, 0.24345), (0.63498, 0.55969, 0.25349), (0.63498, 0.55467, 0.25098), (0.61992, 0.54463, 0.23843), (0.61992, 0.54463, 0.23843), (0.64, 0.56973, 0.26855), (0.63498, 0.55969, 0.25349), (0.64, 0.53961, 0.21082), (0.63749, 0.5371, 0.20831), (0.63498, 0.5371, 0.20831), (0.62745, 0.54965, 0.23592), (0.64, 0.56722, 0.27357), (0.64, 0.56973, 0.27608), (0.63749, 0.5371, 0.2058), (0.62996, 0.52957, 0.19827), (0.63749, 0.52957, 0.20078), (0.63498, 0.54212, 0.21584), (0.62996, 0.54463, 0.21082), (0.62494, 0.54714, 0.22839), (0.62494, 0.54714, 0.22839), (0.63247, 0.54714, 0.23592), (0.63498, 0.54212, 0.21584), (0.62243, 0.52204, 0.19325), (0.62243, 0.52706, 0.19325), (0.62745, 0.52957, 0.20078), (0.63498, 0.53961, 0.2058), (0.63498, 0.53961, 0.2058), (0.63498, 0.5371, 0.20831), (0.63498, 0.5371, 0.20831), (0.63749, 0.5371, 0.20831), (0.63498, 0.53961, 0.2058), (0.62996, 0.52957, 0.19827), (0.62996, 0.52957, 0.19827), (0.62494, 0.52455, 0.19325), (0.63498, 0.53961, 0.2058), (0.63498, 0.53459, 0.2058), (0.63498, 0.53961, 0.22588), (0.63498, 0.53961, 0.22588), (0.62996, 0.53961, 0.2309), (0.63498, 0.53961, 0.2058), (0.64, 0.56973, 0.27608), (0.63247, 0.55216, 0.24345), (0.62745, 0.54965, 0.23592), (0.63247, 0.55216, 0.24345), (0.64, 0.57475, 0.27608), (0.64, 0.56973, 0.26102), (0.63498, 0.52706, 0.19827), (0.63498, 0.52706, 0.19827), (0.62745, 0.51953, 0.19075), (0.63498, 0.52706, 0.19827), (0.63247, 0.53208, 0.20329), (0.63247, 0.52455, 0.19576), (0.63498, 0.56973, 0.26102), (0.63247, 0.56722, 0.26353), (0.64, 0.56973, 0.26102), (0.64, 0.56973, 0.26102), (0.64, 0.56973, 0.26102), (0.63498, 0.56973, 0.26102), (0.62996, 0.52957, 0.19827), (0.62996, 0.52957, 0.19827), (0.63247, 0.53208, 0.20078), (0.63247, 0.53208, 0.20078), (0.62745, 0.53208, 0.19827), (0.62996, 0.52957, 0.19827), (0.63247, 0.54965, 0.22588), (0.63247, 0.53961, 0.21333), (0.62494, 0.5371, 0.21082), (0.62745, 0.52957, 0.20078), (0.64, 0.52957, 0.21584), (0.62243, 0.52204, 0.19325), (0.64, 0.55467, 0.24596), (0.63247, 0.55718, 0.24596), (0.63749, 0.56471, 0.26353), (0.63749, 0.56471, 0.26353), (0.63749, 0.55216, 0.24094), (0.64, 0.55467, 0.24596), (0.63247, 0.5371, 0.20329), (0.63498, 0.53961, 0.2058), (0.64, 0.54463, 0.22588), (0.64, 0.54463, 0.22588), (0.62996, 0.52957, 0.20078), (0.63247, 0.5371, 0.20329), (0.62243, 0.50698, 0.16816), (0.62996, 0.50447, 0.17067), (0.63247, 0.49694, 0.15812), (0.62996, 0.49443, 0.15561), (0.63247, 0.49694, 0.15812), (0.62996, 0.50447, 0.17067), (0.62996, 0.50447, 0.17067), (0.62243, 0.50447, 0.17318), (0.62996, 0.49443, 0.15561), (0.63749, 0.54212, 0.20831), (0.63749, 0.52706, 0.19827), (0.63749, 0.52706, 0.19827), (0.63498, 0.54714, 0.22588), (0.63247, 0.53208, 0.20329), (0.64, 0.54212, 0.21333), (0.63498, 0.55467, 0.256), (0.63498, 0.55467, 0.24596), (0.63247, 0.55216, 0.24847), (0.63247, 0.55216, 0.24847), (0.64, 0.5622, 0.26855), (0.63498, 0.55467, 0.256), (0.64, 0.57475, 0.27106), (0.63749, 0.57725, 0.27106), (0.63749, 0.57725, 0.27106), (0.63749, 0.57725, 0.27106), (0.64, 0.56973, 0.26102), (0.64, 0.57475, 0.27106), (0.63498, 0.53961, 0.2058), (0.63498, 0.53459, 0.20329), (0.63247, 0.5371, 0.20329), (0.63247, 0.5371, 0.20329), (0.63498, 0.5371, 0.20831), (0.63498, 0.53961, 0.2058), (0.63247, 0.49694, 0.15812), (0.62745, 0.49694, 0.15561), (0.62243, 0.50698, 0.16816), (0.63498, 0.55718, 0.24345), (0.63498, 0.56973, 0.26604), (0.63749, 0.56722, 0.25851), (0.63749, 0.53961, 0.21584), (0.63247, 0.55216, 0.24345), (0.64, 0.5622, 0.24345), (0.64, 0.5622, 0.24345), (0.63247, 0.53208, 0.20329), (0.63749, 0.53961, 0.21584), (0.62996, 0.55718, 0.24094), (0.63247, 0.55216, 0.24847), (0.63749, 0.5622, 0.26102), (0.63749, 0.5622, 0.26102), (0.63247, 0.55969, 0.24345), (0.62996, 0.55718, 0.24094), (0.64, 0.56471, 0.27106), (0.64, 0.56722, 0.27106), (0.64, 0.56471, 0.26353), (0.63247, 0.52204, 0.18824), (0.63498, 0.51702, 0.19075), (0.62996, 0.52204, 0.19576), (0.62996, 0.52204, 0.19576), (0.62745, 0.52204, 0.18573), (0.63247, 0.52204, 0.18824), (0.63498, 0.5371, 0.20831), (0.63498, 0.5371, 0.20831), (0.64, 0.53961, 0.21082), (0.63498, 0.52706, 0.19827), (0.63498, 0.52706, 0.19827), (0.63247, 0.52957, 0.20831), (0.64, 0.55467, 0.22839), (0.63247, 0.52204, 0.18824), (0.62745, 0.52204, 0.18573), (0.62745, 0.52204, 0.18573), (0.64, 0.54714, 0.22086), (0.64, 0.55467, 0.22839), (0.63749, 0.56722, 0.25851), (0.63749, 0.56471, 0.24847), (0.63498, 0.55718, 0.24345), (0.63498, 0.55969, 0.24847), (0.63749, 0.54965, 0.22839), (0.63749, 0.54463, 0.21333), (0.63749, 0.54463, 0.21333), (0.63498, 0.5622, 0.24596), (0.63498, 0.55969, 0.24847), (0.62996, 0.52204, 0.19576), (0.64, 0.55718, 0.23341), (0.63247, 0.54463, 0.22337), (0.63749, 0.57725, 0.27106), (0.62494, 0.55969, 0.26102), (0.64, 0.56722, 0.27106), (0.62996, 0.52706, 0.21082), (0.64, 0.54463, 0.2309), (0.62996, 0.54212, 0.22588), (0.62243, 0.51451, 0.16565), (0.62494, 0.51451, 0.17569), (0.62996, 0.512, 0.18071), (0.62996, 0.512, 0.18071), (0.62745, 0.52455, 0.17318), (0.62243, 0.51451, 0.16565), (0.62996, 0.52204, 0.19325), (0.63247, 0.52957, 0.20831), (0.62494, 0.5371, 0.22086), (0.62494, 0.5371, 0.22086), (0.62745, 0.53459, 0.20831), (0.62996, 0.52204, 0.19325), (0.64, 0.56722, 0.27106), (0.63498, 0.54714, 0.2309), (0.63749, 0.54965, 0.23341), (0.63749, 0.54965, 0.23341), (0.64, 0.56973, 0.26855), (0.64, 0.56722, 0.27106), (0.62494, 0.52957, 0.19576), (0.63247, 0.52455, 0.19576), (0.62996, 0.52204, 0.19325), (0.62996, 0.52204, 0.19325), (0.62996, 0.52957, 0.19827), (0.62494, 0.52957, 0.19576), (0.62745, 0.49694, 0.15059), (0.62996, 0.512, 0.16565), (0.63749, 0.51953, 0.19325), (0.63749, 0.51953, 0.19325), (0.62745, 0.50698, 0.17067), (0.62745, 0.49694, 0.15059), (0.63749, 0.55718, 0.24847), (0.63498, 0.55969, 0.25349), (0.63498, 0.5622, 0.26102), (0.63498, 0.5622, 0.26102), (0.63498, 0.55718, 0.24345), (0.63749, 0.55718, 0.24847), (0.64, 0.56471, 0.26353), (0.64, 0.56471, 0.27106), (0.64, 0.56471, 0.27357), (0.64, 0.56722, 0.27106), (0.63749, 0.57725, 0.27106), (0.63749, 0.57725, 0.27106), (0.62996, 0.52957, 0.19827), (0.62996, 0.5371, 0.20329), (0.62745, 0.52706, 0.19576), (0.62996, 0.53961, 0.2309), (0.63247, 0.55216, 0.24847), (0.63247, 0.55216, 0.24847), (0.64, 0.57475, 0.27608), (0.64, 0.56471, 0.25349), (0.63749, 0.55718, 0.24847), (0.63749, 0.55718, 0.24847), (0.64, 0.56722, 0.26102), (0.64, 0.57475, 0.27608), (0.62996, 0.51953, 0.19075), (0.63498, 0.51702, 0.19075), (0.62745, 0.50196, 0.16314), (0.62745, 0.50196, 0.16314), (0.62745, 0.49694, 0.15561), (0.62996, 0.51953, 0.19075), (0.63498, 0.49443, 0.15059), (0.63247, 0.49192, 0.1531), (0.63247, 0.49192, 0.14808), (0.63247, 0.49192, 0.14808), (0.63247, 0.4869, 0.14557), (0.63498, 0.49443, 0.15059), (0.63498, 0.5622, 0.23592), (0.62745, 0.53961, 0.21835), (0.63247, 0.54714, 0.2309), (0.63247, 0.54714, 0.2309), (0.63498, 0.5622, 0.24094), (0.63498, 0.5622, 0.23592), (0.64, 0.54212, 0.21333), (0.63247, 0.53961, 0.21333), (0.63498, 0.54714, 0.22588), (0.64, 0.57725, 0.26855), (0.64, 0.57976, 0.27357), (0.63749, 0.57475, 0.25851), (0.63749, 0.57475, 0.25851), (0.64, 0.56722, 0.26604), (0.64, 0.57725, 0.26855), (0.63749, 0.52706, 0.19827), (0.63498, 0.51953, 0.17569), (0.63247, 0.51702, 0.1782), (0.63247, 0.51702, 0.1782), (0.63498, 0.52455, 0.19576), (0.63749, 0.52706, 0.19827), (0.62745, 0.52706, 0.19576), (0.62494, 0.52455, 0.19325), (0.62996, 0.52957, 0.19827), (0.62745, 0.54965, 0.2309), (0.63247, 0.56471, 0.24094), (0.64, 0.57475, 0.27106), (0.64, 0.57475, 0.27106), (0.62996, 0.55467, 0.22839), (0.62745, 0.54965, 0.2309), (0.63247, 0.55216, 0.24847), (0.63498, 0.53961, 0.22588), (0.63498, 0.54463, 0.23592), (0.63498, 0.54463, 0.23592), (0.63498, 0.5622, 0.24596), (0.63247, 0.55216, 0.24847), (0.63247, 0.4869, 0.14557), (0.63498, 0.49443, 0.15059), (0.63247, 0.49192, 0.14808), (0.63247, 0.49192, 0.14808), (0.63498, 0.49443, 0.15059), (0.63247, 0.4869, 0.14557), (0.63498, 0.54212, 0.21584), (0.64, 0.55467, 0.25349), (0.63749, 0.54714, 0.24094), (0.64, 0.56722, 0.27357), (0.64, 0.56722, 0.27106), (0.64, 0.56722, 0.27357), (0.62996, 0.52204, 0.19325), (0.63498, 0.52706, 0.19827), (0.63247, 0.52455, 0.19576), (0.63247, 0.55467, 0.23592), (0.63247, 0.53208, 0.20078), (0.63498, 0.54212, 0.21082), (0.63498, 0.54212, 0.21082), (0.63498, 0.54965, 0.23341), (0.63247, 0.55467, 0.23592), (0.62243, 0.4869, 0.15059), (0.62745, 0.46431, 0.13804), (0.62996, 0.46682, 0.14055), (0.62996, 0.46682, 0.14055), (0.62494, 0.49945, 0.16063), (0.62243, 0.4869, 0.15059), (0.62996, 0.52204, 0.17569), (0.62745, 0.50698, 0.17067), (0.63247, 0.51451, 0.18322), (0.63247, 0.51451, 0.18322), (0.62494, 0.52706, 0.18322), (0.62996, 0.52204, 0.17569), (0.63247, 0.52957, 0.20831), (0.63247, 0.53208, 0.20329), (0.63498, 0.52706, 0.19827), (0.63749, 0.52706, 0.19827), (0.63247, 0.5371, 0.20329), (0.63749, 0.54212, 0.20831), (0.63749, 0.49694, 0.14808), (0.63498, 0.49443, 0.15059), (0.63498, 0.49443, 0.15059), (0.63498, 0.49443, 0.15059), (0.63498, 0.49443, 0.15059), (0.63749, 0.49694, 0.14808), (0.62745, 0.49443, 0.14808), (0.63247, 0.49192, 0.14808), (0.63247, 0.49192, 0.14306), (0.63749, 0.55216, 0.24094), (0.63749, 0.56973, 0.27608), (0.64, 0.57725, 0.2811), (0.64, 0.57725, 0.2811), (0.64, 0.55467, 0.24596), (0.63749, 0.55216, 0.24094), (0.62996, 0.54212, 0.22086), (0.63247, 0.56722, 0.25851), (0.64, 0.57475, 0.27106), (0.64, 0.57475, 0.27106), (0.64, 0.55718, 0.23341), (0.62996, 0.54212, 0.22086), (0.62996, 0.55467, 0.22839), (0.64, 0.57475, 0.27106), (0.63749, 0.56973, 0.27608), (0.63749, 0.56973, 0.27608), (0.62996, 0.55467, 0.22839), (0.62996, 0.55467, 0.22839), (0.62996, 0.54212, 0.22588), (0.63498, 0.54463, 0.24345), (0.62996, 0.52706, 0.21082), (0.62996, 0.55718, 0.24094), (0.63498, 0.55467, 0.24596), (0.63749, 0.55718, 0.25349), (0.63247, 0.55216, 0.24847), (0.62996, 0.54463, 0.23341), (0.62996, 0.53961, 0.2309), (0.63749, 0.55718, 0.25851), (0.63749, 0.55718, 0.25349), (0.63498, 0.55467, 0.256), (0.63498, 0.53961, 0.2058), (0.63498, 0.53961, 0.2058), (0.63247, 0.54463, 0.21835), (0.63247, 0.54463, 0.21835), (0.63749, 0.54212, 0.20831), (0.63498, 0.53961, 0.2058), (0.64, 0.55467, 0.22839), (0.63749, 0.5622, 0.23592), (0.63498, 0.55718, 0.23843), (0.63498, 0.55718, 0.23843), (0.63749, 0.55216, 0.24094), (0.64, 0.55467, 0.22839), (0.62745, 0.50949, 0.18322), (0.62745, 0.51702, 0.1782), (0.62494, 0.51451, 0.17569), (0.64, 0.56722, 0.27106), (0.63498, 0.56722, 0.27357), (0.64, 0.56722, 0.27106), (0.64, 0.56722, 0.27106), (0.64, 0.56471, 0.27106), (0.64, 0.56722, 0.27106), (0.62494, 0.50196, 0.18071), (0.63749, 0.52957, 0.20831), (0.61741, 0.49694, 0.17569), (0.61741, 0.49694, 0.17569), (0.62494, 0.51702, 0.19075), (0.62494, 0.50196, 0.18071), (0.64, 0.56722, 0.27357), (0.63749, 0.55216, 0.24094), (0.64, 0.56471, 0.25349), (0.63247, 0.49192, 0.14306), (0.63498, 0.49443, 0.14557), (0.62745, 0.49443, 0.14808), (0.63247, 0.56973, 0.25349), (0.62745, 0.5622, 0.25851), (0.63498, 0.56471, 0.256), (0.63498, 0.56471, 0.256), (0.64, 0.56722, 0.25098), (0.63247, 0.56973, 0.25349), (0.62745, 0.51953, 0.19075), (0.63247, 0.52204, 0.19325), (0.62745, 0.52706, 0.21584), (0.62745, 0.52706, 0.21584), (0.63247, 0.52455, 0.20329), (0.62745, 0.51953, 0.19075), (0.63749, 0.55216, 0.21835), (0.64, 0.55718, 0.22337), (0.64, 0.5622, 0.24345), (0.63498, 0.53961, 0.2058), (0.63498, 0.53961, 0.2058), (0.62996, 0.54463, 0.21082), (0.62996, 0.54463, 0.21082), (0.63498, 0.54212, 0.21584), (0.63498, 0.53961, 0.2058), (0.64, 0.55216, 0.22588), (0.62494, 0.54212, 0.21835), (0.62745, 0.55216, 0.22588), (0.62745, 0.55216, 0.22588), (0.63247, 0.52957, 0.21333), (0.64, 0.55216, 0.22588), (0.63247, 0.4618, 0.12298), (0.62996, 0.46682, 0.14055), (0.61741, 0.48188, 0.16565), (0.61741, 0.48188, 0.16565), (0.59231, 0.46682, 0.13302), (0.63247, 0.4618, 0.12298), (0.63498, 0.56471, 0.25098), (0.64, 0.55216, 0.24345), (0.63498, 0.5371, 0.21835), (0.63498, 0.5371, 0.21835), (0.64, 0.56973, 0.26102), (0.63498, 0.56471, 0.25098), (0.63247, 0.54212, 0.23341), (0.63247, 0.52455, 0.19827), (0.62745, 0.52455, 0.20329), (0.62745, 0.52455, 0.20329), (0.63749, 0.54965, 0.22839), (0.63247, 0.54212, 0.23341), (0.64, 0.56722, 0.27357), (0.64, 0.56722, 0.27357), (0.64, 0.56722, 0.27357), (0.63749, 0.55718, 0.25349), (0.63749, 0.55718, 0.24847), (0.62996, 0.55718, 0.24094), (0.63247, 0.52455, 0.19576), (0.63247, 0.52455, 0.19576), (0.62996, 0.52204, 0.19325), (0.63498, 0.55718, 0.24345), (0.62996, 0.52204, 0.19576), (0.62996, 0.52204, 0.19576), (0.62996, 0.52204, 0.19576), (0.63247, 0.55216, 0.24345), (0.63498, 0.55718, 0.24345), (0.63749, 0.56722, 0.25851), (0.63749, 0.56722, 0.25098), (0.64, 0.56973, 0.25349), (0.63247, 0.49192, 0.14306), (0.63247, 0.49192, 0.14808), (0.62745, 0.50196, 0.16314), (0.62745, 0.50196, 0.16314), (0.64, 0.52455, 0.19325), (0.63247, 0.49192, 0.14306), (0.62996, 0.55467, 0.24847), (0.61992, 0.54463, 0.23843), (0.63498, 0.55467, 0.25098), (0.63498, 0.51702, 0.19075), (0.63247, 0.52204, 0.18824), (0.61992, 0.51953, 0.18824), (0.61992, 0.51953, 0.18824), (0.62996, 0.512, 0.18573), (0.63498, 0.51702, 0.19075), (0.62494, 0.52455, 0.19576), (0.63749, 0.51702, 0.19576), (0.63749, 0.51953, 0.19325), (0.63247, 0.55216, 0.24847), (0.63498, 0.52706, 0.19827), (0.62494, 0.52706, 0.20831), (0.62494, 0.52706, 0.20831), (0.62996, 0.55467, 0.25349), (0.63247, 0.55216, 0.24847), (0.63498, 0.55718, 0.24345), (0.63498, 0.55718, 0.24345), (0.62745, 0.54714, 0.23843), (0.64, 0.56471, 0.25349), (0.63498, 0.5622, 0.24094), (0.63498, 0.5622, 0.24596), (0.63247, 0.49192, 0.14808), (0.62745, 0.49443, 0.14808), (0.63498, 0.49443, 0.15059), (0.63498, 0.49443, 0.15059), (0.63247, 0.49192, 0.14808), (0.63247, 0.49192, 0.14808), (0.62745, 0.49694, 0.15059), (0.63247, 0.50196, 0.16314), (0.62745, 0.51953, 0.17318), (0.62745, 0.51953, 0.17318), (0.62996, 0.52455, 0.18322), (0.62745, 0.49694, 0.15059), (0.62996, 0.51451, 0.17067), (0.63498, 0.50949, 0.17067), (0.63498, 0.52455, 0.19075), (0.63498, 0.52455, 0.19075), (0.62494, 0.51953, 0.1782), (0.62996, 0.51451, 0.17067), (0.63498, 0.53459, 0.20329), (0.63247, 0.53459, 0.2058), (0.63498, 0.53961, 0.2058), (0.63498, 0.55467, 0.25098), (0.62996, 0.54212, 0.22086), (0.62996, 0.55467, 0.24847), (0.63749, 0.57475, 0.25851), (0.63749, 0.55467, 0.22086), (0.62996, 0.54714, 0.21835), (0.63247, 0.54463, 0.22337), (0.62745, 0.55969, 0.2309), (0.62745, 0.56471, 0.24094), (0.64, 0.56722, 0.27106), (0.63749, 0.58478, 0.29616), (0.64, 0.57725, 0.29867), (0.64, 0.57725, 0.29867), (0.64, 0.56722, 0.27106), (0.64, 0.56722, 0.27106), (0.62494, 0.51451, 0.17569), (0.62745, 0.51702, 0.18824), (0.62745, 0.50949, 0.18322), (0.62745, 0.512, 0.16816), (0.63498, 0.52455, 0.19576), (0.62494, 0.52455, 0.19576), (0.63498, 0.56973, 0.26102), (0.63749, 0.56973, 0.27608), (0.64, 0.57475, 0.27106), (0.64, 0.57475, 0.27106), (0.64, 0.56973, 0.25349), (0.63498, 0.56973, 0.26102), (0.64, 0.56471, 0.25349), (0.64, 0.56722, 0.26604), (0.64, 0.56722, 0.27357), (0.63749, 0.54714, 0.24094), (0.63749, 0.52957, 0.20831), (0.63498, 0.54212, 0.21584), (0.64, 0.5622, 0.24345), (0.64, 0.55718, 0.22337), (0.63749, 0.55216, 0.21835), (0.64, 0.54463, 0.22588), (0.62494, 0.53459, 0.22588), (0.63498, 0.54463, 0.23592), (0.63498, 0.54463, 0.23592), (0.62745, 0.54212, 0.2309), (0.64, 0.54463, 0.22588), (0.62996, 0.54714, 0.21835), (0.64, 0.56722, 0.24596), (0.63749, 0.57475, 0.25851), (0.64, 0.55216, 0.22588), (0.63749, 0.57224, 0.26353), (0.63749, 0.57224, 0.26353), (0.63749, 0.57224, 0.26353), (0.62243, 0.53459, 0.21333), (0.64, 0.55216, 0.22588), (0.64, 0.5622, 0.25349), (0.63247, 0.5371, 0.21835), (0.63749, 0.54965, 0.23341), (0.62996, 0.46682, 0.14055), (0.62996, 0.46682, 0.14055), (0.6149, 0.48188, 0.16063), (0.6149, 0.48188, 0.16063), (0.61741, 0.48188, 0.16565), (0.62996, 0.46682, 0.14055), (0.63247, 0.52957, 0.21333), (0.62243, 0.52455, 0.19576), (0.63247, 0.52455, 0.19576), (0.63247, 0.52455, 0.19576), (0.62494, 0.51702, 0.19075), (0.63247, 0.52957, 0.21333), (0.63498, 0.53961, 0.2058), (0.63247, 0.5371, 0.20329), (0.63498, 0.53459, 0.20329), (0.62996, 0.54212, 0.22086), (0.62996, 0.54463, 0.23341), (0.62494, 0.54965, 0.24345), (0.62494, 0.54965, 0.24345), (0.62996, 0.55467, 0.24847), (0.62996, 0.54212, 0.22086), (0.62745, 0.46431, 0.13804), (0.62996, 0.46682, 0.14055), (0.63247, 0.46431, 0.13804), (0.62243, 0.52957, 0.20329), (0.63247, 0.54463, 0.22337), (0.63498, 0.54212, 0.21082), (0.63498, 0.54212, 0.21082), (0.63498, 0.54463, 0.23592), (0.62243, 0.52957, 0.20329), (0.63247, 0.46431, 0.13804), (0.62996, 0.46682, 0.14055), (0.62745, 0.46431, 0.13804), (0.62996, 0.52706, 0.2058), (0.63247, 0.52455, 0.19827), (0.62996, 0.512, 0.18573), (0.62996, 0.512, 0.18573), (0.64, 0.52957, 0.20078), (0.62996, 0.52706, 0.2058), (0.62745, 0.56471, 0.24094), (0.63749, 0.54965, 0.22839), (0.63247, 0.54463, 0.22337), (0.63749, 0.54965, 0.23341), (0.63749, 0.5622, 0.26102), (0.64, 0.5622, 0.25349), (0.62494, 0.52455, 0.19576), (0.62996, 0.51953, 0.18071), (0.62745, 0.512, 0.16816), (0.63498, 0.55467, 0.24596), (0.63749, 0.55216, 0.24345), (0.64, 0.56471, 0.26353), (0.63498, 0.53961, 0.22588), (0.63247, 0.55216, 0.24847), (0.63498, 0.55467, 0.25098), (0.63498, 0.55467, 0.25098), (0.62996, 0.53961, 0.2309), (0.63498, 0.53961, 0.22588), (0.64, 0.56471, 0.26353), (0.64, 0.56471, 0.26353), (0.63498, 0.55467, 0.24596), (0.63247, 0.55718, 0.25098), (0.63247, 0.56973, 0.25349), (0.64, 0.56722, 0.25098), (0.62996, 0.52957, 0.19827), (0.62996, 0.52957, 0.19827), (0.63247, 0.52455, 0.19576), (0.63247, 0.52455, 0.19576), (0.62996, 0.52957, 0.19325), (0.62996, 0.52957, 0.19827), (0.63498, 0.5622, 0.24596), (0.64, 0.56471, 0.25349), (0.64, 0.56471, 0.25349), (0.62996, 0.53961, 0.2309), (0.63498, 0.55718, 0.24345), (0.63498, 0.53961, 0.22588), (0.63498, 0.53961, 0.22086), (0.63247, 0.55216, 0.24847), (0.62996, 0.54212, 0.21584), (0.63749, 0.51953, 0.19325), (0.62494, 0.53208, 0.2058), (0.62494, 0.52455, 0.19576), (0.63498, 0.53961, 0.22086), (0.62996, 0.53961, 0.2309), (0.62996, 0.54212, 0.22086), (0.63498, 0.55467, 0.25098), (0.63498, 0.55467, 0.25098), (0.62996, 0.54212, 0.22086), (0.64, 0.55467, 0.24596), (0.63749, 0.55718, 0.24847), (0.63247, 0.55718, 0.24596), (0.63247, 0.55718, 0.24596), (0.64, 0.55467, 0.24596), (0.64, 0.55467, 0.24596), (0.64, 0.54714, 0.22839), (0.62996, 0.54212, 0.22086), (0.62745, 0.53208, 0.21333), (0.64, 0.54965, 0.24094), (0.63247, 0.54212, 0.23341), (0.62996, 0.54212, 0.21584), (0.63498, 0.49443, 0.15059), (0.63498, 0.48941, 0.14808), (0.63247, 0.49192, 0.14808), (0.63247, 0.49192, 0.14808), (0.63498, 0.49443, 0.15059), (0.63498, 0.49443, 0.15059), (0.63247, 0.56471, 0.24094), (0.64, 0.55718, 0.23341), (0.64, 0.56973, 0.25349), (0.63247, 0.53459, 0.19075), (0.64, 0.53208, 0.19325), (0.62243, 0.51451, 0.16816), (0.62243, 0.51451, 0.16816), (0.62745, 0.52455, 0.17318), (0.63247, 0.53459, 0.19075), (0.63498, 0.48941, 0.14808), (0.63498, 0.49443, 0.15059), (0.62494, 0.49192, 0.14557), (0.63498, 0.53961, 0.2058), (0.63498, 0.53961, 0.2058), (0.63247, 0.5371, 0.20329), (0.63247, 0.5371, 0.20329), (0.63498, 0.53961, 0.2058), (0.63498, 0.53961, 0.2058), (0.63498, 0.53961, 0.2058), (0.64, 0.55467, 0.24345), (0.64, 0.55718, 0.24847), (0.63247, 0.52204, 0.19325), (0.63498, 0.52455, 0.19576), (0.62745, 0.52455, 0.20831), (0.62745, 0.52455, 0.20831), (0.62996, 0.52706, 0.21082), (0.63247, 0.52204, 0.19325), (0.63247, 0.51702, 0.1782), (0.62745, 0.512, 0.16816), (0.62996, 0.51953, 0.18071), (0.62996, 0.51953, 0.18071), (0.63498, 0.51953, 0.18071), (0.63247, 0.51702, 0.1782), (0.62745, 0.53208, 0.21333), (0.64, 0.54714, 0.22839), (0.64, 0.54714, 0.22839), (0.63749, 0.51451, 0.18573), (0.62494, 0.47435, 0.14808), (0.59482, 0.45678, 0.13804), (0.59482, 0.45678, 0.13804), (0.61741, 0.50447, 0.18071), (0.63749, 0.51451, 0.18573), (0.64, 0.55718, 0.24847), (0.62996, 0.54463, 0.21082), (0.63498, 0.53961, 0.2058), (0.62745, 0.5622, 0.25851), (0.63247, 0.56973, 0.25349), (0.64, 0.56973, 0.256), (0.64, 0.56973, 0.256), (0.62745, 0.5622, 0.25851), (0.62745, 0.5622, 0.25851), (0.62996, 0.50447, 0.19075), (0.63247, 0.50949, 0.18824), (0.63247, 0.50949, 0.18824), (0.63247, 0.55969, 0.26353), (0.63749, 0.55718, 0.25349), (0.63749, 0.57725, 0.27106), (0.63749, 0.57725, 0.27106), (0.63498, 0.57475, 0.26855), (0.63247, 0.55969, 0.26353), (0.63247, 0.52455, 0.19576), (0.62996, 0.53208, 0.20329), (0.63498, 0.52706, 0.19827), (0.63498, 0.52706, 0.19827), (0.63498, 0.52706, 0.19827), (0.63247, 0.52455, 0.19576), (0.63498, 0.56973, 0.26102), (0.64, 0.56973, 0.25349), (0.63749, 0.56722, 0.25098), (0.63749, 0.56722, 0.25098), (0.63749, 0.56722, 0.25349), (0.63498, 0.56973, 0.26102), (0.63498, 0.56722, 0.27357), (0.63749, 0.56973, 0.27608), (0.63749, 0.57475, 0.28361), (0.63749, 0.57475, 0.28361), (0.63498, 0.56722, 0.27357), (0.63498, 0.56722, 0.27357), (0.63247, 0.50949, 0.18824), (0.64, 0.51451, 0.20078), (0.62996, 0.50447, 0.19075), (0.64, 0.56722, 0.25098), (0.63498, 0.55969, 0.24847), (0.63247, 0.55718, 0.25098), (0.64, 0.56471, 0.27106), (0.63749, 0.51953, 0.19325), (0.63749, 0.51702, 0.19576), (0.63749, 0.51702, 0.19576), (0.64, 0.56471, 0.27357), (0.64, 0.56471, 0.27106), (0.64, 0.5622, 0.24847), (0.63749, 0.56471, 0.24847), (0.63247, 0.55216, 0.24847), (0.63247, 0.52455, 0.19576), (0.63749, 0.51953, 0.19325), (0.63247, 0.52204, 0.19325), (0.63247, 0.52204, 0.19325), (0.62996, 0.51953, 0.19075), (0.63247, 0.52455, 0.19576), (0.64, 0.56471, 0.26353), (0.64, 0.56471, 0.26353), (0.63749, 0.55216, 0.24345), (0.64, 0.56471, 0.27357), (0.64, 0.57224, 0.27859), (0.64, 0.56471, 0.26353), (0.64, 0.56471, 0.27357), (0.64, 0.56722, 0.27357), (0.64, 0.56722, 0.27106), (0.61741, 0.50447, 0.18071), (0.58227, 0.44925, 0.128), (0.62243, 0.46431, 0.14055), (0.63498, 0.52455, 0.19576), (0.62996, 0.52204, 0.19576), (0.62494, 0.51451, 0.18573), (0.62494, 0.52455, 0.19576), (0.63498, 0.52455, 0.19576), (0.63749, 0.51702, 0.19576), (0.62494, 0.51451, 0.18573), (0.62996, 0.52204, 0.19576), (0.61741, 0.50949, 0.18071), (0.64, 0.56471, 0.26353), (0.64, 0.57224, 0.27608), (0.63247, 0.55216, 0.24847), (0.64, 0.56973, 0.25349), (0.64, 0.57475, 0.27106), (0.63247, 0.56471, 0.24094), (0.63749, 0.55216, 0.23592), (0.63498, 0.56973, 0.27106), (0.63749, 0.56973, 0.27608), (0.63749, 0.56973, 0.27608), (0.63749, 0.55216, 0.24094), (0.63749, 0.55216, 0.23592), (0.63498, 0.57475, 0.26855), (0.63749, 0.57725, 0.27106), (0.64, 0.57475, 0.27608), (0.63498, 0.49443, 0.15059), (0.63498, 0.49443, 0.14557), (0.63247, 0.50196, 0.15561), (0.63247, 0.50196, 0.15561), (0.62745, 0.49694, 0.15561), (0.63498, 0.49443, 0.15059), (0.63498, 0.55467, 0.24596), (0.63498, 0.55718, 0.24345), (0.63749, 0.54714, 0.24094), (0.63247, 0.53208, 0.20329), (0.63247, 0.52957, 0.20831), (0.62745, 0.53208, 0.21835), (0.62745, 0.53208, 0.21835), (0.62745, 0.52957, 0.20078), (0.63247, 0.53208, 0.20329), (0.63749, 0.54714, 0.24094), (0.64, 0.55216, 0.25098), (0.63498, 0.55467, 0.24596), (0.62243, 0.46431, 0.14055), (0.63749, 0.51451, 0.18573), (0.61741, 0.50447, 0.18071), (0.63498, 0.53459, 0.22839), (0.63749, 0.55216, 0.24094), (0.63749, 0.54714, 0.23843), (0.63498, 0.49443, 0.15059), (0.63498, 0.49443, 0.15059), (0.63498, 0.49443, 0.15059), (0.63498, 0.49443, 0.15059), (0.63749, 0.49694, 0.1531), (0.63498, 0.49443, 0.15059), (0.62745, 0.55216, 0.24094), (0.63498, 0.56973, 0.26102), (0.64, 0.56973, 0.256), (0.64, 0.56973, 0.256), (0.63247, 0.55216, 0.24345), (0.62745, 0.55216, 0.24094), (0.62745, 0.52706, 0.19576), (0.63749, 0.5622, 0.23592), (0.63498, 0.54212, 0.21584), (0.63498, 0.54212, 0.21584), (0.63247, 0.53208, 0.20329), (0.62745, 0.52706, 0.19576), (0.62494, 0.49192, 0.14557), (0.63247, 0.49192, 0.14808), (0.63498, 0.48941, 0.14808), (0.64, 0.58478, 0.28361), (0.63749, 0.5622, 0.26102), (0.64, 0.56722, 0.26604), (0.62996, 0.46431, 0.12298), (0.61741, 0.45929, 0.13051), (0.60486, 0.46933, 0.13804), (0.63498, 0.53961, 0.2058), (0.63247, 0.5371, 0.20329), (0.63498, 0.53459, 0.20329), (0.63498, 0.53459, 0.20329), (0.63498, 0.53961, 0.2058), (0.63498, 0.53961, 0.2058), (0.62996, 0.52957, 0.19827), (0.62996, 0.52204, 0.19325), (0.63498, 0.51702, 0.19075), (0.61992, 0.52455, 0.19075), (0.63498, 0.54212, 0.21584), (0.63498, 0.5371, 0.21333), (0.64, 0.55216, 0.22588), (0.63498, 0.5371, 0.21835), (0.64, 0.54965, 0.24094), (0.64, 0.54965, 0.24094), (0.62996, 0.54463, 0.21082), (0.64, 0.55216, 0.22588), (0.64, 0.57475, 0.27106), (0.63498, 0.56973, 0.26604), (0.63749, 0.56471, 0.26353), (0.63749, 0.56471, 0.26353), (0.63749, 0.57224, 0.26855), (0.64, 0.57475, 0.27106), (0.62243, 0.53208, 0.22337), (0.63498, 0.5371, 0.21835), (0.63498, 0.54463, 0.24345), (0.63498, 0.54463, 0.24345), (0.62745, 0.53961, 0.23843), (0.62243, 0.53208, 0.22337), (0.59231, 0.46682, 0.13302), (0.60988, 0.47937, 0.14055), (0.62494, 0.46431, 0.12298), (0.62494, 0.51451, 0.18573), (0.63749, 0.51702, 0.19576), (0.63498, 0.52455, 0.19576), (0.60486, 0.46933, 0.13804), (0.5898, 0.44424, 0.11043), (0.62996, 0.46431, 0.12298), (0.64, 0.56722, 0.26604), (0.62745, 0.57224, 0.26604), (0.64, 0.58478, 0.28361), (0.62996, 0.54212, 0.22086), (0.64, 0.56471, 0.25349), (0.62996, 0.55718, 0.24094), (0.62494, 0.53208, 0.2058), (0.64, 0.54463, 0.22588), (0.63498, 0.53961, 0.2058), (0.63247, 0.49192, 0.1531), (0.63498, 0.49443, 0.15059), (0.62745, 0.49694, 0.15561), (0.62745, 0.49694, 0.15561), (0.63247, 0.49694, 0.15812), (0.63247, 0.49192, 0.1531), (0.62996, 0.53208, 0.20329), (0.63749, 0.52957, 0.20329), (0.62996, 0.53208, 0.21333), (0.62996, 0.53208, 0.21333), (0.62745, 0.53961, 0.21835), (0.62996, 0.53208, 0.20329), (0.63498, 0.53961, 0.2058), (0.63498, 0.53961, 0.2058), (0.62494, 0.53208, 0.2058), (0.64, 0.57475, 0.27608), (0.63247, 0.55969, 0.26353), (0.63498, 0.57475, 0.26855), (0.64, 0.56722, 0.27106), (0.64, 0.56722, 0.27357), (0.64, 0.56471, 0.27357), (0.63749, 0.57976, 0.28863), (0.62996, 0.55718, 0.24094), (0.64, 0.56471, 0.25349), (0.64, 0.56471, 0.25349), (0.64, 0.57475, 0.27608), (0.63749, 0.57976, 0.28863), (0.63247, 0.52455, 0.19576), (0.62745, 0.49694, 0.15561), (0.62494, 0.49192, 0.14557), (0.62494, 0.49192, 0.14557), (0.62745, 0.51953, 0.19075), (0.63247, 0.52455, 0.19576), (0.62996, 0.51953, 0.19075), (0.63247, 0.52204, 0.18824), (0.63247, 0.52204, 0.19325), (0.63247, 0.52204, 0.19325), (0.63247, 0.52204, 0.19325), (0.62996, 0.51953, 0.19075), (0.62996, 0.55718, 0.24094), (0.64, 0.5622, 0.24847), (0.62996, 0.54212, 0.22086), (0.62996, 0.55467, 0.25349), (0.62494, 0.54965, 0.24345), (0.62996, 0.54463, 0.23341), (0.62745, 0.54714, 0.23843), (0.62745, 0.52957, 0.20078), (0.62494, 0.53208, 0.20078), (0.63247, 0.53208, 0.20329), (0.63498, 0.54714, 0.22588), (0.64, 0.55718, 0.24094), (0.64, 0.55718, 0.24094), (0.62745, 0.52706, 0.19576), (0.63247, 0.53208, 0.20329), (0.63498, 0.52706, 0.19827), (0.63498, 0.52706, 0.19827), (0.63498, 0.52706, 0.20078), (0.63247, 0.53208, 0.20329), (0.63498, 0.54212, 0.21584), (0.61992, 0.52455, 0.19075), (0.61992, 0.52455, 0.19075), (0.64, 0.54212, 0.21333), (0.63247, 0.53208, 0.20329), (0.62494, 0.49192, 0.16063), (0.64, 0.54463, 0.22588), (0.64, 0.55467, 0.23843), (0.63247, 0.52706, 0.19075), (0.62996, 0.52204, 0.17569), (0.62494, 0.52706, 0.18322), (0.62494, 0.52706, 0.18322), (0.62494, 0.52455, 0.19325), (0.63247, 0.52706, 0.19075), (0.62996, 0.55718, 0.24094), (0.63749, 0.57976, 0.28863), (0.64, 0.57725, 0.2811), (0.64, 0.57725, 0.2811), (0.63498, 0.55969, 0.24847), (0.62996, 0.55718, 0.24094), (0.61741, 0.49694, 0.17569), (0.62996, 0.52204, 0.19325), (0.62494, 0.51702, 0.19075), (0.63247, 0.54463, 0.22337), (0.63749, 0.52957, 0.20831), (0.63749, 0.54714, 0.24094), (0.63247, 0.51702, 0.1782), (0.62745, 0.51953, 0.17318), (0.62996, 0.51451, 0.17569), (0.62996, 0.54463, 0.23341), (0.63247, 0.55216, 0.24847), (0.62996, 0.55467, 0.25349), (0.63749, 0.56471, 0.26855), (0.63749, 0.54965, 0.23341), (0.63498, 0.54714, 0.2309), (0.62996, 0.46933, 0.13804), (0.62996, 0.4618, 0.128), (0.63247, 0.46431, 0.13051), (0.62996, 0.54212, 0.22086), (0.63247, 0.54714, 0.23592), (0.64, 0.54965, 0.23592), (0.63749, 0.56722, 0.25851), (0.63749, 0.57224, 0.27357), (0.63749, 0.56471, 0.26353), (0.63749, 0.56471, 0.26353), (0.63498, 0.5622, 0.26102), (0.63749, 0.56722, 0.25851), (0.63498, 0.49443, 0.15059), (0.63498, 0.49443, 0.15059), (0.61741, 0.49694, 0.16063), (0.64, 0.54965, 0.23592), (0.62996, 0.5371, 0.21082), (0.62996, 0.54212, 0.22086), (0.64, 0.55467, 0.23843), (0.62494, 0.49192, 0.16063), (0.62494, 0.49192, 0.16063), (0.63749, 0.53961, 0.21584), (0.63247, 0.51702, 0.1782), (0.63498, 0.51953, 0.18071), (0.63498, 0.51953, 0.18071), (0.63749, 0.54212, 0.23341), (0.63749, 0.53961, 0.21584), (0.64, 0.55467, 0.22839), (0.64, 0.54714, 0.22086), (0.63749, 0.5622, 0.23592), (0.63247, 0.52455, 0.19576), (0.62996, 0.52957, 0.19827), (0.62494, 0.53208, 0.2058), (0.62494, 0.53208, 0.2058), (0.62745, 0.52957, 0.20078), (0.63247, 0.52455, 0.19576), (0.63749, 0.56722, 0.25851), (0.63247, 0.55718, 0.24596), (0.63749, 0.55718, 0.24847), (0.63749, 0.55718, 0.24847), (0.64, 0.56973, 0.26102), (0.63749, 0.56722, 0.25851), (0.63498, 0.54714, 0.2309), (0.64, 0.56722, 0.27106), (0.63749, 0.56471, 0.26855), (0.63498, 0.53961, 0.2058), (0.63498, 0.5371, 0.20831), (0.63498, 0.53961, 0.2058), (0.62243, 0.51451, 0.16816), (0.64, 0.53208, 0.19325), (0.62494, 0.51953, 0.18322), (0.62996, 0.52957, 0.19827), (0.62494, 0.52455, 0.19325), (0.62996, 0.52204, 0.19325), (0.63247, 0.52204, 0.18824), (0.64, 0.55467, 0.22839), (0.63749, 0.55216, 0.24094), (0.63749, 0.55216, 0.24094), (0.61992, 0.51953, 0.18824), (0.63247, 0.52204, 0.18824), (0.63749, 0.54714, 0.23843), (0.64, 0.54463, 0.22588), (0.63498, 0.53459, 0.22839), (0.62494, 0.53208, 0.20078), (0.63247, 0.55216, 0.24345), (0.62745, 0.54714, 0.23843), (0.62745, 0.52957, 0.20078), (0.63247, 0.53208, 0.20078), (0.62745, 0.53459, 0.20329), (0.62996, 0.512, 0.18071), (0.62996, 0.512, 0.18573), (0.63247, 0.52455, 0.19827), (0.62996, 0.52706, 0.21082), (0.62996, 0.52957, 0.20078), (0.63749, 0.52706, 0.21333), (0.64, 0.52957, 0.20078), (0.62996, 0.512, 0.18573), (0.62745, 0.50698, 0.17067), (0.63498, 0.55969, 0.25349), (0.63749, 0.55718, 0.24847), (0.63247, 0.55718, 0.256), (0.63247, 0.55718, 0.256), (0.63247, 0.55969, 0.25851), (0.63498, 0.55969, 0.25349), (0.62996, 0.5622, 0.23843), (0.63247, 0.56722, 0.25851), (0.64, 0.5622, 0.25349), (0.63498, 0.52706, 0.20078), (0.63498, 0.52706, 0.19827), (0.63498, 0.52706, 0.19827), (0.63498, 0.53961, 0.2058), (0.63498, 0.53961, 0.2058), (0.63498, 0.53961, 0.2058), (0.64, 0.55718, 0.23341), (0.62996, 0.52204, 0.19576), (0.62996, 0.52204, 0.19325), (0.63247, 0.54463, 0.22337), (0.62745, 0.52706, 0.19827), (0.62745, 0.52204, 0.18573), (0.62745, 0.52204, 0.18573), (0.62996, 0.52204, 0.19576), (0.63247, 0.54463, 0.22337), (0.63498, 0.52706, 0.19827), (0.62996, 0.52204, 0.19325), (0.62494, 0.52957, 0.21082), (0.63247, 0.52204, 0.19325), (0.63247, 0.52204, 0.19325), (0.63247, 0.52455, 0.19827), (0.63247, 0.52455, 0.19827), (0.63247, 0.52706, 0.19075), (0.63247, 0.52204, 0.19325), (0.62996, 0.55467, 0.22839), (0.64, 0.5622, 0.25349), (0.64, 0.56722, 0.25098), (0.64, 0.56722, 0.25098), (0.62996, 0.55467, 0.22839), (0.62996, 0.55467, 0.22839), (0.63247, 0.52204, 0.19325), (0.62996, 0.51953, 0.19075), (0.62996, 0.52204, 0.19576), (0.62996, 0.52204, 0.19576), (0.62996, 0.52204, 0.20078), (0.63247, 0.52204, 0.19325), (0.64, 0.51953, 0.1782), (0.62494, 0.51953, 0.18322), (0.62745, 0.52706, 0.19075), (0.62745, 0.52706, 0.19075), (0.62243, 0.512, 0.17318), (0.64, 0.51953, 0.1782), (0.62494, 0.46431, 0.12298), (0.63247, 0.4618, 0.12298), (0.59231, 0.46682, 0.13302), (0.61741, 0.49694, 0.16063), (0.62243, 0.50196, 0.16565), (0.63498, 0.49443, 0.15059), (0.63749, 0.56973, 0.27608), (0.63498, 0.56973, 0.26102), (0.63498, 0.56973, 0.26604), (0.62996, 0.52204, 0.19325), (0.64, 0.55467, 0.23843), (0.64, 0.55718, 0.23341), (0.64, 0.5622, 0.25349), (0.64, 0.55718, 0.23341), (0.62996, 0.5622, 0.23843), (0.64, 0.56722, 0.26604), (0.64, 0.56471, 0.25349), (0.64, 0.56471, 0.25349), (0.62996, 0.52204, 0.19325), (0.62745, 0.52706, 0.19576), (0.62996, 0.52957, 0.19827), (0.64, 0.56471, 0.25349), (0.64, 0.56471, 0.25851), (0.64, 0.56722, 0.26604), (0.62996, 0.51451, 0.17569), (0.63498, 0.52455, 0.19075), (0.63498, 0.52455, 0.19576), (0.63498, 0.52455, 0.19576), (0.63247, 0.51702, 0.1782), (0.62996, 0.51451, 0.17569), (0.63749, 0.52706, 0.21333), (0.62996, 0.52957, 0.20078), (0.63498, 0.53208, 0.21082), (0.63247, 0.53208, 0.20078), (0.63749, 0.5622, 0.23592), (0.63749, 0.5622, 0.23592), (0.62996, 0.46682, 0.14055), (0.62745, 0.46431, 0.13804), (0.62996, 0.46682, 0.14055), (0.62494, 0.51953, 0.18322), (0.63749, 0.51451, 0.18573), (0.62996, 0.51953, 0.18573), (0.62745, 0.51953, 0.19075), (0.63247, 0.52204, 0.19325), (0.63498, 0.52706, 0.19827), (0.63498, 0.52706, 0.19827), (0.63247, 0.52455, 0.19827), (0.62745, 0.51953, 0.19075), (0.62494, 0.51953, 0.18322), (0.64, 0.53208, 0.19325), (0.63749, 0.54463, 0.21835), (0.62494, 0.51953, 0.18322), (0.62494, 0.51953, 0.1782), (0.62243, 0.51451, 0.16816), (0.63247, 0.5371, 0.20329), (0.63749, 0.52706, 0.19827), (0.63498, 0.52455, 0.19576), (0.63498, 0.52455, 0.19576), (0.62996, 0.52957, 0.19827), (0.63247, 0.5371, 0.20329), (0.62996, 0.52957, 0.19827), (0.63247, 0.52455, 0.19576), (0.63498, 0.52706, 0.20078), (0.63498, 0.52706, 0.20078), (0.62996, 0.52957, 0.20078), (0.62996, 0.52957, 0.19827), (0.62494, 0.47435, 0.14808), (0.62243, 0.47184, 0.14557), (0.60235, 0.46933, 0.14306), (0.60235, 0.46933, 0.14306), (0.59482, 0.45678, 0.13804), (0.62494, 0.47435, 0.14808), (0.63498, 0.52455, 0.18573), (0.62745, 0.512, 0.16816), (0.62996, 0.52204, 0.17569), (0.62996, 0.52204, 0.17569), (0.63247, 0.52706, 0.19075), (0.63498, 0.52455, 0.18573), (0.63749, 0.56722, 0.25098), (0.63749, 0.55718, 0.24847), (0.64, 0.56471, 0.25349), (0.64, 0.56471, 0.25349), (0.63749, 0.56722, 0.25349), (0.63749, 0.56722, 0.25098), (0.62745, 0.53459, 0.20329), (0.62494, 0.53208, 0.20078), (0.62745, 0.52957, 0.20078), (0.62745, 0.50196, 0.16314), (0.62745, 0.51953, 0.17318), (0.63247, 0.50196, 0.16314), (0.63498, 0.53961, 0.22086), (0.62996, 0.54212, 0.21584), (0.63247, 0.54212, 0.23341), (0.63247, 0.54212, 0.23341), (0.62996, 0.53961, 0.2309), (0.63498, 0.53961, 0.22086), (0.62745, 0.52455, 0.20329), (0.63247, 0.52455, 0.20329), (0.62996, 0.51451, 0.17067), (0.62745, 0.49694, 0.15059), (0.62745, 0.50698, 0.17067), (0.63247, 0.50196, 0.16314), (0.58227, 0.44925, 0.128), (0.58729, 0.44925, 0.12549), (0.62745, 0.47184, 0.13804), (0.63498, 0.56973, 0.26604), (0.63247, 0.57224, 0.26604), (0.63749, 0.56973, 0.27608), (0.63247, 0.5371, 0.20329), (0.63498, 0.53961, 0.2058), (0.63498, 0.54212, 0.21584), (0.63498, 0.52706, 0.19827), (0.63498, 0.52706, 0.20078), (0.63498, 0.52706, 0.20078), (0.63498, 0.52706, 0.20078), (0.63498, 0.52706, 0.19827), (0.63498, 0.52706, 0.19827), (0.63247, 0.52204, 0.19325), (0.62745, 0.51953, 0.19075), (0.62996, 0.52204, 0.19325), (0.64, 0.55467, 0.22086), (0.63247, 0.56722, 0.26353), (0.63749, 0.57224, 0.26353), (0.63749, 0.57224, 0.26353), (0.64, 0.55216, 0.22588), (0.64, 0.55467, 0.22086), (0.62745, 0.52706, 0.19576), (0.62996, 0.52204, 0.19325), (0.63247, 0.52455, 0.19576), (0.63498, 0.53208, 0.21082), (0.62745, 0.52455, 0.21333), (0.63749, 0.52706, 0.21333), (0.63247, 0.50196, 0.16314), (0.62745, 0.50698, 0.17067), (0.62494, 0.51702, 0.19075), (0.62494, 0.51702, 0.19075), (0.63498, 0.52455, 0.19576), (0.63247, 0.50196, 0.16314), (0.63749, 0.55216, 0.23592), (0.63749, 0.56973, 0.27608), (0.64, 0.57725, 0.2811), (0.63498, 0.53961, 0.2058), (0.63498, 0.53961, 0.2058), (0.62996, 0.54463, 0.21082), (0.62996, 0.54463, 0.21082), (0.62996, 0.54463, 0.21082), (0.63498, 0.53961, 0.2058), (0.62494, 0.49192, 0.16063), (0.64, 0.55467, 0.23843), (0.63749, 0.55718, 0.24847), (0.63749, 0.55718, 0.24847), (0.62745, 0.50698, 0.17067), (0.62494, 0.49192, 0.16063), (0.62996, 0.52204, 0.19325), (0.63247, 0.52204, 0.19325), (0.63247, 0.52204, 0.19325), (0.64, 0.55969, 0.26102), (0.63749, 0.58227, 0.30118), (0.63749, 0.58478, 0.29616), (0.63749, 0.58478, 0.29616), (0.64, 0.56973, 0.26855), (0.64, 0.55969, 0.26102), (0.62996, 0.50949, 0.17318), (0.62996, 0.52204, 0.19576), (0.63498, 0.52455, 0.19576), (0.63498, 0.52455, 0.19576), (0.62745, 0.512, 0.16816), (0.62996, 0.50949, 0.17318), (0.63749, 0.5622, 0.23592), (0.63247, 0.53208, 0.20078), (0.62745, 0.53459, 0.20831), (0.62745, 0.53459, 0.20831), (0.63498, 0.55718, 0.23843), (0.63749, 0.5622, 0.23592), (0.63247, 0.52455, 0.19576), (0.62494, 0.52957, 0.19576), (0.64, 0.52957, 0.19075), (0.64, 0.52957, 0.19075), (0.63498, 0.52706, 0.20078), (0.63247, 0.52455, 0.19576), (0.63749, 0.5622, 0.23592), (0.62745, 0.52706, 0.19576), (0.63247, 0.53208, 0.20078), (0.62996, 0.52957, 0.19827), (0.63247, 0.52455, 0.19576), (0.63498, 0.52455, 0.19576), (0.64, 0.54714, 0.22839), (0.62996, 0.53459, 0.22086), (0.64, 0.55969, 0.256), (0.63498, 0.52455, 0.19576), (0.62996, 0.52957, 0.19325), (0.62996, 0.52957, 0.19827), (0.62996, 0.51953, 0.18573), (0.62745, 0.52706, 0.19075), (0.62494, 0.51953, 0.18322), (0.62745, 0.47184, 0.13804), (0.62243, 0.46431, 0.14055), (0.58227, 0.44925, 0.128), (0.62996, 0.46682, 0.14055), (0.62996, 0.46682, 0.14055), (0.62996, 0.46682, 0.14055), (0.63247, 0.46431, 0.13051), (0.62996, 0.46933, 0.13804), (0.62996, 0.46933, 0.13804), (0.62745, 0.52706, 0.19576), (0.64, 0.55718, 0.24094), (0.64, 0.55718, 0.24094), (0.63498, 0.53459, 0.2058), (0.63247, 0.5371, 0.20329), (0.62996, 0.52957, 0.20078), (0.62996, 0.52957, 0.20078), (0.63498, 0.53961, 0.22588), (0.63498, 0.53459, 0.2058), (0.63749, 0.57725, 0.27106), (0.63498, 0.57475, 0.26855), (0.64, 0.56973, 0.26102), (0.63247, 0.52957, 0.20831), (0.62996, 0.52706, 0.2058), (0.62494, 0.5371, 0.21584), (0.63498, 0.45176, 0.10541), (0.63247, 0.46431, 0.13051), (0.63498, 0.46431, 0.13051), (0.63498, 0.5622, 0.23592), (0.62996, 0.54212, 0.22086), (0.64, 0.55718, 0.23341), (0.64, 0.55718, 0.23341), (0.63247, 0.56471, 0.24094), (0.63498, 0.5622, 0.23592), (0.63247, 0.55467, 0.23592), (0.64, 0.57475, 0.27608), (0.63749, 0.57224, 0.26855), (0.63749, 0.57224, 0.26855), (0.64, 0.55969, 0.24847), (0.63247, 0.55467, 0.23592), (0.63247, 0.55216, 0.24345), (0.62996, 0.52204, 0.19576), (0.63247, 0.52455, 0.19576), (0.64, 0.57725, 0.2811), (0.63247, 0.55216, 0.24345), (0.63749, 0.55216, 0.23592), (0.63247, 0.52455, 0.19576), (0.62996, 0.52957, 0.19827), (0.62745, 0.52706, 0.19576), (0.63498, 0.46431, 0.13051), (0.62996, 0.44925, 0.10792), (0.63498, 0.45176, 0.10541), (0.63498, 0.54212, 0.21584), (0.63247, 0.5371, 0.21835), (0.63247, 0.5371, 0.20329), (0.64, 0.55718, 0.24094), (0.63247, 0.53208, 0.20078), (0.62745, 0.52706, 0.19576), (0.62494, 0.52957, 0.21082), (0.62494, 0.52706, 0.20831), (0.63498, 0.52706, 0.19827), (0.63247, 0.5371, 0.20329), (0.63498, 0.53961, 0.2058), (0.62996, 0.53961, 0.2309), (0.62996, 0.53961, 0.2309), (0.62745, 0.5371, 0.22839), (0.63247, 0.5371, 0.20329), (0.62745, 0.53208, 0.21333), (0.63749, 0.51953, 0.19325), (0.62996, 0.512, 0.18071), (0.62996, 0.512, 0.18071), (0.63498, 0.52706, 0.20078), (0.62745, 0.53208, 0.21333), (0.62494, 0.5371, 0.21584), (0.62745, 0.53208, 0.21835), (0.63247, 0.52957, 0.20831), (0.64, 0.57475, 0.27608), (0.63749, 0.57725, 0.27106), (0.64, 0.56722, 0.27106), (0.63247, 0.52455, 0.19576), (0.63247, 0.55216, 0.24847), (0.63247, 0.55216, 0.24345), (0.62745, 0.52455, 0.17318), (0.62996, 0.512, 0.18071), (0.63749, 0.51953, 0.19325), (0.63749, 0.51953, 0.19325), (0.63247, 0.53459, 0.19075), (0.62745, 0.52455, 0.17318), (0.63498, 0.49443, 0.15059), (0.62996, 0.51953, 0.19075), (0.62745, 0.51953, 0.19075), (0.62745, 0.51953, 0.19075), (0.62494, 0.49192, 0.14557), (0.63498, 0.49443, 0.15059), (0.62745, 0.512, 0.16816), (0.62745, 0.50196, 0.16314), (0.62745, 0.50698, 0.17067), (0.62745, 0.50698, 0.17067), (0.62996, 0.52204, 0.17569), (0.62745, 0.512, 0.16816), (0.62745, 0.512, 0.16816), (0.63498, 0.52455, 0.18573), (0.63498, 0.52455, 0.19075), (0.63498, 0.52455, 0.19075), (0.62996, 0.51451, 0.17569), (0.62745, 0.512, 0.16816), (0.61992, 0.52204, 0.20329), (0.62243, 0.51953, 0.20329), (0.62494, 0.49192, 0.16063), (0.62243, 0.52455, 0.20078), (0.62243, 0.51702, 0.18071), (0.62494, 0.50949, 0.16314), (0.62996, 0.50447, 0.17067), (0.62494, 0.50698, 0.17569), (0.63247, 0.512, 0.17067), (0.62996, 0.52204, 0.19576), (0.63247, 0.52204, 0.18824), (0.64, 0.52455, 0.18573), (0.63498, 0.5371, 0.21835), (0.62996, 0.52706, 0.21082), (0.63498, 0.54463, 0.24345), (0.64, 0.56722, 0.27106), (0.64, 0.56722, 0.27106), (0.64, 0.56471, 0.27106), (0.63749, 0.57475, 0.27608), (0.64, 0.56973, 0.26102), (0.63498, 0.56973, 0.26604), (0.62996, 0.53208, 0.20329), (0.62745, 0.52957, 0.20078), (0.62243, 0.53459, 0.20831), (0.62996, 0.52957, 0.20078), (0.62745, 0.51953, 0.19827), (0.62243, 0.52706, 0.20831), (0.62243, 0.52706, 0.20831), (0.63498, 0.53208, 0.21082), (0.62996, 0.52957, 0.20078), (0.63498, 0.52706, 0.19827), (0.63498, 0.53961, 0.2058), (0.63498, 0.53961, 0.2058), (0.63498, 0.53961, 0.2058), (0.63749, 0.52957, 0.20078), (0.63498, 0.52706, 0.19827), (0.62996, 0.54212, 0.21584), (0.63247, 0.55216, 0.24847), (0.63498, 0.5622, 0.24596), (0.63749, 0.51953, 0.19325), (0.62745, 0.53208, 0.21333), (0.62996, 0.54212, 0.22086), (0.63498, 0.5622, 0.24596), (0.62745, 0.53961, 0.21835), (0.62996, 0.54212, 0.21584), (0.63247, 0.512, 0.17067), (0.63247, 0.512, 0.17067), (0.62996, 0.50447, 0.17067), (0.64, 0.57475, 0.26604), (0.64, 0.55718, 0.22337), (0.64, 0.55718, 0.22337), (0.64, 0.55718, 0.22337), (0.63498, 0.57475, 0.26353), (0.64, 0.57475, 0.26604), (0.64, 0.56471, 0.25349), (0.63498, 0.56471, 0.256), (0.64, 0.56973, 0.25349), (0.61741, 0.47435, 0.14055), (0.63498, 0.46682, 0.13804), (0.60235, 0.47435, 0.15561), (0.60235, 0.47435, 0.15561), (0.6149, 0.48188, 0.16063), (0.61741, 0.47435, 0.14055), (0.63749, 0.55718, 0.25349), (0.64, 0.56471, 0.25349), (0.63749, 0.57725, 0.27106), (0.64, 0.52455, 0.18573), (0.62996, 0.52204, 0.19325), (0.62996, 0.52204, 0.19576), (0.62996, 0.54212, 0.22086), (0.64, 0.54714, 0.21333), (0.63749, 0.51953, 0.19325), (0.64, 0.54463, 0.22588), (0.63749, 0.54714, 0.23843), (0.63749, 0.55216, 0.24094), (0.63749, 0.55216, 0.24094), (0.64, 0.55467, 0.23843), (0.64, 0.54463, 0.22588), (0.63498, 0.52706, 0.19827), (0.63498, 0.52706, 0.20078), (0.63498, 0.52706, 0.19827), (0.63498, 0.52706, 0.19827), (0.63247, 0.52455, 0.19576), (0.63498, 0.52706, 0.19827), (0.63749, 0.55718, 0.25349), (0.63498, 0.53459, 0.2058), (0.62745, 0.53208, 0.21835), (0.62745, 0.53208, 0.21835), (0.64, 0.56471, 0.26102), (0.63749, 0.55718, 0.25349), (0.63247, 0.4618, 0.128), (0.62996, 0.44925, 0.1029), (0.62996, 0.44925, 0.10792), (0.62996, 0.44925, 0.10792), (0.63498, 0.46431, 0.13051), (0.63247, 0.4618, 0.128), (0.61741, 0.50949, 0.18071), (0.62996, 0.52204, 0.19576), (0.63247, 0.52957, 0.20831), (0.63247, 0.52957, 0.20831), (0.63247, 0.53459, 0.21082), (0.61741, 0.50949, 0.18071), (0.63247, 0.51953, 0.19576), (0.63498, 0.52455, 0.19576), (0.63498, 0.52455, 0.19576), (0.63749, 0.56471, 0.26855), (0.64, 0.56973, 0.27608), (0.64, 0.56722, 0.27357), (0.64, 0.56722, 0.27357), (0.64, 0.56471, 0.27357), (0.63749, 0.56471, 0.26855), (0.63247, 0.45176, 0.10541), (0.62745, 0.45427, 0.11043), (0.62745, 0.45427, 0.10541), (0.62494, 0.50698, 0.17569), (0.62996, 0.50447, 0.17067), (0.63498, 0.50196, 0.17067), (0.63498, 0.53208, 0.21584), (0.63498, 0.56471, 0.25098), (0.64, 0.56973, 0.26102), (0.63498, 0.54463, 0.23592), (0.63498, 0.54212, 0.21082), (0.63247, 0.53961, 0.20831), (0.63247, 0.53961, 0.20831), (0.64, 0.54965, 0.24094), (0.63498, 0.54463, 0.23592), (0.62996, 0.46933, 0.13804), (0.63247, 0.46431, 0.13051), (0.62996, 0.4618, 0.128), (0.62996, 0.4618, 0.128), (0.63498, 0.46682, 0.13804), (0.62996, 0.46933, 0.13804), (0.63498, 0.52455, 0.19576), (0.63247, 0.51953, 0.19576), (0.62996, 0.51953, 0.2058), (0.63498, 0.56973, 0.26604), (0.64, 0.57475, 0.27106), (0.63749, 0.57475, 0.27608), (0.62745, 0.52706, 0.19075), (0.62243, 0.52204, 0.19325), (0.64, 0.52957, 0.21584), (0.64, 0.56471, 0.26353), (0.63749, 0.54212, 0.23341), (0.64, 0.54212, 0.23843), (0.62996, 0.52957, 0.19827), (0.62996, 0.52957, 0.19827), (0.62996, 0.52957, 0.19827), (0.62745, 0.45427, 0.11043), (0.63247, 0.45176, 0.10541), (0.61741, 0.45678, 0.11545), (0.62996, 0.55467, 0.22839), (0.63749, 0.56973, 0.27608), (0.63247, 0.57224, 0.26604), (0.63247, 0.57224, 0.26604), (0.63749, 0.55216, 0.23592), (0.62996, 0.55467, 0.22839), (0.61992, 0.512, 0.18322), (0.61992, 0.52706, 0.20078), (0.62996, 0.51451, 0.17067), (0.63247, 0.52204, 0.19325), (0.62745, 0.51953, 0.19075), (0.63498, 0.52706, 0.19827), (0.63498, 0.52706, 0.19827), (0.62996, 0.53208, 0.20831), (0.63247, 0.52204, 0.19325), (0.62996, 0.51953, 0.2058), (0.62745, 0.52455, 0.20831), (0.63498, 0.52455, 0.19576), (0.62243, 0.53459, 0.20831), (0.62243, 0.53459, 0.21835), (0.62996, 0.53208, 0.20329), (0.62494, 0.51451, 0.18071), (0.61992, 0.512, 0.18322), (0.63247, 0.52706, 0.18573), (0.64, 0.56471, 0.27106), (0.64, 0.56722, 0.27106), (0.64, 0.56722, 0.27106), (0.62745, 0.50447, 0.15059), (0.62745, 0.52957, 0.20078), (0.62243, 0.52706, 0.19325), (0.62243, 0.52706, 0.19325), (0.62494, 0.51451, 0.17569), (0.62745, 0.50447, 0.15059), (0.64, 0.55467, 0.24596), (0.63749, 0.57976, 0.28863), (0.64, 0.57475, 0.27608), (0.64, 0.57475, 0.27608), (0.64, 0.5622, 0.25851), (0.64, 0.55467, 0.24596), (0.62996, 0.52957, 0.19827), (0.62996, 0.52957, 0.19827), (0.62996, 0.52957, 0.19827), (0.63247, 0.55467, 0.24094), (0.63498, 0.5622, 0.24596), (0.63498, 0.5622, 0.24094), (0.63498, 0.52455, 0.19576), (0.63247, 0.51953, 0.19576), (0.63247, 0.52204, 0.19325), (0.63247, 0.52204, 0.19325), (0.63498, 0.52455, 0.19576), (0.63498, 0.52455, 0.19576), (0.64, 0.57725, 0.27357), (0.64, 0.56722, 0.26604), (0.63749, 0.5622, 0.26102), (0.63749, 0.5622, 0.26102), (0.64, 0.57976, 0.27608), (0.64, 0.57725, 0.27357), (0.63498, 0.55467, 0.24596), (0.62996, 0.55718, 0.24094), (0.63247, 0.55969, 0.24345), (0.63247, 0.55969, 0.24345), (0.63498, 0.55718, 0.24345), (0.63498, 0.55467, 0.24596), (0.63749, 0.54714, 0.23843), (0.63247, 0.5622, 0.24596), (0.63498, 0.55718, 0.24345), (0.63247, 0.53208, 0.20078), (0.64, 0.52455, 0.19325), (0.63247, 0.53208, 0.20329), (0.64, 0.56722, 0.26604), (0.64, 0.57725, 0.27357), (0.63498, 0.56973, 0.26102), (0.63498, 0.56973, 0.26102), (0.62745, 0.55216, 0.24094), (0.64, 0.56722, 0.26604), (0.63247, 0.54714, 0.2309), (0.62745, 0.54714, 0.23843), (0.63247, 0.55216, 0.24345), (0.63247, 0.55216, 0.24345), (0.63749, 0.55969, 0.24596), (0.63247, 0.54714, 0.2309), (0.62996, 0.5371, 0.20329), (0.62243, 0.53961, 0.21082), (0.63749, 0.52957, 0.20329), (0.63749, 0.52957, 0.20329), (0.62745, 0.52706, 0.19576), (0.62996, 0.5371, 0.20329), (0.63498, 0.5622, 0.24094), (0.63749, 0.55216, 0.23592), (0.63247, 0.55467, 0.24094), (0.64, 0.56471, 0.26353), (0.62745, 0.54714, 0.23843), (0.64, 0.55718, 0.24094), (0.64, 0.55718, 0.24094), (0.63247, 0.55216, 0.24345), (0.64, 0.56471, 0.26353), (0.64, 0.56722, 0.27106), (0.62745, 0.53961, 0.22337), (0.63749, 0.54965, 0.23341), (0.63749, 0.54965, 0.23341), (0.64, 0.56973, 0.26855), (0.64, 0.56722, 0.27106), (0.63247, 0.53208, 0.20329), (0.63498, 0.54212, 0.21082), (0.63247, 0.53208, 0.20078), (0.61741, 0.45678, 0.11545), (0.62745, 0.45929, 0.13051), (0.62745, 0.45427, 0.11043), (0.62996, 0.54463, 0.23341), (0.62996, 0.54212, 0.22086), (0.62996, 0.54212, 0.22086), (0.62996, 0.54212, 0.22086), (0.62996, 0.53961, 0.2309), (0.62996, 0.54463, 0.23341), (0.63498, 0.50196, 0.17067), (0.62745, 0.51702, 0.18322), (0.62494, 0.50698, 0.17569), (0.63498, 0.49443, 0.15059), (0.63498, 0.49443, 0.15059), (0.63498, 0.49443, 0.15059), (0.63498, 0.49443, 0.15059), (0.63247, 0.4869, 0.14557), (0.63498, 0.49443, 0.15059), (0.62745, 0.45427, 0.10541), (0.63247, 0.45176, 0.10541), (0.63247, 0.45176, 0.10541), (0.63498, 0.52455, 0.19576), (0.63247, 0.52204, 0.19325), (0.63247, 0.51953, 0.19576), (0.64, 0.54212, 0.23843), (0.64, 0.56722, 0.27106), (0.64, 0.56471, 0.26353), (0.63749, 0.5622, 0.256), (0.63749, 0.54965, 0.23341), (0.62745, 0.53961, 0.22337), (0.62745, 0.53961, 0.22337), (0.63498, 0.5622, 0.26102), (0.63749, 0.5622, 0.256), (0.64, 0.56973, 0.26855), (0.63749, 0.54965, 0.23341), (0.63498, 0.54714, 0.2309), (0.64, 0.56973, 0.26102), (0.63247, 0.53459, 0.21584), (0.63498, 0.53208, 0.21584), (0.63498, 0.54714, 0.2309), (0.63498, 0.55969, 0.25349), (0.64, 0.56973, 0.26855), (0.63247, 0.53961, 0.21333), (0.62494, 0.5371, 0.21584), (0.62996, 0.5371, 0.20329), (0.62996, 0.5371, 0.20329), (0.62996, 0.52957, 0.19827), (0.63247, 0.53961, 0.21333), (0.63247, 0.56973, 0.25349), (0.63247, 0.55718, 0.25098), (0.63247, 0.55216, 0.24345), (0.63247, 0.55216, 0.24345), (0.64, 0.56973, 0.256), (0.63247, 0.56973, 0.25349), (0.64, 0.56722, 0.27106), (0.64, 0.56722, 0.27106), (0.63749, 0.5622, 0.256), (0.63247, 0.52455, 0.19576), (0.63247, 0.53208, 0.20078), (0.63247, 0.52455, 0.19827), (0.63247, 0.52455, 0.19827), (0.63498, 0.52706, 0.19827), (0.63247, 0.52455, 0.19576), (0.63749, 0.55718, 0.24847), (0.63498, 0.55969, 0.25349), (0.64, 0.56973, 0.26855), (0.63498, 0.52455, 0.19576), (0.63247, 0.51953, 0.19576), (0.63247, 0.52204, 0.19325), (0.63247, 0.52204, 0.19325), (0.63498, 0.52455, 0.19576), (0.63498, 0.52455, 0.19576), (0.63749, 0.56471, 0.24847), (0.63247, 0.57725, 0.27106), (0.64, 0.58478, 0.28361), (0.62745, 0.46431, 0.13804), (0.62996, 0.46682, 0.14055), (0.62243, 0.47184, 0.14557), (0.64, 0.58478, 0.28361), (0.64, 0.56722, 0.25349), (0.63749, 0.56471, 0.24847), (0.62243, 0.53208, 0.22337), (0.63247, 0.52455, 0.19827), (0.63749, 0.52957, 0.20329), (0.63749, 0.52957, 0.20329), (0.63498, 0.5371, 0.21835), (0.62243, 0.53208, 0.22337), (0.63247, 0.53208, 0.20078), (0.62745, 0.52706, 0.19576), (0.63749, 0.52957, 0.20329), (0.63749, 0.52957, 0.20329), (0.62996, 0.53208, 0.20329), (0.63247, 0.53208, 0.20078), (0.63247, 0.55467, 0.23592), (0.63498, 0.5622, 0.23592), (0.63247, 0.56471, 0.24094), (0.63247, 0.56471, 0.24094), (0.62745, 0.54965, 0.2309), (0.63247, 0.55467, 0.23592), (0.63247, 0.51702, 0.1782), (0.63247, 0.53208, 0.20329), (0.62745, 0.51702, 0.18824), (0.62745, 0.51702, 0.18824), (0.62494, 0.51451, 0.17569), (0.63247, 0.51702, 0.1782), (0.62996, 0.5622, 0.23843), (0.62996, 0.56722, 0.24345), (0.62745, 0.56471, 0.24094), (0.62745, 0.56471, 0.24094), (0.63247, 0.55969, 0.23843), (0.62996, 0.5622, 0.23843), (0.63498, 0.55718, 0.24345), (0.64, 0.54965, 0.24094), (0.63749, 0.54714, 0.23843), (0.63498, 0.49443, 0.14557), (0.63247, 0.49192, 0.14306), (0.62494, 0.48941, 0.15059), (0.62494, 0.48941, 0.15059), (0.63247, 0.50196, 0.15561), (0.63498, 0.49443, 0.14557), (0.62243, 0.47184, 0.14557), (0.62494, 0.47435, 0.14808), (0.62745, 0.46431, 0.13804), (0.63247, 0.49192, 0.14808), (0.63247, 0.4869, 0.14557), (0.63247, 0.4869, 0.14557), (0.63247, 0.4869, 0.14557), (0.63498, 0.49443, 0.15059), (0.63247, 0.49192, 0.14808), (0.63247, 0.52204, 0.19325), (0.62745, 0.51953, 0.19075), (0.63247, 0.52204, 0.19325), (0.62745, 0.52455, 0.20329), (0.62996, 0.51451, 0.17067), (0.61992, 0.52706, 0.20078), (0.62745, 0.52706, 0.19827), (0.62494, 0.50698, 0.17569), (0.62494, 0.48941, 0.15059), (0.63247, 0.52455, 0.19576), (0.63749, 0.52455, 0.2058), (0.63498, 0.51702, 0.19075), (0.62243, 0.53961, 0.21082), (0.62996, 0.53208, 0.21333), (0.63749, 0.52957, 0.20329), (0.62494, 0.5371, 0.22086), (0.62494, 0.5371, 0.22086), (0.63247, 0.52957, 0.20831), (0.62745, 0.52957, 0.20078), (0.62494, 0.5371, 0.21584), (0.62996, 0.53208, 0.20329), (0.61992, 0.52706, 0.20078), (0.61992, 0.53208, 0.21584), (0.62745, 0.52455, 0.20329), (0.60235, 0.46682, 0.13051), (0.60235, 0.46933, 0.14306), (0.62243, 0.47184, 0.14557), (0.63749, 0.54965, 0.22839), (0.64, 0.55467, 0.23843), (0.64, 0.55467, 0.24345), (0.64, 0.55467, 0.24345), (0.63247, 0.54212, 0.23341), (0.63749, 0.54965, 0.22839), (0.63247, 0.55969, 0.26353), (0.63749, 0.58227, 0.30118), (0.64, 0.5898, 0.29867), (0.64, 0.5898, 0.29867), (0.63749, 0.55718, 0.25349), (0.63247, 0.55969, 0.26353), (0.62996, 0.50447, 0.16565), (0.62745, 0.46431, 0.13804), (0.62494, 0.47435, 0.14808), (0.62494, 0.47435, 0.14808), (0.63749, 0.51451, 0.18573), (0.62996, 0.50447, 0.16565), (0.63749, 0.52455, 0.2058), (0.62745, 0.52706, 0.19827), (0.64, 0.52455, 0.19325), (0.63749, 0.54965, 0.22839), (0.64, 0.55216, 0.25098), (0.64, 0.55467, 0.25349), (0.63247, 0.49192, 0.14808), (0.62494, 0.49192, 0.14557), (0.62745, 0.49694, 0.15561), (0.62745, 0.49694, 0.15561), (0.63247, 0.49192, 0.14808), (0.63247, 0.49192, 0.14808), (0.63247, 0.52204, 0.19325), (0.63498, 0.52455, 0.19576), (0.63247, 0.52204, 0.19325), (0.63498, 0.56973, 0.26604), (0.64, 0.57976, 0.27106), (0.64, 0.57475, 0.25851), (0.64, 0.57475, 0.25851), (0.64, 0.56973, 0.26855), (0.63498, 0.56973, 0.26604), (0.63498, 0.49443, 0.15059), (0.63498, 0.48941, 0.14808), (0.61992, 0.50949, 0.18071), (0.61992, 0.50949, 0.18071), (0.6149, 0.49443, 0.15812), (0.63498, 0.49443, 0.15059), (0.63749, 0.5622, 0.256), (0.64, 0.56471, 0.26353), (0.64, 0.56722, 0.27106), (0.63247, 0.52957, 0.21333), (0.62494, 0.51702, 0.19075), (0.62996, 0.52204, 0.19325), (0.62996, 0.52204, 0.19325), (0.62996, 0.52957, 0.19827), (0.63247, 0.52957, 0.21333), (0.64, 0.56973, 0.26855), (0.63247, 0.55718, 0.256), (0.63749, 0.55718, 0.24847), (0.63247, 0.52455, 0.19576), (0.62745, 0.51953, 0.19075), (0.63247, 0.52455, 0.20329), (0.63247, 0.52455, 0.20329), (0.63247, 0.5371, 0.22337), (0.63247, 0.52455, 0.19576), (0.63247, 0.54714, 0.23592), (0.64, 0.57725, 0.26855), (0.64, 0.56722, 0.26604), (0.64, 0.56722, 0.26604), (0.64, 0.56722, 0.25349), (0.63247, 0.54714, 0.23592), (0.62494, 0.52204, 0.20078), (0.63247, 0.52455, 0.19576), (0.63247, 0.52706, 0.19075), (0.63749, 0.52706, 0.19325), (0.62745, 0.50447, 0.15561), (0.64, 0.51953, 0.1782), (0.63498, 0.55718, 0.24345), (0.64, 0.54965, 0.24094), (0.63749, 0.54714, 0.24094), (0.61741, 0.50949, 0.18071), (0.64, 0.57224, 0.27608), (0.64, 0.57224, 0.27859), (0.64, 0.57224, 0.27859), (0.62494, 0.51451, 0.18573), (0.61741, 0.50949, 0.18071), (0.62745, 0.54212, 0.22588), (0.62494, 0.5371, 0.21584), (0.63247, 0.53961, 0.21333), (0.62745, 0.52957, 0.20078), (0.62494, 0.53208, 0.2058), (0.62243, 0.5371, 0.22086), (0.62243, 0.5371, 0.22086), (0.62243, 0.53459, 0.20831), (0.62745, 0.52957, 0.20078), (0.64, 0.55467, 0.25349), (0.63498, 0.54212, 0.21584), (0.63749, 0.54965, 0.22839), (0.64, 0.56722, 0.27106), (0.62996, 0.54965, 0.24094), (0.62745, 0.54714, 0.23843), (0.62745, 0.54714, 0.23843), (0.64, 0.56471, 0.26353), (0.64, 0.56722, 0.27106), (0.63749, 0.5622, 0.26102), (0.63749, 0.5622, 0.26102), (0.64, 0.55969, 0.26102), (0.64, 0.55969, 0.26102), (0.63247, 0.55969, 0.25851), (0.63749, 0.5622, 0.26102), (0.63498, 0.55467, 0.25098), (0.63498, 0.55969, 0.25349), (0.62745, 0.54714, 0.23843), (0.62745, 0.54714, 0.23843), (0.63498, 0.55467, 0.25098), (0.63498, 0.55467, 0.25098), (0.63247, 0.52706, 0.19075), (0.63247, 0.52455, 0.19827), (0.62494, 0.52204, 0.20078), (0.63498, 0.56722, 0.27357), (0.63498, 0.56973, 0.26604), (0.64, 0.56973, 0.26855), (0.64, 0.56973, 0.26855), (0.63498, 0.56722, 0.27357), (0.63498, 0.56722, 0.27357), (0.62494, 0.49443, 0.1531), (0.63247, 0.50196, 0.16063), (0.6149, 0.50447, 0.17569), (0.6149, 0.50447, 0.17569), (0.60737, 0.49694, 0.16314), (0.62494, 0.49443, 0.1531), (0.63498, 0.54212, 0.21584), (0.62996, 0.50447, 0.19075), (0.64, 0.51451, 0.20078), (0.64, 0.51451, 0.20078), (0.63749, 0.54965, 0.22839), (0.63498, 0.54212, 0.21584), (0.62745, 0.53961, 0.23843), (0.64, 0.55969, 0.256), (0.62996, 0.53459, 0.22086), (0.62996, 0.53459, 0.22086), (0.62243, 0.53208, 0.22337), (0.62745, 0.53961, 0.23843), (0.64, 0.51953, 0.1782), (0.63247, 0.50949, 0.18824), (0.63749, 0.52706, 0.19325), (0.64, 0.55216, 0.25098), (0.63498, 0.55467, 0.256), (0.63749, 0.55718, 0.25349), (0.63749, 0.55718, 0.25349), (0.63498, 0.55467, 0.24596), (0.64, 0.55216, 0.25098), (0.63247, 0.52455, 0.19827), (0.62996, 0.52204, 0.19576), (0.62494, 0.52706, 0.20329), (0.62494, 0.52706, 0.20329), (0.62243, 0.52455, 0.20078), (0.63247, 0.52455, 0.19827), (0.62494, 0.5371, 0.21584), (0.62494, 0.5371, 0.22086), (0.62996, 0.53208, 0.20831), (0.64, 0.56722, 0.27106), (0.64, 0.57725, 0.29867), (0.63749, 0.57475, 0.28361), (0.63749, 0.57475, 0.28361), (0.63749, 0.56471, 0.26855), (0.64, 0.56722, 0.27106), (0.62243, 0.53961, 0.21584), (0.62243, 0.5371, 0.22086), (0.62494, 0.53208, 0.2058), (0.63749, 0.54965, 0.23341), (0.63749, 0.5622, 0.256), (0.63749, 0.5622, 0.26102), (0.63498, 0.55467, 0.24596), (0.62996, 0.55467, 0.24345), (0.63498, 0.55467, 0.24596), (0.62996, 0.52204, 0.19325), (0.62996, 0.52957, 0.19827), (0.62996, 0.52957, 0.19827), (0.62996, 0.52957, 0.19827), (0.63498, 0.52706, 0.19827), (0.62996, 0.52204, 0.19325), (0.63498, 0.52706, 0.20078), (0.63498, 0.52706, 0.19827), (0.63247, 0.52455, 0.19827), (0.63247, 0.52455, 0.19827), (0.62996, 0.52706, 0.2058), (0.63498, 0.52706, 0.20078), (0.63498, 0.55467, 0.24596), (0.63749, 0.55216, 0.24345), (0.63498, 0.55467, 0.24596), (0.64, 0.5622, 0.26855), (0.63247, 0.55216, 0.24847), (0.63749, 0.55718, 0.25349), (0.62745, 0.57224, 0.26604), (0.64, 0.56722, 0.26604), (0.62745, 0.55216, 0.24094), (0.62494, 0.53208, 0.2058), (0.63749, 0.51953, 0.19325), (0.62494, 0.52957, 0.21082), (0.62494, 0.52957, 0.21082), (0.62494, 0.53459, 0.22588), (0.62494, 0.53208, 0.2058), (0.63498, 0.56471, 0.256), (0.63749, 0.57224, 0.27357), (0.63498, 0.56973, 0.26604), (0.63247, 0.52204, 0.19325), (0.63749, 0.51953, 0.19325), (0.63247, 0.52204, 0.19325), (0.63247, 0.52204, 0.19325), (0.62745, 0.51953, 0.19075), (0.63247, 0.52204, 0.19325), (0.62494, 0.53208, 0.2058), (0.62494, 0.53208, 0.20078), (0.62243, 0.53961, 0.21584), (0.64, 0.56722, 0.25349), (0.64, 0.58478, 0.28361), (0.62745, 0.57224, 0.26604), (0.63247, 0.56722, 0.26353), (0.64, 0.55467, 0.22086), (0.64, 0.56471, 0.23843), (0.64, 0.56471, 0.23843), (0.64, 0.56973, 0.26102), (0.63247, 0.56722, 0.26353), (0.63498, 0.52204, 0.19827), (0.62996, 0.52204, 0.19576), (0.63247, 0.52204, 0.19325), (0.64, 0.56973, 0.25349), (0.63749, 0.5622, 0.256), (0.62745, 0.55216, 0.24596), (0.62745, 0.55216, 0.24596), (0.63498, 0.56471, 0.25098), (0.64, 0.56973, 0.25349), (0.62745, 0.55216, 0.24094), (0.63247, 0.56722, 0.26353), (0.62745, 0.57224, 0.26604), (0.63749, 0.55718, 0.25349), (0.64, 0.56722, 0.27106), (0.64, 0.5622, 0.26855), (0.62494, 0.5371, 0.21584), (0.62243, 0.53961, 0.21082), (0.62996, 0.5371, 0.20329), (0.63247, 0.52204, 0.19325), (0.63247, 0.52204, 0.19325), (0.63247, 0.52204, 0.19325), (0.63247, 0.52204, 0.19325), (0.63247, 0.51953, 0.19576), (0.63247, 0.52204, 0.19325), (0.64, 0.55969, 0.26102), (0.63247, 0.55216, 0.24345), (0.63749, 0.5622, 0.256), (0.63749, 0.5622, 0.256), (0.64, 0.56722, 0.27106), (0.64, 0.55969, 0.26102), (0.63749, 0.56471, 0.26855), (0.63749, 0.57475, 0.28361), (0.63749, 0.56973, 0.27608), (0.63749, 0.56973, 0.27608), (0.63247, 0.55969, 0.25851), (0.63749, 0.56471, 0.26855), (0.62745, 0.57224, 0.26604), (0.63247, 0.54714, 0.23592), (0.64, 0.56722, 0.25349), (0.63749, 0.5622, 0.26102), (0.63749, 0.54965, 0.23341), (0.63749, 0.54965, 0.23341), (0.62996, 0.51451, 0.17067), (0.63749, 0.52706, 0.19827), (0.63498, 0.52455, 0.19576), (0.63498, 0.52455, 0.19576), (0.63247, 0.512, 0.17067), (0.62996, 0.51451, 0.17067), (0.63247, 0.56722, 0.25851), (0.62996, 0.5622, 0.23843), (0.63247, 0.55969, 0.23843), (0.63247, 0.55969, 0.23843), (0.64, 0.57475, 0.27106), (0.63247, 0.56722, 0.25851), (0.64, 0.56722, 0.27357), (0.64, 0.56722, 0.27357), (0.64, 0.56722, 0.26604), (0.64, 0.56722, 0.26604), (0.63749, 0.5622, 0.26102), (0.64, 0.56722, 0.27357), (0.62745, 0.54212, 0.22588), (0.62996, 0.54463, 0.23341), (0.63749, 0.54714, 0.23843), (0.63749, 0.54965, 0.22839), (0.62745, 0.52455, 0.20329), (0.63749, 0.52957, 0.20831), (0.62996, 0.51451, 0.17569), (0.62996, 0.52957, 0.19325), (0.62243, 0.5371, 0.22086), (0.62243, 0.5371, 0.22086), (0.62243, 0.52455, 0.20078), (0.62996, 0.51451, 0.17569), (0.63749, 0.54714, 0.23843), (0.62745, 0.53961, 0.21835), (0.62745, 0.54212, 0.22588), (0.63749, 0.49192, 0.15059), (0.63498, 0.49443, 0.15059), (0.63247, 0.50196, 0.16063), (0.63247, 0.50196, 0.16063), (0.62494, 0.49443, 0.1531), (0.63749, 0.49192, 0.15059), (0.64, 0.55718, 0.24094), (0.62996, 0.54965, 0.24094), (0.63247, 0.55467, 0.23592), (0.63247, 0.55467, 0.23592), (0.63749, 0.5622, 0.23592), (0.64, 0.55718, 0.24094), (0.62996, 0.53459, 0.22086), (0.63247, 0.53208, 0.20078), (0.63749, 0.52706, 0.19827), (0.63749, 0.51451, 0.18573), (0.62494, 0.51953, 0.18322), (0.62745, 0.51702, 0.18322), (0.63498, 0.45176, 0.10541), (0.62996, 0.44925, 0.1029), (0.59482, 0.4618, 0.13553), (0.59482, 0.4618, 0.13553), (0.60737, 0.46431, 0.13051), (0.63498, 0.45176, 0.10541), (0.63247, 0.53459, 0.21082), (0.63247, 0.52957, 0.20831), (0.62996, 0.53208, 0.20831), (0.62996, 0.53208, 0.20831), (0.63749, 0.53961, 0.22086), (0.63247, 0.53459, 0.21082), (0.64, 0.54714, 0.22839), (0.64, 0.54463, 0.22588), (0.62745, 0.54212, 0.2309), (0.62745, 0.54212, 0.2309), (0.63247, 0.54463, 0.22839), (0.64, 0.54714, 0.22839), (0.63247, 0.53208, 0.20329), (0.62745, 0.52957, 0.20078), (0.62996, 0.53208, 0.20329), (0.63247, 0.54463, 0.22337), (0.63498, 0.55216, 0.22839), (0.64, 0.55216, 0.22588), (0.64, 0.55216, 0.22588), (0.63498, 0.54212, 0.21082), (0.63247, 0.54463, 0.22337), (0.64, 0.55969, 0.26102), (0.63749, 0.54965, 0.23341), (0.63247, 0.5371, 0.21835), (0.63247, 0.5371, 0.21835), (0.63247, 0.54714, 0.23843), (0.64, 0.55969, 0.26102), (0.62745, 0.51702, 0.18322), (0.63498, 0.50196, 0.17067), (0.63749, 0.51451, 0.18573), (0.62996, 0.53208, 0.20329), (0.63247, 0.52455, 0.19576), (0.63247, 0.53208, 0.20329), (0.63749, 0.52706, 0.19827), (0.63749, 0.54212, 0.20831), (0.62996, 0.53459, 0.22086), (0.64, 0.55718, 0.24094), (0.63498, 0.54714, 0.22588), (0.63247, 0.53961, 0.21333), (0.63749, 0.57224, 0.26353), (0.63498, 0.57475, 0.26353), (0.64, 0.57976, 0.27357), (0.64, 0.57976, 0.27357), (0.64, 0.57725, 0.26855), (0.63749, 0.57224, 0.26353), (0.63749, 0.56973, 0.27608), (0.63498, 0.5622, 0.26102), (0.64, 0.57224, 0.27859), (0.64, 0.57224, 0.27859), (0.64, 0.57725, 0.2811), (0.63749, 0.56973, 0.27608), (0.63749, 0.49694, 0.1531), (0.63498, 0.49443, 0.15059), (0.62745, 0.49443, 0.14808), (0.63247, 0.52204, 0.19325), (0.63247, 0.52204, 0.19325), (0.63498, 0.52204, 0.19827), (0.63749, 0.57224, 0.27357), (0.63749, 0.56722, 0.25851), (0.64, 0.56973, 0.26102), (0.64, 0.56973, 0.26102), (0.63749, 0.57475, 0.27608), (0.63749, 0.57224, 0.27357), (0.63498, 0.55969, 0.25349), (0.63749, 0.5622, 0.256), (0.63749, 0.56471, 0.26353), (0.63749, 0.56471, 0.26353), (0.63498, 0.5622, 0.26102), (0.63498, 0.55969, 0.25349), (0.62243, 0.53961, 0.21584), (0.62494, 0.5371, 0.21082), (0.61992, 0.54212, 0.22337), (0.61992, 0.54212, 0.22337), (0.62745, 0.54965, 0.2309), (0.62243, 0.53961, 0.21584), (0.63749, 0.54212, 0.20831), (0.63749, 0.52957, 0.20078), (0.63247, 0.53208, 0.20329), (0.63749, 0.57224, 0.26855), (0.63247, 0.55718, 0.25098), (0.63498, 0.55969, 0.24847), (0.63498, 0.55969, 0.24847), (0.64, 0.56471, 0.25851), (0.63749, 0.57224, 0.26855), (0.63749, 0.57725, 0.27106), (0.64, 0.56471, 0.25349), (0.64, 0.56973, 0.25349), (0.63247, 0.53208, 0.20329), (0.63749, 0.54463, 0.21333), (0.63749, 0.54212, 0.20831), (0.63498, 0.52706, 0.20078), (0.63247, 0.52455, 0.19827), (0.63247, 0.53208, 0.20078), (0.63247, 0.53208, 0.20078), (0.63498, 0.52706, 0.20078), (0.63498, 0.52706, 0.20078), (0.61741, 0.45929, 0.13051), (0.62745, 0.47184, 0.13804), (0.58729, 0.44925, 0.12549), (0.58729, 0.44925, 0.12549), (0.60486, 0.46933, 0.13804), (0.61741, 0.45929, 0.13051), (0.64, 0.57475, 0.27106), (0.63749, 0.5622, 0.25098), (0.62996, 0.54965, 0.24094), (0.62996, 0.54965, 0.24094), (0.64, 0.57976, 0.27106), (0.64, 0.57475, 0.27106), (0.62243, 0.51953, 0.20329), (0.63498, 0.53459, 0.22839), (0.64, 0.54463, 0.22588), (0.64, 0.54463, 0.22588), (0.62494, 0.49192, 0.16063), (0.62243, 0.51953, 0.20329), (0.63749, 0.52957, 0.20831), (0.63749, 0.54965, 0.22337), (0.63749, 0.54965, 0.22839), (0.60988, 0.52204, 0.2058), (0.61992, 0.52204, 0.20329), (0.62996, 0.512, 0.18071), (0.64, 0.56973, 0.25349), (0.63498, 0.56471, 0.25098), (0.63749, 0.57725, 0.27106), (0.62996, 0.512, 0.18071), (0.63247, 0.52455, 0.19827), (0.60988, 0.52204, 0.2058), (0.63498, 0.54965, 0.23341), (0.63749, 0.55467, 0.22086), (0.63749, 0.54965, 0.22337), (0.63749, 0.54965, 0.22337), (0.63749, 0.55467, 0.22588), (0.63498, 0.54965, 0.23341), (0.62996, 0.52706, 0.2058), (0.62243, 0.52455, 0.20078), (0.63498, 0.52455, 0.19576), (0.62996, 0.52957, 0.19827), (0.62745, 0.53208, 0.19827), (0.62494, 0.53208, 0.20078), (0.62494, 0.53208, 0.20078), (0.62494, 0.53208, 0.2058), (0.62996, 0.52957, 0.19827), (0.62745, 0.52455, 0.21333), (0.63498, 0.53208, 0.21082), (0.63247, 0.52957, 0.20831), (0.63247, 0.52957, 0.20831), (0.63498, 0.53208, 0.22086), (0.62745, 0.52455, 0.21333), (0.62494, 0.49443, 0.1531), (0.61992, 0.46431, 0.12047), (0.62996, 0.46431, 0.11796), (0.62996, 0.52957, 0.19827), (0.62996, 0.52957, 0.19325), (0.63247, 0.53208, 0.20078), (0.63247, 0.53208, 0.20078), (0.62996, 0.52957, 0.19827), (0.62996, 0.52957, 0.19827), (0.63749, 0.56722, 0.25851), (0.63247, 0.55969, 0.24345), (0.63749, 0.55718, 0.24847), (0.63749, 0.58227, 0.30118), (0.63247, 0.55969, 0.26353), (0.64, 0.57475, 0.27608), (0.64, 0.57475, 0.27608), (0.63749, 0.58478, 0.29616), (0.63749, 0.58227, 0.30118), (0.64, 0.54965, 0.24094), (0.62996, 0.54212, 0.21584), (0.62745, 0.53961, 0.21835), (0.62745, 0.53961, 0.21835), (0.63749, 0.54714, 0.23843), (0.64, 0.54965, 0.24094), (0.63498, 0.53961, 0.2058), (0.63498, 0.53961, 0.2058), (0.63498, 0.5371, 0.20831), (0.63498, 0.5371, 0.20831), (0.63498, 0.5371, 0.20831), (0.63498, 0.53961, 0.2058), (0.63498, 0.52455, 0.19576), (0.62494, 0.51702, 0.19075), (0.62996, 0.52706, 0.2058), (0.64, 0.56471, 0.27357), (0.64, 0.56722, 0.27106), (0.63749, 0.56471, 0.27106), (0.63498, 0.5622, 0.24094), (0.63247, 0.54714, 0.2309), (0.63749, 0.55969, 0.24596), (0.63749, 0.55969, 0.24596), (0.63498, 0.5622, 0.24596), (0.63498, 0.5622, 0.24094), (0.63247, 0.55467, 0.23592), (0.62494, 0.51953, 0.1782), (0.62494, 0.51953, 0.18322), (0.62494, 0.51953, 0.18322), (0.64, 0.55467, 0.23843), (0.63247, 0.55467, 0.23592), (0.63749, 0.56471, 0.24847), (0.63749, 0.56722, 0.25851), (0.63749, 0.5622, 0.25098), (0.63749, 0.5622, 0.25098), (0.63749, 0.56471, 0.24847), (0.63749, 0.56471, 0.24847), (0.64, 0.55969, 0.256), (0.64, 0.5622, 0.26855), (0.63749, 0.56471, 0.26855), (0.62996, 0.53961, 0.2309), (0.63498, 0.55467, 0.25098), (0.63498, 0.55467, 0.25098), (0.63498, 0.55467, 0.25098), (0.62745, 0.54714, 0.23843), (0.62996, 0.53961, 0.2309), (0.63247, 0.55969, 0.24345), (0.62745, 0.55969, 0.2309), (0.63498, 0.5622, 0.23592), (0.63247, 0.5371, 0.20329), (0.63498, 0.53459, 0.2058), (0.63247, 0.53459, 0.2058), (0.63498, 0.5622, 0.23592), (0.63749, 0.55718, 0.24847), (0.63247, 0.55969, 0.24345), (0.63247, 0.55216, 0.24345), (0.63247, 0.54212, 0.23341), (0.64, 0.54965, 0.24094), (0.64, 0.54965, 0.24094), (0.63498, 0.55718, 0.24345), (0.63247, 0.55216, 0.24345), (0.63749, 0.56471, 0.27106), (0.63749, 0.56471, 0.26855), (0.64, 0.56471, 0.27357), (0.63749, 0.57725, 0.27106), (0.63247, 0.55969, 0.26353), (0.63749, 0.55718, 0.25349), (0.64, 0.54212, 0.21333), (0.63247, 0.53961, 0.21333), (0.63498, 0.54714, 0.22588), (0.63749, 0.55718, 0.25349), (0.64, 0.56471, 0.25349), (0.63749, 0.57725, 0.27106), (0.60235, 0.47435, 0.15561), (0.6149, 0.48188, 0.16063), (0.61741, 0.47435, 0.14055), (0.61741, 0.47435, 0.14055), (0.63498, 0.46682, 0.13804), (0.60235, 0.47435, 0.15561), (0.63498, 0.5371, 0.20831), (0.63498, 0.5371, 0.20831), (0.63749, 0.5371, 0.20831), (0.64, 0.55467, 0.24345), (0.62745, 0.51702, 0.18824), (0.63247, 0.53208, 0.20329), (0.63247, 0.53208, 0.20329), (0.64, 0.5622, 0.24345), (0.64, 0.55467, 0.24345), (0.63247, 0.54463, 0.22337), (0.62243, 0.52957, 0.20329), (0.62996, 0.52204, 0.19576), (0.62996, 0.52204, 0.19576), (0.64, 0.55718, 0.23341), (0.63247, 0.54463, 0.22337), (0.63749, 0.5622, 0.26102), (0.63749, 0.5622, 0.26102), (0.64, 0.56722, 0.27106), (0.64, 0.56722, 0.27106), (0.64, 0.56722, 0.27357), (0.63749, 0.5622, 0.26102), (0.63498, 0.52455, 0.19576), (0.63247, 0.52204, 0.18824), (0.63749, 0.52204, 0.18322), (0.62996, 0.52957, 0.19827), (0.62745, 0.52706, 0.19576), (0.62494, 0.52455, 0.19325), (0.62494, 0.52455, 0.19325), (0.62996, 0.52957, 0.19827), (0.62996, 0.52957, 0.19827), (0.63498, 0.57475, 0.26353), (0.64, 0.55718, 0.22337), (0.63749, 0.54965, 0.22337), (0.64, 0.5622, 0.24847), (0.63749, 0.55216, 0.24345), (0.63749, 0.55216, 0.24345), (0.63498, 0.52706, 0.19827), (0.63498, 0.52706, 0.19827), (0.63498, 0.52706, 0.19827), (0.62996, 0.50949, 0.17318), (0.62996, 0.52204, 0.19576), (0.63498, 0.52455, 0.19576), (0.62996, 0.49443, 0.15561), (0.63247, 0.50196, 0.16063), (0.63498, 0.49443, 0.15059), (0.63498, 0.49443, 0.15059), (0.63749, 0.49694, 0.14808), (0.62996, 0.49443, 0.15561), (0.63498, 0.52455, 0.19576), (0.62745, 0.512, 0.16816), (0.62996, 0.50949, 0.17318), (0.62996, 0.51953, 0.19075), (0.62745, 0.50196, 0.16314), (0.62745, 0.49694, 0.15561), (0.62745, 0.49694, 0.15561), (0.63247, 0.52455, 0.19576), (0.62996, 0.51953, 0.19075), (0.63498, 0.55718, 0.24345), (0.62996, 0.53961, 0.2309), (0.62745, 0.54714, 0.23843), (0.63498, 0.5371, 0.20831), (0.63498, 0.5371, 0.20831), (0.63498, 0.53961, 0.2058), (0.63498, 0.53961, 0.2058), (0.63498, 0.53961, 0.2058), (0.63498, 0.5371, 0.20831), (0.62996, 0.52957, 0.19827), (0.63749, 0.52706, 0.19827), (0.63247, 0.53208, 0.20078), (0.64, 0.55718, 0.22337), (0.64, 0.5622, 0.24345), (0.63749, 0.55969, 0.24094), (0.63749, 0.55969, 0.24094), (0.64, 0.55718, 0.22337), (0.64, 0.55718, 0.22337), (0.63247, 0.46431, 0.13051), (0.63247, 0.46431, 0.13051), (0.62745, 0.47184, 0.13804), (0.62745, 0.47184, 0.13804), (0.61741, 0.45929, 0.13051), (0.63247, 0.46431, 0.13051), (0.62996, 0.52204, 0.19576), (0.62996, 0.52204, 0.19325), (0.61741, 0.49694, 0.17569), (0.63247, 0.52204, 0.19325), (0.62745, 0.51953, 0.19075), (0.63247, 0.52204, 0.19325), (0.63498, 0.46431, 0.13051), (0.62996, 0.44925, 0.10792), (0.63498, 0.45176, 0.10541), (0.63498, 0.45176, 0.10541), (0.63247, 0.46431, 0.13051), (0.63498, 0.46431, 0.13051), (0.63247, 0.52455, 0.19827), (0.63498, 0.52706, 0.20078), (0.63498, 0.52706, 0.20078), (0.64, 0.57475, 0.27608), (0.63749, 0.58478, 0.29616), (0.63749, 0.58227, 0.30118), (0.63749, 0.58227, 0.30118), (0.63247, 0.55969, 0.26353), (0.64, 0.57475, 0.27608), (0.62745, 0.5622, 0.25851), (0.63247, 0.56973, 0.25349), (0.64, 0.56973, 0.256), (0.63749, 0.53961, 0.22086), (0.64, 0.55718, 0.24847), (0.63498, 0.55467, 0.25098), (0.64, 0.56973, 0.256), (0.62745, 0.5622, 0.25851), (0.62745, 0.5622, 0.25851), (0.63498, 0.52706, 0.20078), (0.63498, 0.52706, 0.19827), (0.63247, 0.52455, 0.19827), (0.6149, 0.51953, 0.18573), (0.62243, 0.51451, 0.18824), (0.62494, 0.51451, 0.17569), (0.64, 0.56471, 0.27357), (0.64, 0.56471, 0.26353), (0.64, 0.56471, 0.26353), (0.64, 0.56471, 0.26353), (0.64, 0.56471, 0.27106), (0.64, 0.56471, 0.27357), (0.62494, 0.51451, 0.17569), (0.62243, 0.51451, 0.16565), (0.6149, 0.51953, 0.18573), (0.63498, 0.53961, 0.2058), (0.63498, 0.52706, 0.19827), (0.63749, 0.52957, 0.20078), (0.62494, 0.49192, 0.16063), (0.62243, 0.51953, 0.20329), (0.64, 0.54463, 0.22588), (0.63749, 0.55718, 0.24847), (0.64, 0.55718, 0.24596), (0.63247, 0.54212, 0.23341), (0.62243, 0.52455, 0.20078), (0.62243, 0.51702, 0.18071), (0.62494, 0.50949, 0.16314), (0.62745, 0.49694, 0.15561), (0.63247, 0.50196, 0.15561), (0.61741, 0.50698, 0.16816), (0.61741, 0.50698, 0.16816), (0.62243, 0.50698, 0.16816), (0.62745, 0.49694, 0.15561), (0.63749, 0.55718, 0.24847), (0.63749, 0.55718, 0.25349), (0.63749, 0.55718, 0.25851), (0.64, 0.55718, 0.23341), (0.63247, 0.56471, 0.24094), (0.63498, 0.5622, 0.23592), (0.63498, 0.5622, 0.23592), (0.62996, 0.54212, 0.22086), (0.64, 0.55718, 0.23341), (0.63749, 0.55718, 0.24847), (0.63498, 0.55969, 0.25349), (0.63498, 0.5622, 0.26102), (0.63749, 0.54212, 0.20831), (0.63498, 0.53961, 0.2058), (0.63749, 0.5371, 0.20831), (0.63749, 0.5371, 0.20831), (0.64, 0.53961, 0.21082), (0.63749, 0.54212, 0.20831), (0.63498, 0.55467, 0.256), (0.63498, 0.55467, 0.24596), (0.63247, 0.55216, 0.24847), (0.63749, 0.56471, 0.26353), (0.63498, 0.5622, 0.26102), (0.63498, 0.5622, 0.26102), (0.63498, 0.5622, 0.26102), (0.63749, 0.56973, 0.27608), (0.63749, 0.56471, 0.26353), (0.63498, 0.5622, 0.26102), (0.63498, 0.55718, 0.24345), (0.63749, 0.55718, 0.24847), (0.63247, 0.51953, 0.19576), (0.63247, 0.52204, 0.19325), (0.63247, 0.52204, 0.19325), (0.63247, 0.52204, 0.19325), (0.63247, 0.52204, 0.19325), (0.63247, 0.51953, 0.19576), (0.63247, 0.50949, 0.18824), (0.64, 0.51953, 0.1782), (0.62243, 0.512, 0.17318), (0.62243, 0.512, 0.17318), (0.63247, 0.50949, 0.18824), (0.63247, 0.50949, 0.18824), (0.63749, 0.57224, 0.27357), (0.63247, 0.57725, 0.27608), (0.63247, 0.57224, 0.26604), (0.63498, 0.49443, 0.14557), (0.63498, 0.49443, 0.15059), (0.63247, 0.4869, 0.14557), (0.63247, 0.4869, 0.14557), (0.62745, 0.49443, 0.14808), (0.63498, 0.49443, 0.14557), (0.62996, 0.46682, 0.14055), (0.62494, 0.49945, 0.16063), (0.62243, 0.4869, 0.15059), (0.62243, 0.4869, 0.15059), (0.62745, 0.46431, 0.13804), (0.62996, 0.46682, 0.14055), (0.63247, 0.55216, 0.24847), (0.64, 0.5622, 0.26855), (0.63498, 0.55467, 0.256), (0.63247, 0.57224, 0.26604), (0.63498, 0.56973, 0.26604), (0.63749, 0.57224, 0.27357), (0.63749, 0.51953, 0.19325), (0.62996, 0.52706, 0.21082), (0.63749, 0.52706, 0.21333), (0.63749, 0.52706, 0.21333), (0.62996, 0.52957, 0.20078), (0.63498, 0.53208, 0.21082), (0.63498, 0.56973, 0.26604), (0.63498, 0.56722, 0.27357), (0.62494, 0.55969, 0.26102), (0.62494, 0.50949, 0.16314), (0.62494, 0.51953, 0.1782), (0.62243, 0.52455, 0.20078), (0.63247, 0.54212, 0.23341), (0.64, 0.55467, 0.24345), (0.63749, 0.55718, 0.24847), (0.63749, 0.55718, 0.25851), (0.64, 0.56471, 0.26353), (0.63749, 0.55718, 0.24847), (0.64, 0.54463, 0.22588), (0.64, 0.55467, 0.23843), (0.62494, 0.49192, 0.16063), (0.62494, 0.55969, 0.26102), (0.64, 0.57725, 0.29867), (0.63749, 0.58478, 0.29616), (0.63749, 0.58478, 0.29616), (0.64, 0.56722, 0.27106), (0.62494, 0.55969, 0.26102), (0.63749, 0.52957, 0.20078), (0.63749, 0.54212, 0.20831), (0.63498, 0.53961, 0.2058), (0.63247, 0.53459, 0.21082), (0.63247, 0.52957, 0.20831), (0.62996, 0.53208, 0.20831), (0.62996, 0.53208, 0.20831), (0.63749, 0.53961, 0.22086), (0.63247, 0.53459, 0.21082), (0.62745, 0.50698, 0.17067), (0.63247, 0.50196, 0.16314), (0.62745, 0.49694, 0.15059), (0.62745, 0.49694, 0.15059), (0.63749, 0.51953, 0.19325), (0.62745, 0.50698, 0.17067), (0.62996, 0.51953, 0.18071), (0.63498, 0.51953, 0.18071), (0.63247, 0.51702, 0.1782), (0.63498, 0.49443, 0.15059), (0.62745, 0.47184, 0.128), (0.62494, 0.46431, 0.12298), (0.62996, 0.54212, 0.22086), (0.63247, 0.54714, 0.23592), (0.64, 0.54965, 0.23592), (0.64, 0.54965, 0.23592), (0.62996, 0.5371, 0.21082), (0.62996, 0.54212, 0.22086), (0.62494, 0.46431, 0.12298), (0.63247, 0.49192, 0.14808), (0.63498, 0.49443, 0.15059), (0.63247, 0.52204, 0.19325), (0.63498, 0.52455, 0.19576), (0.63247, 0.52204, 0.19325), (0.63247, 0.51702, 0.1782), (0.62745, 0.512, 0.16816), (0.62996, 0.51953, 0.18071), (0.62745, 0.52455, 0.21333), (0.62494, 0.51702, 0.19075), (0.62745, 0.50698, 0.17067), (0.62996, 0.52706, 0.2058), (0.63247, 0.52957, 0.20831), (0.63498, 0.52706, 0.19827), (0.63498, 0.52706, 0.19827), (0.63498, 0.52706, 0.20078), (0.62996, 0.52706, 0.2058), (0.64, 0.55467, 0.23843), (0.64, 0.54463, 0.22588), (0.63749, 0.55216, 0.24094), (0.63749, 0.55216, 0.24094), (0.64, 0.55718, 0.24596), (0.64, 0.55467, 0.23843), (0.63247, 0.53208, 0.20078), (0.63749, 0.52706, 0.19827), (0.63749, 0.52706, 0.19827), (0.63749, 0.52706, 0.19827), (0.62996, 0.52957, 0.19827), (0.63247, 0.53208, 0.20078), (0.63498, 0.55467, 0.25098), (0.63247, 0.53459, 0.21082), (0.63749, 0.53961, 0.22086), (0.63749, 0.54714, 0.23843), (0.62745, 0.53961, 0.21835), (0.62745, 0.54212, 0.22588), (0.62745, 0.54212, 0.22588), (0.62996, 0.54463, 0.23341), (0.63749, 0.54714, 0.23843), (0.63247, 0.54965, 0.22588), (0.64, 0.5622, 0.24345), (0.63247, 0.55216, 0.24345), (0.63247, 0.55216, 0.24345), (0.64, 0.55718, 0.24094), (0.63247, 0.54965, 0.22588), (0.64, 0.56973, 0.26855), (0.63749, 0.54965, 0.23341), (0.63749, 0.54965, 0.23341), (0.63749, 0.54965, 0.23341), (0.64, 0.55969, 0.26102), (0.64, 0.56973, 0.26855), (0.63749, 0.55216, 0.24094), (0.63749, 0.54714, 0.23843), (0.63498, 0.53459, 0.22839), (0.62745, 0.52706, 0.19576), (0.62996, 0.52957, 0.19827), (0.62996, 0.5371, 0.20329), (0.63247, 0.56722, 0.26353), (0.62745, 0.57224, 0.26604), (0.64, 0.56722, 0.26604), (0.64, 0.55718, 0.24847), (0.62996, 0.54463, 0.21082), (0.63498, 0.53961, 0.2058), (0.63498, 0.53961, 0.2058), (0.64, 0.55467, 0.24345), (0.64, 0.55718, 0.24847), (0.63749, 0.56973, 0.27608), (0.63498, 0.56973, 0.26102), (0.63498, 0.56973, 0.26604), (0.63247, 0.52204, 0.19325), (0.63247, 0.52204, 0.19325), (0.63247, 0.52204, 0.19325), (0.64, 0.56722, 0.26604), (0.62745, 0.55216, 0.24094), (0.63247, 0.56722, 0.26353), (0.63498, 0.53961, 0.2058), (0.63498, 0.53961, 0.2058), (0.63498, 0.53961, 0.2058), (0.63498, 0.53961, 0.2058), (0.63498, 0.5371, 0.20831), (0.63498, 0.53961, 0.2058), (0.63498, 0.52455, 0.19576), (0.62494, 0.51702, 0.19075), (0.62996, 0.52706, 0.2058), (0.62996, 0.52706, 0.2058), (0.62243, 0.52455, 0.20078), (0.63498, 0.52455, 0.19576), (0.62745, 0.52957, 0.20078), (0.62243, 0.52455, 0.19576), (0.64, 0.52957, 0.21584), (0.61741, 0.49694, 0.17569), (0.63247, 0.54463, 0.22337), (0.62996, 0.52204, 0.19576), (0.63498, 0.53208, 0.21082), (0.62745, 0.52455, 0.21333), (0.63749, 0.52706, 0.21333), (0.64, 0.52957, 0.21584), (0.62243, 0.52204, 0.19325), (0.62745, 0.52957, 0.20078), (0.63749, 0.54965, 0.23341), (0.63749, 0.56471, 0.26855), (0.63247, 0.55969, 0.25851), (0.63247, 0.55969, 0.25851), (0.63498, 0.54714, 0.2309), (0.63749, 0.54965, 0.23341), (0.62494, 0.55969, 0.26102), (0.63749, 0.57725, 0.27106), (0.63498, 0.56973, 0.26604), (0.63749, 0.51953, 0.18824), (0.63498, 0.52706, 0.19827), (0.63247, 0.52204, 0.19325), (0.64, 0.5622, 0.25349), (0.63749, 0.5622, 0.26102), (0.64, 0.54463, 0.2309), (0.64, 0.54463, 0.2309), (0.62996, 0.54212, 0.22588), (0.62996, 0.52706, 0.21082), (0.63749, 0.56471, 0.26855), (0.63749, 0.57475, 0.28361), (0.63749, 0.56973, 0.27608), (0.64, 0.57224, 0.27859), (0.64, 0.56471, 0.26353), (0.64, 0.56471, 0.26353), (0.64, 0.56471, 0.26353), (0.64, 0.56471, 0.27357), (0.64, 0.57224, 0.27859), (0.63247, 0.55216, 0.24847), (0.62996, 0.54212, 0.21584), (0.63498, 0.53961, 0.22086), (0.63749, 0.56973, 0.27608), (0.63247, 0.55969, 0.25851), (0.63749, 0.56471, 0.26855), (0.63498, 0.56471, 0.256), (0.62745, 0.5622, 0.25851), (0.63498, 0.55467, 0.24596), (0.63247, 0.52204, 0.19325), (0.63749, 0.52204, 0.18322), (0.63749, 0.51953, 0.18824), (0.62745, 0.50698, 0.17067), (0.63749, 0.52706, 0.21333), (0.62745, 0.52455, 0.21333), (0.63498, 0.54212, 0.21584), (0.64, 0.55467, 0.25349), (0.63749, 0.54714, 0.24094), (0.63749, 0.54714, 0.24094), (0.63749, 0.52957, 0.20831), (0.63498, 0.54212, 0.21584), (0.62745, 0.52204, 0.18573), (0.64, 0.54714, 0.22086), (0.64, 0.55467, 0.22839), (0.64, 0.55467, 0.22839), (0.63247, 0.52204, 0.18824), (0.62745, 0.52204, 0.18573), (0.62243, 0.52706, 0.19325), (0.62745, 0.52957, 0.20078), (0.62243, 0.52204, 0.19325), (0.62996, 0.52204, 0.19325), (0.63247, 0.52957, 0.20831), (0.62494, 0.5371, 0.22086), (0.62494, 0.5371, 0.22086), (0.62745, 0.53459, 0.20831), (0.62996, 0.52204, 0.19325), (0.62745, 0.54965, 0.23592), (0.64, 0.56722, 0.27357), (0.64, 0.56973, 0.27608), (0.64, 0.56973, 0.27608), (0.63247, 0.55216, 0.24345), (0.62745, 0.54965, 0.23592), (0.63498, 0.52706, 0.19827), (0.63498, 0.52706, 0.19827), (0.63247, 0.52957, 0.20831), (0.63247, 0.56722, 0.25851), (0.62996, 0.54212, 0.22086), (0.63247, 0.55467, 0.24094), (0.63247, 0.55216, 0.24345), (0.62996, 0.52204, 0.19576), (0.63247, 0.52455, 0.19576), (0.63749, 0.54714, 0.24094), (0.62745, 0.52957, 0.20078), (0.62745, 0.52706, 0.19827), (0.62745, 0.52706, 0.19827), (0.63247, 0.54463, 0.22337), (0.63749, 0.54714, 0.24094), (0.64, 0.56722, 0.27357), (0.64, 0.56471, 0.27357), (0.63749, 0.56471, 0.26855), (0.63749, 0.56471, 0.26855), (0.64, 0.56973, 0.27608), (0.64, 0.56722, 0.27357), (0.62745, 0.52706, 0.19827), (0.62745, 0.52957, 0.2058), (0.64, 0.54714, 0.22086), (0.64, 0.54714, 0.22086), (0.62745, 0.52204, 0.18573), (0.62745, 0.52706, 0.19827), (0.64, 0.57725, 0.27357), (0.62996, 0.55969, 0.24596), (0.62996, 0.55969, 0.25098), (0.63247, 0.54463, 0.22337), (0.63498, 0.55216, 0.22839), (0.64, 0.55216, 0.22588), (0.62745, 0.53208, 0.21835), (0.62996, 0.53459, 0.22086), (0.63749, 0.54212, 0.20831), (0.63749, 0.54212, 0.20831), (0.63247, 0.52455, 0.19576), (0.62745, 0.53208, 0.21835), (0.64, 0.51953, 0.1782), (0.63247, 0.50949, 0.18824), (0.63749, 0.52706, 0.19325), (0.63749, 0.52706, 0.19325), (0.62745, 0.50447, 0.15561), (0.64, 0.51953, 0.1782), (0.63247, 0.52204, 0.19325), (0.63247, 0.51953, 0.19576), (0.63247, 0.52204, 0.19325), (0.63247, 0.52204, 0.19325), (0.63247, 0.52204, 0.19325), (0.63247, 0.52204, 0.19325), (0.62494, 0.51953, 0.18322), (0.64, 0.51953, 0.1782), (0.62745, 0.50447, 0.15561), (0.62745, 0.50447, 0.15561), (0.62745, 0.51702, 0.18322), (0.62494, 0.51953, 0.18322), (0.63247, 0.53208, 0.20329), (0.63498, 0.54714, 0.22588), (0.64, 0.55718, 0.24094), (0.64, 0.55718, 0.24094), (0.62745, 0.52706, 0.19576), (0.63247, 0.53208, 0.20329), (0.63498, 0.56973, 0.26604), (0.63247, 0.57224, 0.26604), (0.63749, 0.56973, 0.27608), (0.62996, 0.55969, 0.25098), (0.63498, 0.56973, 0.26102), (0.64, 0.57725, 0.27357), (0.62996, 0.5371, 0.20329), (0.63749, 0.52957, 0.20329), (0.62745, 0.52706, 0.19576), (0.63247, 0.52204, 0.19325), (0.63247, 0.52204, 0.19325), (0.63247, 0.52204, 0.19325), (0.62494, 0.51451, 0.17569), (0.62745, 0.50447, 0.15059), (0.62243, 0.52706, 0.19325), (0.62243, 0.52204, 0.19325), (0.64, 0.52957, 0.21584), (0.62745, 0.52706, 0.19075), (0.63247, 0.52957, 0.20831), (0.63247, 0.53208, 0.20329), (0.63498, 0.52706, 0.19827), (0.63498, 0.53459, 0.22839), (0.64, 0.54463, 0.22588), (0.62243, 0.51953, 0.20329), (0.62243, 0.51953, 0.20329), (0.62494, 0.49192, 0.16063), (0.61992, 0.52204, 0.20329), (0.63498, 0.53961, 0.22086), (0.63498, 0.55467, 0.25098), (0.63247, 0.55216, 0.24847), (0.64, 0.54714, 0.22839), (0.64, 0.54463, 0.22588), (0.62745, 0.54212, 0.2309), (0.62745, 0.54212, 0.2309), (0.63247, 0.54463, 0.22839), (0.64, 0.54714, 0.22839), (0.62996, 0.52204, 0.17569), (0.63247, 0.52706, 0.19075), (0.63498, 0.52455, 0.18573), (0.63498, 0.52455, 0.18573), (0.62745, 0.512, 0.16816), (0.62996, 0.52204, 0.17569), (0.63498, 0.5371, 0.21333), (0.61992, 0.52455, 0.19075), (0.63498, 0.54212, 0.21584), (0.63749, 0.56722, 0.25851), (0.64, 0.57475, 0.27106), (0.63749, 0.57224, 0.26855), (0.63749, 0.57224, 0.26855), (0.63749, 0.5622, 0.25098), (0.63749, 0.56722, 0.25851), (0.64, 0.56722, 0.26604), (0.64, 0.56722, 0.25349), (0.63247, 0.54714, 0.23592), (0.62996, 0.52957, 0.19827), (0.62996, 0.52957, 0.19325), (0.63247, 0.53208, 0.20078), (0.63247, 0.53208, 0.20078), (0.62996, 0.52957, 0.19827), (0.62996, 0.52957, 0.19827), (0.63247, 0.52204, 0.19325), (0.62996, 0.52204, 0.19325), (0.62745, 0.51953, 0.19075), (0.64, 0.55216, 0.25098), (0.63749, 0.55718, 0.25349), (0.63498, 0.55467, 0.24596), (0.62996, 0.52706, 0.21082), (0.62996, 0.51702, 0.19325), (0.63247, 0.52204, 0.19325), (0.63247, 0.52204, 0.19325), (0.63247, 0.52204, 0.19325), (0.62996, 0.52706, 0.21082), (0.63247, 0.52455, 0.20329), (0.62996, 0.51953, 0.2058), (0.63247, 0.51953, 0.19576), (0.63247, 0.51953, 0.19576), (0.63498, 0.52455, 0.19576), (0.63247, 0.52455, 0.20329), (0.64, 0.55216, 0.22588), (0.63498, 0.54212, 0.21082), (0.63247, 0.54463, 0.22337), (0.64, 0.52957, 0.20078), (0.62996, 0.52706, 0.21082), (0.62996, 0.52706, 0.2058), (0.62996, 0.52706, 0.2058), (0.62996, 0.512, 0.18573), (0.64, 0.52957, 0.20078), (0.63498, 0.55467, 0.24596), (0.63749, 0.54714, 0.24094), (0.64, 0.55216, 0.25098), (0.62745, 0.51953, 0.19075), (0.63247, 0.52204, 0.19325), (0.63247, 0.52204, 0.19325), (0.63498, 0.55969, 0.24847), (0.64, 0.54714, 0.22839), (0.64, 0.54714, 0.22839), (0.64, 0.54714, 0.22839), (0.64, 0.55969, 0.256), (0.63498, 0.55969, 0.24847), (0.63749, 0.52706, 0.19827), (0.63247, 0.5371, 0.20329), (0.63749, 0.54212, 0.20831), (0.63749, 0.54212, 0.20831), (0.63749, 0.52706, 0.19827), (0.63749, 0.52706, 0.19827), (0.63247, 0.55467, 0.24094), (0.64, 0.5622, 0.25349), (0.63247, 0.56722, 0.25851), (0.63247, 0.52204, 0.19325), (0.63247, 0.51953, 0.19576), (0.63247, 0.52204, 0.19325), (0.63247, 0.52455, 0.19576), (0.63247, 0.55216, 0.24847), (0.63247, 0.55216, 0.24345), (0.62996, 0.55467, 0.22839), (0.63247, 0.55467, 0.24094), (0.62996, 0.54212, 0.22086), (0.64, 0.55467, 0.24596), (0.63749, 0.55718, 0.24847), (0.63247, 0.55718, 0.24596), (0.63749, 0.55216, 0.21835), (0.64, 0.55718, 0.22337), (0.64, 0.5622, 0.24345), (0.63247, 0.53208, 0.20329), (0.63247, 0.51702, 0.1782), (0.63247, 0.51702, 0.1782), (0.63247, 0.51702, 0.1782), (0.63749, 0.53961, 0.21584), (0.63247, 0.53208, 0.20329), (0.63247, 0.55718, 0.24596), (0.64, 0.55467, 0.24596), (0.64, 0.55467, 0.24596), (0.64, 0.5622, 0.24345), (0.64, 0.55718, 0.22337), (0.63749, 0.55216, 0.21835), (0.62996, 0.52957, 0.19827), (0.62996, 0.52204, 0.19325), (0.63749, 0.52706, 0.19827), (0.63749, 0.52706, 0.19827), (0.63247, 0.5371, 0.20329), (0.62996, 0.52957, 0.19827), (0.63498, 0.5371, 0.20831), (0.63498, 0.5371, 0.20831), (0.63498, 0.53961, 0.2058), (0.63749, 0.57224, 0.26855), (0.63247, 0.55718, 0.25098), (0.63498, 0.55969, 0.24847), (0.63247, 0.52204, 0.19325), (0.63247, 0.52204, 0.19325), (0.62996, 0.51953, 0.19075), (0.62996, 0.51953, 0.19075), (0.63247, 0.52204, 0.19325), (0.63247, 0.52204, 0.19325), (0.62494, 0.54965, 0.24345), (0.62996, 0.55467, 0.24847), (0.62996, 0.54212, 0.22086), (0.63247, 0.52204, 0.19325), (0.63247, 0.52204, 0.19325), (0.63247, 0.52204, 0.19325), (0.63498, 0.53961, 0.2058), (0.63247, 0.5371, 0.20329), (0.63498, 0.5371, 0.20831), (0.62996, 0.54212, 0.22086), (0.62996, 0.54463, 0.23341), (0.62494, 0.54965, 0.24345), (0.64, 0.56471, 0.27106), (0.64, 0.56722, 0.27106), (0.64, 0.56722, 0.27106), (0.64, 0.56722, 0.27106), (0.64, 0.56722, 0.27106), (0.64, 0.56471, 0.27106), (0.63498, 0.53961, 0.2058), (0.63498, 0.53961, 0.2058), (0.62494, 0.53208, 0.2058), (0.63498, 0.54212, 0.21584), (0.62745, 0.52957, 0.2058), (0.63498, 0.5371, 0.21333), (0.62745, 0.53459, 0.20831), (0.63498, 0.55718, 0.23843), (0.63749, 0.5622, 0.23592), (0.63749, 0.5622, 0.23592), (0.63247, 0.53208, 0.20078), (0.62745, 0.53459, 0.20831), (0.62494, 0.53208, 0.2058), (0.64, 0.54463, 0.22588), (0.63498, 0.53961, 0.2058), (0.64, 0.5622, 0.24345), (0.63247, 0.53208, 0.20329), (0.63749, 0.53961, 0.21584), (0.63749, 0.53961, 0.21584), (0.63247, 0.55216, 0.24345), (0.64, 0.5622, 0.24345), (0.62996, 0.52204, 0.19576), (0.62745, 0.52204, 0.18573), (0.63247, 0.52204, 0.18824), (0.63749, 0.54965, 0.24847), (0.64, 0.56471, 0.25349), (0.64, 0.56722, 0.27106), (0.62996, 0.54212, 0.22086), (0.63498, 0.5622, 0.23592), (0.62996, 0.55467, 0.22839), (0.64, 0.58478, 0.28361), (0.63749, 0.5622, 0.26102), (0.64, 0.56722, 0.26604), (0.64, 0.56722, 0.26604), (0.62745, 0.57224, 0.26604), (0.64, 0.58478, 0.28361), (0.64, 0.57224, 0.27859), (0.62494, 0.51451, 0.18573), (0.61741, 0.50949, 0.18071), (0.63247, 0.55216, 0.24345), (0.64, 0.56973, 0.27608), (0.64, 0.57224, 0.27608), (0.61741, 0.50949, 0.18071), (0.64, 0.57224, 0.27608), (0.64, 0.57224, 0.27859), (0.63498, 0.49443, 0.15059), (0.63247, 0.4869, 0.14557), (0.62745, 0.50196, 0.16314), (0.63247, 0.50196, 0.16063), (0.62494, 0.49443, 0.1531), (0.63749, 0.49192, 0.15059), (0.63749, 0.49192, 0.15059), (0.63498, 0.49443, 0.15059), (0.63247, 0.50196, 0.16063), (0.64, 0.55216, 0.22588), (0.63498, 0.5371, 0.21835), (0.64, 0.54965, 0.24094), (0.64, 0.54965, 0.24094), (0.62996, 0.54463, 0.21082), (0.64, 0.55216, 0.22588), (0.62996, 0.51953, 0.18573), (0.62745, 0.52706, 0.19075), (0.62494, 0.51953, 0.18322), (0.63749, 0.52706, 0.21333), (0.62745, 0.50698, 0.17067), (0.63749, 0.51953, 0.19325), (0.62996, 0.52957, 0.20078), (0.63749, 0.52706, 0.21333), (0.62996, 0.52706, 0.21082), (0.62996, 0.52706, 0.21082), (0.64, 0.52957, 0.20078), (0.62996, 0.52957, 0.20078), (0.62745, 0.50196, 0.16314), (0.62745, 0.50196, 0.16816), (0.63498, 0.49443, 0.15059), (0.63247, 0.52455, 0.19576), (0.62996, 0.52957, 0.19325), (0.62996, 0.52957, 0.19827), (0.62996, 0.52957, 0.19827), (0.62996, 0.52957, 0.19827), (0.63247, 0.52455, 0.19576), (0.64, 0.56471, 0.25349), (0.64, 0.56722, 0.26604), (0.64, 0.56722, 0.27357), (0.64, 0.56722, 0.27357), (0.63749, 0.55216, 0.24094), (0.64, 0.56471, 0.25349), (0.62494, 0.51953, 0.18322), (0.63749, 0.51451, 0.18573), (0.62996, 0.51953, 0.18573), (0.64, 0.56722, 0.27106), (0.64, 0.54212, 0.23843), (0.63749, 0.54965, 0.24847), (0.63247, 0.52204, 0.18824), (0.64, 0.55718, 0.24596), (0.63749, 0.55216, 0.24094), (0.63247, 0.55969, 0.25851), (0.62996, 0.55718, 0.26102), (0.63749, 0.5622, 0.256), (0.63749, 0.5622, 0.256), (0.63498, 0.55969, 0.25349), (0.63247, 0.55969, 0.25851), (0.63749, 0.57224, 0.26855), (0.64, 0.55969, 0.24847), (0.63247, 0.55467, 0.23592), (0.63247, 0.52455, 0.19576), (0.64, 0.55216, 0.23592), (0.63498, 0.55718, 0.24345), (0.63498, 0.5622, 0.24596), (0.63498, 0.54463, 0.23592), (0.62745, 0.54714, 0.23843), (0.63498, 0.52455, 0.19576), (0.63247, 0.52204, 0.19325), (0.63247, 0.52204, 0.18824), (0.63247, 0.53208, 0.20078), (0.63247, 0.5622, 0.24596), (0.63247, 0.56973, 0.25098), (0.63247, 0.56973, 0.25098), (0.62745, 0.53459, 0.20329), (0.63247, 0.53208, 0.20078), (0.64, 0.55718, 0.23341), (0.64, 0.57475, 0.27106), (0.63749, 0.56722, 0.25851), (0.63247, 0.55467, 0.23592), (0.64, 0.57475, 0.27608), (0.63749, 0.57224, 0.26855), (0.63498, 0.51702, 0.19075), (0.62996, 0.52957, 0.19827), (0.62996, 0.52204, 0.19325), (0.63749, 0.56722, 0.25851), (0.64, 0.56973, 0.25349), (0.64, 0.55718, 0.23341), (0.64, 0.56722, 0.27357), (0.64, 0.56471, 0.27106), (0.64, 0.56722, 0.27106), (0.63247, 0.52204, 0.18824), (0.63498, 0.52455, 0.19576), (0.63498, 0.52455, 0.19576), (0.63498, 0.55969, 0.24847), (0.64, 0.56471, 0.25851), (0.63749, 0.57224, 0.26855), (0.64, 0.58478, 0.28361), (0.64, 0.56722, 0.25349), (0.63749, 0.56471, 0.24847), (0.63749, 0.56471, 0.24847), (0.63247, 0.57725, 0.27106), (0.64, 0.58478, 0.28361), (0.64, 0.56722, 0.27106), (0.64, 0.56471, 0.27357), (0.64, 0.56722, 0.27357), (0.62996, 0.49443, 0.15561), (0.63247, 0.49694, 0.15812), (0.62996, 0.50447, 0.17067), (0.62996, 0.50447, 0.17067), (0.62243, 0.50447, 0.17318), (0.62996, 0.49443, 0.15561), (0.64, 0.57224, 0.27608), (0.64, 0.56722, 0.26604), (0.63247, 0.55216, 0.24345), (0.62996, 0.53961, 0.2309), (0.62745, 0.5371, 0.22839), (0.63247, 0.5371, 0.20329), (0.63247, 0.5371, 0.20329), (0.63498, 0.53961, 0.2058), (0.62996, 0.53961, 0.2309), (0.62996, 0.50447, 0.17067), (0.62494, 0.50698, 0.17569), (0.63247, 0.512, 0.17067), (0.63247, 0.512, 0.17067), (0.63247, 0.512, 0.17067), (0.62996, 0.50447, 0.17067), (0.63498, 0.5622, 0.23592), (0.63749, 0.55718, 0.24847), (0.63247, 0.55969, 0.24345), (0.63247, 0.55969, 0.24345), (0.62745, 0.55969, 0.2309), (0.63498, 0.5622, 0.23592), (0.61992, 0.52706, 0.20078), (0.61992, 0.53208, 0.21584), (0.62745, 0.52455, 0.20329), (0.62745, 0.52455, 0.20329), (0.62996, 0.51451, 0.17067), (0.61992, 0.52706, 0.20078), (0.63247, 0.53208, 0.20329), (0.63498, 0.54212, 0.21082), (0.63247, 0.53208, 0.20078), (0.63247, 0.53208, 0.20078), (0.64, 0.52455, 0.19325), (0.63247, 0.53208, 0.20329), (0.63749, 0.51953, 0.19325), (0.63247, 0.52455, 0.19576), (0.62745, 0.51953, 0.19075), (0.62745, 0.51953, 0.19075), (0.63247, 0.52204, 0.19325), (0.63749, 0.51953, 0.19325), (0.64, 0.56471, 0.25349), (0.63498, 0.5622, 0.24094), (0.63498, 0.5622, 0.24596), (0.63498, 0.5622, 0.24596), (0.64, 0.56471, 0.25349), (0.64, 0.56471, 0.25349), (0.62745, 0.46431, 0.13804), (0.62996, 0.50447, 0.16565), (0.62494, 0.49945, 0.16063), (0.62494, 0.49945, 0.16063), (0.62996, 0.46682, 0.14055), (0.62745, 0.46431, 0.13804), (0.63749, 0.49694, 0.1531), (0.63498, 0.49443, 0.15059), (0.63498, 0.49443, 0.15059), (0.63498, 0.49443, 0.15059), (0.63498, 0.49443, 0.15059), (0.63749, 0.49694, 0.1531), (0.64, 0.5898, 0.29867), (0.63749, 0.55718, 0.25349), (0.63247, 0.55969, 0.26353), (0.63247, 0.55969, 0.26353), (0.63749, 0.58227, 0.30118), (0.64, 0.5898, 0.29867), (0.62996, 0.52204, 0.19325), (0.63498, 0.52706, 0.19827), (0.63247, 0.52455, 0.19576), (0.63749, 0.51953, 0.19325), (0.62745, 0.49694, 0.15059), (0.62996, 0.512, 0.16565), (0.62996, 0.512, 0.16565), (0.63247, 0.52455, 0.20329), (0.63749, 0.51953, 0.19325), (0.62745, 0.54714, 0.23843), (0.63247, 0.55969, 0.24345), (0.63498, 0.5622, 0.24596), (0.62996, 0.52204, 0.19325), (0.62996, 0.52204, 0.19576), (0.63498, 0.51702, 0.19075), (0.63498, 0.55718, 0.24345), (0.63247, 0.52455, 0.19576), (0.63247, 0.52455, 0.19576), (0.63247, 0.52455, 0.19576), (0.63247, 0.52455, 0.19576), (0.62996, 0.52204, 0.19325), (0.63247, 0.54714, 0.23592), (0.64, 0.57725, 0.26855), (0.64, 0.56722, 0.26604), (0.63247, 0.55216, 0.24345), (0.63749, 0.55718, 0.24847), (0.64, 0.56471, 0.26353), (0.63247, 0.53208, 0.20329), (0.62996, 0.53208, 0.20329), (0.63247, 0.52455, 0.19576), (0.63749, 0.57475, 0.28361), (0.63749, 0.56471, 0.26855), (0.64, 0.56722, 0.27106), (0.64, 0.56722, 0.27106), (0.64, 0.57725, 0.29867), (0.63749, 0.57475, 0.28361), (0.64, 0.57976, 0.27608), (0.63247, 0.5622, 0.25349), (0.62996, 0.55969, 0.24596), (0.62996, 0.55969, 0.24596), (0.64, 0.57725, 0.27357), (0.64, 0.57976, 0.27608), (0.63247, 0.52455, 0.19576), (0.63498, 0.52706, 0.19827), (0.63247, 0.53208, 0.20329), (0.62996, 0.52957, 0.19827), (0.63498, 0.52706, 0.19827), (0.62996, 0.52204, 0.19325), (0.62996, 0.52204, 0.19325), (0.62996, 0.52957, 0.19827), (0.62996, 0.52957, 0.19827), (0.62996, 0.52957, 0.19325), (0.64, 0.52957, 0.19075), (0.62494, 0.52957, 0.19576), (0.62494, 0.52957, 0.19576), (0.62996, 0.52957, 0.19827), (0.62996, 0.52957, 0.19325), (0.64, 0.56973, 0.25349), (0.63749, 0.5622, 0.256), (0.62745, 0.55216, 0.24596), (0.59984, 0.46682, 0.13553), (0.59482, 0.4618, 0.13553), (0.62996, 0.44925, 0.1029), (0.62996, 0.44925, 0.1029), (0.62745, 0.45427, 0.11043), (0.59984, 0.46682, 0.13553), (0.63247, 0.52957, 0.21333), (0.64, 0.52957, 0.21584), (0.62243, 0.52455, 0.19576), (0.62243, 0.52455, 0.19576), (0.63247, 0.52455, 0.19576), (0.63247, 0.52957, 0.21333), (0.63749, 0.55216, 0.24094), (0.61992, 0.51953, 0.18824), (0.63247, 0.52204, 0.18824), (0.63247, 0.52204, 0.18824), (0.64, 0.55467, 0.22839), (0.63749, 0.55216, 0.24094), (0.62745, 0.55216, 0.24596), (0.63498, 0.56471, 0.25098), (0.64, 0.56973, 0.25349), (0.63749, 0.56471, 0.24847), (0.63498, 0.55969, 0.24847), (0.62996, 0.55467, 0.24345), (0.63749, 0.56973, 0.27608), (0.63749, 0.55216, 0.24094), (0.63749, 0.55216, 0.23592), (0.64, 0.56722, 0.27106), (0.64, 0.56722, 0.27357), (0.64, 0.56471, 0.27357), (0.64, 0.56471, 0.27357), (0.64, 0.56722, 0.27357), (0.64, 0.56722, 0.27106), (0.63749, 0.51702, 0.19576), (0.64, 0.56471, 0.27357), (0.64, 0.56471, 0.27106), (0.64, 0.56471, 0.27106), (0.63749, 0.51953, 0.19325), (0.63749, 0.51702, 0.19576), (0.62745, 0.51702, 0.18824), (0.64, 0.55467, 0.24345), (0.64, 0.55718, 0.24094), (0.64, 0.55718, 0.24094), (0.62745, 0.50949, 0.18322), (0.62745, 0.51702, 0.18824), (0.63749, 0.55216, 0.23592), (0.63498, 0.5622, 0.24094), (0.64, 0.5622, 0.25349), (0.64, 0.5622, 0.25349), (0.62996, 0.55467, 0.22839), (0.63749, 0.55216, 0.23592), (0.63749, 0.55216, 0.23592), (0.63498, 0.56973, 0.27106), (0.63749, 0.56973, 0.27608), (0.62996, 0.51451, 0.17569), (0.63498, 0.52455, 0.19075), (0.63498, 0.52455, 0.19576), (0.63498, 0.52455, 0.19576), (0.63247, 0.51702, 0.1782), (0.62996, 0.51451, 0.17569), (0.64, 0.56973, 0.26855), (0.63247, 0.55718, 0.256), (0.63749, 0.55718, 0.24847), (0.63749, 0.55718, 0.24847), (0.63498, 0.55969, 0.25349), (0.64, 0.56973, 0.26855), (0.63247, 0.52455, 0.19827), (0.62745, 0.51953, 0.19075), (0.63247, 0.52455, 0.19827), (0.63749, 0.55216, 0.24094), (0.64, 0.52455, 0.18573), (0.63247, 0.52204, 0.18824), (0.63247, 0.52204, 0.18824), (0.63498, 0.51702, 0.19075), (0.62996, 0.52204, 0.19576), (0.63247, 0.5622, 0.24596), (0.63247, 0.53208, 0.20078), (0.62996, 0.52204, 0.19576), (0.62996, 0.52204, 0.19576), (0.63498, 0.55718, 0.24345), (0.63247, 0.5622, 0.24596), (0.63247, 0.54463, 0.22337), (0.62745, 0.52706, 0.19827), (0.62745, 0.52204, 0.18573), (0.63498, 0.54463, 0.23592), (0.63498, 0.54212, 0.21082), (0.63247, 0.53961, 0.20831), (0.63247, 0.53961, 0.20831), (0.64, 0.54965, 0.24094), (0.63498, 0.54463, 0.23592), (0.62745, 0.52204, 0.18573), (0.62996, 0.52204, 0.19576), (0.63247, 0.54463, 0.22337), (0.62745, 0.51702, 0.18322), (0.62745, 0.50447, 0.15561), (0.6149, 0.49192, 0.13804), (0.6149, 0.49192, 0.13804), (0.62494, 0.50698, 0.17569), (0.62745, 0.51702, 0.18322), (0.63247, 0.54212, 0.23341), (0.63247, 0.55216, 0.24345), (0.63247, 0.55216, 0.24847), (0.63247, 0.57224, 0.26604), (0.63749, 0.55216, 0.23592), (0.62996, 0.55467, 0.22839), (0.62996, 0.55467, 0.22839), (0.63749, 0.56973, 0.27608), (0.63247, 0.57224, 0.26604), (0.63749, 0.57224, 0.27357), (0.63498, 0.56973, 0.27106), (0.63498, 0.5622, 0.26102), (0.63498, 0.5622, 0.26102), (0.63749, 0.56471, 0.26353), (0.63749, 0.57224, 0.27357), (0.63247, 0.55216, 0.24847), (0.62996, 0.53961, 0.2309), (0.63247, 0.54212, 0.23341), (0.63749, 0.52455, 0.20078), (0.63498, 0.52706, 0.19827), (0.63498, 0.52706, 0.20078), (0.63498, 0.52706, 0.20078), (0.63498, 0.52706, 0.19827), (0.63749, 0.52455, 0.20078), (0.63247, 0.5622, 0.24596), (0.63749, 0.54714, 0.23843), (0.62996, 0.54463, 0.23341), (0.62996, 0.54463, 0.23341), (0.63247, 0.56973, 0.25098), (0.63247, 0.5622, 0.24596), (0.63749, 0.55969, 0.26604), (0.62494, 0.52957, 0.21082), (0.63749, 0.51953, 0.19325), (0.63749, 0.51953, 0.19325), (0.64, 0.56471, 0.27106), (0.63749, 0.55969, 0.26604), (0.64, 0.56471, 0.26353), (0.63749, 0.5622, 0.256), (0.63247, 0.55216, 0.24345), (0.63247, 0.56973, 0.25349), (0.62745, 0.5622, 0.25851), (0.63498, 0.56471, 0.256), (0.62996, 0.44925, 0.1029), (0.63247, 0.4618, 0.128), (0.63247, 0.46431, 0.13051), (0.63749, 0.55216, 0.24345), (0.62745, 0.52706, 0.19576), (0.62745, 0.52957, 0.20078), (0.62745, 0.49694, 0.15561), (0.63247, 0.49694, 0.15812), (0.63247, 0.49192, 0.1531), (0.63247, 0.49192, 0.1531), (0.63498, 0.49443, 0.15059), (0.62745, 0.49694, 0.15561), (0.63498, 0.53961, 0.2058), (0.63498, 0.53961, 0.2058), (0.62996, 0.54463, 0.21082), (0.62745, 0.52957, 0.20078), (0.62745, 0.54714, 0.23843), (0.63749, 0.55216, 0.24345), (0.62996, 0.54463, 0.21082), (0.62996, 0.54463, 0.21082), (0.63498, 0.53961, 0.2058), (0.63247, 0.52957, 0.20831), (0.62996, 0.53208, 0.20831), (0.62494, 0.5371, 0.22086), (0.62494, 0.5371, 0.22086), (0.62494, 0.5371, 0.22086), (0.63247, 0.52957, 0.20831), (0.62745, 0.52957, 0.20078), (0.62494, 0.53208, 0.2058), (0.62243, 0.5371, 0.22086), (0.63247, 0.45176, 0.10541), (0.62745, 0.45427, 0.10541), (0.62494, 0.45176, 0.1029), (0.62494, 0.45176, 0.1029), (0.63247, 0.44675, 0.10792), (0.63247, 0.45176, 0.10541), (0.62996, 0.55467, 0.24847), (0.61992, 0.54463, 0.23843), (0.63498, 0.55467, 0.25098), (0.64, 0.55718, 0.23341), (0.63749, 0.54463, 0.21835), (0.63498, 0.55216, 0.22839), (0.62494, 0.47435, 0.14808), (0.62243, 0.47184, 0.14557), (0.60235, 0.46933, 0.14306), (0.60235, 0.46933, 0.14306), (0.59482, 0.45678, 0.13804), (0.62494, 0.47435, 0.14808), (0.63498, 0.55216, 0.22839), (0.63247, 0.54463, 0.22337), (0.64, 0.55718, 0.23341), (0.64, 0.55969, 0.26102), (0.63247, 0.55216, 0.24345), (0.63749, 0.5622, 0.256), (0.62996, 0.55467, 0.24345), (0.63498, 0.55467, 0.24596), (0.63749, 0.56471, 0.24847), (0.62996, 0.52204, 0.19325), (0.63498, 0.52204, 0.19827), (0.63247, 0.52204, 0.19325), (0.63247, 0.55216, 0.24847), (0.63749, 0.55718, 0.24847), (0.63498, 0.55969, 0.25349), (0.63498, 0.55969, 0.25349), (0.63749, 0.5622, 0.26102), (0.63247, 0.55216, 0.24847), (0.63247, 0.52204, 0.19325), (0.63749, 0.51953, 0.19325), (0.62996, 0.52204, 0.19325), (0.62243, 0.5371, 0.22086), (0.62243, 0.53459, 0.20831), (0.62745, 0.52957, 0.20078), (0.63498, 0.56973, 0.26102), (0.63749, 0.56722, 0.25098), (0.63749, 0.56722, 0.25349), (0.63749, 0.56722, 0.25349), (0.63498, 0.56973, 0.26604), (0.63498, 0.56973, 0.26102), (0.63749, 0.54965, 0.22839), (0.62996, 0.56722, 0.24345), (0.64, 0.56722, 0.24847), (0.63247, 0.46431, 0.13051), (0.63247, 0.45176, 0.10541), (0.62996, 0.44925, 0.1029), (0.63247, 0.52455, 0.19827), (0.62494, 0.52204, 0.20078), (0.63247, 0.52455, 0.19827), (0.63498, 0.56471, 0.256), (0.64, 0.56722, 0.25098), (0.63247, 0.56973, 0.25349), (0.63498, 0.46682, 0.13804), (0.63247, 0.46431, 0.13051), (0.62996, 0.4618, 0.128), (0.62996, 0.4618, 0.128), (0.62996, 0.46933, 0.13804), (0.63498, 0.46682, 0.13804), (0.62243, 0.51451, 0.19325), (0.63247, 0.52455, 0.19827), (0.63247, 0.52204, 0.19325), (0.64, 0.56973, 0.26855), (0.64, 0.55216, 0.24345), (0.62745, 0.54212, 0.23341), (0.62745, 0.54212, 0.23341), (0.64, 0.56722, 0.27106), (0.64, 0.56973, 0.26855), (0.63247, 0.52455, 0.19827), (0.63749, 0.52204, 0.18322), (0.63247, 0.52204, 0.18824), (0.63247, 0.52204, 0.18824), (0.62996, 0.51953, 0.19075), (0.63247, 0.52455, 0.19827), (0.61741, 0.49694, 0.17569), (0.62494, 0.51702, 0.19075), (0.62494, 0.50196, 0.18071), (0.63498, 0.55467, 0.24596), (0.62996, 0.55718, 0.24094), (0.63247, 0.55969, 0.24345), (0.63247, 0.55969, 0.24345), (0.63498, 0.55718, 0.24345), (0.63498, 0.55467, 0.24596), (0.62494, 0.50196, 0.18071), (0.63749, 0.52957, 0.20831), (0.61741, 0.49694, 0.17569), (0.63749, 0.5622, 0.256), (0.64, 0.56722, 0.27106), (0.64, 0.55969, 0.26102), (0.62494, 0.53459, 0.22588), (0.62243, 0.5371, 0.22086), (0.62996, 0.52957, 0.19325), (0.62996, 0.52957, 0.19325), (0.62494, 0.53208, 0.2058), (0.62494, 0.53459, 0.22588), (0.63498, 0.52204, 0.19827), (0.62996, 0.52204, 0.19576), (0.63247, 0.52204, 0.19325), (0.63247, 0.52204, 0.19325), (0.63247, 0.52204, 0.19325), (0.63498, 0.52204, 0.19827), (0.64, 0.55718, 0.24094), (0.63498, 0.54714, 0.22588), (0.63247, 0.53961, 0.21333), (0.63247, 0.52957, 0.20831), (0.62996, 0.52204, 0.19325), (0.63749, 0.51953, 0.19325), (0.64, 0.57725, 0.27357), (0.64, 0.56722, 0.26604), (0.63749, 0.5622, 0.26102), (0.62494, 0.51953, 0.18322), (0.64, 0.55467, 0.23843), (0.63247, 0.55467, 0.23592), (0.63247, 0.55467, 0.23592), (0.62494, 0.51953, 0.1782), (0.62494, 0.51953, 0.18322), (0.63247, 0.53961, 0.21333), (0.63247, 0.54965, 0.22588), (0.64, 0.55718, 0.24094), (0.63247, 0.50196, 0.15561), (0.62745, 0.49694, 0.15561), (0.63498, 0.49443, 0.15059), (0.63498, 0.49443, 0.15059), (0.63498, 0.49443, 0.14557), (0.63247, 0.50196, 0.15561), (0.63498, 0.52706, 0.19827), (0.62745, 0.51953, 0.19075), (0.62996, 0.52204, 0.19325), (0.62996, 0.52204, 0.19325), (0.63498, 0.52706, 0.19827), (0.63498, 0.52706, 0.19827), (0.63749, 0.49192, 0.15059), (0.62996, 0.46431, 0.11796), (0.62996, 0.46431, 0.11796), (0.62996, 0.46431, 0.11796), (0.63749, 0.49443, 0.14557), (0.63749, 0.49192, 0.15059), (0.63247, 0.52455, 0.19827), (0.63247, 0.52455, 0.20329), (0.63498, 0.52455, 0.19576), (0.63498, 0.52455, 0.19576), (0.63247, 0.52204, 0.19325), (0.63247, 0.52455, 0.19827), (0.61992, 0.50949, 0.18071), (0.6149, 0.49443, 0.15812), (0.63498, 0.49443, 0.15059), (0.63498, 0.49443, 0.15059), (0.63498, 0.48941, 0.14808), (0.61992, 0.50949, 0.18071), (0.63498, 0.52455, 0.18573), (0.63498, 0.50196, 0.17067), (0.62996, 0.50447, 0.17067), (0.62996, 0.50447, 0.17067), (0.63498, 0.52455, 0.19075), (0.63498, 0.52455, 0.18573), (0.63247, 0.49192, 0.14808), (0.63498, 0.49443, 0.15059), (0.63247, 0.4869, 0.14557), (0.62996, 0.54212, 0.22086), (0.62996, 0.53961, 0.2309), (0.62996, 0.54463, 0.23341), (0.62996, 0.54463, 0.23341), (0.62996, 0.54212, 0.22086), (0.62996, 0.54212, 0.22086), (0.62745, 0.47184, 0.128), (0.62996, 0.46431, 0.12298), (0.63247, 0.4618, 0.12298), (0.63247, 0.4618, 0.12298), (0.62494, 0.46431, 0.12298), (0.62745, 0.47184, 0.128), (0.63247, 0.54463, 0.21835), (0.63749, 0.54212, 0.20831), (0.63498, 0.53961, 0.2058), (0.63498, 0.53961, 0.2058), (0.63498, 0.53961, 0.2058), (0.63247, 0.54463, 0.21835), (0.64, 0.56722, 0.24847), (0.63749, 0.54463, 0.21333), (0.63749, 0.54965, 0.22839), (0.63247, 0.52204, 0.19325), (0.63247, 0.52204, 0.19325), (0.62243, 0.51451, 0.19325), (0.62996, 0.53208, 0.20329), (0.63749, 0.52957, 0.20329), (0.62996, 0.53208, 0.21333), (0.62996, 0.53208, 0.21333), (0.62745, 0.53961, 0.21835), (0.62996, 0.53208, 0.20329), (0.64, 0.54463, 0.22588), (0.63498, 0.53459, 0.22839), (0.63749, 0.54714, 0.23843), (0.63749, 0.51953, 0.19325), (0.63247, 0.52204, 0.19325), (0.63247, 0.52957, 0.20831), (0.63749, 0.5622, 0.26102), (0.64, 0.57976, 0.27608), (0.64, 0.57725, 0.27357), (0.63498, 0.5371, 0.21333), (0.62494, 0.5371, 0.21082), (0.63247, 0.53961, 0.21333), (0.63247, 0.53961, 0.21333), (0.64, 0.54212, 0.21333), (0.63498, 0.5371, 0.21333), (0.62996, 0.46682, 0.14055), (0.62996, 0.46682, 0.14055), (0.62996, 0.46682, 0.14055), (0.62494, 0.50698, 0.17569), (0.6149, 0.49192, 0.13804), (0.62494, 0.50196, 0.14808), (0.62494, 0.50196, 0.14808), (0.63247, 0.512, 0.17067), (0.62494, 0.50698, 0.17569), (0.62996, 0.46682, 0.14055), (0.62745, 0.46431, 0.13804), (0.62996, 0.46682, 0.14055), (0.63498, 0.52706, 0.19827), (0.63498, 0.52706, 0.19827), (0.63498, 0.52706, 0.20078), (0.63498, 0.52706, 0.20078), (0.63498, 0.52706, 0.19827), (0.63498, 0.52706, 0.19827), (0.64, 0.5622, 0.25851), (0.62745, 0.54965, 0.23592), (0.63749, 0.55718, 0.24847), (0.63749, 0.55718, 0.24847), (0.64, 0.55467, 0.24596), (0.64, 0.5622, 0.25851), (0.63498, 0.49443, 0.15059), (0.63247, 0.49192, 0.14808), (0.63247, 0.49192, 0.1531), (0.62996, 0.54212, 0.21584), (0.64, 0.54965, 0.24094), (0.63247, 0.54212, 0.23341), (0.63247, 0.54212, 0.23341), (0.63498, 0.53961, 0.22086), (0.62996, 0.54212, 0.21584), (0.64, 0.56722, 0.26102), (0.64, 0.55718, 0.24847), (0.64, 0.5622, 0.25851), (0.63749, 0.55216, 0.24345), (0.62243, 0.54714, 0.22086), (0.62996, 0.54463, 0.21082), (0.63247, 0.5371, 0.20329), (0.62494, 0.52455, 0.18824), (0.64, 0.53208, 0.19325), (0.62996, 0.52957, 0.20078), (0.63498, 0.53961, 0.22588), (0.63498, 0.53459, 0.2058), (0.64, 0.55467, 0.23843), (0.62243, 0.52706, 0.20831), (0.62745, 0.51953, 0.19827), (0.62745, 0.51953, 0.19827), (0.64, 0.55467, 0.24345), (0.64, 0.55467, 0.23843), (0.62494, 0.51702, 0.19075), (0.61741, 0.49694, 0.17569), (0.62996, 0.52204, 0.19325), (0.62996, 0.52204, 0.19325), (0.63247, 0.52957, 0.21333), (0.62494, 0.51702, 0.19075), (0.63247, 0.4869, 0.14557), (0.63498, 0.49443, 0.15059), (0.63247, 0.49192, 0.14808), (0.62996, 0.54463, 0.21082), (0.64, 0.55718, 0.24847), (0.63749, 0.55216, 0.24345), (0.63247, 0.53459, 0.19075), (0.63749, 0.51953, 0.19325), (0.64, 0.54714, 0.21333), (0.63498, 0.52204, 0.19827), (0.62996, 0.52204, 0.19325), (0.62745, 0.53459, 0.20831), (0.64, 0.56471, 0.26353), (0.63749, 0.55718, 0.25851), (0.64, 0.56471, 0.27106), (0.63749, 0.54965, 0.23341), (0.64, 0.56973, 0.26855), (0.64, 0.56722, 0.27106), (0.62996, 0.54463, 0.21082), (0.63498, 0.54212, 0.21584), (0.63498, 0.53961, 0.2058), (0.63498, 0.53961, 0.2058), (0.63498, 0.53961, 0.2058), (0.62996, 0.54463, 0.21082), (0.63749, 0.55718, 0.24847), (0.63749, 0.56722, 0.25098), (0.63749, 0.56722, 0.25851), (0.63749, 0.56722, 0.25851), (0.63247, 0.55969, 0.24345), (0.63749, 0.55718, 0.24847), (0.64, 0.55467, 0.24596), (0.64, 0.57725, 0.2811), (0.63749, 0.57976, 0.28863), (0.64, 0.56722, 0.27106), (0.63498, 0.54714, 0.2309), (0.63749, 0.54965, 0.23341), (0.63749, 0.57976, 0.28863), (0.64, 0.55467, 0.24596), (0.64, 0.55467, 0.24596), (0.63749, 0.54965, 0.23341), (0.64, 0.56973, 0.26855), (0.64, 0.56722, 0.27106), (0.63247, 0.52455, 0.19827), (0.62996, 0.53208, 0.20329), (0.62243, 0.53459, 0.21835), (0.62243, 0.53459, 0.21835), (0.62745, 0.52957, 0.21082), (0.63247, 0.52455, 0.19827), (0.62243, 0.52957, 0.20329), (0.63247, 0.52455, 0.19827), (0.63247, 0.52204, 0.18824), (0.63247, 0.52204, 0.18824), (0.62996, 0.52204, 0.19576), (0.62243, 0.52957, 0.20329), (0.63749, 0.54714, 0.23843), (0.63749, 0.55216, 0.24094), (0.64, 0.54463, 0.22588), (0.62745, 0.52706, 0.21584), (0.62745, 0.53208, 0.21835), (0.63247, 0.52455, 0.19576), (0.63247, 0.52455, 0.19576), (0.63498, 0.52706, 0.19827), (0.62745, 0.52706, 0.21584), (0.63749, 0.56471, 0.26855), (0.63749, 0.54965, 0.23341), (0.63498, 0.54714, 0.2309), (0.63498, 0.54714, 0.2309), (0.64, 0.56722, 0.27106), (0.63749, 0.56471, 0.26855), (0.64, 0.54714, 0.22839), (0.62745, 0.53208, 0.21333), (0.63498, 0.52706, 0.20078), (0.63498, 0.52706, 0.20078), (0.62996, 0.53459, 0.22086), (0.64, 0.54714, 0.22839), (0.61992, 0.52455, 0.19075), (0.64, 0.54212, 0.21333), (0.63247, 0.53208, 0.20329), (0.63247, 0.53208, 0.20329), (0.63498, 0.54212, 0.21584), (0.61992, 0.52455, 0.19075), (0.62745, 0.50447, 0.15059), (0.62494, 0.50196, 0.14808), (0.62745, 0.52957, 0.20078), (0.64, 0.54714, 0.21333), (0.63247, 0.5371, 0.20329), (0.63247, 0.53459, 0.19075), (0.62745, 0.52957, 0.20078), (0.62243, 0.52706, 0.19325), (0.62745, 0.50447, 0.15059), (0.63498, 0.53459, 0.2058), (0.63247, 0.5371, 0.20329), (0.62996, 0.52957, 0.20078), (0.64, 0.53208, 0.19325), (0.63247, 0.53459, 0.19075), (0.63247, 0.5371, 0.20329), (0.63247, 0.53961, 0.21333), (0.62996, 0.5371, 0.20329), (0.62996, 0.52957, 0.19827), (0.62996, 0.52957, 0.19827), (0.63749, 0.5371, 0.2058), (0.63247, 0.53961, 0.21333), (0.64, 0.56973, 0.26102), (0.63749, 0.57725, 0.27106), (0.63498, 0.57475, 0.26855), (0.63498, 0.57475, 0.26855), (0.63498, 0.56471, 0.25098), (0.64, 0.56973, 0.26102), (0.63749, 0.55718, 0.24847), (0.63247, 0.55216, 0.24847), (0.63247, 0.55216, 0.24345), (0.63247, 0.55216, 0.24345), (0.64, 0.55969, 0.26102), (0.63749, 0.55718, 0.24847), (0.64, 0.56471, 0.25349), (0.62996, 0.54212, 0.22086), (0.62996, 0.5371, 0.21082), (0.62996, 0.5371, 0.21082), (0.63749, 0.55718, 0.24847), (0.64, 0.56471, 0.25349), (0.63498, 0.55969, 0.25349), (0.63498, 0.55467, 0.25098), (0.61992, 0.54463, 0.23843), (0.63498, 0.5371, 0.20831), (0.63498, 0.5371, 0.20831), (0.63247, 0.5371, 0.20329), (0.63247, 0.5371, 0.20329), (0.63498, 0.53459, 0.2058), (0.63498, 0.5371, 0.20831), (0.63498, 0.52455, 0.19576), (0.62996, 0.52957, 0.19325), (0.62996, 0.52957, 0.19827), (0.63247, 0.512, 0.17067), (0.62494, 0.50196, 0.14808), (0.62745, 0.50447, 0.15059), (0.62745, 0.50447, 0.15059), (0.63498, 0.50949, 0.17067), (0.63247, 0.512, 0.17067), (0.64, 0.55467, 0.23843), (0.62494, 0.51953, 0.18322), (0.63749, 0.54463, 0.21835), (0.63498, 0.53459, 0.20329), (0.63498, 0.53961, 0.2058), (0.63498, 0.53961, 0.2058), (0.63498, 0.53961, 0.2058), (0.63247, 0.5371, 0.20329), (0.63498, 0.53459, 0.20329), (0.63247, 0.53459, 0.21082), (0.63498, 0.55467, 0.25098), (0.64, 0.57224, 0.27608), (0.63247, 0.53208, 0.20078), (0.62745, 0.53208, 0.19827), (0.62996, 0.52957, 0.19827), (0.63498, 0.55467, 0.25098), (0.62996, 0.54212, 0.22086), (0.62996, 0.55467, 0.24847), (0.62745, 0.49443, 0.14808), (0.63247, 0.4869, 0.14557), (0.63749, 0.49694, 0.1531), (0.63749, 0.49694, 0.1531), (0.63498, 0.49443, 0.15059), (0.62745, 0.49443, 0.14808), (0.62996, 0.52957, 0.19827), (0.62996, 0.52957, 0.19827), (0.63247, 0.53208, 0.20078), (0.64, 0.56722, 0.27106), (0.63498, 0.54714, 0.2309), (0.62745, 0.53961, 0.22337), (0.62745, 0.53961, 0.22337), (0.64, 0.56722, 0.27106), (0.64, 0.56722, 0.27106), (0.64, 0.56471, 0.27106), (0.64, 0.56722, 0.27106), (0.64, 0.56471, 0.26353), (0.62494, 0.5371, 0.21082), (0.62243, 0.53961, 0.21584), (0.63247, 0.54965, 0.22588), (0.63247, 0.54965, 0.22588), (0.63247, 0.53961, 0.21333), (0.62494, 0.5371, 0.21082), (0.64, 0.56722, 0.27106), (0.64, 0.55969, 0.26102), (0.64, 0.56722, 0.27106), (0.64, 0.56722, 0.27106), (0.64, 0.56471, 0.27106), (0.64, 0.56722, 0.27106), (0.63749, 0.49443, 0.14557), (0.63498, 0.49443, 0.15059), (0.63498, 0.49443, 0.15059), (0.62996, 0.54212, 0.22086), (0.64, 0.54714, 0.21333), (0.63749, 0.51953, 0.19325), (0.63749, 0.51953, 0.19325), (0.62745, 0.53208, 0.21333), (0.62996, 0.54212, 0.22086), (0.63749, 0.54965, 0.22839), (0.64, 0.55467, 0.23843), (0.64, 0.55467, 0.24345), (0.64, 0.55467, 0.24345), (0.63247, 0.54212, 0.23341), (0.63749, 0.54965, 0.22839), (0.63247, 0.49192, 0.1531), (0.63749, 0.49694, 0.14808), (0.63498, 0.49443, 0.15059), (0.62494, 0.49192, 0.16063), (0.62494, 0.49192, 0.16063), (0.64, 0.55467, 0.23843), (0.64, 0.55467, 0.23843), (0.63749, 0.55718, 0.24847), (0.62494, 0.49192, 0.16063), (0.63247, 0.54714, 0.2309), (0.63498, 0.5622, 0.24094), (0.63498, 0.5622, 0.23592), (0.64, 0.57475, 0.27106), (0.62996, 0.55467, 0.22839), (0.62745, 0.54965, 0.2309), (0.63498, 0.5622, 0.23592), (0.62745, 0.53961, 0.21835), (0.63247, 0.54714, 0.2309), (0.64, 0.55467, 0.24345), (0.62243, 0.53961, 0.21584), (0.62745, 0.54965, 0.2309), (0.62745, 0.54965, 0.2309), (0.64, 0.55718, 0.24094), (0.64, 0.55467, 0.24345), (0.62745, 0.512, 0.16816), (0.63498, 0.52455, 0.18573), (0.63498, 0.52455, 0.19075), (0.63498, 0.52455, 0.19075), (0.62996, 0.51451, 0.17569), (0.62745, 0.512, 0.16816), (0.63749, 0.54212, 0.23341), (0.64, 0.56471, 0.26353), (0.63247, 0.55216, 0.24345), (0.62996, 0.46431, 0.12298), (0.61741, 0.45678, 0.11545), (0.63247, 0.45176, 0.10541), (0.62996, 0.512, 0.18573), (0.62996, 0.512, 0.18071), (0.62494, 0.49192, 0.16063), (0.62494, 0.51451, 0.18071), (0.61992, 0.512, 0.18322), (0.63247, 0.52706, 0.18573), (0.63247, 0.55216, 0.24345), (0.63749, 0.53961, 0.21584), (0.63749, 0.54212, 0.23341), (0.59482, 0.4618, 0.13553), (0.60737, 0.46431, 0.13051), (0.63498, 0.45176, 0.10541), (0.63498, 0.49443, 0.15059), (0.63749, 0.49192, 0.15059), (0.63749, 0.49443, 0.14557), (0.64, 0.56471, 0.25349), (0.64, 0.57475, 0.27608), (0.63749, 0.57976, 0.28863), (0.63749, 0.57976, 0.28863), (0.62996, 0.55718, 0.24094), (0.64, 0.56471, 0.25349), (0.63498, 0.54714, 0.2309), (0.64, 0.56722, 0.27106), (0.63498, 0.5622, 0.26102), (0.63498, 0.5622, 0.26102), (0.62745, 0.53961, 0.22337), (0.63498, 0.54714, 0.2309), (0.61992, 0.54463, 0.23843), (0.64, 0.56973, 0.26855), (0.63498, 0.55969, 0.25349), (0.64, 0.5622, 0.25851), (0.64, 0.57475, 0.27608), (0.64, 0.56722, 0.26102), (0.62745, 0.54714, 0.23843), (0.63247, 0.54714, 0.2309), (0.62745, 0.53961, 0.21835), (0.62745, 0.53961, 0.21835), (0.63749, 0.55216, 0.24345), (0.62745, 0.54714, 0.23843), (0.64, 0.56471, 0.25851), (0.64, 0.55718, 0.24847), (0.64, 0.56722, 0.27357), (0.64, 0.56722, 0.27357), (0.63498, 0.56722, 0.27357), (0.64, 0.56471, 0.25851), (0.62745, 0.52455, 0.21333), (0.63498, 0.53208, 0.21082), (0.63247, 0.52957, 0.20831), (0.63247, 0.52957, 0.20831), (0.63498, 0.53208, 0.22086), (0.62745, 0.52455, 0.21333), (0.62745, 0.52957, 0.20078), (0.62996, 0.53208, 0.20329), (0.62996, 0.52957, 0.19827), (0.63498, 0.54463, 0.24345), (0.62996, 0.52706, 0.21082), (0.62996, 0.54212, 0.22588), (0.62996, 0.54212, 0.22588), (0.63498, 0.53961, 0.22588), (0.63498, 0.54463, 0.24345), (0.63498, 0.50949, 0.17067), (0.62996, 0.51451, 0.17067), (0.63247, 0.512, 0.17067), (0.61992, 0.512, 0.18322), (0.61992, 0.52706, 0.20078), (0.62996, 0.51451, 0.17067), (0.62996, 0.51451, 0.17067), (0.63247, 0.52706, 0.18573), (0.61992, 0.512, 0.18322), (0.63247, 0.5371, 0.21835), (0.63498, 0.54212, 0.21584), (0.63247, 0.54714, 0.23592), (0.63247, 0.54714, 0.23592), (0.62494, 0.53961, 0.2309), (0.63247, 0.5371, 0.21835), (0.62996, 0.52204, 0.19325), (0.64, 0.52455, 0.18573), (0.64, 0.52455, 0.19325), (0.64, 0.52455, 0.19325), (0.63247, 0.53208, 0.20078), (0.62996, 0.52204, 0.19325), (0.63498, 0.55718, 0.24345), (0.64, 0.54965, 0.24094), (0.63749, 0.54714, 0.23843), (0.62996, 0.52957, 0.19827), (0.63247, 0.52455, 0.19576), (0.63498, 0.52455, 0.19576), (0.63749, 0.54463, 0.21835), (0.64, 0.55718, 0.23341), (0.64, 0.55467, 0.23843), (0.62996, 0.51953, 0.19075), (0.63247, 0.52204, 0.19325), (0.63247, 0.51953, 0.19576), (0.63247, 0.51953, 0.19576), (0.63498, 0.52455, 0.19576), (0.62996, 0.51953, 0.19075), (0.64, 0.57224, 0.27608), (0.61741, 0.50949, 0.18071), (0.63247, 0.53459, 0.21082), (0.62996, 0.51953, 0.19075), (0.63247, 0.52204, 0.18824), (0.63247, 0.52204, 0.19325), (0.63247, 0.52204, 0.19325), (0.63247, 0.52204, 0.19325), (0.62996, 0.51953, 0.19075), (0.63247, 0.45176, 0.10541), (0.63247, 0.45176, 0.10541), (0.62996, 0.46431, 0.12298), (0.61992, 0.51953, 0.18824), (0.62996, 0.512, 0.18573), (0.63498, 0.51702, 0.19075), (0.63498, 0.51702, 0.19075), (0.63247, 0.52204, 0.18824), (0.61992, 0.51953, 0.18824), (0.63498, 0.45176, 0.10541), (0.62996, 0.44925, 0.1029), (0.59482, 0.4618, 0.13553), (0.62996, 0.52204, 0.17569), (0.62745, 0.50698, 0.17067), (0.63247, 0.51451, 0.18322), (0.63247, 0.51451, 0.18322), (0.62494, 0.52706, 0.18322), (0.62996, 0.52204, 0.17569), (0.60988, 0.47686, 0.14557), (0.6149, 0.46682, 0.14055), (0.62996, 0.4618, 0.128), (0.62745, 0.54965, 0.2309), (0.63247, 0.56471, 0.24094), (0.64, 0.57475, 0.27106), (0.63247, 0.52204, 0.19325), (0.63498, 0.52455, 0.19576), (0.62745, 0.52455, 0.20831), (0.62996, 0.55467, 0.24847), (0.63749, 0.55969, 0.26604), (0.64, 0.56471, 0.27106), (0.64, 0.56471, 0.27106), (0.64, 0.56471, 0.26353), (0.62996, 0.55467, 0.24847), (0.62996, 0.4618, 0.128), (0.63247, 0.46431, 0.13051), (0.60988, 0.47686, 0.14557), (0.60988, 0.52204, 0.2058), (0.61992, 0.52204, 0.20329), (0.62996, 0.512, 0.18071), (0.62996, 0.512, 0.18071), (0.63247, 0.52455, 0.19827), (0.60988, 0.52204, 0.2058), (0.62745, 0.52455, 0.20831), (0.62996, 0.52706, 0.21082), (0.63247, 0.52204, 0.19325), (0.63498, 0.56973, 0.26102), (0.63749, 0.55216, 0.21835), (0.64, 0.55718, 0.22337), (0.64, 0.56722, 0.27106), (0.62745, 0.53961, 0.22337), (0.63749, 0.54965, 0.23341), (0.63247, 0.55969, 0.24345), (0.63749, 0.56722, 0.25851), (0.64, 0.57475, 0.27106), (0.64, 0.57475, 0.27106), (0.63247, 0.55969, 0.23843), (0.63247, 0.55969, 0.24345), (0.63749, 0.54714, 0.23843), (0.63247, 0.5622, 0.24596), (0.63498, 0.55718, 0.24345), (0.63498, 0.55467, 0.25098), (0.63498, 0.53961, 0.22086), (0.62996, 0.54212, 0.22086), (0.62996, 0.54212, 0.22086), (0.63498, 0.55467, 0.25098), (0.63498, 0.55467, 0.25098), (0.62996, 0.52204, 0.19576), (0.63247, 0.52455, 0.19576), (0.63247, 0.52455, 0.19576), (0.63247, 0.52455, 0.19576), (0.63247, 0.52455, 0.19576), (0.62996, 0.52204, 0.19576), (0.63247, 0.4618, 0.128), (0.62996, 0.44925, 0.1029), (0.62996, 0.44925, 0.10792), (0.62996, 0.44925, 0.10792), (0.63498, 0.46431, 0.13051), (0.63247, 0.4618, 0.128), (0.63247, 0.51702, 0.1782), (0.63498, 0.52455, 0.19576), (0.63749, 0.52706, 0.19827), (0.62745, 0.53459, 0.20831), (0.62745, 0.52455, 0.20329), (0.63498, 0.52204, 0.19827), (0.62996, 0.52957, 0.19827), (0.63247, 0.52455, 0.19576), (0.62745, 0.52957, 0.20078), (0.62745, 0.5622, 0.25851), (0.62996, 0.55969, 0.25098), (0.62745, 0.55216, 0.24596), (0.63498, 0.52455, 0.19576), (0.63247, 0.512, 0.17067), (0.62996, 0.51451, 0.17067), (0.62996, 0.51451, 0.17067), (0.63749, 0.52706, 0.19827), (0.63498, 0.52455, 0.19576), (0.64, 0.57475, 0.26604), (0.63749, 0.57224, 0.26353), (0.63247, 0.56722, 0.26353), (0.63498, 0.55467, 0.24596), (0.62996, 0.55467, 0.24345), (0.63498, 0.55467, 0.24596), (0.63498, 0.55467, 0.24596), (0.63749, 0.55216, 0.24345), (0.63498, 0.55467, 0.24596), (0.62745, 0.55216, 0.24596), (0.63749, 0.5622, 0.256), (0.62745, 0.5622, 0.25851), (0.62996, 0.53459, 0.22086), (0.63247, 0.53208, 0.20078), (0.63749, 0.52706, 0.19827), (0.63749, 0.52706, 0.19827), (0.63749, 0.54212, 0.20831), (0.62996, 0.53459, 0.22086), (0.63247, 0.512, 0.17067), (0.63247, 0.512, 0.17067), (0.63498, 0.50949, 0.17067), (0.64, 0.56471, 0.25349), (0.63498, 0.56471, 0.256), (0.64, 0.56973, 0.25349), (0.64, 0.55467, 0.23843), (0.62996, 0.52204, 0.19325), (0.63247, 0.53208, 0.20078), (0.62996, 0.52204, 0.19325), (0.62996, 0.52957, 0.19827), (0.63247, 0.52957, 0.21333), (0.63247, 0.53208, 0.20078), (0.63247, 0.55467, 0.23592), (0.64, 0.55467, 0.23843), (0.62996, 0.53208, 0.20329), (0.62996, 0.53208, 0.20831), (0.63498, 0.52706, 0.19827), (0.63498, 0.52706, 0.19827), (0.63247, 0.52455, 0.19576), (0.62996, 0.53208, 0.20329), (0.64, 0.56722, 0.27106), (0.64, 0.56722, 0.27106), (0.63749, 0.5622, 0.256), (0.62745, 0.50196, 0.16816), (0.61741, 0.49694, 0.16063), (0.63498, 0.49443, 0.15059), (0.63498, 0.49443, 0.15059), (0.63498, 0.49443, 0.15059), (0.62745, 0.50196, 0.16816), (0.63749, 0.5622, 0.256), (0.64, 0.56471, 0.26353), (0.64, 0.56722, 0.27106), (0.62243, 0.53459, 0.21835), (0.61992, 0.54212, 0.22337), (0.62494, 0.5371, 0.21082), (0.62494, 0.51451, 0.17569), (0.62745, 0.51702, 0.18824), (0.62745, 0.50949, 0.18322), (0.62745, 0.50949, 0.18322), (0.62745, 0.51702, 0.1782), (0.62494, 0.51451, 0.17569), (0.64, 0.55718, 0.22337), (0.64, 0.57475, 0.26604), (0.63498, 0.56973, 0.26102), (0.63498, 0.52455, 0.19576), (0.62996, 0.52957, 0.19827), (0.63247, 0.5371, 0.20329), (0.63247, 0.5371, 0.20329), (0.63749, 0.52706, 0.19827), (0.63498, 0.52455, 0.19576), (0.62996, 0.52204, 0.19325), (0.63247, 0.52204, 0.19325), (0.63247, 0.52204, 0.19325), (0.63247, 0.52204, 0.19325), (0.62745, 0.51953, 0.19075), (0.62996, 0.52204, 0.19325), (0.63247, 0.4869, 0.14557), (0.63247, 0.49192, 0.14808), (0.63498, 0.49443, 0.15059), (0.63498, 0.49443, 0.15059), (0.63749, 0.49694, 0.1531), (0.63247, 0.4869, 0.14557), (0.64, 0.54463, 0.22588), (0.62996, 0.52957, 0.20078), (0.63247, 0.5371, 0.20329), (0.63247, 0.5371, 0.20329), (0.63498, 0.53961, 0.2058), (0.64, 0.54463, 0.22588), (0.63498, 0.53961, 0.2058), (0.63749, 0.52957, 0.20078), (0.63498, 0.52706, 0.19827), (0.63749, 0.55969, 0.24596), (0.63498, 0.5622, 0.24596), (0.63498, 0.5622, 0.24094), (0.62996, 0.46682, 0.14055), (0.62745, 0.46431, 0.13804), (0.62996, 0.46682, 0.14055), (0.62996, 0.46682, 0.14055), (0.63247, 0.46431, 0.13804), (0.62996, 0.46682, 0.14055), (0.63749, 0.52706, 0.19827), (0.63498, 0.51953, 0.17569), (0.63247, 0.51702, 0.1782), (0.63247, 0.56722, 0.26353), (0.63498, 0.56973, 0.26102), (0.64, 0.57475, 0.26604), (0.62494, 0.5371, 0.21082), (0.63498, 0.5371, 0.21333), (0.62243, 0.53459, 0.21835), (0.63749, 0.56722, 0.25851), (0.63749, 0.56471, 0.24847), (0.63498, 0.55718, 0.24345), (0.62745, 0.50698, 0.17067), (0.62996, 0.52204, 0.17569), (0.62745, 0.512, 0.16816), (0.63498, 0.55718, 0.24345), (0.63498, 0.56973, 0.26604), (0.63749, 0.56722, 0.25851), (0.64, 0.57475, 0.27106), (0.64, 0.55718, 0.23341), (0.62996, 0.54212, 0.22086), (0.62996, 0.54212, 0.22086), (0.63247, 0.56722, 0.25851), (0.64, 0.57475, 0.27106), (0.63749, 0.51451, 0.18573), (0.62494, 0.47435, 0.14808), (0.59482, 0.45678, 0.13804), (0.59482, 0.45678, 0.13804), (0.61741, 0.50447, 0.18071), (0.63749, 0.51451, 0.18573), (0.6149, 0.49443, 0.15812), (0.62996, 0.52204, 0.19576), (0.62996, 0.51953, 0.19075), (0.62494, 0.51953, 0.1782), (0.63498, 0.5371, 0.21835), (0.62494, 0.52455, 0.18824), (0.62494, 0.52455, 0.18824), (0.63247, 0.5371, 0.20329), (0.62494, 0.51953, 0.1782), (0.62494, 0.50196, 0.18071), (0.63749, 0.52706, 0.19325), (0.63247, 0.50949, 0.18824), (0.63247, 0.52706, 0.18573), (0.63498, 0.51953, 0.17569), (0.62494, 0.51451, 0.18071), (0.62996, 0.53208, 0.20329), (0.62494, 0.53208, 0.20078), (0.62745, 0.53208, 0.19827), (0.63247, 0.56722, 0.25851), (0.62996, 0.5622, 0.23843), (0.63247, 0.55969, 0.23843), (0.63247, 0.52706, 0.18573), (0.62996, 0.51451, 0.17067), (0.62996, 0.512, 0.16565), (0.63498, 0.5622, 0.24094), (0.63247, 0.54714, 0.2309), (0.63749, 0.55969, 0.24596), (0.63498, 0.52706, 0.19827), (0.63498, 0.52706, 0.20078), (0.63498, 0.52706, 0.19827), (0.63247, 0.55467, 0.23592), (0.63498, 0.5622, 0.23592), (0.63247, 0.56471, 0.24094), (0.62996, 0.46431, 0.12298), (0.62745, 0.47184, 0.128), (0.63749, 0.49443, 0.14557), (0.63498, 0.53961, 0.2058), (0.63498, 0.53961, 0.2058), (0.63247, 0.5371, 0.20329), (0.63498, 0.52706, 0.19827), (0.63247, 0.52455, 0.19576), (0.63498, 0.52706, 0.19827), (0.63247, 0.5371, 0.20329), (0.63498, 0.53961, 0.2058), (0.63498, 0.53961, 0.2058), (0.63749, 0.49443, 0.14557), (0.62996, 0.46431, 0.11796), (0.62996, 0.46431, 0.12298), (0.63749, 0.54463, 0.21333), (0.62494, 0.53208, 0.2058), (0.63498, 0.53961, 0.2058), (0.64, 0.52957, 0.19075), (0.63498, 0.52706, 0.20078), (0.63247, 0.52455, 0.19576), (0.63247, 0.52455, 0.19576), (0.62494, 0.52957, 0.19576), (0.64, 0.52957, 0.19075), (0.62996, 0.54965, 0.24094), (0.63247, 0.5622, 0.25349), (0.63749, 0.5622, 0.256), (0.63749, 0.5622, 0.256), (0.63498, 0.55467, 0.24596), (0.62996, 0.54965, 0.24094), (0.63498, 0.56973, 0.26604), (0.64, 0.57976, 0.27106), (0.64, 0.57475, 0.25851), (0.64, 0.57475, 0.25851), (0.64, 0.56973, 0.26855), (0.63498, 0.56973, 0.26604), (0.64, 0.56973, 0.25349), (0.63749, 0.57725, 0.27106), (0.64, 0.56471, 0.25349), (0.62745, 0.53208, 0.19827), (0.63247, 0.53208, 0.20078), (0.62996, 0.53208, 0.20329), (0.62745, 0.51953, 0.19075), (0.63247, 0.52204, 0.19325), (0.63498, 0.52706, 0.19827), (0.64, 0.56722, 0.27106), (0.64, 0.56722, 0.27106), (0.64, 0.56471, 0.27106), (0.64, 0.55718, 0.23341), (0.64, 0.56722, 0.24847), (0.62996, 0.56722, 0.24345), (0.62996, 0.56722, 0.24345), (0.62996, 0.5622, 0.23843), (0.64, 0.55718, 0.23341), (0.63247, 0.50949, 0.18824), (0.62996, 0.50447, 0.19075), (0.62494, 0.50196, 0.18071), (0.62996, 0.51953, 0.19075), (0.63498, 0.49443, 0.15059), (0.6149, 0.49443, 0.15812), (0.63247, 0.45176, 0.10541), (0.62745, 0.45427, 0.11043), (0.62745, 0.45427, 0.10541), (0.62745, 0.45427, 0.10541), (0.63247, 0.45176, 0.10541), (0.63247, 0.45176, 0.10541), (0.62745, 0.51953, 0.19075), (0.63247, 0.52455, 0.19827), (0.63247, 0.52204, 0.19325), (0.63247, 0.52204, 0.19325), (0.63247, 0.52204, 0.19325), (0.62745, 0.51953, 0.19075), (0.63247, 0.49192, 0.14808), (0.63247, 0.4869, 0.14557), (0.63498, 0.49443, 0.15059), (0.63749, 0.54463, 0.21333), (0.63498, 0.5622, 0.24596), (0.63498, 0.55969, 0.24847), (0.63498, 0.55969, 0.24847), (0.63749, 0.54965, 0.22839), (0.63749, 0.54463, 0.21333), (0.63498, 0.49443, 0.15059), (0.63247, 0.49192, 0.1531), (0.63247, 0.49192, 0.14808), (0.64, 0.55216, 0.23592), (0.63247, 0.54463, 0.22337), (0.63749, 0.54965, 0.22839), (0.63749, 0.54965, 0.22839), (0.63498, 0.55718, 0.24345), (0.64, 0.55216, 0.23592), (0.62996, 0.52204, 0.20078), (0.62243, 0.51451, 0.19325), (0.63247, 0.52204, 0.19325), (0.63247, 0.52204, 0.19325), (0.63247, 0.52204, 0.19325), (0.62996, 0.52204, 0.20078), (0.63749, 0.51451, 0.18573), (0.62243, 0.46431, 0.14055), (0.63498, 0.46682, 0.13804), (0.63498, 0.46682, 0.13804), (0.62996, 0.50447, 0.16565), (0.63749, 0.51451, 0.18573), (0.63498, 0.5371, 0.20831), (0.63498, 0.53961, 0.2058), (0.63498, 0.5371, 0.20831), (0.62996, 0.512, 0.16565), (0.62996, 0.52455, 0.18322), (0.63247, 0.52706, 0.18573), (0.63749, 0.5622, 0.26102), (0.63247, 0.55969, 0.24345), (0.62996, 0.55718, 0.24094), (0.62243, 0.52455, 0.19576), (0.62745, 0.52957, 0.20078), (0.62494, 0.50196, 0.14808), (0.62494, 0.50196, 0.14808), (0.6149, 0.49192, 0.13804), (0.62243, 0.52455, 0.19576), (0.63749, 0.5622, 0.26102), (0.63749, 0.5622, 0.26102), (0.64, 0.55969, 0.26102), (0.64, 0.55969, 0.26102), (0.63247, 0.55969, 0.25851), (0.63749, 0.5622, 0.26102), (0.63498, 0.5371, 0.20831), (0.63749, 0.5371, 0.20831), (0.63498, 0.5371, 0.20831), (0.62745, 0.52957, 0.20078), (0.63749, 0.54714, 0.24094), (0.64, 0.55467, 0.25349), (0.62996, 0.55718, 0.24094), (0.63247, 0.55216, 0.24847), (0.63749, 0.5622, 0.26102), (0.63247, 0.56471, 0.24094), (0.62745, 0.54965, 0.2309), (0.63247, 0.55467, 0.23592), (0.63498, 0.52706, 0.19827), (0.62996, 0.52204, 0.19325), (0.62745, 0.51953, 0.19075), (0.63749, 0.57224, 0.26353), (0.62243, 0.53459, 0.21333), (0.64, 0.55216, 0.22588), (0.64, 0.55467, 0.25349), (0.62494, 0.53459, 0.22588), (0.62745, 0.52957, 0.20078), (0.63247, 0.55969, 0.23843), (0.64, 0.57475, 0.27106), (0.63247, 0.56722, 0.25851), (0.64, 0.56973, 0.26855), (0.63749, 0.54965, 0.23341), (0.63498, 0.54714, 0.2309), (0.63498, 0.54714, 0.2309), (0.63498, 0.55969, 0.25349), (0.64, 0.56973, 0.26855), (0.63498, 0.52706, 0.19827), (0.63247, 0.52455, 0.19827), (0.62745, 0.51953, 0.19075), (0.62996, 0.52957, 0.19827), (0.62996, 0.52957, 0.19827), (0.62996, 0.52957, 0.19827), (0.62996, 0.52957, 0.19827), (0.62494, 0.52957, 0.19576), (0.62996, 0.52957, 0.19827), (0.64, 0.56471, 0.27106), (0.64, 0.5622, 0.26855), (0.64, 0.56722, 0.27106), (0.62745, 0.512, 0.16816), (0.62745, 0.50196, 0.16314), (0.62745, 0.50698, 0.17067), (0.60737, 0.46431, 0.13051), (0.60988, 0.47686, 0.14557), (0.63247, 0.46431, 0.13051), (0.63247, 0.46431, 0.13051), (0.63498, 0.45176, 0.10541), (0.60737, 0.46431, 0.13051), (0.63749, 0.58478, 0.29616), (0.64, 0.56973, 0.26855), (0.64, 0.55969, 0.26102), (0.63247, 0.53961, 0.21333), (0.63247, 0.53961, 0.21333), (0.62745, 0.54212, 0.22588), (0.62745, 0.54212, 0.22588), (0.62494, 0.5371, 0.21584), (0.63247, 0.53961, 0.21333), (0.62745, 0.52455, 0.20329), (0.63749, 0.54965, 0.22839), (0.63247, 0.54212, 0.23341), (0.63247, 0.54212, 0.23341), (0.63247, 0.52455, 0.19827), (0.62745, 0.52455, 0.20329), (0.63247, 0.53961, 0.21333), (0.63247, 0.5371, 0.21835), (0.62494, 0.53961, 0.2309), (0.62494, 0.53961, 0.2309), (0.62494, 0.54714, 0.22839), (0.63247, 0.53961, 0.21333), (0.63749, 0.5371, 0.20831), (0.63498, 0.5371, 0.20831), (0.63498, 0.53961, 0.2058), (0.64, 0.55216, 0.22588), (0.63749, 0.57224, 0.26353), (0.63749, 0.57224, 0.26353), (0.63498, 0.53961, 0.22086), (0.63247, 0.54212, 0.23341), (0.62996, 0.53961, 0.2309), (0.62996, 0.53961, 0.2309), (0.62996, 0.54212, 0.22086), (0.63498, 0.53961, 0.22086), (0.63498, 0.53961, 0.2058), (0.63247, 0.5371, 0.20329), (0.63749, 0.5371, 0.20831), (0.62494, 0.49192, 0.14557), (0.62745, 0.51953, 0.19075), (0.63247, 0.52455, 0.19576), (0.62745, 0.51953, 0.19075), (0.63247, 0.52455, 0.19576), (0.63498, 0.52706, 0.19827), (0.63749, 0.55718, 0.24847), (0.63749, 0.5622, 0.26102), (0.63247, 0.55969, 0.25851), (0.63247, 0.55969, 0.25851), (0.63498, 0.55969, 0.25349), (0.63749, 0.55718, 0.24847), (0.62745, 0.55969, 0.2309), (0.63247, 0.55969, 0.24345), (0.63247, 0.55969, 0.23843), (0.63247, 0.55969, 0.23843), (0.62745, 0.56471, 0.24094), (0.62745, 0.55969, 0.2309), (0.63247, 0.49694, 0.15812), (0.62996, 0.49443, 0.15561), (0.63749, 0.49694, 0.14808), (0.63749, 0.49694, 0.14808), (0.63247, 0.49192, 0.1531), (0.63247, 0.49694, 0.15812), (0.61992, 0.53208, 0.21584), (0.60988, 0.52204, 0.2058), (0.63247, 0.52455, 0.19827), (0.63247, 0.52455, 0.19827), (0.62745, 0.52455, 0.20329), (0.61992, 0.53208, 0.21584), (0.64, 0.55467, 0.22086), (0.63247, 0.56722, 0.26353), (0.63749, 0.57224, 0.26353), (0.63749, 0.57224, 0.26353), (0.64, 0.55216, 0.22588), (0.64, 0.55467, 0.22086), (0.63749, 0.55718, 0.24847), (0.64, 0.56973, 0.26102), (0.63749, 0.56722, 0.25851), (0.63749, 0.54212, 0.20831), (0.63247, 0.54463, 0.21835), (0.62243, 0.54714, 0.22086), (0.62243, 0.54714, 0.22086), (0.62996, 0.5371, 0.2058), (0.63749, 0.54212, 0.20831), (0.63498, 0.52455, 0.19576), (0.63247, 0.52204, 0.19325), (0.63247, 0.52204, 0.19325), (0.62494, 0.51702, 0.19075), (0.63498, 0.52455, 0.19576), (0.63247, 0.50196, 0.16314), (0.63247, 0.50196, 0.16314), (0.62745, 0.50698, 0.17067), (0.62494, 0.51702, 0.19075), (0.63749, 0.54965, 0.23341), (0.63749, 0.5622, 0.256), (0.63749, 0.5622, 0.26102), (0.63749, 0.5622, 0.26102), (0.63749, 0.54965, 0.23341), (0.63749, 0.54965, 0.23341), (0.63247, 0.52204, 0.19325), (0.62996, 0.51953, 0.19075), (0.63498, 0.52455, 0.19576), (0.6149, 0.48188, 0.16063), (0.61741, 0.48188, 0.16565), (0.62996, 0.46682, 0.14055), (0.62996, 0.46682, 0.14055), (0.62996, 0.46682, 0.14055), (0.6149, 0.48188, 0.16063), (0.62745, 0.47184, 0.13804), (0.62243, 0.46431, 0.14055), (0.58227, 0.44925, 0.128), (0.58227, 0.44925, 0.128), (0.58729, 0.44925, 0.12549), (0.62745, 0.47184, 0.13804), (0.62745, 0.53961, 0.21835), (0.63498, 0.5622, 0.23592), (0.62745, 0.55969, 0.2309), (0.62745, 0.55969, 0.2309), (0.63247, 0.54463, 0.22337), (0.62745, 0.53961, 0.21835), (0.64, 0.55718, 0.22337), (0.63749, 0.55216, 0.21835), (0.64, 0.55718, 0.24094), (0.64, 0.55718, 0.24094), (0.63247, 0.55467, 0.23592), (0.64, 0.55718, 0.22337), (0.62745, 0.50698, 0.17067), (0.63498, 0.52455, 0.19576), (0.62243, 0.52455, 0.20078), (0.62243, 0.52455, 0.20078), (0.63247, 0.51451, 0.18322), (0.62745, 0.50698, 0.17067), (0.62996, 0.54463, 0.21082), (0.62996, 0.54463, 0.21082), (0.62243, 0.54714, 0.22086), (0.63247, 0.52455, 0.19576), (0.62745, 0.49694, 0.15561), (0.62494, 0.49192, 0.14557), (0.62996, 0.55467, 0.22839), (0.64, 0.56722, 0.25098), (0.64, 0.56973, 0.26102), (0.62996, 0.52706, 0.2058), (0.63247, 0.52455, 0.20329), (0.62745, 0.52455, 0.20329), (0.62745, 0.52455, 0.20329), (0.63247, 0.52455, 0.19827), (0.62996, 0.52706, 0.2058), (0.63498, 0.52706, 0.19827), (0.63498, 0.53961, 0.2058), (0.63498, 0.53961, 0.2058), (0.63498, 0.5371, 0.20831), (0.63498, 0.53961, 0.2058), (0.63498, 0.53961, 0.2058), (0.64, 0.55969, 0.256), (0.63498, 0.54463, 0.23592), (0.62745, 0.54212, 0.23341), (0.64, 0.55467, 0.24596), (0.63247, 0.55718, 0.24596), (0.63749, 0.56471, 0.26353), (0.63749, 0.56471, 0.26353), (0.63749, 0.55216, 0.24094), (0.64, 0.55467, 0.24596), (0.62494, 0.49945, 0.16063), (0.62996, 0.46933, 0.13804), (0.62996, 0.46933, 0.13804), (0.62996, 0.46933, 0.13804), (0.62243, 0.4869, 0.15059), (0.62494, 0.49945, 0.16063), (0.62745, 0.54212, 0.23341), (0.63498, 0.55969, 0.24847), (0.64, 0.55969, 0.256), (0.63498, 0.56471, 0.256), (0.63498, 0.55467, 0.24596), (0.63749, 0.5622, 0.256), (0.63749, 0.5622, 0.256), (0.64, 0.56973, 0.25349), (0.63498, 0.56471, 0.256), (0.63498, 0.53961, 0.2058), (0.63749, 0.54212, 0.20831), (0.63749, 0.54463, 0.21333), (0.62745, 0.45427, 0.11043), (0.63247, 0.45176, 0.10541), (0.61741, 0.45678, 0.11545), (0.62996, 0.52204, 0.19576), (0.63247, 0.52204, 0.18824), (0.64, 0.52455, 0.18573), (0.64, 0.52455, 0.18573), (0.62996, 0.52204, 0.19325), (0.62996, 0.52204, 0.19576), (0.61741, 0.45678, 0.11545), (0.62745, 0.45929, 0.13051), (0.62745, 0.45427, 0.11043), (0.63749, 0.5622, 0.26102), (0.63749, 0.55718, 0.24847), (0.64, 0.55969, 0.26102), (0.64, 0.55969, 0.26102), (0.64, 0.56722, 0.27106), (0.63749, 0.5622, 0.26102), (0.64, 0.54212, 0.23843), (0.62996, 0.51451, 0.17569), (0.62243, 0.52455, 0.20078), (0.63247, 0.5371, 0.22337), (0.61992, 0.53208, 0.21584), (0.63247, 0.53208, 0.20078), (0.63247, 0.53208, 0.20078), (0.63247, 0.52455, 0.19576), (0.63247, 0.5371, 0.22337), (0.62243, 0.52455, 0.20078), (0.63749, 0.54965, 0.24847), (0.64, 0.54212, 0.23843), (0.62996, 0.52957, 0.19827), (0.63247, 0.53208, 0.20078), (0.62996, 0.52957, 0.19827), (0.62996, 0.52957, 0.19827), (0.62996, 0.52957, 0.19827), (0.62996, 0.52957, 0.19827), (0.63498, 0.52706, 0.19827), (0.63749, 0.52455, 0.20078), (0.63498, 0.52706, 0.19827), (0.62494, 0.51451, 0.18573), (0.64, 0.57224, 0.27859), (0.64, 0.56471, 0.27357), (0.64, 0.56471, 0.27357), (0.63749, 0.51702, 0.19576), (0.62494, 0.51451, 0.18573), (0.64, 0.55718, 0.24094), (0.62745, 0.54714, 0.23843), (0.62996, 0.54965, 0.24094), (0.62996, 0.54965, 0.24094), (0.64, 0.55718, 0.24094), (0.64, 0.55718, 0.24094), (0.64, 0.56973, 0.26102), (0.62745, 0.54965, 0.2309), (0.62996, 0.55467, 0.22839), (0.63749, 0.5622, 0.25098), (0.64, 0.57475, 0.27106), (0.64, 0.56973, 0.26102), (0.64, 0.56973, 0.26102), (0.62996, 0.55467, 0.24345), (0.63749, 0.5622, 0.25098), (0.64, 0.55969, 0.256), (0.64, 0.55969, 0.256), (0.63749, 0.56471, 0.27106), (0.63749, 0.56471, 0.27106), (0.63498, 0.56722, 0.27357), (0.64, 0.55969, 0.256), (0.63498, 0.52455, 0.19576), (0.63247, 0.51953, 0.19576), (0.63247, 0.52204, 0.19325), (0.62996, 0.512, 0.18071), (0.61992, 0.52204, 0.20329), (0.62494, 0.49192, 0.16063), (0.62494, 0.49192, 0.16063), (0.62494, 0.49192, 0.16063), (0.62996, 0.512, 0.18071), (0.63498, 0.53961, 0.22588), (0.62996, 0.54212, 0.22588), (0.63749, 0.5622, 0.256), (0.63749, 0.5622, 0.256), (0.63498, 0.5622, 0.26102), (0.63498, 0.53961, 0.22588), (0.63247, 0.52204, 0.19325), (0.63247, 0.52204, 0.19325), (0.63749, 0.51953, 0.19325), (0.63749, 0.51953, 0.19325), (0.63247, 0.52204, 0.19325), (0.63247, 0.52204, 0.19325), (0.62243, 0.52706, 0.20831), (0.63498, 0.53208, 0.21082), (0.62996, 0.52957, 0.20078), (0.62243, 0.54714, 0.22086), (0.62494, 0.54714, 0.22839), (0.62996, 0.54463, 0.21082), (0.62996, 0.52957, 0.20078), (0.62745, 0.51953, 0.19827), (0.62243, 0.52706, 0.20831), (0.63247, 0.45176, 0.10541), (0.63247, 0.45176, 0.10541), (0.63247, 0.45176, 0.10541), (0.63247, 0.45176, 0.10541), (0.62996, 0.44925, 0.1029), (0.63247, 0.45176, 0.10541), (0.62996, 0.55969, 0.24596), (0.63749, 0.5622, 0.25098), (0.62996, 0.55467, 0.24345), (0.63749, 0.56722, 0.25851), (0.63247, 0.55718, 0.24596), (0.63749, 0.55718, 0.24847), (0.62494, 0.54714, 0.22839), (0.63247, 0.54714, 0.23592), (0.63498, 0.54212, 0.21584), (0.62243, 0.4869, 0.15059), (0.62996, 0.46933, 0.13804), (0.63498, 0.46682, 0.13804), (0.63498, 0.46682, 0.13804), (0.61741, 0.47435, 0.14055), (0.62243, 0.4869, 0.15059), (0.64, 0.55969, 0.26102), (0.63749, 0.58227, 0.30118), (0.63749, 0.58478, 0.29616), (0.63247, 0.51953, 0.19576), (0.63247, 0.52204, 0.19325), (0.63247, 0.52204, 0.19325), (0.64, 0.53961, 0.21082), (0.63749, 0.5371, 0.20831), (0.63498, 0.5371, 0.20831), (0.63247, 0.52204, 0.19325), (0.63498, 0.52455, 0.19576), (0.63498, 0.52455, 0.19576), (0.63498, 0.53961, 0.2058), (0.63498, 0.5371, 0.20831), (0.63498, 0.5371, 0.20831), (0.62745, 0.45427, 0.11043), (0.62996, 0.44925, 0.1029), (0.63247, 0.44675, 0.10792), (0.63247, 0.44675, 0.10792), (0.62494, 0.45176, 0.1029), (0.62745, 0.45427, 0.11043), (0.63749, 0.5371, 0.2058), (0.62996, 0.52957, 0.19827), (0.62996, 0.52957, 0.19827), (0.63749, 0.57475, 0.28361), (0.63498, 0.56722, 0.27357), (0.63498, 0.56722, 0.27357), (0.63498, 0.56722, 0.27357), (0.63749, 0.56973, 0.27608), (0.63749, 0.57475, 0.28361), (0.63247, 0.56722, 0.26353), (0.63247, 0.55216, 0.24345), (0.63247, 0.55718, 0.25098), (0.63247, 0.55718, 0.25098), (0.63749, 0.57224, 0.26855), (0.63247, 0.56722, 0.26353), (0.63498, 0.52706, 0.20078), (0.62996, 0.512, 0.18071), (0.62494, 0.51451, 0.17569), (0.62494, 0.51451, 0.17569), (0.63247, 0.52455, 0.19827), (0.63498, 0.52706, 0.20078), (0.62996, 0.52957, 0.19827), (0.63749, 0.52957, 0.20078), (0.63749, 0.5371, 0.2058), (0.63498, 0.50196, 0.17067), (0.62745, 0.51702, 0.18322), (0.62494, 0.50698, 0.17569), (0.62494, 0.50698, 0.17569), (0.62996, 0.50447, 0.17067), (0.63498, 0.50196, 0.17067), (0.63498, 0.52706, 0.19827), (0.63498, 0.52706, 0.19827), (0.63498, 0.52706, 0.19827), (0.63498, 0.5371, 0.20831), (0.63498, 0.5371, 0.20831), (0.64, 0.53961, 0.21082), (0.62494, 0.48941, 0.15059), (0.64, 0.52455, 0.19325), (0.62745, 0.52706, 0.19827), (0.62745, 0.52706, 0.19827), (0.62494, 0.50698, 0.17569), (0.62494, 0.48941, 0.15059), (0.64, 0.55718, 0.24847), (0.64, 0.56471, 0.25851), (0.63498, 0.56722, 0.27357), (0.63498, 0.56722, 0.27357), (0.64, 0.56722, 0.27106), (0.64, 0.55718, 0.24847), (0.62996, 0.51953, 0.19075), (0.63247, 0.52204, 0.19325), (0.62996, 0.52204, 0.19576), (0.63247, 0.51702, 0.1782), (0.62996, 0.50949, 0.17318), (0.62745, 0.512, 0.16816), (0.63749, 0.52706, 0.19325), (0.62494, 0.50196, 0.18071), (0.62494, 0.51702, 0.19075), (0.63498, 0.51702, 0.19075), (0.63247, 0.52706, 0.19075), (0.63247, 0.52455, 0.19576), (0.63247, 0.52455, 0.19576), (0.63749, 0.52455, 0.2058), (0.63498, 0.51702, 0.19075), (0.63498, 0.5371, 0.20831), (0.63749, 0.5371, 0.20831), (0.63498, 0.53961, 0.2058), (0.62996, 0.52204, 0.19576), (0.63247, 0.52455, 0.19827), (0.62996, 0.51953, 0.19075), (0.64, 0.55467, 0.22086), (0.63749, 0.57224, 0.26855), (0.64, 0.56471, 0.25851), (0.64, 0.56471, 0.25851), (0.64, 0.56471, 0.23843), (0.64, 0.55467, 0.22086), (0.63247, 0.53459, 0.19075), (0.64, 0.53208, 0.19325), (0.62243, 0.51451, 0.16816), (0.62243, 0.51451, 0.16816), (0.62745, 0.52455, 0.17318), (0.63247, 0.53459, 0.19075), (0.63247, 0.51953, 0.19576), (0.63498, 0.52455, 0.19576), (0.63498, 0.52455, 0.19576), (0.63247, 0.55216, 0.24847), (0.63247, 0.53459, 0.2058), (0.63498, 0.53459, 0.2058), (0.64, 0.54965, 0.24094), (0.63498, 0.55718, 0.24345), (0.63247, 0.55216, 0.24345), (0.63247, 0.55216, 0.24345), (0.63247, 0.54212, 0.23341), (0.64, 0.54965, 0.24094), (0.62996, 0.512, 0.18071), (0.62745, 0.52455, 0.17318), (0.62243, 0.51451, 0.16565), (0.62243, 0.51451, 0.16565), (0.62494, 0.51451, 0.17569), (0.62996, 0.512, 0.18071), (0.64, 0.56722, 0.27357), (0.64, 0.56722, 0.27357), (0.64, 0.56722, 0.27357), (0.64, 0.56722, 0.27357), (0.64, 0.56722, 0.27106), (0.64, 0.56722, 0.27357), (0.62996, 0.52204, 0.19576), (0.63498, 0.52204, 0.19827), (0.62745, 0.52455, 0.20329), (0.62745, 0.52455, 0.20329), (0.62494, 0.52706, 0.20329), (0.62996, 0.52204, 0.19576), (0.64, 0.5622, 0.24847), (0.62996, 0.55718, 0.24094), (0.63498, 0.55969, 0.24847), (0.63498, 0.55969, 0.24847), (0.63749, 0.56471, 0.24847), (0.64, 0.5622, 0.24847), (0.62996, 0.46431, 0.11796), (0.62996, 0.46682, 0.14055), (0.63247, 0.46431, 0.13804), (0.63247, 0.46431, 0.13804), (0.62996, 0.46431, 0.11796), (0.62996, 0.46431, 0.11796), (0.63247, 0.52204, 0.19325), (0.63247, 0.52204, 0.19325), (0.63247, 0.51953, 0.19576), (0.62745, 0.54212, 0.2309), (0.63749, 0.56471, 0.26353), (0.63498, 0.56973, 0.26604), (0.63247, 0.55216, 0.24345), (0.64, 0.55969, 0.25098), (0.63498, 0.56973, 0.27106), (0.63498, 0.56973, 0.27106), (0.63749, 0.55216, 0.23592), (0.63247, 0.55216, 0.24345), (0.63498, 0.56973, 0.26604), (0.62745, 0.54965, 0.23592), (0.62745, 0.54212, 0.2309), (0.63247, 0.56471, 0.24094), (0.64, 0.55718, 0.23341), (0.64, 0.56973, 0.25349), (0.63498, 0.54212, 0.21584), (0.62996, 0.54463, 0.21082), (0.62494, 0.54714, 0.22839), (0.64, 0.54714, 0.22086), (0.63749, 0.5622, 0.23592), (0.63749, 0.5622, 0.23592), (0.63749, 0.5622, 0.23592), (0.64, 0.55467, 0.22839), (0.64, 0.54714, 0.22086), (0.62996, 0.55467, 0.24345), (0.62996, 0.55969, 0.25098), (0.62996, 0.55969, 0.24596), (0.63498, 0.53961, 0.2058), (0.63498, 0.53961, 0.2058), (0.63498, 0.5371, 0.20831), (0.62494, 0.51702, 0.19075), (0.63247, 0.52455, 0.19576), (0.63749, 0.52706, 0.19325), (0.6149, 0.50447, 0.17569), (0.60737, 0.49694, 0.16314), (0.62494, 0.49443, 0.1531), (0.63749, 0.54463, 0.21835), (0.64, 0.53208, 0.19325), (0.62494, 0.52455, 0.18824), (0.62494, 0.50196, 0.17318), (0.62745, 0.50196, 0.16314), (0.63247, 0.4869, 0.14557), (0.63247, 0.4869, 0.14557), (0.63247, 0.49192, 0.14808), (0.62494, 0.50196, 0.17318), (0.63247, 0.52455, 0.20329), (0.63247, 0.5371, 0.22337), (0.63247, 0.52455, 0.19576), (0.63247, 0.52455, 0.19576), (0.62745, 0.51953, 0.19075), (0.63247, 0.52455, 0.20329), (0.63498, 0.52706, 0.19827), (0.63247, 0.55216, 0.24847), (0.63247, 0.55216, 0.24847), (0.64, 0.56471, 0.26353), (0.63749, 0.54212, 0.23341), (0.64, 0.54212, 0.23843), (0.64, 0.53208, 0.19325), (0.63749, 0.54463, 0.21835), (0.62494, 0.51953, 0.18322), (0.64, 0.56722, 0.27106), (0.63749, 0.5622, 0.256), (0.64, 0.56722, 0.27106), (0.64, 0.56722, 0.27106), (0.64, 0.56722, 0.27106), (0.64, 0.56722, 0.27106), (0.63247, 0.54714, 0.23592), (0.63498, 0.55467, 0.25098), (0.64, 0.55718, 0.24847), (0.64, 0.55718, 0.24847), (0.64, 0.54965, 0.23592), (0.63247, 0.54714, 0.23592), (0.63498, 0.53459, 0.2058), (0.63749, 0.55718, 0.25349), (0.63247, 0.55216, 0.24847), (0.63498, 0.52455, 0.19576), (0.63247, 0.52204, 0.19325), (0.63247, 0.51953, 0.19576), (0.64, 0.57725, 0.29867), (0.62494, 0.55969, 0.26102), (0.63498, 0.56722, 0.27357), (0.63498, 0.51953, 0.18071), (0.62996, 0.51953, 0.18071), (0.62996, 0.52957, 0.19325), (0.62996, 0.52957, 0.19325), (0.62996, 0.51451, 0.17569), (0.63498, 0.51953, 0.18071), (0.62494, 0.52455, 0.18824), (0.63498, 0.55216, 0.22839), (0.63749, 0.54463, 0.21835), (0.62745, 0.512, 0.16816), (0.63247, 0.51702, 0.1782), (0.63247, 0.51702, 0.1782), (0.63498, 0.52706, 0.19827), (0.62996, 0.52957, 0.19827), (0.62996, 0.53208, 0.20329), (0.63498, 0.53208, 0.21584), (0.62494, 0.54212, 0.21835), (0.62996, 0.54212, 0.22086), (0.62996, 0.54212, 0.22086), (0.64, 0.54714, 0.22839), (0.63498, 0.53208, 0.21584), (0.62494, 0.49443, 0.1531), (0.63247, 0.50196, 0.16063), (0.6149, 0.50447, 0.17569), (0.63498, 0.56722, 0.27357), (0.63749, 0.57475, 0.28361), (0.64, 0.57725, 0.29867), (0.62996, 0.55718, 0.24094), (0.63749, 0.57976, 0.28863), (0.64, 0.57725, 0.2811), (0.64, 0.57725, 0.2811), (0.63498, 0.55969, 0.24847), (0.62996, 0.55718, 0.24094), (0.64, 0.57725, 0.2811), (0.63247, 0.55216, 0.24345), (0.63749, 0.55216, 0.23592), (0.64, 0.56722, 0.27106), (0.64, 0.56722, 0.27106), (0.64, 0.56722, 0.27357), (0.64, 0.56722, 0.27357), (0.63498, 0.56722, 0.27357), (0.64, 0.56722, 0.27106), (0.64, 0.56973, 0.25349), (0.64, 0.57475, 0.27106), (0.63247, 0.56471, 0.24094), (0.62745, 0.53961, 0.23843), (0.62996, 0.53459, 0.22086), (0.62243, 0.53208, 0.22337), (0.63749, 0.55216, 0.23592), (0.63749, 0.56973, 0.27608), (0.64, 0.57725, 0.2811), (0.64, 0.57224, 0.27859), (0.64, 0.57725, 0.2811), (0.63749, 0.56973, 0.27608), (0.63749, 0.56973, 0.27608), (0.63498, 0.5622, 0.26102), (0.64, 0.57224, 0.27859), (0.62243, 0.53208, 0.22337), (0.63498, 0.54463, 0.24345), (0.62745, 0.53961, 0.23843), (0.64, 0.56722, 0.27106), (0.63749, 0.55718, 0.25349), (0.64, 0.56471, 0.26102), (0.64, 0.54212, 0.23843), (0.64, 0.56722, 0.27106), (0.64, 0.56471, 0.26353), (0.63247, 0.51702, 0.1782), (0.63247, 0.53208, 0.20329), (0.62745, 0.51702, 0.18824), (0.63247, 0.55216, 0.24847), (0.63247, 0.52455, 0.19576), (0.63498, 0.52706, 0.19827), (0.63749, 0.57475, 0.25851), (0.63749, 0.55467, 0.22086), (0.62996, 0.54714, 0.21835), (0.62996, 0.54714, 0.21835), (0.64, 0.56722, 0.24596), (0.63749, 0.57475, 0.25851), (0.63247, 0.4618, 0.12298), (0.62996, 0.46682, 0.14055), (0.61741, 0.48188, 0.16565), (0.63247, 0.5622, 0.25349), (0.62996, 0.54965, 0.24094), (0.63749, 0.5622, 0.25098), (0.63749, 0.5622, 0.25098), (0.62996, 0.55969, 0.24596), (0.63247, 0.5622, 0.25349), (0.63498, 0.52706, 0.19827), (0.63498, 0.52706, 0.20078), (0.63498, 0.52706, 0.20078), (0.63498, 0.52706, 0.20078), (0.63498, 0.52706, 0.20078), (0.63498, 0.52706, 0.19827), (0.63247, 0.52204, 0.19325), (0.63247, 0.52204, 0.19325), (0.63247, 0.52204, 0.19325), (0.63247, 0.52204, 0.19325), (0.63247, 0.52204, 0.19325), (0.63247, 0.52204, 0.19325), (0.63498, 0.53961, 0.2058), (0.63498, 0.53459, 0.2058), (0.63498, 0.53961, 0.22588), (0.63498, 0.53961, 0.22588), (0.62996, 0.53961, 0.2309), (0.63498, 0.53961, 0.2058), (0.63498, 0.5371, 0.20831), (0.63498, 0.53961, 0.2058), (0.63749, 0.54212, 0.20831), (0.63749, 0.54212, 0.20831), (0.63498, 0.53961, 0.2058), (0.63498, 0.5371, 0.20831), (0.63498, 0.53459, 0.2058), (0.63247, 0.5371, 0.20329), (0.62745, 0.5371, 0.22839), (0.63749, 0.55216, 0.24094), (0.64, 0.56722, 0.27357), (0.64, 0.56722, 0.27106), (0.63247, 0.52204, 0.19325), (0.63247, 0.52204, 0.19325), (0.63247, 0.51953, 0.19576), (0.63247, 0.52455, 0.19576), (0.63498, 0.55718, 0.24345), (0.63498, 0.55969, 0.24847), (0.63498, 0.55969, 0.24847), (0.62996, 0.52204, 0.19325), (0.63247, 0.52455, 0.19576), (0.62745, 0.52957, 0.2058), (0.63498, 0.54212, 0.21584), (0.63749, 0.5622, 0.23592), (0.63749, 0.5622, 0.23592), (0.64, 0.54714, 0.22086), (0.62745, 0.52957, 0.2058), (0.63247, 0.52204, 0.19325), (0.63749, 0.51953, 0.19325), (0.63247, 0.52204, 0.19325), (0.63247, 0.52204, 0.19325), (0.63247, 0.52204, 0.19325), (0.63247, 0.52204, 0.19325), (0.63247, 0.5371, 0.20329), (0.64, 0.54714, 0.21333), (0.64, 0.55216, 0.22588), (0.63498, 0.54212, 0.21082), (0.64, 0.55216, 0.22588), (0.62996, 0.54463, 0.21082), (0.62996, 0.54463, 0.21082), (0.63247, 0.53961, 0.20831), (0.63498, 0.54212, 0.21082), (0.63247, 0.53961, 0.21333), (0.63247, 0.53961, 0.21333), (0.63749, 0.5371, 0.2058), (0.63749, 0.5371, 0.2058), (0.63498, 0.53961, 0.2058), (0.63247, 0.53961, 0.21333), (0.64, 0.55216, 0.22588), (0.62494, 0.51953, 0.1782), (0.63247, 0.5371, 0.20329), (0.62996, 0.46682, 0.14055), (0.61741, 0.47435, 0.14055), (0.6149, 0.48188, 0.16063), (0.64, 0.56722, 0.25349), (0.64, 0.56722, 0.26604), (0.64, 0.56973, 0.26855), (0.64, 0.56973, 0.26855), (0.63749, 0.56471, 0.24847), (0.64, 0.56722, 0.25349), (0.63247, 0.52957, 0.20831), (0.62996, 0.52706, 0.2058), (0.62494, 0.5371, 0.21584), (0.62494, 0.5371, 0.21584), (0.62745, 0.53208, 0.21835), (0.63247, 0.52957, 0.20831), (0.62494, 0.53208, 0.2058), (0.62494, 0.53208, 0.20078), (0.62243, 0.53961, 0.21584), (0.61992, 0.50949, 0.17569), (0.63247, 0.52957, 0.20831), (0.62996, 0.52204, 0.19576), (0.62996, 0.52204, 0.19576), (0.62996, 0.50949, 0.17318), (0.61992, 0.50949, 0.17569), (0.62745, 0.5371, 0.22839), (0.62745, 0.53208, 0.21835), (0.63498, 0.53459, 0.2058), (0.61741, 0.48188, 0.16565), (0.59231, 0.46682, 0.13302), (0.63247, 0.4618, 0.12298), (0.61741, 0.45929, 0.13051), (0.62996, 0.46431, 0.12298), (0.63247, 0.45176, 0.10541), (0.63247, 0.45176, 0.10541), (0.63247, 0.46431, 0.13051), (0.61741, 0.45929, 0.13051), (0.62996, 0.54965, 0.24094), (0.64, 0.56722, 0.27106), (0.64, 0.56471, 0.25349), (0.64, 0.56722, 0.27106), (0.64, 0.56722, 0.27106), (0.63498, 0.56722, 0.27357), (0.63498, 0.56722, 0.27357), (0.63749, 0.56471, 0.27106), (0.64, 0.56722, 0.27106), (0.62745, 0.53961, 0.21835), (0.63749, 0.54714, 0.23843), (0.64, 0.54965, 0.24094), (0.64, 0.54965, 0.24094), (0.62996, 0.54212, 0.21584), (0.62745, 0.53961, 0.21835), (0.62745, 0.51702, 0.18824), (0.62494, 0.51451, 0.17569), (0.63247, 0.51702, 0.1782), (0.62494, 0.51953, 0.18322), (0.62243, 0.51451, 0.16816), (0.64, 0.53208, 0.19325), (0.63247, 0.52957, 0.20831), (0.61992, 0.50949, 0.17569), (0.62745, 0.52204, 0.18573), (0.62745, 0.52204, 0.18573), (0.62996, 0.53208, 0.20831), (0.63247, 0.52957, 0.20831), (0.63749, 0.55467, 0.22086), (0.63498, 0.54965, 0.23341), (0.62996, 0.55216, 0.23843), (0.62996, 0.55216, 0.23843), (0.62996, 0.54714, 0.21835), (0.63749, 0.55467, 0.22086), (0.63749, 0.57224, 0.26353), (0.63498, 0.57475, 0.26353), (0.64, 0.57976, 0.27357), (0.64, 0.57976, 0.27357), (0.64, 0.57725, 0.26855), (0.63749, 0.57224, 0.26353), (0.63498, 0.55467, 0.25098), (0.63247, 0.54714, 0.23592), (0.63247, 0.55216, 0.24847), (0.63247, 0.55216, 0.24847), (0.64, 0.57224, 0.27608), (0.63498, 0.55467, 0.25098), (0.62243, 0.53961, 0.21584), (0.62243, 0.5371, 0.22086), (0.62494, 0.53208, 0.2058), (0.62996, 0.53208, 0.20329), (0.63247, 0.52455, 0.19827), (0.63498, 0.52706, 0.19827), (0.64, 0.52957, 0.20078), (0.62745, 0.50698, 0.17067), (0.62745, 0.51953, 0.19827), (0.64, 0.56471, 0.26102), (0.64, 0.5622, 0.26353), (0.64, 0.56722, 0.27106), (0.63749, 0.55216, 0.21835), (0.63498, 0.56973, 0.26102), (0.64, 0.56973, 0.26102), (0.64, 0.56973, 0.26102), (0.64, 0.55718, 0.24094), (0.63749, 0.55216, 0.21835), (0.63498, 0.52706, 0.19827), (0.62745, 0.52706, 0.19576), (0.62996, 0.52957, 0.19827), (0.62996, 0.52957, 0.19827), (0.63749, 0.52957, 0.20078), (0.63498, 0.52706, 0.19827), (0.62745, 0.54714, 0.23843), (0.64, 0.56471, 0.26353), (0.64, 0.56722, 0.27106), (0.64, 0.56722, 0.27106), (0.62996, 0.54965, 0.24094), (0.62745, 0.54714, 0.23843), (0.64, 0.56973, 0.27608), (0.63749, 0.56471, 0.26855), (0.64, 0.5622, 0.26855), (0.64, 0.5622, 0.26855), (0.64, 0.57224, 0.27608), (0.64, 0.56973, 0.27608), (0.64, 0.56471, 0.25349), (0.63247, 0.55467, 0.23592), (0.62996, 0.54965, 0.24094), (0.63749, 0.51451, 0.18573), (0.63247, 0.52706, 0.19075), (0.62494, 0.52455, 0.19325), (0.62494, 0.52455, 0.19325), (0.62996, 0.51953, 0.18573), (0.63749, 0.51451, 0.18573), (0.62996, 0.52204, 0.19576), (0.62745, 0.52706, 0.19576), (0.63247, 0.52455, 0.19576), (0.63247, 0.52455, 0.19576), (0.62996, 0.52204, 0.19576), (0.62996, 0.52204, 0.19576), (0.63247, 0.53459, 0.2058), (0.63498, 0.53459, 0.20329), (0.63247, 0.5371, 0.20329), (0.64, 0.55467, 0.24345), (0.62745, 0.51953, 0.19827), (0.62745, 0.50698, 0.17067), (0.62745, 0.50698, 0.17067), (0.63749, 0.55718, 0.24847), (0.64, 0.55467, 0.24345), (0.62494, 0.53459, 0.22588), (0.64, 0.54463, 0.22588), (0.63498, 0.5371, 0.21333), (0.63498, 0.5371, 0.21333), (0.62745, 0.52957, 0.20078), (0.62494, 0.53459, 0.22588), (0.62745, 0.51953, 0.19827), (0.62996, 0.52957, 0.20078), (0.64, 0.52957, 0.20078), (0.62745, 0.54714, 0.23843), (0.63498, 0.55467, 0.25098), (0.63498, 0.55467, 0.25098), (0.6149, 0.48188, 0.16063), (0.6149, 0.48188, 0.16063), (0.62996, 0.46682, 0.14055), (0.63498, 0.55467, 0.25098), (0.63498, 0.55969, 0.25349), (0.62745, 0.54714, 0.23843), (0.63498, 0.49443, 0.15059), (0.63749, 0.49443, 0.14557), (0.62745, 0.47184, 0.128), (0.62745, 0.47184, 0.128), (0.63498, 0.49443, 0.15059), (0.63498, 0.49443, 0.15059), (0.63498, 0.46682, 0.13804), (0.62996, 0.4618, 0.128), (0.6149, 0.46682, 0.14055), (0.60235, 0.46682, 0.13051), (0.60235, 0.46933, 0.14306), (0.62243, 0.47184, 0.14557), (0.63498, 0.49443, 0.15059), (0.63498, 0.49443, 0.15059), (0.63498, 0.49443, 0.15059), (0.63498, 0.49443, 0.15059), (0.63247, 0.4869, 0.14557), (0.63498, 0.49443, 0.15059), (0.64, 0.54714, 0.22839), (0.63498, 0.5371, 0.21333), (0.64, 0.54212, 0.21333), (0.62745, 0.512, 0.16816), (0.63498, 0.52455, 0.19576), (0.62494, 0.52455, 0.19576), (0.62494, 0.52455, 0.19576), (0.62996, 0.51953, 0.18071), (0.62745, 0.512, 0.16816), (0.63247, 0.50196, 0.16063), (0.62996, 0.49443, 0.15561), (0.62243, 0.50447, 0.17318), (0.62243, 0.50447, 0.17318), (0.6149, 0.50447, 0.17569), (0.63247, 0.50196, 0.16063), (0.63247, 0.52204, 0.19325), (0.63749, 0.51953, 0.19325), (0.63247, 0.52204, 0.19325), (0.63247, 0.52204, 0.19325), (0.62745, 0.51953, 0.19075), (0.63247, 0.52204, 0.19325), (0.63498, 0.52706, 0.20078), (0.63498, 0.52706, 0.19827), (0.63498, 0.52706, 0.19827), (0.63498, 0.52706, 0.19827), (0.63498, 0.52706, 0.19827), (0.63498, 0.52706, 0.20078), (0.63749, 0.56471, 0.26353), (0.63498, 0.5622, 0.26102), (0.63498, 0.55969, 0.25349), (0.63498, 0.55969, 0.25349), (0.63749, 0.5622, 0.256), (0.63749, 0.56471, 0.26353), (0.63247, 0.53208, 0.20078), (0.63749, 0.5622, 0.23592), (0.63749, 0.5622, 0.23592), (0.64, 0.56722, 0.27106), (0.62494, 0.54714, 0.23341), (0.63749, 0.55216, 0.24094), (0.63247, 0.51953, 0.19576), (0.63247, 0.52204, 0.19325), (0.63247, 0.52204, 0.19325), (0.63247, 0.55467, 0.23592), (0.63749, 0.5622, 0.23592), (0.64, 0.55718, 0.24094), (0.64, 0.55718, 0.24094), (0.62996, 0.54965, 0.24094), (0.63247, 0.55467, 0.23592), (0.63749, 0.5622, 0.23592), (0.62745, 0.52706, 0.19576), (0.63247, 0.53208, 0.20078), (0.64, 0.51953, 0.1782), (0.62494, 0.51953, 0.18322), (0.62745, 0.52706, 0.19075), (0.62745, 0.52706, 0.19075), (0.62243, 0.512, 0.17318), (0.64, 0.51953, 0.1782), (0.63749, 0.55216, 0.24094), (0.63247, 0.53208, 0.20329), (0.64, 0.52455, 0.19325), (0.64, 0.52455, 0.19325), (0.63749, 0.54714, 0.23843), (0.63749, 0.55216, 0.24094), (0.62996, 0.52957, 0.20078), (0.63247, 0.53208, 0.20329), (0.63749, 0.52957, 0.20078), (0.63749, 0.52957, 0.20078), (0.62996, 0.52957, 0.19827), (0.62996, 0.52957, 0.20078), (0.6149, 0.46682, 0.14055), (0.60235, 0.47435, 0.15561), (0.63498, 0.46682, 0.13804), (0.64, 0.57475, 0.27608), (0.64, 0.5622, 0.25851), (0.64, 0.55467, 0.24596), (0.64, 0.55467, 0.24596), (0.63749, 0.57976, 0.28863), (0.64, 0.57475, 0.27608), (0.63498, 0.54463, 0.23592), (0.63498, 0.5622, 0.24596), (0.63247, 0.55216, 0.24847), (0.63247, 0.55216, 0.24847), (0.63498, 0.53961, 0.22588), (0.63498, 0.54463, 0.23592), (0.63498, 0.53961, 0.2058), (0.63498, 0.5371, 0.20831), (0.63498, 0.53459, 0.2058), (0.63498, 0.53459, 0.2058), (0.63498, 0.53961, 0.2058), (0.63498, 0.53961, 0.2058), (0.63498, 0.55718, 0.24345), (0.63498, 0.53961, 0.22588), (0.62996, 0.53961, 0.2309), (0.63749, 0.52957, 0.20078), (0.63498, 0.53961, 0.2058), (0.63498, 0.53961, 0.2058), (0.62243, 0.51702, 0.18071), (0.6149, 0.51953, 0.18573), (0.62243, 0.51451, 0.16565), (0.62243, 0.51451, 0.16565), (0.62494, 0.50949, 0.16314), (0.62243, 0.51702, 0.18071), (0.62494, 0.46431, 0.12298), (0.63247, 0.4618, 0.12298), (0.59231, 0.46682, 0.13302), (0.63247, 0.49694, 0.15812), (0.62745, 0.49694, 0.15561), (0.62243, 0.50698, 0.16816), (0.62243, 0.50698, 0.16816), (0.62996, 0.50447, 0.17067), (0.63247, 0.49694, 0.15812), (0.64, 0.54714, 0.22839), (0.62996, 0.54212, 0.22086), (0.62745, 0.53208, 0.21333), (0.62745, 0.53208, 0.21333), (0.64, 0.54714, 0.22839), (0.64, 0.54714, 0.22839), (0.63247, 0.50196, 0.16314), (0.62745, 0.50196, 0.16314), (0.62745, 0.51953, 0.17318), (0.64, 0.54212, 0.21333), (0.61992, 0.52455, 0.19075), (0.64, 0.54714, 0.22839), (0.63247, 0.52204, 0.19325), (0.63498, 0.52455, 0.19576), (0.63498, 0.52455, 0.19576), (0.63498, 0.52455, 0.19576), (0.63247, 0.52204, 0.19325), (0.63247, 0.52204, 0.19325), (0.63749, 0.56471, 0.24847), (0.63498, 0.54463, 0.23592), (0.63498, 0.53961, 0.22588), (0.62494, 0.52957, 0.21082), (0.62494, 0.52706, 0.20831), (0.63498, 0.52706, 0.19827), (0.63498, 0.52706, 0.19827), (0.62996, 0.52204, 0.19325), (0.62494, 0.52957, 0.21082), (0.63749, 0.51451, 0.18573), (0.62494, 0.51953, 0.18322), (0.62745, 0.51702, 0.18322), (0.62745, 0.52957, 0.20078), (0.62494, 0.5371, 0.21584), (0.62996, 0.53208, 0.20329), (0.62745, 0.50196, 0.16314), (0.63247, 0.49192, 0.14306), (0.63247, 0.49192, 0.14808), (0.63247, 0.49192, 0.14808), (0.62745, 0.49694, 0.15561), (0.62745, 0.50196, 0.16314), (0.63247, 0.5371, 0.20329), (0.63498, 0.53459, 0.2058), (0.63247, 0.53459, 0.2058), (0.64, 0.57475, 0.27106), (0.63749, 0.56722, 0.25851), (0.63498, 0.56973, 0.26604), (0.63498, 0.56973, 0.26604), (0.63749, 0.57475, 0.27608), (0.64, 0.57475, 0.27106), (0.62745, 0.53208, 0.21835), (0.64, 0.56471, 0.26102), (0.63749, 0.55718, 0.25349), (0.63749, 0.55718, 0.25349), (0.63498, 0.53459, 0.2058), (0.62745, 0.53208, 0.21835), (0.62996, 0.53208, 0.20329), (0.63247, 0.53208, 0.20329), (0.62745, 0.52957, 0.20078), (0.62243, 0.47184, 0.14557), (0.61992, 0.46431, 0.12047), (0.60235, 0.46682, 0.13051), (0.62996, 0.53961, 0.2309), (0.63498, 0.55718, 0.24345), (0.63498, 0.55718, 0.24345), (0.63498, 0.55467, 0.24596), (0.63498, 0.53961, 0.2058), (0.63247, 0.53459, 0.2058), (0.63247, 0.53459, 0.2058), (0.63247, 0.55216, 0.24847), (0.63498, 0.55467, 0.24596), (0.63498, 0.54212, 0.21584), (0.63247, 0.53208, 0.20329), (0.62745, 0.52706, 0.19576), (0.62996, 0.52957, 0.19827), (0.63498, 0.52455, 0.19576), (0.63247, 0.52455, 0.19576), (0.64, 0.56471, 0.26353), (0.63498, 0.55467, 0.24596), (0.63749, 0.55216, 0.24345), (0.63749, 0.55216, 0.24345), (0.64, 0.56471, 0.26353), (0.64, 0.56471, 0.26353), (0.62996, 0.53961, 0.2309), (0.63247, 0.55216, 0.24847), (0.63247, 0.55216, 0.24847), (0.63247, 0.55216, 0.24847), (0.62996, 0.54463, 0.23341), (0.62996, 0.53961, 0.2309), (0.64, 0.56722, 0.26604), (0.63749, 0.57224, 0.26855), (0.64, 0.57475, 0.27608), (0.64, 0.57475, 0.27608), (0.63247, 0.55216, 0.24345), (0.64, 0.56722, 0.26604), (0.63247, 0.52455, 0.19576), (0.62996, 0.52957, 0.19827), (0.62996, 0.52957, 0.19827), (0.64, 0.54463, 0.22588), (0.64, 0.54714, 0.22839), (0.61992, 0.52455, 0.19075), (0.61992, 0.52455, 0.19075), (0.63498, 0.5371, 0.21333), (0.64, 0.54463, 0.22588), (0.63247, 0.52455, 0.19576), (0.63749, 0.51953, 0.19325), (0.63247, 0.52204, 0.19325), (0.63247, 0.52204, 0.19325), (0.63247, 0.51953, 0.19576), (0.63247, 0.52204, 0.19325), (0.63247, 0.52204, 0.19325), (0.62996, 0.51953, 0.19075), (0.63247, 0.52455, 0.19576), (0.62745, 0.52706, 0.19576), (0.63749, 0.5622, 0.23592), (0.63498, 0.54212, 0.21584), (0.63247, 0.46431, 0.13051), (0.63247, 0.46431, 0.13051), (0.63247, 0.4618, 0.128), (0.63247, 0.4618, 0.128), (0.62996, 0.4618, 0.128), (0.63247, 0.46431, 0.13051), (0.63498, 0.55467, 0.256), (0.63749, 0.55718, 0.25851), (0.63749, 0.55718, 0.25349), (0.63749, 0.55718, 0.25349), (0.64, 0.55216, 0.25098), (0.63498, 0.55467, 0.256), (0.63247, 0.52204, 0.19325), (0.63247, 0.52204, 0.19325), (0.63247, 0.52204, 0.19325), (0.63247, 0.52204, 0.19325), (0.63247, 0.52204, 0.19325), (0.63247, 0.52204, 0.19325), (0.62745, 0.50698, 0.17067), (0.64, 0.52957, 0.20078), (0.62996, 0.512, 0.18573), (0.62996, 0.512, 0.18573), (0.62494, 0.49192, 0.16063), (0.62745, 0.50698, 0.17067), (0.63498, 0.52455, 0.19576), (0.62494, 0.51451, 0.18573), (0.63749, 0.51702, 0.19576), (0.63749, 0.51702, 0.19576), (0.62494, 0.52455, 0.19576), (0.63498, 0.52455, 0.19576), (0.64, 0.55969, 0.26102), (0.63749, 0.54965, 0.23341), (0.63247, 0.5371, 0.21835), (0.63247, 0.5371, 0.21835), (0.63247, 0.54714, 0.23843), (0.64, 0.55969, 0.26102), (0.63498, 0.53961, 0.22588), (0.63247, 0.55216, 0.24847), (0.63498, 0.55467, 0.25098), (0.63498, 0.55467, 0.25098), (0.62996, 0.53961, 0.2309), (0.63498, 0.53961, 0.22588), (0.62745, 0.51953, 0.19075), (0.62494, 0.49192, 0.14557), (0.63498, 0.49443, 0.15059), (0.64, 0.57224, 0.27608), (0.63247, 0.55216, 0.24847), (0.64, 0.56471, 0.26353), (0.64, 0.56471, 0.26353), (0.64, 0.57224, 0.27859), (0.64, 0.57224, 0.27608), (0.64, 0.55969, 0.24847), (0.62996, 0.55467, 0.22839), (0.63498, 0.5622, 0.23592), (0.63498, 0.5622, 0.23592), (0.63247, 0.55467, 0.23592), (0.64, 0.55969, 0.24847), (0.64, 0.57475, 0.27608), (0.64, 0.56471, 0.25349), (0.63749, 0.55718, 0.24847), (0.63749, 0.55718, 0.24847), (0.64, 0.56722, 0.26102), (0.64, 0.57475, 0.27608), (0.63498, 0.54463, 0.23592), (0.62745, 0.52455, 0.20329), (0.63247, 0.52455, 0.19827), (0.63498, 0.53961, 0.22588), (0.63498, 0.55718, 0.24345), (0.63749, 0.56471, 0.24847), (0.62745, 0.51702, 0.18322), (0.63498, 0.50196, 0.17067), (0.63749, 0.51451, 0.18573), (0.63247, 0.55216, 0.24847), (0.64, 0.5622, 0.24847), (0.63749, 0.56471, 0.24847), (0.63749, 0.56471, 0.24847), (0.64, 0.56471, 0.26353), (0.63247, 0.55216, 0.24847), (0.64, 0.57976, 0.27106), (0.63498, 0.56973, 0.26604), (0.63749, 0.57725, 0.27106), (0.63749, 0.57725, 0.27106), (0.64, 0.57475, 0.27106), (0.64, 0.57976, 0.27106), (0.62996, 0.54965, 0.24094), (0.64, 0.57976, 0.27106), (0.64, 0.57475, 0.27106), (0.64, 0.57475, 0.27106), (0.63749, 0.5622, 0.25098), (0.62996, 0.54965, 0.24094), (0.64, 0.56973, 0.26102), (0.63247, 0.53459, 0.21584), (0.63498, 0.53208, 0.21584), (0.59231, 0.46682, 0.13302), (0.60988, 0.47937, 0.14055), (0.62494, 0.46431, 0.12298), (0.62745, 0.50196, 0.16314), (0.62745, 0.512, 0.16816), (0.62996, 0.51451, 0.17569), (0.62996, 0.51451, 0.17569), (0.62745, 0.51953, 0.17318), (0.62745, 0.50196, 0.16314), (0.64, 0.52455, 0.19325), (0.63498, 0.51702, 0.19075), (0.63749, 0.52455, 0.2058), (0.63749, 0.52455, 0.2058), (0.62745, 0.52706, 0.19827), (0.64, 0.52455, 0.19325), (0.63498, 0.53208, 0.21584), (0.63498, 0.56471, 0.25098), (0.64, 0.56973, 0.26102), (0.63498, 0.53961, 0.2058), (0.63749, 0.5371, 0.2058), (0.63749, 0.52957, 0.20078), (0.62996, 0.53961, 0.2309), (0.63498, 0.55467, 0.25098), (0.63498, 0.55467, 0.25098), (0.63498, 0.55467, 0.25098), (0.62745, 0.54714, 0.23843), (0.62996, 0.53961, 0.2309), (0.63498, 0.49443, 0.15059), (0.62996, 0.51953, 0.19075), (0.62745, 0.51953, 0.19075), (0.62996, 0.51953, 0.18071), (0.62494, 0.52455, 0.19576), (0.62494, 0.53208, 0.2058), (0.62745, 0.50447, 0.15561), (0.63749, 0.52706, 0.19325), (0.63247, 0.52455, 0.19576), (0.62494, 0.53208, 0.2058), (0.62996, 0.52957, 0.19325), (0.62996, 0.51953, 0.18071), (0.62494, 0.49443, 0.1531), (0.61992, 0.46431, 0.12047), (0.62996, 0.46431, 0.11796), (0.63247, 0.52455, 0.19576), (0.6149, 0.49192, 0.13804), (0.62745, 0.50447, 0.15561), (0.62996, 0.52455, 0.18322), (0.63247, 0.51702, 0.1782), (0.63498, 0.51953, 0.17569), (0.63247, 0.5371, 0.20329), (0.63498, 0.5371, 0.20831), (0.63498, 0.53961, 0.2058), (0.63498, 0.53961, 0.2058), (0.63498, 0.53459, 0.20329), (0.63247, 0.5371, 0.20329), (0.63749, 0.5371, 0.20831), (0.64, 0.53961, 0.21082), (0.63498, 0.5371, 0.20831), (0.63498, 0.5371, 0.20831), (0.63498, 0.5371, 0.20831), (0.63749, 0.5371, 0.20831), (0.62996, 0.46431, 0.11796), (0.63749, 0.49192, 0.15059), (0.62494, 0.49443, 0.1531), (0.63498, 0.5622, 0.24094), (0.64, 0.56471, 0.25349), (0.63749, 0.55718, 0.24847), (0.63749, 0.55718, 0.24847), (0.63498, 0.5622, 0.23592), (0.63498, 0.5622, 0.24094), (0.64, 0.56722, 0.27357), (0.64, 0.56722, 0.27357), (0.64, 0.56722, 0.26604), (0.63247, 0.52204, 0.19325), (0.63247, 0.52204, 0.19325), (0.63247, 0.52204, 0.19325), (0.62745, 0.49694, 0.15561), (0.63247, 0.49192, 0.14808), (0.63247, 0.49192, 0.14808), (0.63247, 0.49192, 0.14808), (0.62494, 0.49192, 0.14557), (0.62745, 0.49694, 0.15561), (0.62243, 0.53459, 0.21333), (0.63749, 0.57224, 0.26353), (0.64, 0.57725, 0.26855), (0.64, 0.56722, 0.27106), (0.62745, 0.54212, 0.23341), (0.63498, 0.54463, 0.23592), (0.63498, 0.54463, 0.23592), (0.63498, 0.5622, 0.26102), (0.64, 0.56722, 0.27106), (0.64, 0.57725, 0.26855), (0.63247, 0.54714, 0.23592), (0.62243, 0.53459, 0.21333), (0.63749, 0.51953, 0.19325), (0.63247, 0.52204, 0.19325), (0.63247, 0.52204, 0.19325), (0.63498, 0.55718, 0.24345), (0.63749, 0.54965, 0.22839), (0.63749, 0.54965, 0.22839), (0.63749, 0.54965, 0.22839), (0.63498, 0.55969, 0.24847), (0.63498, 0.55718, 0.24345), (0.63247, 0.52455, 0.20329), (0.62996, 0.512, 0.16565), (0.62996, 0.51451, 0.17067), (0.64, 0.56722, 0.27106), (0.64, 0.56722, 0.27106), (0.63498, 0.56722, 0.27357), (0.63498, 0.56722, 0.27357), (0.64, 0.56722, 0.27357), (0.64, 0.56722, 0.27106), (0.63247, 0.52204, 0.19325), (0.63247, 0.52204, 0.19325), (0.63749, 0.51953, 0.19325), (0.63749, 0.55718, 0.25349), (0.64, 0.56722, 0.27106), (0.64, 0.5622, 0.26855), (0.62996, 0.51451, 0.17067), (0.62745, 0.52455, 0.20329), (0.63247, 0.52455, 0.20329), (0.63247, 0.52455, 0.19827), (0.62243, 0.52957, 0.20329), (0.63498, 0.54463, 0.23592), (0.64, 0.55718, 0.24847), (0.64, 0.55969, 0.256), (0.63498, 0.56722, 0.27357), (0.63498, 0.56722, 0.27357), (0.64, 0.56722, 0.27357), (0.64, 0.55718, 0.24847), (0.62745, 0.52455, 0.20329), (0.63498, 0.54463, 0.23592), (0.64, 0.54965, 0.24094), (0.64, 0.54965, 0.24094), (0.63749, 0.52957, 0.20831), (0.62745, 0.52455, 0.20329), (0.63498, 0.52706, 0.19827), (0.63247, 0.52204, 0.19325), (0.62745, 0.51953, 0.19075), (0.62745, 0.51953, 0.19075), (0.63498, 0.52706, 0.19827), (0.63498, 0.52706, 0.19827), (0.63247, 0.46431, 0.13804), (0.62996, 0.46682, 0.14055), (0.62745, 0.46431, 0.13804), (0.62745, 0.46431, 0.13804), (0.62996, 0.46682, 0.14055), (0.63247, 0.46431, 0.13804), (0.63749, 0.52957, 0.20329), (0.62996, 0.53208, 0.20329), (0.63247, 0.53208, 0.20078), (0.63498, 0.51953, 0.17569), (0.63247, 0.52706, 0.18573), (0.62996, 0.52455, 0.18322), (0.64, 0.56722, 0.27106), (0.63749, 0.58478, 0.29616), (0.63749, 0.58478, 0.29616), (0.63498, 0.49443, 0.15059), (0.63247, 0.4869, 0.14557), (0.63247, 0.4869, 0.14557), (0.63247, 0.4869, 0.14557), (0.63498, 0.49443, 0.15059), (0.63498, 0.49443, 0.15059), (0.63749, 0.58478, 0.29616), (0.64, 0.57475, 0.27608), (0.64, 0.56722, 0.27106), (0.63247, 0.46431, 0.13051), (0.63498, 0.46431, 0.13051), (0.63247, 0.46431, 0.13051), (0.62996, 0.52204, 0.19325), (0.64, 0.55467, 0.23843), (0.64, 0.55718, 0.23341), (0.63247, 0.5371, 0.21835), (0.63247, 0.53961, 0.21333), (0.63749, 0.54212, 0.20831), (0.64, 0.55718, 0.23341), (0.62996, 0.52204, 0.19576), (0.62996, 0.52204, 0.19325), (0.63749, 0.54212, 0.20831), (0.63247, 0.5371, 0.20329), (0.63247, 0.5371, 0.21835), (0.62745, 0.52957, 0.20078), (0.63247, 0.53208, 0.20078), (0.62745, 0.53459, 0.20329), (0.64, 0.55718, 0.24847), (0.63749, 0.54714, 0.24094), (0.64, 0.54965, 0.24094), (0.64, 0.54965, 0.24094), (0.63749, 0.55216, 0.24345), (0.64, 0.55718, 0.24847), (0.62494, 0.51953, 0.1782), (0.62745, 0.53459, 0.20831), (0.63749, 0.52706, 0.19827), (0.63749, 0.52706, 0.19827), (0.62996, 0.51451, 0.17067), (0.62494, 0.51953, 0.1782), (0.62745, 0.52706, 0.19576), (0.63749, 0.55216, 0.24345), (0.64, 0.55216, 0.23592), (0.64, 0.55216, 0.23592), (0.63247, 0.52455, 0.19576), (0.62745, 0.52706, 0.19576), (0.64, 0.54714, 0.22839), (0.63498, 0.55969, 0.24847), (0.63498, 0.56471, 0.25098), (0.63498, 0.56471, 0.25098), (0.63498, 0.53208, 0.21584), (0.64, 0.54714, 0.22839), (0.62745, 0.51953, 0.17318), (0.62745, 0.49694, 0.15059), (0.63247, 0.50196, 0.16314), (0.64, 0.5622, 0.26855), (0.63247, 0.55216, 0.24847), (0.63749, 0.55718, 0.25349), (0.62243, 0.52455, 0.20078), (0.63749, 0.51953, 0.18824), (0.63749, 0.52204, 0.18322), (0.64, 0.56722, 0.27106), (0.64, 0.56471, 0.27106), (0.64, 0.56722, 0.27106), (0.64, 0.56722, 0.27106), (0.63498, 0.56722, 0.27357), (0.64, 0.56722, 0.27106), (0.63247, 0.5371, 0.20329), (0.63749, 0.54212, 0.20831), (0.64, 0.53961, 0.21082), (0.64, 0.55718, 0.22337), (0.63498, 0.57475, 0.26353), (0.64, 0.57475, 0.26604), (0.64, 0.55969, 0.256), (0.64, 0.54714, 0.22839), (0.62996, 0.53459, 0.22086), (0.62996, 0.53459, 0.22086), (0.62745, 0.53961, 0.23843), (0.64, 0.55969, 0.256), (0.62745, 0.53459, 0.20831), (0.62494, 0.51451, 0.18071), (0.63498, 0.51953, 0.17569), (0.63498, 0.51953, 0.17569), (0.63749, 0.52706, 0.19827), (0.62745, 0.53459, 0.20831), (0.63498, 0.5622, 0.24596), (0.62494, 0.52957, 0.21082), (0.62996, 0.52204, 0.19325), (0.62996, 0.52204, 0.19325), (0.63498, 0.55969, 0.24847), (0.63498, 0.5622, 0.24596), (0.64, 0.53961, 0.21082), (0.63749, 0.5371, 0.20831), (0.63247, 0.5371, 0.20329), (0.64, 0.57475, 0.26604), (0.64, 0.55718, 0.22337), (0.64, 0.55718, 0.22337), (0.62745, 0.55216, 0.22588), (0.63247, 0.52957, 0.21333), (0.64, 0.55216, 0.22588), (0.63247, 0.55969, 0.26353), (0.63749, 0.57725, 0.27106), (0.63498, 0.57475, 0.26855), (0.62745, 0.53459, 0.20329), (0.62494, 0.53208, 0.20078), (0.62745, 0.52957, 0.20078), (0.63247, 0.46431, 0.13051), (0.62996, 0.4618, 0.128), (0.63247, 0.46431, 0.13051), (0.64, 0.55467, 0.25349), (0.63498, 0.54212, 0.21584), (0.63749, 0.54965, 0.22839), (0.63749, 0.54965, 0.22839), (0.64, 0.55216, 0.25098), (0.64, 0.55467, 0.25349), (0.62243, 0.52706, 0.20831), (0.64, 0.55467, 0.23843), (0.64, 0.55216, 0.2309), (0.64, 0.55216, 0.2309), (0.62745, 0.53208, 0.21333), (0.62243, 0.52706, 0.20831), (0.62745, 0.53208, 0.19827), (0.62996, 0.52957, 0.19827), (0.62996, 0.52957, 0.19325), (0.64, 0.56722, 0.26604), (0.64, 0.56471, 0.25349), (0.64, 0.56471, 0.25349), (0.64, 0.56471, 0.25349), (0.64, 0.56471, 0.25851), (0.64, 0.56722, 0.26604), (0.64, 0.56471, 0.27357), (0.64, 0.56722, 0.27106), (0.63749, 0.56471, 0.27106), (0.63247, 0.53208, 0.20078), (0.62745, 0.52706, 0.19576), (0.63749, 0.52957, 0.20329), (0.63749, 0.56471, 0.27106), (0.63749, 0.56471, 0.26855), (0.64, 0.56471, 0.27357), (0.63749, 0.55216, 0.24094), (0.63749, 0.56471, 0.26353), (0.63749, 0.56973, 0.27608), (0.63749, 0.56973, 0.27608), (0.63749, 0.55216, 0.23592), (0.63749, 0.55216, 0.24094), (0.63247, 0.52455, 0.19576), (0.62996, 0.52957, 0.19827), (0.62745, 0.52706, 0.19576), (0.63498, 0.52706, 0.19827), (0.63498, 0.52706, 0.20078), (0.63498, 0.52706, 0.19827), (0.63498, 0.52706, 0.19827), (0.62996, 0.52204, 0.19325), (0.63498, 0.52706, 0.19827), (0.63749, 0.54212, 0.20831), (0.63247, 0.53961, 0.21333), (0.63498, 0.53961, 0.2058), (0.63247, 0.52455, 0.19576), (0.63749, 0.54212, 0.20831), (0.63247, 0.5371, 0.20329), (0.63749, 0.57725, 0.27106), (0.64, 0.56722, 0.27106), (0.64, 0.57475, 0.27608), (0.63498, 0.57475, 0.26855), (0.64, 0.57475, 0.27608), (0.63247, 0.55969, 0.26353), (0.64, 0.57475, 0.27608), (0.63498, 0.57475, 0.26855), (0.63749, 0.57725, 0.27106), (0.62996, 0.5371, 0.20329), (0.63247, 0.53961, 0.21333), (0.62494, 0.5371, 0.21584), (0.63498, 0.53961, 0.2058), (0.63498, 0.53961, 0.2058), (0.63749, 0.54212, 0.20831), (0.63498, 0.49443, 0.15059), (0.63749, 0.49694, 0.1531), (0.63498, 0.49443, 0.15059), (0.63498, 0.49443, 0.15059), (0.63498, 0.49443, 0.15059), (0.63498, 0.49443, 0.15059), (0.64, 0.56722, 0.26604), (0.64, 0.57725, 0.27357), (0.63498, 0.56973, 0.26102), (0.63498, 0.56973, 0.26102), (0.62745, 0.55216, 0.24094), (0.64, 0.56722, 0.26604), (0.64, 0.56722, 0.26604), (0.63749, 0.5622, 0.26102), (0.64, 0.56722, 0.27357), (0.62996, 0.51451, 0.17067), (0.63498, 0.50949, 0.17067), (0.63498, 0.52455, 0.19075), (0.62996, 0.52957, 0.19325), (0.62996, 0.52957, 0.19827), (0.62745, 0.53208, 0.19827), (0.64, 0.55467, 0.23843), (0.63749, 0.54965, 0.22839), (0.63749, 0.54965, 0.22337), (0.63749, 0.54965, 0.22337), (0.64, 0.55216, 0.2309), (0.64, 0.55467, 0.23843), (0.63498, 0.52455, 0.19075), (0.62494, 0.51953, 0.1782), (0.62996, 0.51451, 0.17067), (0.62494, 0.47435, 0.14808), (0.63749, 0.51451, 0.18573), (0.62996, 0.50447, 0.16565), (0.62996, 0.50447, 0.16565), (0.62745, 0.46431, 0.13804), (0.62494, 0.47435, 0.14808), (0.63749, 0.5622, 0.256), (0.63498, 0.55467, 0.24596), (0.62745, 0.5622, 0.25851), (0.62745, 0.5622, 0.25851), (0.62745, 0.5622, 0.25851), (0.63749, 0.5622, 0.256), (0.62494, 0.51451, 0.17569), (0.63498, 0.52455, 0.19075), (0.63498, 0.50949, 0.17067), (0.63498, 0.50949, 0.17067), (0.62745, 0.50447, 0.15059), (0.62494, 0.51451, 0.17569), (0.62996, 0.54463, 0.23341), (0.63247, 0.55216, 0.24847), (0.62996, 0.55467, 0.25349), (0.62996, 0.52706, 0.21082), (0.63749, 0.51953, 0.19325), (0.63247, 0.52455, 0.20329), (0.63247, 0.52455, 0.20329), (0.62996, 0.52706, 0.2058), (0.62996, 0.52706, 0.21082), (0.64, 0.55216, 0.24345), (0.64, 0.56973, 0.26855), (0.63498, 0.55969, 0.25349), (0.63498, 0.55969, 0.25349), (0.63498, 0.5371, 0.21835), (0.64, 0.55216, 0.24345), (0.64, 0.5622, 0.24345), (0.63247, 0.54965, 0.22588), (0.62243, 0.53961, 0.21584), (0.62494, 0.52706, 0.20831), (0.62996, 0.55467, 0.25349), (0.63247, 0.55216, 0.24847), (0.63247, 0.55216, 0.24847), (0.63498, 0.52706, 0.19827), (0.62494, 0.52706, 0.20831), (0.63247, 0.55216, 0.24345), (0.63247, 0.56722, 0.26353), (0.63247, 0.56722, 0.26353), (0.63247, 0.56722, 0.26353), (0.62745, 0.55216, 0.24094), (0.63247, 0.55216, 0.24345), (0.63247, 0.54463, 0.21835), (0.63247, 0.53961, 0.21333), (0.62494, 0.54714, 0.22839), (0.64, 0.56722, 0.27106), (0.63749, 0.58478, 0.29616), (0.64, 0.57725, 0.29867), (0.63498, 0.56973, 0.26102), (0.62996, 0.55969, 0.25098), (0.62745, 0.5622, 0.25851), (0.63247, 0.5371, 0.20329), (0.63749, 0.52706, 0.19827), (0.63247, 0.52455, 0.19576), (0.62745, 0.5622, 0.25851), (0.64, 0.56973, 0.256), (0.63498, 0.56973, 0.26102), (0.62494, 0.5371, 0.21584), (0.62243, 0.53961, 0.21082), (0.62996, 0.5371, 0.20329), (0.62996, 0.53208, 0.20831), (0.62996, 0.53208, 0.20329), (0.62494, 0.5371, 0.21584), (0.62494, 0.5371, 0.21584), (0.62494, 0.5371, 0.22086), (0.62996, 0.53208, 0.20831), (0.63498, 0.52455, 0.19576), (0.63247, 0.52204, 0.19325), (0.63247, 0.52204, 0.19325), (0.63247, 0.52204, 0.19325), (0.63498, 0.52455, 0.19576), (0.63498, 0.52455, 0.19576), (0.64, 0.57725, 0.29867), (0.64, 0.56722, 0.27106), (0.64, 0.56722, 0.27106), (0.62745, 0.52706, 0.19576), (0.62996, 0.52204, 0.19325), (0.63247, 0.52455, 0.19576), (0.64, 0.55216, 0.22588), (0.62494, 0.54212, 0.21835), (0.62745, 0.55216, 0.22588), (0.63498, 0.52706, 0.20078), (0.63247, 0.52455, 0.19827), (0.63247, 0.53208, 0.20078), (0.63247, 0.53208, 0.20078), (0.63498, 0.52706, 0.20078), (0.63498, 0.52706, 0.20078), (0.62996, 0.55467, 0.25349), (0.62494, 0.54965, 0.24345), (0.62996, 0.54463, 0.23341), (0.62745, 0.45929, 0.13051), (0.61741, 0.45678, 0.11545), (0.59482, 0.4618, 0.13051), (0.59482, 0.4618, 0.13051), (0.60988, 0.45929, 0.13302), (0.62745, 0.45929, 0.13051), (0.63749, 0.52957, 0.20329), (0.63498, 0.5371, 0.21835), (0.62243, 0.53208, 0.22337), (0.62243, 0.53208, 0.22337), (0.63247, 0.52455, 0.19827), (0.63749, 0.52957, 0.20329), (0.64, 0.56471, 0.27106), (0.64, 0.56722, 0.27357), (0.64, 0.56722, 0.27357), (0.62996, 0.4618, 0.128), (0.63247, 0.4618, 0.128), (0.63498, 0.46431, 0.13051), (0.63498, 0.46431, 0.13051), (0.63247, 0.46431, 0.13051), (0.62996, 0.4618, 0.128), (0.64, 0.56722, 0.26604), (0.63749, 0.57475, 0.25851), (0.64, 0.56722, 0.24596), (0.64, 0.56722, 0.24596), (0.64, 0.56973, 0.26855), (0.64, 0.56722, 0.26604), (0.62996, 0.46933, 0.13804), (0.62996, 0.4618, 0.128), (0.63247, 0.46431, 0.13051), (0.64, 0.56722, 0.27357), (0.64, 0.56722, 0.27106), (0.64, 0.56471, 0.27106), (0.63247, 0.46431, 0.13051), (0.62996, 0.46933, 0.13804), (0.62996, 0.46933, 0.13804), (0.63247, 0.52455, 0.19827), (0.62243, 0.53208, 0.22337), (0.62996, 0.53459, 0.22086), (0.64, 0.56973, 0.26102), (0.63749, 0.55718, 0.24847), (0.62745, 0.54965, 0.23592), (0.63749, 0.52706, 0.19827), (0.63749, 0.52455, 0.20078), (0.63498, 0.52706, 0.19827), (0.63498, 0.52706, 0.19827), (0.63247, 0.52455, 0.19576), (0.63749, 0.52706, 0.19827), (0.62996, 0.52957, 0.19827), (0.62745, 0.52706, 0.19075), (0.64, 0.52957, 0.21584), (0.64, 0.52957, 0.21584), (0.63247, 0.52957, 0.21333), (0.62996, 0.52957, 0.19827), (0.62996, 0.53459, 0.22086), (0.63498, 0.52706, 0.20078), (0.63247, 0.52455, 0.19827), (0.63749, 0.54212, 0.23341), (0.63498, 0.51953, 0.18071), (0.62996, 0.51451, 0.17569), (0.62996, 0.51451, 0.17569), (0.64, 0.54212, 0.23843), (0.63749, 0.54212, 0.23341), (0.62745, 0.54965, 0.23592), (0.63498, 0.56973, 0.26604), (0.64, 0.56973, 0.26102), (0.63247, 0.49192, 0.14808), (0.63498, 0.49443, 0.15059), (0.63498, 0.49443, 0.15059), (0.63498, 0.49443, 0.15059), (0.63498, 0.48941, 0.14808), (0.63247, 0.49192, 0.14808), (0.63749, 0.56471, 0.24847), (0.62745, 0.54714, 0.23843), (0.63498, 0.54463, 0.23592), (0.62494, 0.54714, 0.22839), (0.62243, 0.54714, 0.22086), (0.63247, 0.54463, 0.21835), (0.62745, 0.52957, 0.21082), (0.62494, 0.5371, 0.21584), (0.62996, 0.52706, 0.2058), (0.62745, 0.52706, 0.21584), (0.63247, 0.52455, 0.20329), (0.62745, 0.51953, 0.19075), (0.61992, 0.46431, 0.12047), (0.62494, 0.49443, 0.1531), (0.60737, 0.49694, 0.16314), (0.60737, 0.49694, 0.16314), (0.60235, 0.46682, 0.13051), (0.61992, 0.46431, 0.12047), (0.62745, 0.51953, 0.19075), (0.63247, 0.52204, 0.19325), (0.62745, 0.52706, 0.21584), (0.62745, 0.54714, 0.23843), (0.62745, 0.52957, 0.20078), (0.62494, 0.53208, 0.20078), (0.62494, 0.53208, 0.20078), (0.63247, 0.55216, 0.24345), (0.62745, 0.54714, 0.23843), (0.63749, 0.58478, 0.29616), (0.64, 0.56722, 0.27106), (0.64, 0.56973, 0.26855), (0.62494, 0.49192, 0.14557), (0.63247, 0.49192, 0.14808), (0.63498, 0.48941, 0.14808), (0.64, 0.56973, 0.26855), (0.63749, 0.58478, 0.29616), (0.63749, 0.58478, 0.29616), (0.63247, 0.53208, 0.20329), (0.63247, 0.52957, 0.20831), (0.62745, 0.53208, 0.21835), (0.62745, 0.53208, 0.21835), (0.62745, 0.52957, 0.20078), (0.63247, 0.53208, 0.20329), (0.62996, 0.52706, 0.2058), (0.63247, 0.52455, 0.19827), (0.62745, 0.52957, 0.21082), (0.63498, 0.48941, 0.14808), (0.63498, 0.49443, 0.15059), (0.62494, 0.49192, 0.14557), (0.62996, 0.5622, 0.23843), (0.62996, 0.56722, 0.24345), (0.62745, 0.56471, 0.24094), (0.63498, 0.56973, 0.26604), (0.63749, 0.56722, 0.25349), (0.63498, 0.56471, 0.256), (0.63498, 0.56471, 0.256), (0.63749, 0.57224, 0.27357), (0.63498, 0.56973, 0.26604), (0.64, 0.56471, 0.26353), (0.63749, 0.56471, 0.24847), (0.63498, 0.55467, 0.24596), (0.63498, 0.55467, 0.24596), (0.64, 0.56471, 0.26353), (0.64, 0.56471, 0.26353), (0.62745, 0.46431, 0.13804), (0.62243, 0.4869, 0.15059), (0.61741, 0.47435, 0.14055), (0.61741, 0.47435, 0.14055), (0.62996, 0.46682, 0.14055), (0.62745, 0.46431, 0.13804), (0.62243, 0.51451, 0.18824), (0.63749, 0.52957, 0.20329), (0.63247, 0.52455, 0.19827), (0.63247, 0.52455, 0.19827), (0.62494, 0.51451, 0.17569), (0.62243, 0.51451, 0.18824), (0.62745, 0.56471, 0.24094), (0.63247, 0.55969, 0.23843), (0.62996, 0.5622, 0.23843), (0.61992, 0.50949, 0.17569), (0.62494, 0.51451, 0.17569), (0.62745, 0.51702, 0.1782), (0.63247, 0.52455, 0.19827), (0.62996, 0.52204, 0.19576), (0.62494, 0.52706, 0.20329), (0.62494, 0.52706, 0.20329), (0.62243, 0.52455, 0.20078), (0.63247, 0.52455, 0.19827), (0.62243, 0.46431, 0.14055), (0.63749, 0.51451, 0.18573), (0.61741, 0.50447, 0.18071), (0.61741, 0.50447, 0.18071), (0.58227, 0.44925, 0.128), (0.62243, 0.46431, 0.14055), (0.63498, 0.5622, 0.26102), (0.63749, 0.56471, 0.26353), (0.63749, 0.5622, 0.256), (0.63749, 0.5622, 0.256), (0.63498, 0.5622, 0.26102), (0.63498, 0.5622, 0.26102), (0.64, 0.55467, 0.22839), (0.63749, 0.5622, 0.23592), (0.63498, 0.55718, 0.23843), (0.62745, 0.52706, 0.19576), (0.63247, 0.53208, 0.20078), (0.62996, 0.52957, 0.19827), (0.62996, 0.52957, 0.19827), (0.62494, 0.52455, 0.19325), (0.62745, 0.52706, 0.19576), (0.62243, 0.53961, 0.21584), (0.64, 0.55467, 0.24345), (0.64, 0.5622, 0.24345), (0.63247, 0.54463, 0.22337), (0.62745, 0.55969, 0.2309), (0.62745, 0.56471, 0.24094), (0.62745, 0.56471, 0.24094), (0.63749, 0.54965, 0.22839), (0.63247, 0.54463, 0.22337), (0.63498, 0.55718, 0.23843), (0.63749, 0.55216, 0.24094), (0.64, 0.55467, 0.22839), (0.62745, 0.52706, 0.19576), (0.62996, 0.52204, 0.19576), (0.63247, 0.53208, 0.20078), (0.62745, 0.53208, 0.21333), (0.63749, 0.51953, 0.19325), (0.62996, 0.512, 0.18071), (0.62996, 0.512, 0.18071), (0.63498, 0.52706, 0.20078), (0.62745, 0.53208, 0.21333), (0.63247, 0.53961, 0.21333), (0.63247, 0.54463, 0.21835), (0.63498, 0.53961, 0.2058), (0.63498, 0.53961, 0.2058), (0.63749, 0.54212, 0.20831), (0.63247, 0.53961, 0.21333), (0.63247, 0.56722, 0.26353), (0.64, 0.55216, 0.22588), (0.62243, 0.53459, 0.21333), (0.62996, 0.512, 0.18573), (0.62745, 0.52706, 0.19075), (0.62996, 0.52957, 0.19827), (0.62996, 0.52957, 0.19827), (0.63498, 0.51702, 0.19075), (0.62996, 0.512, 0.18573), (0.64, 0.57725, 0.2811), (0.64, 0.55467, 0.24596), (0.63749, 0.55216, 0.24094), (0.63498, 0.5371, 0.21333), (0.64, 0.54714, 0.22839), (0.63247, 0.54463, 0.22839), (0.63247, 0.54463, 0.22839), (0.62243, 0.53459, 0.21835), (0.63498, 0.5371, 0.21333), (0.64, 0.55718, 0.22337), (0.63749, 0.55969, 0.24094), (0.63749, 0.55467, 0.22588), (0.63247, 0.52455, 0.19827), (0.62996, 0.52706, 0.2058), (0.63498, 0.52706, 0.20078), (0.63498, 0.52706, 0.20078), (0.63498, 0.52706, 0.19827), (0.63247, 0.52455, 0.19827), (0.63749, 0.55467, 0.22588), (0.63749, 0.54965, 0.22337), (0.64, 0.55718, 0.22337), (0.62996, 0.512, 0.18573), (0.62996, 0.52706, 0.2058), (0.63247, 0.52455, 0.19827), (0.63247, 0.52455, 0.19827), (0.62996, 0.512, 0.18071), (0.62996, 0.512, 0.18573), (0.63749, 0.55718, 0.25851), (0.63498, 0.55467, 0.256), (0.64, 0.5622, 0.26855), (0.64, 0.5622, 0.26855), (0.64, 0.56471, 0.27106), (0.63749, 0.55718, 0.25851), (0.62745, 0.53961, 0.21835), (0.63498, 0.5622, 0.24596), (0.63247, 0.55969, 0.24345), (0.64, 0.56722, 0.25098), (0.62494, 0.54714, 0.23341), (0.62745, 0.54965, 0.23592), (0.62745, 0.54965, 0.23592), (0.64, 0.56973, 0.26102), (0.64, 0.56722, 0.25098), (0.63749, 0.55216, 0.24345), (0.62996, 0.55467, 0.24847), (0.64, 0.56471, 0.26353), (0.64, 0.56471, 0.26353), (0.63749, 0.55216, 0.24345), (0.63749, 0.55216, 0.24345), (0.64, 0.54463, 0.22588), (0.62494, 0.53459, 0.22588), (0.63498, 0.54463, 0.23592), (0.63498, 0.54463, 0.23592), (0.62745, 0.54212, 0.2309), (0.64, 0.54463, 0.22588), (0.63247, 0.5622, 0.25349), (0.64, 0.57976, 0.27608), (0.64, 0.56973, 0.26855), (0.64, 0.56973, 0.26855), (0.63749, 0.5622, 0.256), (0.63247, 0.5622, 0.25349), (0.64, 0.52455, 0.19325), (0.62494, 0.48941, 0.15059), (0.63247, 0.49192, 0.14306), (0.63247, 0.49192, 0.14306), (0.62745, 0.50196, 0.16314), (0.64, 0.52455, 0.19325), (0.64, 0.57976, 0.27106), (0.62996, 0.54965, 0.24094), (0.63498, 0.55467, 0.24596), (0.63749, 0.55216, 0.24094), (0.63749, 0.56973, 0.27608), (0.64, 0.57725, 0.2811), (0.63749, 0.55216, 0.23592), (0.63247, 0.57224, 0.26604), (0.63247, 0.57725, 0.27608), (0.63749, 0.58227, 0.30118), (0.64, 0.55969, 0.26102), (0.63247, 0.54714, 0.23843), (0.63498, 0.55718, 0.24345), (0.62745, 0.54714, 0.23843), (0.63498, 0.55969, 0.25349), (0.62996, 0.52957, 0.19827), (0.62494, 0.52455, 0.19325), (0.62996, 0.52204, 0.19325), (0.63498, 0.54212, 0.21082), (0.63498, 0.54965, 0.23341), (0.63247, 0.55467, 0.23592), (0.63247, 0.55467, 0.23592), (0.63247, 0.53208, 0.20078), (0.63498, 0.54212, 0.21082), (0.63498, 0.55969, 0.25349), (0.63749, 0.55718, 0.24847), (0.63498, 0.55718, 0.24345), (0.63247, 0.52455, 0.19827), (0.63247, 0.52706, 0.19075), (0.63247, 0.52204, 0.19325), (0.63247, 0.52204, 0.19325), (0.63247, 0.52204, 0.19325), (0.63247, 0.52455, 0.19827), (0.63498, 0.54212, 0.21082), (0.63498, 0.54463, 0.23592), (0.62243, 0.52957, 0.20329), (0.62243, 0.52957, 0.20329), (0.63247, 0.54463, 0.22337), (0.63498, 0.54212, 0.21082), (0.63498, 0.54463, 0.23592), (0.63749, 0.56471, 0.24847), (0.63749, 0.56471, 0.24847), (0.62243, 0.47184, 0.14557), (0.62494, 0.47435, 0.14808), (0.62745, 0.46431, 0.13804), (0.62996, 0.51953, 0.2058), (0.62745, 0.52455, 0.20831), (0.63498, 0.52455, 0.19576), (0.63498, 0.52455, 0.19576), (0.63247, 0.51953, 0.19576), (0.62996, 0.51953, 0.2058), (0.63247, 0.52204, 0.19325), (0.62745, 0.51953, 0.19075), (0.62996, 0.51953, 0.19075), (0.62996, 0.51953, 0.19075), (0.63247, 0.52204, 0.19325), (0.63247, 0.52204, 0.19325), (0.63498, 0.52706, 0.20078), (0.62996, 0.52957, 0.20078), (0.62996, 0.52957, 0.19827), (0.63749, 0.52204, 0.18322), (0.63247, 0.52455, 0.19827), (0.62243, 0.52455, 0.20078), (0.63247, 0.52204, 0.19325), (0.63498, 0.52455, 0.19576), (0.63498, 0.52455, 0.19576), (0.63498, 0.52455, 0.19576), (0.63247, 0.51953, 0.19576), (0.63247, 0.52204, 0.19325), (0.63498, 0.55467, 0.24596), (0.64, 0.57475, 0.25851), (0.64, 0.57976, 0.27106), (0.62745, 0.52204, 0.18071), (0.64, 0.54965, 0.24094), (0.63498, 0.5371, 0.21835), (0.63498, 0.48941, 0.14808), (0.63498, 0.49443, 0.15059), (0.62243, 0.50196, 0.16565), (0.62745, 0.51702, 0.1782), (0.62745, 0.52204, 0.18573), (0.61992, 0.50949, 0.17569), (0.63498, 0.5371, 0.21835), (0.62494, 0.51953, 0.1782), (0.62745, 0.52204, 0.18071), (0.63498, 0.56973, 0.26604), (0.64, 0.57475, 0.27106), (0.63749, 0.57475, 0.27608), (0.63749, 0.57475, 0.27608), (0.64, 0.56973, 0.26102), (0.63498, 0.56973, 0.26604), (0.63498, 0.51702, 0.19075), (0.64, 0.52455, 0.19325), (0.62745, 0.50196, 0.16314), (0.62745, 0.50196, 0.16314), (0.62996, 0.51953, 0.19075), (0.63498, 0.51702, 0.19075), (0.62745, 0.52455, 0.17318), (0.62243, 0.51451, 0.16816), (0.62494, 0.50949, 0.16314), (0.62494, 0.50949, 0.16314), (0.62243, 0.51451, 0.16565), (0.62745, 0.52455, 0.17318), (0.62745, 0.53961, 0.23843), (0.63498, 0.54463, 0.24345), (0.63498, 0.53961, 0.22588), (0.63498, 0.53961, 0.22588), (0.63498, 0.54463, 0.23592), (0.62745, 0.53961, 0.23843), (0.62243, 0.53459, 0.21333), (0.63247, 0.56722, 0.26353), (0.63247, 0.56722, 0.26353), (0.63749, 0.52957, 0.20329), (0.62996, 0.5371, 0.20329), (0.62243, 0.53961, 0.21082), (0.62243, 0.53961, 0.21082), (0.62996, 0.53208, 0.21333), (0.63749, 0.52957, 0.20329), (0.63498, 0.53961, 0.2058), (0.63498, 0.53961, 0.2058), (0.63498, 0.5371, 0.20831), (0.63498, 0.5371, 0.20831), (0.63247, 0.5371, 0.20329), (0.63498, 0.53961, 0.2058), (0.63498, 0.49443, 0.15059), (0.63498, 0.49443, 0.15059), (0.61741, 0.49694, 0.16063), (0.62996, 0.46933, 0.13804), (0.63247, 0.46431, 0.13051), (0.62996, 0.4618, 0.128), (0.62996, 0.4618, 0.128), (0.63498, 0.46682, 0.13804), (0.62996, 0.46933, 0.13804), (0.62494, 0.51953, 0.1782), (0.64, 0.55216, 0.22588), (0.63247, 0.52957, 0.21333), (0.63247, 0.52957, 0.21333), (0.62745, 0.52204, 0.18071), (0.62494, 0.51953, 0.1782), (0.62996, 0.52204, 0.19325), (0.62745, 0.52706, 0.19576), (0.62996, 0.52957, 0.19827), (0.63247, 0.54714, 0.23843), (0.64, 0.5898, 0.29867), (0.63749, 0.58227, 0.30118), (0.63247, 0.57725, 0.27608), (0.63247, 0.55467, 0.24094), (0.63749, 0.55216, 0.23592), (0.63247, 0.53208, 0.20078), (0.62745, 0.52957, 0.20078), (0.62745, 0.52706, 0.19576), (0.64, 0.56722, 0.25098), (0.62996, 0.55467, 0.22839), (0.62996, 0.55467, 0.22839), (0.63498, 0.56973, 0.27106), (0.63498, 0.55718, 0.24345), (0.63498, 0.55718, 0.24345), (0.63498, 0.55718, 0.24345), (0.63498, 0.5622, 0.26102), (0.63498, 0.56973, 0.27106), (0.63498, 0.52706, 0.19827), (0.63498, 0.52706, 0.20078), (0.63498, 0.52706, 0.20078), (0.63247, 0.52706, 0.19075), (0.63498, 0.51702, 0.19075), (0.62996, 0.51953, 0.19075), (0.62996, 0.55467, 0.24345), (0.63749, 0.56973, 0.27608), (0.63498, 0.56973, 0.27106), (0.63498, 0.56973, 0.27106), (0.63498, 0.55467, 0.24596), (0.62996, 0.55467, 0.24345), (0.63498, 0.5622, 0.26102), (0.63749, 0.5622, 0.256), (0.62996, 0.55718, 0.26102), (0.62996, 0.55467, 0.22839), (0.64, 0.5622, 0.25349), (0.64, 0.56722, 0.25098), (0.62996, 0.55718, 0.26102), (0.64, 0.57224, 0.27859), (0.63498, 0.5622, 0.26102), (0.63498, 0.52706, 0.20078), (0.63498, 0.52706, 0.19827), (0.63498, 0.52706, 0.19827), (0.64, 0.56471, 0.25349), (0.63498, 0.5622, 0.24094), (0.63498, 0.5622, 0.24596), (0.63498, 0.5622, 0.24596), (0.63498, 0.55969, 0.25349), (0.64, 0.56471, 0.25349), (0.64, 0.55969, 0.256), (0.64, 0.5622, 0.26855), (0.63749, 0.56471, 0.26855), (0.63749, 0.56471, 0.26855), (0.63749, 0.56471, 0.27106), (0.64, 0.55969, 0.256), (0.64, 0.56471, 0.25349), (0.63749, 0.56722, 0.25349), (0.63749, 0.56722, 0.25098), (0.63749, 0.5622, 0.23592), (0.62745, 0.53459, 0.20831), (0.63247, 0.53208, 0.20078), (0.63498, 0.5371, 0.21835), (0.64, 0.55216, 0.22588), (0.63498, 0.55216, 0.22839), (0.63498, 0.55216, 0.22839), (0.62494, 0.52455, 0.18824), (0.63498, 0.5371, 0.21835), (0.62996, 0.44925, 0.10792), (0.63247, 0.44675, 0.10792), (0.62996, 0.44925, 0.1029), (0.62996, 0.44925, 0.1029), (0.63498, 0.45176, 0.10541), (0.62996, 0.44925, 0.10792), (0.63247, 0.52706, 0.19075), (0.63749, 0.51451, 0.18573), (0.63498, 0.50196, 0.17067), (0.63498, 0.50196, 0.17067), (0.63498, 0.52455, 0.18573), (0.63247, 0.52706, 0.19075), (0.62745, 0.46431, 0.13804), (0.62996, 0.46682, 0.14055), (0.62243, 0.47184, 0.14557), (0.62494, 0.53208, 0.20078), (0.62996, 0.53208, 0.20329), (0.62745, 0.53961, 0.21835), (0.61741, 0.49694, 0.16063), (0.62243, 0.50196, 0.16565), (0.63498, 0.49443, 0.15059), (0.60988, 0.47937, 0.14055), (0.62494, 0.50196, 0.17318), (0.63247, 0.49192, 0.14808), (0.63247, 0.49192, 0.14808), (0.62494, 0.46431, 0.12298), (0.60988, 0.47937, 0.14055), (0.62996, 0.52204, 0.19576), (0.61741, 0.50949, 0.18071), (0.62494, 0.51451, 0.18573), (0.62494, 0.51451, 0.18573), (0.63498, 0.52455, 0.19576), (0.62996, 0.52204, 0.19576), (0.62996, 0.46431, 0.12298), (0.62996, 0.46682, 0.14055), (0.62996, 0.46682, 0.14055), (0.62996, 0.46682, 0.14055), (0.63247, 0.4618, 0.12298), (0.62996, 0.46431, 0.12298), (0.63247, 0.55467, 0.24094), (0.63498, 0.5622, 0.24596), (0.63498, 0.5622, 0.24094), (0.63247, 0.55969, 0.24345), (0.62745, 0.54212, 0.22588), (0.62745, 0.53961, 0.21835), (0.62996, 0.51953, 0.19075), (0.63247, 0.52204, 0.19325), (0.63247, 0.52706, 0.19075), (0.62243, 0.50196, 0.16565), (0.61992, 0.50949, 0.18071), (0.63498, 0.48941, 0.14808), (0.64, 0.56973, 0.26102), (0.63749, 0.57475, 0.27608), (0.63749, 0.57224, 0.27357), (0.63749, 0.57224, 0.27357), (0.63749, 0.56722, 0.25851), (0.64, 0.56973, 0.26102), (0.63749, 0.54714, 0.24094), (0.64, 0.55718, 0.24847), (0.64, 0.55467, 0.24345), (0.64, 0.55467, 0.24345), (0.64, 0.55216, 0.25098), (0.63749, 0.54714, 0.24094), (0.63749, 0.55216, 0.24345), (0.62745, 0.53961, 0.21835), (0.63247, 0.54463, 0.22337), (0.63247, 0.54463, 0.22337), (0.64, 0.55216, 0.23592), (0.63749, 0.55216, 0.24345), (0.62494, 0.52957, 0.21082), (0.62494, 0.53459, 0.22588), (0.62494, 0.53208, 0.2058), (0.62494, 0.53208, 0.2058), (0.63749, 0.51953, 0.19325), (0.62494, 0.52957, 0.21082), (0.63749, 0.55216, 0.24094), (0.64, 0.5622, 0.25349), (0.63498, 0.5622, 0.24094), (0.63749, 0.57224, 0.26353), (0.64, 0.57475, 0.26604), (0.63498, 0.57475, 0.26353), (0.62996, 0.55467, 0.22839), (0.64, 0.57475, 0.27106), (0.63749, 0.56973, 0.27608), (0.63247, 0.55216, 0.24345), (0.64, 0.56973, 0.256), (0.63247, 0.56973, 0.25349), (0.63247, 0.56973, 0.25349), (0.63247, 0.55718, 0.25098), (0.63247, 0.55216, 0.24345), (0.63749, 0.57224, 0.26855), (0.64, 0.55467, 0.22086), (0.64, 0.55216, 0.22588), (0.64, 0.55216, 0.22588), (0.63247, 0.56722, 0.26353), (0.63749, 0.57224, 0.26855), (0.63749, 0.54714, 0.23843), (0.64, 0.52455, 0.19325), (0.64, 0.52455, 0.18573), (0.62243, 0.46431, 0.14055), (0.62745, 0.47184, 0.13804), (0.63247, 0.46431, 0.13051), (0.63247, 0.46431, 0.13051), (0.63498, 0.46682, 0.13804), (0.62243, 0.46431, 0.14055), (0.62745, 0.53961, 0.21835), (0.62243, 0.53961, 0.21584), (0.62494, 0.53208, 0.20078), (0.63247, 0.54714, 0.23592), (0.62745, 0.57224, 0.26604), (0.63247, 0.56722, 0.26353), (0.64, 0.52455, 0.18573), (0.63749, 0.55216, 0.24094), (0.63749, 0.54714, 0.23843), (0.62745, 0.55216, 0.24094), (0.63498, 0.56973, 0.26102), (0.64, 0.56973, 0.256), (0.64, 0.56973, 0.256), (0.63247, 0.55216, 0.24345), (0.62745, 0.55216, 0.24094), (0.62494, 0.51702, 0.19075), (0.62745, 0.52455, 0.21333), (0.63498, 0.53208, 0.22086), (0.63498, 0.53208, 0.22086), (0.62996, 0.52706, 0.2058), (0.62494, 0.51702, 0.19075), (0.63498, 0.54212, 0.21584), (0.62996, 0.50447, 0.19075), (0.64, 0.51451, 0.20078), (0.64, 0.51451, 0.20078), (0.63749, 0.54965, 0.22839), (0.63498, 0.54212, 0.21584), (0.63498, 0.56471, 0.25098), (0.63498, 0.57475, 0.26855), (0.63749, 0.57725, 0.27106), (0.63247, 0.56722, 0.26353), (0.62243, 0.53459, 0.21333), (0.63247, 0.54714, 0.23592), (0.63749, 0.56973, 0.27608), (0.62996, 0.55467, 0.22839), (0.62996, 0.55467, 0.22839), (0.62996, 0.52957, 0.19827), (0.63247, 0.52455, 0.19576), (0.63498, 0.52706, 0.20078), (0.63498, 0.57475, 0.26353), (0.63749, 0.57224, 0.26353), (0.63749, 0.57224, 0.26353), (0.63498, 0.5622, 0.24094), (0.64, 0.56471, 0.25349), (0.63749, 0.55216, 0.24094), (0.63749, 0.57475, 0.25851), (0.64, 0.56722, 0.26604), (0.64, 0.57725, 0.26855), (0.63498, 0.56973, 0.26604), (0.63498, 0.55718, 0.24345), (0.63498, 0.55718, 0.24345), (0.62494, 0.52455, 0.19325), (0.62996, 0.52957, 0.19827), (0.62996, 0.52957, 0.19827), (0.62996, 0.52957, 0.19827), (0.62996, 0.52204, 0.19325), (0.62494, 0.52455, 0.19325), (0.62996, 0.55718, 0.24094), (0.63498, 0.55467, 0.24596), (0.63749, 0.55718, 0.25349), (0.63749, 0.55718, 0.25349), (0.63749, 0.55718, 0.24847), (0.62996, 0.55718, 0.24094), (0.63498, 0.5622, 0.24094), (0.63749, 0.55216, 0.23592), (0.63247, 0.55467, 0.24094), (0.63247, 0.53208, 0.20078), (0.64, 0.55718, 0.24094), (0.63749, 0.5622, 0.23592), (0.62745, 0.53961, 0.22337), (0.63498, 0.5622, 0.26102), (0.63749, 0.5622, 0.256), (0.63749, 0.5622, 0.256), (0.63749, 0.54965, 0.23341), (0.62745, 0.53961, 0.22337), (0.64, 0.5622, 0.25349), (0.63749, 0.55216, 0.24094), (0.62494, 0.54714, 0.23341), (0.62494, 0.54714, 0.23341), (0.64, 0.56722, 0.25098), (0.64, 0.5622, 0.25349), (0.62745, 0.49443, 0.14808), (0.63247, 0.49192, 0.14808), (0.63247, 0.49192, 0.14306), (0.63247, 0.54714, 0.2309), (0.62745, 0.54714, 0.23843), (0.63247, 0.55216, 0.24345), (0.63247, 0.55216, 0.24345), (0.63749, 0.55969, 0.24596), (0.63247, 0.54714, 0.2309), (0.62996, 0.52957, 0.19325), (0.63498, 0.52455, 0.19576), (0.63749, 0.52706, 0.19827), (0.63749, 0.52706, 0.19827), (0.63247, 0.53208, 0.20078), (0.62996, 0.52957, 0.19325), (0.64, 0.55216, 0.25098), (0.64, 0.55467, 0.24345), (0.63498, 0.55467, 0.24596), (0.63498, 0.55467, 0.24596), (0.63498, 0.55467, 0.256), (0.64, 0.55216, 0.25098), (0.62996, 0.46431, 0.12298), (0.61741, 0.45929, 0.13051), (0.60486, 0.46933, 0.13804), (0.60486, 0.46933, 0.13804), (0.5898, 0.44424, 0.11043), (0.62996, 0.46431, 0.12298), (0.63498, 0.53961, 0.2058), (0.63247, 0.5371, 0.20329), (0.63498, 0.53459, 0.20329), (0.63498, 0.53459, 0.20329), (0.63247, 0.53459, 0.2058), (0.63498, 0.53961, 0.2058), (0.63247, 0.49192, 0.14306), (0.63498, 0.49443, 0.14557), (0.62745, 0.49443, 0.14808), (0.64, 0.5622, 0.25349), (0.63247, 0.5371, 0.21835), (0.63749, 0.54965, 0.23341), (0.63749, 0.54965, 0.23341), (0.63749, 0.5622, 0.26102), (0.64, 0.5622, 0.25349), (0.62996, 0.54212, 0.22588), (0.64, 0.54463, 0.2309), (0.63749, 0.5622, 0.26102), (0.63749, 0.5622, 0.26102), (0.63749, 0.5622, 0.256), (0.62996, 0.54212, 0.22588), (0.62494, 0.48941, 0.15059), (0.63247, 0.50196, 0.15561), (0.63498, 0.49443, 0.14557), (0.63498, 0.49443, 0.14557), (0.63247, 0.49192, 0.14306), (0.62494, 0.48941, 0.15059), (0.63749, 0.5622, 0.26102), (0.64, 0.58478, 0.28361), (0.63247, 0.57725, 0.27106), (0.63247, 0.57725, 0.27106), (0.63749, 0.5622, 0.26102), (0.63749, 0.5622, 0.26102), (0.64, 0.57976, 0.27608), (0.63749, 0.5622, 0.26102), (0.63749, 0.5622, 0.26102), (0.63247, 0.53459, 0.21584), (0.62745, 0.55216, 0.22588), (0.62494, 0.54212, 0.21835), (0.62996, 0.50447, 0.19075), (0.63498, 0.54212, 0.21584), (0.63749, 0.52957, 0.20831), (0.63749, 0.52957, 0.20831), (0.62494, 0.50196, 0.18071), (0.62996, 0.50447, 0.19075), (0.62996, 0.52204, 0.19576), (0.62996, 0.52204, 0.20078), (0.63247, 0.52204, 0.19325), (0.63247, 0.52204, 0.19325), (0.62996, 0.51953, 0.19075), (0.62996, 0.52204, 0.19576), (0.63749, 0.49694, 0.14808), (0.63498, 0.49443, 0.15059), (0.63498, 0.49443, 0.15059), (0.63498, 0.49443, 0.15059), (0.63498, 0.49443, 0.15059), (0.63749, 0.49694, 0.14808), (0.63749, 0.56722, 0.25098), (0.63749, 0.55718, 0.24847), (0.64, 0.56471, 0.25349), (0.62745, 0.54965, 0.2309), (0.64, 0.56973, 0.26102), (0.64, 0.57475, 0.27608), (0.64, 0.57475, 0.27608), (0.63247, 0.55467, 0.23592), (0.62745, 0.54965, 0.2309), (0.63749, 0.54965, 0.22337), (0.63749, 0.55467, 0.22588), (0.63498, 0.54965, 0.23341), (0.63498, 0.54965, 0.23341), (0.63749, 0.55467, 0.22086), (0.63749, 0.54965, 0.22337), (0.63749, 0.54965, 0.22839), (0.62745, 0.56471, 0.24094), (0.62996, 0.56722, 0.24345), (0.62996, 0.56722, 0.24345), (0.63749, 0.54965, 0.22839), (0.63749, 0.54965, 0.22839), (0.63749, 0.52957, 0.20831), (0.63749, 0.54965, 0.22337), (0.63749, 0.54965, 0.22839), (0.64, 0.57725, 0.26855), (0.64, 0.57976, 0.27357), (0.63749, 0.57475, 0.25851), (0.63247, 0.49192, 0.14808), (0.62745, 0.49443, 0.14808), (0.63498, 0.49443, 0.15059), (0.62494, 0.54714, 0.23341), (0.64, 0.56722, 0.27106), (0.64, 0.56722, 0.27357), (0.62745, 0.54965, 0.23592), (0.64, 0.5622, 0.25851), (0.64, 0.55718, 0.24847), (0.64, 0.55718, 0.24847), (0.62745, 0.54212, 0.2309), (0.62745, 0.54965, 0.23592), (0.61992, 0.53208, 0.21584), (0.63247, 0.52957, 0.21835), (0.63498, 0.52706, 0.20078), (0.63498, 0.52706, 0.20078), (0.63247, 0.53208, 0.20078), (0.61992, 0.53208, 0.21584), (0.61992, 0.46431, 0.12047), (0.62243, 0.47184, 0.14557), (0.62996, 0.46682, 0.14055), (0.62996, 0.46682, 0.14055), (0.62996, 0.46431, 0.11796), (0.61992, 0.46431, 0.12047), (0.63247, 0.52455, 0.19576), (0.63498, 0.52706, 0.19827), (0.63498, 0.52706, 0.19827), (0.63498, 0.56973, 0.26102), (0.63247, 0.56722, 0.26353), (0.64, 0.56973, 0.26102), (0.64, 0.56973, 0.26102), (0.64, 0.56973, 0.26102), (0.63498, 0.56973, 0.26102), (0.63498, 0.55969, 0.24847), (0.64, 0.57725, 0.2811), (0.63749, 0.56973, 0.27608), (0.63749, 0.56973, 0.27608), (0.62996, 0.55467, 0.24345), (0.63498, 0.55969, 0.24847), (0.63247, 0.55718, 0.24596), (0.63749, 0.56722, 0.25851), (0.63498, 0.5622, 0.26102), (0.63498, 0.5622, 0.26102), (0.63749, 0.56471, 0.26353), (0.63247, 0.55718, 0.24596), (0.62745, 0.52957, 0.20078), (0.63498, 0.5371, 0.21333), (0.62745, 0.52957, 0.2058), (0.63749, 0.57725, 0.27106), (0.64, 0.56973, 0.25349), (0.63498, 0.56471, 0.25098), (0.62996, 0.46431, 0.11796), (0.63247, 0.46431, 0.13804), (0.62996, 0.46682, 0.14055), (0.62996, 0.46682, 0.14055), (0.62996, 0.46431, 0.12298), (0.62996, 0.46431, 0.11796), (0.62996, 0.44925, 0.1029), (0.63247, 0.45176, 0.10541), (0.63247, 0.44675, 0.10792), (0.63247, 0.44675, 0.10792), (0.62996, 0.44925, 0.10792), (0.62996, 0.44925, 0.1029), (0.63498, 0.55718, 0.24345), (0.63498, 0.56973, 0.27106), (0.63498, 0.56973, 0.26604), (0.64, 0.56722, 0.27357), (0.62745, 0.54965, 0.23592), (0.62494, 0.54714, 0.23341), (0.62745, 0.49694, 0.15059), (0.62745, 0.51953, 0.17318), (0.62996, 0.52455, 0.18322), (0.62996, 0.52455, 0.18322), (0.62996, 0.512, 0.16565), (0.62745, 0.49694, 0.15059), (0.62494, 0.52706, 0.20831), (0.62745, 0.52706, 0.21584), (0.63498, 0.52706, 0.19827), (0.63498, 0.52706, 0.19827), (0.63498, 0.52706, 0.20078), (0.62494, 0.52706, 0.20831), (0.63498, 0.56973, 0.26102), (0.63749, 0.56973, 0.27608), (0.64, 0.57475, 0.27106), (0.64, 0.57475, 0.27106), (0.64, 0.56973, 0.25349), (0.63498, 0.56973, 0.26102), (0.63247, 0.52455, 0.19827), (0.63498, 0.52706, 0.19827), (0.63247, 0.52455, 0.19576), (0.63247, 0.52455, 0.19576), (0.63247, 0.53208, 0.20078), (0.63247, 0.52455, 0.19827), (0.63247, 0.55216, 0.24345), (0.64, 0.57475, 0.27608), (0.64, 0.56973, 0.26102), (0.62996, 0.52204, 0.19325), (0.63498, 0.52706, 0.19827), (0.63749, 0.52455, 0.20078), (0.63749, 0.52455, 0.20078), (0.63749, 0.52706, 0.19827), (0.62996, 0.52204, 0.19325), (0.63749, 0.56471, 0.24847), (0.63749, 0.56722, 0.25851), (0.63749, 0.5622, 0.25098), (0.63749, 0.5622, 0.25098), (0.63749, 0.56471, 0.24847), (0.63749, 0.56471, 0.24847), (0.62243, 0.53961, 0.21584), (0.62494, 0.5371, 0.21082), (0.61992, 0.54212, 0.22337), (0.64, 0.55467, 0.24345), (0.63498, 0.53961, 0.2058), (0.63498, 0.53961, 0.2058), (0.63498, 0.53961, 0.2058), (0.63498, 0.55467, 0.24596), (0.64, 0.55467, 0.24345), (0.64, 0.55718, 0.24596), (0.63247, 0.52204, 0.18824), (0.63247, 0.52455, 0.19827), (0.63247, 0.55216, 0.24847), (0.62996, 0.55718, 0.24094), (0.63749, 0.55718, 0.24847), (0.63749, 0.55718, 0.24847), (0.63247, 0.55216, 0.24345), (0.63247, 0.55216, 0.24847), (0.63247, 0.55718, 0.256), (0.63247, 0.55969, 0.25851), (0.63498, 0.55969, 0.25349), (0.63498, 0.55969, 0.25349), (0.63749, 0.55718, 0.24847), (0.63247, 0.55718, 0.256), (0.63498, 0.52706, 0.19827), (0.63498, 0.52706, 0.19827), (0.63247, 0.52455, 0.19576), (0.63749, 0.51953, 0.19325), (0.63247, 0.53459, 0.19075), (0.62745, 0.52455, 0.17318), (0.64, 0.55969, 0.25098), (0.64, 0.5622, 0.24847), (0.63498, 0.55467, 0.24596), (0.63749, 0.5622, 0.26102), (0.64, 0.56973, 0.26855), (0.64, 0.57976, 0.27608), (0.62494, 0.54212, 0.21835), (0.63498, 0.53208, 0.21584), (0.63247, 0.53459, 0.21584), (0.63498, 0.55467, 0.24596), (0.63498, 0.56973, 0.27106), (0.64, 0.55969, 0.25098), (0.64, 0.56973, 0.26102), (0.62745, 0.54965, 0.23592), (0.63247, 0.55216, 0.24345), (0.63498, 0.49443, 0.15059), (0.63247, 0.49192, 0.14808), (0.63247, 0.49192, 0.14808), (0.63498, 0.5622, 0.24596), (0.62745, 0.53961, 0.21835), (0.62996, 0.54212, 0.21584), (0.62996, 0.54212, 0.21584), (0.63247, 0.55216, 0.24847), (0.63498, 0.5622, 0.24596), (0.63749, 0.54965, 0.22839), (0.62745, 0.52455, 0.20329), (0.63749, 0.52957, 0.20831), (0.64, 0.56722, 0.27106), (0.63749, 0.57725, 0.27106), (0.63749, 0.57725, 0.27106), (0.61992, 0.54212, 0.22337), (0.62745, 0.54965, 0.2309), (0.62243, 0.53961, 0.21584), (0.63749, 0.56722, 0.25098), (0.63498, 0.56973, 0.26102), (0.64, 0.56973, 0.25349), (0.62996, 0.5622, 0.23843), (0.63247, 0.56722, 0.25851), (0.64, 0.5622, 0.25349), (0.62996, 0.53208, 0.20831), (0.63247, 0.52957, 0.20831), (0.63247, 0.52204, 0.19325), (0.63247, 0.52204, 0.19325), (0.63498, 0.52706, 0.19827), (0.62996, 0.53208, 0.20831), (0.62996, 0.52204, 0.19325), (0.62996, 0.52957, 0.19827), (0.62494, 0.52957, 0.19576), (0.62494, 0.52957, 0.19576), (0.63247, 0.52455, 0.19576), (0.62996, 0.52204, 0.19325), (0.63749, 0.57725, 0.27106), (0.62494, 0.55969, 0.26102), (0.64, 0.56722, 0.27106), (0.62243, 0.51451, 0.16816), (0.62494, 0.51953, 0.18322), (0.62494, 0.51953, 0.1782), (0.62494, 0.51953, 0.1782), (0.62494, 0.50949, 0.16314), (0.62243, 0.51451, 0.16816), (0.62494, 0.51451, 0.17569), (0.61992, 0.50949, 0.17569), (0.62996, 0.50949, 0.17318), (0.62996, 0.50949, 0.17318), (0.63247, 0.51702, 0.1782), (0.62494, 0.51451, 0.17569), (0.5898, 0.44424, 0.11043), (0.59482, 0.4618, 0.13051), (0.61741, 0.45678, 0.11545), (0.64, 0.57475, 0.27106), (0.63498, 0.56973, 0.26604), (0.63749, 0.56471, 0.26353), (0.63749, 0.56471, 0.26353), (0.63749, 0.57224, 0.26855), (0.64, 0.57475, 0.27106), (0.63247, 0.52455, 0.19576), (0.62996, 0.52957, 0.19827), (0.62494, 0.53208, 0.2058), (0.61741, 0.45678, 0.11545), (0.62996, 0.46431, 0.12298), (0.5898, 0.44424, 0.11043), (0.62996, 0.51451, 0.17569), (0.62996, 0.52957, 0.19325), (0.62243, 0.5371, 0.22086), (0.63247, 0.52706, 0.19075), (0.62996, 0.52204, 0.17569), (0.62494, 0.52706, 0.18322), (0.62494, 0.52706, 0.18322), (0.62494, 0.52455, 0.19325), (0.63247, 0.52706, 0.19075), (0.62996, 0.55467, 0.24345), (0.64, 0.56973, 0.26102), (0.63498, 0.56471, 0.25098), (0.63498, 0.56471, 0.25098), (0.62745, 0.55216, 0.24596), (0.62996, 0.55467, 0.24345), (0.62745, 0.52957, 0.2058), (0.62745, 0.52706, 0.19827), (0.62745, 0.52957, 0.20078), (0.64, 0.55718, 0.24094), (0.63247, 0.55216, 0.24345), (0.64, 0.56471, 0.26353), (0.64, 0.56471, 0.26353), (0.62745, 0.54714, 0.23843), (0.64, 0.55718, 0.24094), (0.63247, 0.52455, 0.19827), (0.63247, 0.54212, 0.23341), (0.64, 0.55718, 0.24596), (0.63749, 0.57725, 0.27106), (0.64, 0.56973, 0.26102), (0.64, 0.57475, 0.27106), (0.63749, 0.52957, 0.20078), (0.62996, 0.52957, 0.19827), (0.62745, 0.52706, 0.19576), (0.62996, 0.52957, 0.19827), (0.62996, 0.52957, 0.19827), (0.62996, 0.52957, 0.19827), (0.62745, 0.52706, 0.19576), (0.63498, 0.52706, 0.19827), (0.63749, 0.52957, 0.20078), (0.63247, 0.54714, 0.23592), (0.62996, 0.54212, 0.22086), (0.64, 0.5622, 0.24847), (0.64, 0.5622, 0.24847), (0.63247, 0.55216, 0.24847), (0.63247, 0.54714, 0.23592), (0.62494, 0.52455, 0.19576), (0.63749, 0.51702, 0.19576), (0.63749, 0.51953, 0.19325), (0.64, 0.5622, 0.26353), (0.64, 0.55718, 0.24847), (0.64, 0.56722, 0.27106), (0.64, 0.56722, 0.27106), (0.64, 0.56722, 0.27106), (0.64, 0.5622, 0.26353), (0.62745, 0.52706, 0.19576), (0.64, 0.55718, 0.24094), (0.64, 0.55718, 0.24094), (0.64, 0.55718, 0.24094), (0.63247, 0.53208, 0.20078), (0.62745, 0.52706, 0.19576), (0.63749, 0.51953, 0.19325), (0.62494, 0.53208, 0.2058), (0.62494, 0.52455, 0.19576), (0.63498, 0.52455, 0.19576), (0.62745, 0.50698, 0.17067), (0.62745, 0.50196, 0.16314), (0.62745, 0.50196, 0.16314), (0.63247, 0.50196, 0.16314), (0.63498, 0.52455, 0.19576), (0.63498, 0.52455, 0.19075), (0.62996, 0.50447, 0.17067), (0.63247, 0.512, 0.17067), (0.63247, 0.512, 0.17067), (0.63498, 0.52455, 0.19576), (0.63498, 0.52455, 0.19075), (0.63247, 0.56722, 0.26353), (0.64, 0.55467, 0.22086), (0.64, 0.56471, 0.23843), (0.64, 0.56471, 0.23843), (0.64, 0.56973, 0.26102), (0.63247, 0.56722, 0.26353), (0.62996, 0.51702, 0.19325), (0.62745, 0.52706, 0.21584), (0.63247, 0.52204, 0.19325), (0.63247, 0.52204, 0.19325), (0.63247, 0.52204, 0.19325), (0.62996, 0.51702, 0.19325), (0.62494, 0.53208, 0.2058), (0.62745, 0.52957, 0.20078), (0.63247, 0.52455, 0.19576), (0.63247, 0.50196, 0.15561), (0.62494, 0.48941, 0.15059), (0.62494, 0.50698, 0.17569), (0.62494, 0.50698, 0.17569), (0.61741, 0.50698, 0.16816), (0.63247, 0.50196, 0.15561), (0.63247, 0.4869, 0.14557), (0.63498, 0.49443, 0.15059), (0.63247, 0.49192, 0.14808), (0.63247, 0.49192, 0.14808), (0.63247, 0.4869, 0.14557), (0.63247, 0.4869, 0.14557), (0.63749, 0.52204, 0.18322), (0.63247, 0.52204, 0.19325), (0.63498, 0.52455, 0.19576), (0.63749, 0.53961, 0.21584), (0.63247, 0.51702, 0.1782), (0.63498, 0.51953, 0.18071), (0.63498, 0.51953, 0.18071), (0.63749, 0.54212, 0.23341), (0.63749, 0.53961, 0.21584), (0.63498, 0.53208, 0.21082), (0.62243, 0.52706, 0.20831), (0.62745, 0.53208, 0.21333), (0.62745, 0.53208, 0.21333), (0.63247, 0.52957, 0.20831), (0.63498, 0.53208, 0.21082), (0.62745, 0.52455, 0.17318), (0.62996, 0.512, 0.18071), (0.63749, 0.51953, 0.19325), (0.63749, 0.54714, 0.24094), (0.63498, 0.55467, 0.24596), (0.63498, 0.55718, 0.24345), (0.63498, 0.55718, 0.24345), (0.64, 0.54965, 0.24094), (0.63749, 0.54714, 0.24094), (0.63247, 0.53961, 0.21333), (0.63749, 0.54212, 0.20831), (0.62996, 0.5371, 0.2058), (0.62996, 0.5371, 0.2058), (0.62745, 0.54212, 0.22588), (0.63247, 0.53961, 0.21333), (0.62745, 0.50698, 0.17067), (0.62494, 0.49192, 0.16063), (0.63749, 0.55718, 0.24847), (0.63749, 0.55718, 0.24847), (0.64, 0.55467, 0.23843), (0.64, 0.55718, 0.24596), (0.63247, 0.52204, 0.19325), (0.62996, 0.51953, 0.19075), (0.63247, 0.52204, 0.19325), (0.63749, 0.52957, 0.20831), (0.63749, 0.54714, 0.24094), (0.63247, 0.54463, 0.22337), (0.64, 0.57475, 0.27106), (0.63749, 0.57725, 0.27106), (0.63749, 0.57725, 0.27106), (0.64, 0.56973, 0.25349), (0.63749, 0.56722, 0.25851), (0.63749, 0.56722, 0.25098), (0.63749, 0.5622, 0.26102), (0.64, 0.56722, 0.26604), (0.64, 0.56471, 0.25851), (0.62494, 0.51702, 0.19075), (0.63247, 0.52957, 0.21333), (0.63247, 0.52455, 0.19576), (0.63247, 0.52455, 0.19576), (0.62243, 0.52455, 0.19576), (0.6149, 0.49192, 0.13804), (0.63247, 0.52204, 0.19325), (0.63247, 0.52204, 0.19325), (0.63247, 0.52204, 0.19325), (0.63247, 0.52204, 0.19325), (0.62996, 0.51953, 0.19075), (0.63247, 0.52204, 0.19325), (0.63749, 0.56722, 0.25851), (0.63749, 0.57224, 0.27357), (0.63749, 0.56471, 0.26353), (0.62494, 0.51953, 0.1782), (0.63247, 0.55467, 0.23592), (0.63498, 0.54965, 0.23341), (0.63247, 0.52706, 0.19075), (0.63247, 0.52455, 0.19827), (0.62494, 0.52204, 0.20078), (0.62494, 0.52204, 0.20078), (0.63247, 0.52455, 0.19576), (0.63247, 0.52706, 0.19075), (0.63749, 0.57475, 0.27608), (0.63498, 0.56973, 0.26604), (0.63498, 0.56973, 0.27106), (0.63498, 0.56973, 0.27106), (0.63749, 0.57224, 0.27357), (0.63749, 0.57475, 0.27608), (0.63498, 0.54965, 0.23341), (0.62243, 0.52455, 0.20078), (0.62494, 0.51953, 0.1782), (0.64, 0.56722, 0.25349), (0.64, 0.58478, 0.28361), (0.62745, 0.57224, 0.26604), (0.62996, 0.53208, 0.20329), (0.62745, 0.52957, 0.20078), (0.62243, 0.53459, 0.20831), (0.62243, 0.53459, 0.20831), (0.62243, 0.53459, 0.21835), (0.62996, 0.53208, 0.20329), (0.62996, 0.50447, 0.19075), (0.63247, 0.50949, 0.18824), (0.63247, 0.50949, 0.18824), (0.63247, 0.50949, 0.18824), (0.64, 0.51451, 0.20078), (0.62996, 0.50447, 0.19075), (0.62494, 0.53208, 0.20078), (0.62494, 0.53208, 0.2058), (0.62996, 0.52957, 0.19827), (0.63247, 0.52204, 0.19325), (0.63247, 0.52204, 0.19325), (0.63247, 0.52204, 0.19325), (0.62996, 0.52957, 0.19827), (0.62745, 0.53208, 0.19827), (0.62494, 0.53208, 0.20078), (0.62996, 0.52957, 0.19827), (0.62996, 0.52957, 0.19827), (0.62996, 0.52957, 0.19827), (0.62745, 0.57224, 0.26604), (0.63247, 0.54714, 0.23592), (0.64, 0.56722, 0.25349), (0.63247, 0.54463, 0.22337), (0.61741, 0.49694, 0.17569), (0.63749, 0.52957, 0.20831), (0.62745, 0.51953, 0.17318), (0.62996, 0.51451, 0.17569), (0.63247, 0.51702, 0.1782), (0.63247, 0.51702, 0.1782), (0.62996, 0.52455, 0.18322), (0.62745, 0.51953, 0.17318), (0.64, 0.5622, 0.25349), (0.64, 0.55718, 0.23341), (0.62996, 0.5622, 0.23843), (0.63247, 0.52957, 0.20831), (0.63247, 0.53459, 0.21082), (0.61741, 0.50949, 0.18071), (0.61741, 0.50949, 0.18071), (0.62996, 0.52204, 0.19576), (0.63247, 0.52957, 0.20831), (0.63498, 0.54714, 0.22588), (0.64, 0.55718, 0.24094), (0.62745, 0.54714, 0.23843), (0.64, 0.57976, 0.27357), (0.63749, 0.54965, 0.22337), (0.63749, 0.55467, 0.22086), (0.63749, 0.55467, 0.22086), (0.63749, 0.57475, 0.25851), (0.64, 0.57976, 0.27357), (0.63247, 0.52957, 0.21835), (0.62494, 0.52706, 0.20831), (0.63498, 0.52706, 0.20078), (0.63498, 0.52706, 0.20078), (0.63498, 0.52706, 0.20078), (0.63247, 0.52957, 0.21835), (0.63749, 0.56722, 0.25349), (0.64, 0.56471, 0.25349), (0.63498, 0.55969, 0.25349), (0.63498, 0.56722, 0.27357), (0.63498, 0.56973, 0.26604), (0.64, 0.56973, 0.26855), (0.64, 0.56973, 0.26855), (0.63498, 0.56722, 0.27357), (0.63498, 0.56722, 0.27357), (0.61741, 0.45929, 0.13051), (0.62745, 0.47184, 0.13804), (0.58729, 0.44925, 0.12549), (0.58729, 0.44925, 0.12549), (0.60486, 0.46933, 0.13804), (0.61741, 0.45929, 0.13051), (0.63498, 0.56471, 0.25098), (0.64, 0.55216, 0.24345), (0.63498, 0.5371, 0.21835), (0.63498, 0.5371, 0.21835), (0.64, 0.56973, 0.26102), (0.63498, 0.56471, 0.25098), (0.63498, 0.5371, 0.21835), (0.62996, 0.52706, 0.21082), (0.63498, 0.54463, 0.24345), (0.63498, 0.54463, 0.24345), (0.62243, 0.53208, 0.22337), (0.63498, 0.5371, 0.21835), (0.62243, 0.5371, 0.22086), (0.62243, 0.52455, 0.20078), (0.62996, 0.51451, 0.17569), (0.62494, 0.54212, 0.21835), (0.64, 0.55216, 0.22588), (0.64, 0.54714, 0.21333), (0.64, 0.54714, 0.21333), (0.62996, 0.54212, 0.22086), (0.62494, 0.54212, 0.21835), (0.63749, 0.55216, 0.24345), (0.63498, 0.55467, 0.24596), (0.64, 0.5622, 0.24847), (0.62996, 0.54212, 0.22086), (0.64, 0.56471, 0.25349), (0.62996, 0.55718, 0.24094), (0.62996, 0.55718, 0.24094), (0.64, 0.5622, 0.24847), (0.62996, 0.54212, 0.22086), (0.63749, 0.54965, 0.22337), (0.64, 0.57976, 0.27357), (0.63498, 0.57475, 0.26353), (0.63749, 0.5371, 0.20831), (0.63498, 0.5371, 0.20831), (0.63498, 0.5371, 0.20831), (0.63247, 0.53208, 0.20329), (0.63749, 0.54463, 0.21333), (0.63749, 0.54212, 0.20831), (0.63749, 0.54212, 0.20831), (0.63749, 0.52957, 0.20078), (0.63247, 0.53208, 0.20329), (0.63498, 0.55467, 0.25098), (0.62996, 0.54212, 0.22086), (0.62996, 0.54212, 0.22086), (0.63498, 0.55969, 0.25349), (0.63498, 0.56471, 0.256), (0.63749, 0.56722, 0.25349), (0.62745, 0.54714, 0.23843), (0.64, 0.55718, 0.24094), (0.63498, 0.54714, 0.22588), (0.62996, 0.54212, 0.22086), (0.63498, 0.55467, 0.25098), (0.63498, 0.55467, 0.25098), (0.62996, 0.50447, 0.16565), (0.63498, 0.46682, 0.13804), (0.62996, 0.46933, 0.13804), (0.62996, 0.46933, 0.13804), (0.62494, 0.49945, 0.16063), (0.62996, 0.50447, 0.16565), (0.62494, 0.53459, 0.22588), (0.64, 0.55467, 0.25349), (0.64, 0.55216, 0.25098), (0.64, 0.55216, 0.25098), (0.63498, 0.54463, 0.23592), (0.62494, 0.53459, 0.22588), (0.64, 0.56471, 0.25851), (0.64, 0.55969, 0.26102), (0.63749, 0.5622, 0.26102), (0.63498, 0.54212, 0.21584), (0.63247, 0.5371, 0.21835), (0.63247, 0.5371, 0.20329), (0.63247, 0.5371, 0.20329), (0.63498, 0.53961, 0.2058), (0.63498, 0.54212, 0.21584), (0.62996, 0.52204, 0.19576), (0.63247, 0.55216, 0.24345), (0.63498, 0.55718, 0.24345), (0.63498, 0.55718, 0.24345), (0.62996, 0.52204, 0.19576), (0.62996, 0.52204, 0.19576), (0.64, 0.56722, 0.25098), (0.63498, 0.55969, 0.24847), (0.63247, 0.55718, 0.25098), (0.63247, 0.55718, 0.25098), (0.63247, 0.56973, 0.25349), (0.64, 0.56722, 0.25098), (0.63749, 0.56471, 0.26353), (0.63498, 0.5622, 0.26102), (0.63749, 0.56722, 0.25851), (0.62745, 0.54714, 0.23843), (0.63498, 0.55718, 0.24345), (0.63498, 0.55718, 0.24345), (0.64, 0.55969, 0.256), (0.62745, 0.53961, 0.23843), (0.63498, 0.54463, 0.23592), (0.63498, 0.54463, 0.23592), (0.63498, 0.53961, 0.22588), (0.63498, 0.5622, 0.26102), (0.64, 0.55216, 0.24345), (0.63498, 0.56471, 0.25098), (0.63498, 0.55969, 0.24847), (0.63498, 0.55969, 0.24847), (0.62745, 0.54212, 0.23341), (0.64, 0.55216, 0.24345), (0.63498, 0.52706, 0.19827), (0.63247, 0.52455, 0.19827), (0.63498, 0.52706, 0.19827), (0.62996, 0.55467, 0.24345), (0.62745, 0.55216, 0.24596), (0.62996, 0.55969, 0.25098), (0.63247, 0.53208, 0.20078), (0.63247, 0.52455, 0.19576), (0.62996, 0.52957, 0.19827), (0.63498, 0.54714, 0.22588), (0.63247, 0.53208, 0.20329), (0.64, 0.54212, 0.21333)] (
            interpolation = "faceVarying"
        )
        uniform token subdivisionScheme = "none"
    }
}
