#usda 1.0
(
    defaultPrim = "sevenup_can_visual"
    metersPerUnit = 1
    upAxis = "Z"
)

def Xform "sevenup_can_visual"
{
    def Mesh "mesh_0"
    {
        uniform bool doubleSided = 1
        int[] faceVertexCounts = [
            3, 3, 3, 3, 3, 3, 3, 3, 3, 3, 3, 3, 3, 3, 3, 3, 3, 3, 3, 3, 3, 3, 3, 3,
            3, 3, 3, 3, 3, 3, 3, 3, 3, 3, 3, 3, 3, 3, 3, 3, 3, 3, 3, 3, 3, 3, 3, 3,
            3, 3, 3, 3, 3, 3, 3, 3, 3, 3, 3, 3, 3, 3, 3, 3, 3, 3, 3, 3, 3, 3, 3, 3,
            3, 3, 3, 3, 3, 3, 3, 3, 3, 3, 3, 3, 3, 3, 3, 3, 3, 3, 3, 3, 3, 3, 3, 3,
            3, 3, 3, 3, 3, 3, 3, 3, 3, 3, 3, 3, 3, 3, 3, 3, 3, 3, 3, 3, 3, 3, 3, 3,
            3, 3, 3, 3, 3, 3, 3, 3, 3, 3, 3, 3, 3, 3, 3, 3, 3, 3, 3, 3, 3, 3, 3, 3,
            3, 3, 3, 3, 3, 3, 3, 3, 3, 3, 3, 3, 3, 3, 3, 3, 3, 3, 3, 3, 3, 3, 3, 3,
            3, 3, 3, 3, 3, 3, 3, 3, 3, 3, 3, 3, 3, 3, 3, 3, 3, 3, 3, 3, 3, 3, 3, 3,
            3, 3, 3, 3, 3, 3, 3, 3, 3, 3, 3, 3, 3, 3, 3, 3, 3, 3, 3, 3, 3, 3, 3, 3,
            3, 3, 3, 3, 3, 3, 3, 3, 3, 3, 3, 3, 3, 3, 3, 3, 3, 3, 3, 3, 3, 3, 3, 3,
            3, 3, 3, 3, 3, 3, 3, 3, 3, 3, 3, 3, 3, 3, 3, 3, 3, 3, 3, 3, 3, 3, 3, 3,
            3, 3, 3, 3, 3, 3, 3, 3, 3, 3, 3, 3, 3, 3, 3, 3, 3, 3, 3, 3, 3, 3, 3, 3,
            3, 3, 3, 3, 3, 3, 3, 3, 3, 3, 3, 3, 3, 3, 3, 3, 3, 3, 3, 3, 3, 3, 3, 3,
            3, 3, 3, 3, 3, 3, 3, 3, 3, 3, 3, 3, 3, 3, 3, 3, 3, 3, 3, 3, 3, 3, 3, 3,
            3, 3, 3, 3, 3, 3, 3, 3, 3, 3, 3, 3, 3, 3, 3, 3, 3, 3, 3, 3, 3, 3, 3, 3,
            3, 3, 3, 3, 3, 3, 3, 3, 3, 3, 3, 3, 3, 3, 3, 3, 3, 3, 3, 3, 3, 3, 3, 3,
            3, 3, 3, 3, 3, 3, 3, 3, 3, 3, 3, 3, 3, 3, 3, 3, 3, 3, 3, 3, 3, 3, 3, 3,
            3, 3, 3, 3, 3, 3, 3, 3, 3, 3, 3, 3, 3, 3, 3, 3, 3, 3, 3, 3, 3, 3, 3, 3,
            3, 3, 3, 3, 3, 3, 3, 3, 3, 3, 3, 3, 3, 3, 3, 3, 3, 3, 3, 3, 3, 3, 3, 3,
            3, 3, 3, 3, 3, 3, 3, 3, 3, 3, 3, 3, 3, 3, 3, 3, 3, 3, 3, 3, 3, 3, 3, 3,
            3, 3, 3, 3, 3, 3, 3, 3, 3, 3, 3, 3, 3, 3, 3, 3, 3, 3, 3, 3, 3, 3, 3, 3,
            3, 3, 3, 3, 3, 3, 3, 3, 3, 3, 3, 3, 3, 3, 3, 3, 3, 3, 3, 3, 3, 3, 3, 3,
            3, 3, 3, 3, 3, 3, 3, 3, 3, 3, 3, 3, 3, 3, 3, 3, 3, 3, 3, 3, 3, 3, 3, 3,
            3, 3, 3, 3, 3, 3, 3, 3, 3, 3, 3, 3, 3, 3, 3, 3, 3, 3, 3, 3, 3, 3, 3, 3,
            3, 3, 3, 3, 3, 3, 3, 3, 3, 3, 3, 3, 3, 3, 3, 3, 3, 3, 3, 3, 3, 3, 3, 3,
            3, 3, 3, 3, 3, 3, 3, 3, 3, 3, 3, 3, 3, 3, 3, 3, 3, 3, 3, 3, 3, 3, 3, 3,
            3, 3, 3, 3, 3, 3, 3, 3, 3, 3, 3, 3, 3, 3, 3, 3, 3, 3, 3, 3, 3, 3, 3, 3,
            3, 3, 3, 3, 3, 3, 3, 3, 3, 3, 3, 3, 3, 3, 3, 3, 3, 3, 3, 3, 3, 3, 3, 3,
            3, 3, 3, 3, 3, 3, 3, 3, 3, 3, 3, 3, 3, 3, 3, 3, 3, 3, 3, 3, 3, 3, 3, 3,
            3, 3, 3, 3, 3, 3, 3, 3, 3, 3, 3, 3, 3, 3, 3, 3, 3, 3, 3, 3, 3, 3, 3, 3,
            3, 3, 3, 3, 3, 3, 3, 3, 3, 3, 3, 3, 3, 3, 3, 3, 3, 3, 3, 3, 3, 3, 3, 3,
            3, 3, 3, 3, 3, 3, 3, 3, 3, 3, 3, 3, 3, 3, 3, 3, 3, 3, 3, 3, 3, 3, 3, 3,
            3, 3, 3, 3, 3, 3, 3, 3, 3, 3, 3, 3, 3, 3, 3, 3, 3, 3, 3, 3, 3, 3, 3, 3,
            3, 3, 3, 3, 3, 3, 3, 3, 3, 3, 3, 3, 3, 3, 3, 3, 3, 3, 3, 3, 3, 3, 3, 3,
            3, 3, 3, 3, 3, 3, 3, 3, 3, 3, 3, 3, 3, 3, 3, 3, 3, 3, 3, 3, 3, 3, 3, 3,
            3, 3, 3, 3, 3, 3, 3, 3, 3, 3, 3, 3, 3, 3, 3, 3, 3, 3, 3, 3, 3, 3, 3, 3,
            3, 3, 3, 3, 3, 3, 3, 3, 3, 3, 3, 3, 3, 3, 3, 3, 3, 3, 3, 3, 3, 3, 3, 3,
            3, 3, 3, 3, 3, 3, 3, 3, 3, 3, 3, 3, 3, 3, 3, 3, 3, 3, 3, 3, 3, 3, 3, 3,
            3, 3, 3, 3, 3, 3, 3, 3, 3, 3, 3, 3, 3, 3, 3, 3, 3, 3, 3, 3, 3, 3, 3, 3,
            3, 3, 3, 3, 3, 3, 3, 3, 3, 3, 3, 3, 3, 3, 3, 3, 3, 3, 3, 3, 3, 3, 3, 3
        ]
        int[] faceVertexIndices = [
            0, 1, 2, 0, 2, 3, 1, 4, 5, 1, 5, 2, 2, 5, 6, 2, 6, 7, 3, 2, 7, 3, 7, 8,
            4, 9, 10, 4, 10, 5, 9, 11, 12, 9, 12, 10, 10, 12, 13, 10, 13, 14, 5, 10, 14, 5, 14, 6,
            11, 15, 16, 11, 16, 12, 15, 17, 18, 15, 18, 16, 16, 18, 19, 16, 19, 20, 12, 16, 20, 12, 20, 13,
            17, 21, 22, 17, 22, 18, 21, 23, 24, 21, 24, 22, 22, 24, 25, 22, 25, 26, 18, 22, 26, 18, 26, 19,
            23, 27, 28, 23, 28, 24, 27, 29, 30, 27, 30, 28, 28, 30, 31, 28, 31, 32, 24, 28, 32, 24, 32, 25,
            29, 33, 34, 29, 34, 30, 33, 35, 36, 33, 36, 34, 34, 36, 37, 34, 37, 38, 30, 34, 38, 30, 38, 31,
            35, 39, 40, 35, 40, 36, 39, 41, 42, 39, 42, 40, 40, 42, 43, 40, 43, 44, 36, 40, 44, 36, 44, 37,
            41, 45, 46, 41, 46, 42, 45, 47, 48, 45, 48, 46, 46, 48, 49, 46, 49, 50, 42, 46, 50, 42, 50, 43,
            51, 52, 53, 51, 53, 54, 52, 55, 56, 52, 56, 53, 53, 56, 57, 53, 57, 58, 54, 53, 58, 54, 58, 59,
            55, 60, 61, 55, 61, 56, 60, 62, 63, 60, 63, 61, 61, 63, 64, 61, 64, 65, 56, 61, 65, 56, 65, 57,
            62, 66, 67, 62, 67, 63, 66, 68, 69, 66, 69, 67, 67, 69, 70, 67, 70, 71, 63, 67, 71, 63, 71, 64,
            68, 72, 73, 68, 73, 69, 72, 0, 3, 72, 3, 73, 73, 3, 8, 73, 8, 74, 69, 73, 74, 69, 74, 70,
            75, 76, 77, 75, 77, 78, 76, 79, 80, 76, 80, 77, 77, 80, 81, 77, 81, 82, 78, 77, 82, 78, 82, 83,
            79, 84, 85, 79, 85, 80, 84, 86, 87, 84, 87, 85, 85, 87, 88, 85, 88, 89, 80, 85, 89, 80, 89, 81,
            86, 90, 91, 86, 91, 87, 90, 92, 93, 90, 93, 91, 91, 93, 94, 91, 94, 95, 87, 91, 95, 87, 95, 88,
            92, 96, 97, 92, 97, 93, 96, 98, 99, 96, 99, 97, 97, 99, 100, 97, 100, 101, 93, 97, 101, 93, 101, 94,
            98, 102, 103, 98, 103, 99, 102, 104, 105, 102, 105, 103, 103, 105, 106, 103, 106, 107, 99, 103, 107, 99, 107, 100,
            104, 108, 109, 104, 109, 105, 108, 110, 111, 108, 111, 109, 109, 111, 112, 109, 112, 113, 105, 109, 113, 105, 113, 106,
            110, 114, 115, 110, 115, 111, 114, 116, 117, 114, 117, 115, 115, 117, 118, 115, 118, 119, 111, 115, 119, 111, 119, 112,
            116, 120, 121, 116, 121, 117, 120, 122, 123, 120, 123, 121, 121, 123, 124, 121, 124, 125, 117, 121, 125, 117, 125, 118,
            126, 127, 128, 126, 128, 129, 127, 130, 131, 127, 131, 128, 128, 131, 132, 128, 132, 133, 129, 128, 133, 129, 133, 134,
            130, 135, 136, 130, 136, 131, 135, 137, 138, 135, 138, 136, 136, 138, 139, 136, 139, 140, 131, 136, 140, 131, 140, 132,
            137, 141, 142, 137, 142, 138, 141, 143, 144, 141, 144, 142, 142, 144, 145, 142, 145, 146, 138, 142, 146, 138, 146, 139,
            143, 147, 148, 143, 148, 144, 147, 75, 78, 147, 78, 148, 148, 78, 83, 148, 83, 149, 144, 148, 149, 144, 149, 145,
            83, 82, 150, 83, 150, 151, 82, 81, 152, 82, 152, 150, 150, 152, 153, 150, 153, 154, 151, 150, 154, 151, 154, 155,
            81, 89, 156, 81, 156, 152, 89, 88, 157, 89, 157, 156, 156, 157, 158, 156, 158, 159, 152, 156, 159, 152, 159, 153,
            88, 95, 160, 88, 160, 157, 95, 94, 161, 95, 161, 160, 160, 161, 162, 160, 162, 163, 157, 160, 163, 157, 163, 158,
            94, 101, 164, 94, 164, 161, 101, 100, 165, 101, 165, 164, 164, 165, 166, 164, 166, 167, 161, 164, 167, 161, 167, 162,
            100, 107, 168, 100, 168, 165, 107, 106, 169, 107, 169, 168, 168, 169, 170, 168, 170, 171, 165, 168, 171, 165, 171, 166,
            106, 113, 172, 106, 172, 169, 113, 112, 173, 113, 173, 172, 172, 173, 174, 172, 174, 175, 169, 172, 175, 169, 175, 170,
            112, 119, 176, 112, 176, 173, 119, 118, 177, 119, 177, 176, 176, 177, 178, 176, 178, 179, 173, 176, 179, 173, 179, 174,
            118, 125, 180, 118, 180, 177, 125, 124, 181, 125, 181, 180, 180, 181, 182, 180, 182, 183, 177, 180, 183, 177, 183, 178,
            134, 133, 184, 134, 184, 185, 133, 132, 186, 133, 186, 184, 184, 186, 187, 184, 187, 188, 185, 184, 188, 185, 188, 189,
            132, 140, 190, 132, 190, 186, 140, 139, 191, 140, 191, 190, 190, 191, 192, 190, 192, 193, 186, 190, 193, 186, 193, 187,
            139, 146, 194, 139, 194, 191, 146, 145, 195, 146, 195, 194, 194, 195, 196, 194, 196, 197, 191, 194, 197, 191, 197, 192,
            145, 149, 198, 145, 198, 195, 149, 83, 151, 149, 151, 198, 198, 151, 155, 198, 155, 199, 195, 198, 199, 195, 199, 196,
            200, 201, 202, 200, 202, 203, 201, 204, 205, 201, 205, 202, 202, 205, 206, 202, 206, 207, 203, 202, 207, 203, 207, 208,
            204, 209, 210, 204, 210, 205, 209, 211, 212, 209, 212, 210, 210, 212, 213, 210, 213, 214, 205, 210, 214, 205, 214, 206,
            211, 215, 216, 211, 216, 212, 215, 217, 218, 215, 218, 216, 216, 218, 219, 216, 219, 220, 212, 216, 220, 212, 220, 213,
            217, 221, 222, 217, 222, 218, 221, 223, 224, 221, 224, 222, 222, 224, 225, 222, 225, 226, 218, 222, 226, 218, 226, 219,
            223, 227, 228, 223, 228, 224, 227, 229, 230, 227, 230, 228, 228, 230, 231, 228, 231, 232, 224, 228, 232, 224, 232, 225,
            229, 233, 234, 229, 234, 230, 233, 235, 236, 233, 236, 234, 234, 236, 237, 234, 237, 238, 230, 234, 238, 230, 238, 231,
            235, 239, 240, 235, 240, 236, 239, 241, 242, 239, 242, 240, 240, 242, 243, 240, 243, 244, 236, 240, 244, 236, 244, 237,
            241, 245, 246, 241, 246, 242, 245, 247, 248, 245, 248, 246, 246, 248, 249, 246, 249, 250, 242, 246, 250, 242, 250, 243,
            251, 252, 253, 251, 253, 254, 252, 255, 256, 252, 256, 253, 253, 256, 257, 253, 257, 258, 254, 253, 258, 254, 258, 259,
            255, 260, 261, 255, 261, 256, 260, 262, 263, 260, 263, 261, 261, 263, 264, 261, 264, 265, 256, 261, 265, 256, 265, 257,
            262, 266, 267, 262, 267, 263, 266, 268, 269, 266, 269, 267, 267, 269, 270, 267, 270, 271, 263, 267, 271, 263, 271, 264,
            268, 272, 273, 268, 273, 269, 272, 200, 203, 272, 203, 273, 273, 203, 208, 273, 208, 274, 269, 273, 274, 269, 274, 270,
            275, 276, 277, 275, 277, 278, 276, 279, 280, 276, 280, 277, 277, 280, 281, 277, 281, 282, 278, 277, 282, 278, 282, 283,
            284, 285, 286, 284, 286, 287, 285, 275, 278, 285, 278, 286, 286, 278, 283, 286, 283, 288, 287, 286, 288, 287, 288, 289,
            290, 291, 292, 290, 292, 293, 291, 284, 287, 291, 287, 292, 292, 287, 289, 292, 289, 294, 293, 292, 294, 293, 294, 295,
            296, 297, 298, 296, 298, 299, 297, 290, 293, 297, 293, 298, 298, 293, 295, 298, 295, 300, 299, 298, 300, 299, 300, 301,
            302, 303, 304, 302, 304, 305, 303, 296, 299, 303, 299, 304, 304, 299, 301, 304, 301, 306, 305, 304, 306, 305, 306, 307,
            308, 309, 310, 308, 310, 311, 309, 302, 305, 309, 305, 310, 310, 305, 307, 310, 307, 312, 311, 310, 312, 311, 312, 313,
            314, 315, 316, 314, 316, 317, 315, 308, 311, 315, 311, 316, 316, 311, 313, 316, 313, 318, 317, 316, 318, 317, 318, 319,
            320, 321, 322, 320, 322, 323, 321, 314, 317, 321, 317, 322, 322, 317, 319, 322, 319, 324, 323, 322, 324, 323, 324, 325,
            326, 327, 328, 326, 328, 329, 327, 320, 323, 327, 323, 328, 328, 323, 325, 328, 325, 330, 329, 328, 330, 329, 330, 331,
            332, 333, 334, 332, 334, 335, 333, 326, 329, 333, 329, 334, 334, 329, 331, 334, 331, 336, 335, 334, 336, 335, 336, 337,
            338, 339, 340, 338, 340, 341, 339, 332, 335, 339, 335, 340, 340, 335, 337, 340, 337, 342, 341, 340, 342, 341, 342, 343,
            344, 345, 346, 344, 346, 347, 345, 338, 341, 345, 341, 346, 346, 341, 343, 346, 343, 348, 347, 346, 348, 347, 348, 349,
            295, 294, 350, 295, 350, 351, 294, 289, 352, 294, 352, 350, 350, 352, 35, 350, 35, 33, 351, 350, 33, 351, 33, 29,
            301, 300, 353, 301, 353, 354, 300, 295, 351, 300, 351, 353, 353, 351, 29, 353, 29, 27, 354, 353, 27, 354, 27, 23,
            307, 306, 355, 307, 355, 356, 306, 301, 354, 306, 354, 355, 355, 354, 23, 355, 23, 21, 356, 355, 21, 356, 21, 17,
            313, 312, 357, 313, 357, 358, 312, 307, 356, 312, 356, 357, 357, 356, 17, 357, 17, 15, 358, 357, 15, 358, 15, 11,
            319, 318, 359, 319, 359, 360, 318, 313, 358, 318, 358, 359, 359, 358, 11, 359, 11, 9, 360, 359, 9, 360, 9, 4,
            325, 324, 361, 325, 361, 362, 324, 319, 360, 324, 360, 361, 361, 360, 4, 361, 4, 1, 362, 361, 1, 362, 1, 0,
            331, 330, 363, 331, 363, 364, 330, 325, 362, 330, 362, 363, 363, 362, 0, 363, 0, 72, 364, 363, 72, 364, 72, 68,
            337, 336, 365, 337, 365, 366, 336, 331, 364, 336, 364, 365, 365, 364, 68, 365, 68, 66, 366, 365, 66, 366, 66, 62,
            343, 342, 367, 343, 367, 368, 342, 337, 366, 342, 366, 367, 367, 366, 62, 367, 62, 60, 368, 367, 60, 368, 60, 55,
            349, 348, 369, 349, 369, 370, 348, 343, 368, 348, 368, 369, 369, 368, 55, 369, 55, 52, 370, 369, 52, 370, 52, 51,
            283, 282, 371, 283, 371, 372, 282, 281, 373, 282, 373, 371, 371, 373, 47, 371, 47, 45, 372, 371, 45, 372, 45, 41,
            289, 288, 374, 289, 374, 352, 288, 283, 372, 288, 372, 374, 374, 372, 41, 374, 41, 39, 352, 374, 39, 352, 39, 35,
            170, 175, 375, 170, 375, 376, 175, 174, 377, 175, 377, 375, 375, 377, 378, 375, 378, 379, 376, 375, 379, 376, 379, 380,
            166, 171, 381, 166, 381, 382, 171, 170, 376, 171, 376, 381, 381, 376, 380, 381, 380, 383, 382, 381, 383, 382, 383, 384,
            162, 167, 385, 162, 385, 386, 167, 166, 382, 167, 382, 385, 385, 382, 384, 385, 384, 387, 386, 385, 387, 386, 387, 388,
            158, 163, 389, 158, 389, 390, 163, 162, 386, 163, 386, 389, 389, 386, 388, 389, 388, 391, 390, 389, 391, 390, 391, 392,
            153, 159, 393, 153, 393, 394, 159, 158, 390, 159, 390, 393, 393, 390, 392, 393, 392, 395, 394, 393, 395, 394, 395, 396,
            155, 154, 397, 155, 397, 398, 154, 153, 394, 154, 394, 397, 397, 394, 396, 397, 396, 399, 398, 397, 399, 398, 399, 400,
            196, 199, 401, 196, 401, 402, 199, 155, 398, 199, 398, 401, 401, 398, 400, 401, 400, 403, 402, 401, 403, 402, 403, 404,
            192, 197, 405, 192, 405, 406, 197, 196, 402, 197, 402, 405, 405, 402, 404, 405, 404, 407, 406, 405, 407, 406, 407, 408,
            187, 193, 409, 187, 409, 410, 193, 192, 406, 193, 406, 409, 409, 406, 408, 409, 408, 411, 410, 409, 411, 410, 411, 412,
            189, 188, 413, 189, 413, 414, 188, 187, 410, 188, 410, 413, 413, 410, 412, 413, 412, 415, 414, 413, 415, 414, 415, 416,
            178, 183, 417, 178, 417, 418, 183, 182, 419, 183, 419, 417, 417, 419, 420, 417, 420, 421, 418, 417, 421, 418, 421, 422,
            174, 179, 423, 174, 423, 377, 179, 178, 418, 179, 418, 423, 423, 418, 422, 423, 422, 424, 377, 423, 424, 377, 424, 378,
            380, 379, 425, 380, 425, 426, 379, 378, 427, 379, 427, 425, 425, 427, 235, 425, 235, 233, 426, 425, 233, 426, 233, 229,
            384, 383, 428, 384, 428, 429, 383, 380, 426, 383, 426, 428, 428, 426, 229, 428, 229, 227, 429, 428, 227, 429, 227, 223,
            388, 387, 430, 388, 430, 431, 387, 384, 429, 387, 429, 430, 430, 429, 223, 430, 223, 221, 431, 430, 221, 431, 221, 217,
            392, 391, 432, 392, 432, 433, 391, 388, 431, 391, 431, 432, 432, 431, 217, 432, 217, 215, 433, 432, 215, 433, 215, 211,
            396, 395, 434, 396, 434, 435, 395, 392, 433, 395, 433, 434, 434, 433, 211, 434, 211, 209, 435, 434, 209, 435, 209, 204,
            400, 399, 436, 400, 436, 437, 399, 396, 435, 399, 435, 436, 436, 435, 204, 436, 204, 201, 437, 436, 201, 437, 201, 200,
            404, 403, 438, 404, 438, 439, 403, 400, 437, 403, 437, 438, 438, 437, 200, 438, 200, 272, 439, 438, 272, 439, 272, 268,
            408, 407, 440, 408, 440, 441, 407, 404, 439, 407, 439, 440, 440, 439, 268, 440, 268, 266, 441, 440, 266, 441, 266, 262,
            412, 411, 442, 412, 442, 443, 411, 408, 441, 411, 441, 442, 442, 441, 262, 442, 262, 260, 443, 442, 260, 443, 260, 255,
            416, 415, 444, 416, 444, 445, 415, 412, 443, 415, 443, 444, 444, 443, 255, 444, 255, 252, 445, 444, 252, 445, 252, 251,
            422, 421, 446, 422, 446, 447, 421, 420, 448, 421, 448, 446, 446, 448, 247, 446, 247, 245, 447, 446, 245, 447, 245, 241,
            378, 424, 449, 378, 449, 427, 424, 422, 447, 424, 447, 449, 449, 447, 241, 449, 241, 239, 427, 449, 239, 427, 239, 235,
            237, 244, 450, 237, 450, 451, 244, 243, 452, 244, 452, 450, 450, 452, 453, 450, 453, 454, 451, 450, 454, 451, 454, 455,
            231, 238, 456, 231, 456, 457, 238, 237, 451, 238, 451, 456, 456, 451, 455, 456, 455, 458, 457, 456, 458, 457, 458, 459,
            225, 232, 460, 225, 460, 461, 232, 231, 457, 232, 457, 460, 460, 457, 459, 460, 459, 462, 461, 460, 462, 461, 462, 463,
            219, 226, 464, 219, 464, 465, 226, 225, 461, 226, 461, 464, 464, 461, 463, 464, 463, 466, 465, 464, 466, 465, 466, 467,
            213, 220, 468, 213, 468, 469, 220, 219, 465, 220, 465, 468, 468, 465, 467, 468, 467, 470, 469, 468, 470, 469, 470, 471,
            206, 214, 472, 206, 472, 473, 214, 213, 469, 214, 469, 472, 472, 469, 471, 472, 471, 474, 473, 472, 474, 473, 474, 475,
            208, 207, 476, 208, 476, 477, 207, 206, 473, 207, 473, 476, 476, 473, 475, 476, 475, 478, 477, 476, 478, 477, 478, 479,
            270, 274, 480, 270, 480, 481, 274, 208, 477, 274, 477, 480, 480, 477, 479, 480, 479, 482, 481, 480, 482, 481, 482, 483,
            264, 271, 484, 264, 484, 485, 271, 270, 481, 271, 481, 484, 484, 481, 483, 484, 483, 486, 485, 484, 486, 485, 486, 487,
            257, 265, 488, 257, 488, 489, 265, 264, 485, 265, 485, 488, 488, 485, 487, 488, 487, 490, 489, 488, 490, 489, 490, 491,
            259, 258, 492, 259, 492, 493, 258, 257, 489, 258, 489, 492, 492, 489, 491, 492, 491, 494, 493, 492, 494, 493, 494, 495,
            243, 250, 496, 243, 496, 452, 250, 249, 497, 250, 497, 496, 496, 497, 498, 496, 498, 499, 452, 496, 499, 452, 499, 453,
            43, 50, 500, 43, 500, 501, 50, 49, 502, 50, 502, 500, 500, 502, 122, 500, 122, 120, 501, 500, 120, 501, 120, 116,
            37, 44, 503, 37, 503, 504, 44, 43, 501, 44, 501, 503, 503, 501, 116, 503, 116, 114, 504, 503, 114, 504, 114, 110,
            31, 38, 505, 31, 505, 506, 38, 37, 504, 38, 504, 505, 505, 504, 110, 505, 110, 108, 506, 505, 108, 506, 108, 104,
            25, 32, 507, 25, 507, 508, 32, 31, 506, 32, 506, 507, 507, 506, 104, 507, 104, 102, 508, 507, 102, 508, 102, 98,
            19, 26, 509, 19, 509, 510, 26, 25, 508, 26, 508, 509, 509, 508, 98, 509, 98, 96, 510, 509, 96, 510, 96, 92,
            13, 20, 511, 13, 511, 512, 20, 19, 510, 20, 510, 511, 511, 510, 92, 511, 92, 90, 512, 511, 90, 512, 90, 86,
            6, 14, 513, 6, 513, 514, 14, 13, 512, 14, 512, 513, 513, 512, 86, 513, 86, 84, 514, 513, 84, 514, 84, 79,
            8, 7, 515, 8, 515, 516, 7, 6, 514, 7, 514, 515, 515, 514, 79, 515, 79, 76, 516, 515, 76, 516, 76, 75,
            70, 74, 517, 70, 517, 518, 74, 8, 516, 74, 516, 517, 517, 516, 75, 517, 75, 147, 518, 517, 147, 518, 147, 143,
            64, 71, 519, 64, 519, 520, 71, 70, 518, 71, 518, 519, 519, 518, 143, 519, 143, 141, 520, 519, 141, 520, 141, 137,
            57, 65, 521, 57, 521, 522, 65, 64, 520, 65, 520, 521, 521, 520, 137, 521, 137, 135, 522, 521, 135, 522, 135, 130,
            59, 58, 523, 59, 523, 524, 58, 57, 522, 58, 522, 523, 523, 522, 130, 523, 130, 127, 524, 523, 127, 524, 127, 126
        ]
        normal3f[] normals = [
            (0.8660249, 0.5000011, -8.06848e-07), (0.7071072, 0.7071064, 0), (0.7071072, 0.7071064, 0),
            (0.8660249, 0.5000011, -8.06848e-07), (0.7071072, 0.7071064, 0), (0.8660258, 0.4999994, 6.26671e-07),
            (0.7071072, 0.7071064, 0), (0.4999993, 0.8660258, 0), (0.4999992, 0.8660258, 0),
            (0.7071072, 0.7071064, 0), (0.4999992, 0.8660258, 0), (0.7071072, 0.7071064, 0),
            (0.7071072, 0.7071064, 0), (0.4999992, 0.8660258, 0), (0.4999993, 0.8660258, 0),
            (0.7071072, 0.7071064, 0), (0.4999993, 0.8660258, 0), (0.7071071, 0.7071065, 0),
            (0.8660258, 0.4999994, 6.26671e-07), (0.7071072, 0.7071064, 0), (0.7071071, 0.7071065, 0),
            (0.8660258, 0.4999994, 6.26671e-07), (0.7071071, 0.7071065, 0), (0.8660259, 0.4999992, 0),
            (0.4999993, 0.8660258, 0), (0.2588214, 0.9659252, 0), (0.2588214, 0.9659252, 0),
            (0.4999993, 0.8660258, 0), (0.2588214, 0.9659252, 0), (0.4999992, 0.8660258, 0),
            (0.2588214, 0.9659252, 0), (0, 1, 0), (0, 1, 0),
            (0.2588214, 0.9659252, 0), (0, 1, 0), (0.2588214, 0.9659252, 0),
            (0.2588214, 0.9659252, 0), (0, 1, 0), (0, 1, 0),
            (0.2588214, 0.9659252, 0), (0, 1, 0), (0.2588215, 0.9659253, 0),
            (0.4999992, 0.8660258, 0), (0.2588214, 0.9659252, 0), (0.2588215, 0.9659253, 0),
            (0.4999992, 0.8660258, 0), (0.2588215, 0.9659253, 0), (0.4999993, 0.8660258, 0),
            (0, 1, 0), (-0.2588205, 0.9659255, 0), (-0.2588205, 0.9659255, 0),
            (0, 1, 0), (-0.2588205, 0.9659255, 0), (0, 1, 0),
            (-0.2588205, 0.9659255, 0), (-0.4999998, 0.8660255, 0), (-0.4999999, 0.8660255, 0),
            (-0.2588205, 0.9659255, 0), (-0.4999999, 0.8660255, 0), (-0.2588205, 0.9659255, 0),
            (-0.2588205, 0.9659255, 0), (-0.4999999, 0.8660255, 0), (-0.4999999, 0.8660255, 0),
            (-0.2588205, 0.9659255, 0), (-0.4999999, 0.8660255, 0), (-0.2588205, 0.9659255, 0),
            (0, 1, 0), (-0.2588205, 0.9659255, 0), (-0.2588205, 0.9659255, 0),
            (0, 1, 0), (-0.2588205, 0.9659255, 0), (0, 1, 0),
            (-0.4999998, 0.8660255, 0), (-0.7071064, 0.7071072, 0), (-0.7071064, 0.7071072, 0),
            (-0.4999998, 0.8660255, 0), (-0.7071064, 0.7071072, 0), (-0.4999999, 0.8660255, 0),
            (-0.7071064, 0.7071072, 0), (-0.8660247, 0.5000013, 0), (-0.8660247, 0.5000013, 0),
            (-0.7071064, 0.7071072, 0), (-0.8660247, 0.5000013, 0), (-0.7071064, 0.7071072, 0),
            (-0.7071064, 0.7071072, 0), (-0.8660247, 0.5000013, 0), (-0.8660247, 0.5000013, 0),
            (-0.7071064, 0.7071072, 0), (-0.8660247, 0.5000013, 0), (-0.7071064, 0.7071072, 0),
            (-0.4999999, 0.8660255, 0), (-0.7071064, 0.7071072, 0), (-0.7071064, 0.7071072, 0),
            (-0.4999999, 0.8660255, 0), (-0.7071064, 0.7071072, 0), (-0.4999999, 0.8660255, 0),
            (-0.8660247, 0.5000013, 0), (-0.9659261, 0.2588183, 0), (-0.9659261, 0.2588182, 0),
            (-0.8660247, 0.5000013, 0), (-0.9659261, 0.2588182, 0), (-0.8660247, 0.5000013, 0),
            (-0.9659261, 0.2588183, 0), (-1, 0, 0), (-1, -1.40576e-07, 0),
            (-0.9659261, 0.2588183, 0), (-1, -1.40576e-07, 0), (-0.9659261, 0.2588182, 0),
            (-0.9659261, 0.2588182, 0), (-1, -1.40576e-07, 0), (-1, -9.42756e-07, -1.15745e-06),
            (-0.9659261, 0.2588182, 0), (-1, -9.42756e-07, -1.15745e-06), (-0.9659261, 0.2588185, -6.12656e-07),
            (-0.8660247, 0.5000013, 0), (-0.9659261, 0.2588182, 0), (-0.9659261, 0.2588185, -6.12656e-07),
            (-0.8660247, 0.5000013, 0), (-0.9659261, 0.2588185, -6.12656e-07), (-0.8660247, 0.5000013, 0),
            (-1, 0, 0), (-0.9659264, -0.258817, 0), (-0.9659264, -0.2588171, 0),
            (-1, 0, 0), (-0.9659264, -0.2588171, 0), (-1, -1.40576e-07, 0),
            (-0.9659264, -0.258817, 0), (-0.8660267, -0.4999978, 0), (-0.8660267, -0.4999979, 0),
            (-0.9659264, -0.258817, 0), (-0.8660267, -0.4999979, 0), (-0.9659264, -0.2588171, 0),
            (-0.9659264, -0.2588171, 0), (-0.8660267, -0.4999979, 0), (-0.8660267, -0.4999978, 0),
            (-0.9659264, -0.2588171, 0), (-0.8660267, -0.4999978, 0), (-0.9659264, -0.2588171, 0),
            (-1, -1.40576e-07, 0), (-0.9659264, -0.2588171, 0), (-0.9659264, -0.2588171, 0),
            (-1, -1.40576e-07, 0), (-0.9659264, -0.2588171, 0), (-1, -9.42756e-07, -1.15745e-06),
            (-0.8660267, -0.4999978, 0), (-0.7071068, -0.7071068, 0), (-0.7071068, -0.7071068, 0),
            (-0.8660267, -0.4999978, 0), (-0.7071068, -0.7071068, 0), (-0.8660267, -0.4999979, 0),
            (-0.7071068, -0.7071068, 0), (-0.4999988, -0.8660262, 0), (-0.4999988, -0.8660262, 0),
            (-0.7071068, -0.7071068, 0), (-0.4999988, -0.8660262, 0), (-0.7071068, -0.7071068, 0),
            (-0.7071068, -0.7071068, 0), (-0.4999988, -0.8660262, 0), (-0.4999988, -0.8660262, 0),
            (-0.7071068, -0.7071068, 0), (-0.4999988, -0.8660262, 0), (-0.7071068, -0.7071068, 0),
            (-0.8660267, -0.4999979, 0), (-0.7071068, -0.7071068, 0), (-0.7071068, -0.7071068, 0),
            (-0.8660267, -0.4999979, 0), (-0.7071068, -0.7071068, 0), (-0.8660267, -0.4999978, 0),
            (-0.4999988, -0.8660262, 0), (-0.2588208, -0.9659254, 0), (-0.2588208, -0.9659254, 0),
            (-0.4999988, -0.8660262, 0), (-0.2588208, -0.9659254, 0), (-0.4999988, -0.8660262, 0),
            (-0.2588208, -0.9659254, 0), (-0.1327913, -0.9911441, 0), (-0.1327913, -0.9911441, 0),
            (-0.2588208, -0.9659254, 0), (-0.1327913, -0.9911441, 0), (-0.2588208, -0.9659254, 0),
            (-0.2588208, -0.9659254, 0), (-0.1327913, -0.9911441, 0), (-0.1327913, -0.9911441, 0),
            (-0.2588208, -0.9659254, 0), (-0.1327913, -0.9911441, 0), (-0.2588208, -0.9659254, 0),
            (-0.4999988, -0.8660262, 0), (-0.2588208, -0.9659254, 0), (-0.2588208, -0.9659254, 0),
            (-0.4999988, -0.8660262, 0), (-0.2588208, -0.9659254, 0), (-0.4999988, -0.8660262, 0),
            (0.1327917, -0.991144, 0), (0.2588208, -0.9659253, 0), (0.2588208, -0.9659255, 0),
            (0.1327917, -0.991144, 0), (0.2588208, -0.9659255, 0), (0.1327917, -0.991144, 0),
            (0.2588208, -0.9659253, 0), (0.4999989, -0.8660261, 0), (0.4999989, -0.8660261, 0),
            (0.2588208, -0.9659253, 0), (0.4999989, -0.8660261, 0), (0.2588208, -0.9659255, 0),
            (0.2588208, -0.9659255, 0), (0.4999989, -0.8660261, 0), (0.499999, -0.866026, 0),
            (0.2588208, -0.9659255, 0), (0.499999, -0.866026, 0), (0.2588208, -0.9659255, 0),
            (0.1327917, -0.991144, 0), (0.2588208, -0.9659255, 0), (0.2588208, -0.9659255, 0),
            (0.1327917, -0.991144, 0), (0.2588208, -0.9659255, 0), (0.1327917, -0.9911441, 0),
            (0.4999989, -0.8660261, 0), (0.7071052, -0.7071084, 0), (0.7071052, -0.7071084, 0),
            (0.4999989, -0.8660261, 0), (0.7071052, -0.7071084, 0), (0.4999989, -0.8660261, 0),
            (0.7071052, -0.7071084, 0), (0.8660253, -0.5000004, 0), (0.8660253, -0.5000004, 0),
            (0.7071052, -0.7071084, 0), (0.8660253, -0.5000004, 0), (0.7071052, -0.7071084, 0),
            (0.7071052, -0.7071084, 0), (0.8660253, -0.5000004, 0), (0.8660253, -0.5000004, 9.3866e-07),
            (0.7071052, -0.7071084, 0), (0.8660253, -0.5000004, 9.3866e-07), (0.7071056, -0.7071081, 4.87748e-07),
            (0.4999989, -0.8660261, 0), (0.7071052, -0.7071084, 0), (0.7071056, -0.7071081, 4.87748e-07),
            (0.4999989, -0.8660261, 0), (0.7071056, -0.7071081, 4.87748e-07), (0.499999, -0.866026, 0),
            (0.8660253, -0.5000004, 0), (0.9659264, -0.2588171, 0), (0.9659263, -0.2588172, 0),
            (0.8660253, -0.5000004, 0), (0.9659263, -0.2588172, 0), (0.8660253, -0.5000004, 0),
            (0.9659264, -0.2588171, 0), (1, 3.60114e-07, 6.66652e-07), (1, 3.34691e-06, 0),
            (0.9659264, -0.2588171, 0), (1, 3.34691e-06, 0), (0.9659263, -0.2588172, 0),
            (0.9659263, -0.2588172, 0), (1, 3.34691e-06, 0), (1, 3.2494e-06, 0),
            (0.9659263, -0.2588172, 0), (1, 3.2494e-06, 0), (0.9659264, -0.258817, 0),
            (0.8660253, -0.5000004, 0), (0.9659263, -0.2588172, 0), (0.9659264, -0.258817, 0),
            (0.8660253, -0.5000004, 0), (0.9659264, -0.258817, 0), (0.8660253, -0.5000004, 9.3866e-07),
            (1, 3.60114e-07, 6.66652e-07), (0.9659252, 0.2588216, -1.12011e-06), (0.9659253, 0.2588211, 1.2767e-06),
            (1, 3.60114e-07, 6.66652e-07), (0.9659253, 0.2588211, 1.2767e-06), (1, 3.34691e-06, 0),
            (0.9659252, 0.2588216, -1.12011e-06), (0.8660249, 0.5000011, -8.06848e-07), (0.8660258, 0.4999994, 6.26671e-07),
            (0.9659252, 0.2588216, -1.12011e-06), (0.8660258, 0.4999994, 6.26671e-07), (0.9659253, 0.2588211, 1.2767e-06),
            (0.9659253, 0.2588211, 1.2767e-06), (0.8660258, 0.4999994, 6.26671e-07), (0.8660259, 0.4999992, 0),
            (0.9659253, 0.2588211, 1.2767e-06), (0.8660259, 0.4999992, 0), (0.9659252, 0.2588218, 0),
            (1, 3.34691e-06, 0), (0.9659253, 0.2588211, 1.2767e-06), (0.9659252, 0.2588218, 0),
            (1, 3.34691e-06, 0), (0.9659252, 0.2588218, 0), (1, 3.2494e-06, 0),
            (0.8660259, 0.4999991, 0), (0.7071073, 0.7071064, 0), (0.7069772, 0.7069762, 0.01918232),
            (0.8660259, 0.4999991, 0), (0.7069772, 0.7069762, 0.01918232), (0.8658667, 0.4999063, 0.01919496),
            (0.7071073, 0.7071064, 0), (0.4999994, 0.8660259, 0), (0.499907, 0.8658666, 0.01919245),
            (0.7071073, 0.7071064, 0), (0.499907, 0.8658666, 0.01919245), (0.7069772, 0.7069762, 0.01918232),
            (0.7069772, 0.7069762, 0.01918232), (0.499907, 0.8658666, 0.01919245), (0.4966895, 0.8602964, 0.1148467),
            (0.7069772, 0.7069762, 0.01918232), (0.4966895, 0.8602964, 0.1148467), (0.7024329, 0.7024296, 0.1148068),
            (0.8658667, 0.4999063, 0.01919496), (0.7069772, 0.7069762, 0.01918232), (0.7024329, 0.7024296, 0.1148068),
            (0.8658667, 0.4999063, 0.01919496), (0.7024329, 0.7024296, 0.1148068), (0.8602955, 0.4966921, 0.1148414),
            (0.4999994, 0.8660259, 0), (0.2588215, 0.9659252, 0), (0.2587736, 0.9657475, 0.01918423),
            (0.4999994, 0.8660259, 0), (0.2587736, 0.9657475, 0.01918423), (0.499907, 0.8658666, 0.01919245),
            (0.2588215, 0.9659252, 0), (0, 1, 0), (1.43826e-07, 0.9998158, 0.01919549),
            (0.2588215, 0.9659252, 0), (1.43826e-07, 0.9998158, 0.01919549), (0.2587736, 0.9657475, 0.01918423),
            (0.2587736, 0.9657475, 0.01918423), (1.43826e-07, 0.9998158, 0.01919549), (1.05305e-06, 0.9933828, 0.1148501),
            (0.2587736, 0.9657475, 0.01918423), (1.05305e-06, 0.9933828, 0.1148501), (0.2571074, 0.9595396, 0.1148021),
            (0.499907, 0.8658666, 0.01919245), (0.2587736, 0.9657475, 0.01918423), (0.2571074, 0.9595396, 0.1148021),
            (0.499907, 0.8658666, 0.01919245), (0.2571074, 0.9595396, 0.1148021), (0.4966895, 0.8602964, 0.1148467),
            (0, 1, 0), (-0.2588205, 0.9659255, 0), (-0.2587722, 0.9657479, 0.01918351),
            (0, 1, 0), (-0.2587722, 0.9657479, 0.01918351), (1.43826e-07, 0.9998158, 0.01919549),
            (-0.2588205, 0.9659255, 0), (-0.4999999, 0.8660255, 0), (-0.4999082, 0.8658658, 0.01919174),
            (-0.2588205, 0.9659255, 0), (-0.4999082, 0.8658658, 0.01919174), (-0.2587722, 0.9657479, 0.01918351),
            (-0.2587722, 0.9657479, 0.01918351), (-0.4999082, 0.8658658, 0.01919174), (-0.4966895, 0.8602958, 0.1148513),
            (-0.2587722, 0.9657479, 0.01918351), (-0.4966895, 0.8602958, 0.1148513), (-0.2571086, 0.9595393, 0.1148023),
            (1.43826e-07, 0.9998158, 0.01919549), (-0.2587722, 0.9657479, 0.01918351), (-0.2571086, 0.9595393, 0.1148023),
            (1.43826e-07, 0.9998158, 0.01919549), (-0.2571086, 0.9595393, 0.1148023), (1.05305e-06, 0.9933828, 0.1148501),
            (-0.4999999, 0.8660255, 0), (-0.7071063, 0.7071073, 0), (-0.7069768, 0.7069765, 0.0191828),
            (-0.4999999, 0.8660255, 0), (-0.7069768, 0.7069765, 0.0191828), (-0.4999082, 0.8658658, 0.01919174),
            (-0.7071063, 0.7071073, 0), (-0.8660247, 0.5000013, 0), (-0.8658649, 0.4999096, 0.01919555),
            (-0.7071063, 0.7071073, 0), (-0.8658649, 0.4999096, 0.01919555), (-0.7069768, 0.7069765, 0.0191828),
            (-0.7069768, 0.7069765, 0.0191828), (-0.8658649, 0.4999096, 0.01919555), (-0.8602946, 0.4966922, 0.1148479),
            (-0.7069768, 0.7069765, 0.0191828), (-0.8602946, 0.4966922, 0.1148479), (-0.7024324, 0.7024304, 0.1148056),
            (-0.4999082, 0.8658658, 0.01919174), (-0.7069768, 0.7069765, 0.0191828), (-0.7024324, 0.7024304, 0.1148056),
            (-0.4999082, 0.8658658, 0.01919174), (-0.7024324, 0.7024304, 0.1148056), (-0.4966895, 0.8602958, 0.1148513),
            (-0.8660247, 0.5000013, 0), (-0.9659261, 0.2588182, 0), (-0.9657482, 0.2587712, 0.01918268),
            (-0.8660247, 0.5000013, 0), (-0.9657482, 0.2587712, 0.01918268), (-0.8658649, 0.4999096, 0.01919555),
            (-0.9659261, 0.2588182, 0), (-1, 4.73771e-07, 1.41198e-06), (-0.9998159, -6.14857e-07, 0.01919126),
            (-0.9659261, 0.2588182, 0), (-0.9998159, -6.14857e-07, 0.01919126), (-0.9657482, 0.2587712, 0.01918268),
            (-0.9657482, 0.2587712, 0.01918268), (-0.9998159, -6.14857e-07, 0.01919126), (-0.9933832, -7.2216e-07, 0.1148474),
            (-0.9657482, 0.2587712, 0.01918268), (-0.9933832, -7.2216e-07, 0.1148474), (-0.9595381, 0.2571098, 0.1148102),
            (-0.8658649, 0.4999096, 0.01919555), (-0.9657482, 0.2587712, 0.01918268), (-0.9595381, 0.2571098, 0.1148102),
            (-0.8658649, 0.4999096, 0.01919555), (-0.9595381, 0.2571098, 0.1148102), (-0.8602946, 0.4966922, 0.1148479),
            (-1, 4.73771e-07, 1.41198e-06), (-0.9659263, -0.2588176, 7.01927e-07), (-0.9657486, -0.2587699, 0.01918375),
            (-1, 4.73771e-07, 1.41198e-06), (-0.9657486, -0.2587699, 0.01918375), (-0.9998159, -6.14857e-07, 0.01919126),
            (-0.9659263, -0.2588176, 7.01927e-07), (-0.8660268, -0.4999977, 0), (-0.8658677, -0.4999048, 0.01919567),
            (-0.9659263, -0.2588176, 7.01927e-07), (-0.8658677, -0.4999048, 0.01919567), (-0.9657486, -0.2587699, 0.01918375),
            (-0.9657486, -0.2587699, 0.01918375), (-0.8658677, -0.4999048, 0.01919567), (-0.8602967, -0.4966892, 0.1148458),
            (-0.9657486, -0.2587699, 0.01918375), (-0.8602967, -0.4966892, 0.1148458), (-0.9595391, -0.2571074, 0.1148068),
            (-0.9998159, -6.14857e-07, 0.01919126), (-0.9657486, -0.2587699, 0.01918375), (-0.9595391, -0.2571074, 0.1148068),
            (-0.9998159, -6.14857e-07, 0.01919126), (-0.9595391, -0.2571074, 0.1148068), (-0.9933832, -7.2216e-07, 0.1148474),
            (-0.8660268, -0.4999977, 0), (-0.7071068, -0.7071068, 0), (-0.706977, -0.7069765, 0.01918238),
            (-0.8660268, -0.4999977, 0), (-0.706977, -0.7069765, 0.01918238), (-0.8658677, -0.4999048, 0.01919567),
            (-0.7071068, -0.7071068, 0), (-0.4999988, -0.8660262, 0), (-0.4999061, -0.865867, 0.01919245),
            (-0.7071068, -0.7071068, 0), (-0.4999061, -0.865867, 0.01919245), (-0.706977, -0.7069765, 0.01918238),
            (-0.706977, -0.7069765, 0.01918238), (-0.4999061, -0.865867, 0.01919245), (-0.4966897, -0.860296, 0.1148483),
            (-0.706977, -0.7069765, 0.01918238), (-0.4966897, -0.860296, 0.1148483), (-0.7024326, -0.7024301, 0.1148061),
            (-0.8658677, -0.4999048, 0.01919567), (-0.706977, -0.7069765, 0.01918238), (-0.7024326, -0.7024301, 0.1148061),
            (-0.8658677, -0.4999048, 0.01919567), (-0.7024326, -0.7024301, 0.1148061), (-0.8602967, -0.4966892, 0.1148458),
            (-0.4999988, -0.8660262, 0), (-0.2588208, -0.9659254, 0), (-0.2587736, -0.9657475, 0.01918458),
            (-0.4999988, -0.8660262, 0), (-0.2587736, -0.9657475, 0.01918458), (-0.4999061, -0.865867, 0.01919245),
            (-0.2588208, -0.9659254, 0), (-0.1327913, -0.9911441, 0), (-0.1327673, -0.9909647, 0.01902389),
            (-0.2588208, -0.9659254, 0), (-0.1327673, -0.9909647, 0.01902389), (-0.2587736, -0.9657475, 0.01918458),
            (-0.2587736, -0.9657475, 0.01918458), (-0.1327673, -0.9909647, 0.01902389), (-0.1319279, -0.9847, 0.1138473),
            (-0.2587736, -0.9657475, 0.01918458), (-0.1319279, -0.9847, 0.1138473), (-0.2571058, -0.9595403, 0.1148012),
            (-0.4999061, -0.865867, 0.01919245), (-0.2587736, -0.9657475, 0.01918458), (-0.2571058, -0.9595403, 0.1148012),
            (-0.4999061, -0.865867, 0.01919245), (-0.2571058, -0.9595403, 0.1148012), (-0.4966897, -0.860296, 0.1148483),
            (0.1327917, -0.9911441, 0), (0.2588208, -0.9659255, 0), (0.2587727, -0.9657478, 0.01918292),
            (0.1327917, -0.9911441, 0), (0.2587727, -0.9657478, 0.01918292), (0.1327674, -0.9909647, 0.01902401),
            (0.2588208, -0.9659255, 0), (0.4999989, -0.866026, 0), (0.4999071, -0.8658664, 0.01919227),
            (0.2588208, -0.9659255, 0), (0.4999071, -0.8658664, 0.01919227), (0.2587727, -0.9657478, 0.01918292),
            (0.2587727, -0.9657478, 0.01918292), (0.4999071, -0.8658664, 0.01919227), (0.4966891, -0.8602964, 0.1148481),
            (0.2587727, -0.9657478, 0.01918292), (0.4966891, -0.8602964, 0.1148481), (0.2571089, -0.9595391, 0.114803),
            (0.1327674, -0.9909647, 0.01902401), (0.2587727, -0.9657478, 0.01918292), (0.2571089, -0.9595391, 0.114803),
            (0.1327674, -0.9909647, 0.01902401), (0.2571089, -0.9595391, 0.114803), (0.1319252, -0.9847005, 0.1138448),
            (0.4999989, -0.866026, 0), (0.7071071, -0.7071065, 0), (0.7069771, -0.7069763, 0.01918232),
            (0.4999989, -0.866026, 0), (0.7069771, -0.7069763, 0.01918232), (0.4999071, -0.8658664, 0.01919227),
            (0.7071071, -0.7071065, 0), (0.8660264, -0.4999985, -7.67918e-07), (0.8658657, -0.4999084, 0.01919251),
            (0.7071071, -0.7071065, 0), (0.8658657, -0.4999084, 0.01919251), (0.7069771, -0.7069763, 0.01918232),
            (0.7069771, -0.7069763, 0.01918232), (0.8658657, -0.4999084, 0.01919251), (0.8602961, -0.4966907, 0.1148437),
            (0.7069771, -0.7069763, 0.01918232), (0.8602961, -0.4966907, 0.1148437), (0.7024311, -0.7024316, 0.1148058),
            (0.4999071, -0.8658664, 0.01919227), (0.7069771, -0.7069763, 0.01918232), (0.7024311, -0.7024316, 0.1148058),
            (0.4999071, -0.8658664, 0.01919227), (0.7024311, -0.7024316, 0.1148058), (0.4966891, -0.8602964, 0.1148481),
            (0.8660264, -0.4999985, -7.67918e-07), (0.9659255, -0.2588202, -7.50018e-07), (0.9657481, -0.2587713, 0.01918148),
            (0.8660264, -0.4999985, -7.67918e-07), (0.9657481, -0.2587713, 0.01918148), (0.8658657, -0.4999084, 0.01919251),
            (0.9659255, -0.2588202, -7.50018e-07), (1, 4.61807e-07, 6.78171e-07), (0.9998158, 1.86615e-06, 0.019194),
            (0.9659255, -0.2588202, -7.50018e-07), (0.9998158, 1.86615e-06, 0.019194), (0.9657481, -0.2587713, 0.01918148),
            (0.9657481, -0.2587713, 0.01918148), (0.9998158, 1.86615e-06, 0.019194), (0.9933838, 3.33062e-06, 0.1148423),
            (0.9657481, -0.2587713, 0.01918148), (0.9933838, 3.33062e-06, 0.1148423), (0.9595391, -0.2571073, 0.1148064),
            (0.8658657, -0.4999084, 0.01919251), (0.9657481, -0.2587713, 0.01918148), (0.9595391, -0.2571073, 0.1148064),
            (0.8658657, -0.4999084, 0.01919251), (0.9595391, -0.2571073, 0.1148064), (0.8602961, -0.4966907, 0.1148437),
            (1, 4.61807e-07, 6.78171e-07), (0.9659252, 0.2588216, 0), (0.9657473, 0.2587743, 0.01918345),
            (1, 4.61807e-07, 6.78171e-07), (0.9657473, 0.2587743, 0.01918345), (0.9998158, 1.86615e-06, 0.019194),
            (0.9659252, 0.2588216, 0), (0.8660259, 0.4999991, 0), (0.8658667, 0.4999063, 0.01919496),
            (0.9659252, 0.2588216, 0), (0.8658667, 0.4999063, 0.01919496), (0.9657473, 0.2587743, 0.01918345),
            (0.9657473, 0.2587743, 0.01918345), (0.8658667, 0.4999063, 0.01919496), (0.8602955, 0.4966921, 0.1148414),
            (0.9657473, 0.2587743, 0.01918345), (0.8602955, 0.4966921, 0.1148414), (0.9595389, 0.25711, 0.114802),
            (0.9998158, 1.86615e-06, 0.019194), (0.9657473, 0.2587743, 0.01918345), (0.9595389, 0.25711, 0.114802),
            (0.9998158, 1.86615e-06, 0.019194), (0.9595389, 0.25711, 0.114802), (0.9933838, 3.33062e-06, 0.1148423),
            (0.8602955, 0.4966921, 0.1148414), (0.7024329, 0.7024296, 0.1148068), (0.6754118, 0.6754107, 0.2960392),
            (0.8602955, 0.4966921, 0.1148414), (0.6754118, 0.6754107, 0.2960392), (0.8271901, 0.4775781, 0.2961014),
            (0.7024329, 0.7024296, 0.1148068), (0.4966895, 0.8602964, 0.1148467), (0.4775786, 0.8271878, 0.2961065),
            (0.7024329, 0.7024296, 0.1148068), (0.4775786, 0.8271878, 0.2961065), (0.6754118, 0.6754107, 0.2960392),
            (0.6754118, 0.6754107, 0.2960392), (0.4775786, 0.8271878, 0.2961065), (0.4507734, 0.7807639, 0.4326791),
            (0.6754118, 0.6754107, 0.2960392), (0.4507734, 0.7807639, 0.4326791), (0.6375464, 0.6375455, 0.4325164),
            (0.8271901, 0.4775781, 0.2961014), (0.6754118, 0.6754107, 0.2960392), (0.6375464, 0.6375455, 0.4325164),
            (0.8271901, 0.4775781, 0.2961014), (0.6375464, 0.6375455, 0.4325164), (0.7807606, 0.4507755, 0.4326829),
            (0.4966895, 0.8602964, 0.1148467), (0.2571074, 0.9595396, 0.1148021), (0.2472171, 0.9226305, 0.296035),
            (0.4966895, 0.8602964, 0.1148467), (0.2472171, 0.9226305, 0.296035), (0.4775786, 0.8271878, 0.2961065),
            (0.2571074, 0.9595396, 0.1148021), (1.05305e-06, 0.9933828, 0.1148501), (0, 0.9551563, 0.2961022),
            (0.2571074, 0.9595396, 0.1148021), (0, 0.9551563, 0.2961022), (0.2472171, 0.9226305, 0.296035),
            (0.2472171, 0.9226305, 0.296035), (0, 0.9551563, 0.2961022), (-5.58444e-07, 0.9015464, 0.4326825),
            (0.2472171, 0.9226305, 0.296035), (-5.58444e-07, 0.9015464, 0.4326825), (0.2333589, 0.8709037, 0.4325162),
            (0.4775786, 0.8271878, 0.2961065), (0.2472171, 0.9226305, 0.296035), (0.2333589, 0.8709037, 0.4325162),
            (0.4775786, 0.8271878, 0.2961065), (0.2333589, 0.8709037, 0.4325162), (0.4507734, 0.7807639, 0.4326791),
            (1.05305e-06, 0.9933828, 0.1148501), (-0.2571086, 0.9595393, 0.1148023), (-0.2472222, 0.9226311, 0.2960287),
            (1.05305e-06, 0.9933828, 0.1148501), (-0.2472222, 0.9226311, 0.2960287), (0, 0.9551563, 0.2961022),
            (-0.2571086, 0.9595393, 0.1148023), (-0.4966895, 0.8602958, 0.1148513), (-0.4775776, 0.8271878, 0.2961081),
            (-0.2571086, 0.9595393, 0.1148023), (-0.4775776, 0.8271878, 0.2961081), (-0.2472222, 0.9226311, 0.2960287),
            (-0.2472222, 0.9226311, 0.2960287), (-0.4775776, 0.8271878, 0.2961081), (-0.4507779, 0.7807643, 0.4326736),
            (-0.2472222, 0.9226311, 0.2960287), (-0.4507779, 0.7807643, 0.4326736), (-0.2333605, 0.8709059, 0.4325111),
            (0, 0.9551563, 0.2961022), (-0.2472222, 0.9226311, 0.2960287), (-0.2333605, 0.8709059, 0.4325111),
            (0, 0.9551563, 0.2961022), (-0.2333605, 0.8709059, 0.4325111), (-5.58444e-07, 0.9015464, 0.4326825),
            (-0.4966895, 0.8602958, 0.1148513), (-0.7024324, 0.7024304, 0.1148056), (-0.6754106, 0.6754111, 0.296041),
            (-0.4966895, 0.8602958, 0.1148513), (-0.6754106, 0.6754111, 0.296041), (-0.4775776, 0.8271878, 0.2961081),
            (-0.7024324, 0.7024304, 0.1148056), (-0.8602946, 0.4966922, 0.1148479), (-0.8271889, 0.4775772, 0.2961059),
            (-0.7024324, 0.7024304, 0.1148056), (-0.8271889, 0.4775772, 0.2961059), (-0.6754106, 0.6754111, 0.296041),
            (-0.6754106, 0.6754111, 0.296041), (-0.8271889, 0.4775772, 0.2961059), (-0.7807592, 0.4507769, 0.4326838),
            (-0.6754106, 0.6754111, 0.296041), (-0.7807592, 0.4507769, 0.4326838), (-0.6375478, 0.6375485, 0.4325098),
            (-0.4775776, 0.8271878, 0.2961081), (-0.6754106, 0.6754111, 0.296041), (-0.6375478, 0.6375485, 0.4325098),
            (-0.4775776, 0.8271878, 0.2961081), (-0.6375478, 0.6375485, 0.4325098), (-0.4507779, 0.7807643, 0.4326736),
            (-0.8602946, 0.4966922, 0.1148479), (-0.9595381, 0.2571098, 0.1148102), (-0.922631, 0.2472182, 0.2960327),
            (-0.8602946, 0.4966922, 0.1148479), (-0.922631, 0.2472182, 0.2960327), (-0.8271889, 0.4775772, 0.2961059),
            (-0.9595381, 0.2571098, 0.1148102), (-0.9933832, -7.2216e-07, 0.1148474), (-0.9551532, 1.78371e-06, 0.2961121),
            (-0.9595381, 0.2571098, 0.1148102), (-0.9551532, 1.78371e-06, 0.2961121), (-0.922631, 0.2472182, 0.2960327),
            (-0.922631, 0.2472182, 0.2960327), (-0.9551532, 1.78371e-06, 0.2961121), (-0.9015464, 1.15523e-06, 0.4326825),
            (-0.922631, 0.2472182, 0.2960327), (-0.9015464, 1.15523e-06, 0.4326825), (-0.8709084, 0.2333584, 0.432507),
            (-0.8271889, 0.4775772, 0.2961059), (-0.922631, 0.2472182, 0.2960327), (-0.8709084, 0.2333584, 0.432507),
            (-0.8271889, 0.4775772, 0.2961059), (-0.8709084, 0.2333584, 0.432507), (-0.7807592, 0.4507769, 0.4326838),
            (-0.9933832, -7.2216e-07, 0.1148474), (-0.9595391, -0.2571074, 0.1148068), (-0.9226315, -0.247219, 0.2960306),
            (-0.9933832, -7.2216e-07, 0.1148474), (-0.9226315, -0.247219, 0.2960306), (-0.9551532, 1.78371e-06, 0.2961121),
            (-0.9595391, -0.2571074, 0.1148068), (-0.8602967, -0.4966892, 0.1148458), (-0.8271906, -0.4775758, 0.2961032),
            (-0.9595391, -0.2571074, 0.1148068), (-0.8271906, -0.4775758, 0.2961032), (-0.9226315, -0.247219, 0.2960306),
            (-0.9226315, -0.247219, 0.2960306), (-0.8271906, -0.4775758, 0.2961032), (-0.7807621, -0.450768, 0.4326877),
            (-0.9226315, -0.247219, 0.2960306), (-0.7807621, -0.450768, 0.4326877), (-0.870908, -0.2333577, 0.4325083),
            (-0.9551532, 1.78371e-06, 0.2961121), (-0.9226315, -0.247219, 0.2960306), (-0.870908, -0.2333577, 0.4325083),
            (-0.9551532, 1.78371e-06, 0.2961121), (-0.870908, -0.2333577, 0.4325083), (-0.9015464, 1.15523e-06, 0.4326825),
            (-0.8602967, -0.4966892, 0.1148458), (-0.7024326, -0.7024301, 0.1148061), (-0.6754118, -0.6754113, 0.2960383),
            (-0.8602967, -0.4966892, 0.1148458), (-0.6754118, -0.6754113, 0.2960383), (-0.8271906, -0.4775758, 0.2961032),
            (-0.7024326, -0.7024301, 0.1148061), (-0.4966897, -0.860296, 0.1148483), (-0.4775778, -0.8271874, 0.2961093),
            (-0.7024326, -0.7024301, 0.1148061), (-0.4775778, -0.8271874, 0.2961093), (-0.6754118, -0.6754113, 0.2960383),
            (-0.6754118, -0.6754113, 0.2960383), (-0.4775778, -0.8271874, 0.2961093), (-0.4507724, -0.7807663, 0.4326757),
            (-0.6754118, -0.6754113, 0.2960383), (-0.4507724, -0.7807663, 0.4326757), (-0.6375472, -0.6375452, 0.4325156),
            (-0.8271906, -0.4775758, 0.2961032), (-0.6754118, -0.6754113, 0.2960383), (-0.6375472, -0.6375452, 0.4325156),
            (-0.8271906, -0.4775758, 0.2961032), (-0.6375472, -0.6375452, 0.4325156), (-0.7807621, -0.450768, 0.4326877),
            (-0.4966897, -0.860296, 0.1148483), (-0.2571058, -0.9595403, 0.1148012), (-0.247218, -0.9226307, 0.2960332),
            (-0.4966897, -0.860296, 0.1148483), (-0.247218, -0.9226307, 0.2960332), (-0.4775778, -0.8271874, 0.2961093),
            (-0.2571058, -0.9595403, 0.1148012), (-0.1319279, -0.9847, 0.1138473), (-0.1269301, -0.9474307, 0.2937071),
            (-0.2571058, -0.9595403, 0.1148012), (-0.1269301, -0.9474307, 0.2937071), (-0.247218, -0.9226307, 0.2960332),
            (-0.247218, -0.9226307, 0.2960332), (-0.1269301, -0.9474307, 0.2937071), (-0.1199113, -0.8950411, 0.4295613),
            (-0.247218, -0.9226307, 0.2960332), (-0.1199113, -0.8950411, 0.4295613), (-0.2333601, -0.8709027, 0.432518),
            (-0.4775778, -0.8271874, 0.2961093), (-0.247218, -0.9226307, 0.2960332), (-0.2333601, -0.8709027, 0.432518),
            (-0.4775778, -0.8271874, 0.2961093), (-0.2333601, -0.8709027, 0.432518), (-0.4507724, -0.7807663, 0.4326757),
            (0.1319252, -0.9847005, 0.1138448), (0.2571089, -0.9595391, 0.114803), (0.2472181, -0.9226301, 0.2960354),
            (0.1319252, -0.9847005, 0.1138448), (0.2472181, -0.9226301, 0.2960354), (0.1269298, -0.9474298, 0.29371),
            (0.2571089, -0.9595391, 0.114803), (0.4966891, -0.8602964, 0.1148481), (0.4775783, -0.8271881, 0.2961062),
            (0.2571089, -0.9595391, 0.114803), (0.4775783, -0.8271881, 0.2961062), (0.2472181, -0.9226301, 0.2960354),
            (0.2472181, -0.9226301, 0.2960354), (0.4775783, -0.8271881, 0.2961062), (0.4507747, -0.7807628, 0.4326795),
            (0.2472181, -0.9226301, 0.2960354), (0.4507747, -0.7807628, 0.4326795), (0.2333574, -0.8709041, 0.4325166),
            (0.1269298, -0.9474298, 0.29371), (0.2472181, -0.9226301, 0.2960354), (0.2333574, -0.8709041, 0.4325166),
            (0.1269298, -0.9474298, 0.29371), (0.2333574, -0.8709041, 0.4325166), (0.1199138, -0.8950412, 0.4295603),
            (0.4966891, -0.8602964, 0.1148481), (0.7024311, -0.7024316, 0.1148058), (0.6754106, -0.6754114, 0.2960407),
            (0.4966891, -0.8602964, 0.1148481), (0.6754106, -0.6754114, 0.2960407), (0.4775783, -0.8271881, 0.2961062),
            (0.7024311, -0.7024316, 0.1148058), (0.8602961, -0.4966907, 0.1148437), (0.8271872, -0.4775763, 0.2961118),
            (0.7024311, -0.7024316, 0.1148058), (0.8271872, -0.4775763, 0.2961118), (0.6754106, -0.6754114, 0.2960407),
            (0.6754106, -0.6754114, 0.2960407), (0.8271872, -0.4775763, 0.2961118), (0.7807615, -0.4507731, 0.4326837),
            (0.6754106, -0.6754114, 0.2960407), (0.7807615, -0.4507731, 0.4326837), (0.6375488, -0.637548, 0.4325093),
            (0.4775783, -0.8271881, 0.2961062), (0.6754106, -0.6754114, 0.2960407), (0.6375488, -0.637548, 0.4325093),
            (0.4775783, -0.8271881, 0.2961062), (0.6375488, -0.637548, 0.4325093), (0.4507747, -0.7807628, 0.4326795),
            (0.8602961, -0.4966907, 0.1148437), (0.9595391, -0.2571073, 0.1148064), (0.9226285, -0.2472191, 0.2960399),
            (0.8602961, -0.4966907, 0.1148437), (0.9226285, -0.2472191, 0.2960399), (0.8271872, -0.4775763, 0.2961118),
            (0.9595391, -0.2571073, 0.1148064), (0.9933838, 3.33062e-06, 0.1148423), (0.9551548, 1.36144e-06, 0.2961068),
            (0.9595391, -0.2571073, 0.1148064), (0.9551548, 1.36144e-06, 0.2961068), (0.9226285, -0.2472191, 0.2960399),
            (0.9226285, -0.2472191, 0.2960399), (0.9551548, 1.36144e-06, 0.2961068), (0.9015458, -6.61503e-07, 0.4326839),
            (0.9226285, -0.2472191, 0.2960399), (0.9015458, -6.61503e-07, 0.4326839), (0.8709075, -0.2333595, 0.4325084),
            (0.8271872, -0.4775763, 0.2961118), (0.9226285, -0.2472191, 0.2960399), (0.8709075, -0.2333595, 0.4325084),
            (0.8271872, -0.4775763, 0.2961118), (0.8709075, -0.2333595, 0.4325084), (0.7807615, -0.4507731, 0.4326837),
            (0.9933838, 3.33062e-06, 0.1148423), (0.9595389, 0.25711, 0.114802), (0.9226303, 0.2472189, 0.2960345),
            (0.9933838, 3.33062e-06, 0.1148423), (0.9226303, 0.2472189, 0.2960345), (0.9551548, 1.36144e-06, 0.2961068),
            (0.9595389, 0.25711, 0.114802), (0.8602955, 0.4966921, 0.1148414), (0.8271901, 0.4775781, 0.2961014),
            (0.9595389, 0.25711, 0.114802), (0.8271901, 0.4775781, 0.2961014), (0.9226303, 0.2472189, 0.2960345),
            (0.9226303, 0.2472189, 0.2960345), (0.8271901, 0.4775781, 0.2961014), (0.7807606, 0.4507755, 0.4326829),
            (0.9226303, 0.2472189, 0.2960345), (0.7807606, 0.4507755, 0.4326829), (0.8709073, 0.2333607, 0.4325081),
            (0.9551548, 1.36144e-06, 0.2961068), (0.9226303, 0.2472189, 0.2960345), (0.8709073, 0.2333607, 0.4325081),
            (0.9551548, 1.36144e-06, 0.2961068), (0.8709073, 0.2333607, 0.4325081), (0.9015458, -6.61503e-07, 0.4326839),
            (0.7929989, 0.4578365, 0.4019186), (0.6475455, 0.6475476, 0.4017052), (0.6648216, 0.6648147, 0.3406373),
            (0.7929989, 0.4578365, 0.4019186), (0.6648216, 0.6648147, 0.3406373), (0.8141657, 0.4700575, 0.3408523),
            (0.6475455, 0.6475476, 0.4017052), (0.4578374, 0.792999, 0.4019175), (0.4700571, 0.8141702, 0.3408418),
            (0.6475455, 0.6475476, 0.4017052), (0.4700571, 0.8141702, 0.3408418), (0.6648216, 0.6648147, 0.3406373),
            (0.6648216, 0.6648147, 0.3406373), (0.4700571, 0.8141702, 0.3408418), (0.4901645, 0.8489853, 0.1973903),
            (0.6648216, 0.6648147, 0.3406373), (0.4901645, 0.8489853, 0.1973903), (0.6932203, 0.6932225, 0.1972012),
            (0.8141657, 0.4700575, 0.3408523), (0.6648216, 0.6648147, 0.3406373), (0.6932203, 0.6932225, 0.1972012),
            (0.8141657, 0.4700575, 0.3408523), (0.6932203, 0.6932225, 0.1972012), (0.8489884, 0.4901585, 0.1973915),
            (0.4578374, 0.792999, 0.4019175), (0.2370192, 0.8845672, 0.4016999), (0.2433418, 0.9081638, 0.3406221),
            (0.4578374, 0.792999, 0.4019175), (0.2433418, 0.9081638, 0.3406221), (0.4700571, 0.8141702, 0.3408418),
            (0.2370192, 0.8845672, 0.4016999), (-1.6112e-07, 0.9156749, 0.4019197), (-7.38923e-07, 0.9401193, 0.3408457),
            (0.2370192, 0.8845672, 0.4016999), (-7.38923e-07, 0.9401193, 0.3408457), (0.2433418, 0.9081638, 0.3406221),
            (0.2433418, 0.9081638, 0.3406221), (-7.38923e-07, 0.9401193, 0.3408457), (7.41398e-07, 0.9803278, 0.1973767),
            (0.2433418, 0.9081638, 0.3406221), (7.41398e-07, 0.9803278, 0.1973767), (0.2537333, 0.9469588, 0.1972013),
            (0.4700571, 0.8141702, 0.3408418), (0.2433418, 0.9081638, 0.3406221), (0.2537333, 0.9469588, 0.1972013),
            (0.4700571, 0.8141702, 0.3408418), (0.2537333, 0.9469588, 0.1972013), (0.4901645, 0.8489853, 0.1973903),
            (-1.6112e-07, 0.9156749, 0.4019197), (-0.237017, 0.8845664, 0.4017032), (-0.2433402, 0.9081662, 0.3406166),
            (-1.6112e-07, 0.9156749, 0.4019197), (-0.2433402, 0.9081662, 0.3406166), (-7.38923e-07, 0.9401193, 0.3408457),
            (-0.237017, 0.8845664, 0.4017032), (-0.4578409, 0.7929962, 0.4019189), (-0.4700602, 0.8141648, 0.3408506),
            (-0.237017, 0.8845664, 0.4017032), (-0.4700602, 0.8141648, 0.3408506), (-0.2433402, 0.9081662, 0.3406166),
            (-0.2433402, 0.9081662, 0.3406166), (-0.4700602, 0.8141648, 0.3408506), (-0.4901587, 0.8489887, 0.1973899),
            (-0.2433402, 0.9081662, 0.3406166), (-0.4901587, 0.8489887, 0.1973899), (-0.2537396, 0.9469581, 0.1971973),
            (-7.38923e-07, 0.9401193, 0.3408457), (-0.2433402, 0.9081662, 0.3406166), (-0.2537396, 0.9469581, 0.1971973),
            (-7.38923e-07, 0.9401193, 0.3408457), (-0.2537396, 0.9469581, 0.1971973), (7.41398e-07, 0.9803278, 0.1973767),
            (-0.4578409, 0.7929962, 0.4019189), (-0.6475366, 0.6475426, 0.4017274), (-0.6648213, 0.664815, 0.3406373),
            (-0.4578409, 0.7929962, 0.4019189), (-0.6648213, 0.664815, 0.3406373), (-0.4700602, 0.8141648, 0.3408506),
            (-0.6475366, 0.6475426, 0.4017274), (-0.792997, 0.4578328, 0.4019267), (-0.8141578, 0.4700567, 0.3408722),
            (-0.6475366, 0.6475426, 0.4017274), (-0.8141578, 0.4700567, 0.3408722), (-0.6648213, 0.664815, 0.3406373),
            (-0.6648213, 0.664815, 0.3406373), (-0.8141578, 0.4700567, 0.3408722), (-0.8489913, 0.4901624, 0.1973693),
            (-0.6648213, 0.664815, 0.3406373), (-0.8489913, 0.4901624, 0.1973693), (-0.6932225, 0.6932207, 0.1971995),
            (-0.4700602, 0.8141648, 0.3408506), (-0.6648213, 0.664815, 0.3406373), (-0.6932225, 0.6932207, 0.1971995),
            (-0.4700602, 0.8141648, 0.3408506), (-0.6932225, 0.6932207, 0.1971995), (-0.4901587, 0.8489887, 0.1973899),
            (-0.792997, 0.4578328, 0.4019267), (-0.8845677, 0.2370207, 0.4016979), (-0.908164, 0.2433406, 0.3406226),
            (-0.792997, 0.4578328, 0.4019267), (-0.908164, 0.2433406, 0.3406226), (-0.8141578, 0.4700567, 0.3408722),
            (-0.8845677, 0.2370207, 0.4016979), (-0.9156733, 1.74845e-07, 0.4019237), (-0.9401127, 1.36105e-06, 0.3408641),
            (-0.8845677, 0.2370207, 0.4016979), (-0.9401127, 1.36105e-06, 0.3408641), (-0.908164, 0.2433406, 0.3406226),
            (-0.908164, 0.2433406, 0.3406226), (-0.9401127, 1.36105e-06, 0.3408641), (-0.9803289, -9.41648e-07, 0.1973713),
            (-0.908164, 0.2433406, 0.3406226), (-0.9803289, -9.41648e-07, 0.1973713), (-0.9469529, 0.2537382, 0.1972236),
            (-0.8141578, 0.4700567, 0.3408722), (-0.908164, 0.2433406, 0.3406226), (-0.9469529, 0.2537382, 0.1972236),
            (-0.8141578, 0.4700567, 0.3408722), (-0.9469529, 0.2537382, 0.1972236), (-0.8489913, 0.4901624, 0.1973693),
            (-0.9156733, 1.74845e-07, 0.4019237), (-0.8845655, -0.2370184, 0.4017041), (-0.9081662, -0.2433416, 0.3406156),
            (-0.9156733, 1.74845e-07, 0.4019237), (-0.9081662, -0.2433416, 0.3406156), (-0.9401127, 1.36105e-06, 0.3408641),
            (-0.8845655, -0.2370184, 0.4017041), (-0.7929998, -0.4578345, 0.4019191), (-0.8141644, -0.4700561, 0.3408575),
            (-0.8845655, -0.2370184, 0.4017041), (-0.8141644, -0.4700561, 0.3408575), (-0.9081662, -0.2433416, 0.3406156),
            (-0.9081662, -0.2433416, 0.3406156), (-0.8141644, -0.4700561, 0.3408575), (-0.8489923, -0.4901607, 0.1973697),
            (-0.9081662, -0.2433416, 0.3406156), (-0.8489923, -0.4901607, 0.1973697), (-0.9469546, -0.2537362, 0.1972182),
            (-0.9401127, 1.36105e-06, 0.3408641), (-0.9081662, -0.2433416, 0.3406156), (-0.9469546, -0.2537362, 0.1972182),
            (-0.9401127, 1.36105e-06, 0.3408641), (-0.9469546, -0.2537362, 0.1972182), (-0.9803289, -9.41648e-07, 0.1973713),
            (-0.7929998, -0.4578345, 0.4019191), (-0.6475427, -0.6475385, 0.4017244), (-0.6648241, -0.6648275, 0.3406075),
            (-0.7929998, -0.4578345, 0.4019191), (-0.6648241, -0.6648275, 0.3406075), (-0.8141644, -0.4700561, 0.3408575),
            (-0.6475427, -0.6475385, 0.4017244), (-0.4578353, -0.7929877, 0.4019421), (-0.4700611, -0.814161, 0.3408589),
            (-0.6475427, -0.6475385, 0.4017244), (-0.4700611, -0.814161, 0.3408589), (-0.6648241, -0.6648275, 0.3406075),
            (-0.6648241, -0.6648275, 0.3406075), (-0.4700611, -0.814161, 0.3408589), (-0.4901687, -0.8489873, 0.1973707),
            (-0.6648241, -0.6648275, 0.3406075), (-0.4901687, -0.8489873, 0.1973707), (-0.6932225, -0.6932244, 0.1971864),
            (-0.8141644, -0.4700561, 0.3408575), (-0.6648241, -0.6648275, 0.3406075), (-0.6932225, -0.6932244, 0.1971864),
            (-0.8141644, -0.4700561, 0.3408575), (-0.6932225, -0.6932244, 0.1971864), (-0.8489923, -0.4901607, 0.1973697),
            (-0.4578353, -0.7929877, 0.4019421), (-0.2370189, -0.884566, 0.4017028), (-0.243344, -0.9081639, 0.3406205),
            (-0.4578353, -0.7929877, 0.4019421), (-0.243344, -0.9081639, 0.3406205), (-0.4700611, -0.814161, 0.3408589),
            (-0.2370189, -0.884566, 0.4017028), (-0.1217641, -0.9088577, 0.3989375), (-0.1249636, -0.9327517, 0.3381693),
            (-0.2370189, -0.884566, 0.4017028), (-0.1249636, -0.9327517, 0.3381693), (-0.243344, -0.9081639, 0.3406205),
            (-0.243344, -0.9081639, 0.3406205), (-0.1249636, -0.9327517, 0.3381693), (-0.1302198, -0.9719814, 0.1956909),
            (-0.243344, -0.9081639, 0.3406205), (-0.1302198, -0.9719814, 0.1956909), (-0.2537375, -0.9469578, 0.1972016),
            (-0.4700611, -0.814161, 0.3408589), (-0.243344, -0.9081639, 0.3406205), (-0.2537375, -0.9469578, 0.1972016),
            (-0.4700611, -0.814161, 0.3408589), (-0.2537375, -0.9469578, 0.1972016), (-0.4901687, -0.8489873, 0.1973707),
            (0.1217628, -0.9088566, 0.3989405), (0.2370193, -0.8845617, 0.4017119), (0.2433439, -0.9081646, 0.3406183),
            (0.1217628, -0.9088566, 0.3989405), (0.2433439, -0.9081646, 0.3406183), (0.1249665, -0.9327517, 0.3381682),
            (0.2370193, -0.8845617, 0.4017119), (0.4578328, -0.7929904, 0.4019394), (0.470057, -0.8141629, 0.3408597),
            (0.2370193, -0.8845617, 0.4017119), (0.470057, -0.8141629, 0.3408597), (0.2433439, -0.9081646, 0.3406183),
            (0.2433439, -0.9081646, 0.3406183), (0.470057, -0.8141629, 0.3408597), (0.4901679, -0.8489875, 0.1973723),
            (0.2433439, -0.9081646, 0.3406183), (0.4901679, -0.8489875, 0.1973723), (0.2537379, -0.9469575, 0.1972014),
            (0.1249665, -0.9327517, 0.3381682), (0.2433439, -0.9081646, 0.3406183), (0.2537379, -0.9469575, 0.1972014),
            (0.1249665, -0.9327517, 0.3381682), (0.2537379, -0.9469575, 0.1972014), (0.1302214, -0.9719814, 0.1956899),
            (0.4578328, -0.7929904, 0.4019394), (0.6475464, -0.647543, 0.4017111), (0.664821, -0.6648223, 0.3406236),
            (0.4578328, -0.7929904, 0.4019394), (0.664821, -0.6648223, 0.3406236), (0.470057, -0.8141629, 0.3408597),
            (0.6475464, -0.647543, 0.4017111), (0.7930041, -0.4578354, 0.4019094), (0.81417, -0.4700582, 0.340841),
            (0.6475464, -0.647543, 0.4017111), (0.81417, -0.4700582, 0.340841), (0.664821, -0.6648223, 0.3406236),
            (0.664821, -0.6648223, 0.3406236), (0.81417, -0.4700582, 0.340841), (0.8489869, -0.4901611, 0.197391),
            (0.664821, -0.6648223, 0.3406236), (0.8489869, -0.4901611, 0.197391), (0.6932199, -0.6932235, 0.1971988),
            (0.470057, -0.8141629, 0.3408597), (0.664821, -0.6648223, 0.3406236), (0.6932199, -0.6932235, 0.1971988),
            (0.470057, -0.8141629, 0.3408597), (0.6932199, -0.6932235, 0.1971988), (0.4901679, -0.8489875, 0.1973723),
            (0.7930041, -0.4578354, 0.4019094), (0.8845633, -0.2370195, 0.4017082), (0.9081678, -0.2433401, 0.3406125),
            (0.7930041, -0.4578354, 0.4019094), (0.9081678, -0.2433401, 0.3406125), (0.81417, -0.4700582, 0.340841),
            (0.8845633, -0.2370195, 0.4017082), (0.9156737, -1.9603e-07, 0.4019228), (0.9401134, -1.96172e-06, 0.3408619),
            (0.8845633, -0.2370195, 0.4017082), (0.9401134, -1.96172e-06, 0.3408619), (0.9081678, -0.2433401, 0.3406125),
            (0.9081678, -0.2433401, 0.3406125), (0.9401134, -1.96172e-06, 0.3408619), (0.9803288, -7.2471e-07, 0.1973719),
            (0.9081678, -0.2433401, 0.3406125), (0.9803288, -7.2471e-07, 0.1973719), (0.9469593, -0.253736, 0.1971957),
            (0.81417, -0.4700582, 0.340841), (0.9081678, -0.2433401, 0.3406125), (0.9469593, -0.253736, 0.1971957),
            (0.81417, -0.4700582, 0.340841), (0.9469593, -0.253736, 0.1971957), (0.8489869, -0.4901611, 0.197391),
            (0.9156737, -1.9603e-07, 0.4019228), (0.8845664, 0.2370207, 0.4017009), (0.9081643, 0.2433424, 0.3406202),
            (0.9156737, -1.9603e-07, 0.4019228), (0.9081643, 0.2433424, 0.3406202), (0.9401134, -1.96172e-06, 0.3408619),
            (0.8845664, 0.2370207, 0.4017009), (0.7929989, 0.4578365, 0.4019186), (0.8141657, 0.4700575, 0.3408523),
            (0.8845664, 0.2370207, 0.4017009), (0.8141657, 0.4700575, 0.3408523), (0.9081643, 0.2433424, 0.3406202),
            (0.9081643, 0.2433424, 0.3406202), (0.8141657, 0.4700575, 0.3408523), (0.8489884, 0.4901585, 0.1973915),
            (0.9081643, 0.2433424, 0.3406202), (0.8489884, 0.4901585, 0.1973915), (0.9469576, 0.2537371, 0.1972026),
            (0.9401134, -1.96172e-06, 0.3408619), (0.9081643, 0.2433424, 0.3406202), (0.9469576, 0.2537371, 0.1972026),
            (0.9401134, -1.96172e-06, 0.3408619), (0.9469576, 0.2537371, 0.1972026), (0.9803288, -7.2471e-07, 0.1973719),
            (-0.3156688, -0.5467514, -0.7755103), (-0.1634616, -0.6100439, -0.7753236), (-0.1872332, -0.6987667, -0.6904121),
            (-0.3156688, -0.5467514, -0.7755103), (-0.1872332, -0.6987667, -0.6904121), (-0.3616897, -0.6264612, -0.6904541),
            (-0.1634616, -0.6100439, -0.7753236), (-0.08427768, -0.6290855, -0.772754), (-0.09645998, -0.7200032, -0.6872343),
            (-0.1634616, -0.6100439, -0.7753236), (-0.09645998, -0.7200032, -0.6872343), (-0.1872332, -0.6987667, -0.6904121),
            (-0.1872332, -0.6987667, -0.6904121), (-0.09645998, -0.7200032, -0.6872343), (-0.1227235, -0.9160317, -0.3818705),
            (-0.1872332, -0.6987667, -0.6904121), (-0.1227235, -0.9160317, -0.3818705), (-0.2388855, -0.8915298, -0.3848485),
            (-0.3616897, -0.6264612, -0.6904541), (-0.1872332, -0.6987667, -0.6904121), (-0.2388855, -0.8915298, -0.3848485),
            (-0.3616897, -0.6264612, -0.6904541), (-0.2388855, -0.8915298, -0.3848485), (-0.4615051, -0.7993495, -0.3847771),
            (-0.5467494, -0.3156663, -0.7755128), (-0.4465794, -0.446578, -0.775329), (-0.5115323, -0.5115295, -0.6904147),
            (-0.5467494, -0.3156663, -0.7755128), (-0.5115323, -0.5115295, -0.6904147), (-0.6264594, -0.3616869, -0.6904573),
            (-0.4465794, -0.446578, -0.775329), (-0.3156688, -0.5467514, -0.7755103), (-0.3616897, -0.6264612, -0.6904541),
            (-0.4465794, -0.446578, -0.775329), (-0.3616897, -0.6264612, -0.6904541), (-0.5115323, -0.5115295, -0.6904147),
            (-0.5115323, -0.5115295, -0.6904147), (-0.3616897, -0.6264612, -0.6904541), (-0.4615051, -0.7993495, -0.3847771),
            (-0.5115323, -0.5115295, -0.6904147), (-0.4615051, -0.7993495, -0.3847771), (-0.6526442, -0.652644, -0.3848526),
            (-0.6264594, -0.3616869, -0.6904573), (-0.5115323, -0.5115295, -0.6904147), (-0.6526442, -0.652644, -0.3848526),
            (-0.6264594, -0.3616869, -0.6904573), (-0.6526442, -0.652644, -0.3848526), (-0.7993482, -0.4615045, -0.3847808),
            (-0.6313328, 1.63037e-06, -0.775512), (-0.6100339, -0.1634621, -0.7753316), (-0.6987633, -0.1872332, -0.6904156),
            (-0.6313328, 1.63037e-06, -0.775512), (-0.6987633, -0.1872332, -0.6904156), (-0.7233759, 2.82778e-07, -0.6904545),
            (-0.6100339, -0.1634621, -0.7753316), (-0.5467494, -0.3156663, -0.7755128), (-0.6264594, -0.3616869, -0.6904573),
            (-0.6100339, -0.1634621, -0.7753316), (-0.6264594, -0.3616869, -0.6904573), (-0.6987633, -0.1872332, -0.6904156),
            (-0.6987633, -0.1872332, -0.6904156), (-0.6264594, -0.3616869, -0.6904573), (-0.7993482, -0.4615045, -0.3847808),
            (-0.6987633, -0.1872332, -0.6904156), (-0.7993482, -0.4615045, -0.3847808), (-0.8915305, -0.2388851, -0.384847),
            (-0.7233759, 2.82778e-07, -0.6904545), (-0.6987633, -0.1872332, -0.6904156), (-0.8915305, -0.2388851, -0.384847),
            (-0.7233759, 2.82778e-07, -0.6904545), (-0.8915305, -0.2388851, -0.384847), (-0.9230108, 2.63738e-07, -0.3847741),
            (-0.5467454, 0.3156635, -0.7755166), (-0.610035, 0.1634606, -0.775331), (-0.698764, 0.1872342, -0.6904146),
            (-0.5467454, 0.3156635, -0.7755166), (-0.698764, 0.1872342, -0.6904146), (-0.6264595, 0.361688, -0.6904566),
            (-0.610035, 0.1634606, -0.775331), (-0.6313328, 1.63037e-06, -0.775512), (-0.7233759, 2.82778e-07, -0.6904545),
            (-0.610035, 0.1634606, -0.775331), (-0.7233759, 2.82778e-07, -0.6904545), (-0.698764, 0.1872342, -0.6904146),
            (-0.698764, 0.1872342, -0.6904146), (-0.7233759, 2.82778e-07, -0.6904545), (-0.9230108, 2.63738e-07, -0.3847741),
            (-0.698764, 0.1872342, -0.6904146), (-0.9230108, 2.63738e-07, -0.3847741), (-0.8915309, 0.2388851, -0.3848464),
            (-0.6264595, 0.361688, -0.6904566), (-0.698764, 0.1872342, -0.6904146), (-0.8915309, 0.2388851, -0.3848464),
            (-0.6264595, 0.361688, -0.6904566), (-0.8915309, 0.2388851, -0.3848464), (-0.7993493, 0.4615052, -0.3847774),
            (-0.3156689, 0.5467552, -0.7755076), (-0.4465816, 0.446582, -0.7753253), (-0.5115324, 0.5115337, -0.6904115),
            (-0.3156689, 0.5467552, -0.7755076), (-0.5115324, 0.5115337, -0.6904115), (-0.3616885, 0.626462, -0.6904541),
            (-0.4465816, 0.446582, -0.7753253), (-0.5467454, 0.3156635, -0.7755166), (-0.6264595, 0.361688, -0.6904566),
            (-0.4465816, 0.446582, -0.7753253), (-0.6264595, 0.361688, -0.6904566), (-0.5115324, 0.5115337, -0.6904115),
            (-0.5115324, 0.5115337, -0.6904115), (-0.6264595, 0.361688, -0.6904566), (-0.7993493, 0.4615052, -0.3847774),
            (-0.5115324, 0.5115337, -0.6904115), (-0.7993493, 0.4615052, -0.3847774), (-0.6526449, 0.6526456, -0.3848487),
            (-0.3616885, 0.626462, -0.6904541), (-0.5115324, 0.5115337, -0.6904115), (-0.6526449, 0.6526456, -0.3848487),
            (-0.3616885, 0.626462, -0.6904541), (-0.6526449, 0.6526456, -0.3848487), (-0.4615058, 0.7993482, -0.3847793),
            (0, 0.6313245, -0.7755188), (-0.1634584, 0.6100445, -0.775324), (-0.1872321, 0.6987663, -0.6904128),
            (0, 0.6313245, -0.7755188), (-0.1872321, 0.6987663, -0.6904128), (-5.48637e-07, 0.7233714, -0.6904592),
            (-0.1634584, 0.6100445, -0.775324), (-0.3156689, 0.5467552, -0.7755076), (-0.3616885, 0.626462, -0.6904541),
            (-0.1634584, 0.6100445, -0.775324), (-0.3616885, 0.626462, -0.6904541), (-0.1872321, 0.6987663, -0.6904128),
            (-0.1872321, 0.6987663, -0.6904128), (-0.3616885, 0.626462, -0.6904541), (-0.4615058, 0.7993482, -0.3847793),
            (-0.1872321, 0.6987663, -0.6904128), (-0.4615058, 0.7993482, -0.3847793), (-0.2388849, 0.8915305, -0.3848474),
            (-5.48637e-07, 0.7233714, -0.6904592), (-0.1872321, 0.6987663, -0.6904128), (-0.2388849, 0.8915305, -0.3848474),
            (-5.48637e-07, 0.7233714, -0.6904592), (-0.2388849, 0.8915305, -0.3848474), (-9.51966e-07, 0.9230087, -0.3847791),
            (0.3156591, 0.5467438, -0.7755196), (0.1634592, 0.6100318, -0.7753337), (0.1872343, 0.6987629, -0.6904156),
            (0.3156591, 0.5467438, -0.7755196), (0.1872343, 0.6987629, -0.6904156), (0.3616867, 0.6264589, -0.6904578),
            (0.1634592, 0.6100318, -0.7753337), (0, 0.6313245, -0.7755188), (-5.48637e-07, 0.7233714, -0.6904592),
            (0.1634592, 0.6100318, -0.7753337), (-5.48637e-07, 0.7233714, -0.6904592), (0.1872343, 0.6987629, -0.6904156),
            (0.1872343, 0.6987629, -0.6904156), (-5.48637e-07, 0.7233714, -0.6904592), (-9.51966e-07, 0.9230087, -0.3847791),
            (0.1872343, 0.6987629, -0.6904156), (-9.51966e-07, 0.9230087, -0.3847791), (0.2388865, 0.89153, -0.3848475),
            (0.3616867, 0.6264589, -0.6904578), (0.1872343, 0.6987629, -0.6904156), (0.2388865, 0.89153, -0.3848475),
            (0.3616867, 0.6264589, -0.6904578), (0.2388865, 0.89153, -0.3848475), (0.4615052, 0.7993495, -0.3847774),
            (0.5467512, 0.3156688, -0.7755106), (0.4465799, 0.4465824, -0.7753261), (0.511533, 0.5115326, -0.6904119),
            (0.5467512, 0.3156688, -0.7755106), (0.511533, 0.5115326, -0.6904119), (0.6264612, 0.3616907, -0.6904537),
            (0.4465799, 0.4465824, -0.7753261), (0.3156591, 0.5467438, -0.7755196), (0.3616867, 0.6264589, -0.6904578),
            (0.4465799, 0.4465824, -0.7753261), (0.3616867, 0.6264589, -0.6904578), (0.511533, 0.5115326, -0.6904119),
            (0.511533, 0.5115326, -0.6904119), (0.3616867, 0.6264589, -0.6904578), (0.4615052, 0.7993495, -0.3847774),
            (0.511533, 0.5115326, -0.6904119), (0.4615052, 0.7993495, -0.3847774), (0.652644, 0.6526448, -0.3848513),
            (0.6264612, 0.3616907, -0.6904537), (0.511533, 0.5115326, -0.6904119), (0.652644, 0.6526448, -0.3848513),
            (0.6264612, 0.3616907, -0.6904537), (0.652644, 0.6526448, -0.3848513), (0.7993494, 0.4615051, -0.3847775),
            (0.6313418, -1.57677e-06, -0.7755048), (0.6100432, 0.1634638, -0.7753237), (0.6987681, 0.187235, -0.6904101),
            (0.6313418, -1.57677e-06, -0.7755048), (0.6987681, 0.187235, -0.6904101), (0.7233795, 0, -0.6904507),
            (0.6100432, 0.1634638, -0.7753237), (0.5467512, 0.3156688, -0.7755106), (0.6264612, 0.3616907, -0.6904537),
            (0.6100432, 0.1634638, -0.7753237), (0.6264612, 0.3616907, -0.6904537), (0.6987681, 0.187235, -0.6904101),
            (0.6987681, 0.187235, -0.6904101), (0.6264612, 0.3616907, -0.6904537), (0.7993494, 0.4615051, -0.3847775),
            (0.6987681, 0.187235, -0.6904101), (0.7993494, 0.4615051, -0.3847775), (0.8915306, 0.2388848, -0.3848471),
            (0.7233795, 0, -0.6904507), (0.6987681, 0.187235, -0.6904101), (0.8915306, 0.2388848, -0.3848471),
            (0.7233795, 0, -0.6904507), (0.8915306, 0.2388848, -0.3848471), (0.9230086, 1.21821e-06, -0.3847794),
            (0.5467504, -0.3156669, -0.7755117), (0.6100458, -0.1634621, -0.7753221), (0.6987675, -0.1872323, -0.6904116),
            (0.5467504, -0.3156669, -0.7755117), (0.6987675, -0.1872323, -0.6904116), (0.6264612, -0.3616855, -0.6904565),
            (0.6100458, -0.1634621, -0.7753221), (0.6313418, -1.57677e-06, -0.7755048), (0.7233795, 0, -0.6904507),
            (0.6100458, -0.1634621, -0.7753221), (0.7233795, 0, -0.6904507), (0.6987675, -0.1872323, -0.6904116),
            (0.6987675, -0.1872323, -0.6904116), (0.7233795, 0, -0.6904507), (0.9230086, 1.21821e-06, -0.3847794),
            (0.6987675, -0.1872323, -0.6904116), (0.9230086, 1.21821e-06, -0.3847794), (0.891529, -0.2388827, -0.3848521),
            (0.6264612, -0.3616855, -0.6904565), (0.6987675, -0.1872323, -0.6904116), (0.891529, -0.2388827, -0.3848521),
            (0.6264612, -0.3616855, -0.6904565), (0.891529, -0.2388827, -0.3848521), (0.7993493, -0.4615026, -0.3847808),
            (0.3156712, -0.5467545, -0.7755072), (0.4465843, -0.4465815, -0.7753241), (0.5115306, -0.5115307, -0.690415),
            (0.3156712, -0.5467545, -0.7755072), (0.5115306, -0.5115307, -0.690415), (0.361689, -0.6264612, -0.6904545),
            (0.4465843, -0.4465815, -0.7753241), (0.5467504, -0.3156669, -0.7755117), (0.6264612, -0.3616855, -0.6904565),
            (0.4465843, -0.4465815, -0.7753241), (0.6264612, -0.3616855, -0.6904565), (0.5115306, -0.5115307, -0.690415),
            (0.5115306, -0.5115307, -0.690415), (0.6264612, -0.3616855, -0.6904565), (0.7993493, -0.4615026, -0.3847808),
            (0.5115306, -0.5115307, -0.690415), (0.7993493, -0.4615026, -0.3847808), (0.6526446, -0.6526435, -0.3848526),
            (0.361689, -0.6264612, -0.6904545), (0.5115306, -0.5115307, -0.690415), (0.6526446, -0.6526435, -0.3848526),
            (0.361689, -0.6264612, -0.6904545), (0.6526446, -0.6526435, -0.3848526), (0.461505, -0.7993495, -0.3847775),
            (0.08428007, -0.6290874, -0.7727523), (0.1634607, -0.6100444, -0.7753235), (0.1872336, -0.6987671, -0.6904116),
            (0.08428007, -0.6290874, -0.7727523), (0.1872336, -0.6987671, -0.6904116), (0.09646135, -0.720003, -0.6872344),
            (0.1634607, -0.6100444, -0.7753235), (0.3156712, -0.5467545, -0.7755072), (0.361689, -0.6264612, -0.6904545),
            (0.1634607, -0.6100444, -0.7753235), (0.361689, -0.6264612, -0.6904545), (0.1872336, -0.6987671, -0.6904116),
            (0.1872336, -0.6987671, -0.6904116), (0.361689, -0.6264612, -0.6904545), (0.461505, -0.7993495, -0.3847775),
            (0.1872336, -0.6987671, -0.6904116), (0.461505, -0.7993495, -0.3847775), (0.2388838, -0.8915311, -0.3848466),
            (0.09646135, -0.720003, -0.6872344), (0.1872336, -0.6987671, -0.6904116), (0.2388838, -0.8915311, -0.3848466),
            (0.09646135, -0.720003, -0.6872344), (0.2388838, -0.8915311, -0.3848466), (0.122726, -0.916032, -0.3818687),
            (-0.9230108, 2.63738e-07, -0.3847741), (-0.8915305, -0.2388851, -0.384847), (-0.9630572, -0.2580483, -0.07701838),
            (-0.9230108, 2.63738e-07, -0.3847741), (-0.9630572, -0.2580483, -0.07701838), (-0.9970276, 2.2223e-07, -0.07704627),
            (-0.8915305, -0.2388851, -0.384847), (-0.7993482, -0.4615045, -0.3847808), (-0.863452, -0.4985119, -0.07704913),
            (-0.8915305, -0.2388851, -0.384847), (-0.863452, -0.4985119, -0.07704913), (-0.9630572, -0.2580483, -0.07701838),
            (-0.9630572, -0.2580483, -0.07701838), (-0.863452, -0.4985119, -0.07704913), (-0.8660267, -0.4999978, 0),
            (-0.9630572, -0.2580483, -0.07701838), (-0.8660267, -0.4999978, 0), (-0.9659264, -0.258817, 0),
            (-0.9970276, 2.2223e-07, -0.07704627), (-0.9630572, -0.2580483, -0.07701838), (-0.9659264, -0.258817, 0),
            (-0.9970276, 2.2223e-07, -0.07704627), (-0.9659264, -0.258817, 0), (-1, 0, 0),
            (-0.7993493, 0.4615052, -0.3847774), (-0.8915309, 0.2388851, -0.3848464), (-0.9630569, 0.2580494, -0.07702004),
            (-0.7993493, 0.4615052, -0.3847774), (-0.9630569, 0.2580494, -0.07702004), (-0.8634504, 0.4985148, -0.07704883),
            (-0.8915309, 0.2388851, -0.3848464), (-0.9230108, 2.63738e-07, -0.3847741), (-0.9970276, 2.2223e-07, -0.07704627),
            (-0.8915309, 0.2388851, -0.3848464), (-0.9970276, 2.2223e-07, -0.07704627), (-0.9630569, 0.2580494, -0.07702004),
            (-0.9630569, 0.2580494, -0.07702004), (-0.9970276, 2.2223e-07, -0.07704627), (-1, 0, 0),
            (-0.9630569, 0.2580494, -0.07702004), (-1, 0, 0), (-0.9659261, 0.2588183, 0),
            (-0.8634504, 0.4985148, -0.07704883), (-0.9630569, 0.2580494, -0.07702004), (-0.9659261, 0.2588183, 0),
            (-0.8634504, 0.4985148, -0.07704883), (-0.9659261, 0.2588183, 0), (-0.8660247, 0.5000013, 0),
            (-0.4615058, 0.7993482, -0.3847793), (-0.6526449, 0.6526456, -0.3848487), (-0.705006, 0.7050068, -0.0770204),
            (-0.4615058, 0.7993482, -0.3847793), (-0.705006, 0.7050068, -0.0770204), (-0.498514, 0.863451, -0.0770483),
            (-0.6526449, 0.6526456, -0.3848487), (-0.7993493, 0.4615052, -0.3847774), (-0.8634504, 0.4985148, -0.07704883),
            (-0.6526449, 0.6526456, -0.3848487), (-0.8634504, 0.4985148, -0.07704883), (-0.705006, 0.7050068, -0.0770204),
            (-0.705006, 0.7050068, -0.0770204), (-0.8634504, 0.4985148, -0.07704883), (-0.8660247, 0.5000013, 0),
            (-0.705006, 0.7050068, -0.0770204), (-0.8660247, 0.5000013, 0), (-0.7071064, 0.7071072, 0),
            (-0.498514, 0.863451, -0.0770483), (-0.705006, 0.7050068, -0.0770204), (-0.7071064, 0.7071072, 0),
            (-0.498514, 0.863451, -0.0770483), (-0.7071064, 0.7071072, 0), (-0.4999998, 0.8660255, 0),
            (-9.51966e-07, 0.9230087, -0.3847791), (-0.2388849, 0.8915305, -0.3848474), (-0.2580505, 0.9630566, -0.07701957),
            (-9.51966e-07, 0.9230087, -0.3847791), (-0.2580505, 0.9630566, -0.07701957), (-7.07756e-07, 0.9970272, -0.0770514),
            (-0.2388849, 0.8915305, -0.3848474), (-0.4615058, 0.7993482, -0.3847793), (-0.498514, 0.863451, -0.0770483),
            (-0.2388849, 0.8915305, -0.3848474), (-0.498514, 0.863451, -0.0770483), (-0.2580505, 0.9630566, -0.07701957),
            (-0.2580505, 0.9630566, -0.07701957), (-0.498514, 0.863451, -0.0770483), (-0.4999998, 0.8660255, 0),
            (-0.2580505, 0.9630566, -0.07701957), (-0.4999998, 0.8660255, 0), (-0.2588205, 0.9659255, 0),
            (-7.07756e-07, 0.9970272, -0.0770514), (-0.2580505, 0.9630566, -0.07701957), (-0.2588205, 0.9659255, 0),
            (-7.07756e-07, 0.9970272, -0.0770514), (-0.2588205, 0.9659255, 0), (0, 1, 0),
            (0.4615052, 0.7993495, -0.3847774), (0.2388865, 0.89153, -0.3848475), (0.2580528, 0.9630559, -0.07702046),
            (0.4615052, 0.7993495, -0.3847774), (0.2580528, 0.9630559, -0.07702046), (0.4985136, 0.863451, -0.07704973),
            (0.2388865, 0.89153, -0.3848475), (-9.51966e-07, 0.9230087, -0.3847791), (-7.07756e-07, 0.9970272, -0.0770514),
            (0.2388865, 0.89153, -0.3848475), (-7.07756e-07, 0.9970272, -0.0770514), (0.2580528, 0.9630559, -0.07702046),
            (0.2580528, 0.9630559, -0.07702046), (-7.07756e-07, 0.9970272, -0.0770514), (0, 1, 0),
            (0.2580528, 0.9630559, -0.07702046), (0, 1, 0), (0.2588214, 0.9659252, 0),
            (0.4985136, 0.863451, -0.07704973), (0.2580528, 0.9630559, -0.07702046), (0.2588214, 0.9659252, 0),
            (0.4985136, 0.863451, -0.07704973), (0.2588214, 0.9659252, 0), (0.4999993, 0.8660258, 0),
            (0.7993494, 0.4615051, -0.3847775), (0.652644, 0.6526448, -0.3848513), (0.7050063, 0.7050061, -0.0770238),
            (0.7993494, 0.4615051, -0.3847775), (0.7050063, 0.7050061, -0.0770238), (0.8634516, 0.4985127, -0.07704889),
            (0.652644, 0.6526448, -0.3848513), (0.4615052, 0.7993495, -0.3847774), (0.4985136, 0.863451, -0.07704973),
            (0.652644, 0.6526448, -0.3848513), (0.4985136, 0.863451, -0.07704973), (0.7050063, 0.7050061, -0.0770238),
            (0.7050063, 0.7050061, -0.0770238), (0.4985136, 0.863451, -0.07704973), (0.4999993, 0.8660258, 0),
            (0.7050063, 0.7050061, -0.0770238), (0.4999993, 0.8660258, 0), (0.7071072, 0.7071064, 0),
            (0.8634516, 0.4985127, -0.07704889), (0.7050063, 0.7050061, -0.0770238), (0.7071072, 0.7071064, 0),
            (0.8634516, 0.4985127, -0.07704889), (0.7071072, 0.7071064, 0), (0.8660249, 0.5000011, -8.06848e-07),
            (0.9230086, 1.21821e-06, -0.3847794), (0.8915306, 0.2388848, -0.3848471), (0.9630557, 0.2580529, -0.07702314),
            (0.9230086, 1.21821e-06, -0.3847794), (0.9630557, 0.2580529, -0.07702314), (0.9970271, 2.07496e-06, -0.07705289),
            (0.8915306, 0.2388848, -0.3848471), (0.7993494, 0.4615051, -0.3847775), (0.8634516, 0.4985127, -0.07704889),
            (0.8915306, 0.2388848, -0.3848471), (0.8634516, 0.4985127, -0.07704889), (0.9630557, 0.2580529, -0.07702314),
            (0.9630557, 0.2580529, -0.07702314), (0.8634516, 0.4985127, -0.07704889), (0.8660249, 0.5000011, -8.06848e-07),
            (0.9630557, 0.2580529, -0.07702314), (0.8660249, 0.5000011, -8.06848e-07), (0.9659252, 0.2588216, -1.12011e-06),
            (0.9970271, 2.07496e-06, -0.07705289), (0.9630557, 0.2580529, -0.07702314), (0.9659252, 0.2588216, -1.12011e-06),
            (0.9970271, 2.07496e-06, -0.07705289), (0.9659252, 0.2588216, -1.12011e-06), (1, 3.60114e-07, 6.66652e-07),
            (0.7993493, -0.4615026, -0.3847808), (0.891529, -0.2388827, -0.3848521), (0.9630571, -0.2580473, -0.07702386),
            (0.7993493, -0.4615026, -0.3847808), (0.9630571, -0.2580473, -0.07702386), (0.8634509, -0.4985136, -0.07704925),
            (0.891529, -0.2388827, -0.3848521), (0.9230086, 1.21821e-06, -0.3847794), (0.9970271, 2.07496e-06, -0.07705289),
            (0.891529, -0.2388827, -0.3848521), (0.9970271, 2.07496e-06, -0.07705289), (0.9630571, -0.2580473, -0.07702386),
            (0.9630571, -0.2580473, -0.07702386), (0.9970271, 2.07496e-06, -0.07705289), (1, 3.60114e-07, 6.66652e-07),
            (0.9630571, -0.2580473, -0.07702386), (1, 3.60114e-07, 6.66652e-07), (0.9659264, -0.2588171, 0),
            (0.8634509, -0.4985136, -0.07704925), (0.9630571, -0.2580473, -0.07702386), (0.9659264, -0.2588171, 0),
            (0.8634509, -0.4985136, -0.07704925), (0.9659264, -0.2588171, 0), (0.8660253, -0.5000004, 0),
            (0.461505, -0.7993495, -0.3847775), (0.6526446, -0.6526435, -0.3848526), (0.7050052, -0.7050077, -0.07701951),
            (0.461505, -0.7993495, -0.3847775), (0.7050052, -0.7050077, -0.07701951), (0.4985124, -0.863452, -0.07704657),
            (0.6526446, -0.6526435, -0.3848526), (0.7993493, -0.4615026, -0.3847808), (0.8634509, -0.4985136, -0.07704925),
            (0.6526446, -0.6526435, -0.3848526), (0.8634509, -0.4985136, -0.07704925), (0.7050052, -0.7050077, -0.07701951),
            (0.7050052, -0.7050077, -0.07701951), (0.8634509, -0.4985136, -0.07704925), (0.8660253, -0.5000004, 0),
            (0.7050052, -0.7050077, -0.07701951), (0.8660253, -0.5000004, 0), (0.7071052, -0.7071084, 0),
            (0.4985124, -0.863452, -0.07704657), (0.7050052, -0.7050077, -0.07701951), (0.7071052, -0.7071084, 0),
            (0.4985124, -0.863452, -0.07704657), (0.7071052, -0.7071084, 0), (0.4999989, -0.8660261, 0),
            (0.122726, -0.916032, -0.3818687), (0.2388838, -0.8915311, -0.3848466), (0.2580515, -0.9630563, -0.07701998),
            (0.122726, -0.916032, -0.3818687), (0.2580515, -0.9630563, -0.07701998), (0.1324039, -0.9882492, -0.0763728),
            (0.2388838, -0.8915311, -0.3848466), (0.461505, -0.7993495, -0.3847775), (0.4985124, -0.863452, -0.07704657),
            (0.2388838, -0.8915311, -0.3848466), (0.4985124, -0.863452, -0.07704657), (0.2580515, -0.9630563, -0.07701998),
            (0.2580515, -0.9630563, -0.07701998), (0.4985124, -0.863452, -0.07704657), (0.4999989, -0.8660261, 0),
            (0.2580515, -0.9630563, -0.07701998), (0.4999989, -0.8660261, 0), (0.2588208, -0.9659253, 0),
            (0.1324039, -0.9882492, -0.0763728), (0.2580515, -0.9630563, -0.07701998), (0.2588208, -0.9659253, 0),
            (0.1324039, -0.9882492, -0.0763728), (0.2588208, -0.9659253, 0), (0.1327917, -0.991144, 0),
            (-0.4615051, -0.7993495, -0.3847771), (-0.2388855, -0.8915298, -0.3848485), (-0.2580523, -0.9630561, -0.07701933),
            (-0.4615051, -0.7993495, -0.3847771), (-0.2580523, -0.9630561, -0.07701933), (-0.4985132, -0.8634512, -0.07704961),
            (-0.2388855, -0.8915298, -0.3848485), (-0.1227235, -0.9160317, -0.3818705), (-0.132402, -0.9882495, -0.07637161),
            (-0.2388855, -0.8915298, -0.3848485), (-0.132402, -0.9882495, -0.07637161), (-0.2580523, -0.9630561, -0.07701933),
            (-0.2580523, -0.9630561, -0.07701933), (-0.132402, -0.9882495, -0.07637161), (-0.1327913, -0.9911441, 0),
            (-0.2580523, -0.9630561, -0.07701933), (-0.1327913, -0.9911441, 0), (-0.2588208, -0.9659254, 0),
            (-0.4985132, -0.8634512, -0.07704961), (-0.2580523, -0.9630561, -0.07701933), (-0.2588208, -0.9659254, 0),
            (-0.4985132, -0.8634512, -0.07704961), (-0.2588208, -0.9659254, 0), (-0.4999988, -0.8660262, 0),
            (-0.7993482, -0.4615045, -0.3847808), (-0.6526442, -0.652644, -0.3848526), (-0.7050061, -0.7050063, -0.07702386),
            (-0.7993482, -0.4615045, -0.3847808), (-0.7050061, -0.7050063, -0.07702386), (-0.863452, -0.4985119, -0.07704913),
            (-0.6526442, -0.652644, -0.3848526), (-0.4615051, -0.7993495, -0.3847771), (-0.4985132, -0.8634512, -0.07704961),
            (-0.6526442, -0.652644, -0.3848526), (-0.4985132, -0.8634512, -0.07704961), (-0.7050061, -0.7050063, -0.07702386),
            (-0.7050061, -0.7050063, -0.07702386), (-0.4985132, -0.8634512, -0.07704961), (-0.4999988, -0.8660262, 0),
            (-0.7050061, -0.7050063, -0.07702386), (-0.4999988, -0.8660262, 0), (-0.7071068, -0.7071068, 0),
            (-0.863452, -0.4985119, -0.07704913), (-0.7050061, -0.7050063, -0.07702386), (-0.7071068, -0.7071068, 0),
            (-0.863452, -0.4985119, -0.07704913), (-0.7071068, -0.7071068, 0), (-0.8660267, -0.4999978, 0),
            (-0.9015464, 1.15523e-06, 0.4326825), (-0.870908, -0.2333577, 0.4325083), (-0.8497586, -0.2276914, 0.4754651),
            (-0.9015464, 1.15523e-06, 0.4326825), (-0.8497586, -0.2276914, 0.4754651), (-0.8796308, -1.76885e-06, 0.4756571),
            (-0.870908, -0.2333577, 0.4325083), (-0.7807621, -0.450768, 0.4326877), (-0.7617762, -0.4398101, 0.4756723),
            (-0.870908, -0.2333577, 0.4325083), (-0.7617762, -0.4398101, 0.4756723), (-0.8497586, -0.2276914, 0.4754651),
            (-0.8497586, -0.2276914, 0.4754651), (-0.7617762, -0.4398101, 0.4756723), (-0.7642121, -0.4412127, 0.4704372),
            (-0.8497586, -0.2276914, 0.4754651), (-0.7642121, -0.4412127, 0.4704372), (-0.8524906, -0.2284252, 0.4701934),
            (-0.8796308, -1.76885e-06, 0.4756571), (-0.8497586, -0.2276914, 0.4754651), (-0.8524906, -0.2284252, 0.4701934),
            (-0.8796308, -1.76885e-06, 0.4756571), (-0.8524906, -0.2284252, 0.4701934), (-0.8824353, -7.63233e-07, 0.4704338),
            (-0.7807592, 0.4507769, 0.4326838), (-0.8709084, 0.2333584, 0.432507), (-0.8497595, 0.2276945, 0.475462),
            (-0.7807592, 0.4507769, 0.4326838), (-0.8497595, 0.2276945, 0.475462), (-0.7617786, 0.4398141, 0.4756648),
            (-0.8709084, 0.2333584, 0.432507), (-0.9015464, 1.15523e-06, 0.4326825), (-0.8796308, -1.76885e-06, 0.4756571),
            (-0.8709084, 0.2333584, 0.432507), (-0.8796308, -1.76885e-06, 0.4756571), (-0.8497595, 0.2276945, 0.475462),
            (-0.8497595, 0.2276945, 0.475462), (-0.8796308, -1.76885e-06, 0.4756571), (-0.8824353, -7.63233e-07, 0.4704338),
            (-0.8497595, 0.2276945, 0.475462), (-0.8824353, -7.63233e-07, 0.4704338), (-0.8524882, 0.2284291, 0.4701957),
            (-0.7617786, 0.4398141, 0.4756648), (-0.8497595, 0.2276945, 0.475462), (-0.8524882, 0.2284291, 0.4701957),
            (-0.7617786, 0.4398141, 0.4756648), (-0.8524882, 0.2284291, 0.4701957), (-0.7642121, 0.4412179, 0.4704326),
            (-0.4507779, 0.7807643, 0.4326736), (-0.6375478, 0.6375485, 0.4325098), (-0.6220766, 0.6220701, 0.4754468),
            (-0.4507779, 0.7807643, 0.4326736), (-0.6220766, 0.6220701, 0.4754468), (-0.4398174, 0.7617801, 0.4756593),
            (-0.6375478, 0.6375485, 0.4325098), (-0.7807592, 0.4507769, 0.4326838), (-0.7617786, 0.4398141, 0.4756648),
            (-0.6375478, 0.6375485, 0.4325098), (-0.7617786, 0.4398141, 0.4756648), (-0.6220766, 0.6220701, 0.4754468),
            (-0.6220766, 0.6220701, 0.4754468), (-0.7617786, 0.4398141, 0.4756648), (-0.7642121, 0.4412179, 0.4704326),
            (-0.6220766, 0.6220701, 0.4754468), (-0.7642121, 0.4412179, 0.4704326), (-0.6240732, 0.6240673, 0.4701837),
            (-0.4398174, 0.7617801, 0.4756593), (-0.6220766, 0.6220701, 0.4754468), (-0.6240732, 0.6240673, 0.4701837),
            (-0.4398174, 0.7617801, 0.4756593), (-0.6240732, 0.6240673, 0.4701837), (-0.4412142, 0.7642099, 0.4704394),
            (-5.58444e-07, 0.9015464, 0.4326825), (-0.2333605, 0.8709059, 0.4325111), (-0.2276914, 0.8497589, 0.4754645),
            (-5.58444e-07, 0.9015464, 0.4326825), (-0.2276914, 0.8497589, 0.4754645), (1.01351e-06, 0.8796209, 0.4756754),
            (-0.2333605, 0.8709059, 0.4325111), (-0.4507779, 0.7807643, 0.4326736), (-0.4398174, 0.7617801, 0.4756593),
            (-0.2333605, 0.8709059, 0.4325111), (-0.4398174, 0.7617801, 0.4756593), (-0.2276914, 0.8497589, 0.4754645),
            (-0.2276914, 0.8497589, 0.4754645), (-0.4398174, 0.7617801, 0.4756593), (-0.4412142, 0.7642099, 0.4704394),
            (-0.2276914, 0.8497589, 0.4754645), (-0.4412142, 0.7642099, 0.4704394), (-0.2284219, 0.8524911, 0.4701939),
            (1.01351e-06, 0.8796209, 0.4756754), (-0.2276914, 0.8497589, 0.4754645), (-0.2284219, 0.8524911, 0.4701939),
            (1.01351e-06, 0.8796209, 0.4756754), (-0.2284219, 0.8524911, 0.4701939), (-3.12448e-07, 0.8824358, 0.4704328),
            (0.4507734, 0.7807639, 0.4326791), (0.2333589, 0.8709037, 0.4325162), (0.2276897, 0.8497612, 0.4754613),
            (0.4507734, 0.7807639, 0.4326791), (0.2276897, 0.8497612, 0.4754613), (0.4398122, 0.7617791, 0.4756657),
            (0.2333589, 0.8709037, 0.4325162), (-5.58444e-07, 0.9015464, 0.4326825), (1.01351e-06, 0.8796209, 0.4756754),
            (0.2333589, 0.8709037, 0.4325162), (1.01351e-06, 0.8796209, 0.4756754), (0.2276897, 0.8497612, 0.4754613),
            (0.2276897, 0.8497612, 0.4754613), (1.01351e-06, 0.8796209, 0.4756754), (-3.12448e-07, 0.8824358, 0.4704328),
            (0.2276897, 0.8497612, 0.4754613), (-3.12448e-07, 0.8824358, 0.4704328), (0.2284235, 0.8524906, 0.4701942),
            (0.4398122, 0.7617791, 0.4756657), (0.2276897, 0.8497612, 0.4754613), (0.2284235, 0.8524906, 0.4701942),
            (0.4398122, 0.7617791, 0.4756657), (0.2284235, 0.8524906, 0.4701942), (0.4412173, 0.764208, 0.4704398),
            (0.7807606, 0.4507755, 0.4326829), (0.6375464, 0.6375455, 0.4325164), (0.6220688, 0.6220684, 0.475459),
            (0.7807606, 0.4507755, 0.4326829), (0.6220688, 0.6220684, 0.475459), (0.7617782, 0.4398157, 0.4756641),
            (0.6375464, 0.6375455, 0.4325164), (0.4507734, 0.7807639, 0.4326791), (0.4398122, 0.7617791, 0.4756657),
            (0.6375464, 0.6375455, 0.4325164), (0.4398122, 0.7617791, 0.4756657), (0.6220688, 0.6220684, 0.475459),
            (0.6220688, 0.6220684, 0.475459), (0.4398122, 0.7617791, 0.4756657), (0.4412173, 0.764208, 0.4704398),
            (0.6220688, 0.6220684, 0.475459), (0.4412173, 0.764208, 0.4704398), (0.6240668, 0.6240683, 0.4701909),
            (0.7617782, 0.4398157, 0.4756641), (0.6220688, 0.6220684, 0.475459), (0.6240668, 0.6240683, 0.4701909),
            (0.7617782, 0.4398157, 0.4756641), (0.6240668, 0.6240683, 0.4701909), (0.7642077, 0.4412182, 0.4704393),
            (0.9015458, -6.61503e-07, 0.4326839), (0.8709073, 0.2333607, 0.4325081), (0.8497639, 0.2276939, 0.4754542),
            (0.9015458, -6.61503e-07, 0.4326839), (0.8497639, 0.2276939, 0.4754542), (0.8796273, -2.36644e-07, 0.4756637),
            (0.8709073, 0.2333607, 0.4325081), (0.7807606, 0.4507755, 0.4326829), (0.7617782, 0.4398157, 0.4756641),
            (0.8709073, 0.2333607, 0.4325081), (0.7617782, 0.4398157, 0.4756641), (0.8497639, 0.2276939, 0.4754542),
            (0.8497639, 0.2276939, 0.4754542), (0.7617782, 0.4398157, 0.4756641), (0.7642077, 0.4412182, 0.4704393),
            (0.8497639, 0.2276939, 0.4754542), (0.7642077, 0.4412182, 0.4704393), (0.8524838, 0.2284244, 0.4702061),
            (0.8796273, -2.36644e-07, 0.4756637), (0.8497639, 0.2276939, 0.4754542), (0.8524838, 0.2284244, 0.4702061),
            (0.8796273, -2.36644e-07, 0.4756637), (0.8524838, 0.2284244, 0.4702061), (0.8824291, 0, 0.4704456),
            (0.7807615, -0.4507731, 0.4326837), (0.8709075, -0.2333595, 0.4325084), (0.8497627, -0.227694, 0.4754566),
            (0.7807615, -0.4507731, 0.4326837), (0.8497627, -0.227694, 0.4754566), (0.7617791, -0.4398147, 0.4756634),
            (0.8709075, -0.2333595, 0.4325084), (0.9015458, -6.61503e-07, 0.4326839), (0.8796273, -2.36644e-07, 0.4756637),
            (0.8709075, -0.2333595, 0.4325084), (0.8796273, -2.36644e-07, 0.4756637), (0.8497627, -0.227694, 0.4754566),
            (0.8497627, -0.227694, 0.4754566), (0.8796273, -2.36644e-07, 0.4756637), (0.8824291, 0, 0.4704456),
            (0.8497627, -0.227694, 0.4754566), (0.8824291, 0, 0.4704456), (0.852485, -0.2284228, 0.4702046),
            (0.7617791, -0.4398147, 0.4756634), (0.8497627, -0.227694, 0.4754566), (0.852485, -0.2284228, 0.4702046),
            (0.7617791, -0.4398147, 0.4756634), (0.852485, -0.2284228, 0.4702046), (0.7642057, -0.4412152, 0.4704454),
            (0.4507747, -0.7807628, 0.4326795), (0.6375488, -0.637548, 0.4325093), (0.6220691, -0.6220665, 0.4754613),
            (0.4507747, -0.7807628, 0.4326795), (0.6220691, -0.6220665, 0.4754613), (0.4398144, -0.761782, 0.4756592),
            (0.6375488, -0.637548, 0.4325093), (0.7807615, -0.4507731, 0.4326837), (0.7617791, -0.4398147, 0.4756634),
            (0.6375488, -0.637548, 0.4325093), (0.7617791, -0.4398147, 0.4756634), (0.6220691, -0.6220665, 0.4754613),
            (0.6220691, -0.6220665, 0.4754613), (0.7617791, -0.4398147, 0.4756634), (0.7642057, -0.4412152, 0.4704454),
            (0.6220691, -0.6220665, 0.4754613), (0.7642057, -0.4412152, 0.4704454), (0.6240693, -0.6240652, 0.4701916),
            (0.4398144, -0.761782, 0.4756592), (0.6220691, -0.6220665, 0.4754613), (0.6240693, -0.6240652, 0.4701916),
            (0.4398144, -0.761782, 0.4756592), (0.6240693, -0.6240652, 0.4701916), (0.4412194, -0.764211, 0.4704326),
            (0.1199138, -0.8950412, 0.4295603), (0.2333574, -0.8709041, 0.4325166), (0.2276919, -0.8497637, 0.4754558),
            (0.1199138, -0.8950412, 0.4295603), (0.2276919, -0.8497637, 0.4754558), (0.1170365, -0.8735795, 0.4723997),
            (0.2333574, -0.8709041, 0.4325166), (0.4507747, -0.7807628, 0.4326795), (0.4398144, -0.761782, 0.4756592),
            (0.2333574, -0.8709041, 0.4325166), (0.4398144, -0.761782, 0.4756592), (0.2276919, -0.8497637, 0.4754558),
            (0.2276919, -0.8497637, 0.4754558), (0.4398144, -0.761782, 0.4756592), (0.4412194, -0.764211, 0.4704326),
            (0.2276919, -0.8497637, 0.4754558), (0.4412194, -0.764211, 0.4704326), (0.2284255, -0.8524937, 0.4701876),
            (0.1170365, -0.8735795, 0.4723997), (0.2276919, -0.8497637, 0.4754558), (0.2284255, -0.8524937, 0.4701876),
            (0.1170365, -0.8735795, 0.4723997), (0.2284255, -0.8524937, 0.4701876), (0.1174049, -0.8763355, 0.4671749),
            (-0.4507724, -0.7807663, 0.4326757), (-0.2333601, -0.8709027, 0.432518), (-0.2276921, -0.8497596, 0.475463),
            (-0.4507724, -0.7807663, 0.4326757), (-0.2276921, -0.8497596, 0.475463), (-0.4398126, -0.76178, 0.475664),
            (-0.2333601, -0.8709027, 0.432518), (-0.1199113, -0.8950411, 0.4295613), (-0.1170377, -0.8735787, 0.4724007),
            (-0.2333601, -0.8709027, 0.432518), (-0.1170377, -0.8735787, 0.4724007), (-0.2276921, -0.8497596, 0.475463),
            (-0.2276921, -0.8497596, 0.475463), (-0.1170377, -0.8735787, 0.4724007), (-0.117407, -0.8763354, 0.4671746),
            (-0.2276921, -0.8497596, 0.475463), (-0.117407, -0.8763354, 0.4671746), (-0.2284234, -0.8524917, 0.4701923),
            (-0.4398126, -0.76178, 0.475664), (-0.2276921, -0.8497596, 0.475463), (-0.2284234, -0.8524917, 0.4701923),
            (-0.4398126, -0.76178, 0.475664), (-0.2284234, -0.8524917, 0.4701923), (-0.441214, -0.7642107, 0.4704384),
            (-0.7807621, -0.450768, 0.4326877), (-0.6375472, -0.6375452, 0.4325156), (-0.6220703, -0.6220653, 0.4754611),
            (-0.7807621, -0.450768, 0.4326877), (-0.6220703, -0.6220653, 0.4754611), (-0.7617762, -0.4398101, 0.4756723),
            (-0.6375472, -0.6375452, 0.4325156), (-0.4507724, -0.7807663, 0.4326757), (-0.4398126, -0.76178, 0.475664),
            (-0.6375472, -0.6375452, 0.4325156), (-0.4398126, -0.76178, 0.475664), (-0.6220703, -0.6220653, 0.4754611),
            (-0.6220703, -0.6220653, 0.4754611), (-0.4398126, -0.76178, 0.475664), (-0.441214, -0.7642107, 0.4704384),
            (-0.6220703, -0.6220653, 0.4754611), (-0.441214, -0.7642107, 0.4704384), (-0.6240699, -0.6240652, 0.4701909),
            (-0.7617762, -0.4398101, 0.4756723), (-0.6220703, -0.6220653, 0.4754611), (-0.6240699, -0.6240652, 0.4701909),
            (-0.7617762, -0.4398101, 0.4756723), (-0.6240699, -0.6240652, 0.4701909), (-0.7642121, -0.4412127, 0.4704372),
            (-0.8824353, -7.63233e-07, 0.4704338), (-0.8524906, -0.2284252, 0.4701934), (-0.8701541, -0.2331574, 0.4341308),
            (-0.8824353, -7.63233e-07, 0.4704338), (-0.8701541, -0.2331574, 0.4341308), (-0.9007375, -2.52861e-07, 0.434364),
            (-0.8524906, -0.2284252, 0.4701934), (-0.7642121, -0.4412127, 0.4704372), (-0.7800683, -0.4503713, 0.4343491),
            (-0.8524906, -0.2284252, 0.4701934), (-0.7800683, -0.4503713, 0.4343491), (-0.8701541, -0.2331574, 0.4341308),
            (-0.8701541, -0.2331574, 0.4341308), (-0.7800683, -0.4503713, 0.4343491), (-0.7929998, -0.4578345, 0.4019191),
            (-0.8701541, -0.2331574, 0.4341308), (-0.7929998, -0.4578345, 0.4019191), (-0.8845655, -0.2370184, 0.4017041),
            (-0.9007375, -2.52861e-07, 0.434364), (-0.8701541, -0.2331574, 0.4341308), (-0.8845655, -0.2370184, 0.4017041),
            (-0.9007375, -2.52861e-07, 0.434364), (-0.8845655, -0.2370184, 0.4017041), (-0.9156733, 1.74845e-07, 0.4019237),
            (-0.7642121, 0.4412179, 0.4704326), (-0.8524882, 0.2284291, 0.4701957), (-0.8701543, 0.2331576, 0.4341304),
            (-0.7642121, 0.4412179, 0.4704326), (-0.8701543, 0.2331576, 0.4341304), (-0.7800723, 0.4503709, 0.4343423),
            (-0.8524882, 0.2284291, 0.4701957), (-0.8824353, -7.63233e-07, 0.4704338), (-0.9007375, -2.52861e-07, 0.434364),
            (-0.8524882, 0.2284291, 0.4701957), (-0.9007375, -2.52861e-07, 0.434364), (-0.8701543, 0.2331576, 0.4341304),
            (-0.8701543, 0.2331576, 0.4341304), (-0.9007375, -2.52861e-07, 0.434364), (-0.9156733, 1.74845e-07, 0.4019237),
            (-0.8701543, 0.2331576, 0.4341304), (-0.9156733, 1.74845e-07, 0.4019237), (-0.8845677, 0.2370207, 0.4016979),
            (-0.7800723, 0.4503709, 0.4343423), (-0.8701543, 0.2331576, 0.4341304), (-0.8845677, 0.2370207, 0.4016979),
            (-0.7800723, 0.4503709, 0.4343423), (-0.8845677, 0.2370207, 0.4016979), (-0.792997, 0.4578328, 0.4019267),
            (-0.4412142, 0.7642099, 0.4704394), (-0.6240732, 0.6240673, 0.4701837), (-0.636999, 0.6369991, 0.434125),
            (-0.4412142, 0.7642099, 0.4704394), (-0.636999, 0.6369991, 0.434125), (-0.4503669, 0.7800656, 0.4343585),
            (-0.6240732, 0.6240673, 0.4701837), (-0.7642121, 0.4412179, 0.4704326), (-0.7800723, 0.4503709, 0.4343423),
            (-0.6240732, 0.6240673, 0.4701837), (-0.7800723, 0.4503709, 0.4343423), (-0.636999, 0.6369991, 0.434125),
            (-0.636999, 0.6369991, 0.434125), (-0.7800723, 0.4503709, 0.4343423), (-0.792997, 0.4578328, 0.4019267),
            (-0.636999, 0.6369991, 0.434125), (-0.792997, 0.4578328, 0.4019267), (-0.6475366, 0.6475426, 0.4017274),
            (-0.4503669, 0.7800656, 0.4343585), (-0.636999, 0.6369991, 0.434125), (-0.6475366, 0.6475426, 0.4017274),
            (-0.4503669, 0.7800656, 0.4343585), (-0.6475366, 0.6475426, 0.4017274), (-0.4578409, 0.7929962, 0.4019189),
            (-3.12448e-07, 0.8824358, 0.4704328), (-0.2284219, 0.8524911, 0.4701939), (-0.2331588, 0.8701618, 0.4341145),
            (-3.12448e-07, 0.8824358, 0.4704328), (-0.2331588, 0.8701618, 0.4341145), (-3.9599e-07, 0.9007456, 0.4343471),
            (-0.2284219, 0.8524911, 0.4701939), (-0.4412142, 0.7642099, 0.4704394), (-0.4503669, 0.7800656, 0.4343585),
            (-0.2284219, 0.8524911, 0.4701939), (-0.4503669, 0.7800656, 0.4343585), (-0.2331588, 0.8701618, 0.4341145),
            (-0.2331588, 0.8701618, 0.4341145), (-0.4503669, 0.7800656, 0.4343585), (-0.4578409, 0.7929962, 0.4019189),
            (-0.2331588, 0.8701618, 0.4341145), (-0.4578409, 0.7929962, 0.4019189), (-0.237017, 0.8845664, 0.4017032),
            (-3.9599e-07, 0.9007456, 0.4343471), (-0.2331588, 0.8701618, 0.4341145), (-0.237017, 0.8845664, 0.4017032),
            (-3.9599e-07, 0.9007456, 0.4343471), (-0.237017, 0.8845664, 0.4017032), (-1.6112e-07, 0.9156749, 0.4019197),
            (0.4412173, 0.764208, 0.4704398), (0.2284235, 0.8524906, 0.4701942), (0.2331557, 0.8701621, 0.4341155),
            (0.4412173, 0.764208, 0.4704398), (0.2331557, 0.8701621, 0.4341155), (0.4503698, 0.7800652, 0.4343562),
            (0.2284235, 0.8524906, 0.4701942), (-3.12448e-07, 0.8824358, 0.4704328), (-3.9599e-07, 0.9007456, 0.4343471),
            (0.2284235, 0.8524906, 0.4701942), (-3.9599e-07, 0.9007456, 0.4343471), (0.2331557, 0.8701621, 0.4341155),
            (0.2331557, 0.8701621, 0.4341155), (-3.9599e-07, 0.9007456, 0.4343471), (-1.6112e-07, 0.9156749, 0.4019197),
            (0.2331557, 0.8701621, 0.4341155), (-1.6112e-07, 0.9156749, 0.4019197), (0.2370192, 0.8845672, 0.4016999),
            (0.4503698, 0.7800652, 0.4343562), (0.2331557, 0.8701621, 0.4341155), (0.2370192, 0.8845672, 0.4016999),
            (0.4503698, 0.7800652, 0.4343562), (0.2370192, 0.8845672, 0.4016999), (0.4578374, 0.792999, 0.4019175),
            (0.7642077, 0.4412182, 0.4704393), (0.6240668, 0.6240683, 0.4701909), (0.6370031, 0.6370068, 0.4341077),
            (0.7642077, 0.4412182, 0.4704393), (0.6370031, 0.6370068, 0.4341077), (0.7800647, 0.4503695, 0.4343574),
            (0.6240668, 0.6240683, 0.4701909), (0.4412173, 0.764208, 0.4704398), (0.4503698, 0.7800652, 0.4343562),
            (0.6240668, 0.6240683, 0.4701909), (0.4503698, 0.7800652, 0.4343562), (0.6370031, 0.6370068, 0.4341077),
            (0.6370031, 0.6370068, 0.4341077), (0.4503698, 0.7800652, 0.4343562), (0.4578374, 0.792999, 0.4019175),
            (0.6370031, 0.6370068, 0.4341077), (0.4578374, 0.792999, 0.4019175), (0.6475455, 0.6475476, 0.4017052),
            (0.7800647, 0.4503695, 0.4343574), (0.6370031, 0.6370068, 0.4341077), (0.6475455, 0.6475476, 0.4017052),
            (0.7800647, 0.4503695, 0.4343574), (0.6475455, 0.6475476, 0.4017052), (0.7929989, 0.4578365, 0.4019186),
            (0.8824291, 0, 0.4704456), (0.8524838, 0.2284244, 0.4702061), (0.8701547, 0.2331549, 0.4341307),
            (0.8824291, 0, 0.4704456), (0.8701547, 0.2331549, 0.4341307), (0.9007447, 1.67938e-06, 0.4343488),
            (0.8524838, 0.2284244, 0.4702061), (0.7642077, 0.4412182, 0.4704393), (0.7800647, 0.4503695, 0.4343574),
            (0.8524838, 0.2284244, 0.4702061), (0.7800647, 0.4503695, 0.4343574), (0.8701547, 0.2331549, 0.4341307),
            (0.8701547, 0.2331549, 0.4341307), (0.7800647, 0.4503695, 0.4343574), (0.7929989, 0.4578365, 0.4019186),
            (0.8701547, 0.2331549, 0.4341307), (0.7929989, 0.4578365, 0.4019186), (0.8845664, 0.2370207, 0.4017009),
            (0.9007447, 1.67938e-06, 0.4343488), (0.8701547, 0.2331549, 0.4341307), (0.8845664, 0.2370207, 0.4017009),
            (0.9007447, 1.67938e-06, 0.4343488), (0.8845664, 0.2370207, 0.4017009), (0.9156737, -1.9603e-07, 0.4019228),
            (0.7642057, -0.4412152, 0.4704454), (0.852485, -0.2284228, 0.4702046), (0.870154, -0.2331601, 0.4341296),
            (0.7642057, -0.4412152, 0.4704454), (0.870154, -0.2331601, 0.4341296), (0.7800643, -0.4503695, 0.4343583),
            (0.852485, -0.2284228, 0.4702046), (0.8824291, 0, 0.4704456), (0.9007447, 1.67938e-06, 0.4343488),
            (0.852485, -0.2284228, 0.4702046), (0.9007447, 1.67938e-06, 0.4343488), (0.870154, -0.2331601, 0.4341296),
            (0.870154, -0.2331601, 0.4341296), (0.9007447, 1.67938e-06, 0.4343488), (0.9156737, -1.9603e-07, 0.4019228),
            (0.870154, -0.2331601, 0.4341296), (0.9156737, -1.9603e-07, 0.4019228), (0.8845633, -0.2370195, 0.4017082),
            (0.7800643, -0.4503695, 0.4343583), (0.870154, -0.2331601, 0.4341296), (0.8845633, -0.2370195, 0.4017082),
            (0.7800643, -0.4503695, 0.4343583), (0.8845633, -0.2370195, 0.4017082), (0.7930041, -0.4578354, 0.4019094),
            (0.4412194, -0.764211, 0.4704326), (0.6240693, -0.6240652, 0.4701916), (0.6370048, -0.636999, 0.4341166),
            (0.4412194, -0.764211, 0.4704326), (0.6370048, -0.636999, 0.4341166), (0.4503681, -0.7800614, 0.4343652),
            (0.6240693, -0.6240652, 0.4701916), (0.7642057, -0.4412152, 0.4704454), (0.7800643, -0.4503695, 0.4343583),
            (0.6240693, -0.6240652, 0.4701916), (0.7800643, -0.4503695, 0.4343583), (0.6370048, -0.636999, 0.4341166),
            (0.6370048, -0.636999, 0.4341166), (0.7800643, -0.4503695, 0.4343583), (0.7930041, -0.4578354, 0.4019094),
            (0.6370048, -0.636999, 0.4341166), (0.7930041, -0.4578354, 0.4019094), (0.6475464, -0.647543, 0.4017111),
            (0.4503681, -0.7800614, 0.4343652), (0.6370048, -0.636999, 0.4341166), (0.6475464, -0.647543, 0.4017111),
            (0.4503681, -0.7800614, 0.4343652), (0.6475464, -0.647543, 0.4017111), (0.4578328, -0.7929904, 0.4019394),
            (0.1174049, -0.8763355, 0.4671749), (0.2284255, -0.8524937, 0.4701876), (0.2331549, -0.8701568, 0.4341266),
            (0.1174049, -0.8763355, 0.4671749), (0.2331549, -0.8701568, 0.4341266), (0.1198068, -0.894253, 0.4312283),
            (0.2284255, -0.8524937, 0.4701876), (0.4412194, -0.764211, 0.4704326), (0.4503681, -0.7800614, 0.4343652),
            (0.2284255, -0.8524937, 0.4701876), (0.4503681, -0.7800614, 0.4343652), (0.2331549, -0.8701568, 0.4341266),
            (0.2331549, -0.8701568, 0.4341266), (0.4503681, -0.7800614, 0.4343652), (0.4578328, -0.7929904, 0.4019394),
            (0.2331549, -0.8701568, 0.4341266), (0.4578328, -0.7929904, 0.4019394), (0.2370193, -0.8845617, 0.4017119),
            (0.1198068, -0.894253, 0.4312283), (0.2331549, -0.8701568, 0.4341266), (0.2370193, -0.8845617, 0.4017119),
            (0.1198068, -0.894253, 0.4312283), (0.2370193, -0.8845617, 0.4017119), (0.1217628, -0.9088566, 0.3989405),
            (-0.441214, -0.7642107, 0.4704384), (-0.2284234, -0.8524917, 0.4701923), (-0.2331578, -0.8701617, 0.4341154),
            (-0.441214, -0.7642107, 0.4704384), (-0.2331578, -0.8701617, 0.4341154), (-0.4503703, -0.7800635, 0.4343588),
            (-0.2284234, -0.8524917, 0.4701923), (-0.117407, -0.8763354, 0.4671746), (-0.1198094, -0.894251, 0.4312319),
            (-0.2284234, -0.8524917, 0.4701923), (-0.1198094, -0.894251, 0.4312319), (-0.2331578, -0.8701617, 0.4341154),
            (-0.2331578, -0.8701617, 0.4341154), (-0.1198094, -0.894251, 0.4312319), (-0.1217641, -0.9088577, 0.3989375),
            (-0.2331578, -0.8701617, 0.4341154), (-0.1217641, -0.9088577, 0.3989375), (-0.2370189, -0.884566, 0.4017028),
            (-0.4503703, -0.7800635, 0.4343588), (-0.2331578, -0.8701617, 0.4341154), (-0.2370189, -0.884566, 0.4017028),
            (-0.4503703, -0.7800635, 0.4343588), (-0.2370189, -0.884566, 0.4017028), (-0.4578353, -0.7929877, 0.4019421),
            (-0.7642121, -0.4412127, 0.4704372), (-0.6240699, -0.6240652, 0.4701909), (-0.6369991, -0.6369919, 0.4341354),
            (-0.7642121, -0.4412127, 0.4704372), (-0.6369991, -0.6369919, 0.4341354), (-0.7800683, -0.4503713, 0.4343491),
            (-0.6240699, -0.6240652, 0.4701909), (-0.441214, -0.7642107, 0.4704384), (-0.4503703, -0.7800635, 0.4343588),
            (-0.6240699, -0.6240652, 0.4701909), (-0.4503703, -0.7800635, 0.4343588), (-0.6369991, -0.6369919, 0.4341354),
            (-0.6369991, -0.6369919, 0.4341354), (-0.4503703, -0.7800635, 0.4343588), (-0.4578353, -0.7929877, 0.4019421),
            (-0.6369991, -0.6369919, 0.4341354), (-0.4578353, -0.7929877, 0.4019421), (-0.6475427, -0.6475385, 0.4017244),
            (-0.7800683, -0.4503713, 0.4343491), (-0.6369991, -0.6369919, 0.4341354), (-0.6475427, -0.6475385, 0.4017244),
            (-0.7800683, -0.4503713, 0.4343491), (-0.6475427, -0.6475385, 0.4017244), (-0.7929998, -0.4578345, 0.4019191),
            (-0.8489923, -0.4901607, 0.1973697), (-0.6932225, -0.6932244, 0.1971864), (-0.7062256, -0.7062242, 0.04992908),
            (-0.8489923, -0.4901607, 0.1973697), (-0.7062256, -0.7062242, 0.04992908), (-0.8649463, -0.4993748, 0.049928),
            (-0.6932225, -0.6932244, 0.1971864), (-0.4901687, -0.8489873, 0.1973707), (-0.4993758, -0.8649444, 0.04995137),
            (-0.6932225, -0.6932244, 0.1971864), (-0.4993758, -0.8649444, 0.04995137), (-0.7062256, -0.7062242, 0.04992908),
            (-0.7062256, -0.7062242, 0.04992908), (-0.4993758, -0.8649444, 0.04995137), (-0.499997, -0.8660268, -0.000825033),
            (-0.7062256, -0.7062242, 0.04992908), (-0.499997, -0.8660268, -0.000825033), (-0.7071074, -0.7071058, -0.000788843),
            (-0.8649463, -0.4993748, 0.049928), (-0.7062256, -0.7062242, 0.04992908), (-0.7071074, -0.7071058, -0.000788843),
            (-0.8649463, -0.4993748, 0.049928), (-0.7071074, -0.7071058, -0.000788843), (-0.866025, -0.5, -0.000849568),
            (-0.9803289, -9.41648e-07, 0.1973713), (-0.9469546, -0.2537362, 0.1972182), (-0.9647221, -0.2584943, 0.04991972),
            (-0.9803289, -9.41648e-07, 0.1973713), (-0.9647221, -0.2584943, 0.04991972), (-0.9987518, 3.31593e-07, 0.04995095),
            (-0.9469546, -0.2537362, 0.1972182), (-0.8489923, -0.4901607, 0.1973697), (-0.8649463, -0.4993748, 0.049928),
            (-0.9469546, -0.2537362, 0.1972182), (-0.8649463, -0.4993748, 0.049928), (-0.9647221, -0.2584943, 0.04991972),
            (-0.9647221, -0.2584943, 0.04991972), (-0.8649463, -0.4993748, 0.049928), (-0.866025, -0.5, -0.000849568),
            (-0.9647221, -0.2584943, 0.04991972), (-0.866025, -0.5, -0.000849568), (-0.9659256, -0.2588188, -0.000806935),
            (-0.9987518, 3.31593e-07, 0.04995095), (-0.9647221, -0.2584943, 0.04991972), (-0.9659256, -0.2588188, -0.000806935),
            (-0.9987518, 3.31593e-07, 0.04995095), (-0.9659256, -0.2588188, -0.000806935), (-0.9999998, 3.39977e-06, -0.000777113),
            (-0.8489913, 0.4901624, 0.1973693), (-0.9469529, 0.2537382, 0.1972236), (-0.9647212, 0.2584974, 0.04992228),
            (-0.8489913, 0.4901624, 0.1973693), (-0.9647212, 0.2584974, 0.04992228), (-0.8649464, 0.4993737, 0.04993772),
            (-0.9469529, 0.2537382, 0.1972236), (-0.9803289, -9.41648e-07, 0.1973713), (-0.9987518, 3.31593e-07, 0.04995095),
            (-0.9469529, 0.2537382, 0.1972236), (-0.9987518, 3.31593e-07, 0.04995095), (-0.9647212, 0.2584974, 0.04992228),
            (-0.9647212, 0.2584974, 0.04992228), (-0.9987518, 3.31593e-07, 0.04995095), (-0.9999998, 3.39977e-06, -0.000777113),
            (-0.9647212, 0.2584974, 0.04992228), (-0.9999998, 3.39977e-06, -0.000777113), (-0.9659255, 0.2588189, -0.000809619),
            (-0.8649464, 0.4993737, 0.04993772), (-0.9647212, 0.2584974, 0.04992228), (-0.9659255, 0.2588189, -0.000809619),
            (-0.8649464, 0.4993737, 0.04993772), (-0.9659255, 0.2588189, -0.000809619), (-0.8660283, 0.4999945, -0.00082838),
            (-0.4901587, 0.8489887, 0.1973899), (-0.6932225, 0.6932207, 0.1971995), (-0.7062259, 0.7062253, 0.04990696),
            (-0.4901587, 0.8489887, 0.1973899), (-0.7062259, 0.7062253, 0.04990696), (-0.4993778, 0.8649424, 0.04996347),
            (-0.6932225, 0.6932207, 0.1971995), (-0.8489913, 0.4901624, 0.1973693), (-0.8649464, 0.4993737, 0.04993772),
            (-0.6932225, 0.6932207, 0.1971995), (-0.8649464, 0.4993737, 0.04993772), (-0.7062259, 0.7062253, 0.04990696),
            (-0.7062259, 0.7062253, 0.04990696), (-0.8649464, 0.4993737, 0.04993772), (-0.8660283, 0.4999945, -0.00082838),
            (-0.7062259, 0.7062253, 0.04990696), (-0.8660283, 0.4999945, -0.00082838), (-0.7071092, 0.707104, -0.00082642),
            (-0.4993778, 0.8649424, 0.04996347), (-0.7062259, 0.7062253, 0.04990696), (-0.7071092, 0.707104, -0.00082642),
            (-0.4993778, 0.8649424, 0.04996347), (-0.7071092, 0.707104, -0.00082642), (-0.4999994, 0.8660255, -0.000818377),
            (7.41398e-07, 0.9803278, 0.1973767), (-0.2537396, 0.9469581, 0.1971973), (-0.2584975, 0.9647209, 0.04992765),
            (7.41398e-07, 0.9803278, 0.1973767), (-0.2584975, 0.9647209, 0.04992765), (-7.20438e-07, 0.9987519, 0.04994666),
            (-0.2537396, 0.9469581, 0.1971973), (-0.4901587, 0.8489887, 0.1973899), (-0.4993778, 0.8649424, 0.04996347),
            (-0.2537396, 0.9469581, 0.1971973), (-0.4993778, 0.8649424, 0.04996347), (-0.2584975, 0.9647209, 0.04992765),
            (-0.2584975, 0.9647209, 0.04992765), (-0.4993778, 0.8649424, 0.04996347), (-0.4999994, 0.8660255, -0.000818377),
            (-0.2584975, 0.9647209, 0.04992765), (-0.4999994, 0.8660255, -0.000818377), (-0.2588139, 0.9659269, -0.000793006),
            (-7.20438e-07, 0.9987519, 0.04994666), (-0.2584975, 0.9647209, 0.04992765), (-0.2588139, 0.9659269, -0.000793006),
            (-7.20438e-07, 0.9987519, 0.04994666), (-0.2588139, 0.9659269, -0.000793006), (-2.65319e-06, 0.9999997, -0.000841236),
            (0.4901645, 0.8489853, 0.1973903), (0.2537333, 0.9469588, 0.1972013), (0.2584953, 0.964722, 0.04991859),
            (0.4901645, 0.8489853, 0.1973903), (0.2584953, 0.964722, 0.04991859), (0.4993761, 0.8649429, 0.04997545),
            (0.2537333, 0.9469588, 0.1972013), (7.41398e-07, 0.9803278, 0.1973767), (-7.20438e-07, 0.9987519, 0.04994666),
            (0.2537333, 0.9469588, 0.1972013), (-7.20438e-07, 0.9987519, 0.04994666), (0.2584953, 0.964722, 0.04991859),
            (0.2584953, 0.964722, 0.04991859), (-7.20438e-07, 0.9987519, 0.04994666), (-2.65319e-06, 0.9999997, -0.000841236),
            (0.2584953, 0.964722, 0.04991859), (-2.65319e-06, 0.9999997, -0.000841236), (0.2588234, 0.9659243, -0.000808864),
            (0.4993761, 0.8649429, 0.04997545), (0.2584953, 0.964722, 0.04991859), (0.2588234, 0.9659243, -0.000808864),
            (0.4993761, 0.8649429, 0.04997545), (0.2588234, 0.9659243, -0.000808864), (0.4999966, 0.866027, -0.000820613),
            (0.8489884, 0.4901585, 0.1973915), (0.6932203, 0.6932225, 0.1972012), (0.7062259, 0.7062241, 0.04992544),
            (0.8489884, 0.4901585, 0.1973915), (0.7062259, 0.7062241, 0.04992544), (0.8649425, 0.499378, 0.04996162),
            (0.6932203, 0.6932225, 0.1972012), (0.4901645, 0.8489853, 0.1973903), (0.4993761, 0.8649429, 0.04997545),
            (0.6932203, 0.6932225, 0.1972012), (0.4993761, 0.8649429, 0.04997545), (0.7062259, 0.7062241, 0.04992544),
            (0.7062259, 0.7062241, 0.04992544), (0.4993761, 0.8649429, 0.04997545), (0.4999966, 0.866027, -0.000820613),
            (0.7062259, 0.7062241, 0.04992544), (0.4999966, 0.866027, -0.000820613), (0.7071077, 0.7071055, -0.000789435),
            (0.8649425, 0.499378, 0.04996162), (0.7062259, 0.7062241, 0.04992544), (0.7071077, 0.7071055, -0.000789435),
            (0.8649425, 0.499378, 0.04996162), (0.7071077, 0.7071055, -0.000789435), (0.866025, 0.5000001, -0.000828017),
            (0.9803288, -7.2471e-07, 0.1973719), (0.9469576, 0.2537371, 0.1972026), (0.9647216, 0.2584968, 0.04991757),
            (0.9803288, -7.2471e-07, 0.1973719), (0.9647216, 0.2584968, 0.04991757), (0.9987518, 6.60799e-07, 0.04994982),
            (0.9469576, 0.2537371, 0.1972026), (0.8489884, 0.4901585, 0.1973915), (0.8649425, 0.499378, 0.04996162),
            (0.9469576, 0.2537371, 0.1972026), (0.8649425, 0.499378, 0.04996162), (0.9647216, 0.2584968, 0.04991757),
            (0.9647216, 0.2584968, 0.04991757), (0.8649425, 0.499378, 0.04996162), (0.866025, 0.5000001, -0.000828017),
            (0.9647216, 0.2584968, 0.04991757), (0.866025, 0.5000001, -0.000828017), (0.9659252, 0.2588201, -0.000817861),
            (0.9987518, 6.60799e-07, 0.04994982), (0.9647216, 0.2584968, 0.04991757), (0.9659252, 0.2588201, -0.000817861),
            (0.9987518, 6.60799e-07, 0.04994982), (0.9659252, 0.2588201, -0.000817861), (0.9999997, 1.4932e-06, -0.000832238),
            (0.8489869, -0.4901611, 0.197391), (0.9469593, -0.253736, 0.1971957), (0.9647219, -0.2584956, 0.04991763),
            (0.8489869, -0.4901611, 0.197391), (0.9647219, -0.2584956, 0.04991763), (0.8649438, -0.4993769, 0.04994934),
            (0.9469593, -0.253736, 0.1971957), (0.9803288, -7.2471e-07, 0.1973719), (0.9987518, 6.60799e-07, 0.04994982),
            (0.9469593, -0.253736, 0.1971957), (0.9987518, 6.60799e-07, 0.04994982), (0.9647219, -0.2584956, 0.04991763),
            (0.9647219, -0.2584956, 0.04991763), (0.9987518, 6.60799e-07, 0.04994982), (0.9999997, 1.4932e-06, -0.000832238),
            (0.9647219, -0.2584956, 0.04991763), (0.9999997, 1.4932e-06, -0.000832238), (0.965925, -0.2588209, -0.000818307),
            (0.8649438, -0.4993769, 0.04994934), (0.9647219, -0.2584956, 0.04991763), (0.965925, -0.2588209, -0.000818307),
            (0.8649438, -0.4993769, 0.04994934), (0.965925, -0.2588209, -0.000818307), (0.8660253, -0.4999995, -0.000848487),
            (0.4901679, -0.8489875, 0.1973723), (0.6932199, -0.6932235, 0.1971988), (0.706223, -0.7062268, 0.04992812),
            (0.4901679, -0.8489875, 0.1973723), (0.706223, -0.7062268, 0.04992812), (0.4993774, -0.8649434, 0.0499534),
            (0.6932199, -0.6932235, 0.1971988), (0.8489869, -0.4901611, 0.197391), (0.8649438, -0.4993769, 0.04994934),
            (0.6932199, -0.6932235, 0.1971988), (0.8649438, -0.4993769, 0.04994934), (0.706223, -0.7062268, 0.04992812),
            (0.706223, -0.7062268, 0.04992812), (0.8649438, -0.4993769, 0.04994934), (0.8660253, -0.4999995, -0.000848487),
            (0.706223, -0.7062268, 0.04992812), (0.8660253, -0.4999995, -0.000848487), (0.7071019, -0.7071113, -0.000782388),
            (0.4993774, -0.8649434, 0.0499534), (0.706223, -0.7062268, 0.04992812), (0.7071019, -0.7071113, -0.000782388),
            (0.4993774, -0.8649434, 0.0499534), (0.7071019, -0.7071113, -0.000782388), (0.5000005, -0.8660247, -0.000827376),
            (0.1302214, -0.9719814, 0.1956899), (0.2537379, -0.9469575, 0.1972014), (0.2584967, -0.9647216, 0.04991805),
            (0.1302214, -0.9719814, 0.1956899), (0.2584967, -0.9647216, 0.04991805), (0.1326258, -0.9899291, 0.04950571),
            (0.2537379, -0.9469575, 0.1972014), (0.4901679, -0.8489875, 0.1973723), (0.4993774, -0.8649434, 0.0499534),
            (0.2537379, -0.9469575, 0.1972014), (0.4993774, -0.8649434, 0.0499534), (0.2584967, -0.9647216, 0.04991805),
            (0.2584967, -0.9647216, 0.04991805), (0.4993774, -0.8649434, 0.0499534), (0.5000005, -0.8660247, -0.000827376),
            (0.2584967, -0.9647216, 0.04991805), (0.5000005, -0.8660247, -0.000827376), (0.2588201, -0.9659253, -0.000816587),
            (0.1326258, -0.9899291, 0.04950571), (0.2584967, -0.9647216, 0.04991805), (0.2588201, -0.9659253, -0.000816587),
            (0.1326258, -0.9899291, 0.04950571), (0.2588201, -0.9659253, -0.000816587), (0.1327902, -0.9911439, -0.000831378),
            (-0.4901687, -0.8489873, 0.1973707), (-0.2537375, -0.9469578, 0.1972016), (-0.2584972, -0.9647216, 0.04991596),
            (-0.4901687, -0.8489873, 0.1973707), (-0.2584972, -0.9647216, 0.04991596), (-0.4993758, -0.8649444, 0.04995137),
            (-0.2537375, -0.9469578, 0.1972016), (-0.1302198, -0.9719814, 0.1956909), (-0.1326238, -0.9899293, 0.04950755),
            (-0.2537375, -0.9469578, 0.1972016), (-0.1326238, -0.9899293, 0.04950755), (-0.2584972, -0.9647216, 0.04991596),
            (-0.2584972, -0.9647216, 0.04991596), (-0.1326238, -0.9899293, 0.04950755), (-0.1327869, -0.9911444, -0.000824104),
            (-0.2584972, -0.9647216, 0.04991596), (-0.1327869, -0.9911444, -0.000824104), (-0.2588211, -0.965925, -0.0008185),
            (-0.4993758, -0.8649444, 0.04995137), (-0.2584972, -0.9647216, 0.04991596), (-0.2588211, -0.965925, -0.0008185),
            (-0.4993758, -0.8649444, 0.04995137), (-0.2588211, -0.965925, -0.0008185), (-0.499997, -0.8660268, -0.000825033),
            (-0.4999988, -0.8660262, 0), (-0.2588208, -0.9659254, 0), (-0.2588208, -0.9659253, 0),
            (-0.4999988, -0.8660262, 0), (-0.2588208, -0.9659253, 0), (-0.4999988, -0.8660262, 0),
            (-0.2588208, -0.9659254, 0), (-0.1327913, -0.9911441, 0), (-0.1327913, -0.9911441, 0),
            (-0.2588208, -0.9659254, 0), (-0.1327913, -0.9911441, 0), (-0.2588208, -0.9659253, 0),
            (-0.2588208, -0.9659253, 0), (-0.1327913, -0.9911441, 0), (-0.1327913, -0.9911441, 0),
            (-0.2588208, -0.9659253, 0), (-0.1327913, -0.9911441, 0), (-0.2588208, -0.9659254, 0),
            (-0.4999988, -0.8660262, 0), (-0.2588208, -0.9659253, 0), (-0.2588208, -0.9659254, 0),
            (-0.4999988, -0.8660262, 0), (-0.2588208, -0.9659254, 0), (-0.4999988, -0.8660262, 0),
            (-0.8660267, -0.4999978, 0), (-0.7071068, -0.7071068, 0), (-0.7071068, -0.7071068, 0),
            (-0.8660267, -0.4999978, 0), (-0.7071068, -0.7071068, 0), (-0.8660269, -0.4999976, 0),
            (-0.7071068, -0.7071068, 0), (-0.4999988, -0.8660262, 0), (-0.4999988, -0.8660262, 0),
            (-0.7071068, -0.7071068, 0), (-0.4999988, -0.8660262, 0), (-0.7071068, -0.7071068, 0),
            (-0.7071068, -0.7071068, 0), (-0.4999988, -0.8660262, 0), (-0.4999988, -0.8660262, 0),
            (-0.7071068, -0.7071068, 0), (-0.4999988, -0.8660262, 0), (-0.7071068, -0.7071068, 0),
            (-0.8660269, -0.4999976, 0), (-0.7071068, -0.7071068, 0), (-0.7071068, -0.7071068, 0),
            (-0.8660269, -0.4999976, 0), (-0.7071068, -0.7071068, 0), (-0.8660268, -0.4999977, 0),
            (-1, -9.42756e-07, -1.15745e-06), (-0.9659264, -0.2588171, 0), (-0.9659256, -0.2588199, -6.13186e-07),
            (-1, -9.42756e-07, -1.15745e-06), (-0.9659256, -0.2588199, -6.13186e-07), (-1, -4.49844e-07, 2.26451e-07),
            (-0.9659264, -0.2588171, 0), (-0.8660267, -0.4999978, 0), (-0.8660269, -0.4999976, 0),
            (-0.9659264, -0.2588171, 0), (-0.8660269, -0.4999976, 0), (-0.9659256, -0.2588199, -6.13186e-07),
            (-0.9659256, -0.2588199, -6.13186e-07), (-0.8660269, -0.4999976, 0), (-0.8660268, -0.4999977, 0),
            (-0.9659256, -0.2588199, -6.13186e-07), (-0.8660268, -0.4999977, 0), (-0.9659263, -0.2588176, 7.01927e-07),
            (-1, -4.49844e-07, 2.26451e-07), (-0.9659256, -0.2588199, -6.13186e-07), (-0.9659263, -0.2588176, 7.01927e-07),
            (-1, -4.49844e-07, 2.26451e-07), (-0.9659263, -0.2588176, 7.01927e-07), (-1, 4.73771e-07, 1.41198e-06),
            (-0.8660247, 0.5000013, 0), (-0.9659261, 0.2588185, -6.12656e-07), (-0.9659253, 0.2588209, 6.53015e-07),
            (-0.8660247, 0.5000013, 0), (-0.9659253, 0.2588209, 6.53015e-07), (-0.8660248, 0.5000013, 0),
            (-0.9659261, 0.2588185, -6.12656e-07), (-1, -9.42756e-07, -1.15745e-06), (-1, -4.49844e-07, 2.26451e-07),
            (-0.9659261, 0.2588185, -6.12656e-07), (-1, -4.49844e-07, 2.26451e-07), (-0.9659253, 0.2588209, 6.53015e-07),
            (-0.9659253, 0.2588209, 6.53015e-07), (-1, -4.49844e-07, 2.26451e-07), (-1, 4.73771e-07, 1.41198e-06),
            (-0.9659253, 0.2588209, 6.53015e-07), (-1, 4.73771e-07, 1.41198e-06), (-0.9659261, 0.2588182, 0),
            (-0.8660248, 0.5000013, 0), (-0.9659253, 0.2588209, 6.53015e-07), (-0.9659261, 0.2588182, 0),
            (-0.8660248, 0.5000013, 0), (-0.9659261, 0.2588182, 0), (-0.8660247, 0.5000013, 0),
            (-0.4999999, 0.8660255, 0), (-0.7071064, 0.7071072, 0), (-0.7071065, 0.7071072, 0),
            (-0.4999999, 0.8660255, 0), (-0.7071065, 0.7071072, 0), (-0.4999998, 0.8660256, 0),
            (-0.7071064, 0.7071072, 0), (-0.8660247, 0.5000013, 0), (-0.8660248, 0.5000013, 0),
            (-0.7071064, 0.7071072, 0), (-0.8660248, 0.5000013, 0), (-0.7071065, 0.7071072, 0),
            (-0.7071065, 0.7071072, 0), (-0.8660248, 0.5000013, 0), (-0.8660247, 0.5000013, 0),
            (-0.7071065, 0.7071072, 0), (-0.8660247, 0.5000013, 0), (-0.7071063, 0.7071073, 0),
            (-0.4999998, 0.8660256, 0), (-0.7071065, 0.7071072, 0), (-0.7071063, 0.7071073, 0),
            (-0.4999998, 0.8660256, 0), (-0.7071063, 0.7071073, 0), (-0.4999999, 0.8660255, 0),
            (0, 1, 0), (-0.2588205, 0.9659255, 0), (-0.2588205, 0.9659255, 0),
            (0, 1, 0), (-0.2588205, 0.9659255, 0), (0, 1, 0),
            (-0.2588205, 0.9659255, 0), (-0.4999999, 0.8660255, 0), (-0.4999998, 0.8660256, 0),
            (-0.2588205, 0.9659255, 0), (-0.4999998, 0.8660256, 0), (-0.2588205, 0.9659255, 0),
            (-0.2588205, 0.9659255, 0), (-0.4999998, 0.8660256, 0), (-0.4999999, 0.8660255, 0),
            (-0.2588205, 0.9659255, 0), (-0.4999999, 0.8660255, 0), (-0.2588205, 0.9659255, 0),
            (0, 1, 0), (-0.2588205, 0.9659255, 0), (-0.2588205, 0.9659255, 0),
            (0, 1, 0), (-0.2588205, 0.9659255, 0), (0, 1, 0),
            (0.4999993, 0.8660258, 0), (0.2588215, 0.9659253, 0), (0.2588214, 0.9659252, 0),
            (0.4999993, 0.8660258, 0), (0.2588214, 0.9659252, 0), (0.4999993, 0.8660258, 0),
            (0.2588215, 0.9659253, 0), (0, 1, 0), (0, 1, 0),
            (0.2588215, 0.9659253, 0), (0, 1, 0), (0.2588214, 0.9659252, 0),
            (0.2588214, 0.9659252, 0), (0, 1, 0), (0, 1, 0),
            (0.2588214, 0.9659252, 0), (0, 1, 0), (0.2588215, 0.9659252, 0),
            (0.4999993, 0.8660258, 0), (0.2588214, 0.9659252, 0), (0.2588215, 0.9659252, 0),
            (0.4999993, 0.8660258, 0), (0.2588215, 0.9659252, 0), (0.4999994, 0.8660259, 0),
            (0.8660259, 0.4999992, 0), (0.7071071, 0.7071065, 0), (0.7071072, 0.7071065, 0),
            (0.8660259, 0.4999992, 0), (0.7071072, 0.7071065, 0), (0.866026, 0.499999, 0),
            (0.7071071, 0.7071065, 0), (0.4999993, 0.8660258, 0), (0.4999993, 0.8660258, 0),
            (0.7071071, 0.7071065, 0), (0.4999993, 0.8660258, 0), (0.7071072, 0.7071065, 0),
            (0.7071072, 0.7071065, 0), (0.4999993, 0.8660258, 0), (0.4999994, 0.8660259, 0),
            (0.7071072, 0.7071065, 0), (0.4999994, 0.8660259, 0), (0.7071073, 0.7071064, 0),
            (0.866026, 0.499999, 0), (0.7071072, 0.7071065, 0), (0.7071073, 0.7071064, 0),
            (0.866026, 0.499999, 0), (0.7071073, 0.7071064, 0), (0.8660259, 0.4999991, 0),
            (1, 3.2494e-06, 0), (0.9659252, 0.2588218, 0), (0.9659253, 0.2588215, 0),
            (1, 3.2494e-06, 0), (0.9659253, 0.2588215, 0), (1, 3.16565e-06, 0),
            (0.9659252, 0.2588218, 0), (0.8660259, 0.4999992, 0), (0.866026, 0.499999, 0),
            (0.9659252, 0.2588218, 0), (0.866026, 0.499999, 0), (0.9659253, 0.2588215, 0),
            (0.9659253, 0.2588215, 0), (0.866026, 0.499999, 0), (0.8660259, 0.4999991, 0),
            (0.9659253, 0.2588215, 0), (0.8660259, 0.4999991, 0), (0.9659252, 0.2588216, 0),
            (1, 3.16565e-06, 0), (0.9659253, 0.2588215, 0), (0.9659252, 0.2588216, 0),
            (1, 3.16565e-06, 0), (0.9659252, 0.2588216, 0), (1, 4.61807e-07, 6.78171e-07),
            (0.8660253, -0.5000004, 9.3866e-07), (0.9659264, -0.258817, 0), (0.9659255, -0.2588201, 1.88989e-06),
            (0.8660253, -0.5000004, 9.3866e-07), (0.9659255, -0.2588201, 1.88989e-06), (0.8660252, -0.5000005, 1.6543e-06),
            (0.9659264, -0.258817, 0), (1, 3.2494e-06, 0), (1, 3.16565e-06, 0),
            (0.9659264, -0.258817, 0), (1, 3.16565e-06, 0), (0.9659255, -0.2588201, 1.88989e-06),
            (0.9659255, -0.2588201, 1.88989e-06), (1, 3.16565e-06, 0), (1, 4.61807e-07, 6.78171e-07),
            (0.9659255, -0.2588201, 1.88989e-06), (1, 4.61807e-07, 6.78171e-07), (0.9659255, -0.2588202, -7.50018e-07),
            (0.8660252, -0.5000005, 1.6543e-06), (0.9659255, -0.2588201, 1.88989e-06), (0.9659255, -0.2588202, -7.50018e-07),
            (0.8660252, -0.5000005, 1.6543e-06), (0.9659255, -0.2588202, -7.50018e-07), (0.8660264, -0.4999985, -7.67918e-07),
            (0.499999, -0.866026, 0), (0.7071056, -0.7071081, 4.87748e-07), (0.7071071, -0.7071065, 0),
            (0.499999, -0.866026, 0), (0.7071071, -0.7071065, 0), (0.499999, -0.866026, 0),
            (0.7071056, -0.7071081, 4.87748e-07), (0.8660253, -0.5000004, 9.3866e-07), (0.8660252, -0.5000005, 1.6543e-06),
            (0.7071056, -0.7071081, 4.87748e-07), (0.8660252, -0.5000005, 1.6543e-06), (0.7071071, -0.7071065, 0),
            (0.7071071, -0.7071065, 0), (0.8660252, -0.5000005, 1.6543e-06), (0.8660264, -0.4999985, -7.67918e-07),
            (0.7071071, -0.7071065, 0), (0.8660264, -0.4999985, -7.67918e-07), (0.7071071, -0.7071065, 0),
            (0.499999, -0.866026, 0), (0.7071071, -0.7071065, 0), (0.7071071, -0.7071065, 0),
            (0.499999, -0.866026, 0), (0.7071071, -0.7071065, 0), (0.4999989, -0.866026, 0),
            (0.1327917, -0.9911441, 0), (0.2588208, -0.9659255, 0), (0.2588208, -0.9659253, 0),
            (0.1327917, -0.9911441, 0), (0.2588208, -0.9659253, 0), (0.1327917, -0.9911441, 0),
            (0.2588208, -0.9659255, 0), (0.499999, -0.866026, 0), (0.499999, -0.866026, 0),
            (0.2588208, -0.9659255, 0), (0.499999, -0.866026, 0), (0.2588208, -0.9659253, 0),
            (0.2588208, -0.9659253, 0), (0.499999, -0.866026, 0), (0.4999989, -0.866026, 0),
            (0.2588208, -0.9659253, 0), (0.4999989, -0.866026, 0), (0.2588208, -0.9659255, 0),
            (0.1327917, -0.9911441, 0), (0.2588208, -0.9659253, 0), (0.2588208, -0.9659255, 0),
            (0.1327917, -0.9911441, 0), (0.2588208, -0.9659255, 0), (0.1327917, -0.9911441, 0)
        ] (
            interpolation = "faceVarying"
        )
        point3f[] points = [
            (0.02872782, 0.01697319, 0.02288866), (0.02345365, 0.02381438, 0.0228886), (0.02345365, 0.02381438, 0.03777397),
            (0.02872782, 0.01697319, 0.03777397), (0.01661247, 0.02908867, 0.0228886), (0.01661247, 0.02908867, 0.03777391),
            (0.01661247, 0.02908867, 0.05540746), (0.02345365, 0.02381438, 0.05540746), (0.02872782, 0.01697319, 0.05540746),
            (0.008624255, 0.03237617, 0.0228886), (0.008624255, 0.03237617, 0.03777391), (6.25195e-05, 0.03352326, 0.0228886),
            (6.25195e-05, 0.03352326, 0.03777397), (6.25195e-05, 0.03352326, 0.05540746), (0.008624255, 0.03237617, 0.05540746),
            (-0.008499205, 0.03237617, 0.0228886), (-0.008499205, 0.03237617, 0.03777397), (-0.01648741, 0.02908867, 0.0228886),
            (-0.01648741, 0.02908867, 0.03777397), (-0.01648741, 0.02908867, 0.05540746), (-0.008499205, 0.03237617, 0.05540746),
            (-0.0233286, 0.02381438, 0.0228886), (-0.0233286, 0.02381438, 0.03777397), (-0.02860283, 0.01697319, 0.0228886),
            (-0.02860283, 0.01697319, 0.03777397), (-0.02860283, 0.01697319, 0.05540746), (-0.0233286, 0.02381438, 0.05540746),
            (-0.03189039, 0.008985042, 0.0228886), (-0.03189039, 0.008985042, 0.03777397), (-0.03303742, 0.000423302, 0.0228886),
            (-0.03303742, 0.000423302, 0.03777397), (-0.03303742, 0.000423286, 0.05540746), (-0.03189039, 0.008985042, 0.05540746),
            (-0.03189039, -0.008138418, 0.0228886), (-0.03189039, -0.008138418, 0.03777397), (-0.02860283, -0.01612669, 0.0228886),
            (-0.02860283, -0.01612669, 0.03777391), (-0.02860283, -0.01612669, 0.05540746), (-0.03189039, -0.008138418, 0.05540746),
            (-0.02332866, -0.02296787, 0.0228886), (-0.02332866, -0.02296787, 0.03777397), (-0.01648741, -0.02824211, 0.0228886),
            (-0.01648741, -0.02824211, 0.03777397), (-0.01648741, -0.02824211, 0.05540746), (-0.02332866, -0.02296787, 0.05540746),
            (-0.008499264, -0.0315296, 0.0228886), (-0.008499264, -0.0315296, 0.03777397), (6.25087e-05, -0.03267663, 0.0228886),
            (6.25087e-05, -0.03267663, 0.03777391), (6.25087e-05, -0.03267663, 0.05540746), (-0.008499264, -0.0315296, 0.05540746),
            (6.25087e-05, -0.03267663, 0.0228886), (0.008624255, -0.0315296, 0.0228886), (0.008624255, -0.0315296, 0.03777391),
            (6.25087e-05, -0.03267663, 0.03777391), (0.01661247, -0.02824211, 0.0228886), (0.01661247, -0.02824211, 0.03777397),
            (0.01661247, -0.02824211, 0.05540746), (0.008624255, -0.0315296, 0.05540746), (6.25087e-05, -0.03267663, 0.05540746),
            (0.02345365, -0.02296787, 0.0228886), (0.02345365, -0.02296787, 0.03777397), (0.02872788, -0.01612669, 0.0228886),
            (0.02872788, -0.01612669, 0.03777397), (0.02872788, -0.01612669, 0.05540746), (0.02345365, -0.02296787, 0.05540746),
            (0.03201544, -0.008138418, 0.0228886), (0.03201544, -0.008138418, 0.03777397), (0.03316247, 0.000423302, 0.0228886),
            (0.03316247, 0.000423302, 0.03777397), (0.03316247, 0.000423302, 0.05540746), (0.03201544, -0.008138418, 0.05540746),
            (0.03201544, 0.008985042, 0.02288866), (0.03201538, 0.008985042, 0.03777397), (0.03201538, 0.008985042, 0.05540746),
            (0.02872782, 0.01697319, 0.08685129), (0.02345365, 0.02381438, 0.08685129), (0.02345365, 0.02381438, 0.09667652),
            (0.02872782, 0.01697319, 0.09667652), (0.01661247, 0.02908867, 0.08685129), (0.01661247, 0.02908867, 0.09667652),
            (0.01649224, 0.02888059, 0.10292303), (0.02328377, 0.02364462, 0.10292303), (0.02851969, 0.01685309, 0.10292303),
            (0.008624255, 0.03237617, 0.08685129), (0.008624255, 0.03237617, 0.09667652), (6.25195e-05, 0.03352326, 0.08685129),
            (6.25195e-05, 0.03352326, 0.09667652), (6.25195e-05, 0.03328287, 0.10292303), (0.008562088, 0.03214412, 0.10292303),
            (-0.008499205, 0.03237617, 0.08685129), (-0.008499205, 0.03237617, 0.09667652), (-0.01648741, 0.02908867, 0.08685129),
            (-0.01648741, 0.02908867, 0.09667652), (-0.01636731, 0.02888059, 0.10292297), (-0.008437037, 0.03214412, 0.10292297),
            (-0.0233286, 0.02381438, 0.08685123), (-0.0233286, 0.02381438, 0.09667646), (-0.02860283, 0.01697319, 0.08685123),
            (-0.02860283, 0.01697319, 0.09667652), (-0.02839469, 0.01685309, 0.10292297), (-0.02315872, 0.02364462, 0.10292297),
            (-0.03189039, 0.008985042, 0.08685129), (-0.03189039, 0.008985042, 0.09667652), (-0.03303742, 0.000423302, 0.08685129),
            (-0.03303742, 0.000423302, 0.09667652), (-0.03279709, 0.000423304, 0.10292297), (-0.03165841, 0.008922874, 0.10292297),
            (-0.03189039, -0.008138418, 0.08685129), (-0.03189039, -0.008138418, 0.09667652), (-0.02860283, -0.01612669, 0.08685129),
            (-0.02860283, -0.01612669, 0.09667652), (-0.02839469, -0.01600646, 0.10292297), (-0.03165841, -0.00807625, 0.10292297),
            (-0.02332866, -0.02296787, 0.08685129), (-0.02332866, -0.02296787, 0.09667652), (-0.01648741, -0.02824211, 0.08685129),
            (-0.01648741, -0.02824211, 0.09667652), (-0.01636731, -0.02803403, 0.10292297), (-0.02315878, -0.02279806, 0.10292297),
            (-0.008499264, -0.0315296, 0.08685129), (-0.008499264, -0.0315296, 0.09667658), (6.25087e-05, -0.03267663, 0.08685129),
            (6.25087e-05, -0.03267663, 0.09667658), (6.25195e-05, -0.03243637, 0.10292303), (-0.008437037, -0.03129762, 0.10292303),
            (6.25087e-05, -0.03267663, 0.08685129), (0.008624255, -0.0315296, 0.08685129), (0.008624255, -0.0315296, 0.09667658),
            (6.25087e-05, -0.03267663, 0.09667658), (0.01661247, -0.02824211, 0.08685129), (0.01661247, -0.02824211, 0.09667658),
            (0.01649224, -0.02803403, 0.10292303), (0.008562088, -0.03129762, 0.10292303), (6.25195e-05, -0.03243637, 0.10292303),
            (0.02345365, -0.02296787, 0.08685129), (0.02345365, -0.02296787, 0.09667658), (0.02872782, -0.01612669, 0.08685129),
            (0.02872782, -0.01612669, 0.09667658), (0.02851974, -0.01600646, 0.10292303), (0.02328377, -0.02279806, 0.10292303),
            (0.03201538, -0.008138418, 0.08685129), (0.03201544, -0.008138418, 0.09667658), (0.03316247, 0.000423302, 0.08685129),
            (0.03316247, 0.000423302, 0.09667652), (0.03292208, 0.000423304, 0.10292303), (0.03178346, -0.00807625, 0.10292303),
            (0.03201538, 0.008985042, 0.08685129), (0.03201538, 0.008985042, 0.09667652), (0.0317834, 0.008922874, 0.10292303),
            (0.02277427, 0.02313512, 0.10660725), (0.02789545, 0.0164926, 0.10660725), (0.01613181, 0.02825611, 0.10660725),
            (0.01562392, 0.02737653, 0.10892229), (0.02205646, 0.02241724, 0.10892229), (0.02701574, 0.01598477, 0.10892229),
            (0.008375585, 0.03144824, 0.10660725), (6.25195e-05, 0.03256189, 0.10660725), (6.25195e-05, 0.03154623, 0.10892229),
            (0.008112847, 0.03046762, 0.10892229), (-0.008250594, 0.03144824, 0.10660719), (-0.01600676, 0.02825611, 0.10660719),
            (-0.01549887, 0.02737653, 0.10892223), (-0.007987856, 0.03046762, 0.10892229), (-0.02264922, 0.02313512, 0.10660719),
            (-0.0277704, 0.0164926, 0.10660719), (-0.02689069, 0.01598477, 0.10892223), (-0.0219314, 0.02241724, 0.10892223),
            (-0.03096234, 0.008736371, 0.10660719), (-0.03207612, 0.000423304, 0.10660719), (-0.03106033, 0.000423304, 0.10892223),
            (-0.02998191, 0.008473634, 0.10892223), (-0.03096234, -0.007889807, 0.10660719), (-0.0277704, -0.01564604, 0.10660725),
            (-0.02689075, -0.01513808, 0.10892229), (-0.02998191, -0.00762701, 0.10892223), (-0.02264928, -0.02228856, 0.10660725),
            (-0.01600676, -0.02740961, 0.10660725), (-0.01549887, -0.0265299, 0.10892229), (-0.02193146, -0.02157074, 0.10892229),
            (-0.008250594, -0.03060168, 0.10660725), (6.25087e-05, -0.03171539, 0.10660725), (6.25087e-05, -0.03069967, 0.10892229),
            (-0.007987856, -0.02962112, 0.10892229), (0.008375585, -0.03060168, 0.10660725), (6.25087e-05, -0.03171539, 0.10660725),
            (0.01613181, -0.02740961, 0.10660725), (0.01562392, -0.0265299, 0.10892229), (0.008112847, -0.02962112, 0.10892229),
            (6.25087e-05, -0.03069967, 0.10892229), (0.02277427, -0.02228856, 0.10660725), (0.02789545, -0.01564604, 0.10660725),
            (0.02701574, -0.01513808, 0.10892229), (0.02205646, -0.02157074, 0.10892229), (0.03108739, -0.007889807, 0.10660725),
            (0.03220123, 0.000423304, 0.10660725), (0.03118538, 0.000423304, 0.10892229), (0.0301069, -0.00762701, 0.10892229),
            (0.03108739, 0.008736371, 0.10660725), (0.0301069, 0.008473634, 0.10892229), (0.02402228, 0.01425641, 0.1156001),
            (0.01961386, 0.01997458, 0.1156001), (0.01927053, 0.01963132, 0.11675267), (0.02360165, 0.01401352, 0.11675267),
            (0.01389569, 0.024383, 0.1156001), (0.0136528, 0.02396237, 0.11675267), (0.01348435, 0.02367073, 0.11786609),
            (0.01903247, 0.01939332, 0.11786609), (0.02330994, 0.01384508, 0.11786609), (0.007218778, 0.0271309, 0.1156001),
            (0.007093071, 0.02666199, 0.11675267), (6.25195e-05, 0.02808964, 0.1156001), (6.25195e-05, 0.02760392, 0.11675267),
            (6.25195e-05, 0.02726703, 0.11786609), (0.007005929, 0.02633678, 0.11786609), (-0.007093667, 0.0271309, 0.1156001),
            (-0.006968021, 0.02666199, 0.11675267), (-0.01377063, 0.024383, 0.11560004), (-0.01352781, 0.02396237, 0.11675261),
            (-0.0133593, 0.02367073, 0.11786603), (-0.006880939, 0.02633678, 0.11786609), (-0.01948881, 0.01997458, 0.11560004),
            (-0.01914548, 0.01963132, 0.11675261), (-0.02389729, 0.01425641, 0.11560004), (-0.0234766, 0.01401352, 0.11675261),
            (-0.02318489, 0.01384508, 0.11786603), (-0.01890742, 0.01939332, 0.11786603), (-0.02664506, 0.007579565, 0.11560004),
            (-0.02617621, 0.007453918, 0.11675261), (-0.02760386, 0.000423301, 0.11560004), (-0.02711808, 0.000423301, 0.11675261),
            (-0.02678126, 0.000423301, 0.11786603), (-0.02585101, 0.007366776, 0.11786603), (-0.02664506, -0.006732881, 0.11560004),
            (-0.02617621, -0.006607294, 0.11675261), (-0.02389729, -0.01340985, 0.11560004), (-0.0234766, -0.01316702, 0.11675261),
            (-0.02318489, -0.01299858, 0.11786603), (-0.02585101, -0.006520152, 0.11786603), (-0.01948881, -0.01912802, 0.11560004),
            (-0.01914548, -0.01878476, 0.11675261), (-0.01377063, -0.0235365, 0.11560004), (-0.01352781, -0.02311581, 0.11675261),
            (-0.01335936, -0.02282404, 0.11786603), (-0.01890748, -0.01854676, 0.11786603), (-0.007093787, -0.02628427, 0.1156001),
            (-0.00696814, -0.02581536, 0.11675267), (6.25087e-05, -0.02724301, 0.1156001), (6.25087e-05, -0.02675729, 0.11675267),
            (6.25087e-05, -0.02642053, 0.11786609), (-0.006880939, -0.02549028, 0.11786609), (6.25087e-05, -0.02724301, 0.1156001),
            (0.007218778, -0.02628427, 0.1156001), (0.007093071, -0.02581536, 0.11675267), (6.25087e-05, -0.02675729, 0.11675267),
            (0.01389569, -0.0235365, 0.1156001), (0.0136528, -0.02311581, 0.11675267), (0.01348435, -0.02282404, 0.11786609),
            (0.007005929, -0.02549028, 0.11786609), (6.25087e-05, -0.02642053, 0.11786609), (0.01961386, -0.01912802, 0.1156001),
            (0.01927053, -0.01878476, 0.11675267), (0.02402228, -0.01340985, 0.1156001), (0.02360165, -0.01316702, 0.11675267),
            (0.02330994, -0.01299858, 0.11786609), (0.01903247, -0.01854676, 0.11786609), (0.02677011, -0.006732881, 0.1156001),
            (0.0263012, -0.006607294, 0.11675267), (0.02772891, 0.000423301, 0.1156001), (0.02724307, 0.000423301, 0.11675267),
            (0.02690631, 0.000423301, 0.11786609), (0.02597606, -0.006520152, 0.11786609), (0.02677011, 0.007579565, 0.1156001),
            (0.0263012, 0.007453918, 0.11675267), (0.02597606, 0.007366776, 0.11786609), (-0.01371324, -0.02343702, 0.0042724),
            (-0.007064044, -0.02617347, 0.0042724), (-0.007721066, -0.02862554, 0.00634032), (-0.01498329, -0.02563685, 0.00634032),
            (6.25195e-05, -0.02712815, 0.0042724), (6.25195e-05, -0.02966839, 0.00634032), (6.25195e-05, -0.0319246, 0.0093053),
            (-0.008304715, -0.03080362, 0.0093053), (-0.01611143, -0.02759081, 0.0093053), (-0.02379775, -0.01335245, 0.0042724),
            (-0.01940757, -0.01904684, 0.0042724), (-0.02120274, -0.02084195, 0.00634032), (-0.02599757, -0.01462244, 0.00634032),
            (-0.0227971, -0.02243638, 0.0093053), (-0.02795153, -0.01575058, 0.0093053), (-0.02748894, 0.000423301, 0.0042724),
            (-0.02653414, -0.006703197, 0.0042724), (-0.02898639, -0.007360219, 0.00634032), (-0.03002911, 0.000423302, 0.00634032),
            (-0.03116434, -0.007943928, 0.0093053), (-0.03228539, 0.000423302, 0.0093053), (-0.02379775, 0.01419895, 0.0042724),
            (-0.02653414, 0.007549822, 0.0042724), (-0.02898639, 0.008206903, 0.00634032), (-0.02599757, 0.01546913, 0.00634032),
            (-0.03116434, 0.008790493, 0.0093053), (-0.02795153, 0.01659721, 0.0093053), (-0.01371324, 0.02428352, 0.0042724),
            (-0.01940757, 0.0198934, 0.0042724), (-0.02120274, 0.02168852, 0.00634032), (-0.01498323, 0.02648335, 0.00634032),
            (-0.0227971, 0.02328294, 0.0093053), (-0.01611143, 0.02843737, 0.0093053), (6.25195e-05, 0.02797478, 0.00427246),
            (-0.007064044, 0.02701997, 0.0042724), (-0.007721066, 0.02947217, 0.00634032), (6.25195e-05, 0.03051495, 0.00634032),
            (-0.008304715, 0.03165012, 0.0093053), (6.25195e-05, 0.03277117, 0.0093053), (0.01383823, 0.02428352, 0.00427246),
            (0.007189095, 0.02701997, 0.00427246), (0.007846117, 0.02947217, 0.00634032), (0.01510828, 0.02648335, 0.00634032),
            (0.008429706, 0.03165012, 0.0093053), (0.01623642, 0.02843737, 0.0093053), (0.0239228, 0.01419895, 0.0042724),
            (0.01953262, 0.0198934, 0.0042724), (0.02132773, 0.02168852, 0.00634032), (0.02612257, 0.01546913, 0.00634032),
            (0.02292209, 0.02328294, 0.0093053), (0.02807652, 0.01659721, 0.0093053), (0.02761399, 0.000423301, 0.0042724),
            (0.02665925, 0.007549822, 0.0042724), (0.02911138, 0.008206903, 0.00634032), (0.0301541, 0.000423302, 0.00634032),
            (0.03128933, 0.008790493, 0.0093053), (0.03241038, 0.000423302, 0.0093053), (0.0239228, -0.01335245, 0.0042724),
            (0.02665925, -0.006703197, 0.0042724), (0.02911138, -0.007360219, 0.00634032), (0.02612262, -0.01462244, 0.00634032),
            (0.03128933, -0.007943928, 0.0093053), (0.02807658, -0.01575058, 0.0093053), (0.01383829, -0.02343702, 0.0042724),
            (0.01953268, -0.01904684, 0.0042724), (0.02132773, -0.02084195, 0.00634032), (0.01510828, -0.02563685, 0.00634032),
            (0.02292215, -0.02243638, 0.0093053), (0.01623648, -0.02759081, 0.0093053), (6.25195e-05, -0.02712815, 0.0042724),
            (0.007189095, -0.02617347, 0.0042724), (0.007846117, -0.02862554, 0.00634032), (6.25195e-05, -0.02966839, 0.00634032),
            (0.008429706, -0.03080362, 0.0093053), (6.25195e-05, -0.0319246, 0.0093053), (-0.03189039, -0.008138418, 0.01411027),
            (-0.03303742, 0.000423302, 0.01411027), (-0.02860283, -0.01612669, 0.01411027), (-0.03189039, 0.008985042, 0.01411027),
            (-0.02860283, 0.01697319, 0.01411027), (-0.0233286, 0.02381438, 0.01411027), (-0.01648741, 0.02908867, 0.01411027),
            (-0.008499205, 0.03237617, 0.01411027), (6.25195e-05, 0.03352326, 0.01411027), (0.008624255, 0.03237617, 0.01411027),
            (0.01661247, 0.02908867, 0.01411027), (0.02345365, 0.02381438, 0.01411027), (0.02872782, 0.01697319, 0.01411027),
            (0.03201538, 0.008985042, 0.01411027), (0.03316247, 0.000423302, 0.01411027), (0.03201544, -0.008138418, 0.01411027),
            (0.02872788, -0.01612669, 0.01411027), (0.02345365, -0.02296787, 0.01411027), (0.01661247, -0.02824211, 0.01411027),
            (0.008624255, -0.0315296, 0.01411027), (6.25087e-05, -0.03267663, 0.01411027), (-0.008499264, -0.0315296, 0.01411027),
            (-0.01648741, -0.02824211, 0.01411027), (6.25087e-05, -0.03267663, 0.01411027), (-0.02332866, -0.02296787, 0.01411027),
            (-0.02889615, -0.00733608, 0.11106138), (-0.02993565, 0.000423304, 0.11106138), (-0.02591669, -0.01457577, 0.11106138),
            (-0.02502202, -0.0140593, 0.11291533), (-0.0278989, -0.007068932, 0.11291527), (-0.0289027, 0.000423302, 0.11291527),
            (-0.02889615, 0.008182704, 0.11106138), (-0.02591669, 0.0154224, 0.11106138), (-0.0278989, 0.007915556, 0.11291527),
            (-0.02502202, 0.01490586, 0.11291527), (-0.0211367, 0.02162241, 0.11106138), (-0.01493656, 0.02640253, 0.11106138),
            (-0.02040672, 0.0208925, 0.11291533), (-0.01442009, 0.02550786, 0.11291533), (-0.007696866, 0.02938193, 0.11106144),
            (6.25195e-05, 0.03042149, 0.11106144), (-0.007429659, 0.02838474, 0.11291533), (6.25195e-05, 0.02938842, 0.11291533),
            (0.007821917, 0.02938193, 0.11106144), (0.01506155, 0.02640253, 0.11106144), (0.007554709, 0.02838474, 0.11291533),
            (0.01454514, 0.02550786, 0.11291533), (0.02126169, 0.02162241, 0.11106144), (0.02604174, 0.0154224, 0.11106144),
            (0.02053171, 0.0208925, 0.11291533), (0.02514714, 0.01490586, 0.11291533), (0.0290212, 0.008182704, 0.11106144),
            (0.0300607, 0.000423304, 0.11106144), (0.02802395, 0.007915556, 0.11291533), (0.02902776, 0.000423302, 0.11291533),
            (0.0290212, -0.00733608, 0.11106144), (0.02604174, -0.01457577, 0.11106144), (0.02802395, -0.007068932, 0.11291533),
            (0.02514714, -0.0140593, 0.11291533), (0.02126175, -0.02077591, 0.11106144), (0.01506155, -0.0255559, 0.11106144),
            (0.02053171, -0.02004593, 0.11291533), (0.01454514, -0.02466136, 0.11291539), (0.007821917, -0.02853536, 0.11106144),
            (6.25087e-05, -0.02957493, 0.11106144), (0.007554709, -0.02753818, 0.11291539), (6.25087e-05, -0.02854192, 0.11291539),
            (-0.007696866, -0.02853536, 0.11106144), (-0.01493656, -0.0255559, 0.11106144), (6.25087e-05, -0.02957493, 0.11106144),
            (6.25087e-05, -0.02854192, 0.11291539), (-0.007429659, -0.02753818, 0.11291533), (-0.01442009, -0.02466136, 0.11291533),
            (-0.0211367, -0.02077591, 0.11106144), (-0.02040672, -0.02004593, 0.11291533), (-0.02718394, -0.006877303, 0.11437451),
            (-0.02816212, 0.000423302, 0.11437451), (-0.02438068, -0.01368898, 0.11437457), (-0.02718394, 0.007723867, 0.11437451),
            (-0.02438068, 0.01453554, 0.11437457), (-0.01988333, 0.02036911, 0.11437457), (-0.0140497, 0.02486652, 0.11437457),
            (-0.00723809, 0.02766972, 0.11437457), (6.25195e-05, 0.02864784, 0.11437457), (0.00736314, 0.02766972, 0.11437457),
            (0.01417475, 0.02486652, 0.11437457), (0.02000832, 0.02036911, 0.11437457), (0.02450573, 0.01453554, 0.11437457),
            (0.027309, 0.007723867, 0.11437457), (0.02828711, 0.000423302, 0.11437457), (0.027309, -0.006877303, 0.11437457),
            (0.02450573, -0.01368898, 0.11437457), (0.02000832, -0.01952248, 0.11437463), (0.01417475, -0.02401989, 0.11437463),
            (0.00736314, -0.02682322, 0.11437463), (6.25087e-05, -0.02780133, 0.11437463), (-0.00723809, -0.02682322, 0.11437457),
            (-0.01404976, -0.02401989, 0.11437457), (6.25087e-05, -0.02780133, 0.11437463), (-0.01988333, -0.01952248, 0.11437457),
            (-0.01882869, -0.01846796, 0.1189736), (-0.02308833, -0.01294285, 0.1189736), (-0.01330357, -0.02272748, 0.1189736),
            (-0.01330405, -0.02272832, 0.12004237), (-0.01882934, -0.01846849, 0.12004237), (-0.02308911, -0.01294326, 0.12004237),
            (-0.02574336, -0.006491363, 0.1189736), (-0.0266698, 0.000423297, 0.1189736), (-0.02574414, -0.006491601, 0.12004237),
            (-0.02667063, 0.000423293, 0.12004237), (-0.02574336, 0.007337868, 0.1189736), (-0.02308833, 0.01378935, 0.1189736),
            (-0.02574414, 0.007338166, 0.12004237), (-0.02308911, 0.01378983, 0.12004237), (-0.01882869, 0.01931446, 0.1189736),
            (-0.01330357, 0.02357411, 0.1189736), (-0.01882934, 0.01931512, 0.12004237), (-0.01330405, 0.02357482, 0.12004237),
            (-0.00685209, 0.0262292, 0.1189736), (6.25195e-05, 0.02715551, 0.1189736), (-0.006852269, 0.02622997, 0.12004237),
            (6.25195e-05, 0.02715647, 0.12004237), (0.006977081, 0.0262292, 0.11897366), (0.01342856, 0.02357411, 0.11897366),
            (0.006977379, 0.02622997, 0.12004237), (0.01342898, 0.02357482, 0.12004237), (0.01895374, 0.01931446, 0.11897366),
            (0.02321326, 0.01378935, 0.11897366), (0.01895427, 0.01931512, 0.12004237), (0.0232141, 0.01378983, 0.12004237),
            (0.02586841, 0.007337868, 0.11897366), (0.02679479, 0.000423297, 0.11897366), (0.02586925, 0.007338166, 0.12004237),
            (0.02679568, 0.000423293, 0.12004237), (0.02586841, -0.006491363, 0.11897366), (0.02321326, -0.01294285, 0.11897366),
            (0.02586925, -0.006491601, 0.12004237), (0.0232141, -0.01294326, 0.12004237), (0.01895374, -0.01846796, 0.11897366),
            (0.01342856, -0.02272748, 0.11897366), (0.01895427, -0.01846849, 0.12004237), (0.01342898, -0.02272832, 0.12004243),
            (0.006977081, -0.02538257, 0.11897366), (6.25087e-05, -0.02630901, 0.11897366), (0.006977379, -0.02538347, 0.12004243),
            (6.25195e-05, -0.02630984, 0.12004243), (-0.00685209, -0.02538257, 0.11897366), (6.25087e-05, -0.02630901, 0.11897366),
            (6.25195e-05, -0.02630984, 0.12004243), (-0.006852388, -0.02538347, 0.12004237), (-0.008499264, -0.0315296, 0.072430724),
            (-0.01648741, -0.02824211, 0.072430724), (6.25087e-05, -0.03267663, 0.072430724), (-0.02332866, -0.02296787, 0.072430724),
            (-0.02860283, -0.01612669, 0.072430724), (-0.03189039, -0.008138418, 0.072430724), (-0.03303748, 0.000423286, 0.072430724),
            (-0.03189039, 0.008985042, 0.072430724), (-0.02860283, 0.01697319, 0.072430724), (-0.0233286, 0.02381438, 0.072430724),
            (-0.01648741, 0.02908867, 0.072430724), (-0.008499205, 0.03237617, 0.072430724), (6.25195e-05, 0.03352326, 0.072430724),
            (0.008624255, 0.03237617, 0.072430724), (0.01661247, 0.02908867, 0.072430724), (0.02345365, 0.02381438, 0.072430724),
            (0.02872782, 0.01697319, 0.072430724), (0.03201538, 0.008985042, 0.072430724), (0.03316247, 0.000423302, 0.072430724),
            (0.03201544, -0.008138418, 0.072430724), (0.02872782, -0.01612669, 0.072430724), (0.02345365, -0.02296787, 0.072430724),
            (0.01661247, -0.02824211, 0.072430724), (0.008624255, -0.0315296, 0.072430724), (6.25087e-05, -0.03267663, 0.072430724),
            (0.007372856, 0.004643917, 0.00351697), (0.00626111, 0.006621897, 0.00346404), (0.008834123, 0.00919491, 0.00317484),
            (0.01081198, 0.006629467, 0.00317484), (0.00428313, 0.007733762, 0.00351697), (0.00626868, 0.01117277, 0.00317484),
            (0.008081078, 0.01431185, 0.00274897), (0.01139569, 0.01175642, 0.00274897), (0.01395112, 0.008441865, 0.00274897),
            (0.002331316, 0.008890748, 0.00346404), (0.003273129, 0.01240557, 0.00317484), (6.25078e-05, 0.008864641, 0.00351703),
            (6.24968e-05, 0.01283574, 0.0031749), (6.24966e-05, 0.01646047, 0.00274903), (0.00421071, 0.01590478, 0.00274903),
            (-0.002206265, 0.008890748, 0.00346404), (-0.003148078, 0.01240557, 0.00317484), (-0.004158139, 0.007733762, 0.00351697),
            (-0.006143689, 0.01117277, 0.00317484), (-0.007956147, 0.01431185, 0.00274897), (-0.004085659, 0.01590478, 0.00274903),
            (-0.006136119, 0.006621897, 0.00346404), (-0.008709192, 0.00919491, 0.00317484), (-0.007247984, 0.004643917, 0.00351697),
            (-0.01068699, 0.006629467, 0.00317484), (-0.01382613, 0.008441865, 0.00274897), (-0.0112707, 0.01175642, 0.00274897),
            (-0.008405029, 0.002692103, 0.00346404), (-0.01191979, 0.003633916, 0.00317484), (-0.008378922, 0.00042329, 0.00351697),
            (-0.01234996, 0.000423281, 0.00317484), (-0.01597476, 0.000423273, 0.00274897), (-0.01541888, 0.004571497, 0.00274897),
            (-0.008405029, -0.001845479, 0.00346404), (-0.01191979, -0.002787292, 0.00317484), (-0.007247984, -0.003797352, 0.00351697),
            (-0.01068699, -0.005782902, 0.00317484), (-0.01382613, -0.00759536, 0.00274903), (-0.01541888, -0.003724992, 0.00274897),
            (-0.006136119, -0.005775332, 0.00346404), (-0.008709192, -0.008348405, 0.00317484), (-0.004158139, -0.006887197, 0.00351697),
            (-0.006143689, -0.01032614, 0.00317484), (-0.007956147, -0.0134654, 0.00274897), (-0.0112707, -0.01090997, 0.00274897),
            (-0.002206265, -0.008044242, 0.00346404), (-0.003148078, -0.011559, 0.00317484), (6.25083e-05, -0.008018136, 0.00351697),
            (6.24975e-05, -0.01198917, 0.00317484), (6.24977e-05, -0.01561397, 0.00274897), (-0.004085659, -0.01505815, 0.00274897),
            (0.002331316, -0.008044242, 0.00346404), (0.003273129, -0.011559, 0.00317484), (0.00428313, -0.006887197, 0.00351697),
            (0.00626868, -0.0103262, 0.00317484), (0.008081078, -0.0134654, 0.00274897), (0.00421071, -0.01505815, 0.00274897),
            (0.00626111, -0.005775332, 0.00346404), (0.008834123, -0.008348405, 0.00317484), (0.007372856, -0.003797352, 0.00351697),
            (0.01081198, -0.005782902, 0.00317484), (0.01395112, -0.00759536, 0.00274897), (0.01139569, -0.01090997, 0.00274897),
            (0.008529961, -0.001845479, 0.00346404), (0.01204478, -0.002787292, 0.00317484), (0.008503854, 0.00042329, 0.00351697),
            (0.01247495, 0.000423279, 0.00317484), (0.01609975, 0.00042327, 0.00274897), (0.01554393, -0.003724992, 0.00274897),
            (0.008529961, 0.002692103, 0.00346404), (0.01204478, 0.003633916, 0.00317484), (0.01554393, 0.004571497, 0.00274897),
            (0.01323252, 0.01359331, 0.00240815), (0.01620221, 0.009741544, 0.00240815), (0.009380757, 0.01656293, 0.00240815),
            (0.01031523, 0.01818162, 0.00191796), (0.01455336, 0.01491421, 0.00191796), (0.01782083, 0.01067596, 0.00191796),
            (0.004882991, 0.01841402, 0.00240815), (6.24966e-05, 0.01905977, 0.00240815), (6.24966e-05, 0.0209288, 0.00191802),
            (0.005366504, 0.02021825, 0.00191802), (-0.004758059, 0.01841402, 0.00240815), (-0.009255766, 0.01656293, 0.00240815),
            (-0.01019024, 0.01818162, 0.00191796), (-0.005241513, 0.02021825, 0.00191796), (-0.01310753, 0.01359331, 0.00240815),
            (-0.01607722, 0.009741544, 0.00240815), (-0.01769584, 0.01067596, 0.00191796), (-0.01442837, 0.01491421, 0.00191796),
            (-0.01792824, 0.005243778, 0.00240815), (-0.01857399, 0.000423277, 0.00240815), (-0.02044302, 0.000423285, 0.00191796),
            (-0.01973241, 0.005727291, 0.00191796), (-0.01792824, -0.004397273, 0.00240815), (-0.01607722, -0.008894979, 0.00240815),
            (-0.01769584, -0.009829461, 0.00191796), (-0.01973241, -0.004880726, 0.00191796), (-0.01310753, -0.01274687, 0.00240815),
            (-0.009255766, -0.01571643, 0.00240815), (-0.01019018, -0.01733499, 0.00191796), (-0.01442837, -0.01406759, 0.00191796),
            (-0.004758059, -0.01756745, 0.00240815), (6.24977e-05, -0.01821327, 0.00240815), (6.24977e-05, -0.02008229, 0.00191802),
            (-0.005241513, -0.01937162, 0.00191796), (0.004882991, -0.01756745, 0.00240815), (0.009380757, -0.01571643, 0.00240815),
            (0.01031523, -0.01733499, 0.00191796), (0.005366504, -0.01937162, 0.00191796), (0.01323252, -0.01274687, 0.00240815),
            (0.01620221, -0.008894979, 0.00240815), (0.01782083, -0.009829461, 0.00191796), (0.01455336, -0.01406759, 0.00191796),
            (0.01805323, -0.004397273, 0.00240815), (0.01869899, 0.000423274, 0.00240815), (0.02056807, 0.000423282, 0.00191796),
            (0.01985746, -0.004880726, 0.00191796), (0.01609975, 0.00042327, 0.00274897), (0.01554393, 0.004571497, 0.00274897),
            (0.01805323, 0.005243778, 0.00240815), (0.01869899, 0.000423274, 0.00240815), (0.01395112, 0.008441865, 0.00274897),
            (0.01620221, 0.009741544, 0.00240815), (0.01782083, 0.01067596, 0.00191796), (0.01985746, 0.005727291, 0.00191796),
            (0.02056807, 0.000423282, 0.00191796), (0.02179741, 0.01297193, 0.00055611), (0.01779836, 0.01815915, 0.00055611),
            (0.01839911, 0.01875996, 0.00215864), (0.02253377, 0.01339703, 0.00215864), (0.01261121, 0.02215826, 0.00055611),
            (0.01303631, 0.02289456, 0.00215864), (0.01383823, 0.02428352, 0.00427246), (0.01953262, 0.0198934, 0.0042724),
            (0.0239228, 0.01419895, 0.0042724), (0.006554186, 0.02465099, 0.00055611), (0.006774187, 0.02547162, 0.00215864),
            (6.25072e-05, 0.02552074, 0.00055611), (6.25072e-05, 0.02637088, 0.00215864), (6.2518e-05, 0.02797478, 0.00427246),
            (0.007189095, 0.02701997, 0.00427246), (-0.006429255, 0.02465099, 0.00055611), (-0.006649196, 0.02547162, 0.00215864),
            (-0.01248615, 0.02215826, 0.00055611), (-0.01291126, 0.02289456, 0.00215864), (-0.01371324, 0.02428352, 0.0042724),
            (-0.007064044, 0.02701997, 0.0042724), (-0.01767337, 0.01815915, 0.00055611), (-0.01827412, 0.01875996, 0.00215864),
            (-0.02167242, 0.01297193, 0.00055611), (-0.02240878, 0.01339703, 0.00215864), (-0.02379781, 0.01419895, 0.0042724),
            (-0.01940757, 0.0198934, 0.0042724), (-0.02416521, 0.006914973, 0.00055605), (-0.02498584, 0.007134974, 0.00215864),
            (-0.0250349, 0.000423294, 0.00055605), (-0.0258851, 0.000423297, 0.00215864), (-0.02748894, 0.0004233, 0.0042724),
            (-0.02653414, 0.007549822, 0.0042724), (-0.02416521, -0.006068468, 0.00055605), (-0.02498584, -0.006288409, 0.00215864),
            (-0.02167242, -0.01212543, 0.00055611), (-0.02240878, -0.01255053, 0.00215864), (-0.02379781, -0.01335245, 0.0042724),
            (-0.02653414, -0.006703197, 0.0042724), (-0.01767337, -0.01731258, 0.00055611), (-0.01827412, -0.0179134, 0.00215864),
            (-0.01248615, -0.0213117, 0.00055611), (-0.01291126, -0.02204793, 0.00215864), (-0.01371324, -0.02343702, 0.0042724),
            (-0.01940757, -0.01904684, 0.0042724), (-0.006429255, -0.02380442, 0.00055611), (-0.006649196, -0.02462512, 0.00215864),
            (6.25088e-05, -0.02467411, 0.00055611), (6.25088e-05, -0.02552425, 0.00215864), (6.25197e-05, -0.02712815, 0.0042724),
            (-0.007064044, -0.02617347, 0.0042724), (0.006554186, -0.02380442, 0.00055611), (0.006774187, -0.02462512, 0.00215864),
            (0.01261121, -0.0213117, 0.00055611), (0.01303631, -0.02204793, 0.00215864), (0.01383829, -0.02343702, 0.0042724),
            (0.007189095, -0.02617347, 0.0042724), (0.01779836, -0.01731258, 0.00055611), (0.01839917, -0.0179134, 0.00215864),
            (0.02179741, -0.01212543, 0.00055611), (0.02253377, -0.01255053, 0.00215864), (0.0239228, -0.01335245, 0.0042724),
            (0.01953268, -0.01904684, 0.0042724), (0.0242902, -0.006068468, 0.00055611), (0.0251109, -0.006288409, 0.00215864),
            (0.02515995, 0.000423292, 0.00055611), (0.02601009, 0.000423294, 0.00215864), (0.02761399, 0.000423297, 0.0042724),
            (0.02665925, -0.006703197, 0.0042724), (0.0242902, 0.006914973, 0.00055611), (0.0251109, 0.007134974, 0.00215864),
            (0.02665925, 0.007549822, 0.0042724), (0.003960967, 0.004321753, 0.00361389), (0.002693831, 0.004980981, 0.003613),
            (0.004620194, 0.003054678, 0.003613), (6.24755e-05, 0.000423296, 0.00356716), (0.001489341, 0.005748689, 0.00361389),
            (6.2497e-05, 0.005685985, 0.003613), (-0.00136435, 0.005748689, 0.00361389), (-0.0025689, 0.004980981, 0.003613),
            (-0.003835976, 0.004321753, 0.00361389), (-0.004495203, 0.003054678, 0.003613), (-0.005262911, 0.001850247, 0.00361389),
            (-0.005200326, 0.000423292, 0.003613), (-0.005262911, -0.001003623, 0.00361389), (-0.004495203, -0.002208054, 0.003613),
            (-0.003835976, -0.003475189, 0.00361389), (-0.0025689, -0.004134416, 0.003613), (-0.00136435, -0.004902184, 0.00361389),
            (6.24973e-05, -0.00483942, 0.003613), (0.001489341, -0.004902184, 0.00361389), (0.002693831, -0.004134416, 0.003613),
            (0.003960967, -0.003475189, 0.00361389), (0.004620194, -0.002208054, 0.003613), (0.005387902, -0.001003623, 0.00361389),
            (0.005325198, 0.000423292, 0.003613), (0.005387902, 0.001850247, 0.00361389), (-0.01544159, 0.01592743, 0.00104403),
            (-0.01090717, 0.01942336, 0.00104403), (-0.01893752, 0.01139295, 0.00104403), (-0.01990818, 0.01195335, 0.00025004),
            (-0.01623374, 0.01671952, 0.0002501), (-0.01146757, 0.02039396, 0.0002501), (-0.005612373, 0.02160239, 0.00104403),
            (6.24965e-05, 0.02236258, 0.00104403), (-0.00590229, 0.02268439, 0.0002501), (6.24965e-05, 0.02348351, 0.0002501),
            (0.005737364, 0.02160239, 0.00104403), (0.01103216, 0.01942336, 0.00104403), (0.006027281, 0.02268439, 0.0002501),
            (0.0115925, 0.02039396, 0.0002501), (0.01556658, 0.01592743, 0.00104403), (0.01906251, 0.01139295, 0.00104403),
            (0.01635873, 0.01671952, 0.0002501), (0.02003324, 0.01195335, 0.0002501), (0.01985746, 0.005727291, 0.00191796),
            (0.0212416, 0.006098151, 0.00104403), (0.02200192, 0.000423286, 0.00104403), (0.02232354, 0.006388068, 0.0002501),
            (0.02312266, 0.00042329, 0.0002501), (0.0212416, -0.005251586, 0.00104403), (0.01906251, -0.01054632, 0.00104403),
            (0.02232354, -0.005541503, 0.0002501), (0.02003324, -0.01110672, 0.0002501), (0.01556658, -0.0150808, 0.00104403),
            (0.01103216, -0.0185768, 0.00104403), (0.01635873, -0.01587295, 0.0002501), (0.0115925, -0.01954746, 0.0002501),
            (0.005737364, -0.02075576, 0.00104403), (6.24978e-05, -0.02151608, 0.00104403), (0.006027281, -0.02183783, 0.0002501),
            (6.24978e-05, -0.02263695, 0.0002501), (-0.005612373, -0.02075576, 0.00104403), (-0.01090717, -0.0185768, 0.00104403),
            (-0.00590229, -0.02183783, 0.0002501), (-0.01146757, -0.01954746, 0.0002501), (-0.01544159, -0.0150808, 0.00104403),
            (-0.01893752, -0.01054632, 0.00104403), (-0.01623374, -0.01587295, 0.0002501), (-0.01990818, -0.01110672, 0.00025004),
            (-0.02111661, -0.005251586, 0.00104403), (-0.02187687, 0.000423289, 0.00104403), (-0.02219855, -0.005541503, 0.0002501),
            (-0.02299767, 0.000423293, 0.0002501), (-0.02111661, 0.006098151, 0.00104403), (-0.02219855, 0.006388068, 0.0002501),
            (-0.016891, 0.01737678, 0), (-0.01193261, 0.02119946, 0), (-0.02071362, 0.01241832, 0),
            (-0.02125442, 0.01273053, 1.645e-05), (-0.01733219, 0.01781803, 1.639e-05), (-0.01224482, 0.02174013, 1.645e-05),
            (-0.006142914, 0.02358222, 6e-08), (6.24965e-05, 0.02441358, 6e-08), (-0.006304383, 0.02418494, 1.645e-05),
            (6.25072e-05, 0.02503794, 1.645e-05), (0.006267905, 0.02358222, 6e-08), (0.0120576, 0.02119946, 6e-08),
            (0.006429374, 0.02418494, 1.645e-05), (0.01236981, 0.02174013, 1.645e-05), (0.01701599, 0.01737678, 6e-08),
            (0.02083861, 0.01241832, 6e-08), (0.01745718, 0.01781803, 1.645e-05), (0.02137941, 0.01273053, 1.645e-05),
            (0.02322143, 0.006628692, 6e-08), (0.02405273, 0.000423292, 6e-08), (0.02382415, 0.006790161, 1.645e-05),
            (0.02467709, 0.000423292, 1.645e-05), (0.02322143, -0.005782008, 6e-08), (0.02083867, -0.01157182, 6e-08),
            (0.02382415, -0.005943596, 1.645e-05), (0.02137941, -0.01188403, 1.645e-05), (0.01701599, -0.01653021, 6e-08),
            (0.0120576, -0.0203529, 6e-08), (0.01745718, -0.0169714, 1.645e-05), (0.01236981, -0.02089363, 1.645e-05),
            (0.006267905, -0.02273565, 6e-08), (6.24978e-05, -0.02356702, 6e-08), (0.006429374, -0.02333831, 1.645e-05),
            (6.25088e-05, -0.02419131, 1.645e-05), (-0.006142914, -0.02273565, 0), (-0.01193267, -0.0203529, 0),
            (-0.006304383, -0.02333831, 1.645e-05), (-0.01224482, -0.02089363, 1.645e-05), (-0.016891, -0.01653021, 0),
            (-0.02071362, -0.01157182, 0), (-0.01733219, -0.0169714, 1.639e-05), (-0.02125442, -0.01188403, 1.645e-05),
            (-0.02309638, -0.005782008, 0), (-0.02392774, 0.000423294, 0), (-0.0236991, -0.005943596, 1.639e-05),
            (-0.0245521, 0.000423294, 1.639e-05), (-0.02309644, 0.006628692, 0), (-0.0236991, 0.006790161, 1.639e-05),
            (0.02137941, 0.01273053, 1.645e-05), (0.01745718, 0.01781803, 1.645e-05), (0.01760119, 0.01796191, 2.193e-05),
            (0.02155584, 0.01283246, 2.193e-05), (0.01236981, 0.02174013, 1.645e-05), (0.01247161, 0.02191656, 2.193e-05),
            (0.006429374, 0.02418494, 1.645e-05), (0.006482005, 0.02438157, 2.193e-05), (6.25072e-05, 0.02503794, 1.645e-05),
            (6.25072e-05, 0.02524167, 2.193e-05), (-0.006304383, 0.02418494, 1.645e-05), (-0.006357014, 0.02438157, 2.193e-05),
            (-0.01224482, 0.02174013, 1.645e-05), (-0.01234668, 0.02191656, 2.193e-05), (-0.01733219, 0.01781803, 1.639e-05),
            (-0.0174762, 0.01796191, 2.187e-05), (-0.02125442, 0.01273053, 1.645e-05), (-0.02143085, 0.01283246, 2.187e-05),
            (-0.0236991, 0.006790161, 1.639e-05), (-0.0238958, 0.006842792, 2.187e-05), (-0.0245521, 0.000423294, 1.639e-05),
            (-0.02475589, 0.000423294, 2.187e-05), (-0.0236991, -0.005943596, 1.639e-05), (-0.0238958, -0.005996227, 2.187e-05),
            (-0.02125442, -0.01188403, 1.645e-05), (-0.02143085, -0.01198583, 2.193e-05), (-0.01733219, -0.0169714, 1.639e-05),
            (-0.0174762, -0.01711541, 2.187e-05), (-0.01224482, -0.02089363, 1.645e-05), (-0.01234668, -0.02107006, 2.187e-05),
            (-0.006304383, -0.02333831, 1.645e-05), (-0.006357014, -0.02353507, 2.187e-05), (6.25088e-05, -0.02419131, 1.645e-05),
            (6.25088e-05, -0.0243951, 2.187e-05), (0.006429374, -0.02333831, 1.645e-05), (0.006482124, -0.02353507, 2.193e-05),
            (0.01236981, -0.02089363, 1.645e-05), (0.01247161, -0.02107006, 2.193e-05), (0.01745718, -0.0169714, 1.645e-05),
            (0.01760119, -0.01711541, 2.193e-05), (0.02137941, -0.01188403, 1.645e-05), (0.02155584, -0.01198583, 2.193e-05),
            (0.02382415, -0.005943596, 1.645e-05), (0.02402085, -0.005996227, 2.187e-05), (0.02467709, 0.000423292, 1.645e-05),
            (0.02488088, 0.000423292, 2.187e-05), (0.02382415, 0.006790161, 1.645e-05), (0.02402085, 0.006842792, 2.187e-05),
            (0.01760119, 0.01796191, 2.193e-05), (0.01247161, 0.02191656, 2.193e-05), (0.01261121, 0.02215826, 0.00055611),
            (0.01779836, 0.01815915, 0.00055611), (0.02155584, 0.01283246, 2.193e-05), (0.02179741, 0.01297193, 0.00055611),
            (0.006482005, 0.02438157, 2.193e-05), (6.25072e-05, 0.02524167, 2.193e-05), (6.25072e-05, 0.02552074, 0.00055611),
            (0.006554186, 0.02465099, 0.00055611), (-0.006357014, 0.02438157, 2.193e-05), (-0.01234668, 0.02191656, 2.193e-05),
            (-0.01248615, 0.02215826, 0.00055611), (-0.006429255, 0.02465099, 0.00055611), (-0.0174762, 0.01796191, 2.187e-05),
            (-0.02143085, 0.01283246, 2.187e-05), (-0.02167242, 0.01297193, 0.00055611), (-0.01767337, 0.01815915, 0.00055611),
            (-0.0238958, 0.006842792, 2.187e-05), (-0.02475589, 0.000423294, 2.187e-05), (-0.0250349, 0.000423294, 0.00055605),
            (-0.02416521, 0.006914973, 0.00055605), (-0.0238958, -0.005996227, 2.187e-05), (-0.02143085, -0.01198583, 2.193e-05),
            (-0.02167242, -0.01212543, 0.00055611), (-0.02416521, -0.006068468, 0.00055605), (-0.0174762, -0.01711541, 2.187e-05),
            (-0.01234668, -0.02107006, 2.187e-05), (-0.01248615, -0.0213117, 0.00055611), (-0.01767337, -0.01731258, 0.00055611),
            (-0.006357014, -0.02353507, 2.187e-05), (6.25088e-05, -0.0243951, 2.187e-05), (6.25088e-05, -0.02467411, 0.00055611),
            (-0.006429255, -0.02380442, 0.00055611), (0.006482124, -0.02353507, 2.193e-05), (0.01247161, -0.02107006, 2.193e-05),
            (0.01261121, -0.0213117, 0.00055611), (0.006554186, -0.02380442, 0.00055611), (0.01760119, -0.01711541, 2.193e-05),
            (0.02155584, -0.01198583, 2.193e-05), (0.02179741, -0.01212543, 0.00055611), (0.01779836, -0.01731258, 0.00055611),
            (0.02402085, -0.005996227, 2.187e-05), (0.02488088, 0.000423292, 2.187e-05), (0.02515995, 0.000423292, 0.00055611),
            (0.0242902, -0.006068468, 0.00055611), (0.02402085, 0.006842792, 2.187e-05), (0.0242902, 0.006914973, 0.00055611),
            (0.0232141, 0.01378983, 0.12004237), (0.01895427, 0.01931512, 0.12004237), (0.01895451, 0.0193153, 0.12103914),
            (0.02321434, 0.01379001, 0.12103914), (0.01342898, 0.02357482, 0.12004237), (0.01342922, 0.02357506, 0.12103914),
            (0.01330989, 0.02336847, 0.1217597), (0.01878595, 0.01914674, 0.1217597), (0.02300775, 0.01367068, 0.1217597),
            (0.006977379, 0.02622997, 0.12004237), (0.006977379, 0.02623033, 0.12103914), (6.25181e-05, 0.02715647, 0.12004237),
            (6.25181e-05, 0.02715677, 0.12103914), (6.25181e-05, 0.02691817, 0.1217597), (0.006915748, 0.02600002, 0.1217597),
            (-0.006852269, 0.02622997, 0.12004237), (-0.006852388, 0.02623033, 0.12103908), (-0.01330405, 0.02357482, 0.12004237),
            (-0.01330423, 0.02357506, 0.12103908), (-0.0131849, 0.02336847, 0.12175964), (-0.006790757, 0.02600002, 0.12175964),
            (-0.01882934, 0.01931512, 0.12004237), (-0.01882952, 0.0193153, 0.12103908), (-0.02308911, 0.01378983, 0.12004237),
            (-0.02308928, 0.01379001, 0.12103908), (-0.02288269, 0.01367074, 0.12175964), (-0.01866096, 0.01914674, 0.12175964),
            (-0.02574419, 0.007338166, 0.12004237), (-0.02574443, 0.007338166, 0.12103908), (-0.02667063, 0.000423292, 0.12004237),
            (-0.02667093, 0.00042329, 0.12103908), (-0.02643239, 0.000423292, 0.12175964), (-0.02551424, 0.007276535, 0.12175964),
            (-0.02574419, -0.006491601, 0.12004237), (-0.02574443, -0.006491661, 0.12103908), (-0.02308928, -0.01294338, 0.12103908),
            (-0.02288269, -0.01282411, 0.12175964), (-0.02551424, -0.00642997, 0.12175964), (-0.02308911, -0.01294326, 0.12004237),
            (-0.01882934, -0.01846849, 0.12004237), (-0.01882952, -0.01846873, 0.12103908), (-0.01330405, -0.02272832, 0.12004237),
            (-0.01330423, -0.02272856, 0.12103914), (-0.01318496, -0.02252197, 0.12175964), (-0.01866096, -0.01830017, 0.12175964),
            (-0.006852388, -0.02538347, 0.12004237), (-0.006852388, -0.02538377, 0.12103914), (6.25196e-05, -0.02630984, 0.12004243),
            (6.25196e-05, -0.0263102, 0.12103914), (6.25088e-05, -0.02607154, 0.1217597), (-0.006790757, -0.02515339, 0.1217597),
            (0.006977379, -0.02538347, 0.12004243), (0.006977379, -0.02538377, 0.12103914), (0.01342898, -0.02272832, 0.12004243),
            (0.01342922, -0.02272856, 0.12103914), (0.01330989, -0.02252197, 0.1217597), (0.006915748, -0.02515339, 0.1217597),
            (0.01895427, -0.01846849, 0.12004237), (0.01895451, -0.01846873, 0.12103914), (0.0232141, -0.01294326, 0.12004237),
            (0.02321434, -0.01294338, 0.12103914), (0.02300775, -0.01282411, 0.1217597), (0.01878595, -0.01830017, 0.1217597),
            (0.02586925, -0.006491601, 0.12004237), (0.02586948, -0.006491661, 0.12103914), (0.02679568, 0.000423289, 0.12004237),
            (0.02679598, 0.000423288, 0.12103914), (0.02655744, 0.000423289, 0.1217597), (0.02563923, -0.00642997, 0.1217597),
            (0.02586925, 0.007338166, 0.12004237), (0.02586948, 0.007338166, 0.12103914), (0.02563923, 0.007276535, 0.1217597),
            (0.01828014, 0.01864099, 0.12199991), (0.02238798, 0.01331281, 0.12199991), (0.01295202, 0.02274864, 0.12199991),
            (0.01259577, 0.02213156, 0.1217904), (0.01777654, 0.01813739, 0.1217904), (0.02177077, 0.0129565, 0.1217904),
            (0.006730616, 0.02530914, 0.12199991), (6.25072e-05, 0.02620244, 0.12199991), (6.25072e-05, 0.0254898, 0.1217904),
            (0.006546199, 0.02462112, 0.1217904), (-0.006605625, 0.02530914, 0.12199991), (-0.01282703, 0.02274864, 0.12199991),
            (-0.01247078, 0.02213156, 0.12179034), (-0.006421208, 0.02462112, 0.1217904), (-0.01815515, 0.01864099, 0.12199991),
            (-0.02226293, 0.01331281, 0.12199991), (-0.02164578, 0.0129565, 0.12179034), (-0.01765155, 0.01813739, 0.12179034),
            (-0.0248233, 0.007091403, 0.12199991), (-0.02571672, 0.000423292, 0.12199991), (-0.02500402, 0.000423294, 0.12179034),
            (-0.02413541, 0.006906986, 0.12179034), (-0.0248233, -0.006244838, 0.12199991), (-0.02226293, -0.01246631, 0.12199991),
            (-0.02164578, -0.01210999, 0.12179034), (-0.02413541, -0.006060481, 0.12179034), (-0.01815515, -0.01779443, 0.12199991),
            (-0.01282703, -0.0219022, 0.12199991), (-0.01247078, -0.02128493, 0.1217904), (-0.01765155, -0.01729083, 0.12179034),
            (-0.006605625, -0.02446258, 0.12199991), (6.25088e-05, -0.02535593, 0.12199997), (6.24979e-05, -0.0246433, 0.1217904),
            (-0.006421208, -0.02377462, 0.1217904), (0.006730616, -0.02446258, 0.12199997), (0.01295202, -0.0219022, 0.12199991),
            (0.01259577, -0.02128493, 0.1217904), (0.006546258, -0.02377462, 0.1217904), (0.01828014, -0.01779443, 0.12199991),
            (0.02238798, -0.01246631, 0.12199991), (0.02177077, -0.01210999, 0.1217904), (0.01777654, -0.01729083, 0.1217904),
            (0.02494829, -0.006244838, 0.12199991), (0.02584171, 0.000423289, 0.12199991), (0.02512902, 0.000423292, 0.1217904),
            (0.0242604, -0.006060481, 0.1217904), (0.02494829, 0.007091403, 0.12199991), (0.0242604, 0.006906986, 0.1217904),
            (0.01761448, 0.01797527, 0.12116175), (0.02157217, 0.01284188, 0.12116175), (0.01248109, 0.02193284, 0.12116175),
            (0.01180285, 0.02075821, 0.1205331), (0.01627737, 0.0166381, 0.1205331), (0.02039742, 0.01216357, 0.1205331),
            (0.006486952, 0.02439969, 0.12116175), (6.25072e-05, 0.02526038, 0.12116175), (6.25073e-05, 0.02390402, 0.1205331),
            (0.005997478, 0.02257323, 0.1205331), (-0.006361961, 0.02439969, 0.12116175), (-0.0123561, 0.02193284, 0.12116175),
            (-0.01167786, 0.02075821, 0.1205331), (-0.005872488, 0.02257323, 0.1205331), (-0.01247078, 0.02213156, 0.12179034),
            (-0.01765155, 0.01813739, 0.12179034), (-0.01748949, 0.01797527, 0.12116175), (-0.0123561, 0.02193284, 0.12116175),
            (-0.02164578, 0.0129565, 0.12179034), (-0.02144712, 0.01284188, 0.12116169), (-0.02027243, 0.01216357, 0.1205331),
            (-0.01615238, 0.0166381, 0.1205331), (-0.01167786, 0.02075821, 0.1205331), (-0.02391391, 0.006847739, 0.12116169),
            (-0.02144712, 0.01284188, 0.12116169), (-0.02477473, 0.000423294, 0.12116169), (-0.02341818, 0.000423293, 0.1205331),
            (-0.02208745, 0.006358325, 0.1205331), (-0.02027243, 0.01216357, 0.1205331), (-0.02391391, -0.006001174, 0.12116169),
            (-0.02144712, -0.01199525, 0.12116175), (-0.02027243, -0.01131707, 0.1205331), (-0.02208745, -0.005511701, 0.1205331),
            (-0.01748949, -0.0171287, 0.12116175), (-0.0123561, -0.02108633, 0.12116175), (-0.01167786, -0.01991158, 0.1205331),
            (-0.01615238, -0.01579159, 0.1205331), (-0.006361961, -0.02355319, 0.12116175), (6.24979e-05, -0.02441394, 0.12116175),
            (6.25087e-05, -0.02305746, 0.12053316), (-0.005872488, -0.0217266, 0.12053316), (0.006486952, -0.02355319, 0.12116175),
            (0.01248109, -0.02108639, 0.12116175), (0.01180285, -0.01991158, 0.12053316), (0.005997478, -0.0217266, 0.12053316),
            (0.01761448, -0.0171287, 0.12116175), (0.02157217, -0.01199525, 0.12116175), (0.02039742, -0.01131707, 0.1205331),
            (0.01627737, -0.01579159, 0.12053316), (0.02403897, -0.006001174, 0.12116175), (0.02489972, 0.000423292, 0.12116175),
            (0.02354317, 0.00042329, 0.1205331), (0.02221244, -0.005511701, 0.1205331), (0.02403897, 0.006847739, 0.12116175),
            (0.02221244, 0.006358325, 0.1205331), (-0.02574419, -0.006491601, 0.12004237), (-0.02308911, -0.01294326, 0.12004237),
            (-0.02308928, -0.01294338, 0.12103908), (-0.02574443, -0.006491661, 0.12103908), (0.008596956, 0.01520544, 0.12032359),
            (0.007701039, 0.01365369, 0.12032359), (0.01224881, 0.0126096, 0.12032359), (0.009755969, 0.0172128, 0.12032359),
            (0.004862666, 0.008737385, 0.12032359), (0.007742524, 0.00810337, 0.12032359), (0.008376598, 0.005223453, 0.12032359),
            (0.0132929, 0.008061885, 0.12032359), (0.01484459, 0.008957743, 0.12032359), (0.01685208, 0.01011669, 0.12032359),
            (0.02039742, 0.01216357, 0.1205331), (0.01627737, 0.0166381, 0.1205331), (0.01180285, 0.02075821, 0.1205331),
            (6.25075e-05, 0.01749229, 0.12032359), (6.25076e-05, 0.01570045, 0.12032359), (0.004522979, 0.01707005, 0.12032359),
            (6.25074e-05, 0.01981014, 0.12032359), (6.25078e-05, 0.01002359, 0.12032359), (0.002873539, 0.0109145, 0.12032359),
            (0.005997478, 0.02257323, 0.1205331), (6.25073e-05, 0.02390402, 0.1205331), (-0.008471965, 0.01520544, 0.12032359),
            (-0.007576048, 0.01365369, 0.12032359), (-0.004397988, 0.01707005, 0.12032359), (-0.009630918, 0.0172128, 0.12032359),
            (-0.004737675, 0.008737385, 0.12032359), (-0.002748548, 0.0109145, 0.12032359), (-0.005872488, 0.02257323, 0.1205331),
            (-0.01167786, 0.02075821, 0.1205331), (-0.0147196, 0.008957743, 0.12032353), (-0.01316791, 0.008061885, 0.12032353),
            (-0.01212376, 0.0126096, 0.12032353), (-0.01672703, 0.01011669, 0.12032353), (-0.008251607, 0.005223453, 0.12032353),
            (-0.007617533, 0.00810337, 0.12032359), (-0.01615238, 0.0166381, 0.1205331), (-0.02027243, 0.01216357, 0.1205331),
            (-0.01700645, 0.000423292, 0.12032353), (-0.01521474, 0.000423292, 0.12032353), (-0.01658421, 0.004883766, 0.12032353),
            (-0.01932442, 0.000423292, 0.12032353), (-0.009537816, 0.00042329, 0.12032353), (-0.01042866, 0.003234386, 0.12032353),
            (-0.02208745, 0.006358325, 0.1205331), (-0.02341818, 0.000423293, 0.1205331), (-0.0147196, -0.008111178, 0.12032353),
            (-0.01316791, -0.007215321, 0.12032353), (-0.01658421, -0.004037201, 0.12032353), (-0.01672703, -0.009270191, 0.12032353),
            (-0.008251607, -0.004376888, 0.12032353), (-0.01042866, -0.002387762, 0.12032353), (-0.02208745, -0.005511701, 0.1205331),
            (-0.02027243, -0.01131707, 0.1205331), (-0.008471965, -0.01435881, 0.12032359), (-0.007576048, -0.01280719, 0.12032359),
            (-0.01212382, -0.01176297, 0.12032353), (-0.009630978, -0.0163663, 0.12032359), (-0.004737675, -0.00789082, 0.12032359),
            (-0.007617533, -0.007256746, 0.12032359), (-0.01615238, -0.01579159, 0.1205331), (-0.01167786, -0.01991158, 0.1205331),
            (6.25085e-05, -0.01664566, 0.12032359), (6.25084e-05, -0.01485395, 0.12032359), (-0.004397988, -0.01622349, 0.12032359),
            (6.25086e-05, -0.01896363, 0.12032359), (6.25083e-05, -0.009177029, 0.12032359), (-0.002748548, -0.01006788, 0.12032359),
            (-0.005872488, -0.0217266, 0.12053316), (6.25087e-05, -0.02305746, 0.12053316), (0.008596956, -0.01435881, 0.12032359),
            (0.007701039, -0.01280719, 0.12032359), (0.004522979, -0.01622349, 0.12032359), (0.009755969, -0.0163663, 0.12032359),
            (0.004862666, -0.00789082, 0.12032359), (0.002873539, -0.01006788, 0.12032359), (0.005997478, -0.0217266, 0.12053316),
            (0.01180285, -0.01991158, 0.12053316), (0.01484459, -0.008111178, 0.12032359), (0.0132929, -0.007215321, 0.12032359),
            (0.01224881, -0.01176297, 0.12032359), (0.01685208, -0.009270191, 0.12032359), (0.008376598, -0.004376888, 0.12032359),
            (0.007742524, -0.007256746, 0.12032359), (0.01627737, -0.01579159, 0.12053316), (0.02039742, -0.01131707, 0.1205331),
            (0.01713144, 0.000423289, 0.12032359), (0.01533973, 0.000423289, 0.12032359), (0.01670926, -0.004037201, 0.12032359),
            (0.01944941, 0.000423289, 0.12032359), (0.009662806, 0.00042329, 0.12032359), (0.01055365, -0.002387762, 0.12032359),
            (0.02221244, -0.005511701, 0.1205331), (0.02354317, 0.00042329, 0.1205331), (0.01670926, 0.004883766, 0.12032359),
            (0.01055365, 0.003234386, 0.12032359), (0.02221244, 0.006358325, 0.1205331), (0.004284322, 0.004645109, 0.12032359),
            (0.004998207, 0.003272891, 0.12032359), (0.002912104, 0.005358994, 0.12032359), (6.2508e-05, 0.000423293, 0.12032353),
            (0.001607716, 0.006190419, 0.12032359), (6.25078e-05, 0.006122529, 0.12032359), (-0.001482725, 0.006190419, 0.12032359),
            (-0.002787113, 0.005358994, 0.12032359), (-0.004159331, 0.004645109, 0.12032359), (-0.004873216, 0.003272891, 0.12032353),
            (-0.005704641, 0.001968502, 0.12032353), (-0.005636692, 0.000423288, 0.12032353), (-0.005704641, -0.001121938, 0.12032353),
            (-0.004873216, -0.002426326, 0.12032353), (-0.004159331, -0.003798544, 0.12032359), (-0.002787113, -0.004512429, 0.12032359),
            (-0.001482725, -0.005343854, 0.12032359), (6.25082e-05, -0.005275905, 0.12032359), (0.001607716, -0.005343854, 0.12032359),
            (0.002912104, -0.004512429, 0.12032359), (0.004284322, -0.003798544, 0.12032359), (0.004998207, -0.002426326, 0.12032359),
            (0.005829632, -0.001121938, 0.12032359), (0.005761682, 0.000423288, 0.12032359), (0.005829632, 0.001968502, 0.12032359)
        ]
        texCoord2f[] primvars:st = [
            (0.3333494, 0.8391966), (0.375016, 0.8391967), (0.375016, 0.7106207), (0.3333494, 0.8391966),
            (0.375016, 0.7106207), (0.3333494, 0.7106207), (0.375016, 0.8391967), (0.4166826, 0.8391967),
            (0.4166826, 0.7106208), (0.375016, 0.8391967), (0.4166826, 0.7106208), (0.375016, 0.7106207),
            (0.375016, 0.7106207), (0.4166826, 0.7106208), (0.4166826, 0.5583055), (0.375016, 0.7106207),
            (0.4166826, 0.5583055), (0.375016, 0.5583054), (0.3333494, 0.7106207), (0.375016, 0.7106207),
            (0.375016, 0.5583054), (0.3333494, 0.7106207), (0.375016, 0.5583054), (0.3333494, 0.5583053),
            (0.4166826, 0.8391967), (0.4583492, 0.8391967), (0.4583492, 0.7106208), (0.4166826, 0.8391967),
            (0.4583492, 0.7106208), (0.4166826, 0.7106208), (0.4583492, 0.8391967), (0.5000159, 0.8391967),
            (0.5000159, 0.7106207), (0.4583492, 0.8391967), (0.5000159, 0.7106207), (0.4583492, 0.7106208),
            (0.4583492, 0.7106208), (0.5000159, 0.7106207), (0.5000159, 0.5583054), (0.4583492, 0.7106208),
            (0.5000159, 0.5583054), (0.4583492, 0.5583055), (0.4166826, 0.7106208), (0.4583492, 0.7106208),
            (0.4583492, 0.5583055), (0.4166826, 0.7106208), (0.4583492, 0.5583055), (0.4166826, 0.5583055),
            (0.5000159, 0.8391967), (0.5416825, 0.8391967), (0.5416825, 0.7106207), (0.5000159, 0.8391967),
            (0.5416825, 0.7106207), (0.5000159, 0.7106207), (0.5416825, 0.8391967), (0.5833492, 0.8391967),
            (0.5833492, 0.7106207), (0.5416825, 0.8391967), (0.5833492, 0.7106207), (0.5416825, 0.7106207),
            (0.5416825, 0.7106207), (0.5833492, 0.7106207), (0.5833492, 0.5583054), (0.5416825, 0.7106207),
            (0.5833492, 0.5583054), (0.5416825, 0.5583054), (0.5000159, 0.7106207), (0.5416825, 0.7106207),
            (0.5416825, 0.5583054), (0.5000159, 0.7106207), (0.5416825, 0.5583054), (0.5000159, 0.5583054),
            (0.5833492, 0.8391967), (0.6250159, 0.8391967), (0.6250159, 0.7106207), (0.5833492, 0.8391967),
            (0.6250159, 0.7106207), (0.5833492, 0.7106207), (0.6250159, 0.8391967), (0.6666825, 0.8391967),
            (0.6666825, 0.7106207), (0.6250159, 0.8391967), (0.6666825, 0.7106207), (0.6250159, 0.7106207),
            (0.6250159, 0.7106207), (0.6666825, 0.7106207), (0.6666825, 0.5583054), (0.6250159, 0.7106207),
            (0.6666825, 0.5583054), (0.6250159, 0.5583054), (0.5833492, 0.7106207), (0.6250159, 0.7106207),
            (0.6250159, 0.5583054), (0.5833492, 0.7106207), (0.6250159, 0.5583054), (0.5833492, 0.5583054),
            (0.6666825, 0.8391967), (0.7083492, 0.8391967), (0.7083492, 0.7106207), (0.6666825, 0.8391967),
            (0.7083492, 0.7106207), (0.6666825, 0.7106207), (0.7083492, 0.8391967), (0.7500159, 0.8391967),
            (0.7500159, 0.7106207), (0.7083492, 0.8391967), (0.7500159, 0.7106207), (0.7083492, 0.7106207),
            (0.7083492, 0.7106207), (0.7500159, 0.7106207), (0.7500159, 0.5583053), (0.7083492, 0.7106207),
            (0.7500159, 0.5583053), (0.7083492, 0.5583053), (0.6666825, 0.7106207), (0.7083492, 0.7106207),
            (0.7083492, 0.5583053), (0.6666825, 0.7106207), (0.7083492, 0.5583053), (0.6666825, 0.5583054),
            (0.7500159, 0.8391967), (0.7916825, 0.8391968), (0.7916825, 0.7106207), (0.7500159, 0.8391967),
            (0.7916825, 0.7106207), (0.7500159, 0.7106207), (0.7916825, 0.8391968), (0.8333492, 0.8391968),
            (0.8333492, 0.7106208), (0.7916825, 0.8391968), (0.8333492, 0.7106208), (0.7916825, 0.7106207),
            (0.7916825, 0.7106207), (0.8333492, 0.7106208), (0.8333492, 0.5583053), (0.7916825, 0.7106207),
            (0.8333492, 0.5583053), (0.7916825, 0.5583053), (0.7500159, 0.7106207), (0.7916825, 0.7106207),
            (0.7916825, 0.5583053), (0.7500159, 0.7106207), (0.7916825, 0.5583053), (0.7500159, 0.5583053),
            (0.8333492, 0.8391968), (0.8750159, 0.8391968), (0.8750159, 0.7106207), (0.8333492, 0.8391968),
            (0.8750159, 0.7106207), (0.8333492, 0.7106208), (0.8750159, 0.8391968), (0.9166826, 0.8391967),
            (0.9166826, 0.7106207), (0.8750159, 0.8391968), (0.9166826, 0.7106207), (0.8750159, 0.7106207),
            (0.8750159, 0.7106207), (0.9166826, 0.7106207), (0.9166826, 0.5583053), (0.8750159, 0.7106207),
            (0.9166826, 0.5583053), (0.8750159, 0.5583053), (0.8333492, 0.7106208), (0.8750159, 0.7106207),
            (0.8750159, 0.5583053), (0.8333492, 0.7106208), (0.8750159, 0.5583053), (0.8333492, 0.5583053),
            (0.9166826, 0.8391967), (0.9583492, 0.8391967), (0.9583492, 0.7106207), (0.9166826, 0.8391967),
            (0.9583492, 0.7106207), (0.9166826, 0.7106207), (0.9583492, 0.8391967), (1.000016, 0.8391968),
            (1.000016, 0.7106208), (0.9583492, 0.8391967), (1.000016, 0.7106208), (0.9583492, 0.7106207),
            (0.9583492, 0.7106207), (1.000016, 0.7106208), (1.000016, 0.5583054), (0.9583492, 0.7106207),
            (1.000016, 0.5583054), (0.9583492, 0.5583054), (0.9166826, 0.7106207), (0.9583492, 0.7106207),
            (0.9583492, 0.5583054), (0.9166826, 0.7106207), (0.9583492, 0.5583054), (0.9166826, 0.5583053),
            (1.59144e-05, 0.8391968), (0.0416826, 0.8391967), (0.0416826, 0.7106208), (1.59144e-05, 0.8391968),
            (0.0416826, 0.7106208), (1.59144e-05, 0.7106208), (0.0416826, 0.8391967), (0.08334922, 0.8391967),
            (0.08334922, 0.7106207), (0.0416826, 0.8391967), (0.08334922, 0.7106207), (0.0416826, 0.7106208),
            (0.0416826, 0.7106208), (0.08334922, 0.7106207), (0.08334922, 0.5583054), (0.0416826, 0.7106208),
            (0.08334922, 0.5583054), (0.0416826, 0.5583054), (1.59144e-05, 0.7106208), (0.0416826, 0.7106208),
            (0.0416826, 0.5583054), (1.59144e-05, 0.7106208), (0.0416826, 0.5583054), (1.59144e-05, 0.5583054),
            (0.08334922, 0.8391967), (0.1250159, 0.8391967), (0.1250159, 0.7106207), (0.08334922, 0.8391967),
            (0.1250159, 0.7106207), (0.08334922, 0.7106207), (0.1250159, 0.8391967), (0.1666826, 0.8391966),
            (0.1666826, 0.7106207), (0.1250159, 0.8391967), (0.1666826, 0.7106207), (0.1250159, 0.7106207),
            (0.1250159, 0.7106207), (0.1666826, 0.7106207), (0.1666826, 0.5583053), (0.1250159, 0.7106207),
            (0.1666826, 0.5583053), (0.1250159, 0.5583053), (0.08334922, 0.7106207), (0.1250159, 0.7106207),
            (0.1250159, 0.5583053), (0.08334922, 0.7106207), (0.1250159, 0.5583053), (0.08334922, 0.5583054),
            (0.1666826, 0.8391966), (0.2083493, 0.8391967), (0.2083493, 0.7106207), (0.1666826, 0.8391966),
            (0.2083493, 0.7106207), (0.1666826, 0.7106207), (0.2083493, 0.8391967), (0.250016, 0.8391967),
            (0.250016, 0.7106207), (0.2083493, 0.8391967), (0.250016, 0.7106207), (0.2083493, 0.7106207),
            (0.2083493, 0.7106207), (0.250016, 0.7106207), (0.250016, 0.5583053), (0.2083493, 0.7106207),
            (0.250016, 0.5583053), (0.2083493, 0.5583053), (0.1666826, 0.7106207), (0.2083493, 0.7106207),
            (0.2083493, 0.5583053), (0.1666826, 0.7106207), (0.2083493, 0.5583053), (0.1666826, 0.5583053),
            (0.250016, 0.8391967), (0.2916827, 0.8391966), (0.2916827, 0.7106207), (0.250016, 0.8391967),
            (0.2916827, 0.7106207), (0.250016, 0.7106207), (0.2916827, 0.8391966), (0.3333494, 0.8391966),
            (0.3333494, 0.7106207), (0.2916827, 0.8391966), (0.3333494, 0.7106207), (0.2916827, 0.7106207),
            (0.2916827, 0.7106207), (0.3333494, 0.7106207), (0.3333494, 0.5583053), (0.2916827, 0.7106207),
            (0.3333494, 0.5583053), (0.2916827, 0.5583053), (0.250016, 0.7106207), (0.2916827, 0.7106207),
            (0.2916827, 0.5583053), (0.250016, 0.7106207), (0.2916827, 0.5583053), (0.250016, 0.5583053),
            (0.3333494, 0.2866991), (0.375016, 0.2866991), (0.375016, 0.2018303), (0.3333494, 0.2866991),
            (0.375016, 0.2018303), (0.3333494, 0.2018303), (0.375016, 0.2866991), (0.4166826, 0.2866991),
            (0.4166826, 0.2018303), (0.375016, 0.2866991), (0.4166826, 0.2018303), (0.375016, 0.2018303),
            (0.375016, 0.2018303), (0.4166826, 0.2018303), (0.4166826, 0.1478747), (0.375016, 0.2018303),
            (0.4166826, 0.1478747), (0.375016, 0.1478747), (0.3333494, 0.2018303), (0.375016, 0.2018303),
            (0.375016, 0.1478747), (0.3333494, 0.2018303), (0.375016, 0.1478747), (0.3333494, 0.1478747),
            (0.4166826, 0.2866991), (0.4583492, 0.2866991), (0.4583492, 0.2018303), (0.4166826, 0.2866991),
            (0.4583492, 0.2018303), (0.4166826, 0.2018303), (0.4583492, 0.2866991), (0.5000159, 0.2866991),
            (0.5000159, 0.2018303), (0.4583492, 0.2866991), (0.5000159, 0.2018303), (0.4583492, 0.2018303),
            (0.4583492, 0.2018303), (0.5000159, 0.2018303), (0.5000159, 0.1478747), (0.4583492, 0.2018303),
            (0.5000159, 0.1478747), (0.4583492, 0.1478747), (0.4166826, 0.2018303), (0.4583492, 0.2018303),
            (0.4583492, 0.1478747), (0.4166826, 0.2018303), (0.4583492, 0.1478747), (0.4166826, 0.1478747),
            (0.5000159, 0.2866991), (0.5416825, 0.2866992), (0.5416825, 0.2018306), (0.5000159, 0.2866991),
            (0.5416825, 0.2018306), (0.5000159, 0.2018303), (0.5416825, 0.2866992), (0.5833492, 0.2866992),
            (0.5833492, 0.2018307), (0.5416825, 0.2866992), (0.5833492, 0.2018307), (0.5416825, 0.2018306),
            (0.5416825, 0.2018306), (0.5833492, 0.2018307), (0.5833492, 0.147875), (0.5416825, 0.2018306),
            (0.5833492, 0.147875), (0.5416825, 0.1478748), (0.5000159, 0.2018303), (0.5416825, 0.2018306),
            (0.5416825, 0.1478748), (0.5000159, 0.2018303), (0.5416825, 0.1478748), (0.5000159, 0.1478747),
            (0.5833492, 0.2866992), (0.6250159, 0.2866993), (0.6250159, 0.2018308), (0.5833492, 0.2866992),
            (0.6250159, 0.2018308), (0.5833492, 0.2018307), (0.6250159, 0.2866993), (0.6666825, 0.2866993),
            (0.6666825, 0.2018307), (0.6250159, 0.2866993), (0.6666825, 0.2018307), (0.6250159, 0.2018308),
            (0.6250159, 0.2018308), (0.6666825, 0.2018307), (0.6666825, 0.147875), (0.6250159, 0.2018308),
            (0.6666825, 0.147875), (0.6250159, 0.147875), (0.5833492, 0.2018307), (0.6250159, 0.2018308),
            (0.6250159, 0.147875), (0.5833492, 0.2018307), (0.6250159, 0.147875), (0.5833492, 0.147875),
            (0.6666825, 0.2866993), (0.7083492, 0.2866992), (0.7083492, 0.2018307), (0.6666825, 0.2866993),
            (0.7083492, 0.2018307), (0.6666825, 0.2018307), (0.7083492, 0.2866992), (0.7500159, 0.2866992),
            (0.7500159, 0.2018306), (0.7083492, 0.2866992), (0.7500159, 0.2018306), (0.7083492, 0.2018307),
            (0.7083492, 0.2018307), (0.7500159, 0.2018306), (0.7500159, 0.1478748), (0.7083492, 0.2018307),
            (0.7500159, 0.1478748), (0.7083491, 0.147875), (0.6666825, 0.2018307), (0.7083492, 0.2018307),
            (0.7083491, 0.147875), (0.6666825, 0.2018307), (0.7083491, 0.147875), (0.6666825, 0.147875),
            (0.7500159, 0.2866992), (0.7916825, 0.2866992), (0.7916825, 0.2018306), (0.7500159, 0.2866992),
            (0.7916825, 0.2018306), (0.7500159, 0.2018306), (0.7916825, 0.2866992), (0.8333492, 0.2866991),
            (0.8333492, 0.2018305), (0.7916825, 0.2866992), (0.8333492, 0.2018305), (0.7916825, 0.2018306),
            (0.7916825, 0.2018306), (0.8333492, 0.2018305), (0.8333492, 0.1478747), (0.7916825, 0.2018306),
            (0.8333492, 0.1478747), (0.7916825, 0.1478748), (0.7500159, 0.2018306), (0.7916825, 0.2018306),
            (0.7916825, 0.1478748), (0.7500159, 0.2018306), (0.7916825, 0.1478748), (0.7500159, 0.1478748),
            (0.8333492, 0.2866991), (0.8750159, 0.2866991), (0.8750159, 0.2018305), (0.8333492, 0.2866991),
            (0.8750159, 0.2018305), (0.8333492, 0.2018305), (0.8750159, 0.2866991), (0.9166826, 0.2866991),
            (0.9166826, 0.2018303), (0.8750159, 0.2866991), (0.9166826, 0.2018303), (0.8750159, 0.2018305),
            (0.8750159, 0.2018305), (0.9166826, 0.2018303), (0.9166826, 0.1478747), (0.8750159, 0.2018305),
            (0.9166826, 0.1478747), (0.8750159, 0.1478747), (0.8333492, 0.2018305), (0.8750159, 0.2018305),
            (0.8750159, 0.1478747), (0.8333492, 0.2018305), (0.8750159, 0.1478747), (0.8333492, 0.1478747),
            (0.9166826, 0.2866991), (0.9583492, 0.286699), (0.9583492, 0.2018303), (0.9166826, 0.2866991),
            (0.9583492, 0.2018303), (0.9166826, 0.2018303), (0.9583492, 0.286699), (1.000016, 0.2866989),
            (1.000016, 0.2018302), (0.9583492, 0.286699), (1.000016, 0.2018302), (0.9583492, 0.2018303),
            (0.9583492, 0.2018303), (1.000016, 0.2018302), (1.000016, 0.1478744), (0.9583492, 0.2018303),
            (1.000016, 0.1478744), (0.9583493, 0.1478745), (0.9166826, 0.2018303), (0.9583492, 0.2018303),
            (0.9583493, 0.1478745), (0.9166826, 0.2018303), (0.9583493, 0.1478745), (0.9166826, 0.1478747),
            (1.59144e-05, 0.2866989), (0.0416826, 0.2866989), (0.0416826, 0.2018302), (1.59144e-05, 0.2866989),
            (0.0416826, 0.2018302), (1.59144e-05, 0.2018302), (0.0416826, 0.2866989), (0.08334922, 0.2866989),
            (0.08334922, 0.2018302), (0.0416826, 0.2866989), (0.08334922, 0.2018302), (0.0416826, 0.2018302),
            (0.0416826, 0.2018302), (0.08334922, 0.2018302), (0.08334922, 0.1478744), (0.0416826, 0.2018302),
            (0.08334922, 0.1478744), (0.0416826, 0.1478744), (1.59144e-05, 0.2018302), (0.0416826, 0.2018302),
            (0.0416826, 0.1478744), (1.59144e-05, 0.2018302), (0.0416826, 0.1478744), (1.5974e-05, 0.1478744),
            (0.08334922, 0.2866989), (0.1250159, 0.2866989), (0.1250159, 0.2018302), (0.08334922, 0.2866989),
            (0.1250159, 0.2018302), (0.08334922, 0.2018302), (0.1250159, 0.2866989), (0.1666826, 0.2866989),
            (0.1666826, 0.2018302), (0.1250159, 0.2866989), (0.1666826, 0.2018302), (0.1250159, 0.2018302),
            (0.1250159, 0.2018302), (0.1666826, 0.2018302), (0.1666826, 0.1478745), (0.1250159, 0.2018302),
            (0.1666826, 0.1478745), (0.1250159, 0.1478744), (0.08334922, 0.2018302), (0.1250159, 0.2018302),
            (0.1250159, 0.1478744), (0.08334922, 0.2018302), (0.1250159, 0.1478744), (0.08334922, 0.1478744),
            (0.1666826, 0.2866989), (0.2083492, 0.2866989), (0.2083493, 0.2018303), (0.1666826, 0.2866989),
            (0.2083493, 0.2018303), (0.1666826, 0.2018302), (0.2083492, 0.2866989), (0.250016, 0.2866991),
            (0.250016, 0.2018303), (0.2083492, 0.2866989), (0.250016, 0.2018303), (0.2083493, 0.2018303),
            (0.2083493, 0.2018303), (0.250016, 0.2018303), (0.250016, 0.1478747), (0.2083493, 0.2018303),
            (0.250016, 0.1478747), (0.2083493, 0.1478745), (0.1666826, 0.2018302), (0.2083493, 0.2018303),
            (0.2083493, 0.1478745), (0.1666826, 0.2018302), (0.2083493, 0.1478745), (0.1666826, 0.1478745),
            (0.250016, 0.2866991), (0.2916827, 0.2866991), (0.2916827, 0.2018303), (0.250016, 0.2866991),
            (0.2916827, 0.2018303), (0.250016, 0.2018303), (0.2916827, 0.2866991), (0.3333494, 0.2866991),
            (0.3333494, 0.2018303), (0.2916827, 0.2866991), (0.3333494, 0.2018303), (0.2916827, 0.2018303),
            (0.2916827, 0.2018303), (0.3333494, 0.2018303), (0.3333494, 0.1478747), (0.2916827, 0.2018303),
            (0.3333494, 0.1478747), (0.2916827, 0.1478747), (0.250016, 0.2018303), (0.2916827, 0.2018303),
            (0.2916827, 0.1478747), (0.250016, 0.2018303), (0.2916827, 0.1478747), (0.250016, 0.1478747),
            (0.3333494, 0.1478747), (0.375016, 0.1478747), (0.375016, 0.1160508), (0.3333494, 0.1478747),
            (0.375016, 0.1160508), (0.3333494, 0.1160508), (0.375016, 0.1478747), (0.4166826, 0.1478747),
            (0.4166826, 0.1160508), (0.375016, 0.1478747), (0.4166826, 0.1160508), (0.375016, 0.1160508),
            (0.375016, 0.1160508), (0.4166826, 0.1160508), (0.4166826, 0.09605342), (0.375016, 0.1160508),
            (0.4166826, 0.09605342), (0.375016, 0.09605342), (0.3333494, 0.1160508), (0.375016, 0.1160508),
            (0.375016, 0.09605342), (0.3333494, 0.1160508), (0.375016, 0.09605342), (0.3333494, 0.09605342),
            (0.4166826, 0.1478747), (0.4583492, 0.1478747), (0.4583492, 0.1160508), (0.4166826, 0.1478747),
            (0.4583492, 0.1160508), (0.4166826, 0.1160508), (0.4583492, 0.1478747), (0.5000159, 0.1478747),
            (0.5000159, 0.116051), (0.4583492, 0.1478747), (0.5000159, 0.116051), (0.4583492, 0.1160508),
            (0.4583492, 0.1160508), (0.5000159, 0.116051), (0.5000159, 0.09605348), (0.4583492, 0.1160508),
            (0.5000159, 0.09605348), (0.4583492, 0.09605342), (0.4166826, 0.1160508), (0.4583492, 0.1160508),
            (0.4583492, 0.09605342), (0.4166826, 0.1160508), (0.4583492, 0.09605342), (0.4166826, 0.09605342),
            (0.5000159, 0.1478747), (0.5416825, 0.1478748), (0.5416826, 0.1160512), (0.5000159, 0.1478747),
            (0.5416826, 0.1160512), (0.5000159, 0.116051), (0.5416825, 0.1478748), (0.5833492, 0.147875),
            (0.5833492, 0.1160513), (0.5416825, 0.1478748), (0.5833492, 0.1160513), (0.5416826, 0.1160512),
            (0.5416826, 0.1160512), (0.5833492, 0.1160513), (0.5833492, 0.09605365), (0.5416826, 0.1160512),
            (0.5833492, 0.09605365), (0.5416826, 0.09605365), (0.5000159, 0.116051), (0.5416826, 0.1160512),
            (0.5416826, 0.09605365), (0.5000159, 0.116051), (0.5416826, 0.09605365), (0.5000159, 0.09605348),
            (0.5833492, 0.147875), (0.6250159, 0.147875), (0.6250159, 0.1160514), (0.5833492, 0.147875),
            (0.6250159, 0.1160514), (0.5833492, 0.1160513), (0.6250159, 0.147875), (0.6666825, 0.147875),
            (0.6666825, 0.1160514), (0.6250159, 0.147875), (0.6666825, 0.1160514), (0.6250159, 0.1160514),
            (0.6250159, 0.1160514), (0.6666825, 0.1160514), (0.6666825, 0.09605371), (0.6250159, 0.1160514),
            (0.6666825, 0.09605371), (0.6250158, 0.09605383), (0.5833492, 0.1160513), (0.6250159, 0.1160514),
            (0.6250158, 0.09605383), (0.5833492, 0.1160513), (0.6250158, 0.09605383), (0.5833492, 0.09605365),
            (0.6666825, 0.147875), (0.7083491, 0.147875), (0.7083491, 0.1160513), (0.6666825, 0.147875),
            (0.7083491, 0.1160513), (0.6666825, 0.1160514), (0.7083491, 0.147875), (0.7500159, 0.1478748),
            (0.7500159, 0.1160512), (0.7083491, 0.147875), (0.7500159, 0.1160512), (0.7083491, 0.1160513),
            (0.7083491, 0.1160513), (0.7500159, 0.1160512), (0.7500159, 0.09605365), (0.7083491, 0.1160513),
            (0.7500159, 0.09605365), (0.7083491, 0.09605371), (0.6666825, 0.1160514), (0.7083491, 0.1160513),
            (0.7083491, 0.09605371), (0.6666825, 0.1160514), (0.7083491, 0.09605371), (0.6666825, 0.09605371),
            (0.7500159, 0.1478748), (0.7916825, 0.1478748), (0.7916825, 0.1160511), (0.7500159, 0.1478748),
            (0.7916825, 0.1160511), (0.7500159, 0.1160512), (0.7916825, 0.1478748), (0.8333492, 0.1478747),
            (0.8333492, 0.116051), (0.7916825, 0.1478748), (0.8333492, 0.116051), (0.7916825, 0.1160511),
            (0.7916825, 0.1160511), (0.8333492, 0.116051), (0.8333492, 0.09605348), (0.7916825, 0.1160511),
            (0.8333492, 0.09605348), (0.7916825, 0.09605365), (0.7500159, 0.1160512), (0.7916825, 0.1160511),
            (0.7916825, 0.09605365), (0.7500159, 0.1160512), (0.7916825, 0.09605365), (0.7500159, 0.09605365),
            (0.8333492, 0.1478747), (0.8750159, 0.1478747), (0.8750159, 0.1160508), (0.8333492, 0.1478747),
            (0.8750159, 0.1160508), (0.8333492, 0.116051), (0.8750159, 0.1478747), (0.9166826, 0.1478747),
            (0.9166826, 0.1160508), (0.8750159, 0.1478747), (0.9166826, 0.1160508), (0.8750159, 0.1160508),
            (0.8750159, 0.1160508), (0.9166826, 0.1160508), (0.9166826, 0.09605348), (0.8750159, 0.1160508),
            (0.9166826, 0.09605348), (0.8750159, 0.09605348), (0.8333492, 0.116051), (0.8750159, 0.1160508),
            (0.8750159, 0.09605348), (0.8333492, 0.116051), (0.8750159, 0.09605348), (0.8333492, 0.09605348),
            (0.9166826, 0.1478747), (0.9583493, 0.1478745), (0.9583492, 0.1160508), (0.9166826, 0.1478747),
            (0.9583492, 0.1160508), (0.9166826, 0.1160508), (0.9583493, 0.1478745), (1.000016, 0.1478744),
            (1.000016, 0.1160508), (0.9583493, 0.1478745), (1.000016, 0.1160508), (0.9583492, 0.1160508),
            (0.9583492, 0.1160508), (1.000016, 0.1160508), (1.000016, 0.09605336), (0.9583492, 0.1160508),
            (1.000016, 0.09605336), (0.9583492, 0.09605336), (0.9166826, 0.1160508), (0.9583492, 0.1160508),
            (0.9583492, 0.09605336), (0.9166826, 0.1160508), (0.9583492, 0.09605336), (0.9166826, 0.09605348),
            (1.5974e-05, 0.1478744), (0.0416826, 0.1478744), (0.0416826, 0.1160508), (1.5974e-05, 0.1478744),
            (0.0416826, 0.1160508), (1.59144e-05, 0.1160508), (0.0416826, 0.1478744), (0.08334922, 0.1478744),
            (0.08334928, 0.1160508), (0.0416826, 0.1478744), (0.08334928, 0.1160508), (0.0416826, 0.1160508),
            (0.0416826, 0.1160508), (0.08334928, 0.1160508), (0.08334928, 0.09605336), (0.0416826, 0.1160508),
            (0.08334928, 0.09605336), (0.0416826, 0.09605336), (1.59144e-05, 0.1160508), (0.0416826, 0.1160508),
            (0.0416826, 0.09605336), (1.59144e-05, 0.1160508), (0.0416826, 0.09605336), (1.59144e-05, 0.09605336),
            (0.08334922, 0.1478744), (0.1250159, 0.1478744), (0.1250159, 0.1160508), (0.08334922, 0.1478744),
            (0.1250159, 0.1160508), (0.08334928, 0.1160508), (0.1250159, 0.1478744), (0.1666826, 0.1478745),
            (0.1666826, 0.1160508), (0.1250159, 0.1478744), (0.1666826, 0.1160508), (0.1250159, 0.1160508),
            (0.1250159, 0.1160508), (0.1666826, 0.1160508), (0.1666826, 0.09605336), (0.1250159, 0.1160508),
            (0.1666826, 0.09605336), (0.1250159, 0.09605336), (0.08334928, 0.1160508), (0.1250159, 0.1160508),
            (0.1250159, 0.09605336), (0.08334928, 0.1160508), (0.1250159, 0.09605336), (0.08334928, 0.09605336),
            (0.1666826, 0.1478745), (0.2083493, 0.1478745), (0.2083493, 0.1160508), (0.1666826, 0.1478745),
            (0.2083493, 0.1160508), (0.1666826, 0.1160508), (0.2083493, 0.1478745), (0.250016, 0.1478747),
            (0.250016, 0.1160508), (0.2083493, 0.1478745), (0.250016, 0.1160508), (0.2083493, 0.1160508),
            (0.2083493, 0.1160508), (0.250016, 0.1160508), (0.250016, 0.09605342), (0.2083493, 0.1160508),
            (0.250016, 0.09605342), (0.2083493, 0.09605336), (0.1666826, 0.1160508), (0.2083493, 0.1160508),
            (0.2083493, 0.09605336), (0.1666826, 0.1160508), (0.2083493, 0.09605336), (0.1666826, 0.09605336),
            (0.250016, 0.1478747), (0.2916827, 0.1478747), (0.2916827, 0.1160508), (0.250016, 0.1478747),
            (0.2916827, 0.1160508), (0.250016, 0.1160508), (0.2916827, 0.1478747), (0.3333494, 0.1478747),
            (0.3333494, 0.1160508), (0.2916827, 0.1478747), (0.3333494, 0.1160508), (0.2916827, 0.1160508),
            (0.2916827, 0.1160508), (0.3333494, 0.1160508), (0.3333494, 0.09605342), (0.2916827, 0.1160508),
            (0.3333494, 0.09605342), (0.2916827, 0.09605342), (0.250016, 0.1160508), (0.2916827, 0.1160508),
            (0.2916827, 0.09605342), (0.250016, 0.1160508), (0.2916827, 0.09605342), (0.250016, 0.09605342),
            (0.3333492, 0.03837257), (0.3750159, 0.03837245), (0.3750159, 0.02841615), (0.3333492, 0.03837257),
            (0.3750159, 0.02841615), (0.3333493, 0.02841627), (0.3750159, 0.03837245), (0.4166826, 0.03837245),
            (0.4166826, 0.02841609), (0.3750159, 0.03837245), (0.4166826, 0.02841609), (0.3750159, 0.02841615),
            (0.3750159, 0.02841615), (0.4166826, 0.02841609), (0.4166827, 0.0187993), (0.3750159, 0.02841615),
            (0.4166827, 0.0187993), (0.3750159, 0.0187993), (0.3333493, 0.02841627), (0.3750159, 0.02841615),
            (0.3750159, 0.0187993), (0.3333493, 0.02841627), (0.3750159, 0.0187993), (0.3333493, 0.0187993),
            (0.4166826, 0.03837245), (0.4583492, 0.03837245), (0.4583492, 0.02841609), (0.4166826, 0.03837245),
            (0.4583492, 0.02841609), (0.4166826, 0.02841609), (0.4583492, 0.03837245), (0.5000159, 0.03837245),
            (0.5000159, 0.02841615), (0.4583492, 0.03837245), (0.5000159, 0.02841615), (0.4583492, 0.02841609),
            (0.4583492, 0.02841609), (0.5000159, 0.02841615), (0.5000159, 0.01879936), (0.4583492, 0.02841609),
            (0.5000159, 0.01879936), (0.4583492, 0.0187993), (0.4166826, 0.02841609), (0.4583492, 0.02841609),
            (0.4583492, 0.0187993), (0.4166826, 0.02841609), (0.4583492, 0.0187993), (0.4166827, 0.0187993),
            (0.5000159, 0.03837245), (0.5416826, 0.03837257), (0.5416826, 0.02841627), (0.5000159, 0.03837245),
            (0.5416826, 0.02841627), (0.5000159, 0.02841615), (0.5416826, 0.03837257), (0.5833492, 0.03837263),
            (0.5833492, 0.02841651), (0.5416826, 0.03837257), (0.5833492, 0.02841651), (0.5416826, 0.02841627),
            (0.5416826, 0.02841627), (0.5833492, 0.02841651), (0.5833492, 0.01879966), (0.5416826, 0.02841627),
            (0.5833492, 0.01879966), (0.5416826, 0.01879942), (0.5000159, 0.02841615), (0.5416826, 0.02841627),
            (0.5416826, 0.01879942), (0.5000159, 0.02841615), (0.5416826, 0.01879942), (0.5000159, 0.01879936),
            (0.5833492, 0.03837263), (0.6250159, 0.03837287), (0.6250159, 0.02841651), (0.5833492, 0.03837263),
            (0.6250159, 0.02841651), (0.5833492, 0.02841651), (0.6250159, 0.03837287), (0.6666825, 0.03837287),
            (0.6666825, 0.02841663), (0.6250159, 0.03837287), (0.6666825, 0.02841663), (0.6250159, 0.02841651),
            (0.6250159, 0.02841651), (0.6666825, 0.02841663), (0.6666826, 0.01879972), (0.6250159, 0.02841651),
            (0.6666826, 0.01879972), (0.6250158, 0.01879966), (0.5833492, 0.02841651), (0.6250159, 0.02841651),
            (0.6250158, 0.01879966), (0.5833492, 0.02841651), (0.6250158, 0.01879966), (0.5833492, 0.01879966),
            (0.6666825, 0.03837287), (0.7083491, 0.03837287), (0.7083492, 0.02841663), (0.6666825, 0.03837287),
            (0.7083492, 0.02841663), (0.6666825, 0.02841663), (0.7083491, 0.03837287), (0.7500159, 0.03837287),
            (0.7500159, 0.02841663), (0.7083491, 0.03837287), (0.7500159, 0.02841663), (0.7083492, 0.02841663),
            (0.7083492, 0.02841663), (0.7500159, 0.02841663), (0.7500159, 0.01879972), (0.7083492, 0.02841663),
            (0.7500159, 0.01879972), (0.7083492, 0.01879966), (0.6666825, 0.02841663), (0.7083492, 0.02841663),
            (0.7083492, 0.01879966), (0.6666825, 0.02841663), (0.7083492, 0.01879966), (0.6666826, 0.01879972),
            (0.7500159, 0.03837287), (0.7916825, 0.03837287), (0.7916825, 0.02841663), (0.7500159, 0.03837287),
            (0.7916825, 0.02841663), (0.7500159, 0.02841663), (0.7916825, 0.03837287), (0.8333492, 0.03837287),
            (0.8333492, 0.02841651), (0.7916825, 0.03837287), (0.8333492, 0.02841651), (0.7916825, 0.02841663),
            (0.7916825, 0.02841663), (0.8333492, 0.02841651), (0.8333492, 0.01879966), (0.7916825, 0.02841663),
            (0.8333492, 0.01879966), (0.7916825, 0.01879966), (0.7500159, 0.02841663), (0.7916825, 0.02841663),
            (0.7916825, 0.01879966), (0.7500159, 0.02841663), (0.7916825, 0.01879966), (0.7500159, 0.01879972),
            (0.8333492, 0.03837287), (0.8750159, 0.03837275), (0.8750159, 0.02841651), (0.8333492, 0.03837287),
            (0.8750159, 0.02841651), (0.8333492, 0.02841651), (0.8750159, 0.03837275), (0.9166825, 0.03837263),
            (0.9166824, 0.02841639), (0.8750159, 0.03837275), (0.9166824, 0.02841639), (0.8750159, 0.02841651),
            (0.8750159, 0.02841651), (0.9166824, 0.02841639), (0.9166825, 0.01879942), (0.8750159, 0.02841651),
            (0.9166825, 0.01879942), (0.8750159, 0.01879966), (0.8333492, 0.02841651), (0.8750159, 0.02841651),
            (0.8750159, 0.01879966), (0.8333492, 0.02841651), (0.8750159, 0.01879966), (0.8333492, 0.01879966),
            (0.9166825, 0.03837263), (0.9583492, 0.03837245), (0.9583492, 0.02841615), (0.9166825, 0.03837263),
            (0.9583492, 0.02841615), (0.9166824, 0.02841639), (0.9583492, 0.03837245), (1.000016, 0.03837233),
            (1.000016, 0.02841609), (0.9583492, 0.03837245), (1.000016, 0.02841609), (0.9583492, 0.02841615),
            (0.9583492, 0.02841615), (1.000016, 0.02841609), (1.000016, 0.0187993), (0.9583492, 0.02841615),
            (1.000016, 0.0187993), (0.9583492, 0.0187993), (0.9166824, 0.02841639), (0.9583492, 0.02841615),
            (0.9583492, 0.0187993), (0.9166824, 0.02841639), (0.9583492, 0.0187993), (0.9166825, 0.01879942),
            (1.59144e-05, 0.03837233), (0.0416826, 0.03837233), (0.04168254, 0.02841597), (1.59144e-05, 0.03837233),
            (0.04168254, 0.02841597), (1.59144e-05, 0.02841609), (0.0416826, 0.03837233), (0.08334922, 0.03837233),
            (0.08334922, 0.02841597), (0.0416826, 0.03837233), (0.08334922, 0.02841597), (0.04168254, 0.02841597),
            (0.04168254, 0.02841597), (0.08334922, 0.02841597), (0.08334916, 0.01879918), (0.04168254, 0.02841597),
            (0.08334916, 0.01879918), (0.04168254, 0.01879918), (1.59144e-05, 0.02841609), (0.04168254, 0.02841597),
            (0.04168254, 0.01879918), (1.59144e-05, 0.02841609), (0.04168254, 0.01879918), (1.59144e-05, 0.0187993),
            (0.08334922, 0.03837233), (0.1250159, 0.03837239), (0.1250159, 0.02841609), (0.08334922, 0.03837233),
            (0.1250159, 0.02841609), (0.08334922, 0.02841597), (0.1250159, 0.03837239), (0.1666827, 0.03837245),
            (0.1666827, 0.02841615), (0.1250159, 0.03837239), (0.1666827, 0.02841615), (0.1250159, 0.02841609),
            (0.1250159, 0.02841609), (0.1666827, 0.02841615), (0.1666826, 0.0187993), (0.1250159, 0.02841609),
            (0.1666826, 0.0187993), (0.1250159, 0.0187993), (0.08334922, 0.02841597), (0.1250159, 0.02841609),
            (0.1250159, 0.0187993), (0.08334922, 0.02841597), (0.1250159, 0.0187993), (0.08334916, 0.01879918),
            (0.1666827, 0.03837245), (0.2083493, 0.03837257), (0.2083494, 0.02841627), (0.1666827, 0.03837245),
            (0.2083494, 0.02841627), (0.1666827, 0.02841615), (0.2083493, 0.03837257), (0.250016, 0.03837257),
            (0.250016, 0.02841627), (0.2083493, 0.03837257), (0.250016, 0.02841627), (0.2083494, 0.02841627),
            (0.2083494, 0.02841627), (0.250016, 0.02841627), (0.250016, 0.0187993), (0.2083494, 0.02841627),
            (0.250016, 0.0187993), (0.2083493, 0.0187993), (0.1666827, 0.02841615), (0.2083494, 0.02841627),
            (0.2083493, 0.0187993), (0.1666827, 0.02841615), (0.2083493, 0.0187993), (0.1666826, 0.0187993),
            (0.250016, 0.03837257), (0.2916827, 0.03837257), (0.2916827, 0.02841627), (0.250016, 0.03837257),
            (0.2916827, 0.02841627), (0.250016, 0.02841627), (0.2916827, 0.03837257), (0.3333492, 0.03837257),
            (0.3333493, 0.02841627), (0.2916827, 0.03837257), (0.3333493, 0.02841627), (0.2916827, 0.02841627),
            (0.2916827, 0.02841627), (0.3333493, 0.02841627), (0.3333493, 0.0187993), (0.2916827, 0.02841627),
            (0.3333493, 0.0187993), (0.2916826, 0.0187993), (0.250016, 0.02841627), (0.2916827, 0.02841627),
            (0.2916826, 0.0187993), (0.250016, 0.02841627), (0.2916826, 0.0187993), (0.250016, 0.0187993),
            (0.9166826, 0.9999998), (0.9583492, 0.9999998), (0.9583492, 0.9821379), (0.9166826, 0.9999998),
            (0.9583492, 0.9821379), (0.9166825, 0.9821379), (0.9583492, 0.9999998), (1.000016, 0.9999998),
            (1.000016, 0.9821379), (0.9583492, 0.9999998), (1.000016, 0.9821379), (0.9583492, 0.9821379),
            (0.9583492, 0.9821379), (1.000016, 0.9821379), (1.000016, 0.9565274), (0.9583492, 0.9821379),
            (1.000016, 0.9565274), (0.9583492, 0.9565274), (0.9166825, 0.9821379), (0.9583492, 0.9821379),
            (0.9583492, 0.9565274), (0.9166825, 0.9821379), (0.9583492, 0.9565274), (0.9166826, 0.9565275),
            (0.8333493, 0.9999998), (0.8750159, 0.9999998), (0.8750159, 0.9821379), (0.8333493, 0.9999998),
            (0.8750159, 0.9821379), (0.8333492, 0.9821379), (0.8750159, 0.9999998), (0.9166826, 0.9999998),
            (0.9166825, 0.9821379), (0.8750159, 0.9999998), (0.9166825, 0.9821379), (0.8750159, 0.9821379),
            (0.8750159, 0.9821379), (0.9166825, 0.9821379), (0.9166826, 0.9565275), (0.8750159, 0.9821379),
            (0.9166826, 0.9565275), (0.8750159, 0.9565274), (0.8333492, 0.9821379), (0.8750159, 0.9821379),
            (0.8750159, 0.9565274), (0.8333492, 0.9821379), (0.8750159, 0.9565274), (0.8333492, 0.9565274),
            (0.7500159, 0.9999998), (0.7916826, 0.9999998), (0.7916826, 0.9821379), (0.7500159, 0.9999998),
            (0.7916826, 0.9821379), (0.7500159, 0.9821379), (0.7916826, 0.9999998), (0.8333493, 0.9999998),
            (0.8333492, 0.9821379), (0.7916826, 0.9999998), (0.8333492, 0.9821379), (0.7916826, 0.9821379),
            (0.7916826, 0.9821379), (0.8333492, 0.9821379), (0.8333492, 0.9565274), (0.7916826, 0.9821379),
            (0.8333492, 0.9565274), (0.7916826, 0.9565274), (0.7500159, 0.9821379), (0.7916826, 0.9821379),
            (0.7916826, 0.9565274), (0.7500159, 0.9821379), (0.7916826, 0.9565274), (0.7500159, 0.9565272),
            (0.6666825, 0.9999998), (0.7083491, 0.9999998), (0.7083491, 0.9821379), (0.6666825, 0.9999998),
            (0.7083491, 0.9821379), (0.6666825, 0.9821379), (0.7083491, 0.9999998), (0.7500159, 0.9999998),
            (0.7500159, 0.9821379), (0.7083491, 0.9999998), (0.7500159, 0.9821379), (0.7083491, 0.9821379),
            (0.7083491, 0.9821379), (0.7500159, 0.9821379), (0.7500159, 0.9565272), (0.7083491, 0.9821379),
            (0.7500159, 0.9565272), (0.7083491, 0.9565274), (0.6666825, 0.9821379), (0.7083491, 0.9821379),
            (0.7083491, 0.9565274), (0.6666825, 0.9821379), (0.7083491, 0.9565274), (0.6666825, 0.9565274),
            (0.5833493, 0.9999998), (0.6250159, 0.9999998), (0.6250159, 0.9821379), (0.5833493, 0.9999998),
            (0.6250159, 0.9821379), (0.5833492, 0.9821379), (0.6250159, 0.9999998), (0.6666825, 0.9999998),
            (0.6666825, 0.9821379), (0.6250159, 0.9999998), (0.6666825, 0.9821379), (0.6250159, 0.9821379),
            (0.6250159, 0.9821379), (0.6666825, 0.9821379), (0.6666825, 0.9565274), (0.6250159, 0.9821379),
            (0.6666825, 0.9565274), (0.6250159, 0.9565274), (0.5833492, 0.9821379), (0.6250159, 0.9821379),
            (0.6250159, 0.9565274), (0.5833492, 0.9821379), (0.6250159, 0.9565274), (0.5833492, 0.9565272),
            (0.5000159, 0.9999997), (0.5416826, 0.9999998), (0.5416826, 0.9821379), (0.5000159, 0.9999997),
            (0.5416826, 0.9821379), (0.5000159, 0.9821378), (0.5416826, 0.9999998), (0.5833493, 0.9999998),
            (0.5833492, 0.9821379), (0.5416826, 0.9999998), (0.5833492, 0.9821379), (0.5416826, 0.9821379),
            (0.5416826, 0.9821379), (0.5833492, 0.9821379), (0.5833492, 0.9565272), (0.5416826, 0.9821379),
            (0.5833492, 0.9565272), (0.5416826, 0.9565272), (0.5000159, 0.9821378), (0.5416826, 0.9821379),
            (0.5416826, 0.9565272), (0.5000159, 0.9821378), (0.5416826, 0.9565272), (0.5000159, 0.9565272),
            (0.4166827, 0.9999997), (0.4583492, 0.9999997), (0.4583492, 0.9821378), (0.4166827, 0.9999997),
            (0.4583492, 0.9821378), (0.4166826, 0.9821379), (0.4583492, 0.9999997), (0.5000159, 0.9999997),
            (0.5000159, 0.9821378), (0.4583492, 0.9999997), (0.5000159, 0.9821378), (0.4583492, 0.9821378),
            (0.4583492, 0.9821378), (0.5000159, 0.9821378), (0.5000159, 0.9565272), (0.4583492, 0.9821378),
            (0.5000159, 0.9565272), (0.4583492, 0.9565272), (0.4166826, 0.9821379), (0.4583492, 0.9821378),
            (0.4583492, 0.9565272), (0.4166826, 0.9821379), (0.4583492, 0.9565272), (0.4166826, 0.9565274),
            (0.3333494, 1), (0.375016, 0.9999998), (0.375016, 0.9821379), (0.3333494, 1),
            (0.375016, 0.9821379), (0.3333494, 0.9821379), (0.375016, 0.9999998), (0.4166827, 0.9999997),
            (0.4166826, 0.9821379), (0.375016, 0.9999998), (0.4166826, 0.9821379), (0.375016, 0.9821379),
            (0.375016, 0.9821379), (0.4166826, 0.9821379), (0.4166826, 0.9565274), (0.375016, 0.9821379),
            (0.4166826, 0.9565274), (0.375016, 0.9565272), (0.3333494, 0.9821379), (0.375016, 0.9821379),
            (0.375016, 0.9565272), (0.3333494, 0.9821379), (0.375016, 0.9565272), (0.3333494, 0.9565272),
            (0.250016, 0.9999998), (0.2916827, 0.9999998), (0.2916827, 0.9821379), (0.250016, 0.9999998),
            (0.2916827, 0.9821379), (0.250016, 0.9821379), (0.2916827, 0.9999998), (0.3333494, 1),
            (0.3333494, 0.9821379), (0.2916827, 0.9999998), (0.3333494, 0.9821379), (0.2916827, 0.9821379),
            (0.2916827, 0.9821379), (0.3333494, 0.9821379), (0.3333494, 0.9565272), (0.2916827, 0.9821379),
            (0.3333494, 0.9565272), (0.2916827, 0.9565272), (0.250016, 0.9821379), (0.2916827, 0.9821379),
            (0.2916827, 0.9565272), (0.250016, 0.9821379), (0.2916827, 0.9565272), (0.250016, 0.9565274),
            (0.1666826, 1), (0.2083493, 0.9999998), (0.2083493, 0.9821379), (0.1666826, 1),
            (0.2083493, 0.9821379), (0.1666826, 0.9821379), (0.2083493, 0.9999998), (0.250016, 0.9999998),
            (0.250016, 0.9821379), (0.2083493, 0.9999998), (0.250016, 0.9821379), (0.2083493, 0.9821379),
            (0.2083493, 0.9821379), (0.250016, 0.9821379), (0.250016, 0.9565274), (0.2083493, 0.9821379),
            (0.250016, 0.9565274), (0.2083493, 0.9565274), (0.1666826, 0.9821379), (0.2083493, 0.9821379),
            (0.2083493, 0.9565274), (0.1666826, 0.9821379), (0.2083493, 0.9565274), (0.1666826, 0.9565274),
            (0.08334928, 0.9999998), (0.1250159, 1), (0.1250159, 0.9821379), (0.08334928, 0.9999998),
            (0.1250159, 0.9821379), (0.08334928, 0.9821379), (0.1250159, 1), (0.1666826, 1),
            (0.1666826, 0.9821379), (0.1250159, 1), (0.1666826, 0.9821379), (0.1250159, 0.9821379),
            (0.1250159, 0.9821379), (0.1666826, 0.9821379), (0.1666826, 0.9565274), (0.1250159, 0.9821379),
            (0.1666826, 0.9565274), (0.1250159, 0.9565274), (0.08334928, 0.9821379), (0.1250159, 0.9821379),
            (0.1250159, 0.9565274), (0.08334928, 0.9821379), (0.1250159, 0.9565274), (0.08334928, 0.9565272),
            (1.5974e-05, 0.9999998), (0.04168266, 0.9999998), (0.0416826, 0.9821379), (1.5974e-05, 0.9999998),
            (0.0416826, 0.9821379), (1.5974e-05, 0.9821379), (0.04168266, 0.9999998), (0.08334928, 0.9999998),
            (0.08334928, 0.9821379), (0.04168266, 0.9999998), (0.08334928, 0.9821379), (0.0416826, 0.9821379),
            (0.0416826, 0.9821379), (0.08334928, 0.9821379), (0.08334928, 0.9565272), (0.0416826, 0.9821379),
            (0.08334928, 0.9565272), (0.0416826, 0.9565274), (1.5974e-05, 0.9821379), (0.0416826, 0.9821379),
            (0.0416826, 0.9565274), (1.5974e-05, 0.9821379), (0.0416826, 0.9565274), (1.5974e-05, 0.9565274),
            (0.7500159, 0.9565272), (0.7916826, 0.9565274), (0.7916825, 0.915023), (0.7500159, 0.9565272),
            (0.7916825, 0.915023), (0.7500159, 0.9150229), (0.7916826, 0.9565274), (0.8333492, 0.9565274),
            (0.8333492, 0.915023), (0.7916826, 0.9565274), (0.8333492, 0.915023), (0.7916825, 0.915023),
            (0.7916825, 0.915023), (0.8333492, 0.915023), (0.8333492, 0.8391968), (0.7916825, 0.915023),
            (0.8333492, 0.8391968), (0.7916825, 0.8391968), (0.7500159, 0.9150229), (0.7916825, 0.915023),
            (0.7916825, 0.8391968), (0.7500159, 0.9150229), (0.7916825, 0.8391968), (0.7500159, 0.8391967),
            (0.6666825, 0.9565274), (0.7083491, 0.9565274), (0.7083491, 0.9150229), (0.6666825, 0.9565274),
            (0.7083491, 0.9150229), (0.6666825, 0.915023), (0.7083491, 0.9565274), (0.7500159, 0.9565272),
            (0.7500159, 0.9150229), (0.7083491, 0.9565274), (0.7500159, 0.9150229), (0.7083491, 0.9150229),
            (0.7083491, 0.9150229), (0.7500159, 0.9150229), (0.7500159, 0.8391967), (0.7083491, 0.9150229),
            (0.7500159, 0.8391967), (0.7083492, 0.8391967), (0.6666825, 0.915023), (0.7083491, 0.9150229),
            (0.7083492, 0.8391967), (0.6666825, 0.915023), (0.7083492, 0.8391967), (0.6666825, 0.8391967),
            (0.5833492, 0.9565272), (0.6250159, 0.9565274), (0.6250159, 0.9150229), (0.5833492, 0.9565272),
            (0.6250159, 0.9150229), (0.5833492, 0.9150228), (0.6250159, 0.9565274), (0.6666825, 0.9565274),
            (0.6666825, 0.915023), (0.6250159, 0.9565274), (0.6666825, 0.915023), (0.6250159, 0.9150229),
            (0.6250159, 0.9150229), (0.6666825, 0.915023), (0.6666825, 0.8391967), (0.6250159, 0.9150229),
            (0.6666825, 0.8391967), (0.6250159, 0.8391967), (0.5833492, 0.9150228), (0.6250159, 0.9150229),
            (0.6250159, 0.8391967), (0.5833492, 0.9150228), (0.6250159, 0.8391967), (0.5833492, 0.8391967),
            (0.5000159, 0.9565272), (0.5416826, 0.9565272), (0.5416826, 0.9150228), (0.5000159, 0.9565272),
            (0.5416826, 0.9150228), (0.5000159, 0.9150229), (0.5416826, 0.9565272), (0.5833492, 0.9565272),
            (0.5833492, 0.9150228), (0.5416826, 0.9565272), (0.5833492, 0.9150228), (0.5416826, 0.9150228),
            (0.5416826, 0.9150228), (0.5833492, 0.9150228), (0.5833492, 0.8391967), (0.5416826, 0.9150228),
            (0.5833492, 0.8391967), (0.5416825, 0.8391967), (0.5000159, 0.9150229), (0.5416826, 0.9150228),
            (0.5416825, 0.8391967), (0.5000159, 0.9150229), (0.5416825, 0.8391967), (0.5000159, 0.8391967),
            (0.4166826, 0.9565274), (0.4583492, 0.9565272), (0.4583492, 0.9150229), (0.4166826, 0.9565274),
            (0.4583492, 0.9150229), (0.4166826, 0.9150229), (0.4583492, 0.9565272), (0.5000159, 0.9565272),
            (0.5000159, 0.9150229), (0.4583492, 0.9565272), (0.5000159, 0.9150229), (0.4583492, 0.9150229),
            (0.4583492, 0.9150229), (0.5000159, 0.9150229), (0.5000159, 0.8391967), (0.4583492, 0.9150229),
            (0.5000159, 0.8391967), (0.4583492, 0.8391967), (0.4166826, 0.9150229), (0.4583492, 0.9150229),
            (0.4583492, 0.8391967), (0.4166826, 0.9150229), (0.4583492, 0.8391967), (0.4166826, 0.8391967),
            (0.3333494, 0.9565272), (0.375016, 0.9565272), (0.375016, 0.9150228), (0.3333494, 0.9565272),
            (0.375016, 0.9150228), (0.3333494, 0.9150228), (0.375016, 0.9565272), (0.4166826, 0.9565274),
            (0.4166826, 0.9150229), (0.375016, 0.9565272), (0.4166826, 0.9150229), (0.375016, 0.9150228),
            (0.375016, 0.9150228), (0.4166826, 0.9150229), (0.4166826, 0.8391967), (0.375016, 0.9150228),
            (0.4166826, 0.8391967), (0.375016, 0.8391967), (0.3333494, 0.9150228), (0.375016, 0.9150228),
            (0.375016, 0.8391967), (0.3333494, 0.9150228), (0.375016, 0.8391967), (0.3333494, 0.8391966),
            (0.250016, 0.9565274), (0.2916827, 0.9565272), (0.2916827, 0.9150228), (0.250016, 0.9565274),
            (0.2916827, 0.9150228), (0.250016, 0.9150229), (0.2916827, 0.9565272), (0.3333494, 0.9565272),
            (0.3333494, 0.9150228), (0.2916827, 0.9565272), (0.3333494, 0.9150228), (0.2916827, 0.9150228),
            (0.2916827, 0.9150228), (0.3333494, 0.9150228), (0.3333494, 0.8391966), (0.2916827, 0.9150228),
            (0.3333494, 0.8391966), (0.2916827, 0.8391966), (0.250016, 0.9150229), (0.2916827, 0.9150228),
            (0.2916827, 0.8391966), (0.250016, 0.9150229), (0.2916827, 0.8391966), (0.250016, 0.8391967),
            (0.1666826, 0.9565274), (0.2083493, 0.9565274), (0.2083493, 0.9150229), (0.1666826, 0.9565274),
            (0.2083493, 0.9150229), (0.1666826, 0.9150229), (0.2083493, 0.9565274), (0.250016, 0.9565274),
            (0.250016, 0.9150229), (0.2083493, 0.9565274), (0.250016, 0.9150229), (0.2083493, 0.9150229),
            (0.2083493, 0.9150229), (0.250016, 0.9150229), (0.250016, 0.8391967), (0.2083493, 0.9150229),
            (0.250016, 0.8391967), (0.2083493, 0.8391967), (0.1666826, 0.9150229), (0.2083493, 0.9150229),
            (0.2083493, 0.8391967), (0.1666826, 0.9150229), (0.2083493, 0.8391967), (0.1666826, 0.8391966),
            (0.08334928, 0.9565272), (0.1250159, 0.9565274), (0.1250159, 0.9150229), (0.08334928, 0.9565272),
            (0.1250159, 0.9150229), (0.08334928, 0.9150229), (0.1250159, 0.9565274), (0.1666826, 0.9565274),
            (0.1666826, 0.9150229), (0.1250159, 0.9565274), (0.1666826, 0.9150229), (0.1250159, 0.9150229),
            (0.1250159, 0.9150229), (0.1666826, 0.9150229), (0.1666826, 0.8391966), (0.1250159, 0.9150229),
            (0.1666826, 0.8391966), (0.1250159, 0.8391967), (0.08334928, 0.9150229), (0.1250159, 0.9150229),
            (0.1250159, 0.8391967), (0.08334928, 0.9150229), (0.1250159, 0.8391967), (0.08334922, 0.8391967),
            (1.5974e-05, 0.9565274), (0.0416826, 0.9565274), (0.0416826, 0.9150229), (1.5974e-05, 0.9565274),
            (0.0416826, 0.9150229), (1.59144e-05, 0.9150229), (0.0416826, 0.9565274), (0.08334928, 0.9565272),
            (0.08334928, 0.9150229), (0.0416826, 0.9565274), (0.08334928, 0.9150229), (0.0416826, 0.9150229),
            (0.0416826, 0.9150229), (0.08334928, 0.9150229), (0.08334922, 0.8391967), (0.0416826, 0.9150229),
            (0.08334922, 0.8391967), (0.0416826, 0.8391967), (1.59144e-05, 0.9150229), (0.0416826, 0.9150229),
            (0.0416826, 0.8391967), (1.59144e-05, 0.9150229), (0.0416826, 0.8391967), (1.59144e-05, 0.8391968),
            (0.9166826, 0.9565275), (0.9583492, 0.9565274), (0.9583492, 0.9150229), (0.9166826, 0.9565275),
            (0.9583492, 0.9150229), (0.9166826, 0.9150229), (0.9583492, 0.9565274), (1.000016, 0.9565274),
            (1.000016, 0.9150229), (0.9583492, 0.9565274), (1.000016, 0.9150229), (0.9583492, 0.9150229),
            (0.9583492, 0.9150229), (1.000016, 0.9150229), (1.000016, 0.8391968), (0.9583492, 0.9150229),
            (1.000016, 0.8391968), (0.9583492, 0.8391967), (0.9166826, 0.9150229), (0.9583492, 0.9150229),
            (0.9583492, 0.8391967), (0.9166826, 0.9150229), (0.9583492, 0.8391967), (0.9166826, 0.8391967),
            (0.8333492, 0.9565274), (0.8750159, 0.9565274), (0.8750159, 0.915023), (0.8333492, 0.9565274),
            (0.8750159, 0.915023), (0.8333492, 0.915023), (0.8750159, 0.9565274), (0.9166826, 0.9565275),
            (0.9166826, 0.9150229), (0.8750159, 0.9565274), (0.9166826, 0.9150229), (0.8750159, 0.915023),
            (0.8750159, 0.915023), (0.9166826, 0.9150229), (0.9166826, 0.8391967), (0.8750159, 0.915023),
            (0.9166826, 0.8391967), (0.8750159, 0.8391968), (0.8333492, 0.915023), (0.8750159, 0.915023),
            (0.8750159, 0.8391968), (0.8333492, 0.915023), (0.8750159, 0.8391968), (0.8333492, 0.8391968),
            (0.7500159, 0.09605365), (0.7916825, 0.09605365), (0.7916825, 0.07757616), (0.7500159, 0.09605365),
            (0.7916825, 0.07757616), (0.7500159, 0.07757622), (0.7916825, 0.09605365), (0.8333492, 0.09605348),
            (0.8333492, 0.07757616), (0.7916825, 0.09605365), (0.8333492, 0.07757616), (0.7916825, 0.07757616),
            (0.7916825, 0.07757616), (0.8333492, 0.07757616), (0.8333492, 0.06156301), (0.7916825, 0.07757616),
            (0.8333492, 0.06156301), (0.7916826, 0.06156313), (0.7500159, 0.07757622), (0.7916825, 0.07757616),
            (0.7916826, 0.06156313), (0.7500159, 0.07757622), (0.7916826, 0.06156313), (0.7500159, 0.06156313),
            (0.6666825, 0.09605371), (0.7083491, 0.09605371), (0.7083491, 0.07757622), (0.6666825, 0.09605371),
            (0.7083491, 0.07757622), (0.6666824, 0.07757616), (0.7083491, 0.09605371), (0.7500159, 0.09605365),
            (0.7500159, 0.07757622), (0.7083491, 0.09605371), (0.7500159, 0.07757622), (0.7083491, 0.07757622),
            (0.7083491, 0.07757622), (0.7500159, 0.07757622), (0.7500159, 0.06156313), (0.7083491, 0.07757622),
            (0.7500159, 0.06156313), (0.7083491, 0.06156313), (0.6666824, 0.07757616), (0.7083491, 0.07757622),
            (0.7083491, 0.06156313), (0.6666824, 0.07757616), (0.7083491, 0.06156313), (0.6666825, 0.06156313),
            (0.5833492, 0.09605365), (0.6250158, 0.09605383), (0.6250159, 0.07757616), (0.5833492, 0.09605365),
            (0.6250159, 0.07757616), (0.5833492, 0.07757616), (0.6250158, 0.09605383), (0.6666825, 0.09605371),
            (0.6666824, 0.07757616), (0.6250158, 0.09605383), (0.6666824, 0.07757616), (0.6250159, 0.07757616),
            (0.6250159, 0.07757616), (0.6666824, 0.07757616), (0.6666825, 0.06156313), (0.6250159, 0.07757616),
            (0.6666825, 0.06156313), (0.6250159, 0.06156301), (0.5833492, 0.07757616), (0.6250159, 0.07757616),
            (0.6250159, 0.06156301), (0.5833492, 0.07757616), (0.6250159, 0.06156301), (0.5833492, 0.06156283),
            (0.5000159, 0.09605348), (0.5416826, 0.09605365), (0.5416826, 0.07757598), (0.5000159, 0.09605348),
            (0.5416826, 0.07757598), (0.5000159, 0.07757598), (0.5416826, 0.09605365), (0.5833492, 0.09605365),
            (0.5833492, 0.07757616), (0.5416826, 0.09605365), (0.5833492, 0.07757616), (0.5416826, 0.07757598),
            (0.5416826, 0.07757598), (0.5833492, 0.07757616), (0.5833492, 0.06156283), (0.5416826, 0.07757598),
            (0.5833492, 0.06156283), (0.5416826, 0.06156283), (0.5000159, 0.07757598), (0.5416826, 0.07757598),
            (0.5416826, 0.06156283), (0.5000159, 0.07757598), (0.5416826, 0.06156283), (0.5000159, 0.06156271),
            (0.4166826, 0.09605342), (0.4583492, 0.09605342), (0.4583492, 0.07757598), (0.4166826, 0.09605342),
            (0.4583492, 0.07757598), (0.4166826, 0.07757598), (0.4583492, 0.09605342), (0.5000159, 0.09605348),
            (0.5000159, 0.07757598), (0.4583492, 0.09605342), (0.5000159, 0.07757598), (0.4583492, 0.07757598),
            (0.4583492, 0.07757598), (0.5000159, 0.07757598), (0.5000159, 0.06156271), (0.4583492, 0.07757598),
            (0.5000159, 0.06156271), (0.4583492, 0.06156271), (0.4166826, 0.07757598), (0.4583492, 0.07757598),
            (0.4583492, 0.06156271), (0.4166826, 0.07757598), (0.4583492, 0.06156271), (0.4166826, 0.06156271),
            (0.3333494, 0.09605342), (0.375016, 0.09605342), (0.375016, 0.07757598), (0.3333494, 0.09605342),
            (0.375016, 0.07757598), (0.3333494, 0.07757598), (0.375016, 0.09605342), (0.4166826, 0.09605342),
            (0.4166826, 0.07757598), (0.375016, 0.09605342), (0.4166826, 0.07757598), (0.375016, 0.07757598),
            (0.375016, 0.07757598), (0.4166826, 0.07757598), (0.4166826, 0.06156271), (0.375016, 0.07757598),
            (0.4166826, 0.06156271), (0.375016, 0.06156271), (0.3333494, 0.07757598), (0.375016, 0.07757598),
            (0.375016, 0.06156271), (0.3333494, 0.07757598), (0.375016, 0.06156271), (0.3333494, 0.06156271),
            (0.250016, 0.09605342), (0.2916827, 0.09605342), (0.2916827, 0.07757598), (0.250016, 0.09605342),
            (0.2916827, 0.07757598), (0.250016, 0.07757592), (0.2916827, 0.09605342), (0.3333494, 0.09605342),
            (0.3333494, 0.07757598), (0.2916827, 0.09605342), (0.3333494, 0.07757598), (0.2916827, 0.07757598),
            (0.2916827, 0.07757598), (0.3333494, 0.07757598), (0.3333494, 0.06156271), (0.2916827, 0.07757598),
            (0.3333494, 0.06156271), (0.2916827, 0.06156271), (0.250016, 0.07757592), (0.2916827, 0.07757598),
            (0.2916827, 0.06156271), (0.250016, 0.07757592), (0.2916827, 0.06156271), (0.250016, 0.06156271),
            (0.1666826, 0.09605336), (0.2083493, 0.09605336), (0.2083493, 0.07757592), (0.1666826, 0.09605336),
            (0.2083493, 0.07757592), (0.1666826, 0.07757592), (0.2083493, 0.09605336), (0.250016, 0.09605342),
            (0.250016, 0.07757592), (0.2083493, 0.09605336), (0.250016, 0.07757592), (0.2083493, 0.07757592),
            (0.2083493, 0.07757592), (0.250016, 0.07757592), (0.250016, 0.06156271), (0.2083493, 0.07757592),
            (0.250016, 0.06156271), (0.2083493, 0.06156271), (0.1666826, 0.07757592), (0.2083493, 0.07757592),
            (0.2083493, 0.06156271), (0.1666826, 0.07757592), (0.2083493, 0.06156271), (0.1666826, 0.06156271),
            (0.08334928, 0.09605336), (0.1250159, 0.09605336), (0.1250159, 0.07757592), (0.08334928, 0.09605336),
            (0.1250159, 0.07757592), (0.08334922, 0.0775758), (0.1250159, 0.09605336), (0.1666826, 0.09605336),
            (0.1666826, 0.07757592), (0.1250159, 0.09605336), (0.1666826, 0.07757592), (0.1250159, 0.07757592),
            (0.1250159, 0.07757592), (0.1666826, 0.07757592), (0.1666826, 0.06156271), (0.1250159, 0.07757592),
            (0.1666826, 0.06156271), (0.1250159, 0.06156271), (0.08334922, 0.0775758), (0.1250159, 0.07757592),
            (0.1250159, 0.06156271), (0.08334922, 0.0775758), (0.1250159, 0.06156271), (0.08334922, 0.06156253),
            (1.59144e-05, 0.09605336), (0.0416826, 0.09605336), (0.0416826, 0.0775758), (1.59144e-05, 0.09605336),
            (0.0416826, 0.0775758), (1.59144e-05, 0.0775758), (0.0416826, 0.09605336), (0.08334928, 0.09605336),
            (0.08334922, 0.0775758), (0.0416826, 0.09605336), (0.08334922, 0.0775758), (0.0416826, 0.0775758),
            (0.0416826, 0.0775758), (0.08334922, 0.0775758), (0.08334922, 0.06156253), (0.0416826, 0.0775758),
            (0.08334922, 0.06156253), (0.0416826, 0.06156253), (1.59144e-05, 0.0775758), (0.0416826, 0.0775758),
            (0.0416826, 0.06156253), (1.59144e-05, 0.0775758), (0.0416826, 0.06156253), (1.59144e-05, 0.06156253),
            (0.9166826, 0.09605348), (0.9583492, 0.09605336), (0.9583492, 0.07757592), (0.9166826, 0.09605348),
            (0.9583492, 0.07757592), (0.9166825, 0.07757598), (0.9583492, 0.09605336), (1.000016, 0.09605336),
            (1.000016, 0.0775758), (0.9583492, 0.09605336), (1.000016, 0.0775758), (0.9583492, 0.07757592),
            (0.9583492, 0.07757592), (1.000016, 0.0775758), (1.000016, 0.06156253), (0.9583492, 0.07757592),
            (1.000016, 0.06156253), (0.9583492, 0.06156271), (0.9166825, 0.07757598), (0.9583492, 0.07757592),
            (0.9583492, 0.06156271), (0.9166825, 0.07757598), (0.9583492, 0.06156271), (0.9166825, 0.06156277),
            (0.8333492, 0.09605348), (0.8750159, 0.09605348), (0.8750159, 0.07757598), (0.8333492, 0.09605348),
            (0.8750159, 0.07757598), (0.8333492, 0.07757616), (0.8750159, 0.09605348), (0.9166826, 0.09605348),
            (0.9166825, 0.07757598), (0.8750159, 0.09605348), (0.9166825, 0.07757598), (0.8750159, 0.07757598),
            (0.8750159, 0.07757598), (0.9166825, 0.07757598), (0.9166825, 0.06156277), (0.8750159, 0.07757598),
            (0.9166825, 0.06156277), (0.8750159, 0.06156283), (0.8333492, 0.07757616), (0.8750159, 0.07757598),
            (0.8750159, 0.06156283), (0.8333492, 0.07757616), (0.8750159, 0.06156283), (0.8333492, 0.06156301),
            (0.7500159, 0.06156313), (0.7916826, 0.06156313), (0.7916825, 0.04895848), (0.7500159, 0.06156313),
            (0.7916825, 0.04895848), (0.7500159, 0.04895848), (0.7916826, 0.06156313), (0.8333492, 0.06156301),
            (0.8333492, 0.04895848), (0.7916826, 0.06156313), (0.8333492, 0.04895848), (0.7916825, 0.04895848),
            (0.7916825, 0.04895848), (0.8333492, 0.04895848), (0.8333492, 0.03837287), (0.7916825, 0.04895848),
            (0.8333492, 0.03837287), (0.7916825, 0.03837287), (0.7500159, 0.04895848), (0.7916825, 0.04895848),
            (0.7916825, 0.03837287), (0.7500159, 0.04895848), (0.7916825, 0.03837287), (0.7500159, 0.03837287),
            (0.6666825, 0.06156313), (0.7083491, 0.06156313), (0.7083492, 0.04895848), (0.6666825, 0.06156313),
            (0.7083492, 0.04895848), (0.6666825, 0.04895848), (0.7083491, 0.06156313), (0.7500159, 0.06156313),
            (0.7500159, 0.04895848), (0.7083491, 0.06156313), (0.7500159, 0.04895848), (0.7083492, 0.04895848),
            (0.7083492, 0.04895848), (0.7500159, 0.04895848), (0.7500159, 0.03837287), (0.7083492, 0.04895848),
            (0.7500159, 0.03837287), (0.7083491, 0.03837287), (0.6666825, 0.04895848), (0.7083492, 0.04895848),
            (0.7083491, 0.03837287), (0.6666825, 0.04895848), (0.7083491, 0.03837287), (0.6666825, 0.03837287),
            (0.5833492, 0.06156283), (0.6250159, 0.06156301), (0.6250159, 0.04895842), (0.5833492, 0.06156283),
            (0.6250159, 0.04895842), (0.5833492, 0.04895842), (0.6250159, 0.06156301), (0.6666825, 0.06156313),
            (0.6666825, 0.04895848), (0.6250159, 0.06156301), (0.6666825, 0.04895848), (0.6250159, 0.04895842),
            (0.6250159, 0.04895842), (0.6666825, 0.04895848), (0.6666825, 0.03837287), (0.6250159, 0.04895842),
            (0.6666825, 0.03837287), (0.6250159, 0.03837287), (0.5833492, 0.04895842), (0.6250159, 0.04895842),
            (0.6250159, 0.03837287), (0.5833492, 0.04895842), (0.6250159, 0.03837287), (0.5833492, 0.03837263),
            (0.5000159, 0.06156271), (0.5416826, 0.06156283), (0.5416826, 0.04895824), (0.5000159, 0.06156271),
            (0.5416826, 0.04895824), (0.5000159, 0.04895824), (0.5416826, 0.06156283), (0.5833492, 0.06156283),
            (0.5833492, 0.04895842), (0.5416826, 0.06156283), (0.5833492, 0.04895842), (0.5416826, 0.04895824),
            (0.5416826, 0.04895824), (0.5833492, 0.04895842), (0.5833492, 0.03837263), (0.5416826, 0.04895824),
            (0.5833492, 0.03837263), (0.5416826, 0.03837257), (0.5000159, 0.04895824), (0.5416826, 0.04895824),
            (0.5416826, 0.03837257), (0.5000159, 0.04895824), (0.5416826, 0.03837257), (0.5000159, 0.03837245),
            (0.4166826, 0.06156271), (0.4583492, 0.06156271), (0.4583492, 0.04895818), (0.4166826, 0.06156271),
            (0.4583492, 0.04895818), (0.4166826, 0.04895818), (0.4583492, 0.06156271), (0.5000159, 0.06156271),
            (0.5000159, 0.04895824), (0.4583492, 0.06156271), (0.5000159, 0.04895824), (0.4583492, 0.04895818),
            (0.4583492, 0.04895818), (0.5000159, 0.04895824), (0.5000159, 0.03837245), (0.4583492, 0.04895818),
            (0.5000159, 0.03837245), (0.4583492, 0.03837245), (0.4166826, 0.04895818), (0.4583492, 0.04895818),
            (0.4583492, 0.03837245), (0.4166826, 0.04895818), (0.4583492, 0.03837245), (0.4166826, 0.03837245),
            (0.3333494, 0.06156271), (0.375016, 0.06156271), (0.375016, 0.04895824), (0.3333494, 0.06156271),
            (0.375016, 0.04895824), (0.3333493, 0.04895824), (0.375016, 0.06156271), (0.4166826, 0.06156271),
            (0.4166826, 0.04895818), (0.375016, 0.06156271), (0.4166826, 0.04895818), (0.375016, 0.04895824),
            (0.375016, 0.04895824), (0.4166826, 0.04895818), (0.4166826, 0.03837245), (0.375016, 0.04895824),
            (0.4166826, 0.03837245), (0.3750159, 0.03837245), (0.3333493, 0.04895824), (0.375016, 0.04895824),
            (0.3750159, 0.03837245), (0.3333493, 0.04895824), (0.3750159, 0.03837245), (0.3333492, 0.03837257),
            (0.250016, 0.06156271), (0.2916827, 0.06156271), (0.2916827, 0.04895824), (0.250016, 0.06156271),
            (0.2916827, 0.04895824), (0.250016, 0.04895824), (0.2916827, 0.06156271), (0.3333494, 0.06156271),
            (0.3333493, 0.04895824), (0.2916827, 0.06156271), (0.3333493, 0.04895824), (0.2916827, 0.04895824),
            (0.2916827, 0.04895824), (0.3333493, 0.04895824), (0.3333492, 0.03837257), (0.2916827, 0.04895824),
            (0.3333492, 0.03837257), (0.2916827, 0.03837257), (0.250016, 0.04895824), (0.2916827, 0.04895824),
            (0.2916827, 0.03837257), (0.250016, 0.04895824), (0.2916827, 0.03837257), (0.250016, 0.03837257),
            (0.1666826, 0.06156271), (0.2083493, 0.06156271), (0.2083493, 0.04895824), (0.1666826, 0.06156271),
            (0.2083493, 0.04895824), (0.1666826, 0.04895824), (0.2083493, 0.06156271), (0.250016, 0.06156271),
            (0.250016, 0.04895824), (0.2083493, 0.06156271), (0.250016, 0.04895824), (0.2083493, 0.04895824),
            (0.2083493, 0.04895824), (0.250016, 0.04895824), (0.250016, 0.03837257), (0.2083493, 0.04895824),
            (0.250016, 0.03837257), (0.2083493, 0.03837257), (0.1666826, 0.04895824), (0.2083493, 0.04895824),
            (0.2083493, 0.03837257), (0.1666826, 0.04895824), (0.2083493, 0.03837257), (0.1666827, 0.03837245),
            (0.08334922, 0.06156253), (0.1250159, 0.06156271), (0.1250159, 0.04895806), (0.08334922, 0.06156253),
            (0.1250159, 0.04895806), (0.08334922, 0.04895794), (0.1250159, 0.06156271), (0.1666826, 0.06156271),
            (0.1666826, 0.04895824), (0.1250159, 0.06156271), (0.1666826, 0.04895824), (0.1250159, 0.04895806),
            (0.1250159, 0.04895806), (0.1666826, 0.04895824), (0.1666827, 0.03837245), (0.1250159, 0.04895806),
            (0.1666827, 0.03837245), (0.1250159, 0.03837239), (0.08334922, 0.04895794), (0.1250159, 0.04895806),
            (0.1250159, 0.03837239), (0.08334922, 0.04895794), (0.1250159, 0.03837239), (0.08334922, 0.03837233),
            (1.59144e-05, 0.06156253), (0.0416826, 0.06156253), (0.0416826, 0.04895794), (1.59144e-05, 0.06156253),
            (0.0416826, 0.04895794), (1.59144e-05, 0.04895806), (0.0416826, 0.06156253), (0.08334922, 0.06156253),
            (0.08334922, 0.04895794), (0.0416826, 0.06156253), (0.08334922, 0.04895794), (0.0416826, 0.04895794),
            (0.0416826, 0.04895794), (0.08334922, 0.04895794), (0.08334922, 0.03837233), (0.0416826, 0.04895794),
            (0.08334922, 0.03837233), (0.0416826, 0.03837233), (1.59144e-05, 0.04895806), (0.0416826, 0.04895794),
            (0.0416826, 0.03837233), (1.59144e-05, 0.04895806), (0.0416826, 0.03837233), (1.59144e-05, 0.03837233),
            (0.9166825, 0.06156277), (0.9583492, 0.06156271), (0.9583492, 0.04895818), (0.9166825, 0.06156277),
            (0.9583492, 0.04895818), (0.9166825, 0.04895824), (0.9583492, 0.06156271), (1.000016, 0.06156253),
            (1.000016, 0.04895806), (0.9583492, 0.06156271), (1.000016, 0.04895806), (0.9583492, 0.04895818),
            (0.9583492, 0.04895818), (1.000016, 0.04895806), (1.000016, 0.03837233), (0.9583492, 0.04895818),
            (1.000016, 0.03837233), (0.9583492, 0.03837245), (0.9166825, 0.04895824), (0.9583492, 0.04895818),
            (0.9583492, 0.03837245), (0.9166825, 0.04895824), (0.9583492, 0.03837245), (0.9166825, 0.03837263),
            (0.8333492, 0.06156301), (0.8750159, 0.06156283), (0.8750159, 0.04895842), (0.8333492, 0.06156301),
            (0.8750159, 0.04895842), (0.8333492, 0.04895848), (0.8750159, 0.06156283), (0.9166825, 0.06156277),
            (0.9166825, 0.04895824), (0.8750159, 0.06156283), (0.9166825, 0.04895824), (0.8750159, 0.04895842),
            (0.8750159, 0.04895842), (0.9166825, 0.04895824), (0.9166825, 0.03837263), (0.8750159, 0.04895842),
            (0.9166825, 0.03837263), (0.8750159, 0.03837275), (0.8333492, 0.04895848), (0.8750159, 0.04895842),
            (0.8750159, 0.03837275), (0.8333492, 0.04895848), (0.8750159, 0.03837275), (0.8333492, 0.03837287),
            (0.8333492, 0.01879966), (0.8750159, 0.01879966), (0.8750159, 0.009232044), (0.8333492, 0.01879966),
            (0.8750159, 0.009232044), (0.8333492, 0.009232163), (0.8750159, 0.01879966), (0.9166825, 0.01879942),
            (0.9166826, 0.009231925), (0.8750159, 0.01879966), (0.9166826, 0.009231925), (0.8750159, 0.009232044),
            (0.8750159, 0.009232044), (0.9166826, 0.009231925), (0.9166826, 2.38419e-07), (0.8750159, 0.009232044),
            (0.9166826, 2.38419e-07), (0.875016, 3.57628e-07), (0.8333492, 0.009232163), (0.8750159, 0.009232044),
            (0.875016, 3.57628e-07), (0.8333492, 0.009232163), (0.875016, 3.57628e-07), (0.8333494, 4.17232e-07),
            (0.7500159, 0.01879972), (0.7916825, 0.01879966), (0.7916826, 0.009232223), (0.7500159, 0.01879972),
            (0.7916826, 0.009232223), (0.7500159, 0.009232223), (0.7916825, 0.01879966), (0.8333492, 0.01879966),
            (0.8333492, 0.009232163), (0.7916825, 0.01879966), (0.8333492, 0.009232163), (0.7916826, 0.009232223),
            (0.7916826, 0.009232223), (0.8333492, 0.009232163), (0.8333494, 4.17232e-07), (0.7916826, 0.009232223),
            (0.8333494, 4.17232e-07), (0.7916826, 4.17232e-07), (0.7500159, 0.009232223), (0.7916826, 0.009232223),
            (0.7916826, 4.17232e-07), (0.7500159, 0.009232223), (0.7916826, 4.17232e-07), (0.7500159, 4.76837e-07),
            (0.6666826, 0.01879972), (0.7083492, 0.01879966), (0.7083492, 0.009232223), (0.6666826, 0.01879972),
            (0.7083492, 0.009232223), (0.6666826, 0.009232223), (0.7083492, 0.01879966), (0.7500159, 0.01879972),
            (0.7500159, 0.009232223), (0.7083492, 0.01879966), (0.7500159, 0.009232223), (0.7083492, 0.009232223),
            (0.7083492, 0.009232223), (0.7500159, 0.009232223), (0.7500159, 4.76837e-07), (0.7083492, 0.009232223),
            (0.7500159, 4.76837e-07), (0.7083492, 4.17232e-07), (0.6666826, 0.009232223), (0.7083492, 0.009232223),
            (0.7083492, 4.17232e-07), (0.6666826, 0.009232223), (0.7083492, 4.17232e-07), (0.6666826, 4.76837e-07),
            (0.5833492, 0.01879966), (0.6250158, 0.01879966), (0.6250159, 0.009232223), (0.5833492, 0.01879966),
            (0.6250159, 0.009232223), (0.5833492, 0.009232163), (0.6250158, 0.01879966), (0.6666826, 0.01879972),
            (0.6666826, 0.009232223), (0.6250158, 0.01879966), (0.6666826, 0.009232223), (0.6250159, 0.009232223),
            (0.6250159, 0.009232223), (0.6666826, 0.009232223), (0.6666826, 4.76837e-07), (0.6250159, 0.009232223),
            (0.6666826, 4.76837e-07), (0.6250159, 4.17232e-07), (0.5833492, 0.009232163), (0.6250159, 0.009232223),
            (0.6250159, 4.17232e-07), (0.5833492, 0.009232163), (0.6250159, 4.17232e-07), (0.5833493, 4.17232e-07),
            (0.5000159, 0.01879936), (0.5416826, 0.01879942), (0.5416825, 0.009232044), (0.5000159, 0.01879936),
            (0.5416825, 0.009232044), (0.5000159, 0.009231925), (0.5416826, 0.01879942), (0.5833492, 0.01879966),
            (0.5833492, 0.009232163), (0.5416826, 0.01879942), (0.5833492, 0.009232163), (0.5416825, 0.009232044),
            (0.5416825, 0.009232044), (0.5833492, 0.009232163), (0.5833493, 4.17232e-07), (0.5416825, 0.009232044),
            (0.5833493, 4.17232e-07), (0.5416825, 3.57628e-07), (0.5000159, 0.009231925), (0.5416825, 0.009232044),
            (0.5416825, 3.57628e-07), (0.5000159, 0.009231925), (0.5416825, 3.57628e-07), (0.5000159, 3.57628e-07),
            (0.4166827, 0.0187993), (0.4583492, 0.0187993), (0.4583492, 0.009231925), (0.4166827, 0.0187993),
            (0.4583492, 0.009231925), (0.4166826, 0.009231925), (0.4583492, 0.0187993), (0.5000159, 0.01879936),
            (0.5000159, 0.009231925), (0.4583492, 0.0187993), (0.5000159, 0.009231925), (0.4583492, 0.009231925),
            (0.4583492, 0.009231925), (0.5000159, 0.009231925), (0.5000159, 3.57628e-07), (0.4583492, 0.009231925),
            (0.5000159, 3.57628e-07), (0.4583492, 3.57628e-07), (0.4166826, 0.009231925), (0.4583492, 0.009231925),
            (0.4583492, 3.57628e-07), (0.4166826, 0.009231925), (0.4583492, 3.57628e-07), (0.4166826, 2.38419e-07),
            (0.3333493, 0.0187993), (0.3750159, 0.0187993), (0.375016, 0.009231925), (0.3333493, 0.0187993),
            (0.375016, 0.009231925), (0.3333492, 0.009231925), (0.3750159, 0.0187993), (0.4166827, 0.0187993),
            (0.4166826, 0.009231925), (0.3750159, 0.0187993), (0.4166826, 0.009231925), (0.375016, 0.009231925),
            (0.375016, 0.009231925), (0.4166826, 0.009231925), (0.4166826, 2.38419e-07), (0.375016, 0.009231925),
            (0.4166826, 2.38419e-07), (0.3750159, 1.78814e-07), (0.3333492, 0.009231925), (0.375016, 0.009231925),
            (0.3750159, 1.78814e-07), (0.3333492, 0.009231925), (0.3750159, 1.78814e-07), (0.3333492, 1.78814e-07),
            (0.250016, 0.0187993), (0.2916826, 0.0187993), (0.2916826, 0.009231925), (0.250016, 0.0187993),
            (0.2916826, 0.009231925), (0.250016, 0.009231925), (0.2916826, 0.0187993), (0.3333493, 0.0187993),
            (0.3333492, 0.009231925), (0.2916826, 0.0187993), (0.3333492, 0.009231925), (0.2916826, 0.009231925),
            (0.2916826, 0.009231925), (0.3333492, 0.009231925), (0.3333492, 1.78814e-07), (0.2916826, 0.009231925),
            (0.3333492, 1.78814e-07), (0.2916826, 1.78814e-07), (0.250016, 0.009231925), (0.2916826, 0.009231925),
            (0.2916826, 1.78814e-07), (0.250016, 0.009231925), (0.2916826, 1.78814e-07), (0.250016, 2.38419e-07),
            (0.1666826, 0.0187993), (0.2083493, 0.0187993), (0.2083492, 0.009231925), (0.1666826, 0.0187993),
            (0.2083492, 0.009231925), (0.1666826, 0.009231925), (0.2083493, 0.0187993), (0.250016, 0.0187993),
            (0.250016, 0.009231925), (0.2083493, 0.0187993), (0.250016, 0.009231925), (0.2083492, 0.009231925),
            (0.2083492, 0.009231925), (0.250016, 0.009231925), (0.250016, 2.38419e-07), (0.2083492, 0.009231925),
            (0.250016, 2.38419e-07), (0.2083492, 3.57628e-07), (0.1666826, 0.009231925), (0.2083492, 0.009231925),
            (0.2083492, 3.57628e-07), (0.1666826, 0.009231925), (0.2083492, 3.57628e-07), (0.1666825, 2.38419e-07),
            (0.08334916, 0.01879918), (0.1250159, 0.0187993), (0.1250157, 0.009231805), (0.08334916, 0.01879918),
            (0.1250157, 0.009231805), (0.08334916, 0.009231686), (0.1250159, 0.0187993), (0.1666826, 0.0187993),
            (0.1666826, 0.009231925), (0.1250159, 0.0187993), (0.1666826, 0.009231925), (0.1250157, 0.009231805),
            (0.1250157, 0.009231805), (0.1666826, 0.009231925), (0.1666825, 2.38419e-07), (0.1250157, 0.009231805),
            (0.1666825, 2.38419e-07), (0.1250157, 1.78814e-07), (0.08334916, 0.009231686), (0.1250157, 0.009231805),
            (0.1250157, 1.78814e-07), (0.08334916, 0.009231686), (0.1250157, 1.78814e-07), (0.08334916, 0),
            (1.59144e-05, 0.0187993), (0.04168254, 0.01879918), (0.04168254, 0.009231686), (1.59144e-05, 0.0187993),
            (0.04168254, 0.009231686), (1.59144e-05, 0.009231686), (0.04168254, 0.01879918), (0.08334916, 0.01879918),
            (0.08334916, 0.009231686), (0.04168254, 0.01879918), (0.08334916, 0.009231686), (0.04168254, 0.009231686),
            (0.04168254, 0.009231686), (0.08334916, 0.009231686), (0.08334916, 0), (0.04168254, 0.009231686),
            (0.08334916, 0), (0.04168254, 0), (1.59144e-05, 0.009231686), (0.04168254, 0.009231686),
            (0.04168254, 0), (1.59144e-05, 0.009231686), (0.04168254, 0), (1.5974e-05, 0),
            (0.9166825, 0.01879942), (0.9583492, 0.0187993), (0.9583492, 0.009231925), (0.9166825, 0.01879942),
            (0.9583492, 0.009231925), (0.9166826, 0.009231925), (0.9583492, 0.0187993), (1.000016, 0.0187993),
            (1.000016, 0.009231686), (0.9583492, 0.0187993), (1.000016, 0.009231686), (0.9583492, 0.009231925),
            (0.9583492, 0.009231925), (1.000016, 0.009231686), (1.000016, 0), (0.9583492, 0.009231925),
            (1.000016, 0), (0.9583492, 1.78814e-07), (0.9166826, 0.009231925), (0.9583492, 0.009231925),
            (0.9583492, 1.78814e-07), (0.9166826, 0.009231925), (0.9583492, 1.78814e-07), (0.9166826, 2.38419e-07),
            (0.9166826, 0.5583053), (0.9583492, 0.5583054), (0.9583492, 0.411261), (0.9166826, 0.5583053),
            (0.9583492, 0.411261), (0.9166826, 0.411261), (0.9583492, 0.5583054), (1.000016, 0.5583054),
            (1.000016, 0.411261), (0.9583492, 0.5583054), (1.000016, 0.411261), (0.9583492, 0.411261),
            (0.9583492, 0.411261), (1.000016, 0.411261), (1.000016, 0.2866989), (0.9583492, 0.411261),
            (1.000016, 0.2866989), (0.9583492, 0.286699), (0.9166826, 0.411261), (0.9583492, 0.411261),
            (0.9583492, 0.286699), (0.9166826, 0.411261), (0.9583492, 0.286699), (0.9166826, 0.2866991),
            (0.8333492, 0.5583053), (0.8750159, 0.5583053), (0.8750159, 0.411261), (0.8333492, 0.5583053),
            (0.8750159, 0.411261), (0.8333492, 0.411261), (0.8750159, 0.5583053), (0.9166826, 0.5583053),
            (0.9166826, 0.411261), (0.8750159, 0.5583053), (0.9166826, 0.411261), (0.8750159, 0.411261),
            (0.8750159, 0.411261), (0.9166826, 0.411261), (0.9166826, 0.2866991), (0.8750159, 0.411261),
            (0.9166826, 0.2866991), (0.8750159, 0.2866991), (0.8333492, 0.411261), (0.8750159, 0.411261),
            (0.8750159, 0.2866991), (0.8333492, 0.411261), (0.8750159, 0.2866991), (0.8333492, 0.2866991),
            (0.7500159, 0.5583053), (0.7916825, 0.5583053), (0.7916825, 0.4112612), (0.7500159, 0.5583053),
            (0.7916825, 0.4112612), (0.7500159, 0.4112612), (0.7916825, 0.5583053), (0.8333492, 0.5583053),
            (0.8333492, 0.411261), (0.7916825, 0.5583053), (0.8333492, 0.411261), (0.7916825, 0.4112612),
            (0.7916825, 0.4112612), (0.8333492, 0.411261), (0.8333492, 0.2866991), (0.7916825, 0.4112612),
            (0.8333492, 0.2866991), (0.7916825, 0.2866992), (0.7500159, 0.4112612), (0.7916825, 0.4112612),
            (0.7916825, 0.2866992), (0.7500159, 0.4112612), (0.7916825, 0.2866992), (0.7500159, 0.2866992),
            (0.6666825, 0.5583054), (0.7083492, 0.5583053), (0.7083492, 0.4112612), (0.6666825, 0.5583054),
            (0.7083492, 0.4112612), (0.6666825, 0.4112612), (0.7083492, 0.5583053), (0.7500159, 0.5583053),
            (0.7500159, 0.4112612), (0.7083492, 0.5583053), (0.7500159, 0.4112612), (0.7083492, 0.4112612),
            (0.7083492, 0.4112612), (0.7500159, 0.4112612), (0.7500159, 0.2866992), (0.7083492, 0.4112612),
            (0.7500159, 0.2866992), (0.7083492, 0.2866992), (0.6666825, 0.4112612), (0.7083492, 0.4112612),
            (0.7083492, 0.2866992), (0.6666825, 0.4112612), (0.7083492, 0.2866992), (0.6666825, 0.2866993),
            (0.5833492, 0.5583054), (0.6250159, 0.5583054), (0.6250159, 0.4112612), (0.5833492, 0.5583054),
            (0.6250159, 0.4112612), (0.5833492, 0.4112612), (0.6250159, 0.5583054), (0.6666825, 0.5583054),
            (0.6666825, 0.4112612), (0.6250159, 0.5583054), (0.6666825, 0.4112612), (0.6250159, 0.4112612),
            (0.6250159, 0.4112612), (0.6666825, 0.4112612), (0.6666825, 0.2866993), (0.6250159, 0.4112612),
            (0.6666825, 0.2866993), (0.6250159, 0.2866993), (0.5833492, 0.4112612), (0.6250159, 0.4112612),
            (0.6250159, 0.2866993), (0.5833492, 0.4112612), (0.6250159, 0.2866993), (0.5833492, 0.2866992),
            (0.5000159, 0.5583054), (0.5416825, 0.5583054), (0.5416825, 0.4112612), (0.5000159, 0.5583054),
            (0.5416825, 0.4112612), (0.5000159, 0.4112612), (0.5416825, 0.5583054), (0.5833492, 0.5583054),
            (0.5833492, 0.4112612), (0.5416825, 0.5583054), (0.5833492, 0.4112612), (0.5416825, 0.4112612),
            (0.5416825, 0.4112612), (0.5833492, 0.4112612), (0.5833492, 0.2866992), (0.5416825, 0.4112612),
            (0.5833492, 0.2866992), (0.5416825, 0.2866992), (0.5000159, 0.4112612), (0.5416825, 0.4112612),
            (0.5416825, 0.2866992), (0.5000159, 0.4112612), (0.5416825, 0.2866992), (0.5000159, 0.2866991),
            (0.4166826, 0.5583055), (0.4583492, 0.5583055), (0.4583492, 0.4112612), (0.4166826, 0.5583055),
            (0.4583492, 0.4112612), (0.4166826, 0.4112612), (0.4583492, 0.5583055), (0.5000159, 0.5583054),
            (0.5000159, 0.4112612), (0.4583492, 0.5583055), (0.5000159, 0.4112612), (0.4583492, 0.4112612),
            (0.4583492, 0.4112612), (0.5000159, 0.4112612), (0.5000159, 0.2866991), (0.4583492, 0.4112612),
            (0.5000159, 0.2866991), (0.4583492, 0.2866991), (0.4166826, 0.4112612), (0.4583492, 0.4112612),
            (0.4583492, 0.2866991), (0.4166826, 0.4112612), (0.4583492, 0.2866991), (0.4166826, 0.2866991),
            (0.3333494, 0.5583053), (0.375016, 0.5583054), (0.375016, 0.4112612), (0.3333494, 0.5583053),
            (0.375016, 0.4112612), (0.3333494, 0.411261), (0.375016, 0.5583054), (0.4166826, 0.5583055),
            (0.4166826, 0.4112612), (0.375016, 0.5583054), (0.4166826, 0.4112612), (0.375016, 0.4112612),
            (0.375016, 0.4112612), (0.4166826, 0.4112612), (0.4166826, 0.2866991), (0.375016, 0.4112612),
            (0.4166826, 0.2866991), (0.375016, 0.2866991), (0.3333494, 0.411261), (0.375016, 0.4112612),
            (0.375016, 0.2866991), (0.3333494, 0.411261), (0.375016, 0.2866991), (0.3333494, 0.2866991),
            (0.250016, 0.5583053), (0.2916827, 0.5583053), (0.2916827, 0.411261), (0.250016, 0.5583053),
            (0.2916827, 0.411261), (0.250016, 0.411261), (0.2916827, 0.5583053), (0.3333494, 0.5583053),
            (0.3333494, 0.411261), (0.2916827, 0.5583053), (0.3333494, 0.411261), (0.2916827, 0.411261),
            (0.2916827, 0.411261), (0.3333494, 0.411261), (0.3333494, 0.2866991), (0.2916827, 0.411261),
            (0.3333494, 0.2866991), (0.2916827, 0.2866991), (0.250016, 0.411261), (0.2916827, 0.411261),
            (0.2916827, 0.2866991), (0.250016, 0.411261), (0.2916827, 0.2866991), (0.250016, 0.2866991),
            (0.1666826, 0.5583053), (0.2083493, 0.5583053), (0.2083493, 0.411261), (0.1666826, 0.5583053),
            (0.2083493, 0.411261), (0.1666826, 0.411261), (0.2083493, 0.5583053), (0.250016, 0.5583053),
            (0.250016, 0.411261), (0.2083493, 0.5583053), (0.250016, 0.411261), (0.2083493, 0.411261),
            (0.2083493, 0.411261), (0.250016, 0.411261), (0.250016, 0.2866991), (0.2083493, 0.411261),
            (0.250016, 0.2866991), (0.2083492, 0.2866989), (0.1666826, 0.411261), (0.2083493, 0.411261),
            (0.2083492, 0.2866989), (0.1666826, 0.411261), (0.2083492, 0.2866989), (0.1666826, 0.2866989),
            (0.08334922, 0.5583054), (0.1250159, 0.5583053), (0.1250159, 0.411261), (0.08334922, 0.5583054),
            (0.1250159, 0.411261), (0.08334922, 0.411261), (0.1250159, 0.5583053), (0.1666826, 0.5583053),
            (0.1666826, 0.411261), (0.1250159, 0.5583053), (0.1666826, 0.411261), (0.1250159, 0.411261),
            (0.1250159, 0.411261), (0.1666826, 0.411261), (0.1666826, 0.2866989), (0.1250159, 0.411261),
            (0.1666826, 0.2866989), (0.1250159, 0.2866989), (0.08334922, 0.411261), (0.1250159, 0.411261),
            (0.1250159, 0.2866989), (0.08334922, 0.411261), (0.1250159, 0.2866989), (0.08334922, 0.2866989),
            (1.59144e-05, 0.5583054), (0.0416826, 0.5583054), (0.0416826, 0.411261), (1.59144e-05, 0.5583054),
            (0.0416826, 0.411261), (1.59144e-05, 0.411261), (0.0416826, 0.5583054), (0.08334922, 0.5583054),
            (0.08334922, 0.411261), (0.0416826, 0.5583054), (0.08334922, 0.411261), (0.0416826, 0.411261),
            (0.0416826, 0.411261), (0.08334922, 0.411261), (0.08334922, 0.2866989), (0.0416826, 0.411261),
            (0.08334922, 0.2866989), (0.0416826, 0.2866989), (1.59144e-05, 0.411261), (0.0416826, 0.411261),
            (0.0416826, 0.2866989), (1.59144e-05, 0.411261), (0.0416826, 0.2866989), (1.59144e-05, 0.2866989)
        ] (
            interpolation = "faceVarying"
        )
        uniform token subdivisionScheme = "none"
        float3[] extent = [(-0.03303748, -0.03267663, 0), (0.03316247, 0.03352326, 0.12199997)]
        rel material:binding = </sevenup_can_visual/materials/mat_0>
    }
    def Mesh "mesh_1"
    {
        uniform bool doubleSided = 1
        int[] faceVertexCounts = [
            3, 3, 3, 3, 3, 3, 3, 3, 3, 3, 3, 3, 3, 3, 3, 3, 3, 3, 3, 3, 3, 3, 3, 3,
            3, 3, 3, 3, 3, 3, 3, 3, 3, 3, 3, 3, 3, 3, 3, 3, 3, 3, 3, 3, 3, 3, 3, 3,
            3, 3, 3, 3, 3, 3, 3, 3, 3, 3, 3, 3, 3, 3, 3, 3, 3, 3, 3, 3, 3, 3, 3, 3,
            3, 3, 3, 3, 3, 3, 3, 3, 3, 3, 3, 3, 3, 3, 3, 3, 3, 3, 3, 3, 3, 3, 3, 3,
            3, 3, 3, 3, 3, 3, 3, 3, 3, 3, 3, 3, 3, 3, 3, 3, 3, 3, 3, 3, 3, 3, 3, 3,
            3, 3, 3, 3, 3, 3, 3, 3, 3, 3, 3, 3, 3, 3, 3, 3, 3, 3, 3, 3, 3, 3, 3, 3,
            3, 3, 3, 3, 3, 3, 3, 3, 3, 3, 3, 3, 3, 3, 3, 3, 3, 3, 3, 3, 3, 3, 3, 3,
            3, 3, 3, 3, 3, 3, 3, 3, 3, 3, 3, 3, 3, 3, 3, 3, 3, 3, 3, 3, 3, 3, 3, 3,
            3, 3, 3, 3, 3, 3, 3, 3, 3, 3, 3, 3, 3, 3, 3, 3, 3, 3, 3, 3, 3, 3, 3, 3,
            3, 3, 3, 3, 3, 3, 3, 3, 3, 3, 3, 3, 3, 3, 3, 3, 3, 3, 3, 3, 3, 3, 3, 3,
            3, 3, 3, 3, 3, 3, 3, 3, 3, 3, 3, 3, 3, 3, 3, 3, 3, 3, 3, 3, 3, 3, 3, 3,
            3, 3, 3, 3, 3, 3, 3, 3, 3, 3, 3, 3, 3, 3, 3, 3, 3, 3, 3, 3, 3, 3, 3, 3,
            3, 3, 3, 3, 3, 3, 3, 3, 3, 3, 3, 3, 3, 3, 3, 3, 3, 3, 3, 3, 3, 3, 3, 3,
            3, 3, 3, 3, 3, 3, 3, 3, 3, 3, 3, 3, 3, 3, 3, 3, 3, 3, 3, 3, 3, 3, 3, 3,
            3, 3, 3, 3, 3, 3, 3, 3, 3, 3, 3, 3, 3, 3, 3, 3, 3, 3, 3, 3, 3, 3, 3, 3,
            3, 3, 3, 3, 3, 3, 3, 3, 3, 3, 3, 3, 3, 3, 3, 3, 3, 3, 3, 3, 3, 3, 3, 3,
            3, 3, 3, 3, 3, 3, 3, 3, 3, 3, 3, 3, 3, 3, 3, 3, 3, 3, 3, 3, 3, 3, 3, 3,
            3, 3, 3, 3, 3, 3, 3, 3, 3, 3, 3, 3, 3, 3, 3, 3, 3, 3, 3, 3, 3, 3, 3, 3,
            3, 3, 3, 3, 3, 3, 3, 3, 3, 3, 3, 3, 3, 3, 3, 3, 3, 3, 3, 3, 3, 3, 3, 3,
            3, 3, 3, 3, 3, 3, 3, 3, 3, 3, 3, 3, 3, 3, 3, 3, 3, 3, 3, 3, 3, 3, 3, 3,
            3, 3, 3, 3, 3, 3, 3, 3, 3, 3, 3, 3, 3, 3, 3, 3, 3, 3, 3, 3, 3, 3, 3, 3,
            3, 3, 3, 3, 3, 3, 3, 3, 3, 3, 3, 3, 3, 3, 3, 3, 3, 3, 3, 3, 3, 3, 3, 3,
            3, 3, 3, 3, 3, 3, 3, 3, 3, 3, 3, 3, 3, 3, 3, 3, 3, 3, 3, 3, 3, 3, 3, 3
        ]
        int[] faceVertexIndices = [
            525, 526, 527, 525, 527, 528, 526, 529, 530, 526, 530, 527, 527, 530, 531, 527, 531, 532, 528, 527, 532, 528, 532, 533,
            529, 534, 535, 529, 535, 530, 534, 536, 537, 534, 537, 535, 535, 537, 538, 535, 538, 539, 530, 535, 539, 530, 539, 531,
            536, 540, 541, 536, 541, 537, 540, 542, 543, 540, 543, 541, 541, 543, 544, 541, 544, 545, 537, 541, 545, 537, 545, 538,
            542, 546, 547, 542, 547, 543, 546, 548, 549, 546, 549, 547, 547, 549, 550, 547, 550, 551, 543, 547, 551, 543, 551, 544,
            548, 552, 553, 548, 553, 549, 552, 554, 555, 552, 555, 553, 553, 555, 556, 553, 556, 557, 549, 553, 557, 549, 557, 550,
            554, 558, 559, 554, 559, 555, 558, 560, 561, 558, 561, 559, 559, 561, 562, 559, 562, 563, 555, 559, 563, 555, 563, 556,
            560, 564, 565, 560, 565, 561, 564, 566, 567, 564, 567, 565, 565, 567, 568, 565, 568, 569, 561, 565, 569, 561, 569, 562,
            566, 570, 571, 566, 571, 567, 570, 572, 573, 570, 573, 571, 571, 573, 574, 571, 574, 575, 567, 571, 575, 567, 575, 568,
            572, 576, 577, 572, 577, 573, 576, 578, 579, 576, 579, 577, 577, 579, 580, 577, 580, 581, 573, 577, 581, 573, 581, 574,
            578, 582, 583, 578, 583, 579, 582, 584, 585, 582, 585, 583, 583, 585, 586, 583, 586, 587, 579, 583, 587, 579, 587, 580,
            584, 588, 589, 584, 589, 585, 588, 590, 591, 588, 591, 589, 589, 591, 592, 589, 592, 593, 585, 589, 593, 585, 593, 586,
            590, 594, 595, 590, 595, 591, 594, 525, 528, 594, 528, 595, 595, 528, 533, 595, 533, 596, 591, 595, 596, 591, 596, 592,
            533, 532, 597, 533, 597, 598, 532, 531, 599, 532, 599, 597, 597, 599, 600, 597, 600, 601, 598, 597, 601, 598, 601, 602,
            531, 539, 603, 531, 603, 599, 539, 538, 604, 539, 604, 603, 603, 604, 605, 603, 605, 606, 599, 603, 606, 599, 606, 600,
            538, 545, 607, 538, 607, 604, 545, 544, 608, 545, 608, 607, 607, 608, 609, 607, 609, 610, 604, 607, 610, 604, 610, 605,
            544, 551, 611, 544, 611, 608, 551, 550, 612, 551, 612, 611, 611, 612, 613, 611, 613, 614, 608, 611, 614, 608, 614, 609,
            550, 557, 615, 550, 615, 612, 557, 556, 616, 557, 616, 615, 615, 616, 617, 615, 617, 618, 612, 615, 618, 612, 618, 613,
            556, 563, 619, 556, 619, 616, 563, 562, 620, 563, 620, 619, 619, 620, 621, 619, 621, 622, 616, 619, 622, 616, 622, 617,
            562, 569, 623, 562, 623, 620, 569, 568, 624, 569, 624, 623, 623, 624, 625, 623, 625, 626, 620, 623, 626, 620, 626, 621,
            568, 575, 627, 568, 627, 624, 575, 574, 628, 575, 628, 627, 627, 628, 629, 627, 629, 630, 624, 627, 630, 624, 630, 625,
            574, 581, 631, 574, 631, 628, 581, 580, 632, 581, 632, 631, 631, 632, 633, 631, 633, 634, 628, 631, 634, 628, 634, 629,
            580, 587, 635, 580, 635, 632, 587, 586, 636, 587, 636, 635, 635, 636, 637, 635, 637, 638, 632, 635, 638, 632, 638, 633,
            586, 593, 639, 586, 639, 636, 593, 592, 640, 593, 640, 639, 639, 640, 641, 639, 641, 642, 636, 639, 642, 636, 642, 637,
            643, 644, 645, 643, 645, 646, 644, 647, 648, 644, 648, 645, 645, 648, 649, 645, 649, 650, 646, 645, 650, 646, 650, 651,
            652, 653, 654, 652, 654, 655, 653, 656, 657, 653, 657, 654, 654, 657, 658, 654, 658, 659, 655, 654, 659, 655, 659, 660,
            656, 661, 662, 656, 662, 657, 661, 663, 664, 661, 664, 662, 662, 664, 665, 662, 665, 666, 657, 662, 666, 657, 666, 658,
            663, 667, 668, 663, 668, 664, 667, 669, 670, 667, 670, 668, 668, 670, 671, 668, 671, 672, 664, 668, 672, 664, 672, 665,
            669, 673, 674, 669, 674, 670, 673, 675, 676, 673, 676, 674, 674, 676, 677, 674, 677, 678, 670, 674, 678, 670, 678, 671,
            675, 679, 680, 675, 680, 676, 679, 681, 682, 679, 682, 680, 680, 682, 683, 680, 683, 684, 676, 680, 684, 676, 684, 677,
            681, 685, 686, 681, 686, 682, 685, 687, 688, 685, 688, 686, 686, 688, 689, 686, 689, 690, 682, 686, 690, 682, 690, 683,
            687, 691, 692, 687, 692, 688, 691, 693, 694, 691, 694, 692, 692, 694, 695, 692, 695, 696, 688, 692, 696, 688, 696, 689,
            693, 697, 698, 693, 698, 694, 697, 699, 700, 697, 700, 698, 698, 700, 701, 698, 701, 702, 694, 698, 702, 694, 702, 695,
            699, 703, 704, 699, 704, 700, 703, 705, 706, 703, 706, 704, 704, 706, 707, 704, 707, 708, 700, 704, 708, 700, 708, 701,
            705, 709, 710, 705, 710, 706, 709, 711, 712, 709, 712, 710, 710, 712, 713, 710, 713, 714, 706, 710, 714, 706, 714, 707,
            711, 715, 716, 711, 716, 712, 715, 717, 718, 715, 718, 716, 716, 718, 719, 716, 719, 720, 712, 716, 720, 712, 720, 713,
            717, 721, 722, 717, 722, 718, 721, 652, 655, 721, 655, 722, 722, 655, 660, 722, 660, 723, 718, 722, 723, 718, 723, 719,
            529, 526, 724, 529, 724, 725, 525, 726, 724, 525, 724, 526, 727, 725, 724, 727, 724, 726, 536, 534, 728, 536, 728, 729,
            529, 725, 728, 529, 728, 534, 727, 729, 728, 727, 728, 725, 542, 540, 730, 542, 730, 731, 536, 729, 730, 536, 730, 540,
            727, 731, 730, 727, 730, 729, 548, 546, 732, 548, 732, 733, 542, 731, 732, 542, 732, 546, 727, 733, 732, 727, 732, 731,
            554, 552, 734, 554, 734, 735, 548, 733, 734, 548, 734, 552, 727, 735, 734, 727, 734, 733, 560, 558, 736, 560, 736, 737,
            554, 735, 736, 554, 736, 558, 727, 737, 736, 727, 736, 735, 566, 564, 738, 566, 738, 739, 560, 737, 738, 560, 738, 564,
            727, 739, 738, 727, 738, 737, 572, 570, 740, 572, 740, 741, 566, 739, 740, 566, 740, 570, 727, 741, 740, 727, 740, 739,
            578, 576, 742, 578, 742, 743, 572, 741, 742, 572, 742, 576, 727, 743, 742, 727, 742, 741, 584, 582, 744, 584, 744, 745,
            578, 743, 744, 578, 744, 582, 727, 745, 744, 727, 744, 743, 590, 588, 746, 590, 746, 747, 584, 745, 746, 584, 746, 588,
            727, 747, 746, 727, 746, 745, 525, 594, 748, 525, 748, 726, 590, 747, 748, 590, 748, 594, 727, 726, 748, 727, 748, 747,
            609, 614, 749, 609, 749, 750, 614, 613, 751, 614, 751, 749, 749, 751, 752, 749, 752, 753, 750, 749, 753, 750, 753, 754,
            605, 610, 755, 605, 755, 756, 610, 609, 750, 610, 750, 755, 755, 750, 754, 755, 754, 757, 756, 755, 757, 756, 757, 758,
            600, 606, 759, 600, 759, 760, 606, 605, 756, 606, 756, 759, 759, 756, 758, 759, 758, 761, 760, 759, 761, 760, 761, 762,
            602, 601, 763, 602, 763, 764, 601, 600, 760, 601, 760, 763, 763, 760, 762, 763, 762, 765, 764, 763, 765, 764, 765, 766,
            641, 767, 768, 641, 768, 769, 767, 602, 764, 767, 764, 768, 768, 764, 766, 768, 766, 770, 769, 768, 770, 769, 770, 771,
            637, 642, 772, 637, 772, 773, 642, 641, 769, 642, 769, 772, 772, 769, 771, 772, 771, 774, 773, 772, 774, 773, 774, 775,
            633, 638, 776, 633, 776, 777, 638, 637, 773, 638, 773, 776, 776, 773, 775, 776, 775, 778, 777, 776, 778, 777, 778, 779,
            629, 634, 780, 629, 780, 781, 634, 633, 777, 634, 777, 780, 780, 777, 779, 780, 779, 782, 781, 780, 782, 781, 782, 783,
            625, 630, 784, 625, 784, 785, 630, 629, 781, 630, 781, 784, 784, 781, 783, 784, 783, 786, 785, 784, 786, 785, 786, 787,
            621, 626, 788, 621, 788, 789, 626, 625, 785, 626, 785, 788, 788, 785, 787, 788, 787, 790, 789, 788, 790, 789, 790, 791,
            617, 622, 792, 617, 792, 793, 622, 621, 789, 622, 789, 792, 792, 789, 791, 792, 791, 794, 793, 792, 794, 793, 794, 795,
            613, 618, 796, 613, 796, 751, 618, 617, 793, 618, 793, 796, 796, 793, 795, 796, 795, 797, 751, 796, 797, 751, 797, 752,
            754, 753, 798, 754, 798, 799, 753, 752, 800, 753, 800, 798, 798, 800, 801, 798, 801, 802, 799, 798, 802, 799, 802, 803,
            758, 757, 804, 758, 804, 805, 757, 754, 799, 757, 799, 804, 804, 799, 803, 804, 803, 806, 805, 804, 806, 805, 806, 807,
            762, 761, 808, 762, 808, 809, 761, 758, 805, 761, 805, 808, 808, 805, 807, 808, 807, 810, 809, 808, 810, 809, 810, 811,
            766, 765, 812, 766, 812, 813, 765, 762, 809, 765, 809, 812, 812, 809, 811, 812, 811, 814, 813, 812, 814, 813, 814, 815,
            771, 770, 816, 771, 816, 817, 770, 766, 813, 770, 813, 816, 816, 813, 815, 816, 815, 818, 817, 816, 818, 817, 818, 819,
            775, 774, 820, 775, 820, 821, 774, 771, 817, 774, 817, 820, 820, 817, 819, 820, 819, 822, 821, 820, 822, 821, 822, 823,
            779, 778, 824, 779, 824, 825, 778, 775, 821, 778, 821, 824, 824, 821, 823, 824, 823, 826, 825, 824, 826, 825, 826, 827,
            783, 782, 828, 783, 828, 829, 782, 779, 825, 782, 825, 828, 828, 825, 827, 828, 827, 830, 829, 828, 830, 829, 830, 831,
            787, 786, 832, 787, 832, 833, 786, 783, 829, 786, 829, 832, 832, 829, 831, 832, 831, 834, 833, 832, 834, 833, 834, 835,
            791, 790, 836, 791, 836, 837, 790, 787, 833, 790, 833, 836, 836, 833, 835, 836, 835, 838, 837, 836, 838, 837, 838, 839,
            795, 794, 840, 795, 840, 841, 794, 791, 837, 794, 837, 840, 840, 837, 839, 840, 839, 842, 841, 840, 842, 841, 842, 843,
            752, 797, 844, 752, 844, 800, 797, 795, 841, 797, 841, 844, 844, 841, 843, 844, 843, 845, 800, 844, 845, 800, 845, 801
        ]
        normal3f[] normals = [
            (-0.05316811, -0.02926498, -0.9981567), (-0.04606962, -0.04885095, -0.9977431), (-0.07055926, -0.07167065, -0.9949296),
            (-0.05316811, -0.02926498, -0.9981567), (-0.07055926, -0.07167065, -0.9949296), (-0.08838051, -0.05014801, -0.9948236),
            (-0.04606962, -0.04885095, -0.9977431), (-0.03141194, -0.05192804, -0.9981567), (-0.05146747, -0.08761644, -0.9948239),
            (-0.04606962, -0.04885095, -0.9977431), (-0.05146747, -0.08761644, -0.9948239), (-0.07055926, -0.07167065, -0.9949296),
            (-0.07055926, -0.07167065, -0.9949296), (-0.05146747, -0.08761644, -0.9948239), (-0.06196337, -0.1073143, -0.9922924),
            (-0.07055926, -0.07167065, -0.9949296), (-0.06196337, -0.1073143, -0.9922924), (-0.08766049, -0.08766037, -0.9922859),
            (-0.08838051, -0.05014801, -0.9948236), (-0.07055926, -0.07167065, -0.9949296), (-0.08766049, -0.08766037, -0.9922859),
            (-0.08838051, -0.05014801, -0.9948236), (-0.08766049, -0.08766037, -0.9922859), (-0.102113, -0.06643307, -0.9925521),
            (-0.03141194, -0.05192804, -0.9981567), (-0.0154826, -0.06533908, -0.9977431), (-0.02527534, -0.09734034, -0.9949302),
            (-0.03141194, -0.05192804, -0.9981567), (-0.02527534, -0.09734034, -0.9949302), (-0.05146747, -0.08761644, -0.9948239),
            (-0.0154826, -0.06533908, -0.9977431), (-0.00124067, -0.06067067, -0.9981572), (-0.000765394, -0.1016097, -0.9948241),
            (-0.0154826, -0.06533908, -0.9977431), (-0.000765394, -0.1016097, -0.9948241), (-0.02527534, -0.09734034, -0.9949302),
            (-0.02527534, -0.09734034, -0.9949302), (-0.000765394, -0.1016097, -0.9948241), (-1.06628e-06, -0.1239268, -0.9922914),
            (-0.02527534, -0.09734034, -0.9949302), (-1.06628e-06, -0.1239268, -0.9922914), (-0.03209346, -0.1197507, -0.9922851),
            (-0.05146747, -0.08761644, -0.9948239), (-0.02527534, -0.09734034, -0.9949302), (-0.03209346, -0.1197507, -0.9922851),
            (-0.05146747, -0.08761644, -0.9948239), (-0.03209346, -0.1197507, -0.9922851), (-0.06196337, -0.1073143, -0.9922924),
            (-0.00124067, -0.06067067, -0.9981572), (0.01928454, -0.06431972, -0.9977431), (0.02679836, -0.09693205, -0.9949302),
            (-0.00124067, -0.06067067, -0.9981572), (0.02679836, -0.09693205, -0.9949302), (-0.000765394, -0.1016097, -0.9948241),
            (0.01928454, -0.06431972, -0.9977431), (0.02926415, -0.05316835, -0.9981567), (0.05014687, -0.08838105, -0.9948236),
            (0.01928454, -0.06431972, -0.9977431), (0.05014687, -0.08838105, -0.9948236), (0.02679836, -0.09693205, -0.9949302),
            (0.02679836, -0.09693205, -0.9949302), (0.05014687, -0.08838105, -0.9948236), (0.0619632, -0.1073104, -0.9922929),
            (0.02679836, -0.09693205, -0.9949302), (0.0619632, -0.1073104, -0.9922929), (0.0320931, -0.1197485, -0.9922854),
            (-0.000765394, -0.1016097, -0.9948241), (0.02679836, -0.09693205, -0.9949302), (0.0320931, -0.1197485, -0.9922854),
            (-0.000765394, -0.1016097, -0.9948241), (0.0320931, -0.1197485, -0.9922854), (-1.06628e-06, -0.1239268, -0.9922914),
            (0.02926415, -0.05316835, -0.9981567), (0.04885065, -0.04606932, -0.9977431), (0.071671, -0.0705595, -0.9949296),
            (0.02926415, -0.05316835, -0.9981567), (0.071671, -0.0705595, -0.9949296), (0.05014687, -0.08838105, -0.9948236),
            (0.04885065, -0.04606932, -0.9977431), (0.0519281, -0.03141313, -0.9981567), (0.08761942, -0.05146646, -0.9948236),
            (0.04885065, -0.04606932, -0.9977431), (0.08761942, -0.05146646, -0.9948236), (0.071671, -0.0705595, -0.9949296),
            (0.071671, -0.0705595, -0.9949296), (0.08761942, -0.05146646, -0.9948236), (0.1073141, -0.06195795, -0.9922928),
            (0.071671, -0.0705595, -0.9949296), (0.1073141, -0.06195795, -0.9922928), (0.08766031, -0.08766055, -0.9922859),
            (0.05014687, -0.08838105, -0.9948236), (0.071671, -0.0705595, -0.9949296), (0.08766031, -0.08766055, -0.9922859),
            (0.05014687, -0.08838105, -0.9948236), (0.08766031, -0.08766055, -0.9922859), (0.0619632, -0.1073104, -0.9922929),
            (0.0519281, -0.03141313, -0.9981567), (0.06534117, -0.01547187, -0.9977431), (0.09734874, -0.02527219, -0.9949295),
            (0.0519281, -0.03141313, -0.9981567), (0.09734874, -0.02527219, -0.9949295), (0.08761942, -0.05146646, -0.9948236),
            (0.06534117, -0.01547187, -0.9977431), (0.06067693, -0.001240015, -0.9981568), (0.1016131, -0.00076101, -0.9948237),
            (0.06534117, -0.01547187, -0.9977431), (0.1016131, -0.00076101, -0.9948237), (0.09734874, -0.02527219, -0.9949295),
            (0.09734874, -0.02527219, -0.9949295), (0.1016131, -0.00076101, -0.9948237), (0.1239188, -3.43961e-07, -0.9922924),
            (0.09734874, -0.02527219, -0.9949295), (0.1239188, -3.43961e-07, -0.9922924), (0.119747, -0.03208643, -0.9922859),
            (0.08761942, -0.05146646, -0.9948236), (0.09734874, -0.02527219, -0.9949295), (0.119747, -0.03208643, -0.9922859),
            (0.08761942, -0.05146646, -0.9948236), (0.119747, -0.03208643, -0.9922859), (0.1073141, -0.06195795, -0.9922928),
            (0.06067693, -0.001240015, -0.9981568), (0.06432324, 0.01927179, -0.9977431), (0.09694015, 0.02678596, -0.9949298),
            (0.06067693, -0.001240015, -0.9981568), (0.09694015, 0.02678596, -0.9949298), (0.1016131, -0.00076101, -0.9948237),
            (0.06432324, 0.01927179, -0.9977431), (0.05316793, 0.02926486, -0.9981567), (0.08837229, 0.05014628, -0.9948245),
            (0.06432324, 0.01927179, -0.9977431), (0.08837229, 0.05014628, -0.9948245), (0.09694015, 0.02678596, -0.9949298),
            (0.09694015, 0.02678596, -0.9949298), (0.08837229, 0.05014628, -0.9948245), (0.10732, 0.06195908, -0.9922921),
            (0.09694015, 0.02678596, -0.9949298), (0.10732, 0.06195908, -0.9922921), (0.1197485, 0.03208315, -0.9922858),
            (0.1016131, -0.00076101, -0.9948237), (0.09694015, 0.02678596, -0.9949298), (0.1197485, 0.03208315, -0.9922858),
            (0.1016131, -0.00076101, -0.9948237), (0.1197485, 0.03208315, -0.9922858), (0.1239188, -3.43961e-07, -0.9922924),
            (0.05316793, 0.02926486, -0.9981567), (0.04607015, 0.04885101, -0.997743), (0.07055991, 0.07167047, -0.9949296),
            (0.05316793, 0.02926486, -0.9981567), (0.07055991, 0.07167047, -0.9949296), (0.08837229, 0.05014628, -0.9948245),
            (0.04607015, 0.04885101, -0.997743), (0.03141272, 0.05192768, -0.9981567), (0.05146574, 0.08761876, -0.9948237),
            (0.04607015, 0.04885101, -0.997743), (0.05146574, 0.08761876, -0.9948237), (0.07055991, 0.07167047, -0.9949296),
            (0.07055991, 0.07167047, -0.9949296), (0.05146574, 0.08761876, -0.9948237), (0.06195831, 0.1073155, -0.9922927),
            (0.07055991, 0.07167047, -0.9949296), (0.06195831, 0.1073155, -0.9922927), (0.08765554, 0.08766376, -0.992286),
            (0.08837229, 0.05014628, -0.9948245), (0.07055991, 0.07167047, -0.9949296), (0.08765554, 0.08766376, -0.992286),
            (0.08837229, 0.05014628, -0.9948245), (0.08765554, 0.08766376, -0.992286), (0.10732, 0.06195908, -0.9922921),
            (0.03141272, 0.05192768, -0.9981567), (0.01547163, 0.06534075, -0.9977431), (0.02527207, 0.09734863, -0.9949294),
            (0.03141272, 0.05192768, -0.9981567), (0.02527207, 0.09734863, -0.9949294), (0.05146574, 0.08761876, -0.9948237),
            (0.01547163, 0.06534075, -0.9977431), (0.001240015, 0.06067639, -0.9981568), (0.000761521, 0.1016139, -0.9948236),
            (0.01547163, 0.06534075, -0.9977431), (0.000761521, 0.1016139, -0.9948236), (0.02527207, 0.09734863, -0.9949294),
            (0.02527207, 0.09734863, -0.9949294), (0.000761521, 0.1016139, -0.9948236), (0, 0.1239174, -0.9922926),
            (0.02527207, 0.09734863, -0.9949294), (0, 0.1239174, -0.9922926), (0.03208506, 0.1197464, -0.992286),
            (0.05146574, 0.08761876, -0.9948237), (0.02527207, 0.09734863, -0.9949294), (0.03208506, 0.1197464, -0.992286),
            (0.05146574, 0.08761876, -0.9948237), (0.03208506, 0.1197464, -0.992286), (0.06195831, 0.1073155, -0.9922927),
            (0.001240015, 0.06067639, -0.9981568), (-0.01927143, 0.06432259, -0.9977431), (-0.02678847, 0.09694188, -0.9949296),
            (0.001240015, 0.06067639, -0.9981568), (-0.02678847, 0.09694188, -0.9949296), (0.000761521, 0.1016139, -0.9948236),
            (-0.01927143, 0.06432259, -0.9977431), (-0.02926582, 0.0531671, -0.9981568), (-0.05014801, 0.08838069, -0.9948236),
            (-0.01927143, 0.06432259, -0.9977431), (-0.05014801, 0.08838069, -0.9948236), (-0.02678847, 0.09694188, -0.9949296),
            (-0.02678847, 0.09694188, -0.9949296), (-0.05014801, 0.08838069, -0.9948236), (-0.06195908, 0.1073161, -0.9922925),
            (-0.02678847, 0.09694188, -0.9949296), (-0.06195908, 0.1073161, -0.9922925), (-0.03208655, 0.1197469, -0.9922859),
            (0.000761521, 0.1016139, -0.9948236), (-0.02678847, 0.09694188, -0.9949296), (-0.03208655, 0.1197469, -0.9922859),
            (0.000761521, 0.1016139, -0.9948236), (-0.03208655, 0.1197469, -0.9922859), (0, 0.1239174, -0.9922926),
            (-0.02926582, 0.0531671, -0.9981568), (-0.0488519, 0.04606872, -0.9977431), (-0.07167094, 0.07055902, -0.9949296),
            (-0.02926582, 0.0531671, -0.9981568), (-0.07167094, 0.07055902, -0.9949296), (-0.05014801, 0.08838069, -0.9948236),
            (-0.0488519, 0.04606872, -0.9977431), (-0.05192756, 0.03141236, -0.9981568), (-0.08761888, 0.05146658, -0.9948236),
            (-0.0488519, 0.04606872, -0.9977431), (-0.08761888, 0.05146658, -0.9948236), (-0.07167094, 0.07055902, -0.9949296),
            (-0.07167094, 0.07055902, -0.9949296), (-0.08761888, 0.05146658, -0.9948236), (-0.1073152, 0.06195908, -0.9922927),
            (-0.07167094, 0.07055902, -0.9949296), (-0.1073152, 0.06195908, -0.9922927), (-0.08766102, 0.08766043, -0.9922859),
            (-0.05014801, 0.08838069, -0.9948236), (-0.07167094, 0.07055902, -0.9949296), (-0.08766102, 0.08766043, -0.9922859),
            (-0.05014801, 0.08838069, -0.9948236), (-0.08766102, 0.08766043, -0.9922859), (-0.06195908, 0.1073161, -0.9922925),
            (-0.05192756, 0.03141236, -0.9981568), (-0.06534051, 0.01547163, -0.9977432), (-0.09734731, 0.02527105, -0.9949296),
            (-0.05192756, 0.03141236, -0.9981568), (-0.09734731, 0.02527105, -0.9949296), (-0.08761888, 0.05146658, -0.9948236),
            (-0.06534051, 0.01547163, -0.9977432), (-0.06067609, 0.001239955, -0.9981567), (-0.1016134, 0.000761265, -0.9948237),
            (-0.06534051, 0.01547163, -0.9977432), (-0.1016134, 0.000761265, -0.9948237), (-0.09734731, 0.02527105, -0.9949296),
            (-0.09734731, 0.02527105, -0.9949296), (-0.1016134, 0.000761265, -0.9948237), (-0.1216509, 0.006475627, -0.9925518),
            (-0.09734731, 0.02527105, -0.9949296), (-0.1216509, 0.006475627, -0.9925518), (-0.1197462, 0.03208661, -0.9922859),
            (-0.08761888, 0.05146658, -0.9948236), (-0.09734731, 0.02527105, -0.9949296), (-0.1197462, 0.03208661, -0.9922859),
            (-0.08761888, 0.05146658, -0.9948236), (-0.1197462, 0.03208661, -0.9922859), (-0.1073152, 0.06195908, -0.9922927),
            (-0.06067609, 0.001239955, -0.9981567), (-0.06432276, -0.01927196, -0.9977431), (-0.09694087, -0.026789, -0.9949296),
            (-0.06067609, 0.001239955, -0.9981567), (-0.09694087, -0.026789, -0.9949296), (-0.1016134, 0.000761265, -0.9948237),
            (-0.06432276, -0.01927196, -0.9977431), (-0.05316811, -0.02926498, -0.9981567), (-0.08838051, -0.05014801, -0.9948236),
            (-0.06432276, -0.01927196, -0.9977431), (-0.08838051, -0.05014801, -0.9948236), (-0.09694087, -0.026789, -0.9949296),
            (-0.09694087, -0.026789, -0.9949296), (-0.08838051, -0.05014801, -0.9948236), (-0.102113, -0.06643307, -0.9925521),
            (-0.09694087, -0.026789, -0.9949296), (-0.102113, -0.06643307, -0.9925521), (-0.1127935, -0.03022307, -0.9931587),
            (-0.1016134, 0.000761265, -0.9948237), (-0.09694087, -0.026789, -0.9949296), (-0.1127935, -0.03022307, -0.9931587),
            (-0.1016134, 0.000761265, -0.9948237), (-0.1127935, -0.03022307, -0.9931587), (-0.1216509, 0.006475627, -0.9925518),
            (-0.102113, -0.06643307, -0.9925521), (-0.08766049, -0.08766037, -0.9922859), (-0.1395111, -0.1395112, -0.9803435),
            (-0.102113, -0.06643307, -0.9925521), (-0.1395111, -0.1395112, -0.9803435), (-0.1576458, -0.1215388, -0.9799879),
            (-0.08766049, -0.08766037, -0.9922859), (-0.06196337, -0.1073143, -0.9922924), (-0.0986827, -0.1709184, -0.9803309),
            (-0.08766049, -0.08766037, -0.9922859), (-0.0986827, -0.1709184, -0.9803309), (-0.1395111, -0.1395112, -0.9803435),
            (-0.1395111, -0.1395112, -0.9803435), (-0.0986827, -0.1709184, -0.9803309), (-0.2007561, -0.3477125, -0.9158565),
            (-0.1395111, -0.1395112, -0.9803435), (-0.2007561, -0.3477125, -0.9158565), (-0.2838009, -0.2837982, -0.9159234),
            (-0.1576458, -0.1215388, -0.9799879), (-0.1395111, -0.1395112, -0.9803435), (-0.2838009, -0.2837982, -0.9159234),
            (-0.1576458, -0.1215388, -0.9799879), (-0.2838009, -0.2837982, -0.9159234), (-0.3796302, -0.2310634, -0.8958184),
            (-0.06196337, -0.1073143, -0.9922924), (-0.03209346, -0.1197507, -0.9922851), (-0.05106657, -0.1905729, -0.980344),
            (-0.06196337, -0.1073143, -0.9922924), (-0.05106657, -0.1905729, -0.980344), (-0.0986827, -0.1709184, -0.9803309),
            (-0.03209346, -0.1197507, -0.9922851), (-1.06628e-06, -0.1239268, -0.9922914), (2.90852e-06, -0.1973609, -0.980331),
            (-0.03209346, -0.1197507, -0.9922851), (2.90852e-06, -0.1973609, -0.980331), (-0.05106657, -0.1905729, -0.980344),
            (-0.05106657, -0.1905729, -0.980344), (2.90852e-06, -0.1973609, -0.980331), (1.53415e-06, -0.4015097, -0.9158549),
            (-0.05106657, -0.1905729, -0.980344), (1.53415e-06, -0.4015097, -0.9158549), (-0.1038804, -0.3876758, -0.9159238),
            (-0.0986827, -0.1709184, -0.9803309), (-0.05106657, -0.1905729, -0.980344), (-0.1038804, -0.3876758, -0.9159238),
            (-0.0986827, -0.1709184, -0.9803309), (-0.1038804, -0.3876758, -0.9159238), (-0.2007561, -0.3477125, -0.9158565),
            (-1.06628e-06, -0.1239268, -0.9922914), (0.0320931, -0.1197485, -0.9922854), (0.05106896, -0.1905909, -0.9803403),
            (-1.06628e-06, -0.1239268, -0.9922914), (0.05106896, -0.1905909, -0.9803403), (2.90852e-06, -0.1973609, -0.980331),
            (0.0320931, -0.1197485, -0.9922854), (0.0619632, -0.1073104, -0.9922929), (0.09868448, -0.1709215, -0.9803302),
            (0.0320931, -0.1197485, -0.9922854), (0.09868448, -0.1709215, -0.9803302), (0.05106896, -0.1905909, -0.9803403),
            (0.05106896, -0.1905909, -0.9803403), (0.09868448, -0.1709215, -0.9803302), (0.2007537, -0.3477128, -0.9158569),
            (0.05106896, -0.1905909, -0.9803403), (0.2007537, -0.3477128, -0.9158569), (0.1038787, -0.3876699, -0.9159264),
            (2.90852e-06, -0.1973609, -0.980331), (0.05106896, -0.1905909, -0.9803403), (0.1038787, -0.3876699, -0.9159264),
            (2.90852e-06, -0.1973609, -0.980331), (0.1038787, -0.3876699, -0.9159264), (1.53415e-06, -0.4015097, -0.9158549),
            (0.0619632, -0.1073104, -0.9922929), (0.08766031, -0.08766055, -0.9922859), (0.1395124, -0.1395108, -0.9803434),
            (0.0619632, -0.1073104, -0.9922929), (0.1395124, -0.1395108, -0.9803434), (0.09868448, -0.1709215, -0.9803302),
            (0.08766031, -0.08766055, -0.9922859), (0.1073141, -0.06195795, -0.9922928), (0.1709234, -0.09868323, -0.9803301),
            (0.08766031, -0.08766055, -0.9922859), (0.1709234, -0.09868323, -0.9803301), (0.1395124, -0.1395108, -0.9803434),
            (0.1395124, -0.1395108, -0.9803434), (0.1709234, -0.09868323, -0.9803301), (0.3477114, -0.2007486, -0.9158586),
            (0.1395124, -0.1395108, -0.9803434), (0.3477114, -0.2007486, -0.9158586), (0.2838008, -0.2837991, -0.9159231),
            (0.09868448, -0.1709215, -0.9803302), (0.1395124, -0.1395108, -0.9803434), (0.2838008, -0.2837991, -0.9159231),
            (0.09868448, -0.1709215, -0.9803302), (0.2838008, -0.2837991, -0.9159231), (0.2007537, -0.3477128, -0.9158569),
            (0.1073141, -0.06195795, -0.9922928), (0.119747, -0.03208643, -0.9922859), (0.1905844, -0.05106657, -0.9803417),
            (0.1073141, -0.06195795, -0.9922928), (0.1905844, -0.05106657, -0.9803417), (0.1709234, -0.09868323, -0.9803301),
            (0.119747, -0.03208643, -0.9922859), (0.1239188, -3.43961e-07, -0.9922924), (0.1973674, 0, -0.9803296),
            (0.119747, -0.03208643, -0.9922859), (0.1973674, 0, -0.9803296), (0.1905844, -0.05106657, -0.9803417),
            (0.1905844, -0.05106657, -0.9803417), (0.1973674, 0, -0.9803296), (0.4015032, -5.16203e-07, -0.9158577),
            (0.1905844, -0.05106657, -0.9803417), (0.4015032, -5.16203e-07, -0.9158577), (0.3876698, -0.1038741, -0.9159271),
            (0.1709234, -0.09868323, -0.9803301), (0.1905844, -0.05106657, -0.9803417), (0.3876698, -0.1038741, -0.9159271),
            (0.1709234, -0.09868323, -0.9803301), (0.3876698, -0.1038741, -0.9159271), (0.3477114, -0.2007486, -0.9158586),
            (0.1239188, -3.43961e-07, -0.9922924), (0.1197485, 0.03208315, -0.9922858), (0.1905838, 0.05106657, -0.9803418),
            (0.1239188, -3.43961e-07, -0.9922924), (0.1905838, 0.05106657, -0.9803418), (0.1973674, 0, -0.9803296),
            (0.1197485, 0.03208315, -0.9922858), (0.10732, 0.06195908, -0.9922921), (0.1709305, 0.09868538, -0.9803285),
            (0.1197485, 0.03208315, -0.9922858), (0.1709305, 0.09868538, -0.9803285), (0.1905838, 0.05106657, -0.9803418),
            (0.1905838, 0.05106657, -0.9803418), (0.1709305, 0.09868538, -0.9803285), (0.3477131, 0.2007511, -0.9158573),
            (0.1905838, 0.05106657, -0.9803418), (0.3477131, 0.2007511, -0.9158573), (0.3876698, 0.103875, -0.9159269),
            (0.1973674, 0, -0.9803296), (0.1905838, 0.05106657, -0.9803418), (0.3876698, 0.103875, -0.9159269),
            (0.1973674, 0, -0.9803296), (0.3876698, 0.103875, -0.9159269), (0.4015032, -5.16203e-07, -0.9158577),
            (0.10732, 0.06195908, -0.9922921), (0.08765554, 0.08766376, -0.992286), (0.1395121, 0.1395169, -0.9803425),
            (0.10732, 0.06195908, -0.9922921), (0.1395121, 0.1395169, -0.9803425), (0.1709305, 0.09868538, -0.9803285),
            (0.08765554, 0.08766376, -0.992286), (0.06195831, 0.1073155, -0.9922927), (0.09868472, 0.1709244, -0.9803296),
            (0.08765554, 0.08766376, -0.992286), (0.09868472, 0.1709244, -0.9803296), (0.1395121, 0.1395169, -0.9803425),
            (0.1395121, 0.1395169, -0.9803425), (0.09868472, 0.1709244, -0.9803296), (0.2007507, 0.34771, -0.9158586),
            (0.1395121, 0.1395169, -0.9803425), (0.2007507, 0.34771, -0.9158586), (0.2838022, 0.2837996, -0.9159225),
            (0.1709305, 0.09868538, -0.9803285), (0.1395121, 0.1395169, -0.9803425), (0.2838022, 0.2837996, -0.9159225),
            (0.1709305, 0.09868538, -0.9803285), (0.2838022, 0.2837996, -0.9159225), (0.3477131, 0.2007511, -0.9158573),
            (0.06195831, 0.1073155, -0.9922927), (0.03208506, 0.1197464, -0.992286), (0.0510692, 0.1905791, -0.9803426),
            (0.06195831, 0.1073155, -0.9922927), (0.0510692, 0.1905791, -0.9803426), (0.09868472, 0.1709244, -0.9803296),
            (0.03208506, 0.1197464, -0.992286), (0, 0.1239174, -0.9922926), (-2.65271e-06, 0.197351, -0.9803329),
            (0.03208506, 0.1197464, -0.992286), (-2.65271e-06, 0.197351, -0.9803329), (0.0510692, 0.1905791, -0.9803426),
            (0.0510692, 0.1905791, -0.9803426), (-2.65271e-06, 0.197351, -0.9803329), (8.65974e-07, 0.4015116, -0.915854),
            (0.0510692, 0.1905791, -0.9803426), (8.65974e-07, 0.4015116, -0.915854), (0.1038793, 0.3876733, -0.915925),
            (0.09868472, 0.1709244, -0.9803296), (0.0510692, 0.1905791, -0.9803426), (0.1038793, 0.3876733, -0.915925),
            (0.09868472, 0.1709244, -0.9803296), (0.1038793, 0.3876733, -0.915925), (0.2007507, 0.34771, -0.9158586),
            (0, 0.1239174, -0.9922926), (-0.03208655, 0.1197469, -0.9922859), (-0.0510661, 0.1905804, -0.9803425),
            (0, 0.1239174, -0.9922926), (-0.0510661, 0.1905804, -0.9803425), (-2.65271e-06, 0.197351, -0.9803329),
            (-0.03208655, 0.1197469, -0.9922859), (-0.06195908, 0.1073161, -0.9922925), (-0.0986824, 0.1709227, -0.9803302),
            (-0.03208655, 0.1197469, -0.9922859), (-0.0986824, 0.1709227, -0.9803302), (-0.0510661, 0.1905804, -0.9803425),
            (-0.0510661, 0.1905804, -0.9803425), (-0.0986824, 0.1709227, -0.9803302), (-0.2007533, 0.3477123, -0.9158571),
            (-0.0510661, 0.1905804, -0.9803425), (-0.2007533, 0.3477123, -0.9158571), (-0.1038799, 0.3876708, -0.9159259),
            (-2.65271e-06, 0.197351, -0.9803329), (-0.0510661, 0.1905804, -0.9803425), (-0.1038799, 0.3876708, -0.9159259),
            (-2.65271e-06, 0.197351, -0.9803329), (-0.1038799, 0.3876708, -0.9159259), (8.65974e-07, 0.4015116, -0.915854),
            (-0.06195908, 0.1073161, -0.9922925), (-0.08766102, 0.08766043, -0.9922859), (-0.1395133, 0.1395139, -0.9803428),
            (-0.06195908, 0.1073161, -0.9922925), (-0.1395133, 0.1395139, -0.9803428), (-0.0986824, 0.1709227, -0.9803302),
            (-0.08766102, 0.08766043, -0.9922859), (-0.1073152, 0.06195908, -0.9922927), (-0.1709233, 0.09868317, -0.9803301),
            (-0.08766102, 0.08766043, -0.9922859), (-0.1709233, 0.09868317, -0.9803301), (-0.1395133, 0.1395139, -0.9803428),
            (-0.1395133, 0.1395139, -0.9803428), (-0.1709233, 0.09868317, -0.9803301), (-0.347712, 0.2007498, -0.915858),
            (-0.1395133, 0.1395139, -0.9803428), (-0.347712, 0.2007498, -0.915858), (-0.2838009, 0.2838008, -0.9159227),
            (-0.0986824, 0.1709227, -0.9803302), (-0.1395133, 0.1395139, -0.9803428), (-0.2838009, 0.2838008, -0.9159227),
            (-0.0986824, 0.1709227, -0.9803302), (-0.2838009, 0.2838008, -0.9159227), (-0.2007533, 0.3477123, -0.9158571),
            (-0.1073152, 0.06195908, -0.9922927), (-0.1197462, 0.03208661, -0.9922859), (-0.1905815, 0.05106717, -0.9803423),
            (-0.1073152, 0.06195908, -0.9922927), (-0.1905815, 0.05106717, -0.9803423), (-0.1709233, 0.09868317, -0.9803301),
            (-0.1197462, 0.03208661, -0.9922859), (-0.1216509, 0.006475627, -0.9925518), (-0.1972972, 0.02643162, -0.9799875),
            (-0.1197462, 0.03208661, -0.9922859), (-0.1972972, 0.02643162, -0.9799875), (-0.1905815, 0.05106717, -0.9803423),
            (-0.1905815, 0.05106717, -0.9803423), (-0.1972972, 0.02643162, -0.9799875), (-0.4442979, 0.01029038, -0.89582),
            (-0.1905815, 0.05106717, -0.9803423), (-0.4442979, 0.01029038, -0.89582), (-0.3876721, 0.1038785, -0.9159256),
            (-0.1709233, 0.09868317, -0.9803301), (-0.1905815, 0.05106717, -0.9803423), (-0.3876721, 0.1038785, -0.9159256),
            (-0.1709233, 0.09868317, -0.9803301), (-0.3876721, 0.1038785, -0.9159256), (-0.347712, 0.2007498, -0.915858),
            (-0.1299854, -0.01741456, -0.991363), (-0.1256493, -0.03366827, -0.9915033), (-0.1905795, -0.05106574, -0.9803428),
            (-0.1299854, -0.01741456, -0.991363), (-0.1905795, -0.05106574, -0.9803428), (-0.1972967, -0.02643233, -0.9799875),
            (-0.1256493, -0.03366827, -0.9915033), (-0.121275, -0.04991221, -0.9913634), (-0.1840776, -0.07575762, -0.9799879),
            (-0.1256493, -0.03366827, -0.9915033), (-0.1840776, -0.07575762, -0.9799879), (-0.1905795, -0.05106574, -0.9803428),
            (-0.1905795, -0.05106574, -0.9803428), (-0.1840776, -0.07575762, -0.9799879), (-0.2365595, -0.09735602, -0.9667272),
            (-0.1905795, -0.05106574, -0.9803428), (-0.2365595, -0.09735602, -0.9667272), (-0.2451853, -0.06569725, -0.9672477),
            (-0.1972967, -0.02643233, -0.9799875), (-0.1905795, -0.05106574, -0.9803428), (-0.2451853, -0.06569725, -0.9672477),
            (-0.1972967, -0.02643233, -0.9799875), (-0.2451853, -0.06569725, -0.9672477), (-0.2535478, -0.03396856, -0.9667263),
            (0.7650246, 0.4416916, -0.4686639), (0.6247282, 0.6247253, -0.4684368), (0.5946476, 0.5946486, -0.5410984),
            (0.7650246, 0.4416916, -0.4686639), (0.5946476, 0.5946486, -0.5410984), (0.7281041, 0.4203737, -0.5414337),
            (0.6247282, 0.6247253, -0.4684368), (0.4416896, 0.7650257, -0.4686641), (0.4203766, 0.7281071, -0.5414273),
            (0.6247282, 0.6247253, -0.4684368), (0.4203766, 0.7281071, -0.5414273), (0.5946476, 0.5946486, -0.5410984),
            (0.5946476, 0.5946486, -0.5410984), (0.4203766, 0.7281071, -0.5414273), (0.3983189, 0.689905, -0.6044611),
            (0.5946476, 0.5946486, -0.5410984), (0.3983189, 0.689905, -0.6044611), (0.5634153, 0.5634235, -0.6042494),
            (0.7281041, 0.4203737, -0.5414337), (0.5946476, 0.5946486, -0.5410984), (0.5634153, 0.5634235, -0.6042494),
            (0.7281041, 0.4203737, -0.5414337), (0.5634153, 0.5634235, -0.6042494), (0.6898992, 0.3983129, -0.6044718),
            (0.4416896, 0.7650257, -0.4686641), (0.2286683, 0.8533982, -0.4684257), (0.2176581, 0.8123096, -0.5410898),
            (0.4416896, 0.7650257, -0.4686641), (0.2176581, 0.8123096, -0.5410898), (0.4203766, 0.7281071, -0.5414273),
            (0.2286683, 0.8533982, -0.4684257), (1.26799e-06, 0.8833909, -0.4686371), (2.17587e-06, 0.8407543, -0.541417),
            (0.2286683, 0.8533982, -0.4684257), (2.17587e-06, 0.8407543, -0.541417), (0.2176581, 0.8123096, -0.5410898),
            (0.2176581, 0.8123096, -0.5410898), (2.17587e-06, 0.8407543, -0.541417), (4.02183e-06, 0.7966333, -0.6044629),
            (0.2176581, 0.8123096, -0.5410898), (4.02183e-06, 0.7966333, -0.6044629), (0.2062273, 0.7696529, -0.6042388),
            (0.4203766, 0.7281071, -0.5414273), (0.2176581, 0.8123096, -0.5410898), (0.2062273, 0.7696529, -0.6042388),
            (0.4203766, 0.7281071, -0.5414273), (0.2062273, 0.7696529, -0.6042388), (0.3983189, 0.689905, -0.6044611),
            (1.26799e-06, 0.8833909, -0.4686371), (-0.228667, 0.8533962, -0.4684296), (-0.217659, 0.8123067, -0.5410937),
            (1.26799e-06, 0.8833909, -0.4686371), (-0.217659, 0.8123067, -0.5410937), (2.17587e-06, 0.8407543, -0.541417),
            (-0.228667, 0.8533962, -0.4684296), (-0.4416928, 0.7650239, -0.4686639), (-0.4203737, 0.7281047, -0.541433),
            (-0.228667, 0.8533962, -0.4684296), (-0.4203737, 0.7281047, -0.541433), (-0.217659, 0.8123067, -0.5410937),
            (-0.217659, 0.8123067, -0.5410937), (-0.4203737, 0.7281047, -0.541433), (-0.3983125, 0.6899002, -0.6044708),
            (-0.217659, 0.8123067, -0.5410937), (-0.3983125, 0.6899002, -0.6044708), (-0.2062259, 0.7696479, -0.6042459),
            (2.17587e-06, 0.8407543, -0.541417), (-0.217659, 0.8123067, -0.5410937), (-0.2062259, 0.7696479, -0.6042459),
            (2.17587e-06, 0.8407543, -0.541417), (-0.2062259, 0.7696479, -0.6042459), (4.02183e-06, 0.7966333, -0.6044629),
            (-0.4416928, 0.7650239, -0.4686639), (-0.6247256, 0.624727, -0.468438), (-0.5946484, 0.5946468, -0.5410993),
            (-0.4416928, 0.7650239, -0.4686639), (-0.5946484, 0.5946468, -0.5410993), (-0.4203737, 0.7281047, -0.541433),
            (-0.6247256, 0.624727, -0.468438), (-0.7650264, 0.4416899, -0.4686627), (-0.7281045, 0.4203733, -0.5414334),
            (-0.6247256, 0.624727, -0.468438), (-0.7281045, 0.4203733, -0.5414334), (-0.5946484, 0.5946468, -0.5410993),
            (-0.5946484, 0.5946468, -0.5410993), (-0.7281045, 0.4203733, -0.5414334), (-0.6898986, 0.3983129, -0.6044724),
            (-0.5946484, 0.5946468, -0.5410993), (-0.6898986, 0.3983129, -0.6044724), (-0.5634202, 0.5634196, -0.6042484),
            (-0.4203737, 0.7281047, -0.541433), (-0.5946484, 0.5946468, -0.5410993), (-0.5634202, 0.5634196, -0.6042484),
            (-0.4203737, 0.7281047, -0.541433), (-0.5634202, 0.5634196, -0.6042484), (-0.3983125, 0.6899002, -0.6044708),
            (-0.7650264, 0.4416899, -0.4686627), (-0.8534031, 0.228671, -0.4684152), (-0.8123129, 0.217661, -0.5410836),
            (-0.7650264, 0.4416899, -0.4686627), (-0.8123129, 0.217661, -0.5410836), (-0.7281045, 0.4203733, -0.5414334),
            (-0.8534031, 0.228671, -0.4684152), (-0.8833856, -2.68759e-06, -0.468647), (-0.8407487, -1.7545e-06, -0.5414256),
            (-0.8534031, 0.228671, -0.4684152), (-0.8407487, -1.7545e-06, -0.5414256), (-0.8123129, 0.217661, -0.5410836),
            (-0.8123129, 0.217661, -0.5410836), (-0.8407487, -1.7545e-06, -0.5414256), (-0.7966265, -9.85351e-07, -0.6044719),
            (-0.8123129, 0.217661, -0.5410836), (-0.7966265, -9.85351e-07, -0.6044719), (-0.7696529, 0.2062299, -0.604238),
            (-0.7281045, 0.4203733, -0.5414334), (-0.8123129, 0.217661, -0.5410836), (-0.7696529, 0.2062299, -0.604238),
            (-0.7281045, 0.4203733, -0.5414334), (-0.7696529, 0.2062299, -0.604238), (-0.6898986, 0.3983129, -0.6044724),
            (-0.8833856, -2.68759e-06, -0.468647), (-0.8534045, -0.2286642, -0.468416), (-0.8123152, -0.2176577, -0.5410814),
            (-0.8833856, -2.68759e-06, -0.468647), (-0.8123152, -0.2176577, -0.5410814), (-0.8407487, -1.7545e-06, -0.5414256),
            (-0.8534045, -0.2286642, -0.468416), (-0.765023, -0.4416936, -0.4686648), (-0.7281038, -0.4203754, -0.5414327),
            (-0.8534045, -0.2286642, -0.468416), (-0.7281038, -0.4203754, -0.5414327), (-0.8123152, -0.2176577, -0.5410814),
            (-0.8123152, -0.2176577, -0.5410814), (-0.7281038, -0.4203754, -0.5414327), (-0.6898998, -0.3983141, -0.6044702),
            (-0.8123152, -0.2176577, -0.5410814), (-0.6898998, -0.3983141, -0.6044702), (-0.7696564, -0.2062265, -0.6042349),
            (-0.8407487, -1.7545e-06, -0.5414256), (-0.8123152, -0.2176577, -0.5410814), (-0.7696564, -0.2062265, -0.6042349),
            (-0.8407487, -1.7545e-06, -0.5414256), (-0.7696564, -0.2062265, -0.6042349), (-0.7966265, -9.85351e-07, -0.6044719),
            (-0.765023, -0.4416936, -0.4686648), (-0.6247253, -0.6247253, -0.4684406), (-0.5946489, -0.5946497, -0.5410957),
            (-0.765023, -0.4416936, -0.4686648), (-0.5946489, -0.5946497, -0.5410957), (-0.7281038, -0.4203754, -0.5414327),
            (-0.6247253, -0.6247253, -0.4684406), (-0.4416913, -0.7650272, -0.4686598), (-0.4203753, -0.7281044, -0.5414322),
            (-0.6247253, -0.6247253, -0.4684406), (-0.4203753, -0.7281044, -0.5414322), (-0.5946489, -0.5946497, -0.5410957),
            (-0.5946489, -0.5946497, -0.5410957), (-0.4203753, -0.7281044, -0.5414322), (-0.3983163, -0.6898974, -0.6044714),
            (-0.5946489, -0.5946497, -0.5410957), (-0.3983163, -0.6898974, -0.6044714), (-0.5634245, -0.5634252, -0.6042392),
            (-0.7281038, -0.4203754, -0.5414327), (-0.5946489, -0.5946497, -0.5410957), (-0.5634245, -0.5634252, -0.6042392),
            (-0.7281038, -0.4203754, -0.5414327), (-0.5634245, -0.5634252, -0.6042392), (-0.6898998, -0.3983141, -0.6044702),
            (-0.4416913, -0.7650272, -0.4686598), (-0.2286664, -0.8533952, -0.4684318), (-0.2176569, -0.8123055, -0.5410965),
            (-0.4416913, -0.7650272, -0.4686598), (-0.2176569, -0.8123055, -0.5410965), (-0.4203753, -0.7281044, -0.5414322),
            (-0.2286664, -0.8533952, -0.4684318), (-1.05206e-06, -0.8833903, -0.4686383), (-1.36408e-06, -0.8407508, -0.5414224),
            (-0.2286664, -0.8533952, -0.4684318), (-1.36408e-06, -0.8407508, -0.5414224), (-0.2176569, -0.8123055, -0.5410965),
            (-0.2176569, -0.8123055, -0.5410965), (-1.36408e-06, -0.8407508, -0.5414224), (-8.09392e-07, -0.796626, -0.6044727),
            (-0.2176569, -0.8123055, -0.5410965), (-8.09392e-07, -0.796626, -0.6044727), (-0.2062237, -0.7696475, -0.6042472),
            (-0.4203753, -0.7281044, -0.5414322), (-0.2176569, -0.8123055, -0.5410965), (-0.2062237, -0.7696475, -0.6042472),
            (-0.4203753, -0.7281044, -0.5414322), (-0.2062237, -0.7696475, -0.6042472), (-0.3983163, -0.6898974, -0.6044714),
            (-1.05206e-06, -0.8833903, -0.4686383), (0.2286664, -0.8533942, -0.4684336), (0.2176569, -0.8123042, -0.5410982),
            (-1.05206e-06, -0.8833903, -0.4686383), (0.2176569, -0.8123042, -0.5410982), (-1.36408e-06, -0.8407508, -0.5414224),
            (0.2286664, -0.8533942, -0.4684336), (0.4416897, -0.7650271, -0.4686619), (0.420372, -0.7281045, -0.5414345),
            (0.2286664, -0.8533942, -0.4684336), (0.420372, -0.7281045, -0.5414345), (0.2176569, -0.8123042, -0.5410982),
            (0.2176569, -0.8123042, -0.5410982), (0.420372, -0.7281045, -0.5414345), (0.3983125, -0.6898936, -0.6044783),
            (0.2176569, -0.8123042, -0.5410982), (0.3983125, -0.6898936, -0.6044783), (0.2062258, -0.7696439, -0.6042512),
            (-1.36408e-06, -0.8407508, -0.5414224), (0.2176569, -0.8123042, -0.5410982), (0.2062258, -0.7696439, -0.6042512),
            (-1.36408e-06, -0.8407508, -0.5414224), (0.2062258, -0.7696439, -0.6042512), (-8.09392e-07, -0.796626, -0.6044727),
            (0.4416897, -0.7650271, -0.4686619), (0.6247203, -0.6247183, -0.4684566), (0.5946474, -0.5946441, -0.5411034),
            (0.4416897, -0.7650271, -0.4686619), (0.5946474, -0.5946441, -0.5411034), (0.420372, -0.7281045, -0.5414345),
            (0.6247203, -0.6247183, -0.4684566), (0.7650255, -0.4416899, -0.4686641), (0.7281041, -0.4203723, -0.5414348),
            (0.6247203, -0.6247183, -0.4684566), (0.7281041, -0.4203723, -0.5414348), (0.5946474, -0.5946441, -0.5411034),
            (0.5946474, -0.5946441, -0.5411034), (0.7281041, -0.4203723, -0.5414348), (0.689899, -0.3983133, -0.6044718),
            (0.5946474, -0.5946441, -0.5411034), (0.689899, -0.3983133, -0.6044718), (0.5634247, -0.5634224, -0.6042416),
            (0.420372, -0.7281045, -0.5414345), (0.5946474, -0.5946441, -0.5411034), (0.5634247, -0.5634224, -0.6042416),
            (0.420372, -0.7281045, -0.5414345), (0.5634247, -0.5634224, -0.6042416), (0.3983125, -0.6898936, -0.6044783),
            (0.7650255, -0.4416899, -0.4686641), (0.8533956, -0.2286674, -0.4684307), (0.8123049, -0.2176584, -0.5410966),
            (0.7650255, -0.4416899, -0.4686641), (0.8123049, -0.2176584, -0.5410966), (0.7281041, -0.4203723, -0.5414348),
            (0.8533956, -0.2286674, -0.4684307), (0.8833898, -1.24042e-06, -0.468639), (0.8407461, 4.61837e-07, -0.5414296),
            (0.8533956, -0.2286674, -0.4684307), (0.8407461, 4.61837e-07, -0.5414296), (0.8123049, -0.2176584, -0.5410966),
            (0.8123049, -0.2176584, -0.5410966), (0.8407461, 4.61837e-07, -0.5414296), (0.7966163, 1.69923e-06, -0.6044853),
            (0.8123049, -0.2176584, -0.5410966), (0.7966163, 1.69923e-06, -0.6044853), (0.7696473, -0.2062267, -0.6042464),
            (0.7281041, -0.4203723, -0.5414348), (0.8123049, -0.2176584, -0.5410966), (0.7696473, -0.2062267, -0.6042464),
            (0.7281041, -0.4203723, -0.5414348), (0.7696473, -0.2062267, -0.6042464), (0.689899, -0.3983133, -0.6044718),
            (0.8833898, -1.24042e-06, -0.468639), (0.8533947, 0.2286668, -0.4684326), (0.8123059, 0.2176587, -0.5410952),
            (0.8833898, -1.24042e-06, -0.468639), (0.8123059, 0.2176587, -0.5410952), (0.8407461, 4.61837e-07, -0.5414296),
            (0.8533947, 0.2286668, -0.4684326), (0.7650246, 0.4416916, -0.4686639), (0.7281041, 0.4203737, -0.5414337),
            (0.8533947, 0.2286668, -0.4684326), (0.7281041, 0.4203737, -0.5414337), (0.8123059, 0.2176587, -0.5410952),
            (0.8123059, 0.2176587, -0.5410952), (0.7281041, 0.4203737, -0.5414337), (0.6898992, 0.3983129, -0.6044718),
            (0.8123059, 0.2176587, -0.5410952), (0.6898992, 0.3983129, -0.6044718), (0.7696455, 0.2062265, -0.6042486),
            (0.8407461, 4.61837e-07, -0.5414296), (0.8123059, 0.2176587, -0.5410952), (0.7696455, 0.2062265, -0.6042486),
            (0.8407461, 4.61837e-07, -0.5414296), (0.7696455, 0.2062265, -0.6042486), (0.7966163, 1.69923e-06, -0.6044853),
            (-0.03141194, -0.05192804, -0.9981567), (-0.04606962, -0.04885095, -0.9977431), (-0.01238584, -0.01238715, -0.9998466),
            (-0.03141194, -0.05192804, -0.9981567), (-0.01238584, -0.01238715, -0.9998466), (-0.005095422, -0.008827686, -0.9999482),
            (-0.05316811, -0.02926498, -0.9981567), (-0.008826971, -0.005096852, -0.9999481), (-0.01238584, -0.01238715, -0.9998466),
            (-0.05316811, -0.02926498, -0.9981567), (-0.01238584, -0.01238715, -0.9998466), (-0.04606962, -0.04885095, -0.9977431),
            (0, 0, -1), (-0.005095422, -0.008827686, -0.9999482), (-0.01238584, -0.01238715, -0.9998466),
            (0, 0, -1), (-0.01238584, -0.01238715, -0.9998466), (-0.008826971, -0.005096852, -0.9999481),
            (-0.00124067, -0.06067067, -0.9981572), (-0.0154826, -0.06533908, -0.9977431), (-0.004536926, -0.01691693, -0.9998467),
            (-0.00124067, -0.06067067, -0.9981572), (-0.004536926, -0.01691693, -0.9998467), (0, -0.01018399, -0.9999482),
            (-0.03141194, -0.05192804, -0.9981567), (-0.005095422, -0.008827686, -0.9999482), (-0.004536926, -0.01691693, -0.9998467),
            (-0.03141194, -0.05192804, -0.9981567), (-0.004536926, -0.01691693, -0.9998467), (-0.0154826, -0.06533908, -0.9977431),
            (0, 0, -1), (0, -0.01018399, -0.9999482), (-0.004536926, -0.01691693, -0.9998467),
            (0, 0, -1), (-0.004536926, -0.01691693, -0.9998467), (-0.005095422, -0.008827686, -0.9999482),
            (0.02926415, -0.05316835, -0.9981567), (0.01928454, -0.06431972, -0.9977431), (0.004536926, -0.01691693, -0.9998467),
            (0.02926415, -0.05316835, -0.9981567), (0.004536926, -0.01691693, -0.9998467), (0.005095303, -0.008827626, -0.9999481),
            (-0.00124067, -0.06067067, -0.9981572), (0, -0.01018399, -0.9999482), (0.004536926, -0.01691693, -0.9998467),
            (-0.00124067, -0.06067067, -0.9981572), (0.004536926, -0.01691693, -0.9998467), (0.01928454, -0.06431972, -0.9977431),
            (0, 0, -1), (0.005095303, -0.008827626, -0.9999481), (0.004536926, -0.01691693, -0.9998467),
            (0, 0, -1), (0.004536926, -0.01691693, -0.9998467), (0, -0.01018399, -0.9999482),
            (0.0519281, -0.03141313, -0.9981567), (0.04885065, -0.04606932, -0.9977431), (0.01238608, -0.01238739, -0.9998466),
            (0.0519281, -0.03141313, -0.9981567), (0.01238608, -0.01238739, -0.9998466), (0.008826613, -0.005096435, -0.9999481),
            (0.02926415, -0.05316835, -0.9981567), (0.005095303, -0.008827626, -0.9999481), (0.01238608, -0.01238739, -0.9998466),
            (0.02926415, -0.05316835, -0.9981567), (0.01238608, -0.01238739, -0.9998466), (0.04885065, -0.04606932, -0.9977431),
            (0, 0, -1), (0.008826613, -0.005096435, -0.9999481), (0.01238608, -0.01238739, -0.9998466),
            (0, 0, -1), (0.01238608, -0.01238739, -0.9998466), (0.005095303, -0.008827626, -0.9999481),
            (0.06067693, -0.001240015, -0.9981568), (0.06534117, -0.01547187, -0.9977431), (0.01691985, -0.004534125, -0.9998466),
            (0.06067693, -0.001240015, -0.9981568), (0.01691985, -0.004534125, -0.9998466), (0.01019299, 0, -0.9999481),
            (0.0519281, -0.03141313, -0.9981567), (0.008826613, -0.005096435, -0.9999481), (0.01691985, -0.004534125, -0.9998466),
            (0.0519281, -0.03141313, -0.9981567), (0.01691985, -0.004534125, -0.9998466), (0.06534117, -0.01547187, -0.9977431),
            (0, 0, -1), (0.01019299, 0, -0.9999481), (0.01691985, -0.004534125, -0.9998466),
            (0, 0, -1), (0.01691985, -0.004534125, -0.9998466), (0.008826613, -0.005096435, -0.9999481),
            (0.05316793, 0.02926486, -0.9981567), (0.06432324, 0.01927179, -0.9977431), (0.0169205, 0.004533886, -0.9998466),
            (0.05316793, 0.02926486, -0.9981567), (0.0169205, 0.004533886, -0.9998466), (0.008826792, 0.005096554, -0.9999482),
            (0.06067693, -0.001240015, -0.9981568), (0.01019299, 0, -0.9999481), (0.0169205, 0.004533886, -0.9998466),
            (0.06067693, -0.001240015, -0.9981568), (0.0169205, 0.004533886, -0.9998466), (0.06432324, 0.01927179, -0.9977431),
            (0, 0, -1), (0.008826792, 0.005096554, -0.9999482), (0.0169205, 0.004533886, -0.9998466),
            (0, 0, -1), (0.0169205, 0.004533886, -0.9998466), (0.01019299, 0, -0.9999481),
            (0.03141272, 0.05192768, -0.9981567), (0.04607015, 0.04885101, -0.997743), (0.01238757, 0.01238697, -0.9998466),
            (0.03141272, 0.05192768, -0.9981567), (0.01238757, 0.01238697, -0.9998466), (0.005096018, 0.008827745, -0.9999482),
            (0.05316793, 0.02926486, -0.9981567), (0.008826792, 0.005096554, -0.9999482), (0.01238757, 0.01238697, -0.9998466),
            (0.05316793, 0.02926486, -0.9981567), (0.01238757, 0.01238697, -0.9998466), (0.04607015, 0.04885101, -0.997743),
            (0, 0, -1), (0.005096018, 0.008827745, -0.9999482), (0.01238757, 0.01238697, -0.9998466),
            (0, 0, -1), (0.01238757, 0.01238697, -0.9998466), (0.008826792, 0.005096554, -0.9999482),
            (0.001240015, 0.06067639, -0.9981568), (0.01547163, 0.06534075, -0.9977431), (0.00453341, 0.01692098, -0.9998466),
            (0.001240015, 0.06067639, -0.9981568), (0.00453341, 0.01692098, -0.9998466), (0, 0.01019281, -0.9999481),
            (0.03141272, 0.05192768, -0.9981567), (0.005096018, 0.008827745, -0.9999482), (0.00453341, 0.01692098, -0.9998466),
            (0.03141272, 0.05192768, -0.9981567), (0.00453341, 0.01692098, -0.9998466), (0.01547163, 0.06534075, -0.9977431),
            (0, 0, -1), (0, 0.01019281, -0.9999481), (0.00453341, 0.01692098, -0.9998466),
            (0, 0, -1), (0.00453341, 0.01692098, -0.9998466), (0.005096018, 0.008827745, -0.9999482),
            (-0.02926582, 0.0531671, -0.9981568), (-0.01927143, 0.06432259, -0.9977431), (-0.00453341, 0.01692098, -0.9998466),
            (-0.02926582, 0.0531671, -0.9981568), (-0.00453341, 0.01692098, -0.9998466), (-0.005096137, 0.008827805, -0.9999481),
            (0.001240015, 0.06067639, -0.9981568), (0, 0.01019281, -0.9999481), (-0.00453341, 0.01692098, -0.9998466),
            (0.001240015, 0.06067639, -0.9981568), (-0.00453341, 0.01692098, -0.9998466), (-0.01927143, 0.06432259, -0.9977431),
            (0, 0, -1), (-0.005096137, 0.008827805, -0.9999481), (-0.00453341, 0.01692098, -0.9998466),
            (0, 0, -1), (-0.00453341, 0.01692098, -0.9998466), (0, 0.01019281, -0.9999481),
            (-0.05192756, 0.03141236, -0.9981568), (-0.0488519, 0.04606872, -0.9977431), (-0.01238733, 0.01238673, -0.9998466),
            (-0.05192756, 0.03141236, -0.9981568), (-0.01238733, 0.01238673, -0.9998466), (-0.008827149, 0.005096912, -0.9999482),
            (-0.02926582, 0.0531671, -0.9981568), (-0.005096137, 0.008827805, -0.9999481), (-0.01238733, 0.01238673, -0.9998466),
            (-0.02926582, 0.0531671, -0.9981568), (-0.01238733, 0.01238673, -0.9998466), (-0.0488519, 0.04606872, -0.9977431),
            (0, 0, -1), (-0.008827149, 0.005096912, -0.9999482), (-0.01238733, 0.01238673, -0.9998466),
            (0, 0, -1), (-0.01238733, 0.01238673, -0.9998466), (-0.005096137, 0.008827805, -0.9999481),
            (-0.06067609, 0.001239955, -0.9981567), (-0.06534051, 0.01547163, -0.9977432), (-0.01692104, 0.004533827, -0.9998466),
            (-0.06067609, 0.001239955, -0.9981567), (-0.01692104, 0.004533827, -0.9998466), (-0.01019245, 0, -0.9999482),
            (-0.05192756, 0.03141236, -0.9981568), (-0.008827149, 0.005096912, -0.9999482), (-0.01692104, 0.004533827, -0.9998466),
            (-0.05192756, 0.03141236, -0.9981568), (-0.01692104, 0.004533827, -0.9998466), (-0.06534051, 0.01547163, -0.9977432),
            (0, 0, -1), (-0.01019245, 0, -0.9999482), (-0.01692104, 0.004533827, -0.9998466),
            (0, 0, -1), (-0.01692104, 0.004533827, -0.9998466), (-0.008827149, 0.005096912, -0.9999482),
            (-0.05316811, -0.02926498, -0.9981567), (-0.06432276, -0.01927196, -0.9977431), (-0.01692044, -0.004534065, -0.9998466),
            (-0.05316811, -0.02926498, -0.9981567), (-0.01692044, -0.004534065, -0.9998466), (-0.008826971, -0.005096852, -0.9999481),
            (-0.06067609, 0.001239955, -0.9981567), (-0.01019245, 0, -0.9999482), (-0.01692044, -0.004534065, -0.9998466),
            (-0.06067609, 0.001239955, -0.9981567), (-0.01692044, -0.004534065, -0.9998466), (-0.06432276, -0.01927196, -0.9977431),
            (0, 0, -1), (-0.008826971, -0.005096852, -0.9999481), (-0.01692044, -0.004534065, -0.9998466),
            (0, 0, -1), (-0.01692044, -0.004534065, -0.9998466), (-0.01019245, 0, -0.9999482),
            (0.2007537, -0.3477128, -0.9158569), (0.2838008, -0.2837991, -0.9159231), (0.390143, -0.3901388, -0.8340145),
            (0.2007537, -0.3477128, -0.9158569), (0.390143, -0.3901388, -0.8340145), (0.2757878, -0.4776791, -0.8341246),
            (0.2838008, -0.2837991, -0.9159231), (0.3477114, -0.2007486, -0.9158586), (0.4776917, -0.2758001, -0.8341134),
            (0.2838008, -0.2837991, -0.9159231), (0.4776917, -0.2758001, -0.8341134), (0.390143, -0.3901388, -0.8340145),
            (0.390143, -0.3901388, -0.8340145), (0.4776917, -0.2758001, -0.8341134), (0.3577539, -0.2065521, -0.9106857),
            (0.390143, -0.3901388, -0.8340145), (0.3577539, -0.2065521, -0.9106857), (0.292555, -0.2925486, -0.9103994),
            (0.2757878, -0.4776791, -0.8341246), (0.390143, -0.3901388, -0.8340145), (0.292555, -0.2925486, -0.9103994),
            (0.2757878, -0.4776791, -0.8341246), (0.292555, -0.2925486, -0.9103994), (0.206558, -0.3577679, -0.9106788),
            (1.53415e-06, -0.4015097, -0.9158549), (0.1038787, -0.3876699, -0.9159264), (0.1428015, -0.5329371, -0.8340178),
            (1.53415e-06, -0.4015097, -0.9158549), (0.1428015, -0.5329371, -0.8340178), (-8.46073e-07, -0.5515879, -0.8341168),
            (0.1038787, -0.3876699, -0.9159264), (0.2007537, -0.3477128, -0.9158569), (0.2757878, -0.4776791, -0.8341246),
            (0.1038787, -0.3876699, -0.9159264), (0.2757878, -0.4776791, -0.8341246), (0.1428015, -0.5329371, -0.8340178),
            (0.1428015, -0.5329371, -0.8340178), (0.2757878, -0.4776791, -0.8341246), (0.206558, -0.3577679, -0.9106788),
            (0.1428015, -0.5329371, -0.8340178), (0.206558, -0.3577679, -0.9106788), (0.1070771, -0.3996087, -0.9104105),
            (-8.46073e-07, -0.5515879, -0.8341168), (0.1428015, -0.5329371, -0.8340178), (0.1070771, -0.3996087, -0.9104105),
            (-8.46073e-07, -0.5515879, -0.8341168), (0.1070771, -0.3996087, -0.9104105), (3.05716e-07, -0.4130771, -0.9106962),
            (-0.2007561, -0.3477125, -0.9158565), (-0.1038804, -0.3876758, -0.9159238), (-0.1428013, -0.5329449, -0.8340129),
            (-0.2007561, -0.3477125, -0.9158565), (-0.1428013, -0.5329449, -0.8340129), (-0.2757939, -0.4776841, -0.8341196),
            (-0.1038804, -0.3876758, -0.9159238), (1.53415e-06, -0.4015097, -0.9158549), (-8.46073e-07, -0.5515879, -0.8341168),
            (-0.1038804, -0.3876758, -0.9159238), (-8.46073e-07, -0.5515879, -0.8341168), (-0.1428013, -0.5329449, -0.8340129),
            (-0.1428013, -0.5329449, -0.8340129), (-8.46073e-07, -0.5515879, -0.8341168), (3.05716e-07, -0.4130771, -0.9106962),
            (-0.1428013, -0.5329449, -0.8340129), (3.05716e-07, -0.4130771, -0.9106962), (-0.1070759, -0.3996058, -0.910412),
            (-0.2757939, -0.4776841, -0.8341196), (-0.1428013, -0.5329449, -0.8340129), (-0.1070759, -0.3996058, -0.910412),
            (-0.2757939, -0.4776841, -0.8341196), (-0.1070759, -0.3996058, -0.910412), (-0.2065451, -0.3577443, -0.910691),
            (-0.3796302, -0.2310634, -0.8958184), (-0.2838009, -0.2837982, -0.9159234), (-0.3901377, -0.3901394, -0.8340168),
            (-0.3796302, -0.2310634, -0.8958184), (-0.3901377, -0.3901394, -0.8340168), (-0.4776796, -0.2757894, -0.8341239),
            (-0.2838009, -0.2837982, -0.9159234), (-0.2007561, -0.3477125, -0.9158565), (-0.2757939, -0.4776841, -0.8341196),
            (-0.2838009, -0.2837982, -0.9159234), (-0.2757939, -0.4776841, -0.8341196), (-0.3901377, -0.3901394, -0.8340168),
            (-0.3901377, -0.3901394, -0.8340168), (-0.2757939, -0.4776841, -0.8341196), (-0.2065451, -0.3577443, -0.910691),
            (-0.3901377, -0.3901394, -0.8340168), (-0.2065451, -0.3577443, -0.910691), (-0.2925283, -0.2925321, -0.9104132),
            (-0.4776796, -0.2757894, -0.8341239), (-0.3901377, -0.3901394, -0.8340168), (-0.2925283, -0.2925321, -0.9104132),
            (-0.4776796, -0.2757894, -0.8341239), (-0.2925283, -0.2925321, -0.9104132), (-0.357744, -0.2065434, -0.9106916),
            (-0.4442979, 0.01029038, -0.89582), (-0.5029343, -0.1347622, -0.8537544), (-0.5329332, -0.1428001, -0.8340207),
            (-0.4442979, 0.01029038, -0.89582), (-0.5329332, -0.1428001, -0.8340207), (-0.5515814, 9.79542e-07, -0.8341212),
            (-0.5029343, -0.1347622, -0.8537544), (-0.3796302, -0.2310634, -0.8958184), (-0.4776796, -0.2757894, -0.8341239),
            (-0.5029343, -0.1347622, -0.8537544), (-0.4776796, -0.2757894, -0.8341239), (-0.5329332, -0.1428001, -0.8340207),
            (-0.5329332, -0.1428001, -0.8340207), (-0.4776796, -0.2757894, -0.8341239), (-0.357744, -0.2065434, -0.9106916),
            (-0.5329332, -0.1428001, -0.8340207), (-0.357744, -0.2065434, -0.9106916), (-0.3996072, -0.1070765, -0.9104113),
            (-0.5515814, 9.79542e-07, -0.8341212), (-0.5329332, -0.1428001, -0.8340207), (-0.3996072, -0.1070765, -0.9104113),
            (-0.5515814, 9.79542e-07, -0.8341212), (-0.3996072, -0.1070765, -0.9104113), (-0.4130882, 7.99058e-07, -0.9106911),
            (-0.347712, 0.2007498, -0.915858), (-0.3876721, 0.1038785, -0.9159256), (-0.532937, 0.1428005, -0.8340182),
            (-0.347712, 0.2007498, -0.915858), (-0.532937, 0.1428005, -0.8340182), (-0.4776808, 0.27579, -0.8341228),
            (-0.3876721, 0.1038785, -0.9159256), (-0.4442979, 0.01029038, -0.89582), (-0.5515814, 9.79542e-07, -0.8341212),
            (-0.3876721, 0.1038785, -0.9159256), (-0.5515814, 9.79542e-07, -0.8341212), (-0.532937, 0.1428005, -0.8340182),
            (-0.532937, 0.1428005, -0.8340182), (-0.5515814, 9.79542e-07, -0.8341212), (-0.4130882, 7.99058e-07, -0.9106911),
            (-0.532937, 0.1428005, -0.8340182), (-0.4130882, 7.99058e-07, -0.9106911), (-0.3996094, 0.1070744, -0.9104107),
            (-0.4776808, 0.27579, -0.8341228), (-0.532937, 0.1428005, -0.8340182), (-0.3996094, 0.1070744, -0.9104107),
            (-0.4776808, 0.27579, -0.8341228), (-0.3996094, 0.1070744, -0.9104107), (-0.357738, 0.2065405, -0.9106946),
            (-0.2007533, 0.3477123, -0.9158571), (-0.2838009, 0.2838008, -0.9159227), (-0.3901401, 0.3901392, -0.8340156),
            (-0.2007533, 0.3477123, -0.9158571), (-0.3901401, 0.3901392, -0.8340156), (-0.2757888, 0.4776836, -0.8341217),
            (-0.2838009, 0.2838008, -0.9159227), (-0.347712, 0.2007498, -0.915858), (-0.4776808, 0.27579, -0.8341228),
            (-0.2838009, 0.2838008, -0.9159227), (-0.4776808, 0.27579, -0.8341228), (-0.3901401, 0.3901392, -0.8340156),
            (-0.3901401, 0.3901392, -0.8340156), (-0.4776808, 0.27579, -0.8341228), (-0.357738, 0.2065405, -0.9106946),
            (-0.3901401, 0.3901392, -0.8340156), (-0.357738, 0.2065405, -0.9106946), (-0.2925329, 0.292531, -0.9104121),
            (-0.2757888, 0.4776836, -0.8341217), (-0.3901401, 0.3901392, -0.8340156), (-0.2925329, 0.292531, -0.9104121),
            (-0.2757888, 0.4776836, -0.8341217), (-0.2925329, 0.292531, -0.9104121), (-0.2065411, 0.3577447, -0.9106919),
            (8.65974e-07, 0.4015116, -0.915854), (-0.1038799, 0.3876708, -0.9159259), (-0.1427993, 0.5329353, -0.8340195),
            (8.65974e-07, 0.4015116, -0.915854), (-0.1427993, 0.5329353, -0.8340195), (1.85898e-06, 0.5515854, -0.8341185),
            (-0.1038799, 0.3876708, -0.9159259), (-0.2007533, 0.3477123, -0.9158571), (-0.2757888, 0.4776836, -0.8341217),
            (-0.1038799, 0.3876708, -0.9159259), (-0.2757888, 0.4776836, -0.8341217), (-0.1427993, 0.5329353, -0.8340195),
            (-0.1427993, 0.5329353, -0.8340195), (-0.2757888, 0.4776836, -0.8341217), (-0.2065411, 0.3577447, -0.9106919),
            (-0.1427993, 0.5329353, -0.8340195), (-0.2065411, 0.3577447, -0.9106919), (-0.1070746, 0.3996044, -0.9104128),
            (1.85898e-06, 0.5515854, -0.8341185), (-0.1427993, 0.5329353, -0.8340195), (-0.1070746, 0.3996044, -0.9104128),
            (1.85898e-06, 0.5515854, -0.8341185), (-0.1070746, 0.3996044, -0.9104128), (0, 0.4130759, -0.9106966),
            (0.2007507, 0.34771, -0.9158586), (0.1038793, 0.3876733, -0.915925), (0.1427992, 0.5329331, -0.8340208),
            (0.2007507, 0.34771, -0.9158586), (0.1427992, 0.5329331, -0.8340208), (0.2757882, 0.4776765, -0.8341259),
            (0.1038793, 0.3876733, -0.915925), (8.65974e-07, 0.4015116, -0.915854), (1.85898e-06, 0.5515854, -0.8341185),
            (0.1038793, 0.3876733, -0.915925), (1.85898e-06, 0.5515854, -0.8341185), (0.1427992, 0.5329331, -0.8340208),
            (0.1427992, 0.5329331, -0.8340208), (1.85898e-06, 0.5515854, -0.8341185), (0, 0.4130759, -0.9106966),
            (0.1427992, 0.5329331, -0.8340208), (0, 0.4130759, -0.9106966), (0.1070841, 0.3996337, -0.9103988),
            (0.2757882, 0.4776765, -0.8341259), (0.1427992, 0.5329331, -0.8340208), (0.1070841, 0.3996337, -0.9103988),
            (0.2757882, 0.4776765, -0.8341259), (0.1070841, 0.3996337, -0.9103988), (0.20656, 0.3577645, -0.9106798),
            (0.3477131, 0.2007511, -0.9158573), (0.2838022, 0.2837996, -0.9159225), (0.3901389, 0.3901381, -0.8340168),
            (0.3477131, 0.2007511, -0.9158573), (0.3901389, 0.3901381, -0.8340168), (0.4776957, 0.2757945, -0.8341129),
            (0.2838022, 0.2837996, -0.9159225), (0.2007507, 0.34771, -0.9158586), (0.2757882, 0.4776765, -0.8341259),
            (0.2838022, 0.2837996, -0.9159225), (0.2757882, 0.4776765, -0.8341259), (0.3901389, 0.3901381, -0.8340168),
            (0.3901389, 0.3901381, -0.8340168), (0.2757882, 0.4776765, -0.8341259), (0.20656, 0.3577645, -0.9106798),
            (0.3901389, 0.3901381, -0.8340168), (0.20656, 0.3577645, -0.9106798), (0.2925518, 0.2925508, -0.9103997),
            (0.4776957, 0.2757945, -0.8341129), (0.3901389, 0.3901381, -0.8340168), (0.2925518, 0.2925508, -0.9103997),
            (0.4776957, 0.2757945, -0.8341129), (0.2925518, 0.2925508, -0.9103997), (0.3577579, 0.2065515, -0.9106843),
            (0.4015032, -5.16203e-07, -0.9158577), (0.3876698, 0.103875, -0.9159269), (0.5329319, 0.1428002, -0.8340214),
            (0.4015032, -5.16203e-07, -0.9158577), (0.5329319, 0.1428002, -0.8340214), (0.5515698, 0, -0.8341289),
            (0.3876698, 0.103875, -0.9159269), (0.3477131, 0.2007511, -0.9158573), (0.4776957, 0.2757945, -0.8341129),
            (0.3876698, 0.103875, -0.9159269), (0.4776957, 0.2757945, -0.8341129), (0.5329319, 0.1428002, -0.8340214),
            (0.5329319, 0.1428002, -0.8340214), (0.4776957, 0.2757945, -0.8341129), (0.3577579, 0.2065515, -0.9106843),
            (0.5329319, 0.1428002, -0.8340214), (0.3577579, 0.2065515, -0.9106843), (0.3996406, 0.1070852, -0.9103957),
            (0.5515698, 0, -0.8341289), (0.5329319, 0.1428002, -0.8340214), (0.3996406, 0.1070852, -0.9103957),
            (0.5515698, 0, -0.8341289), (0.3996406, 0.1070852, -0.9103957), (0.413108, 1.13174e-06, -0.910682),
            (0.3477114, -0.2007486, -0.9158586), (0.3876698, -0.1038741, -0.9159271), (0.5329282, -0.1427943, -0.8340247),
            (0.3477114, -0.2007486, -0.9158586), (0.5329282, -0.1427943, -0.8340247), (0.4776917, -0.2758001, -0.8341134),
            (0.3876698, -0.1038741, -0.9159271), (0.4015032, -5.16203e-07, -0.9158577), (0.5515698, 0, -0.8341289),
            (0.3876698, -0.1038741, -0.9159271), (0.5515698, 0, -0.8341289), (0.5329282, -0.1427943, -0.8340247),
            (0.5329282, -0.1427943, -0.8340247), (0.5515698, 0, -0.8341289), (0.413108, 1.13174e-06, -0.910682),
            (0.5329282, -0.1427943, -0.8340247), (0.413108, 1.13174e-06, -0.910682), (0.3996372, -0.1070858, -0.9103971),
            (0.4776917, -0.2758001, -0.8341134), (0.5329282, -0.1427943, -0.8340247), (0.3996372, -0.1070858, -0.9103971),
            (0.4776917, -0.2758001, -0.8341134), (0.3996372, -0.1070858, -0.9103971), (0.3577539, -0.2065521, -0.9106857),
            (0.206558, -0.3577679, -0.9106788), (0.292555, -0.2925486, -0.9103994), (0.07520723, -0.07520401, -0.9943281),
            (0.206558, -0.3577679, -0.9106788), (0.07520723, -0.07520401, -0.9943281), (0.05292147, -0.09165251, -0.9943838),
            (0.292555, -0.2925486, -0.9103994), (0.3577539, -0.2065521, -0.9106857), (0.09162926, -0.05290007, -0.9943872),
            (0.292555, -0.2925486, -0.9103994), (0.09162926, -0.05290007, -0.9943872), (0.07520723, -0.07520401, -0.9943281),
            (0.07520723, -0.07520401, -0.9943281), (0.09162926, -0.05290007, -0.9943872), (-0.02280741, 0.01317048, -0.9996532),
            (0.07520723, -0.07520401, -0.9943281), (-0.02280741, 0.01317048, -0.9996532), (-0.01856356, 0.01856803, -0.9996553),
            (0.05292147, -0.09165251, -0.9943838), (0.07520723, -0.07520401, -0.9943281), (-0.01856356, 0.01856803, -0.9996553),
            (0.05292147, -0.09165251, -0.9943838), (-0.01856356, 0.01856803, -0.9996553), (-0.01315861, 0.02281075, -0.9996533),
            (3.05716e-07, -0.4130771, -0.9106962), (0.1070771, -0.3996087, -0.9104105), (0.02752095, -0.1027017, -0.9943314),
            (3.05716e-07, -0.4130771, -0.9106962), (0.02752095, -0.1027017, -0.9943314), (4.49096e-07, -0.1058511, -0.994382),
            (0.1070771, -0.3996087, -0.9104105), (0.206558, -0.3577679, -0.9106788), (0.05292147, -0.09165251, -0.9943838),
            (0.1070771, -0.3996087, -0.9104105), (0.05292147, -0.09165251, -0.9943838), (0.02752095, -0.1027017, -0.9943314),
            (0.02752095, -0.1027017, -0.9943314), (0.05292147, -0.09165251, -0.9943838), (-0.01315861, 0.02281075, -0.9996533),
            (0.02752095, -0.1027017, -0.9943314), (-0.01315861, 0.02281075, -0.9996533), (-0.006796956, 0.02536517, -0.9996552),
            (4.49096e-07, -0.1058511, -0.994382), (0.02752095, -0.1027017, -0.9943314), (-0.006796956, 0.02536517, -0.9996552),
            (4.49096e-07, -0.1058511, -0.994382), (-0.006796956, 0.02536517, -0.9996552), (6.56766e-07, 0.02624392, -0.9996557),
            (-0.2065451, -0.3577443, -0.910691), (-0.1070759, -0.3996058, -0.910412), (-0.02752053, -0.102704, -0.9943312),
            (-0.2065451, -0.3577443, -0.910691), (-0.02752053, -0.102704, -0.9943312), (-0.05292469, -0.09167271, -0.9943817),
            (-0.1070759, -0.3996058, -0.910412), (3.05716e-07, -0.4130771, -0.9106962), (4.49096e-07, -0.1058511, -0.994382),
            (-0.1070759, -0.3996058, -0.910412), (4.49096e-07, -0.1058511, -0.994382), (-0.02752053, -0.102704, -0.9943312),
            (-0.02752053, -0.102704, -0.9943312), (4.49096e-07, -0.1058511, -0.994382), (6.56766e-07, 0.02624392, -0.9996557),
            (-0.02752053, -0.102704, -0.9943312), (6.56766e-07, 0.02624392, -0.9996557), (0.006795227, 0.02536517, -0.9996552),
            (-0.05292469, -0.09167271, -0.9943817), (-0.02752053, -0.102704, -0.9943312), (0.006795227, 0.02536517, -0.9996552),
            (-0.05292469, -0.09167271, -0.9943817), (0.006795227, 0.02536517, -0.9996552), (0.01312512, 0.02272659, -0.9996556),
            (-0.357744, -0.2065434, -0.9106916), (-0.2925283, -0.2925321, -0.9104132), (-0.07518535, -0.07518494, -0.9943312),
            (-0.357744, -0.2065434, -0.9106916), (-0.07518535, -0.07518494, -0.9943312), (-0.09166938, -0.05292838, -0.994382),
            (-0.2925283, -0.2925321, -0.9104132), (-0.2065451, -0.3577443, -0.910691), (-0.05292469, -0.09167271, -0.9943817),
            (-0.2925283, -0.2925321, -0.9104132), (-0.05292469, -0.09167271, -0.9943817), (-0.07518535, -0.07518494, -0.9943312),
            (-0.07518535, -0.07518494, -0.9943312), (-0.05292469, -0.09167271, -0.9943817), (0.01312512, 0.02272659, -0.9996556),
            (-0.07518535, -0.07518494, -0.9943312), (0.01312512, 0.02272659, -0.9996556), (0.01856458, 0.01856726, -0.9996553),
            (-0.09166938, -0.05292838, -0.994382), (-0.07518535, -0.07518494, -0.9943312), (0.01856458, 0.01856726, -0.9996553),
            (-0.09166938, -0.05292838, -0.994382), (0.01856458, 0.01856726, -0.9996553), (0.02273494, 0.01312118, -0.9996554),
            (-0.4130882, 7.99058e-07, -0.9106911), (-0.3996072, -0.1070765, -0.9104113), (-0.1027069, -0.02751958, -0.994331),
            (-0.4130882, 7.99058e-07, -0.9106911), (-0.1027069, -0.02751958, -0.994331), (-0.1058551, 0, -0.9943816),
            (-0.3996072, -0.1070765, -0.9104113), (-0.357744, -0.2065434, -0.9106916), (-0.09166938, -0.05292838, -0.994382),
            (-0.3996072, -0.1070765, -0.9104113), (-0.09166938, -0.05292838, -0.994382), (-0.1027069, -0.02751958, -0.994331),
            (-0.1027069, -0.02751958, -0.994331), (-0.09166938, -0.05292838, -0.994382), (0.02273494, 0.01312118, -0.9996554),
            (-0.1027069, -0.02751958, -0.994331), (0.02273494, 0.01312118, -0.9996554), (0.02536207, 0.006796479, -0.9996553),
            (-0.1058551, 0, -0.9943816), (-0.1027069, -0.02751958, -0.994331), (0.02536207, 0.006796479, -0.9996553),
            (-0.1058551, 0, -0.9943816), (0.02536207, 0.006796479, -0.9996553), (0.0262342, 0, -0.9996559),
            (-0.357738, 0.2065405, -0.9106946), (-0.3996094, 0.1070744, -0.9104107), (-0.102702, 0.0275197, -0.9943314),
            (-0.357738, 0.2065405, -0.9106946), (-0.102702, 0.0275197, -0.9943314), (-0.09166836, 0.05292356, -0.9943823),
            (-0.3996094, 0.1070744, -0.9104107), (-0.4130882, 7.99058e-07, -0.9106911), (-0.1058551, 0, -0.9943816),
            (-0.3996094, 0.1070744, -0.9104107), (-0.1058551, 0, -0.9943816), (-0.102702, 0.0275197, -0.9943314),
            (-0.102702, 0.0275197, -0.9943314), (-0.1058551, 0, -0.9943816), (0.0262342, 0, -0.9996559),
            (-0.102702, 0.0275197, -0.9943314), (0.0262342, 0, -0.9996559), (0.02537, -0.006796479, -0.9996551),
            (-0.09166836, 0.05292356, -0.9943823), (-0.102702, 0.0275197, -0.9943314), (0.02537, -0.006796479, -0.9996551),
            (-0.09166836, 0.05292356, -0.9943823), (0.02537, -0.006796479, -0.9996551), (0.0227251, -0.01312232, -0.9996557),
            (-0.2065411, 0.3577447, -0.9106919), (-0.2925329, 0.292531, -0.9104121), (-0.07518774, 0.07518512, -0.994331),
            (-0.2065411, 0.3577447, -0.9106919), (-0.07518774, 0.07518512, -0.994331), (-0.0529282, 0.09167271, -0.9943816),
            (-0.2925329, 0.292531, -0.9104121), (-0.357738, 0.2065405, -0.9106946), (-0.09166836, 0.05292356, -0.9943823),
            (-0.2925329, 0.292531, -0.9104121), (-0.09166836, 0.05292356, -0.9943823), (-0.07518774, 0.07518512, -0.994331),
            (-0.07518774, 0.07518512, -0.994331), (-0.09166836, 0.05292356, -0.9943823), (0.0227251, -0.01312232, -0.9996557),
            (-0.07518774, 0.07518512, -0.994331), (0.0227251, -0.01312232, -0.9996557), (0.01856356, -0.01856726, -0.9996554),
            (-0.0529282, 0.09167271, -0.9943816), (-0.07518774, 0.07518512, -0.994331), (0.01856356, -0.01856726, -0.9996554),
            (-0.0529282, 0.09167271, -0.9943816), (0.01856356, -0.01856726, -0.9996554), (0.01311802, -0.02272677, -0.9996557),
            (0, 0.4130759, -0.9106966), (-0.1070746, 0.3996044, -0.9104128), (-0.0275194, 0.1027051, -0.9943311),
            (0, 0.4130759, -0.9106966), (-0.0275194, 0.1027051, -0.9943311), (3.03925e-06, 0.1058525, -0.9943819),
            (-0.1070746, 0.3996044, -0.9104128), (-0.2065411, 0.3577447, -0.9106919), (-0.0529282, 0.09167271, -0.9943816),
            (-0.1070746, 0.3996044, -0.9104128), (-0.0529282, 0.09167271, -0.9943816), (-0.0275194, 0.1027051, -0.9943311),
            (-0.0275194, 0.1027051, -0.9943311), (-0.0529282, 0.09167271, -0.9943816), (0.01311802, -0.02272677, -0.9996557),
            (-0.0275194, 0.1027051, -0.9943311), (0.01311802, -0.02272677, -0.9996557), (0.006797075, -0.02536529, -0.9996551),
            (3.03925e-06, 0.1058525, -0.9943819), (-0.0275194, 0.1027051, -0.9943311), (0.006797075, -0.02536529, -0.9996551),
            (3.03925e-06, 0.1058525, -0.9943819), (0.006797075, -0.02536529, -0.9996551), (4.28419e-06, -0.0262475, -0.9996555),
            (0.20656, 0.3577645, -0.9106798), (0.1070841, 0.3996337, -0.9103988), (0.02751612, 0.1026831, -0.9943335),
            (0.20656, 0.3577645, -0.9106798), (0.02751612, 0.1026831, -0.9943335), (0.05291575, 0.09165066, -0.9943844),
            (0.1070841, 0.3996337, -0.9103988), (0, 0.4130759, -0.9106966), (3.03925e-06, 0.1058525, -0.9943819),
            (0.1070841, 0.3996337, -0.9103988), (3.03925e-06, 0.1058525, -0.9943819), (0.02751612, 0.1026831, -0.9943335),
            (0.02751612, 0.1026831, -0.9943335), (3.03925e-06, 0.1058525, -0.9943819), (4.28419e-06, -0.0262475, -0.9996555),
            (0.02751612, 0.1026831, -0.9943335), (4.28419e-06, -0.0262475, -0.9996555), (-0.006821215, -0.02545744, -0.9996527),
            (0.05291575, 0.09165066, -0.9943844), (0.02751612, 0.1026831, -0.9943335), (-0.006821215, -0.02545744, -0.9996527),
            (0.05291575, 0.09165066, -0.9943844), (-0.006821215, -0.02545744, -0.9996527), (-0.01316851, -0.02280807, -0.9996532),
            (0.3577579, 0.2065515, -0.9106843), (0.2925518, 0.2925508, -0.9103997), (0.0752024, 0.07519823, -0.9943288),
            (0.3577579, 0.2065515, -0.9106843), (0.0752024, 0.07519823, -0.9943288), (0.09162867, 0.05290699, -0.9943869),
            (0.2925518, 0.2925508, -0.9103997), (0.20656, 0.3577645, -0.9106798), (0.05291575, 0.09165066, -0.9943844),
            (0.2925518, 0.2925508, -0.9103997), (0.05291575, 0.09165066, -0.9943844), (0.0752024, 0.07519823, -0.9943288),
            (0.0752024, 0.07519823, -0.9943288), (0.05291575, 0.09165066, -0.9943844), (-0.01316851, -0.02280807, -0.9996532),
            (0.0752024, 0.07519823, -0.9943288), (-0.01316851, -0.02280807, -0.9996532), (-0.0185678, -0.01857364, -0.9996551),
            (0.09162867, 0.05290699, -0.9943869), (0.0752024, 0.07519823, -0.9943288), (-0.0185678, -0.01857364, -0.9996551),
            (0.09162867, 0.05290699, -0.9943869), (-0.0185678, -0.01857364, -0.9996551), (-0.02280896, -0.0131638, -0.9996532),
            (0.413108, 1.13174e-06, -0.910682), (0.3996406, 0.1070852, -0.9103957), (0.1027365, 0.02752548, -0.9943277),
            (0.413108, 1.13174e-06, -0.910682), (0.1027365, 0.02752548, -0.9943277), (0.1058767, 5.66009e-07, -0.9943794),
            (0.3996406, 0.1070852, -0.9103957), (0.3577579, 0.2065515, -0.9106843), (0.09162867, 0.05290699, -0.9943869),
            (0.3996406, 0.1070852, -0.9103957), (0.09162867, 0.05290699, -0.9943869), (0.1027365, 0.02752548, -0.9943277),
            (0.1027365, 0.02752548, -0.9943277), (0.09162867, 0.05290699, -0.9943869), (-0.02280896, -0.0131638, -0.9996532),
            (0.1027365, 0.02752548, -0.9943277), (-0.02280896, -0.0131638, -0.9996532), (-0.02536445, -0.006801009, -0.9996552),
            (0.1058767, 5.66009e-07, -0.9943794), (0.1027365, 0.02752548, -0.9943277), (-0.02536445, -0.006801009, -0.9996552),
            (0.1058767, 5.66009e-07, -0.9943794), (-0.02536445, -0.006801009, -0.9996552), (-0.02624809, 0, -0.9996555),
            (0.3577539, -0.2065521, -0.9106857), (0.3996372, -0.1070858, -0.9103971), (0.1027365, -0.02752751, -0.9943277),
            (0.3577539, -0.2065521, -0.9106857), (0.1027365, -0.02752751, -0.9943277), (0.09162926, -0.05290007, -0.9943872),
            (0.3996372, -0.1070858, -0.9103971), (0.413108, 1.13174e-06, -0.910682), (0.1058767, 5.66009e-07, -0.9943794),
            (0.3996372, -0.1070858, -0.9103971), (0.1058767, 5.66009e-07, -0.9943794), (0.1027365, -0.02752751, -0.9943277),
            (0.1027365, -0.02752751, -0.9943277), (0.1058767, 5.66009e-07, -0.9943794), (-0.02624809, 0, -0.9996555),
            (0.1027365, -0.02752751, -0.9943277), (-0.02624809, 0, -0.9996555), (-0.02535945, 0.006798863, -0.9996554),
            (0.09162926, -0.05290007, -0.9943872), (0.1027365, -0.02752751, -0.9943277), (-0.02535945, 0.006798863, -0.9996554),
            (0.09162926, -0.05290007, -0.9943872), (-0.02535945, 0.006798863, -0.9996554), (-0.02280741, 0.01317048, -0.9996532)
        ] (
            interpolation = "faceVarying"
        )
        point3f[] points = [
            (0.02872782, 0.01697319, 0.02288866), (0.02345365, 0.02381438, 0.0228886), (0.02345365, 0.02381438, 0.03777397),
            (0.02872782, 0.01697319, 0.03777397), (0.01661247, 0.02908867, 0.0228886), (0.01661247, 0.02908867, 0.03777391),
            (0.01661247, 0.02908867, 0.05540746), (0.02345365, 0.02381438, 0.05540746), (0.02872782, 0.01697319, 0.05540746),
            (0.008624255, 0.03237617, 0.0228886), (0.008624255, 0.03237617, 0.03777391), (6.25195e-05, 0.03352326, 0.0228886),
            (6.25195e-05, 0.03352326, 0.03777397), (6.25195e-05, 0.03352326, 0.05540746), (0.008624255, 0.03237617, 0.05540746),
            (-0.008499205, 0.03237617, 0.0228886), (-0.008499205, 0.03237617, 0.03777397), (-0.01648741, 0.02908867, 0.0228886),
            (-0.01648741, 0.02908867, 0.03777397), (-0.01648741, 0.02908867, 0.05540746), (-0.008499205, 0.03237617, 0.05540746),
            (-0.0233286, 0.02381438, 0.0228886), (-0.0233286, 0.02381438, 0.03777397), (-0.02860283, 0.01697319, 0.0228886),
            (-0.02860283, 0.01697319, 0.03777397), (-0.02860283, 0.01697319, 0.05540746), (-0.0233286, 0.02381438, 0.05540746),
            (-0.03189039, 0.008985042, 0.0228886), (-0.03189039, 0.008985042, 0.03777397), (-0.03303742, 0.000423302, 0.0228886),
            (-0.03303742, 0.000423302, 0.03777397), (-0.03303742, 0.000423286, 0.05540746), (-0.03189039, 0.008985042, 0.05540746),
            (-0.03189039, -0.008138418, 0.0228886), (-0.03189039, -0.008138418, 0.03777397), (-0.02860283, -0.01612669, 0.0228886),
            (-0.02860283, -0.01612669, 0.03777391), (-0.02860283, -0.01612669, 0.05540746), (-0.03189039, -0.008138418, 0.05540746),
            (-0.02332866, -0.02296787, 0.0228886), (-0.02332866, -0.02296787, 0.03777397), (-0.01648741, -0.02824211, 0.0228886),
            (-0.01648741, -0.02824211, 0.03777397), (-0.01648741, -0.02824211, 0.05540746), (-0.02332866, -0.02296787, 0.05540746),
            (-0.008499264, -0.0315296, 0.0228886), (-0.008499264, -0.0315296, 0.03777397), (6.25087e-05, -0.03267663, 0.0228886),
            (6.25087e-05, -0.03267663, 0.03777391), (6.25087e-05, -0.03267663, 0.05540746), (-0.008499264, -0.0315296, 0.05540746),
            (6.25087e-05, -0.03267663, 0.0228886), (0.008624255, -0.0315296, 0.0228886), (0.008624255, -0.0315296, 0.03777391),
            (6.25087e-05, -0.03267663, 0.03777391), (0.01661247, -0.02824211, 0.0228886), (0.01661247, -0.02824211, 0.03777397),
            (0.01661247, -0.02824211, 0.05540746), (0.008624255, -0.0315296, 0.05540746), (6.25087e-05, -0.03267663, 0.05540746),
            (0.02345365, -0.02296787, 0.0228886), (0.02345365, -0.02296787, 0.03777397), (0.02872788, -0.01612669, 0.0228886),
            (0.02872788, -0.01612669, 0.03777397), (0.02872788, -0.01612669, 0.05540746), (0.02345365, -0.02296787, 0.05540746),
            (0.03201544, -0.008138418, 0.0228886), (0.03201544, -0.008138418, 0.03777397), (0.03316247, 0.000423302, 0.0228886),
            (0.03316247, 0.000423302, 0.03777397), (0.03316247, 0.000423302, 0.05540746), (0.03201544, -0.008138418, 0.05540746),
            (0.03201544, 0.008985042, 0.02288866), (0.03201538, 0.008985042, 0.03777397), (0.03201538, 0.008985042, 0.05540746),
            (0.02872782, 0.01697319, 0.08685129), (0.02345365, 0.02381438, 0.08685129), (0.02345365, 0.02381438, 0.09667652),
            (0.02872782, 0.01697319, 0.09667652), (0.01661247, 0.02908867, 0.08685129), (0.01661247, 0.02908867, 0.09667652),
            (0.01649224, 0.02888059, 0.10292303), (0.02328377, 0.02364462, 0.10292303), (0.02851969, 0.01685309, 0.10292303),
            (0.008624255, 0.03237617, 0.08685129), (0.008624255, 0.03237617, 0.09667652), (6.25195e-05, 0.03352326, 0.08685129),
            (6.25195e-05, 0.03352326, 0.09667652), (6.25195e-05, 0.03328287, 0.10292303), (0.008562088, 0.03214412, 0.10292303),
            (-0.008499205, 0.03237617, 0.08685129), (-0.008499205, 0.03237617, 0.09667652), (-0.01648741, 0.02908867, 0.08685129),
            (-0.01648741, 0.02908867, 0.09667652), (-0.01636731, 0.02888059, 0.10292297), (-0.008437037, 0.03214412, 0.10292297),
            (-0.0233286, 0.02381438, 0.08685123), (-0.0233286, 0.02381438, 0.09667646), (-0.02860283, 0.01697319, 0.08685123),
            (-0.02860283, 0.01697319, 0.09667652), (-0.02839469, 0.01685309, 0.10292297), (-0.02315872, 0.02364462, 0.10292297),
            (-0.03189039, 0.008985042, 0.08685129), (-0.03189039, 0.008985042, 0.09667652), (-0.03303742, 0.000423302, 0.08685129),
            (-0.03303742, 0.000423302, 0.09667652), (-0.03279709, 0.000423304, 0.10292297), (-0.03165841, 0.008922874, 0.10292297),
            (-0.03189039, -0.008138418, 0.08685129), (-0.03189039, -0.008138418, 0.09667652), (-0.02860283, -0.01612669, 0.08685129),
            (-0.02860283, -0.01612669, 0.09667652), (-0.02839469, -0.01600646, 0.10292297), (-0.03165841, -0.00807625, 0.10292297),
            (-0.02332866, -0.02296787, 0.08685129), (-0.02332866, -0.02296787, 0.09667652), (-0.01648741, -0.02824211, 0.08685129),
            (-0.01648741, -0.02824211, 0.09667652), (-0.01636731, -0.02803403, 0.10292297), (-0.02315878, -0.02279806, 0.10292297),
            (-0.008499264, -0.0315296, 0.08685129), (-0.008499264, -0.0315296, 0.09667658), (6.25087e-05, -0.03267663, 0.08685129),
            (6.25087e-05, -0.03267663, 0.09667658), (6.25195e-05, -0.03243637, 0.10292303), (-0.008437037, -0.03129762, 0.10292303),
            (6.25087e-05, -0.03267663, 0.08685129), (0.008624255, -0.0315296, 0.08685129), (0.008624255, -0.0315296, 0.09667658),
            (6.25087e-05, -0.03267663, 0.09667658), (0.01661247, -0.02824211, 0.08685129), (0.01661247, -0.02824211, 0.09667658),
            (0.01649224, -0.02803403, 0.10292303), (0.008562088, -0.03129762, 0.10292303), (6.25195e-05, -0.03243637, 0.10292303),
            (0.02345365, -0.02296787, 0.08685129), (0.02345365, -0.02296787, 0.09667658), (0.02872782, -0.01612669, 0.08685129),
            (0.02872782, -0.01612669, 0.09667658), (0.02851974, -0.01600646, 0.10292303), (0.02328377, -0.02279806, 0.10292303),
            (0.03201538, -0.008138418, 0.08685129), (0.03201544, -0.008138418, 0.09667658), (0.03316247, 0.000423302, 0.08685129),
            (0.03316247, 0.000423302, 0.09667652), (0.03292208, 0.000423304, 0.10292303), (0.03178346, -0.00807625, 0.10292303),
            (0.03201538, 0.008985042, 0.08685129), (0.03201538, 0.008985042, 0.09667652), (0.0317834, 0.008922874, 0.10292303),
            (0.02277427, 0.02313512, 0.10660725), (0.02789545, 0.0164926, 0.10660725), (0.01613181, 0.02825611, 0.10660725),
            (0.01562392, 0.02737653, 0.10892229), (0.02205646, 0.02241724, 0.10892229), (0.02701574, 0.01598477, 0.10892229),
            (0.008375585, 0.03144824, 0.10660725), (6.25195e-05, 0.03256189, 0.10660725), (6.25195e-05, 0.03154623, 0.10892229),
            (0.008112847, 0.03046762, 0.10892229), (-0.008250594, 0.03144824, 0.10660719), (-0.01600676, 0.02825611, 0.10660719),
            (-0.01549887, 0.02737653, 0.10892223), (-0.007987856, 0.03046762, 0.10892229), (-0.02264922, 0.02313512, 0.10660719),
            (-0.0277704, 0.0164926, 0.10660719), (-0.02689069, 0.01598477, 0.10892223), (-0.0219314, 0.02241724, 0.10892223),
            (-0.03096234, 0.008736371, 0.10660719), (-0.03207612, 0.000423304, 0.10660719), (-0.03106033, 0.000423304, 0.10892223),
            (-0.02998191, 0.008473634, 0.10892223), (-0.03096234, -0.007889807, 0.10660719), (-0.0277704, -0.01564604, 0.10660725),
            (-0.02689075, -0.01513808, 0.10892229), (-0.02998191, -0.00762701, 0.10892223), (-0.02264928, -0.02228856, 0.10660725),
            (-0.01600676, -0.02740961, 0.10660725), (-0.01549887, -0.0265299, 0.10892229), (-0.02193146, -0.02157074, 0.10892229),
            (-0.008250594, -0.03060168, 0.10660725), (6.25087e-05, -0.03171539, 0.10660725), (6.25087e-05, -0.03069967, 0.10892229),
            (-0.007987856, -0.02962112, 0.10892229), (0.008375585, -0.03060168, 0.10660725), (6.25087e-05, -0.03171539, 0.10660725),
            (0.01613181, -0.02740961, 0.10660725), (0.01562392, -0.0265299, 0.10892229), (0.008112847, -0.02962112, 0.10892229),
            (6.25087e-05, -0.03069967, 0.10892229), (0.02277427, -0.02228856, 0.10660725), (0.02789545, -0.01564604, 0.10660725),
            (0.02701574, -0.01513808, 0.10892229), (0.02205646, -0.02157074, 0.10892229), (0.03108739, -0.007889807, 0.10660725),
            (0.03220123, 0.000423304, 0.10660725), (0.03118538, 0.000423304, 0.10892229), (0.0301069, -0.00762701, 0.10892229),
            (0.03108739, 0.008736371, 0.10660725), (0.0301069, 0.008473634, 0.10892229), (0.02402228, 0.01425641, 0.1156001),
            (0.01961386, 0.01997458, 0.1156001), (0.01927053, 0.01963132, 0.11675267), (0.02360165, 0.01401352, 0.11675267),
            (0.01389569, 0.024383, 0.1156001), (0.0136528, 0.02396237, 0.11675267), (0.01348435, 0.02367073, 0.11786609),
            (0.01903247, 0.01939332, 0.11786609), (0.02330994, 0.01384508, 0.11786609), (0.007218778, 0.0271309, 0.1156001),
            (0.007093071, 0.02666199, 0.11675267), (6.25195e-05, 0.02808964, 0.1156001), (6.25195e-05, 0.02760392, 0.11675267),
            (6.25195e-05, 0.02726703, 0.11786609), (0.007005929, 0.02633678, 0.11786609), (-0.007093667, 0.0271309, 0.1156001),
            (-0.006968021, 0.02666199, 0.11675267), (-0.01377063, 0.024383, 0.11560004), (-0.01352781, 0.02396237, 0.11675261),
            (-0.0133593, 0.02367073, 0.11786603), (-0.006880939, 0.02633678, 0.11786609), (-0.01948881, 0.01997458, 0.11560004),
            (-0.01914548, 0.01963132, 0.11675261), (-0.02389729, 0.01425641, 0.11560004), (-0.0234766, 0.01401352, 0.11675261),
            (-0.02318489, 0.01384508, 0.11786603), (-0.01890742, 0.01939332, 0.11786603), (-0.02664506, 0.007579565, 0.11560004),
            (-0.02617621, 0.007453918, 0.11675261), (-0.02760386, 0.000423301, 0.11560004), (-0.02711808, 0.000423301, 0.11675261),
            (-0.02678126, 0.000423301, 0.11786603), (-0.02585101, 0.007366776, 0.11786603), (-0.02664506, -0.006732881, 0.11560004),
            (-0.02617621, -0.006607294, 0.11675261), (-0.02389729, -0.01340985, 0.11560004), (-0.0234766, -0.01316702, 0.11675261),
            (-0.02318489, -0.01299858, 0.11786603), (-0.02585101, -0.006520152, 0.11786603), (-0.01948881, -0.01912802, 0.11560004),
            (-0.01914548, -0.01878476, 0.11675261), (-0.01377063, -0.0235365, 0.11560004), (-0.01352781, -0.02311581, 0.11675261),
            (-0.01335936, -0.02282404, 0.11786603), (-0.01890748, -0.01854676, 0.11786603), (-0.007093787, -0.02628427, 0.1156001),
            (-0.00696814, -0.02581536, 0.11675267), (6.25087e-05, -0.02724301, 0.1156001), (6.25087e-05, -0.02675729, 0.11675267),
            (6.25087e-05, -0.02642053, 0.11786609), (-0.006880939, -0.02549028, 0.11786609), (6.25087e-05, -0.02724301, 0.1156001),
            (0.007218778, -0.02628427, 0.1156001), (0.007093071, -0.02581536, 0.11675267), (6.25087e-05, -0.02675729, 0.11675267),
            (0.01389569, -0.0235365, 0.1156001), (0.0136528, -0.02311581, 0.11675267), (0.01348435, -0.02282404, 0.11786609),
            (0.007005929, -0.02549028, 0.11786609), (6.25087e-05, -0.02642053, 0.11786609), (0.01961386, -0.01912802, 0.1156001),
            (0.01927053, -0.01878476, 0.11675267), (0.02402228, -0.01340985, 0.1156001), (0.02360165, -0.01316702, 0.11675267),
            (0.02330994, -0.01299858, 0.11786609), (0.01903247, -0.01854676, 0.11786609), (0.02677011, -0.006732881, 0.1156001),
            (0.0263012, -0.006607294, 0.11675267), (0.02772891, 0.000423301, 0.1156001), (0.02724307, 0.000423301, 0.11675267),
            (0.02690631, 0.000423301, 0.11786609), (0.02597606, -0.006520152, 0.11786609), (0.02677011, 0.007579565, 0.1156001),
            (0.0263012, 0.007453918, 0.11675267), (0.02597606, 0.007366776, 0.11786609), (-0.01371324, -0.02343702, 0.0042724),
            (-0.007064044, -0.02617347, 0.0042724), (-0.007721066, -0.02862554, 0.00634032), (-0.01498329, -0.02563685, 0.00634032),
            (6.25195e-05, -0.02712815, 0.0042724), (6.25195e-05, -0.02966839, 0.00634032), (6.25195e-05, -0.0319246, 0.0093053),
            (-0.008304715, -0.03080362, 0.0093053), (-0.01611143, -0.02759081, 0.0093053), (-0.02379775, -0.01335245, 0.0042724),
            (-0.01940757, -0.01904684, 0.0042724), (-0.02120274, -0.02084195, 0.00634032), (-0.02599757, -0.01462244, 0.00634032),
            (-0.0227971, -0.02243638, 0.0093053), (-0.02795153, -0.01575058, 0.0093053), (-0.02748894, 0.000423301, 0.0042724),
            (-0.02653414, -0.006703197, 0.0042724), (-0.02898639, -0.007360219, 0.00634032), (-0.03002911, 0.000423302, 0.00634032),
            (-0.03116434, -0.007943928, 0.0093053), (-0.03228539, 0.000423302, 0.0093053), (-0.02379775, 0.01419895, 0.0042724),
            (-0.02653414, 0.007549822, 0.0042724), (-0.02898639, 0.008206903, 0.00634032), (-0.02599757, 0.01546913, 0.00634032),
            (-0.03116434, 0.008790493, 0.0093053), (-0.02795153, 0.01659721, 0.0093053), (-0.01371324, 0.02428352, 0.0042724),
            (-0.01940757, 0.0198934, 0.0042724), (-0.02120274, 0.02168852, 0.00634032), (-0.01498323, 0.02648335, 0.00634032),
            (-0.0227971, 0.02328294, 0.0093053), (-0.01611143, 0.02843737, 0.0093053), (6.25195e-05, 0.02797478, 0.00427246),
            (-0.007064044, 0.02701997, 0.0042724), (-0.007721066, 0.02947217, 0.00634032), (6.25195e-05, 0.03051495, 0.00634032),
            (-0.008304715, 0.03165012, 0.0093053), (6.25195e-05, 0.03277117, 0.0093053), (0.01383823, 0.02428352, 0.00427246),
            (0.007189095, 0.02701997, 0.00427246), (0.007846117, 0.02947217, 0.00634032), (0.01510828, 0.02648335, 0.00634032),
            (0.008429706, 0.03165012, 0.0093053), (0.01623642, 0.02843737, 0.0093053), (0.0239228, 0.01419895, 0.0042724),
            (0.01953262, 0.0198934, 0.0042724), (0.02132773, 0.02168852, 0.00634032), (0.02612257, 0.01546913, 0.00634032),
            (0.02292209, 0.02328294, 0.0093053), (0.02807652, 0.01659721, 0.0093053), (0.02761399, 0.000423301, 0.0042724),
            (0.02665925, 0.007549822, 0.0042724), (0.02911138, 0.008206903, 0.00634032), (0.0301541, 0.000423302, 0.00634032),
            (0.03128933, 0.008790493, 0.0093053), (0.03241038, 0.000423302, 0.0093053), (0.0239228, -0.01335245, 0.0042724),
            (0.02665925, -0.006703197, 0.0042724), (0.02911138, -0.007360219, 0.00634032), (0.02612262, -0.01462244, 0.00634032),
            (0.03128933, -0.007943928, 0.0093053), (0.02807658, -0.01575058, 0.0093053), (0.01383829, -0.02343702, 0.0042724),
            (0.01953268, -0.01904684, 0.0042724), (0.02132773, -0.02084195, 0.00634032), (0.01510828, -0.02563685, 0.00634032),
            (0.02292215, -0.02243638, 0.0093053), (0.01623648, -0.02759081, 0.0093053), (6.25195e-05, -0.02712815, 0.0042724),
            (0.007189095, -0.02617347, 0.0042724), (0.007846117, -0.02862554, 0.00634032), (6.25195e-05, -0.02966839, 0.00634032),
            (0.008429706, -0.03080362, 0.0093053), (6.25195e-05, -0.0319246, 0.0093053), (-0.03189039, -0.008138418, 0.01411027),
            (-0.03303742, 0.000423302, 0.01411027), (-0.02860283, -0.01612669, 0.01411027), (-0.03189039, 0.008985042, 0.01411027),
            (-0.02860283, 0.01697319, 0.01411027), (-0.0233286, 0.02381438, 0.01411027), (-0.01648741, 0.02908867, 0.01411027),
            (-0.008499205, 0.03237617, 0.01411027), (6.25195e-05, 0.03352326, 0.01411027), (0.008624255, 0.03237617, 0.01411027),
            (0.01661247, 0.02908867, 0.01411027), (0.02345365, 0.02381438, 0.01411027), (0.02872782, 0.01697319, 0.01411027),
            (0.03201538, 0.008985042, 0.01411027), (0.03316247, 0.000423302, 0.01411027), (0.03201544, -0.008138418, 0.01411027),
            (0.02872788, -0.01612669, 0.01411027), (0.02345365, -0.02296787, 0.01411027), (0.01661247, -0.02824211, 0.01411027),
            (0.008624255, -0.0315296, 0.01411027), (6.25087e-05, -0.03267663, 0.01411027), (-0.008499264, -0.0315296, 0.01411027),
            (-0.01648741, -0.02824211, 0.01411027), (6.25087e-05, -0.03267663, 0.01411027), (-0.02332866, -0.02296787, 0.01411027),
            (-0.02889615, -0.00733608, 0.11106138), (-0.02993565, 0.000423304, 0.11106138), (-0.02591669, -0.01457577, 0.11106138),
            (-0.02502202, -0.0140593, 0.11291533), (-0.0278989, -0.007068932, 0.11291527), (-0.0289027, 0.000423302, 0.11291527),
            (-0.02889615, 0.008182704, 0.11106138), (-0.02591669, 0.0154224, 0.11106138), (-0.0278989, 0.007915556, 0.11291527),
            (-0.02502202, 0.01490586, 0.11291527), (-0.0211367, 0.02162241, 0.11106138), (-0.01493656, 0.02640253, 0.11106138),
            (-0.02040672, 0.0208925, 0.11291533), (-0.01442009, 0.02550786, 0.11291533), (-0.007696866, 0.02938193, 0.11106144),
            (6.25195e-05, 0.03042149, 0.11106144), (-0.007429659, 0.02838474, 0.11291533), (6.25195e-05, 0.02938842, 0.11291533),
            (0.007821917, 0.02938193, 0.11106144), (0.01506155, 0.02640253, 0.11106144), (0.007554709, 0.02838474, 0.11291533),
            (0.01454514, 0.02550786, 0.11291533), (0.02126169, 0.02162241, 0.11106144), (0.02604174, 0.0154224, 0.11106144),
            (0.02053171, 0.0208925, 0.11291533), (0.02514714, 0.01490586, 0.11291533), (0.0290212, 0.008182704, 0.11106144),
            (0.0300607, 0.000423304, 0.11106144), (0.02802395, 0.007915556, 0.11291533), (0.02902776, 0.000423302, 0.11291533),
            (0.0290212, -0.00733608, 0.11106144), (0.02604174, -0.01457577, 0.11106144), (0.02802395, -0.007068932, 0.11291533),
            (0.02514714, -0.0140593, 0.11291533), (0.02126175, -0.02077591, 0.11106144), (0.01506155, -0.0255559, 0.11106144),
            (0.02053171, -0.02004593, 0.11291533), (0.01454514, -0.02466136, 0.11291539), (0.007821917, -0.02853536, 0.11106144),
            (6.25087e-05, -0.02957493, 0.11106144), (0.007554709, -0.02753818, 0.11291539), (6.25087e-05, -0.02854192, 0.11291539),
            (-0.007696866, -0.02853536, 0.11106144), (-0.01493656, -0.0255559, 0.11106144), (6.25087e-05, -0.02957493, 0.11106144),
            (6.25087e-05, -0.02854192, 0.11291539), (-0.007429659, -0.02753818, 0.11291533), (-0.01442009, -0.02466136, 0.11291533),
            (-0.0211367, -0.02077591, 0.11106144), (-0.02040672, -0.02004593, 0.11291533), (-0.02718394, -0.006877303, 0.11437451),
            (-0.02816212, 0.000423302, 0.11437451), (-0.02438068, -0.01368898, 0.11437457), (-0.02718394, 0.007723867, 0.11437451),
            (-0.02438068, 0.01453554, 0.11437457), (-0.01988333, 0.02036911, 0.11437457), (-0.0140497, 0.02486652, 0.11437457),
            (-0.00723809, 0.02766972, 0.11437457), (6.25195e-05, 0.02864784, 0.11437457), (0.00736314, 0.02766972, 0.11437457),
            (0.01417475, 0.02486652, 0.11437457), (0.02000832, 0.02036911, 0.11437457), (0.02450573, 0.01453554, 0.11437457),
            (0.027309, 0.007723867, 0.11437457), (0.02828711, 0.000423302, 0.11437457), (0.027309, -0.006877303, 0.11437457),
            (0.02450573, -0.01368898, 0.11437457), (0.02000832, -0.01952248, 0.11437463), (0.01417475, -0.02401989, 0.11437463),
            (0.00736314, -0.02682322, 0.11437463), (6.25087e-05, -0.02780133, 0.11437463), (-0.00723809, -0.02682322, 0.11437457),
            (-0.01404976, -0.02401989, 0.11437457), (6.25087e-05, -0.02780133, 0.11437463), (-0.01988333, -0.01952248, 0.11437457),
            (-0.01882869, -0.01846796, 0.1189736), (-0.02308833, -0.01294285, 0.1189736), (-0.01330357, -0.02272748, 0.1189736),
            (-0.01330405, -0.02272832, 0.12004237), (-0.01882934, -0.01846849, 0.12004237), (-0.02308911, -0.01294326, 0.12004237),
            (-0.02574336, -0.006491363, 0.1189736), (-0.0266698, 0.000423297, 0.1189736), (-0.02574414, -0.006491601, 0.12004237),
            (-0.02667063, 0.000423293, 0.12004237), (-0.02574336, 0.007337868, 0.1189736), (-0.02308833, 0.01378935, 0.1189736),
            (-0.02574414, 0.007338166, 0.12004237), (-0.02308911, 0.01378983, 0.12004237), (-0.01882869, 0.01931446, 0.1189736),
            (-0.01330357, 0.02357411, 0.1189736), (-0.01882934, 0.01931512, 0.12004237), (-0.01330405, 0.02357482, 0.12004237),
            (-0.00685209, 0.0262292, 0.1189736), (6.25195e-05, 0.02715551, 0.1189736), (-0.006852269, 0.02622997, 0.12004237),
            (6.25195e-05, 0.02715647, 0.12004237), (0.006977081, 0.0262292, 0.11897366), (0.01342856, 0.02357411, 0.11897366),
            (0.006977379, 0.02622997, 0.12004237), (0.01342898, 0.02357482, 0.12004237), (0.01895374, 0.01931446, 0.11897366),
            (0.02321326, 0.01378935, 0.11897366), (0.01895427, 0.01931512, 0.12004237), (0.0232141, 0.01378983, 0.12004237),
            (0.02586841, 0.007337868, 0.11897366), (0.02679479, 0.000423297, 0.11897366), (0.02586925, 0.007338166, 0.12004237),
            (0.02679568, 0.000423293, 0.12004237), (0.02586841, -0.006491363, 0.11897366), (0.02321326, -0.01294285, 0.11897366),
            (0.02586925, -0.006491601, 0.12004237), (0.0232141, -0.01294326, 0.12004237), (0.01895374, -0.01846796, 0.11897366),
            (0.01342856, -0.02272748, 0.11897366), (0.01895427, -0.01846849, 0.12004237), (0.01342898, -0.02272832, 0.12004243),
            (0.006977081, -0.02538257, 0.11897366), (6.25087e-05, -0.02630901, 0.11897366), (0.006977379, -0.02538347, 0.12004243),
            (6.25195e-05, -0.02630984, 0.12004243), (-0.00685209, -0.02538257, 0.11897366), (6.25087e-05, -0.02630901, 0.11897366),
            (6.25195e-05, -0.02630984, 0.12004243), (-0.006852388, -0.02538347, 0.12004237), (-0.008499264, -0.0315296, 0.072430724),
            (-0.01648741, -0.02824211, 0.072430724), (6.25087e-05, -0.03267663, 0.072430724), (-0.02332866, -0.02296787, 0.072430724),
            (-0.02860283, -0.01612669, 0.072430724), (-0.03189039, -0.008138418, 0.072430724), (-0.03303748, 0.000423286, 0.072430724),
            (-0.03189039, 0.008985042, 0.072430724), (-0.02860283, 0.01697319, 0.072430724), (-0.0233286, 0.02381438, 0.072430724),
            (-0.01648741, 0.02908867, 0.072430724), (-0.008499205, 0.03237617, 0.072430724), (6.25195e-05, 0.03352326, 0.072430724),
            (0.008624255, 0.03237617, 0.072430724), (0.01661247, 0.02908867, 0.072430724), (0.02345365, 0.02381438, 0.072430724),
            (0.02872782, 0.01697319, 0.072430724), (0.03201538, 0.008985042, 0.072430724), (0.03316247, 0.000423302, 0.072430724),
            (0.03201544, -0.008138418, 0.072430724), (0.02872782, -0.01612669, 0.072430724), (0.02345365, -0.02296787, 0.072430724),
            (0.01661247, -0.02824211, 0.072430724), (0.008624255, -0.0315296, 0.072430724), (6.25087e-05, -0.03267663, 0.072430724),
            (0.007372856, 0.004643917, 0.00351697), (0.00626111, 0.006621897, 0.00346404), (0.008834123, 0.00919491, 0.00317484),
            (0.01081198, 0.006629467, 0.00317484), (0.00428313, 0.007733762, 0.00351697), (0.00626868, 0.01117277, 0.00317484),
            (0.008081078, 0.01431185, 0.00274897), (0.01139569, 0.01175642, 0.00274897), (0.01395112, 0.008441865, 0.00274897),
            (0.002331316, 0.008890748, 0.00346404), (0.003273129, 0.01240557, 0.00317484), (6.25078e-05, 0.008864641, 0.00351703),
            (6.24968e-05, 0.01283574, 0.0031749), (6.24966e-05, 0.01646047, 0.00274903), (0.00421071, 0.01590478, 0.00274903),
            (-0.002206265, 0.008890748, 0.00346404), (-0.003148078, 0.01240557, 0.00317484), (-0.004158139, 0.007733762, 0.00351697),
            (-0.006143689, 0.01117277, 0.00317484), (-0.007956147, 0.01431185, 0.00274897), (-0.004085659, 0.01590478, 0.00274903),
            (-0.006136119, 0.006621897, 0.00346404), (-0.008709192, 0.00919491, 0.00317484), (-0.007247984, 0.004643917, 0.00351697),
            (-0.01068699, 0.006629467, 0.00317484), (-0.01382613, 0.008441865, 0.00274897), (-0.0112707, 0.01175642, 0.00274897),
            (-0.008405029, 0.002692103, 0.00346404), (-0.01191979, 0.003633916, 0.00317484), (-0.008378922, 0.00042329, 0.00351697),
            (-0.01234996, 0.000423281, 0.00317484), (-0.01597476, 0.000423273, 0.00274897), (-0.01541888, 0.004571497, 0.00274897),
            (-0.008405029, -0.001845479, 0.00346404), (-0.01191979, -0.002787292, 0.00317484), (-0.007247984, -0.003797352, 0.00351697),
            (-0.01068699, -0.005782902, 0.00317484), (-0.01382613, -0.00759536, 0.00274903), (-0.01541888, -0.003724992, 0.00274897),
            (-0.006136119, -0.005775332, 0.00346404), (-0.008709192, -0.008348405, 0.00317484), (-0.004158139, -0.006887197, 0.00351697),
            (-0.006143689, -0.01032614, 0.00317484), (-0.007956147, -0.0134654, 0.00274897), (-0.0112707, -0.01090997, 0.00274897),
            (-0.002206265, -0.008044242, 0.00346404), (-0.003148078, -0.011559, 0.00317484), (6.25083e-05, -0.008018136, 0.00351697),
            (6.24975e-05, -0.01198917, 0.00317484), (6.24977e-05, -0.01561397, 0.00274897), (-0.004085659, -0.01505815, 0.00274897),
            (0.002331316, -0.008044242, 0.00346404), (0.003273129, -0.011559, 0.00317484), (0.00428313, -0.006887197, 0.00351697),
            (0.00626868, -0.0103262, 0.00317484), (0.008081078, -0.0134654, 0.00274897), (0.00421071, -0.01505815, 0.00274897),
            (0.00626111, -0.005775332, 0.00346404), (0.008834123, -0.008348405, 0.00317484), (0.007372856, -0.003797352, 0.00351697),
            (0.01081198, -0.005782902, 0.00317484), (0.01395112, -0.00759536, 0.00274897), (0.01139569, -0.01090997, 0.00274897),
            (0.008529961, -0.001845479, 0.00346404), (0.01204478, -0.002787292, 0.00317484), (0.008503854, 0.00042329, 0.00351697),
            (0.01247495, 0.000423279, 0.00317484), (0.01609975, 0.00042327, 0.00274897), (0.01554393, -0.003724992, 0.00274897),
            (0.008529961, 0.002692103, 0.00346404), (0.01204478, 0.003633916, 0.00317484), (0.01554393, 0.004571497, 0.00274897),
            (0.01323252, 0.01359331, 0.00240815), (0.01620221, 0.009741544, 0.00240815), (0.009380757, 0.01656293, 0.00240815),
            (0.01031523, 0.01818162, 0.00191796), (0.01455336, 0.01491421, 0.00191796), (0.01782083, 0.01067596, 0.00191796),
            (0.004882991, 0.01841402, 0.00240815), (6.24966e-05, 0.01905977, 0.00240815), (6.24966e-05, 0.0209288, 0.00191802),
            (0.005366504, 0.02021825, 0.00191802), (-0.004758059, 0.01841402, 0.00240815), (-0.009255766, 0.01656293, 0.00240815),
            (-0.01019024, 0.01818162, 0.00191796), (-0.005241513, 0.02021825, 0.00191796), (-0.01310753, 0.01359331, 0.00240815),
            (-0.01607722, 0.009741544, 0.00240815), (-0.01769584, 0.01067596, 0.00191796), (-0.01442837, 0.01491421, 0.00191796),
            (-0.01792824, 0.005243778, 0.00240815), (-0.01857399, 0.000423277, 0.00240815), (-0.02044302, 0.000423285, 0.00191796),
            (-0.01973241, 0.005727291, 0.00191796), (-0.01792824, -0.004397273, 0.00240815), (-0.01607722, -0.008894979, 0.00240815),
            (-0.01769584, -0.009829461, 0.00191796), (-0.01973241, -0.004880726, 0.00191796), (-0.01310753, -0.01274687, 0.00240815),
            (-0.009255766, -0.01571643, 0.00240815), (-0.01019018, -0.01733499, 0.00191796), (-0.01442837, -0.01406759, 0.00191796),
            (-0.004758059, -0.01756745, 0.00240815), (6.24977e-05, -0.01821327, 0.00240815), (6.24977e-05, -0.02008229, 0.00191802),
            (-0.005241513, -0.01937162, 0.00191796), (0.004882991, -0.01756745, 0.00240815), (0.009380757, -0.01571643, 0.00240815),
            (0.01031523, -0.01733499, 0.00191796), (0.005366504, -0.01937162, 0.00191796), (0.01323252, -0.01274687, 0.00240815),
            (0.01620221, -0.008894979, 0.00240815), (0.01782083, -0.009829461, 0.00191796), (0.01455336, -0.01406759, 0.00191796),
            (0.01805323, -0.004397273, 0.00240815), (0.01869899, 0.000423274, 0.00240815), (0.02056807, 0.000423282, 0.00191796),
            (0.01985746, -0.004880726, 0.00191796), (0.01609975, 0.00042327, 0.00274897), (0.01554393, 0.004571497, 0.00274897),
            (0.01805323, 0.005243778, 0.00240815), (0.01869899, 0.000423274, 0.00240815), (0.01395112, 0.008441865, 0.00274897),
            (0.01620221, 0.009741544, 0.00240815), (0.01782083, 0.01067596, 0.00191796), (0.01985746, 0.005727291, 0.00191796),
            (0.02056807, 0.000423282, 0.00191796), (0.02179741, 0.01297193, 0.00055611), (0.01779836, 0.01815915, 0.00055611),
            (0.01839911, 0.01875996, 0.00215864), (0.02253377, 0.01339703, 0.00215864), (0.01261121, 0.02215826, 0.00055611),
            (0.01303631, 0.02289456, 0.00215864), (0.01383823, 0.02428352, 0.00427246), (0.01953262, 0.0198934, 0.0042724),
            (0.0239228, 0.01419895, 0.0042724), (0.006554186, 0.02465099, 0.00055611), (0.006774187, 0.02547162, 0.00215864),
            (6.25072e-05, 0.02552074, 0.00055611), (6.25072e-05, 0.02637088, 0.00215864), (6.2518e-05, 0.02797478, 0.00427246),
            (0.007189095, 0.02701997, 0.00427246), (-0.006429255, 0.02465099, 0.00055611), (-0.006649196, 0.02547162, 0.00215864),
            (-0.01248615, 0.02215826, 0.00055611), (-0.01291126, 0.02289456, 0.00215864), (-0.01371324, 0.02428352, 0.0042724),
            (-0.007064044, 0.02701997, 0.0042724), (-0.01767337, 0.01815915, 0.00055611), (-0.01827412, 0.01875996, 0.00215864),
            (-0.02167242, 0.01297193, 0.00055611), (-0.02240878, 0.01339703, 0.00215864), (-0.02379781, 0.01419895, 0.0042724),
            (-0.01940757, 0.0198934, 0.0042724), (-0.02416521, 0.006914973, 0.00055605), (-0.02498584, 0.007134974, 0.00215864),
            (-0.0250349, 0.000423294, 0.00055605), (-0.0258851, 0.000423297, 0.00215864), (-0.02748894, 0.0004233, 0.0042724),
            (-0.02653414, 0.007549822, 0.0042724), (-0.02416521, -0.006068468, 0.00055605), (-0.02498584, -0.006288409, 0.00215864),
            (-0.02167242, -0.01212543, 0.00055611), (-0.02240878, -0.01255053, 0.00215864), (-0.02379781, -0.01335245, 0.0042724),
            (-0.02653414, -0.006703197, 0.0042724), (-0.01767337, -0.01731258, 0.00055611), (-0.01827412, -0.0179134, 0.00215864),
            (-0.01248615, -0.0213117, 0.00055611), (-0.01291126, -0.02204793, 0.00215864), (-0.01371324, -0.02343702, 0.0042724),
            (-0.01940757, -0.01904684, 0.0042724), (-0.006429255, -0.02380442, 0.00055611), (-0.006649196, -0.02462512, 0.00215864),
            (6.25088e-05, -0.02467411, 0.00055611), (6.25088e-05, -0.02552425, 0.00215864), (6.25197e-05, -0.02712815, 0.0042724),
            (-0.007064044, -0.02617347, 0.0042724), (0.006554186, -0.02380442, 0.00055611), (0.006774187, -0.02462512, 0.00215864),
            (0.01261121, -0.0213117, 0.00055611), (0.01303631, -0.02204793, 0.00215864), (0.01383829, -0.02343702, 0.0042724),
            (0.007189095, -0.02617347, 0.0042724), (0.01779836, -0.01731258, 0.00055611), (0.01839917, -0.0179134, 0.00215864),
            (0.02179741, -0.01212543, 0.00055611), (0.02253377, -0.01255053, 0.00215864), (0.0239228, -0.01335245, 0.0042724),
            (0.01953268, -0.01904684, 0.0042724), (0.0242902, -0.006068468, 0.00055611), (0.0251109, -0.006288409, 0.00215864),
            (0.02515995, 0.000423292, 0.00055611), (0.02601009, 0.000423294, 0.00215864), (0.02761399, 0.000423297, 0.0042724),
            (0.02665925, -0.006703197, 0.0042724), (0.0242902, 0.006914973, 0.00055611), (0.0251109, 0.007134974, 0.00215864),
            (0.02665925, 0.007549822, 0.0042724), (0.003960967, 0.004321753, 0.00361389), (0.002693831, 0.004980981, 0.003613),
            (0.004620194, 0.003054678, 0.003613), (6.24755e-05, 0.000423296, 0.00356716), (0.001489341, 0.005748689, 0.00361389),
            (6.2497e-05, 0.005685985, 0.003613), (-0.00136435, 0.005748689, 0.00361389), (-0.0025689, 0.004980981, 0.003613),
            (-0.003835976, 0.004321753, 0.00361389), (-0.004495203, 0.003054678, 0.003613), (-0.005262911, 0.001850247, 0.00361389),
            (-0.005200326, 0.000423292, 0.003613), (-0.005262911, -0.001003623, 0.00361389), (-0.004495203, -0.002208054, 0.003613),
            (-0.003835976, -0.003475189, 0.00361389), (-0.0025689, -0.004134416, 0.003613), (-0.00136435, -0.004902184, 0.00361389),
            (6.24973e-05, -0.00483942, 0.003613), (0.001489341, -0.004902184, 0.00361389), (0.002693831, -0.004134416, 0.003613),
            (0.003960967, -0.003475189, 0.00361389), (0.004620194, -0.002208054, 0.003613), (0.005387902, -0.001003623, 0.00361389),
            (0.005325198, 0.000423292, 0.003613), (0.005387902, 0.001850247, 0.00361389), (-0.01544159, 0.01592743, 0.00104403),
            (-0.01090717, 0.01942336, 0.00104403), (-0.01893752, 0.01139295, 0.00104403), (-0.01990818, 0.01195335, 0.00025004),
            (-0.01623374, 0.01671952, 0.0002501), (-0.01146757, 0.02039396, 0.0002501), (-0.005612373, 0.02160239, 0.00104403),
            (6.24965e-05, 0.02236258, 0.00104403), (-0.00590229, 0.02268439, 0.0002501), (6.24965e-05, 0.02348351, 0.0002501),
            (0.005737364, 0.02160239, 0.00104403), (0.01103216, 0.01942336, 0.00104403), (0.006027281, 0.02268439, 0.0002501),
            (0.0115925, 0.02039396, 0.0002501), (0.01556658, 0.01592743, 0.00104403), (0.01906251, 0.01139295, 0.00104403),
            (0.01635873, 0.01671952, 0.0002501), (0.02003324, 0.01195335, 0.0002501), (0.01985746, 0.005727291, 0.00191796),
            (0.0212416, 0.006098151, 0.00104403), (0.02200192, 0.000423286, 0.00104403), (0.02232354, 0.006388068, 0.0002501),
            (0.02312266, 0.00042329, 0.0002501), (0.0212416, -0.005251586, 0.00104403), (0.01906251, -0.01054632, 0.00104403),
            (0.02232354, -0.005541503, 0.0002501), (0.02003324, -0.01110672, 0.0002501), (0.01556658, -0.0150808, 0.00104403),
            (0.01103216, -0.0185768, 0.00104403), (0.01635873, -0.01587295, 0.0002501), (0.0115925, -0.01954746, 0.0002501),
            (0.005737364, -0.02075576, 0.00104403), (6.24978e-05, -0.02151608, 0.00104403), (0.006027281, -0.02183783, 0.0002501),
            (6.24978e-05, -0.02263695, 0.0002501), (-0.005612373, -0.02075576, 0.00104403), (-0.01090717, -0.0185768, 0.00104403),
            (-0.00590229, -0.02183783, 0.0002501), (-0.01146757, -0.01954746, 0.0002501), (-0.01544159, -0.0150808, 0.00104403),
            (-0.01893752, -0.01054632, 0.00104403), (-0.01623374, -0.01587295, 0.0002501), (-0.01990818, -0.01110672, 0.00025004),
            (-0.02111661, -0.005251586, 0.00104403), (-0.02187687, 0.000423289, 0.00104403), (-0.02219855, -0.005541503, 0.0002501),
            (-0.02299767, 0.000423293, 0.0002501), (-0.02111661, 0.006098151, 0.00104403), (-0.02219855, 0.006388068, 0.0002501),
            (-0.016891, 0.01737678, 0), (-0.01193261, 0.02119946, 0), (-0.02071362, 0.01241832, 0),
            (-0.02125442, 0.01273053, 1.645e-05), (-0.01733219, 0.01781803, 1.639e-05), (-0.01224482, 0.02174013, 1.645e-05),
            (-0.006142914, 0.02358222, 6e-08), (6.24965e-05, 0.02441358, 6e-08), (-0.006304383, 0.02418494, 1.645e-05),
            (6.25072e-05, 0.02503794, 1.645e-05), (0.006267905, 0.02358222, 6e-08), (0.0120576, 0.02119946, 6e-08),
            (0.006429374, 0.02418494, 1.645e-05), (0.01236981, 0.02174013, 1.645e-05), (0.01701599, 0.01737678, 6e-08),
            (0.02083861, 0.01241832, 6e-08), (0.01745718, 0.01781803, 1.645e-05), (0.02137941, 0.01273053, 1.645e-05),
            (0.02322143, 0.006628692, 6e-08), (0.02405273, 0.000423292, 6e-08), (0.02382415, 0.006790161, 1.645e-05),
            (0.02467709, 0.000423292, 1.645e-05), (0.02322143, -0.005782008, 6e-08), (0.02083867, -0.01157182, 6e-08),
            (0.02382415, -0.005943596, 1.645e-05), (0.02137941, -0.01188403, 1.645e-05), (0.01701599, -0.01653021, 6e-08),
            (0.0120576, -0.0203529, 6e-08), (0.01745718, -0.0169714, 1.645e-05), (0.01236981, -0.02089363, 1.645e-05),
            (0.006267905, -0.02273565, 6e-08), (6.24978e-05, -0.02356702, 6e-08), (0.006429374, -0.02333831, 1.645e-05),
            (6.25088e-05, -0.02419131, 1.645e-05), (-0.006142914, -0.02273565, 0), (-0.01193267, -0.0203529, 0),
            (-0.006304383, -0.02333831, 1.645e-05), (-0.01224482, -0.02089363, 1.645e-05), (-0.016891, -0.01653021, 0),
            (-0.02071362, -0.01157182, 0), (-0.01733219, -0.0169714, 1.639e-05), (-0.02125442, -0.01188403, 1.645e-05),
            (-0.02309638, -0.005782008, 0), (-0.02392774, 0.000423294, 0), (-0.0236991, -0.005943596, 1.639e-05),
            (-0.0245521, 0.000423294, 1.639e-05), (-0.02309644, 0.006628692, 0), (-0.0236991, 0.006790161, 1.639e-05),
            (0.02137941, 0.01273053, 1.645e-05), (0.01745718, 0.01781803, 1.645e-05), (0.01760119, 0.01796191, 2.193e-05),
            (0.02155584, 0.01283246, 2.193e-05), (0.01236981, 0.02174013, 1.645e-05), (0.01247161, 0.02191656, 2.193e-05),
            (0.006429374, 0.02418494, 1.645e-05), (0.006482005, 0.02438157, 2.193e-05), (6.25072e-05, 0.02503794, 1.645e-05),
            (6.25072e-05, 0.02524167, 2.193e-05), (-0.006304383, 0.02418494, 1.645e-05), (-0.006357014, 0.02438157, 2.193e-05),
            (-0.01224482, 0.02174013, 1.645e-05), (-0.01234668, 0.02191656, 2.193e-05), (-0.01733219, 0.01781803, 1.639e-05),
            (-0.0174762, 0.01796191, 2.187e-05), (-0.02125442, 0.01273053, 1.645e-05), (-0.02143085, 0.01283246, 2.187e-05),
            (-0.0236991, 0.006790161, 1.639e-05), (-0.0238958, 0.006842792, 2.187e-05), (-0.0245521, 0.000423294, 1.639e-05),
            (-0.02475589, 0.000423294, 2.187e-05), (-0.0236991, -0.005943596, 1.639e-05), (-0.0238958, -0.005996227, 2.187e-05),
            (-0.02125442, -0.01188403, 1.645e-05), (-0.02143085, -0.01198583, 2.193e-05), (-0.01733219, -0.0169714, 1.639e-05),
            (-0.0174762, -0.01711541, 2.187e-05), (-0.01224482, -0.02089363, 1.645e-05), (-0.01234668, -0.02107006, 2.187e-05),
            (-0.006304383, -0.02333831, 1.645e-05), (-0.006357014, -0.02353507, 2.187e-05), (6.25088e-05, -0.02419131, 1.645e-05),
            (6.25088e-05, -0.0243951, 2.187e-05), (0.006429374, -0.02333831, 1.645e-05), (0.006482124, -0.02353507, 2.193e-05),
            (0.01236981, -0.02089363, 1.645e-05), (0.01247161, -0.02107006, 2.193e-05), (0.01745718, -0.0169714, 1.645e-05),
            (0.01760119, -0.01711541, 2.193e-05), (0.02137941, -0.01188403, 1.645e-05), (0.02155584, -0.01198583, 2.193e-05),
            (0.02382415, -0.005943596, 1.645e-05), (0.02402085, -0.005996227, 2.187e-05), (0.02467709, 0.000423292, 1.645e-05),
            (0.02488088, 0.000423292, 2.187e-05), (0.02382415, 0.006790161, 1.645e-05), (0.02402085, 0.006842792, 2.187e-05),
            (0.01760119, 0.01796191, 2.193e-05), (0.01247161, 0.02191656, 2.193e-05), (0.01261121, 0.02215826, 0.00055611),
            (0.01779836, 0.01815915, 0.00055611), (0.02155584, 0.01283246, 2.193e-05), (0.02179741, 0.01297193, 0.00055611),
            (0.006482005, 0.02438157, 2.193e-05), (6.25072e-05, 0.02524167, 2.193e-05), (6.25072e-05, 0.02552074, 0.00055611),
            (0.006554186, 0.02465099, 0.00055611), (-0.006357014, 0.02438157, 2.193e-05), (-0.01234668, 0.02191656, 2.193e-05),
            (-0.01248615, 0.02215826, 0.00055611), (-0.006429255, 0.02465099, 0.00055611), (-0.0174762, 0.01796191, 2.187e-05),
            (-0.02143085, 0.01283246, 2.187e-05), (-0.02167242, 0.01297193, 0.00055611), (-0.01767337, 0.01815915, 0.00055611),
            (-0.0238958, 0.006842792, 2.187e-05), (-0.02475589, 0.000423294, 2.187e-05), (-0.0250349, 0.000423294, 0.00055605),
            (-0.02416521, 0.006914973, 0.00055605), (-0.0238958, -0.005996227, 2.187e-05), (-0.02143085, -0.01198583, 2.193e-05),
            (-0.02167242, -0.01212543, 0.00055611), (-0.02416521, -0.006068468, 0.00055605), (-0.0174762, -0.01711541, 2.187e-05),
            (-0.01234668, -0.02107006, 2.187e-05), (-0.01248615, -0.0213117, 0.00055611), (-0.01767337, -0.01731258, 0.00055611),
            (-0.006357014, -0.02353507, 2.187e-05), (6.25088e-05, -0.0243951, 2.187e-05), (6.25088e-05, -0.02467411, 0.00055611),
            (-0.006429255, -0.02380442, 0.00055611), (0.006482124, -0.02353507, 2.193e-05), (0.01247161, -0.02107006, 2.193e-05),
            (0.01261121, -0.0213117, 0.00055611), (0.006554186, -0.02380442, 0.00055611), (0.01760119, -0.01711541, 2.193e-05),
            (0.02155584, -0.01198583, 2.193e-05), (0.02179741, -0.01212543, 0.00055611), (0.01779836, -0.01731258, 0.00055611),
            (0.02402085, -0.005996227, 2.187e-05), (0.02488088, 0.000423292, 2.187e-05), (0.02515995, 0.000423292, 0.00055611),
            (0.0242902, -0.006068468, 0.00055611), (0.02402085, 0.006842792, 2.187e-05), (0.0242902, 0.006914973, 0.00055611),
            (0.0232141, 0.01378983, 0.12004237), (0.01895427, 0.01931512, 0.12004237), (0.01895451, 0.0193153, 0.12103914),
            (0.02321434, 0.01379001, 0.12103914), (0.01342898, 0.02357482, 0.12004237), (0.01342922, 0.02357506, 0.12103914),
            (0.01330989, 0.02336847, 0.1217597), (0.01878595, 0.01914674, 0.1217597), (0.02300775, 0.01367068, 0.1217597),
            (0.006977379, 0.02622997, 0.12004237), (0.006977379, 0.02623033, 0.12103914), (6.25181e-05, 0.02715647, 0.12004237),
            (6.25181e-05, 0.02715677, 0.12103914), (6.25181e-05, 0.02691817, 0.1217597), (0.006915748, 0.02600002, 0.1217597),
            (-0.006852269, 0.02622997, 0.12004237), (-0.006852388, 0.02623033, 0.12103908), (-0.01330405, 0.02357482, 0.12004237),
            (-0.01330423, 0.02357506, 0.12103908), (-0.0131849, 0.02336847, 0.12175964), (-0.006790757, 0.02600002, 0.12175964),
            (-0.01882934, 0.01931512, 0.12004237), (-0.01882952, 0.0193153, 0.12103908), (-0.02308911, 0.01378983, 0.12004237),
            (-0.02308928, 0.01379001, 0.12103908), (-0.02288269, 0.01367074, 0.12175964), (-0.01866096, 0.01914674, 0.12175964),
            (-0.02574419, 0.007338166, 0.12004237), (-0.02574443, 0.007338166, 0.12103908), (-0.02667063, 0.000423292, 0.12004237),
            (-0.02667093, 0.00042329, 0.12103908), (-0.02643239, 0.000423292, 0.12175964), (-0.02551424, 0.007276535, 0.12175964),
            (-0.02574419, -0.006491601, 0.12004237), (-0.02574443, -0.006491661, 0.12103908), (-0.02308928, -0.01294338, 0.12103908),
            (-0.02288269, -0.01282411, 0.12175964), (-0.02551424, -0.00642997, 0.12175964), (-0.02308911, -0.01294326, 0.12004237),
            (-0.01882934, -0.01846849, 0.12004237), (-0.01882952, -0.01846873, 0.12103908), (-0.01330405, -0.02272832, 0.12004237),
            (-0.01330423, -0.02272856, 0.12103914), (-0.01318496, -0.02252197, 0.12175964), (-0.01866096, -0.01830017, 0.12175964),
            (-0.006852388, -0.02538347, 0.12004237), (-0.006852388, -0.02538377, 0.12103914), (6.25196e-05, -0.02630984, 0.12004243),
            (6.25196e-05, -0.0263102, 0.12103914), (6.25088e-05, -0.02607154, 0.1217597), (-0.006790757, -0.02515339, 0.1217597),
            (0.006977379, -0.02538347, 0.12004243), (0.006977379, -0.02538377, 0.12103914), (0.01342898, -0.02272832, 0.12004243),
            (0.01342922, -0.02272856, 0.12103914), (0.01330989, -0.02252197, 0.1217597), (0.006915748, -0.02515339, 0.1217597),
            (0.01895427, -0.01846849, 0.12004237), (0.01895451, -0.01846873, 0.12103914), (0.0232141, -0.01294326, 0.12004237),
            (0.02321434, -0.01294338, 0.12103914), (0.02300775, -0.01282411, 0.1217597), (0.01878595, -0.01830017, 0.1217597),
            (0.02586925, -0.006491601, 0.12004237), (0.02586948, -0.006491661, 0.12103914), (0.02679568, 0.000423289, 0.12004237),
            (0.02679598, 0.000423288, 0.12103914), (0.02655744, 0.000423289, 0.1217597), (0.02563923, -0.00642997, 0.1217597),
            (0.02586925, 0.007338166, 0.12004237), (0.02586948, 0.007338166, 0.12103914), (0.02563923, 0.007276535, 0.1217597),
            (0.01828014, 0.01864099, 0.12199991), (0.02238798, 0.01331281, 0.12199991), (0.01295202, 0.02274864, 0.12199991),
            (0.01259577, 0.02213156, 0.1217904), (0.01777654, 0.01813739, 0.1217904), (0.02177077, 0.0129565, 0.1217904),
            (0.006730616, 0.02530914, 0.12199991), (6.25072e-05, 0.02620244, 0.12199991), (6.25072e-05, 0.0254898, 0.1217904),
            (0.006546199, 0.02462112, 0.1217904), (-0.006605625, 0.02530914, 0.12199991), (-0.01282703, 0.02274864, 0.12199991),
            (-0.01247078, 0.02213156, 0.12179034), (-0.006421208, 0.02462112, 0.1217904), (-0.01815515, 0.01864099, 0.12199991),
            (-0.02226293, 0.01331281, 0.12199991), (-0.02164578, 0.0129565, 0.12179034), (-0.01765155, 0.01813739, 0.12179034),
            (-0.0248233, 0.007091403, 0.12199991), (-0.02571672, 0.000423292, 0.12199991), (-0.02500402, 0.000423294, 0.12179034),
            (-0.02413541, 0.006906986, 0.12179034), (-0.0248233, -0.006244838, 0.12199991), (-0.02226293, -0.01246631, 0.12199991),
            (-0.02164578, -0.01210999, 0.12179034), (-0.02413541, -0.006060481, 0.12179034), (-0.01815515, -0.01779443, 0.12199991),
            (-0.01282703, -0.0219022, 0.12199991), (-0.01247078, -0.02128493, 0.1217904), (-0.01765155, -0.01729083, 0.12179034),
            (-0.006605625, -0.02446258, 0.12199991), (6.25088e-05, -0.02535593, 0.12199997), (6.24979e-05, -0.0246433, 0.1217904),
            (-0.006421208, -0.02377462, 0.1217904), (0.006730616, -0.02446258, 0.12199997), (0.01295202, -0.0219022, 0.12199991),
            (0.01259577, -0.02128493, 0.1217904), (0.006546258, -0.02377462, 0.1217904), (0.01828014, -0.01779443, 0.12199991),
            (0.02238798, -0.01246631, 0.12199991), (0.02177077, -0.01210999, 0.1217904), (0.01777654, -0.01729083, 0.1217904),
            (0.02494829, -0.006244838, 0.12199991), (0.02584171, 0.000423289, 0.12199991), (0.02512902, 0.000423292, 0.1217904),
            (0.0242604, -0.006060481, 0.1217904), (0.02494829, 0.007091403, 0.12199991), (0.0242604, 0.006906986, 0.1217904),
            (0.01761448, 0.01797527, 0.12116175), (0.02157217, 0.01284188, 0.12116175), (0.01248109, 0.02193284, 0.12116175),
            (0.01180285, 0.02075821, 0.1205331), (0.01627737, 0.0166381, 0.1205331), (0.02039742, 0.01216357, 0.1205331),
            (0.006486952, 0.02439969, 0.12116175), (6.25072e-05, 0.02526038, 0.12116175), (6.25073e-05, 0.02390402, 0.1205331),
            (0.005997478, 0.02257323, 0.1205331), (-0.006361961, 0.02439969, 0.12116175), (-0.0123561, 0.02193284, 0.12116175),
            (-0.01167786, 0.02075821, 0.1205331), (-0.005872488, 0.02257323, 0.1205331), (-0.01247078, 0.02213156, 0.12179034),
            (-0.01765155, 0.01813739, 0.12179034), (-0.01748949, 0.01797527, 0.12116175), (-0.0123561, 0.02193284, 0.12116175),
            (-0.02164578, 0.0129565, 0.12179034), (-0.02144712, 0.01284188, 0.12116169), (-0.02027243, 0.01216357, 0.1205331),
            (-0.01615238, 0.0166381, 0.1205331), (-0.01167786, 0.02075821, 0.1205331), (-0.02391391, 0.006847739, 0.12116169),
            (-0.02144712, 0.01284188, 0.12116169), (-0.02477473, 0.000423294, 0.12116169), (-0.02341818, 0.000423293, 0.1205331),
            (-0.02208745, 0.006358325, 0.1205331), (-0.02027243, 0.01216357, 0.1205331), (-0.02391391, -0.006001174, 0.12116169),
            (-0.02144712, -0.01199525, 0.12116175), (-0.02027243, -0.01131707, 0.1205331), (-0.02208745, -0.005511701, 0.1205331),
            (-0.01748949, -0.0171287, 0.12116175), (-0.0123561, -0.02108633, 0.12116175), (-0.01167786, -0.01991158, 0.1205331),
            (-0.01615238, -0.01579159, 0.1205331), (-0.006361961, -0.02355319, 0.12116175), (6.24979e-05, -0.02441394, 0.12116175),
            (6.25087e-05, -0.02305746, 0.12053316), (-0.005872488, -0.0217266, 0.12053316), (0.006486952, -0.02355319, 0.12116175),
            (0.01248109, -0.02108639, 0.12116175), (0.01180285, -0.01991158, 0.12053316), (0.005997478, -0.0217266, 0.12053316),
            (0.01761448, -0.0171287, 0.12116175), (0.02157217, -0.01199525, 0.12116175), (0.02039742, -0.01131707, 0.1205331),
            (0.01627737, -0.01579159, 0.12053316), (0.02403897, -0.006001174, 0.12116175), (0.02489972, 0.000423292, 0.12116175),
            (0.02354317, 0.00042329, 0.1205331), (0.02221244, -0.005511701, 0.1205331), (0.02403897, 0.006847739, 0.12116175),
            (0.02221244, 0.006358325, 0.1205331), (-0.02574419, -0.006491601, 0.12004237), (-0.02308911, -0.01294326, 0.12004237),
            (-0.02308928, -0.01294338, 0.12103908), (-0.02574443, -0.006491661, 0.12103908), (0.008596956, 0.01520544, 0.12032359),
            (0.007701039, 0.01365369, 0.12032359), (0.01224881, 0.0126096, 0.12032359), (0.009755969, 0.0172128, 0.12032359),
            (0.004862666, 0.008737385, 0.12032359), (0.007742524, 0.00810337, 0.12032359), (0.008376598, 0.005223453, 0.12032359),
            (0.0132929, 0.008061885, 0.12032359), (0.01484459, 0.008957743, 0.12032359), (0.01685208, 0.01011669, 0.12032359),
            (0.02039742, 0.01216357, 0.1205331), (0.01627737, 0.0166381, 0.1205331), (0.01180285, 0.02075821, 0.1205331),
            (6.25075e-05, 0.01749229, 0.12032359), (6.25076e-05, 0.01570045, 0.12032359), (0.004522979, 0.01707005, 0.12032359),
            (6.25074e-05, 0.01981014, 0.12032359), (6.25078e-05, 0.01002359, 0.12032359), (0.002873539, 0.0109145, 0.12032359),
            (0.005997478, 0.02257323, 0.1205331), (6.25073e-05, 0.02390402, 0.1205331), (-0.008471965, 0.01520544, 0.12032359),
            (-0.007576048, 0.01365369, 0.12032359), (-0.004397988, 0.01707005, 0.12032359), (-0.009630918, 0.0172128, 0.12032359),
            (-0.004737675, 0.008737385, 0.12032359), (-0.002748548, 0.0109145, 0.12032359), (-0.005872488, 0.02257323, 0.1205331),
            (-0.01167786, 0.02075821, 0.1205331), (-0.0147196, 0.008957743, 0.12032353), (-0.01316791, 0.008061885, 0.12032353),
            (-0.01212376, 0.0126096, 0.12032353), (-0.01672703, 0.01011669, 0.12032353), (-0.008251607, 0.005223453, 0.12032353),
            (-0.007617533, 0.00810337, 0.12032359), (-0.01615238, 0.0166381, 0.1205331), (-0.02027243, 0.01216357, 0.1205331),
            (-0.01700645, 0.000423292, 0.12032353), (-0.01521474, 0.000423292, 0.12032353), (-0.01658421, 0.004883766, 0.12032353),
            (-0.01932442, 0.000423292, 0.12032353), (-0.009537816, 0.00042329, 0.12032353), (-0.01042866, 0.003234386, 0.12032353),
            (-0.02208745, 0.006358325, 0.1205331), (-0.02341818, 0.000423293, 0.1205331), (-0.0147196, -0.008111178, 0.12032353),
            (-0.01316791, -0.007215321, 0.12032353), (-0.01658421, -0.004037201, 0.12032353), (-0.01672703, -0.009270191, 0.12032353),
            (-0.008251607, -0.004376888, 0.12032353), (-0.01042866, -0.002387762, 0.12032353), (-0.02208745, -0.005511701, 0.1205331),
            (-0.02027243, -0.01131707, 0.1205331), (-0.008471965, -0.01435881, 0.12032359), (-0.007576048, -0.01280719, 0.12032359),
            (-0.01212382, -0.01176297, 0.12032353), (-0.009630978, -0.0163663, 0.12032359), (-0.004737675, -0.00789082, 0.12032359),
            (-0.007617533, -0.007256746, 0.12032359), (-0.01615238, -0.01579159, 0.1205331), (-0.01167786, -0.01991158, 0.1205331),
            (6.25085e-05, -0.01664566, 0.12032359), (6.25084e-05, -0.01485395, 0.12032359), (-0.004397988, -0.01622349, 0.12032359),
            (6.25086e-05, -0.01896363, 0.12032359), (6.25083e-05, -0.009177029, 0.12032359), (-0.002748548, -0.01006788, 0.12032359),
            (-0.005872488, -0.0217266, 0.12053316), (6.25087e-05, -0.02305746, 0.12053316), (0.008596956, -0.01435881, 0.12032359),
            (0.007701039, -0.01280719, 0.12032359), (0.004522979, -0.01622349, 0.12032359), (0.009755969, -0.0163663, 0.12032359),
            (0.004862666, -0.00789082, 0.12032359), (0.002873539, -0.01006788, 0.12032359), (0.005997478, -0.0217266, 0.12053316),
            (0.01180285, -0.01991158, 0.12053316), (0.01484459, -0.008111178, 0.12032359), (0.0132929, -0.007215321, 0.12032359),
            (0.01224881, -0.01176297, 0.12032359), (0.01685208, -0.009270191, 0.12032359), (0.008376598, -0.004376888, 0.12032359),
            (0.007742524, -0.007256746, 0.12032359), (0.01627737, -0.01579159, 0.12053316), (0.02039742, -0.01131707, 0.1205331),
            (0.01713144, 0.000423289, 0.12032359), (0.01533973, 0.000423289, 0.12032359), (0.01670926, -0.004037201, 0.12032359),
            (0.01944941, 0.000423289, 0.12032359), (0.009662806, 0.00042329, 0.12032359), (0.01055365, -0.002387762, 0.12032359),
            (0.02221244, -0.005511701, 0.1205331), (0.02354317, 0.00042329, 0.1205331), (0.01670926, 0.004883766, 0.12032359),
            (0.01055365, 0.003234386, 0.12032359), (0.02221244, 0.006358325, 0.1205331), (0.004284322, 0.004645109, 0.12032359),
            (0.004998207, 0.003272891, 0.12032359), (0.002912104, 0.005358994, 0.12032359), (6.2508e-05, 0.000423293, 0.12032353),
            (0.001607716, 0.006190419, 0.12032359), (6.25078e-05, 0.006122529, 0.12032359), (-0.001482725, 0.006190419, 0.12032359),
            (-0.002787113, 0.005358994, 0.12032359), (-0.004159331, 0.004645109, 0.12032359), (-0.004873216, 0.003272891, 0.12032353),
            (-0.005704641, 0.001968502, 0.12032353), (-0.005636692, 0.000423288, 0.12032353), (-0.005704641, -0.001121938, 0.12032353),
            (-0.004873216, -0.002426326, 0.12032353), (-0.004159331, -0.003798544, 0.12032359), (-0.002787113, -0.004512429, 0.12032359),
            (-0.001482725, -0.005343854, 0.12032359), (6.25082e-05, -0.005275905, 0.12032359), (0.001607716, -0.005343854, 0.12032359),
            (0.002912104, -0.004512429, 0.12032359), (0.004284322, -0.003798544, 0.12032359), (0.004998207, -0.002426326, 0.12032359),
            (0.005829632, -0.001121938, 0.12032359), (0.005761682, 0.000423288, 0.12032359), (0.005829632, 0.001968502, 0.12032359)
        ]
        texCoord2f[] primvars:st = [
            (1.546112, 0.431437), (1.564599, 0.4443914), (1.591087, 0.4159254), (1.546112, 0.431437),
            (1.591087, 0.4159254), (1.565734, 0.394907), (1.564599, 0.4443914), (1.576647, 0.4642717),
            (1.610634, 0.443188), (1.564599, 0.4443914), (1.610634, 0.443188), (1.591087, 0.4159254),
            (1.591087, 0.4159254), (1.610634, 0.443188), (1.641656, 0.4239484), (1.591087, 0.4159254),
            (1.641656, 0.4239484), (1.616402, 0.3887244), (1.565734, 0.394907), (1.591087, 0.4159254),
            (1.616402, 0.3887244), (1.565734, 0.394907), (1.616402, 0.3887244), (1.589013, 0.3515731),
            (1.576647, 0.4642717), (1.586634, 0.4854306), (1.622817, 0.4750218), (1.576647, 0.4642717),
            (1.622817, 0.4750218), (1.610634, 0.443188), (1.586634, 0.4854306), (1.587823, 0.5091247),
            (1.627068, 0.5091412), (1.586634, 0.4854306), (1.627068, 0.5091412), (1.622817, 0.4750218),
            (1.622817, 0.4750218), (1.627068, 0.5091412), (1.66289, 0.5091617), (1.622817, 0.4750218),
            (1.66289, 0.5091617), (1.657398, 0.4650786), (1.610634, 0.443188), (1.622817, 0.4750218),
            (1.657398, 0.4650786), (1.610634, 0.443188), (1.657398, 0.4650786), (1.641656, 0.4239484),
            (1.587823, 0.5091247), (1.586634, 0.5328186), (1.622817, 0.5432605), (1.587823, 0.5091247),
            (1.622817, 0.5432605), (1.627068, 0.5091412), (1.586634, 0.5328186), (1.576647, 0.5539777),
            (1.610634, 0.5750944), (1.586634, 0.5328186), (1.610634, 0.5750944), (1.622817, 0.5432605),
            (1.622817, 0.5432605), (1.610634, 0.5750944), (1.641656, 0.5943748), (1.622817, 0.5432605),
            (1.641656, 0.5943748), (1.657398, 0.5532448), (1.627068, 0.5091412), (1.622817, 0.5432605),
            (1.657398, 0.5532448), (1.627068, 0.5091412), (1.657398, 0.5532448), (1.66289, 0.5091617),
            (1.576647, 0.5539777), (1.564599, 0.5738579), (1.591087, 0.602357), (1.576647, 0.5539777),
            (1.591087, 0.602357), (1.610634, 0.5750944), (1.564599, 0.5738579), (1.546112, 0.5868125),
            (1.565734, 0.6233754), (1.564599, 0.5738579), (1.565734, 0.6233754), (1.591087, 0.602357),
            (1.591087, 0.602357), (1.565734, 0.6233754), (1.583645, 0.6567553), (1.591087, 0.602357),
            (1.583645, 0.6567553), (1.616402, 0.629599), (1.610634, 0.5750944), (1.591087, 0.602357),
            (1.616402, 0.629599), (1.610634, 0.5750944), (1.616402, 0.629599), (1.641656, 0.5943748),
            (1.546112, 0.5868125), (1.526435, 0.5975519), (1.53613, 0.6364764), (1.546112, 0.5868125),
            (1.53613, 0.6364764), (1.565734, 0.6233754), (1.526435, 0.5975519), (1.5044, 0.5988308),
            (1.5044, 0.6410475), (1.526435, 0.5975519), (1.5044, 0.6410475), (1.53613, 0.6364764),
            (1.53613, 0.6364764), (1.5044, 0.6410475), (1.5044, 0.679588), (1.53613, 0.6364764),
            (1.5044, 0.679588), (1.545396, 0.673682), (1.565734, 0.6233754), (1.53613, 0.6364764),
            (1.545396, 0.673682), (1.565734, 0.6233754), (1.545396, 0.673682), (1.583645, 0.6567553),
            (1.5044, 0.5988308), (1.482365, 0.5975519), (1.47267, 0.6364764), (1.5044, 0.5988308),
            (1.47267, 0.6364764), (1.5044, 0.6410475), (1.482365, 0.5975519), (1.462688, 0.5868125),
            (1.443066, 0.6233754), (1.482365, 0.5975519), (1.443066, 0.6233754), (1.47267, 0.6364764),
            (1.47267, 0.6364764), (1.443066, 0.6233754), (1.425154, 0.6567553), (1.47267, 0.6364764),
            (1.425154, 0.6567553), (1.463404, 0.673682), (1.5044, 0.6410475), (1.47267, 0.6364764),
            (1.463404, 0.673682), (1.5044, 0.6410475), (1.463404, 0.673682), (1.5044, 0.679588),
            (1.462688, 0.5868125), (1.4442, 0.5738579), (1.417712, 0.602357), (1.462688, 0.5868125),
            (1.417712, 0.602357), (1.443066, 0.6233754), (1.4442, 0.5738579), (1.432153, 0.5539777),
            (1.398166, 0.5750944), (1.4442, 0.5738579), (1.398166, 0.5750944), (1.417712, 0.602357),
            (1.417712, 0.602357), (1.398166, 0.5750944), (1.367143, 0.5943749), (1.417712, 0.602357),
            (1.367143, 0.5943749), (1.392397, 0.629599), (1.443066, 0.6233754), (1.417712, 0.602357),
            (1.392397, 0.629599), (1.443066, 0.6233754), (1.392397, 0.629599), (1.425154, 0.6567553),
            (1.432153, 0.5539777), (1.422166, 0.5328186), (1.385982, 0.5432605), (1.432153, 0.5539777),
            (1.385982, 0.5432605), (1.398166, 0.5750944), (1.422166, 0.5328186), (1.420976, 0.5091247),
            (1.381731, 0.5091412), (1.422166, 0.5328186), (1.381731, 0.5091412), (1.385982, 0.5432605),
            (1.385982, 0.5432605), (1.381731, 0.5091412), (1.345909, 0.5091617), (1.385982, 0.5432605),
            (1.345909, 0.5091617), (1.351402, 0.5532448), (1.398166, 0.5750944), (1.385982, 0.5432605),
            (1.351402, 0.5532448), (1.398166, 0.5750944), (1.351402, 0.5532448), (1.367143, 0.5943749),
            (1.420976, 0.5091247), (1.422166, 0.4854306), (1.385982, 0.4750218), (1.420976, 0.5091247),
            (1.385982, 0.4750218), (1.381731, 0.5091412), (1.422166, 0.4854306), (1.432153, 0.4642717),
            (1.398166, 0.443188), (1.422166, 0.4854306), (1.398166, 0.443188), (1.385982, 0.4750218),
            (1.385982, 0.4750218), (1.398166, 0.443188), (1.367143, 0.4239485), (1.385982, 0.4750218),
            (1.367143, 0.4239485), (1.351402, 0.4650786), (1.381731, 0.5091412), (1.385982, 0.4750218),
            (1.351402, 0.4650786), (1.381731, 0.5091412), (1.351402, 0.4650786), (1.345909, 0.5091617),
            (1.432153, 0.4642717), (1.4442, 0.4443914), (1.417712, 0.4159254), (1.432153, 0.4642717),
            (1.417712, 0.4159254), (1.398166, 0.443188), (1.4442, 0.4443914), (1.462688, 0.431437),
            (1.443066, 0.3949069), (1.4442, 0.4443914), (1.443066, 0.3949069), (1.417712, 0.4159254),
            (1.417712, 0.4159254), (1.443066, 0.3949069), (1.425155, 0.361568), (1.417712, 0.4159254),
            (1.425155, 0.361568), (1.392397, 0.3887244), (1.398166, 0.443188), (1.417712, 0.4159254),
            (1.392397, 0.3887244), (1.398166, 0.443188), (1.392397, 0.3887244), (1.367143, 0.4239485),
            (1.462688, 0.431437), (1.482365, 0.4206974), (1.47267, 0.381806), (1.462688, 0.431437),
            (1.47267, 0.381806), (1.443066, 0.3949069), (1.482365, 0.4206974), (1.5044, 0.4194186),
            (1.5044, 0.3772348), (1.482365, 0.4206974), (1.5044, 0.3772348), (1.47267, 0.381806),
            (1.47267, 0.381806), (1.5044, 0.3772348), (1.5044, 0.3271937), (1.47267, 0.381806),
            (1.5044, 0.3271937), (1.463404, 0.3446413), (1.443066, 0.3949069), (1.47267, 0.381806),
            (1.463404, 0.3446413), (1.443066, 0.3949069), (1.463404, 0.3446413), (1.425155, 0.361568),
            (1.5044, 0.4194186), (1.526435, 0.4206974), (1.53613, 0.381806), (1.5044, 0.4194186),
            (1.53613, 0.381806), (1.5044, 0.3772348), (1.526435, 0.4206974), (1.546112, 0.431437),
            (1.565734, 0.394907), (1.526435, 0.4206974), (1.565734, 0.394907), (1.53613, 0.381806),
            (1.53613, 0.381806), (1.565734, 0.394907), (1.589013, 0.3515731), (1.53613, 0.381806),
            (1.589013, 0.3515731), (1.546706, 0.3393834), (1.5044, 0.3772348), (1.53613, 0.381806),
            (1.546706, 0.3393834), (1.5044, 0.3772348), (1.546706, 0.3393834), (1.5044, 0.3271937),
            (1.589013, 0.3515731), (1.616402, 0.3887244), (1.634556, 0.3692204), (1.589013, 0.3515731),
            (1.634556, 0.3692204), (1.59968, 0.3317188), (1.616402, 0.3887244), (1.641656, 0.4239484),
            (1.663903, 0.4101535), (1.616402, 0.3887244), (1.663903, 0.4101535), (1.634556, 0.3692204),
            (1.634556, 0.3692204), (1.663903, 0.4101535), (1.679899, 0.4002463), (1.634556, 0.3692204),
            (1.679899, 0.4002463), (1.647608, 0.355208), (1.59968, 0.3317188), (1.634556, 0.3692204),
            (1.647608, 0.355208), (1.59968, 0.3317188), (1.647608, 0.355208), (1.610348, 0.3118645),
            (1.641656, 0.4239484), (1.657398, 0.4650786), (1.682196, 0.45795), (1.641656, 0.4239484),
            (1.682196, 0.45795), (1.663903, 0.4101535), (1.657398, 0.4650786), (1.66289, 0.5091617),
            (1.688578, 0.5091781), (1.657398, 0.4650786), (1.688578, 0.5091781), (1.682196, 0.45795),
            (1.682196, 0.45795), (1.688578, 0.5091781), (1.707049, 0.5092017), (1.682196, 0.45795),
            (1.707049, 0.5092017), (1.700027, 0.452836), (1.663903, 0.4101535), (1.682196, 0.45795),
            (1.700027, 0.452836), (1.663903, 0.4101535), (1.700027, 0.452836), (1.679899, 0.4002463),
            (1.66289, 0.5091617), (1.657398, 0.5532448), (1.682196, 0.5604062), (1.66289, 0.5091617),
            (1.682196, 0.5604062), (1.688578, 0.5091781), (1.657398, 0.5532448), (1.641656, 0.5943748),
            (1.663903, 0.6082026), (1.657398, 0.5532448), (1.663903, 0.6082026), (1.682196, 0.5604062),
            (1.682196, 0.5604062), (1.663903, 0.6082026), (1.679899, 0.6181569), (1.682196, 0.5604062),
            (1.679899, 0.6181569), (1.700027, 0.5655673), (1.688578, 0.5091781), (1.682196, 0.5604062),
            (1.700027, 0.5655673), (1.688578, 0.5091781), (1.700027, 0.5655673), (1.707049, 0.5092017),
            (1.641656, 0.5943748), (1.616402, 0.629599), (1.634556, 0.6491358), (1.641656, 0.5943748),
            (1.634556, 0.6491358), (1.663903, 0.6082026), (1.616402, 0.629599), (1.583645, 0.6567553),
            (1.596489, 0.6806936), (1.616402, 0.629599), (1.596489, 0.6806936), (1.634556, 0.6491358),
            (1.634556, 0.6491358), (1.596489, 0.6806936), (1.605725, 0.6979178), (1.634556, 0.6491358),
            (1.605725, 0.6979178), (1.647608, 0.6631952), (1.663903, 0.6082026), (1.634556, 0.6491358),
            (1.647608, 0.6631952), (1.663903, 0.6082026), (1.647608, 0.6631952), (1.679899, 0.6181569),
            (1.583645, 0.6567553), (1.545396, 0.673682), (1.55204, 0.7003639), (1.583645, 0.6567553),
            (1.55204, 0.7003639), (1.596489, 0.6806936), (1.545396, 0.673682), (1.5044, 0.679588),
            (1.5044, 0.7072271), (1.545396, 0.673682), (1.5044, 0.7072271), (1.55204, 0.7003639),
            (1.55204, 0.7003639), (1.5044, 0.7072271), (1.5044, 0.7271124), (1.55204, 0.7003639),
            (1.5044, 0.7271124), (1.556818, 0.7195608), (1.596489, 0.6806936), (1.55204, 0.7003639),
            (1.556818, 0.7195608), (1.596489, 0.6806936), (1.556818, 0.7195608), (1.605725, 0.6979178),
            (1.5044, 0.679588), (1.463404, 0.673682), (1.456759, 0.7003639), (1.5044, 0.679588),
            (1.456759, 0.7003639), (1.5044, 0.7072271), (1.463404, 0.673682), (1.425154, 0.6567553),
            (1.41231, 0.6806936), (1.463404, 0.673682), (1.41231, 0.6806936), (1.456759, 0.7003639),
            (1.456759, 0.7003639), (1.41231, 0.6806936), (1.403075, 0.6979178), (1.456759, 0.7003639),
            (1.403075, 0.6979178), (1.451982, 0.7195608), (1.5044, 0.7072271), (1.456759, 0.7003639),
            (1.451982, 0.7195608), (1.5044, 0.7072271), (1.451982, 0.7195608), (1.5044, 0.7271124),
            (1.425154, 0.6567553), (1.392397, 0.629599), (1.374244, 0.6491358), (1.425154, 0.6567553),
            (1.374244, 0.6491358), (1.41231, 0.6806936), (1.392397, 0.629599), (1.367143, 0.5943749),
            (1.344896, 0.6082026), (1.392397, 0.629599), (1.344896, 0.6082026), (1.374244, 0.6491358),
            (1.374244, 0.6491358), (1.344896, 0.6082026), (1.328901, 0.6181569), (1.374244, 0.6491358),
            (1.328901, 0.6181569), (1.361191, 0.6631952), (1.41231, 0.6806936), (1.374244, 0.6491358),
            (1.361191, 0.6631952), (1.41231, 0.6806936), (1.361191, 0.6631952), (1.403075, 0.6979178),
            (1.367143, 0.5943749), (1.351402, 0.5532448), (1.326604, 0.5604062), (1.367143, 0.5943749),
            (1.326604, 0.5604062), (1.344896, 0.6082026), (1.351402, 0.5532448), (1.345909, 0.5091617),
            (1.320221, 0.5091781), (1.351402, 0.5532448), (1.320221, 0.5091781), (1.326604, 0.5604062),
            (1.326604, 0.5604062), (1.320221, 0.5091781), (1.301751, 0.5092017), (1.326604, 0.5604062),
            (1.301751, 0.5092017), (1.308773, 0.5655672), (1.344896, 0.6082026), (1.326604, 0.5604062),
            (1.308773, 0.5655672), (1.344896, 0.6082026), (1.308773, 0.5655672), (1.328901, 0.6181569),
            (1.345909, 0.5091617), (1.351402, 0.4650786), (1.326604, 0.45795), (1.345909, 0.5091617),
            (1.326604, 0.45795), (1.320221, 0.5091781), (1.351402, 0.4650786), (1.367143, 0.4239485),
            (1.344896, 0.4101535), (1.351402, 0.4650786), (1.344896, 0.4101535), (1.326604, 0.45795),
            (1.326604, 0.45795), (1.344896, 0.4101535), (1.328901, 0.4002462), (1.326604, 0.45795),
            (1.328901, 0.4002462), (1.308773, 0.452836), (1.320221, 0.5091781), (1.326604, 0.45795),
            (1.308773, 0.452836), (1.320221, 0.5091781), (1.308773, 0.452836), (1.301751, 0.5092017),
            (1.367143, 0.4239485), (1.392397, 0.3887244), (1.374244, 0.3692204), (1.367143, 0.4239485),
            (1.374244, 0.3692204), (1.344896, 0.4101535), (1.392397, 0.3887244), (1.425155, 0.361568),
            (1.41231, 0.3376626), (1.392397, 0.3887244), (1.41231, 0.3376626), (1.374244, 0.3692204),
            (1.374244, 0.3692204), (1.41231, 0.3376626), (1.403075, 0.3204854), (1.374244, 0.3692204),
            (1.403075, 0.3204854), (1.361191, 0.355208), (1.344896, 0.4101535), (1.374244, 0.3692204),
            (1.361191, 0.355208), (1.344896, 0.4101535), (1.361191, 0.355208), (1.328901, 0.4002462),
            (1.425155, 0.361568), (1.463404, 0.3446413), (1.456759, 0.3179922), (1.425155, 0.361568),
            (1.456759, 0.3179922), (1.41231, 0.3376626), (1.463404, 0.3446413), (1.5044, 0.3271937),
            (1.5044, 0.3042657), (1.463404, 0.3446413), (1.5044, 0.3042657), (1.456759, 0.3179922),
            (1.456759, 0.3179922), (1.5044, 0.3042657), (1.5044, 0.2813376), (1.456759, 0.3179922),
            (1.5044, 0.2813376), (1.451982, 0.2988425), (1.41231, 0.3376626), (1.456759, 0.3179922),
            (1.451982, 0.2988425), (1.41231, 0.3376626), (1.451982, 0.2988425), (1.403075, 0.3204854),
            (0.1819208, 0.4985978), (0.2031658, 0.5778845), (0.1658591, 0.587881), (0.1819208, 0.4985978),
            (0.1658591, 0.587881), (0.1419355, 0.4985979), (0.2031658, 0.5778845), (0.2244107, 0.6571713),
            (0.1897825, 0.6771642), (0.2031658, 0.5778845), (0.1897825, 0.6771642), (0.1658591, 0.587881),
            (0.1658591, 0.587881), (0.1897825, 0.6771642), (0.1551543, 0.6971572), (0.1658591, 0.587881),
            (0.1551543, 0.6971572), (0.1285523, 0.5978776), (0.1419355, 0.4985979), (0.1658591, 0.587881),
            (0.1285523, 0.5978776), (0.1419355, 0.4985979), (0.1285523, 0.5978776), (0.1019502, 0.498598),
            (1.631252, 0.273032), (1.677683, 0.3229597), (1.685615, 0.3143275), (1.631252, 0.273032),
            (1.685615, 0.3143275), (1.632616, 0.2703897), (1.677683, 0.3229597), (1.724114, 0.3728874),
            (1.726476, 0.3713186), (1.677683, 0.3229597), (1.726476, 0.3713186), (1.685615, 0.3143275),
            (1.685615, 0.3143275), (1.726476, 0.3713186), (1.744229, 0.3601941), (1.685615, 0.3143275),
            (1.744229, 0.3601941), (1.693547, 0.3056953), (1.632616, 0.2703897), (1.685615, 0.3143275),
            (1.693547, 0.3056953), (1.632616, 0.2703897), (1.693547, 0.3056953), (1.642866, 0.2511965),
            (1.724114, 0.3728874), (1.741109, 0.4410901), (1.751945, 0.4378654), (1.724114, 0.3728874),
            (1.751945, 0.4378654), (1.726476, 0.3713186), (1.741109, 0.4410901), (1.758104, 0.5092927),
            (1.760831, 0.50919), (1.741109, 0.4410901), (1.760831, 0.50919), (1.751945, 0.4378654),
            (1.751945, 0.4378654), (1.760831, 0.50919), (1.781331, 0.5090872), (1.751945, 0.4378654),
            (1.781331, 0.5090872), (1.76278, 0.4346407), (1.726476, 0.3713186), (1.751945, 0.4378654),
            (1.76278, 0.4346407), (1.726476, 0.3713186), (1.76278, 0.4346407), (1.744229, 0.3601941),
            (1.758104, 0.5092927), (1.741109, 0.5774953), (1.751945, 0.5805147), (1.758104, 0.5092927),
            (1.751945, 0.5805147), (1.760831, 0.50919), (1.741109, 0.5774953), (1.724114, 0.645698),
            (1.726476, 0.6470615), (1.741109, 0.5774953), (1.726476, 0.6470615), (1.751945, 0.5805147),
            (1.751945, 0.5805147), (1.726476, 0.6470615), (1.744229, 0.6579807), (1.751945, 0.5805147),
            (1.744229, 0.6579807), (1.76278, 0.583534), (1.760831, 0.50919), (1.751945, 0.5805147),
            (1.76278, 0.583534), (1.760831, 0.50919), (1.76278, 0.583534), (1.781331, 0.5090872),
            (1.724114, 0.645698), (1.677683, 0.6956257), (1.685615, 0.7040525), (1.724114, 0.645698),
            (1.685615, 0.7040525), (1.726476, 0.6470615), (1.677683, 0.6956257), (1.631252, 0.7455535),
            (1.632616, 0.7479903), (1.677683, 0.6956257), (1.632616, 0.7479903), (1.685615, 0.7040525),
            (1.685615, 0.7040525), (1.632616, 0.7479903), (1.642866, 0.766978), (1.685615, 0.7040525),
            (1.642866, 0.766978), (1.693547, 0.7124794), (1.726476, 0.6470615), (1.685615, 0.7040525),
            (1.693547, 0.7124794), (1.726476, 0.6470615), (1.693547, 0.7124794), (1.744229, 0.6579807),
            (1.631252, 0.7455535), (1.567826, 0.7638285), (1.570729, 0.7753772), (1.631252, 0.7455535),
            (1.570729, 0.7753772), (1.632616, 0.7479903), (1.567826, 0.7638285), (1.5044, 0.7821034),
            (1.5044, 0.7849329), (1.567826, 0.7638285), (1.5044, 0.7849329), (1.570729, 0.7753772),
            (1.570729, 0.7753772), (1.5044, 0.7849329), (1.5044, 0.8068736), (1.570729, 0.7753772),
            (1.5044, 0.8068736), (1.573633, 0.7869258), (1.632616, 0.7479903), (1.570729, 0.7753772),
            (1.573633, 0.7869258), (1.632616, 0.7479903), (1.573633, 0.7869258), (1.642866, 0.766978),
            (1.5044, 0.7821034), (1.440974, 0.7638284), (1.438071, 0.7753771), (1.5044, 0.7821034),
            (1.438071, 0.7753771), (1.5044, 0.7849329), (1.440974, 0.7638284), (1.377548, 0.7455534),
            (1.376184, 0.7479903), (1.440974, 0.7638284), (1.376184, 0.7479903), (1.438071, 0.7753771),
            (1.438071, 0.7753771), (1.376184, 0.7479903), (1.365934, 0.766978), (1.438071, 0.7753771),
            (1.365934, 0.766978), (1.435167, 0.7869258), (1.5044, 0.7849329), (1.438071, 0.7753771),
            (1.435167, 0.7869258), (1.5044, 0.7849329), (1.435167, 0.7869258), (1.5044, 0.8068736),
            (1.377548, 0.7455534), (1.331117, 0.6956257), (1.323184, 0.7040525), (1.377548, 0.7455534),
            (1.323184, 0.7040525), (1.376184, 0.7479903), (1.331117, 0.6956257), (1.284686, 0.645698),
            (1.282324, 0.6470614), (1.331117, 0.6956257), (1.282324, 0.6470614), (1.323184, 0.7040525),
            (1.323184, 0.7040525), (1.282324, 0.6470614), (1.26457, 0.6579805), (1.323184, 0.7040525),
            (1.26457, 0.6579805), (1.315252, 0.7124792), (1.376184, 0.7479903), (1.323184, 0.7040525),
            (1.315252, 0.7124792), (1.376184, 0.7479903), (1.315252, 0.7124792), (1.365934, 0.766978),
            (1.284686, 0.645698), (1.26769, 0.5774953), (1.256855, 0.5805146), (1.284686, 0.645698),
            (1.256855, 0.5805146), (1.282324, 0.6470614), (1.26769, 0.5774953), (1.250695, 0.5092927),
            (1.247968, 0.5091899), (1.26769, 0.5774953), (1.247968, 0.5091899), (1.256855, 0.5805146),
            (1.256855, 0.5805146), (1.247968, 0.5091899), (1.227468, 0.5090871), (1.256855, 0.5805146),
            (1.227468, 0.5090871), (1.246019, 0.5835338), (1.282324, 0.6470614), (1.256855, 0.5805146),
            (1.246019, 0.5835338), (1.282324, 0.6470614), (1.246019, 0.5835338), (1.26457, 0.6579805),
            (1.250695, 0.5092927), (1.26769, 0.4410901), (1.256855, 0.4378653), (1.250695, 0.5092927),
            (1.256855, 0.4378653), (1.247968, 0.5091899), (1.26769, 0.4410901), (1.284686, 0.3728874),
            (1.282324, 0.3713185), (1.26769, 0.4410901), (1.282324, 0.3713185), (1.256855, 0.4378653),
            (1.256855, 0.4378653), (1.282324, 0.3713185), (1.26457, 0.3601939), (1.256855, 0.4378653),
            (1.26457, 0.3601939), (1.246019, 0.4346405), (1.247968, 0.5091899), (1.256855, 0.4378653),
            (1.246019, 0.4346405), (1.247968, 0.5091899), (1.246019, 0.4346405), (1.227468, 0.5090871),
            (1.284686, 0.3728874), (1.331117, 0.3229597), (1.323184, 0.3143274), (1.284686, 0.3728874),
            (1.323184, 0.3143274), (1.282324, 0.3713185), (1.331117, 0.3229597), (1.377548, 0.273032),
            (1.376184, 0.2703897), (1.331117, 0.3229597), (1.376184, 0.2703897), (1.323184, 0.3143274),
            (1.323184, 0.3143274), (1.376184, 0.2703897), (1.365934, 0.2511964), (1.323184, 0.3143274),
            (1.365934, 0.2511964), (1.315252, 0.3056951), (1.282324, 0.3713185), (1.323184, 0.3143274),
            (1.315252, 0.3056951), (1.282324, 0.3713185), (1.315252, 0.3056951), (1.26457, 0.3601939),
            (1.377548, 0.273032), (1.440974, 0.2547571), (1.43807, 0.2430027), (1.377548, 0.273032),
            (1.43807, 0.2430027), (1.376184, 0.2703897), (1.440974, 0.2547571), (1.5044, 0.2364821),
            (1.5044, 0.2334471), (1.440974, 0.2547571), (1.5044, 0.2334471), (1.43807, 0.2430027),
            (1.43807, 0.2430027), (1.5044, 0.2334471), (1.5044, 0.2113004), (1.43807, 0.2430027),
            (1.5044, 0.2113004), (1.435167, 0.2312484), (1.376184, 0.2703897), (1.43807, 0.2430027),
            (1.435167, 0.2312484), (1.376184, 0.2703897), (1.435167, 0.2312484), (1.365934, 0.2511964),
            (1.5044, 0.2364821), (1.567826, 0.2547571), (1.570729, 0.2430027), (1.5044, 0.2364821),
            (1.570729, 0.2430027), (1.5044, 0.2334471), (1.567826, 0.2547571), (1.631252, 0.273032),
            (1.632616, 0.2703897), (1.567826, 0.2547571), (1.632616, 0.2703897), (1.570729, 0.2430027),
            (1.570729, 0.2430027), (1.632616, 0.2703897), (1.642866, 0.2511965), (1.570729, 0.2430027),
            (1.642866, 0.2511965), (1.573633, 0.2312484), (1.5044, 0.2334471), (1.570729, 0.2430027),
            (1.573633, 0.2312484), (1.5044, 0.2334471), (1.573633, 0.2312484), (1.5044, 0.2113004),
            (1.576647, 0.4642717), (1.564599, 0.4443914), (1.542928, 0.4676908), (1.576647, 0.4642717),
            (1.542928, 0.4676908), (1.545508, 0.483599), (1.546112, 0.431437), (1.528134, 0.464916),
            (1.542928, 0.4676908), (1.546112, 0.431437), (1.542928, 0.4676908), (1.564599, 0.4443914),
            (1.504401, 0.5091223), (1.545508, 0.483599), (1.542928, 0.4676908), (1.504401, 0.5091223),
            (1.542928, 0.4676908), (1.528134, 0.464916), (1.587823, 0.5091247), (1.586634, 0.4854306),
            (1.55703, 0.4939559), (1.587823, 0.5091247), (1.55703, 0.4939559), (1.551868, 0.5091204),
            (1.576647, 0.4642717), (1.545508, 0.483599), (1.55703, 0.4939559), (1.576647, 0.4642717),
            (1.55703, 0.4939559), (1.586634, 0.4854306), (1.504401, 0.5091223), (1.551868, 0.5091204),
            (1.55703, 0.4939559), (1.504401, 0.5091223), (1.55703, 0.4939559), (1.545508, 0.483599),
            (1.576647, 0.5539777), (1.586634, 0.5328186), (1.55703, 0.5242842), (1.576647, 0.5539777),
            (1.55703, 0.5242842), (1.545508, 0.5346419), (1.587823, 0.5091247), (1.551868, 0.5091204),
            (1.55703, 0.5242842), (1.587823, 0.5091247), (1.55703, 0.5242842), (1.586634, 0.5328186),
            (1.504401, 0.5091223), (1.545508, 0.5346419), (1.55703, 0.5242842), (1.504401, 0.5091223),
            (1.55703, 0.5242842), (1.551868, 0.5091204), (1.546112, 0.5868125), (1.564599, 0.5738579),
            (1.542928, 0.5505493), (1.546112, 0.5868125), (1.542928, 0.5505493), (1.528134, 0.5533249),
            (1.576647, 0.5539777), (1.545508, 0.5346419), (1.542928, 0.5505493), (1.576647, 0.5539777),
            (1.542928, 0.5505493), (1.564599, 0.5738579), (1.504401, 0.5091223), (1.528134, 0.5533249),
            (1.542928, 0.5505493), (1.504401, 0.5091223), (1.542928, 0.5505493), (1.545508, 0.5346419),
            (1.5044, 0.5988308), (1.526435, 0.5975519), (1.518502, 0.5657135), (1.5044, 0.5988308),
            (1.518502, 0.5657135), (1.5044, 0.5601634), (1.546112, 0.5868125), (1.528134, 0.5533249),
            (1.518502, 0.5657135), (1.546112, 0.5868125), (1.518502, 0.5657135), (1.526435, 0.5975519),
            (1.504401, 0.5091223), (1.5044, 0.5601634), (1.518502, 0.5657135), (1.504401, 0.5091223),
            (1.518502, 0.5657135), (1.528134, 0.5533249), (1.462688, 0.5868125), (1.482365, 0.5975519),
            (1.490298, 0.5657135), (1.462688, 0.5868125), (1.490298, 0.5657135), (1.480666, 0.5533249),
            (1.5044, 0.5988308), (1.5044, 0.5601634), (1.490298, 0.5657135), (1.5044, 0.5988308),
            (1.490298, 0.5657135), (1.482365, 0.5975519), (1.504401, 0.5091223), (1.480666, 0.5533249),
            (1.490298, 0.5657135), (1.504401, 0.5091223), (1.490298, 0.5657135), (1.5044, 0.5601634),
            (1.432153, 0.5539777), (1.4442, 0.5738579), (1.465872, 0.5505493), (1.432153, 0.5539777),
            (1.465872, 0.5505493), (1.463291, 0.5346419), (1.462688, 0.5868125), (1.480666, 0.5533249),
            (1.465872, 0.5505493), (1.462688, 0.5868125), (1.465872, 0.5505493), (1.4442, 0.5738579),
            (1.504401, 0.5091223), (1.463291, 0.5346419), (1.465872, 0.5505493), (1.504401, 0.5091223),
            (1.465872, 0.5505493), (1.480666, 0.5533249), (1.420976, 0.5091247), (1.422166, 0.5328186),
            (1.45177, 0.5242842), (1.420976, 0.5091247), (1.45177, 0.5242842), (1.456932, 0.5091204),
            (1.432153, 0.5539777), (1.463291, 0.5346419), (1.45177, 0.5242842), (1.432153, 0.5539777),
            (1.45177, 0.5242842), (1.422166, 0.5328186), (1.504401, 0.5091223), (1.456932, 0.5091204),
            (1.45177, 0.5242842), (1.504401, 0.5091223), (1.45177, 0.5242842), (1.463291, 0.5346419),
            (1.432153, 0.4642717), (1.422166, 0.4854306), (1.45177, 0.4939559), (1.432153, 0.4642717),
            (1.45177, 0.4939559), (1.463291, 0.483599), (1.420976, 0.5091247), (1.456932, 0.5091204),
            (1.45177, 0.4939559), (1.420976, 0.5091247), (1.45177, 0.4939559), (1.422166, 0.4854306),
            (1.504401, 0.5091223), (1.463291, 0.483599), (1.45177, 0.4939559), (1.504401, 0.5091223),
            (1.45177, 0.4939559), (1.456932, 0.5091204), (1.462688, 0.431437), (1.4442, 0.4443914),
            (1.465872, 0.4676908), (1.462688, 0.431437), (1.465872, 0.4676908), (1.480666, 0.464916),
            (1.432153, 0.4642717), (1.463291, 0.483599), (1.465872, 0.4676908), (1.432153, 0.4642717),
            (1.465872, 0.4676908), (1.4442, 0.4443914), (1.504401, 0.5091223), (1.480666, 0.464916),
            (1.465872, 0.4676908), (1.504401, 0.5091223), (1.465872, 0.4676908), (1.463291, 0.483599),
            (1.5044, 0.4194186), (1.482365, 0.4206974), (1.490298, 0.4525266), (1.5044, 0.4194186),
            (1.490298, 0.4525266), (1.5044, 0.4580774), (1.462688, 0.431437), (1.480666, 0.464916),
            (1.490298, 0.4525266), (1.462688, 0.431437), (1.490298, 0.4525266), (1.482365, 0.4206974),
            (1.504401, 0.5091223), (1.5044, 0.4580774), (1.490298, 0.4525266), (1.504401, 0.5091223),
            (1.490298, 0.4525266), (1.480666, 0.464916), (1.546112, 0.431437), (1.526435, 0.4206974),
            (1.518502, 0.4525266), (1.546112, 0.431437), (1.518502, 0.4525266), (1.528134, 0.464916),
            (1.5044, 0.4194186), (1.5044, 0.4580774), (1.518502, 0.4525266), (1.5044, 0.4194186),
            (1.518502, 0.4525266), (1.526435, 0.4206974), (1.504401, 0.5091223), (1.528134, 0.464916),
            (1.518502, 0.4525266), (1.504401, 0.5091223), (1.518502, 0.4525266), (1.5044, 0.4580774),
            (1.679899, 0.6181569), (1.647608, 0.6631952), (1.657622, 0.674005), (1.679899, 0.6181569),
            (1.657622, 0.674005), (1.692171, 0.6258175), (1.647608, 0.6631952), (1.605725, 0.6979178),
            (1.612809, 0.7111555), (1.647608, 0.6631952), (1.612809, 0.7111555), (1.657622, 0.674005),
            (1.657622, 0.674005), (1.612809, 0.7111555), (1.618348, 0.7215091), (1.657622, 0.674005),
            (1.618348, 0.7215091), (1.66545, 0.6824606), (1.692171, 0.6258175), (1.657622, 0.674005),
            (1.66545, 0.6824606), (1.692171, 0.6258175), (1.66545, 0.6824606), (1.701764, 0.6318113),
            (1.707049, 0.5092017), (1.700027, 0.5655673), (1.713706, 0.5695505), (1.707049, 0.5092017),
            (1.713706, 0.5695505), (1.721219, 0.5092437), (1.700027, 0.5655673), (1.679899, 0.6181569),
            (1.692171, 0.6258175), (1.700027, 0.5655673), (1.692171, 0.6258175), (1.713706, 0.5695505),
            (1.713706, 0.5695505), (1.692171, 0.6258175), (1.701764, 0.6318113), (1.713706, 0.5695505),
            (1.701764, 0.6318113), (1.724398, 0.5726696), (1.721219, 0.5092437), (1.713706, 0.5695505),
            (1.724398, 0.5726696), (1.721219, 0.5092437), (1.724398, 0.5726696), (1.732296, 0.5092818),
            (1.679899, 0.4002463), (1.700027, 0.452836), (1.713706, 0.4489368), (1.679899, 0.4002463),
            (1.713706, 0.4489368), (1.692171, 0.3926697), (1.700027, 0.452836), (1.707049, 0.5092017),
            (1.721219, 0.5092437), (1.700027, 0.452836), (1.721219, 0.5092437), (1.713706, 0.4489368),
            (1.713706, 0.4489368), (1.721219, 0.5092437), (1.732296, 0.5092818), (1.713706, 0.4489368),
            (1.732296, 0.5092818), (1.724398, 0.445894), (1.692171, 0.3926697), (1.713706, 0.4489368),
            (1.724398, 0.445894), (1.692171, 0.3926697), (1.724398, 0.445894), (1.701764, 0.3867523),
            (1.610348, 0.3118645), (1.647608, 0.355208), (1.657622, 0.3444822), (1.610348, 0.3118645),
            (1.657622, 0.3444822), (1.61281, 0.3073318), (1.647608, 0.355208), (1.679899, 0.4002463),
            (1.692171, 0.3926697), (1.647608, 0.355208), (1.692171, 0.3926697), (1.657622, 0.3444822),
            (1.657622, 0.3444822), (1.692171, 0.3926697), (1.701764, 0.3867523), (1.657622, 0.3444822),
            (1.701764, 0.3867523), (1.66545, 0.336103), (1.61281, 0.3073318), (1.657622, 0.3444822),
            (1.66545, 0.336103), (1.61281, 0.3073318), (1.66545, 0.336103), (1.618348, 0.2970545),
            (1.5044, 0.2813376), (1.557374, 0.2966011), (1.560483, 0.2841753), (1.5044, 0.2813376),
            (1.560483, 0.2841753), (1.5044, 0.2760958), (1.557374, 0.2966011), (1.610348, 0.3118645),
            (1.61281, 0.3073318), (1.557374, 0.2966011), (1.61281, 0.3073318), (1.560483, 0.2841753),
            (1.560483, 0.2841753), (1.61281, 0.3073318), (1.618348, 0.2970545), (1.560483, 0.2841753),
            (1.618348, 0.2970545), (1.563348, 0.2727152), (1.5044, 0.2760958), (1.560483, 0.2841753),
            (1.563348, 0.2727152), (1.5044, 0.2760958), (1.563348, 0.2727152), (1.5044, 0.2642229),
            (1.403075, 0.3204854), (1.451982, 0.2988425), (1.448317, 0.2841754), (1.403075, 0.3204854),
            (1.448317, 0.2841754), (1.39599, 0.3073317), (1.451982, 0.2988425), (1.5044, 0.2813376),
            (1.5044, 0.2760958), (1.451982, 0.2988425), (1.5044, 0.2760958), (1.448317, 0.2841754),
            (1.448317, 0.2841754), (1.5044, 0.2760958), (1.5044, 0.2642229), (1.448317, 0.2841754),
            (1.5044, 0.2642229), (1.445451, 0.2727153), (1.39599, 0.3073317), (1.448317, 0.2841754),
            (1.445451, 0.2727153), (1.39599, 0.3073317), (1.445451, 0.2727153), (1.390452, 0.2970545),
            (1.328901, 0.4002462), (1.361191, 0.355208), (1.351178, 0.3444822), (1.328901, 0.4002462),
            (1.351178, 0.3444822), (1.316629, 0.3926697), (1.361191, 0.355208), (1.403075, 0.3204854),
            (1.39599, 0.3073317), (1.361191, 0.355208), (1.39599, 0.3073317), (1.351178, 0.3444822),
            (1.351178, 0.3444822), (1.39599, 0.3073317), (1.390452, 0.2970545), (1.351178, 0.3444822),
            (1.390452, 0.2970545), (1.34335, 0.336103), (1.316629, 0.3926697), (1.351178, 0.3444822),
            (1.34335, 0.336103), (1.316629, 0.3926697), (1.34335, 0.336103), (1.307036, 0.3867523),
            (1.301751, 0.5092017), (1.308773, 0.452836), (1.295094, 0.4489368), (1.301751, 0.5092017),
            (1.295094, 0.4489368), (1.28758, 0.5092437), (1.308773, 0.452836), (1.328901, 0.4002462),
            (1.316629, 0.3926697), (1.308773, 0.452836), (1.316629, 0.3926697), (1.295094, 0.4489368),
            (1.295094, 0.4489368), (1.316629, 0.3926697), (1.307036, 0.3867523), (1.295094, 0.4489368),
            (1.307036, 0.3867523), (1.284401, 0.445894), (1.28758, 0.5092437), (1.295094, 0.4489368),
            (1.284401, 0.445894), (1.28758, 0.5092437), (1.284401, 0.445894), (1.276504, 0.5092818),
            (1.328901, 0.6181569), (1.308773, 0.5655672), (1.295094, 0.5695505), (1.328901, 0.6181569),
            (1.295094, 0.5695505), (1.316629, 0.6258176), (1.308773, 0.5655672), (1.301751, 0.5092017),
            (1.28758, 0.5092437), (1.308773, 0.5655672), (1.28758, 0.5092437), (1.295094, 0.5695505),
            (1.295094, 0.5695505), (1.28758, 0.5092437), (1.276504, 0.5092818), (1.295094, 0.5695505),
            (1.276504, 0.5092818), (1.284401, 0.5726696), (1.316629, 0.6258176), (1.295094, 0.5695505),
            (1.284401, 0.5726696), (1.316629, 0.6258176), (1.284401, 0.5726696), (1.307036, 0.6318113),
            (1.403075, 0.6979178), (1.361191, 0.6631952), (1.351178, 0.674005), (1.403075, 0.6979178),
            (1.351178, 0.674005), (1.39599, 0.7111556), (1.361191, 0.6631952), (1.328901, 0.6181569),
            (1.316629, 0.6258176), (1.361191, 0.6631952), (1.316629, 0.6258176), (1.351178, 0.674005),
            (1.351178, 0.674005), (1.316629, 0.6258176), (1.307036, 0.6318113), (1.351178, 0.674005),
            (1.307036, 0.6318113), (1.34335, 0.6824606), (1.39599, 0.7111556), (1.351178, 0.674005),
            (1.34335, 0.6824606), (1.39599, 0.7111556), (1.34335, 0.6824606), (1.390452, 0.7215091),
            (1.5044, 0.7271124), (1.451982, 0.7195608), (1.448317, 0.7343119), (1.5044, 0.7271124),
            (1.448317, 0.7343119), (1.5044, 0.7423915), (1.451982, 0.7195608), (1.403075, 0.6979178),
            (1.39599, 0.7111556), (1.451982, 0.7195608), (1.39599, 0.7111556), (1.448317, 0.7343119),
            (1.448317, 0.7343119), (1.39599, 0.7111556), (1.390452, 0.7215091), (1.448317, 0.7343119),
            (1.390452, 0.7215091), (1.445451, 0.7458484), (1.5044, 0.7423915), (1.448317, 0.7343119),
            (1.445451, 0.7458484), (1.5044, 0.7423915), (1.445451, 0.7458484), (1.5044, 0.7543407),
            (1.605725, 0.6979178), (1.556818, 0.7195608), (1.560483, 0.7343119), (1.605725, 0.6979178),
            (1.560483, 0.7343119), (1.612809, 0.7111555), (1.556818, 0.7195608), (1.5044, 0.7271124),
            (1.5044, 0.7423915), (1.556818, 0.7195608), (1.5044, 0.7423915), (1.560483, 0.7343119),
            (1.560483, 0.7343119), (1.5044, 0.7423915), (1.5044, 0.7543407), (1.560483, 0.7343119),
            (1.5044, 0.7543407), (1.563348, 0.7458484), (1.612809, 0.7111555), (1.560483, 0.7343119),
            (1.563348, 0.7458484), (1.612809, 0.7111555), (1.563348, 0.7458484), (1.618348, 0.7215091),
            (1.701764, 0.6318113), (1.66545, 0.6824606), (1.671946, 0.6894572), (1.701764, 0.6318113),
            (1.671946, 0.6894572), (1.709724, 0.6367651), (1.66545, 0.6824606), (1.618348, 0.7215091),
            (1.622944, 0.7300806), (1.66545, 0.6824606), (1.622944, 0.7300806), (1.671946, 0.6894572),
            (1.671946, 0.6894572), (1.622944, 0.7300806), (1.631319, 0.7456785), (1.671946, 0.6894572),
            (1.631319, 0.7456785), (1.677775, 0.6957244), (1.709724, 0.6367651), (1.671946, 0.6894572),
            (1.677775, 0.6957244), (1.709724, 0.6367651), (1.677775, 0.6957244), (1.724231, 0.6457702),
            (1.732296, 0.5092818), (1.724398, 0.5726696), (1.733271, 0.5752382), (1.732296, 0.5092818),
            (1.733271, 0.5752382), (1.741488, 0.5092938), (1.724398, 0.5726696), (1.701764, 0.6318113),
            (1.709724, 0.6367651), (1.724398, 0.5726696), (1.709724, 0.6367651), (1.733271, 0.5752382),
            (1.733271, 0.5752382), (1.709724, 0.6367651), (1.724231, 0.6457702), (1.733271, 0.5752382),
            (1.724231, 0.6457702), (1.741235, 0.5775315), (1.741488, 0.5092938), (1.733271, 0.5752382),
            (1.741235, 0.5775315), (1.741488, 0.5092938), (1.741235, 0.5775315), (1.758238, 0.5092927),
            (1.701764, 0.3867523), (1.724398, 0.445894), (1.733272, 0.4433494), (1.701764, 0.3867523),
            (1.733272, 0.4433494), (1.709724, 0.3818225), (1.724398, 0.445894), (1.732296, 0.5092818),
            (1.741488, 0.5092938), (1.724398, 0.445894), (1.741488, 0.5092938), (1.733272, 0.4433494),
            (1.733272, 0.4433494), (1.741488, 0.5092938), (1.758238, 0.5092927), (1.733272, 0.4433494),
            (1.758238, 0.5092927), (1.741235, 0.4410541), (1.709724, 0.3818225), (1.733272, 0.4433494),
            (1.741235, 0.4410541), (1.709724, 0.3818225), (1.741235, 0.4410541), (1.724231, 0.3728154),
            (1.618348, 0.2970545), (1.66545, 0.336103), (1.671946, 0.3291304), (1.618348, 0.2970545),
            (1.671946, 0.3291304), (1.622944, 0.2885071), (1.66545, 0.336103), (1.701764, 0.3867523),
            (1.709724, 0.3818225), (1.66545, 0.336103), (1.709724, 0.3818225), (1.671946, 0.3291304),
            (1.671946, 0.3291304), (1.709724, 0.3818225), (1.724231, 0.3728154), (1.671946, 0.3291304),
            (1.724231, 0.3728154), (1.677775, 0.3228611), (1.622944, 0.2885071), (1.671946, 0.3291304),
            (1.677775, 0.3228611), (1.622944, 0.2885071), (1.677775, 0.3228611), (1.631319, 0.2729069),
            (1.5044, 0.2642229), (1.563348, 0.2727152), (1.565726, 0.263186), (1.5044, 0.2642229),
            (1.565726, 0.263186), (1.5044, 0.2543512), (1.563348, 0.2727152), (1.618348, 0.2970545),
            (1.622944, 0.2885071), (1.563348, 0.2727152), (1.622944, 0.2885071), (1.565726, 0.263186),
            (1.565726, 0.263186), (1.622944, 0.2885071), (1.631319, 0.2729069), (1.565726, 0.263186),
            (1.631319, 0.2729069), (1.56786, 0.2546223), (1.5044, 0.2543512), (1.565726, 0.263186),
            (1.56786, 0.2546223), (1.5044, 0.2543512), (1.56786, 0.2546223), (1.5044, 0.2363377),
            (1.390452, 0.2970545), (1.445451, 0.2727153), (1.443074, 0.263186), (1.390452, 0.2970545),
            (1.443074, 0.263186), (1.385856, 0.2885071), (1.445451, 0.2727153), (1.5044, 0.2642229),
            (1.5044, 0.2543512), (1.445451, 0.2727153), (1.5044, 0.2543512), (1.443074, 0.263186),
            (1.443074, 0.263186), (1.5044, 0.2543512), (1.5044, 0.2363377), (1.443074, 0.263186),
            (1.5044, 0.2363377), (1.44094, 0.2546223), (1.385856, 0.2885071), (1.443074, 0.263186),
            (1.44094, 0.2546223), (1.385856, 0.2885071), (1.44094, 0.2546223), (1.377481, 0.2729069),
            (1.307036, 0.3867523), (1.34335, 0.336103), (1.336854, 0.3291304), (1.307036, 0.3867523),
            (1.336854, 0.3291304), (1.299076, 0.3818224), (1.34335, 0.336103), (1.390452, 0.2970545),
            (1.385856, 0.2885071), (1.34335, 0.336103), (1.385856, 0.2885071), (1.336854, 0.3291304),
            (1.336854, 0.3291304), (1.385856, 0.2885071), (1.377481, 0.2729069), (1.336854, 0.3291304),
            (1.377481, 0.2729069), (1.331025, 0.3228611), (1.299076, 0.3818224), (1.336854, 0.3291304),
            (1.331025, 0.3228611), (1.299076, 0.3818224), (1.331025, 0.3228611), (1.284569, 0.3728154),
            (1.276504, 0.5092818), (1.284401, 0.445894), (1.275528, 0.4433494), (1.276504, 0.5092818),
            (1.275528, 0.4433494), (1.267312, 0.5092938), (1.284401, 0.445894), (1.307036, 0.3867523),
            (1.299076, 0.3818224), (1.284401, 0.445894), (1.299076, 0.3818224), (1.275528, 0.4433494),
            (1.275528, 0.4433494), (1.299076, 0.3818224), (1.284569, 0.3728154), (1.275528, 0.4433494),
            (1.284569, 0.3728154), (1.267565, 0.4410541), (1.267312, 0.5092938), (1.275528, 0.4433494),
            (1.267565, 0.4410541), (1.267312, 0.5092938), (1.267565, 0.4410541), (1.250561, 0.5092927),
            (1.307036, 0.6318113), (1.284401, 0.5726696), (1.275528, 0.5752382), (1.307036, 0.6318113),
            (1.275528, 0.5752382), (1.299076, 0.6367651), (1.284401, 0.5726696), (1.276504, 0.5092818),
            (1.267312, 0.5092938), (1.284401, 0.5726696), (1.267312, 0.5092938), (1.275528, 0.5752382),
            (1.275528, 0.5752382), (1.267312, 0.5092938), (1.250561, 0.5092927), (1.275528, 0.5752382),
            (1.250561, 0.5092927), (1.267565, 0.5775315), (1.299076, 0.6367651), (1.275528, 0.5752382),
            (1.267565, 0.5775315), (1.299076, 0.6367651), (1.267565, 0.5775315), (1.284569, 0.6457702),
            (1.390452, 0.7215091), (1.34335, 0.6824606), (1.336854, 0.6894572), (1.390452, 0.7215091),
            (1.336854, 0.6894572), (1.385856, 0.7300806), (1.34335, 0.6824606), (1.307036, 0.6318113),
            (1.299076, 0.6367651), (1.34335, 0.6824606), (1.299076, 0.6367651), (1.336854, 0.6894572),
            (1.336854, 0.6894572), (1.299076, 0.6367651), (1.284569, 0.6457702), (1.336854, 0.6894572),
            (1.284569, 0.6457702), (1.331025, 0.6957243), (1.385856, 0.7300806), (1.336854, 0.6894572),
            (1.331025, 0.6957243), (1.385856, 0.7300806), (1.331025, 0.6957243), (1.377481, 0.7456784),
            (1.5044, 0.7543407), (1.445451, 0.7458484), (1.443074, 0.7554016), (1.5044, 0.7543407),
            (1.443074, 0.7554016), (1.5044, 0.7642365), (1.445451, 0.7458484), (1.390452, 0.7215091),
            (1.385856, 0.7300806), (1.445451, 0.7458484), (1.385856, 0.7300806), (1.443074, 0.7554016),
            (1.443074, 0.7554016), (1.385856, 0.7300806), (1.377481, 0.7456784), (1.443074, 0.7554016),
            (1.377481, 0.7456784), (1.44094, 0.7639631), (1.5044, 0.7642365), (1.443074, 0.7554016),
            (1.44094, 0.7639631), (1.5044, 0.7642365), (1.44094, 0.7639631), (1.5044, 0.7822477),
            (1.618348, 0.7215091), (1.563348, 0.7458484), (1.565726, 0.7554016), (1.618348, 0.7215091),
            (1.565726, 0.7554016), (1.622944, 0.7300806), (1.563348, 0.7458484), (1.5044, 0.7543407),
            (1.5044, 0.7642365), (1.563348, 0.7458484), (1.5044, 0.7642365), (1.565726, 0.7554016),
            (1.565726, 0.7554016), (1.5044, 0.7642365), (1.5044, 0.7822477), (1.565726, 0.7554016),
            (1.5044, 0.7822477), (1.56786, 0.7639631), (1.622944, 0.7300806), (1.565726, 0.7554016),
            (1.56786, 0.7639631), (1.622944, 0.7300806), (1.56786, 0.7639631), (1.631319, 0.7456785)
        ] (
            interpolation = "faceVarying"
        )
        uniform token subdivisionScheme = "none"
        float3[] extent = [(-0.03303748, -0.03267663, 0), (0.03316247, 0.03352326, 0.12199997)]
        rel material:binding = </sevenup_can_visual/materials/mat_1>
    }
    def Mesh "mesh_2"
    {
        uniform bool doubleSided = 1
        int[] faceVertexCounts = [
            3, 3, 3, 3, 3, 3, 3, 3, 3, 3, 3, 3, 3, 3, 3, 3, 3, 3, 3, 3, 3, 3, 3, 3,
            3, 3, 3, 3, 3, 3, 3, 3, 3, 3, 3, 3, 3, 3, 3, 3, 3, 3, 3, 3, 3, 3, 3, 3
        ]
        int[] faceVertexIndices = [
            846, 847, 848, 846, 848, 849, 847, 850, 851, 847, 851, 848, 850, 852, 853, 850, 853, 851, 852, 854, 855, 852, 855, 853,
            854, 856, 857, 854, 857, 855, 856, 858, 859, 856, 859, 857, 858, 860, 861, 858, 861, 859, 860, 862, 863, 860, 863, 861,
            862, 864, 865, 862, 865, 863, 864, 866, 867, 864, 867, 865, 866, 868, 869, 866, 869, 867, 868, 870, 871, 868, 871, 869,
            870, 872, 873, 870, 873, 871, 872, 874, 875, 872, 875, 873, 874, 876, 877, 874, 877, 875, 876, 878, 879, 876, 879, 877,
            878, 880, 881, 878, 881, 879, 880, 882, 883, 880, 883, 881, 882, 884, 885, 882, 885, 883, 884, 886, 887, 884, 887, 885,
            886, 888, 889, 886, 889, 887, 888, 890, 891, 888, 891, 889, 890, 892, 893, 890, 893, 891, 892, 846, 849, 892, 849, 893
        ]
        normal3f[] normals = [
            (0.02329945, 0.01343494, -0.9996383), (0.01900094, 0.01901483, -0.9996387), (0.01900303, 0.01901471, -0.9996387),
            (0.02329945, 0.01343494, -0.9996383), (0.01900303, 0.01901471, -0.9996387), (0.02329784, 0.01343393, -0.9996383),
            (0.01900094, 0.01901483, -0.9996387), (0.01342815, 0.02327066, -0.9996391), (0.01342898, 0.02327072, -0.9996391),
            (0.01900094, 0.01901483, -0.9996387), (0.01342898, 0.02327072, -0.9996391), (0.01900303, 0.01901471, -0.9996387),
            (0.01342815, 0.02327066, -0.9996391), (0.006950378, 0.02596789, -0.9996387), (0.006950259, 0.02596795, -0.9996387),
            (0.01342815, 0.02327066, -0.9996391), (0.006950259, 0.02596795, -0.9996387), (0.01342898, 0.02327072, -0.9996391),
            (0.006950378, 0.02596789, -0.9996387), (-1.80029e-06, 0.02687001, -0.999639), (-1.88981e-06, 0.02686995, -0.999639),
            (0.006950378, 0.02596789, -0.9996387), (-1.88981e-06, 0.02686995, -0.999639), (0.006950259, 0.02596795, -0.9996387),
            (-1.80029e-06, 0.02687001, -0.999639), (-0.006958603, 0.02596777, -0.9996386), (-0.006958723, 0.02596783, -0.9996386),
            (-1.80029e-06, 0.02687001, -0.999639), (-0.006958723, 0.02596783, -0.9996386), (-1.88981e-06, 0.02686995, -0.999639),
            (-0.006958603, 0.02596777, -0.9996386), (-0.01344257, 0.02327305, -0.9996388), (-0.01344341, 0.02327305, -0.9996388),
            (-0.006958603, 0.02596777, -0.9996386), (-0.01344341, 0.02327305, -0.9996388), (-0.006958723, 0.02596783, -0.9996386),
            (-0.01344257, 0.02327305, -0.9996388), (-0.01900869, 0.01901268, -0.9996386), (-0.01901257, 0.01901358, -0.9996385),
            (-0.01344257, 0.02327305, -0.9996388), (-0.01901257, 0.01901358, -0.9996385), (-0.01344341, 0.02327305, -0.9996388),
            (-0.01900869, 0.01901268, -0.9996386), (-0.02302551, 0.01328599, -0.9996466), (-0.02302616, 0.01328706, -0.9996467),
            (-0.01900869, 0.01901268, -0.9996386), (-0.02302616, 0.01328706, -0.9996467), (-0.01901257, 0.01901358, -0.9996385),
            (-0.02302551, 0.01328599, -0.9996466), (-0.0259642, 0.006962358, -0.9996387), (-0.02596175, 0.00696069, -0.9996387),
            (-0.02302551, 0.01328599, -0.9996466), (-0.02596175, 0.00696069, -0.9996387), (-0.02302616, 0.01328706, -0.9996467),
            (-0.0259642, 0.006962358, -0.9996387), (-0.02689236, 0, -0.9996384), (-0.02689313, 0, -0.9996384),
            (-0.0259642, 0.006962358, -0.9996387), (-0.02689313, 0, -0.9996384), (-0.02596175, 0.00696069, -0.9996387),
            (-0.02689236, 0, -0.9996384), (-0.02598243, -0.006962358, -0.9996383), (-0.02598446, -0.00696206, -0.9996381),
            (-0.02689236, 0, -0.9996384), (-0.02598446, -0.00696206, -0.9996381), (-0.02689313, 0, -0.9996384),
            (-0.02598243, -0.006962358, -0.9996383), (-0.02325254, -0.01343536, -0.9996394), (-0.02325445, -0.01343536, -0.9996393),
            (-0.02598243, -0.006962358, -0.9996383), (-0.02325445, -0.01343536, -0.9996393), (-0.02598446, -0.00696206, -0.9996381),
            (-0.02325254, -0.01343536, -0.9996394), (-0.018983, -0.01900511, -0.9996392), (-0.0189861, -0.0190066, -0.9996391),
            (-0.02325254, -0.01343536, -0.9996394), (-0.0189861, -0.0190066, -0.9996391), (-0.02325445, -0.01343536, -0.9996393),
            (-0.018983, -0.01900511, -0.9996392), (-0.01328724, -0.02302008, -0.9996467), (-0.01328945, -0.02302265, -0.9996466),
            (-0.018983, -0.01900511, -0.9996392), (-0.01328945, -0.02302265, -0.9996466), (-0.0189861, -0.0190066, -0.9996391),
            (-0.01328724, -0.02302008, -0.9996467), (-0.006873667, -0.02568376, -0.9996465), (-0.006873726, -0.02568393, -0.9996466),
            (-0.01328724, -0.02302008, -0.9996467), (-0.006873726, -0.02568393, -0.9996466), (-0.01328945, -0.02302265, -0.9996466),
            (-0.006873667, -0.02568376, -0.9996465), (7.0798e-06, -0.02657228, -0.9996469), (6.85545e-06, -0.0265696, -0.999647),
            (-0.006873667, -0.02568376, -0.9996465), (6.85545e-06, -0.0265696, -0.999647), (-0.006873726, -0.02568393, -0.9996466),
            (7.0798e-06, -0.02657228, -0.9996469), (0.006956696, -0.02596503, -0.9996387), (0.006957411, -0.02596151, -0.9996387),
            (7.0798e-06, -0.02657228, -0.9996469), (0.006957411, -0.02596151, -0.9996387), (6.85545e-06, -0.0265696, -0.999647),
            (0.006956696, -0.02596503, -0.9996387), (0.01345378, -0.02327066, -0.9996387), (0.01345431, -0.0232706, -0.9996387),
            (0.006956696, -0.02596503, -0.9996387), (0.01345431, -0.0232706, -0.9996387), (0.006957411, -0.02596151, -0.9996387),
            (0.01345378, -0.02327066, -0.9996387), (0.01901686, -0.01901394, -0.9996384), (0.01901817, -0.01901394, -0.9996384),
            (0.01345378, -0.02327066, -0.9996387), (0.01901817, -0.01901394, -0.9996384), (0.01345431, -0.0232706, -0.9996387),
            (0.01901686, -0.01901394, -0.9996384), (0.02327156, -0.0134384, -0.9996389), (0.02327597, -0.01343947, -0.9996387),
            (0.01901686, -0.01901394, -0.9996384), (0.02327597, -0.01343947, -0.9996387), (0.01901817, -0.01901394, -0.9996384),
            (0.02327156, -0.0134384, -0.9996389), (0.02567452, -0.006882071, -0.9996467), (0.02567923, -0.006883084, -0.9996466),
            (0.02327156, -0.0134384, -0.9996389), (0.02567923, -0.006883084, -0.9996466), (0.02327597, -0.01343947, -0.9996387),
            (0.02567452, -0.006882071, -0.9996467), (0.02658027, 0, -0.9996468), (0.02658116, 0, -0.9996467),
            (0.02567452, -0.006882071, -0.9996467), (0.02658116, 0, -0.9996467), (0.02567923, -0.006883084, -0.9996466),
            (0.02658027, 0, -0.9996468), (0.02569437, 0.006887614, -0.9996461), (0.02569264, 0.006886363, -0.9996463),
            (0.02658027, 0, -0.9996468), (0.02569264, 0.006886363, -0.9996463), (0.02658116, 0, -0.9996467),
            (0.02569437, 0.006887614, -0.9996461), (0.02329945, 0.01343494, -0.9996383), (0.02329784, 0.01343393, -0.9996383),
            (0.02569437, 0.006887614, -0.9996461), (0.02329784, 0.01343393, -0.9996383), (0.02569264, 0.006886363, -0.9996463)
        ] (
            interpolation = "faceVarying"
        )
        point3f[] points = [
            (0.02872782, 0.01697319, 0.02288866), (0.02345365, 0.02381438, 0.0228886), (0.02345365, 0.02381438, 0.03777397),
            (0.02872782, 0.01697319, 0.03777397), (0.01661247, 0.02908867, 0.0228886), (0.01661247, 0.02908867, 0.03777391),
            (0.01661247, 0.02908867, 0.05540746), (0.02345365, 0.02381438, 0.05540746), (0.02872782, 0.01697319, 0.05540746),
            (0.008624255, 0.03237617, 0.0228886), (0.008624255, 0.03237617, 0.03777391), (6.25195e-05, 0.03352326, 0.0228886),
            (6.25195e-05, 0.03352326, 0.03777397), (6.25195e-05, 0.03352326, 0.05540746), (0.008624255, 0.03237617, 0.05540746),
            (-0.008499205, 0.03237617, 0.0228886), (-0.008499205, 0.03237617, 0.03777397), (-0.01648741, 0.02908867, 0.0228886),
            (-0.01648741, 0.02908867, 0.03777397), (-0.01648741, 0.02908867, 0.05540746), (-0.008499205, 0.03237617, 0.05540746),
            (-0.0233286, 0.02381438, 0.0228886), (-0.0233286, 0.02381438, 0.03777397), (-0.02860283, 0.01697319, 0.0228886),
            (-0.02860283, 0.01697319, 0.03777397), (-0.02860283, 0.01697319, 0.05540746), (-0.0233286, 0.02381438, 0.05540746),
            (-0.03189039, 0.008985042, 0.0228886), (-0.03189039, 0.008985042, 0.03777397), (-0.03303742, 0.000423302, 0.0228886),
            (-0.03303742, 0.000423302, 0.03777397), (-0.03303742, 0.000423286, 0.05540746), (-0.03189039, 0.008985042, 0.05540746),
            (-0.03189039, -0.008138418, 0.0228886), (-0.03189039, -0.008138418, 0.03777397), (-0.02860283, -0.01612669, 0.0228886),
            (-0.02860283, -0.01612669, 0.03777391), (-0.02860283, -0.01612669, 0.05540746), (-0.03189039, -0.008138418, 0.05540746),
            (-0.02332866, -0.02296787, 0.0228886), (-0.02332866, -0.02296787, 0.03777397), (-0.01648741, -0.02824211, 0.0228886),
            (-0.01648741, -0.02824211, 0.03777397), (-0.01648741, -0.02824211, 0.05540746), (-0.02332866, -0.02296787, 0.05540746),
            (-0.008499264, -0.0315296, 0.0228886), (-0.008499264, -0.0315296, 0.03777397), (6.25087e-05, -0.03267663, 0.0228886),
            (6.25087e-05, -0.03267663, 0.03777391), (6.25087e-05, -0.03267663, 0.05540746), (-0.008499264, -0.0315296, 0.05540746),
            (6.25087e-05, -0.03267663, 0.0228886), (0.008624255, -0.0315296, 0.0228886), (0.008624255, -0.0315296, 0.03777391),
            (6.25087e-05, -0.03267663, 0.03777391), (0.01661247, -0.02824211, 0.0228886), (0.01661247, -0.02824211, 0.03777397),
            (0.01661247, -0.02824211, 0.05540746), (0.008624255, -0.0315296, 0.05540746), (6.25087e-05, -0.03267663, 0.05540746),
            (0.02345365, -0.02296787, 0.0228886), (0.02345365, -0.02296787, 0.03777397), (0.02872788, -0.01612669, 0.0228886),
            (0.02872788, -0.01612669, 0.03777397), (0.02872788, -0.01612669, 0.05540746), (0.02345365, -0.02296787, 0.05540746),
            (0.03201544, -0.008138418, 0.0228886), (0.03201544, -0.008138418, 0.03777397), (0.03316247, 0.000423302, 0.0228886),
            (0.03316247, 0.000423302, 0.03777397), (0.03316247, 0.000423302, 0.05540746), (0.03201544, -0.008138418, 0.05540746),
            (0.03201544, 0.008985042, 0.02288866), (0.03201538, 0.008985042, 0.03777397), (0.03201538, 0.008985042, 0.05540746),
            (0.02872782, 0.01697319, 0.08685129), (0.02345365, 0.02381438, 0.08685129), (0.02345365, 0.02381438, 0.09667652),
            (0.02872782, 0.01697319, 0.09667652), (0.01661247, 0.02908867, 0.08685129), (0.01661247, 0.02908867, 0.09667652),
            (0.01649224, 0.02888059, 0.10292303), (0.02328377, 0.02364462, 0.10292303), (0.02851969, 0.01685309, 0.10292303),
            (0.008624255, 0.03237617, 0.08685129), (0.008624255, 0.03237617, 0.09667652), (6.25195e-05, 0.03352326, 0.08685129),
            (6.25195e-05, 0.03352326, 0.09667652), (6.25195e-05, 0.03328287, 0.10292303), (0.008562088, 0.03214412, 0.10292303),
            (-0.008499205, 0.03237617, 0.08685129), (-0.008499205, 0.03237617, 0.09667652), (-0.01648741, 0.02908867, 0.08685129),
            (-0.01648741, 0.02908867, 0.09667652), (-0.01636731, 0.02888059, 0.10292297), (-0.008437037, 0.03214412, 0.10292297),
            (-0.0233286, 0.02381438, 0.08685123), (-0.0233286, 0.02381438, 0.09667646), (-0.02860283, 0.01697319, 0.08685123),
            (-0.02860283, 0.01697319, 0.09667652), (-0.02839469, 0.01685309, 0.10292297), (-0.02315872, 0.02364462, 0.10292297),
            (-0.03189039, 0.008985042, 0.08685129), (-0.03189039, 0.008985042, 0.09667652), (-0.03303742, 0.000423302, 0.08685129),
            (-0.03303742, 0.000423302, 0.09667652), (-0.03279709, 0.000423304, 0.10292297), (-0.03165841, 0.008922874, 0.10292297),
            (-0.03189039, -0.008138418, 0.08685129), (-0.03189039, -0.008138418, 0.09667652), (-0.02860283, -0.01612669, 0.08685129),
            (-0.02860283, -0.01612669, 0.09667652), (-0.02839469, -0.01600646, 0.10292297), (-0.03165841, -0.00807625, 0.10292297),
            (-0.02332866, -0.02296787, 0.08685129), (-0.02332866, -0.02296787, 0.09667652), (-0.01648741, -0.02824211, 0.08685129),
            (-0.01648741, -0.02824211, 0.09667652), (-0.01636731, -0.02803403, 0.10292297), (-0.02315878, -0.02279806, 0.10292297),
            (-0.008499264, -0.0315296, 0.08685129), (-0.008499264, -0.0315296, 0.09667658), (6.25087e-05, -0.03267663, 0.08685129),
            (6.25087e-05, -0.03267663, 0.09667658), (6.25195e-05, -0.03243637, 0.10292303), (-0.008437037, -0.03129762, 0.10292303),
            (6.25087e-05, -0.03267663, 0.08685129), (0.008624255, -0.0315296, 0.08685129), (0.008624255, -0.0315296, 0.09667658),
            (6.25087e-05, -0.03267663, 0.09667658), (0.01661247, -0.02824211, 0.08685129), (0.01661247, -0.02824211, 0.09667658),
            (0.01649224, -0.02803403, 0.10292303), (0.008562088, -0.03129762, 0.10292303), (6.25195e-05, -0.03243637, 0.10292303),
            (0.02345365, -0.02296787, 0.08685129), (0.02345365, -0.02296787, 0.09667658), (0.02872782, -0.01612669, 0.08685129),
            (0.02872782, -0.01612669, 0.09667658), (0.02851974, -0.01600646, 0.10292303), (0.02328377, -0.02279806, 0.10292303),
            (0.03201538, -0.008138418, 0.08685129), (0.03201544, -0.008138418, 0.09667658), (0.03316247, 0.000423302, 0.08685129),
            (0.03316247, 0.000423302, 0.09667652), (0.03292208, 0.000423304, 0.10292303), (0.03178346, -0.00807625, 0.10292303),
            (0.03201538, 0.008985042, 0.08685129), (0.03201538, 0.008985042, 0.09667652), (0.0317834, 0.008922874, 0.10292303),
            (0.02277427, 0.02313512, 0.10660725), (0.02789545, 0.0164926, 0.10660725), (0.01613181, 0.02825611, 0.10660725),
            (0.01562392, 0.02737653, 0.10892229), (0.02205646, 0.02241724, 0.10892229), (0.02701574, 0.01598477, 0.10892229),
            (0.008375585, 0.03144824, 0.10660725), (6.25195e-05, 0.03256189, 0.10660725), (6.25195e-05, 0.03154623, 0.10892229),
            (0.008112847, 0.03046762, 0.10892229), (-0.008250594, 0.03144824, 0.10660719), (-0.01600676, 0.02825611, 0.10660719),
            (-0.01549887, 0.02737653, 0.10892223), (-0.007987856, 0.03046762, 0.10892229), (-0.02264922, 0.02313512, 0.10660719),
            (-0.0277704, 0.0164926, 0.10660719), (-0.02689069, 0.01598477, 0.10892223), (-0.0219314, 0.02241724, 0.10892223),
            (-0.03096234, 0.008736371, 0.10660719), (-0.03207612, 0.000423304, 0.10660719), (-0.03106033, 0.000423304, 0.10892223),
            (-0.02998191, 0.008473634, 0.10892223), (-0.03096234, -0.007889807, 0.10660719), (-0.0277704, -0.01564604, 0.10660725),
            (-0.02689075, -0.01513808, 0.10892229), (-0.02998191, -0.00762701, 0.10892223), (-0.02264928, -0.02228856, 0.10660725),
            (-0.01600676, -0.02740961, 0.10660725), (-0.01549887, -0.0265299, 0.10892229), (-0.02193146, -0.02157074, 0.10892229),
            (-0.008250594, -0.03060168, 0.10660725), (6.25087e-05, -0.03171539, 0.10660725), (6.25087e-05, -0.03069967, 0.10892229),
            (-0.007987856, -0.02962112, 0.10892229), (0.008375585, -0.03060168, 0.10660725), (6.25087e-05, -0.03171539, 0.10660725),
            (0.01613181, -0.02740961, 0.10660725), (0.01562392, -0.0265299, 0.10892229), (0.008112847, -0.02962112, 0.10892229),
            (6.25087e-05, -0.03069967, 0.10892229), (0.02277427, -0.02228856, 0.10660725), (0.02789545, -0.01564604, 0.10660725),
            (0.02701574, -0.01513808, 0.10892229), (0.02205646, -0.02157074, 0.10892229), (0.03108739, -0.007889807, 0.10660725),
            (0.03220123, 0.000423304, 0.10660725), (0.03118538, 0.000423304, 0.10892229), (0.0301069, -0.00762701, 0.10892229),
            (0.03108739, 0.008736371, 0.10660725), (0.0301069, 0.008473634, 0.10892229), (0.02402228, 0.01425641, 0.1156001),
            (0.01961386, 0.01997458, 0.1156001), (0.01927053, 0.01963132, 0.11675267), (0.02360165, 0.01401352, 0.11675267),
            (0.01389569, 0.024383, 0.1156001), (0.0136528, 0.02396237, 0.11675267), (0.01348435, 0.02367073, 0.11786609),
            (0.01903247, 0.01939332, 0.11786609), (0.02330994, 0.01384508, 0.11786609), (0.007218778, 0.0271309, 0.1156001),
            (0.007093071, 0.02666199, 0.11675267), (6.25195e-05, 0.02808964, 0.1156001), (6.25195e-05, 0.02760392, 0.11675267),
            (6.25195e-05, 0.02726703, 0.11786609), (0.007005929, 0.02633678, 0.11786609), (-0.007093667, 0.0271309, 0.1156001),
            (-0.006968021, 0.02666199, 0.11675267), (-0.01377063, 0.024383, 0.11560004), (-0.01352781, 0.02396237, 0.11675261),
            (-0.0133593, 0.02367073, 0.11786603), (-0.006880939, 0.02633678, 0.11786609), (-0.01948881, 0.01997458, 0.11560004),
            (-0.01914548, 0.01963132, 0.11675261), (-0.02389729, 0.01425641, 0.11560004), (-0.0234766, 0.01401352, 0.11675261),
            (-0.02318489, 0.01384508, 0.11786603), (-0.01890742, 0.01939332, 0.11786603), (-0.02664506, 0.007579565, 0.11560004),
            (-0.02617621, 0.007453918, 0.11675261), (-0.02760386, 0.000423301, 0.11560004), (-0.02711808, 0.000423301, 0.11675261),
            (-0.02678126, 0.000423301, 0.11786603), (-0.02585101, 0.007366776, 0.11786603), (-0.02664506, -0.006732881, 0.11560004),
            (-0.02617621, -0.006607294, 0.11675261), (-0.02389729, -0.01340985, 0.11560004), (-0.0234766, -0.01316702, 0.11675261),
            (-0.02318489, -0.01299858, 0.11786603), (-0.02585101, -0.006520152, 0.11786603), (-0.01948881, -0.01912802, 0.11560004),
            (-0.01914548, -0.01878476, 0.11675261), (-0.01377063, -0.0235365, 0.11560004), (-0.01352781, -0.02311581, 0.11675261),
            (-0.01335936, -0.02282404, 0.11786603), (-0.01890748, -0.01854676, 0.11786603), (-0.007093787, -0.02628427, 0.1156001),
            (-0.00696814, -0.02581536, 0.11675267), (6.25087e-05, -0.02724301, 0.1156001), (6.25087e-05, -0.02675729, 0.11675267),
            (6.25087e-05, -0.02642053, 0.11786609), (-0.006880939, -0.02549028, 0.11786609), (6.25087e-05, -0.02724301, 0.1156001),
            (0.007218778, -0.02628427, 0.1156001), (0.007093071, -0.02581536, 0.11675267), (6.25087e-05, -0.02675729, 0.11675267),
            (0.01389569, -0.0235365, 0.1156001), (0.0136528, -0.02311581, 0.11675267), (0.01348435, -0.02282404, 0.11786609),
            (0.007005929, -0.02549028, 0.11786609), (6.25087e-05, -0.02642053, 0.11786609), (0.01961386, -0.01912802, 0.1156001),
            (0.01927053, -0.01878476, 0.11675267), (0.02402228, -0.01340985, 0.1156001), (0.02360165, -0.01316702, 0.11675267),
            (0.02330994, -0.01299858, 0.11786609), (0.01903247, -0.01854676, 0.11786609), (0.02677011, -0.006732881, 0.1156001),
            (0.0263012, -0.006607294, 0.11675267), (0.02772891, 0.000423301, 0.1156001), (0.02724307, 0.000423301, 0.11675267),
            (0.02690631, 0.000423301, 0.11786609), (0.02597606, -0.006520152, 0.11786609), (0.02677011, 0.007579565, 0.1156001),
            (0.0263012, 0.007453918, 0.11675267), (0.02597606, 0.007366776, 0.11786609), (-0.01371324, -0.02343702, 0.0042724),
            (-0.007064044, -0.02617347, 0.0042724), (-0.007721066, -0.02862554, 0.00634032), (-0.01498329, -0.02563685, 0.00634032),
            (6.25195e-05, -0.02712815, 0.0042724), (6.25195e-05, -0.02966839, 0.00634032), (6.25195e-05, -0.0319246, 0.0093053),
            (-0.008304715, -0.03080362, 0.0093053), (-0.01611143, -0.02759081, 0.0093053), (-0.02379775, -0.01335245, 0.0042724),
            (-0.01940757, -0.01904684, 0.0042724), (-0.02120274, -0.02084195, 0.00634032), (-0.02599757, -0.01462244, 0.00634032),
            (-0.0227971, -0.02243638, 0.0093053), (-0.02795153, -0.01575058, 0.0093053), (-0.02748894, 0.000423301, 0.0042724),
            (-0.02653414, -0.006703197, 0.0042724), (-0.02898639, -0.007360219, 0.00634032), (-0.03002911, 0.000423302, 0.00634032),
            (-0.03116434, -0.007943928, 0.0093053), (-0.03228539, 0.000423302, 0.0093053), (-0.02379775, 0.01419895, 0.0042724),
            (-0.02653414, 0.007549822, 0.0042724), (-0.02898639, 0.008206903, 0.00634032), (-0.02599757, 0.01546913, 0.00634032),
            (-0.03116434, 0.008790493, 0.0093053), (-0.02795153, 0.01659721, 0.0093053), (-0.01371324, 0.02428352, 0.0042724),
            (-0.01940757, 0.0198934, 0.0042724), (-0.02120274, 0.02168852, 0.00634032), (-0.01498323, 0.02648335, 0.00634032),
            (-0.0227971, 0.02328294, 0.0093053), (-0.01611143, 0.02843737, 0.0093053), (6.25195e-05, 0.02797478, 0.00427246),
            (-0.007064044, 0.02701997, 0.0042724), (-0.007721066, 0.02947217, 0.00634032), (6.25195e-05, 0.03051495, 0.00634032),
            (-0.008304715, 0.03165012, 0.0093053), (6.25195e-05, 0.03277117, 0.0093053), (0.01383823, 0.02428352, 0.00427246),
            (0.007189095, 0.02701997, 0.00427246), (0.007846117, 0.02947217, 0.00634032), (0.01510828, 0.02648335, 0.00634032),
            (0.008429706, 0.03165012, 0.0093053), (0.01623642, 0.02843737, 0.0093053), (0.0239228, 0.01419895, 0.0042724),
            (0.01953262, 0.0198934, 0.0042724), (0.02132773, 0.02168852, 0.00634032), (0.02612257, 0.01546913, 0.00634032),
            (0.02292209, 0.02328294, 0.0093053), (0.02807652, 0.01659721, 0.0093053), (0.02761399, 0.000423301, 0.0042724),
            (0.02665925, 0.007549822, 0.0042724), (0.02911138, 0.008206903, 0.00634032), (0.0301541, 0.000423302, 0.00634032),
            (0.03128933, 0.008790493, 0.0093053), (0.03241038, 0.000423302, 0.0093053), (0.0239228, -0.01335245, 0.0042724),
            (0.02665925, -0.006703197, 0.0042724), (0.02911138, -0.007360219, 0.00634032), (0.02612262, -0.01462244, 0.00634032),
            (0.03128933, -0.007943928, 0.0093053), (0.02807658, -0.01575058, 0.0093053), (0.01383829, -0.02343702, 0.0042724),
            (0.01953268, -0.01904684, 0.0042724), (0.02132773, -0.02084195, 0.00634032), (0.01510828, -0.02563685, 0.00634032),
            (0.02292215, -0.02243638, 0.0093053), (0.01623648, -0.02759081, 0.0093053), (6.25195e-05, -0.02712815, 0.0042724),
            (0.007189095, -0.02617347, 0.0042724), (0.007846117, -0.02862554, 0.00634032), (6.25195e-05, -0.02966839, 0.00634032),
            (0.008429706, -0.03080362, 0.0093053), (6.25195e-05, -0.0319246, 0.0093053), (-0.03189039, -0.008138418, 0.01411027),
            (-0.03303742, 0.000423302, 0.01411027), (-0.02860283, -0.01612669, 0.01411027), (-0.03189039, 0.008985042, 0.01411027),
            (-0.02860283, 0.01697319, 0.01411027), (-0.0233286, 0.02381438, 0.01411027), (-0.01648741, 0.02908867, 0.01411027),
            (-0.008499205, 0.03237617, 0.01411027), (6.25195e-05, 0.03352326, 0.01411027), (0.008624255, 0.03237617, 0.01411027),
            (0.01661247, 0.02908867, 0.01411027), (0.02345365, 0.02381438, 0.01411027), (0.02872782, 0.01697319, 0.01411027),
            (0.03201538, 0.008985042, 0.01411027), (0.03316247, 0.000423302, 0.01411027), (0.03201544, -0.008138418, 0.01411027),
            (0.02872788, -0.01612669, 0.01411027), (0.02345365, -0.02296787, 0.01411027), (0.01661247, -0.02824211, 0.01411027),
            (0.008624255, -0.0315296, 0.01411027), (6.25087e-05, -0.03267663, 0.01411027), (-0.008499264, -0.0315296, 0.01411027),
            (-0.01648741, -0.02824211, 0.01411027), (6.25087e-05, -0.03267663, 0.01411027), (-0.02332866, -0.02296787, 0.01411027),
            (-0.02889615, -0.00733608, 0.11106138), (-0.02993565, 0.000423304, 0.11106138), (-0.02591669, -0.01457577, 0.11106138),
            (-0.02502202, -0.0140593, 0.11291533), (-0.0278989, -0.007068932, 0.11291527), (-0.0289027, 0.000423302, 0.11291527),
            (-0.02889615, 0.008182704, 0.11106138), (-0.02591669, 0.0154224, 0.11106138), (-0.0278989, 0.007915556, 0.11291527),
            (-0.02502202, 0.01490586, 0.11291527), (-0.0211367, 0.02162241, 0.11106138), (-0.01493656, 0.02640253, 0.11106138),
            (-0.02040672, 0.0208925, 0.11291533), (-0.01442009, 0.02550786, 0.11291533), (-0.007696866, 0.02938193, 0.11106144),
            (6.25195e-05, 0.03042149, 0.11106144), (-0.007429659, 0.02838474, 0.11291533), (6.25195e-05, 0.02938842, 0.11291533),
            (0.007821917, 0.02938193, 0.11106144), (0.01506155, 0.02640253, 0.11106144), (0.007554709, 0.02838474, 0.11291533),
            (0.01454514, 0.02550786, 0.11291533), (0.02126169, 0.02162241, 0.11106144), (0.02604174, 0.0154224, 0.11106144),
            (0.02053171, 0.0208925, 0.11291533), (0.02514714, 0.01490586, 0.11291533), (0.0290212, 0.008182704, 0.11106144),
            (0.0300607, 0.000423304, 0.11106144), (0.02802395, 0.007915556, 0.11291533), (0.02902776, 0.000423302, 0.11291533),
            (0.0290212, -0.00733608, 0.11106144), (0.02604174, -0.01457577, 0.11106144), (0.02802395, -0.007068932, 0.11291533),
            (0.02514714, -0.0140593, 0.11291533), (0.02126175, -0.02077591, 0.11106144), (0.01506155, -0.0255559, 0.11106144),
            (0.02053171, -0.02004593, 0.11291533), (0.01454514, -0.02466136, 0.11291539), (0.007821917, -0.02853536, 0.11106144),
            (6.25087e-05, -0.02957493, 0.11106144), (0.007554709, -0.02753818, 0.11291539), (6.25087e-05, -0.02854192, 0.11291539),
            (-0.007696866, -0.02853536, 0.11106144), (-0.01493656, -0.0255559, 0.11106144), (6.25087e-05, -0.02957493, 0.11106144),
            (6.25087e-05, -0.02854192, 0.11291539), (-0.007429659, -0.02753818, 0.11291533), (-0.01442009, -0.02466136, 0.11291533),
            (-0.0211367, -0.02077591, 0.11106144), (-0.02040672, -0.02004593, 0.11291533), (-0.02718394, -0.006877303, 0.11437451),
            (-0.02816212, 0.000423302, 0.11437451), (-0.02438068, -0.01368898, 0.11437457), (-0.02718394, 0.007723867, 0.11437451),
            (-0.02438068, 0.01453554, 0.11437457), (-0.01988333, 0.02036911, 0.11437457), (-0.0140497, 0.02486652, 0.11437457),
            (-0.00723809, 0.02766972, 0.11437457), (6.25195e-05, 0.02864784, 0.11437457), (0.00736314, 0.02766972, 0.11437457),
            (0.01417475, 0.02486652, 0.11437457), (0.02000832, 0.02036911, 0.11437457), (0.02450573, 0.01453554, 0.11437457),
            (0.027309, 0.007723867, 0.11437457), (0.02828711, 0.000423302, 0.11437457), (0.027309, -0.006877303, 0.11437457),
            (0.02450573, -0.01368898, 0.11437457), (0.02000832, -0.01952248, 0.11437463), (0.01417475, -0.02401989, 0.11437463),
            (0.00736314, -0.02682322, 0.11437463), (6.25087e-05, -0.02780133, 0.11437463), (-0.00723809, -0.02682322, 0.11437457),
            (-0.01404976, -0.02401989, 0.11437457), (6.25087e-05, -0.02780133, 0.11437463), (-0.01988333, -0.01952248, 0.11437457),
            (-0.01882869, -0.01846796, 0.1189736), (-0.02308833, -0.01294285, 0.1189736), (-0.01330357, -0.02272748, 0.1189736),
            (-0.01330405, -0.02272832, 0.12004237), (-0.01882934, -0.01846849, 0.12004237), (-0.02308911, -0.01294326, 0.12004237),
            (-0.02574336, -0.006491363, 0.1189736), (-0.0266698, 0.000423297, 0.1189736), (-0.02574414, -0.006491601, 0.12004237),
            (-0.02667063, 0.000423293, 0.12004237), (-0.02574336, 0.007337868, 0.1189736), (-0.02308833, 0.01378935, 0.1189736),
            (-0.02574414, 0.007338166, 0.12004237), (-0.02308911, 0.01378983, 0.12004237), (-0.01882869, 0.01931446, 0.1189736),
            (-0.01330357, 0.02357411, 0.1189736), (-0.01882934, 0.01931512, 0.12004237), (-0.01330405, 0.02357482, 0.12004237),
            (-0.00685209, 0.0262292, 0.1189736), (6.25195e-05, 0.02715551, 0.1189736), (-0.006852269, 0.02622997, 0.12004237),
            (6.25195e-05, 0.02715647, 0.12004237), (0.006977081, 0.0262292, 0.11897366), (0.01342856, 0.02357411, 0.11897366),
            (0.006977379, 0.02622997, 0.12004237), (0.01342898, 0.02357482, 0.12004237), (0.01895374, 0.01931446, 0.11897366),
            (0.02321326, 0.01378935, 0.11897366), (0.01895427, 0.01931512, 0.12004237), (0.0232141, 0.01378983, 0.12004237),
            (0.02586841, 0.007337868, 0.11897366), (0.02679479, 0.000423297, 0.11897366), (0.02586925, 0.007338166, 0.12004237),
            (0.02679568, 0.000423293, 0.12004237), (0.02586841, -0.006491363, 0.11897366), (0.02321326, -0.01294285, 0.11897366),
            (0.02586925, -0.006491601, 0.12004237), (0.0232141, -0.01294326, 0.12004237), (0.01895374, -0.01846796, 0.11897366),
            (0.01342856, -0.02272748, 0.11897366), (0.01895427, -0.01846849, 0.12004237), (0.01342898, -0.02272832, 0.12004243),
            (0.006977081, -0.02538257, 0.11897366), (6.25087e-05, -0.02630901, 0.11897366), (0.006977379, -0.02538347, 0.12004243),
            (6.25195e-05, -0.02630984, 0.12004243), (-0.00685209, -0.02538257, 0.11897366), (6.25087e-05, -0.02630901, 0.11897366),
            (6.25195e-05, -0.02630984, 0.12004243), (-0.006852388, -0.02538347, 0.12004237), (-0.008499264, -0.0315296, 0.072430724),
            (-0.01648741, -0.02824211, 0.072430724), (6.25087e-05, -0.03267663, 0.072430724), (-0.02332866, -0.02296787, 0.072430724),
            (-0.02860283, -0.01612669, 0.072430724), (-0.03189039, -0.008138418, 0.072430724), (-0.03303748, 0.000423286, 0.072430724),
            (-0.03189039, 0.008985042, 0.072430724), (-0.02860283, 0.01697319, 0.072430724), (-0.0233286, 0.02381438, 0.072430724),
            (-0.01648741, 0.02908867, 0.072430724), (-0.008499205, 0.03237617, 0.072430724), (6.25195e-05, 0.03352326, 0.072430724),
            (0.008624255, 0.03237617, 0.072430724), (0.01661247, 0.02908867, 0.072430724), (0.02345365, 0.02381438, 0.072430724),
            (0.02872782, 0.01697319, 0.072430724), (0.03201538, 0.008985042, 0.072430724), (0.03316247, 0.000423302, 0.072430724),
            (0.03201544, -0.008138418, 0.072430724), (0.02872782, -0.01612669, 0.072430724), (0.02345365, -0.02296787, 0.072430724),
            (0.01661247, -0.02824211, 0.072430724), (0.008624255, -0.0315296, 0.072430724), (6.25087e-05, -0.03267663, 0.072430724),
            (0.007372856, 0.004643917, 0.00351697), (0.00626111, 0.006621897, 0.00346404), (0.008834123, 0.00919491, 0.00317484),
            (0.01081198, 0.006629467, 0.00317484), (0.00428313, 0.007733762, 0.00351697), (0.00626868, 0.01117277, 0.00317484),
            (0.008081078, 0.01431185, 0.00274897), (0.01139569, 0.01175642, 0.00274897), (0.01395112, 0.008441865, 0.00274897),
            (0.002331316, 0.008890748, 0.00346404), (0.003273129, 0.01240557, 0.00317484), (6.25078e-05, 0.008864641, 0.00351703),
            (6.24968e-05, 0.01283574, 0.0031749), (6.24966e-05, 0.01646047, 0.00274903), (0.00421071, 0.01590478, 0.00274903),
            (-0.002206265, 0.008890748, 0.00346404), (-0.003148078, 0.01240557, 0.00317484), (-0.004158139, 0.007733762, 0.00351697),
            (-0.006143689, 0.01117277, 0.00317484), (-0.007956147, 0.01431185, 0.00274897), (-0.004085659, 0.01590478, 0.00274903),
            (-0.006136119, 0.006621897, 0.00346404), (-0.008709192, 0.00919491, 0.00317484), (-0.007247984, 0.004643917, 0.00351697),
            (-0.01068699, 0.006629467, 0.00317484), (-0.01382613, 0.008441865, 0.00274897), (-0.0112707, 0.01175642, 0.00274897),
            (-0.008405029, 0.002692103, 0.00346404), (-0.01191979, 0.003633916, 0.00317484), (-0.008378922, 0.00042329, 0.00351697),
            (-0.01234996, 0.000423281, 0.00317484), (-0.01597476, 0.000423273, 0.00274897), (-0.01541888, 0.004571497, 0.00274897),
            (-0.008405029, -0.001845479, 0.00346404), (-0.01191979, -0.002787292, 0.00317484), (-0.007247984, -0.003797352, 0.00351697),
            (-0.01068699, -0.005782902, 0.00317484), (-0.01382613, -0.00759536, 0.00274903), (-0.01541888, -0.003724992, 0.00274897),
            (-0.006136119, -0.005775332, 0.00346404), (-0.008709192, -0.008348405, 0.00317484), (-0.004158139, -0.006887197, 0.00351697),
            (-0.006143689, -0.01032614, 0.00317484), (-0.007956147, -0.0134654, 0.00274897), (-0.0112707, -0.01090997, 0.00274897),
            (-0.002206265, -0.008044242, 0.00346404), (-0.003148078, -0.011559, 0.00317484), (6.25083e-05, -0.008018136, 0.00351697),
            (6.24975e-05, -0.01198917, 0.00317484), (6.24977e-05, -0.01561397, 0.00274897), (-0.004085659, -0.01505815, 0.00274897),
            (0.002331316, -0.008044242, 0.00346404), (0.003273129, -0.011559, 0.00317484), (0.00428313, -0.006887197, 0.00351697),
            (0.00626868, -0.0103262, 0.00317484), (0.008081078, -0.0134654, 0.00274897), (0.00421071, -0.01505815, 0.00274897),
            (0.00626111, -0.005775332, 0.00346404), (0.008834123, -0.008348405, 0.00317484), (0.007372856, -0.003797352, 0.00351697),
            (0.01081198, -0.005782902, 0.00317484), (0.01395112, -0.00759536, 0.00274897), (0.01139569, -0.01090997, 0.00274897),
            (0.008529961, -0.001845479, 0.00346404), (0.01204478, -0.002787292, 0.00317484), (0.008503854, 0.00042329, 0.00351697),
            (0.01247495, 0.000423279, 0.00317484), (0.01609975, 0.00042327, 0.00274897), (0.01554393, -0.003724992, 0.00274897),
            (0.008529961, 0.002692103, 0.00346404), (0.01204478, 0.003633916, 0.00317484), (0.01554393, 0.004571497, 0.00274897),
            (0.01323252, 0.01359331, 0.00240815), (0.01620221, 0.009741544, 0.00240815), (0.009380757, 0.01656293, 0.00240815),
            (0.01031523, 0.01818162, 0.00191796), (0.01455336, 0.01491421, 0.00191796), (0.01782083, 0.01067596, 0.00191796),
            (0.004882991, 0.01841402, 0.00240815), (6.24966e-05, 0.01905977, 0.00240815), (6.24966e-05, 0.0209288, 0.00191802),
            (0.005366504, 0.02021825, 0.00191802), (-0.004758059, 0.01841402, 0.00240815), (-0.009255766, 0.01656293, 0.00240815),
            (-0.01019024, 0.01818162, 0.00191796), (-0.005241513, 0.02021825, 0.00191796), (-0.01310753, 0.01359331, 0.00240815),
            (-0.01607722, 0.009741544, 0.00240815), (-0.01769584, 0.01067596, 0.00191796), (-0.01442837, 0.01491421, 0.00191796),
            (-0.01792824, 0.005243778, 0.00240815), (-0.01857399, 0.000423277, 0.00240815), (-0.02044302, 0.000423285, 0.00191796),
            (-0.01973241, 0.005727291, 0.00191796), (-0.01792824, -0.004397273, 0.00240815), (-0.01607722, -0.008894979, 0.00240815),
            (-0.01769584, -0.009829461, 0.00191796), (-0.01973241, -0.004880726, 0.00191796), (-0.01310753, -0.01274687, 0.00240815),
            (-0.009255766, -0.01571643, 0.00240815), (-0.01019018, -0.01733499, 0.00191796), (-0.01442837, -0.01406759, 0.00191796),
            (-0.004758059, -0.01756745, 0.00240815), (6.24977e-05, -0.01821327, 0.00240815), (6.24977e-05, -0.02008229, 0.00191802),
            (-0.005241513, -0.01937162, 0.00191796), (0.004882991, -0.01756745, 0.00240815), (0.009380757, -0.01571643, 0.00240815),
            (0.01031523, -0.01733499, 0.00191796), (0.005366504, -0.01937162, 0.00191796), (0.01323252, -0.01274687, 0.00240815),
            (0.01620221, -0.008894979, 0.00240815), (0.01782083, -0.009829461, 0.00191796), (0.01455336, -0.01406759, 0.00191796),
            (0.01805323, -0.004397273, 0.00240815), (0.01869899, 0.000423274, 0.00240815), (0.02056807, 0.000423282, 0.00191796),
            (0.01985746, -0.004880726, 0.00191796), (0.01609975, 0.00042327, 0.00274897), (0.01554393, 0.004571497, 0.00274897),
            (0.01805323, 0.005243778, 0.00240815), (0.01869899, 0.000423274, 0.00240815), (0.01395112, 0.008441865, 0.00274897),
            (0.01620221, 0.009741544, 0.00240815), (0.01782083, 0.01067596, 0.00191796), (0.01985746, 0.005727291, 0.00191796),
            (0.02056807, 0.000423282, 0.00191796), (0.02179741, 0.01297193, 0.00055611), (0.01779836, 0.01815915, 0.00055611),
            (0.01839911, 0.01875996, 0.00215864), (0.02253377, 0.01339703, 0.00215864), (0.01261121, 0.02215826, 0.00055611),
            (0.01303631, 0.02289456, 0.00215864), (0.01383823, 0.02428352, 0.00427246), (0.01953262, 0.0198934, 0.0042724),
            (0.0239228, 0.01419895, 0.0042724), (0.006554186, 0.02465099, 0.00055611), (0.006774187, 0.02547162, 0.00215864),
            (6.25072e-05, 0.02552074, 0.00055611), (6.25072e-05, 0.02637088, 0.00215864), (6.2518e-05, 0.02797478, 0.00427246),
            (0.007189095, 0.02701997, 0.00427246), (-0.006429255, 0.02465099, 0.00055611), (-0.006649196, 0.02547162, 0.00215864),
            (-0.01248615, 0.02215826, 0.00055611), (-0.01291126, 0.02289456, 0.00215864), (-0.01371324, 0.02428352, 0.0042724),
            (-0.007064044, 0.02701997, 0.0042724), (-0.01767337, 0.01815915, 0.00055611), (-0.01827412, 0.01875996, 0.00215864),
            (-0.02167242, 0.01297193, 0.00055611), (-0.02240878, 0.01339703, 0.00215864), (-0.02379781, 0.01419895, 0.0042724),
            (-0.01940757, 0.0198934, 0.0042724), (-0.02416521, 0.006914973, 0.00055605), (-0.02498584, 0.007134974, 0.00215864),
            (-0.0250349, 0.000423294, 0.00055605), (-0.0258851, 0.000423297, 0.00215864), (-0.02748894, 0.0004233, 0.0042724),
            (-0.02653414, 0.007549822, 0.0042724), (-0.02416521, -0.006068468, 0.00055605), (-0.02498584, -0.006288409, 0.00215864),
            (-0.02167242, -0.01212543, 0.00055611), (-0.02240878, -0.01255053, 0.00215864), (-0.02379781, -0.01335245, 0.0042724),
            (-0.02653414, -0.006703197, 0.0042724), (-0.01767337, -0.01731258, 0.00055611), (-0.01827412, -0.0179134, 0.00215864),
            (-0.01248615, -0.0213117, 0.00055611), (-0.01291126, -0.02204793, 0.00215864), (-0.01371324, -0.02343702, 0.0042724),
            (-0.01940757, -0.01904684, 0.0042724), (-0.006429255, -0.02380442, 0.00055611), (-0.006649196, -0.02462512, 0.00215864),
            (6.25088e-05, -0.02467411, 0.00055611), (6.25088e-05, -0.02552425, 0.00215864), (6.25197e-05, -0.02712815, 0.0042724),
            (-0.007064044, -0.02617347, 0.0042724), (0.006554186, -0.02380442, 0.00055611), (0.006774187, -0.02462512, 0.00215864),
            (0.01261121, -0.0213117, 0.00055611), (0.01303631, -0.02204793, 0.00215864), (0.01383829, -0.02343702, 0.0042724),
            (0.007189095, -0.02617347, 0.0042724), (0.01779836, -0.01731258, 0.00055611), (0.01839917, -0.0179134, 0.00215864),
            (0.02179741, -0.01212543, 0.00055611), (0.02253377, -0.01255053, 0.00215864), (0.0239228, -0.01335245, 0.0042724),
            (0.01953268, -0.01904684, 0.0042724), (0.0242902, -0.006068468, 0.00055611), (0.0251109, -0.006288409, 0.00215864),
            (0.02515995, 0.000423292, 0.00055611), (0.02601009, 0.000423294, 0.00215864), (0.02761399, 0.000423297, 0.0042724),
            (0.02665925, -0.006703197, 0.0042724), (0.0242902, 0.006914973, 0.00055611), (0.0251109, 0.007134974, 0.00215864),
            (0.02665925, 0.007549822, 0.0042724), (0.003960967, 0.004321753, 0.00361389), (0.002693831, 0.004980981, 0.003613),
            (0.004620194, 0.003054678, 0.003613), (6.24755e-05, 0.000423296, 0.00356716), (0.001489341, 0.005748689, 0.00361389),
            (6.2497e-05, 0.005685985, 0.003613), (-0.00136435, 0.005748689, 0.00361389), (-0.0025689, 0.004980981, 0.003613),
            (-0.003835976, 0.004321753, 0.00361389), (-0.004495203, 0.003054678, 0.003613), (-0.005262911, 0.001850247, 0.00361389),
            (-0.005200326, 0.000423292, 0.003613), (-0.005262911, -0.001003623, 0.00361389), (-0.004495203, -0.002208054, 0.003613),
            (-0.003835976, -0.003475189, 0.00361389), (-0.0025689, -0.004134416, 0.003613), (-0.00136435, -0.004902184, 0.00361389),
            (6.24973e-05, -0.00483942, 0.003613), (0.001489341, -0.004902184, 0.00361389), (0.002693831, -0.004134416, 0.003613),
            (0.003960967, -0.003475189, 0.00361389), (0.004620194, -0.002208054, 0.003613), (0.005387902, -0.001003623, 0.00361389),
            (0.005325198, 0.000423292, 0.003613), (0.005387902, 0.001850247, 0.00361389), (-0.01544159, 0.01592743, 0.00104403),
            (-0.01090717, 0.01942336, 0.00104403), (-0.01893752, 0.01139295, 0.00104403), (-0.01990818, 0.01195335, 0.00025004),
            (-0.01623374, 0.01671952, 0.0002501), (-0.01146757, 0.02039396, 0.0002501), (-0.005612373, 0.02160239, 0.00104403),
            (6.24965e-05, 0.02236258, 0.00104403), (-0.00590229, 0.02268439, 0.0002501), (6.24965e-05, 0.02348351, 0.0002501),
            (0.005737364, 0.02160239, 0.00104403), (0.01103216, 0.01942336, 0.00104403), (0.006027281, 0.02268439, 0.0002501),
            (0.0115925, 0.02039396, 0.0002501), (0.01556658, 0.01592743, 0.00104403), (0.01906251, 0.01139295, 0.00104403),
            (0.01635873, 0.01671952, 0.0002501), (0.02003324, 0.01195335, 0.0002501), (0.01985746, 0.005727291, 0.00191796),
            (0.0212416, 0.006098151, 0.00104403), (0.02200192, 0.000423286, 0.00104403), (0.02232354, 0.006388068, 0.0002501),
            (0.02312266, 0.00042329, 0.0002501), (0.0212416, -0.005251586, 0.00104403), (0.01906251, -0.01054632, 0.00104403),
            (0.02232354, -0.005541503, 0.0002501), (0.02003324, -0.01110672, 0.0002501), (0.01556658, -0.0150808, 0.00104403),
            (0.01103216, -0.0185768, 0.00104403), (0.01635873, -0.01587295, 0.0002501), (0.0115925, -0.01954746, 0.0002501),
            (0.005737364, -0.02075576, 0.00104403), (6.24978e-05, -0.02151608, 0.00104403), (0.006027281, -0.02183783, 0.0002501),
            (6.24978e-05, -0.02263695, 0.0002501), (-0.005612373, -0.02075576, 0.00104403), (-0.01090717, -0.0185768, 0.00104403),
            (-0.00590229, -0.02183783, 0.0002501), (-0.01146757, -0.01954746, 0.0002501), (-0.01544159, -0.0150808, 0.00104403),
            (-0.01893752, -0.01054632, 0.00104403), (-0.01623374, -0.01587295, 0.0002501), (-0.01990818, -0.01110672, 0.00025004),
            (-0.02111661, -0.005251586, 0.00104403), (-0.02187687, 0.000423289, 0.00104403), (-0.02219855, -0.005541503, 0.0002501),
            (-0.02299767, 0.000423293, 0.0002501), (-0.02111661, 0.006098151, 0.00104403), (-0.02219855, 0.006388068, 0.0002501),
            (-0.016891, 0.01737678, 0), (-0.01193261, 0.02119946, 0), (-0.02071362, 0.01241832, 0),
            (-0.02125442, 0.01273053, 1.645e-05), (-0.01733219, 0.01781803, 1.639e-05), (-0.01224482, 0.02174013, 1.645e-05),
            (-0.006142914, 0.02358222, 6e-08), (6.24965e-05, 0.02441358, 6e-08), (-0.006304383, 0.02418494, 1.645e-05),
            (6.25072e-05, 0.02503794, 1.645e-05), (0.006267905, 0.02358222, 6e-08), (0.0120576, 0.02119946, 6e-08),
            (0.006429374, 0.02418494, 1.645e-05), (0.01236981, 0.02174013, 1.645e-05), (0.01701599, 0.01737678, 6e-08),
            (0.02083861, 0.01241832, 6e-08), (0.01745718, 0.01781803, 1.645e-05), (0.02137941, 0.01273053, 1.645e-05),
            (0.02322143, 0.006628692, 6e-08), (0.02405273, 0.000423292, 6e-08), (0.02382415, 0.006790161, 1.645e-05),
            (0.02467709, 0.000423292, 1.645e-05), (0.02322143, -0.005782008, 6e-08), (0.02083867, -0.01157182, 6e-08),
            (0.02382415, -0.005943596, 1.645e-05), (0.02137941, -0.01188403, 1.645e-05), (0.01701599, -0.01653021, 6e-08),
            (0.0120576, -0.0203529, 6e-08), (0.01745718, -0.0169714, 1.645e-05), (0.01236981, -0.02089363, 1.645e-05),
            (0.006267905, -0.02273565, 6e-08), (6.24978e-05, -0.02356702, 6e-08), (0.006429374, -0.02333831, 1.645e-05),
            (6.25088e-05, -0.02419131, 1.645e-05), (-0.006142914, -0.02273565, 0), (-0.01193267, -0.0203529, 0),
            (-0.006304383, -0.02333831, 1.645e-05), (-0.01224482, -0.02089363, 1.645e-05), (-0.016891, -0.01653021, 0),
            (-0.02071362, -0.01157182, 0), (-0.01733219, -0.0169714, 1.639e-05), (-0.02125442, -0.01188403, 1.645e-05),
            (-0.02309638, -0.005782008, 0), (-0.02392774, 0.000423294, 0), (-0.0236991, -0.005943596, 1.639e-05),
            (-0.0245521, 0.000423294, 1.639e-05), (-0.02309644, 0.006628692, 0), (-0.0236991, 0.006790161, 1.639e-05),
            (0.02137941, 0.01273053, 1.645e-05), (0.01745718, 0.01781803, 1.645e-05), (0.01760119, 0.01796191, 2.193e-05),
            (0.02155584, 0.01283246, 2.193e-05), (0.01236981, 0.02174013, 1.645e-05), (0.01247161, 0.02191656, 2.193e-05),
            (0.006429374, 0.02418494, 1.645e-05), (0.006482005, 0.02438157, 2.193e-05), (6.25072e-05, 0.02503794, 1.645e-05),
            (6.25072e-05, 0.02524167, 2.193e-05), (-0.006304383, 0.02418494, 1.645e-05), (-0.006357014, 0.02438157, 2.193e-05),
            (-0.01224482, 0.02174013, 1.645e-05), (-0.01234668, 0.02191656, 2.193e-05), (-0.01733219, 0.01781803, 1.639e-05),
            (-0.0174762, 0.01796191, 2.187e-05), (-0.02125442, 0.01273053, 1.645e-05), (-0.02143085, 0.01283246, 2.187e-05),
            (-0.0236991, 0.006790161, 1.639e-05), (-0.0238958, 0.006842792, 2.187e-05), (-0.0245521, 0.000423294, 1.639e-05),
            (-0.02475589, 0.000423294, 2.187e-05), (-0.0236991, -0.005943596, 1.639e-05), (-0.0238958, -0.005996227, 2.187e-05),
            (-0.02125442, -0.01188403, 1.645e-05), (-0.02143085, -0.01198583, 2.193e-05), (-0.01733219, -0.0169714, 1.639e-05),
            (-0.0174762, -0.01711541, 2.187e-05), (-0.01224482, -0.02089363, 1.645e-05), (-0.01234668, -0.02107006, 2.187e-05),
            (-0.006304383, -0.02333831, 1.645e-05), (-0.006357014, -0.02353507, 2.187e-05), (6.25088e-05, -0.02419131, 1.645e-05),
            (6.25088e-05, -0.0243951, 2.187e-05), (0.006429374, -0.02333831, 1.645e-05), (0.006482124, -0.02353507, 2.193e-05),
            (0.01236981, -0.02089363, 1.645e-05), (0.01247161, -0.02107006, 2.193e-05), (0.01745718, -0.0169714, 1.645e-05),
            (0.01760119, -0.01711541, 2.193e-05), (0.02137941, -0.01188403, 1.645e-05), (0.02155584, -0.01198583, 2.193e-05),
            (0.02382415, -0.005943596, 1.645e-05), (0.02402085, -0.005996227, 2.187e-05), (0.02467709, 0.000423292, 1.645e-05),
            (0.02488088, 0.000423292, 2.187e-05), (0.02382415, 0.006790161, 1.645e-05), (0.02402085, 0.006842792, 2.187e-05),
            (0.01760119, 0.01796191, 2.193e-05), (0.01247161, 0.02191656, 2.193e-05), (0.01261121, 0.02215826, 0.00055611),
            (0.01779836, 0.01815915, 0.00055611), (0.02155584, 0.01283246, 2.193e-05), (0.02179741, 0.01297193, 0.00055611),
            (0.006482005, 0.02438157, 2.193e-05), (6.25072e-05, 0.02524167, 2.193e-05), (6.25072e-05, 0.02552074, 0.00055611),
            (0.006554186, 0.02465099, 0.00055611), (-0.006357014, 0.02438157, 2.193e-05), (-0.01234668, 0.02191656, 2.193e-05),
            (-0.01248615, 0.02215826, 0.00055611), (-0.006429255, 0.02465099, 0.00055611), (-0.0174762, 0.01796191, 2.187e-05),
            (-0.02143085, 0.01283246, 2.187e-05), (-0.02167242, 0.01297193, 0.00055611), (-0.01767337, 0.01815915, 0.00055611),
            (-0.0238958, 0.006842792, 2.187e-05), (-0.02475589, 0.000423294, 2.187e-05), (-0.0250349, 0.000423294, 0.00055605),
            (-0.02416521, 0.006914973, 0.00055605), (-0.0238958, -0.005996227, 2.187e-05), (-0.02143085, -0.01198583, 2.193e-05),
            (-0.02167242, -0.01212543, 0.00055611), (-0.02416521, -0.006068468, 0.00055605), (-0.0174762, -0.01711541, 2.187e-05),
            (-0.01234668, -0.02107006, 2.187e-05), (-0.01248615, -0.0213117, 0.00055611), (-0.01767337, -0.01731258, 0.00055611),
            (-0.006357014, -0.02353507, 2.187e-05), (6.25088e-05, -0.0243951, 2.187e-05), (6.25088e-05, -0.02467411, 0.00055611),
            (-0.006429255, -0.02380442, 0.00055611), (0.006482124, -0.02353507, 2.193e-05), (0.01247161, -0.02107006, 2.193e-05),
            (0.01261121, -0.0213117, 0.00055611), (0.006554186, -0.02380442, 0.00055611), (0.01760119, -0.01711541, 2.193e-05),
            (0.02155584, -0.01198583, 2.193e-05), (0.02179741, -0.01212543, 0.00055611), (0.01779836, -0.01731258, 0.00055611),
            (0.02402085, -0.005996227, 2.187e-05), (0.02488088, 0.000423292, 2.187e-05), (0.02515995, 0.000423292, 0.00055611),
            (0.0242902, -0.006068468, 0.00055611), (0.02402085, 0.006842792, 2.187e-05), (0.0242902, 0.006914973, 0.00055611),
            (0.0232141, 0.01378983, 0.12004237), (0.01895427, 0.01931512, 0.12004237), (0.01895451, 0.0193153, 0.12103914),
            (0.02321434, 0.01379001, 0.12103914), (0.01342898, 0.02357482, 0.12004237), (0.01342922, 0.02357506, 0.12103914),
            (0.01330989, 0.02336847, 0.1217597), (0.01878595, 0.01914674, 0.1217597), (0.02300775, 0.01367068, 0.1217597),
            (0.006977379, 0.02622997, 0.12004237), (0.006977379, 0.02623033, 0.12103914), (6.25181e-05, 0.02715647, 0.12004237),
            (6.25181e-05, 0.02715677, 0.12103914), (6.25181e-05, 0.02691817, 0.1217597), (0.006915748, 0.02600002, 0.1217597),
            (-0.006852269, 0.02622997, 0.12004237), (-0.006852388, 0.02623033, 0.12103908), (-0.01330405, 0.02357482, 0.12004237),
            (-0.01330423, 0.02357506, 0.12103908), (-0.0131849, 0.02336847, 0.12175964), (-0.006790757, 0.02600002, 0.12175964),
            (-0.01882934, 0.01931512, 0.12004237), (-0.01882952, 0.0193153, 0.12103908), (-0.02308911, 0.01378983, 0.12004237),
            (-0.02308928, 0.01379001, 0.12103908), (-0.02288269, 0.01367074, 0.12175964), (-0.01866096, 0.01914674, 0.12175964),
            (-0.02574419, 0.007338166, 0.12004237), (-0.02574443, 0.007338166, 0.12103908), (-0.02667063, 0.000423292, 0.12004237),
            (-0.02667093, 0.00042329, 0.12103908), (-0.02643239, 0.000423292, 0.12175964), (-0.02551424, 0.007276535, 0.12175964),
            (-0.02574419, -0.006491601, 0.12004237), (-0.02574443, -0.006491661, 0.12103908), (-0.02308928, -0.01294338, 0.12103908),
            (-0.02288269, -0.01282411, 0.12175964), (-0.02551424, -0.00642997, 0.12175964), (-0.02308911, -0.01294326, 0.12004237),
            (-0.01882934, -0.01846849, 0.12004237), (-0.01882952, -0.01846873, 0.12103908), (-0.01330405, -0.02272832, 0.12004237),
            (-0.01330423, -0.02272856, 0.12103914), (-0.01318496, -0.02252197, 0.12175964), (-0.01866096, -0.01830017, 0.12175964),
            (-0.006852388, -0.02538347, 0.12004237), (-0.006852388, -0.02538377, 0.12103914), (6.25196e-05, -0.02630984, 0.12004243),
            (6.25196e-05, -0.0263102, 0.12103914), (6.25088e-05, -0.02607154, 0.1217597), (-0.006790757, -0.02515339, 0.1217597),
            (0.006977379, -0.02538347, 0.12004243), (0.006977379, -0.02538377, 0.12103914), (0.01342898, -0.02272832, 0.12004243),
            (0.01342922, -0.02272856, 0.12103914), (0.01330989, -0.02252197, 0.1217597), (0.006915748, -0.02515339, 0.1217597),
            (0.01895427, -0.01846849, 0.12004237), (0.01895451, -0.01846873, 0.12103914), (0.0232141, -0.01294326, 0.12004237),
            (0.02321434, -0.01294338, 0.12103914), (0.02300775, -0.01282411, 0.1217597), (0.01878595, -0.01830017, 0.1217597),
            (0.02586925, -0.006491601, 0.12004237), (0.02586948, -0.006491661, 0.12103914), (0.02679568, 0.000423289, 0.12004237),
            (0.02679598, 0.000423288, 0.12103914), (0.02655744, 0.000423289, 0.1217597), (0.02563923, -0.00642997, 0.1217597),
            (0.02586925, 0.007338166, 0.12004237), (0.02586948, 0.007338166, 0.12103914), (0.02563923, 0.007276535, 0.1217597),
            (0.01828014, 0.01864099, 0.12199991), (0.02238798, 0.01331281, 0.12199991), (0.01295202, 0.02274864, 0.12199991),
            (0.01259577, 0.02213156, 0.1217904), (0.01777654, 0.01813739, 0.1217904), (0.02177077, 0.0129565, 0.1217904),
            (0.006730616, 0.02530914, 0.12199991), (6.25072e-05, 0.02620244, 0.12199991), (6.25072e-05, 0.0254898, 0.1217904),
            (0.006546199, 0.02462112, 0.1217904), (-0.006605625, 0.02530914, 0.12199991), (-0.01282703, 0.02274864, 0.12199991),
            (-0.01247078, 0.02213156, 0.12179034), (-0.006421208, 0.02462112, 0.1217904), (-0.01815515, 0.01864099, 0.12199991),
            (-0.02226293, 0.01331281, 0.12199991), (-0.02164578, 0.0129565, 0.12179034), (-0.01765155, 0.01813739, 0.12179034),
            (-0.0248233, 0.007091403, 0.12199991), (-0.02571672, 0.000423292, 0.12199991), (-0.02500402, 0.000423294, 0.12179034),
            (-0.02413541, 0.006906986, 0.12179034), (-0.0248233, -0.006244838, 0.12199991), (-0.02226293, -0.01246631, 0.12199991),
            (-0.02164578, -0.01210999, 0.12179034), (-0.02413541, -0.006060481, 0.12179034), (-0.01815515, -0.01779443, 0.12199991),
            (-0.01282703, -0.0219022, 0.12199991), (-0.01247078, -0.02128493, 0.1217904), (-0.01765155, -0.01729083, 0.12179034),
            (-0.006605625, -0.02446258, 0.12199991), (6.25088e-05, -0.02535593, 0.12199997), (6.24979e-05, -0.0246433, 0.1217904),
            (-0.006421208, -0.02377462, 0.1217904), (0.006730616, -0.02446258, 0.12199997), (0.01295202, -0.0219022, 0.12199991),
            (0.01259577, -0.02128493, 0.1217904), (0.006546258, -0.02377462, 0.1217904), (0.01828014, -0.01779443, 0.12199991),
            (0.02238798, -0.01246631, 0.12199991), (0.02177077, -0.01210999, 0.1217904), (0.01777654, -0.01729083, 0.1217904),
            (0.02494829, -0.006244838, 0.12199991), (0.02584171, 0.000423289, 0.12199991), (0.02512902, 0.000423292, 0.1217904),
            (0.0242604, -0.006060481, 0.1217904), (0.02494829, 0.007091403, 0.12199991), (0.0242604, 0.006906986, 0.1217904),
            (0.01761448, 0.01797527, 0.12116175), (0.02157217, 0.01284188, 0.12116175), (0.01248109, 0.02193284, 0.12116175),
            (0.01180285, 0.02075821, 0.1205331), (0.01627737, 0.0166381, 0.1205331), (0.02039742, 0.01216357, 0.1205331),
            (0.006486952, 0.02439969, 0.12116175), (6.25072e-05, 0.02526038, 0.12116175), (6.25073e-05, 0.02390402, 0.1205331),
            (0.005997478, 0.02257323, 0.1205331), (-0.006361961, 0.02439969, 0.12116175), (-0.0123561, 0.02193284, 0.12116175),
            (-0.01167786, 0.02075821, 0.1205331), (-0.005872488, 0.02257323, 0.1205331), (-0.01247078, 0.02213156, 0.12179034),
            (-0.01765155, 0.01813739, 0.12179034), (-0.01748949, 0.01797527, 0.12116175), (-0.0123561, 0.02193284, 0.12116175),
            (-0.02164578, 0.0129565, 0.12179034), (-0.02144712, 0.01284188, 0.12116169), (-0.02027243, 0.01216357, 0.1205331),
            (-0.01615238, 0.0166381, 0.1205331), (-0.01167786, 0.02075821, 0.1205331), (-0.02391391, 0.006847739, 0.12116169),
            (-0.02144712, 0.01284188, 0.12116169), (-0.02477473, 0.000423294, 0.12116169), (-0.02341818, 0.000423293, 0.1205331),
            (-0.02208745, 0.006358325, 0.1205331), (-0.02027243, 0.01216357, 0.1205331), (-0.02391391, -0.006001174, 0.12116169),
            (-0.02144712, -0.01199525, 0.12116175), (-0.02027243, -0.01131707, 0.1205331), (-0.02208745, -0.005511701, 0.1205331),
            (-0.01748949, -0.0171287, 0.12116175), (-0.0123561, -0.02108633, 0.12116175), (-0.01167786, -0.01991158, 0.1205331),
            (-0.01615238, -0.01579159, 0.1205331), (-0.006361961, -0.02355319, 0.12116175), (6.24979e-05, -0.02441394, 0.12116175),
            (6.25087e-05, -0.02305746, 0.12053316), (-0.005872488, -0.0217266, 0.12053316), (0.006486952, -0.02355319, 0.12116175),
            (0.01248109, -0.02108639, 0.12116175), (0.01180285, -0.01991158, 0.12053316), (0.005997478, -0.0217266, 0.12053316),
            (0.01761448, -0.0171287, 0.12116175), (0.02157217, -0.01199525, 0.12116175), (0.02039742, -0.01131707, 0.1205331),
            (0.01627737, -0.01579159, 0.12053316), (0.02403897, -0.006001174, 0.12116175), (0.02489972, 0.000423292, 0.12116175),
            (0.02354317, 0.00042329, 0.1205331), (0.02221244, -0.005511701, 0.1205331), (0.02403897, 0.006847739, 0.12116175),
            (0.02221244, 0.006358325, 0.1205331), (-0.02574419, -0.006491601, 0.12004237), (-0.02308911, -0.01294326, 0.12004237),
            (-0.02308928, -0.01294338, 0.12103908), (-0.02574443, -0.006491661, 0.12103908), (0.008596956, 0.01520544, 0.12032359),
            (0.007701039, 0.01365369, 0.12032359), (0.01224881, 0.0126096, 0.12032359), (0.009755969, 0.0172128, 0.12032359),
            (0.004862666, 0.008737385, 0.12032359), (0.007742524, 0.00810337, 0.12032359), (0.008376598, 0.005223453, 0.12032359),
            (0.0132929, 0.008061885, 0.12032359), (0.01484459, 0.008957743, 0.12032359), (0.01685208, 0.01011669, 0.12032359),
            (0.02039742, 0.01216357, 0.1205331), (0.01627737, 0.0166381, 0.1205331), (0.01180285, 0.02075821, 0.1205331),
            (6.25075e-05, 0.01749229, 0.12032359), (6.25076e-05, 0.01570045, 0.12032359), (0.004522979, 0.01707005, 0.12032359),
            (6.25074e-05, 0.01981014, 0.12032359), (6.25078e-05, 0.01002359, 0.12032359), (0.002873539, 0.0109145, 0.12032359),
            (0.005997478, 0.02257323, 0.1205331), (6.25073e-05, 0.02390402, 0.1205331), (-0.008471965, 0.01520544, 0.12032359),
            (-0.007576048, 0.01365369, 0.12032359), (-0.004397988, 0.01707005, 0.12032359), (-0.009630918, 0.0172128, 0.12032359),
            (-0.004737675, 0.008737385, 0.12032359), (-0.002748548, 0.0109145, 0.12032359), (-0.005872488, 0.02257323, 0.1205331),
            (-0.01167786, 0.02075821, 0.1205331), (-0.0147196, 0.008957743, 0.12032353), (-0.01316791, 0.008061885, 0.12032353),
            (-0.01212376, 0.0126096, 0.12032353), (-0.01672703, 0.01011669, 0.12032353), (-0.008251607, 0.005223453, 0.12032353),
            (-0.007617533, 0.00810337, 0.12032359), (-0.01615238, 0.0166381, 0.1205331), (-0.02027243, 0.01216357, 0.1205331),
            (-0.01700645, 0.000423292, 0.12032353), (-0.01521474, 0.000423292, 0.12032353), (-0.01658421, 0.004883766, 0.12032353),
            (-0.01932442, 0.000423292, 0.12032353), (-0.009537816, 0.00042329, 0.12032353), (-0.01042866, 0.003234386, 0.12032353),
            (-0.02208745, 0.006358325, 0.1205331), (-0.02341818, 0.000423293, 0.1205331), (-0.0147196, -0.008111178, 0.12032353),
            (-0.01316791, -0.007215321, 0.12032353), (-0.01658421, -0.004037201, 0.12032353), (-0.01672703, -0.009270191, 0.12032353),
            (-0.008251607, -0.004376888, 0.12032353), (-0.01042866, -0.002387762, 0.12032353), (-0.02208745, -0.005511701, 0.1205331),
            (-0.02027243, -0.01131707, 0.1205331), (-0.008471965, -0.01435881, 0.12032359), (-0.007576048, -0.01280719, 0.12032359),
            (-0.01212382, -0.01176297, 0.12032353), (-0.009630978, -0.0163663, 0.12032359), (-0.004737675, -0.00789082, 0.12032359),
            (-0.007617533, -0.007256746, 0.12032359), (-0.01615238, -0.01579159, 0.1205331), (-0.01167786, -0.01991158, 0.1205331),
            (6.25085e-05, -0.01664566, 0.12032359), (6.25084e-05, -0.01485395, 0.12032359), (-0.004397988, -0.01622349, 0.12032359),
            (6.25086e-05, -0.01896363, 0.12032359), (6.25083e-05, -0.009177029, 0.12032359), (-0.002748548, -0.01006788, 0.12032359),
            (-0.005872488, -0.0217266, 0.12053316), (6.25087e-05, -0.02305746, 0.12053316), (0.008596956, -0.01435881, 0.12032359),
            (0.007701039, -0.01280719, 0.12032359), (0.004522979, -0.01622349, 0.12032359), (0.009755969, -0.0163663, 0.12032359),
            (0.004862666, -0.00789082, 0.12032359), (0.002873539, -0.01006788, 0.12032359), (0.005997478, -0.0217266, 0.12053316),
            (0.01180285, -0.01991158, 0.12053316), (0.01484459, -0.008111178, 0.12032359), (0.0132929, -0.007215321, 0.12032359),
            (0.01224881, -0.01176297, 0.12032359), (0.01685208, -0.009270191, 0.12032359), (0.008376598, -0.004376888, 0.12032359),
            (0.007742524, -0.007256746, 0.12032359), (0.01627737, -0.01579159, 0.12053316), (0.02039742, -0.01131707, 0.1205331),
            (0.01713144, 0.000423289, 0.12032359), (0.01533973, 0.000423289, 0.12032359), (0.01670926, -0.004037201, 0.12032359),
            (0.01944941, 0.000423289, 0.12032359), (0.009662806, 0.00042329, 0.12032359), (0.01055365, -0.002387762, 0.12032359),
            (0.02221244, -0.005511701, 0.1205331), (0.02354317, 0.00042329, 0.1205331), (0.01670926, 0.004883766, 0.12032359),
            (0.01055365, 0.003234386, 0.12032359), (0.02221244, 0.006358325, 0.1205331), (0.004284322, 0.004645109, 0.12032359),
            (0.004998207, 0.003272891, 0.12032359), (0.002912104, 0.005358994, 0.12032359), (6.2508e-05, 0.000423293, 0.12032353),
            (0.001607716, 0.006190419, 0.12032359), (6.25078e-05, 0.006122529, 0.12032359), (-0.001482725, 0.006190419, 0.12032359),
            (-0.002787113, 0.005358994, 0.12032359), (-0.004159331, 0.004645109, 0.12032359), (-0.004873216, 0.003272891, 0.12032353),
            (-0.005704641, 0.001968502, 0.12032353), (-0.005636692, 0.000423288, 0.12032353), (-0.005704641, -0.001121938, 0.12032353),
            (-0.004873216, -0.002426326, 0.12032353), (-0.004159331, -0.003798544, 0.12032359), (-0.002787113, -0.004512429, 0.12032359),
            (-0.001482725, -0.005343854, 0.12032359), (6.25082e-05, -0.005275905, 0.12032359), (0.001607716, -0.005343854, 0.12032359),
            (0.002912104, -0.004512429, 0.12032359), (0.004284322, -0.003798544, 0.12032359), (0.004998207, -0.002426326, 0.12032359),
            (0.005829632, -0.001121938, 0.12032359), (0.005761682, 0.000423288, 0.12032359), (0.005829632, 0.001968502, 0.12032359)
        ]
        texCoord2f[] primvars:st = [
            (1.521992, 0.1946756), (1.50447, 0.2123121), (1.515369, 0.223282), (1.521992, 0.1946756),
            (1.515369, 0.223282), (1.532571, 0.2008234), (1.50447, 0.2123121), (1.486948, 0.2299485),
            (1.493056, 0.2405967), (1.50447, 0.2123121), (1.493056, 0.2405967), (1.515369, 0.223282),
            (1.486948, 0.2299485), (1.463012, 0.2364038), (1.467002, 0.2513892), (1.486948, 0.2299485),
            (1.467002, 0.2513892), (1.493056, 0.2405967), (1.463012, 0.2364038), (1.439077, 0.2428592),
            (1.439077, 0.2551547), (1.463012, 0.2364038), (1.439077, 0.2551547), (1.467002, 0.2513892),
            (1.439077, 0.2428592), (1.415142, 0.2364038), (1.411153, 0.2513892), (1.439077, 0.2428592),
            (1.411153, 0.2513892), (1.439077, 0.2551547), (1.415142, 0.2364038), (1.391206, 0.2299485),
            (1.385099, 0.2405967), (1.415142, 0.2364038), (1.385099, 0.2405967), (1.411153, 0.2513892),
            (1.391206, 0.2299485), (1.373684, 0.2123121), (1.362786, 0.223282), (1.391206, 0.2299485),
            (1.362786, 0.223282), (1.385099, 0.2405967), (1.373684, 0.2123121), (1.356163, 0.1946756),
            (1.345584, 0.2008234), (1.373684, 0.2123121), (1.345584, 0.2008234), (1.362786, 0.223282),
            (1.356163, 0.1946756), (1.349749, 0.1705838), (1.334861, 0.1745991), (1.356163, 0.1946756),
            (1.334861, 0.1745991), (1.345584, 0.2008234), (1.349749, 0.1705838), (1.343336, 0.146492),
            (1.33112, 0.146492), (1.349749, 0.1705838), (1.33112, 0.146492), (1.334861, 0.1745991),
            (1.343336, 0.146492), (1.349749, 0.1224002), (1.334861, 0.1183848), (1.343336, 0.146492),
            (1.334861, 0.1183848), (1.33112, 0.146492), (1.349749, 0.1224002), (1.356163, 0.0983085),
            (1.345584, 0.0921607), (1.349749, 0.1224002), (1.345584, 0.0921607), (1.334861, 0.1183848),
            (1.356163, 0.0983085), (1.373684, 0.08067202), (1.362786, 0.06970202), (1.356163, 0.0983085),
            (1.362786, 0.06970202), (1.345584, 0.0921607), (1.373684, 0.08067202), (1.391206, 0.0630356),
            (1.385099, 0.05238735), (1.373684, 0.08067202), (1.385099, 0.05238735), (1.362786, 0.06970202),
            (1.391206, 0.0630356), (1.415142, 0.05658018), (1.411152, 0.04159498), (1.391206, 0.0630356),
            (1.411152, 0.04159498), (1.385099, 0.05238735), (1.415142, 0.05658018), (1.439077, 0.05012488),
            (1.439077, 0.03782933), (1.415142, 0.05658018), (1.439077, 0.03782933), (1.411152, 0.04159498),
            (1.439077, 0.05012488), (1.463012, 0.05658018), (1.467002, 0.04159498), (1.439077, 0.05012488),
            (1.467002, 0.04159498), (1.439077, 0.03782933), (1.463012, 0.05658018), (1.486948, 0.0630356),
            (1.493056, 0.05238741), (1.463012, 0.05658018), (1.493056, 0.05238741), (1.467002, 0.04159498),
            (1.486948, 0.0630356), (1.50447, 0.08067202), (1.515369, 0.06970202), (1.486948, 0.0630356),
            (1.515369, 0.06970202), (1.493056, 0.05238741), (1.50447, 0.08067202), (1.521992, 0.0983085),
            (1.532571, 0.0921607), (1.50447, 0.08067202), (1.532571, 0.0921607), (1.515369, 0.06970202),
            (1.521992, 0.0983085), (1.528405, 0.1224002), (1.543293, 0.1183848), (1.521992, 0.0983085),
            (1.543293, 0.1183848), (1.532571, 0.0921607), (1.528405, 0.1224002), (1.534819, 0.146492),
            (1.547034, 0.146492), (1.528405, 0.1224002), (1.547034, 0.146492), (1.543293, 0.1183848),
            (1.534819, 0.146492), (1.528405, 0.1705838), (1.543293, 0.1745991), (1.534819, 0.146492),
            (1.543293, 0.1745991), (1.547034, 0.146492), (1.528405, 0.1705838), (1.521992, 0.1946756),
            (1.532571, 0.2008234), (1.528405, 0.1705838), (1.532571, 0.2008234), (1.543293, 0.1745991)
        ] (
            interpolation = "faceVarying"
        )
        uniform token subdivisionScheme = "none"
        float3[] extent = [(-0.03303748, -0.03267663, 0), (0.03316247, 0.03352326, 0.12199997)]
        rel material:binding = </sevenup_can_visual/materials/mat_2>
    }
    def Mesh "mesh_3"
    {
        uniform bool doubleSided = 1
        int[] faceVertexCounts = [
            3, 3, 3, 3, 3, 3, 3, 3, 3, 3, 3, 3, 3, 3, 3, 3, 3, 3, 3, 3, 3, 3, 3, 3,
            3, 3, 3, 3, 3, 3, 3, 3, 3, 3, 3, 3, 3, 3, 3, 3, 3, 3, 3, 3, 3, 3, 3, 3
        ]
        int[] faceVertexIndices = [
            894, 895, 896, 894, 896, 897, 898, 894, 897, 898, 897, 899, 900, 901, 902, 900, 902, 903, 895, 900, 903, 895, 903, 896,
            904, 905, 906, 904, 906, 907, 901, 904, 907, 901, 907, 902, 908, 909, 910, 908, 910, 911, 905, 908, 911, 905, 911, 906,
            912, 913, 914, 912, 914, 915, 909, 912, 915, 909, 915, 910, 916, 917, 918, 916, 918, 919, 913, 916, 919, 913, 919, 914,
            920, 921, 922, 920, 922, 923, 917, 920, 923, 917, 923, 918, 924, 925, 926, 924, 926, 927, 921, 924, 927, 921, 927, 922,
            928, 929, 930, 928, 930, 931, 925, 928, 931, 925, 931, 926, 932, 933, 934, 932, 934, 935, 929, 932, 935, 929, 935, 930,
            936, 937, 938, 936, 938, 939, 933, 936, 939, 933, 939, 934, 940, 898, 899, 940, 899, 941, 937, 940, 941, 937, 941, 938
        ]
        normal3f[] normals = [
            (0.6268418, 0.626839, -0.4627552), (0.4431744, 0.7676123, -0.4629989), (0.4431804, 0.7676095, -0.4629979),
            (0.6268418, 0.626839, -0.4627552), (0.4431804, 0.7676095, -0.4629979), (0.6268411, 0.62684, -0.4627547),
            (0.767612, 0.4431874, -0.4629867), (0.6268418, 0.626839, -0.4627552), (0.6268411, 0.62684, -0.4627547),
            (0.767612, 0.4431874, -0.4629867), (0.6268411, 0.62684, -0.4627547), (0.7676101, 0.4431917, -0.4629859),
            (0.2294397, 0.856268, -0.4627771), (-3.01529e-06, 0.8863353, -0.463044), (-2.79383e-06, 0.8863353, -0.463044),
            (0.2294397, 0.856268, -0.4627771), (-2.79383e-06, 0.8863353, -0.463044), (0.2294412, 0.8562684, -0.4627755),
            (0.4431744, 0.7676123, -0.4629989), (0.2294397, 0.856268, -0.4627771), (0.2294412, 0.8562684, -0.4627755),
            (0.4431744, 0.7676123, -0.4629989), (0.2294412, 0.8562684, -0.4627755), (0.4431804, 0.7676095, -0.4629979),
            (-0.2294382, 0.8562695, -0.4627748), (-0.4431856, 0.7676129, -0.462987), (-0.4431889, 0.7676099, -0.4629889),
            (-0.2294382, 0.8562695, -0.4627748), (-0.4431889, 0.7676099, -0.4629889), (-0.22944, 0.856268, -0.462777),
            (-3.01529e-06, 0.8863353, -0.463044), (-0.2294382, 0.8562695, -0.4627748), (-0.22944, 0.856268, -0.462777),
            (-3.01529e-06, 0.8863353, -0.463044), (-0.22944, 0.856268, -0.462777), (-2.79383e-06, 0.8863353, -0.463044),
            (-0.6268552, 0.6268572, -0.4627122), (-0.7676311, 0.4431964, -0.4629465), (-0.7676302, 0.4432023, -0.4629425),
            (-0.6268552, 0.6268572, -0.4627122), (-0.7676302, 0.4432023, -0.4629425), (-0.6268538, 0.6268579, -0.4627134),
            (-0.4431856, 0.7676129, -0.462987), (-0.6268552, 0.6268572, -0.4627122), (-0.6268538, 0.6268579, -0.4627134),
            (-0.4431856, 0.7676129, -0.462987), (-0.6268538, 0.6268579, -0.4627134), (-0.4431889, 0.7676099, -0.4629889),
            (-0.8562402, 0.2294257, -0.4628354), (-0.8863733, 5.18945e-06, -0.4629712), (-0.8863734, 4.79222e-06, -0.4629711),
            (-0.8562402, 0.2294257, -0.4628354), (-0.8863734, 4.79222e-06, -0.4629711), (-0.8562411, 0.229425, -0.4628342),
            (-0.7676311, 0.4431964, -0.4629465), (-0.8562402, 0.2294257, -0.4628354), (-0.8562411, 0.229425, -0.4628342),
            (-0.7676311, 0.4431964, -0.4629465), (-0.8562411, 0.229425, -0.4628342), (-0.7676302, 0.4432023, -0.4629425),
            (-0.856237, -0.2294346, -0.4628368), (-0.7676137, -0.4431817, -0.4629896), (-0.7676076, -0.4431876, -0.4629938),
            (-0.856237, -0.2294346, -0.4628368), (-0.7676076, -0.4431876, -0.4629938), (-0.8562379, -0.2294334, -0.462836),
            (-0.8863733, 5.18945e-06, -0.4629712), (-0.856237, -0.2294346, -0.4628368), (-0.8562379, -0.2294334, -0.462836),
            (-0.8863733, 5.18945e-06, -0.4629712), (-0.8562379, -0.2294334, -0.462836), (-0.8863734, 4.79222e-06, -0.4629711),
            (-0.6268641, -0.6268565, -0.4627012), (-0.4431882, -0.7676317, -0.4629534), (-0.4431921, -0.7676303, -0.4629521),
            (-0.6268641, -0.6268565, -0.4627012), (-0.4431921, -0.7676303, -0.4629521), (-0.6268635, -0.6268562, -0.4627023),
            (-0.7676137, -0.4431817, -0.4629896), (-0.6268641, -0.6268565, -0.4627012), (-0.6268635, -0.6268562, -0.4627023),
            (-0.7676137, -0.4431817, -0.4629896), (-0.6268635, -0.6268562, -0.4627023), (-0.7676076, -0.4431876, -0.4629938),
            (-0.2294459, -0.856294, -0.4627259), (-1.53064e-06, -0.886398, -0.4629242), (-1.17817e-06, -0.8863984, -0.4629233),
            (-0.2294459, -0.856294, -0.4627259), (-1.17817e-06, -0.8863984, -0.4629233), (-0.2294477, -0.8562933, -0.4627264),
            (-0.4431882, -0.7676317, -0.4629534), (-0.2294459, -0.856294, -0.4627259), (-0.2294477, -0.8562933, -0.4627264),
            (-0.4431882, -0.7676317, -0.4629534), (-0.2294477, -0.8562933, -0.4627264), (-0.4431921, -0.7676303, -0.4629521),
            (0.2294508, -0.8562827, -0.4627443), (0.4431831, -0.7676072, -0.4629989), (0.4431884, -0.7676045, -0.4629986),
            (0.2294508, -0.8562827, -0.4627443), (0.4431884, -0.7676045, -0.4629986), (0.2294393, -0.8562873, -0.4627416),
            (-1.53064e-06, -0.886398, -0.4629242), (0.2294508, -0.8562827, -0.4627443), (0.2294393, -0.8562873, -0.4627416),
            (-1.53064e-06, -0.886398, -0.4629242), (0.2294393, -0.8562873, -0.4627416), (-1.17817e-06, -0.8863984, -0.4629233),
            (0.6268443, -0.6268426, -0.4627468), (0.7676139, -0.4431806, -0.4629901), (0.7676104, -0.4431868, -0.4629903),
            (0.6268443, -0.6268426, -0.4627468), (0.7676104, -0.4431868, -0.4629903), (0.6268447, -0.6268422, -0.4627469),
            (0.4431831, -0.7676072, -0.4629989), (0.6268443, -0.6268426, -0.4627468), (0.6268447, -0.6268422, -0.4627469),
            (0.4431831, -0.7676072, -0.4629989), (0.6268447, -0.6268422, -0.4627469), (0.4431884, -0.7676045, -0.4629986),
            (0.8562964, -0.2294471, -0.4627208), (0.8863571, 2.04084e-06, -0.4630022), (0.8863576, 1.87912e-06, -0.4630014),
            (0.8562964, -0.2294471, -0.4627208), (0.8863576, 1.87912e-06, -0.4630014), (0.8562964, -0.2294492, -0.4627198),
            (0.7676139, -0.4431806, -0.4629901), (0.8562964, -0.2294471, -0.4627208), (0.8562964, -0.2294492, -0.4627198),
            (0.7676139, -0.4431806, -0.4629901), (0.8562964, -0.2294492, -0.4627198), (0.7676104, -0.4431868, -0.4629903),
            (0.8562963, 0.2294424, -0.4627233), (0.767612, 0.4431874, -0.4629867), (0.7676101, 0.4431917, -0.4629859),
            (0.8562963, 0.2294424, -0.4627233), (0.7676101, 0.4431917, -0.4629859), (0.8562954, 0.2294447, -0.4627239),
            (0.8863571, 2.04084e-06, -0.4630022), (0.8562963, 0.2294424, -0.4627233), (0.8562954, 0.2294447, -0.4627239),
            (0.8863571, 2.04084e-06, -0.4630022), (0.8562954, 0.2294447, -0.4627239), (0.8863576, 1.87912e-06, -0.4630014)
        ] (
            interpolation = "faceVarying"
        )
        point3f[] points = [
            (0.02872782, 0.01697319, 0.02288866), (0.02345365, 0.02381438, 0.0228886), (0.02345365, 0.02381438, 0.03777397),
            (0.02872782, 0.01697319, 0.03777397), (0.01661247, 0.02908867, 0.0228886), (0.01661247, 0.02908867, 0.03777391),
            (0.01661247, 0.02908867, 0.05540746), (0.02345365, 0.02381438, 0.05540746), (0.02872782, 0.01697319, 0.05540746),
            (0.008624255, 0.03237617, 0.0228886), (0.008624255, 0.03237617, 0.03777391), (6.25195e-05, 0.03352326, 0.0228886),
            (6.25195e-05, 0.03352326, 0.03777397), (6.25195e-05, 0.03352326, 0.05540746), (0.008624255, 0.03237617, 0.05540746),
            (-0.008499205, 0.03237617, 0.0228886), (-0.008499205, 0.03237617, 0.03777397), (-0.01648741, 0.02908867, 0.0228886),
            (-0.01648741, 0.02908867, 0.03777397), (-0.01648741, 0.02908867, 0.05540746), (-0.008499205, 0.03237617, 0.05540746),
            (-0.0233286, 0.02381438, 0.0228886), (-0.0233286, 0.02381438, 0.03777397), (-0.02860283, 0.01697319, 0.0228886),
            (-0.02860283, 0.01697319, 0.03777397), (-0.02860283, 0.01697319, 0.05540746), (-0.0233286, 0.02381438, 0.05540746),
            (-0.03189039, 0.008985042, 0.0228886), (-0.03189039, 0.008985042, 0.03777397), (-0.03303742, 0.000423302, 0.0228886),
            (-0.03303742, 0.000423302, 0.03777397), (-0.03303742, 0.000423286, 0.05540746), (-0.03189039, 0.008985042, 0.05540746),
            (-0.03189039, -0.008138418, 0.0228886), (-0.03189039, -0.008138418, 0.03777397), (-0.02860283, -0.01612669, 0.0228886),
            (-0.02860283, -0.01612669, 0.03777391), (-0.02860283, -0.01612669, 0.05540746), (-0.03189039, -0.008138418, 0.05540746),
            (-0.02332866, -0.02296787, 0.0228886), (-0.02332866, -0.02296787, 0.03777397), (-0.01648741, -0.02824211, 0.0228886),
            (-0.01648741, -0.02824211, 0.03777397), (-0.01648741, -0.02824211, 0.05540746), (-0.02332866, -0.02296787, 0.05540746),
            (-0.008499264, -0.0315296, 0.0228886), (-0.008499264, -0.0315296, 0.03777397), (6.25087e-05, -0.03267663, 0.0228886),
            (6.25087e-05, -0.03267663, 0.03777391), (6.25087e-05, -0.03267663, 0.05540746), (-0.008499264, -0.0315296, 0.05540746),
            (6.25087e-05, -0.03267663, 0.0228886), (0.008624255, -0.0315296, 0.0228886), (0.008624255, -0.0315296, 0.03777391),
            (6.25087e-05, -0.03267663, 0.03777391), (0.01661247, -0.02824211, 0.0228886), (0.01661247, -0.02824211, 0.03777397),
            (0.01661247, -0.02824211, 0.05540746), (0.008624255, -0.0315296, 0.05540746), (6.25087e-05, -0.03267663, 0.05540746),
            (0.02345365, -0.02296787, 0.0228886), (0.02345365, -0.02296787, 0.03777397), (0.02872788, -0.01612669, 0.0228886),
            (0.02872788, -0.01612669, 0.03777397), (0.02872788, -0.01612669, 0.05540746), (0.02345365, -0.02296787, 0.05540746),
            (0.03201544, -0.008138418, 0.0228886), (0.03201544, -0.008138418, 0.03777397), (0.03316247, 0.000423302, 0.0228886),
            (0.03316247, 0.000423302, 0.03777397), (0.03316247, 0.000423302, 0.05540746), (0.03201544, -0.008138418, 0.05540746),
            (0.03201544, 0.008985042, 0.02288866), (0.03201538, 0.008985042, 0.03777397), (0.03201538, 0.008985042, 0.05540746),
            (0.02872782, 0.01697319, 0.08685129), (0.02345365, 0.02381438, 0.08685129), (0.02345365, 0.02381438, 0.09667652),
            (0.02872782, 0.01697319, 0.09667652), (0.01661247, 0.02908867, 0.08685129), (0.01661247, 0.02908867, 0.09667652),
            (0.01649224, 0.02888059, 0.10292303), (0.02328377, 0.02364462, 0.10292303), (0.02851969, 0.01685309, 0.10292303),
            (0.008624255, 0.03237617, 0.08685129), (0.008624255, 0.03237617, 0.09667652), (6.25195e-05, 0.03352326, 0.08685129),
            (6.25195e-05, 0.03352326, 0.09667652), (6.25195e-05, 0.03328287, 0.10292303), (0.008562088, 0.03214412, 0.10292303),
            (-0.008499205, 0.03237617, 0.08685129), (-0.008499205, 0.03237617, 0.09667652), (-0.01648741, 0.02908867, 0.08685129),
            (-0.01648741, 0.02908867, 0.09667652), (-0.01636731, 0.02888059, 0.10292297), (-0.008437037, 0.03214412, 0.10292297),
            (-0.0233286, 0.02381438, 0.08685123), (-0.0233286, 0.02381438, 0.09667646), (-0.02860283, 0.01697319, 0.08685123),
            (-0.02860283, 0.01697319, 0.09667652), (-0.02839469, 0.01685309, 0.10292297), (-0.02315872, 0.02364462, 0.10292297),
            (-0.03189039, 0.008985042, 0.08685129), (-0.03189039, 0.008985042, 0.09667652), (-0.03303742, 0.000423302, 0.08685129),
            (-0.03303742, 0.000423302, 0.09667652), (-0.03279709, 0.000423304, 0.10292297), (-0.03165841, 0.008922874, 0.10292297),
            (-0.03189039, -0.008138418, 0.08685129), (-0.03189039, -0.008138418, 0.09667652), (-0.02860283, -0.01612669, 0.08685129),
            (-0.02860283, -0.01612669, 0.09667652), (-0.02839469, -0.01600646, 0.10292297), (-0.03165841, -0.00807625, 0.10292297),
            (-0.02332866, -0.02296787, 0.08685129), (-0.02332866, -0.02296787, 0.09667652), (-0.01648741, -0.02824211, 0.08685129),
            (-0.01648741, -0.02824211, 0.09667652), (-0.01636731, -0.02803403, 0.10292297), (-0.02315878, -0.02279806, 0.10292297),
            (-0.008499264, -0.0315296, 0.08685129), (-0.008499264, -0.0315296, 0.09667658), (6.25087e-05, -0.03267663, 0.08685129),
            (6.25087e-05, -0.03267663, 0.09667658), (6.25195e-05, -0.03243637, 0.10292303), (-0.008437037, -0.03129762, 0.10292303),
            (6.25087e-05, -0.03267663, 0.08685129), (0.008624255, -0.0315296, 0.08685129), (0.008624255, -0.0315296, 0.09667658),
            (6.25087e-05, -0.03267663, 0.09667658), (0.01661247, -0.02824211, 0.08685129), (0.01661247, -0.02824211, 0.09667658),
            (0.01649224, -0.02803403, 0.10292303), (0.008562088, -0.03129762, 0.10292303), (6.25195e-05, -0.03243637, 0.10292303),
            (0.02345365, -0.02296787, 0.08685129), (0.02345365, -0.02296787, 0.09667658), (0.02872782, -0.01612669, 0.08685129),
            (0.02872782, -0.01612669, 0.09667658), (0.02851974, -0.01600646, 0.10292303), (0.02328377, -0.02279806, 0.10292303),
            (0.03201538, -0.008138418, 0.08685129), (0.03201544, -0.008138418, 0.09667658), (0.03316247, 0.000423302, 0.08685129),
            (0.03316247, 0.000423302, 0.09667652), (0.03292208, 0.000423304, 0.10292303), (0.03178346, -0.00807625, 0.10292303),
            (0.03201538, 0.008985042, 0.08685129), (0.03201538, 0.008985042, 0.09667652), (0.0317834, 0.008922874, 0.10292303),
            (0.02277427, 0.02313512, 0.10660725), (0.02789545, 0.0164926, 0.10660725), (0.01613181, 0.02825611, 0.10660725),
            (0.01562392, 0.02737653, 0.10892229), (0.02205646, 0.02241724, 0.10892229), (0.02701574, 0.01598477, 0.10892229),
            (0.008375585, 0.03144824, 0.10660725), (6.25195e-05, 0.03256189, 0.10660725), (6.25195e-05, 0.03154623, 0.10892229),
            (0.008112847, 0.03046762, 0.10892229), (-0.008250594, 0.03144824, 0.10660719), (-0.01600676, 0.02825611, 0.10660719),
            (-0.01549887, 0.02737653, 0.10892223), (-0.007987856, 0.03046762, 0.10892229), (-0.02264922, 0.02313512, 0.10660719),
            (-0.0277704, 0.0164926, 0.10660719), (-0.02689069, 0.01598477, 0.10892223), (-0.0219314, 0.02241724, 0.10892223),
            (-0.03096234, 0.008736371, 0.10660719), (-0.03207612, 0.000423304, 0.10660719), (-0.03106033, 0.000423304, 0.10892223),
            (-0.02998191, 0.008473634, 0.10892223), (-0.03096234, -0.007889807, 0.10660719), (-0.0277704, -0.01564604, 0.10660725),
            (-0.02689075, -0.01513808, 0.10892229), (-0.02998191, -0.00762701, 0.10892223), (-0.02264928, -0.02228856, 0.10660725),
            (-0.01600676, -0.02740961, 0.10660725), (-0.01549887, -0.0265299, 0.10892229), (-0.02193146, -0.02157074, 0.10892229),
            (-0.008250594, -0.03060168, 0.10660725), (6.25087e-05, -0.03171539, 0.10660725), (6.25087e-05, -0.03069967, 0.10892229),
            (-0.007987856, -0.02962112, 0.10892229), (0.008375585, -0.03060168, 0.10660725), (6.25087e-05, -0.03171539, 0.10660725),
            (0.01613181, -0.02740961, 0.10660725), (0.01562392, -0.0265299, 0.10892229), (0.008112847, -0.02962112, 0.10892229),
            (6.25087e-05, -0.03069967, 0.10892229), (0.02277427, -0.02228856, 0.10660725), (0.02789545, -0.01564604, 0.10660725),
            (0.02701574, -0.01513808, 0.10892229), (0.02205646, -0.02157074, 0.10892229), (0.03108739, -0.007889807, 0.10660725),
            (0.03220123, 0.000423304, 0.10660725), (0.03118538, 0.000423304, 0.10892229), (0.0301069, -0.00762701, 0.10892229),
            (0.03108739, 0.008736371, 0.10660725), (0.0301069, 0.008473634, 0.10892229), (0.02402228, 0.01425641, 0.1156001),
            (0.01961386, 0.01997458, 0.1156001), (0.01927053, 0.01963132, 0.11675267), (0.02360165, 0.01401352, 0.11675267),
            (0.01389569, 0.024383, 0.1156001), (0.0136528, 0.02396237, 0.11675267), (0.01348435, 0.02367073, 0.11786609),
            (0.01903247, 0.01939332, 0.11786609), (0.02330994, 0.01384508, 0.11786609), (0.007218778, 0.0271309, 0.1156001),
            (0.007093071, 0.02666199, 0.11675267), (6.25195e-05, 0.02808964, 0.1156001), (6.25195e-05, 0.02760392, 0.11675267),
            (6.25195e-05, 0.02726703, 0.11786609), (0.007005929, 0.02633678, 0.11786609), (-0.007093667, 0.0271309, 0.1156001),
            (-0.006968021, 0.02666199, 0.11675267), (-0.01377063, 0.024383, 0.11560004), (-0.01352781, 0.02396237, 0.11675261),
            (-0.0133593, 0.02367073, 0.11786603), (-0.006880939, 0.02633678, 0.11786609), (-0.01948881, 0.01997458, 0.11560004),
            (-0.01914548, 0.01963132, 0.11675261), (-0.02389729, 0.01425641, 0.11560004), (-0.0234766, 0.01401352, 0.11675261),
            (-0.02318489, 0.01384508, 0.11786603), (-0.01890742, 0.01939332, 0.11786603), (-0.02664506, 0.007579565, 0.11560004),
            (-0.02617621, 0.007453918, 0.11675261), (-0.02760386, 0.000423301, 0.11560004), (-0.02711808, 0.000423301, 0.11675261),
            (-0.02678126, 0.000423301, 0.11786603), (-0.02585101, 0.007366776, 0.11786603), (-0.02664506, -0.006732881, 0.11560004),
            (-0.02617621, -0.006607294, 0.11675261), (-0.02389729, -0.01340985, 0.11560004), (-0.0234766, -0.01316702, 0.11675261),
            (-0.02318489, -0.01299858, 0.11786603), (-0.02585101, -0.006520152, 0.11786603), (-0.01948881, -0.01912802, 0.11560004),
            (-0.01914548, -0.01878476, 0.11675261), (-0.01377063, -0.0235365, 0.11560004), (-0.01352781, -0.02311581, 0.11675261),
            (-0.01335936, -0.02282404, 0.11786603), (-0.01890748, -0.01854676, 0.11786603), (-0.007093787, -0.02628427, 0.1156001),
            (-0.00696814, -0.02581536, 0.11675267), (6.25087e-05, -0.02724301, 0.1156001), (6.25087e-05, -0.02675729, 0.11675267),
            (6.25087e-05, -0.02642053, 0.11786609), (-0.006880939, -0.02549028, 0.11786609), (6.25087e-05, -0.02724301, 0.1156001),
            (0.007218778, -0.02628427, 0.1156001), (0.007093071, -0.02581536, 0.11675267), (6.25087e-05, -0.02675729, 0.11675267),
            (0.01389569, -0.0235365, 0.1156001), (0.0136528, -0.02311581, 0.11675267), (0.01348435, -0.02282404, 0.11786609),
            (0.007005929, -0.02549028, 0.11786609), (6.25087e-05, -0.02642053, 0.11786609), (0.01961386, -0.01912802, 0.1156001),
            (0.01927053, -0.01878476, 0.11675267), (0.02402228, -0.01340985, 0.1156001), (0.02360165, -0.01316702, 0.11675267),
            (0.02330994, -0.01299858, 0.11786609), (0.01903247, -0.01854676, 0.11786609), (0.02677011, -0.006732881, 0.1156001),
            (0.0263012, -0.006607294, 0.11675267), (0.02772891, 0.000423301, 0.1156001), (0.02724307, 0.000423301, 0.11675267),
            (0.02690631, 0.000423301, 0.11786609), (0.02597606, -0.006520152, 0.11786609), (0.02677011, 0.007579565, 0.1156001),
            (0.0263012, 0.007453918, 0.11675267), (0.02597606, 0.007366776, 0.11786609), (-0.01371324, -0.02343702, 0.0042724),
            (-0.007064044, -0.02617347, 0.0042724), (-0.007721066, -0.02862554, 0.00634032), (-0.01498329, -0.02563685, 0.00634032),
            (6.25195e-05, -0.02712815, 0.0042724), (6.25195e-05, -0.02966839, 0.00634032), (6.25195e-05, -0.0319246, 0.0093053),
            (-0.008304715, -0.03080362, 0.0093053), (-0.01611143, -0.02759081, 0.0093053), (-0.02379775, -0.01335245, 0.0042724),
            (-0.01940757, -0.01904684, 0.0042724), (-0.02120274, -0.02084195, 0.00634032), (-0.02599757, -0.01462244, 0.00634032),
            (-0.0227971, -0.02243638, 0.0093053), (-0.02795153, -0.01575058, 0.0093053), (-0.02748894, 0.000423301, 0.0042724),
            (-0.02653414, -0.006703197, 0.0042724), (-0.02898639, -0.007360219, 0.00634032), (-0.03002911, 0.000423302, 0.00634032),
            (-0.03116434, -0.007943928, 0.0093053), (-0.03228539, 0.000423302, 0.0093053), (-0.02379775, 0.01419895, 0.0042724),
            (-0.02653414, 0.007549822, 0.0042724), (-0.02898639, 0.008206903, 0.00634032), (-0.02599757, 0.01546913, 0.00634032),
            (-0.03116434, 0.008790493, 0.0093053), (-0.02795153, 0.01659721, 0.0093053), (-0.01371324, 0.02428352, 0.0042724),
            (-0.01940757, 0.0198934, 0.0042724), (-0.02120274, 0.02168852, 0.00634032), (-0.01498323, 0.02648335, 0.00634032),
            (-0.0227971, 0.02328294, 0.0093053), (-0.01611143, 0.02843737, 0.0093053), (6.25195e-05, 0.02797478, 0.00427246),
            (-0.007064044, 0.02701997, 0.0042724), (-0.007721066, 0.02947217, 0.00634032), (6.25195e-05, 0.03051495, 0.00634032),
            (-0.008304715, 0.03165012, 0.0093053), (6.25195e-05, 0.03277117, 0.0093053), (0.01383823, 0.02428352, 0.00427246),
            (0.007189095, 0.02701997, 0.00427246), (0.007846117, 0.02947217, 0.00634032), (0.01510828, 0.02648335, 0.00634032),
            (0.008429706, 0.03165012, 0.0093053), (0.01623642, 0.02843737, 0.0093053), (0.0239228, 0.01419895, 0.0042724),
            (0.01953262, 0.0198934, 0.0042724), (0.02132773, 0.02168852, 0.00634032), (0.02612257, 0.01546913, 0.00634032),
            (0.02292209, 0.02328294, 0.0093053), (0.02807652, 0.01659721, 0.0093053), (0.02761399, 0.000423301, 0.0042724),
            (0.02665925, 0.007549822, 0.0042724), (0.02911138, 0.008206903, 0.00634032), (0.0301541, 0.000423302, 0.00634032),
            (0.03128933, 0.008790493, 0.0093053), (0.03241038, 0.000423302, 0.0093053), (0.0239228, -0.01335245, 0.0042724),
            (0.02665925, -0.006703197, 0.0042724), (0.02911138, -0.007360219, 0.00634032), (0.02612262, -0.01462244, 0.00634032),
            (0.03128933, -0.007943928, 0.0093053), (0.02807658, -0.01575058, 0.0093053), (0.01383829, -0.02343702, 0.0042724),
            (0.01953268, -0.01904684, 0.0042724), (0.02132773, -0.02084195, 0.00634032), (0.01510828, -0.02563685, 0.00634032),
            (0.02292215, -0.02243638, 0.0093053), (0.01623648, -0.02759081, 0.0093053), (6.25195e-05, -0.02712815, 0.0042724),
            (0.007189095, -0.02617347, 0.0042724), (0.007846117, -0.02862554, 0.00634032), (6.25195e-05, -0.02966839, 0.00634032),
            (0.008429706, -0.03080362, 0.0093053), (6.25195e-05, -0.0319246, 0.0093053), (-0.03189039, -0.008138418, 0.01411027),
            (-0.03303742, 0.000423302, 0.01411027), (-0.02860283, -0.01612669, 0.01411027), (-0.03189039, 0.008985042, 0.01411027),
            (-0.02860283, 0.01697319, 0.01411027), (-0.0233286, 0.02381438, 0.01411027), (-0.01648741, 0.02908867, 0.01411027),
            (-0.008499205, 0.03237617, 0.01411027), (6.25195e-05, 0.03352326, 0.01411027), (0.008624255, 0.03237617, 0.01411027),
            (0.01661247, 0.02908867, 0.01411027), (0.02345365, 0.02381438, 0.01411027), (0.02872782, 0.01697319, 0.01411027),
            (0.03201538, 0.008985042, 0.01411027), (0.03316247, 0.000423302, 0.01411027), (0.03201544, -0.008138418, 0.01411027),
            (0.02872788, -0.01612669, 0.01411027), (0.02345365, -0.02296787, 0.01411027), (0.01661247, -0.02824211, 0.01411027),
            (0.008624255, -0.0315296, 0.01411027), (6.25087e-05, -0.03267663, 0.01411027), (-0.008499264, -0.0315296, 0.01411027),
            (-0.01648741, -0.02824211, 0.01411027), (6.25087e-05, -0.03267663, 0.01411027), (-0.02332866, -0.02296787, 0.01411027),
            (-0.02889615, -0.00733608, 0.11106138), (-0.02993565, 0.000423304, 0.11106138), (-0.02591669, -0.01457577, 0.11106138),
            (-0.02502202, -0.0140593, 0.11291533), (-0.0278989, -0.007068932, 0.11291527), (-0.0289027, 0.000423302, 0.11291527),
            (-0.02889615, 0.008182704, 0.11106138), (-0.02591669, 0.0154224, 0.11106138), (-0.0278989, 0.007915556, 0.11291527),
            (-0.02502202, 0.01490586, 0.11291527), (-0.0211367, 0.02162241, 0.11106138), (-0.01493656, 0.02640253, 0.11106138),
            (-0.02040672, 0.0208925, 0.11291533), (-0.01442009, 0.02550786, 0.11291533), (-0.007696866, 0.02938193, 0.11106144),
            (6.25195e-05, 0.03042149, 0.11106144), (-0.007429659, 0.02838474, 0.11291533), (6.25195e-05, 0.02938842, 0.11291533),
            (0.007821917, 0.02938193, 0.11106144), (0.01506155, 0.02640253, 0.11106144), (0.007554709, 0.02838474, 0.11291533),
            (0.01454514, 0.02550786, 0.11291533), (0.02126169, 0.02162241, 0.11106144), (0.02604174, 0.0154224, 0.11106144),
            (0.02053171, 0.0208925, 0.11291533), (0.02514714, 0.01490586, 0.11291533), (0.0290212, 0.008182704, 0.11106144),
            (0.0300607, 0.000423304, 0.11106144), (0.02802395, 0.007915556, 0.11291533), (0.02902776, 0.000423302, 0.11291533),
            (0.0290212, -0.00733608, 0.11106144), (0.02604174, -0.01457577, 0.11106144), (0.02802395, -0.007068932, 0.11291533),
            (0.02514714, -0.0140593, 0.11291533), (0.02126175, -0.02077591, 0.11106144), (0.01506155, -0.0255559, 0.11106144),
            (0.02053171, -0.02004593, 0.11291533), (0.01454514, -0.02466136, 0.11291539), (0.007821917, -0.02853536, 0.11106144),
            (6.25087e-05, -0.02957493, 0.11106144), (0.007554709, -0.02753818, 0.11291539), (6.25087e-05, -0.02854192, 0.11291539),
            (-0.007696866, -0.02853536, 0.11106144), (-0.01493656, -0.0255559, 0.11106144), (6.25087e-05, -0.02957493, 0.11106144),
            (6.25087e-05, -0.02854192, 0.11291539), (-0.007429659, -0.02753818, 0.11291533), (-0.01442009, -0.02466136, 0.11291533),
            (-0.0211367, -0.02077591, 0.11106144), (-0.02040672, -0.02004593, 0.11291533), (-0.02718394, -0.006877303, 0.11437451),
            (-0.02816212, 0.000423302, 0.11437451), (-0.02438068, -0.01368898, 0.11437457), (-0.02718394, 0.007723867, 0.11437451),
            (-0.02438068, 0.01453554, 0.11437457), (-0.01988333, 0.02036911, 0.11437457), (-0.0140497, 0.02486652, 0.11437457),
            (-0.00723809, 0.02766972, 0.11437457), (6.25195e-05, 0.02864784, 0.11437457), (0.00736314, 0.02766972, 0.11437457),
            (0.01417475, 0.02486652, 0.11437457), (0.02000832, 0.02036911, 0.11437457), (0.02450573, 0.01453554, 0.11437457),
            (0.027309, 0.007723867, 0.11437457), (0.02828711, 0.000423302, 0.11437457), (0.027309, -0.006877303, 0.11437457),
            (0.02450573, -0.01368898, 0.11437457), (0.02000832, -0.01952248, 0.11437463), (0.01417475, -0.02401989, 0.11437463),
            (0.00736314, -0.02682322, 0.11437463), (6.25087e-05, -0.02780133, 0.11437463), (-0.00723809, -0.02682322, 0.11437457),
            (-0.01404976, -0.02401989, 0.11437457), (6.25087e-05, -0.02780133, 0.11437463), (-0.01988333, -0.01952248, 0.11437457),
            (-0.01882869, -0.01846796, 0.1189736), (-0.02308833, -0.01294285, 0.1189736), (-0.01330357, -0.02272748, 0.1189736),
            (-0.01330405, -0.02272832, 0.12004237), (-0.01882934, -0.01846849, 0.12004237), (-0.02308911, -0.01294326, 0.12004237),
            (-0.02574336, -0.006491363, 0.1189736), (-0.0266698, 0.000423297, 0.1189736), (-0.02574414, -0.006491601, 0.12004237),
            (-0.02667063, 0.000423293, 0.12004237), (-0.02574336, 0.007337868, 0.1189736), (-0.02308833, 0.01378935, 0.1189736),
            (-0.02574414, 0.007338166, 0.12004237), (-0.02308911, 0.01378983, 0.12004237), (-0.01882869, 0.01931446, 0.1189736),
            (-0.01330357, 0.02357411, 0.1189736), (-0.01882934, 0.01931512, 0.12004237), (-0.01330405, 0.02357482, 0.12004237),
            (-0.00685209, 0.0262292, 0.1189736), (6.25195e-05, 0.02715551, 0.1189736), (-0.006852269, 0.02622997, 0.12004237),
            (6.25195e-05, 0.02715647, 0.12004237), (0.006977081, 0.0262292, 0.11897366), (0.01342856, 0.02357411, 0.11897366),
            (0.006977379, 0.02622997, 0.12004237), (0.01342898, 0.02357482, 0.12004237), (0.01895374, 0.01931446, 0.11897366),
            (0.02321326, 0.01378935, 0.11897366), (0.01895427, 0.01931512, 0.12004237), (0.0232141, 0.01378983, 0.12004237),
            (0.02586841, 0.007337868, 0.11897366), (0.02679479, 0.000423297, 0.11897366), (0.02586925, 0.007338166, 0.12004237),
            (0.02679568, 0.000423293, 0.12004237), (0.02586841, -0.006491363, 0.11897366), (0.02321326, -0.01294285, 0.11897366),
            (0.02586925, -0.006491601, 0.12004237), (0.0232141, -0.01294326, 0.12004237), (0.01895374, -0.01846796, 0.11897366),
            (0.01342856, -0.02272748, 0.11897366), (0.01895427, -0.01846849, 0.12004237), (0.01342898, -0.02272832, 0.12004243),
            (0.006977081, -0.02538257, 0.11897366), (6.25087e-05, -0.02630901, 0.11897366), (0.006977379, -0.02538347, 0.12004243),
            (6.25195e-05, -0.02630984, 0.12004243), (-0.00685209, -0.02538257, 0.11897366), (6.25087e-05, -0.02630901, 0.11897366),
            (6.25195e-05, -0.02630984, 0.12004243), (-0.006852388, -0.02538347, 0.12004237), (-0.008499264, -0.0315296, 0.072430724),
            (-0.01648741, -0.02824211, 0.072430724), (6.25087e-05, -0.03267663, 0.072430724), (-0.02332866, -0.02296787, 0.072430724),
            (-0.02860283, -0.01612669, 0.072430724), (-0.03189039, -0.008138418, 0.072430724), (-0.03303748, 0.000423286, 0.072430724),
            (-0.03189039, 0.008985042, 0.072430724), (-0.02860283, 0.01697319, 0.072430724), (-0.0233286, 0.02381438, 0.072430724),
            (-0.01648741, 0.02908867, 0.072430724), (-0.008499205, 0.03237617, 0.072430724), (6.25195e-05, 0.03352326, 0.072430724),
            (0.008624255, 0.03237617, 0.072430724), (0.01661247, 0.02908867, 0.072430724), (0.02345365, 0.02381438, 0.072430724),
            (0.02872782, 0.01697319, 0.072430724), (0.03201538, 0.008985042, 0.072430724), (0.03316247, 0.000423302, 0.072430724),
            (0.03201544, -0.008138418, 0.072430724), (0.02872782, -0.01612669, 0.072430724), (0.02345365, -0.02296787, 0.072430724),
            (0.01661247, -0.02824211, 0.072430724), (0.008624255, -0.0315296, 0.072430724), (6.25087e-05, -0.03267663, 0.072430724),
            (0.007372856, 0.004643917, 0.00351697), (0.00626111, 0.006621897, 0.00346404), (0.008834123, 0.00919491, 0.00317484),
            (0.01081198, 0.006629467, 0.00317484), (0.00428313, 0.007733762, 0.00351697), (0.00626868, 0.01117277, 0.00317484),
            (0.008081078, 0.01431185, 0.00274897), (0.01139569, 0.01175642, 0.00274897), (0.01395112, 0.008441865, 0.00274897),
            (0.002331316, 0.008890748, 0.00346404), (0.003273129, 0.01240557, 0.00317484), (6.25078e-05, 0.008864641, 0.00351703),
            (6.24968e-05, 0.01283574, 0.0031749), (6.24966e-05, 0.01646047, 0.00274903), (0.00421071, 0.01590478, 0.00274903),
            (-0.002206265, 0.008890748, 0.00346404), (-0.003148078, 0.01240557, 0.00317484), (-0.004158139, 0.007733762, 0.00351697),
            (-0.006143689, 0.01117277, 0.00317484), (-0.007956147, 0.01431185, 0.00274897), (-0.004085659, 0.01590478, 0.00274903),
            (-0.006136119, 0.006621897, 0.00346404), (-0.008709192, 0.00919491, 0.00317484), (-0.007247984, 0.004643917, 0.00351697),
            (-0.01068699, 0.006629467, 0.00317484), (-0.01382613, 0.008441865, 0.00274897), (-0.0112707, 0.01175642, 0.00274897),
            (-0.008405029, 0.002692103, 0.00346404), (-0.01191979, 0.003633916, 0.00317484), (-0.008378922, 0.00042329, 0.00351697),
            (-0.01234996, 0.000423281, 0.00317484), (-0.01597476, 0.000423273, 0.00274897), (-0.01541888, 0.004571497, 0.00274897),
            (-0.008405029, -0.001845479, 0.00346404), (-0.01191979, -0.002787292, 0.00317484), (-0.007247984, -0.003797352, 0.00351697),
            (-0.01068699, -0.005782902, 0.00317484), (-0.01382613, -0.00759536, 0.00274903), (-0.01541888, -0.003724992, 0.00274897),
            (-0.006136119, -0.005775332, 0.00346404), (-0.008709192, -0.008348405, 0.00317484), (-0.004158139, -0.006887197, 0.00351697),
            (-0.006143689, -0.01032614, 0.00317484), (-0.007956147, -0.0134654, 0.00274897), (-0.0112707, -0.01090997, 0.00274897),
            (-0.002206265, -0.008044242, 0.00346404), (-0.003148078, -0.011559, 0.00317484), (6.25083e-05, -0.008018136, 0.00351697),
            (6.24975e-05, -0.01198917, 0.00317484), (6.24977e-05, -0.01561397, 0.00274897), (-0.004085659, -0.01505815, 0.00274897),
            (0.002331316, -0.008044242, 0.00346404), (0.003273129, -0.011559, 0.00317484), (0.00428313, -0.006887197, 0.00351697),
            (0.00626868, -0.0103262, 0.00317484), (0.008081078, -0.0134654, 0.00274897), (0.00421071, -0.01505815, 0.00274897),
            (0.00626111, -0.005775332, 0.00346404), (0.008834123, -0.008348405, 0.00317484), (0.007372856, -0.003797352, 0.00351697),
            (0.01081198, -0.005782902, 0.00317484), (0.01395112, -0.00759536, 0.00274897), (0.01139569, -0.01090997, 0.00274897),
            (0.008529961, -0.001845479, 0.00346404), (0.01204478, -0.002787292, 0.00317484), (0.008503854, 0.00042329, 0.00351697),
            (0.01247495, 0.000423279, 0.00317484), (0.01609975, 0.00042327, 0.00274897), (0.01554393, -0.003724992, 0.00274897),
            (0.008529961, 0.002692103, 0.00346404), (0.01204478, 0.003633916, 0.00317484), (0.01554393, 0.004571497, 0.00274897),
            (0.01323252, 0.01359331, 0.00240815), (0.01620221, 0.009741544, 0.00240815), (0.009380757, 0.01656293, 0.00240815),
            (0.01031523, 0.01818162, 0.00191796), (0.01455336, 0.01491421, 0.00191796), (0.01782083, 0.01067596, 0.00191796),
            (0.004882991, 0.01841402, 0.00240815), (6.24966e-05, 0.01905977, 0.00240815), (6.24966e-05, 0.0209288, 0.00191802),
            (0.005366504, 0.02021825, 0.00191802), (-0.004758059, 0.01841402, 0.00240815), (-0.009255766, 0.01656293, 0.00240815),
            (-0.01019024, 0.01818162, 0.00191796), (-0.005241513, 0.02021825, 0.00191796), (-0.01310753, 0.01359331, 0.00240815),
            (-0.01607722, 0.009741544, 0.00240815), (-0.01769584, 0.01067596, 0.00191796), (-0.01442837, 0.01491421, 0.00191796),
            (-0.01792824, 0.005243778, 0.00240815), (-0.01857399, 0.000423277, 0.00240815), (-0.02044302, 0.000423285, 0.00191796),
            (-0.01973241, 0.005727291, 0.00191796), (-0.01792824, -0.004397273, 0.00240815), (-0.01607722, -0.008894979, 0.00240815),
            (-0.01769584, -0.009829461, 0.00191796), (-0.01973241, -0.004880726, 0.00191796), (-0.01310753, -0.01274687, 0.00240815),
            (-0.009255766, -0.01571643, 0.00240815), (-0.01019018, -0.01733499, 0.00191796), (-0.01442837, -0.01406759, 0.00191796),
            (-0.004758059, -0.01756745, 0.00240815), (6.24977e-05, -0.01821327, 0.00240815), (6.24977e-05, -0.02008229, 0.00191802),
            (-0.005241513, -0.01937162, 0.00191796), (0.004882991, -0.01756745, 0.00240815), (0.009380757, -0.01571643, 0.00240815),
            (0.01031523, -0.01733499, 0.00191796), (0.005366504, -0.01937162, 0.00191796), (0.01323252, -0.01274687, 0.00240815),
            (0.01620221, -0.008894979, 0.00240815), (0.01782083, -0.009829461, 0.00191796), (0.01455336, -0.01406759, 0.00191796),
            (0.01805323, -0.004397273, 0.00240815), (0.01869899, 0.000423274, 0.00240815), (0.02056807, 0.000423282, 0.00191796),
            (0.01985746, -0.004880726, 0.00191796), (0.01609975, 0.00042327, 0.00274897), (0.01554393, 0.004571497, 0.00274897),
            (0.01805323, 0.005243778, 0.00240815), (0.01869899, 0.000423274, 0.00240815), (0.01395112, 0.008441865, 0.00274897),
            (0.01620221, 0.009741544, 0.00240815), (0.01782083, 0.01067596, 0.00191796), (0.01985746, 0.005727291, 0.00191796),
            (0.02056807, 0.000423282, 0.00191796), (0.02179741, 0.01297193, 0.00055611), (0.01779836, 0.01815915, 0.00055611),
            (0.01839911, 0.01875996, 0.00215864), (0.02253377, 0.01339703, 0.00215864), (0.01261121, 0.02215826, 0.00055611),
            (0.01303631, 0.02289456, 0.00215864), (0.01383823, 0.02428352, 0.00427246), (0.01953262, 0.0198934, 0.0042724),
            (0.0239228, 0.01419895, 0.0042724), (0.006554186, 0.02465099, 0.00055611), (0.006774187, 0.02547162, 0.00215864),
            (6.25072e-05, 0.02552074, 0.00055611), (6.25072e-05, 0.02637088, 0.00215864), (6.2518e-05, 0.02797478, 0.00427246),
            (0.007189095, 0.02701997, 0.00427246), (-0.006429255, 0.02465099, 0.00055611), (-0.006649196, 0.02547162, 0.00215864),
            (-0.01248615, 0.02215826, 0.00055611), (-0.01291126, 0.02289456, 0.00215864), (-0.01371324, 0.02428352, 0.0042724),
            (-0.007064044, 0.02701997, 0.0042724), (-0.01767337, 0.01815915, 0.00055611), (-0.01827412, 0.01875996, 0.00215864),
            (-0.02167242, 0.01297193, 0.00055611), (-0.02240878, 0.01339703, 0.00215864), (-0.02379781, 0.01419895, 0.0042724),
            (-0.01940757, 0.0198934, 0.0042724), (-0.02416521, 0.006914973, 0.00055605), (-0.02498584, 0.007134974, 0.00215864),
            (-0.0250349, 0.000423294, 0.00055605), (-0.0258851, 0.000423297, 0.00215864), (-0.02748894, 0.0004233, 0.0042724),
            (-0.02653414, 0.007549822, 0.0042724), (-0.02416521, -0.006068468, 0.00055605), (-0.02498584, -0.006288409, 0.00215864),
            (-0.02167242, -0.01212543, 0.00055611), (-0.02240878, -0.01255053, 0.00215864), (-0.02379781, -0.01335245, 0.0042724),
            (-0.02653414, -0.006703197, 0.0042724), (-0.01767337, -0.01731258, 0.00055611), (-0.01827412, -0.0179134, 0.00215864),
            (-0.01248615, -0.0213117, 0.00055611), (-0.01291126, -0.02204793, 0.00215864), (-0.01371324, -0.02343702, 0.0042724),
            (-0.01940757, -0.01904684, 0.0042724), (-0.006429255, -0.02380442, 0.00055611), (-0.006649196, -0.02462512, 0.00215864),
            (6.25088e-05, -0.02467411, 0.00055611), (6.25088e-05, -0.02552425, 0.00215864), (6.25197e-05, -0.02712815, 0.0042724),
            (-0.007064044, -0.02617347, 0.0042724), (0.006554186, -0.02380442, 0.00055611), (0.006774187, -0.02462512, 0.00215864),
            (0.01261121, -0.0213117, 0.00055611), (0.01303631, -0.02204793, 0.00215864), (0.01383829, -0.02343702, 0.0042724),
            (0.007189095, -0.02617347, 0.0042724), (0.01779836, -0.01731258, 0.00055611), (0.01839917, -0.0179134, 0.00215864),
            (0.02179741, -0.01212543, 0.00055611), (0.02253377, -0.01255053, 0.00215864), (0.0239228, -0.01335245, 0.0042724),
            (0.01953268, -0.01904684, 0.0042724), (0.0242902, -0.006068468, 0.00055611), (0.0251109, -0.006288409, 0.00215864),
            (0.02515995, 0.000423292, 0.00055611), (0.02601009, 0.000423294, 0.00215864), (0.02761399, 0.000423297, 0.0042724),
            (0.02665925, -0.006703197, 0.0042724), (0.0242902, 0.006914973, 0.00055611), (0.0251109, 0.007134974, 0.00215864),
            (0.02665925, 0.007549822, 0.0042724), (0.003960967, 0.004321753, 0.00361389), (0.002693831, 0.004980981, 0.003613),
            (0.004620194, 0.003054678, 0.003613), (6.24755e-05, 0.000423296, 0.00356716), (0.001489341, 0.005748689, 0.00361389),
            (6.2497e-05, 0.005685985, 0.003613), (-0.00136435, 0.005748689, 0.00361389), (-0.0025689, 0.004980981, 0.003613),
            (-0.003835976, 0.004321753, 0.00361389), (-0.004495203, 0.003054678, 0.003613), (-0.005262911, 0.001850247, 0.00361389),
            (-0.005200326, 0.000423292, 0.003613), (-0.005262911, -0.001003623, 0.00361389), (-0.004495203, -0.002208054, 0.003613),
            (-0.003835976, -0.003475189, 0.00361389), (-0.0025689, -0.004134416, 0.003613), (-0.00136435, -0.004902184, 0.00361389),
            (6.24973e-05, -0.00483942, 0.003613), (0.001489341, -0.004902184, 0.00361389), (0.002693831, -0.004134416, 0.003613),
            (0.003960967, -0.003475189, 0.00361389), (0.004620194, -0.002208054, 0.003613), (0.005387902, -0.001003623, 0.00361389),
            (0.005325198, 0.000423292, 0.003613), (0.005387902, 0.001850247, 0.00361389), (-0.01544159, 0.01592743, 0.00104403),
            (-0.01090717, 0.01942336, 0.00104403), (-0.01893752, 0.01139295, 0.00104403), (-0.01990818, 0.01195335, 0.00025004),
            (-0.01623374, 0.01671952, 0.0002501), (-0.01146757, 0.02039396, 0.0002501), (-0.005612373, 0.02160239, 0.00104403),
            (6.24965e-05, 0.02236258, 0.00104403), (-0.00590229, 0.02268439, 0.0002501), (6.24965e-05, 0.02348351, 0.0002501),
            (0.005737364, 0.02160239, 0.00104403), (0.01103216, 0.01942336, 0.00104403), (0.006027281, 0.02268439, 0.0002501),
            (0.0115925, 0.02039396, 0.0002501), (0.01556658, 0.01592743, 0.00104403), (0.01906251, 0.01139295, 0.00104403),
            (0.01635873, 0.01671952, 0.0002501), (0.02003324, 0.01195335, 0.0002501), (0.01985746, 0.005727291, 0.00191796),
            (0.0212416, 0.006098151, 0.00104403), (0.02200192, 0.000423286, 0.00104403), (0.02232354, 0.006388068, 0.0002501),
            (0.02312266, 0.00042329, 0.0002501), (0.0212416, -0.005251586, 0.00104403), (0.01906251, -0.01054632, 0.00104403),
            (0.02232354, -0.005541503, 0.0002501), (0.02003324, -0.01110672, 0.0002501), (0.01556658, -0.0150808, 0.00104403),
            (0.01103216, -0.0185768, 0.00104403), (0.01635873, -0.01587295, 0.0002501), (0.0115925, -0.01954746, 0.0002501),
            (0.005737364, -0.02075576, 0.00104403), (6.24978e-05, -0.02151608, 0.00104403), (0.006027281, -0.02183783, 0.0002501),
            (6.24978e-05, -0.02263695, 0.0002501), (-0.005612373, -0.02075576, 0.00104403), (-0.01090717, -0.0185768, 0.00104403),
            (-0.00590229, -0.02183783, 0.0002501), (-0.01146757, -0.01954746, 0.0002501), (-0.01544159, -0.0150808, 0.00104403),
            (-0.01893752, -0.01054632, 0.00104403), (-0.01623374, -0.01587295, 0.0002501), (-0.01990818, -0.01110672, 0.00025004),
            (-0.02111661, -0.005251586, 0.00104403), (-0.02187687, 0.000423289, 0.00104403), (-0.02219855, -0.005541503, 0.0002501),
            (-0.02299767, 0.000423293, 0.0002501), (-0.02111661, 0.006098151, 0.00104403), (-0.02219855, 0.006388068, 0.0002501),
            (-0.016891, 0.01737678, 0), (-0.01193261, 0.02119946, 0), (-0.02071362, 0.01241832, 0),
            (-0.02125442, 0.01273053, 1.645e-05), (-0.01733219, 0.01781803, 1.639e-05), (-0.01224482, 0.02174013, 1.645e-05),
            (-0.006142914, 0.02358222, 6e-08), (6.24965e-05, 0.02441358, 6e-08), (-0.006304383, 0.02418494, 1.645e-05),
            (6.25072e-05, 0.02503794, 1.645e-05), (0.006267905, 0.02358222, 6e-08), (0.0120576, 0.02119946, 6e-08),
            (0.006429374, 0.02418494, 1.645e-05), (0.01236981, 0.02174013, 1.645e-05), (0.01701599, 0.01737678, 6e-08),
            (0.02083861, 0.01241832, 6e-08), (0.01745718, 0.01781803, 1.645e-05), (0.02137941, 0.01273053, 1.645e-05),
            (0.02322143, 0.006628692, 6e-08), (0.02405273, 0.000423292, 6e-08), (0.02382415, 0.006790161, 1.645e-05),
            (0.02467709, 0.000423292, 1.645e-05), (0.02322143, -0.005782008, 6e-08), (0.02083867, -0.01157182, 6e-08),
            (0.02382415, -0.005943596, 1.645e-05), (0.02137941, -0.01188403, 1.645e-05), (0.01701599, -0.01653021, 6e-08),
            (0.0120576, -0.0203529, 6e-08), (0.01745718, -0.0169714, 1.645e-05), (0.01236981, -0.02089363, 1.645e-05),
            (0.006267905, -0.02273565, 6e-08), (6.24978e-05, -0.02356702, 6e-08), (0.006429374, -0.02333831, 1.645e-05),
            (6.25088e-05, -0.02419131, 1.645e-05), (-0.006142914, -0.02273565, 0), (-0.01193267, -0.0203529, 0),
            (-0.006304383, -0.02333831, 1.645e-05), (-0.01224482, -0.02089363, 1.645e-05), (-0.016891, -0.01653021, 0),
            (-0.02071362, -0.01157182, 0), (-0.01733219, -0.0169714, 1.639e-05), (-0.02125442, -0.01188403, 1.645e-05),
            (-0.02309638, -0.005782008, 0), (-0.02392774, 0.000423294, 0), (-0.0236991, -0.005943596, 1.639e-05),
            (-0.0245521, 0.000423294, 1.639e-05), (-0.02309644, 0.006628692, 0), (-0.0236991, 0.006790161, 1.639e-05),
            (0.02137941, 0.01273053, 1.645e-05), (0.01745718, 0.01781803, 1.645e-05), (0.01760119, 0.01796191, 2.193e-05),
            (0.02155584, 0.01283246, 2.193e-05), (0.01236981, 0.02174013, 1.645e-05), (0.01247161, 0.02191656, 2.193e-05),
            (0.006429374, 0.02418494, 1.645e-05), (0.006482005, 0.02438157, 2.193e-05), (6.25072e-05, 0.02503794, 1.645e-05),
            (6.25072e-05, 0.02524167, 2.193e-05), (-0.006304383, 0.02418494, 1.645e-05), (-0.006357014, 0.02438157, 2.193e-05),
            (-0.01224482, 0.02174013, 1.645e-05), (-0.01234668, 0.02191656, 2.193e-05), (-0.01733219, 0.01781803, 1.639e-05),
            (-0.0174762, 0.01796191, 2.187e-05), (-0.02125442, 0.01273053, 1.645e-05), (-0.02143085, 0.01283246, 2.187e-05),
            (-0.0236991, 0.006790161, 1.639e-05), (-0.0238958, 0.006842792, 2.187e-05), (-0.0245521, 0.000423294, 1.639e-05),
            (-0.02475589, 0.000423294, 2.187e-05), (-0.0236991, -0.005943596, 1.639e-05), (-0.0238958, -0.005996227, 2.187e-05),
            (-0.02125442, -0.01188403, 1.645e-05), (-0.02143085, -0.01198583, 2.193e-05), (-0.01733219, -0.0169714, 1.639e-05),
            (-0.0174762, -0.01711541, 2.187e-05), (-0.01224482, -0.02089363, 1.645e-05), (-0.01234668, -0.02107006, 2.187e-05),
            (-0.006304383, -0.02333831, 1.645e-05), (-0.006357014, -0.02353507, 2.187e-05), (6.25088e-05, -0.02419131, 1.645e-05),
            (6.25088e-05, -0.0243951, 2.187e-05), (0.006429374, -0.02333831, 1.645e-05), (0.006482124, -0.02353507, 2.193e-05),
            (0.01236981, -0.02089363, 1.645e-05), (0.01247161, -0.02107006, 2.193e-05), (0.01745718, -0.0169714, 1.645e-05),
            (0.01760119, -0.01711541, 2.193e-05), (0.02137941, -0.01188403, 1.645e-05), (0.02155584, -0.01198583, 2.193e-05),
            (0.02382415, -0.005943596, 1.645e-05), (0.02402085, -0.005996227, 2.187e-05), (0.02467709, 0.000423292, 1.645e-05),
            (0.02488088, 0.000423292, 2.187e-05), (0.02382415, 0.006790161, 1.645e-05), (0.02402085, 0.006842792, 2.187e-05),
            (0.01760119, 0.01796191, 2.193e-05), (0.01247161, 0.02191656, 2.193e-05), (0.01261121, 0.02215826, 0.00055611),
            (0.01779836, 0.01815915, 0.00055611), (0.02155584, 0.01283246, 2.193e-05), (0.02179741, 0.01297193, 0.00055611),
            (0.006482005, 0.02438157, 2.193e-05), (6.25072e-05, 0.02524167, 2.193e-05), (6.25072e-05, 0.02552074, 0.00055611),
            (0.006554186, 0.02465099, 0.00055611), (-0.006357014, 0.02438157, 2.193e-05), (-0.01234668, 0.02191656, 2.193e-05),
            (-0.01248615, 0.02215826, 0.00055611), (-0.006429255, 0.02465099, 0.00055611), (-0.0174762, 0.01796191, 2.187e-05),
            (-0.02143085, 0.01283246, 2.187e-05), (-0.02167242, 0.01297193, 0.00055611), (-0.01767337, 0.01815915, 0.00055611),
            (-0.0238958, 0.006842792, 2.187e-05), (-0.02475589, 0.000423294, 2.187e-05), (-0.0250349, 0.000423294, 0.00055605),
            (-0.02416521, 0.006914973, 0.00055605), (-0.0238958, -0.005996227, 2.187e-05), (-0.02143085, -0.01198583, 2.193e-05),
            (-0.02167242, -0.01212543, 0.00055611), (-0.02416521, -0.006068468, 0.00055605), (-0.0174762, -0.01711541, 2.187e-05),
            (-0.01234668, -0.02107006, 2.187e-05), (-0.01248615, -0.0213117, 0.00055611), (-0.01767337, -0.01731258, 0.00055611),
            (-0.006357014, -0.02353507, 2.187e-05), (6.25088e-05, -0.0243951, 2.187e-05), (6.25088e-05, -0.02467411, 0.00055611),
            (-0.006429255, -0.02380442, 0.00055611), (0.006482124, -0.02353507, 2.193e-05), (0.01247161, -0.02107006, 2.193e-05),
            (0.01261121, -0.0213117, 0.00055611), (0.006554186, -0.02380442, 0.00055611), (0.01760119, -0.01711541, 2.193e-05),
            (0.02155584, -0.01198583, 2.193e-05), (0.02179741, -0.01212543, 0.00055611), (0.01779836, -0.01731258, 0.00055611),
            (0.02402085, -0.005996227, 2.187e-05), (0.02488088, 0.000423292, 2.187e-05), (0.02515995, 0.000423292, 0.00055611),
            (0.0242902, -0.006068468, 0.00055611), (0.02402085, 0.006842792, 2.187e-05), (0.0242902, 0.006914973, 0.00055611),
            (0.0232141, 0.01378983, 0.12004237), (0.01895427, 0.01931512, 0.12004237), (0.01895451, 0.0193153, 0.12103914),
            (0.02321434, 0.01379001, 0.12103914), (0.01342898, 0.02357482, 0.12004237), (0.01342922, 0.02357506, 0.12103914),
            (0.01330989, 0.02336847, 0.1217597), (0.01878595, 0.01914674, 0.1217597), (0.02300775, 0.01367068, 0.1217597),
            (0.006977379, 0.02622997, 0.12004237), (0.006977379, 0.02623033, 0.12103914), (6.25181e-05, 0.02715647, 0.12004237),
            (6.25181e-05, 0.02715677, 0.12103914), (6.25181e-05, 0.02691817, 0.1217597), (0.006915748, 0.02600002, 0.1217597),
            (-0.006852269, 0.02622997, 0.12004237), (-0.006852388, 0.02623033, 0.12103908), (-0.01330405, 0.02357482, 0.12004237),
            (-0.01330423, 0.02357506, 0.12103908), (-0.0131849, 0.02336847, 0.12175964), (-0.006790757, 0.02600002, 0.12175964),
            (-0.01882934, 0.01931512, 0.12004237), (-0.01882952, 0.0193153, 0.12103908), (-0.02308911, 0.01378983, 0.12004237),
            (-0.02308928, 0.01379001, 0.12103908), (-0.02288269, 0.01367074, 0.12175964), (-0.01866096, 0.01914674, 0.12175964),
            (-0.02574419, 0.007338166, 0.12004237), (-0.02574443, 0.007338166, 0.12103908), (-0.02667063, 0.000423292, 0.12004237),
            (-0.02667093, 0.00042329, 0.12103908), (-0.02643239, 0.000423292, 0.12175964), (-0.02551424, 0.007276535, 0.12175964),
            (-0.02574419, -0.006491601, 0.12004237), (-0.02574443, -0.006491661, 0.12103908), (-0.02308928, -0.01294338, 0.12103908),
            (-0.02288269, -0.01282411, 0.12175964), (-0.02551424, -0.00642997, 0.12175964), (-0.02308911, -0.01294326, 0.12004237),
            (-0.01882934, -0.01846849, 0.12004237), (-0.01882952, -0.01846873, 0.12103908), (-0.01330405, -0.02272832, 0.12004237),
            (-0.01330423, -0.02272856, 0.12103914), (-0.01318496, -0.02252197, 0.12175964), (-0.01866096, -0.01830017, 0.12175964),
            (-0.006852388, -0.02538347, 0.12004237), (-0.006852388, -0.02538377, 0.12103914), (6.25196e-05, -0.02630984, 0.12004243),
            (6.25196e-05, -0.0263102, 0.12103914), (6.25088e-05, -0.02607154, 0.1217597), (-0.006790757, -0.02515339, 0.1217597),
            (0.006977379, -0.02538347, 0.12004243), (0.006977379, -0.02538377, 0.12103914), (0.01342898, -0.02272832, 0.12004243),
            (0.01342922, -0.02272856, 0.12103914), (0.01330989, -0.02252197, 0.1217597), (0.006915748, -0.02515339, 0.1217597),
            (0.01895427, -0.01846849, 0.12004237), (0.01895451, -0.01846873, 0.12103914), (0.0232141, -0.01294326, 0.12004237),
            (0.02321434, -0.01294338, 0.12103914), (0.02300775, -0.01282411, 0.1217597), (0.01878595, -0.01830017, 0.1217597),
            (0.02586925, -0.006491601, 0.12004237), (0.02586948, -0.006491661, 0.12103914), (0.02679568, 0.000423289, 0.12004237),
            (0.02679598, 0.000423288, 0.12103914), (0.02655744, 0.000423289, 0.1217597), (0.02563923, -0.00642997, 0.1217597),
            (0.02586925, 0.007338166, 0.12004237), (0.02586948, 0.007338166, 0.12103914), (0.02563923, 0.007276535, 0.1217597),
            (0.01828014, 0.01864099, 0.12199991), (0.02238798, 0.01331281, 0.12199991), (0.01295202, 0.02274864, 0.12199991),
            (0.01259577, 0.02213156, 0.1217904), (0.01777654, 0.01813739, 0.1217904), (0.02177077, 0.0129565, 0.1217904),
            (0.006730616, 0.02530914, 0.12199991), (6.25072e-05, 0.02620244, 0.12199991), (6.25072e-05, 0.0254898, 0.1217904),
            (0.006546199, 0.02462112, 0.1217904), (-0.006605625, 0.02530914, 0.12199991), (-0.01282703, 0.02274864, 0.12199991),
            (-0.01247078, 0.02213156, 0.12179034), (-0.006421208, 0.02462112, 0.1217904), (-0.01815515, 0.01864099, 0.12199991),
            (-0.02226293, 0.01331281, 0.12199991), (-0.02164578, 0.0129565, 0.12179034), (-0.01765155, 0.01813739, 0.12179034),
            (-0.0248233, 0.007091403, 0.12199991), (-0.02571672, 0.000423292, 0.12199991), (-0.02500402, 0.000423294, 0.12179034),
            (-0.02413541, 0.006906986, 0.12179034), (-0.0248233, -0.006244838, 0.12199991), (-0.02226293, -0.01246631, 0.12199991),
            (-0.02164578, -0.01210999, 0.12179034), (-0.02413541, -0.006060481, 0.12179034), (-0.01815515, -0.01779443, 0.12199991),
            (-0.01282703, -0.0219022, 0.12199991), (-0.01247078, -0.02128493, 0.1217904), (-0.01765155, -0.01729083, 0.12179034),
            (-0.006605625, -0.02446258, 0.12199991), (6.25088e-05, -0.02535593, 0.12199997), (6.24979e-05, -0.0246433, 0.1217904),
            (-0.006421208, -0.02377462, 0.1217904), (0.006730616, -0.02446258, 0.12199997), (0.01295202, -0.0219022, 0.12199991),
            (0.01259577, -0.02128493, 0.1217904), (0.006546258, -0.02377462, 0.1217904), (0.01828014, -0.01779443, 0.12199991),
            (0.02238798, -0.01246631, 0.12199991), (0.02177077, -0.01210999, 0.1217904), (0.01777654, -0.01729083, 0.1217904),
            (0.02494829, -0.006244838, 0.12199991), (0.02584171, 0.000423289, 0.12199991), (0.02512902, 0.000423292, 0.1217904),
            (0.0242604, -0.006060481, 0.1217904), (0.02494829, 0.007091403, 0.12199991), (0.0242604, 0.006906986, 0.1217904),
            (0.01761448, 0.01797527, 0.12116175), (0.02157217, 0.01284188, 0.12116175), (0.01248109, 0.02193284, 0.12116175),
            (0.01180285, 0.02075821, 0.1205331), (0.01627737, 0.0166381, 0.1205331), (0.02039742, 0.01216357, 0.1205331),
            (0.006486952, 0.02439969, 0.12116175), (6.25072e-05, 0.02526038, 0.12116175), (6.25073e-05, 0.02390402, 0.1205331),
            (0.005997478, 0.02257323, 0.1205331), (-0.006361961, 0.02439969, 0.12116175), (-0.0123561, 0.02193284, 0.12116175),
            (-0.01167786, 0.02075821, 0.1205331), (-0.005872488, 0.02257323, 0.1205331), (-0.01247078, 0.02213156, 0.12179034),
            (-0.01765155, 0.01813739, 0.12179034), (-0.01748949, 0.01797527, 0.12116175), (-0.0123561, 0.02193284, 0.12116175),
            (-0.02164578, 0.0129565, 0.12179034), (-0.02144712, 0.01284188, 0.12116169), (-0.02027243, 0.01216357, 0.1205331),
            (-0.01615238, 0.0166381, 0.1205331), (-0.01167786, 0.02075821, 0.1205331), (-0.02391391, 0.006847739, 0.12116169),
            (-0.02144712, 0.01284188, 0.12116169), (-0.02477473, 0.000423294, 0.12116169), (-0.02341818, 0.000423293, 0.1205331),
            (-0.02208745, 0.006358325, 0.1205331), (-0.02027243, 0.01216357, 0.1205331), (-0.02391391, -0.006001174, 0.12116169),
            (-0.02144712, -0.01199525, 0.12116175), (-0.02027243, -0.01131707, 0.1205331), (-0.02208745, -0.005511701, 0.1205331),
            (-0.01748949, -0.0171287, 0.12116175), (-0.0123561, -0.02108633, 0.12116175), (-0.01167786, -0.01991158, 0.1205331),
            (-0.01615238, -0.01579159, 0.1205331), (-0.006361961, -0.02355319, 0.12116175), (6.24979e-05, -0.02441394, 0.12116175),
            (6.25087e-05, -0.02305746, 0.12053316), (-0.005872488, -0.0217266, 0.12053316), (0.006486952, -0.02355319, 0.12116175),
            (0.01248109, -0.02108639, 0.12116175), (0.01180285, -0.01991158, 0.12053316), (0.005997478, -0.0217266, 0.12053316),
            (0.01761448, -0.0171287, 0.12116175), (0.02157217, -0.01199525, 0.12116175), (0.02039742, -0.01131707, 0.1205331),
            (0.01627737, -0.01579159, 0.12053316), (0.02403897, -0.006001174, 0.12116175), (0.02489972, 0.000423292, 0.12116175),
            (0.02354317, 0.00042329, 0.1205331), (0.02221244, -0.005511701, 0.1205331), (0.02403897, 0.006847739, 0.12116175),
            (0.02221244, 0.006358325, 0.1205331), (-0.02574419, -0.006491601, 0.12004237), (-0.02308911, -0.01294326, 0.12004237),
            (-0.02308928, -0.01294338, 0.12103908), (-0.02574443, -0.006491661, 0.12103908), (0.008596956, 0.01520544, 0.12032359),
            (0.007701039, 0.01365369, 0.12032359), (0.01224881, 0.0126096, 0.12032359), (0.009755969, 0.0172128, 0.12032359),
            (0.004862666, 0.008737385, 0.12032359), (0.007742524, 0.00810337, 0.12032359), (0.008376598, 0.005223453, 0.12032359),
            (0.0132929, 0.008061885, 0.12032359), (0.01484459, 0.008957743, 0.12032359), (0.01685208, 0.01011669, 0.12032359),
            (0.02039742, 0.01216357, 0.1205331), (0.01627737, 0.0166381, 0.1205331), (0.01180285, 0.02075821, 0.1205331),
            (6.25075e-05, 0.01749229, 0.12032359), (6.25076e-05, 0.01570045, 0.12032359), (0.004522979, 0.01707005, 0.12032359),
            (6.25074e-05, 0.01981014, 0.12032359), (6.25078e-05, 0.01002359, 0.12032359), (0.002873539, 0.0109145, 0.12032359),
            (0.005997478, 0.02257323, 0.1205331), (6.25073e-05, 0.02390402, 0.1205331), (-0.008471965, 0.01520544, 0.12032359),
            (-0.007576048, 0.01365369, 0.12032359), (-0.004397988, 0.01707005, 0.12032359), (-0.009630918, 0.0172128, 0.12032359),
            (-0.004737675, 0.008737385, 0.12032359), (-0.002748548, 0.0109145, 0.12032359), (-0.005872488, 0.02257323, 0.1205331),
            (-0.01167786, 0.02075821, 0.1205331), (-0.0147196, 0.008957743, 0.12032353), (-0.01316791, 0.008061885, 0.12032353),
            (-0.01212376, 0.0126096, 0.12032353), (-0.01672703, 0.01011669, 0.12032353), (-0.008251607, 0.005223453, 0.12032353),
            (-0.007617533, 0.00810337, 0.12032359), (-0.01615238, 0.0166381, 0.1205331), (-0.02027243, 0.01216357, 0.1205331),
            (-0.01700645, 0.000423292, 0.12032353), (-0.01521474, 0.000423292, 0.12032353), (-0.01658421, 0.004883766, 0.12032353),
            (-0.01932442, 0.000423292, 0.12032353), (-0.009537816, 0.00042329, 0.12032353), (-0.01042866, 0.003234386, 0.12032353),
            (-0.02208745, 0.006358325, 0.1205331), (-0.02341818, 0.000423293, 0.1205331), (-0.0147196, -0.008111178, 0.12032353),
            (-0.01316791, -0.007215321, 0.12032353), (-0.01658421, -0.004037201, 0.12032353), (-0.01672703, -0.009270191, 0.12032353),
            (-0.008251607, -0.004376888, 0.12032353), (-0.01042866, -0.002387762, 0.12032353), (-0.02208745, -0.005511701, 0.1205331),
            (-0.02027243, -0.01131707, 0.1205331), (-0.008471965, -0.01435881, 0.12032359), (-0.007576048, -0.01280719, 0.12032359),
            (-0.01212382, -0.01176297, 0.12032353), (-0.009630978, -0.0163663, 0.12032359), (-0.004737675, -0.00789082, 0.12032359),
            (-0.007617533, -0.007256746, 0.12032359), (-0.01615238, -0.01579159, 0.1205331), (-0.01167786, -0.01991158, 0.1205331),
            (6.25085e-05, -0.01664566, 0.12032359), (6.25084e-05, -0.01485395, 0.12032359), (-0.004397988, -0.01622349, 0.12032359),
            (6.25086e-05, -0.01896363, 0.12032359), (6.25083e-05, -0.009177029, 0.12032359), (-0.002748548, -0.01006788, 0.12032359),
            (-0.005872488, -0.0217266, 0.12053316), (6.25087e-05, -0.02305746, 0.12053316), (0.008596956, -0.01435881, 0.12032359),
            (0.007701039, -0.01280719, 0.12032359), (0.004522979, -0.01622349, 0.12032359), (0.009755969, -0.0163663, 0.12032359),
            (0.004862666, -0.00789082, 0.12032359), (0.002873539, -0.01006788, 0.12032359), (0.005997478, -0.0217266, 0.12053316),
            (0.01180285, -0.01991158, 0.12053316), (0.01484459, -0.008111178, 0.12032359), (0.0132929, -0.007215321, 0.12032359),
            (0.01224881, -0.01176297, 0.12032359), (0.01685208, -0.009270191, 0.12032359), (0.008376598, -0.004376888, 0.12032359),
            (0.007742524, -0.007256746, 0.12032359), (0.01627737, -0.01579159, 0.12053316), (0.02039742, -0.01131707, 0.1205331),
            (0.01713144, 0.000423289, 0.12032359), (0.01533973, 0.000423289, 0.12032359), (0.01670926, -0.004037201, 0.12032359),
            (0.01944941, 0.000423289, 0.12032359), (0.009662806, 0.00042329, 0.12032359), (0.01055365, -0.002387762, 0.12032359),
            (0.02221244, -0.005511701, 0.1205331), (0.02354317, 0.00042329, 0.1205331), (0.01670926, 0.004883766, 0.12032359),
            (0.01055365, 0.003234386, 0.12032359), (0.02221244, 0.006358325, 0.1205331), (0.004284322, 0.004645109, 0.12032359),
            (0.004998207, 0.003272891, 0.12032359), (0.002912104, 0.005358994, 0.12032359), (6.2508e-05, 0.000423293, 0.12032353),
            (0.001607716, 0.006190419, 0.12032359), (6.25078e-05, 0.006122529, 0.12032359), (-0.001482725, 0.006190419, 0.12032359),
            (-0.002787113, 0.005358994, 0.12032359), (-0.004159331, 0.004645109, 0.12032359), (-0.004873216, 0.003272891, 0.12032353),
            (-0.005704641, 0.001968502, 0.12032353), (-0.005636692, 0.000423288, 0.12032353), (-0.005704641, -0.001121938, 0.12032353),
            (-0.004873216, -0.002426326, 0.12032353), (-0.004159331, -0.003798544, 0.12032359), (-0.002787113, -0.004512429, 0.12032359),
            (-0.001482725, -0.005343854, 0.12032359), (6.25082e-05, -0.005275905, 0.12032359), (0.001607716, -0.005343854, 0.12032359),
            (0.002912104, -0.004512429, 0.12032359), (0.004284322, -0.003798544, 0.12032359), (0.004998207, -0.002426326, 0.12032359),
            (0.005829632, -0.001121938, 0.12032359), (0.005761682, 0.000423288, 0.12032359), (0.005829632, 0.001968502, 0.12032359)
        ]
        texCoord2f[] primvars:st = [
            (1.515369, 0.223282), (1.493056, 0.2405967), (1.502905, 0.2577672), (1.515369, 0.223282),
            (1.502905, 0.2577672), (1.526267, 0.234252), (1.532571, 0.2008234), (1.515369, 0.223282),
            (1.526267, 0.234252), (1.532571, 0.2008234), (1.526267, 0.234252), (1.54963, 0.2107368),
            (1.467002, 0.2513892), (1.439077, 0.2551547), (1.439077, 0.2749817), (1.467002, 0.2513892),
            (1.439077, 0.2749817), (1.470991, 0.2663745), (1.493056, 0.2405967), (1.467002, 0.2513892),
            (1.470991, 0.2663745), (1.493056, 0.2405967), (1.470991, 0.2663745), (1.502905, 0.2577672),
            (1.411153, 0.2513892), (1.385099, 0.2405967), (1.375249, 0.2577672), (1.411153, 0.2513892),
            (1.375249, 0.2577672), (1.407163, 0.2663745), (1.439077, 0.2551547), (1.411153, 0.2513892),
            (1.407163, 0.2663745), (1.439077, 0.2551547), (1.407163, 0.2663745), (1.439077, 0.2749817),
            (1.362786, 0.223282), (1.345584, 0.2008234), (1.328524, 0.2107368), (1.362786, 0.223282),
            (1.328524, 0.2107368), (1.351887, 0.234252), (1.385099, 0.2405967), (1.362786, 0.223282),
            (1.351887, 0.234252), (1.385099, 0.2405967), (1.351887, 0.234252), (1.375249, 0.2577672),
            (1.334861, 0.1745991), (1.33112, 0.146492), (1.311422, 0.146492), (1.334861, 0.1745991),
            (1.311422, 0.146492), (1.319973, 0.1786144), (1.345584, 0.2008234), (1.334861, 0.1745991),
            (1.319973, 0.1786144), (1.345584, 0.2008234), (1.319973, 0.1786144), (1.328524, 0.2107368),
            (1.334861, 0.1183848), (1.345584, 0.0921607), (1.328524, 0.08224725), (1.334861, 0.1183848),
            (1.328524, 0.08224725), (1.319973, 0.1143696), (1.33112, 0.146492), (1.334861, 0.1183848),
            (1.319973, 0.1143696), (1.33112, 0.146492), (1.319973, 0.1143696), (1.311422, 0.146492),
            (1.362786, 0.06970202), (1.385099, 0.05238735), (1.375249, 0.03521686), (1.362786, 0.06970202),
            (1.375249, 0.03521686), (1.351887, 0.05873209), (1.345584, 0.0921607), (1.362786, 0.06970202),
            (1.351887, 0.05873209), (1.345584, 0.0921607), (1.351887, 0.05873209), (1.328524, 0.08224725),
            (1.411152, 0.04159498), (1.439077, 0.03782933), (1.439077, 0.01800245), (1.411152, 0.04159498),
            (1.439077, 0.01800245), (1.407163, 0.02660959), (1.385099, 0.05238735), (1.411152, 0.04159498),
            (1.407163, 0.02660959), (1.385099, 0.05238735), (1.407163, 0.02660959), (1.375249, 0.03521686),
            (1.467002, 0.04159498), (1.493056, 0.05238741), (1.502905, 0.03521686), (1.467002, 0.04159498),
            (1.502905, 0.03521686), (1.470991, 0.02660959), (1.439077, 0.03782933), (1.467002, 0.04159498),
            (1.470991, 0.02660959), (1.439077, 0.03782933), (1.470991, 0.02660959), (1.439077, 0.01800245),
            (1.515369, 0.06970202), (1.532571, 0.0921607), (1.54963, 0.08224725), (1.515369, 0.06970202),
            (1.54963, 0.08224725), (1.526267, 0.05873209), (1.493056, 0.05238741), (1.515369, 0.06970202),
            (1.526267, 0.05873209), (1.493056, 0.05238741), (1.526267, 0.05873209), (1.502905, 0.03521686),
            (1.543293, 0.1183848), (1.547034, 0.146492), (1.566732, 0.146492), (1.543293, 0.1183848),
            (1.566732, 0.146492), (1.558181, 0.1143696), (1.532571, 0.0921607), (1.543293, 0.1183848),
            (1.558181, 0.1143696), (1.532571, 0.0921607), (1.558181, 0.1143696), (1.54963, 0.08224725),
            (1.543293, 0.1745991), (1.532571, 0.2008234), (1.54963, 0.2107368), (1.543293, 0.1745991),
            (1.54963, 0.2107368), (1.558181, 0.1786144), (1.547034, 0.146492), (1.543293, 0.1745991),
            (1.558181, 0.1786144), (1.547034, 0.146492), (1.558181, 0.1786144), (1.566732, 0.146492)
        ] (
            interpolation = "faceVarying"
        )
        uniform token subdivisionScheme = "none"
        float3[] extent = [(-0.03303748, -0.03267663, 0), (0.03316247, 0.03352326, 0.12199997)]
        rel material:binding = </sevenup_can_visual/materials/mat_3>
    }
    def Mesh "mesh_4"
    {
        uniform bool doubleSided = 1
        int[] faceVertexCounts = [
            3, 3, 3, 3, 3, 3, 3, 3, 3, 3, 3, 3, 3, 3, 3, 3, 3, 3, 3, 3, 3, 3, 3, 3,
            3, 3, 3, 3, 3, 3, 3, 3, 3, 3, 3, 3, 3, 3, 3, 3, 3, 3, 3, 3, 3, 3, 3, 3,
            3, 3, 3, 3, 3, 3, 3, 3, 3, 3, 3, 3, 3, 3, 3, 3, 3, 3, 3, 3, 3, 3, 3, 3,
            3, 3, 3, 3, 3, 3, 3, 3, 3, 3, 3, 3, 3, 3, 3, 3, 3, 3, 3, 3, 3, 3, 3, 3,
            3, 3, 3, 3, 3, 3, 3, 3, 3, 3, 3, 3, 3, 3, 3, 3, 3, 3, 3, 3, 3, 3, 3, 3,
            3, 3, 3, 3, 3, 3, 3, 3, 3, 3, 3, 3, 3, 3, 3, 3, 3, 3, 3, 3, 3, 3, 3, 3,
            3, 3, 3, 3, 3, 3, 3, 3, 3, 3, 3, 3, 3, 3, 3, 3, 3, 3, 3, 3, 3, 3, 3, 3,
            3, 3, 3, 3, 3, 3, 3, 3, 3, 3, 3, 3, 3, 3, 3, 3, 3, 3, 3, 3, 3, 3, 3, 3,
            3, 3, 3, 3, 3, 3, 3, 3, 3, 3, 3, 3, 3, 3, 3, 3, 3, 3, 3, 3, 3, 3, 3, 3,
            3, 3, 3, 3, 3, 3, 3, 3, 3, 3, 3, 3, 3, 3, 3, 3, 3, 3, 3, 3, 3, 3, 3, 3,
            3, 3, 3, 3, 3, 3, 3, 3, 3, 3, 3, 3, 3, 3, 3, 3, 3, 3, 3, 3, 3, 3, 3, 3,
            3, 3, 3, 3, 3, 3, 3, 3, 3, 3, 3, 3, 3, 3, 3, 3, 3, 3, 3, 3, 3, 3
        ]
        int[] faceVertexIndices = [
            942, 943, 944, 942, 944, 945, 943, 946, 947, 943, 947, 944, 944, 947, 948, 944, 948, 949, 945, 944, 949, 945, 949, 950,
            946, 951, 952, 946, 952, 947, 951, 953, 954, 951, 954, 952, 952, 954, 955, 952, 955, 956, 947, 952, 956, 947, 956, 948,
            953, 957, 958, 953, 958, 954, 957, 959, 960, 957, 960, 958, 958, 960, 961, 958, 961, 962, 954, 958, 962, 954, 962, 955,
            959, 963, 964, 959, 964, 960, 963, 965, 966, 963, 966, 964, 964, 966, 967, 964, 967, 968, 960, 964, 968, 960, 968, 961,
            965, 969, 970, 965, 970, 966, 969, 971, 972, 969, 972, 970, 970, 972, 973, 970, 973, 974, 966, 970, 974, 966, 974, 967,
            971, 975, 976, 971, 976, 972, 976, 977, 978, 976, 978, 979, 972, 976, 979, 972, 979, 973, 980, 981, 982, 980, 982, 977,
            981, 983, 984, 981, 984, 982, 982, 984, 985, 982, 985, 986, 977, 982, 986, 977, 986, 978, 983, 987, 988, 983, 988, 984,
            987, 989, 990, 987, 990, 988, 988, 990, 991, 988, 991, 992, 984, 988, 992, 984, 992, 985, 989, 993, 994, 989, 994, 990,
            993, 995, 996, 993, 996, 994, 994, 996, 997, 994, 997, 998, 990, 994, 998, 990, 998, 991, 995, 999, 1000, 995, 1000, 996,
            999, 1001, 1002, 999, 1002, 1000, 1000, 1002, 1003, 1000, 1003, 1004, 996, 1000, 1004, 996, 1004, 997, 1001, 1005, 1006, 1001, 1006, 1002,
            1005, 1007, 1008, 1005, 1008, 1006, 1006, 1008, 1009, 1006, 1009, 1010, 1002, 1006, 1010, 1002, 1010, 1003, 1007, 1011, 1012, 1007, 1012, 1008,
            1011, 942, 945, 1011, 945, 1012, 1012, 945, 950, 1012, 950, 1013, 1008, 1012, 1013, 1008, 1013, 1009, 950, 949, 1014, 950, 1014, 1015,
            949, 948, 1016, 949, 1016, 1014, 1014, 1016, 1017, 1014, 1017, 1018, 1015, 1014, 1018, 1015, 1018, 1019, 948, 956, 1020, 948, 1020, 1016,
            956, 955, 1021, 956, 1021, 1020, 1020, 1021, 1022, 1020, 1022, 1023, 1016, 1020, 1023, 1016, 1023, 1017, 955, 962, 1024, 955, 1024, 1021,
            962, 961, 1025, 962, 1025, 1024, 1024, 1025, 1026, 1024, 1026, 1027, 1021, 1024, 1027, 1021, 1027, 1022, 961, 968, 1028, 961, 1028, 1025,
            968, 967, 1029, 968, 1029, 1028, 1028, 1029, 1030, 1028, 1030, 1031, 1025, 1028, 1031, 1025, 1031, 1026, 967, 974, 1032, 967, 1032, 1029,
            974, 973, 1033, 974, 1033, 1032, 1032, 1033, 1034, 1032, 1034, 1035, 1029, 1032, 1035, 1029, 1035, 1030, 973, 979, 1036, 973, 1036, 1033,
            979, 978, 1037, 979, 1037, 1036, 1036, 1037, 1038, 1036, 1038, 1039, 1033, 1036, 1039, 1033, 1039, 1034, 978, 986, 1040, 978, 1040, 1037,
            986, 985, 1041, 986, 1041, 1040, 1040, 1041, 1042, 1040, 1042, 1043, 1037, 1040, 1043, 1037, 1043, 1038, 985, 992, 1044, 985, 1044, 1041,
            992, 991, 1045, 992, 1045, 1044, 1044, 1045, 1046, 1044, 1046, 1047, 1041, 1044, 1047, 1041, 1047, 1042, 991, 998, 1048, 991, 1048, 1045,
            998, 997, 1049, 998, 1049, 1048, 1048, 1049, 1050, 1048, 1050, 1051, 1045, 1048, 1051, 1045, 1051, 1046, 997, 1004, 1052, 997, 1052, 1049,
            1004, 1003, 1053, 1004, 1053, 1052, 1052, 1053, 1054, 1052, 1054, 1055, 1049, 1052, 1055, 1049, 1055, 1050, 1003, 1010, 1056, 1003, 1056, 1053,
            1010, 1009, 1057, 1010, 1057, 1056, 1056, 1057, 1058, 1056, 1058, 1059, 1053, 1056, 1059, 1053, 1059, 1054, 1009, 1013, 1060, 1009, 1060, 1057,
            1013, 950, 1015, 1013, 1015, 1060, 1060, 1015, 1019, 1060, 1019, 1061, 1057, 1060, 1061, 1057, 1061, 1058, 1019, 1018, 1062, 1019, 1062, 1063,
            1018, 1017, 1064, 1018, 1064, 1062, 1062, 1064, 1065, 1062, 1065, 1066, 1063, 1062, 1066, 1063, 1066, 1067, 1017, 1023, 1068, 1017, 1068, 1064,
            1023, 1022, 1069, 1023, 1069, 1068, 1068, 1069, 1070, 1068, 1070, 1071, 1064, 1068, 1071, 1064, 1071, 1065, 1022, 1027, 1072, 1022, 1072, 1069,
            1027, 1026, 1073, 1027, 1073, 1072, 1072, 1073, 1074, 1072, 1074, 1075, 1069, 1072, 1075, 1069, 1075, 1070, 1076, 1077, 1078, 1076, 1078, 1079,
            1077, 1080, 1081, 1077, 1081, 1078, 1078, 1081, 1082, 1078, 1082, 1083, 1079, 1078, 1083, 1079, 1083, 1084, 1030, 1035, 1085, 1030, 1085, 1086,
            1035, 1034, 1087, 1035, 1087, 1085, 1085, 1087, 1088, 1085, 1088, 1089, 1086, 1085, 1089, 1086, 1089, 1090, 1034, 1039, 1091, 1034, 1091, 1087,
            1039, 1038, 1092, 1039, 1092, 1091, 1091, 1092, 1093, 1091, 1093, 1094, 1087, 1091, 1094, 1087, 1094, 1088, 1038, 1043, 1095, 1038, 1095, 1092,
            1043, 1042, 1096, 1043, 1096, 1095, 1095, 1096, 1097, 1095, 1097, 1098, 1092, 1095, 1098, 1092, 1098, 1093, 1042, 1047, 1099, 1042, 1099, 1096,
            1047, 1046, 1100, 1047, 1100, 1099, 1099, 1100, 1101, 1099, 1101, 1102, 1096, 1099, 1102, 1096, 1102, 1097, 1046, 1051, 1103, 1046, 1103, 1100,
            1051, 1050, 1104, 1051, 1104, 1103, 1103, 1104, 1105, 1103, 1105, 1106, 1100, 1103, 1106, 1100, 1106, 1101, 1050, 1055, 1107, 1050, 1107, 1104,
            1055, 1054, 1108, 1055, 1108, 1107, 1107, 1108, 1109, 1107, 1109, 1110, 1104, 1107, 1110, 1104, 1110, 1105, 1054, 1059, 1111, 1054, 1111, 1108,
            1059, 1058, 1112, 1059, 1112, 1111, 1111, 1112, 1113, 1111, 1113, 1114, 1108, 1111, 1114, 1108, 1114, 1109, 1058, 1061, 1115, 1058, 1115, 1112,
            1061, 1019, 1063, 1061, 1063, 1115, 1115, 1063, 1067, 1115, 1067, 1116, 1112, 1115, 1116, 1112, 1116, 1113
        ]
        normal3f[] normals = [
            (0.8660259, 0.4999992, -0.000297028), (0.7071084, 0.7071052, -0.000259166), (0.6983438, 0.6983456, 0.1569375),
            (0.8660259, 0.4999992, -0.000297028), (0.6983438, 0.6983456, 0.1569375), (0.855288, 0.4938061, 0.1569651),
            (0.7071084, 0.7071052, -0.000259166), (0.4999978, 0.8660267, -0.000298598), (0.4938063, 0.8552904, 0.1569511),
            (0.7071084, 0.7071052, -0.000259166), (0.4938063, 0.8552904, 0.1569511), (0.6983438, 0.6983456, 0.1569375),
            (0.6983438, 0.6983456, 0.1569375), (0.4938063, 0.8552904, 0.1569511), (0.3632158, 0.6291027, 0.6872439),
            (0.6983438, 0.6983456, 0.1569375), (0.3632158, 0.6291027, 0.6872439), (0.513346, 0.5133498, 0.6877121),
            (0.855288, 0.4938061, 0.1569651), (0.6983438, 0.6983456, 0.1569375), (0.513346, 0.5133498, 0.6877121),
            (0.855288, 0.4938061, 0.1569651), (0.513346, 0.5133498, 0.6877121), (0.6291024, 0.3632091, 0.6872478),
            (0.4999978, 0.8660267, -0.000298598), (0.2588234, 0.9659246, -0.000304721), (0.2556117, 0.9539556, 0.1569442),
            (0.4999978, 0.8660267, -0.000298598), (0.2556117, 0.9539556, 0.1569442), (0.4938063, 0.8552904, 0.1569511),
            (0.2588234, 0.9659246, -0.000304721), (1.00016e-06, 1, -0.000298633), (1.27925e-06, 0.9876016, 0.1569808),
            (0.2588234, 0.9659246, -0.000304721), (1.27925e-06, 0.9876016, 0.1569808), (0.2556117, 0.9539556, 0.1569442),
            (0.2556117, 0.9539556, 0.1569442), (1.27925e-06, 0.9876016, 0.1569808), (4.61798e-07, 0.7264096, 0.6872621),
            (0.2556117, 0.9539556, 0.1569442), (4.61798e-07, 0.7264096, 0.6872621), (0.1878933, 0.7012246, 0.6877356),
            (0.4938063, 0.8552904, 0.1569511), (0.2556117, 0.9539556, 0.1569442), (0.1878933, 0.7012246, 0.6877356),
            (0.4938063, 0.8552904, 0.1569511), (0.1878933, 0.7012246, 0.6877356), (0.3632158, 0.6291027, 0.6872439),
            (1.00016e-06, 1, -0.000298633), (-0.2588196, 0.9659256, -0.000317363), (-0.255616, 0.9539558, 0.1569362),
            (1.00016e-06, 1, -0.000298633), (-0.255616, 0.9539558, 0.1569362), (1.27925e-06, 0.9876016, 0.1569808),
            (-0.2588196, 0.9659256, -0.000317363), (-0.5000017, 0.8660245, -0.000297331), (-0.4938085, 0.855287, 0.1569633),
            (-0.2588196, 0.9659256, -0.000317363), (-0.4938085, 0.855287, 0.1569633), (-0.255616, 0.9539558, 0.1569362),
            (-0.255616, 0.9539558, 0.1569362), (-0.4938085, 0.855287, 0.1569633), (-0.3632168, 0.6291189, 0.6872285),
            (-0.255616, 0.9539558, 0.1569362), (-0.3632168, 0.6291189, 0.6872285), (-0.1879045, 0.701247, 0.6877096),
            (1.27925e-06, 0.9876016, 0.1569808), (-0.255616, 0.9539558, 0.1569362), (-0.1879045, 0.701247, 0.6877096),
            (1.27925e-06, 0.9876016, 0.1569808), (-0.1879045, 0.701247, 0.6877096), (4.61798e-07, 0.7264096, 0.6872621),
            (-0.5000017, 0.8660245, -0.000297331), (-0.7071032, 0.7071104, -0.000260517), (-0.6983445, 0.698345, 0.1569372),
            (-0.5000017, 0.8660245, -0.000297331), (-0.6983445, 0.698345, 0.1569372), (-0.4938085, 0.855287, 0.1569633),
            (-0.7071032, 0.7071104, -0.000260517), (-0.8660285, 0.4999948, -0.000288902), (-0.8552912, 0.4938046, 0.1569525),
            (-0.7071032, 0.7071104, -0.000260517), (-0.8552912, 0.4938046, 0.1569525), (-0.6983445, 0.698345, 0.1569372),
            (-0.6983445, 0.698345, 0.1569372), (-0.8552912, 0.4938046, 0.1569525), (-0.6291246, 0.3632283, 0.6872172),
            (-0.6983445, 0.698345, 0.1569372), (-0.6291246, 0.3632283, 0.6872172), (-0.5133669, 0.5133619, 0.6876874),
            (-0.4938085, 0.855287, 0.1569633), (-0.6983445, 0.698345, 0.1569372), (-0.5133669, 0.5133619, 0.6876874),
            (-0.4938085, 0.855287, 0.1569633), (-0.5133669, 0.5133619, 0.6876874), (-0.3632168, 0.6291189, 0.6872285),
            (-0.8660285, 0.4999948, -0.000288902), (-0.9659255, 0.2588204, -0.000250664), (-0.9539565, 0.255612, 0.1569386),
            (-0.8660285, 0.4999948, -0.000288902), (-0.9539565, 0.255612, 0.1569386), (-0.8552912, 0.4938046, 0.1569525),
            (-0.9659255, 0.2588204, -0.000250664), (-1, -4.17769e-06, -0.000298507), (-0.9876077, -1.4462e-06, 0.1569432),
            (-0.9659255, 0.2588204, -0.000250664), (-0.9876077, -1.4462e-06, 0.1569432), (-0.9539565, 0.255612, 0.1569386),
            (-0.9539565, 0.255612, 0.1569386), (-0.9876077, -1.4462e-06, 0.1569432), (-0.7264616, 1.26978e-06, 0.6872071),
            (-0.9539565, 0.255612, 0.1569386), (-0.7264616, 1.26978e-06, 0.6872071), (-0.7012704, 0.1879051, 0.6876857),
            (-0.8552912, 0.4938046, 0.1569525), (-0.9539565, 0.255612, 0.1569386), (-0.7012704, 0.1879051, 0.6876857),
            (-0.8552912, 0.4938046, 0.1569525), (-0.7012704, 0.1879051, 0.6876857), (-0.6291246, 0.3632283, 0.6872172),
            (-1, -4.17769e-06, -0.000298507), (-0.9911454, -0.1327817, -0.000246881), (-0.9549401, -0.2100107, 0.209726),
            (-1, -4.17769e-06, -0.000298507), (-0.9549401, -0.2100107, 0.209726), (-0.9876077, -1.4462e-06, 0.1569432),
            (-0.9549401, -0.2100107, 0.209726), (-0.8228627, -0.5280963, 0.2097886), (-0.6291284, -0.3632254, 0.6872153),
            (-0.9549401, -0.2100107, 0.209726), (-0.6291284, -0.3632254, 0.6872153), (-0.7012708, -0.1879057, 0.687685),
            (-0.9876077, -1.4462e-06, 0.1569432), (-0.9549401, -0.2100107, 0.209726), (-0.7012708, -0.1879057, 0.687685),
            (-0.9876077, -1.4462e-06, 0.1569432), (-0.7012708, -0.1879057, 0.687685), (-0.7264616, 1.26978e-06, 0.6872071),
            (-0.7919608, -0.6105721, -0.000260348), (-0.7071074, -0.7071062, -0.000299178), (-0.6983414, -0.6983469, 0.156943),
            (-0.7919608, -0.6105721, -0.000260348), (-0.6983414, -0.6983469, 0.156943), (-0.8228627, -0.5280963, 0.2097886),
            (-0.7071074, -0.7071062, -0.000299178), (-0.5000005, -0.8660252, -0.000300752), (-0.4938056, -0.855289, 0.1569608),
            (-0.7071074, -0.7071062, -0.000299178), (-0.4938056, -0.855289, 0.1569608), (-0.6983414, -0.6983469, 0.156943),
            (-0.6983414, -0.6983469, 0.156943), (-0.4938056, -0.855289, 0.1569608), (-0.3632255, -0.6291219, 0.6872212),
            (-0.6983414, -0.6983469, 0.156943), (-0.3632255, -0.6291219, 0.6872212), (-0.513355, -0.5133493, 0.6877058),
            (-0.8228627, -0.5280963, 0.2097886), (-0.6983414, -0.6983469, 0.156943), (-0.513355, -0.5133493, 0.6877058),
            (-0.8228627, -0.5280963, 0.2097886), (-0.513355, -0.5133493, 0.6877058), (-0.6291284, -0.3632254, 0.6872153),
            (-0.5000005, -0.8660252, -0.000300752), (-0.2588228, -0.9659249, -0.000306107), (-0.2556107, -0.953955, 0.1569493),
            (-0.5000005, -0.8660252, -0.000300752), (-0.2556107, -0.953955, 0.1569493), (-0.4938056, -0.855289, 0.1569608),
            (-0.2588228, -0.9659249, -0.000306107), (-5.79037e-07, -1, -0.000297864), (5.03351e-07, -0.9876022, 0.1569773),
            (-0.2588228, -0.9659249, -0.000306107), (5.03351e-07, -0.9876022, 0.1569773), (-0.2556107, -0.953955, 0.1569493),
            (-0.2556107, -0.953955, 0.1569493), (5.03351e-07, -0.9876022, 0.1569773), (0, -0.7264362, 0.6872339),
            (-0.2556107, -0.953955, 0.1569493), (0, -0.7264362, 0.6872339), (-0.1878961, -0.7012201, 0.6877394),
            (-0.4938056, -0.855289, 0.1569608), (-0.2556107, -0.953955, 0.1569493), (-0.1878961, -0.7012201, 0.6877394),
            (-0.4938056, -0.855289, 0.1569608), (-0.1878961, -0.7012201, 0.6877394), (-0.3632255, -0.6291219, 0.6872212),
            (-5.79037e-07, -1, -0.000297864), (0.2588233, -0.9659247, -0.000303187), (0.2556095, -0.9539552, 0.1569495),
            (-5.79037e-07, -1, -0.000297864), (0.2556095, -0.9539552, 0.1569495), (5.03351e-07, -0.9876022, 0.1569773),
            (0.2588233, -0.9659247, -0.000303187), (0.500001, -0.8660249, -0.000300396), (0.4938095, -0.8552891, 0.1569482),
            (0.2588233, -0.9659247, -0.000303187), (0.4938095, -0.8552891, 0.1569482), (0.2556095, -0.9539552, 0.1569495),
            (0.2556095, -0.9539552, 0.1569495), (0.4938095, -0.8552891, 0.1569482), (0.3632209, -0.6291071, 0.6872372),
            (0.2556095, -0.9539552, 0.1569495), (0.3632209, -0.6291071, 0.6872372), (0.1878987, -0.7012432, 0.6877151),
            (5.03351e-07, -0.9876022, 0.1569773), (0.2556095, -0.9539552, 0.1569495), (0.1878987, -0.7012432, 0.6877151),
            (5.03351e-07, -0.9876022, 0.1569773), (0.1878987, -0.7012432, 0.6877151), (0, -0.7264362, 0.6872339),
            (0.500001, -0.8660249, -0.000300396), (0.7071092, -0.7071044, -0.000297781), (0.6983402, -0.6983481, 0.1569427),
            (0.500001, -0.8660249, -0.000300396), (0.6983402, -0.6983481, 0.1569427), (0.4938095, -0.8552891, 0.1569482),
            (0.7071092, -0.7071044, -0.000297781), (0.8660229, -0.5000045, -0.000270237), (0.8552902, -0.4938033, 0.1569628),
            (0.7071092, -0.7071044, -0.000297781), (0.8552902, -0.4938033, 0.1569628), (0.6983402, -0.6983481, 0.1569427),
            (0.6983402, -0.6983481, 0.1569427), (0.8552902, -0.4938033, 0.1569628), (0.6291106, -0.3632179, 0.6872356),
            (0.6983402, -0.6983481, 0.1569427), (0.6291106, -0.3632179, 0.6872356), (0.513337, -0.513335, 0.68773),
            (0.4938095, -0.8552891, 0.1569482), (0.6983402, -0.6983481, 0.1569427), (0.513337, -0.513335, 0.68773),
            (0.4938095, -0.8552891, 0.1569482), (0.513337, -0.513335, 0.68773), (0.3632209, -0.6291071, 0.6872372),
            (0.8660229, -0.5000045, -0.000270237), (0.965925, -0.2588223, -0.000295425), (0.9539543, -0.2556137, 0.1569487),
            (0.8660229, -0.5000045, -0.000270237), (0.9539543, -0.2556137, 0.1569487), (0.8552902, -0.4938033, 0.1569628),
            (0.965925, -0.2588223, -0.000295425), (1, 1.29207e-06, -0.000300751), (0.9876075, 1.59598e-06, 0.1569441),
            (0.965925, -0.2588223, -0.000295425), (0.9876075, 1.59598e-06, 0.1569441), (0.9539543, -0.2556137, 0.1569487),
            (0.9539543, -0.2556137, 0.1569487), (0.9876075, 1.59598e-06, 0.1569441), (0.7264294, 9.36623e-07, 0.6872411),
            (0.9539543, -0.2556137, 0.1569487), (0.7264294, 9.36623e-07, 0.6872411), (0.7012227, -0.187897, 0.6877365),
            (0.8552902, -0.4938033, 0.1569628), (0.9539543, -0.2556137, 0.1569487), (0.7012227, -0.187897, 0.6877365),
            (0.8552902, -0.4938033, 0.1569628), (0.7012227, -0.187897, 0.6877365), (0.6291106, -0.3632179, 0.6872356),
            (1, 1.29207e-06, -0.000300751), (0.9659252, 0.2588215, -0.000294912), (0.9539549, 0.255612, 0.1569484),
            (1, 1.29207e-06, -0.000300751), (0.9539549, 0.255612, 0.1569484), (0.9876075, 1.59598e-06, 0.1569441),
            (0.9659252, 0.2588215, -0.000294912), (0.8660259, 0.4999992, -0.000297028), (0.855288, 0.4938061, 0.1569651),
            (0.9659252, 0.2588215, -0.000294912), (0.855288, 0.4938061, 0.1569651), (0.9539549, 0.255612, 0.1569484),
            (0.9539549, 0.255612, 0.1569484), (0.855288, 0.4938061, 0.1569651), (0.6291024, 0.3632091, 0.6872478),
            (0.9539549, 0.255612, 0.1569484), (0.6291024, 0.3632091, 0.6872478), (0.7012243, 0.1878963, 0.6877351),
            (0.9876075, 1.59598e-06, 0.1569441), (0.9539549, 0.255612, 0.1569484), (0.7012243, 0.1878963, 0.6877351),
            (0.9876075, 1.59598e-06, 0.1569441), (0.7012243, 0.1878963, 0.6877351), (0.7264294, 9.36623e-07, 0.6872411),
            (0.6291024, 0.3632091, 0.6872478), (0.513346, 0.5133498, 0.6877121), (0.03073269, 0.03073096, 0.9990552),
            (0.6291024, 0.3632091, 0.6872478), (0.03073269, 0.03073096, 0.9990552), (0.03838002, 0.02216184, 0.9990175),
            (0.513346, 0.5133498, 0.6877121), (0.3632158, 0.6291027, 0.6872439), (0.02214622, 0.03835666, 0.9990187),
            (0.513346, 0.5133498, 0.6877121), (0.02214622, 0.03835666, 0.9990187), (0.03073269, 0.03073096, 0.9990552),
            (0.03073269, 0.03073096, 0.9990552), (0.02214622, 0.03835666, 0.9990187), (-0.331381, -0.5739733, 0.7488267),
            (0.03073269, 0.03073096, 0.9990552), (-0.331381, -0.5739733, 0.7488267), (-0.4692758, -0.4692777, 0.7480365),
            (0.03838002, 0.02216184, 0.9990175), (0.03073269, 0.03073096, 0.9990552), (-0.4692758, -0.4692777, 0.7480365),
            (0.03838002, 0.02216184, 0.9990175), (-0.4692758, -0.4692777, 0.7480365), (-0.573992, -0.3313956, 0.7488058),
            (0.3632158, 0.6291027, 0.6872439), (0.1878933, 0.7012246, 0.6877356), (0.01124691, 0.04198235, 0.9990551),
            (0.3632158, 0.6291027, 0.6872439), (0.01124691, 0.04198235, 0.9990551), (0.02214622, 0.03835666, 0.9990187),
            (0.1878933, 0.7012246, 0.6877356), (4.61798e-07, 0.7264096, 0.6872621), (-6.9558e-07, 0.04430437, 0.9990181),
            (0.1878933, 0.7012246, 0.6877356), (-6.9558e-07, 0.04430437, 0.9990181), (0.01124691, 0.04198235, 0.9990551),
            (0.01124691, 0.04198235, 0.9990551), (-6.9558e-07, 0.04430437, 0.9990181), (-1.26282e-06, -0.6627494, 0.7488414),
            (0.01124691, 0.04198235, 0.9990551), (-1.26282e-06, -0.6627494, 0.7488414), (-0.1717694, -0.6410601, 0.7480222),
            (0.02214622, 0.03835666, 0.9990187), (0.01124691, 0.04198235, 0.9990551), (-0.1717694, -0.6410601, 0.7480222),
            (0.02214622, 0.03835666, 0.9990187), (-0.1717694, -0.6410601, 0.7480222), (-0.331381, -0.5739733, 0.7488267),
            (4.61798e-07, 0.7264096, 0.6872621), (-0.1879045, 0.701247, 0.6877096), (-0.01126348, 0.04201781, 0.9990534),
            (4.61798e-07, 0.7264096, 0.6872621), (-0.01126348, 0.04201781, 0.9990534), (-6.9558e-07, 0.04430437, 0.9990181),
            (-0.1879045, 0.701247, 0.6877096), (-0.3632168, 0.6291189, 0.6872285), (-0.0221486, 0.0383659, 0.9990183),
            (-0.1879045, 0.701247, 0.6877096), (-0.0221486, 0.0383659, 0.9990183), (-0.01126348, 0.04201781, 0.9990534),
            (-0.01126348, 0.04201781, 0.9990534), (-0.0221486, 0.0383659, 0.9990183), (0.2294159, -0.4826362, 0.8452401),
            (-0.01126348, 0.04201781, 0.9990534), (0.2294159, -0.4826362, 0.8452401), (0.1717654, -0.641059, 0.7480241),
            (-6.9558e-07, 0.04430437, 0.9990181), (-0.01126348, 0.04201781, 0.9990534), (0.1717654, -0.641059, 0.7480241),
            (-6.9558e-07, 0.04430437, 0.9990181), (0.1717654, -0.641059, 0.7480241), (-1.26282e-06, -0.6627494, 0.7488414),
            (-0.3632168, 0.6291189, 0.6872285), (-0.5133669, 0.5133619, 0.6876874), (-0.0307362, 0.0307343, 0.9990549),
            (-0.3632168, 0.6291189, 0.6872285), (-0.0307362, 0.0307343, 0.9990549), (-0.0221486, 0.0383659, 0.9990183),
            (-0.5133669, 0.5133619, 0.6876874), (-0.6291246, 0.3632283, 0.6872172), (-0.03836375, 0.02215033, 0.9990184),
            (-0.5133669, 0.5133619, 0.6876874), (-0.03836375, 0.02215033, 0.9990184), (-0.0307362, 0.0307343, 0.9990549),
            (-0.0307362, 0.0307343, 0.9990549), (-0.03836375, 0.02215033, 0.9990184), (0.4826475, -0.2294167, 0.8452333),
            (-0.0307362, 0.0307343, 0.9990549), (0.4826475, -0.2294167, 0.8452333), (0.1996092, -0.1996097, 0.959329),
            (-0.0221486, 0.0383659, 0.9990183), (-0.0307362, 0.0307343, 0.9990549), (0.1996092, -0.1996097, 0.959329),
            (-0.0221486, 0.0383659, 0.9990183), (0.1996092, -0.1996097, 0.959329), (0.2294159, -0.4826362, 0.8452401),
            (-0.6291246, 0.3632283, 0.6872172), (-0.7012704, 0.1879051, 0.6876857), (-0.04198521, 0.011249, 0.9990549),
            (-0.6291246, 0.3632283, 0.6872172), (-0.04198521, 0.011249, 0.9990549), (-0.03836375, 0.02215033, 0.9990184),
            (-0.7012704, 0.1879051, 0.6876857), (-0.7264616, 1.26978e-06, 0.6872071), (-0.04431128, 0, 0.9990178),
            (-0.7012704, 0.1879051, 0.6876857), (-0.04431128, 0, 0.9990178), (-0.04198521, 0.011249, 0.9990549),
            (-0.04198521, 0.011249, 0.9990549), (-0.04431128, 0, 0.9990178), (0.6628162, 1.20825e-06, 0.7487822),
            (-0.04198521, 0.011249, 0.9990549), (0.6628162, 1.20825e-06, 0.7487822), (0.6410866, -0.1717792, 0.7479972),
            (-0.03836375, 0.02215033, 0.9990184), (-0.04198521, 0.011249, 0.9990549), (0.6410866, -0.1717792, 0.7479972),
            (-0.03836375, 0.02215033, 0.9990184), (0.6410866, -0.1717792, 0.7479972), (0.4826475, -0.2294167, 0.8452333),
            (-0.7264616, 1.26978e-06, 0.6872071), (-0.7012708, -0.1879057, 0.687685), (-0.04198837, -0.01124948, 0.9990548),
            (-0.7264616, 1.26978e-06, 0.6872071), (-0.04198837, -0.01124948, 0.9990548), (-0.04431128, 0, 0.9990178),
            (-0.7012708, -0.1879057, 0.687685), (-0.6291284, -0.3632254, 0.6872153), (-0.03836745, -0.02214938, 0.9990183),
            (-0.7012708, -0.1879057, 0.687685), (-0.03836745, -0.02214938, 0.9990183), (-0.04198837, -0.01124948, 0.9990548),
            (-0.04198837, -0.01124948, 0.9990548), (-0.03836745, -0.02214938, 0.9990183), (0.5739921, 0.3313929, 0.748807),
            (-0.04198837, -0.01124948, 0.9990548), (0.5739921, 0.3313929, 0.748807), (0.6410822, 0.1717774, 0.7480014),
            (-0.04431128, 0, 0.9990178), (-0.04198837, -0.01124948, 0.9990548), (0.6410822, 0.1717774, 0.7480014),
            (-0.04431128, 0, 0.9990178), (0.6410822, 0.1717774, 0.7480014), (0.6628162, 1.20825e-06, 0.7487822),
            (-0.6291284, -0.3632254, 0.6872153), (-0.513355, -0.5133493, 0.6877058), (-0.0307362, -0.03073507, 0.9990549),
            (-0.6291284, -0.3632254, 0.6872153), (-0.0307362, -0.03073507, 0.9990549), (-0.03836745, -0.02214938, 0.9990183),
            (-0.513355, -0.5133493, 0.6877058), (-0.3632255, -0.6291219, 0.6872212), (-0.0221768, -0.03841191, 0.9990159),
            (-0.513355, -0.5133493, 0.6877058), (-0.0221768, -0.03841191, 0.9990159), (-0.0307362, -0.03073507, 0.9990549),
            (-0.0307362, -0.03073507, 0.9990549), (-0.0221768, -0.03841191, 0.9990159), (0.3313797, 0.5739697, 0.74883),
            (-0.0307362, -0.03073507, 0.9990549), (0.3313797, 0.5739697, 0.74883), (0.4692884, 0.4692908, 0.7480204),
            (-0.03836745, -0.02214938, 0.9990183), (-0.0307362, -0.03073507, 0.9990549), (0.4692884, 0.4692908, 0.7480204),
            (-0.03836745, -0.02214938, 0.9990183), (0.4692884, 0.4692908, 0.7480204), (0.5739921, 0.3313929, 0.748807),
            (-0.3632255, -0.6291219, 0.6872212), (-0.1878961, -0.7012201, 0.6877394), (-0.0112527, -0.04198324, 0.999055),
            (-0.3632255, -0.6291219, 0.6872212), (-0.0112527, -0.04198324, 0.999055), (-0.0221768, -0.03841191, 0.9990159),
            (-0.1878961, -0.7012201, 0.6877394), (0, -0.7264362, 0.6872339), (-1.80992e-06, -0.0443089, 0.999018),
            (-0.1878961, -0.7012201, 0.6877394), (-1.80992e-06, -0.0443089, 0.999018), (-0.0112527, -0.04198324, 0.999055),
            (-0.0112527, -0.04198324, 0.999055), (-1.80992e-06, -0.0443089, 0.999018), (-3.20641e-06, 0.6628088, 0.7487887),
            (-0.0112527, -0.04198324, 0.999055), (-3.20641e-06, 0.6628088, 0.7487887), (0.1717697, 0.6410577, 0.7480242),
            (-0.0221768, -0.03841191, 0.9990159), (-0.0112527, -0.04198324, 0.999055), (0.1717697, 0.6410577, 0.7480242),
            (-0.0221768, -0.03841191, 0.9990159), (0.1717697, 0.6410577, 0.7480242), (0.3313797, 0.5739697, 0.74883),
            (0, -0.7264362, 0.6872339), (0.1878987, -0.7012432, 0.6877151), (0.01125198, -0.04198652, 0.9990548),
            (0, -0.7264362, 0.6872339), (0.01125198, -0.04198652, 0.9990548), (-1.80992e-06, -0.0443089, 0.999018),
            (0.1878987, -0.7012432, 0.6877151), (0.3632209, -0.6291071, 0.6872372), (0.02215933, -0.03837621, 0.9990177),
            (0.1878987, -0.7012432, 0.6877151), (0.02215933, -0.03837621, 0.9990177), (0.01125198, -0.04198652, 0.9990548),
            (0.01125198, -0.04198652, 0.9990548), (0.02215933, -0.03837621, 0.9990177), (-0.3313939, 0.5739921, 0.7488065),
            (0.01125198, -0.04198652, 0.9990548), (-0.3313939, 0.5739921, 0.7488065), (-0.1717797, 0.6410831, 0.7480002),
            (-1.80992e-06, -0.0443089, 0.999018), (0.01125198, -0.04198652, 0.9990548), (-0.1717797, 0.6410831, 0.7480002),
            (-1.80992e-06, -0.0443089, 0.999018), (-0.1717797, 0.6410831, 0.7480002), (-3.20641e-06, 0.6628088, 0.7487887),
            (0.3632209, -0.6291071, 0.6872372), (0.513337, -0.513335, 0.68773), (0.03073, -0.03073203, 0.9990552),
            (0.3632209, -0.6291071, 0.6872372), (0.03073, -0.03073203, 0.9990552), (0.02215933, -0.03837621, 0.9990177),
            (0.513337, -0.513335, 0.68773), (0.6291106, -0.3632179, 0.6872356), (0.03837674, -0.02215737, 0.9990177),
            (0.513337, -0.513335, 0.68773), (0.03837674, -0.02215737, 0.9990177), (0.03073, -0.03073203, 0.9990552),
            (0.03073, -0.03073203, 0.9990552), (0.03837674, -0.02215737, 0.9990177), (-0.5739933, 0.3313922, 0.7488064),
            (0.03073, -0.03073203, 0.9990552), (-0.5739933, 0.3313922, 0.7488064), (-0.4692745, 0.4692759, 0.7480385),
            (0.02215933, -0.03837621, 0.9990177), (0.03073, -0.03073203, 0.9990552), (-0.4692745, 0.4692759, 0.7480385),
            (0.02215933, -0.03837621, 0.9990177), (-0.4692745, 0.4692759, 0.7480385), (-0.3313939, 0.5739921, 0.7488065),
            (0.6291106, -0.3632179, 0.6872356), (0.7012227, -0.187897, 0.6877365), (0.04198205, -0.01124793, 0.9990552),
            (0.6291106, -0.3632179, 0.6872356), (0.04198205, -0.01124793, 0.9990552), (0.03837674, -0.02215737, 0.9990177),
            (0.7012227, -0.187897, 0.6877365), (0.7264294, 9.36623e-07, 0.6872411), (0.04429286, -6.20296e-07, 0.9990186),
            (0.7012227, -0.187897, 0.6877365), (0.04429286, -6.20296e-07, 0.9990186), (0.04198205, -0.01124793, 0.9990552),
            (0.04198205, -0.01124793, 0.9990552), (0.04429286, -6.20296e-07, 0.9990186), (-0.6627843, -1.22646e-06, 0.7488104),
            (0.04198205, -0.01124793, 0.9990552), (-0.6627843, -1.22646e-06, 0.7488104), (-0.6410591, 0.1717712, 0.7480227),
            (0.03837674, -0.02215737, 0.9990177), (0.04198205, -0.01124793, 0.9990552), (-0.6410591, 0.1717712, 0.7480227),
            (0.03837674, -0.02215737, 0.9990177), (-0.6410591, 0.1717712, 0.7480227), (-0.5739933, 0.3313922, 0.7488064),
            (0.7264294, 9.36623e-07, 0.6872411), (0.7012243, 0.1878963, 0.6877351), (0.04198169, 0.01124793, 0.9990551),
            (0.7264294, 9.36623e-07, 0.6872411), (0.04198169, 0.01124793, 0.9990551), (0.04429286, -6.20296e-07, 0.9990186),
            (0.7012243, 0.1878963, 0.6877351), (0.6291024, 0.3632091, 0.6872478), (0.03838002, 0.02216184, 0.9990175),
            (0.7012243, 0.1878963, 0.6877351), (0.03838002, 0.02216184, 0.9990175), (0.04198169, 0.01124793, 0.9990551),
            (0.04198169, 0.01124793, 0.9990551), (0.03838002, 0.02216184, 0.9990175), (-0.573992, -0.3313956, 0.7488058),
            (0.04198169, 0.01124793, 0.9990551), (-0.573992, -0.3313956, 0.7488058), (-0.6410597, -0.1717696, 0.7480226),
            (0.04429286, -6.20296e-07, 0.9990186), (0.04198169, 0.01124793, 0.9990551), (-0.6410597, -0.1717696, 0.7480226),
            (0.04429286, -6.20296e-07, 0.9990186), (-0.6410597, -0.1717696, 0.7480226), (-0.6627843, -1.22646e-06, 0.7488104),
            (-0.573992, -0.3313956, 0.7488058), (-0.4692758, -0.4692777, 0.7480365), (-0.511058, -0.5031933, 0.6968618),
            (-0.573992, -0.3313956, 0.7488058), (-0.511058, -0.5031933, 0.6968618), (-0.6432892, -0.3793943, 0.6650106),
            (-0.4692758, -0.4692777, 0.7480365), (-0.331381, -0.5739733, 0.7488267), (-0.3673958, -0.6501848, 0.6650415),
            (-0.4692758, -0.4692777, 0.7480365), (-0.3673958, -0.6501848, 0.6650415), (-0.511058, -0.5031933, 0.6968618),
            (-0.511058, -0.5031933, 0.6968618), (-0.3673958, -0.6501848, 0.6650415), (-0.1900791, -0.3646192, 0.9115496),
            (-0.511058, -0.5031933, 0.6968618), (-0.1900791, -0.3646192, 0.9115496), (-0.2374671, -0.2200942, 0.9461333),
            (-0.6432892, -0.3793943, 0.6650106), (-0.511058, -0.5031933, 0.6968618), (-0.2374671, -0.2200942, 0.9461333),
            (-0.6432892, -0.3793943, 0.6650106), (-0.2374671, -0.2200942, 0.9461333), (-0.3469111, -0.2207182, 0.911557),
            (-0.331381, -0.5739733, 0.7488267), (-0.1717694, -0.6410601, 0.7480222), (-0.1909996, -0.6913264, 0.6968407),
            (-0.331381, -0.5739733, 0.7488267), (-0.1909996, -0.6913264, 0.6968407), (-0.3673958, -0.6501848, 0.6650415),
            (-0.1717694, -0.6410601, 0.7480222), (-1.26282e-06, -0.6627494, 0.7488414), (0.006917834, -0.7467629, 0.6650545),
            (-0.1717694, -0.6410601, 0.7480222), (0.006917834, -0.7467629, 0.6650545), (-0.1909996, -0.6913264, 0.6968407),
            (-0.1909996, -0.6913264, 0.6968407), (0.006917834, -0.7467629, 0.6650545), (0.01769429, -0.4108093, 0.9115496),
            (-0.1909996, -0.6913264, 0.6968407), (0.01769429, -0.4108093, 0.9115496), (-0.09560656, -0.3093432, 0.9461323),
            (-0.3673958, -0.6501848, 0.6650415), (-0.1909996, -0.6913264, 0.6968407), (-0.09560656, -0.3093432, 0.9461323),
            (-0.3673958, -0.6501848, 0.6650415), (-0.09560656, -0.3093432, 0.9461323), (-0.1900791, -0.3646192, 0.9115496),
            (-1.26282e-06, -0.6627494, 0.7488414), (0.1717654, -0.641059, 0.7480241), (0.1802545, -0.6942048, 0.6968415),
            (-1.26282e-06, -0.6627494, 0.7488414), (0.1802545, -0.6942048, 0.6968415), (0.006917834, -0.7467629, 0.6650545),
            (0.1717654, -0.641059, 0.7480241), (0.2294159, -0.4826362, 0.8452401), (0.2866845, -0.6966099, 0.6576828),
            (0.1717654, -0.641059, 0.7480241), (0.2866845, -0.6966099, 0.6576828), (0.1802545, -0.6942048, 0.6968415),
            (0.1802545, -0.6942048, 0.6968415), (0.2866845, -0.6966099, 0.6576828), (0.14955, -0.376168, 0.9144028),
            (0.1802545, -0.6942048, 0.6968415), (0.14955, -0.376168, 0.9144028), (0.07187312, -0.3157026, 0.9461323),
            (0.006917834, -0.7467629, 0.6650545), (0.1802545, -0.6942048, 0.6968415), (0.07187312, -0.3157026, 0.9461323),
            (0.006917834, -0.7467629, 0.6650545), (0.07187312, -0.3157026, 0.9461323), (0.01769429, -0.4108093, 0.9115496),
            (0.5741671, -0.7447424, 0.3401338), (0.6642981, -0.664301, 0.3426547), (0.5031836, -0.5110523, 0.6968729),
            (0.5741671, -0.7447424, 0.3401338), (0.5031836, -0.5110523, 0.6968729), (0.4680774, -0.5822355, 0.6647597),
            (0.6642981, -0.664301, 0.3426547), (0.7447633, -0.5741701, 0.3400828), (0.5965832, -0.4599418, 0.6576793),
            (0.6642981, -0.664301, 0.3426547), (0.5965832, -0.4599418, 0.6576793), (0.5031836, -0.5110523, 0.6968729),
            (0.5031836, -0.5110523, 0.6968729), (0.5965832, -0.4599418, 0.6576793), (0.3175649, -0.2509828, 0.9144181),
            (0.5031836, -0.5110523, 0.6968729), (0.3175649, -0.2509828, 0.9144181), (0.2200955, -0.2374675, 0.9461327),
            (0.4680774, -0.5822355, 0.6647597), (0.5031836, -0.5110523, 0.6968729), (0.2200955, -0.2374675, 0.9461327),
            (0.4680774, -0.5822355, 0.6647597), (0.2200955, -0.2374675, 0.9461327), (0.2906149, -0.3156152, 0.9032886),
            (0.4826475, -0.2294167, 0.8452333), (0.6410866, -0.1717792, 0.7479972), (0.6913098, -0.1909987, 0.6968575),
            (0.4826475, -0.2294167, 0.8452333), (0.6913098, -0.1909987, 0.6968575), (0.6964873, -0.2701949, 0.6647558),
            (0.6410866, -0.1717792, 0.7479972), (0.6628162, 1.20825e-06, 0.7487822), (0.7467797, 0.006919145, 0.6650356),
            (0.6410866, -0.1717792, 0.7479972), (0.7467797, 0.006919145, 0.6650356), (0.6913098, -0.1909987, 0.6968575),
            (0.6913098, -0.1909987, 0.6968575), (0.7467797, 0.006919145, 0.6650356), (0.4107603, 0.01769006, 0.9115718),
            (0.6913098, -0.1909987, 0.6968575), (0.4107603, 0.01769006, 0.9115718), (0.309316, -0.09559804, 0.9461421),
            (0.6964873, -0.2701949, 0.6647558), (0.6913098, -0.1909987, 0.6968575), (0.309316, -0.09559804, 0.9461421),
            (0.6964873, -0.2701949, 0.6647558), (0.309316, -0.09559804, 0.9461421), (0.4094541, -0.1280154, 0.9033047),
            (0.6628162, 1.20825e-06, 0.7487822), (0.6410822, 0.1717774, 0.7480014), (0.6941915, 0.1802538, 0.696855),
            (0.6628162, 1.20825e-06, 0.7487822), (0.6941915, 0.1802538, 0.696855), (0.7467797, 0.006919145, 0.6650356),
            (0.6410822, 0.1717774, 0.7480014), (0.5739921, 0.3313929, 0.748807), (0.6432585, 0.3793801, 0.6650484),
            (0.6410822, 0.1717774, 0.7480014), (0.6432585, 0.3793801, 0.6650484), (0.6941915, 0.1802538, 0.696855),
            (0.6941915, 0.1802538, 0.696855), (0.6432585, 0.3793801, 0.6650484), (0.3469166, 0.2207283, 0.9115525),
            (0.6941915, 0.1802538, 0.696855), (0.3469166, 0.2207283, 0.9115525), (0.3156768, 0.07186871, 0.9461411),
            (0.7467797, 0.006919145, 0.6650356), (0.6941915, 0.1802538, 0.696855), (0.3156768, 0.07186871, 0.9461411),
            (0.7467797, 0.006919145, 0.6650356), (0.3156768, 0.07186871, 0.9461411), (0.4107603, 0.01769006, 0.9115718),
            (0.5739921, 0.3313929, 0.748807), (0.4692884, 0.4692908, 0.7480204), (0.5110487, 0.5031814, 0.6968771),
            (0.5739921, 0.3313929, 0.748807), (0.5110487, 0.5031814, 0.6968771), (0.6432585, 0.3793801, 0.6650484),
            (0.4692884, 0.4692908, 0.7480204), (0.3313797, 0.5739697, 0.74883), (0.3673946, 0.6501879, 0.665039),
            (0.4692884, 0.4692908, 0.7480204), (0.3673946, 0.6501879, 0.665039), (0.5110487, 0.5031814, 0.6968771),
            (0.5110487, 0.5031814, 0.6968771), (0.3673946, 0.6501879, 0.665039), (0.1900752, 0.3646195, 0.9115504),
            (0.5110487, 0.5031814, 0.6968771), (0.1900752, 0.3646195, 0.9115504), (0.2374684, 0.2200952, 0.9461326),
            (0.6432585, 0.3793801, 0.6650484), (0.5110487, 0.5031814, 0.6968771), (0.2374684, 0.2200952, 0.9461326),
            (0.6432585, 0.3793801, 0.6650484), (0.2374684, 0.2200952, 0.9461326), (0.3469166, 0.2207283, 0.9115525),
            (0.3313797, 0.5739697, 0.74883), (0.1717697, 0.6410577, 0.7480242), (0.190998, 0.6913135, 0.696854),
            (0.3313797, 0.5739697, 0.74883), (0.190998, 0.6913135, 0.696854), (0.3673946, 0.6501879, 0.665039),
            (0.1717697, 0.6410577, 0.7480242), (-3.20641e-06, 0.6628088, 0.7487887), (-0.006918609, 0.746776, 0.6650397),
            (0.1717697, 0.6410577, 0.7480242), (-0.006918609, 0.746776, 0.6650397), (0.190998, 0.6913135, 0.696854),
            (0.190998, 0.6913135, 0.696854), (-0.006918609, 0.746776, 0.6650397), (-0.01769173, 0.4107653, 0.9115695),
            (0.190998, 0.6913135, 0.696854), (-0.01769173, 0.4107653, 0.9115695), (0.09559822, 0.3093176, 0.9461416),
            (0.3673946, 0.6501879, 0.665039), (0.190998, 0.6913135, 0.696854), (0.09559822, 0.3093176, 0.9461416),
            (0.3673946, 0.6501879, 0.665039), (0.09559822, 0.3093176, 0.9461416), (0.1900752, 0.3646195, 0.9115504),
            (-3.20641e-06, 0.6628088, 0.7487887), (-0.1717797, 0.6410831, 0.7480002), (-0.1802445, 0.6941868, 0.696862),
            (-3.20641e-06, 0.6628088, 0.7487887), (-0.1802445, 0.6941868, 0.696862), (-0.006918609, 0.746776, 0.6650397),
            (-0.1717797, 0.6410831, 0.7480002), (-0.3313939, 0.5739921, 0.7488065), (-0.3793877, 0.6432791, 0.6650241),
            (-0.1717797, 0.6410831, 0.7480002), (-0.3793877, 0.6432791, 0.6650241), (-0.1802445, 0.6941868, 0.696862),
            (-0.1802445, 0.6941868, 0.696862), (-0.3793877, 0.6432791, 0.6650241), (-0.2207027, 0.346886, 0.9115704),
            (-0.1802445, 0.6941868, 0.696862), (-0.2207027, 0.346886, 0.9115704), (-0.07186806, 0.3156731, 0.9461424),
            (-0.006918609, 0.746776, 0.6650397), (-0.1802445, 0.6941868, 0.696862), (-0.07186806, 0.3156731, 0.9461424),
            (-0.006918609, 0.746776, 0.6650397), (-0.07186806, 0.3156731, 0.9461424), (-0.01769173, 0.4107653, 0.9115695),
            (-0.3313939, 0.5739921, 0.7488065), (-0.4692745, 0.4692759, 0.7480385), (-0.503181, 0.5110518, 0.6968752),
            (-0.3313939, 0.5739921, 0.7488065), (-0.503181, 0.5110518, 0.6968752), (-0.3793877, 0.6432791, 0.6650241),
            (-0.4692745, 0.4692759, 0.7480385), (-0.5739933, 0.3313922, 0.7488064), (-0.6502085, 0.3674045, 0.6650134),
            (-0.4692745, 0.4692759, 0.7480385), (-0.6502085, 0.3674045, 0.6650134), (-0.503181, 0.5110518, 0.6968752),
            (-0.503181, 0.5110518, 0.6968752), (-0.6502085, 0.3674045, 0.6650134), (-0.3646037, 0.1900749, 0.9115568),
            (-0.503181, 0.5110518, 0.6968752), (-0.3646037, 0.1900749, 0.9115568), (-0.2200747, 0.23745, 0.946142),
            (-0.3793877, 0.6432791, 0.6650241), (-0.503181, 0.5110518, 0.6968752), (-0.2200747, 0.23745, 0.946142),
            (-0.3793877, 0.6432791, 0.6650241), (-0.2200747, 0.23745, 0.946142), (-0.2207027, 0.346886, 0.9115704),
            (-0.5739933, 0.3313922, 0.7488064), (-0.6410591, 0.1717712, 0.7480227), (-0.6913235, 0.1910009, 0.6968432),
            (-0.5739933, 0.3313922, 0.7488064), (-0.6913235, 0.1910009, 0.6968432), (-0.6502085, 0.3674045, 0.6650134),
            (-0.6410591, 0.1717712, 0.7480227), (-0.6627843, -1.22646e-06, 0.7488104), (-0.7467914, -0.006919801, 0.6650224),
            (-0.6410591, 0.1717712, 0.7480227), (-0.7467914, -0.006919801, 0.6650224), (-0.6913235, 0.1910009, 0.6968432),
            (-0.6913235, 0.1910009, 0.6968432), (-0.7467914, -0.006919801, 0.6650224), (-0.4107952, -0.01769179, 0.9115561),
            (-0.6913235, 0.1910009, 0.6968432), (-0.4107952, -0.01769179, 0.9115561), (-0.3093407, 0.09560447, 0.9461333),
            (-0.6502085, 0.3674045, 0.6650134), (-0.6913235, 0.1910009, 0.6968432), (-0.3093407, 0.09560447, 0.9461333),
            (-0.6502085, 0.3674045, 0.6650134), (-0.3093407, 0.09560447, 0.9461333), (-0.3646037, 0.1900749, 0.9115568),
            (-0.6627843, -1.22646e-06, 0.7488104), (-0.6410597, -0.1717696, 0.7480226), (-0.6942019, -0.1802545, 0.6968443),
            (-0.6627843, -1.22646e-06, 0.7488104), (-0.6942019, -0.1802545, 0.6968443), (-0.7467914, -0.006919801, 0.6650224),
            (-0.6410597, -0.1717696, 0.7480226), (-0.573992, -0.3313956, 0.7488058), (-0.6432892, -0.3793943, 0.6650106),
            (-0.6410597, -0.1717696, 0.7480226), (-0.6432892, -0.3793943, 0.6650106), (-0.6942019, -0.1802545, 0.6968443),
            (-0.6942019, -0.1802545, 0.6968443), (-0.6432892, -0.3793943, 0.6650106), (-0.3469111, -0.2207182, 0.911557),
            (-0.6942019, -0.1802545, 0.6968443), (-0.3469111, -0.2207182, 0.911557), (-0.3156989, -0.07187455, 0.9461333),
            (-0.7467914, -0.006919801, 0.6650224), (-0.6942019, -0.1802545, 0.6968443), (-0.3156989, -0.07187455, 0.9461333),
            (-0.7467914, -0.006919801, 0.6650224), (-0.3156989, -0.07187455, 0.9461333), (-0.4107952, -0.01769179, 0.9115561)
        ] (
            interpolation = "faceVarying"
        )
        point3f[] points = [
            (0.02872782, 0.01697319, 0.02288866), (0.02345365, 0.02381438, 0.0228886), (0.02345365, 0.02381438, 0.03777397),
            (0.02872782, 0.01697319, 0.03777397), (0.01661247, 0.02908867, 0.0228886), (0.01661247, 0.02908867, 0.03777391),
            (0.01661247, 0.02908867, 0.05540746), (0.02345365, 0.02381438, 0.05540746), (0.02872782, 0.01697319, 0.05540746),
            (0.008624255, 0.03237617, 0.0228886), (0.008624255, 0.03237617, 0.03777391), (6.25195e-05, 0.03352326, 0.0228886),
            (6.25195e-05, 0.03352326, 0.03777397), (6.25195e-05, 0.03352326, 0.05540746), (0.008624255, 0.03237617, 0.05540746),
            (-0.008499205, 0.03237617, 0.0228886), (-0.008499205, 0.03237617, 0.03777397), (-0.01648741, 0.02908867, 0.0228886),
            (-0.01648741, 0.02908867, 0.03777397), (-0.01648741, 0.02908867, 0.05540746), (-0.008499205, 0.03237617, 0.05540746),
            (-0.0233286, 0.02381438, 0.0228886), (-0.0233286, 0.02381438, 0.03777397), (-0.02860283, 0.01697319, 0.0228886),
            (-0.02860283, 0.01697319, 0.03777397), (-0.02860283, 0.01697319, 0.05540746), (-0.0233286, 0.02381438, 0.05540746),
            (-0.03189039, 0.008985042, 0.0228886), (-0.03189039, 0.008985042, 0.03777397), (-0.03303742, 0.000423302, 0.0228886),
            (-0.03303742, 0.000423302, 0.03777397), (-0.03303742, 0.000423286, 0.05540746), (-0.03189039, 0.008985042, 0.05540746),
            (-0.03189039, -0.008138418, 0.0228886), (-0.03189039, -0.008138418, 0.03777397), (-0.02860283, -0.01612669, 0.0228886),
            (-0.02860283, -0.01612669, 0.03777391), (-0.02860283, -0.01612669, 0.05540746), (-0.03189039, -0.008138418, 0.05540746),
            (-0.02332866, -0.02296787, 0.0228886), (-0.02332866, -0.02296787, 0.03777397), (-0.01648741, -0.02824211, 0.0228886),
            (-0.01648741, -0.02824211, 0.03777397), (-0.01648741, -0.02824211, 0.05540746), (-0.02332866, -0.02296787, 0.05540746),
            (-0.008499264, -0.0315296, 0.0228886), (-0.008499264, -0.0315296, 0.03777397), (6.25087e-05, -0.03267663, 0.0228886),
            (6.25087e-05, -0.03267663, 0.03777391), (6.25087e-05, -0.03267663, 0.05540746), (-0.008499264, -0.0315296, 0.05540746),
            (6.25087e-05, -0.03267663, 0.0228886), (0.008624255, -0.0315296, 0.0228886), (0.008624255, -0.0315296, 0.03777391),
            (6.25087e-05, -0.03267663, 0.03777391), (0.01661247, -0.02824211, 0.0228886), (0.01661247, -0.02824211, 0.03777397),
            (0.01661247, -0.02824211, 0.05540746), (0.008624255, -0.0315296, 0.05540746), (6.25087e-05, -0.03267663, 0.05540746),
            (0.02345365, -0.02296787, 0.0228886), (0.02345365, -0.02296787, 0.03777397), (0.02872788, -0.01612669, 0.0228886),
            (0.02872788, -0.01612669, 0.03777397), (0.02872788, -0.01612669, 0.05540746), (0.02345365, -0.02296787, 0.05540746),
            (0.03201544, -0.008138418, 0.0228886), (0.03201544, -0.008138418, 0.03777397), (0.03316247, 0.000423302, 0.0228886),
            (0.03316247, 0.000423302, 0.03777397), (0.03316247, 0.000423302, 0.05540746), (0.03201544, -0.008138418, 0.05540746),
            (0.03201544, 0.008985042, 0.02288866), (0.03201538, 0.008985042, 0.03777397), (0.03201538, 0.008985042, 0.05540746),
            (0.02872782, 0.01697319, 0.08685129), (0.02345365, 0.02381438, 0.08685129), (0.02345365, 0.02381438, 0.09667652),
            (0.02872782, 0.01697319, 0.09667652), (0.01661247, 0.02908867, 0.08685129), (0.01661247, 0.02908867, 0.09667652),
            (0.01649224, 0.02888059, 0.10292303), (0.02328377, 0.02364462, 0.10292303), (0.02851969, 0.01685309, 0.10292303),
            (0.008624255, 0.03237617, 0.08685129), (0.008624255, 0.03237617, 0.09667652), (6.25195e-05, 0.03352326, 0.08685129),
            (6.25195e-05, 0.03352326, 0.09667652), (6.25195e-05, 0.03328287, 0.10292303), (0.008562088, 0.03214412, 0.10292303),
            (-0.008499205, 0.03237617, 0.08685129), (-0.008499205, 0.03237617, 0.09667652), (-0.01648741, 0.02908867, 0.08685129),
            (-0.01648741, 0.02908867, 0.09667652), (-0.01636731, 0.02888059, 0.10292297), (-0.008437037, 0.03214412, 0.10292297),
            (-0.0233286, 0.02381438, 0.08685123), (-0.0233286, 0.02381438, 0.09667646), (-0.02860283, 0.01697319, 0.08685123),
            (-0.02860283, 0.01697319, 0.09667652), (-0.02839469, 0.01685309, 0.10292297), (-0.02315872, 0.02364462, 0.10292297),
            (-0.03189039, 0.008985042, 0.08685129), (-0.03189039, 0.008985042, 0.09667652), (-0.03303742, 0.000423302, 0.08685129),
            (-0.03303742, 0.000423302, 0.09667652), (-0.03279709, 0.000423304, 0.10292297), (-0.03165841, 0.008922874, 0.10292297),
            (-0.03189039, -0.008138418, 0.08685129), (-0.03189039, -0.008138418, 0.09667652), (-0.02860283, -0.01612669, 0.08685129),
            (-0.02860283, -0.01612669, 0.09667652), (-0.02839469, -0.01600646, 0.10292297), (-0.03165841, -0.00807625, 0.10292297),
            (-0.02332866, -0.02296787, 0.08685129), (-0.02332866, -0.02296787, 0.09667652), (-0.01648741, -0.02824211, 0.08685129),
            (-0.01648741, -0.02824211, 0.09667652), (-0.01636731, -0.02803403, 0.10292297), (-0.02315878, -0.02279806, 0.10292297),
            (-0.008499264, -0.0315296, 0.08685129), (-0.008499264, -0.0315296, 0.09667658), (6.25087e-05, -0.03267663, 0.08685129),
            (6.25087e-05, -0.03267663, 0.09667658), (6.25195e-05, -0.03243637, 0.10292303), (-0.008437037, -0.03129762, 0.10292303),
            (6.25087e-05, -0.03267663, 0.08685129), (0.008624255, -0.0315296, 0.08685129), (0.008624255, -0.0315296, 0.09667658),
            (6.25087e-05, -0.03267663, 0.09667658), (0.01661247, -0.02824211, 0.08685129), (0.01661247, -0.02824211, 0.09667658),
            (0.01649224, -0.02803403, 0.10292303), (0.008562088, -0.03129762, 0.10292303), (6.25195e-05, -0.03243637, 0.10292303),
            (0.02345365, -0.02296787, 0.08685129), (0.02345365, -0.02296787, 0.09667658), (0.02872782, -0.01612669, 0.08685129),
            (0.02872782, -0.01612669, 0.09667658), (0.02851974, -0.01600646, 0.10292303), (0.02328377, -0.02279806, 0.10292303),
            (0.03201538, -0.008138418, 0.08685129), (0.03201544, -0.008138418, 0.09667658), (0.03316247, 0.000423302, 0.08685129),
            (0.03316247, 0.000423302, 0.09667652), (0.03292208, 0.000423304, 0.10292303), (0.03178346, -0.00807625, 0.10292303),
            (0.03201538, 0.008985042, 0.08685129), (0.03201538, 0.008985042, 0.09667652), (0.0317834, 0.008922874, 0.10292303),
            (0.02277427, 0.02313512, 0.10660725), (0.02789545, 0.0164926, 0.10660725), (0.01613181, 0.02825611, 0.10660725),
            (0.01562392, 0.02737653, 0.10892229), (0.02205646, 0.02241724, 0.10892229), (0.02701574, 0.01598477, 0.10892229),
            (0.008375585, 0.03144824, 0.10660725), (6.25195e-05, 0.03256189, 0.10660725), (6.25195e-05, 0.03154623, 0.10892229),
            (0.008112847, 0.03046762, 0.10892229), (-0.008250594, 0.03144824, 0.10660719), (-0.01600676, 0.02825611, 0.10660719),
            (-0.01549887, 0.02737653, 0.10892223), (-0.007987856, 0.03046762, 0.10892229), (-0.02264922, 0.02313512, 0.10660719),
            (-0.0277704, 0.0164926, 0.10660719), (-0.02689069, 0.01598477, 0.10892223), (-0.0219314, 0.02241724, 0.10892223),
            (-0.03096234, 0.008736371, 0.10660719), (-0.03207612, 0.000423304, 0.10660719), (-0.03106033, 0.000423304, 0.10892223),
            (-0.02998191, 0.008473634, 0.10892223), (-0.03096234, -0.007889807, 0.10660719), (-0.0277704, -0.01564604, 0.10660725),
            (-0.02689075, -0.01513808, 0.10892229), (-0.02998191, -0.00762701, 0.10892223), (-0.02264928, -0.02228856, 0.10660725),
            (-0.01600676, -0.02740961, 0.10660725), (-0.01549887, -0.0265299, 0.10892229), (-0.02193146, -0.02157074, 0.10892229),
            (-0.008250594, -0.03060168, 0.10660725), (6.25087e-05, -0.03171539, 0.10660725), (6.25087e-05, -0.03069967, 0.10892229),
            (-0.007987856, -0.02962112, 0.10892229), (0.008375585, -0.03060168, 0.10660725), (6.25087e-05, -0.03171539, 0.10660725),
            (0.01613181, -0.02740961, 0.10660725), (0.01562392, -0.0265299, 0.10892229), (0.008112847, -0.02962112, 0.10892229),
            (6.25087e-05, -0.03069967, 0.10892229), (0.02277427, -0.02228856, 0.10660725), (0.02789545, -0.01564604, 0.10660725),
            (0.02701574, -0.01513808, 0.10892229), (0.02205646, -0.02157074, 0.10892229), (0.03108739, -0.007889807, 0.10660725),
            (0.03220123, 0.000423304, 0.10660725), (0.03118538, 0.000423304, 0.10892229), (0.0301069, -0.00762701, 0.10892229),
            (0.03108739, 0.008736371, 0.10660725), (0.0301069, 0.008473634, 0.10892229), (0.02402228, 0.01425641, 0.1156001),
            (0.01961386, 0.01997458, 0.1156001), (0.01927053, 0.01963132, 0.11675267), (0.02360165, 0.01401352, 0.11675267),
            (0.01389569, 0.024383, 0.1156001), (0.0136528, 0.02396237, 0.11675267), (0.01348435, 0.02367073, 0.11786609),
            (0.01903247, 0.01939332, 0.11786609), (0.02330994, 0.01384508, 0.11786609), (0.007218778, 0.0271309, 0.1156001),
            (0.007093071, 0.02666199, 0.11675267), (6.25195e-05, 0.02808964, 0.1156001), (6.25195e-05, 0.02760392, 0.11675267),
            (6.25195e-05, 0.02726703, 0.11786609), (0.007005929, 0.02633678, 0.11786609), (-0.007093667, 0.0271309, 0.1156001),
            (-0.006968021, 0.02666199, 0.11675267), (-0.01377063, 0.024383, 0.11560004), (-0.01352781, 0.02396237, 0.11675261),
            (-0.0133593, 0.02367073, 0.11786603), (-0.006880939, 0.02633678, 0.11786609), (-0.01948881, 0.01997458, 0.11560004),
            (-0.01914548, 0.01963132, 0.11675261), (-0.02389729, 0.01425641, 0.11560004), (-0.0234766, 0.01401352, 0.11675261),
            (-0.02318489, 0.01384508, 0.11786603), (-0.01890742, 0.01939332, 0.11786603), (-0.02664506, 0.007579565, 0.11560004),
            (-0.02617621, 0.007453918, 0.11675261), (-0.02760386, 0.000423301, 0.11560004), (-0.02711808, 0.000423301, 0.11675261),
            (-0.02678126, 0.000423301, 0.11786603), (-0.02585101, 0.007366776, 0.11786603), (-0.02664506, -0.006732881, 0.11560004),
            (-0.02617621, -0.006607294, 0.11675261), (-0.02389729, -0.01340985, 0.11560004), (-0.0234766, -0.01316702, 0.11675261),
            (-0.02318489, -0.01299858, 0.11786603), (-0.02585101, -0.006520152, 0.11786603), (-0.01948881, -0.01912802, 0.11560004),
            (-0.01914548, -0.01878476, 0.11675261), (-0.01377063, -0.0235365, 0.11560004), (-0.01352781, -0.02311581, 0.11675261),
            (-0.01335936, -0.02282404, 0.11786603), (-0.01890748, -0.01854676, 0.11786603), (-0.007093787, -0.02628427, 0.1156001),
            (-0.00696814, -0.02581536, 0.11675267), (6.25087e-05, -0.02724301, 0.1156001), (6.25087e-05, -0.02675729, 0.11675267),
            (6.25087e-05, -0.02642053, 0.11786609), (-0.006880939, -0.02549028, 0.11786609), (6.25087e-05, -0.02724301, 0.1156001),
            (0.007218778, -0.02628427, 0.1156001), (0.007093071, -0.02581536, 0.11675267), (6.25087e-05, -0.02675729, 0.11675267),
            (0.01389569, -0.0235365, 0.1156001), (0.0136528, -0.02311581, 0.11675267), (0.01348435, -0.02282404, 0.11786609),
            (0.007005929, -0.02549028, 0.11786609), (6.25087e-05, -0.02642053, 0.11786609), (0.01961386, -0.01912802, 0.1156001),
            (0.01927053, -0.01878476, 0.11675267), (0.02402228, -0.01340985, 0.1156001), (0.02360165, -0.01316702, 0.11675267),
            (0.02330994, -0.01299858, 0.11786609), (0.01903247, -0.01854676, 0.11786609), (0.02677011, -0.006732881, 0.1156001),
            (0.0263012, -0.006607294, 0.11675267), (0.02772891, 0.000423301, 0.1156001), (0.02724307, 0.000423301, 0.11675267),
            (0.02690631, 0.000423301, 0.11786609), (0.02597606, -0.006520152, 0.11786609), (0.02677011, 0.007579565, 0.1156001),
            (0.0263012, 0.007453918, 0.11675267), (0.02597606, 0.007366776, 0.11786609), (-0.01371324, -0.02343702, 0.0042724),
            (-0.007064044, -0.02617347, 0.0042724), (-0.007721066, -0.02862554, 0.00634032), (-0.01498329, -0.02563685, 0.00634032),
            (6.25195e-05, -0.02712815, 0.0042724), (6.25195e-05, -0.02966839, 0.00634032), (6.25195e-05, -0.0319246, 0.0093053),
            (-0.008304715, -0.03080362, 0.0093053), (-0.01611143, -0.02759081, 0.0093053), (-0.02379775, -0.01335245, 0.0042724),
            (-0.01940757, -0.01904684, 0.0042724), (-0.02120274, -0.02084195, 0.00634032), (-0.02599757, -0.01462244, 0.00634032),
            (-0.0227971, -0.02243638, 0.0093053), (-0.02795153, -0.01575058, 0.0093053), (-0.02748894, 0.000423301, 0.0042724),
            (-0.02653414, -0.006703197, 0.0042724), (-0.02898639, -0.007360219, 0.00634032), (-0.03002911, 0.000423302, 0.00634032),
            (-0.03116434, -0.007943928, 0.0093053), (-0.03228539, 0.000423302, 0.0093053), (-0.02379775, 0.01419895, 0.0042724),
            (-0.02653414, 0.007549822, 0.0042724), (-0.02898639, 0.008206903, 0.00634032), (-0.02599757, 0.01546913, 0.00634032),
            (-0.03116434, 0.008790493, 0.0093053), (-0.02795153, 0.01659721, 0.0093053), (-0.01371324, 0.02428352, 0.0042724),
            (-0.01940757, 0.0198934, 0.0042724), (-0.02120274, 0.02168852, 0.00634032), (-0.01498323, 0.02648335, 0.00634032),
            (-0.0227971, 0.02328294, 0.0093053), (-0.01611143, 0.02843737, 0.0093053), (6.25195e-05, 0.02797478, 0.00427246),
            (-0.007064044, 0.02701997, 0.0042724), (-0.007721066, 0.02947217, 0.00634032), (6.25195e-05, 0.03051495, 0.00634032),
            (-0.008304715, 0.03165012, 0.0093053), (6.25195e-05, 0.03277117, 0.0093053), (0.01383823, 0.02428352, 0.00427246),
            (0.007189095, 0.02701997, 0.00427246), (0.007846117, 0.02947217, 0.00634032), (0.01510828, 0.02648335, 0.00634032),
            (0.008429706, 0.03165012, 0.0093053), (0.01623642, 0.02843737, 0.0093053), (0.0239228, 0.01419895, 0.0042724),
            (0.01953262, 0.0198934, 0.0042724), (0.02132773, 0.02168852, 0.00634032), (0.02612257, 0.01546913, 0.00634032),
            (0.02292209, 0.02328294, 0.0093053), (0.02807652, 0.01659721, 0.0093053), (0.02761399, 0.000423301, 0.0042724),
            (0.02665925, 0.007549822, 0.0042724), (0.02911138, 0.008206903, 0.00634032), (0.0301541, 0.000423302, 0.00634032),
            (0.03128933, 0.008790493, 0.0093053), (0.03241038, 0.000423302, 0.0093053), (0.0239228, -0.01335245, 0.0042724),
            (0.02665925, -0.006703197, 0.0042724), (0.02911138, -0.007360219, 0.00634032), (0.02612262, -0.01462244, 0.00634032),
            (0.03128933, -0.007943928, 0.0093053), (0.02807658, -0.01575058, 0.0093053), (0.01383829, -0.02343702, 0.0042724),
            (0.01953268, -0.01904684, 0.0042724), (0.02132773, -0.02084195, 0.00634032), (0.01510828, -0.02563685, 0.00634032),
            (0.02292215, -0.02243638, 0.0093053), (0.01623648, -0.02759081, 0.0093053), (6.25195e-05, -0.02712815, 0.0042724),
            (0.007189095, -0.02617347, 0.0042724), (0.007846117, -0.02862554, 0.00634032), (6.25195e-05, -0.02966839, 0.00634032),
            (0.008429706, -0.03080362, 0.0093053), (6.25195e-05, -0.0319246, 0.0093053), (-0.03189039, -0.008138418, 0.01411027),
            (-0.03303742, 0.000423302, 0.01411027), (-0.02860283, -0.01612669, 0.01411027), (-0.03189039, 0.008985042, 0.01411027),
            (-0.02860283, 0.01697319, 0.01411027), (-0.0233286, 0.02381438, 0.01411027), (-0.01648741, 0.02908867, 0.01411027),
            (-0.008499205, 0.03237617, 0.01411027), (6.25195e-05, 0.03352326, 0.01411027), (0.008624255, 0.03237617, 0.01411027),
            (0.01661247, 0.02908867, 0.01411027), (0.02345365, 0.02381438, 0.01411027), (0.02872782, 0.01697319, 0.01411027),
            (0.03201538, 0.008985042, 0.01411027), (0.03316247, 0.000423302, 0.01411027), (0.03201544, -0.008138418, 0.01411027),
            (0.02872788, -0.01612669, 0.01411027), (0.02345365, -0.02296787, 0.01411027), (0.01661247, -0.02824211, 0.01411027),
            (0.008624255, -0.0315296, 0.01411027), (6.25087e-05, -0.03267663, 0.01411027), (-0.008499264, -0.0315296, 0.01411027),
            (-0.01648741, -0.02824211, 0.01411027), (6.25087e-05, -0.03267663, 0.01411027), (-0.02332866, -0.02296787, 0.01411027),
            (-0.02889615, -0.00733608, 0.11106138), (-0.02993565, 0.000423304, 0.11106138), (-0.02591669, -0.01457577, 0.11106138),
            (-0.02502202, -0.0140593, 0.11291533), (-0.0278989, -0.007068932, 0.11291527), (-0.0289027, 0.000423302, 0.11291527),
            (-0.02889615, 0.008182704, 0.11106138), (-0.02591669, 0.0154224, 0.11106138), (-0.0278989, 0.007915556, 0.11291527),
            (-0.02502202, 0.01490586, 0.11291527), (-0.0211367, 0.02162241, 0.11106138), (-0.01493656, 0.02640253, 0.11106138),
            (-0.02040672, 0.0208925, 0.11291533), (-0.01442009, 0.02550786, 0.11291533), (-0.007696866, 0.02938193, 0.11106144),
            (6.25195e-05, 0.03042149, 0.11106144), (-0.007429659, 0.02838474, 0.11291533), (6.25195e-05, 0.02938842, 0.11291533),
            (0.007821917, 0.02938193, 0.11106144), (0.01506155, 0.02640253, 0.11106144), (0.007554709, 0.02838474, 0.11291533),
            (0.01454514, 0.02550786, 0.11291533), (0.02126169, 0.02162241, 0.11106144), (0.02604174, 0.0154224, 0.11106144),
            (0.02053171, 0.0208925, 0.11291533), (0.02514714, 0.01490586, 0.11291533), (0.0290212, 0.008182704, 0.11106144),
            (0.0300607, 0.000423304, 0.11106144), (0.02802395, 0.007915556, 0.11291533), (0.02902776, 0.000423302, 0.11291533),
            (0.0290212, -0.00733608, 0.11106144), (0.02604174, -0.01457577, 0.11106144), (0.02802395, -0.007068932, 0.11291533),
            (0.02514714, -0.0140593, 0.11291533), (0.02126175, -0.02077591, 0.11106144), (0.01506155, -0.0255559, 0.11106144),
            (0.02053171, -0.02004593, 0.11291533), (0.01454514, -0.02466136, 0.11291539), (0.007821917, -0.02853536, 0.11106144),
            (6.25087e-05, -0.02957493, 0.11106144), (0.007554709, -0.02753818, 0.11291539), (6.25087e-05, -0.02854192, 0.11291539),
            (-0.007696866, -0.02853536, 0.11106144), (-0.01493656, -0.0255559, 0.11106144), (6.25087e-05, -0.02957493, 0.11106144),
            (6.25087e-05, -0.02854192, 0.11291539), (-0.007429659, -0.02753818, 0.11291533), (-0.01442009, -0.02466136, 0.11291533),
            (-0.0211367, -0.02077591, 0.11106144), (-0.02040672, -0.02004593, 0.11291533), (-0.02718394, -0.006877303, 0.11437451),
            (-0.02816212, 0.000423302, 0.11437451), (-0.02438068, -0.01368898, 0.11437457), (-0.02718394, 0.007723867, 0.11437451),
            (-0.02438068, 0.01453554, 0.11437457), (-0.01988333, 0.02036911, 0.11437457), (-0.0140497, 0.02486652, 0.11437457),
            (-0.00723809, 0.02766972, 0.11437457), (6.25195e-05, 0.02864784, 0.11437457), (0.00736314, 0.02766972, 0.11437457),
            (0.01417475, 0.02486652, 0.11437457), (0.02000832, 0.02036911, 0.11437457), (0.02450573, 0.01453554, 0.11437457),
            (0.027309, 0.007723867, 0.11437457), (0.02828711, 0.000423302, 0.11437457), (0.027309, -0.006877303, 0.11437457),
            (0.02450573, -0.01368898, 0.11437457), (0.02000832, -0.01952248, 0.11437463), (0.01417475, -0.02401989, 0.11437463),
            (0.00736314, -0.02682322, 0.11437463), (6.25087e-05, -0.02780133, 0.11437463), (-0.00723809, -0.02682322, 0.11437457),
            (-0.01404976, -0.02401989, 0.11437457), (6.25087e-05, -0.02780133, 0.11437463), (-0.01988333, -0.01952248, 0.11437457),
            (-0.01882869, -0.01846796, 0.1189736), (-0.02308833, -0.01294285, 0.1189736), (-0.01330357, -0.02272748, 0.1189736),
            (-0.01330405, -0.02272832, 0.12004237), (-0.01882934, -0.01846849, 0.12004237), (-0.02308911, -0.01294326, 0.12004237),
            (-0.02574336, -0.006491363, 0.1189736), (-0.0266698, 0.000423297, 0.1189736), (-0.02574414, -0.006491601, 0.12004237),
            (-0.02667063, 0.000423293, 0.12004237), (-0.02574336, 0.007337868, 0.1189736), (-0.02308833, 0.01378935, 0.1189736),
            (-0.02574414, 0.007338166, 0.12004237), (-0.02308911, 0.01378983, 0.12004237), (-0.01882869, 0.01931446, 0.1189736),
            (-0.01330357, 0.02357411, 0.1189736), (-0.01882934, 0.01931512, 0.12004237), (-0.01330405, 0.02357482, 0.12004237),
            (-0.00685209, 0.0262292, 0.1189736), (6.25195e-05, 0.02715551, 0.1189736), (-0.006852269, 0.02622997, 0.12004237),
            (6.25195e-05, 0.02715647, 0.12004237), (0.006977081, 0.0262292, 0.11897366), (0.01342856, 0.02357411, 0.11897366),
            (0.006977379, 0.02622997, 0.12004237), (0.01342898, 0.02357482, 0.12004237), (0.01895374, 0.01931446, 0.11897366),
            (0.02321326, 0.01378935, 0.11897366), (0.01895427, 0.01931512, 0.12004237), (0.0232141, 0.01378983, 0.12004237),
            (0.02586841, 0.007337868, 0.11897366), (0.02679479, 0.000423297, 0.11897366), (0.02586925, 0.007338166, 0.12004237),
            (0.02679568, 0.000423293, 0.12004237), (0.02586841, -0.006491363, 0.11897366), (0.02321326, -0.01294285, 0.11897366),
            (0.02586925, -0.006491601, 0.12004237), (0.0232141, -0.01294326, 0.12004237), (0.01895374, -0.01846796, 0.11897366),
            (0.01342856, -0.02272748, 0.11897366), (0.01895427, -0.01846849, 0.12004237), (0.01342898, -0.02272832, 0.12004243),
            (0.006977081, -0.02538257, 0.11897366), (6.25087e-05, -0.02630901, 0.11897366), (0.006977379, -0.02538347, 0.12004243),
            (6.25195e-05, -0.02630984, 0.12004243), (-0.00685209, -0.02538257, 0.11897366), (6.25087e-05, -0.02630901, 0.11897366),
            (6.25195e-05, -0.02630984, 0.12004243), (-0.006852388, -0.02538347, 0.12004237), (-0.008499264, -0.0315296, 0.072430724),
            (-0.01648741, -0.02824211, 0.072430724), (6.25087e-05, -0.03267663, 0.072430724), (-0.02332866, -0.02296787, 0.072430724),
            (-0.02860283, -0.01612669, 0.072430724), (-0.03189039, -0.008138418, 0.072430724), (-0.03303748, 0.000423286, 0.072430724),
            (-0.03189039, 0.008985042, 0.072430724), (-0.02860283, 0.01697319, 0.072430724), (-0.0233286, 0.02381438, 0.072430724),
            (-0.01648741, 0.02908867, 0.072430724), (-0.008499205, 0.03237617, 0.072430724), (6.25195e-05, 0.03352326, 0.072430724),
            (0.008624255, 0.03237617, 0.072430724), (0.01661247, 0.02908867, 0.072430724), (0.02345365, 0.02381438, 0.072430724),
            (0.02872782, 0.01697319, 0.072430724), (0.03201538, 0.008985042, 0.072430724), (0.03316247, 0.000423302, 0.072430724),
            (0.03201544, -0.008138418, 0.072430724), (0.02872782, -0.01612669, 0.072430724), (0.02345365, -0.02296787, 0.072430724),
            (0.01661247, -0.02824211, 0.072430724), (0.008624255, -0.0315296, 0.072430724), (6.25087e-05, -0.03267663, 0.072430724),
            (0.007372856, 0.004643917, 0.00351697), (0.00626111, 0.006621897, 0.00346404), (0.008834123, 0.00919491, 0.00317484),
            (0.01081198, 0.006629467, 0.00317484), (0.00428313, 0.007733762, 0.00351697), (0.00626868, 0.01117277, 0.00317484),
            (0.008081078, 0.01431185, 0.00274897), (0.01139569, 0.01175642, 0.00274897), (0.01395112, 0.008441865, 0.00274897),
            (0.002331316, 0.008890748, 0.00346404), (0.003273129, 0.01240557, 0.00317484), (6.25078e-05, 0.008864641, 0.00351703),
            (6.24968e-05, 0.01283574, 0.0031749), (6.24966e-05, 0.01646047, 0.00274903), (0.00421071, 0.01590478, 0.00274903),
            (-0.002206265, 0.008890748, 0.00346404), (-0.003148078, 0.01240557, 0.00317484), (-0.004158139, 0.007733762, 0.00351697),
            (-0.006143689, 0.01117277, 0.00317484), (-0.007956147, 0.01431185, 0.00274897), (-0.004085659, 0.01590478, 0.00274903),
            (-0.006136119, 0.006621897, 0.00346404), (-0.008709192, 0.00919491, 0.00317484), (-0.007247984, 0.004643917, 0.00351697),
            (-0.01068699, 0.006629467, 0.00317484), (-0.01382613, 0.008441865, 0.00274897), (-0.0112707, 0.01175642, 0.00274897),
            (-0.008405029, 0.002692103, 0.00346404), (-0.01191979, 0.003633916, 0.00317484), (-0.008378922, 0.00042329, 0.00351697),
            (-0.01234996, 0.000423281, 0.00317484), (-0.01597476, 0.000423273, 0.00274897), (-0.01541888, 0.004571497, 0.00274897),
            (-0.008405029, -0.001845479, 0.00346404), (-0.01191979, -0.002787292, 0.00317484), (-0.007247984, -0.003797352, 0.00351697),
            (-0.01068699, -0.005782902, 0.00317484), (-0.01382613, -0.00759536, 0.00274903), (-0.01541888, -0.003724992, 0.00274897),
            (-0.006136119, -0.005775332, 0.00346404), (-0.008709192, -0.008348405, 0.00317484), (-0.004158139, -0.006887197, 0.00351697),
            (-0.006143689, -0.01032614, 0.00317484), (-0.007956147, -0.0134654, 0.00274897), (-0.0112707, -0.01090997, 0.00274897),
            (-0.002206265, -0.008044242, 0.00346404), (-0.003148078, -0.011559, 0.00317484), (6.25083e-05, -0.008018136, 0.00351697),
            (6.24975e-05, -0.01198917, 0.00317484), (6.24977e-05, -0.01561397, 0.00274897), (-0.004085659, -0.01505815, 0.00274897),
            (0.002331316, -0.008044242, 0.00346404), (0.003273129, -0.011559, 0.00317484), (0.00428313, -0.006887197, 0.00351697),
            (0.00626868, -0.0103262, 0.00317484), (0.008081078, -0.0134654, 0.00274897), (0.00421071, -0.01505815, 0.00274897),
            (0.00626111, -0.005775332, 0.00346404), (0.008834123, -0.008348405, 0.00317484), (0.007372856, -0.003797352, 0.00351697),
            (0.01081198, -0.005782902, 0.00317484), (0.01395112, -0.00759536, 0.00274897), (0.01139569, -0.01090997, 0.00274897),
            (0.008529961, -0.001845479, 0.00346404), (0.01204478, -0.002787292, 0.00317484), (0.008503854, 0.00042329, 0.00351697),
            (0.01247495, 0.000423279, 0.00317484), (0.01609975, 0.00042327, 0.00274897), (0.01554393, -0.003724992, 0.00274897),
            (0.008529961, 0.002692103, 0.00346404), (0.01204478, 0.003633916, 0.00317484), (0.01554393, 0.004571497, 0.00274897),
            (0.01323252, 0.01359331, 0.00240815), (0.01620221, 0.009741544, 0.00240815), (0.009380757, 0.01656293, 0.00240815),
            (0.01031523, 0.01818162, 0.00191796), (0.01455336, 0.01491421, 0.00191796), (0.01782083, 0.01067596, 0.00191796),
            (0.004882991, 0.01841402, 0.00240815), (6.24966e-05, 0.01905977, 0.00240815), (6.24966e-05, 0.0209288, 0.00191802),
            (0.005366504, 0.02021825, 0.00191802), (-0.004758059, 0.01841402, 0.00240815), (-0.009255766, 0.01656293, 0.00240815),
            (-0.01019024, 0.01818162, 0.00191796), (-0.005241513, 0.02021825, 0.00191796), (-0.01310753, 0.01359331, 0.00240815),
            (-0.01607722, 0.009741544, 0.00240815), (-0.01769584, 0.01067596, 0.00191796), (-0.01442837, 0.01491421, 0.00191796),
            (-0.01792824, 0.005243778, 0.00240815), (-0.01857399, 0.000423277, 0.00240815), (-0.02044302, 0.000423285, 0.00191796),
            (-0.01973241, 0.005727291, 0.00191796), (-0.01792824, -0.004397273, 0.00240815), (-0.01607722, -0.008894979, 0.00240815),
            (-0.01769584, -0.009829461, 0.00191796), (-0.01973241, -0.004880726, 0.00191796), (-0.01310753, -0.01274687, 0.00240815),
            (-0.009255766, -0.01571643, 0.00240815), (-0.01019018, -0.01733499, 0.00191796), (-0.01442837, -0.01406759, 0.00191796),
            (-0.004758059, -0.01756745, 0.00240815), (6.24977e-05, -0.01821327, 0.00240815), (6.24977e-05, -0.02008229, 0.00191802),
            (-0.005241513, -0.01937162, 0.00191796), (0.004882991, -0.01756745, 0.00240815), (0.009380757, -0.01571643, 0.00240815),
            (0.01031523, -0.01733499, 0.00191796), (0.005366504, -0.01937162, 0.00191796), (0.01323252, -0.01274687, 0.00240815),
            (0.01620221, -0.008894979, 0.00240815), (0.01782083, -0.009829461, 0.00191796), (0.01455336, -0.01406759, 0.00191796),
            (0.01805323, -0.004397273, 0.00240815), (0.01869899, 0.000423274, 0.00240815), (0.02056807, 0.000423282, 0.00191796),
            (0.01985746, -0.004880726, 0.00191796), (0.01609975, 0.00042327, 0.00274897), (0.01554393, 0.004571497, 0.00274897),
            (0.01805323, 0.005243778, 0.00240815), (0.01869899, 0.000423274, 0.00240815), (0.01395112, 0.008441865, 0.00274897),
            (0.01620221, 0.009741544, 0.00240815), (0.01782083, 0.01067596, 0.00191796), (0.01985746, 0.005727291, 0.00191796),
            (0.02056807, 0.000423282, 0.00191796), (0.02179741, 0.01297193, 0.00055611), (0.01779836, 0.01815915, 0.00055611),
            (0.01839911, 0.01875996, 0.00215864), (0.02253377, 0.01339703, 0.00215864), (0.01261121, 0.02215826, 0.00055611),
            (0.01303631, 0.02289456, 0.00215864), (0.01383823, 0.02428352, 0.00427246), (0.01953262, 0.0198934, 0.0042724),
            (0.0239228, 0.01419895, 0.0042724), (0.006554186, 0.02465099, 0.00055611), (0.006774187, 0.02547162, 0.00215864),
            (6.25072e-05, 0.02552074, 0.00055611), (6.25072e-05, 0.02637088, 0.00215864), (6.2518e-05, 0.02797478, 0.00427246),
            (0.007189095, 0.02701997, 0.00427246), (-0.006429255, 0.02465099, 0.00055611), (-0.006649196, 0.02547162, 0.00215864),
            (-0.01248615, 0.02215826, 0.00055611), (-0.01291126, 0.02289456, 0.00215864), (-0.01371324, 0.02428352, 0.0042724),
            (-0.007064044, 0.02701997, 0.0042724), (-0.01767337, 0.01815915, 0.00055611), (-0.01827412, 0.01875996, 0.00215864),
            (-0.02167242, 0.01297193, 0.00055611), (-0.02240878, 0.01339703, 0.00215864), (-0.02379781, 0.01419895, 0.0042724),
            (-0.01940757, 0.0198934, 0.0042724), (-0.02416521, 0.006914973, 0.00055605), (-0.02498584, 0.007134974, 0.00215864),
            (-0.0250349, 0.000423294, 0.00055605), (-0.0258851, 0.000423297, 0.00215864), (-0.02748894, 0.0004233, 0.0042724),
            (-0.02653414, 0.007549822, 0.0042724), (-0.02416521, -0.006068468, 0.00055605), (-0.02498584, -0.006288409, 0.00215864),
            (-0.02167242, -0.01212543, 0.00055611), (-0.02240878, -0.01255053, 0.00215864), (-0.02379781, -0.01335245, 0.0042724),
            (-0.02653414, -0.006703197, 0.0042724), (-0.01767337, -0.01731258, 0.00055611), (-0.01827412, -0.0179134, 0.00215864),
            (-0.01248615, -0.0213117, 0.00055611), (-0.01291126, -0.02204793, 0.00215864), (-0.01371324, -0.02343702, 0.0042724),
            (-0.01940757, -0.01904684, 0.0042724), (-0.006429255, -0.02380442, 0.00055611), (-0.006649196, -0.02462512, 0.00215864),
            (6.25088e-05, -0.02467411, 0.00055611), (6.25088e-05, -0.02552425, 0.00215864), (6.25197e-05, -0.02712815, 0.0042724),
            (-0.007064044, -0.02617347, 0.0042724), (0.006554186, -0.02380442, 0.00055611), (0.006774187, -0.02462512, 0.00215864),
            (0.01261121, -0.0213117, 0.00055611), (0.01303631, -0.02204793, 0.00215864), (0.01383829, -0.02343702, 0.0042724),
            (0.007189095, -0.02617347, 0.0042724), (0.01779836, -0.01731258, 0.00055611), (0.01839917, -0.0179134, 0.00215864),
            (0.02179741, -0.01212543, 0.00055611), (0.02253377, -0.01255053, 0.00215864), (0.0239228, -0.01335245, 0.0042724),
            (0.01953268, -0.01904684, 0.0042724), (0.0242902, -0.006068468, 0.00055611), (0.0251109, -0.006288409, 0.00215864),
            (0.02515995, 0.000423292, 0.00055611), (0.02601009, 0.000423294, 0.00215864), (0.02761399, 0.000423297, 0.0042724),
            (0.02665925, -0.006703197, 0.0042724), (0.0242902, 0.006914973, 0.00055611), (0.0251109, 0.007134974, 0.00215864),
            (0.02665925, 0.007549822, 0.0042724), (0.003960967, 0.004321753, 0.00361389), (0.002693831, 0.004980981, 0.003613),
            (0.004620194, 0.003054678, 0.003613), (6.24755e-05, 0.000423296, 0.00356716), (0.001489341, 0.005748689, 0.00361389),
            (6.2497e-05, 0.005685985, 0.003613), (-0.00136435, 0.005748689, 0.00361389), (-0.0025689, 0.004980981, 0.003613),
            (-0.003835976, 0.004321753, 0.00361389), (-0.004495203, 0.003054678, 0.003613), (-0.005262911, 0.001850247, 0.00361389),
            (-0.005200326, 0.000423292, 0.003613), (-0.005262911, -0.001003623, 0.00361389), (-0.004495203, -0.002208054, 0.003613),
            (-0.003835976, -0.003475189, 0.00361389), (-0.0025689, -0.004134416, 0.003613), (-0.00136435, -0.004902184, 0.00361389),
            (6.24973e-05, -0.00483942, 0.003613), (0.001489341, -0.004902184, 0.00361389), (0.002693831, -0.004134416, 0.003613),
            (0.003960967, -0.003475189, 0.00361389), (0.004620194, -0.002208054, 0.003613), (0.005387902, -0.001003623, 0.00361389),
            (0.005325198, 0.000423292, 0.003613), (0.005387902, 0.001850247, 0.00361389), (-0.01544159, 0.01592743, 0.00104403),
            (-0.01090717, 0.01942336, 0.00104403), (-0.01893752, 0.01139295, 0.00104403), (-0.01990818, 0.01195335, 0.00025004),
            (-0.01623374, 0.01671952, 0.0002501), (-0.01146757, 0.02039396, 0.0002501), (-0.005612373, 0.02160239, 0.00104403),
            (6.24965e-05, 0.02236258, 0.00104403), (-0.00590229, 0.02268439, 0.0002501), (6.24965e-05, 0.02348351, 0.0002501),
            (0.005737364, 0.02160239, 0.00104403), (0.01103216, 0.01942336, 0.00104403), (0.006027281, 0.02268439, 0.0002501),
            (0.0115925, 0.02039396, 0.0002501), (0.01556658, 0.01592743, 0.00104403), (0.01906251, 0.01139295, 0.00104403),
            (0.01635873, 0.01671952, 0.0002501), (0.02003324, 0.01195335, 0.0002501), (0.01985746, 0.005727291, 0.00191796),
            (0.0212416, 0.006098151, 0.00104403), (0.02200192, 0.000423286, 0.00104403), (0.02232354, 0.006388068, 0.0002501),
            (0.02312266, 0.00042329, 0.0002501), (0.0212416, -0.005251586, 0.00104403), (0.01906251, -0.01054632, 0.00104403),
            (0.02232354, -0.005541503, 0.0002501), (0.02003324, -0.01110672, 0.0002501), (0.01556658, -0.0150808, 0.00104403),
            (0.01103216, -0.0185768, 0.00104403), (0.01635873, -0.01587295, 0.0002501), (0.0115925, -0.01954746, 0.0002501),
            (0.005737364, -0.02075576, 0.00104403), (6.24978e-05, -0.02151608, 0.00104403), (0.006027281, -0.02183783, 0.0002501),
            (6.24978e-05, -0.02263695, 0.0002501), (-0.005612373, -0.02075576, 0.00104403), (-0.01090717, -0.0185768, 0.00104403),
            (-0.00590229, -0.02183783, 0.0002501), (-0.01146757, -0.01954746, 0.0002501), (-0.01544159, -0.0150808, 0.00104403),
            (-0.01893752, -0.01054632, 0.00104403), (-0.01623374, -0.01587295, 0.0002501), (-0.01990818, -0.01110672, 0.00025004),
            (-0.02111661, -0.005251586, 0.00104403), (-0.02187687, 0.000423289, 0.00104403), (-0.02219855, -0.005541503, 0.0002501),
            (-0.02299767, 0.000423293, 0.0002501), (-0.02111661, 0.006098151, 0.00104403), (-0.02219855, 0.006388068, 0.0002501),
            (-0.016891, 0.01737678, 0), (-0.01193261, 0.02119946, 0), (-0.02071362, 0.01241832, 0),
            (-0.02125442, 0.01273053, 1.645e-05), (-0.01733219, 0.01781803, 1.639e-05), (-0.01224482, 0.02174013, 1.645e-05),
            (-0.006142914, 0.02358222, 6e-08), (6.24965e-05, 0.02441358, 6e-08), (-0.006304383, 0.02418494, 1.645e-05),
            (6.25072e-05, 0.02503794, 1.645e-05), (0.006267905, 0.02358222, 6e-08), (0.0120576, 0.02119946, 6e-08),
            (0.006429374, 0.02418494, 1.645e-05), (0.01236981, 0.02174013, 1.645e-05), (0.01701599, 0.01737678, 6e-08),
            (0.02083861, 0.01241832, 6e-08), (0.01745718, 0.01781803, 1.645e-05), (0.02137941, 0.01273053, 1.645e-05),
            (0.02322143, 0.006628692, 6e-08), (0.02405273, 0.000423292, 6e-08), (0.02382415, 0.006790161, 1.645e-05),
            (0.02467709, 0.000423292, 1.645e-05), (0.02322143, -0.005782008, 6e-08), (0.02083867, -0.01157182, 6e-08),
            (0.02382415, -0.005943596, 1.645e-05), (0.02137941, -0.01188403, 1.645e-05), (0.01701599, -0.01653021, 6e-08),
            (0.0120576, -0.0203529, 6e-08), (0.01745718, -0.0169714, 1.645e-05), (0.01236981, -0.02089363, 1.645e-05),
            (0.006267905, -0.02273565, 6e-08), (6.24978e-05, -0.02356702, 6e-08), (0.006429374, -0.02333831, 1.645e-05),
            (6.25088e-05, -0.02419131, 1.645e-05), (-0.006142914, -0.02273565, 0), (-0.01193267, -0.0203529, 0),
            (-0.006304383, -0.02333831, 1.645e-05), (-0.01224482, -0.02089363, 1.645e-05), (-0.016891, -0.01653021, 0),
            (-0.02071362, -0.01157182, 0), (-0.01733219, -0.0169714, 1.639e-05), (-0.02125442, -0.01188403, 1.645e-05),
            (-0.02309638, -0.005782008, 0), (-0.02392774, 0.000423294, 0), (-0.0236991, -0.005943596, 1.639e-05),
            (-0.0245521, 0.000423294, 1.639e-05), (-0.02309644, 0.006628692, 0), (-0.0236991, 0.006790161, 1.639e-05),
            (0.02137941, 0.01273053, 1.645e-05), (0.01745718, 0.01781803, 1.645e-05), (0.01760119, 0.01796191, 2.193e-05),
            (0.02155584, 0.01283246, 2.193e-05), (0.01236981, 0.02174013, 1.645e-05), (0.01247161, 0.02191656, 2.193e-05),
            (0.006429374, 0.02418494, 1.645e-05), (0.006482005, 0.02438157, 2.193e-05), (6.25072e-05, 0.02503794, 1.645e-05),
            (6.25072e-05, 0.02524167, 2.193e-05), (-0.006304383, 0.02418494, 1.645e-05), (-0.006357014, 0.02438157, 2.193e-05),
            (-0.01224482, 0.02174013, 1.645e-05), (-0.01234668, 0.02191656, 2.193e-05), (-0.01733219, 0.01781803, 1.639e-05),
            (-0.0174762, 0.01796191, 2.187e-05), (-0.02125442, 0.01273053, 1.645e-05), (-0.02143085, 0.01283246, 2.187e-05),
            (-0.0236991, 0.006790161, 1.639e-05), (-0.0238958, 0.006842792, 2.187e-05), (-0.0245521, 0.000423294, 1.639e-05),
            (-0.02475589, 0.000423294, 2.187e-05), (-0.0236991, -0.005943596, 1.639e-05), (-0.0238958, -0.005996227, 2.187e-05),
            (-0.02125442, -0.01188403, 1.645e-05), (-0.02143085, -0.01198583, 2.193e-05), (-0.01733219, -0.0169714, 1.639e-05),
            (-0.0174762, -0.01711541, 2.187e-05), (-0.01224482, -0.02089363, 1.645e-05), (-0.01234668, -0.02107006, 2.187e-05),
            (-0.006304383, -0.02333831, 1.645e-05), (-0.006357014, -0.02353507, 2.187e-05), (6.25088e-05, -0.02419131, 1.645e-05),
            (6.25088e-05, -0.0243951, 2.187e-05), (0.006429374, -0.02333831, 1.645e-05), (0.006482124, -0.02353507, 2.193e-05),
            (0.01236981, -0.02089363, 1.645e-05), (0.01247161, -0.02107006, 2.193e-05), (0.01745718, -0.0169714, 1.645e-05),
            (0.01760119, -0.01711541, 2.193e-05), (0.02137941, -0.01188403, 1.645e-05), (0.02155584, -0.01198583, 2.193e-05),
            (0.02382415, -0.005943596, 1.645e-05), (0.02402085, -0.005996227, 2.187e-05), (0.02467709, 0.000423292, 1.645e-05),
            (0.02488088, 0.000423292, 2.187e-05), (0.02382415, 0.006790161, 1.645e-05), (0.02402085, 0.006842792, 2.187e-05),
            (0.01760119, 0.01796191, 2.193e-05), (0.01247161, 0.02191656, 2.193e-05), (0.01261121, 0.02215826, 0.00055611),
            (0.01779836, 0.01815915, 0.00055611), (0.02155584, 0.01283246, 2.193e-05), (0.02179741, 0.01297193, 0.00055611),
            (0.006482005, 0.02438157, 2.193e-05), (6.25072e-05, 0.02524167, 2.193e-05), (6.25072e-05, 0.02552074, 0.00055611),
            (0.006554186, 0.02465099, 0.00055611), (-0.006357014, 0.02438157, 2.193e-05), (-0.01234668, 0.02191656, 2.193e-05),
            (-0.01248615, 0.02215826, 0.00055611), (-0.006429255, 0.02465099, 0.00055611), (-0.0174762, 0.01796191, 2.187e-05),
            (-0.02143085, 0.01283246, 2.187e-05), (-0.02167242, 0.01297193, 0.00055611), (-0.01767337, 0.01815915, 0.00055611),
            (-0.0238958, 0.006842792, 2.187e-05), (-0.02475589, 0.000423294, 2.187e-05), (-0.0250349, 0.000423294, 0.00055605),
            (-0.02416521, 0.006914973, 0.00055605), (-0.0238958, -0.005996227, 2.187e-05), (-0.02143085, -0.01198583, 2.193e-05),
            (-0.02167242, -0.01212543, 0.00055611), (-0.02416521, -0.006068468, 0.00055605), (-0.0174762, -0.01711541, 2.187e-05),
            (-0.01234668, -0.02107006, 2.187e-05), (-0.01248615, -0.0213117, 0.00055611), (-0.01767337, -0.01731258, 0.00055611),
            (-0.006357014, -0.02353507, 2.187e-05), (6.25088e-05, -0.0243951, 2.187e-05), (6.25088e-05, -0.02467411, 0.00055611),
            (-0.006429255, -0.02380442, 0.00055611), (0.006482124, -0.02353507, 2.193e-05), (0.01247161, -0.02107006, 2.193e-05),
            (0.01261121, -0.0213117, 0.00055611), (0.006554186, -0.02380442, 0.00055611), (0.01760119, -0.01711541, 2.193e-05),
            (0.02155584, -0.01198583, 2.193e-05), (0.02179741, -0.01212543, 0.00055611), (0.01779836, -0.01731258, 0.00055611),
            (0.02402085, -0.005996227, 2.187e-05), (0.02488088, 0.000423292, 2.187e-05), (0.02515995, 0.000423292, 0.00055611),
            (0.0242902, -0.006068468, 0.00055611), (0.02402085, 0.006842792, 2.187e-05), (0.0242902, 0.006914973, 0.00055611),
            (0.0232141, 0.01378983, 0.12004237), (0.01895427, 0.01931512, 0.12004237), (0.01895451, 0.0193153, 0.12103914),
            (0.02321434, 0.01379001, 0.12103914), (0.01342898, 0.02357482, 0.12004237), (0.01342922, 0.02357506, 0.12103914),
            (0.01330989, 0.02336847, 0.1217597), (0.01878595, 0.01914674, 0.1217597), (0.02300775, 0.01367068, 0.1217597),
            (0.006977379, 0.02622997, 0.12004237), (0.006977379, 0.02623033, 0.12103914), (6.25181e-05, 0.02715647, 0.12004237),
            (6.25181e-05, 0.02715677, 0.12103914), (6.25181e-05, 0.02691817, 0.1217597), (0.006915748, 0.02600002, 0.1217597),
            (-0.006852269, 0.02622997, 0.12004237), (-0.006852388, 0.02623033, 0.12103908), (-0.01330405, 0.02357482, 0.12004237),
            (-0.01330423, 0.02357506, 0.12103908), (-0.0131849, 0.02336847, 0.12175964), (-0.006790757, 0.02600002, 0.12175964),
            (-0.01882934, 0.01931512, 0.12004237), (-0.01882952, 0.0193153, 0.12103908), (-0.02308911, 0.01378983, 0.12004237),
            (-0.02308928, 0.01379001, 0.12103908), (-0.02288269, 0.01367074, 0.12175964), (-0.01866096, 0.01914674, 0.12175964),
            (-0.02574419, 0.007338166, 0.12004237), (-0.02574443, 0.007338166, 0.12103908), (-0.02667063, 0.000423292, 0.12004237),
            (-0.02667093, 0.00042329, 0.12103908), (-0.02643239, 0.000423292, 0.12175964), (-0.02551424, 0.007276535, 0.12175964),
            (-0.02574419, -0.006491601, 0.12004237), (-0.02574443, -0.006491661, 0.12103908), (-0.02308928, -0.01294338, 0.12103908),
            (-0.02288269, -0.01282411, 0.12175964), (-0.02551424, -0.00642997, 0.12175964), (-0.02308911, -0.01294326, 0.12004237),
            (-0.01882934, -0.01846849, 0.12004237), (-0.01882952, -0.01846873, 0.12103908), (-0.01330405, -0.02272832, 0.12004237),
            (-0.01330423, -0.02272856, 0.12103914), (-0.01318496, -0.02252197, 0.12175964), (-0.01866096, -0.01830017, 0.12175964),
            (-0.006852388, -0.02538347, 0.12004237), (-0.006852388, -0.02538377, 0.12103914), (6.25196e-05, -0.02630984, 0.12004243),
            (6.25196e-05, -0.0263102, 0.12103914), (6.25088e-05, -0.02607154, 0.1217597), (-0.006790757, -0.02515339, 0.1217597),
            (0.006977379, -0.02538347, 0.12004243), (0.006977379, -0.02538377, 0.12103914), (0.01342898, -0.02272832, 0.12004243),
            (0.01342922, -0.02272856, 0.12103914), (0.01330989, -0.02252197, 0.1217597), (0.006915748, -0.02515339, 0.1217597),
            (0.01895427, -0.01846849, 0.12004237), (0.01895451, -0.01846873, 0.12103914), (0.0232141, -0.01294326, 0.12004237),
            (0.02321434, -0.01294338, 0.12103914), (0.02300775, -0.01282411, 0.1217597), (0.01878595, -0.01830017, 0.1217597),
            (0.02586925, -0.006491601, 0.12004237), (0.02586948, -0.006491661, 0.12103914), (0.02679568, 0.000423289, 0.12004237),
            (0.02679598, 0.000423288, 0.12103914), (0.02655744, 0.000423289, 0.1217597), (0.02563923, -0.00642997, 0.1217597),
            (0.02586925, 0.007338166, 0.12004237), (0.02586948, 0.007338166, 0.12103914), (0.02563923, 0.007276535, 0.1217597),
            (0.01828014, 0.01864099, 0.12199991), (0.02238798, 0.01331281, 0.12199991), (0.01295202, 0.02274864, 0.12199991),
            (0.01259577, 0.02213156, 0.1217904), (0.01777654, 0.01813739, 0.1217904), (0.02177077, 0.0129565, 0.1217904),
            (0.006730616, 0.02530914, 0.12199991), (6.25072e-05, 0.02620244, 0.12199991), (6.25072e-05, 0.0254898, 0.1217904),
            (0.006546199, 0.02462112, 0.1217904), (-0.006605625, 0.02530914, 0.12199991), (-0.01282703, 0.02274864, 0.12199991),
            (-0.01247078, 0.02213156, 0.12179034), (-0.006421208, 0.02462112, 0.1217904), (-0.01815515, 0.01864099, 0.12199991),
            (-0.02226293, 0.01331281, 0.12199991), (-0.02164578, 0.0129565, 0.12179034), (-0.01765155, 0.01813739, 0.12179034),
            (-0.0248233, 0.007091403, 0.12199991), (-0.02571672, 0.000423292, 0.12199991), (-0.02500402, 0.000423294, 0.12179034),
            (-0.02413541, 0.006906986, 0.12179034), (-0.0248233, -0.006244838, 0.12199991), (-0.02226293, -0.01246631, 0.12199991),
            (-0.02164578, -0.01210999, 0.12179034), (-0.02413541, -0.006060481, 0.12179034), (-0.01815515, -0.01779443, 0.12199991),
            (-0.01282703, -0.0219022, 0.12199991), (-0.01247078, -0.02128493, 0.1217904), (-0.01765155, -0.01729083, 0.12179034),
            (-0.006605625, -0.02446258, 0.12199991), (6.25088e-05, -0.02535593, 0.12199997), (6.24979e-05, -0.0246433, 0.1217904),
            (-0.006421208, -0.02377462, 0.1217904), (0.006730616, -0.02446258, 0.12199997), (0.01295202, -0.0219022, 0.12199991),
            (0.01259577, -0.02128493, 0.1217904), (0.006546258, -0.02377462, 0.1217904), (0.01828014, -0.01779443, 0.12199991),
            (0.02238798, -0.01246631, 0.12199991), (0.02177077, -0.01210999, 0.1217904), (0.01777654, -0.01729083, 0.1217904),
            (0.02494829, -0.006244838, 0.12199991), (0.02584171, 0.000423289, 0.12199991), (0.02512902, 0.000423292, 0.1217904),
            (0.0242604, -0.006060481, 0.1217904), (0.02494829, 0.007091403, 0.12199991), (0.0242604, 0.006906986, 0.1217904),
            (0.01761448, 0.01797527, 0.12116175), (0.02157217, 0.01284188, 0.12116175), (0.01248109, 0.02193284, 0.12116175),
            (0.01180285, 0.02075821, 0.1205331), (0.01627737, 0.0166381, 0.1205331), (0.02039742, 0.01216357, 0.1205331),
            (0.006486952, 0.02439969, 0.12116175), (6.25072e-05, 0.02526038, 0.12116175), (6.25073e-05, 0.02390402, 0.1205331),
            (0.005997478, 0.02257323, 0.1205331), (-0.006361961, 0.02439969, 0.12116175), (-0.0123561, 0.02193284, 0.12116175),
            (-0.01167786, 0.02075821, 0.1205331), (-0.005872488, 0.02257323, 0.1205331), (-0.01247078, 0.02213156, 0.12179034),
            (-0.01765155, 0.01813739, 0.12179034), (-0.01748949, 0.01797527, 0.12116175), (-0.0123561, 0.02193284, 0.12116175),
            (-0.02164578, 0.0129565, 0.12179034), (-0.02144712, 0.01284188, 0.12116169), (-0.02027243, 0.01216357, 0.1205331),
            (-0.01615238, 0.0166381, 0.1205331), (-0.01167786, 0.02075821, 0.1205331), (-0.02391391, 0.006847739, 0.12116169),
            (-0.02144712, 0.01284188, 0.12116169), (-0.02477473, 0.000423294, 0.12116169), (-0.02341818, 0.000423293, 0.1205331),
            (-0.02208745, 0.006358325, 0.1205331), (-0.02027243, 0.01216357, 0.1205331), (-0.02391391, -0.006001174, 0.12116169),
            (-0.02144712, -0.01199525, 0.12116175), (-0.02027243, -0.01131707, 0.1205331), (-0.02208745, -0.005511701, 0.1205331),
            (-0.01748949, -0.0171287, 0.12116175), (-0.0123561, -0.02108633, 0.12116175), (-0.01167786, -0.01991158, 0.1205331),
            (-0.01615238, -0.01579159, 0.1205331), (-0.006361961, -0.02355319, 0.12116175), (6.24979e-05, -0.02441394, 0.12116175),
            (6.25087e-05, -0.02305746, 0.12053316), (-0.005872488, -0.0217266, 0.12053316), (0.006486952, -0.02355319, 0.12116175),
            (0.01248109, -0.02108639, 0.12116175), (0.01180285, -0.01991158, 0.12053316), (0.005997478, -0.0217266, 0.12053316),
            (0.01761448, -0.0171287, 0.12116175), (0.02157217, -0.01199525, 0.12116175), (0.02039742, -0.01131707, 0.1205331),
            (0.01627737, -0.01579159, 0.12053316), (0.02403897, -0.006001174, 0.12116175), (0.02489972, 0.000423292, 0.12116175),
            (0.02354317, 0.00042329, 0.1205331), (0.02221244, -0.005511701, 0.1205331), (0.02403897, 0.006847739, 0.12116175),
            (0.02221244, 0.006358325, 0.1205331), (-0.02574419, -0.006491601, 0.12004237), (-0.02308911, -0.01294326, 0.12004237),
            (-0.02308928, -0.01294338, 0.12103908), (-0.02574443, -0.006491661, 0.12103908), (0.008596956, 0.01520544, 0.12032359),
            (0.007701039, 0.01365369, 0.12032359), (0.01224881, 0.0126096, 0.12032359), (0.009755969, 0.0172128, 0.12032359),
            (0.004862666, 0.008737385, 0.12032359), (0.007742524, 0.00810337, 0.12032359), (0.008376598, 0.005223453, 0.12032359),
            (0.0132929, 0.008061885, 0.12032359), (0.01484459, 0.008957743, 0.12032359), (0.01685208, 0.01011669, 0.12032359),
            (0.02039742, 0.01216357, 0.1205331), (0.01627737, 0.0166381, 0.1205331), (0.01180285, 0.02075821, 0.1205331),
            (6.25075e-05, 0.01749229, 0.12032359), (6.25076e-05, 0.01570045, 0.12032359), (0.004522979, 0.01707005, 0.12032359),
            (6.25074e-05, 0.01981014, 0.12032359), (6.25078e-05, 0.01002359, 0.12032359), (0.002873539, 0.0109145, 0.12032359),
            (0.005997478, 0.02257323, 0.1205331), (6.25073e-05, 0.02390402, 0.1205331), (-0.008471965, 0.01520544, 0.12032359),
            (-0.007576048, 0.01365369, 0.12032359), (-0.004397988, 0.01707005, 0.12032359), (-0.009630918, 0.0172128, 0.12032359),
            (-0.004737675, 0.008737385, 0.12032359), (-0.002748548, 0.0109145, 0.12032359), (-0.005872488, 0.02257323, 0.1205331),
            (-0.01167786, 0.02075821, 0.1205331), (-0.0147196, 0.008957743, 0.12032353), (-0.01316791, 0.008061885, 0.12032353),
            (-0.01212376, 0.0126096, 0.12032353), (-0.01672703, 0.01011669, 0.12032353), (-0.008251607, 0.005223453, 0.12032353),
            (-0.007617533, 0.00810337, 0.12032359), (-0.01615238, 0.0166381, 0.1205331), (-0.02027243, 0.01216357, 0.1205331),
            (-0.01700645, 0.000423292, 0.12032353), (-0.01521474, 0.000423292, 0.12032353), (-0.01658421, 0.004883766, 0.12032353),
            (-0.01932442, 0.000423292, 0.12032353), (-0.009537816, 0.00042329, 0.12032353), (-0.01042866, 0.003234386, 0.12032353),
            (-0.02208745, 0.006358325, 0.1205331), (-0.02341818, 0.000423293, 0.1205331), (-0.0147196, -0.008111178, 0.12032353),
            (-0.01316791, -0.007215321, 0.12032353), (-0.01658421, -0.004037201, 0.12032353), (-0.01672703, -0.009270191, 0.12032353),
            (-0.008251607, -0.004376888, 0.12032353), (-0.01042866, -0.002387762, 0.12032353), (-0.02208745, -0.005511701, 0.1205331),
            (-0.02027243, -0.01131707, 0.1205331), (-0.008471965, -0.01435881, 0.12032359), (-0.007576048, -0.01280719, 0.12032359),
            (-0.01212382, -0.01176297, 0.12032353), (-0.009630978, -0.0163663, 0.12032359), (-0.004737675, -0.00789082, 0.12032359),
            (-0.007617533, -0.007256746, 0.12032359), (-0.01615238, -0.01579159, 0.1205331), (-0.01167786, -0.01991158, 0.1205331),
            (6.25085e-05, -0.01664566, 0.12032359), (6.25084e-05, -0.01485395, 0.12032359), (-0.004397988, -0.01622349, 0.12032359),
            (6.25086e-05, -0.01896363, 0.12032359), (6.25083e-05, -0.009177029, 0.12032359), (-0.002748548, -0.01006788, 0.12032359),
            (-0.005872488, -0.0217266, 0.12053316), (6.25087e-05, -0.02305746, 0.12053316), (0.008596956, -0.01435881, 0.12032359),
            (0.007701039, -0.01280719, 0.12032359), (0.004522979, -0.01622349, 0.12032359), (0.009755969, -0.0163663, 0.12032359),
            (0.004862666, -0.00789082, 0.12032359), (0.002873539, -0.01006788, 0.12032359), (0.005997478, -0.0217266, 0.12053316),
            (0.01180285, -0.01991158, 0.12053316), (0.01484459, -0.008111178, 0.12032359), (0.0132929, -0.007215321, 0.12032359),
            (0.01224881, -0.01176297, 0.12032359), (0.01685208, -0.009270191, 0.12032359), (0.008376598, -0.004376888, 0.12032359),
            (0.007742524, -0.007256746, 0.12032359), (0.01627737, -0.01579159, 0.12053316), (0.02039742, -0.01131707, 0.1205331),
            (0.01713144, 0.000423289, 0.12032359), (0.01533973, 0.000423289, 0.12032359), (0.01670926, -0.004037201, 0.12032359),
            (0.01944941, 0.000423289, 0.12032359), (0.009662806, 0.00042329, 0.12032359), (0.01055365, -0.002387762, 0.12032359),
            (0.02221244, -0.005511701, 0.1205331), (0.02354317, 0.00042329, 0.1205331), (0.01670926, 0.004883766, 0.12032359),
            (0.01055365, 0.003234386, 0.12032359), (0.02221244, 0.006358325, 0.1205331), (0.004284322, 0.004645109, 0.12032359),
            (0.004998207, 0.003272891, 0.12032359), (0.002912104, 0.005358994, 0.12032359), (6.2508e-05, 0.000423293, 0.12032353),
            (0.001607716, 0.006190419, 0.12032359), (6.25078e-05, 0.006122529, 0.12032359), (-0.001482725, 0.006190419, 0.12032359),
            (-0.002787113, 0.005358994, 0.12032359), (-0.004159331, 0.004645109, 0.12032359), (-0.004873216, 0.003272891, 0.12032353),
            (-0.005704641, 0.001968502, 0.12032353), (-0.005636692, 0.000423288, 0.12032353), (-0.005704641, -0.001121938, 0.12032353),
            (-0.004873216, -0.002426326, 0.12032353), (-0.004159331, -0.003798544, 0.12032359), (-0.002787113, -0.004512429, 0.12032359),
            (-0.001482725, -0.005343854, 0.12032359), (6.25082e-05, -0.005275905, 0.12032359), (0.001607716, -0.005343854, 0.12032359),
            (0.002912104, -0.004512429, 0.12032359), (0.004284322, -0.003798544, 0.12032359), (0.004998207, -0.002426326, 0.12032359),
            (0.005829632, -0.001121938, 0.12032359), (0.005761682, 0.000423288, 0.12032359), (0.005829632, 0.001968502, 0.12032359)
        ]
        texCoord2f[] primvars:st = [
            (0.2172422, 0.6674166), (0.2756506, 0.7268991), (0.2756506, 0.7268991), (0.2172422, 0.6674166),
            (0.2756506, 0.7268991), (0.2264996, 0.6619735), (0.2756506, 0.7268991), (0.334059, 0.7863816),
            (0.3394036, 0.7769541), (0.2756506, 0.7268991), (0.3394036, 0.7769541), (0.2756506, 0.7268991),
            (0.2756506, 0.7268991), (0.3394036, 0.7769541), (0.34078, 0.7745264), (0.2756506, 0.7268991),
            (0.34078, 0.7745264), (0.2775958, 0.7249181), (0.2264996, 0.6619735), (0.2756506, 0.7268991),
            (0.2775958, 0.7249181), (0.2264996, 0.6619735), (0.2775958, 0.7249181), (0.2288833, 0.6605719),
            (0.334059, 0.7863816), (0.413846, 0.8081538), (0.4138461, 0.8081538), (0.334059, 0.7863816),
            (0.4138461, 0.8081538), (0.3394036, 0.7769541), (0.413846, 0.8081538), (0.4936332, 0.8299259),
            (0.4936333, 0.8190398), (0.413846, 0.8081538), (0.4936333, 0.8190398), (0.4138461, 0.8081538),
            (0.4138461, 0.8081538), (0.4936333, 0.8190398), (0.4936333, 0.8162366), (0.4138461, 0.8081538),
            (0.4936333, 0.8162366), (0.4145581, 0.8054477), (0.3394036, 0.7769541), (0.4138461, 0.8081538),
            (0.4145581, 0.8054477), (0.3394036, 0.7769541), (0.4145581, 0.8054477), (0.34078, 0.7745264),
            (0.4936332, 0.8299259), (0.5734204, 0.8081538), (0.5734204, 0.8081538), (0.4936332, 0.8299259),
            (0.5734204, 0.8081538), (0.4936333, 0.8190398), (0.5734204, 0.8081538), (0.6532076, 0.7863816),
            (0.6478629, 0.7769541), (0.5734204, 0.8081538), (0.6478629, 0.7769541), (0.5734204, 0.8081538),
            (0.5734204, 0.8081538), (0.6478629, 0.7769541), (0.6464865, 0.7745264), (0.5734204, 0.8081538),
            (0.6464865, 0.7745264), (0.5727084, 0.8054477), (0.4936333, 0.8190398), (0.5734204, 0.8081538),
            (0.5727084, 0.8054477), (0.4936333, 0.8190398), (0.5727084, 0.8054477), (0.4936333, 0.8162366),
            (0.6532076, 0.7863816), (0.7116159, 0.7268991), (0.7116159, 0.7268991), (0.6532076, 0.7863816),
            (0.7116159, 0.7268991), (0.6478629, 0.7769541), (0.7116159, 0.7268991), (0.7700242, 0.6674166),
            (0.7607669, 0.6619736), (0.7116159, 0.7268991), (0.7607669, 0.6619736), (0.7116159, 0.7268991),
            (0.7116159, 0.7268991), (0.7607669, 0.6619736), (0.7583829, 0.6605719), (0.7116159, 0.7268991),
            (0.7583829, 0.6605719), (0.7096707, 0.7249181), (0.6478629, 0.7769541), (0.7116159, 0.7268991),
            (0.7096707, 0.7249181), (0.6478629, 0.7769541), (0.7096707, 0.7249181), (0.6464865, 0.7745264),
            (0.7700242, 0.6674166), (0.7914031, 0.586162), (0.7914031, 0.586162), (0.7700242, 0.6674166),
            (0.7914031, 0.586162), (0.7607669, 0.6619736), (0.7914031, 0.586162), (0.8127819, 0.5049074),
            (0.8020926, 0.5049073), (0.7914031, 0.586162), (0.8020926, 0.5049073), (0.7914031, 0.586162),
            (0.7914031, 0.586162), (0.8020926, 0.5049073), (0.7993399, 0.5049074), (0.7914031, 0.586162),
            (0.7993399, 0.5049074), (0.7887459, 0.5854369), (0.7607669, 0.6619736), (0.7914031, 0.586162),
            (0.7887459, 0.5854369), (0.7607669, 0.6619736), (0.7887459, 0.5854369), (0.7583829, 0.6605719),
            (0.8127819, 0.5049074), (0.7914031, 0.4236525), (0.7914031, 0.4236525), (0.8127819, 0.5049074),
            (0.7914031, 0.4236525), (0.8020926, 0.5049073), (0.7914031, 0.4236525), (0.7607669, 0.3478408),
            (0.758383, 0.3492425), (0.7914031, 0.4236525), (0.758383, 0.3492425), (0.7887459, 0.4243777),
            (0.8020926, 0.5049073), (0.7914031, 0.4236525), (0.7887459, 0.4243777), (0.8020926, 0.5049073),
            (0.7887459, 0.4243777), (0.7993399, 0.5049074), (0.7700242, 0.3423977), (0.711616, 0.2829154),
            (0.711616, 0.2829154), (0.7700242, 0.3423977), (0.711616, 0.2829154), (0.7607669, 0.3478408),
            (0.711616, 0.2829154), (0.6532078, 0.223433), (0.647863, 0.2328605), (0.711616, 0.2829154),
            (0.647863, 0.2328605), (0.711616, 0.2829154), (0.711616, 0.2829154), (0.647863, 0.2328605),
            (0.6464867, 0.2352883), (0.711616, 0.2829154), (0.6464867, 0.2352883), (0.7096709, 0.2848964),
            (0.7607669, 0.3478408), (0.711616, 0.2829154), (0.7096709, 0.2848964), (0.7607669, 0.3478408),
            (0.7096709, 0.2848964), (0.758383, 0.3492425), (0.6532078, 0.223433), (0.5734204, 0.2016607),
            (0.5734204, 0.2016607), (0.6532078, 0.223433), (0.5734204, 0.2016607), (0.647863, 0.2328605),
            (0.5734204, 0.2016607), (0.4936331, 0.1798884), (0.4936332, 0.1907746), (0.5734204, 0.2016607),
            (0.4936332, 0.1907746), (0.5734204, 0.2016607), (0.5734204, 0.2016607), (0.4936332, 0.1907746),
            (0.4936332, 0.193578), (0.5734204, 0.2016607), (0.4936332, 0.193578), (0.5727085, 0.2043668),
            (0.647863, 0.2328605), (0.5734204, 0.2016607), (0.5727085, 0.2043668), (0.647863, 0.2328605),
            (0.5727085, 0.2043668), (0.6464867, 0.2352883), (0.4936331, 0.1798884), (0.413846, 0.2016607),
            (0.413846, 0.2016607), (0.4936331, 0.1798884), (0.413846, 0.2016607), (0.4936332, 0.1907746),
            (0.413846, 0.2016607), (0.334059, 0.223433), (0.3394036, 0.2328604), (0.413846, 0.2016607),
            (0.3394036, 0.2328604), (0.413846, 0.2016607), (0.413846, 0.2016607), (0.3394036, 0.2328604),
            (0.3407799, 0.2352882), (0.413846, 0.2016607), (0.3407799, 0.2352882), (0.4145581, 0.2043669),
            (0.4936332, 0.1907746), (0.413846, 0.2016607), (0.4145581, 0.2043669), (0.4936332, 0.1907746),
            (0.4145581, 0.2043669), (0.4936332, 0.193578), (0.334059, 0.223433), (0.2756506, 0.2829154),
            (0.2756506, 0.2829154), (0.334059, 0.223433), (0.2756506, 0.2829154), (0.3394036, 0.2328604),
            (0.2756506, 0.2829154), (0.2172422, 0.3423977), (0.2264996, 0.3478409), (0.2756506, 0.2829154),
            (0.2264996, 0.3478409), (0.2756506, 0.2829154), (0.2756506, 0.2829154), (0.2264996, 0.3478409),
            (0.2288833, 0.3492425), (0.2756506, 0.2829154), (0.2288833, 0.3492425), (0.2775958, 0.2848964),
            (0.3394036, 0.2328604), (0.2756506, 0.2829154), (0.2775958, 0.2848964), (0.3394036, 0.2328604),
            (0.2775958, 0.2848964), (0.3407799, 0.2352882), (0.2172422, 0.3423977), (0.1958633, 0.4236525),
            (0.1958632, 0.4236525), (0.2172422, 0.3423977), (0.1958632, 0.4236525), (0.2264996, 0.3478409),
            (0.1958633, 0.4236525), (0.1744843, 0.5049074), (0.1851736, 0.5049073), (0.1958633, 0.4236525),
            (0.1851736, 0.5049073), (0.1958632, 0.4236525), (0.1958632, 0.4236525), (0.1851736, 0.5049073),
            (0.1879262, 0.5049074), (0.1958632, 0.4236525), (0.1879262, 0.5049074), (0.1985204, 0.4243777),
            (0.2264996, 0.3478409), (0.1958632, 0.4236525), (0.1985204, 0.4243777), (0.2264996, 0.3478409),
            (0.1985204, 0.4243777), (0.2288833, 0.3492425), (0.1744843, 0.5049074), (0.1958633, 0.586162),
            (0.1958632, 0.586162), (0.1744843, 0.5049074), (0.1958632, 0.586162), (0.1851736, 0.5049073),
            (0.1958633, 0.586162), (0.2172422, 0.6674166), (0.2264996, 0.6619735), (0.1958633, 0.586162),
            (0.2264996, 0.6619735), (0.1958632, 0.586162), (0.1958632, 0.586162), (0.2264996, 0.6619735),
            (0.2288833, 0.6605719), (0.1958632, 0.586162), (0.2288833, 0.6605719), (0.1985204, 0.5854369),
            (0.1851736, 0.5049073), (0.1958632, 0.586162), (0.1985204, 0.5854369), (0.1851736, 0.5049073),
            (0.1985204, 0.5854369), (0.1879262, 0.5049074), (0.2288833, 0.6605719), (0.2775958, 0.7249181),
            (0.2834314, 0.7189751), (0.2288833, 0.6605719), (0.2834314, 0.7189751), (0.2360348, 0.6563671),
            (0.2775958, 0.7249181), (0.34078, 0.7745264), (0.3449088, 0.7672433), (0.2775958, 0.7249181),
            (0.3449088, 0.7672433), (0.2834314, 0.7189751), (0.2834314, 0.7189751), (0.3449088, 0.7672433),
            (0.3490201, 0.7599914), (0.2834314, 0.7189751), (0.3490201, 0.7599914), (0.2892422, 0.7130575),
            (0.2360348, 0.6563671), (0.2834314, 0.7189751), (0.2892422, 0.7130575), (0.2360348, 0.6563671),
            (0.2892422, 0.7130575), (0.2431558, 0.6521802), (0.34078, 0.7745264), (0.4145581, 0.8054477),
            (0.4166941, 0.7973294), (0.34078, 0.7745264), (0.4166941, 0.7973294), (0.3449088, 0.7672433),
            (0.4145581, 0.8054477), (0.4936333, 0.8162366), (0.4936333, 0.8078269), (0.4145581, 0.8054477),
            (0.4936333, 0.8078269), (0.4166941, 0.7973294), (0.4166941, 0.7973294), (0.4936333, 0.8078269),
            (0.4936333, 0.799453), (0.4166941, 0.7973294), (0.4936333, 0.799453), (0.4188209, 0.7892457),
            (0.3449088, 0.7672433), (0.4166941, 0.7973294), (0.4188209, 0.7892457), (0.3449088, 0.7672433),
            (0.4188209, 0.7892457), (0.3490201, 0.7599914), (0.4936333, 0.8162366), (0.5727084, 0.8054477),
            (0.5705724, 0.7973294), (0.4936333, 0.8162366), (0.5705724, 0.7973294), (0.4936333, 0.8078269),
            (0.5727084, 0.8054477), (0.6464865, 0.7745264), (0.6423576, 0.7672433), (0.5727084, 0.8054477),
            (0.6423576, 0.7672433), (0.5705724, 0.7973294), (0.5705724, 0.7973294), (0.6423576, 0.7672433),
            (0.6418156, 0.7662872), (0.5705724, 0.7973294), (0.6418156, 0.7662872), (0.5684455, 0.7892458),
            (0.4936333, 0.8078269), (0.5705724, 0.7973294), (0.5684455, 0.7892458), (0.4936333, 0.8078269),
            (0.5684455, 0.7892458), (0.4936333, 0.799453), (0.6464865, 0.7745264), (0.7096707, 0.7249181),
            (0.703835, 0.7189751), (0.6464865, 0.7745264), (0.703835, 0.7189751), (0.6423576, 0.7672433),
            (0.7096707, 0.7249181), (0.7583829, 0.6605719), (0.7512316, 0.6563671), (0.7096707, 0.7249181),
            (0.7512316, 0.6563671), (0.703835, 0.7189751), (0.703835, 0.7189751), (0.7512316, 0.6563671),
            (0.7502927, 0.655815), (0.703835, 0.7189751), (0.7502927, 0.655815), (0.6960541, 0.7110511),
            (0.6423576, 0.7672433), (0.703835, 0.7189751), (0.6960541, 0.7110511), (0.6423576, 0.7672433),
            (0.6960541, 0.7110511), (0.6418156, 0.7662872), (0.7583829, 0.6605719), (0.7887459, 0.5854369),
            (0.7807742, 0.5832616), (0.7583829, 0.6605719), (0.7807742, 0.5832616), (0.7512316, 0.6563671),
            (0.7887459, 0.5854369), (0.7993399, 0.5049074), (0.7910822, 0.5049073), (0.7887459, 0.5854369),
            (0.7910822, 0.5049073), (0.7807742, 0.5832616), (0.7807742, 0.5832616), (0.7910822, 0.5049073),
            (0.7828597, 0.5049074), (0.7807742, 0.5832616), (0.7828597, 0.5049074), (0.7728366, 0.5810956),
            (0.7512316, 0.6563671), (0.7807742, 0.5832616), (0.7728366, 0.5810956), (0.7512316, 0.6563671),
            (0.7728366, 0.5810956), (0.7502927, 0.655815), (0.7993399, 0.5049074), (0.7887459, 0.4243777),
            (0.7807741, 0.426553), (0.7993399, 0.5049074), (0.7807741, 0.426553), (0.7910822, 0.5049073),
            (0.7887459, 0.4243777), (0.758383, 0.3492425), (0.7512315, 0.3534474), (0.7887459, 0.4243777),
            (0.7512315, 0.3534474), (0.7807741, 0.426553), (0.7807741, 0.426553), (0.7512315, 0.3534474),
            (0.7441105, 0.3576344), (0.7807741, 0.426553), (0.7441105, 0.3576344), (0.7728366, 0.4287191),
            (0.7910822, 0.5049073), (0.7807741, 0.426553), (0.7728366, 0.4287191), (0.7910822, 0.5049073),
            (0.7728366, 0.4287191), (0.7828597, 0.5049074), (0.758383, 0.3492425), (0.7096709, 0.2848964),
            (0.703835, 0.2908394), (0.758383, 0.3492425), (0.703835, 0.2908394), (0.7512315, 0.3534474),
            (0.7096709, 0.2848964), (0.6464867, 0.2352883), (0.6423577, 0.2425711), (0.7096709, 0.2848964),
            (0.6423577, 0.2425711), (0.703835, 0.2908394), (0.703835, 0.2908394), (0.6423577, 0.2425711),
            (0.6382464, 0.249823), (0.703835, 0.2908394), (0.6382464, 0.249823), (0.6980243, 0.2967571),
            (0.7512315, 0.3534474), (0.703835, 0.2908394), (0.6980243, 0.2967571), (0.7512315, 0.3534474),
            (0.6980243, 0.2967571), (0.7441105, 0.3576344), (0.6464867, 0.2352883), (0.5727085, 0.2043668),
            (0.5705725, 0.212485), (0.6464867, 0.2352883), (0.5705725, 0.212485), (0.6423577, 0.2425711),
            (0.5727085, 0.2043668), (0.4936332, 0.193578), (0.4936332, 0.2019876), (0.5727085, 0.2043668),
            (0.4936332, 0.2019876), (0.5705725, 0.212485), (0.5705725, 0.212485), (0.4936332, 0.2019876),
            (0.4936333, 0.2103613), (0.5705725, 0.212485), (0.4936333, 0.2103613), (0.5684456, 0.2205685),
            (0.6423577, 0.2425711), (0.5705725, 0.212485), (0.5684456, 0.2205685), (0.6423577, 0.2425711),
            (0.5684456, 0.2205685), (0.6382464, 0.249823), (0.4936332, 0.193578), (0.4145581, 0.2043669),
            (0.4166941, 0.212485), (0.4936332, 0.193578), (0.4166941, 0.212485), (0.4936332, 0.2019876),
            (0.4145581, 0.2043669), (0.3407799, 0.2352882), (0.3449088, 0.2425711), (0.4145581, 0.2043669),
            (0.3449088, 0.2425711), (0.4166941, 0.212485), (0.4166941, 0.212485), (0.3449088, 0.2425711),
            (0.34902, 0.2498229), (0.4166941, 0.212485), (0.34902, 0.2498229), (0.4188209, 0.2205685),
            (0.4936332, 0.2019876), (0.4166941, 0.212485), (0.4188209, 0.2205685), (0.4936332, 0.2019876),
            (0.4188209, 0.2205685), (0.4936333, 0.2103613), (0.3407799, 0.2352882), (0.2775958, 0.2848964),
            (0.2834314, 0.2908394), (0.3407799, 0.2352882), (0.2834314, 0.2908394), (0.3449088, 0.2425711),
            (0.2775958, 0.2848964), (0.2288833, 0.3492425), (0.2360348, 0.3534474), (0.2775958, 0.2848964),
            (0.2360348, 0.3534474), (0.2834314, 0.2908394), (0.2834314, 0.2908394), (0.2360348, 0.3534474),
            (0.2431558, 0.3576344), (0.2834314, 0.2908394), (0.2431558, 0.3576344), (0.2892422, 0.2967571),
            (0.3449088, 0.2425711), (0.2834314, 0.2908394), (0.2892422, 0.2967571), (0.3449088, 0.2425711),
            (0.2892422, 0.2967571), (0.34902, 0.2498229), (0.2288833, 0.3492425), (0.1985204, 0.4243777),
            (0.206492, 0.426553), (0.2288833, 0.3492425), (0.206492, 0.426553), (0.2360348, 0.3534474),
            (0.1985204, 0.4243777), (0.1879262, 0.5049074), (0.196184, 0.5049074), (0.1985204, 0.4243777),
            (0.196184, 0.5049074), (0.206492, 0.426553), (0.206492, 0.426553), (0.196184, 0.5049074),
            (0.2044067, 0.5049074), (0.206492, 0.426553), (0.2044067, 0.5049074), (0.2144297, 0.4287191),
            (0.2360348, 0.3534474), (0.206492, 0.426553), (0.2144297, 0.4287191), (0.2360348, 0.3534474),
            (0.2144297, 0.4287191), (0.2431558, 0.3576344), (0.1879262, 0.5049074), (0.1985204, 0.5854369),
            (0.206492, 0.5832616), (0.1879262, 0.5049074), (0.206492, 0.5832616), (0.196184, 0.5049074),
            (0.1985204, 0.5854369), (0.2288833, 0.6605719), (0.2360348, 0.6563671), (0.1985204, 0.5854369),
            (0.2360348, 0.6563671), (0.206492, 0.5832616), (0.206492, 0.5832616), (0.2360348, 0.6563671),
            (0.2431558, 0.6521802), (0.206492, 0.5832616), (0.2431558, 0.6521802), (0.2144297, 0.5810956),
            (0.196184, 0.5049074), (0.206492, 0.5832616), (0.2144297, 0.5810956), (0.196184, 0.5049074),
            (0.2144297, 0.5810956), (0.2044067, 0.5049074), (0.2431558, 0.6521802), (0.2892422, 0.7130575),
            (0.2911126, 0.7111527), (0.2431558, 0.6521802), (0.2911126, 0.7111527), (0.2454479, 0.6508325),
            (0.2892422, 0.7130575), (0.3490201, 0.7599914), (0.3503435, 0.7576571), (0.2892422, 0.7130575),
            (0.3503435, 0.7576571), (0.2911126, 0.7111527), (0.2911126, 0.7111527), (0.3503435, 0.7576571),
            (0.3453049, 0.7665447), (0.2911126, 0.7111527), (0.3453049, 0.7665447), (0.2910129, 0.7112542),
            (0.2454479, 0.6508325), (0.2911126, 0.7111527), (0.2910129, 0.7112542), (0.2454479, 0.6508325),
            (0.2910129, 0.7112542), (0.2367208, 0.6559638), (0.3490201, 0.7599914), (0.4188209, 0.7892457),
            (0.4195056, 0.7866438), (0.3490201, 0.7599914), (0.4195056, 0.7866438), (0.3503435, 0.7576571),
            (0.4188209, 0.7892457), (0.4936333, 0.799453), (0.4936333, 0.7967576), (0.4188209, 0.7892457),
            (0.4936333, 0.7967576), (0.4195056, 0.7866438), (0.4195056, 0.7866438), (0.4936333, 0.7967576),
            (0.4936333, 0.8070203), (0.4195056, 0.7866438), (0.4936333, 0.8070203), (0.4194691, 0.7867825),
            (0.3503435, 0.7576571), (0.4195056, 0.7866438), (0.4194691, 0.7867825), (0.3503435, 0.7576571),
            (0.4194691, 0.7867825), (0.3453049, 0.7665447), (0.4936333, 0.799453), (0.5684455, 0.7892458),
            (0.5677609, 0.7866438), (0.4936333, 0.799453), (0.5677609, 0.7866438), (0.4936333, 0.7967576),
            (0.5684455, 0.7892458), (0.6418156, 0.7662872), (0.6418885, 0.766416), (0.5684455, 0.7892458),
            (0.6418885, 0.766416), (0.5677609, 0.7866438), (0.5677609, 0.7866438), (0.6418885, 0.766416),
            (0.6419615, 0.7665447), (0.5677609, 0.7866438), (0.6419615, 0.7665447), (0.5677974, 0.7867825),
            (0.4936333, 0.7967576), (0.5677609, 0.7866438), (0.5677974, 0.7867825), (0.4936333, 0.7967576),
            (0.5677974, 0.7867825), (0.4936333, 0.8070203), (1.159458, 0.356227), (1.17961, 0.356227),
            (1.17961, 0.3595495), (1.159458, 0.356227), (1.17961, 0.3595495), (1.159458, 0.3595495),
            (1.17961, 0.356227), (1.199763, 0.356227), (1.199763, 0.3595495), (1.17961, 0.356227),
            (1.199763, 0.3595495), (1.17961, 0.3595495), (1.17961, 0.3595495), (1.199763, 0.3595495),
            (1.199763, 0.362872), (1.17961, 0.3595495), (1.199763, 0.362872), (1.17961, 0.362872),
            (1.159458, 0.3595495), (1.17961, 0.3595495), (1.17961, 0.362872), (1.159458, 0.3595495),
            (1.17961, 0.362872), (1.159458, 0.362872), (0.7502927, 0.655815), (0.7728366, 0.5810956),
            (0.7702816, 0.5803984), (0.7502927, 0.655815), (0.7702816, 0.5803984), (0.7504191, 0.6558894),
            (0.7728366, 0.5810956), (0.7828597, 0.5049074), (0.7802129, 0.5049074), (0.7728366, 0.5810956),
            (0.7802129, 0.5049074), (0.7702816, 0.5803984), (0.7702816, 0.5803984), (0.7802129, 0.5049074),
            (0.7902901, 0.5049074), (0.7702816, 0.5803984), (0.7902901, 0.5049074), (0.7704178, 0.5804356),
            (0.7504191, 0.6558894), (0.7702816, 0.5803984), (0.7704178, 0.5804356), (0.7504191, 0.6558894),
            (0.7704178, 0.5804356), (0.7505455, 0.6559638), (0.7828597, 0.5049074), (0.7728366, 0.4287191),
            (0.7702816, 0.4294163), (0.7828597, 0.5049074), (0.7702816, 0.4294163), (0.7802129, 0.5049074),
            (0.7728366, 0.4287191), (0.7441105, 0.3576344), (0.7418184, 0.3589822), (0.7728366, 0.4287191),
            (0.7418184, 0.3589822), (0.7702816, 0.4294163), (0.7702816, 0.4294163), (0.7418184, 0.3589822),
            (0.7505455, 0.3538509), (0.7702816, 0.4294163), (0.7505455, 0.3538509), (0.7704178, 0.4293791),
            (0.7802129, 0.5049074), (0.7702816, 0.4294163), (0.7704178, 0.4293791), (0.7802129, 0.5049074),
            (0.7704178, 0.4293791), (0.7902901, 0.5049074), (0.7441105, 0.3576344), (0.6980243, 0.2967571),
            (0.6961538, 0.2986618), (0.7441105, 0.3576344), (0.6961538, 0.2986618), (0.7418184, 0.3589822),
            (0.6980243, 0.2967571), (0.6382464, 0.249823), (0.6369231, 0.2521573), (0.6980243, 0.2967571),
            (0.6369231, 0.2521573), (0.6961538, 0.2986618), (0.6961538, 0.2986618), (0.6369231, 0.2521573),
            (0.6419617, 0.2432696), (0.6961538, 0.2986618), (0.6419617, 0.2432696), (0.6962536, 0.2985603),
            (0.7418184, 0.3589822), (0.6961538, 0.2986618), (0.6962536, 0.2985603), (0.7418184, 0.3589822),
            (0.6962536, 0.2985603), (0.7505455, 0.3538509), (0.6382464, 0.249823), (0.5684456, 0.2205685),
            (0.567761, 0.2231706), (0.6382464, 0.249823), (0.567761, 0.2231706), (0.6369231, 0.2521573),
            (0.5684456, 0.2205685), (0.4936333, 0.2103613), (0.4936333, 0.2130568), (0.5684456, 0.2205685),
            (0.4936333, 0.2130568), (0.567761, 0.2231706), (0.567761, 0.2231706), (0.4936333, 0.2130568),
            (0.4936333, 0.2027943), (0.567761, 0.2231706), (0.4936333, 0.2027943), (0.5677975, 0.2230319),
            (0.6369231, 0.2521573), (0.567761, 0.2231706), (0.5677975, 0.2230319), (0.6369231, 0.2521573),
            (0.5677975, 0.2230319), (0.6419617, 0.2432696), (0.4936333, 0.2103613), (0.4188209, 0.2205685),
            (0.4195055, 0.2231706), (0.4936333, 0.2103613), (0.4195055, 0.2231706), (0.4936333, 0.2130568),
            (0.4188209, 0.2205685), (0.34902, 0.2498229), (0.3503435, 0.2521574), (0.4188209, 0.2205685),
            (0.3503435, 0.2521574), (0.4195055, 0.2231706), (0.4195055, 0.2231706), (0.3503435, 0.2521574),
            (0.3453049, 0.2432696), (0.4195055, 0.2231706), (0.3453049, 0.2432696), (0.4194691, 0.2230319),
            (0.4936333, 0.2130568), (0.4195055, 0.2231706), (0.4194691, 0.2230319), (0.4936333, 0.2130568),
            (0.4194691, 0.2230319), (0.4936333, 0.2027943), (0.34902, 0.2498229), (0.2892422, 0.2967571),
            (0.2911126, 0.2986618), (0.34902, 0.2498229), (0.2911126, 0.2986618), (0.3503435, 0.2521574),
            (0.2892422, 0.2967571), (0.2431558, 0.3576344), (0.2454479, 0.3589822), (0.2892422, 0.2967571),
            (0.2454479, 0.3589822), (0.2911126, 0.2986618), (0.2911126, 0.2986618), (0.2454479, 0.3589822),
            (0.2367208, 0.3538509), (0.2911126, 0.2986618), (0.2367208, 0.3538509), (0.2910129, 0.2985603),
            (0.3503435, 0.2521574), (0.2911126, 0.2986618), (0.2910129, 0.2985603), (0.3503435, 0.2521574),
            (0.2910129, 0.2985603), (0.3453049, 0.2432696), (0.2431558, 0.3576344), (0.2144297, 0.4287191),
            (0.2169848, 0.4294163), (0.2431558, 0.3576344), (0.2169848, 0.4294163), (0.2454479, 0.3589822),
            (0.2144297, 0.4287191), (0.2044067, 0.5049074), (0.2070535, 0.5049074), (0.2144297, 0.4287191),
            (0.2070535, 0.5049074), (0.2169848, 0.4294163), (0.2169848, 0.4294163), (0.2070535, 0.5049074),
            (0.1969763, 0.5049074), (0.2169848, 0.4294163), (0.1969763, 0.5049074), (0.2168486, 0.4293791),
            (0.2454479, 0.3589822), (0.2169848, 0.4294163), (0.2168486, 0.4293791), (0.2454479, 0.3589822),
            (0.2168486, 0.4293791), (0.2367208, 0.3538509), (0.2044067, 0.5049074), (0.2144297, 0.5810956),
            (0.2169848, 0.5803984), (0.2044067, 0.5049074), (0.2169848, 0.5803984), (0.2070535, 0.5049074),
            (0.2144297, 0.5810956), (0.2431558, 0.6521802), (0.2454479, 0.6508325), (0.2144297, 0.5810956),
            (0.2454479, 0.6508325), (0.2169848, 0.5803984), (0.2169848, 0.5803984), (0.2454479, 0.6508325),
            (0.2367208, 0.6559638), (0.2169848, 0.5803984), (0.2367208, 0.6559638), (0.2168486, 0.5804356),
            (0.2070535, 0.5049074), (0.2169848, 0.5803984), (0.2168486, 0.5804356), (0.2070535, 0.5049074),
            (0.2168486, 0.5804356), (0.1969763, 0.5049074)
        ] (
            interpolation = "faceVarying"
        )
        uniform token subdivisionScheme = "none"
        float3[] extent = [(-0.03303748, -0.03267663, 0), (0.03316247, 0.03352326, 0.12199997)]
        rel material:binding = </sevenup_can_visual/materials/mat_4>
    }
    def Mesh "mesh_5"
    {
        uniform bool doubleSided = 1
        int[] faceVertexCounts = [
            3, 3
        ]
        int[] faceVertexIndices = [
            1117, 1118, 1119, 1117, 1119, 1120
        ]
        normal3f[] normals = [
            (-0.9247518, -0.3805707, -0.000246663), (-0.9247507, -0.3805735, -0.000259753), (-0.9247508, -0.3805732, -0.000258453),
            (-0.9247518, -0.3805707, -0.000246663), (-0.9247508, -0.3805732, -0.000258453), (-0.924752, -0.3805705, -0.000245364)
        ] (
            interpolation = "faceVarying"
        )
        point3f[] points = [
            (0.02872782, 0.01697319, 0.02288866), (0.02345365, 0.02381438, 0.0228886), (0.02345365, 0.02381438, 0.03777397),
            (0.02872782, 0.01697319, 0.03777397), (0.01661247, 0.02908867, 0.0228886), (0.01661247, 0.02908867, 0.03777391),
            (0.01661247, 0.02908867, 0.05540746), (0.02345365, 0.02381438, 0.05540746), (0.02872782, 0.01697319, 0.05540746),
            (0.008624255, 0.03237617, 0.0228886), (0.008624255, 0.03237617, 0.03777391), (6.25195e-05, 0.03352326, 0.0228886),
            (6.25195e-05, 0.03352326, 0.03777397), (6.25195e-05, 0.03352326, 0.05540746), (0.008624255, 0.03237617, 0.05540746),
            (-0.008499205, 0.03237617, 0.0228886), (-0.008499205, 0.03237617, 0.03777397), (-0.01648741, 0.02908867, 0.0228886),
            (-0.01648741, 0.02908867, 0.03777397), (-0.01648741, 0.02908867, 0.05540746), (-0.008499205, 0.03237617, 0.05540746),
            (-0.0233286, 0.02381438, 0.0228886), (-0.0233286, 0.02381438, 0.03777397), (-0.02860283, 0.01697319, 0.0228886),
            (-0.02860283, 0.01697319, 0.03777397), (-0.02860283, 0.01697319, 0.05540746), (-0.0233286, 0.02381438, 0.05540746),
            (-0.03189039, 0.008985042, 0.0228886), (-0.03189039, 0.008985042, 0.03777397), (-0.03303742, 0.000423302, 0.0228886),
            (-0.03303742, 0.000423302, 0.03777397), (-0.03303742, 0.000423286, 0.05540746), (-0.03189039, 0.008985042, 0.05540746),
            (-0.03189039, -0.008138418, 0.0228886), (-0.03189039, -0.008138418, 0.03777397), (-0.02860283, -0.01612669, 0.0228886),
            (-0.02860283, -0.01612669, 0.03777391), (-0.02860283, -0.01612669, 0.05540746), (-0.03189039, -0.008138418, 0.05540746),
            (-0.02332866, -0.02296787, 0.0228886), (-0.02332866, -0.02296787, 0.03777397), (-0.01648741, -0.02824211, 0.0228886),
            (-0.01648741, -0.02824211, 0.03777397), (-0.01648741, -0.02824211, 0.05540746), (-0.02332866, -0.02296787, 0.05540746),
            (-0.008499264, -0.0315296, 0.0228886), (-0.008499264, -0.0315296, 0.03777397), (6.25087e-05, -0.03267663, 0.0228886),
            (6.25087e-05, -0.03267663, 0.03777391), (6.25087e-05, -0.03267663, 0.05540746), (-0.008499264, -0.0315296, 0.05540746),
            (6.25087e-05, -0.03267663, 0.0228886), (0.008624255, -0.0315296, 0.0228886), (0.008624255, -0.0315296, 0.03777391),
            (6.25087e-05, -0.03267663, 0.03777391), (0.01661247, -0.02824211, 0.0228886), (0.01661247, -0.02824211, 0.03777397),
            (0.01661247, -0.02824211, 0.05540746), (0.008624255, -0.0315296, 0.05540746), (6.25087e-05, -0.03267663, 0.05540746),
            (0.02345365, -0.02296787, 0.0228886), (0.02345365, -0.02296787, 0.03777397), (0.02872788, -0.01612669, 0.0228886),
            (0.02872788, -0.01612669, 0.03777397), (0.02872788, -0.01612669, 0.05540746), (0.02345365, -0.02296787, 0.05540746),
            (0.03201544, -0.008138418, 0.0228886), (0.03201544, -0.008138418, 0.03777397), (0.03316247, 0.000423302, 0.0228886),
            (0.03316247, 0.000423302, 0.03777397), (0.03316247, 0.000423302, 0.05540746), (0.03201544, -0.008138418, 0.05540746),
            (0.03201544, 0.008985042, 0.02288866), (0.03201538, 0.008985042, 0.03777397), (0.03201538, 0.008985042, 0.05540746),
            (0.02872782, 0.01697319, 0.08685129), (0.02345365, 0.02381438, 0.08685129), (0.02345365, 0.02381438, 0.09667652),
            (0.02872782, 0.01697319, 0.09667652), (0.01661247, 0.02908867, 0.08685129), (0.01661247, 0.02908867, 0.09667652),
            (0.01649224, 0.02888059, 0.10292303), (0.02328377, 0.02364462, 0.10292303), (0.02851969, 0.01685309, 0.10292303),
            (0.008624255, 0.03237617, 0.08685129), (0.008624255, 0.03237617, 0.09667652), (6.25195e-05, 0.03352326, 0.08685129),
            (6.25195e-05, 0.03352326, 0.09667652), (6.25195e-05, 0.03328287, 0.10292303), (0.008562088, 0.03214412, 0.10292303),
            (-0.008499205, 0.03237617, 0.08685129), (-0.008499205, 0.03237617, 0.09667652), (-0.01648741, 0.02908867, 0.08685129),
            (-0.01648741, 0.02908867, 0.09667652), (-0.01636731, 0.02888059, 0.10292297), (-0.008437037, 0.03214412, 0.10292297),
            (-0.0233286, 0.02381438, 0.08685123), (-0.0233286, 0.02381438, 0.09667646), (-0.02860283, 0.01697319, 0.08685123),
            (-0.02860283, 0.01697319, 0.09667652), (-0.02839469, 0.01685309, 0.10292297), (-0.02315872, 0.02364462, 0.10292297),
            (-0.03189039, 0.008985042, 0.08685129), (-0.03189039, 0.008985042, 0.09667652), (-0.03303742, 0.000423302, 0.08685129),
            (-0.03303742, 0.000423302, 0.09667652), (-0.03279709, 0.000423304, 0.10292297), (-0.03165841, 0.008922874, 0.10292297),
            (-0.03189039, -0.008138418, 0.08685129), (-0.03189039, -0.008138418, 0.09667652), (-0.02860283, -0.01612669, 0.08685129),
            (-0.02860283, -0.01612669, 0.09667652), (-0.02839469, -0.01600646, 0.10292297), (-0.03165841, -0.00807625, 0.10292297),
            (-0.02332866, -0.02296787, 0.08685129), (-0.02332866, -0.02296787, 0.09667652), (-0.01648741, -0.02824211, 0.08685129),
            (-0.01648741, -0.02824211, 0.09667652), (-0.01636731, -0.02803403, 0.10292297), (-0.02315878, -0.02279806, 0.10292297),
            (-0.008499264, -0.0315296, 0.08685129), (-0.008499264, -0.0315296, 0.09667658), (6.25087e-05, -0.03267663, 0.08685129),
            (6.25087e-05, -0.03267663, 0.09667658), (6.25195e-05, -0.03243637, 0.10292303), (-0.008437037, -0.03129762, 0.10292303),
            (6.25087e-05, -0.03267663, 0.08685129), (0.008624255, -0.0315296, 0.08685129), (0.008624255, -0.0315296, 0.09667658),
            (6.25087e-05, -0.03267663, 0.09667658), (0.01661247, -0.02824211, 0.08685129), (0.01661247, -0.02824211, 0.09667658),
            (0.01649224, -0.02803403, 0.10292303), (0.008562088, -0.03129762, 0.10292303), (6.25195e-05, -0.03243637, 0.10292303),
            (0.02345365, -0.02296787, 0.08685129), (0.02345365, -0.02296787, 0.09667658), (0.02872782, -0.01612669, 0.08685129),
            (0.02872782, -0.01612669, 0.09667658), (0.02851974, -0.01600646, 0.10292303), (0.02328377, -0.02279806, 0.10292303),
            (0.03201538, -0.008138418, 0.08685129), (0.03201544, -0.008138418, 0.09667658), (0.03316247, 0.000423302, 0.08685129),
            (0.03316247, 0.000423302, 0.09667652), (0.03292208, 0.000423304, 0.10292303), (0.03178346, -0.00807625, 0.10292303),
            (0.03201538, 0.008985042, 0.08685129), (0.03201538, 0.008985042, 0.09667652), (0.0317834, 0.008922874, 0.10292303),
            (0.02277427, 0.02313512, 0.10660725), (0.02789545, 0.0164926, 0.10660725), (0.01613181, 0.02825611, 0.10660725),
            (0.01562392, 0.02737653, 0.10892229), (0.02205646, 0.02241724, 0.10892229), (0.02701574, 0.01598477, 0.10892229),
            (0.008375585, 0.03144824, 0.10660725), (6.25195e-05, 0.03256189, 0.10660725), (6.25195e-05, 0.03154623, 0.10892229),
            (0.008112847, 0.03046762, 0.10892229), (-0.008250594, 0.03144824, 0.10660719), (-0.01600676, 0.02825611, 0.10660719),
            (-0.01549887, 0.02737653, 0.10892223), (-0.007987856, 0.03046762, 0.10892229), (-0.02264922, 0.02313512, 0.10660719),
            (-0.0277704, 0.0164926, 0.10660719), (-0.02689069, 0.01598477, 0.10892223), (-0.0219314, 0.02241724, 0.10892223),
            (-0.03096234, 0.008736371, 0.10660719), (-0.03207612, 0.000423304, 0.10660719), (-0.03106033, 0.000423304, 0.10892223),
            (-0.02998191, 0.008473634, 0.10892223), (-0.03096234, -0.007889807, 0.10660719), (-0.0277704, -0.01564604, 0.10660725),
            (-0.02689075, -0.01513808, 0.10892229), (-0.02998191, -0.00762701, 0.10892223), (-0.02264928, -0.02228856, 0.10660725),
            (-0.01600676, -0.02740961, 0.10660725), (-0.01549887, -0.0265299, 0.10892229), (-0.02193146, -0.02157074, 0.10892229),
            (-0.008250594, -0.03060168, 0.10660725), (6.25087e-05, -0.03171539, 0.10660725), (6.25087e-05, -0.03069967, 0.10892229),
            (-0.007987856, -0.02962112, 0.10892229), (0.008375585, -0.03060168, 0.10660725), (6.25087e-05, -0.03171539, 0.10660725),
            (0.01613181, -0.02740961, 0.10660725), (0.01562392, -0.0265299, 0.10892229), (0.008112847, -0.02962112, 0.10892229),
            (6.25087e-05, -0.03069967, 0.10892229), (0.02277427, -0.02228856, 0.10660725), (0.02789545, -0.01564604, 0.10660725),
            (0.02701574, -0.01513808, 0.10892229), (0.02205646, -0.02157074, 0.10892229), (0.03108739, -0.007889807, 0.10660725),
            (0.03220123, 0.000423304, 0.10660725), (0.03118538, 0.000423304, 0.10892229), (0.0301069, -0.00762701, 0.10892229),
            (0.03108739, 0.008736371, 0.10660725), (0.0301069, 0.008473634, 0.10892229), (0.02402228, 0.01425641, 0.1156001),
            (0.01961386, 0.01997458, 0.1156001), (0.01927053, 0.01963132, 0.11675267), (0.02360165, 0.01401352, 0.11675267),
            (0.01389569, 0.024383, 0.1156001), (0.0136528, 0.02396237, 0.11675267), (0.01348435, 0.02367073, 0.11786609),
            (0.01903247, 0.01939332, 0.11786609), (0.02330994, 0.01384508, 0.11786609), (0.007218778, 0.0271309, 0.1156001),
            (0.007093071, 0.02666199, 0.11675267), (6.25195e-05, 0.02808964, 0.1156001), (6.25195e-05, 0.02760392, 0.11675267),
            (6.25195e-05, 0.02726703, 0.11786609), (0.007005929, 0.02633678, 0.11786609), (-0.007093667, 0.0271309, 0.1156001),
            (-0.006968021, 0.02666199, 0.11675267), (-0.01377063, 0.024383, 0.11560004), (-0.01352781, 0.02396237, 0.11675261),
            (-0.0133593, 0.02367073, 0.11786603), (-0.006880939, 0.02633678, 0.11786609), (-0.01948881, 0.01997458, 0.11560004),
            (-0.01914548, 0.01963132, 0.11675261), (-0.02389729, 0.01425641, 0.11560004), (-0.0234766, 0.01401352, 0.11675261),
            (-0.02318489, 0.01384508, 0.11786603), (-0.01890742, 0.01939332, 0.11786603), (-0.02664506, 0.007579565, 0.11560004),
            (-0.02617621, 0.007453918, 0.11675261), (-0.02760386, 0.000423301, 0.11560004), (-0.02711808, 0.000423301, 0.11675261),
            (-0.02678126, 0.000423301, 0.11786603), (-0.02585101, 0.007366776, 0.11786603), (-0.02664506, -0.006732881, 0.11560004),
            (-0.02617621, -0.006607294, 0.11675261), (-0.02389729, -0.01340985, 0.11560004), (-0.0234766, -0.01316702, 0.11675261),
            (-0.02318489, -0.01299858, 0.11786603), (-0.02585101, -0.006520152, 0.11786603), (-0.01948881, -0.01912802, 0.11560004),
            (-0.01914548, -0.01878476, 0.11675261), (-0.01377063, -0.0235365, 0.11560004), (-0.01352781, -0.02311581, 0.11675261),
            (-0.01335936, -0.02282404, 0.11786603), (-0.01890748, -0.01854676, 0.11786603), (-0.007093787, -0.02628427, 0.1156001),
            (-0.00696814, -0.02581536, 0.11675267), (6.25087e-05, -0.02724301, 0.1156001), (6.25087e-05, -0.02675729, 0.11675267),
            (6.25087e-05, -0.02642053, 0.11786609), (-0.006880939, -0.02549028, 0.11786609), (6.25087e-05, -0.02724301, 0.1156001),
            (0.007218778, -0.02628427, 0.1156001), (0.007093071, -0.02581536, 0.11675267), (6.25087e-05, -0.02675729, 0.11675267),
            (0.01389569, -0.0235365, 0.1156001), (0.0136528, -0.02311581, 0.11675267), (0.01348435, -0.02282404, 0.11786609),
            (0.007005929, -0.02549028, 0.11786609), (6.25087e-05, -0.02642053, 0.11786609), (0.01961386, -0.01912802, 0.1156001),
            (0.01927053, -0.01878476, 0.11675267), (0.02402228, -0.01340985, 0.1156001), (0.02360165, -0.01316702, 0.11675267),
            (0.02330994, -0.01299858, 0.11786609), (0.01903247, -0.01854676, 0.11786609), (0.02677011, -0.006732881, 0.1156001),
            (0.0263012, -0.006607294, 0.11675267), (0.02772891, 0.000423301, 0.1156001), (0.02724307, 0.000423301, 0.11675267),
            (0.02690631, 0.000423301, 0.11786609), (0.02597606, -0.006520152, 0.11786609), (0.02677011, 0.007579565, 0.1156001),
            (0.0263012, 0.007453918, 0.11675267), (0.02597606, 0.007366776, 0.11786609), (-0.01371324, -0.02343702, 0.0042724),
            (-0.007064044, -0.02617347, 0.0042724), (-0.007721066, -0.02862554, 0.00634032), (-0.01498329, -0.02563685, 0.00634032),
            (6.25195e-05, -0.02712815, 0.0042724), (6.25195e-05, -0.02966839, 0.00634032), (6.25195e-05, -0.0319246, 0.0093053),
            (-0.008304715, -0.03080362, 0.0093053), (-0.01611143, -0.02759081, 0.0093053), (-0.02379775, -0.01335245, 0.0042724),
            (-0.01940757, -0.01904684, 0.0042724), (-0.02120274, -0.02084195, 0.00634032), (-0.02599757, -0.01462244, 0.00634032),
            (-0.0227971, -0.02243638, 0.0093053), (-0.02795153, -0.01575058, 0.0093053), (-0.02748894, 0.000423301, 0.0042724),
            (-0.02653414, -0.006703197, 0.0042724), (-0.02898639, -0.007360219, 0.00634032), (-0.03002911, 0.000423302, 0.00634032),
            (-0.03116434, -0.007943928, 0.0093053), (-0.03228539, 0.000423302, 0.0093053), (-0.02379775, 0.01419895, 0.0042724),
            (-0.02653414, 0.007549822, 0.0042724), (-0.02898639, 0.008206903, 0.00634032), (-0.02599757, 0.01546913, 0.00634032),
            (-0.03116434, 0.008790493, 0.0093053), (-0.02795153, 0.01659721, 0.0093053), (-0.01371324, 0.02428352, 0.0042724),
            (-0.01940757, 0.0198934, 0.0042724), (-0.02120274, 0.02168852, 0.00634032), (-0.01498323, 0.02648335, 0.00634032),
            (-0.0227971, 0.02328294, 0.0093053), (-0.01611143, 0.02843737, 0.0093053), (6.25195e-05, 0.02797478, 0.00427246),
            (-0.007064044, 0.02701997, 0.0042724), (-0.007721066, 0.02947217, 0.00634032), (6.25195e-05, 0.03051495, 0.00634032),
            (-0.008304715, 0.03165012, 0.0093053), (6.25195e-05, 0.03277117, 0.0093053), (0.01383823, 0.02428352, 0.00427246),
            (0.007189095, 0.02701997, 0.00427246), (0.007846117, 0.02947217, 0.00634032), (0.01510828, 0.02648335, 0.00634032),
            (0.008429706, 0.03165012, 0.0093053), (0.01623642, 0.02843737, 0.0093053), (0.0239228, 0.01419895, 0.0042724),
            (0.01953262, 0.0198934, 0.0042724), (0.02132773, 0.02168852, 0.00634032), (0.02612257, 0.01546913, 0.00634032),
            (0.02292209, 0.02328294, 0.0093053), (0.02807652, 0.01659721, 0.0093053), (0.02761399, 0.000423301, 0.0042724),
            (0.02665925, 0.007549822, 0.0042724), (0.02911138, 0.008206903, 0.00634032), (0.0301541, 0.000423302, 0.00634032),
            (0.03128933, 0.008790493, 0.0093053), (0.03241038, 0.000423302, 0.0093053), (0.0239228, -0.01335245, 0.0042724),
            (0.02665925, -0.006703197, 0.0042724), (0.02911138, -0.007360219, 0.00634032), (0.02612262, -0.01462244, 0.00634032),
            (0.03128933, -0.007943928, 0.0093053), (0.02807658, -0.01575058, 0.0093053), (0.01383829, -0.02343702, 0.0042724),
            (0.01953268, -0.01904684, 0.0042724), (0.02132773, -0.02084195, 0.00634032), (0.01510828, -0.02563685, 0.00634032),
            (0.02292215, -0.02243638, 0.0093053), (0.01623648, -0.02759081, 0.0093053), (6.25195e-05, -0.02712815, 0.0042724),
            (0.007189095, -0.02617347, 0.0042724), (0.007846117, -0.02862554, 0.00634032), (6.25195e-05, -0.02966839, 0.00634032),
            (0.008429706, -0.03080362, 0.0093053), (6.25195e-05, -0.0319246, 0.0093053), (-0.03189039, -0.008138418, 0.01411027),
            (-0.03303742, 0.000423302, 0.01411027), (-0.02860283, -0.01612669, 0.01411027), (-0.03189039, 0.008985042, 0.01411027),
            (-0.02860283, 0.01697319, 0.01411027), (-0.0233286, 0.02381438, 0.01411027), (-0.01648741, 0.02908867, 0.01411027),
            (-0.008499205, 0.03237617, 0.01411027), (6.25195e-05, 0.03352326, 0.01411027), (0.008624255, 0.03237617, 0.01411027),
            (0.01661247, 0.02908867, 0.01411027), (0.02345365, 0.02381438, 0.01411027), (0.02872782, 0.01697319, 0.01411027),
            (0.03201538, 0.008985042, 0.01411027), (0.03316247, 0.000423302, 0.01411027), (0.03201544, -0.008138418, 0.01411027),
            (0.02872788, -0.01612669, 0.01411027), (0.02345365, -0.02296787, 0.01411027), (0.01661247, -0.02824211, 0.01411027),
            (0.008624255, -0.0315296, 0.01411027), (6.25087e-05, -0.03267663, 0.01411027), (-0.008499264, -0.0315296, 0.01411027),
            (-0.01648741, -0.02824211, 0.01411027), (6.25087e-05, -0.03267663, 0.01411027), (-0.02332866, -0.02296787, 0.01411027),
            (-0.02889615, -0.00733608, 0.11106138), (-0.02993565, 0.000423304, 0.11106138), (-0.02591669, -0.01457577, 0.11106138),
            (-0.02502202, -0.0140593, 0.11291533), (-0.0278989, -0.007068932, 0.11291527), (-0.0289027, 0.000423302, 0.11291527),
            (-0.02889615, 0.008182704, 0.11106138), (-0.02591669, 0.0154224, 0.11106138), (-0.0278989, 0.007915556, 0.11291527),
            (-0.02502202, 0.01490586, 0.11291527), (-0.0211367, 0.02162241, 0.11106138), (-0.01493656, 0.02640253, 0.11106138),
            (-0.02040672, 0.0208925, 0.11291533), (-0.01442009, 0.02550786, 0.11291533), (-0.007696866, 0.02938193, 0.11106144),
            (6.25195e-05, 0.03042149, 0.11106144), (-0.007429659, 0.02838474, 0.11291533), (6.25195e-05, 0.02938842, 0.11291533),
            (0.007821917, 0.02938193, 0.11106144), (0.01506155, 0.02640253, 0.11106144), (0.007554709, 0.02838474, 0.11291533),
            (0.01454514, 0.02550786, 0.11291533), (0.02126169, 0.02162241, 0.11106144), (0.02604174, 0.0154224, 0.11106144),
            (0.02053171, 0.0208925, 0.11291533), (0.02514714, 0.01490586, 0.11291533), (0.0290212, 0.008182704, 0.11106144),
            (0.0300607, 0.000423304, 0.11106144), (0.02802395, 0.007915556, 0.11291533), (0.02902776, 0.000423302, 0.11291533),
            (0.0290212, -0.00733608, 0.11106144), (0.02604174, -0.01457577, 0.11106144), (0.02802395, -0.007068932, 0.11291533),
            (0.02514714, -0.0140593, 0.11291533), (0.02126175, -0.02077591, 0.11106144), (0.01506155, -0.0255559, 0.11106144),
            (0.02053171, -0.02004593, 0.11291533), (0.01454514, -0.02466136, 0.11291539), (0.007821917, -0.02853536, 0.11106144),
            (6.25087e-05, -0.02957493, 0.11106144), (0.007554709, -0.02753818, 0.11291539), (6.25087e-05, -0.02854192, 0.11291539),
            (-0.007696866, -0.02853536, 0.11106144), (-0.01493656, -0.0255559, 0.11106144), (6.25087e-05, -0.02957493, 0.11106144),
            (6.25087e-05, -0.02854192, 0.11291539), (-0.007429659, -0.02753818, 0.11291533), (-0.01442009, -0.02466136, 0.11291533),
            (-0.0211367, -0.02077591, 0.11106144), (-0.02040672, -0.02004593, 0.11291533), (-0.02718394, -0.006877303, 0.11437451),
            (-0.02816212, 0.000423302, 0.11437451), (-0.02438068, -0.01368898, 0.11437457), (-0.02718394, 0.007723867, 0.11437451),
            (-0.02438068, 0.01453554, 0.11437457), (-0.01988333, 0.02036911, 0.11437457), (-0.0140497, 0.02486652, 0.11437457),
            (-0.00723809, 0.02766972, 0.11437457), (6.25195e-05, 0.02864784, 0.11437457), (0.00736314, 0.02766972, 0.11437457),
            (0.01417475, 0.02486652, 0.11437457), (0.02000832, 0.02036911, 0.11437457), (0.02450573, 0.01453554, 0.11437457),
            (0.027309, 0.007723867, 0.11437457), (0.02828711, 0.000423302, 0.11437457), (0.027309, -0.006877303, 0.11437457),
            (0.02450573, -0.01368898, 0.11437457), (0.02000832, -0.01952248, 0.11437463), (0.01417475, -0.02401989, 0.11437463),
            (0.00736314, -0.02682322, 0.11437463), (6.25087e-05, -0.02780133, 0.11437463), (-0.00723809, -0.02682322, 0.11437457),
            (-0.01404976, -0.02401989, 0.11437457), (6.25087e-05, -0.02780133, 0.11437463), (-0.01988333, -0.01952248, 0.11437457),
            (-0.01882869, -0.01846796, 0.1189736), (-0.02308833, -0.01294285, 0.1189736), (-0.01330357, -0.02272748, 0.1189736),
            (-0.01330405, -0.02272832, 0.12004237), (-0.01882934, -0.01846849, 0.12004237), (-0.02308911, -0.01294326, 0.12004237),
            (-0.02574336, -0.006491363, 0.1189736), (-0.0266698, 0.000423297, 0.1189736), (-0.02574414, -0.006491601, 0.12004237),
            (-0.02667063, 0.000423293, 0.12004237), (-0.02574336, 0.007337868, 0.1189736), (-0.02308833, 0.01378935, 0.1189736),
            (-0.02574414, 0.007338166, 0.12004237), (-0.02308911, 0.01378983, 0.12004237), (-0.01882869, 0.01931446, 0.1189736),
            (-0.01330357, 0.02357411, 0.1189736), (-0.01882934, 0.01931512, 0.12004237), (-0.01330405, 0.02357482, 0.12004237),
            (-0.00685209, 0.0262292, 0.1189736), (6.25195e-05, 0.02715551, 0.1189736), (-0.006852269, 0.02622997, 0.12004237),
            (6.25195e-05, 0.02715647, 0.12004237), (0.006977081, 0.0262292, 0.11897366), (0.01342856, 0.02357411, 0.11897366),
            (0.006977379, 0.02622997, 0.12004237), (0.01342898, 0.02357482, 0.12004237), (0.01895374, 0.01931446, 0.11897366),
            (0.02321326, 0.01378935, 0.11897366), (0.01895427, 0.01931512, 0.12004237), (0.0232141, 0.01378983, 0.12004237),
            (0.02586841, 0.007337868, 0.11897366), (0.02679479, 0.000423297, 0.11897366), (0.02586925, 0.007338166, 0.12004237),
            (0.02679568, 0.000423293, 0.12004237), (0.02586841, -0.006491363, 0.11897366), (0.02321326, -0.01294285, 0.11897366),
            (0.02586925, -0.006491601, 0.12004237), (0.0232141, -0.01294326, 0.12004237), (0.01895374, -0.01846796, 0.11897366),
            (0.01342856, -0.02272748, 0.11897366), (0.01895427, -0.01846849, 0.12004237), (0.01342898, -0.02272832, 0.12004243),
            (0.006977081, -0.02538257, 0.11897366), (6.25087e-05, -0.02630901, 0.11897366), (0.006977379, -0.02538347, 0.12004243),
            (6.25195e-05, -0.02630984, 0.12004243), (-0.00685209, -0.02538257, 0.11897366), (6.25087e-05, -0.02630901, 0.11897366),
            (6.25195e-05, -0.02630984, 0.12004243), (-0.006852388, -0.02538347, 0.12004237), (-0.008499264, -0.0315296, 0.072430724),
            (-0.01648741, -0.02824211, 0.072430724), (6.25087e-05, -0.03267663, 0.072430724), (-0.02332866, -0.02296787, 0.072430724),
            (-0.02860283, -0.01612669, 0.072430724), (-0.03189039, -0.008138418, 0.072430724), (-0.03303748, 0.000423286, 0.072430724),
            (-0.03189039, 0.008985042, 0.072430724), (-0.02860283, 0.01697319, 0.072430724), (-0.0233286, 0.02381438, 0.072430724),
            (-0.01648741, 0.02908867, 0.072430724), (-0.008499205, 0.03237617, 0.072430724), (6.25195e-05, 0.03352326, 0.072430724),
            (0.008624255, 0.03237617, 0.072430724), (0.01661247, 0.02908867, 0.072430724), (0.02345365, 0.02381438, 0.072430724),
            (0.02872782, 0.01697319, 0.072430724), (0.03201538, 0.008985042, 0.072430724), (0.03316247, 0.000423302, 0.072430724),
            (0.03201544, -0.008138418, 0.072430724), (0.02872782, -0.01612669, 0.072430724), (0.02345365, -0.02296787, 0.072430724),
            (0.01661247, -0.02824211, 0.072430724), (0.008624255, -0.0315296, 0.072430724), (6.25087e-05, -0.03267663, 0.072430724),
            (0.007372856, 0.004643917, 0.00351697), (0.00626111, 0.006621897, 0.00346404), (0.008834123, 0.00919491, 0.00317484),
            (0.01081198, 0.006629467, 0.00317484), (0.00428313, 0.007733762, 0.00351697), (0.00626868, 0.01117277, 0.00317484),
            (0.008081078, 0.01431185, 0.00274897), (0.01139569, 0.01175642, 0.00274897), (0.01395112, 0.008441865, 0.00274897),
            (0.002331316, 0.008890748, 0.00346404), (0.003273129, 0.01240557, 0.00317484), (6.25078e-05, 0.008864641, 0.00351703),
            (6.24968e-05, 0.01283574, 0.0031749), (6.24966e-05, 0.01646047, 0.00274903), (0.00421071, 0.01590478, 0.00274903),
            (-0.002206265, 0.008890748, 0.00346404), (-0.003148078, 0.01240557, 0.00317484), (-0.004158139, 0.007733762, 0.00351697),
            (-0.006143689, 0.01117277, 0.00317484), (-0.007956147, 0.01431185, 0.00274897), (-0.004085659, 0.01590478, 0.00274903),
            (-0.006136119, 0.006621897, 0.00346404), (-0.008709192, 0.00919491, 0.00317484), (-0.007247984, 0.004643917, 0.00351697),
            (-0.01068699, 0.006629467, 0.00317484), (-0.01382613, 0.008441865, 0.00274897), (-0.0112707, 0.01175642, 0.00274897),
            (-0.008405029, 0.002692103, 0.00346404), (-0.01191979, 0.003633916, 0.00317484), (-0.008378922, 0.00042329, 0.00351697),
            (-0.01234996, 0.000423281, 0.00317484), (-0.01597476, 0.000423273, 0.00274897), (-0.01541888, 0.004571497, 0.00274897),
            (-0.008405029, -0.001845479, 0.00346404), (-0.01191979, -0.002787292, 0.00317484), (-0.007247984, -0.003797352, 0.00351697),
            (-0.01068699, -0.005782902, 0.00317484), (-0.01382613, -0.00759536, 0.00274903), (-0.01541888, -0.003724992, 0.00274897),
            (-0.006136119, -0.005775332, 0.00346404), (-0.008709192, -0.008348405, 0.00317484), (-0.004158139, -0.006887197, 0.00351697),
            (-0.006143689, -0.01032614, 0.00317484), (-0.007956147, -0.0134654, 0.00274897), (-0.0112707, -0.01090997, 0.00274897),
            (-0.002206265, -0.008044242, 0.00346404), (-0.003148078, -0.011559, 0.00317484), (6.25083e-05, -0.008018136, 0.00351697),
            (6.24975e-05, -0.01198917, 0.00317484), (6.24977e-05, -0.01561397, 0.00274897), (-0.004085659, -0.01505815, 0.00274897),
            (0.002331316, -0.008044242, 0.00346404), (0.003273129, -0.011559, 0.00317484), (0.00428313, -0.006887197, 0.00351697),
            (0.00626868, -0.0103262, 0.00317484), (0.008081078, -0.0134654, 0.00274897), (0.00421071, -0.01505815, 0.00274897),
            (0.00626111, -0.005775332, 0.00346404), (0.008834123, -0.008348405, 0.00317484), (0.007372856, -0.003797352, 0.00351697),
            (0.01081198, -0.005782902, 0.00317484), (0.01395112, -0.00759536, 0.00274897), (0.01139569, -0.01090997, 0.00274897),
            (0.008529961, -0.001845479, 0.00346404), (0.01204478, -0.002787292, 0.00317484), (0.008503854, 0.00042329, 0.00351697),
            (0.01247495, 0.000423279, 0.00317484), (0.01609975, 0.00042327, 0.00274897), (0.01554393, -0.003724992, 0.00274897),
            (0.008529961, 0.002692103, 0.00346404), (0.01204478, 0.003633916, 0.00317484), (0.01554393, 0.004571497, 0.00274897),
            (0.01323252, 0.01359331, 0.00240815), (0.01620221, 0.009741544, 0.00240815), (0.009380757, 0.01656293, 0.00240815),
            (0.01031523, 0.01818162, 0.00191796), (0.01455336, 0.01491421, 0.00191796), (0.01782083, 0.01067596, 0.00191796),
            (0.004882991, 0.01841402, 0.00240815), (6.24966e-05, 0.01905977, 0.00240815), (6.24966e-05, 0.0209288, 0.00191802),
            (0.005366504, 0.02021825, 0.00191802), (-0.004758059, 0.01841402, 0.00240815), (-0.009255766, 0.01656293, 0.00240815),
            (-0.01019024, 0.01818162, 0.00191796), (-0.005241513, 0.02021825, 0.00191796), (-0.01310753, 0.01359331, 0.00240815),
            (-0.01607722, 0.009741544, 0.00240815), (-0.01769584, 0.01067596, 0.00191796), (-0.01442837, 0.01491421, 0.00191796),
            (-0.01792824, 0.005243778, 0.00240815), (-0.01857399, 0.000423277, 0.00240815), (-0.02044302, 0.000423285, 0.00191796),
            (-0.01973241, 0.005727291, 0.00191796), (-0.01792824, -0.004397273, 0.00240815), (-0.01607722, -0.008894979, 0.00240815),
            (-0.01769584, -0.009829461, 0.00191796), (-0.01973241, -0.004880726, 0.00191796), (-0.01310753, -0.01274687, 0.00240815),
            (-0.009255766, -0.01571643, 0.00240815), (-0.01019018, -0.01733499, 0.00191796), (-0.01442837, -0.01406759, 0.00191796),
            (-0.004758059, -0.01756745, 0.00240815), (6.24977e-05, -0.01821327, 0.00240815), (6.24977e-05, -0.02008229, 0.00191802),
            (-0.005241513, -0.01937162, 0.00191796), (0.004882991, -0.01756745, 0.00240815), (0.009380757, -0.01571643, 0.00240815),
            (0.01031523, -0.01733499, 0.00191796), (0.005366504, -0.01937162, 0.00191796), (0.01323252, -0.01274687, 0.00240815),
            (0.01620221, -0.008894979, 0.00240815), (0.01782083, -0.009829461, 0.00191796), (0.01455336, -0.01406759, 0.00191796),
            (0.01805323, -0.004397273, 0.00240815), (0.01869899, 0.000423274, 0.00240815), (0.02056807, 0.000423282, 0.00191796),
            (0.01985746, -0.004880726, 0.00191796), (0.01609975, 0.00042327, 0.00274897), (0.01554393, 0.004571497, 0.00274897),
            (0.01805323, 0.005243778, 0.00240815), (0.01869899, 0.000423274, 0.00240815), (0.01395112, 0.008441865, 0.00274897),
            (0.01620221, 0.009741544, 0.00240815), (0.01782083, 0.01067596, 0.00191796), (0.01985746, 0.005727291, 0.00191796),
            (0.02056807, 0.000423282, 0.00191796), (0.02179741, 0.01297193, 0.00055611), (0.01779836, 0.01815915, 0.00055611),
            (0.01839911, 0.01875996, 0.00215864), (0.02253377, 0.01339703, 0.00215864), (0.01261121, 0.02215826, 0.00055611),
            (0.01303631, 0.02289456, 0.00215864), (0.01383823, 0.02428352, 0.00427246), (0.01953262, 0.0198934, 0.0042724),
            (0.0239228, 0.01419895, 0.0042724), (0.006554186, 0.02465099, 0.00055611), (0.006774187, 0.02547162, 0.00215864),
            (6.25072e-05, 0.02552074, 0.00055611), (6.25072e-05, 0.02637088, 0.00215864), (6.2518e-05, 0.02797478, 0.00427246),
            (0.007189095, 0.02701997, 0.00427246), (-0.006429255, 0.02465099, 0.00055611), (-0.006649196, 0.02547162, 0.00215864),
            (-0.01248615, 0.02215826, 0.00055611), (-0.01291126, 0.02289456, 0.00215864), (-0.01371324, 0.02428352, 0.0042724),
            (-0.007064044, 0.02701997, 0.0042724), (-0.01767337, 0.01815915, 0.00055611), (-0.01827412, 0.01875996, 0.00215864),
            (-0.02167242, 0.01297193, 0.00055611), (-0.02240878, 0.01339703, 0.00215864), (-0.02379781, 0.01419895, 0.0042724),
            (-0.01940757, 0.0198934, 0.0042724), (-0.02416521, 0.006914973, 0.00055605), (-0.02498584, 0.007134974, 0.00215864),
            (-0.0250349, 0.000423294, 0.00055605), (-0.0258851, 0.000423297, 0.00215864), (-0.02748894, 0.0004233, 0.0042724),
            (-0.02653414, 0.007549822, 0.0042724), (-0.02416521, -0.006068468, 0.00055605), (-0.02498584, -0.006288409, 0.00215864),
            (-0.02167242, -0.01212543, 0.00055611), (-0.02240878, -0.01255053, 0.00215864), (-0.02379781, -0.01335245, 0.0042724),
            (-0.02653414, -0.006703197, 0.0042724), (-0.01767337, -0.01731258, 0.00055611), (-0.01827412, -0.0179134, 0.00215864),
            (-0.01248615, -0.0213117, 0.00055611), (-0.01291126, -0.02204793, 0.00215864), (-0.01371324, -0.02343702, 0.0042724),
            (-0.01940757, -0.01904684, 0.0042724), (-0.006429255, -0.02380442, 0.00055611), (-0.006649196, -0.02462512, 0.00215864),
            (6.25088e-05, -0.02467411, 0.00055611), (6.25088e-05, -0.02552425, 0.00215864), (6.25197e-05, -0.02712815, 0.0042724),
            (-0.007064044, -0.02617347, 0.0042724), (0.006554186, -0.02380442, 0.00055611), (0.006774187, -0.02462512, 0.00215864),
            (0.01261121, -0.0213117, 0.00055611), (0.01303631, -0.02204793, 0.00215864), (0.01383829, -0.02343702, 0.0042724),
            (0.007189095, -0.02617347, 0.0042724), (0.01779836, -0.01731258, 0.00055611), (0.01839917, -0.0179134, 0.00215864),
            (0.02179741, -0.01212543, 0.00055611), (0.02253377, -0.01255053, 0.00215864), (0.0239228, -0.01335245, 0.0042724),
            (0.01953268, -0.01904684, 0.0042724), (0.0242902, -0.006068468, 0.00055611), (0.0251109, -0.006288409, 0.00215864),
            (0.02515995, 0.000423292, 0.00055611), (0.02601009, 0.000423294, 0.00215864), (0.02761399, 0.000423297, 0.0042724),
            (0.02665925, -0.006703197, 0.0042724), (0.0242902, 0.006914973, 0.00055611), (0.0251109, 0.007134974, 0.00215864),
            (0.02665925, 0.007549822, 0.0042724), (0.003960967, 0.004321753, 0.00361389), (0.002693831, 0.004980981, 0.003613),
            (0.004620194, 0.003054678, 0.003613), (6.24755e-05, 0.000423296, 0.00356716), (0.001489341, 0.005748689, 0.00361389),
            (6.2497e-05, 0.005685985, 0.003613), (-0.00136435, 0.005748689, 0.00361389), (-0.0025689, 0.004980981, 0.003613),
            (-0.003835976, 0.004321753, 0.00361389), (-0.004495203, 0.003054678, 0.003613), (-0.005262911, 0.001850247, 0.00361389),
            (-0.005200326, 0.000423292, 0.003613), (-0.005262911, -0.001003623, 0.00361389), (-0.004495203, -0.002208054, 0.003613),
            (-0.003835976, -0.003475189, 0.00361389), (-0.0025689, -0.004134416, 0.003613), (-0.00136435, -0.004902184, 0.00361389),
            (6.24973e-05, -0.00483942, 0.003613), (0.001489341, -0.004902184, 0.00361389), (0.002693831, -0.004134416, 0.003613),
            (0.003960967, -0.003475189, 0.00361389), (0.004620194, -0.002208054, 0.003613), (0.005387902, -0.001003623, 0.00361389),
            (0.005325198, 0.000423292, 0.003613), (0.005387902, 0.001850247, 0.00361389), (-0.01544159, 0.01592743, 0.00104403),
            (-0.01090717, 0.01942336, 0.00104403), (-0.01893752, 0.01139295, 0.00104403), (-0.01990818, 0.01195335, 0.00025004),
            (-0.01623374, 0.01671952, 0.0002501), (-0.01146757, 0.02039396, 0.0002501), (-0.005612373, 0.02160239, 0.00104403),
            (6.24965e-05, 0.02236258, 0.00104403), (-0.00590229, 0.02268439, 0.0002501), (6.24965e-05, 0.02348351, 0.0002501),
            (0.005737364, 0.02160239, 0.00104403), (0.01103216, 0.01942336, 0.00104403), (0.006027281, 0.02268439, 0.0002501),
            (0.0115925, 0.02039396, 0.0002501), (0.01556658, 0.01592743, 0.00104403), (0.01906251, 0.01139295, 0.00104403),
            (0.01635873, 0.01671952, 0.0002501), (0.02003324, 0.01195335, 0.0002501), (0.01985746, 0.005727291, 0.00191796),
            (0.0212416, 0.006098151, 0.00104403), (0.02200192, 0.000423286, 0.00104403), (0.02232354, 0.006388068, 0.0002501),
            (0.02312266, 0.00042329, 0.0002501), (0.0212416, -0.005251586, 0.00104403), (0.01906251, -0.01054632, 0.00104403),
            (0.02232354, -0.005541503, 0.0002501), (0.02003324, -0.01110672, 0.0002501), (0.01556658, -0.0150808, 0.00104403),
            (0.01103216, -0.0185768, 0.00104403), (0.01635873, -0.01587295, 0.0002501), (0.0115925, -0.01954746, 0.0002501),
            (0.005737364, -0.02075576, 0.00104403), (6.24978e-05, -0.02151608, 0.00104403), (0.006027281, -0.02183783, 0.0002501),
            (6.24978e-05, -0.02263695, 0.0002501), (-0.005612373, -0.02075576, 0.00104403), (-0.01090717, -0.0185768, 0.00104403),
            (-0.00590229, -0.02183783, 0.0002501), (-0.01146757, -0.01954746, 0.0002501), (-0.01544159, -0.0150808, 0.00104403),
            (-0.01893752, -0.01054632, 0.00104403), (-0.01623374, -0.01587295, 0.0002501), (-0.01990818, -0.01110672, 0.00025004),
            (-0.02111661, -0.005251586, 0.00104403), (-0.02187687, 0.000423289, 0.00104403), (-0.02219855, -0.005541503, 0.0002501),
            (-0.02299767, 0.000423293, 0.0002501), (-0.02111661, 0.006098151, 0.00104403), (-0.02219855, 0.006388068, 0.0002501),
            (-0.016891, 0.01737678, 0), (-0.01193261, 0.02119946, 0), (-0.02071362, 0.01241832, 0),
            (-0.02125442, 0.01273053, 1.645e-05), (-0.01733219, 0.01781803, 1.639e-05), (-0.01224482, 0.02174013, 1.645e-05),
            (-0.006142914, 0.02358222, 6e-08), (6.24965e-05, 0.02441358, 6e-08), (-0.006304383, 0.02418494, 1.645e-05),
            (6.25072e-05, 0.02503794, 1.645e-05), (0.006267905, 0.02358222, 6e-08), (0.0120576, 0.02119946, 6e-08),
            (0.006429374, 0.02418494, 1.645e-05), (0.01236981, 0.02174013, 1.645e-05), (0.01701599, 0.01737678, 6e-08),
            (0.02083861, 0.01241832, 6e-08), (0.01745718, 0.01781803, 1.645e-05), (0.02137941, 0.01273053, 1.645e-05),
            (0.02322143, 0.006628692, 6e-08), (0.02405273, 0.000423292, 6e-08), (0.02382415, 0.006790161, 1.645e-05),
            (0.02467709, 0.000423292, 1.645e-05), (0.02322143, -0.005782008, 6e-08), (0.02083867, -0.01157182, 6e-08),
            (0.02382415, -0.005943596, 1.645e-05), (0.02137941, -0.01188403, 1.645e-05), (0.01701599, -0.01653021, 6e-08),
            (0.0120576, -0.0203529, 6e-08), (0.01745718, -0.0169714, 1.645e-05), (0.01236981, -0.02089363, 1.645e-05),
            (0.006267905, -0.02273565, 6e-08), (6.24978e-05, -0.02356702, 6e-08), (0.006429374, -0.02333831, 1.645e-05),
            (6.25088e-05, -0.02419131, 1.645e-05), (-0.006142914, -0.02273565, 0), (-0.01193267, -0.0203529, 0),
            (-0.006304383, -0.02333831, 1.645e-05), (-0.01224482, -0.02089363, 1.645e-05), (-0.016891, -0.01653021, 0),
            (-0.02071362, -0.01157182, 0), (-0.01733219, -0.0169714, 1.639e-05), (-0.02125442, -0.01188403, 1.645e-05),
            (-0.02309638, -0.005782008, 0), (-0.02392774, 0.000423294, 0), (-0.0236991, -0.005943596, 1.639e-05),
            (-0.0245521, 0.000423294, 1.639e-05), (-0.02309644, 0.006628692, 0), (-0.0236991, 0.006790161, 1.639e-05),
            (0.02137941, 0.01273053, 1.645e-05), (0.01745718, 0.01781803, 1.645e-05), (0.01760119, 0.01796191, 2.193e-05),
            (0.02155584, 0.01283246, 2.193e-05), (0.01236981, 0.02174013, 1.645e-05), (0.01247161, 0.02191656, 2.193e-05),
            (0.006429374, 0.02418494, 1.645e-05), (0.006482005, 0.02438157, 2.193e-05), (6.25072e-05, 0.02503794, 1.645e-05),
            (6.25072e-05, 0.02524167, 2.193e-05), (-0.006304383, 0.02418494, 1.645e-05), (-0.006357014, 0.02438157, 2.193e-05),
            (-0.01224482, 0.02174013, 1.645e-05), (-0.01234668, 0.02191656, 2.193e-05), (-0.01733219, 0.01781803, 1.639e-05),
            (-0.0174762, 0.01796191, 2.187e-05), (-0.02125442, 0.01273053, 1.645e-05), (-0.02143085, 0.01283246, 2.187e-05),
            (-0.0236991, 0.006790161, 1.639e-05), (-0.0238958, 0.006842792, 2.187e-05), (-0.0245521, 0.000423294, 1.639e-05),
            (-0.02475589, 0.000423294, 2.187e-05), (-0.0236991, -0.005943596, 1.639e-05), (-0.0238958, -0.005996227, 2.187e-05),
            (-0.02125442, -0.01188403, 1.645e-05), (-0.02143085, -0.01198583, 2.193e-05), (-0.01733219, -0.0169714, 1.639e-05),
            (-0.0174762, -0.01711541, 2.187e-05), (-0.01224482, -0.02089363, 1.645e-05), (-0.01234668, -0.02107006, 2.187e-05),
            (-0.006304383, -0.02333831, 1.645e-05), (-0.006357014, -0.02353507, 2.187e-05), (6.25088e-05, -0.02419131, 1.645e-05),
            (6.25088e-05, -0.0243951, 2.187e-05), (0.006429374, -0.02333831, 1.645e-05), (0.006482124, -0.02353507, 2.193e-05),
            (0.01236981, -0.02089363, 1.645e-05), (0.01247161, -0.02107006, 2.193e-05), (0.01745718, -0.0169714, 1.645e-05),
            (0.01760119, -0.01711541, 2.193e-05), (0.02137941, -0.01188403, 1.645e-05), (0.02155584, -0.01198583, 2.193e-05),
            (0.02382415, -0.005943596, 1.645e-05), (0.02402085, -0.005996227, 2.187e-05), (0.02467709, 0.000423292, 1.645e-05),
            (0.02488088, 0.000423292, 2.187e-05), (0.02382415, 0.006790161, 1.645e-05), (0.02402085, 0.006842792, 2.187e-05),
            (0.01760119, 0.01796191, 2.193e-05), (0.01247161, 0.02191656, 2.193e-05), (0.01261121, 0.02215826, 0.00055611),
            (0.01779836, 0.01815915, 0.00055611), (0.02155584, 0.01283246, 2.193e-05), (0.02179741, 0.01297193, 0.00055611),
            (0.006482005, 0.02438157, 2.193e-05), (6.25072e-05, 0.02524167, 2.193e-05), (6.25072e-05, 0.02552074, 0.00055611),
            (0.006554186, 0.02465099, 0.00055611), (-0.006357014, 0.02438157, 2.193e-05), (-0.01234668, 0.02191656, 2.193e-05),
            (-0.01248615, 0.02215826, 0.00055611), (-0.006429255, 0.02465099, 0.00055611), (-0.0174762, 0.01796191, 2.187e-05),
            (-0.02143085, 0.01283246, 2.187e-05), (-0.02167242, 0.01297193, 0.00055611), (-0.01767337, 0.01815915, 0.00055611),
            (-0.0238958, 0.006842792, 2.187e-05), (-0.02475589, 0.000423294, 2.187e-05), (-0.0250349, 0.000423294, 0.00055605),
            (-0.02416521, 0.006914973, 0.00055605), (-0.0238958, -0.005996227, 2.187e-05), (-0.02143085, -0.01198583, 2.193e-05),
            (-0.02167242, -0.01212543, 0.00055611), (-0.02416521, -0.006068468, 0.00055605), (-0.0174762, -0.01711541, 2.187e-05),
            (-0.01234668, -0.02107006, 2.187e-05), (-0.01248615, -0.0213117, 0.00055611), (-0.01767337, -0.01731258, 0.00055611),
            (-0.006357014, -0.02353507, 2.187e-05), (6.25088e-05, -0.0243951, 2.187e-05), (6.25088e-05, -0.02467411, 0.00055611),
            (-0.006429255, -0.02380442, 0.00055611), (0.006482124, -0.02353507, 2.193e-05), (0.01247161, -0.02107006, 2.193e-05),
            (0.01261121, -0.0213117, 0.00055611), (0.006554186, -0.02380442, 0.00055611), (0.01760119, -0.01711541, 2.193e-05),
            (0.02155584, -0.01198583, 2.193e-05), (0.02179741, -0.01212543, 0.00055611), (0.01779836, -0.01731258, 0.00055611),
            (0.02402085, -0.005996227, 2.187e-05), (0.02488088, 0.000423292, 2.187e-05), (0.02515995, 0.000423292, 0.00055611),
            (0.0242902, -0.006068468, 0.00055611), (0.02402085, 0.006842792, 2.187e-05), (0.0242902, 0.006914973, 0.00055611),
            (0.0232141, 0.01378983, 0.12004237), (0.01895427, 0.01931512, 0.12004237), (0.01895451, 0.0193153, 0.12103914),
            (0.02321434, 0.01379001, 0.12103914), (0.01342898, 0.02357482, 0.12004237), (0.01342922, 0.02357506, 0.12103914),
            (0.01330989, 0.02336847, 0.1217597), (0.01878595, 0.01914674, 0.1217597), (0.02300775, 0.01367068, 0.1217597),
            (0.006977379, 0.02622997, 0.12004237), (0.006977379, 0.02623033, 0.12103914), (6.25181e-05, 0.02715647, 0.12004237),
            (6.25181e-05, 0.02715677, 0.12103914), (6.25181e-05, 0.02691817, 0.1217597), (0.006915748, 0.02600002, 0.1217597),
            (-0.006852269, 0.02622997, 0.12004237), (-0.006852388, 0.02623033, 0.12103908), (-0.01330405, 0.02357482, 0.12004237),
            (-0.01330423, 0.02357506, 0.12103908), (-0.0131849, 0.02336847, 0.12175964), (-0.006790757, 0.02600002, 0.12175964),
            (-0.01882934, 0.01931512, 0.12004237), (-0.01882952, 0.0193153, 0.12103908), (-0.02308911, 0.01378983, 0.12004237),
            (-0.02308928, 0.01379001, 0.12103908), (-0.02288269, 0.01367074, 0.12175964), (-0.01866096, 0.01914674, 0.12175964),
            (-0.02574419, 0.007338166, 0.12004237), (-0.02574443, 0.007338166, 0.12103908), (-0.02667063, 0.000423292, 0.12004237),
            (-0.02667093, 0.00042329, 0.12103908), (-0.02643239, 0.000423292, 0.12175964), (-0.02551424, 0.007276535, 0.12175964),
            (-0.02574419, -0.006491601, 0.12004237), (-0.02574443, -0.006491661, 0.12103908), (-0.02308928, -0.01294338, 0.12103908),
            (-0.02288269, -0.01282411, 0.12175964), (-0.02551424, -0.00642997, 0.12175964), (-0.02308911, -0.01294326, 0.12004237),
            (-0.01882934, -0.01846849, 0.12004237), (-0.01882952, -0.01846873, 0.12103908), (-0.01330405, -0.02272832, 0.12004237),
            (-0.01330423, -0.02272856, 0.12103914), (-0.01318496, -0.02252197, 0.12175964), (-0.01866096, -0.01830017, 0.12175964),
            (-0.006852388, -0.02538347, 0.12004237), (-0.006852388, -0.02538377, 0.12103914), (6.25196e-05, -0.02630984, 0.12004243),
            (6.25196e-05, -0.0263102, 0.12103914), (6.25088e-05, -0.02607154, 0.1217597), (-0.006790757, -0.02515339, 0.1217597),
            (0.006977379, -0.02538347, 0.12004243), (0.006977379, -0.02538377, 0.12103914), (0.01342898, -0.02272832, 0.12004243),
            (0.01342922, -0.02272856, 0.12103914), (0.01330989, -0.02252197, 0.1217597), (0.006915748, -0.02515339, 0.1217597),
            (0.01895427, -0.01846849, 0.12004237), (0.01895451, -0.01846873, 0.12103914), (0.0232141, -0.01294326, 0.12004237),
            (0.02321434, -0.01294338, 0.12103914), (0.02300775, -0.01282411, 0.1217597), (0.01878595, -0.01830017, 0.1217597),
            (0.02586925, -0.006491601, 0.12004237), (0.02586948, -0.006491661, 0.12103914), (0.02679568, 0.000423289, 0.12004237),
            (0.02679598, 0.000423288, 0.12103914), (0.02655744, 0.000423289, 0.1217597), (0.02563923, -0.00642997, 0.1217597),
            (0.02586925, 0.007338166, 0.12004237), (0.02586948, 0.007338166, 0.12103914), (0.02563923, 0.007276535, 0.1217597),
            (0.01828014, 0.01864099, 0.12199991), (0.02238798, 0.01331281, 0.12199991), (0.01295202, 0.02274864, 0.12199991),
            (0.01259577, 0.02213156, 0.1217904), (0.01777654, 0.01813739, 0.1217904), (0.02177077, 0.0129565, 0.1217904),
            (0.006730616, 0.02530914, 0.12199991), (6.25072e-05, 0.02620244, 0.12199991), (6.25072e-05, 0.0254898, 0.1217904),
            (0.006546199, 0.02462112, 0.1217904), (-0.006605625, 0.02530914, 0.12199991), (-0.01282703, 0.02274864, 0.12199991),
            (-0.01247078, 0.02213156, 0.12179034), (-0.006421208, 0.02462112, 0.1217904), (-0.01815515, 0.01864099, 0.12199991),
            (-0.02226293, 0.01331281, 0.12199991), (-0.02164578, 0.0129565, 0.12179034), (-0.01765155, 0.01813739, 0.12179034),
            (-0.0248233, 0.007091403, 0.12199991), (-0.02571672, 0.000423292, 0.12199991), (-0.02500402, 0.000423294, 0.12179034),
            (-0.02413541, 0.006906986, 0.12179034), (-0.0248233, -0.006244838, 0.12199991), (-0.02226293, -0.01246631, 0.12199991),
            (-0.02164578, -0.01210999, 0.12179034), (-0.02413541, -0.006060481, 0.12179034), (-0.01815515, -0.01779443, 0.12199991),
            (-0.01282703, -0.0219022, 0.12199991), (-0.01247078, -0.02128493, 0.1217904), (-0.01765155, -0.01729083, 0.12179034),
            (-0.006605625, -0.02446258, 0.12199991), (6.25088e-05, -0.02535593, 0.12199997), (6.24979e-05, -0.0246433, 0.1217904),
            (-0.006421208, -0.02377462, 0.1217904), (0.006730616, -0.02446258, 0.12199997), (0.01295202, -0.0219022, 0.12199991),
            (0.01259577, -0.02128493, 0.1217904), (0.006546258, -0.02377462, 0.1217904), (0.01828014, -0.01779443, 0.12199991),
            (0.02238798, -0.01246631, 0.12199991), (0.02177077, -0.01210999, 0.1217904), (0.01777654, -0.01729083, 0.1217904),
            (0.02494829, -0.006244838, 0.12199991), (0.02584171, 0.000423289, 0.12199991), (0.02512902, 0.000423292, 0.1217904),
            (0.0242604, -0.006060481, 0.1217904), (0.02494829, 0.007091403, 0.12199991), (0.0242604, 0.006906986, 0.1217904),
            (0.01761448, 0.01797527, 0.12116175), (0.02157217, 0.01284188, 0.12116175), (0.01248109, 0.02193284, 0.12116175),
            (0.01180285, 0.02075821, 0.1205331), (0.01627737, 0.0166381, 0.1205331), (0.02039742, 0.01216357, 0.1205331),
            (0.006486952, 0.02439969, 0.12116175), (6.25072e-05, 0.02526038, 0.12116175), (6.25073e-05, 0.02390402, 0.1205331),
            (0.005997478, 0.02257323, 0.1205331), (-0.006361961, 0.02439969, 0.12116175), (-0.0123561, 0.02193284, 0.12116175),
            (-0.01167786, 0.02075821, 0.1205331), (-0.005872488, 0.02257323, 0.1205331), (-0.01247078, 0.02213156, 0.12179034),
            (-0.01765155, 0.01813739, 0.12179034), (-0.01748949, 0.01797527, 0.12116175), (-0.0123561, 0.02193284, 0.12116175),
            (-0.02164578, 0.0129565, 0.12179034), (-0.02144712, 0.01284188, 0.12116169), (-0.02027243, 0.01216357, 0.1205331),
            (-0.01615238, 0.0166381, 0.1205331), (-0.01167786, 0.02075821, 0.1205331), (-0.02391391, 0.006847739, 0.12116169),
            (-0.02144712, 0.01284188, 0.12116169), (-0.02477473, 0.000423294, 0.12116169), (-0.02341818, 0.000423293, 0.1205331),
            (-0.02208745, 0.006358325, 0.1205331), (-0.02027243, 0.01216357, 0.1205331), (-0.02391391, -0.006001174, 0.12116169),
            (-0.02144712, -0.01199525, 0.12116175), (-0.02027243, -0.01131707, 0.1205331), (-0.02208745, -0.005511701, 0.1205331),
            (-0.01748949, -0.0171287, 0.12116175), (-0.0123561, -0.02108633, 0.12116175), (-0.01167786, -0.01991158, 0.1205331),
            (-0.01615238, -0.01579159, 0.1205331), (-0.006361961, -0.02355319, 0.12116175), (6.24979e-05, -0.02441394, 0.12116175),
            (6.25087e-05, -0.02305746, 0.12053316), (-0.005872488, -0.0217266, 0.12053316), (0.006486952, -0.02355319, 0.12116175),
            (0.01248109, -0.02108639, 0.12116175), (0.01180285, -0.01991158, 0.12053316), (0.005997478, -0.0217266, 0.12053316),
            (0.01761448, -0.0171287, 0.12116175), (0.02157217, -0.01199525, 0.12116175), (0.02039742, -0.01131707, 0.1205331),
            (0.01627737, -0.01579159, 0.12053316), (0.02403897, -0.006001174, 0.12116175), (0.02489972, 0.000423292, 0.12116175),
            (0.02354317, 0.00042329, 0.1205331), (0.02221244, -0.005511701, 0.1205331), (0.02403897, 0.006847739, 0.12116175),
            (0.02221244, 0.006358325, 0.1205331), (-0.02574419, -0.006491601, 0.12004237), (-0.02308911, -0.01294326, 0.12004237),
            (-0.02308928, -0.01294338, 0.12103908), (-0.02574443, -0.006491661, 0.12103908), (0.008596956, 0.01520544, 0.12032359),
            (0.007701039, 0.01365369, 0.12032359), (0.01224881, 0.0126096, 0.12032359), (0.009755969, 0.0172128, 0.12032359),
            (0.004862666, 0.008737385, 0.12032359), (0.007742524, 0.00810337, 0.12032359), (0.008376598, 0.005223453, 0.12032359),
            (0.0132929, 0.008061885, 0.12032359), (0.01484459, 0.008957743, 0.12032359), (0.01685208, 0.01011669, 0.12032359),
            (0.02039742, 0.01216357, 0.1205331), (0.01627737, 0.0166381, 0.1205331), (0.01180285, 0.02075821, 0.1205331),
            (6.25075e-05, 0.01749229, 0.12032359), (6.25076e-05, 0.01570045, 0.12032359), (0.004522979, 0.01707005, 0.12032359),
            (6.25074e-05, 0.01981014, 0.12032359), (6.25078e-05, 0.01002359, 0.12032359), (0.002873539, 0.0109145, 0.12032359),
            (0.005997478, 0.02257323, 0.1205331), (6.25073e-05, 0.02390402, 0.1205331), (-0.008471965, 0.01520544, 0.12032359),
            (-0.007576048, 0.01365369, 0.12032359), (-0.004397988, 0.01707005, 0.12032359), (-0.009630918, 0.0172128, 0.12032359),
            (-0.004737675, 0.008737385, 0.12032359), (-0.002748548, 0.0109145, 0.12032359), (-0.005872488, 0.02257323, 0.1205331),
            (-0.01167786, 0.02075821, 0.1205331), (-0.0147196, 0.008957743, 0.12032353), (-0.01316791, 0.008061885, 0.12032353),
            (-0.01212376, 0.0126096, 0.12032353), (-0.01672703, 0.01011669, 0.12032353), (-0.008251607, 0.005223453, 0.12032353),
            (-0.007617533, 0.00810337, 0.12032359), (-0.01615238, 0.0166381, 0.1205331), (-0.02027243, 0.01216357, 0.1205331),
            (-0.01700645, 0.000423292, 0.12032353), (-0.01521474, 0.000423292, 0.12032353), (-0.01658421, 0.004883766, 0.12032353),
            (-0.01932442, 0.000423292, 0.12032353), (-0.009537816, 0.00042329, 0.12032353), (-0.01042866, 0.003234386, 0.12032353),
            (-0.02208745, 0.006358325, 0.1205331), (-0.02341818, 0.000423293, 0.1205331), (-0.0147196, -0.008111178, 0.12032353),
            (-0.01316791, -0.007215321, 0.12032353), (-0.01658421, -0.004037201, 0.12032353), (-0.01672703, -0.009270191, 0.12032353),
            (-0.008251607, -0.004376888, 0.12032353), (-0.01042866, -0.002387762, 0.12032353), (-0.02208745, -0.005511701, 0.1205331),
            (-0.02027243, -0.01131707, 0.1205331), (-0.008471965, -0.01435881, 0.12032359), (-0.007576048, -0.01280719, 0.12032359),
            (-0.01212382, -0.01176297, 0.12032353), (-0.009630978, -0.0163663, 0.12032359), (-0.004737675, -0.00789082, 0.12032359),
            (-0.007617533, -0.007256746, 0.12032359), (-0.01615238, -0.01579159, 0.1205331), (-0.01167786, -0.01991158, 0.1205331),
            (6.25085e-05, -0.01664566, 0.12032359), (6.25084e-05, -0.01485395, 0.12032359), (-0.004397988, -0.01622349, 0.12032359),
            (6.25086e-05, -0.01896363, 0.12032359), (6.25083e-05, -0.009177029, 0.12032359), (-0.002748548, -0.01006788, 0.12032359),
            (-0.005872488, -0.0217266, 0.12053316), (6.25087e-05, -0.02305746, 0.12053316), (0.008596956, -0.01435881, 0.12032359),
            (0.007701039, -0.01280719, 0.12032359), (0.004522979, -0.01622349, 0.12032359), (0.009755969, -0.0163663, 0.12032359),
            (0.004862666, -0.00789082, 0.12032359), (0.002873539, -0.01006788, 0.12032359), (0.005997478, -0.0217266, 0.12053316),
            (0.01180285, -0.01991158, 0.12053316), (0.01484459, -0.008111178, 0.12032359), (0.0132929, -0.007215321, 0.12032359),
            (0.01224881, -0.01176297, 0.12032359), (0.01685208, -0.009270191, 0.12032359), (0.008376598, -0.004376888, 0.12032359),
            (0.007742524, -0.007256746, 0.12032359), (0.01627737, -0.01579159, 0.12053316), (0.02039742, -0.01131707, 0.1205331),
            (0.01713144, 0.000423289, 0.12032359), (0.01533973, 0.000423289, 0.12032359), (0.01670926, -0.004037201, 0.12032359),
            (0.01944941, 0.000423289, 0.12032359), (0.009662806, 0.00042329, 0.12032359), (0.01055365, -0.002387762, 0.12032359),
            (0.02221244, -0.005511701, 0.1205331), (0.02354317, 0.00042329, 0.1205331), (0.01670926, 0.004883766, 0.12032359),
            (0.01055365, 0.003234386, 0.12032359), (0.02221244, 0.006358325, 0.1205331), (0.004284322, 0.004645109, 0.12032359),
            (0.004998207, 0.003272891, 0.12032359), (0.002912104, 0.005358994, 0.12032359), (6.2508e-05, 0.000423293, 0.12032353),
            (0.001607716, 0.006190419, 0.12032359), (6.25078e-05, 0.006122529, 0.12032359), (-0.001482725, 0.006190419, 0.12032359),
            (-0.002787113, 0.005358994, 0.12032359), (-0.004159331, 0.004645109, 0.12032359), (-0.004873216, 0.003272891, 0.12032353),
            (-0.005704641, 0.001968502, 0.12032353), (-0.005636692, 0.000423288, 0.12032353), (-0.005704641, -0.001121938, 0.12032353),
            (-0.004873216, -0.002426326, 0.12032353), (-0.004159331, -0.003798544, 0.12032359), (-0.002787113, -0.004512429, 0.12032359),
            (-0.001482725, -0.005343854, 0.12032359), (6.25082e-05, -0.005275905, 0.12032359), (0.001607716, -0.005343854, 0.12032359),
            (0.002912104, -0.004512429, 0.12032359), (0.004284322, -0.003798544, 0.12032359), (0.004998207, -0.002426326, 0.12032359),
            (0.005829632, -0.001121938, 0.12032359), (0.005761682, 0.000423288, 0.12032359), (0.005829632, 0.001968502, 0.12032359)
        ]
        texCoord2f[] primvars:st = [
            (0.7914031, 0.4236525), (0.7700242, 0.3423977), (0.7607669, 0.3478408), (0.7914031, 0.4236525),
            (0.7607669, 0.3478408), (0.7914031, 0.4236525)
        ] (
            interpolation = "faceVarying"
        )
        uniform token subdivisionScheme = "none"
        float3[] extent = [(-0.03303748, -0.03267663, 0), (0.03316247, 0.03352326, 0.12199997)]
        rel material:binding = </sevenup_can_visual/materials/mat_5>
    }
    def Mesh "mesh_6"
    {
        uniform bool doubleSided = 1
        int[] faceVertexCounts = [
            3, 3, 3, 3, 3, 3, 3, 3, 3, 3, 3, 3, 3, 3, 3, 3, 3, 3, 3, 3, 3, 3, 3, 3,
            3, 3, 3, 3, 3, 3, 3, 3, 3, 3, 3, 3, 3, 3, 3, 3, 3, 3, 3, 3, 3, 3, 3, 3,
            3, 3, 3, 3, 3, 3, 3, 3, 3, 3, 3, 3, 3, 3, 3, 3, 3, 3, 3, 3, 3, 3, 3, 3,
            3, 3, 3, 3, 3, 3, 3, 3, 3, 3, 3, 3, 3, 3, 3, 3, 3, 3, 3, 3, 3, 3, 3, 3,
            3, 3, 3, 3, 3, 3, 3, 3, 3, 3, 3, 3, 3, 3, 3, 3, 3, 3, 3, 3, 3, 3, 3, 3,
            3, 3, 3, 3, 3, 3, 3, 3, 3, 3, 3, 3, 3, 3, 3, 3, 3, 3, 3, 3, 3, 3, 3, 3,
            3, 3, 3, 3, 3, 3, 3, 3, 3, 3, 3, 3, 3, 3, 3, 3, 3, 3, 3, 3, 3, 3, 3, 3,
            3, 3, 3, 3, 3, 3, 3, 3, 3, 3, 3, 3, 3, 3, 3, 3, 3, 3, 3, 3, 3, 3, 3, 3,
            3, 3, 3, 3, 3, 3, 3, 3, 3, 3, 3, 3, 3, 3, 3, 3, 3, 3, 3, 3, 3, 3, 3, 3
        ]
        int[] faceVertexIndices = [
            1121, 1122, 1123, 1121, 1123, 1124, 1125, 1126, 1123, 1125, 1123, 1122, 1127, 1128, 1123, 1127, 1123, 1126, 1129, 1130, 1123, 1129, 1123, 1128,
            1131, 1132, 1123, 1131, 1123, 1130, 1133, 1124, 1123, 1133, 1123, 1132, 1134, 1135, 1136, 1134, 1136, 1137, 1138, 1139, 1136, 1138, 1136, 1135,
            1125, 1122, 1136, 1125, 1136, 1139, 1121, 1124, 1136, 1121, 1136, 1122, 1133, 1140, 1136, 1133, 1136, 1124, 1141, 1137, 1136, 1141, 1136, 1140,
            1142, 1143, 1144, 1142, 1144, 1145, 1146, 1147, 1144, 1146, 1144, 1143, 1138, 1135, 1144, 1138, 1144, 1147, 1134, 1137, 1144, 1134, 1144, 1135,
            1141, 1148, 1144, 1141, 1144, 1137, 1149, 1145, 1144, 1149, 1144, 1148, 1150, 1151, 1152, 1150, 1152, 1153, 1154, 1155, 1152, 1154, 1152, 1151,
            1146, 1143, 1152, 1146, 1152, 1155, 1142, 1145, 1152, 1142, 1152, 1143, 1149, 1156, 1152, 1149, 1152, 1145, 1157, 1153, 1152, 1157, 1152, 1156,
            1158, 1159, 1160, 1158, 1160, 1161, 1162, 1163, 1160, 1162, 1160, 1159, 1154, 1151, 1160, 1154, 1160, 1163, 1150, 1153, 1160, 1150, 1160, 1151,
            1157, 1164, 1160, 1157, 1160, 1153, 1165, 1161, 1160, 1165, 1160, 1164, 1166, 1167, 1168, 1166, 1168, 1169, 1170, 1171, 1168, 1170, 1168, 1167,
            1162, 1159, 1168, 1162, 1168, 1171, 1158, 1161, 1168, 1158, 1168, 1159, 1165, 1172, 1168, 1165, 1168, 1161, 1173, 1169, 1168, 1173, 1168, 1172,
            1174, 1175, 1176, 1174, 1176, 1177, 1178, 1179, 1176, 1178, 1176, 1175, 1170, 1167, 1176, 1170, 1176, 1179, 1166, 1169, 1176, 1166, 1176, 1167,
            1173, 1180, 1176, 1173, 1176, 1169, 1181, 1177, 1176, 1181, 1176, 1180, 1182, 1183, 1184, 1182, 1184, 1185, 1186, 1187, 1184, 1186, 1184, 1183,
            1178, 1175, 1184, 1178, 1184, 1187, 1174, 1177, 1184, 1174, 1184, 1175, 1181, 1188, 1184, 1181, 1184, 1177, 1189, 1185, 1184, 1189, 1184, 1188,
            1190, 1191, 1192, 1190, 1192, 1193, 1194, 1195, 1192, 1194, 1192, 1191, 1186, 1183, 1192, 1186, 1192, 1195, 1182, 1185, 1192, 1182, 1192, 1183,
            1189, 1196, 1192, 1189, 1192, 1185, 1197, 1193, 1192, 1197, 1192, 1196, 1198, 1199, 1200, 1198, 1200, 1201, 1202, 1203, 1200, 1202, 1200, 1199,
            1194, 1191, 1200, 1194, 1200, 1203, 1190, 1193, 1200, 1190, 1200, 1191, 1197, 1204, 1200, 1197, 1200, 1193, 1205, 1201, 1200, 1205, 1200, 1204,
            1206, 1207, 1208, 1206, 1208, 1209, 1210, 1211, 1208, 1210, 1208, 1207, 1202, 1199, 1208, 1202, 1208, 1211, 1198, 1201, 1208, 1198, 1208, 1199,
            1205, 1212, 1208, 1205, 1208, 1201, 1213, 1209, 1208, 1213, 1208, 1212, 1129, 1128, 1214, 1129, 1214, 1130, 1127, 1215, 1214, 1127, 1214, 1128,
            1210, 1207, 1214, 1210, 1214, 1215, 1206, 1209, 1214, 1206, 1214, 1207, 1213, 1216, 1214, 1213, 1214, 1209, 1131, 1130, 1214, 1131, 1214, 1216,
            1127, 1126, 1217, 1127, 1217, 1218, 1125, 1219, 1217, 1125, 1217, 1126, 1220, 1218, 1217, 1220, 1217, 1219, 1125, 1139, 1221, 1125, 1221, 1219,
            1138, 1222, 1221, 1138, 1221, 1139, 1220, 1219, 1221, 1220, 1221, 1222, 1138, 1147, 1223, 1138, 1223, 1222, 1146, 1224, 1223, 1146, 1223, 1147,
            1220, 1222, 1223, 1220, 1223, 1224, 1146, 1155, 1225, 1146, 1225, 1224, 1154, 1226, 1225, 1154, 1225, 1155, 1220, 1224, 1225, 1220, 1225, 1226,
            1154, 1163, 1227, 1154, 1227, 1226, 1162, 1228, 1227, 1162, 1227, 1163, 1220, 1226, 1227, 1220, 1227, 1228, 1162, 1171, 1229, 1162, 1229, 1228,
            1170, 1230, 1229, 1170, 1229, 1171, 1220, 1228, 1229, 1220, 1229, 1230, 1170, 1179, 1231, 1170, 1231, 1230, 1178, 1232, 1231, 1178, 1231, 1179,
            1220, 1230, 1231, 1220, 1231, 1232, 1178, 1187, 1233, 1178, 1233, 1232, 1186, 1234, 1233, 1186, 1233, 1187, 1220, 1232, 1233, 1220, 1233, 1234,
            1186, 1195, 1235, 1186, 1235, 1234, 1194, 1236, 1235, 1194, 1235, 1195, 1220, 1234, 1235, 1220, 1235, 1236, 1194, 1203, 1237, 1194, 1237, 1236,
            1202, 1238, 1237, 1202, 1237, 1203, 1220, 1236, 1237, 1220, 1237, 1238, 1202, 1211, 1239, 1202, 1239, 1238, 1210, 1240, 1239, 1210, 1239, 1211,
            1220, 1238, 1239, 1220, 1239, 1240, 1210, 1215, 1241, 1210, 1241, 1240, 1127, 1218, 1241, 1127, 1241, 1215, 1220, 1240, 1241, 1220, 1241, 1218
        ]
        normal3f[] normals = [
            (-1.20952e-06, 0, 1), (-4.94887e-07, 0, 1), (-0.01266932, -0.01266932, 0.9998395),
            (-1.20952e-06, 0, 1), (-0.01266932, -0.01266932, 0.9998395), (-0.01725894, -0.02989315, 0.9994041),
            (7.85435e-07, 0, 1), (0, 0, 1), (-0.01266932, -0.01266932, 0.9998395),
            (7.85435e-07, 0, 1), (-0.01266932, -0.01266932, 0.9998395), (-4.94887e-07, 0, 1),
            (3.74911e-07, 0, 1), (3.41835e-07, 0, 1), (-0.01266932, -0.01266932, 0.9998395),
            (3.74911e-07, 0, 1), (-0.01266932, -0.01266932, 0.9998395), (0, 0, 1),
            (0, 0, 1), (-0.02989351, -0.01725888, 0.9994041), (-0.01266932, -0.01266932, 0.9998395),
            (0, 0, 1), (-0.01266932, -0.01266932, 0.9998395), (3.41835e-07, 0, 1),
            (-0.03672611, -0.02120369, 0.9991004), (-0.02598559, -0.02598553, 0.9993245), (-0.01266932, -0.01266932, 0.9998395),
            (-0.03672611, -0.02120369, 0.9991004), (-0.01266932, -0.01266932, 0.9998395), (-0.02989351, -0.01725888, 0.9994041),
            (-0.02120363, -0.03672581, 0.9991004), (-0.01725894, -0.02989315, 0.9994041), (-0.01266932, -0.01266932, 0.9998395),
            (-0.02120363, -0.03672581, 0.9991004), (-0.01266932, -0.01266932, 0.9998395), (-0.02598559, -0.02598553, 0.9993245),
            (0, 0, 1), (0, 0, 1), (-0.00463736, -0.01730632, 0.9998395),
            (0, 0, 1), (-0.00463736, -0.01730632, 0.9998395), (0, -0.0345174, 0.9994042),
            (0, 0, 1), (7.6392e-07, 0, 1), (-0.00463736, -0.01730632, 0.9998395),
            (0, 0, 1), (-0.00463736, -0.01730632, 0.9998395), (0, 0, 1),
            (7.85435e-07, 0, 1), (-4.94887e-07, 0, 1), (-0.00463736, -0.01730632, 0.9998395),
            (7.85435e-07, 0, 1), (-0.00463736, -0.01730632, 0.9998395), (7.6392e-07, 0, 1),
            (-1.20952e-06, 0, 1), (-0.01725894, -0.02989315, 0.9994041), (-0.00463736, -0.01730632, 0.9998395),
            (-1.20952e-06, 0, 1), (-0.00463736, -0.01730632, 0.9998395), (-4.94887e-07, 0, 1),
            (-0.02120363, -0.03672581, 0.9991004), (-0.009511291, -0.03549653, 0.9993246), (-0.00463736, -0.01730632, 0.9998395),
            (-0.02120363, -0.03672581, 0.9991004), (-0.00463736, -0.01730632, 0.9998395), (-0.01725894, -0.02989315, 0.9994041),
            (0, -0.04240691, 0.9991005), (0, -0.0345174, 0.9994042), (-0.00463736, -0.01730632, 0.9998395),
            (0, -0.04240691, 0.9991005), (-0.00463736, -0.01730632, 0.9998395), (-0.009511291, -0.03549653, 0.9993246),
            (-5.19738e-06, -3.34068e-06, 1), (-5.87446e-06, -3.34069e-06, 1), (0.00463736, -0.01730638, 0.9998395),
            (-5.19738e-06, -3.34068e-06, 1), (0.00463736, -0.01730638, 0.9998395), (0.01725351, -0.02989643, 0.9994041),
            (-2.22704e-06, 6.06876e-07, 1), (-7.6392e-07, 0, 1), (0.00463736, -0.01730638, 0.9998395),
            (-2.22704e-06, 6.06876e-07, 1), (0.00463736, -0.01730638, 0.9998395), (-5.87446e-06, -3.34069e-06, 1),
            (0, 0, 1), (0, 0, 1), (0.00463736, -0.01730638, 0.9998395),
            (0, 0, 1), (0.00463736, -0.01730638, 0.9998395), (-7.6392e-07, 0, 1),
            (0, 0, 1), (0, -0.0345174, 0.9994042), (0.00463736, -0.01730638, 0.9998395),
            (0, 0, 1), (0.00463736, -0.01730638, 0.9998395), (0, 0, 1),
            (0, -0.04240691, 0.9991005), (0.009511291, -0.03549653, 0.9993246), (0.00463736, -0.01730638, 0.9998395),
            (0, -0.04240691, 0.9991005), (0.00463736, -0.01730638, 0.9998395), (0, -0.0345174, 0.9994042),
            (0.02120321, -0.03672909, 0.9991003), (0.01725351, -0.02989643, 0.9994041), (0.00463736, -0.01730638, 0.9998395),
            (0.02120321, -0.03672909, 0.9991003), (0.00463736, -0.01730638, 0.9998395), (0.009511291, -0.03549653, 0.9993246),
            (0, 0, 1), (0, 0, 1), (0.01266658, -0.01267451, 0.9998396),
            (0, 0, 1), (0.01266658, -0.01267451, 0.9998396), (0.02990061, -0.01726371, 0.9994038),
            (-8.43962e-06, -7.69472e-06, 1), (-1.26877e-05, -3.97718e-06, 1), (0.01266658, -0.01267451, 0.9998396),
            (-8.43962e-06, -7.69472e-06, 1), (0.01266658, -0.01267451, 0.9998396), (0, 0, 1),
            (-2.22704e-06, 6.06876e-07, 1), (-5.87446e-06, -3.34069e-06, 1), (0.01266658, -0.01267451, 0.9998396),
            (-2.22704e-06, 6.06876e-07, 1), (0.01266658, -0.01267451, 0.9998396), (-1.26877e-05, -3.97718e-06, 1),
            (-5.19738e-06, -3.34068e-06, 1), (0.01725351, -0.02989643, 0.9994041), (0.01266658, -0.01267451, 0.9998396),
            (-5.19738e-06, -3.34068e-06, 1), (0.01266658, -0.01267451, 0.9998396), (-5.87446e-06, -3.34069e-06, 1),
            (0.02120321, -0.03672909, 0.9991003), (0.02599251, -0.02599275, 0.9993242), (0.01266658, -0.01267451, 0.9998396),
            (0.02120321, -0.03672909, 0.9991003), (0.01266658, -0.01267451, 0.9998396), (0.01725351, -0.02989643, 0.9994041),
            (0.03673583, -0.02120953, 0.9991), (0.02990061, -0.01726371, 0.9994038), (0.01266658, -0.01267451, 0.9998396),
            (0.03673583, -0.02120953, 0.9991), (0.01266658, -0.01267451, 0.9998396), (0.02599251, -0.02599275, 0.9993242),
            (0, 0, 1), (0, 0, 1), (0.01731115, -0.004638493, 0.9998395),
            (0, 0, 1), (0.01731115, -0.004638493, 0.9998395), (0.03452742, 0, 0.9994038),
            (2.75209e-07, 0, 1), (8.16849e-07, 0, 1), (0.01731115, -0.004638493, 0.9998395),
            (2.75209e-07, 0, 1), (0.01731115, -0.004638493, 0.9998395), (0, 0, 1),
            (-8.43962e-06, -7.69472e-06, 1), (0, 0, 1), (0.01731115, -0.004638493, 0.9998395),
            (-8.43962e-06, -7.69472e-06, 1), (0.01731115, -0.004638493, 0.9998395), (8.16849e-07, 0, 1),
            (0, 0, 1), (0.02990061, -0.01726371, 0.9994038), (0.01731115, -0.004638493, 0.9998395),
            (0, 0, 1), (0.01731115, -0.004638493, 0.9998395), (0, 0, 1),
            (0.03673583, -0.02120953, 0.9991), (0.03550684, -0.009513914, 0.9993242), (0.01731115, -0.004638493, 0.9998395),
            (0.03673583, -0.02120953, 0.9991), (0.01731115, -0.004638493, 0.9998395), (0.02990061, -0.01726371, 0.9994038),
            (0.04241913, 0, 0.9990999), (0.03452742, 0, 0.9994038), (0.01731115, -0.004638493, 0.9998395),
            (0.04241913, 0, 0.9990999), (0.01731115, -0.004638493, 0.9998395), (0.03550684, -0.009513914, 0.9993242),
            (1.492e-06, 0, 1), (-3.41836e-07, 0, 1), (0.01731151, 0.004638493, 0.9998395),
            (1.492e-06, 0, 1), (0.01731151, 0.004638493, 0.9998395), (0.02990263, 0.01726365, 0.9994038),
            (-7.84874e-06, 7.69474e-06, 1), (-6.25862e-07, 0, 1), (0.01731151, 0.004638493, 0.9998395),
            (-7.84874e-06, 7.69474e-06, 1), (0.01731151, 0.004638493, 0.9998395), (-3.41836e-07, 0, 1),
            (2.75209e-07, 0, 1), (0, 0, 1), (0.01731151, 0.004638493, 0.9998395),
            (2.75209e-07, 0, 1), (0.01731151, 0.004638493, 0.9998395), (-6.25862e-07, 0, 1),
            (0, 0, 1), (0.03452742, 0, 0.9994038), (0.01731151, 0.004638493, 0.9998395),
            (0, 0, 1), (0.01731151, 0.004638493, 0.9998395), (0, 0, 1),
            (0.04241913, 0, 0.9990999), (0.03550595, 0.009513914, 0.9993242), (0.01731151, 0.004638493, 0.9998395),
            (0.04241913, 0, 0.9990999), (0.01731151, 0.004638493, 0.9998395), (0.03452742, 0, 0.9994038),
            (0.03673583, 0.02120953, 0.9991), (0.02990263, 0.01726365, 0.9994038), (0.01731151, 0.004638493, 0.9998395),
            (0.03673583, 0.02120953, 0.9991), (0.01731151, 0.004638493, 0.9998395), (0.03550595, 0.009513914, 0.9993242),
            (-5.21643e-06, 3.34068e-06, 1), (-5.6045e-06, 3.34065e-06, 1), (0.01266676, 0.01267462, 0.9998395),
            (-5.21643e-06, 3.34068e-06, 1), (0.01266676, 0.01267462, 0.9998395), (0.01725417, 0.02989637, 0.9994041),
            (-1.54483e-06, -6.0687e-07, 1), (-1.23055e-05, 3.97718e-06, 1), (0.01266676, 0.01267462, 0.9998395),
            (-1.54483e-06, -6.0687e-07, 1), (0.01266676, 0.01267462, 0.9998395), (-5.6045e-06, 3.34065e-06, 1),
            (-7.84874e-06, 7.69474e-06, 1), (-3.41836e-07, 0, 1), (0.01266676, 0.01267462, 0.9998395),
            (-7.84874e-06, 7.69474e-06, 1), (0.01266676, 0.01267462, 0.9998395), (-1.23055e-05, 3.97718e-06, 1),
            (1.492e-06, 0, 1), (0.02990263, 0.01726365, 0.9994038), (0.01266676, 0.01267462, 0.9998395),
            (1.492e-06, 0, 1), (0.01266676, 0.01267462, 0.9998395), (-3.41836e-07, 0, 1),
            (0.03673583, 0.02120953, 0.9991), (0.02599269, 0.02599292, 0.9993242), (0.01266676, 0.01267462, 0.9998395),
            (0.03673583, 0.02120953, 0.9991), (0.01266676, 0.01267462, 0.9998395), (0.02990263, 0.01726365, 0.9994038),
            (0.0212019, 0.03673309, 0.9991002), (0.01725417, 0.02989637, 0.9994041), (0.01266676, 0.01267462, 0.9998395),
            (0.0212019, 0.03673309, 0.9991002), (0.01266676, 0.01267462, 0.9998395), (0.02599269, 0.02599292, 0.9993242),
            (0, 0, 1), (0, 0, 1), (0.004637241, 0.01731061, 0.9998394),
            (0, 0, 1), (0.004637241, 0.01731061, 0.9998394), (0, 0.034527, 0.9994038),
            (0, 0, 1), (1.25171e-06, 0, 1), (0.004637241, 0.01731061, 0.9998394),
            (0, 0, 1), (0.004637241, 0.01731061, 0.9998394), (0, 0, 1),
            (-1.54483e-06, -6.0687e-07, 1), (-5.6045e-06, 3.34065e-06, 1), (0.004637241, 0.01731061, 0.9998394),
            (-1.54483e-06, -6.0687e-07, 1), (0.004637241, 0.01731061, 0.9998394), (1.25171e-06, 0, 1),
            (-5.21643e-06, 3.34068e-06, 1), (0.01725417, 0.02989637, 0.9994041), (0.004637241, 0.01731061, 0.9998394),
            (-5.21643e-06, 3.34068e-06, 1), (0.004637241, 0.01731061, 0.9998394), (-5.6045e-06, 3.34065e-06, 1),
            (0.0212019, 0.03673309, 0.9991002), (0.009508848, 0.03550821, 0.9993242), (0.004637241, 0.01731061, 0.9998394),
            (0.0212019, 0.03673309, 0.9991002), (0.004637241, 0.01731061, 0.9998394), (0.01725417, 0.02989637, 0.9994041),
            (0, 0.04241919, 0.9990999), (0, 0.034527, 0.9994038), (0.004637241, 0.01731061, 0.9998394),
            (0, 0.04241919, 0.9990999), (0.004637241, 0.01731061, 0.9998394), (0.009508848, 0.03550821, 0.9993242),
            (-9.764e-07, 0, 1), (-6.65801e-07, 0, 1), (-0.004638493, 0.01731145, 0.9998394),
            (-9.764e-07, 0, 1), (-0.004638493, 0.01731145, 0.9998394), (-0.01726299, 0.0299015, 0.9994038),
            (4.86699e-07, 0, 1), (-1.25172e-06, 0, 1), (-0.004638493, 0.01731145, 0.9998394),
            (4.86699e-07, 0, 1), (-0.004638493, 0.01731145, 0.9998394), (-6.65801e-07, 0, 1),
            (0, 0, 1), (0, 0, 1), (-0.004638493, 0.01731145, 0.9998394),
            (0, 0, 1), (-0.004638493, 0.01731145, 0.9998394), (-1.25172e-06, 0, 1),
            (0, 0, 1), (0, 0.034527, 0.9994038), (-0.004638493, 0.01731145, 0.9998394),
            (0, 0, 1), (-0.004638493, 0.01731145, 0.9998394), (0, 0, 1),
            (0, 0.04241919, 0.9990999), (-0.009513914, 0.03550696, 0.9993242), (-0.004638493, 0.01731145, 0.9998394),
            (0, 0.04241919, 0.9990999), (-0.004638493, 0.01731145, 0.9998394), (0, 0.034527, 0.9994038),
            (-0.02120965, 0.0367363, 0.9990999), (-0.01726299, 0.0299015, 0.9994038), (-0.004638493, 0.01731145, 0.9998394),
            (-0.02120965, 0.0367363, 0.9990999), (-0.004638493, 0.01731145, 0.9998394), (-0.009513914, 0.03550696, 0.9993242),
            (-1.71142e-06, 0, 1), (-7.91814e-07, 0, 1), (-0.01267147, 0.01267278, 0.9998395),
            (-1.71142e-06, 0, 1), (-0.01267147, 0.01267278, 0.9998395), (-0.02989351, 0.01725894, 0.9994041),
            (-2.02812e-07, 0, 1), (0, 0, 1), (-0.01267147, 0.01267278, 0.9998395),
            (-2.02812e-07, 0, 1), (-0.01267147, 0.01267278, 0.9998395), (-7.91814e-07, 0, 1),
            (4.86699e-07, 0, 1), (-6.65801e-07, 0, 1), (-0.01267147, 0.01267278, 0.9998395),
            (4.86699e-07, 0, 1), (-0.01267147, 0.01267278, 0.9998395), (0, 0, 1),
            (-9.764e-07, 0, 1), (-0.01726299, 0.0299015, 0.9994038), (-0.01267147, 0.01267278, 0.9998395),
            (-9.764e-07, 0, 1), (-0.01267147, 0.01267278, 0.9998395), (-6.65801e-07, 0, 1),
            (-0.02120965, 0.0367363, 0.9990999), (-0.02598935, 0.02599638, 0.9993242), (-0.01267147, 0.01267278, 0.9998395),
            (-0.02120965, 0.0367363, 0.9990999), (-0.01267147, 0.01267278, 0.9998395), (-0.01726299, 0.0299015, 0.9994038),
            (-0.03672581, 0.02120769, 0.9991003), (-0.02989351, 0.01725894, 0.9994041), (-0.01267147, 0.01267278, 0.9998395),
            (-0.03672581, 0.02120769, 0.9991003), (-0.01267147, 0.01267278, 0.9998395), (-0.02598935, 0.02599638, 0.9993242),
            (0, 0, 1), (-6.83669e-07, 0, 1), (-0.01730668, 0.004637241, 0.9998395),
            (0, 0, 1), (-0.01730668, 0.004637241, 0.9998395), (-0.03451651, 0, 0.9994041),
            (0, 0, 1), (7.47802e-07, 0, 1), (-0.01730668, 0.004637241, 0.9998395),
            (0, 0, 1), (-0.01730668, 0.004637241, 0.9998395), (-6.83669e-07, 0, 1),
            (-2.02812e-07, 0, 1), (-7.91814e-07, 0, 1), (-0.01730668, 0.004637241, 0.9998395),
            (-2.02812e-07, 0, 1), (-0.01730668, 0.004637241, 0.9998395), (7.47802e-07, 0, 1),
            (-1.71142e-06, 0, 1), (-0.02989351, 0.01725894, 0.9994041), (-0.01730668, 0.004637241, 0.9998395),
            (-1.71142e-06, 0, 1), (-0.01730668, 0.004637241, 0.9998395), (-7.91814e-07, 0, 1),
            (-0.03672581, 0.02120769, 0.9991003), (-0.03549706, 0.009511351, 0.9993246), (-0.01730668, 0.004637241, 0.9998395),
            (-0.03672581, 0.02120769, 0.9991003), (-0.01730668, 0.004637241, 0.9998395), (-0.02989351, 0.01725894, 0.9994041),
            (-0.04240685, 0, 0.9991005), (-0.03451651, 0, 0.9994041), (-0.01730668, 0.004637241, 0.9998395),
            (-0.04240685, 0, 0.9991005), (-0.01730668, 0.004637241, 0.9998395), (-0.03549706, 0.009511351, 0.9993246),
            (0, 0, 1), (3.41835e-07, 0, 1), (-0.01730656, -0.004637241, 0.9998395),
            (0, 0, 1), (-0.01730656, -0.004637241, 0.9998395), (-0.02989351, -0.01725888, 0.9994041),
            (3.74911e-07, 0, 1), (-6.25858e-07, 0, 1), (-0.01730656, -0.004637241, 0.9998395),
            (3.74911e-07, 0, 1), (-0.01730656, -0.004637241, 0.9998395), (3.41835e-07, 0, 1),
            (0, 0, 1), (-6.83669e-07, 0, 1), (-0.01730656, -0.004637241, 0.9998395),
            (0, 0, 1), (-0.01730656, -0.004637241, 0.9998395), (-6.25858e-07, 0, 1),
            (0, 0, 1), (-0.03451651, 0, 0.9994041), (-0.01730656, -0.004637241, 0.9998395),
            (0, 0, 1), (-0.01730656, -0.004637241, 0.9998395), (-6.83669e-07, 0, 1),
            (-0.04240685, 0, 0.9991005), (-0.03549629, -0.009511351, 0.9993246), (-0.01730656, -0.004637241, 0.9998395),
            (-0.04240685, 0, 0.9991005), (-0.01730656, -0.004637241, 0.9998395), (-0.03451651, 0, 0.9994041),
            (-0.03672611, -0.02120369, 0.9991004), (-0.02989351, -0.01725888, 0.9994041), (-0.01730656, -0.004637241, 0.9998395),
            (-0.03672611, -0.02120369, 0.9991004), (-0.01730656, -0.004637241, 0.9998395), (-0.03549629, -0.009511351, 0.9993246),
            (0, 0, 1), (0, 0, 1), (0, 0, 1),
            (0, 0, 1), (0, 0, 1), (0, 0, 1),
            (-1.20695e-06, 0, 1), (-1.20695e-06, 0, 1), (-1.20695e-06, 0, 1),
            (0, 0, 1), (0, 0, 1), (0, 0, 1),
            (-1.1566e-05, -4.8314e-06, 1), (-1.1566e-05, -4.8314e-06, 1), (-1.1566e-05, -4.8314e-06, 1),
            (-5.783e-06, -9.28685e-06, 1), (-5.783e-06, -9.28685e-06, 1), (-5.783e-06, -9.28685e-06, 1),
            (4.78982e-06, 0, 1), (4.78982e-06, 0, 1), (4.78982e-06, 0, 1),
            (0, 0, 1), (0, 0, 1), (0, 0, 1),
            (-1.50874e-07, 0, 1), (-1.50874e-07, 0, 1), (-1.50874e-07, 0, 1),
            (0, 0, 1), (0, 0, 1), (0, 0, 1),
            (-6.60925e-06, -8.82753e-06, 1), (-6.60925e-06, -8.82753e-06, 1), (-6.60925e-06, -8.82753e-06, 1),
            (3.40795e-06, -1.04584e-05, 1), (3.40795e-06, -1.04584e-05, 1), (3.40795e-06, -1.04584e-05, 1),
            (0, 0, 1), (0, 0, 1), (0, 0, 1),
            (1.50871e-07, 0, 1), (1.50871e-07, 0, 1), (1.50871e-07, 0, 1),
            (0, 0, 1), (0, 0, 1), (0, 0, 1),
            (-4.78982e-06, 0, 1), (-4.78982e-06, 0, 1), (-4.78982e-06, 0, 1),
            (-3.4079e-06, -1.04584e-05, 1), (-3.4079e-06, -1.04584e-05, 1), (-3.4079e-06, -1.04584e-05, 1),
            (6.60923e-06, -8.82751e-06, 1), (6.60923e-06, -8.82751e-06, 1), (6.60923e-06, -8.82751e-06, 1),
            (0, 0, 1), (0, 0, 1), (0, 0, 1),
            (1.20695e-06, 0, 1), (1.20695e-06, 0, 1), (1.20695e-06, 0, 1),
            (-1.93113e-05, -3.34034e-05, 1), (-1.93113e-05, -3.34034e-05, 1), (-1.93113e-05, -3.34034e-05, 1),
            (-1.67648e-05, -1.69624e-05, 1), (-1.67648e-05, -1.69624e-05, 1), (-1.67648e-05, -1.69624e-05, 1),
            (5.78299e-06, -9.28683e-06, 1), (5.78299e-06, -9.28683e-06, 1), (5.78299e-06, -9.28683e-06, 1),
            (-1.65228e-05, -3.34037e-05, 1), (-1.65228e-05, -3.34037e-05, 1), (-1.65228e-05, -3.34037e-05, 1),
            (0, 0, 1), (0, 0, 1), (0, 0, 1),
            (0, 0, 1), (0, 0, 1), (0, 0, 1),
            (-2.41397e-06, 0, 1), (-2.41397e-06, 0, 1), (-2.41397e-06, 0, 1),
            (1.19748e-06, 0, 1), (1.19748e-06, 0, 1), (1.19748e-06, 0, 1),
            (-1.65231e-06, 0, 1), (-1.65231e-06, 0, 1), (-1.65231e-06, 0, 1),
            (1.65233e-06, 0, 1), (1.65233e-06, 0, 1), (1.65233e-06, 0, 1),
            (1.19747e-06, 0, 1), (1.19747e-06, 0, 1), (1.19747e-06, 0, 1),
            (-2.41395e-06, 0, 1), (-2.41395e-06, 0, 1), (-2.41395e-06, 0, 1),
            (2.41394e-06, 0, 1), (2.41394e-06, 0, 1), (2.41394e-06, 0, 1),
            (-1.19746e-06, 0, 1), (-1.19746e-06, 0, 1), (-1.19746e-06, 0, 1),
            (0, 0, 1), (0, 0, 1), (0, 0, 1),
            (0, 0, 1), (0, 0, 1), (0, 0, 1),
            (-1.43698e-05, 1.69624e-05, 1), (-1.43698e-05, 1.69624e-05, 1), (-1.43698e-05, 1.69624e-05, 1),
            (-2.17252e-05, 3.34034e-05, 1), (-2.17252e-05, 3.34034e-05, 1), (-2.17252e-05, 3.34034e-05, 1),
            (0, 0, 1), (0, 0, 1), (0, 0, 1),
            (0, 0, 1), (0, 0, 1), (0, 0, 1),
            (-1.98273e-05, 3.34036e-05, 1), (-1.98273e-05, 3.34036e-05, 1), (-1.98273e-05, 3.34036e-05, 1),
            (6.60911e-06, 9.2868e-06, 1), (6.60911e-06, 9.2868e-06, 1), (6.60911e-06, 9.2868e-06, 1),
            (0, 0, 1), (0, 0, 1), (0, 0, 1),
            (0, 0, 1), (0, 0, 1), (0, 0, 1),
            (-6.03485e-07, 0, 1), (-6.03485e-07, 0, 1), (-6.03485e-07, 0, 1),
            (0, 0, 1), (0, 0, 1), (0, 0, 1),
            (6.60921e-06, 8.82748e-06, 1), (6.60921e-06, 8.82748e-06, 1), (6.60921e-06, 8.82748e-06, 1),
            (-2.89154e-06, 1.04583e-05, 1), (-2.89154e-06, 1.04583e-05, 1), (-2.89154e-06, 1.04583e-05, 1),
            (0, 0, 1), (0, 0, 1), (0, 0, 1),
            (6.03494e-07, 0, 1), (6.03494e-07, 0, 1), (6.03494e-07, 0, 1),
            (0, 0, 1), (0, 0, 1), (0, 0, 1),
            (0, 0, 1), (0, 0, 1), (0, 0, 1),
            (2.89159e-06, 1.04583e-05, 1), (2.89159e-06, 1.04583e-05, 1), (2.89159e-06, 1.04583e-05, 1),
            (-6.60923e-06, 8.8275e-06, 1), (-6.60923e-06, 8.8275e-06, 1), (-6.60923e-06, 8.8275e-06, 1),
            (0, 0, 1), (0, 0, 1), (0, 0, 1),
            (0, 0, 1), (0, 0, 1), (0, 0, 1),
            (0, 0, 1), (0, 0, 1), (0, 0, 1),
            (0, 0, 1), (0, 0, 1), (0, 0, 1),
            (-6.60912e-06, 9.28682e-06, 1), (-6.60912e-06, 9.28682e-06, 1), (-6.60912e-06, 9.28682e-06, 1),
            (-4.95685e-06, 4.8314e-06, 1), (-4.95685e-06, 4.8314e-06, 1), (-4.95685e-06, 4.8314e-06, 1),
            (0, 0, 1), (0, 0, 1), (0, 0, 1),
            (0, 0, 1), (0, 0, 1), (0, 0, 1),
            (0, 0, 1), (0, 0, 1), (0, 0, 1),
            (-1.19747e-06, 0, 1), (-1.19747e-06, 0, 1), (-1.19747e-06, 0, 1),
            (-1.32185e-05, 5.62697e-06, 1), (-1.32185e-05, 5.62697e-06, 1), (-1.32185e-05, 5.62697e-06, 1),
            (-8.26162e-06, -4.59475e-07, 1), (-8.26162e-06, -4.59475e-07, 1), (-8.26162e-06, -4.59475e-07, 1),
            (1.19748e-06, 0, 1), (1.19748e-06, 0, 1), (1.19748e-06, 0, 1),
            (0, 0, 1), (0, 0, 1), (0, 0, 1),
            (2.41394e-06, 0, 1), (2.41394e-06, 0, 1), (2.41394e-06, 0, 1),
            (-1.19746e-06, 0, 1), (-1.19746e-06, 0, 1), (-1.19746e-06, 0, 1),
            (-9.91401e-06, 4.59478e-07, 1), (-9.91401e-06, 4.59478e-07, 1), (-9.91401e-06, 4.59478e-07, 1),
            (-8.26156e-06, -5.62698e-06, 1), (-8.26156e-06, -5.62698e-06, 1), (-8.26156e-06, -5.62698e-06, 1)
        ] (
            interpolation = "faceVarying"
        )
        point3f[] points = [
            (0.02872782, 0.01697319, 0.02288866), (0.02345365, 0.02381438, 0.0228886), (0.02345365, 0.02381438, 0.03777397),
            (0.02872782, 0.01697319, 0.03777397), (0.01661247, 0.02908867, 0.0228886), (0.01661247, 0.02908867, 0.03777391),
            (0.01661247, 0.02908867, 0.05540746), (0.02345365, 0.02381438, 0.05540746), (0.02872782, 0.01697319, 0.05540746),
            (0.008624255, 0.03237617, 0.0228886), (0.008624255, 0.03237617, 0.03777391), (6.25195e-05, 0.03352326, 0.0228886),
            (6.25195e-05, 0.03352326, 0.03777397), (6.25195e-05, 0.03352326, 0.05540746), (0.008624255, 0.03237617, 0.05540746),
            (-0.008499205, 0.03237617, 0.0228886), (-0.008499205, 0.03237617, 0.03777397), (-0.01648741, 0.02908867, 0.0228886),
            (-0.01648741, 0.02908867, 0.03777397), (-0.01648741, 0.02908867, 0.05540746), (-0.008499205, 0.03237617, 0.05540746),
            (-0.0233286, 0.02381438, 0.0228886), (-0.0233286, 0.02381438, 0.03777397), (-0.02860283, 0.01697319, 0.0228886),
            (-0.02860283, 0.01697319, 0.03777397), (-0.02860283, 0.01697319, 0.05540746), (-0.0233286, 0.02381438, 0.05540746),
            (-0.03189039, 0.008985042, 0.0228886), (-0.03189039, 0.008985042, 0.03777397), (-0.03303742, 0.000423302, 0.0228886),
            (-0.03303742, 0.000423302, 0.03777397), (-0.03303742, 0.000423286, 0.05540746), (-0.03189039, 0.008985042, 0.05540746),
            (-0.03189039, -0.008138418, 0.0228886), (-0.03189039, -0.008138418, 0.03777397), (-0.02860283, -0.01612669, 0.0228886),
            (-0.02860283, -0.01612669, 0.03777391), (-0.02860283, -0.01612669, 0.05540746), (-0.03189039, -0.008138418, 0.05540746),
            (-0.02332866, -0.02296787, 0.0228886), (-0.02332866, -0.02296787, 0.03777397), (-0.01648741, -0.02824211, 0.0228886),
            (-0.01648741, -0.02824211, 0.03777397), (-0.01648741, -0.02824211, 0.05540746), (-0.02332866, -0.02296787, 0.05540746),
            (-0.008499264, -0.0315296, 0.0228886), (-0.008499264, -0.0315296, 0.03777397), (6.25087e-05, -0.03267663, 0.0228886),
            (6.25087e-05, -0.03267663, 0.03777391), (6.25087e-05, -0.03267663, 0.05540746), (-0.008499264, -0.0315296, 0.05540746),
            (6.25087e-05, -0.03267663, 0.0228886), (0.008624255, -0.0315296, 0.0228886), (0.008624255, -0.0315296, 0.03777391),
            (6.25087e-05, -0.03267663, 0.03777391), (0.01661247, -0.02824211, 0.0228886), (0.01661247, -0.02824211, 0.03777397),
            (0.01661247, -0.02824211, 0.05540746), (0.008624255, -0.0315296, 0.05540746), (6.25087e-05, -0.03267663, 0.05540746),
            (0.02345365, -0.02296787, 0.0228886), (0.02345365, -0.02296787, 0.03777397), (0.02872788, -0.01612669, 0.0228886),
            (0.02872788, -0.01612669, 0.03777397), (0.02872788, -0.01612669, 0.05540746), (0.02345365, -0.02296787, 0.05540746),
            (0.03201544, -0.008138418, 0.0228886), (0.03201544, -0.008138418, 0.03777397), (0.03316247, 0.000423302, 0.0228886),
            (0.03316247, 0.000423302, 0.03777397), (0.03316247, 0.000423302, 0.05540746), (0.03201544, -0.008138418, 0.05540746),
            (0.03201544, 0.008985042, 0.02288866), (0.03201538, 0.008985042, 0.03777397), (0.03201538, 0.008985042, 0.05540746),
            (0.02872782, 0.01697319, 0.08685129), (0.02345365, 0.02381438, 0.08685129), (0.02345365, 0.02381438, 0.09667652),
            (0.02872782, 0.01697319, 0.09667652), (0.01661247, 0.02908867, 0.08685129), (0.01661247, 0.02908867, 0.09667652),
            (0.01649224, 0.02888059, 0.10292303), (0.02328377, 0.02364462, 0.10292303), (0.02851969, 0.01685309, 0.10292303),
            (0.008624255, 0.03237617, 0.08685129), (0.008624255, 0.03237617, 0.09667652), (6.25195e-05, 0.03352326, 0.08685129),
            (6.25195e-05, 0.03352326, 0.09667652), (6.25195e-05, 0.03328287, 0.10292303), (0.008562088, 0.03214412, 0.10292303),
            (-0.008499205, 0.03237617, 0.08685129), (-0.008499205, 0.03237617, 0.09667652), (-0.01648741, 0.02908867, 0.08685129),
            (-0.01648741, 0.02908867, 0.09667652), (-0.01636731, 0.02888059, 0.10292297), (-0.008437037, 0.03214412, 0.10292297),
            (-0.0233286, 0.02381438, 0.08685123), (-0.0233286, 0.02381438, 0.09667646), (-0.02860283, 0.01697319, 0.08685123),
            (-0.02860283, 0.01697319, 0.09667652), (-0.02839469, 0.01685309, 0.10292297), (-0.02315872, 0.02364462, 0.10292297),
            (-0.03189039, 0.008985042, 0.08685129), (-0.03189039, 0.008985042, 0.09667652), (-0.03303742, 0.000423302, 0.08685129),
            (-0.03303742, 0.000423302, 0.09667652), (-0.03279709, 0.000423304, 0.10292297), (-0.03165841, 0.008922874, 0.10292297),
            (-0.03189039, -0.008138418, 0.08685129), (-0.03189039, -0.008138418, 0.09667652), (-0.02860283, -0.01612669, 0.08685129),
            (-0.02860283, -0.01612669, 0.09667652), (-0.02839469, -0.01600646, 0.10292297), (-0.03165841, -0.00807625, 0.10292297),
            (-0.02332866, -0.02296787, 0.08685129), (-0.02332866, -0.02296787, 0.09667652), (-0.01648741, -0.02824211, 0.08685129),
            (-0.01648741, -0.02824211, 0.09667652), (-0.01636731, -0.02803403, 0.10292297), (-0.02315878, -0.02279806, 0.10292297),
            (-0.008499264, -0.0315296, 0.08685129), (-0.008499264, -0.0315296, 0.09667658), (6.25087e-05, -0.03267663, 0.08685129),
            (6.25087e-05, -0.03267663, 0.09667658), (6.25195e-05, -0.03243637, 0.10292303), (-0.008437037, -0.03129762, 0.10292303),
            (6.25087e-05, -0.03267663, 0.08685129), (0.008624255, -0.0315296, 0.08685129), (0.008624255, -0.0315296, 0.09667658),
            (6.25087e-05, -0.03267663, 0.09667658), (0.01661247, -0.02824211, 0.08685129), (0.01661247, -0.02824211, 0.09667658),
            (0.01649224, -0.02803403, 0.10292303), (0.008562088, -0.03129762, 0.10292303), (6.25195e-05, -0.03243637, 0.10292303),
            (0.02345365, -0.02296787, 0.08685129), (0.02345365, -0.02296787, 0.09667658), (0.02872782, -0.01612669, 0.08685129),
            (0.02872782, -0.01612669, 0.09667658), (0.02851974, -0.01600646, 0.10292303), (0.02328377, -0.02279806, 0.10292303),
            (0.03201538, -0.008138418, 0.08685129), (0.03201544, -0.008138418, 0.09667658), (0.03316247, 0.000423302, 0.08685129),
            (0.03316247, 0.000423302, 0.09667652), (0.03292208, 0.000423304, 0.10292303), (0.03178346, -0.00807625, 0.10292303),
            (0.03201538, 0.008985042, 0.08685129), (0.03201538, 0.008985042, 0.09667652), (0.0317834, 0.008922874, 0.10292303),
            (0.02277427, 0.02313512, 0.10660725), (0.02789545, 0.0164926, 0.10660725), (0.01613181, 0.02825611, 0.10660725),
            (0.01562392, 0.02737653, 0.10892229), (0.02205646, 0.02241724, 0.10892229), (0.02701574, 0.01598477, 0.10892229),
            (0.008375585, 0.03144824, 0.10660725), (6.25195e-05, 0.03256189, 0.10660725), (6.25195e-05, 0.03154623, 0.10892229),
            (0.008112847, 0.03046762, 0.10892229), (-0.008250594, 0.03144824, 0.10660719), (-0.01600676, 0.02825611, 0.10660719),
            (-0.01549887, 0.02737653, 0.10892223), (-0.007987856, 0.03046762, 0.10892229), (-0.02264922, 0.02313512, 0.10660719),
            (-0.0277704, 0.0164926, 0.10660719), (-0.02689069, 0.01598477, 0.10892223), (-0.0219314, 0.02241724, 0.10892223),
            (-0.03096234, 0.008736371, 0.10660719), (-0.03207612, 0.000423304, 0.10660719), (-0.03106033, 0.000423304, 0.10892223),
            (-0.02998191, 0.008473634, 0.10892223), (-0.03096234, -0.007889807, 0.10660719), (-0.0277704, -0.01564604, 0.10660725),
            (-0.02689075, -0.01513808, 0.10892229), (-0.02998191, -0.00762701, 0.10892223), (-0.02264928, -0.02228856, 0.10660725),
            (-0.01600676, -0.02740961, 0.10660725), (-0.01549887, -0.0265299, 0.10892229), (-0.02193146, -0.02157074, 0.10892229),
            (-0.008250594, -0.03060168, 0.10660725), (6.25087e-05, -0.03171539, 0.10660725), (6.25087e-05, -0.03069967, 0.10892229),
            (-0.007987856, -0.02962112, 0.10892229), (0.008375585, -0.03060168, 0.10660725), (6.25087e-05, -0.03171539, 0.10660725),
            (0.01613181, -0.02740961, 0.10660725), (0.01562392, -0.0265299, 0.10892229), (0.008112847, -0.02962112, 0.10892229),
            (6.25087e-05, -0.03069967, 0.10892229), (0.02277427, -0.02228856, 0.10660725), (0.02789545, -0.01564604, 0.10660725),
            (0.02701574, -0.01513808, 0.10892229), (0.02205646, -0.02157074, 0.10892229), (0.03108739, -0.007889807, 0.10660725),
            (0.03220123, 0.000423304, 0.10660725), (0.03118538, 0.000423304, 0.10892229), (0.0301069, -0.00762701, 0.10892229),
            (0.03108739, 0.008736371, 0.10660725), (0.0301069, 0.008473634, 0.10892229), (0.02402228, 0.01425641, 0.1156001),
            (0.01961386, 0.01997458, 0.1156001), (0.01927053, 0.01963132, 0.11675267), (0.02360165, 0.01401352, 0.11675267),
            (0.01389569, 0.024383, 0.1156001), (0.0136528, 0.02396237, 0.11675267), (0.01348435, 0.02367073, 0.11786609),
            (0.01903247, 0.01939332, 0.11786609), (0.02330994, 0.01384508, 0.11786609), (0.007218778, 0.0271309, 0.1156001),
            (0.007093071, 0.02666199, 0.11675267), (6.25195e-05, 0.02808964, 0.1156001), (6.25195e-05, 0.02760392, 0.11675267),
            (6.25195e-05, 0.02726703, 0.11786609), (0.007005929, 0.02633678, 0.11786609), (-0.007093667, 0.0271309, 0.1156001),
            (-0.006968021, 0.02666199, 0.11675267), (-0.01377063, 0.024383, 0.11560004), (-0.01352781, 0.02396237, 0.11675261),
            (-0.0133593, 0.02367073, 0.11786603), (-0.006880939, 0.02633678, 0.11786609), (-0.01948881, 0.01997458, 0.11560004),
            (-0.01914548, 0.01963132, 0.11675261), (-0.02389729, 0.01425641, 0.11560004), (-0.0234766, 0.01401352, 0.11675261),
            (-0.02318489, 0.01384508, 0.11786603), (-0.01890742, 0.01939332, 0.11786603), (-0.02664506, 0.007579565, 0.11560004),
            (-0.02617621, 0.007453918, 0.11675261), (-0.02760386, 0.000423301, 0.11560004), (-0.02711808, 0.000423301, 0.11675261),
            (-0.02678126, 0.000423301, 0.11786603), (-0.02585101, 0.007366776, 0.11786603), (-0.02664506, -0.006732881, 0.11560004),
            (-0.02617621, -0.006607294, 0.11675261), (-0.02389729, -0.01340985, 0.11560004), (-0.0234766, -0.01316702, 0.11675261),
            (-0.02318489, -0.01299858, 0.11786603), (-0.02585101, -0.006520152, 0.11786603), (-0.01948881, -0.01912802, 0.11560004),
            (-0.01914548, -0.01878476, 0.11675261), (-0.01377063, -0.0235365, 0.11560004), (-0.01352781, -0.02311581, 0.11675261),
            (-0.01335936, -0.02282404, 0.11786603), (-0.01890748, -0.01854676, 0.11786603), (-0.007093787, -0.02628427, 0.1156001),
            (-0.00696814, -0.02581536, 0.11675267), (6.25087e-05, -0.02724301, 0.1156001), (6.25087e-05, -0.02675729, 0.11675267),
            (6.25087e-05, -0.02642053, 0.11786609), (-0.006880939, -0.02549028, 0.11786609), (6.25087e-05, -0.02724301, 0.1156001),
            (0.007218778, -0.02628427, 0.1156001), (0.007093071, -0.02581536, 0.11675267), (6.25087e-05, -0.02675729, 0.11675267),
            (0.01389569, -0.0235365, 0.1156001), (0.0136528, -0.02311581, 0.11675267), (0.01348435, -0.02282404, 0.11786609),
            (0.007005929, -0.02549028, 0.11786609), (6.25087e-05, -0.02642053, 0.11786609), (0.01961386, -0.01912802, 0.1156001),
            (0.01927053, -0.01878476, 0.11675267), (0.02402228, -0.01340985, 0.1156001), (0.02360165, -0.01316702, 0.11675267),
            (0.02330994, -0.01299858, 0.11786609), (0.01903247, -0.01854676, 0.11786609), (0.02677011, -0.006732881, 0.1156001),
            (0.0263012, -0.006607294, 0.11675267), (0.02772891, 0.000423301, 0.1156001), (0.02724307, 0.000423301, 0.11675267),
            (0.02690631, 0.000423301, 0.11786609), (0.02597606, -0.006520152, 0.11786609), (0.02677011, 0.007579565, 0.1156001),
            (0.0263012, 0.007453918, 0.11675267), (0.02597606, 0.007366776, 0.11786609), (-0.01371324, -0.02343702, 0.0042724),
            (-0.007064044, -0.02617347, 0.0042724), (-0.007721066, -0.02862554, 0.00634032), (-0.01498329, -0.02563685, 0.00634032),
            (6.25195e-05, -0.02712815, 0.0042724), (6.25195e-05, -0.02966839, 0.00634032), (6.25195e-05, -0.0319246, 0.0093053),
            (-0.008304715, -0.03080362, 0.0093053), (-0.01611143, -0.02759081, 0.0093053), (-0.02379775, -0.01335245, 0.0042724),
            (-0.01940757, -0.01904684, 0.0042724), (-0.02120274, -0.02084195, 0.00634032), (-0.02599757, -0.01462244, 0.00634032),
            (-0.0227971, -0.02243638, 0.0093053), (-0.02795153, -0.01575058, 0.0093053), (-0.02748894, 0.000423301, 0.0042724),
            (-0.02653414, -0.006703197, 0.0042724), (-0.02898639, -0.007360219, 0.00634032), (-0.03002911, 0.000423302, 0.00634032),
            (-0.03116434, -0.007943928, 0.0093053), (-0.03228539, 0.000423302, 0.0093053), (-0.02379775, 0.01419895, 0.0042724),
            (-0.02653414, 0.007549822, 0.0042724), (-0.02898639, 0.008206903, 0.00634032), (-0.02599757, 0.01546913, 0.00634032),
            (-0.03116434, 0.008790493, 0.0093053), (-0.02795153, 0.01659721, 0.0093053), (-0.01371324, 0.02428352, 0.0042724),
            (-0.01940757, 0.0198934, 0.0042724), (-0.02120274, 0.02168852, 0.00634032), (-0.01498323, 0.02648335, 0.00634032),
            (-0.0227971, 0.02328294, 0.0093053), (-0.01611143, 0.02843737, 0.0093053), (6.25195e-05, 0.02797478, 0.00427246),
            (-0.007064044, 0.02701997, 0.0042724), (-0.007721066, 0.02947217, 0.00634032), (6.25195e-05, 0.03051495, 0.00634032),
            (-0.008304715, 0.03165012, 0.0093053), (6.25195e-05, 0.03277117, 0.0093053), (0.01383823, 0.02428352, 0.00427246),
            (0.007189095, 0.02701997, 0.00427246), (0.007846117, 0.02947217, 0.00634032), (0.01510828, 0.02648335, 0.00634032),
            (0.008429706, 0.03165012, 0.0093053), (0.01623642, 0.02843737, 0.0093053), (0.0239228, 0.01419895, 0.0042724),
            (0.01953262, 0.0198934, 0.0042724), (0.02132773, 0.02168852, 0.00634032), (0.02612257, 0.01546913, 0.00634032),
            (0.02292209, 0.02328294, 0.0093053), (0.02807652, 0.01659721, 0.0093053), (0.02761399, 0.000423301, 0.0042724),
            (0.02665925, 0.007549822, 0.0042724), (0.02911138, 0.008206903, 0.00634032), (0.0301541, 0.000423302, 0.00634032),
            (0.03128933, 0.008790493, 0.0093053), (0.03241038, 0.000423302, 0.0093053), (0.0239228, -0.01335245, 0.0042724),
            (0.02665925, -0.006703197, 0.0042724), (0.02911138, -0.007360219, 0.00634032), (0.02612262, -0.01462244, 0.00634032),
            (0.03128933, -0.007943928, 0.0093053), (0.02807658, -0.01575058, 0.0093053), (0.01383829, -0.02343702, 0.0042724),
            (0.01953268, -0.01904684, 0.0042724), (0.02132773, -0.02084195, 0.00634032), (0.01510828, -0.02563685, 0.00634032),
            (0.02292215, -0.02243638, 0.0093053), (0.01623648, -0.02759081, 0.0093053), (6.25195e-05, -0.02712815, 0.0042724),
            (0.007189095, -0.02617347, 0.0042724), (0.007846117, -0.02862554, 0.00634032), (6.25195e-05, -0.02966839, 0.00634032),
            (0.008429706, -0.03080362, 0.0093053), (6.25195e-05, -0.0319246, 0.0093053), (-0.03189039, -0.008138418, 0.01411027),
            (-0.03303742, 0.000423302, 0.01411027), (-0.02860283, -0.01612669, 0.01411027), (-0.03189039, 0.008985042, 0.01411027),
            (-0.02860283, 0.01697319, 0.01411027), (-0.0233286, 0.02381438, 0.01411027), (-0.01648741, 0.02908867, 0.01411027),
            (-0.008499205, 0.03237617, 0.01411027), (6.25195e-05, 0.03352326, 0.01411027), (0.008624255, 0.03237617, 0.01411027),
            (0.01661247, 0.02908867, 0.01411027), (0.02345365, 0.02381438, 0.01411027), (0.02872782, 0.01697319, 0.01411027),
            (0.03201538, 0.008985042, 0.01411027), (0.03316247, 0.000423302, 0.01411027), (0.03201544, -0.008138418, 0.01411027),
            (0.02872788, -0.01612669, 0.01411027), (0.02345365, -0.02296787, 0.01411027), (0.01661247, -0.02824211, 0.01411027),
            (0.008624255, -0.0315296, 0.01411027), (6.25087e-05, -0.03267663, 0.01411027), (-0.008499264, -0.0315296, 0.01411027),
            (-0.01648741, -0.02824211, 0.01411027), (6.25087e-05, -0.03267663, 0.01411027), (-0.02332866, -0.02296787, 0.01411027),
            (-0.02889615, -0.00733608, 0.11106138), (-0.02993565, 0.000423304, 0.11106138), (-0.02591669, -0.01457577, 0.11106138),
            (-0.02502202, -0.0140593, 0.11291533), (-0.0278989, -0.007068932, 0.11291527), (-0.0289027, 0.000423302, 0.11291527),
            (-0.02889615, 0.008182704, 0.11106138), (-0.02591669, 0.0154224, 0.11106138), (-0.0278989, 0.007915556, 0.11291527),
            (-0.02502202, 0.01490586, 0.11291527), (-0.0211367, 0.02162241, 0.11106138), (-0.01493656, 0.02640253, 0.11106138),
            (-0.02040672, 0.0208925, 0.11291533), (-0.01442009, 0.02550786, 0.11291533), (-0.007696866, 0.02938193, 0.11106144),
            (6.25195e-05, 0.03042149, 0.11106144), (-0.007429659, 0.02838474, 0.11291533), (6.25195e-05, 0.02938842, 0.11291533),
            (0.007821917, 0.02938193, 0.11106144), (0.01506155, 0.02640253, 0.11106144), (0.007554709, 0.02838474, 0.11291533),
            (0.01454514, 0.02550786, 0.11291533), (0.02126169, 0.02162241, 0.11106144), (0.02604174, 0.0154224, 0.11106144),
            (0.02053171, 0.0208925, 0.11291533), (0.02514714, 0.01490586, 0.11291533), (0.0290212, 0.008182704, 0.11106144),
            (0.0300607, 0.000423304, 0.11106144), (0.02802395, 0.007915556, 0.11291533), (0.02902776, 0.000423302, 0.11291533),
            (0.0290212, -0.00733608, 0.11106144), (0.02604174, -0.01457577, 0.11106144), (0.02802395, -0.007068932, 0.11291533),
            (0.02514714, -0.0140593, 0.11291533), (0.02126175, -0.02077591, 0.11106144), (0.01506155, -0.0255559, 0.11106144),
            (0.02053171, -0.02004593, 0.11291533), (0.01454514, -0.02466136, 0.11291539), (0.007821917, -0.02853536, 0.11106144),
            (6.25087e-05, -0.02957493, 0.11106144), (0.007554709, -0.02753818, 0.11291539), (6.25087e-05, -0.02854192, 0.11291539),
            (-0.007696866, -0.02853536, 0.11106144), (-0.01493656, -0.0255559, 0.11106144), (6.25087e-05, -0.02957493, 0.11106144),
            (6.25087e-05, -0.02854192, 0.11291539), (-0.007429659, -0.02753818, 0.11291533), (-0.01442009, -0.02466136, 0.11291533),
            (-0.0211367, -0.02077591, 0.11106144), (-0.02040672, -0.02004593, 0.11291533), (-0.02718394, -0.006877303, 0.11437451),
            (-0.02816212, 0.000423302, 0.11437451), (-0.02438068, -0.01368898, 0.11437457), (-0.02718394, 0.007723867, 0.11437451),
            (-0.02438068, 0.01453554, 0.11437457), (-0.01988333, 0.02036911, 0.11437457), (-0.0140497, 0.02486652, 0.11437457),
            (-0.00723809, 0.02766972, 0.11437457), (6.25195e-05, 0.02864784, 0.11437457), (0.00736314, 0.02766972, 0.11437457),
            (0.01417475, 0.02486652, 0.11437457), (0.02000832, 0.02036911, 0.11437457), (0.02450573, 0.01453554, 0.11437457),
            (0.027309, 0.007723867, 0.11437457), (0.02828711, 0.000423302, 0.11437457), (0.027309, -0.006877303, 0.11437457),
            (0.02450573, -0.01368898, 0.11437457), (0.02000832, -0.01952248, 0.11437463), (0.01417475, -0.02401989, 0.11437463),
            (0.00736314, -0.02682322, 0.11437463), (6.25087e-05, -0.02780133, 0.11437463), (-0.00723809, -0.02682322, 0.11437457),
            (-0.01404976, -0.02401989, 0.11437457), (6.25087e-05, -0.02780133, 0.11437463), (-0.01988333, -0.01952248, 0.11437457),
            (-0.01882869, -0.01846796, 0.1189736), (-0.02308833, -0.01294285, 0.1189736), (-0.01330357, -0.02272748, 0.1189736),
            (-0.01330405, -0.02272832, 0.12004237), (-0.01882934, -0.01846849, 0.12004237), (-0.02308911, -0.01294326, 0.12004237),
            (-0.02574336, -0.006491363, 0.1189736), (-0.0266698, 0.000423297, 0.1189736), (-0.02574414, -0.006491601, 0.12004237),
            (-0.02667063, 0.000423293, 0.12004237), (-0.02574336, 0.007337868, 0.1189736), (-0.02308833, 0.01378935, 0.1189736),
            (-0.02574414, 0.007338166, 0.12004237), (-0.02308911, 0.01378983, 0.12004237), (-0.01882869, 0.01931446, 0.1189736),
            (-0.01330357, 0.02357411, 0.1189736), (-0.01882934, 0.01931512, 0.12004237), (-0.01330405, 0.02357482, 0.12004237),
            (-0.00685209, 0.0262292, 0.1189736), (6.25195e-05, 0.02715551, 0.1189736), (-0.006852269, 0.02622997, 0.12004237),
            (6.25195e-05, 0.02715647, 0.12004237), (0.006977081, 0.0262292, 0.11897366), (0.01342856, 0.02357411, 0.11897366),
            (0.006977379, 0.02622997, 0.12004237), (0.01342898, 0.02357482, 0.12004237), (0.01895374, 0.01931446, 0.11897366),
            (0.02321326, 0.01378935, 0.11897366), (0.01895427, 0.01931512, 0.12004237), (0.0232141, 0.01378983, 0.12004237),
            (0.02586841, 0.007337868, 0.11897366), (0.02679479, 0.000423297, 0.11897366), (0.02586925, 0.007338166, 0.12004237),
            (0.02679568, 0.000423293, 0.12004237), (0.02586841, -0.006491363, 0.11897366), (0.02321326, -0.01294285, 0.11897366),
            (0.02586925, -0.006491601, 0.12004237), (0.0232141, -0.01294326, 0.12004237), (0.01895374, -0.01846796, 0.11897366),
            (0.01342856, -0.02272748, 0.11897366), (0.01895427, -0.01846849, 0.12004237), (0.01342898, -0.02272832, 0.12004243),
            (0.006977081, -0.02538257, 0.11897366), (6.25087e-05, -0.02630901, 0.11897366), (0.006977379, -0.02538347, 0.12004243),
            (6.25195e-05, -0.02630984, 0.12004243), (-0.00685209, -0.02538257, 0.11897366), (6.25087e-05, -0.02630901, 0.11897366),
            (6.25195e-05, -0.02630984, 0.12004243), (-0.006852388, -0.02538347, 0.12004237), (-0.008499264, -0.0315296, 0.072430724),
            (-0.01648741, -0.02824211, 0.072430724), (6.25087e-05, -0.03267663, 0.072430724), (-0.02332866, -0.02296787, 0.072430724),
            (-0.02860283, -0.01612669, 0.072430724), (-0.03189039, -0.008138418, 0.072430724), (-0.03303748, 0.000423286, 0.072430724),
            (-0.03189039, 0.008985042, 0.072430724), (-0.02860283, 0.01697319, 0.072430724), (-0.0233286, 0.02381438, 0.072430724),
            (-0.01648741, 0.02908867, 0.072430724), (-0.008499205, 0.03237617, 0.072430724), (6.25195e-05, 0.03352326, 0.072430724),
            (0.008624255, 0.03237617, 0.072430724), (0.01661247, 0.02908867, 0.072430724), (0.02345365, 0.02381438, 0.072430724),
            (0.02872782, 0.01697319, 0.072430724), (0.03201538, 0.008985042, 0.072430724), (0.03316247, 0.000423302, 0.072430724),
            (0.03201544, -0.008138418, 0.072430724), (0.02872782, -0.01612669, 0.072430724), (0.02345365, -0.02296787, 0.072430724),
            (0.01661247, -0.02824211, 0.072430724), (0.008624255, -0.0315296, 0.072430724), (6.25087e-05, -0.03267663, 0.072430724),
            (0.007372856, 0.004643917, 0.00351697), (0.00626111, 0.006621897, 0.00346404), (0.008834123, 0.00919491, 0.00317484),
            (0.01081198, 0.006629467, 0.00317484), (0.00428313, 0.007733762, 0.00351697), (0.00626868, 0.01117277, 0.00317484),
            (0.008081078, 0.01431185, 0.00274897), (0.01139569, 0.01175642, 0.00274897), (0.01395112, 0.008441865, 0.00274897),
            (0.002331316, 0.008890748, 0.00346404), (0.003273129, 0.01240557, 0.00317484), (6.25078e-05, 0.008864641, 0.00351703),
            (6.24968e-05, 0.01283574, 0.0031749), (6.24966e-05, 0.01646047, 0.00274903), (0.00421071, 0.01590478, 0.00274903),
            (-0.002206265, 0.008890748, 0.00346404), (-0.003148078, 0.01240557, 0.00317484), (-0.004158139, 0.007733762, 0.00351697),
            (-0.006143689, 0.01117277, 0.00317484), (-0.007956147, 0.01431185, 0.00274897), (-0.004085659, 0.01590478, 0.00274903),
            (-0.006136119, 0.006621897, 0.00346404), (-0.008709192, 0.00919491, 0.00317484), (-0.007247984, 0.004643917, 0.00351697),
            (-0.01068699, 0.006629467, 0.00317484), (-0.01382613, 0.008441865, 0.00274897), (-0.0112707, 0.01175642, 0.00274897),
            (-0.008405029, 0.002692103, 0.00346404), (-0.01191979, 0.003633916, 0.00317484), (-0.008378922, 0.00042329, 0.00351697),
            (-0.01234996, 0.000423281, 0.00317484), (-0.01597476, 0.000423273, 0.00274897), (-0.01541888, 0.004571497, 0.00274897),
            (-0.008405029, -0.001845479, 0.00346404), (-0.01191979, -0.002787292, 0.00317484), (-0.007247984, -0.003797352, 0.00351697),
            (-0.01068699, -0.005782902, 0.00317484), (-0.01382613, -0.00759536, 0.00274903), (-0.01541888, -0.003724992, 0.00274897),
            (-0.006136119, -0.005775332, 0.00346404), (-0.008709192, -0.008348405, 0.00317484), (-0.004158139, -0.006887197, 0.00351697),
            (-0.006143689, -0.01032614, 0.00317484), (-0.007956147, -0.0134654, 0.00274897), (-0.0112707, -0.01090997, 0.00274897),
            (-0.002206265, -0.008044242, 0.00346404), (-0.003148078, -0.011559, 0.00317484), (6.25083e-05, -0.008018136, 0.00351697),
            (6.24975e-05, -0.01198917, 0.00317484), (6.24977e-05, -0.01561397, 0.00274897), (-0.004085659, -0.01505815, 0.00274897),
            (0.002331316, -0.008044242, 0.00346404), (0.003273129, -0.011559, 0.00317484), (0.00428313, -0.006887197, 0.00351697),
            (0.00626868, -0.0103262, 0.00317484), (0.008081078, -0.0134654, 0.00274897), (0.00421071, -0.01505815, 0.00274897),
            (0.00626111, -0.005775332, 0.00346404), (0.008834123, -0.008348405, 0.00317484), (0.007372856, -0.003797352, 0.00351697),
            (0.01081198, -0.005782902, 0.00317484), (0.01395112, -0.00759536, 0.00274897), (0.01139569, -0.01090997, 0.00274897),
            (0.008529961, -0.001845479, 0.00346404), (0.01204478, -0.002787292, 0.00317484), (0.008503854, 0.00042329, 0.00351697),
            (0.01247495, 0.000423279, 0.00317484), (0.01609975, 0.00042327, 0.00274897), (0.01554393, -0.003724992, 0.00274897),
            (0.008529961, 0.002692103, 0.00346404), (0.01204478, 0.003633916, 0.00317484), (0.01554393, 0.004571497, 0.00274897),
            (0.01323252, 0.01359331, 0.00240815), (0.01620221, 0.009741544, 0.00240815), (0.009380757, 0.01656293, 0.00240815),
            (0.01031523, 0.01818162, 0.00191796), (0.01455336, 0.01491421, 0.00191796), (0.01782083, 0.01067596, 0.00191796),
            (0.004882991, 0.01841402, 0.00240815), (6.24966e-05, 0.01905977, 0.00240815), (6.24966e-05, 0.0209288, 0.00191802),
            (0.005366504, 0.02021825, 0.00191802), (-0.004758059, 0.01841402, 0.00240815), (-0.009255766, 0.01656293, 0.00240815),
            (-0.01019024, 0.01818162, 0.00191796), (-0.005241513, 0.02021825, 0.00191796), (-0.01310753, 0.01359331, 0.00240815),
            (-0.01607722, 0.009741544, 0.00240815), (-0.01769584, 0.01067596, 0.00191796), (-0.01442837, 0.01491421, 0.00191796),
            (-0.01792824, 0.005243778, 0.00240815), (-0.01857399, 0.000423277, 0.00240815), (-0.02044302, 0.000423285, 0.00191796),
            (-0.01973241, 0.005727291, 0.00191796), (-0.01792824, -0.004397273, 0.00240815), (-0.01607722, -0.008894979, 0.00240815),
            (-0.01769584, -0.009829461, 0.00191796), (-0.01973241, -0.004880726, 0.00191796), (-0.01310753, -0.01274687, 0.00240815),
            (-0.009255766, -0.01571643, 0.00240815), (-0.01019018, -0.01733499, 0.00191796), (-0.01442837, -0.01406759, 0.00191796),
            (-0.004758059, -0.01756745, 0.00240815), (6.24977e-05, -0.01821327, 0.00240815), (6.24977e-05, -0.02008229, 0.00191802),
            (-0.005241513, -0.01937162, 0.00191796), (0.004882991, -0.01756745, 0.00240815), (0.009380757, -0.01571643, 0.00240815),
            (0.01031523, -0.01733499, 0.00191796), (0.005366504, -0.01937162, 0.00191796), (0.01323252, -0.01274687, 0.00240815),
            (0.01620221, -0.008894979, 0.00240815), (0.01782083, -0.009829461, 0.00191796), (0.01455336, -0.01406759, 0.00191796),
            (0.01805323, -0.004397273, 0.00240815), (0.01869899, 0.000423274, 0.00240815), (0.02056807, 0.000423282, 0.00191796),
            (0.01985746, -0.004880726, 0.00191796), (0.01609975, 0.00042327, 0.00274897), (0.01554393, 0.004571497, 0.00274897),
            (0.01805323, 0.005243778, 0.00240815), (0.01869899, 0.000423274, 0.00240815), (0.01395112, 0.008441865, 0.00274897),
            (0.01620221, 0.009741544, 0.00240815), (0.01782083, 0.01067596, 0.00191796), (0.01985746, 0.005727291, 0.00191796),
            (0.02056807, 0.000423282, 0.00191796), (0.02179741, 0.01297193, 0.00055611), (0.01779836, 0.01815915, 0.00055611),
            (0.01839911, 0.01875996, 0.00215864), (0.02253377, 0.01339703, 0.00215864), (0.01261121, 0.02215826, 0.00055611),
            (0.01303631, 0.02289456, 0.00215864), (0.01383823, 0.02428352, 0.00427246), (0.01953262, 0.0198934, 0.0042724),
            (0.0239228, 0.01419895, 0.0042724), (0.006554186, 0.02465099, 0.00055611), (0.006774187, 0.02547162, 0.00215864),
            (6.25072e-05, 0.02552074, 0.00055611), (6.25072e-05, 0.02637088, 0.00215864), (6.2518e-05, 0.02797478, 0.00427246),
            (0.007189095, 0.02701997, 0.00427246), (-0.006429255, 0.02465099, 0.00055611), (-0.006649196, 0.02547162, 0.00215864),
            (-0.01248615, 0.02215826, 0.00055611), (-0.01291126, 0.02289456, 0.00215864), (-0.01371324, 0.02428352, 0.0042724),
            (-0.007064044, 0.02701997, 0.0042724), (-0.01767337, 0.01815915, 0.00055611), (-0.01827412, 0.01875996, 0.00215864),
            (-0.02167242, 0.01297193, 0.00055611), (-0.02240878, 0.01339703, 0.00215864), (-0.02379781, 0.01419895, 0.0042724),
            (-0.01940757, 0.0198934, 0.0042724), (-0.02416521, 0.006914973, 0.00055605), (-0.02498584, 0.007134974, 0.00215864),
            (-0.0250349, 0.000423294, 0.00055605), (-0.0258851, 0.000423297, 0.00215864), (-0.02748894, 0.0004233, 0.0042724),
            (-0.02653414, 0.007549822, 0.0042724), (-0.02416521, -0.006068468, 0.00055605), (-0.02498584, -0.006288409, 0.00215864),
            (-0.02167242, -0.01212543, 0.00055611), (-0.02240878, -0.01255053, 0.00215864), (-0.02379781, -0.01335245, 0.0042724),
            (-0.02653414, -0.006703197, 0.0042724), (-0.01767337, -0.01731258, 0.00055611), (-0.01827412, -0.0179134, 0.00215864),
            (-0.01248615, -0.0213117, 0.00055611), (-0.01291126, -0.02204793, 0.00215864), (-0.01371324, -0.02343702, 0.0042724),
            (-0.01940757, -0.01904684, 0.0042724), (-0.006429255, -0.02380442, 0.00055611), (-0.006649196, -0.02462512, 0.00215864),
            (6.25088e-05, -0.02467411, 0.00055611), (6.25088e-05, -0.02552425, 0.00215864), (6.25197e-05, -0.02712815, 0.0042724),
            (-0.007064044, -0.02617347, 0.0042724), (0.006554186, -0.02380442, 0.00055611), (0.006774187, -0.02462512, 0.00215864),
            (0.01261121, -0.0213117, 0.00055611), (0.01303631, -0.02204793, 0.00215864), (0.01383829, -0.02343702, 0.0042724),
            (0.007189095, -0.02617347, 0.0042724), (0.01779836, -0.01731258, 0.00055611), (0.01839917, -0.0179134, 0.00215864),
            (0.02179741, -0.01212543, 0.00055611), (0.02253377, -0.01255053, 0.00215864), (0.0239228, -0.01335245, 0.0042724),
            (0.01953268, -0.01904684, 0.0042724), (0.0242902, -0.006068468, 0.00055611), (0.0251109, -0.006288409, 0.00215864),
            (0.02515995, 0.000423292, 0.00055611), (0.02601009, 0.000423294, 0.00215864), (0.02761399, 0.000423297, 0.0042724),
            (0.02665925, -0.006703197, 0.0042724), (0.0242902, 0.006914973, 0.00055611), (0.0251109, 0.007134974, 0.00215864),
            (0.02665925, 0.007549822, 0.0042724), (0.003960967, 0.004321753, 0.00361389), (0.002693831, 0.004980981, 0.003613),
            (0.004620194, 0.003054678, 0.003613), (6.24755e-05, 0.000423296, 0.00356716), (0.001489341, 0.005748689, 0.00361389),
            (6.2497e-05, 0.005685985, 0.003613), (-0.00136435, 0.005748689, 0.00361389), (-0.0025689, 0.004980981, 0.003613),
            (-0.003835976, 0.004321753, 0.00361389), (-0.004495203, 0.003054678, 0.003613), (-0.005262911, 0.001850247, 0.00361389),
            (-0.005200326, 0.000423292, 0.003613), (-0.005262911, -0.001003623, 0.00361389), (-0.004495203, -0.002208054, 0.003613),
            (-0.003835976, -0.003475189, 0.00361389), (-0.0025689, -0.004134416, 0.003613), (-0.00136435, -0.004902184, 0.00361389),
            (6.24973e-05, -0.00483942, 0.003613), (0.001489341, -0.004902184, 0.00361389), (0.002693831, -0.004134416, 0.003613),
            (0.003960967, -0.003475189, 0.00361389), (0.004620194, -0.002208054, 0.003613), (0.005387902, -0.001003623, 0.00361389),
            (0.005325198, 0.000423292, 0.003613), (0.005387902, 0.001850247, 0.00361389), (-0.01544159, 0.01592743, 0.00104403),
            (-0.01090717, 0.01942336, 0.00104403), (-0.01893752, 0.01139295, 0.00104403), (-0.01990818, 0.01195335, 0.00025004),
            (-0.01623374, 0.01671952, 0.0002501), (-0.01146757, 0.02039396, 0.0002501), (-0.005612373, 0.02160239, 0.00104403),
            (6.24965e-05, 0.02236258, 0.00104403), (-0.00590229, 0.02268439, 0.0002501), (6.24965e-05, 0.02348351, 0.0002501),
            (0.005737364, 0.02160239, 0.00104403), (0.01103216, 0.01942336, 0.00104403), (0.006027281, 0.02268439, 0.0002501),
            (0.0115925, 0.02039396, 0.0002501), (0.01556658, 0.01592743, 0.00104403), (0.01906251, 0.01139295, 0.00104403),
            (0.01635873, 0.01671952, 0.0002501), (0.02003324, 0.01195335, 0.0002501), (0.01985746, 0.005727291, 0.00191796),
            (0.0212416, 0.006098151, 0.00104403), (0.02200192, 0.000423286, 0.00104403), (0.02232354, 0.006388068, 0.0002501),
            (0.02312266, 0.00042329, 0.0002501), (0.0212416, -0.005251586, 0.00104403), (0.01906251, -0.01054632, 0.00104403),
            (0.02232354, -0.005541503, 0.0002501), (0.02003324, -0.01110672, 0.0002501), (0.01556658, -0.0150808, 0.00104403),
            (0.01103216, -0.0185768, 0.00104403), (0.01635873, -0.01587295, 0.0002501), (0.0115925, -0.01954746, 0.0002501),
            (0.005737364, -0.02075576, 0.00104403), (6.24978e-05, -0.02151608, 0.00104403), (0.006027281, -0.02183783, 0.0002501),
            (6.24978e-05, -0.02263695, 0.0002501), (-0.005612373, -0.02075576, 0.00104403), (-0.01090717, -0.0185768, 0.00104403),
            (-0.00590229, -0.02183783, 0.0002501), (-0.01146757, -0.01954746, 0.0002501), (-0.01544159, -0.0150808, 0.00104403),
            (-0.01893752, -0.01054632, 0.00104403), (-0.01623374, -0.01587295, 0.0002501), (-0.01990818, -0.01110672, 0.00025004),
            (-0.02111661, -0.005251586, 0.00104403), (-0.02187687, 0.000423289, 0.00104403), (-0.02219855, -0.005541503, 0.0002501),
            (-0.02299767, 0.000423293, 0.0002501), (-0.02111661, 0.006098151, 0.00104403), (-0.02219855, 0.006388068, 0.0002501),
            (-0.016891, 0.01737678, 0), (-0.01193261, 0.02119946, 0), (-0.02071362, 0.01241832, 0),
            (-0.02125442, 0.01273053, 1.645e-05), (-0.01733219, 0.01781803, 1.639e-05), (-0.01224482, 0.02174013, 1.645e-05),
            (-0.006142914, 0.02358222, 6e-08), (6.24965e-05, 0.02441358, 6e-08), (-0.006304383, 0.02418494, 1.645e-05),
            (6.25072e-05, 0.02503794, 1.645e-05), (0.006267905, 0.02358222, 6e-08), (0.0120576, 0.02119946, 6e-08),
            (0.006429374, 0.02418494, 1.645e-05), (0.01236981, 0.02174013, 1.645e-05), (0.01701599, 0.01737678, 6e-08),
            (0.02083861, 0.01241832, 6e-08), (0.01745718, 0.01781803, 1.645e-05), (0.02137941, 0.01273053, 1.645e-05),
            (0.02322143, 0.006628692, 6e-08), (0.02405273, 0.000423292, 6e-08), (0.02382415, 0.006790161, 1.645e-05),
            (0.02467709, 0.000423292, 1.645e-05), (0.02322143, -0.005782008, 6e-08), (0.02083867, -0.01157182, 6e-08),
            (0.02382415, -0.005943596, 1.645e-05), (0.02137941, -0.01188403, 1.645e-05), (0.01701599, -0.01653021, 6e-08),
            (0.0120576, -0.0203529, 6e-08), (0.01745718, -0.0169714, 1.645e-05), (0.01236981, -0.02089363, 1.645e-05),
            (0.006267905, -0.02273565, 6e-08), (6.24978e-05, -0.02356702, 6e-08), (0.006429374, -0.02333831, 1.645e-05),
            (6.25088e-05, -0.02419131, 1.645e-05), (-0.006142914, -0.02273565, 0), (-0.01193267, -0.0203529, 0),
            (-0.006304383, -0.02333831, 1.645e-05), (-0.01224482, -0.02089363, 1.645e-05), (-0.016891, -0.01653021, 0),
            (-0.02071362, -0.01157182, 0), (-0.01733219, -0.0169714, 1.639e-05), (-0.02125442, -0.01188403, 1.645e-05),
            (-0.02309638, -0.005782008, 0), (-0.02392774, 0.000423294, 0), (-0.0236991, -0.005943596, 1.639e-05),
            (-0.0245521, 0.000423294, 1.639e-05), (-0.02309644, 0.006628692, 0), (-0.0236991, 0.006790161, 1.639e-05),
            (0.02137941, 0.01273053, 1.645e-05), (0.01745718, 0.01781803, 1.645e-05), (0.01760119, 0.01796191, 2.193e-05),
            (0.02155584, 0.01283246, 2.193e-05), (0.01236981, 0.02174013, 1.645e-05), (0.01247161, 0.02191656, 2.193e-05),
            (0.006429374, 0.02418494, 1.645e-05), (0.006482005, 0.02438157, 2.193e-05), (6.25072e-05, 0.02503794, 1.645e-05),
            (6.25072e-05, 0.02524167, 2.193e-05), (-0.006304383, 0.02418494, 1.645e-05), (-0.006357014, 0.02438157, 2.193e-05),
            (-0.01224482, 0.02174013, 1.645e-05), (-0.01234668, 0.02191656, 2.193e-05), (-0.01733219, 0.01781803, 1.639e-05),
            (-0.0174762, 0.01796191, 2.187e-05), (-0.02125442, 0.01273053, 1.645e-05), (-0.02143085, 0.01283246, 2.187e-05),
            (-0.0236991, 0.006790161, 1.639e-05), (-0.0238958, 0.006842792, 2.187e-05), (-0.0245521, 0.000423294, 1.639e-05),
            (-0.02475589, 0.000423294, 2.187e-05), (-0.0236991, -0.005943596, 1.639e-05), (-0.0238958, -0.005996227, 2.187e-05),
            (-0.02125442, -0.01188403, 1.645e-05), (-0.02143085, -0.01198583, 2.193e-05), (-0.01733219, -0.0169714, 1.639e-05),
            (-0.0174762, -0.01711541, 2.187e-05), (-0.01224482, -0.02089363, 1.645e-05), (-0.01234668, -0.02107006, 2.187e-05),
            (-0.006304383, -0.02333831, 1.645e-05), (-0.006357014, -0.02353507, 2.187e-05), (6.25088e-05, -0.02419131, 1.645e-05),
            (6.25088e-05, -0.0243951, 2.187e-05), (0.006429374, -0.02333831, 1.645e-05), (0.006482124, -0.02353507, 2.193e-05),
            (0.01236981, -0.02089363, 1.645e-05), (0.01247161, -0.02107006, 2.193e-05), (0.01745718, -0.0169714, 1.645e-05),
            (0.01760119, -0.01711541, 2.193e-05), (0.02137941, -0.01188403, 1.645e-05), (0.02155584, -0.01198583, 2.193e-05),
            (0.02382415, -0.005943596, 1.645e-05), (0.02402085, -0.005996227, 2.187e-05), (0.02467709, 0.000423292, 1.645e-05),
            (0.02488088, 0.000423292, 2.187e-05), (0.02382415, 0.006790161, 1.645e-05), (0.02402085, 0.006842792, 2.187e-05),
            (0.01760119, 0.01796191, 2.193e-05), (0.01247161, 0.02191656, 2.193e-05), (0.01261121, 0.02215826, 0.00055611),
            (0.01779836, 0.01815915, 0.00055611), (0.02155584, 0.01283246, 2.193e-05), (0.02179741, 0.01297193, 0.00055611),
            (0.006482005, 0.02438157, 2.193e-05), (6.25072e-05, 0.02524167, 2.193e-05), (6.25072e-05, 0.02552074, 0.00055611),
            (0.006554186, 0.02465099, 0.00055611), (-0.006357014, 0.02438157, 2.193e-05), (-0.01234668, 0.02191656, 2.193e-05),
            (-0.01248615, 0.02215826, 0.00055611), (-0.006429255, 0.02465099, 0.00055611), (-0.0174762, 0.01796191, 2.187e-05),
            (-0.02143085, 0.01283246, 2.187e-05), (-0.02167242, 0.01297193, 0.00055611), (-0.01767337, 0.01815915, 0.00055611),
            (-0.0238958, 0.006842792, 2.187e-05), (-0.02475589, 0.000423294, 2.187e-05), (-0.0250349, 0.000423294, 0.00055605),
            (-0.02416521, 0.006914973, 0.00055605), (-0.0238958, -0.005996227, 2.187e-05), (-0.02143085, -0.01198583, 2.193e-05),
            (-0.02167242, -0.01212543, 0.00055611), (-0.02416521, -0.006068468, 0.00055605), (-0.0174762, -0.01711541, 2.187e-05),
            (-0.01234668, -0.02107006, 2.187e-05), (-0.01248615, -0.0213117, 0.00055611), (-0.01767337, -0.01731258, 0.00055611),
            (-0.006357014, -0.02353507, 2.187e-05), (6.25088e-05, -0.0243951, 2.187e-05), (6.25088e-05, -0.02467411, 0.00055611),
            (-0.006429255, -0.02380442, 0.00055611), (0.006482124, -0.02353507, 2.193e-05), (0.01247161, -0.02107006, 2.193e-05),
            (0.01261121, -0.0213117, 0.00055611), (0.006554186, -0.02380442, 0.00055611), (0.01760119, -0.01711541, 2.193e-05),
            (0.02155584, -0.01198583, 2.193e-05), (0.02179741, -0.01212543, 0.00055611), (0.01779836, -0.01731258, 0.00055611),
            (0.02402085, -0.005996227, 2.187e-05), (0.02488088, 0.000423292, 2.187e-05), (0.02515995, 0.000423292, 0.00055611),
            (0.0242902, -0.006068468, 0.00055611), (0.02402085, 0.006842792, 2.187e-05), (0.0242902, 0.006914973, 0.00055611),
            (0.0232141, 0.01378983, 0.12004237), (0.01895427, 0.01931512, 0.12004237), (0.01895451, 0.0193153, 0.12103914),
            (0.02321434, 0.01379001, 0.12103914), (0.01342898, 0.02357482, 0.12004237), (0.01342922, 0.02357506, 0.12103914),
            (0.01330989, 0.02336847, 0.1217597), (0.01878595, 0.01914674, 0.1217597), (0.02300775, 0.01367068, 0.1217597),
            (0.006977379, 0.02622997, 0.12004237), (0.006977379, 0.02623033, 0.12103914), (6.25181e-05, 0.02715647, 0.12004237),
            (6.25181e-05, 0.02715677, 0.12103914), (6.25181e-05, 0.02691817, 0.1217597), (0.006915748, 0.02600002, 0.1217597),
            (-0.006852269, 0.02622997, 0.12004237), (-0.006852388, 0.02623033, 0.12103908), (-0.01330405, 0.02357482, 0.12004237),
            (-0.01330423, 0.02357506, 0.12103908), (-0.0131849, 0.02336847, 0.12175964), (-0.006790757, 0.02600002, 0.12175964),
            (-0.01882934, 0.01931512, 0.12004237), (-0.01882952, 0.0193153, 0.12103908), (-0.02308911, 0.01378983, 0.12004237),
            (-0.02308928, 0.01379001, 0.12103908), (-0.02288269, 0.01367074, 0.12175964), (-0.01866096, 0.01914674, 0.12175964),
            (-0.02574419, 0.007338166, 0.12004237), (-0.02574443, 0.007338166, 0.12103908), (-0.02667063, 0.000423292, 0.12004237),
            (-0.02667093, 0.00042329, 0.12103908), (-0.02643239, 0.000423292, 0.12175964), (-0.02551424, 0.007276535, 0.12175964),
            (-0.02574419, -0.006491601, 0.12004237), (-0.02574443, -0.006491661, 0.12103908), (-0.02308928, -0.01294338, 0.12103908),
            (-0.02288269, -0.01282411, 0.12175964), (-0.02551424, -0.00642997, 0.12175964), (-0.02308911, -0.01294326, 0.12004237),
            (-0.01882934, -0.01846849, 0.12004237), (-0.01882952, -0.01846873, 0.12103908), (-0.01330405, -0.02272832, 0.12004237),
            (-0.01330423, -0.02272856, 0.12103914), (-0.01318496, -0.02252197, 0.12175964), (-0.01866096, -0.01830017, 0.12175964),
            (-0.006852388, -0.02538347, 0.12004237), (-0.006852388, -0.02538377, 0.12103914), (6.25196e-05, -0.02630984, 0.12004243),
            (6.25196e-05, -0.0263102, 0.12103914), (6.25088e-05, -0.02607154, 0.1217597), (-0.006790757, -0.02515339, 0.1217597),
            (0.006977379, -0.02538347, 0.12004243), (0.006977379, -0.02538377, 0.12103914), (0.01342898, -0.02272832, 0.12004243),
            (0.01342922, -0.02272856, 0.12103914), (0.01330989, -0.02252197, 0.1217597), (0.006915748, -0.02515339, 0.1217597),
            (0.01895427, -0.01846849, 0.12004237), (0.01895451, -0.01846873, 0.12103914), (0.0232141, -0.01294326, 0.12004237),
            (0.02321434, -0.01294338, 0.12103914), (0.02300775, -0.01282411, 0.1217597), (0.01878595, -0.01830017, 0.1217597),
            (0.02586925, -0.006491601, 0.12004237), (0.02586948, -0.006491661, 0.12103914), (0.02679568, 0.000423289, 0.12004237),
            (0.02679598, 0.000423288, 0.12103914), (0.02655744, 0.000423289, 0.1217597), (0.02563923, -0.00642997, 0.1217597),
            (0.02586925, 0.007338166, 0.12004237), (0.02586948, 0.007338166, 0.12103914), (0.02563923, 0.007276535, 0.1217597),
            (0.01828014, 0.01864099, 0.12199991), (0.02238798, 0.01331281, 0.12199991), (0.01295202, 0.02274864, 0.12199991),
            (0.01259577, 0.02213156, 0.1217904), (0.01777654, 0.01813739, 0.1217904), (0.02177077, 0.0129565, 0.1217904),
            (0.006730616, 0.02530914, 0.12199991), (6.25072e-05, 0.02620244, 0.12199991), (6.25072e-05, 0.0254898, 0.1217904),
            (0.006546199, 0.02462112, 0.1217904), (-0.006605625, 0.02530914, 0.12199991), (-0.01282703, 0.02274864, 0.12199991),
            (-0.01247078, 0.02213156, 0.12179034), (-0.006421208, 0.02462112, 0.1217904), (-0.01815515, 0.01864099, 0.12199991),
            (-0.02226293, 0.01331281, 0.12199991), (-0.02164578, 0.0129565, 0.12179034), (-0.01765155, 0.01813739, 0.12179034),
            (-0.0248233, 0.007091403, 0.12199991), (-0.02571672, 0.000423292, 0.12199991), (-0.02500402, 0.000423294, 0.12179034),
            (-0.02413541, 0.006906986, 0.12179034), (-0.0248233, -0.006244838, 0.12199991), (-0.02226293, -0.01246631, 0.12199991),
            (-0.02164578, -0.01210999, 0.12179034), (-0.02413541, -0.006060481, 0.12179034), (-0.01815515, -0.01779443, 0.12199991),
            (-0.01282703, -0.0219022, 0.12199991), (-0.01247078, -0.02128493, 0.1217904), (-0.01765155, -0.01729083, 0.12179034),
            (-0.006605625, -0.02446258, 0.12199991), (6.25088e-05, -0.02535593, 0.12199997), (6.24979e-05, -0.0246433, 0.1217904),
            (-0.006421208, -0.02377462, 0.1217904), (0.006730616, -0.02446258, 0.12199997), (0.01295202, -0.0219022, 0.12199991),
            (0.01259577, -0.02128493, 0.1217904), (0.006546258, -0.02377462, 0.1217904), (0.01828014, -0.01779443, 0.12199991),
            (0.02238798, -0.01246631, 0.12199991), (0.02177077, -0.01210999, 0.1217904), (0.01777654, -0.01729083, 0.1217904),
            (0.02494829, -0.006244838, 0.12199991), (0.02584171, 0.000423289, 0.12199991), (0.02512902, 0.000423292, 0.1217904),
            (0.0242604, -0.006060481, 0.1217904), (0.02494829, 0.007091403, 0.12199991), (0.0242604, 0.006906986, 0.1217904),
            (0.01761448, 0.01797527, 0.12116175), (0.02157217, 0.01284188, 0.12116175), (0.01248109, 0.02193284, 0.12116175),
            (0.01180285, 0.02075821, 0.1205331), (0.01627737, 0.0166381, 0.1205331), (0.02039742, 0.01216357, 0.1205331),
            (0.006486952, 0.02439969, 0.12116175), (6.25072e-05, 0.02526038, 0.12116175), (6.25073e-05, 0.02390402, 0.1205331),
            (0.005997478, 0.02257323, 0.1205331), (-0.006361961, 0.02439969, 0.12116175), (-0.0123561, 0.02193284, 0.12116175),
            (-0.01167786, 0.02075821, 0.1205331), (-0.005872488, 0.02257323, 0.1205331), (-0.01247078, 0.02213156, 0.12179034),
            (-0.01765155, 0.01813739, 0.12179034), (-0.01748949, 0.01797527, 0.12116175), (-0.0123561, 0.02193284, 0.12116175),
            (-0.02164578, 0.0129565, 0.12179034), (-0.02144712, 0.01284188, 0.12116169), (-0.02027243, 0.01216357, 0.1205331),
            (-0.01615238, 0.0166381, 0.1205331), (-0.01167786, 0.02075821, 0.1205331), (-0.02391391, 0.006847739, 0.12116169),
            (-0.02144712, 0.01284188, 0.12116169), (-0.02477473, 0.000423294, 0.12116169), (-0.02341818, 0.000423293, 0.1205331),
            (-0.02208745, 0.006358325, 0.1205331), (-0.02027243, 0.01216357, 0.1205331), (-0.02391391, -0.006001174, 0.12116169),
            (-0.02144712, -0.01199525, 0.12116175), (-0.02027243, -0.01131707, 0.1205331), (-0.02208745, -0.005511701, 0.1205331),
            (-0.01748949, -0.0171287, 0.12116175), (-0.0123561, -0.02108633, 0.12116175), (-0.01167786, -0.01991158, 0.1205331),
            (-0.01615238, -0.01579159, 0.1205331), (-0.006361961, -0.02355319, 0.12116175), (6.24979e-05, -0.02441394, 0.12116175),
            (6.25087e-05, -0.02305746, 0.12053316), (-0.005872488, -0.0217266, 0.12053316), (0.006486952, -0.02355319, 0.12116175),
            (0.01248109, -0.02108639, 0.12116175), (0.01180285, -0.01991158, 0.12053316), (0.005997478, -0.0217266, 0.12053316),
            (0.01761448, -0.0171287, 0.12116175), (0.02157217, -0.01199525, 0.12116175), (0.02039742, -0.01131707, 0.1205331),
            (0.01627737, -0.01579159, 0.12053316), (0.02403897, -0.006001174, 0.12116175), (0.02489972, 0.000423292, 0.12116175),
            (0.02354317, 0.00042329, 0.1205331), (0.02221244, -0.005511701, 0.1205331), (0.02403897, 0.006847739, 0.12116175),
            (0.02221244, 0.006358325, 0.1205331), (-0.02574419, -0.006491601, 0.12004237), (-0.02308911, -0.01294326, 0.12004237),
            (-0.02308928, -0.01294338, 0.12103908), (-0.02574443, -0.006491661, 0.12103908), (0.008596956, 0.01520544, 0.12032359),
            (0.007701039, 0.01365369, 0.12032359), (0.01224881, 0.0126096, 0.12032359), (0.009755969, 0.0172128, 0.12032359),
            (0.004862666, 0.008737385, 0.12032359), (0.007742524, 0.00810337, 0.12032359), (0.008376598, 0.005223453, 0.12032359),
            (0.0132929, 0.008061885, 0.12032359), (0.01484459, 0.008957743, 0.12032359), (0.01685208, 0.01011669, 0.12032359),
            (0.02039742, 0.01216357, 0.1205331), (0.01627737, 0.0166381, 0.1205331), (0.01180285, 0.02075821, 0.1205331),
            (6.25075e-05, 0.01749229, 0.12032359), (6.25076e-05, 0.01570045, 0.12032359), (0.004522979, 0.01707005, 0.12032359),
            (6.25074e-05, 0.01981014, 0.12032359), (6.25078e-05, 0.01002359, 0.12032359), (0.002873539, 0.0109145, 0.12032359),
            (0.005997478, 0.02257323, 0.1205331), (6.25073e-05, 0.02390402, 0.1205331), (-0.008471965, 0.01520544, 0.12032359),
            (-0.007576048, 0.01365369, 0.12032359), (-0.004397988, 0.01707005, 0.12032359), (-0.009630918, 0.0172128, 0.12032359),
            (-0.004737675, 0.008737385, 0.12032359), (-0.002748548, 0.0109145, 0.12032359), (-0.005872488, 0.02257323, 0.1205331),
            (-0.01167786, 0.02075821, 0.1205331), (-0.0147196, 0.008957743, 0.12032353), (-0.01316791, 0.008061885, 0.12032353),
            (-0.01212376, 0.0126096, 0.12032353), (-0.01672703, 0.01011669, 0.12032353), (-0.008251607, 0.005223453, 0.12032353),
            (-0.007617533, 0.00810337, 0.12032359), (-0.01615238, 0.0166381, 0.1205331), (-0.02027243, 0.01216357, 0.1205331),
            (-0.01700645, 0.000423292, 0.12032353), (-0.01521474, 0.000423292, 0.12032353), (-0.01658421, 0.004883766, 0.12032353),
            (-0.01932442, 0.000423292, 0.12032353), (-0.009537816, 0.00042329, 0.12032353), (-0.01042866, 0.003234386, 0.12032353),
            (-0.02208745, 0.006358325, 0.1205331), (-0.02341818, 0.000423293, 0.1205331), (-0.0147196, -0.008111178, 0.12032353),
            (-0.01316791, -0.007215321, 0.12032353), (-0.01658421, -0.004037201, 0.12032353), (-0.01672703, -0.009270191, 0.12032353),
            (-0.008251607, -0.004376888, 0.12032353), (-0.01042866, -0.002387762, 0.12032353), (-0.02208745, -0.005511701, 0.1205331),
            (-0.02027243, -0.01131707, 0.1205331), (-0.008471965, -0.01435881, 0.12032359), (-0.007576048, -0.01280719, 0.12032359),
            (-0.01212382, -0.01176297, 0.12032353), (-0.009630978, -0.0163663, 0.12032359), (-0.004737675, -0.00789082, 0.12032359),
            (-0.007617533, -0.007256746, 0.12032359), (-0.01615238, -0.01579159, 0.1205331), (-0.01167786, -0.01991158, 0.1205331),
            (6.25085e-05, -0.01664566, 0.12032359), (6.25084e-05, -0.01485395, 0.12032359), (-0.004397988, -0.01622349, 0.12032359),
            (6.25086e-05, -0.01896363, 0.12032359), (6.25083e-05, -0.009177029, 0.12032359), (-0.002748548, -0.01006788, 0.12032359),
            (-0.005872488, -0.0217266, 0.12053316), (6.25087e-05, -0.02305746, 0.12053316), (0.008596956, -0.01435881, 0.12032359),
            (0.007701039, -0.01280719, 0.12032359), (0.004522979, -0.01622349, 0.12032359), (0.009755969, -0.0163663, 0.12032359),
            (0.004862666, -0.00789082, 0.12032359), (0.002873539, -0.01006788, 0.12032359), (0.005997478, -0.0217266, 0.12053316),
            (0.01180285, -0.01991158, 0.12053316), (0.01484459, -0.008111178, 0.12032359), (0.0132929, -0.007215321, 0.12032359),
            (0.01224881, -0.01176297, 0.12032359), (0.01685208, -0.009270191, 0.12032359), (0.008376598, -0.004376888, 0.12032359),
            (0.007742524, -0.007256746, 0.12032359), (0.01627737, -0.01579159, 0.12053316), (0.02039742, -0.01131707, 0.1205331),
            (0.01713144, 0.000423289, 0.12032359), (0.01533973, 0.000423289, 0.12032359), (0.01670926, -0.004037201, 0.12032359),
            (0.01944941, 0.000423289, 0.12032359), (0.009662806, 0.00042329, 0.12032359), (0.01055365, -0.002387762, 0.12032359),
            (0.02221244, -0.005511701, 0.1205331), (0.02354317, 0.00042329, 0.1205331), (0.01670926, 0.004883766, 0.12032359),
            (0.01055365, 0.003234386, 0.12032359), (0.02221244, 0.006358325, 0.1205331), (0.004284322, 0.004645109, 0.12032359),
            (0.004998207, 0.003272891, 0.12032359), (0.002912104, 0.005358994, 0.12032359), (6.2508e-05, 0.000423293, 0.12032353),
            (0.001607716, 0.006190419, 0.12032359), (6.25078e-05, 0.006122529, 0.12032359), (-0.001482725, 0.006190419, 0.12032359),
            (-0.002787113, 0.005358994, 0.12032359), (-0.004159331, 0.004645109, 0.12032359), (-0.004873216, 0.003272891, 0.12032353),
            (-0.005704641, 0.001968502, 0.12032353), (-0.005636692, 0.000423288, 0.12032353), (-0.005704641, -0.001121938, 0.12032353),
            (-0.004873216, -0.002426326, 0.12032353), (-0.004159331, -0.003798544, 0.12032359), (-0.002787113, -0.004512429, 0.12032359),
            (-0.001482725, -0.005343854, 0.12032359), (6.25082e-05, -0.005275905, 0.12032359), (0.001607716, -0.005343854, 0.12032359),
            (0.002912104, -0.004512429, 0.12032359), (0.004284322, -0.003798544, 0.12032359), (0.004998207, -0.002426326, 0.12032359),
            (0.005829632, -0.001121938, 0.12032359), (0.005761682, 0.000423288, 0.12032359), (0.005829632, 0.001968502, 0.12032359)
        ]
        texCoord2f[] primvars:st = [
            (0.3409999, 0.7723817), (0.3575924, 0.7436426), (0.2733639, 0.7243029), (0.3409999, 0.7723817),
            (0.2733639, 0.7243029), (0.3195343, 0.8095613), (0.4101641, 0.6525856), (0.3644491, 0.6332178),
            (0.2733639, 0.7243029), (0.4101641, 0.6525856), (0.2733639, 0.7243029), (0.3575924, 0.7436426),
            (0.3450813, 0.5875028), (0.2540243, 0.6400745), (0.2733639, 0.7243029), (0.3450813, 0.5875028),
            (0.2733639, 0.7243029), (0.3644491, 0.6332178), (0.2252851, 0.6566671), (0.1881056, 0.6781326),
            (0.2733639, 0.7243029), (0.2252851, 0.6566671), (0.2733639, 0.7243029), (0.2540243, 0.6400745),
            (0.08667576, 0.7366929), (0.1738248, 0.8238419), (0.2733639, 0.7243029), (0.08667576, 0.7366929),
            (0.2733639, 0.7243029), (0.1881056, 0.6781326), (0.2609739, 0.910991), (0.3195343, 0.8095613),
            (0.2733639, 0.7243029), (0.2609739, 0.910991), (0.2733639, 0.7243029), (0.1738248, 0.8238419),
            (0.4990689, 0.8147361), (0.4990689, 0.781551), (0.4164552, 0.8069167), (0.4990689, 0.8147361),
            (0.4164552, 0.8069167), (0.4990689, 0.8576674), (0.4990688, 0.6764073), (0.4497947, 0.682492),
            (0.4164552, 0.8069167), (0.4990688, 0.6764073), (0.4164552, 0.8069167), (0.4990689, 0.781551),
            (0.4101641, 0.6525856), (0.3575924, 0.7436426), (0.4164552, 0.8069167), (0.4101641, 0.6525856),
            (0.4164552, 0.8069167), (0.4497947, 0.682492), (0.3409999, 0.7723817), (0.3195343, 0.8095613),
            (0.4164552, 0.8069167), (0.3409999, 0.7723817), (0.4164552, 0.8069167), (0.3575924, 0.7436426),
            (0.2609739, 0.910991), (0.3800214, 0.9428897), (0.4164552, 0.8069167), (0.2609739, 0.910991),
            (0.4164552, 0.8069167), (0.3195343, 0.8095613), (0.4990689, 0.9747884), (0.4990689, 0.8576674),
            (0.4164552, 0.8069167), (0.4990689, 0.9747884), (0.4164552, 0.8069167), (0.3800214, 0.9428897),
            (0.6571382, 0.7723817), (0.6405457, 0.7436426), (0.5816828, 0.8069167), (0.6571382, 0.7723817),
            (0.5816828, 0.8069167), (0.6786037, 0.8095613), (0.5879738, 0.6525856), (0.5483433, 0.682492),
            (0.5816828, 0.8069167), (0.5879738, 0.6525856), (0.5816828, 0.8069167), (0.6405457, 0.7436426),
            (0.4990688, 0.6764073), (0.4990689, 0.781551), (0.5816828, 0.8069167), (0.4990688, 0.6764073),
            (0.5816828, 0.8069167), (0.5483433, 0.682492), (0.4990689, 0.8147361), (0.4990689, 0.8576674),
            (0.5816828, 0.8069167), (0.4990689, 0.8147361), (0.5816828, 0.8069167), (0.4990689, 0.781551),
            (0.4990689, 0.9747884), (0.6181164, 0.9428897), (0.5816828, 0.8069167), (0.4990689, 0.9747884),
            (0.5816828, 0.8069167), (0.4990689, 0.8576674), (0.737164, 0.910991), (0.6786037, 0.8095613),
            (0.5816828, 0.8069167), (0.737164, 0.910991), (0.5816828, 0.8069167), (0.6181164, 0.9428897),
            (0.7728528, 0.6566671), (0.7441135, 0.6400745), (0.724774, 0.7243029), (0.7728528, 0.6566671),
            (0.724774, 0.7243029), (0.8100321, 0.6781326), (0.6530567, 0.5875027), (0.6336889, 0.6332178),
            (0.724774, 0.7243029), (0.6530567, 0.5875027), (0.724774, 0.7243029), (0.7441135, 0.6400745),
            (0.5879738, 0.6525856), (0.6405457, 0.7436426), (0.724774, 0.7243029), (0.5879738, 0.6525856),
            (0.724774, 0.7243029), (0.6336889, 0.6332178), (0.6571382, 0.7723817), (0.6786037, 0.8095613),
            (0.724774, 0.7243029), (0.6571382, 0.7723817), (0.724774, 0.7243029), (0.6405457, 0.7436426),
            (0.737164, 0.910991), (0.8243129, 0.8238419), (0.724774, 0.7243029), (0.737164, 0.910991),
            (0.724774, 0.7243029), (0.6786037, 0.8095613), (0.9114618, 0.7366929), (0.8100321, 0.6781326),
            (0.724774, 0.7243029), (0.9114618, 0.7366929), (0.724774, 0.7243029), (0.8243129, 0.8238419),
            (0.8152073, 0.4985981), (0.782022, 0.4985982), (0.8073878, 0.5812118), (0.8152073, 0.4985981),
            (0.8073878, 0.5812118), (0.8581383, 0.4985982), (0.6768787, 0.498598), (0.6829631, 0.5478724),
            (0.8073878, 0.5812118), (0.6768787, 0.498598), (0.8073878, 0.5812118), (0.782022, 0.4985982),
            (0.6530567, 0.5875027), (0.7441135, 0.6400745), (0.8073878, 0.5812118), (0.6530567, 0.5875027),
            (0.8073878, 0.5812118), (0.6829631, 0.5478724), (0.7728528, 0.6566671), (0.8100321, 0.6781326),
            (0.8073878, 0.5812118), (0.7728528, 0.6566671), (0.8073878, 0.5812118), (0.7441135, 0.6400745),
            (0.9114618, 0.7366929), (0.9433606, 0.6176456), (0.8073878, 0.5812118), (0.9114618, 0.7366929),
            (0.8073878, 0.5812118), (0.8100321, 0.6781326), (0.9752593, 0.4985982), (0.8581383, 0.4985982),
            (0.8073878, 0.5812118), (0.9752593, 0.4985982), (0.8073878, 0.5812118), (0.9433606, 0.6176456),
            (0.7728527, 0.3405288), (0.7441135, 0.3571214), (0.8073878, 0.4159843), (0.7728527, 0.3405288),
            (0.8073878, 0.4159843), (0.8100321, 0.3190633), (0.6530566, 0.4096929), (0.6829631, 0.4493237),
            (0.8073878, 0.4159843), (0.6530566, 0.4096929), (0.8073878, 0.4159843), (0.7441135, 0.3571214),
            (0.6768787, 0.498598), (0.782022, 0.4985982), (0.8073878, 0.4159843), (0.6768787, 0.498598),
            (0.8073878, 0.4159843), (0.6829631, 0.4493237), (0.8152073, 0.4985981), (0.8581383, 0.4985982),
            (0.8073878, 0.4159843), (0.8152073, 0.4985981), (0.8073878, 0.4159843), (0.782022, 0.4985982),
            (0.9752593, 0.4985982), (0.9433606, 0.3795505), (0.8073878, 0.4159843), (0.9752593, 0.4985982),
            (0.8073878, 0.4159843), (0.8581383, 0.4985982), (0.9114618, 0.2605028), (0.8100321, 0.3190633),
            (0.8073878, 0.4159843), (0.9114618, 0.2605028), (0.8073878, 0.4159843), (0.9433606, 0.3795505),
            (0.6571382, 0.2248141), (0.6405456, 0.2535533), (0.7247741, 0.2728928), (0.6571382, 0.2248141),
            (0.7247741, 0.2728928), (0.6786038, 0.1876347), (0.5879738, 0.34461), (0.633689, 0.3639779),
            (0.7247741, 0.2728928), (0.5879738, 0.34461), (0.7247741, 0.2728928), (0.6405456, 0.2535533),
            (0.6530566, 0.4096929), (0.7441135, 0.3571214), (0.7247741, 0.2728928), (0.6530566, 0.4096929),
            (0.7247741, 0.2728928), (0.633689, 0.3639779), (0.7728527, 0.3405288), (0.8100321, 0.3190633),
            (0.7247741, 0.2728928), (0.7728527, 0.3405288), (0.7247741, 0.2728928), (0.7441135, 0.3571214),
            (0.9114618, 0.2605028), (0.8243131, 0.1733538), (0.7247741, 0.2728928), (0.9114618, 0.2605028),
            (0.7247741, 0.2728928), (0.8100321, 0.3190633), (0.7371644, 0.08620488), (0.6786038, 0.1876347),
            (0.7247741, 0.2728928), (0.7371644, 0.08620488), (0.7247741, 0.2728928), (0.8243131, 0.1733538),
            (0.4990689, 0.1824598), (0.4990689, 0.215645), (0.5816828, 0.1902791), (0.4990689, 0.1824598),
            (0.5816828, 0.1902791), (0.4990689, 0.1395285), (0.4990688, 0.3207884), (0.5483433, 0.3147038),
            (0.5816828, 0.1902791), (0.4990688, 0.3207884), (0.5816828, 0.1902791), (0.4990689, 0.215645),
            (0.5879738, 0.34461), (0.6405456, 0.2535533), (0.5816828, 0.1902791), (0.5879738, 0.34461),
            (0.5816828, 0.1902791), (0.5483433, 0.3147038), (0.6571382, 0.2248141), (0.6786038, 0.1876347),
            (0.5816828, 0.1902791), (0.6571382, 0.2248141), (0.5816828, 0.1902791), (0.6405456, 0.2535533),
            (0.7371644, 0.08620488), (0.6181166, 0.05430608), (0.5816828, 0.1902791), (0.7371644, 0.08620488),
            (0.5816828, 0.1902791), (0.6786038, 0.1876347), (0.4990689, 0.02240741), (0.4990689, 0.1395285),
            (0.5816828, 0.1902791), (0.4990689, 0.02240741), (0.5816828, 0.1902791), (0.6181166, 0.05430608),
            (0.3409999, 0.2248141), (0.3575925, 0.2535534), (0.4164552, 0.1902792), (0.3409999, 0.2248141),
            (0.4164552, 0.1902792), (0.3195343, 0.1876347), (0.4101641, 0.34461), (0.4497947, 0.314704),
            (0.4164552, 0.1902792), (0.4101641, 0.34461), (0.4164552, 0.1902792), (0.3575925, 0.2535534),
            (0.4990688, 0.3207884), (0.4990689, 0.215645), (0.4164552, 0.1902792), (0.4990688, 0.3207884),
            (0.4164552, 0.1902792), (0.4497947, 0.314704), (0.4990689, 0.1824598), (0.4990689, 0.1395285),
            (0.4164552, 0.1902792), (0.4990689, 0.1824598), (0.4164552, 0.1902792), (0.4990689, 0.215645),
            (0.4990689, 0.02240741), (0.3800214, 0.05430608), (0.4164552, 0.1902792), (0.4990689, 0.02240741),
            (0.4164552, 0.1902792), (0.4990689, 0.1395285), (0.2609739, 0.08620488), (0.3195343, 0.1876347),
            (0.4164552, 0.1902792), (0.2609739, 0.08620488), (0.4164552, 0.1902792), (0.3800214, 0.05430608),
            (0.2252851, 0.3405288), (0.2540243, 0.3571214), (0.2733639, 0.2728929), (0.2252851, 0.3405288),
            (0.2733639, 0.2728929), (0.1881056, 0.3190634), (0.3450813, 0.4096929), (0.3644491, 0.3639779),
            (0.2733639, 0.2728929), (0.3450813, 0.4096929), (0.2733639, 0.2728929), (0.2540243, 0.3571214),
            (0.4101641, 0.34461), (0.3575925, 0.2535534), (0.2733639, 0.2728929), (0.4101641, 0.34461),
            (0.2733639, 0.2728929), (0.3644491, 0.3639779), (0.3409999, 0.2248141), (0.3195343, 0.1876347),
            (0.2733639, 0.2728929), (0.3409999, 0.2248141), (0.2733639, 0.2728929), (0.3575925, 0.2535534),
            (0.2609739, 0.08620488), (0.1738248, 0.1733538), (0.2733639, 0.2728929), (0.2609739, 0.08620488),
            (0.2733639, 0.2728929), (0.3195343, 0.1876347), (0.08667576, 0.2605028), (0.1881056, 0.3190634),
            (0.2733639, 0.2728929), (0.08667576, 0.2605028), (0.2733639, 0.2728929), (0.1738248, 0.1733538),
            (0.1829307, 0.4985982), (0.2161158, 0.4985982), (0.1907501, 0.4159843), (0.1829307, 0.4985982),
            (0.1907501, 0.4159843), (0.1399994, 0.4985982), (0.3212594, 0.498598), (0.3151748, 0.4493237),
            (0.1907501, 0.4159843), (0.3212594, 0.498598), (0.1907501, 0.4159843), (0.2161158, 0.4985982),
            (0.3450813, 0.4096929), (0.2540243, 0.3571214), (0.1907501, 0.4159843), (0.3450813, 0.4096929),
            (0.1907501, 0.4159843), (0.3151748, 0.4493237), (0.2252851, 0.3405288), (0.1881056, 0.3190634),
            (0.1907501, 0.4159843), (0.2252851, 0.3405288), (0.1907501, 0.4159843), (0.2540243, 0.3571214),
            (0.08667576, 0.2605028), (0.05477702, 0.3795505), (0.1907501, 0.4159843), (0.08667576, 0.2605028),
            (0.1907501, 0.4159843), (0.1881056, 0.3190634), (0.02287834, 0.4985982), (0.1399994, 0.4985982),
            (0.1907501, 0.4159843), (0.02287834, 0.4985982), (0.1907501, 0.4159843), (0.05477702, 0.3795505),
            (0.2252851, 0.6566671), (0.2540243, 0.6400745), (0.1907501, 0.5812118), (0.2252851, 0.6566671),
            (0.1907501, 0.5812118), (0.1881056, 0.6781326), (0.3450813, 0.5875028), (0.3151748, 0.5478724),
            (0.1907501, 0.5812118), (0.3450813, 0.5875028), (0.1907501, 0.5812118), (0.2540243, 0.6400745),
            (0.3212594, 0.498598), (0.2161158, 0.4985982), (0.1907501, 0.5812118), (0.3212594, 0.498598),
            (0.1907501, 0.5812118), (0.3151748, 0.5478724), (0.1829307, 0.4985982), (0.1399994, 0.4985982),
            (0.1907501, 0.5812118), (0.1829307, 0.4985982), (0.1907501, 0.5812118), (0.2161158, 0.4985982),
            (0.02287834, 0.4985982), (0.05477702, 0.6176456), (0.1907501, 0.5812118), (0.02287834, 0.4985982),
            (0.1907501, 0.5812118), (0.1399994, 0.4985982), (0.08667576, 0.7366929), (0.1881056, 0.6781326),
            (0.1907501, 0.5812118), (0.08667576, 0.7366929), (0.1907501, 0.5812118), (0.05477702, 0.6176456),
            (0.3450813, 0.5875028), (0.3644491, 0.6332178), (0.4208753, 0.5767917), (0.3450813, 0.5875028),
            (0.4208753, 0.5767917), (0.4156373, 0.5467674), (0.4101641, 0.6525856), (0.4508997, 0.5820296),
            (0.4208753, 0.5767917), (0.4101641, 0.6525856), (0.4208753, 0.5767917), (0.3644491, 0.6332178),
            (0.499069, 0.4985982), (0.4156373, 0.5467674), (0.4208753, 0.5767917), (0.499069, 0.4985982),
            (0.4208753, 0.5767917), (0.4508997, 0.5820296), (0.4101641, 0.6525856), (0.4497947, 0.682492),
            (0.4704481, 0.6054124), (0.4101641, 0.6525856), (0.4704481, 0.6054124), (0.4508997, 0.5820296),
            (0.4990688, 0.6764073), (0.4990689, 0.5949364), (0.4704481, 0.6054124), (0.4990688, 0.6764073),
            (0.4704481, 0.6054124), (0.4497947, 0.682492), (0.499069, 0.4985982), (0.4508997, 0.5820296),
            (0.4704481, 0.6054124), (0.499069, 0.4985982), (0.4704481, 0.6054124), (0.4990689, 0.5949364),
            (0.4990688, 0.6764073), (0.5483433, 0.682492), (0.5276898, 0.6054124), (0.4990688, 0.6764073),
            (0.5276898, 0.6054124), (0.4990689, 0.5949364), (0.5879738, 0.6525856), (0.5472383, 0.5820296),
            (0.5276898, 0.6054124), (0.5879738, 0.6525856), (0.5276898, 0.6054124), (0.5483433, 0.682492),
            (0.499069, 0.4985982), (0.4990689, 0.5949364), (0.5276898, 0.6054124), (0.499069, 0.4985982),
            (0.5276898, 0.6054124), (0.5472383, 0.5820296), (0.5879738, 0.6525856), (0.6336889, 0.6332178),
            (0.5772626, 0.5767917), (0.5879738, 0.6525856), (0.5772626, 0.5767917), (0.5472383, 0.5820296),
            (0.6530567, 0.5875027), (0.5825006, 0.5467674), (0.5772626, 0.5767917), (0.6530567, 0.5875027),
            (0.5772626, 0.5767917), (0.6336889, 0.6332178), (0.499069, 0.4985982), (0.5472383, 0.5820296),
            (0.5772626, 0.5767917), (0.499069, 0.4985982), (0.5772626, 0.5767917), (0.5825006, 0.5467674),
            (0.6530567, 0.5875027), (0.6829631, 0.5478724), (0.6058835, 0.5272189), (0.6530567, 0.5875027),
            (0.6058835, 0.5272189), (0.5825006, 0.5467674), (0.6768787, 0.498598), (0.5954075, 0.4985981),
            (0.6058835, 0.5272189), (0.6768787, 0.498598), (0.6058835, 0.5272189), (0.6829631, 0.5478724),
            (0.499069, 0.4985982), (0.5825006, 0.5467674), (0.6058835, 0.5272189), (0.499069, 0.4985982),
            (0.6058835, 0.5272189), (0.5954075, 0.4985981), (0.6768787, 0.498598), (0.6829631, 0.4493237),
            (0.6058835, 0.4699772), (0.6768787, 0.498598), (0.6058835, 0.4699772), (0.5954075, 0.4985981),
            (0.6530566, 0.4096929), (0.5825006, 0.4504287), (0.6058835, 0.4699772), (0.6530566, 0.4096929),
            (0.6058835, 0.4699772), (0.6829631, 0.4493237), (0.499069, 0.4985982), (0.5954075, 0.4985981),
            (0.6058835, 0.4699772), (0.499069, 0.4985982), (0.6058835, 0.4699772), (0.5825006, 0.4504287),
            (0.6530566, 0.4096929), (0.633689, 0.3639779), (0.5772626, 0.4204042), (0.6530566, 0.4096929),
            (0.5772626, 0.4204042), (0.5825006, 0.4504287), (0.5879738, 0.34461), (0.5472383, 0.4151664),
            (0.5772626, 0.4204042), (0.5879738, 0.34461), (0.5772626, 0.4204042), (0.633689, 0.3639779),
            (0.499069, 0.4985982), (0.5825006, 0.4504287), (0.5772626, 0.4204042), (0.499069, 0.4985982),
            (0.5772626, 0.4204042), (0.5472383, 0.4151664), (0.5879738, 0.34461), (0.5483433, 0.3147038),
            (0.5276898, 0.3917836), (0.5879738, 0.34461), (0.5276898, 0.3917836), (0.5472383, 0.4151664),
            (0.4990688, 0.3207884), (0.4990689, 0.4022597), (0.5276898, 0.3917836), (0.4990688, 0.3207884),
            (0.5276898, 0.3917836), (0.5483433, 0.3147038), (0.499069, 0.4985982), (0.5472383, 0.4151664),
            (0.5276898, 0.3917836), (0.499069, 0.4985982), (0.5276898, 0.3917836), (0.4990689, 0.4022597),
            (0.4990688, 0.3207884), (0.4497947, 0.314704), (0.4704481, 0.3917836), (0.4990688, 0.3207884),
            (0.4704481, 0.3917836), (0.4990689, 0.4022597), (0.4101641, 0.34461), (0.4508997, 0.4151664),
            (0.4704481, 0.3917836), (0.4101641, 0.34461), (0.4704481, 0.3917836), (0.4497947, 0.314704),
            (0.499069, 0.4985982), (0.4990689, 0.4022597), (0.4704481, 0.3917836), (0.499069, 0.4985982),
            (0.4704481, 0.3917836), (0.4508997, 0.4151664), (0.4101641, 0.34461), (0.3644491, 0.3639779),
            (0.4208753, 0.4204042), (0.4101641, 0.34461), (0.4208753, 0.4204042), (0.4508997, 0.4151664),
            (0.3450813, 0.4096929), (0.4156373, 0.4504287), (0.4208753, 0.4204042), (0.3450813, 0.4096929),
            (0.4208753, 0.4204042), (0.3644491, 0.3639779), (0.499069, 0.4985982), (0.4508997, 0.4151664),
            (0.4208753, 0.4204042), (0.499069, 0.4985982), (0.4208753, 0.4204042), (0.4156373, 0.4504287),
            (0.3450813, 0.4096929), (0.3151748, 0.4493237), (0.3922545, 0.4699772), (0.3450813, 0.4096929),
            (0.3922545, 0.4699772), (0.4156373, 0.4504287), (0.3212594, 0.498598), (0.4027305, 0.4985981),
            (0.3922545, 0.4699772), (0.3212594, 0.498598), (0.3922545, 0.4699772), (0.3151748, 0.4493237),
            (0.499069, 0.4985982), (0.4156373, 0.4504287), (0.3922545, 0.4699772), (0.499069, 0.4985982),
            (0.3922545, 0.4699772), (0.4027305, 0.4985981), (0.3212594, 0.498598), (0.3151748, 0.5478724),
            (0.3922545, 0.5272189), (0.3212594, 0.498598), (0.3922545, 0.5272189), (0.4027305, 0.4985981),
            (0.3450813, 0.5875028), (0.4156373, 0.5467674), (0.3922545, 0.5272189), (0.3450813, 0.5875028),
            (0.3922545, 0.5272189), (0.3151748, 0.5478724), (0.499069, 0.4985982), (0.4027305, 0.4985981),
            (0.3922545, 0.5272189), (0.499069, 0.4985982), (0.3922545, 0.5272189), (0.4156373, 0.5467674)
        ] (
            interpolation = "faceVarying"
        )
        uniform token subdivisionScheme = "none"
        float3[] extent = [(-0.03303748, -0.03267663, 0), (0.03316247, 0.03352326, 0.12199997)]
        rel material:binding = </sevenup_can_visual/materials/mat_6>
    }

    def Scope "materials"
    {
        def Material "mat_0"
        {
            token outputs:surface.connect = </sevenup_can_visual/materials/mat_0/PreviewSurface.outputs:surface>

            def Shader "PreviewSurface"
            {
                uniform token info:id = "UsdPreviewSurface"
                color3f inputs:diffuseColor.connect = </sevenup_can_visual/materials/mat_0/Texture.outputs:rgb>
                float inputs:roughness = 0.45
                float inputs:metallic = 0.0
                token outputs:surface
            }

            def Shader "Texture"
            {
                uniform token info:id = "UsdUVTexture"
                asset inputs:file = @./Pepsi1.001_baseColor.png@
                float2 inputs:st.connect = </sevenup_can_visual/materials/mat_0/Primvar.outputs:result>
                token inputs:wrapS = "repeat"
                token inputs:wrapT = "repeat"
                color3f outputs:rgb
            }

            def Shader "Primvar"
            {
                uniform token info:id = "UsdPrimvarReader_float2"
                token inputs:varname = "st"
                float2 outputs:result
            }
        }
        def Material "mat_1"
        {
            token outputs:surface.connect = </sevenup_can_visual/materials/mat_1/PreviewSurface.outputs:surface>

            def Shader "PreviewSurface"
            {
                uniform token info:id = "UsdPreviewSurface"
                color3f inputs:diffuseColor.connect = </sevenup_can_visual/materials/mat_1/Texture.outputs:rgb>
                float inputs:roughness = 0.45
                float inputs:metallic = 0.0
                token outputs:surface
            }

            def Shader "Texture"
            {
                uniform token info:id = "UsdUVTexture"
                asset inputs:file = @./Image_0.001.jpg@
                float2 inputs:st.connect = </sevenup_can_visual/materials/mat_1/Primvar.outputs:result>
                token inputs:wrapS = "repeat"
                token inputs:wrapT = "repeat"
                color3f outputs:rgb
            }

            def Shader "Primvar"
            {
                uniform token info:id = "UsdPrimvarReader_float2"
                token inputs:varname = "st"
                float2 outputs:result
            }
        }
        def Material "mat_2"
        {
            token outputs:surface.connect = </sevenup_can_visual/materials/mat_2/PreviewSurface.outputs:surface>

            def Shader "PreviewSurface"
            {
                uniform token info:id = "UsdPreviewSurface"
                color3f inputs:diffuseColor.connect = </sevenup_can_visual/materials/mat_2/Texture.outputs:rgb>
                float inputs:roughness = 0.45
                float inputs:metallic = 0.0
                token outputs:surface
            }

            def Shader "Texture"
            {
                uniform token info:id = "UsdUVTexture"
                asset inputs:file = @./Image_1.001.jpg@
                float2 inputs:st.connect = </sevenup_can_visual/materials/mat_2/Primvar.outputs:result>
                token inputs:wrapS = "repeat"
                token inputs:wrapT = "repeat"
                color3f outputs:rgb
            }

            def Shader "Primvar"
            {
                uniform token info:id = "UsdPrimvarReader_float2"
                token inputs:varname = "st"
                float2 outputs:result
            }
        }
        def Material "mat_3"
        {
            token outputs:surface.connect = </sevenup_can_visual/materials/mat_3/PreviewSurface.outputs:surface>

            def Shader "PreviewSurface"
            {
                uniform token info:id = "UsdPreviewSurface"
                color3f inputs:diffuseColor.connect = </sevenup_can_visual/materials/mat_3/Texture.outputs:rgb>
                float inputs:roughness = 0.45
                float inputs:metallic = 0.0
                token outputs:surface
            }

            def Shader "Texture"
            {
                uniform token info:id = "UsdUVTexture"
                asset inputs:file = @./Image_0.001.jpg@
                float2 inputs:st.connect = </sevenup_can_visual/materials/mat_3/Primvar.outputs:result>
                token inputs:wrapS = "repeat"
                token inputs:wrapT = "repeat"
                color3f outputs:rgb
            }

            def Shader "Primvar"
            {
                uniform token info:id = "UsdPrimvarReader_float2"
                token inputs:varname = "st"
                float2 outputs:result
            }
        }
        def Material "mat_4"
        {
            token outputs:surface.connect = </sevenup_can_visual/materials/mat_4/PreviewSurface.outputs:surface>

            def Shader "PreviewSurface"
            {
                uniform token info:id = "UsdPreviewSurface"
                color3f inputs:diffuseColor.connect = </sevenup_can_visual/materials/mat_4/Texture.outputs:rgb>
                float inputs:roughness = 0.45
                float inputs:metallic = 0.0
                token outputs:surface
            }

            def Shader "Texture"
            {
                uniform token info:id = "UsdUVTexture"
                asset inputs:file = @./Image_0.001.jpg@
                float2 inputs:st.connect = </sevenup_can_visual/materials/mat_4/Primvar.outputs:result>
                token inputs:wrapS = "repeat"
                token inputs:wrapT = "repeat"
                color3f outputs:rgb
            }

            def Shader "Primvar"
            {
                uniform token info:id = "UsdPrimvarReader_float2"
                token inputs:varname = "st"
                float2 outputs:result
            }
        }
        def Material "mat_5"
        {
            token outputs:surface.connect = </sevenup_can_visual/materials/mat_5/PreviewSurface.outputs:surface>

            def Shader "PreviewSurface"
            {
                uniform token info:id = "UsdPreviewSurface"
                color3f inputs:diffuseColor.connect = </sevenup_can_visual/materials/mat_5/Texture.outputs:rgb>
                float inputs:roughness = 0.45
                float inputs:metallic = 0.0
                token outputs:surface
            }

            def Shader "Texture"
            {
                uniform token info:id = "UsdUVTexture"
                asset inputs:file = @./Image_0.001.jpg@
                float2 inputs:st.connect = </sevenup_can_visual/materials/mat_5/Primvar.outputs:result>
                token inputs:wrapS = "repeat"
                token inputs:wrapT = "repeat"
                color3f outputs:rgb
            }

            def Shader "Primvar"
            {
                uniform token info:id = "UsdPrimvarReader_float2"
                token inputs:varname = "st"
                float2 outputs:result
            }
        }
        def Material "mat_6"
        {
            token outputs:surface.connect = </sevenup_can_visual/materials/mat_6/PreviewSurface.outputs:surface>

            def Shader "PreviewSurface"
            {
                uniform token info:id = "UsdPreviewSurface"
                color3f inputs:diffuseColor.connect = </sevenup_can_visual/materials/mat_6/Texture.outputs:rgb>
                float inputs:roughness = 0.45
                float inputs:metallic = 0.0
                token outputs:surface
            }

            def Shader "Texture"
            {
                uniform token info:id = "UsdUVTexture"
                asset inputs:file = @./Image_3.001.jpg@
                float2 inputs:st.connect = </sevenup_can_visual/materials/mat_6/Primvar.outputs:result>
                token inputs:wrapS = "repeat"
                token inputs:wrapT = "repeat"
                color3f outputs:rgb
            }

            def Shader "Primvar"
            {
                uniform token info:id = "UsdPrimvarReader_float2"
                token inputs:varname = "st"
                float2 outputs:result
            }
        }
    }
}
